,leaf,stem,reward,contingency,date,session,trial
0,1,A,1,805020202050,20201124,2,0
1,3,B,0,805020202050,20201124,2,1
2,2,A,1,805020202050,20201124,2,2
3,1,A,1,805020202050,20201124,2,3
4,4,B,0,805020202050,20201124,2,4
5,3,B,0,805020202050,20201124,2,5
6,6,C,0,805020202050,20201124,2,6
7,5,C,0,805020202050,20201124,2,7
8,2,A,1,805020202050,20201124,2,8
9,1,A,1,805020202050,20201124,2,9
10,2,A,0,805020202050,20201124,2,10
11,5,C,0,805020202050,20201124,2,11
12,6,C,0,805020202050,20201124,2,12
13,3,B,0,805020202050,20201124,2,13
14,4,B,0,805020202050,20201124,2,14
15,1,A,1,805020202050,20201124,2,15
16,2,A,1,805020202050,20201124,2,16
17,1,A,1,805020202050,20201124,2,17
18,2,A,1,805020202050,20201124,2,18
19,1,A,1,805020202050,20201124,2,19
20,2,A,1,805020202050,20201124,2,20
21,1,A,0,805020202050,20201124,2,21
22,2,A,1,805020202050,20201124,2,22
23,1,A,1,805020202050,20201124,2,23
24,2,A,0,805020202050,20201124,2,24
25,1,A,1,805020202050,20201124,2,25
26,2,A,1,805020202050,20201124,2,26
27,1,A,1,805020202050,20201124,2,27
28,2,A,1,805020202050,20201124,2,28
29,1,A,1,805020202050,20201124,2,29
30,2,A,0,805020202050,20201124,2,30
31,1,A,0,805020202050,20201124,2,31
32,2,A,1,805020202050,20201124,2,32
33,1,A,1,805020202050,20201124,2,33
34,2,A,0,805020202050,20201124,2,34
35,1,A,0,805020202050,20201124,2,35
36,2,A,1,805020202050,20201124,2,36
37,1,A,1,805020202050,20201124,2,37
38,2,A,1,805020202050,20201124,2,38
39,1,A,1,805020202050,20201124,2,39
40,2,A,1,805020202050,20201124,2,40
41,1,A,1,805020202050,20201124,2,41
42,2,A,1,805020202050,20201124,2,42
43,1,A,1,805020202050,20201124,2,43
44,2,A,0,805020202050,20201124,2,44
45,4,B,0,805020202050,20201124,2,45
46,3,B,1,805020202050,20201124,2,46
47,4,B,0,805020202050,20201124,2,47
48,6,C,0,805020202050,20201124,2,48
49,5,C,0,805020202050,20201124,2,49
50,6,C,0,805020202050,20201124,2,50
51,2,A,1,805020202050,20201124,2,51
52,1,A,1,805020202050,20201124,2,52
53,2,A,1,805020202050,20201124,2,53
54,1,A,1,805020202050,20201124,2,54
55,2,A,1,805020202050,20201124,2,55
56,1,A,1,805020202050,20201124,2,56
57,2,A,1,805020202050,20201124,2,57
58,1,A,1,805020202050,20201124,2,58
59,2,A,0,805020202050,20201124,2,59
60,4,B,1,202050205080,20201124,2,60
61,3,B,0,202050205080,20201124,2,61
62,4,B,0,202050205080,20201124,2,62
63,3,B,1,202050205080,20201124,2,63
64,2,A,0,202050205080,20201124,2,64
65,1,A,0,202050205080,20201124,2,65
66,2,A,0,202050205080,20201124,2,66
67,1,A,0,202050205080,20201124,2,67
68,2,A,0,202050205080,20201124,2,68
69,1,A,1,202050205080,20201124,2,69
70,2,A,0,202050205080,20201124,2,70
71,6,C,0,202050205080,20201124,2,71
72,5,C,0,202050205080,20201124,2,72
73,3,B,0,202050205080,20201124,2,73
74,4,B,0,202050205080,20201124,2,74
75,1,A,1,202050205080,20201124,2,75
76,2,A,0,202050205080,20201124,2,76
77,1,A,0,202050205080,20201124,2,77
78,2,A,0,202050205080,20201124,2,78
79,1,A,0,202050205080,20201124,2,79
80,4,B,0,202050205080,20201124,2,80
81,3,B,0,202050205080,20201124,2,81
82,1,A,0,202050205080,20201124,2,82
83,2,A,1,202050205080,20201124,2,83
84,1,A,0,202050205080,20201124,2,84
85,6,C,0,202050205080,20201124,2,85
86,5,C,1,202050205080,20201124,2,86
87,2,A,1,202050205080,20201124,2,87
88,1,A,1,202050205080,20201124,2,88
89,2,A,0,202050205080,20201124,2,89
90,4,B,0,202050205080,20201124,2,90
91,3,B,1,202050205080,20201124,2,91
92,2,A,1,202050205080,20201124,2,92
93,1,A,0,202050205080,20201124,2,93
94,2,A,0,202050205080,20201124,2,94
95,1,A,0,202050205080,20201124,2,95
96,2,A,1,202050205080,20201124,2,96
97,1,A,0,202050205080,20201124,2,97
98,2,A,0,202050205080,20201124,2,98
99,1,A,1,202050205080,20201124,2,99
100,2,A,1,202050205080,20201124,2,100
101,1,A,0,202050205080,20201124,2,101
102,2,A,0,202050205080,20201124,2,102
103,1,A,0,202050205080,20201124,2,103
104,2,A,1,202050205080,20201124,2,104
105,1,A,0,202050205080,20201124,2,105
106,2,A,0,202050205080,20201124,2,106
107,6,C,1,202050205080,20201124,2,107
108,5,C,0,202050205080,20201124,2,108
109,6,C,1,202050205080,20201124,2,109
110,5,C,0,202050205080,20201124,2,110
111,3,B,1,202050205080,20201124,2,111
112,4,B,0,202050205080,20201124,2,112
113,3,B,1,202050205080,20201124,2,113
114,4,B,0,202050205080,20201124,2,114
115,3,B,0,202050205080,20201124,2,115
116,4,B,1,202050205080,20201124,2,116
117,3,B,1,202050205080,20201124,2,117
118,4,B,0,202050205080,20201124,2,118
119,3,B,0,202050205080,20201124,2,119
120,4,B,1,208050802020,20201124,2,120
121,3,B,0,208050802020,20201124,2,121
122,4,B,1,208050802020,20201124,2,122
123,3,B,1,208050802020,20201124,2,123
124,4,B,1,208050802020,20201124,2,124
125,3,B,0,208050802020,20201124,2,125
126,4,B,1,208050802020,20201124,2,126
127,3,B,1,208050802020,20201124,2,127
128,4,B,1,208050802020,20201124,2,128
129,3,B,0,208050802020,20201124,2,129
130,4,B,1,208050802020,20201124,2,130
131,3,B,0,208050802020,20201124,2,131
132,4,B,1,208050802020,20201124,2,132
133,3,B,1,208050802020,20201124,2,133
134,4,B,1,208050802020,20201124,2,134
135,3,B,1,208050802020,20201124,2,135
136,4,B,1,208050802020,20201124,2,136
137,3,B,0,208050802020,20201124,2,137
138,4,B,1,208050802020,20201124,2,138
139,3,B,0,208050802020,20201124,2,139
140,4,B,1,208050802020,20201124,2,140
141,3,B,0,208050802020,20201124,2,141
142,4,B,1,208050802020,20201124,2,142
143,3,B,0,208050802020,20201124,2,143
144,4,B,0,208050802020,20201124,2,144
145,5,C,0,208050802020,20201124,2,145
146,6,C,0,208050802020,20201124,2,146
147,2,A,1,208050802020,20201124,2,147
148,1,A,1,208050802020,20201124,2,148
149,2,A,1,208050802020,20201124,2,149
150,3,B,1,208050802020,20201124,2,150
151,4,B,1,208050802020,20201124,2,151
152,3,B,0,208050802020,20201124,2,152
153,4,B,1,208050802020,20201124,2,153
154,3,B,0,208050802020,20201124,2,154
155,4,B,1,208050802020,20201124,2,155
156,3,B,0,208050802020,20201124,2,156
157,4,B,1,208050802020,20201124,2,157
158,3,B,0,208050802020,20201124,2,158
159,4,B,0,208050802020,20201124,2,159
160,2,A,1,208050802020,20201124,2,160
161,1,A,0,208050802020,20201124,2,161
162,2,A,1,208050802020,20201124,2,162
163,1,A,0,208050802020,20201124,2,163
164,2,A,1,208050802020,20201124,2,164
165,4,B,1,208050802020,20201124,2,165
166,3,B,1,208050802020,20201124,2,166
167,4,B,0,208050802020,20201124,2,167
168,3,B,0,208050802020,20201124,2,168
169,4,B,0,208050802020,20201124,2,169
170,5,C,0,208050802020,20201124,2,170
171,6,C,0,208050802020,20201124,2,171
172,5,C,1,208050802020,20201124,2,172
173,6,C,0,208050802020,20201124,2,173
174,3,B,0,208050802020,20201124,2,174
175,4,B,1,208050802020,20201124,2,175
176,3,B,1,208050802020,20201124,2,176
177,4,B,1,208050802020,20201124,2,177
178,3,B,0,208050802020,20201124,2,178
179,4,B,1,208050802020,20201124,2,179
180,1,A,0,502020805080,20201124,4,0
181,3,B,0,502020805080,20201124,4,1
182,4,B,1,502020805080,20201124,4,2
183,5,C,0,502020805080,20201124,4,3
184,6,C,1,502020805080,20201124,4,4
185,4,B,1,502020805080,20201124,4,5
186,3,B,0,502020805080,20201124,4,6
187,4,B,1,502020805080,20201124,4,7
188,5,C,0,502020805080,20201124,4,8
189,6,C,1,502020805080,20201124,4,9
190,2,A,0,502020805080,20201124,4,10
191,1,A,0,502020805080,20201124,4,11
192,5,C,0,502020805080,20201124,4,12
193,6,C,0,502020805080,20201124,4,13
194,4,B,1,502020805080,20201124,4,14
195,3,B,0,502020805080,20201124,4,15
196,4,B,1,502020805080,20201124,4,16
197,6,C,1,502020805080,20201124,4,17
198,5,C,0,502020805080,20201124,4,18
199,6,C,1,502020805080,20201124,4,19
200,5,C,0,502020805080,20201124,4,20
201,6,C,1,502020805080,20201124,4,21
202,5,C,0,502020805080,20201124,4,22
203,6,C,0,502020805080,20201124,4,23
204,4,B,1,502020805080,20201124,4,24
205,3,B,0,502020805080,20201124,4,25
206,4,B,1,502020805080,20201124,4,26
207,6,C,1,502020805080,20201124,4,27
208,5,C,1,502020805080,20201124,4,28
209,6,C,1,502020805080,20201124,4,29
210,5,C,1,502020805080,20201124,4,30
211,6,C,1,502020805080,20201124,4,31
212,5,C,1,502020805080,20201124,4,32
213,6,C,1,502020805080,20201124,4,33
214,5,C,0,502020805080,20201124,4,34
215,6,C,0,502020805080,20201124,4,35
216,4,B,1,502020805080,20201124,4,36
217,6,C,1,502020805080,20201124,4,37
218,5,C,0,502020805080,20201124,4,38
219,6,C,1,502020805080,20201124,4,39
220,5,C,0,502020805080,20201124,4,40
221,6,C,1,502020805080,20201124,4,41
222,4,B,1,502020805080,20201124,4,42
223,3,B,0,502020805080,20201124,4,43
224,4,B,1,502020805080,20201124,4,44
225,6,C,1,502020805080,20201124,4,45
226,5,C,0,502020805080,20201124,4,46
227,6,C,1,502020805080,20201124,4,47
228,4,B,1,502020805080,20201124,4,48
229,6,C,1,502020805080,20201124,4,49
230,5,C,0,502020805080,20201124,4,50
231,6,C,1,502020805080,20201124,4,51
232,5,C,0,502020805080,20201124,4,52
233,6,C,1,502020805080,20201124,4,53
234,4,B,1,502020805080,20201124,4,54
235,6,C,1,502020805080,20201124,4,55
236,5,C,0,502020805080,20201124,4,56
237,6,C,1,502020805080,20201124,4,57
238,4,B,1,502020805080,20201124,4,58
239,6,C,1,502020805080,20201124,4,59
240,5,C,1,505050202020,20201124,4,60
241,6,C,0,505050202020,20201124,4,61
242,4,B,0,505050202020,20201124,4,62
243,2,A,1,505050202020,20201124,4,63
244,1,A,1,505050202020,20201124,4,64
245,6,C,0,505050202020,20201124,4,65
246,5,C,0,505050202020,20201124,4,66
247,6,C,1,505050202020,20201124,4,67
248,5,C,0,505050202020,20201124,4,68
249,6,C,0,505050202020,20201124,4,69
250,4,B,0,505050202020,20201124,4,70
251,3,B,0,505050202020,20201124,4,71
252,4,B,1,505050202020,20201124,4,72
253,6,C,0,505050202020,20201124,4,73
254,5,C,0,505050202020,20201124,4,74
255,6,C,0,505050202020,20201124,4,75
256,2,A,0,505050202020,20201124,4,76
257,4,B,0,505050202020,20201124,4,77
258,5,C,0,505050202020,20201124,4,78
259,6,C,0,505050202020,20201124,4,79
260,5,C,0,505050202020,20201124,4,80
261,6,C,0,505050202020,20201124,4,81
262,5,C,0,505050202020,20201124,4,82
263,4,B,0,505050202020,20201124,4,83
264,2,A,1,505050202020,20201124,4,84
265,1,A,1,505050202020,20201124,4,85
266,2,A,1,505050202020,20201124,4,86
267,6,C,0,505050202020,20201124,4,87
268,5,C,0,505050202020,20201124,4,88
269,6,C,0,505050202020,20201124,4,89
270,4,B,1,505050202020,20201124,4,90
271,3,B,1,505050202020,20201124,4,91
272,4,B,0,505050202020,20201124,4,92
273,2,A,0,505050202020,20201124,4,93
274,1,A,1,505050202020,20201124,4,94
275,2,A,1,505050202020,20201124,4,95
276,5,C,0,505050202020,20201124,4,96
277,6,C,1,505050202020,20201124,4,97
278,5,C,0,505050202020,20201124,4,98
279,4,B,0,505050202020,20201124,4,99
280,3,B,0,505050202020,20201124,4,100
281,4,B,0,505050202020,20201124,4,101
282,2,A,0,505050202020,20201124,4,102
283,1,A,0,505050202020,20201124,4,103
284,2,A,1,505050202020,20201124,4,104
285,4,B,0,505050202020,20201124,4,105
286,3,B,1,505050202020,20201124,4,106
287,4,B,0,505050202020,20201124,4,107
288,6,C,1,505050202020,20201124,4,108
289,5,C,0,505050202020,20201124,4,109
290,6,C,1,505050202020,20201124,4,110
291,5,C,0,505050202020,20201124,4,111
292,6,C,0,505050202020,20201124,4,112
293,2,A,0,505050202020,20201124,4,113
294,1,A,0,505050202020,20201124,4,114
295,2,A,1,505050202020,20201124,4,115
296,4,B,0,505050202020,20201124,4,116
297,3,B,0,505050202020,20201124,4,117
298,4,B,0,505050202020,20201124,4,118
299,6,C,0,505050202020,20201124,4,119
300,5,C,1,205080502020,20201124,4,120
301,6,C,0,205080502020,20201124,4,121
302,4,B,1,205080502020,20201124,4,122
303,3,B,1,205080502020,20201124,4,123
304,4,B,0,205080502020,20201124,4,124
305,2,A,0,205080502020,20201124,4,125
306,1,A,1,205080502020,20201124,4,126
307,2,A,0,205080502020,20201124,4,127
308,6,C,1,205080502020,20201124,4,128
309,5,C,0,205080502020,20201124,4,129
310,6,C,1,205080502020,20201124,4,130
311,4,B,1,205080502020,20201124,4,131
312,3,B,1,205080502020,20201124,4,132
313,4,B,1,205080502020,20201124,4,133
314,3,B,0,205080502020,20201124,4,134
315,4,B,1,205080502020,20201124,4,135
316,3,B,1,205080502020,20201124,4,136
317,4,B,0,205080502020,20201124,4,137
318,3,B,1,205080502020,20201124,4,138
319,4,B,0,205080502020,20201124,4,139
320,3,B,0,205080502020,20201124,4,140
321,2,A,1,205080502020,20201124,4,141
322,1,A,0,205080502020,20201124,4,142
323,2,A,1,205080502020,20201124,4,143
324,4,B,1,205080502020,20201124,4,144
325,3,B,0,205080502020,20201124,4,145
326,4,B,1,205080502020,20201124,4,146
327,2,A,1,205080502020,20201124,4,147
328,1,A,1,205080502020,20201124,4,148
329,2,A,0,205080502020,20201124,4,149
330,6,C,0,205080502020,20201124,4,150
331,5,C,0,205080502020,20201124,4,151
332,6,C,0,205080502020,20201124,4,152
333,4,B,0,205080502020,20201124,4,153
334,3,B,1,205080502020,20201124,4,154
335,4,B,1,205080502020,20201124,4,155
336,3,B,0,205080502020,20201124,4,156
337,4,B,0,205080502020,20201124,4,157
338,2,A,0,205080502020,20201124,4,158
339,1,A,0,205080502020,20201124,4,159
340,2,A,1,205080502020,20201124,4,160
341,6,C,1,205080502020,20201124,4,161
342,5,C,1,205080502020,20201124,4,162
343,6,C,0,205080502020,20201124,4,163
344,4,B,0,205080502020,20201124,4,164
345,3,B,1,205080502020,20201124,4,165
346,4,B,1,205080502020,20201124,4,166
347,3,B,1,205080502020,20201124,4,167
348,4,B,0,205080502020,20201124,4,168
349,3,B,1,205080502020,20201124,4,169
350,4,B,1,205080502020,20201124,4,170
351,3,B,1,205080502020,20201124,4,171
352,4,B,1,205080502020,20201124,4,172
353,3,B,1,205080502020,20201124,4,173
354,4,B,1,205080502020,20201124,4,174
355,3,B,1,205080502020,20201124,4,175
356,4,B,1,205080502020,20201124,4,176
357,3,B,1,205080502020,20201124,4,177
358,4,B,1,205080502020,20201124,4,178
359,3,B,0,205080502020,20201124,4,179
360,2,A,0,202080502080,20201124,5,0
361,1,A,0,202080502080,20201124,5,1
362,6,C,1,202080502080,20201124,5,2
363,5,C,1,202080502080,20201124,5,3
364,4,B,0,202080502080,20201124,5,4
365,3,B,1,202080502080,20201124,5,5
366,4,B,0,202080502080,20201124,5,6
367,2,A,0,202080502080,20201124,5,7
368,1,A,0,202080502080,20201124,5,8
369,5,C,0,202080502080,20201124,5,9
370,6,C,1,202080502080,20201124,5,10
371,4,B,1,202080502080,20201124,5,11
372,3,B,1,202080502080,20201124,5,12
373,4,B,1,202080502080,20201124,5,13
374,3,B,1,202080502080,20201124,5,14
375,4,B,1,202080502080,20201124,5,15
376,3,B,1,202080502080,20201124,5,16
377,4,B,1,202080502080,20201124,5,17
378,3,B,0,202080502080,20201124,5,18
379,4,B,0,202080502080,20201124,5,19
380,5,C,0,202080502080,20201124,5,20
381,6,C,0,202080502080,20201124,5,21
382,2,A,0,202080502080,20201124,5,22
383,1,A,1,202080502080,20201124,5,23
384,2,A,1,202080502080,20201124,5,24
385,4,B,0,202080502080,20201124,5,25
386,3,B,1,202080502080,20201124,5,26
387,4,B,0,202080502080,20201124,5,27
388,3,B,1,202080502080,20201124,5,28
389,4,B,0,202080502080,20201124,5,29
390,3,B,0,202080502080,20201124,5,30
391,6,C,0,202080502080,20201124,5,31
392,5,C,0,202080502080,20201124,5,32
393,3,B,1,202080502080,20201124,5,33
394,4,B,0,202080502080,20201124,5,34
395,3,B,1,202080502080,20201124,5,35
396,4,B,1,202080502080,20201124,5,36
397,3,B,1,202080502080,20201124,5,37
398,4,B,0,202080502080,20201124,5,38
399,3,B,1,202080502080,20201124,5,39
400,4,B,0,202080502080,20201124,5,40
401,3,B,1,202080502080,20201124,5,41
402,4,B,0,202080502080,20201124,5,42
403,3,B,1,202080502080,20201124,5,43
404,4,B,0,202080502080,20201124,5,44
405,3,B,1,202080502080,20201124,5,45
406,4,B,1,202080502080,20201124,5,46
407,3,B,1,202080502080,20201124,5,47
408,4,B,0,202080502080,20201124,5,48
409,3,B,0,202080502080,20201124,5,49
410,4,B,1,202080502080,20201124,5,50
411,3,B,0,202080502080,20201124,5,51
412,4,B,1,202080502080,20201124,5,52
413,3,B,1,202080502080,20201124,5,53
414,4,B,0,202080502080,20201124,5,54
415,3,B,1,202080502080,20201124,5,55
416,4,B,0,202080502080,20201124,5,56
417,3,B,1,202080502080,20201124,5,57
418,4,B,0,202080502080,20201124,5,58
419,3,B,1,202080502080,20201124,5,59
420,4,B,0,805020502020,20201124,5,60
421,3,B,0,805020502020,20201124,5,61
422,4,B,0,805020502020,20201124,5,62
423,3,B,0,805020502020,20201124,5,63
424,2,A,1,805020502020,20201124,5,64
425,1,A,1,805020502020,20201124,5,65
426,2,A,0,805020502020,20201124,5,66
427,4,B,1,805020502020,20201124,5,67
428,3,B,0,805020502020,20201124,5,68
429,4,B,0,805020502020,20201124,5,69
430,3,B,0,805020502020,20201124,5,70
431,4,B,1,805020502020,20201124,5,71
432,3,B,0,805020502020,20201124,5,72
433,4,B,0,805020502020,20201124,5,73
434,6,C,0,805020502020,20201124,5,74
435,5,C,0,805020502020,20201124,5,75
436,3,B,0,805020502020,20201124,5,76
437,4,B,0,805020502020,20201124,5,77
438,2,A,0,805020502020,20201124,5,78
439,1,A,1,805020502020,20201124,5,79
440,2,A,1,805020502020,20201124,5,80
441,1,A,1,805020502020,20201124,5,81
442,2,A,0,805020502020,20201124,5,82
443,1,A,1,805020502020,20201124,5,83
444,2,A,1,805020502020,20201124,5,84
445,1,A,1,805020502020,20201124,5,85
446,2,A,1,805020502020,20201124,5,86
447,1,A,1,805020502020,20201124,5,87
448,2,A,1,805020502020,20201124,5,88
449,1,A,1,805020502020,20201124,5,89
450,2,A,1,805020502020,20201124,5,90
451,1,A,0,805020502020,20201124,5,91
452,2,A,1,805020502020,20201124,5,92
453,1,A,1,805020502020,20201124,5,93
454,2,A,1,805020502020,20201124,5,94
455,1,A,0,805020502020,20201124,5,95
456,2,A,1,805020502020,20201124,5,96
457,3,B,0,805020502020,20201124,5,97
458,4,B,0,805020502020,20201124,5,98
459,3,B,0,805020502020,20201124,5,99
460,4,B,1,805020502020,20201124,5,100
461,3,B,1,805020502020,20201124,5,101
462,4,B,1,805020502020,20201124,5,102
463,3,B,0,805020502020,20201124,5,103
464,4,B,0,805020502020,20201124,5,104
465,6,C,0,805020502020,20201124,5,105
466,5,C,0,805020502020,20201124,5,106
467,2,A,0,805020502020,20201124,5,107
468,1,A,1,805020502020,20201124,5,108
469,2,A,0,805020502020,20201124,5,109
470,1,A,1,805020502020,20201124,5,110
471,2,A,1,805020502020,20201124,5,111
472,1,A,1,805020502020,20201124,5,112
473,2,A,0,805020502020,20201124,5,113
474,3,B,0,805020502020,20201124,5,114
475,4,B,0,805020502020,20201124,5,115
476,3,B,1,805020502020,20201124,5,116
477,4,B,0,805020502020,20201124,5,117
478,3,B,0,805020502020,20201124,5,118
479,2,A,0,805020502020,20201124,5,119
480,1,A,0,205020508050,20201124,5,120
481,2,A,1,205020508050,20201124,5,121
482,1,A,0,205020508050,20201124,5,122
483,2,A,1,205020508050,20201124,5,123
484,1,A,0,205020508050,20201124,5,124
485,2,A,1,205020508050,20201124,5,125
486,1,A,0,205020508050,20201124,5,126
487,2,A,0,205020508050,20201124,5,127
488,6,C,0,205020508050,20201124,5,128
489,5,C,1,205020508050,20201124,5,129
490,3,B,0,205020508050,20201124,5,130
491,4,B,0,205020508050,20201124,5,131
492,3,B,0,205020508050,20201124,5,132
493,4,B,0,205020508050,20201124,5,133
494,3,B,0,205020508050,20201124,5,134
495,4,B,0,205020508050,20201124,5,135
496,2,A,1,205020508050,20201124,5,136
497,1,A,0,205020508050,20201124,5,137
498,2,A,0,205020508050,20201124,5,138
499,1,A,1,205020508050,20201124,5,139
500,2,A,0,205020508050,20201124,5,140
501,1,A,0,205020508050,20201124,5,141
502,2,A,1,205020508050,20201124,5,142
503,6,C,0,205020508050,20201124,5,143
504,5,C,1,205020508050,20201124,5,144
505,6,C,0,205020508050,20201124,5,145
506,4,B,1,205020508050,20201124,5,146
507,3,B,0,205020508050,20201124,5,147
508,4,B,0,205020508050,20201124,5,148
509,3,B,0,205020508050,20201124,5,149
510,4,B,1,205020508050,20201124,5,150
511,3,B,0,205020508050,20201124,5,151
512,4,B,0,205020508050,20201124,5,152
513,3,B,1,205020508050,20201124,5,153
514,4,B,0,205020508050,20201124,5,154
515,2,A,0,205020508050,20201124,5,155
516,1,A,0,205020508050,20201124,5,156
517,2,A,0,205020508050,20201124,5,157
518,1,A,0,205020508050,20201124,5,158
519,2,A,1,205020508050,20201124,5,159
520,1,A,0,205020508050,20201124,5,160
521,2,A,1,205020508050,20201124,5,161
522,6,C,1,205020508050,20201124,5,162
523,5,C,1,205020508050,20201124,5,163
524,6,C,0,205020508050,20201124,5,164
525,5,C,1,205020508050,20201124,5,165
526,6,C,1,205020508050,20201124,5,166
527,5,C,0,205020508050,20201124,5,167
528,2,A,1,205020508050,20201124,5,168
529,1,A,0,205020508050,20201124,5,169
530,2,A,1,205020508050,20201124,5,170
531,1,A,1,205020508050,20201124,5,171
532,2,A,1,205020508050,20201124,5,172
533,4,B,1,205020508050,20201124,5,173
534,3,B,0,205020508050,20201124,5,174
535,4,B,1,205020508050,20201124,5,175
536,3,B,0,205020508050,20201124,5,176
537,4,B,1,205020508050,20201124,5,177
538,2,A,1,205020508050,20201124,5,178
539,1,A,1,205020508050,20201124,5,179
540,3,B,0,508050208020,20201125,1,0
541,4,B,1,508050208020,20201125,1,1
542,6,C,0,508050208020,20201125,1,2
543,5,C,1,508050208020,20201125,1,3
544,2,A,1,508050208020,20201125,1,4
545,1,A,0,508050208020,20201125,1,5
546,2,A,1,508050208020,20201125,1,6
547,3,B,1,508050208020,20201125,1,7
548,4,B,1,508050208020,20201125,1,8
549,3,B,1,508050208020,20201125,1,9
550,4,B,0,508050208020,20201125,1,10
551,3,B,1,508050208020,20201125,1,11
552,6,C,0,508050208020,20201125,1,12
553,5,C,1,508050208020,20201125,1,13
554,2,A,1,508050208020,20201125,1,14
555,1,A,0,508050208020,20201125,1,15
556,2,A,0,508050208020,20201125,1,16
557,4,B,0,508050208020,20201125,1,17
558,3,B,1,508050208020,20201125,1,18
559,4,B,0,508050208020,20201125,1,19
560,3,B,1,508050208020,20201125,1,20
561,5,C,1,508050208020,20201125,1,21
562,6,C,1,508050208020,20201125,1,22
563,5,C,1,508050208020,20201125,1,23
564,6,C,0,508050208020,20201125,1,24
565,5,C,0,508050208020,20201125,1,25
566,2,A,1,508050208020,20201125,1,26
567,1,A,1,508050208020,20201125,1,27
568,2,A,1,508050208020,20201125,1,28
569,3,B,1,508050208020,20201125,1,29
570,4,B,0,508050208020,20201125,1,30
571,3,B,0,508050208020,20201125,1,31
572,4,B,0,508050208020,20201125,1,32
573,3,B,0,508050208020,20201125,1,33
574,5,C,1,508050208020,20201125,1,34
575,6,C,1,508050208020,20201125,1,35
576,5,C,1,508050208020,20201125,1,36
577,6,C,0,508050208020,20201125,1,37
578,2,A,1,508050208020,20201125,1,38
579,1,A,0,508050208020,20201125,1,39
580,2,A,1,508050208020,20201125,1,40
581,3,B,0,508050208020,20201125,1,41
582,4,B,0,508050208020,20201125,1,42
583,3,B,1,508050208020,20201125,1,43
584,2,A,1,508050208020,20201125,1,44
585,1,A,0,508050208020,20201125,1,45
586,2,A,1,508050208020,20201125,1,46
587,5,C,1,508050208020,20201125,1,47
588,6,C,1,508050208020,20201125,1,48
589,5,C,1,508050208020,20201125,1,49
590,4,B,0,508050208020,20201125,1,50
591,3,B,1,508050208020,20201125,1,51
592,4,B,0,508050208020,20201125,1,52
593,3,B,1,508050208020,20201125,1,53
594,2,A,0,508050208020,20201125,1,54
595,1,A,0,508050208020,20201125,1,55
596,2,A,1,508050208020,20201125,1,56
597,5,C,1,508050208020,20201125,1,57
598,6,C,0,508050208020,20201125,1,58
599,5,C,1,508050208020,20201125,1,59
600,6,C,1,502050802080,20201125,1,60
601,5,C,1,502050802080,20201125,1,61
602,6,C,1,502050802080,20201125,1,62
603,5,C,0,502050802080,20201125,1,63
604,3,B,1,502050802080,20201125,1,64
605,4,B,1,502050802080,20201125,1,65
606,3,B,0,502050802080,20201125,1,66
607,4,B,1,502050802080,20201125,1,67
608,3,B,0,502050802080,20201125,1,68
609,4,B,1,502050802080,20201125,1,69
610,3,B,0,502050802080,20201125,1,70
611,4,B,1,502050802080,20201125,1,71
612,2,A,1,502050802080,20201125,1,72
613,1,A,0,502050802080,20201125,1,73
614,2,A,0,502050802080,20201125,1,74
615,5,C,0,502050802080,20201125,1,75
616,6,C,0,502050802080,20201125,1,76
617,3,B,1,502050802080,20201125,1,77
618,4,B,0,502050802080,20201125,1,78
619,3,B,1,502050802080,20201125,1,79
620,4,B,0,502050802080,20201125,1,80
621,3,B,0,502050802080,20201125,1,81
622,4,B,0,502050802080,20201125,1,82
623,3,B,0,502050802080,20201125,1,83
624,4,B,1,502050802080,20201125,1,84
625,2,A,1,502050802080,20201125,1,85
626,1,A,1,502050802080,20201125,1,86
627,2,A,0,502050802080,20201125,1,87
628,3,B,0,502050802080,20201125,1,88
629,4,B,1,502050802080,20201125,1,89
630,3,B,1,502050802080,20201125,1,90
631,4,B,1,502050802080,20201125,1,91
632,3,B,0,502050802080,20201125,1,92
633,4,B,1,502050802080,20201125,1,93
634,3,B,1,502050802080,20201125,1,94
635,4,B,1,502050802080,20201125,1,95
636,3,B,1,502050802080,20201125,1,96
637,4,B,1,502050802080,20201125,1,97
638,3,B,1,502050802080,20201125,1,98
639,4,B,1,502050802080,20201125,1,99
640,3,B,1,502050802080,20201125,1,100
641,4,B,0,502050802080,20201125,1,101
642,3,B,1,502050802080,20201125,1,102
643,4,B,1,502050802080,20201125,1,103
644,3,B,1,502050802080,20201125,1,104
645,4,B,0,502050802080,20201125,1,105
646,3,B,0,502050802080,20201125,1,106
647,4,B,1,502050802080,20201125,1,107
648,3,B,0,502050802080,20201125,1,108
649,4,B,1,502050802080,20201125,1,109
650,3,B,0,502050802080,20201125,1,110
651,4,B,0,502050802080,20201125,1,111
652,3,B,1,502050802080,20201125,1,112
653,4,B,1,502050802080,20201125,1,113
654,3,B,0,502050802080,20201125,1,114
655,4,B,1,502050802080,20201125,1,115
656,3,B,1,502050802080,20201125,1,116
657,4,B,1,502050802080,20201125,1,117
658,3,B,1,502050802080,20201125,1,118
659,4,B,1,502050802080,20201125,1,119
660,3,B,0,802050202020,20201125,1,120
661,4,B,0,802050202020,20201125,1,121
662,3,B,0,802050202020,20201125,1,122
663,4,B,0,802050202020,20201125,1,123
664,3,B,0,802050202020,20201125,1,124
665,4,B,0,802050202020,20201125,1,125
666,6,C,0,802050202020,20201125,1,126
667,5,C,0,802050202020,20201125,1,127
668,2,A,0,802050202020,20201125,1,128
669,1,A,1,802050202020,20201125,1,129
670,2,A,0,802050202020,20201125,1,130
671,4,B,0,802050202020,20201125,1,131
672,3,B,1,802050202020,20201125,1,132
673,4,B,0,802050202020,20201125,1,133
674,3,B,1,802050202020,20201125,1,134
675,4,B,0,802050202020,20201125,1,135
676,3,B,1,802050202020,20201125,1,136
677,4,B,0,802050202020,20201125,1,137
678,3,B,1,802050202020,20201125,1,138
679,4,B,0,802050202020,20201125,1,139
680,3,B,0,802050202020,20201125,1,140
681,4,B,0,802050202020,20201125,1,141
682,3,B,0,802050202020,20201125,1,142
683,5,C,0,802050202020,20201125,1,143
684,6,C,1,802050202020,20201125,1,144
685,5,C,1,802050202020,20201125,1,145
686,6,C,1,802050202020,20201125,1,146
687,5,C,0,802050202020,20201125,1,147
688,6,C,0,802050202020,20201125,1,148
689,3,B,0,802050202020,20201125,1,149
690,4,B,0,802050202020,20201125,1,150
691,3,B,1,802050202020,20201125,1,151
692,4,B,0,802050202020,20201125,1,152
693,3,B,1,802050202020,20201125,1,153
694,4,B,0,802050202020,20201125,1,154
695,3,B,1,802050202020,20201125,1,155
696,4,B,0,802050202020,20201125,1,156
697,3,B,1,802050202020,20201125,1,157
698,4,B,1,802050202020,20201125,1,158
699,3,B,1,802050202020,20201125,1,159
700,4,B,0,802050202020,20201125,1,160
701,3,B,0,802050202020,20201125,1,161
702,4,B,0,802050202020,20201125,1,162
703,3,B,0,802050202020,20201125,1,163
704,6,C,0,802050202020,20201125,1,164
705,5,C,0,802050202020,20201125,1,165
706,6,C,1,802050202020,20201125,1,166
707,5,C,0,802050202020,20201125,1,167
708,6,C,0,802050202020,20201125,1,168
709,3,B,1,802050202020,20201125,1,169
710,4,B,0,802050202020,20201125,1,170
711,3,B,0,802050202020,20201125,1,171
712,4,B,0,802050202020,20201125,1,172
713,3,B,0,802050202020,20201125,1,173
714,4,B,0,802050202020,20201125,1,174
715,2,A,1,802050202020,20201125,1,175
716,1,A,1,802050202020,20201125,1,176
717,2,A,0,802050202020,20201125,1,177
718,6,C,0,802050202020,20201125,1,178
719,5,C,1,802050202020,20201125,1,179
720,1,A,0,202020505080,20201125,2,0
721,2,A,0,202020505080,20201125,2,1
722,4,B,0,202020505080,20201125,2,2
723,3,B,0,202020505080,20201125,2,3
724,6,C,1,202020505080,20201125,2,4
725,5,C,1,202020505080,20201125,2,5
726,3,B,0,202020505080,20201125,2,6
727,4,B,1,202020505080,20201125,2,7
728,3,B,0,202020505080,20201125,2,8
729,2,A,0,202020505080,20201125,2,9
730,1,A,0,202020505080,20201125,2,10
731,2,A,0,202020505080,20201125,2,11
732,6,C,0,202020505080,20201125,2,12
733,5,C,0,202020505080,20201125,2,13
734,6,C,1,202020505080,20201125,2,14
735,4,B,0,202020505080,20201125,2,15
736,3,B,0,202020505080,20201125,2,16
737,1,A,0,202020505080,20201125,2,17
738,2,A,0,202020505080,20201125,2,18
739,5,C,0,202020505080,20201125,2,19
740,6,C,1,202020505080,20201125,2,20
741,5,C,1,202020505080,20201125,2,21
742,6,C,1,202020505080,20201125,2,22
743,5,C,0,202020505080,20201125,2,23
744,6,C,1,202020505080,20201125,2,24
745,5,C,1,202020505080,20201125,2,25
746,6,C,1,202020505080,20201125,2,26
747,5,C,1,202020505080,20201125,2,27
748,6,C,0,202020505080,20201125,2,28
749,5,C,1,202020505080,20201125,2,29
750,6,C,1,202020505080,20201125,2,30
751,5,C,1,202020505080,20201125,2,31
752,6,C,0,202020505080,20201125,2,32
753,5,C,0,202020505080,20201125,2,33
754,3,B,0,202020505080,20201125,2,34
755,4,B,1,202020505080,20201125,2,35
756,3,B,0,202020505080,20201125,2,36
757,4,B,0,202020505080,20201125,2,37
758,2,A,0,202020505080,20201125,2,38
759,1,A,0,202020505080,20201125,2,39
760,2,A,1,202020505080,20201125,2,40
761,6,C,0,202020505080,20201125,2,41
762,5,C,1,202020505080,20201125,2,42
763,6,C,1,202020505080,20201125,2,43
764,5,C,1,202020505080,20201125,2,44
765,6,C,1,202020505080,20201125,2,45
766,5,C,0,202020505080,20201125,2,46
767,6,C,1,202020505080,20201125,2,47
768,5,C,0,202020505080,20201125,2,48
769,6,C,0,202020505080,20201125,2,49
770,4,B,0,202020505080,20201125,2,50
771,3,B,0,202020505080,20201125,2,51
772,4,B,0,202020505080,20201125,2,52
773,2,A,0,202020505080,20201125,2,53
774,1,A,0,202020505080,20201125,2,54
775,2,A,1,202020505080,20201125,2,55
776,6,C,1,202020505080,20201125,2,56
777,5,C,0,202020505080,20201125,2,57
778,6,C,1,202020505080,20201125,2,58
779,5,C,1,202020505080,20201125,2,59
780,6,C,1,502080502020,20201125,2,60
781,5,C,0,502080502020,20201125,2,61
782,6,C,0,502080502020,20201125,2,62
783,4,B,1,502080502020,20201125,2,63
784,3,B,0,502080502020,20201125,2,64
785,4,B,0,502080502020,20201125,2,65
786,1,A,1,502080502020,20201125,2,66
787,2,A,0,502080502020,20201125,2,67
788,1,A,1,502080502020,20201125,2,68
789,2,A,0,502080502020,20201125,2,69
790,1,A,1,502080502020,20201125,2,70
791,6,C,0,502080502020,20201125,2,71
792,5,C,1,502080502020,20201125,2,72
793,6,C,0,502080502020,20201125,2,73
794,4,B,0,502080502020,20201125,2,74
795,3,B,1,502080502020,20201125,2,75
796,4,B,0,502080502020,20201125,2,76
797,3,B,1,502080502020,20201125,2,77
798,4,B,0,502080502020,20201125,2,78
799,3,B,1,502080502020,20201125,2,79
800,4,B,0,502080502020,20201125,2,80
801,3,B,0,502080502020,20201125,2,81
802,6,C,0,502080502020,20201125,2,82
803,5,C,0,502080502020,20201125,2,83
804,6,C,0,502080502020,20201125,2,84
805,5,C,0,502080502020,20201125,2,85
806,6,C,1,502080502020,20201125,2,86
807,5,C,0,502080502020,20201125,2,87
808,6,C,1,502080502020,20201125,2,88
809,5,C,1,502080502020,20201125,2,89
810,6,C,0,502080502020,20201125,2,90
811,5,C,0,502080502020,20201125,2,91
812,6,C,0,502080502020,20201125,2,92
813,2,A,0,502080502020,20201125,2,93
814,1,A,0,502080502020,20201125,2,94
815,2,A,0,502080502020,20201125,2,95
816,4,B,0,502080502020,20201125,2,96
817,3,B,1,502080502020,20201125,2,97
818,4,B,1,502080502020,20201125,2,98
819,3,B,1,502080502020,20201125,2,99
820,4,B,0,502080502020,20201125,2,100
821,3,B,1,502080502020,20201125,2,101
822,4,B,1,502080502020,20201125,2,102
823,3,B,1,502080502020,20201125,2,103
824,4,B,1,502080502020,20201125,2,104
825,3,B,1,502080502020,20201125,2,105
826,4,B,1,502080502020,20201125,2,106
827,3,B,1,502080502020,20201125,2,107
828,4,B,0,502080502020,20201125,2,108
829,3,B,1,502080502020,20201125,2,109
830,4,B,1,502080502020,20201125,2,110
831,3,B,1,502080502020,20201125,2,111
832,4,B,0,502080502020,20201125,2,112
833,3,B,1,502080502020,20201125,2,113
834,4,B,0,502080502020,20201125,2,114
835,3,B,1,502080502020,20201125,2,115
836,4,B,1,502080502020,20201125,2,116
837,3,B,0,502080502020,20201125,2,117
838,4,B,1,502080502020,20201125,2,118
839,3,B,1,502080502020,20201125,2,119
840,4,B,0,208020208050,20201125,2,120
841,3,B,0,208020208050,20201125,2,121
842,4,B,0,208020208050,20201125,2,122
843,3,B,0,208020208050,20201125,2,123
844,4,B,0,208020208050,20201125,2,124
845,3,B,0,208020208050,20201125,2,125
846,4,B,0,208020208050,20201125,2,126
847,3,B,1,208020208050,20201125,2,127
848,4,B,0,208020208050,20201125,2,128
849,3,B,1,208020208050,20201125,2,129
850,4,B,1,208020208050,20201125,2,130
851,3,B,0,208020208050,20201125,2,131
852,4,B,0,208020208050,20201125,2,132
853,3,B,0,208020208050,20201125,2,133
854,4,B,0,208020208050,20201125,2,134
855,3,B,0,208020208050,20201125,2,135
856,6,C,1,208020208050,20201125,2,136
857,5,C,1,208020208050,20201125,2,137
858,6,C,0,208020208050,20201125,2,138
859,5,C,1,208020208050,20201125,2,139
860,6,C,0,208020208050,20201125,2,140
861,5,C,1,208020208050,20201125,2,141
862,6,C,0,208020208050,20201125,2,142
863,5,C,1,208020208050,20201125,2,143
864,6,C,1,208020208050,20201125,2,144
865,5,C,1,208020208050,20201125,2,145
866,6,C,0,208020208050,20201125,2,146
867,5,C,1,208020208050,20201125,2,147
868,6,C,1,208020208050,20201125,2,148
869,5,C,0,208020208050,20201125,2,149
870,6,C,0,208020208050,20201125,2,150
871,5,C,1,208020208050,20201125,2,151
872,6,C,0,208020208050,20201125,2,152
873,5,C,1,208020208050,20201125,2,153
874,6,C,1,208020208050,20201125,2,154
875,5,C,1,208020208050,20201125,2,155
876,6,C,0,208020208050,20201125,2,156
877,5,C,1,208020208050,20201125,2,157
878,6,C,0,208020208050,20201125,2,158
879,5,C,1,208020208050,20201125,2,159
880,6,C,0,208020208050,20201125,2,160
881,5,C,1,208020208050,20201125,2,161
882,6,C,0,208020208050,20201125,2,162
883,5,C,1,208020208050,20201125,2,163
884,6,C,0,208020208050,20201125,2,164
885,5,C,1,208020208050,20201125,2,165
886,2,A,0,208020208050,20201125,2,166
887,1,A,0,208020208050,20201125,2,167
888,2,A,1,208020208050,20201125,2,168
889,1,A,0,208020208050,20201125,2,169
890,2,A,1,208020208050,20201125,2,170
891,3,B,0,208020208050,20201125,2,171
892,4,B,0,208020208050,20201125,2,172
893,3,B,0,208020208050,20201125,2,173
894,4,B,1,208020208050,20201125,2,174
895,3,B,0,208020208050,20201125,2,175
896,4,B,0,208020208050,20201125,2,176
897,3,B,0,208020208050,20201125,2,177
898,4,B,0,208020208050,20201125,2,178
899,3,B,0,208020208050,20201125,2,179
900,4,B,1,502020808050,20201125,3,0
901,3,B,0,502020808050,20201125,3,1
902,6,C,0,502020808050,20201125,3,2
903,5,C,1,502020808050,20201125,3,3
904,2,A,0,502020808050,20201125,3,4
905,1,A,1,502020808050,20201125,3,5
906,6,C,1,502020808050,20201125,3,6
907,5,C,1,502020808050,20201125,3,7
908,6,C,1,502020808050,20201125,3,8
909,5,C,1,502020808050,20201125,3,9
910,6,C,0,502020808050,20201125,3,10
911,5,C,1,502020808050,20201125,3,11
912,6,C,1,502020808050,20201125,3,12
913,5,C,1,502020808050,20201125,3,13
914,6,C,1,502020808050,20201125,3,14
915,5,C,1,502020808050,20201125,3,15
916,6,C,0,502020808050,20201125,3,16
917,5,C,1,502020808050,20201125,3,17
918,6,C,1,502020808050,20201125,3,18
919,5,C,0,502020808050,20201125,3,19
920,6,C,0,502020808050,20201125,3,20
921,5,C,1,502020808050,20201125,3,21
922,6,C,0,502020808050,20201125,3,22
923,5,C,1,502020808050,20201125,3,23
924,6,C,1,502020808050,20201125,3,24
925,5,C,1,502020808050,20201125,3,25
926,6,C,0,502020808050,20201125,3,26
927,5,C,0,502020808050,20201125,3,27
928,4,B,1,502020808050,20201125,3,28
929,3,B,0,502020808050,20201125,3,29
930,4,B,1,502020808050,20201125,3,30
931,3,B,0,502020808050,20201125,3,31
932,4,B,1,502020808050,20201125,3,32
933,2,A,0,502020808050,20201125,3,33
934,1,A,0,502020808050,20201125,3,34
935,2,A,0,502020808050,20201125,3,35
936,1,A,0,502020808050,20201125,3,36
937,5,C,1,502020808050,20201125,3,37
938,6,C,1,502020808050,20201125,3,38
939,5,C,1,502020808050,20201125,3,39
940,6,C,1,502020808050,20201125,3,40
941,5,C,0,502020808050,20201125,3,41
942,6,C,1,502020808050,20201125,3,42
943,5,C,1,502020808050,20201125,3,43
944,6,C,0,502020808050,20201125,3,44
945,5,C,1,502020808050,20201125,3,45
946,6,C,1,502020808050,20201125,3,46
947,5,C,0,502020808050,20201125,3,47
948,6,C,0,502020808050,20201125,3,48
949,5,C,1,502020808050,20201125,3,49
950,6,C,0,502020808050,20201125,3,50
951,5,C,1,502020808050,20201125,3,51
952,6,C,1,502020808050,20201125,3,52
953,5,C,1,502020808050,20201125,3,53
954,6,C,1,502020808050,20201125,3,54
955,5,C,1,502020808050,20201125,3,55
956,6,C,1,502020808050,20201125,3,56
957,5,C,1,502020808050,20201125,3,57
958,6,C,1,502020808050,20201125,3,58
959,5,C,1,502020808050,20201125,3,59
960,6,C,1,508080202050,20201125,3,60
961,5,C,1,508080202050,20201125,3,61
962,6,C,0,508080202050,20201125,3,62
963,5,C,0,508080202050,20201125,3,63
964,6,C,0,508080202050,20201125,3,64
965,5,C,0,508080202050,20201125,3,65
966,6,C,1,508080202050,20201125,3,66
967,5,C,0,508080202050,20201125,3,67
968,6,C,0,508080202050,20201125,3,68
969,4,B,0,508080202050,20201125,3,69
970,3,B,1,508080202050,20201125,3,70
971,4,B,0,508080202050,20201125,3,71
972,3,B,1,508080202050,20201125,3,72
973,4,B,0,508080202050,20201125,3,73
974,3,B,1,508080202050,20201125,3,74
975,4,B,1,508080202050,20201125,3,75
976,3,B,1,508080202050,20201125,3,76
977,4,B,0,508080202050,20201125,3,77
978,3,B,1,508080202050,20201125,3,78
979,4,B,0,508080202050,20201125,3,79
980,3,B,1,508080202050,20201125,3,80
981,4,B,0,508080202050,20201125,3,81
982,3,B,1,508080202050,20201125,3,82
983,4,B,0,508080202050,20201125,3,83
984,3,B,1,508080202050,20201125,3,84
985,4,B,0,508080202050,20201125,3,85
986,3,B,0,508080202050,20201125,3,86
987,4,B,0,508080202050,20201125,3,87
988,3,B,1,508080202050,20201125,3,88
989,4,B,1,508080202050,20201125,3,89
990,3,B,1,508080202050,20201125,3,90
991,4,B,0,508080202050,20201125,3,91
992,3,B,1,508080202050,20201125,3,92
993,4,B,0,508080202050,20201125,3,93
994,3,B,1,508080202050,20201125,3,94
995,4,B,0,508080202050,20201125,3,95
996,3,B,1,508080202050,20201125,3,96
997,4,B,1,508080202050,20201125,3,97
998,3,B,1,508080202050,20201125,3,98
999,4,B,1,508080202050,20201125,3,99
1000,3,B,1,508080202050,20201125,3,100
1001,4,B,0,508080202050,20201125,3,101
1002,3,B,0,508080202050,20201125,3,102
1003,4,B,0,508080202050,20201125,3,103
1004,3,B,0,508080202050,20201125,3,104
1005,4,B,0,508080202050,20201125,3,105
1006,3,B,1,508080202050,20201125,3,106
1007,4,B,0,508080202050,20201125,3,107
1008,3,B,0,508080202050,20201125,3,108
1009,4,B,0,508080202050,20201125,3,109
1010,3,B,1,508080202050,20201125,3,110
1011,4,B,0,508080202050,20201125,3,111
1012,3,B,1,508080202050,20201125,3,112
1013,4,B,1,508080202050,20201125,3,113
1014,3,B,1,508080202050,20201125,3,114
1015,4,B,1,508080202050,20201125,3,115
1016,3,B,1,508080202050,20201125,3,116
1017,4,B,0,508080202050,20201125,3,117
1018,3,B,1,508080202050,20201125,3,118
1019,4,B,0,508080202050,20201125,3,119
1020,3,B,0,502020202080,20201125,3,120
1021,4,B,1,502020202080,20201125,3,121
1022,3,B,0,502020202080,20201125,3,122
1023,4,B,0,502020202080,20201125,3,123
1024,3,B,0,502020202080,20201125,3,124
1025,4,B,0,502020202080,20201125,3,125
1026,3,B,0,502020202080,20201125,3,126
1027,6,C,0,502020202080,20201125,3,127
1028,5,C,0,502020202080,20201125,3,128
1029,6,C,1,502020202080,20201125,3,129
1030,5,C,0,502020202080,20201125,3,130
1031,6,C,0,502020202080,20201125,3,131
1032,5,C,0,502020202080,20201125,3,132
1033,6,C,1,502020202080,20201125,3,133
1034,5,C,0,502020202080,20201125,3,134
1035,6,C,1,502020202080,20201125,3,135
1036,5,C,1,502020202080,20201125,3,136
1037,6,C,1,502020202080,20201125,3,137
1038,5,C,0,502020202080,20201125,3,138
1039,6,C,1,502020202080,20201125,3,139
1040,5,C,0,502020202080,20201125,3,140
1041,6,C,1,502020202080,20201125,3,141
1042,5,C,0,502020202080,20201125,3,142
1043,6,C,1,502020202080,20201125,3,143
1044,5,C,1,502020202080,20201125,3,144
1045,6,C,0,502020202080,20201125,3,145
1046,5,C,0,502020202080,20201125,3,146
1047,6,C,1,502020202080,20201125,3,147
1048,5,C,0,502020202080,20201125,3,148
1049,6,C,0,502020202080,20201125,3,149
1050,3,B,1,502020202080,20201125,3,150
1051,4,B,1,502020202080,20201125,3,151
1052,3,B,0,502020202080,20201125,3,152
1053,4,B,0,502020202080,20201125,3,153
1054,3,B,0,502020202080,20201125,3,154
1055,4,B,0,502020202080,20201125,3,155
1056,3,B,0,502020202080,20201125,3,156
1057,6,C,1,502020202080,20201125,3,157
1058,5,C,0,502020202080,20201125,3,158
1059,6,C,1,502020202080,20201125,3,159
1060,5,C,0,502020202080,20201125,3,160
1061,6,C,0,502020202080,20201125,3,161
1062,5,C,0,502020202080,20201125,3,162
1063,6,C,0,502020202080,20201125,3,163
1064,5,C,0,502020202080,20201125,3,164
1065,6,C,1,502020202080,20201125,3,165
1066,5,C,0,502020202080,20201125,3,166
1067,6,C,1,502020202080,20201125,3,167
1068,5,C,0,502020202080,20201125,3,168
1069,6,C,1,502020202080,20201125,3,169
1070,1,A,1,502020202080,20201125,3,170
1071,2,A,0,502020202080,20201125,3,171
1072,1,A,1,502020202080,20201125,3,172
1073,2,A,0,502020202080,20201125,3,173
1074,1,A,1,502020202080,20201125,3,174
1075,2,A,1,502020202080,20201125,3,175
1076,1,A,1,502020202080,20201125,3,176
1077,2,A,0,502020202080,20201125,3,177
1078,1,A,0,502020202080,20201125,3,178
1079,6,C,1,502020202080,20201125,3,179
1080,1,A,0,805020205020,20201125,4,0
1081,2,A,0,805020205020,20201125,4,1
1082,4,B,0,805020205020,20201125,4,2
1083,3,B,0,805020205020,20201125,4,3
1084,6,C,1,805020205020,20201125,4,4
1085,5,C,0,805020205020,20201125,4,5
1086,6,C,0,805020205020,20201125,4,6
1087,5,C,1,805020205020,20201125,4,7
1088,6,C,0,805020205020,20201125,4,8
1089,5,C,0,805020205020,20201125,4,9
1090,4,B,0,805020205020,20201125,4,10
1091,3,B,0,805020205020,20201125,4,11
1092,4,B,0,805020205020,20201125,4,12
1093,3,B,0,805020205020,20201125,4,13
1094,1,A,0,805020205020,20201125,4,14
1095,2,A,0,805020205020,20201125,4,15
1096,1,A,1,805020205020,20201125,4,16
1097,6,C,0,805020205020,20201125,4,17
1098,5,C,1,805020205020,20201125,4,18
1099,6,C,1,805020205020,20201125,4,19
1100,5,C,0,805020205020,20201125,4,20
1101,6,C,0,805020205020,20201125,4,21
1102,5,C,1,805020205020,20201125,4,22
1103,6,C,0,805020205020,20201125,4,23
1104,5,C,0,805020205020,20201125,4,24
1105,6,C,0,805020205020,20201125,4,25
1106,5,C,1,805020205020,20201125,4,26
1107,6,C,0,805020205020,20201125,4,27
1108,5,C,1,805020205020,20201125,4,28
1109,6,C,0,805020205020,20201125,4,29
1110,5,C,1,805020205020,20201125,4,30
1111,6,C,0,805020205020,20201125,4,31
1112,5,C,1,805020205020,20201125,4,32
1113,6,C,1,805020205020,20201125,4,33
1114,5,C,1,805020205020,20201125,4,34
1115,6,C,0,805020205020,20201125,4,35
1116,5,C,1,805020205020,20201125,4,36
1117,6,C,0,805020205020,20201125,4,37
1118,5,C,1,805020205020,20201125,4,38
1119,6,C,0,805020205020,20201125,4,39
1120,5,C,1,805020205020,20201125,4,40
1121,6,C,0,805020205020,20201125,4,41
1122,5,C,1,805020205020,20201125,4,42
1123,6,C,1,805020205020,20201125,4,43
1124,5,C,0,805020205020,20201125,4,44
1125,6,C,0,805020205020,20201125,4,45
1126,1,A,1,805020205020,20201125,4,46
1127,2,A,0,805020205020,20201125,4,47
1128,1,A,0,805020205020,20201125,4,48
1129,4,B,0,805020205020,20201125,4,49
1130,3,B,0,805020205020,20201125,4,50
1131,4,B,0,805020205020,20201125,4,51
1132,3,B,1,805020205020,20201125,4,52
1133,4,B,0,805020205020,20201125,4,53
1134,3,B,1,805020205020,20201125,4,54
1135,4,B,0,805020205020,20201125,4,55
1136,3,B,0,805020205020,20201125,4,56
1137,4,B,0,805020205020,20201125,4,57
1138,3,B,1,805020205020,20201125,4,58
1139,5,C,1,805020205020,20201125,4,59
1140,6,C,0,208080502050,20201125,4,60
1141,5,C,0,208080502050,20201125,4,61
1142,6,C,1,208080502050,20201125,4,62
1143,5,C,0,208080502050,20201125,4,63
1144,6,C,1,208080502050,20201125,4,64
1145,5,C,1,208080502050,20201125,4,65
1146,6,C,1,208080502050,20201125,4,66
1147,5,C,0,208080502050,20201125,4,67
1148,6,C,1,208080502050,20201125,4,68
1149,5,C,0,208080502050,20201125,4,69
1150,6,C,1,208080502050,20201125,4,70
1151,5,C,1,208080502050,20201125,4,71
1152,6,C,1,208080502050,20201125,4,72
1153,5,C,0,208080502050,20201125,4,73
1154,6,C,1,208080502050,20201125,4,74
1155,5,C,0,208080502050,20201125,4,75
1156,6,C,0,208080502050,20201125,4,76
1157,5,C,0,208080502050,20201125,4,77
1158,6,C,1,208080502050,20201125,4,78
1159,5,C,0,208080502050,20201125,4,79
1160,6,C,0,208080502050,20201125,4,80
1161,5,C,1,208080502050,20201125,4,81
1162,6,C,1,208080502050,20201125,4,82
1163,5,C,0,208080502050,20201125,4,83
1164,6,C,0,208080502050,20201125,4,84
1165,5,C,0,208080502050,20201125,4,85
1166,6,C,1,208080502050,20201125,4,86
1167,5,C,0,208080502050,20201125,4,87
1168,6,C,1,208080502050,20201125,4,88
1169,5,C,0,208080502050,20201125,4,89
1170,6,C,0,208080502050,20201125,4,90
1171,5,C,0,208080502050,20201125,4,91
1172,6,C,0,208080502050,20201125,4,92
1173,4,B,1,208080502050,20201125,4,93
1174,3,B,1,208080502050,20201125,4,94
1175,4,B,1,208080502050,20201125,4,95
1176,3,B,1,208080502050,20201125,4,96
1177,4,B,1,208080502050,20201125,4,97
1178,3,B,0,208080502050,20201125,4,98
1179,4,B,1,208080502050,20201125,4,99
1180,3,B,1,208080502050,20201125,4,100
1181,4,B,0,208080502050,20201125,4,101
1182,3,B,1,208080502050,20201125,4,102
1183,4,B,1,208080502050,20201125,4,103
1184,3,B,0,208080502050,20201125,4,104
1185,4,B,0,208080502050,20201125,4,105
1186,3,B,1,208080502050,20201125,4,106
1187,4,B,0,208080502050,20201125,4,107
1188,3,B,1,208080502050,20201125,4,108
1189,4,B,0,208080502050,20201125,4,109
1190,3,B,1,208080502050,20201125,4,110
1191,4,B,1,208080502050,20201125,4,111
1192,3,B,1,208080502050,20201125,4,112
1193,4,B,0,208080502050,20201125,4,113
1194,3,B,0,208080502050,20201125,4,114
1195,4,B,0,208080502050,20201125,4,115
1196,3,B,1,208080502050,20201125,4,116
1197,4,B,1,208080502050,20201125,4,117
1198,3,B,0,208080502050,20201125,4,118
1199,4,B,1,208080502050,20201125,4,119
1200,3,B,0,502020205050,20201125,4,120
1201,4,B,0,502020205050,20201125,4,121
1202,3,B,1,502020205050,20201125,4,122
1203,4,B,0,502020205050,20201125,4,123
1204,3,B,0,502020205050,20201125,4,124
1205,4,B,0,502020205050,20201125,4,125
1206,3,B,0,502020205050,20201125,4,126
1207,6,C,0,502020205050,20201125,4,127
1208,5,C,1,502020205050,20201125,4,128
1209,6,C,0,502020205050,20201125,4,129
1210,5,C,0,502020205050,20201125,4,130
1211,6,C,1,502020205050,20201125,4,131
1212,1,A,1,502020205050,20201125,4,132
1213,2,A,0,502020205050,20201125,4,133
1214,1,A,0,502020205050,20201125,4,134
1215,4,B,0,502020205050,20201125,4,135
1216,3,B,0,502020205050,20201125,4,136
1217,4,B,0,502020205050,20201125,4,137
1218,3,B,1,502020205050,20201125,4,138
1219,4,B,0,502020205050,20201125,4,139
1220,3,B,0,502020205050,20201125,4,140
1221,4,B,1,502020205050,20201125,4,141
1222,3,B,1,502020205050,20201125,4,142
1223,4,B,1,502020205050,20201125,4,143
1224,3,B,0,502020205050,20201125,4,144
1225,4,B,0,502020205050,20201125,4,145
1226,3,B,0,502020205050,20201125,4,146
1227,4,B,0,502020205050,20201125,4,147
1228,3,B,1,502020205050,20201125,4,148
1229,4,B,0,502020205050,20201125,4,149
1230,3,B,0,502020205050,20201125,4,150
1231,4,B,0,502020205050,20201125,4,151
1232,3,B,0,502020205050,20201125,4,152
1233,6,C,0,502020205050,20201125,4,153
1234,5,C,1,502020205050,20201125,4,154
1235,6,C,0,502020205050,20201125,4,155
1236,5,C,0,502020205050,20201125,4,156
1237,6,C,1,502020205050,20201125,4,157
1238,5,C,0,502020205050,20201125,4,158
1239,6,C,0,502020205050,20201125,4,159
1240,1,A,1,502020205050,20201125,4,160
1241,2,A,0,502020205050,20201125,4,161
1242,1,A,0,502020205050,20201125,4,162
1243,3,B,0,502020205050,20201125,4,163
1244,4,B,0,502020205050,20201125,4,164
1245,3,B,0,502020205050,20201125,4,165
1246,4,B,0,502020205050,20201125,4,166
1247,6,C,0,502020205050,20201125,4,167
1248,5,C,0,502020205050,20201125,4,168
1249,6,C,0,502020205050,20201125,4,169
1250,5,C,0,502020205050,20201125,4,170
1251,6,C,1,502020205050,20201125,4,171
1252,4,B,0,502020205050,20201125,4,172
1253,3,B,0,502020205050,20201125,4,173
1254,4,B,1,502020205050,20201125,4,174
1255,3,B,0,502020205050,20201125,4,175
1256,4,B,0,502020205050,20201125,4,176
1257,3,B,1,502020205050,20201125,4,177
1258,4,B,0,502020205050,20201125,4,178
1259,3,B,0,502020205050,20201125,4,179
1260,5,C,0,502080502080,20201125,5,0
1261,6,C,1,502080502080,20201125,5,1
1262,4,B,1,502080502080,20201125,5,2
1263,3,B,0,502080502080,20201125,5,3
1264,4,B,0,502080502080,20201125,5,4
1265,3,B,1,502080502080,20201125,5,5
1266,4,B,0,502080502080,20201125,5,6
1267,3,B,1,502080502080,20201125,5,7
1268,2,A,0,502080502080,20201125,5,8
1269,1,A,0,502080502080,20201125,5,9
1270,5,C,0,502080502080,20201125,5,10
1271,6,C,1,502080502080,20201125,5,11
1272,5,C,0,502080502080,20201125,5,12
1273,6,C,1,502080502080,20201125,5,13
1274,5,C,0,502080502080,20201125,5,14
1275,6,C,1,502080502080,20201125,5,15
1276,4,B,1,502080502080,20201125,5,16
1277,3,B,1,502080502080,20201125,5,17
1278,4,B,0,502080502080,20201125,5,18
1279,3,B,0,502080502080,20201125,5,19
1280,4,B,0,502080502080,20201125,5,20
1281,3,B,1,502080502080,20201125,5,21
1282,4,B,1,502080502080,20201125,5,22
1283,3,B,1,502080502080,20201125,5,23
1284,4,B,0,502080502080,20201125,5,24
1285,3,B,0,502080502080,20201125,5,25
1286,4,B,1,502080502080,20201125,5,26
1287,3,B,1,502080502080,20201125,5,27
1288,4,B,0,502080502080,20201125,5,28
1289,3,B,1,502080502080,20201125,5,29
1290,4,B,1,502080502080,20201125,5,30
1291,3,B,1,502080502080,20201125,5,31
1292,4,B,1,502080502080,20201125,5,32
1293,3,B,1,502080502080,20201125,5,33
1294,4,B,1,502080502080,20201125,5,34
1295,3,B,1,502080502080,20201125,5,35
1296,4,B,0,502080502080,20201125,5,36
1297,3,B,1,502080502080,20201125,5,37
1298,4,B,0,502080502080,20201125,5,38
1299,3,B,0,502080502080,20201125,5,39
1300,4,B,0,502080502080,20201125,5,40
1301,3,B,0,502080502080,20201125,5,41
1302,4,B,0,502080502080,20201125,5,42
1303,3,B,1,502080502080,20201125,5,43
1304,4,B,1,502080502080,20201125,5,44
1305,3,B,1,502080502080,20201125,5,45
1306,4,B,0,502080502080,20201125,5,46
1307,3,B,0,502080502080,20201125,5,47
1308,4,B,0,502080502080,20201125,5,48
1309,3,B,1,502080502080,20201125,5,49
1310,4,B,0,502080502080,20201125,5,50
1311,3,B,1,502080502080,20201125,5,51
1312,4,B,1,502080502080,20201125,5,52
1313,3,B,0,502080502080,20201125,5,53
1314,4,B,1,502080502080,20201125,5,54
1315,3,B,1,502080502080,20201125,5,55
1316,4,B,1,502080502080,20201125,5,56
1317,3,B,1,502080502080,20201125,5,57
1318,4,B,1,502080502080,20201125,5,58
1319,3,B,1,502080502080,20201125,5,59
1320,4,B,0,508020202020,20201125,5,60
1321,3,B,0,508020202020,20201125,5,61
1322,4,B,0,508020202020,20201125,5,62
1323,3,B,0,508020202020,20201125,5,63
1324,4,B,0,508020202020,20201125,5,64
1325,3,B,0,508020202020,20201125,5,65
1326,4,B,0,508020202020,20201125,5,66
1327,6,C,0,508020202020,20201125,5,67
1328,5,C,0,508020202020,20201125,5,68
1329,6,C,0,508020202020,20201125,5,69
1330,1,A,1,508020202020,20201125,5,70
1331,2,A,1,508020202020,20201125,5,71
1332,1,A,0,508020202020,20201125,5,72
1333,4,B,1,508020202020,20201125,5,73
1334,3,B,0,508020202020,20201125,5,74
1335,4,B,0,508020202020,20201125,5,75
1336,6,C,0,508020202020,20201125,5,76
1337,5,C,0,508020202020,20201125,5,77
1338,6,C,0,508020202020,20201125,5,78
1339,5,C,0,508020202020,20201125,5,79
1340,6,C,0,508020202020,20201125,5,80
1341,3,B,0,508020202020,20201125,5,81
1342,4,B,0,508020202020,20201125,5,82
1343,3,B,0,508020202020,20201125,5,83
1344,4,B,1,508020202020,20201125,5,84
1345,3,B,0,508020202020,20201125,5,85
1346,4,B,1,508020202020,20201125,5,86
1347,3,B,0,508020202020,20201125,5,87
1348,4,B,0,508020202020,20201125,5,88
1349,3,B,0,508020202020,20201125,5,89
1350,4,B,0,508020202020,20201125,5,90
1351,1,A,1,508020202020,20201125,5,91
1352,6,C,0,508020202020,20201125,5,92
1353,5,C,0,508020202020,20201125,5,93
1354,6,C,0,508020202020,20201125,5,94
1355,3,B,0,508020202020,20201125,5,95
1356,4,B,1,508020202020,20201125,5,96
1357,3,B,0,508020202020,20201125,5,97
1358,4,B,0,508020202020,20201125,5,98
1359,3,B,0,508020202020,20201125,5,99
1360,4,B,0,508020202020,20201125,5,100
1361,1,A,0,508020202020,20201125,5,101
1362,2,A,0,508020202020,20201125,5,102
1363,6,C,0,508020202020,20201125,5,103
1364,5,C,0,508020202020,20201125,5,104
1365,6,C,0,508020202020,20201125,5,105
1366,5,C,0,508020202020,20201125,5,106
1367,6,C,0,508020202020,20201125,5,107
1368,4,B,0,508020202020,20201125,5,108
1369,3,B,0,508020202020,20201125,5,109
1370,4,B,0,508020202020,20201125,5,110
1371,1,A,1,508020202020,20201125,5,111
1372,6,C,1,508020202020,20201125,5,112
1373,5,C,0,508020202020,20201125,5,113
1374,6,C,1,508020202020,20201125,5,114
1375,5,C,0,508020202020,20201125,5,115
1376,6,C,0,508020202020,20201125,5,116
1377,5,C,0,508020202020,20201125,5,117
1378,6,C,0,508020202020,20201125,5,118
1379,1,A,0,508020202020,20201125,5,119
1380,2,A,0,502020802020,20201125,5,120
1381,1,A,0,502020802020,20201125,5,121
1382,6,C,1,502020802020,20201125,5,122
1383,5,C,0,502020802020,20201125,5,123
1384,6,C,0,502020802020,20201125,5,124
1385,4,B,0,502020802020,20201125,5,125
1386,3,B,0,502020802020,20201125,5,126
1387,4,B,0,502020802020,20201125,5,127
1388,6,C,0,502020802020,20201125,5,128
1389,5,C,0,502020802020,20201125,5,129
1390,6,C,1,502020802020,20201125,5,130
1391,5,C,1,502020802020,20201125,5,131
1392,6,C,0,502020802020,20201125,5,132
1393,5,C,0,502020802020,20201125,5,133
1394,6,C,0,502020802020,20201125,5,134
1395,5,C,0,502020802020,20201125,5,135
1396,6,C,0,502020802020,20201125,5,136
1397,1,A,0,502020802020,20201125,5,137
1398,2,A,0,502020802020,20201125,5,138
1399,1,A,1,502020802020,20201125,5,139
1400,6,C,0,502020802020,20201125,5,140
1401,5,C,0,502020802020,20201125,5,141
1402,6,C,0,502020802020,20201125,5,142
1403,4,B,1,502020802020,20201125,5,143
1404,1,A,0,502020802020,20201125,5,144
1405,2,A,1,502020802020,20201125,5,145
1406,1,A,0,502020802020,20201125,5,146
1407,2,A,0,502020802020,20201125,5,147
1408,1,A,0,502020802020,20201125,5,148
1409,2,A,0,502020802020,20201125,5,149
1410,1,A,1,502020802020,20201125,5,150
1411,2,A,0,502020802020,20201125,5,151
1412,1,A,1,502020802020,20201125,5,152
1413,2,A,0,502020802020,20201125,5,153
1414,1,A,1,502020802020,20201125,5,154
1415,2,A,1,502020802020,20201125,5,155
1416,1,A,0,502020802020,20201125,5,156
1417,6,C,0,502020802020,20201125,5,157
1418,5,C,0,502020802020,20201125,5,158
1419,6,C,0,502020802020,20201125,5,159
1420,5,C,0,502020802020,20201125,5,160
1421,6,C,1,502020802020,20201125,5,161
1422,5,C,0,502020802020,20201125,5,162
1423,6,C,0,502020802020,20201125,5,163
1424,5,C,0,502020802020,20201125,5,164
1425,6,C,0,502020802020,20201125,5,165
1426,4,B,1,502020802020,20201125,5,166
1427,3,B,0,502020802020,20201125,5,167
1428,4,B,1,502020802020,20201125,5,168
1429,3,B,0,502020802020,20201125,5,169
1430,4,B,1,502020802020,20201125,5,170
1431,3,B,1,502020802020,20201125,5,171
1432,4,B,1,502020802020,20201125,5,172
1433,3,B,0,502020802020,20201125,5,173
1434,4,B,1,502020802020,20201125,5,174
1435,3,B,0,502020802020,20201125,5,175
1436,4,B,1,502020802020,20201125,5,176
1437,1,A,1,502020802020,20201125,5,177
1438,2,A,0,502020802020,20201125,5,178
1439,1,A,1,502020802020,20201125,5,179
1440,4,B,0,805080202020,20201125,6,0
1441,3,B,1,805080202020,20201125,6,1
1442,1,A,1,805080202020,20201125,6,2
1443,2,A,1,805080202020,20201125,6,3
1444,1,A,1,805080202020,20201125,6,4
1445,6,C,0,805080202020,20201125,6,5
1446,5,C,0,805080202020,20201125,6,6
1447,4,B,0,805080202020,20201125,6,7
1448,3,B,1,805080202020,20201125,6,8
1449,4,B,0,805080202020,20201125,6,9
1450,3,B,1,805080202020,20201125,6,10
1451,4,B,0,805080202020,20201125,6,11
1452,3,B,1,805080202020,20201125,6,12
1453,4,B,0,805080202020,20201125,6,13
1454,3,B,1,805080202020,20201125,6,14
1455,4,B,0,805080202020,20201125,6,15
1456,3,B,0,805080202020,20201125,6,16
1457,1,A,1,805080202020,20201125,6,17
1458,2,A,1,805080202020,20201125,6,18
1459,1,A,0,805080202020,20201125,6,19
1460,6,C,0,805080202020,20201125,6,20
1461,5,C,0,805080202020,20201125,6,21
1462,6,C,1,805080202020,20201125,6,22
1463,5,C,0,805080202020,20201125,6,23
1464,6,C,0,805080202020,20201125,6,24
1465,5,C,0,805080202020,20201125,6,25
1466,4,B,0,805080202020,20201125,6,26
1467,3,B,1,805080202020,20201125,6,27
1468,4,B,0,805080202020,20201125,6,28
1469,3,B,1,805080202020,20201125,6,29
1470,4,B,0,805080202020,20201125,6,30
1471,3,B,1,805080202020,20201125,6,31
1472,4,B,0,805080202020,20201125,6,32
1473,3,B,1,805080202020,20201125,6,33
1474,4,B,0,805080202020,20201125,6,34
1475,3,B,1,805080202020,20201125,6,35
1476,4,B,0,805080202020,20201125,6,36
1477,3,B,1,805080202020,20201125,6,37
1478,4,B,1,805080202020,20201125,6,38
1479,3,B,0,805080202020,20201125,6,39
1480,4,B,0,805080202020,20201125,6,40
1481,3,B,1,805080202020,20201125,6,41
1482,4,B,0,805080202020,20201125,6,42
1483,3,B,1,805080202020,20201125,6,43
1484,4,B,0,805080202020,20201125,6,44
1485,3,B,1,805080202020,20201125,6,45
1486,4,B,0,805080202020,20201125,6,46
1487,3,B,1,805080202020,20201125,6,47
1488,4,B,0,805080202020,20201125,6,48
1489,3,B,1,805080202020,20201125,6,49
1490,4,B,1,805080202020,20201125,6,50
1491,3,B,0,805080202020,20201125,6,51
1492,4,B,0,805080202020,20201125,6,52
1493,3,B,1,805080202020,20201125,6,53
1494,4,B,0,805080202020,20201125,6,54
1495,3,B,1,805080202020,20201125,6,55
1496,4,B,0,805080202020,20201125,6,56
1497,3,B,1,805080202020,20201125,6,57
1498,4,B,0,805080202020,20201125,6,58
1499,3,B,1,805080202020,20201125,6,59
1500,4,B,1,205020205080,20201125,6,60
1501,3,B,0,205020205080,20201125,6,61
1502,4,B,0,205020205080,20201125,6,62
1503,3,B,1,205020205080,20201125,6,63
1504,4,B,0,205020205080,20201125,6,64
1505,3,B,0,205020205080,20201125,6,65
1506,4,B,0,205020205080,20201125,6,66
1507,3,B,0,205020205080,20201125,6,67
1508,6,C,1,205020205080,20201125,6,68
1509,5,C,1,205020205080,20201125,6,69
1510,6,C,1,205020205080,20201125,6,70
1511,5,C,1,205020205080,20201125,6,71
1512,6,C,0,205020205080,20201125,6,72
1513,5,C,1,205020205080,20201125,6,73
1514,6,C,1,205020205080,20201125,6,74
1515,5,C,1,205020205080,20201125,6,75
1516,6,C,1,205020205080,20201125,6,76
1517,5,C,1,205020205080,20201125,6,77
1518,6,C,1,205020205080,20201125,6,78
1519,5,C,1,205020205080,20201125,6,79
1520,6,C,0,205020205080,20201125,6,80
1521,5,C,0,205020205080,20201125,6,81
1522,6,C,1,205020205080,20201125,6,82
1523,5,C,0,205020205080,20201125,6,83
1524,6,C,1,205020205080,20201125,6,84
1525,5,C,0,205020205080,20201125,6,85
1526,6,C,1,205020205080,20201125,6,86
1527,5,C,0,205020205080,20201125,6,87
1528,6,C,1,205020205080,20201125,6,88
1529,5,C,0,205020205080,20201125,6,89
1530,6,C,1,205020205080,20201125,6,90
1531,5,C,1,205020205080,20201125,6,91
1532,6,C,0,205020205080,20201125,6,92
1533,5,C,1,205020205080,20201125,6,93
1534,6,C,1,205020205080,20201125,6,94
1535,5,C,0,205020205080,20201125,6,95
1536,6,C,1,205020205080,20201125,6,96
1537,5,C,1,205020205080,20201125,6,97
1538,6,C,1,205020205080,20201125,6,98
1539,5,C,1,205020205080,20201125,6,99
1540,6,C,1,205020205080,20201125,6,100
1541,5,C,1,205020205080,20201125,6,101
1542,6,C,1,205020205080,20201125,6,102
1543,5,C,0,205020205080,20201125,6,103
1544,6,C,1,205020205080,20201125,6,104
1545,5,C,1,205020205080,20201125,6,105
1546,6,C,1,205020205080,20201125,6,106
1547,5,C,1,205020205080,20201125,6,107
1548,6,C,1,205020205080,20201125,6,108
1549,5,C,0,205020205080,20201125,6,109
1550,6,C,1,205020205080,20201125,6,110
1551,5,C,0,205020205080,20201125,6,111
1552,6,C,1,205020205080,20201125,6,112
1553,5,C,1,205020205080,20201125,6,113
1554,6,C,1,205020205080,20201125,6,114
1555,5,C,1,205020205080,20201125,6,115
1556,6,C,0,205020205080,20201125,6,116
1557,5,C,1,205020205080,20201125,6,117
1558,6,C,1,205020205080,20201125,6,118
1559,5,C,0,205020205080,20201125,6,119
1560,6,C,1,205050805020,20201125,6,120
1561,5,C,0,205050805020,20201125,6,121
1562,6,C,1,205050805020,20201125,6,122
1563,5,C,1,205050805020,20201125,6,123
1564,6,C,0,205050805020,20201125,6,124
1565,5,C,1,205050805020,20201125,6,125
1566,6,C,0,205050805020,20201125,6,126
1567,5,C,0,205050805020,20201125,6,127
1568,6,C,0,205050805020,20201125,6,128
1569,5,C,0,205050805020,20201125,6,129
1570,6,C,0,205050805020,20201125,6,130
1571,4,B,1,205050805020,20201125,6,131
1572,3,B,0,205050805020,20201125,6,132
1573,4,B,1,205050805020,20201125,6,133
1574,3,B,1,205050805020,20201125,6,134
1575,4,B,1,205050805020,20201125,6,135
1576,3,B,1,205050805020,20201125,6,136
1577,4,B,1,205050805020,20201125,6,137
1578,3,B,1,205050805020,20201125,6,138
1579,4,B,1,205050805020,20201125,6,139
1580,3,B,1,205050805020,20201125,6,140
1581,4,B,0,205050805020,20201125,6,141
1582,3,B,0,205050805020,20201125,6,142
1583,4,B,0,205050805020,20201125,6,143
1584,3,B,0,205050805020,20201125,6,144
1585,4,B,1,205050805020,20201125,6,145
1586,3,B,0,205050805020,20201125,6,146
1587,4,B,1,205050805020,20201125,6,147
1588,3,B,1,205050805020,20201125,6,148
1589,4,B,1,205050805020,20201125,6,149
1590,3,B,1,205050805020,20201125,6,150
1591,4,B,1,205050805020,20201125,6,151
1592,3,B,1,205050805020,20201125,6,152
1593,4,B,1,205050805020,20201125,6,153
1594,3,B,0,205050805020,20201125,6,154
1595,4,B,1,205050805020,20201125,6,155
1596,3,B,1,205050805020,20201125,6,156
1597,4,B,1,205050805020,20201125,6,157
1598,3,B,1,205050805020,20201125,6,158
1599,4,B,0,205050805020,20201125,6,159
1600,3,B,0,205050805020,20201125,6,160
1601,4,B,1,205050805020,20201125,6,161
1602,3,B,0,205050805020,20201125,6,162
1603,4,B,1,205050805020,20201125,6,163
1604,3,B,0,205050805020,20201125,6,164
1605,4,B,1,205050805020,20201125,6,165
1606,3,B,0,205050805020,20201125,6,166
1607,4,B,1,205050805020,20201125,6,167
1608,3,B,0,205050805020,20201125,6,168
1609,4,B,0,205050805020,20201125,6,169
1610,3,B,1,205050805020,20201125,6,170
1611,4,B,0,205050805020,20201125,6,171
1612,3,B,1,205050805020,20201125,6,172
1613,4,B,0,205050805020,20201125,6,173
1614,3,B,1,205050805020,20201125,6,174
1615,4,B,1,205050805020,20201125,6,175
1616,3,B,1,205050805020,20201125,6,176
1617,4,B,1,205050805020,20201125,6,177
1618,3,B,1,205050805020,20201125,6,178
1619,4,B,1,205050805020,20201125,6,179
1620,4,B,0,805020202080,20201125,7,0
1621,3,B,0,805020202080,20201125,7,1
1622,4,B,0,805020202080,20201125,7,2
1623,1,A,1,805020202080,20201125,7,3
1624,2,A,1,805020202080,20201125,7,4
1625,1,A,1,805020202080,20201125,7,5
1626,6,C,1,805020202080,20201125,7,6
1627,5,C,1,805020202080,20201125,7,7
1628,6,C,1,805020202080,20201125,7,8
1629,5,C,0,805020202080,20201125,7,9
1630,6,C,0,805020202080,20201125,7,10
1631,5,C,0,805020202080,20201125,7,11
1632,6,C,1,805020202080,20201125,7,12
1633,4,B,0,805020202080,20201125,7,13
1634,3,B,0,805020202080,20201125,7,14
1635,4,B,0,805020202080,20201125,7,15
1636,3,B,1,805020202080,20201125,7,16
1637,4,B,0,805020202080,20201125,7,17
1638,3,B,1,805020202080,20201125,7,18
1639,4,B,0,805020202080,20201125,7,19
1640,3,B,0,805020202080,20201125,7,20
1641,4,B,0,805020202080,20201125,7,21
1642,3,B,1,805020202080,20201125,7,22
1643,4,B,0,805020202080,20201125,7,23
1644,3,B,0,805020202080,20201125,7,24
1645,6,C,1,805020202080,20201125,7,25
1646,5,C,0,805020202080,20201125,7,26
1647,6,C,1,805020202080,20201125,7,27
1648,5,C,0,805020202080,20201125,7,28
1649,6,C,0,805020202080,20201125,7,29
1650,5,C,0,805020202080,20201125,7,30
1651,6,C,1,805020202080,20201125,7,31
1652,2,A,1,805020202080,20201125,7,32
1653,1,A,1,805020202080,20201125,7,33
1654,2,A,0,805020202080,20201125,7,34
1655,1,A,1,805020202080,20201125,7,35
1656,4,B,0,805020202080,20201125,7,36
1657,3,B,1,805020202080,20201125,7,37
1658,4,B,0,805020202080,20201125,7,38
1659,3,B,0,805020202080,20201125,7,39
1660,4,B,0,805020202080,20201125,7,40
1661,3,B,0,805020202080,20201125,7,41
1662,4,B,1,805020202080,20201125,7,42
1663,3,B,0,805020202080,20201125,7,43
1664,4,B,0,805020202080,20201125,7,44
1665,3,B,0,805020202080,20201125,7,45
1666,4,B,1,805020202080,20201125,7,46
1667,6,C,1,805020202080,20201125,7,47
1668,5,C,1,805020202080,20201125,7,48
1669,6,C,1,805020202080,20201125,7,49
1670,5,C,0,805020202080,20201125,7,50
1671,6,C,1,805020202080,20201125,7,51
1672,5,C,0,805020202080,20201125,7,52
1673,6,C,1,805020202080,20201125,7,53
1674,5,C,1,805020202080,20201125,7,54
1675,6,C,1,805020202080,20201125,7,55
1676,5,C,0,805020202080,20201125,7,56
1677,6,C,1,805020202080,20201125,7,57
1678,5,C,0,805020202080,20201125,7,58
1679,6,C,0,805020202080,20201125,7,59
1680,5,C,1,205050802020,20201125,7,60
1681,6,C,0,205050802020,20201125,7,61
1682,5,C,0,205050802020,20201125,7,62
1683,6,C,0,205050802020,20201125,7,63
1684,4,B,1,205050802020,20201125,7,64
1685,3,B,0,205050802020,20201125,7,65
1686,4,B,1,205050802020,20201125,7,66
1687,3,B,1,205050802020,20201125,7,67
1688,4,B,1,205050802020,20201125,7,68
1689,3,B,1,205050802020,20201125,7,69
1690,4,B,1,205050802020,20201125,7,70
1691,3,B,0,205050802020,20201125,7,71
1692,4,B,1,205050802020,20201125,7,72
1693,3,B,0,205050802020,20201125,7,73
1694,4,B,1,205050802020,20201125,7,74
1695,3,B,1,205050802020,20201125,7,75
1696,4,B,1,205050802020,20201125,7,76
1697,3,B,0,205050802020,20201125,7,77
1698,4,B,1,205050802020,20201125,7,78
1699,3,B,0,205050802020,20201125,7,79
1700,4,B,1,205050802020,20201125,7,80
1701,3,B,0,205050802020,20201125,7,81
1702,4,B,1,205050802020,20201125,7,82
1703,3,B,1,205050802020,20201125,7,83
1704,4,B,1,205050802020,20201125,7,84
1705,3,B,1,205050802020,20201125,7,85
1706,4,B,1,205050802020,20201125,7,86
1707,3,B,0,205050802020,20201125,7,87
1708,4,B,1,205050802020,20201125,7,88
1709,3,B,0,205050802020,20201125,7,89
1710,4,B,1,205050802020,20201125,7,90
1711,3,B,1,205050802020,20201125,7,91
1712,4,B,1,205050802020,20201125,7,92
1713,3,B,0,205050802020,20201125,7,93
1714,4,B,1,205050802020,20201125,7,94
1715,3,B,0,205050802020,20201125,7,95
1716,4,B,1,205050802020,20201125,7,96
1717,3,B,1,205050802020,20201125,7,97
1718,4,B,1,205050802020,20201125,7,98
1719,3,B,0,205050802020,20201125,7,99
1720,4,B,1,205050802020,20201125,7,100
1721,3,B,1,205050802020,20201125,7,101
1722,4,B,0,205050802020,20201125,7,102
1723,3,B,0,205050802020,20201125,7,103
1724,4,B,1,205050802020,20201125,7,104
1725,3,B,0,205050802020,20201125,7,105
1726,4,B,1,205050802020,20201125,7,106
1727,3,B,1,205050802020,20201125,7,107
1728,4,B,1,205050802020,20201125,7,108
1729,3,B,0,205050802020,20201125,7,109
1730,4,B,1,205050802020,20201125,7,110
1731,3,B,1,205050802020,20201125,7,111
1732,4,B,1,205050802020,20201125,7,112
1733,3,B,1,205050802020,20201125,7,113
1734,4,B,1,205050802020,20201125,7,114
1735,3,B,0,205050802020,20201125,7,115
1736,4,B,1,205050802020,20201125,7,116
1737,3,B,1,205050802020,20201125,7,117
1738,4,B,0,205050802020,20201125,7,118
1739,3,B,0,205050802020,20201125,7,119
1740,4,B,1,502020508050,20201125,7,120
1741,3,B,0,502020508050,20201125,7,121
1742,4,B,0,502020508050,20201125,7,122
1743,3,B,0,502020508050,20201125,7,123
1744,4,B,0,502020508050,20201125,7,124
1745,3,B,0,502020508050,20201125,7,125
1746,4,B,0,502020508050,20201125,7,126
1747,6,C,0,502020508050,20201125,7,127
1748,5,C,1,502020508050,20201125,7,128
1749,6,C,0,502020508050,20201125,7,129
1750,1,A,0,502020508050,20201125,7,130
1751,2,A,0,502020508050,20201125,7,131
1752,1,A,0,502020508050,20201125,7,132
1753,2,A,0,502020508050,20201125,7,133
1754,4,B,0,502020508050,20201125,7,134
1755,3,B,0,502020508050,20201125,7,135
1756,4,B,0,502020508050,20201125,7,136
1757,3,B,1,502020508050,20201125,7,137
1758,4,B,1,502020508050,20201125,7,138
1759,3,B,0,502020508050,20201125,7,139
1760,4,B,1,502020508050,20201125,7,140
1761,3,B,0,502020508050,20201125,7,141
1762,4,B,1,502020508050,20201125,7,142
1763,3,B,0,502020508050,20201125,7,143
1764,4,B,1,502020508050,20201125,7,144
1765,3,B,0,502020508050,20201125,7,145
1766,4,B,0,502020508050,20201125,7,146
1767,3,B,0,502020508050,20201125,7,147
1768,4,B,0,502020508050,20201125,7,148
1769,6,C,1,502020508050,20201125,7,149
1770,5,C,1,502020508050,20201125,7,150
1771,6,C,1,502020508050,20201125,7,151
1772,5,C,1,502020508050,20201125,7,152
1773,6,C,0,502020508050,20201125,7,153
1774,5,C,0,502020508050,20201125,7,154
1775,6,C,1,502020508050,20201125,7,155
1776,5,C,1,502020508050,20201125,7,156
1777,6,C,1,502020508050,20201125,7,157
1778,5,C,1,502020508050,20201125,7,158
1779,6,C,0,502020508050,20201125,7,159
1780,5,C,1,502020508050,20201125,7,160
1781,6,C,1,502020508050,20201125,7,161
1782,5,C,1,502020508050,20201125,7,162
1783,6,C,0,502020508050,20201125,7,163
1784,5,C,1,502020508050,20201125,7,164
1785,6,C,1,502020508050,20201125,7,165
1786,5,C,0,502020508050,20201125,7,166
1787,6,C,1,502020508050,20201125,7,167
1788,5,C,1,502020508050,20201125,7,168
1789,6,C,1,502020508050,20201125,7,169
1790,5,C,1,502020508050,20201125,7,170
1791,6,C,0,502020508050,20201125,7,171
1792,5,C,0,502020508050,20201125,7,172
1793,6,C,0,502020508050,20201125,7,173
1794,5,C,1,502020508050,20201125,7,174
1795,6,C,1,502020508050,20201125,7,175
1796,5,C,1,502020508050,20201125,7,176
1797,6,C,1,502020508050,20201125,7,177
1798,5,C,1,502020508050,20201125,7,178
1799,6,C,1,502020508050,20201125,7,179
1800,1,A,1,508020202020,20201127,1,0
1801,2,A,1,508020202020,20201127,1,1
1802,6,C,0,508020202020,20201127,1,2
1803,5,C,0,508020202020,20201127,1,3
1804,4,B,0,508020202020,20201127,1,4
1805,3,B,0,508020202020,20201127,1,5
1806,4,B,0,508020202020,20201127,1,6
1807,3,B,0,508020202020,20201127,1,7
1808,1,A,0,508020202020,20201127,1,8
1809,2,A,1,508020202020,20201127,1,9
1810,1,A,0,508020202020,20201127,1,10
1811,6,C,0,508020202020,20201127,1,11
1812,5,C,0,508020202020,20201127,1,12
1813,6,C,0,508020202020,20201127,1,13
1814,4,B,1,508020202020,20201127,1,14
1815,3,B,0,508020202020,20201127,1,15
1816,4,B,0,508020202020,20201127,1,16
1817,2,A,1,508020202020,20201127,1,17
1818,1,A,1,508020202020,20201127,1,18
1819,2,A,0,508020202020,20201127,1,19
1820,1,A,0,508020202020,20201127,1,20
1821,2,A,1,508020202020,20201127,1,21
1822,5,C,0,508020202020,20201127,1,22
1823,6,C,0,508020202020,20201127,1,23
1824,5,C,0,508020202020,20201127,1,24
1825,4,B,1,508020202020,20201127,1,25
1826,3,B,0,508020202020,20201127,1,26
1827,4,B,0,508020202020,20201127,1,27
1828,3,B,0,508020202020,20201127,1,28
1829,4,B,0,508020202020,20201127,1,29
1830,2,A,1,508020202020,20201127,1,30
1831,1,A,1,508020202020,20201127,1,31
1832,2,A,1,508020202020,20201127,1,32
1833,1,A,0,508020202020,20201127,1,33
1834,2,A,1,508020202020,20201127,1,34
1835,1,A,1,508020202020,20201127,1,35
1836,2,A,1,508020202020,20201127,1,36
1837,1,A,1,508020202020,20201127,1,37
1838,2,A,1,508020202020,20201127,1,38
1839,1,A,1,508020202020,20201127,1,39
1840,2,A,1,508020202020,20201127,1,40
1841,1,A,1,508020202020,20201127,1,41
1842,2,A,1,508020202020,20201127,1,42
1843,1,A,1,508020202020,20201127,1,43
1844,2,A,1,508020202020,20201127,1,44
1845,1,A,1,508020202020,20201127,1,45
1846,2,A,1,508020202020,20201127,1,46
1847,1,A,1,508020202020,20201127,1,47
1848,2,A,1,508020202020,20201127,1,48
1849,1,A,1,508020202020,20201127,1,49
1850,2,A,1,508020202020,20201127,1,50
1851,1,A,1,508020202020,20201127,1,51
1852,2,A,0,508020202020,20201127,1,52
1853,1,A,1,508020202020,20201127,1,53
1854,2,A,1,508020202020,20201127,1,54
1855,1,A,0,508020202020,20201127,1,55
1856,2,A,1,508020202020,20201127,1,56
1857,1,A,1,508020202020,20201127,1,57
1858,2,A,1,508020202020,20201127,1,58
1859,1,A,1,508020202020,20201127,1,59
1860,2,A,0,202020508050,20201127,1,60
1861,1,A,1,202020508050,20201127,1,61
1862,2,A,0,202020508050,20201127,1,62
1863,1,A,1,202020508050,20201127,1,63
1864,2,A,0,202020508050,20201127,1,64
1865,1,A,0,202020508050,20201127,1,65
1866,4,B,1,202020508050,20201127,1,66
1867,3,B,0,202020508050,20201127,1,67
1868,4,B,0,202020508050,20201127,1,68
1869,6,C,1,202020508050,20201127,1,69
1870,5,C,1,202020508050,20201127,1,70
1871,6,C,0,202020508050,20201127,1,71
1872,2,A,0,202020508050,20201127,1,72
1873,1,A,0,202020508050,20201127,1,73
1874,2,A,0,202020508050,20201127,1,74
1875,1,A,0,202020508050,20201127,1,75
1876,4,B,1,202020508050,20201127,1,76
1877,3,B,0,202020508050,20201127,1,77
1878,4,B,0,202020508050,20201127,1,78
1879,1,A,0,202020508050,20201127,1,79
1880,2,A,0,202020508050,20201127,1,80
1881,5,C,1,202020508050,20201127,1,81
1882,6,C,0,202020508050,20201127,1,82
1883,5,C,1,202020508050,20201127,1,83
1884,3,B,0,202020508050,20201127,1,84
1885,4,B,0,202020508050,20201127,1,85
1886,3,B,0,202020508050,20201127,1,86
1887,4,B,1,202020508050,20201127,1,87
1888,1,A,0,202020508050,20201127,1,88
1889,2,A,0,202020508050,20201127,1,89
1890,1,A,0,202020508050,20201127,1,90
1891,6,C,1,202020508050,20201127,1,91
1892,5,C,1,202020508050,20201127,1,92
1893,6,C,0,202020508050,20201127,1,93
1894,5,C,1,202020508050,20201127,1,94
1895,6,C,0,202020508050,20201127,1,95
1896,5,C,0,202020508050,20201127,1,96
1897,4,B,1,202020508050,20201127,1,97
1898,3,B,1,202020508050,20201127,1,98
1899,4,B,1,202020508050,20201127,1,99
1900,3,B,0,202020508050,20201127,1,100
1901,4,B,0,202020508050,20201127,1,101
1902,5,C,1,202020508050,20201127,1,102
1903,6,C,0,202020508050,20201127,1,103
1904,5,C,1,202020508050,20201127,1,104
1905,1,A,0,202020508050,20201127,1,105
1906,2,A,0,202020508050,20201127,1,106
1907,1,A,0,202020508050,20201127,1,107
1908,4,B,1,202020508050,20201127,1,108
1909,3,B,0,202020508050,20201127,1,109
1910,4,B,1,202020508050,20201127,1,110
1911,5,C,1,202020508050,20201127,1,111
1912,6,C,1,202020508050,20201127,1,112
1913,5,C,1,202020508050,20201127,1,113
1914,6,C,1,202020508050,20201127,1,114
1915,5,C,1,202020508050,20201127,1,115
1916,6,C,0,202020508050,20201127,1,116
1917,5,C,0,202020508050,20201127,1,117
1918,4,B,0,202020508050,20201127,1,118
1919,3,B,0,202020508050,20201127,1,119
1920,4,B,0,805020202020,20201127,1,120
1921,6,C,1,805020202020,20201127,1,121
1922,5,C,1,805020202020,20201127,1,122
1923,6,C,1,805020202020,20201127,1,123
1924,5,C,0,805020202020,20201127,1,124
1925,6,C,0,805020202020,20201127,1,125
1926,4,B,0,805020202020,20201127,1,126
1927,3,B,0,805020202020,20201127,1,127
1928,4,B,0,805020202020,20201127,1,128
1929,2,A,1,805020202020,20201127,1,129
1930,1,A,1,805020202020,20201127,1,130
1931,2,A,1,805020202020,20201127,1,131
1932,1,A,1,805020202020,20201127,1,132
1933,2,A,1,805020202020,20201127,1,133
1934,1,A,1,805020202020,20201127,1,134
1935,2,A,0,805020202020,20201127,1,135
1936,1,A,1,805020202020,20201127,1,136
1937,2,A,0,805020202020,20201127,1,137
1938,1,A,1,805020202020,20201127,1,138
1939,6,C,1,805020202020,20201127,1,139
1940,5,C,1,805020202020,20201127,1,140
1941,6,C,1,805020202020,20201127,1,141
1942,5,C,0,805020202020,20201127,1,142
1943,6,C,0,805020202020,20201127,1,143
1944,4,B,0,805020202020,20201127,1,144
1945,3,B,0,805020202020,20201127,1,145
1946,4,B,0,805020202020,20201127,1,146
1947,2,A,0,805020202020,20201127,1,147
1948,1,A,1,805020202020,20201127,1,148
1949,2,A,0,805020202020,20201127,1,149
1950,1,A,1,805020202020,20201127,1,150
1951,6,C,0,805020202020,20201127,1,151
1952,5,C,0,805020202020,20201127,1,152
1953,6,C,0,805020202020,20201127,1,153
1954,4,B,0,805020202020,20201127,1,154
1955,3,B,0,805020202020,20201127,1,155
1956,4,B,1,805020202020,20201127,1,156
1957,3,B,0,805020202020,20201127,1,157
1958,4,B,0,805020202020,20201127,1,158
1959,1,A,0,805020202020,20201127,1,159
1960,2,A,0,805020202020,20201127,1,160
1961,1,A,1,805020202020,20201127,1,161
1962,6,C,1,805020202020,20201127,1,162
1963,5,C,1,805020202020,20201127,1,163
1964,6,C,0,805020202020,20201127,1,164
1965,5,C,0,805020202020,20201127,1,165
1966,6,C,0,805020202020,20201127,1,166
1967,4,B,0,805020202020,20201127,1,167
1968,3,B,0,805020202020,20201127,1,168
1969,4,B,0,805020202020,20201127,1,169
1970,1,A,1,805020202020,20201127,1,170
1971,2,A,1,805020202020,20201127,1,171
1972,1,A,1,805020202020,20201127,1,172
1973,2,A,0,805020202020,20201127,1,173
1974,1,A,1,805020202020,20201127,1,174
1975,2,A,0,805020202020,20201127,1,175
1976,1,A,1,805020202020,20201127,1,176
1977,6,C,0,805020202020,20201127,1,177
1978,5,C,0,805020202020,20201127,1,178
1979,6,C,0,805020202020,20201127,1,179
1980,1,A,0,202080502050,20201127,2,0
1981,2,A,0,202080502050,20201127,2,1
1982,6,C,0,202080502050,20201127,2,2
1983,5,C,0,202080502050,20201127,2,3
1984,4,B,1,202080502050,20201127,2,4
1985,3,B,1,202080502050,20201127,2,5
1986,4,B,1,202080502050,20201127,2,6
1987,3,B,1,202080502050,20201127,2,7
1988,4,B,1,202080502050,20201127,2,8
1989,3,B,1,202080502050,20201127,2,9
1990,4,B,1,202080502050,20201127,2,10
1991,6,C,1,202080502050,20201127,2,11
1992,5,C,0,202080502050,20201127,2,12
1993,6,C,0,202080502050,20201127,2,13
1994,1,A,0,202080502050,20201127,2,14
1995,2,A,0,202080502050,20201127,2,15
1996,1,A,0,202080502050,20201127,2,16
1997,2,A,1,202080502050,20201127,2,17
1998,1,A,1,202080502050,20201127,2,18
1999,2,A,0,202080502050,20201127,2,19
2000,1,A,0,202080502050,20201127,2,20
2001,4,B,0,202080502050,20201127,2,21
2002,3,B,1,202080502050,20201127,2,22
2003,4,B,0,202080502050,20201127,2,23
2004,3,B,1,202080502050,20201127,2,24
2005,4,B,1,202080502050,20201127,2,25
2006,3,B,1,202080502050,20201127,2,26
2007,4,B,1,202080502050,20201127,2,27
2008,3,B,1,202080502050,20201127,2,28
2009,4,B,1,202080502050,20201127,2,29
2010,3,B,1,202080502050,20201127,2,30
2011,4,B,1,202080502050,20201127,2,31
2012,3,B,1,202080502050,20201127,2,32
2013,4,B,0,202080502050,20201127,2,33
2014,3,B,0,202080502050,20201127,2,34
2015,1,A,0,202080502050,20201127,2,35
2016,2,A,0,202080502050,20201127,2,36
2017,1,A,0,202080502050,20201127,2,37
2018,5,C,1,202080502050,20201127,2,38
2019,6,C,0,202080502050,20201127,2,39
2020,5,C,0,202080502050,20201127,2,40
2021,4,B,1,202080502050,20201127,2,41
2022,3,B,1,202080502050,20201127,2,42
2023,4,B,1,202080502050,20201127,2,43
2024,3,B,0,202080502050,20201127,2,44
2025,4,B,1,202080502050,20201127,2,45
2026,3,B,0,202080502050,20201127,2,46
2027,4,B,0,202080502050,20201127,2,47
2028,5,C,0,202080502050,20201127,2,48
2029,6,C,1,202080502050,20201127,2,49
2030,5,C,0,202080502050,20201127,2,50
2031,6,C,1,202080502050,20201127,2,51
2032,4,B,0,202080502050,20201127,2,52
2033,3,B,1,202080502050,20201127,2,53
2034,4,B,0,202080502050,20201127,2,54
2035,3,B,1,202080502050,20201127,2,55
2036,4,B,1,202080502050,20201127,2,56
2037,3,B,1,202080502050,20201127,2,57
2038,4,B,1,202080502050,20201127,2,58
2039,3,B,1,202080502050,20201127,2,59
2040,4,B,1,802020502020,20201127,2,60
2041,3,B,0,802020502020,20201127,2,61
2042,4,B,0,802020502020,20201127,2,62
2043,1,A,1,802020502020,20201127,2,63
2044,2,A,0,802020502020,20201127,2,64
2045,1,A,0,802020502020,20201127,2,65
2046,2,A,0,802020502020,20201127,2,66
2047,1,A,1,802020502020,20201127,2,67
2048,4,B,0,802020502020,20201127,2,68
2049,3,B,0,802020502020,20201127,2,69
2050,4,B,0,802020502020,20201127,2,70
2051,3,B,1,802020502020,20201127,2,71
2052,4,B,0,802020502020,20201127,2,72
2053,3,B,0,802020502020,20201127,2,73
2054,4,B,0,802020502020,20201127,2,74
2055,5,C,0,802020502020,20201127,2,75
2056,6,C,0,802020502020,20201127,2,76
2057,5,C,0,802020502020,20201127,2,77
2058,6,C,1,802020502020,20201127,2,78
2059,5,C,0,802020502020,20201127,2,79
2060,6,C,0,802020502020,20201127,2,80
2061,1,A,1,802020502020,20201127,2,81
2062,2,A,0,802020502020,20201127,2,82
2063,1,A,1,802020502020,20201127,2,83
2064,4,B,0,802020502020,20201127,2,84
2065,3,B,0,802020502020,20201127,2,85
2066,4,B,0,802020502020,20201127,2,86
2067,3,B,1,802020502020,20201127,2,87
2068,4,B,1,802020502020,20201127,2,88
2069,3,B,0,802020502020,20201127,2,89
2070,4,B,1,802020502020,20201127,2,90
2071,3,B,0,802020502020,20201127,2,91
2072,4,B,1,802020502020,20201127,2,92
2073,3,B,0,802020502020,20201127,2,93
2074,4,B,0,802020502020,20201127,2,94
2075,5,C,0,802020502020,20201127,2,95
2076,6,C,0,802020502020,20201127,2,96
2077,1,A,1,802020502020,20201127,2,97
2078,4,B,1,802020502020,20201127,2,98
2079,3,B,0,802020502020,20201127,2,99
2080,4,B,0,802020502020,20201127,2,100
2081,3,B,1,802020502020,20201127,2,101
2082,4,B,0,802020502020,20201127,2,102
2083,3,B,0,802020502020,20201127,2,103
2084,4,B,0,802020502020,20201127,2,104
2085,3,B,1,802020502020,20201127,2,105
2086,4,B,0,802020502020,20201127,2,106
2087,3,B,0,802020502020,20201127,2,107
2088,4,B,0,802020502020,20201127,2,108
2089,3,B,0,802020502020,20201127,2,109
2090,1,A,1,802020502020,20201127,2,110
2091,4,B,1,802020502020,20201127,2,111
2092,3,B,0,802020502020,20201127,2,112
2093,4,B,0,802020502020,20201127,2,113
2094,5,C,0,802020502020,20201127,2,114
2095,6,C,0,802020502020,20201127,2,115
2096,5,C,0,802020502020,20201127,2,116
2097,6,C,0,802020502020,20201127,2,117
2098,1,A,0,802020502020,20201127,2,118
2099,2,A,0,802020502020,20201127,2,119
2100,1,A,0,202020202080,20201127,2,120
2101,4,B,0,202020202080,20201127,2,121
2102,3,B,0,202020202080,20201127,2,122
2103,4,B,0,202020202080,20201127,2,123
2104,3,B,0,202020202080,20201127,2,124
2105,4,B,0,202020202080,20201127,2,125
2106,3,B,0,202020202080,20201127,2,126
2107,1,A,0,202020202080,20201127,2,127
2108,2,A,1,202020202080,20201127,2,128
2109,1,A,1,202020202080,20201127,2,129
2110,2,A,0,202020202080,20201127,2,130
2111,1,A,0,202020202080,20201127,2,131
2112,2,A,0,202020202080,20201127,2,132
2113,1,A,0,202020202080,20201127,2,133
2114,4,B,0,202020202080,20201127,2,134
2115,3,B,1,202020202080,20201127,2,135
2116,4,B,0,202020202080,20201127,2,136
2117,3,B,0,202020202080,20201127,2,137
2118,4,B,0,202020202080,20201127,2,138
2119,3,B,0,202020202080,20201127,2,139
2120,4,B,0,202020202080,20201127,2,140
2121,5,C,0,202020202080,20201127,2,141
2122,6,C,1,202020202080,20201127,2,142
2123,5,C,0,202020202080,20201127,2,143
2124,6,C,1,202020202080,20201127,2,144
2125,5,C,0,202020202080,20201127,2,145
2126,6,C,1,202020202080,20201127,2,146
2127,5,C,0,202020202080,20201127,2,147
2128,6,C,1,202020202080,20201127,2,148
2129,5,C,0,202020202080,20201127,2,149
2130,6,C,1,202020202080,20201127,2,150
2131,5,C,0,202020202080,20201127,2,151
2132,6,C,1,202020202080,20201127,2,152
2133,5,C,0,202020202080,20201127,2,153
2134,6,C,0,202020202080,20201127,2,154
2135,1,A,0,202020202080,20201127,2,155
2136,2,A,0,202020202080,20201127,2,156
2137,1,A,0,202020202080,20201127,2,157
2138,4,B,0,202020202080,20201127,2,158
2139,3,B,0,202020202080,20201127,2,159
2140,4,B,0,202020202080,20201127,2,160
2141,3,B,0,202020202080,20201127,2,161
2142,4,B,0,202020202080,20201127,2,162
2143,1,A,0,202020202080,20201127,2,163
2144,6,C,1,202020202080,20201127,2,164
2145,5,C,0,202020202080,20201127,2,165
2146,6,C,1,202020202080,20201127,2,166
2147,5,C,0,202020202080,20201127,2,167
2148,6,C,1,202020202080,20201127,2,168
2149,4,B,0,202020202080,20201127,2,169
2150,3,B,0,202020202080,20201127,2,170
2151,4,B,1,202020202080,20201127,2,171
2152,3,B,1,202020202080,20201127,2,172
2153,4,B,0,202020202080,20201127,2,173
2154,3,B,0,202020202080,20201127,2,174
2155,4,B,0,202020202080,20201127,2,175
2156,6,C,1,202020202080,20201127,2,176
2157,5,C,0,202020202080,20201127,2,177
2158,6,C,1,202020202080,20201127,2,178
2159,5,C,0,202020202080,20201127,2,179
2160,6,C,1,508020202020,20201127,3,0
2161,1,A,1,508020202020,20201127,3,1
2162,2,A,1,508020202020,20201127,3,2
2163,1,A,1,508020202020,20201127,3,3
2164,4,B,0,508020202020,20201127,3,4
2165,3,B,0,508020202020,20201127,3,5
2166,4,B,0,508020202020,20201127,3,6
2167,3,B,0,508020202020,20201127,3,7
2168,5,C,1,508020202020,20201127,3,8
2169,6,C,0,508020202020,20201127,3,9
2170,5,C,0,508020202020,20201127,3,10
2171,2,A,1,508020202020,20201127,3,11
2172,1,A,0,508020202020,20201127,3,12
2173,2,A,1,508020202020,20201127,3,13
2174,1,A,1,508020202020,20201127,3,14
2175,2,A,1,508020202020,20201127,3,15
2176,1,A,1,508020202020,20201127,3,16
2177,2,A,0,508020202020,20201127,3,17
2178,1,A,0,508020202020,20201127,3,18
2179,4,B,0,508020202020,20201127,3,19
2180,3,B,1,508020202020,20201127,3,20
2181,4,B,0,508020202020,20201127,3,21
2182,3,B,0,508020202020,20201127,3,22
2183,6,C,0,508020202020,20201127,3,23
2184,5,C,0,508020202020,20201127,3,24
2185,6,C,1,508020202020,20201127,3,25
2186,5,C,0,508020202020,20201127,3,26
2187,6,C,0,508020202020,20201127,3,27
2188,2,A,0,508020202020,20201127,3,28
2189,1,A,1,508020202020,20201127,3,29
2190,2,A,1,508020202020,20201127,3,30
2191,1,A,0,508020202020,20201127,3,31
2192,2,A,1,508020202020,20201127,3,32
2193,1,A,0,508020202020,20201127,3,33
2194,2,A,1,508020202020,20201127,3,34
2195,1,A,1,508020202020,20201127,3,35
2196,2,A,1,508020202020,20201127,3,36
2197,1,A,0,508020202020,20201127,3,37
2198,2,A,1,508020202020,20201127,3,38
2199,1,A,0,508020202020,20201127,3,39
2200,2,A,1,508020202020,20201127,3,40
2201,1,A,1,508020202020,20201127,3,41
2202,2,A,1,508020202020,20201127,3,42
2203,1,A,1,508020202020,20201127,3,43
2204,2,A,1,508020202020,20201127,3,44
2205,1,A,0,508020202020,20201127,3,45
2206,2,A,1,508020202020,20201127,3,46
2207,1,A,0,508020202020,20201127,3,47
2208,2,A,1,508020202020,20201127,3,48
2209,1,A,0,508020202020,20201127,3,49
2210,2,A,1,508020202020,20201127,3,50
2211,1,A,1,508020202020,20201127,3,51
2212,2,A,1,508020202020,20201127,3,52
2213,1,A,1,508020202020,20201127,3,53
2214,2,A,0,508020202020,20201127,3,54
2215,1,A,0,508020202020,20201127,3,55
2216,2,A,0,508020202020,20201127,3,56
2217,1,A,0,508020202020,20201127,3,57
2218,4,B,0,508020202020,20201127,3,58
2219,3,B,0,508020202020,20201127,3,59
2220,4,B,0,202020208050,20201127,3,60
2221,3,B,0,202020208050,20201127,3,61
2222,4,B,1,202020208050,20201127,3,62
2223,6,C,1,202020208050,20201127,3,63
2224,5,C,1,202020208050,20201127,3,64
2225,6,C,1,202020208050,20201127,3,65
2226,5,C,0,202020208050,20201127,3,66
2227,6,C,0,202020208050,20201127,3,67
2228,2,A,0,202020208050,20201127,3,68
2229,1,A,0,202020208050,20201127,3,69
2230,2,A,0,202020208050,20201127,3,70
2231,1,A,0,202020208050,20201127,3,71
2232,2,A,1,202020208050,20201127,3,72
2233,1,A,0,202020208050,20201127,3,73
2234,2,A,0,202020208050,20201127,3,74
2235,4,B,0,202020208050,20201127,3,75
2236,3,B,0,202020208050,20201127,3,76
2237,4,B,0,202020208050,20201127,3,77
2238,6,C,1,202020208050,20201127,3,78
2239,5,C,0,202020208050,20201127,3,79
2240,6,C,0,202020208050,20201127,3,80
2241,2,A,0,202020208050,20201127,3,81
2242,1,A,0,202020208050,20201127,3,82
2243,2,A,0,202020208050,20201127,3,83
2244,6,C,1,202020208050,20201127,3,84
2245,5,C,1,202020208050,20201127,3,85
2246,6,C,1,202020208050,20201127,3,86
2247,5,C,0,202020208050,20201127,3,87
2248,6,C,1,202020208050,20201127,3,88
2249,5,C,0,202020208050,20201127,3,89
2250,6,C,1,202020208050,20201127,3,90
2251,5,C,1,202020208050,20201127,3,91
2252,6,C,0,202020208050,20201127,3,92
2253,5,C,0,202020208050,20201127,3,93
2254,6,C,0,202020208050,20201127,3,94
2255,4,B,0,202020208050,20201127,3,95
2256,3,B,0,202020208050,20201127,3,96
2257,4,B,0,202020208050,20201127,3,97
2258,3,B,0,202020208050,20201127,3,98
2259,4,B,0,202020208050,20201127,3,99
2260,2,A,0,202020208050,20201127,3,100
2261,1,A,0,202020208050,20201127,3,101
2262,2,A,0,202020208050,20201127,3,102
2263,6,C,0,202020208050,20201127,3,103
2264,5,C,1,202020208050,20201127,3,104
2265,6,C,0,202020208050,20201127,3,105
2266,5,C,1,202020208050,20201127,3,106
2267,6,C,0,202020208050,20201127,3,107
2268,5,C,1,202020208050,20201127,3,108
2269,6,C,1,202020208050,20201127,3,109
2270,5,C,1,202020208050,20201127,3,110
2271,6,C,0,202020208050,20201127,3,111
2272,5,C,1,202020208050,20201127,3,112
2273,6,C,1,202020208050,20201127,3,113
2274,5,C,1,202020208050,20201127,3,114
2275,6,C,1,202020208050,20201127,3,115
2276,5,C,1,202020208050,20201127,3,116
2277,6,C,0,202020208050,20201127,3,117
2278,5,C,1,202020208050,20201127,3,118
2279,6,C,1,202020208050,20201127,3,119
2280,5,C,0,802050802020,20201127,3,120
2281,6,C,0,802050802020,20201127,3,121
2282,5,C,0,802050802020,20201127,3,122
2283,6,C,0,802050802020,20201127,3,123
2284,4,B,1,802050802020,20201127,3,124
2285,3,B,0,802050802020,20201127,3,125
2286,4,B,1,802050802020,20201127,3,126
2287,3,B,1,802050802020,20201127,3,127
2288,4,B,1,802050802020,20201127,3,128
2289,3,B,0,802050802020,20201127,3,129
2290,4,B,1,802050802020,20201127,3,130
2291,3,B,1,802050802020,20201127,3,131
2292,4,B,1,802050802020,20201127,3,132
2293,3,B,0,802050802020,20201127,3,133
2294,4,B,1,802050802020,20201127,3,134
2295,3,B,0,802050802020,20201127,3,135
2296,4,B,1,802050802020,20201127,3,136
2297,3,B,1,802050802020,20201127,3,137
2298,4,B,1,802050802020,20201127,3,138
2299,3,B,1,802050802020,20201127,3,139
2300,4,B,1,802050802020,20201127,3,140
2301,3,B,0,802050802020,20201127,3,141
2302,4,B,1,802050802020,20201127,3,142
2303,3,B,0,802050802020,20201127,3,143
2304,4,B,1,802050802020,20201127,3,144
2305,3,B,0,802050802020,20201127,3,145
2306,4,B,0,802050802020,20201127,3,146
2307,3,B,1,802050802020,20201127,3,147
2308,4,B,0,802050802020,20201127,3,148
2309,3,B,0,802050802020,20201127,3,149
2310,4,B,1,802050802020,20201127,3,150
2311,3,B,1,802050802020,20201127,3,151
2312,4,B,1,802050802020,20201127,3,152
2313,3,B,1,802050802020,20201127,3,153
2314,4,B,1,802050802020,20201127,3,154
2315,3,B,1,802050802020,20201127,3,155
2316,4,B,0,802050802020,20201127,3,156
2317,3,B,0,802050802020,20201127,3,157
2318,4,B,1,802050802020,20201127,3,158
2319,3,B,1,802050802020,20201127,3,159
2320,4,B,1,802050802020,20201127,3,160
2321,3,B,1,802050802020,20201127,3,161
2322,4,B,1,802050802020,20201127,3,162
2323,3,B,0,802050802020,20201127,3,163
2324,4,B,1,802050802020,20201127,3,164
2325,3,B,0,802050802020,20201127,3,165
2326,4,B,1,802050802020,20201127,3,166
2327,3,B,0,802050802020,20201127,3,167
2328,4,B,1,802050802020,20201127,3,168
2329,3,B,1,802050802020,20201127,3,169
2330,4,B,1,802050802020,20201127,3,170
2331,3,B,0,802050802020,20201127,3,171
2332,4,B,1,802050802020,20201127,3,172
2333,3,B,0,802050802020,20201127,3,173
2334,4,B,1,802050802020,20201127,3,174
2335,3,B,0,802050802020,20201127,3,175
2336,4,B,1,802050802020,20201127,3,176
2337,3,B,0,802050802020,20201127,3,177
2338,4,B,1,802050802020,20201127,3,178
2339,3,B,0,802050802020,20201127,3,179
2340,6,C,0,205020205080,20201127,4,0
2341,5,C,1,205020205080,20201127,4,1
2342,6,C,1,205020205080,20201127,4,2
2343,4,B,0,205020205080,20201127,4,3
2344,3,B,1,205020205080,20201127,4,4
2345,4,B,0,205020205080,20201127,4,5
2346,3,B,0,205020205080,20201127,4,6
2347,4,B,0,205020205080,20201127,4,7
2348,2,A,1,205020205080,20201127,4,8
2349,1,A,0,205020205080,20201127,4,9
2350,2,A,0,205020205080,20201127,4,10
2351,1,A,0,205020205080,20201127,4,11
2352,6,C,1,205020205080,20201127,4,12
2353,5,C,1,205020205080,20201127,4,13
2354,6,C,1,205020205080,20201127,4,14
2355,5,C,0,205020205080,20201127,4,15
2356,6,C,0,205020205080,20201127,4,16
2357,5,C,1,205020205080,20201127,4,17
2358,6,C,1,205020205080,20201127,4,18
2359,5,C,0,205020205080,20201127,4,19
2360,6,C,1,205020205080,20201127,4,20
2361,4,B,0,205020205080,20201127,4,21
2362,3,B,1,205020205080,20201127,4,22
2363,4,B,1,205020205080,20201127,4,23
2364,3,B,1,205020205080,20201127,4,24
2365,4,B,0,205020205080,20201127,4,25
2366,3,B,0,205020205080,20201127,4,26
2367,4,B,0,205020205080,20201127,4,27
2368,3,B,0,205020205080,20201127,4,28
2369,6,C,1,205020205080,20201127,4,29
2370,5,C,0,205020205080,20201127,4,30
2371,6,C,1,205020205080,20201127,4,31
2372,5,C,0,205020205080,20201127,4,32
2373,6,C,1,205020205080,20201127,4,33
2374,5,C,1,205020205080,20201127,4,34
2375,6,C,1,205020205080,20201127,4,35
2376,5,C,1,205020205080,20201127,4,36
2377,6,C,1,205020205080,20201127,4,37
2378,5,C,0,205020205080,20201127,4,38
2379,6,C,1,205020205080,20201127,4,39
2380,5,C,0,205020205080,20201127,4,40
2381,6,C,1,205020205080,20201127,4,41
2382,4,B,0,205020205080,20201127,4,42
2383,3,B,1,205020205080,20201127,4,43
2384,4,B,0,205020205080,20201127,4,44
2385,3,B,0,205020205080,20201127,4,45
2386,4,B,0,205020205080,20201127,4,46
2387,3,B,0,205020205080,20201127,4,47
2388,6,C,1,205020205080,20201127,4,48
2389,5,C,1,205020205080,20201127,4,49
2390,6,C,1,205020205080,20201127,4,50
2391,5,C,0,205020205080,20201127,4,51
2392,6,C,1,205020205080,20201127,4,52
2393,5,C,1,205020205080,20201127,4,53
2394,6,C,1,205020205080,20201127,4,54
2395,5,C,0,205020205080,20201127,4,55
2396,6,C,1,205020205080,20201127,4,56
2397,5,C,1,205020205080,20201127,4,57
2398,6,C,1,205020205080,20201127,4,58
2399,5,C,1,205020205080,20201127,4,59
2400,6,C,1,508050202020,20201127,4,60
2401,5,C,0,508050202020,20201127,4,61
2402,6,C,0,508050202020,20201127,4,62
2403,5,C,0,508050202020,20201127,4,63
2404,6,C,1,508050202020,20201127,4,64
2405,5,C,0,508050202020,20201127,4,65
2406,6,C,0,508050202020,20201127,4,66
2407,2,A,1,508050202020,20201127,4,67
2408,1,A,1,508050202020,20201127,4,68
2409,2,A,1,508050202020,20201127,4,69
2410,1,A,0,508050202020,20201127,4,70
2411,2,A,1,508050202020,20201127,4,71
2412,1,A,1,508050202020,20201127,4,72
2413,2,A,1,508050202020,20201127,4,73
2414,1,A,1,508050202020,20201127,4,74
2415,2,A,1,508050202020,20201127,4,75
2416,1,A,1,508050202020,20201127,4,76
2417,2,A,0,508050202020,20201127,4,77
2418,1,A,0,508050202020,20201127,4,78
2419,2,A,1,508050202020,20201127,4,79
2420,1,A,1,508050202020,20201127,4,80
2421,2,A,1,508050202020,20201127,4,81
2422,1,A,0,508050202020,20201127,4,82
2423,2,A,1,508050202020,20201127,4,83
2424,1,A,1,508050202020,20201127,4,84
2425,2,A,1,508050202020,20201127,4,85
2426,1,A,0,508050202020,20201127,4,86
2427,2,A,1,508050202020,20201127,4,87
2428,1,A,1,508050202020,20201127,4,88
2429,2,A,0,508050202020,20201127,4,89
2430,1,A,1,508050202020,20201127,4,90
2431,2,A,1,508050202020,20201127,4,91
2432,1,A,1,508050202020,20201127,4,92
2433,2,A,1,508050202020,20201127,4,93
2434,1,A,0,508050202020,20201127,4,94
2435,2,A,0,508050202020,20201127,4,95
2436,1,A,0,508050202020,20201127,4,96
2437,2,A,0,508050202020,20201127,4,97
2438,6,C,0,508050202020,20201127,4,98
2439,5,C,0,508050202020,20201127,4,99
2440,6,C,1,508050202020,20201127,4,100
2441,5,C,0,508050202020,20201127,4,101
2442,6,C,0,508050202020,20201127,4,102
2443,4,B,0,508050202020,20201127,4,103
2444,3,B,1,508050202020,20201127,4,104
2445,4,B,0,508050202020,20201127,4,105
2446,3,B,1,508050202020,20201127,4,106
2447,4,B,0,508050202020,20201127,4,107
2448,3,B,1,508050202020,20201127,4,108
2449,4,B,0,508050202020,20201127,4,109
2450,3,B,0,508050202020,20201127,4,110
2451,4,B,0,508050202020,20201127,4,111
2452,3,B,0,508050202020,20201127,4,112
2453,4,B,0,508050202020,20201127,4,113
2454,6,C,1,508050202020,20201127,4,114
2455,5,C,0,508050202020,20201127,4,115
2456,6,C,0,508050202020,20201127,4,116
2457,5,C,0,508050202020,20201127,4,117
2458,6,C,0,508050202020,20201127,4,118
2459,2,A,0,508050202020,20201127,4,119
2460,1,A,0,202020802050,20201127,4,120
2461,2,A,0,202020802050,20201127,4,121
2462,6,C,0,202020802050,20201127,4,122
2463,5,C,0,202020802050,20201127,4,123
2464,4,B,1,202020802050,20201127,4,124
2465,3,B,0,202020802050,20201127,4,125
2466,4,B,1,202020802050,20201127,4,126
2467,3,B,0,202020802050,20201127,4,127
2468,4,B,1,202020802050,20201127,4,128
2469,3,B,0,202020802050,20201127,4,129
2470,4,B,1,202020802050,20201127,4,130
2471,1,A,0,202020802050,20201127,4,131
2472,2,A,0,202020802050,20201127,4,132
2473,6,C,0,202020802050,20201127,4,133
2474,5,C,0,202020802050,20201127,4,134
2475,6,C,1,202020802050,20201127,4,135
2476,5,C,0,202020802050,20201127,4,136
2477,6,C,1,202020802050,20201127,4,137
2478,5,C,0,202020802050,20201127,4,138
2479,6,C,1,202020802050,20201127,4,139
2480,4,B,1,202020802050,20201127,4,140
2481,3,B,0,202020802050,20201127,4,141
2482,4,B,1,202020802050,20201127,4,142
2483,3,B,1,202020802050,20201127,4,143
2484,4,B,1,202020802050,20201127,4,144
2485,3,B,0,202020802050,20201127,4,145
2486,4,B,1,202020802050,20201127,4,146
2487,3,B,0,202020802050,20201127,4,147
2488,4,B,0,202020802050,20201127,4,148
2489,3,B,0,202020802050,20201127,4,149
2490,4,B,1,202020802050,20201127,4,150
2491,3,B,0,202020802050,20201127,4,151
2492,4,B,1,202020802050,20201127,4,152
2493,3,B,0,202020802050,20201127,4,153
2494,4,B,1,202020802050,20201127,4,154
2495,3,B,0,202020802050,20201127,4,155
2496,4,B,1,202020802050,20201127,4,156
2497,3,B,0,202020802050,20201127,4,157
2498,4,B,1,202020802050,20201127,4,158
2499,3,B,0,202020802050,20201127,4,159
2500,4,B,1,202020802050,20201127,4,160
2501,3,B,0,202020802050,20201127,4,161
2502,4,B,1,202020802050,20201127,4,162
2503,3,B,0,202020802050,20201127,4,163
2504,4,B,1,202020802050,20201127,4,164
2505,6,C,0,202020802050,20201127,4,165
2506,5,C,0,202020802050,20201127,4,166
2507,6,C,1,202020802050,20201127,4,167
2508,5,C,0,202020802050,20201127,4,168
2509,6,C,1,202020802050,20201127,4,169
2510,5,C,1,202020802050,20201127,4,170
2511,6,C,0,202020802050,20201127,4,171
2512,5,C,0,202020802050,20201127,4,172
2513,6,C,0,202020802050,20201127,4,173
2514,4,B,1,202020802050,20201127,4,174
2515,3,B,0,202020802050,20201127,4,175
2516,4,B,1,202020802050,20201127,4,176
2517,3,B,0,202020802050,20201127,4,177
2518,4,B,1,202020802050,20201127,4,178
2519,3,B,1,202020802050,20201127,4,179
2520,6,C,0,208020208050,20201127,5,0
2521,1,A,0,208020208050,20201127,5,1
2522,2,A,1,208020208050,20201127,5,2
2523,4,B,0,208020208050,20201127,5,3
2524,3,B,0,208020208050,20201127,5,4
2525,4,B,0,208020208050,20201127,5,5
2526,3,B,0,208020208050,20201127,5,6
2527,5,C,1,208020208050,20201127,5,7
2528,6,C,1,208020208050,20201127,5,8
2529,5,C,1,208020208050,20201127,5,9
2530,6,C,1,208020208050,20201127,5,10
2531,5,C,0,208020208050,20201127,5,11
2532,6,C,1,208020208050,20201127,5,12
2533,5,C,1,208020208050,20201127,5,13
2534,6,C,1,208020208050,20201127,5,14
2535,5,C,0,208020208050,20201127,5,15
2536,6,C,1,208020208050,20201127,5,16
2537,5,C,0,208020208050,20201127,5,17
2538,6,C,0,208020208050,20201127,5,18
2539,2,A,1,208020208050,20201127,5,19
2540,1,A,1,208020208050,20201127,5,20
2541,2,A,1,208020208050,20201127,5,21
2542,1,A,1,208020208050,20201127,5,22
2543,2,A,1,208020208050,20201127,5,23
2544,1,A,0,208020208050,20201127,5,24
2545,2,A,0,208020208050,20201127,5,25
2546,4,B,1,208020208050,20201127,5,26
2547,3,B,0,208020208050,20201127,5,27
2548,4,B,1,208020208050,20201127,5,28
2549,3,B,0,208020208050,20201127,5,29
2550,4,B,0,208020208050,20201127,5,30
2551,6,C,0,208020208050,20201127,5,31
2552,5,C,1,208020208050,20201127,5,32
2553,6,C,1,208020208050,20201127,5,33
2554,5,C,0,208020208050,20201127,5,34
2555,6,C,1,208020208050,20201127,5,35
2556,5,C,1,208020208050,20201127,5,36
2557,6,C,0,208020208050,20201127,5,37
2558,5,C,1,208020208050,20201127,5,38
2559,6,C,0,208020208050,20201127,5,39
2560,5,C,1,208020208050,20201127,5,40
2561,6,C,1,208020208050,20201127,5,41
2562,5,C,1,208020208050,20201127,5,42
2563,6,C,0,208020208050,20201127,5,43
2564,5,C,1,208020208050,20201127,5,44
2565,6,C,0,208020208050,20201127,5,45
2566,5,C,1,208020208050,20201127,5,46
2567,6,C,1,208020208050,20201127,5,47
2568,5,C,1,208020208050,20201127,5,48
2569,6,C,0,208020208050,20201127,5,49
2570,5,C,1,208020208050,20201127,5,50
2571,6,C,1,208020208050,20201127,5,51
2572,5,C,1,208020208050,20201127,5,52
2573,6,C,0,208020208050,20201127,5,53
2574,5,C,1,208020208050,20201127,5,54
2575,6,C,0,208020208050,20201127,5,55
2576,5,C,1,208020208050,20201127,5,56
2577,6,C,0,208020208050,20201127,5,57
2578,5,C,1,208020208050,20201127,5,58
2579,6,C,1,208020208050,20201127,5,59
2580,5,C,0,202050802020,20201127,5,60
2581,6,C,0,202050802020,20201127,5,61
2582,5,C,0,202050802020,20201127,5,62
2583,4,B,1,202050802020,20201127,5,63
2584,3,B,0,202050802020,20201127,5,64
2585,4,B,1,202050802020,20201127,5,65
2586,3,B,0,202050802020,20201127,5,66
2587,4,B,1,202050802020,20201127,5,67
2588,3,B,0,202050802020,20201127,5,68
2589,4,B,1,202050802020,20201127,5,69
2590,3,B,0,202050802020,20201127,5,70
2591,4,B,1,202050802020,20201127,5,71
2592,3,B,0,202050802020,20201127,5,72
2593,4,B,1,202050802020,20201127,5,73
2594,6,C,0,202050802020,20201127,5,74
2595,5,C,0,202050802020,20201127,5,75
2596,6,C,0,202050802020,20201127,5,76
2597,5,C,1,202050802020,20201127,5,77
2598,6,C,0,202050802020,20201127,5,78
2599,5,C,1,202050802020,20201127,5,79
2600,4,B,1,202050802020,20201127,5,80
2601,3,B,0,202050802020,20201127,5,81
2602,4,B,0,202050802020,20201127,5,82
2603,2,A,0,202050802020,20201127,5,83
2604,1,A,1,202050802020,20201127,5,84
2605,2,A,0,202050802020,20201127,5,85
2606,1,A,0,202050802020,20201127,5,86
2607,6,C,0,202050802020,20201127,5,87
2608,5,C,0,202050802020,20201127,5,88
2609,6,C,0,202050802020,20201127,5,89
2610,5,C,0,202050802020,20201127,5,90
2611,4,B,1,202050802020,20201127,5,91
2612,3,B,1,202050802020,20201127,5,92
2613,4,B,1,202050802020,20201127,5,93
2614,3,B,0,202050802020,20201127,5,94
2615,4,B,1,202050802020,20201127,5,95
2616,3,B,0,202050802020,20201127,5,96
2617,4,B,1,202050802020,20201127,5,97
2618,3,B,0,202050802020,20201127,5,98
2619,4,B,1,202050802020,20201127,5,99
2620,3,B,0,202050802020,20201127,5,100
2621,4,B,1,202050802020,20201127,5,101
2622,3,B,0,202050802020,20201127,5,102
2623,4,B,1,202050802020,20201127,5,103
2624,3,B,0,202050802020,20201127,5,104
2625,4,B,1,202050802020,20201127,5,105
2626,3,B,1,202050802020,20201127,5,106
2627,4,B,1,202050802020,20201127,5,107
2628,3,B,0,202050802020,20201127,5,108
2629,4,B,0,202050802020,20201127,5,109
2630,3,B,1,202050802020,20201127,5,110
2631,4,B,1,202050802020,20201127,5,111
2632,3,B,0,202050802020,20201127,5,112
2633,4,B,1,202050802020,20201127,5,113
2634,3,B,1,202050802020,20201127,5,114
2635,4,B,1,202050802020,20201127,5,115
2636,3,B,1,202050802020,20201127,5,116
2637,4,B,1,202050802020,20201127,5,117
2638,3,B,0,202050802020,20201127,5,118
2639,4,B,0,202050802020,20201127,5,119
2640,3,B,1,202050208020,20201127,5,120
2641,4,B,0,202050208020,20201127,5,121
2642,3,B,0,202050208020,20201127,5,122
2643,4,B,0,202050208020,20201127,5,123
2644,3,B,0,202050208020,20201127,5,124
2645,4,B,0,202050208020,20201127,5,125
2646,3,B,0,202050208020,20201127,5,126
2647,4,B,1,202050208020,20201127,5,127
2648,3,B,0,202050208020,20201127,5,128
2649,4,B,0,202050208020,20201127,5,129
2650,3,B,0,202050208020,20201127,5,130
2651,4,B,1,202050208020,20201127,5,131
2652,3,B,0,202050208020,20201127,5,132
2653,4,B,0,202050208020,20201127,5,133
2654,3,B,1,202050208020,20201127,5,134
2655,4,B,1,202050208020,20201127,5,135
2656,3,B,0,202050208020,20201127,5,136
2657,4,B,0,202050208020,20201127,5,137
2658,6,C,0,202050208020,20201127,5,138
2659,5,C,0,202050208020,20201127,5,139
2660,6,C,0,202050208020,20201127,5,140
2661,5,C,1,202050208020,20201127,5,141
2662,6,C,1,202050208020,20201127,5,142
2663,5,C,1,202050208020,20201127,5,143
2664,6,C,1,202050208020,20201127,5,144
2665,5,C,1,202050208020,20201127,5,145
2666,6,C,0,202050208020,20201127,5,146
2667,5,C,1,202050208020,20201127,5,147
2668,6,C,0,202050208020,20201127,5,148
2669,5,C,0,202050208020,20201127,5,149
2670,6,C,0,202050208020,20201127,5,150
2671,5,C,1,202050208020,20201127,5,151
2672,6,C,0,202050208020,20201127,5,152
2673,5,C,0,202050208020,20201127,5,153
2674,4,B,1,202050208020,20201127,5,154
2675,3,B,1,202050208020,20201127,5,155
2676,4,B,0,202050208020,20201127,5,156
2677,3,B,1,202050208020,20201127,5,157
2678,4,B,0,202050208020,20201127,5,158
2679,3,B,0,202050208020,20201127,5,159
2680,4,B,0,202050208020,20201127,5,160
2681,3,B,1,202050208020,20201127,5,161
2682,4,B,0,202050208020,20201127,5,162
2683,3,B,0,202050208020,20201127,5,163
2684,4,B,0,202050208020,20201127,5,164
2685,3,B,0,202050208020,20201127,5,165
2686,4,B,0,202050208020,20201127,5,166
2687,6,C,0,202050208020,20201127,5,167
2688,5,C,1,202050208020,20201127,5,168
2689,6,C,0,202050208020,20201127,5,169
2690,5,C,1,202050208020,20201127,5,170
2691,6,C,0,202050208020,20201127,5,171
2692,5,C,0,202050208020,20201127,5,172
2693,6,C,0,202050208020,20201127,5,173
2694,5,C,1,202050208020,20201127,5,174
2695,6,C,1,202050208020,20201127,5,175
2696,5,C,1,202050208020,20201127,5,176
2697,6,C,0,202050208020,20201127,5,177
2698,5,C,0,202050208020,20201127,5,178
2699,6,C,1,202050208020,20201127,5,179
2700,6,C,1,502020202020,20201127,6,0
2701,5,C,0,502020202020,20201127,6,1
2702,6,C,0,502020202020,20201127,6,2
2703,5,C,0,502020202020,20201127,6,3
2704,4,B,1,502020202020,20201127,6,4
2705,3,B,0,502020202020,20201127,6,5
2706,4,B,0,502020202020,20201127,6,6
2707,3,B,1,502020202020,20201127,6,7
2708,2,A,0,502020202020,20201127,6,8
2709,1,A,1,502020202020,20201127,6,9
2710,2,A,0,502020202020,20201127,6,10
2711,1,A,0,502020202020,20201127,6,11
2712,2,A,0,502020202020,20201127,6,12
2713,6,C,1,502020202020,20201127,6,13
2714,5,C,0,502020202020,20201127,6,14
2715,6,C,0,502020202020,20201127,6,15
2716,5,C,0,502020202020,20201127,6,16
2717,6,C,0,502020202020,20201127,6,17
2718,5,C,0,502020202020,20201127,6,18
2719,4,B,0,502020202020,20201127,6,19
2720,3,B,1,502020202020,20201127,6,20
2721,4,B,0,502020202020,20201127,6,21
2722,3,B,0,502020202020,20201127,6,22
2723,6,C,1,502020202020,20201127,6,23
2724,5,C,0,502020202020,20201127,6,24
2725,6,C,0,502020202020,20201127,6,25
2726,5,C,0,502020202020,20201127,6,26
2727,1,A,0,502020202020,20201127,6,27
2728,2,A,0,502020202020,20201127,6,28
2729,1,A,0,502020202020,20201127,6,29
2730,2,A,0,502020202020,20201127,6,30
2731,1,A,1,502020202020,20201127,6,31
2732,4,B,1,502020202020,20201127,6,32
2733,3,B,0,502020202020,20201127,6,33
2734,4,B,0,502020202020,20201127,6,34
2735,3,B,1,502020202020,20201127,6,35
2736,4,B,1,502020202020,20201127,6,36
2737,3,B,1,502020202020,20201127,6,37
2738,4,B,0,502020202020,20201127,6,38
2739,3,B,0,502020202020,20201127,6,39
2740,4,B,0,502020202020,20201127,6,40
2741,3,B,0,502020202020,20201127,6,41
2742,6,C,0,502020202020,20201127,6,42
2743,5,C,0,502020202020,20201127,6,43
2744,6,C,0,502020202020,20201127,6,44
2745,2,A,0,502020202020,20201127,6,45
2746,1,A,1,502020202020,20201127,6,46
2747,2,A,0,502020202020,20201127,6,47
2748,1,A,0,502020202020,20201127,6,48
2749,4,B,0,502020202020,20201127,6,49
2750,3,B,1,502020202020,20201127,6,50
2751,4,B,0,502020202020,20201127,6,51
2752,3,B,0,502020202020,20201127,6,52
2753,4,B,0,502020202020,20201127,6,53
2754,3,B,0,502020202020,20201127,6,54
2755,6,C,0,502020202020,20201127,6,55
2756,5,C,0,502020202020,20201127,6,56
2757,6,C,0,502020202020,20201127,6,57
2758,5,C,1,502020202020,20201127,6,58
2759,6,C,0,502020202020,20201127,6,59
2760,5,C,1,205050805020,20201127,6,60
2761,6,C,0,205050805020,20201127,6,61
2762,5,C,0,205050805020,20201127,6,62
2763,1,A,0,205050805020,20201127,6,63
2764,2,A,1,205050805020,20201127,6,64
2765,4,B,1,205050805020,20201127,6,65
2766,3,B,0,205050805020,20201127,6,66
2767,4,B,1,205050805020,20201127,6,67
2768,3,B,0,205050805020,20201127,6,68
2769,4,B,0,205050805020,20201127,6,69
2770,3,B,1,205050805020,20201127,6,70
2771,4,B,1,205050805020,20201127,6,71
2772,3,B,1,205050805020,20201127,6,72
2773,4,B,1,205050805020,20201127,6,73
2774,3,B,1,205050805020,20201127,6,74
2775,4,B,1,205050805020,20201127,6,75
2776,3,B,0,205050805020,20201127,6,76
2777,4,B,1,205050805020,20201127,6,77
2778,3,B,0,205050805020,20201127,6,78
2779,4,B,1,205050805020,20201127,6,79
2780,3,B,0,205050805020,20201127,6,80
2781,4,B,1,205050805020,20201127,6,81
2782,3,B,1,205050805020,20201127,6,82
2783,4,B,1,205050805020,20201127,6,83
2784,3,B,1,205050805020,20201127,6,84
2785,4,B,1,205050805020,20201127,6,85
2786,3,B,0,205050805020,20201127,6,86
2787,4,B,1,205050805020,20201127,6,87
2788,3,B,0,205050805020,20201127,6,88
2789,4,B,1,205050805020,20201127,6,89
2790,3,B,1,205050805020,20201127,6,90
2791,4,B,1,205050805020,20201127,6,91
2792,3,B,1,205050805020,20201127,6,92
2793,4,B,0,205050805020,20201127,6,93
2794,3,B,0,205050805020,20201127,6,94
2795,4,B,0,205050805020,20201127,6,95
2796,3,B,0,205050805020,20201127,6,96
2797,4,B,0,205050805020,20201127,6,97
2798,3,B,1,205050805020,20201127,6,98
2799,4,B,1,205050805020,20201127,6,99
2800,3,B,1,205050805020,20201127,6,100
2801,4,B,1,205050805020,20201127,6,101
2802,3,B,1,205050805020,20201127,6,102
2803,4,B,1,205050805020,20201127,6,103
2804,3,B,0,205050805020,20201127,6,104
2805,4,B,0,205050805020,20201127,6,105
2806,3,B,0,205050805020,20201127,6,106
2807,4,B,1,205050805020,20201127,6,107
2808,3,B,1,205050805020,20201127,6,108
2809,4,B,1,205050805020,20201127,6,109
2810,3,B,0,205050805020,20201127,6,110
2811,4,B,1,205050805020,20201127,6,111
2812,3,B,1,205050805020,20201127,6,112
2813,4,B,1,205050805020,20201127,6,113
2814,3,B,1,205050805020,20201127,6,114
2815,4,B,1,205050805020,20201127,6,115
2816,3,B,0,205050805020,20201127,6,116
2817,4,B,1,205050805020,20201127,6,117
2818,3,B,1,205050805020,20201127,6,118
2819,4,B,1,205050805020,20201127,6,119
2820,3,B,1,205080208050,20201127,6,120
2821,4,B,0,205080208050,20201127,6,121
2822,3,B,1,205080208050,20201127,6,122
2823,4,B,0,205080208050,20201127,6,123
2824,3,B,0,205080208050,20201127,6,124
2825,4,B,0,205080208050,20201127,6,125
2826,3,B,1,205080208050,20201127,6,126
2827,4,B,0,205080208050,20201127,6,127
2828,3,B,1,205080208050,20201127,6,128
2829,4,B,0,205080208050,20201127,6,129
2830,3,B,0,205080208050,20201127,6,130
2831,4,B,0,205080208050,20201127,6,131
2832,3,B,1,205080208050,20201127,6,132
2833,4,B,1,205080208050,20201127,6,133
2834,3,B,1,205080208050,20201127,6,134
2835,4,B,1,205080208050,20201127,6,135
2836,3,B,1,205080208050,20201127,6,136
2837,4,B,1,205080208050,20201127,6,137
2838,3,B,1,205080208050,20201127,6,138
2839,4,B,1,205080208050,20201127,6,139
2840,3,B,1,205080208050,20201127,6,140
2841,4,B,0,205080208050,20201127,6,141
2842,3,B,1,205080208050,20201127,6,142
2843,4,B,0,205080208050,20201127,6,143
2844,3,B,1,205080208050,20201127,6,144
2845,4,B,0,205080208050,20201127,6,145
2846,3,B,1,205080208050,20201127,6,146
2847,4,B,0,205080208050,20201127,6,147
2848,3,B,1,205080208050,20201127,6,148
2849,4,B,0,205080208050,20201127,6,149
2850,3,B,1,205080208050,20201127,6,150
2851,4,B,0,205080208050,20201127,6,151
2852,3,B,1,205080208050,20201127,6,152
2853,4,B,1,205080208050,20201127,6,153
2854,3,B,1,205080208050,20201127,6,154
2855,4,B,1,205080208050,20201127,6,155
2856,3,B,1,205080208050,20201127,6,156
2857,4,B,1,205080208050,20201127,6,157
2858,3,B,1,205080208050,20201127,6,158
2859,4,B,0,205080208050,20201127,6,159
2860,3,B,1,205080208050,20201127,6,160
2861,4,B,0,205080208050,20201127,6,161
2862,3,B,1,205080208050,20201127,6,162
2863,4,B,0,205080208050,20201127,6,163
2864,3,B,1,205080208050,20201127,6,164
2865,4,B,0,205080208050,20201127,6,165
2866,3,B,1,205080208050,20201127,6,166
2867,4,B,0,205080208050,20201127,6,167
2868,3,B,1,205080208050,20201127,6,168
2869,4,B,0,205080208050,20201127,6,169
2870,3,B,1,205080208050,20201127,6,170
2871,4,B,0,205080208050,20201127,6,171
2872,3,B,1,205080208050,20201127,6,172
2873,4,B,0,205080208050,20201127,6,173
2874,3,B,1,205080208050,20201127,6,174
2875,4,B,0,205080208050,20201127,6,175
2876,3,B,1,205080208050,20201127,6,176
2877,4,B,0,205080208050,20201127,6,177
2878,3,B,1,205080208050,20201127,6,178
2879,4,B,0,205080208050,20201127,6,179
2880,1,A,1,208020202050,20201127,7,0
2881,2,A,1,208020202050,20201127,7,1
2882,6,C,1,208020202050,20201127,7,2
2883,5,C,0,208020202050,20201127,7,3
2884,6,C,0,208020202050,20201127,7,4
2885,4,B,0,208020202050,20201127,7,5
2886,3,B,0,208020202050,20201127,7,6
2887,4,B,1,208020202050,20201127,7,7
2888,3,B,0,208020202050,20201127,7,8
2889,4,B,1,208020202050,20201127,7,9
2890,2,A,1,208020202050,20201127,7,10
2891,1,A,0,208020202050,20201127,7,11
2892,2,A,0,208020202050,20201127,7,12
2893,6,C,0,208020202050,20201127,7,13
2894,5,C,0,208020202050,20201127,7,14
2895,6,C,1,208020202050,20201127,7,15
2896,5,C,0,208020202050,20201127,7,16
2897,6,C,1,208020202050,20201127,7,17
2898,5,C,0,208020202050,20201127,7,18
2899,6,C,0,208020202050,20201127,7,19
2900,5,C,1,208020202050,20201127,7,20
2901,6,C,1,208020202050,20201127,7,21
2902,5,C,1,208020202050,20201127,7,22
2903,6,C,1,208020202050,20201127,7,23
2904,5,C,0,208020202050,20201127,7,24
2905,6,C,0,208020202050,20201127,7,25
2906,5,C,0,208020202050,20201127,7,26
2907,4,B,0,208020202050,20201127,7,27
2908,3,B,0,208020202050,20201127,7,28
2909,4,B,0,208020202050,20201127,7,29
2910,3,B,0,208020202050,20201127,7,30
2911,2,A,1,208020202050,20201127,7,31
2912,1,A,0,208020202050,20201127,7,32
2913,2,A,1,208020202050,20201127,7,33
2914,1,A,0,208020202050,20201127,7,34
2915,2,A,1,208020202050,20201127,7,35
2916,1,A,1,208020202050,20201127,7,36
2917,2,A,1,208020202050,20201127,7,37
2918,1,A,0,208020202050,20201127,7,38
2919,2,A,1,208020202050,20201127,7,39
2920,1,A,1,208020202050,20201127,7,40
2921,2,A,1,208020202050,20201127,7,41
2922,1,A,0,208020202050,20201127,7,42
2923,2,A,1,208020202050,20201127,7,43
2924,1,A,0,208020202050,20201127,7,44
2925,2,A,1,208020202050,20201127,7,45
2926,1,A,0,208020202050,20201127,7,46
2927,2,A,1,208020202050,20201127,7,47
2928,1,A,0,208020202050,20201127,7,48
2929,2,A,1,208020202050,20201127,7,49
2930,1,A,1,208020202050,20201127,7,50
2931,2,A,1,208020202050,20201127,7,51
2932,1,A,1,208020202050,20201127,7,52
2933,2,A,1,208020202050,20201127,7,53
2934,1,A,0,208020202050,20201127,7,54
2935,2,A,1,208020202050,20201127,7,55
2936,1,A,0,208020202050,20201127,7,56
2937,2,A,1,208020202050,20201127,7,57
2938,1,A,0,208020202050,20201127,7,58
2939,2,A,0,208020202050,20201127,7,59
2940,1,A,0,205020208020,20201127,7,60
2941,2,A,1,205020208020,20201127,7,61
2942,1,A,0,205020208020,20201127,7,62
2943,2,A,1,205020208020,20201127,7,63
2944,1,A,1,205020208020,20201127,7,64
2945,2,A,1,205020208020,20201127,7,65
2946,1,A,0,205020208020,20201127,7,66
2947,2,A,1,205020208020,20201127,7,67
2948,1,A,0,205020208020,20201127,7,68
2949,2,A,0,205020208020,20201127,7,69
2950,1,A,0,205020208020,20201127,7,70
2951,2,A,0,205020208020,20201127,7,71
2952,6,C,0,205020208020,20201127,7,72
2953,5,C,0,205020208020,20201127,7,73
2954,6,C,0,205020208020,20201127,7,74
2955,5,C,1,205020208020,20201127,7,75
2956,6,C,0,205020208020,20201127,7,76
2957,5,C,1,205020208020,20201127,7,77
2958,6,C,1,205020208020,20201127,7,78
2959,5,C,1,205020208020,20201127,7,79
2960,6,C,0,205020208020,20201127,7,80
2961,5,C,1,205020208020,20201127,7,81
2962,6,C,0,205020208020,20201127,7,82
2963,5,C,1,205020208020,20201127,7,83
2964,6,C,1,205020208020,20201127,7,84
2965,5,C,1,205020208020,20201127,7,85
2966,6,C,1,205020208020,20201127,7,86
2967,5,C,1,205020208020,20201127,7,87
2968,6,C,0,205020208020,20201127,7,88
2969,5,C,1,205020208020,20201127,7,89
2970,6,C,1,205020208020,20201127,7,90
2971,5,C,1,205020208020,20201127,7,91
2972,6,C,0,205020208020,20201127,7,92
2973,5,C,0,205020208020,20201127,7,93
2974,6,C,0,205020208020,20201127,7,94
2975,5,C,1,205020208020,20201127,7,95
2976,6,C,0,205020208020,20201127,7,96
2977,5,C,1,205020208020,20201127,7,97
2978,6,C,0,205020208020,20201127,7,98
2979,5,C,1,205020208020,20201127,7,99
2980,6,C,0,205020208020,20201127,7,100
2981,5,C,1,205020208020,20201127,7,101
2982,6,C,0,205020208020,20201127,7,102
2983,5,C,1,205020208020,20201127,7,103
2984,6,C,1,205020208020,20201127,7,104
2985,5,C,1,205020208020,20201127,7,105
2986,6,C,0,205020208020,20201127,7,106
2987,5,C,1,205020208020,20201127,7,107
2988,6,C,0,205020208020,20201127,7,108
2989,5,C,1,205020208020,20201127,7,109
2990,6,C,0,205020208020,20201127,7,110
2991,5,C,1,205020208020,20201127,7,111
2992,4,B,1,205020208020,20201127,7,112
2993,3,B,1,205020208020,20201127,7,113
2994,4,B,0,205020208020,20201127,7,114
2995,3,B,0,205020208020,20201127,7,115
2996,4,B,0,205020208020,20201127,7,116
2997,3,B,0,205020208020,20201127,7,117
2998,6,C,0,205020208020,20201127,7,118
2999,5,C,1,205020208020,20201127,7,119
3000,6,C,0,802050202020,20201127,7,120
3001,5,C,0,802050202020,20201127,7,121
3002,6,C,0,802050202020,20201127,7,122
3003,5,C,1,802050202020,20201127,7,123
3004,6,C,1,802050202020,20201127,7,124
3005,5,C,0,802050202020,20201127,7,125
3006,6,C,0,802050202020,20201127,7,126
3007,5,C,0,802050202020,20201127,7,127
3008,2,A,1,802050202020,20201127,7,128
3009,1,A,1,802050202020,20201127,7,129
3010,2,A,1,802050202020,20201127,7,130
3011,1,A,1,802050202020,20201127,7,131
3012,2,A,1,802050202020,20201127,7,132
3013,1,A,1,802050202020,20201127,7,133
3014,2,A,0,802050202020,20201127,7,134
3015,1,A,1,802050202020,20201127,7,135
3016,2,A,1,802050202020,20201127,7,136
3017,1,A,1,802050202020,20201127,7,137
3018,2,A,0,802050202020,20201127,7,138
3019,1,A,1,802050202020,20201127,7,139
3020,2,A,0,802050202020,20201127,7,140
3021,1,A,1,802050202020,20201127,7,141
3022,2,A,0,802050202020,20201127,7,142
3023,1,A,1,802050202020,20201127,7,143
3024,2,A,0,802050202020,20201127,7,144
3025,1,A,1,802050202020,20201127,7,145
3026,2,A,1,802050202020,20201127,7,146
3027,1,A,1,802050202020,20201127,7,147
3028,2,A,0,802050202020,20201127,7,148
3029,1,A,1,802050202020,20201127,7,149
3030,2,A,0,802050202020,20201127,7,150
3031,1,A,1,802050202020,20201127,7,151
3032,2,A,0,802050202020,20201127,7,152
3033,1,A,1,802050202020,20201127,7,153
3034,2,A,0,802050202020,20201127,7,154
3035,1,A,1,802050202020,20201127,7,155
3036,2,A,0,802050202020,20201127,7,156
3037,1,A,1,802050202020,20201127,7,157
3038,2,A,0,802050202020,20201127,7,158
3039,1,A,1,802050202020,20201127,7,159
3040,2,A,0,802050202020,20201127,7,160
3041,1,A,1,802050202020,20201127,7,161
3042,2,A,0,802050202020,20201127,7,162
3043,1,A,1,802050202020,20201127,7,163
3044,2,A,0,802050202020,20201127,7,164
3045,1,A,1,802050202020,20201127,7,165
3046,2,A,0,802050202020,20201127,7,166
3047,1,A,1,802050202020,20201127,7,167
3048,4,B,0,802050202020,20201127,7,168
3049,3,B,0,802050202020,20201127,7,169
3050,4,B,1,802050202020,20201127,7,170
3051,3,B,1,802050202020,20201127,7,171
3052,4,B,0,802050202020,20201127,7,172
3053,3,B,0,802050202020,20201127,7,173
3054,4,B,0,802050202020,20201127,7,174
3055,3,B,1,802050202020,20201127,7,175
3056,4,B,0,802050202020,20201127,7,176
3057,3,B,0,802050202020,20201127,7,177
3058,4,B,0,802050202020,20201127,7,178
3059,3,B,1,802050202020,20201127,7,179
3060,6,C,0,802050802020,20201128,1,0
3061,5,C,0,802050802020,20201128,1,1
3062,4,B,0,802050802020,20201128,1,2
3063,3,B,0,802050802020,20201128,1,3
3064,2,A,0,802050802020,20201128,1,4
3065,1,A,1,802050802020,20201128,1,5
3066,2,A,0,802050802020,20201128,1,6
3067,6,C,1,802050802020,20201128,1,7
3068,5,C,1,802050802020,20201128,1,8
3069,6,C,1,802050802020,20201128,1,9
3070,4,B,1,802050802020,20201128,1,10
3071,3,B,0,802050802020,20201128,1,11
3072,4,B,1,802050802020,20201128,1,12
3073,2,A,0,802050802020,20201128,1,13
3074,1,A,1,802050802020,20201128,1,14
3075,2,A,0,802050802020,20201128,1,15
3076,1,A,1,802050802020,20201128,1,16
3077,6,C,0,802050802020,20201128,1,17
3078,5,C,1,802050802020,20201128,1,18
3079,4,B,1,802050802020,20201128,1,19
3080,3,B,0,802050802020,20201128,1,20
3081,4,B,0,802050802020,20201128,1,21
3082,2,A,1,802050802020,20201128,1,22
3083,1,A,1,802050802020,20201128,1,23
3084,2,A,1,802050802020,20201128,1,24
3085,1,A,1,802050802020,20201128,1,25
3086,2,A,0,802050802020,20201128,1,26
3087,1,A,0,802050802020,20201128,1,27
3088,5,C,0,802050802020,20201128,1,28
3089,6,C,0,802050802020,20201128,1,29
3090,5,C,0,802050802020,20201128,1,30
3091,4,B,1,802050802020,20201128,1,31
3092,3,B,1,802050802020,20201128,1,32
3093,4,B,1,802050802020,20201128,1,33
3094,3,B,0,802050802020,20201128,1,34
3095,4,B,1,802050802020,20201128,1,35
3096,3,B,1,802050802020,20201128,1,36
3097,4,B,1,802050802020,20201128,1,37
3098,3,B,1,802050802020,20201128,1,38
3099,4,B,1,802050802020,20201128,1,39
3100,3,B,1,802050802020,20201128,1,40
3101,4,B,1,802050802020,20201128,1,41
3102,3,B,0,802050802020,20201128,1,42
3103,4,B,1,802050802020,20201128,1,43
3104,3,B,0,802050802020,20201128,1,44
3105,4,B,1,802050802020,20201128,1,45
3106,1,A,1,802050802020,20201128,1,46
3107,2,A,1,802050802020,20201128,1,47
3108,1,A,1,802050802020,20201128,1,48
3109,2,A,0,802050802020,20201128,1,49
3110,1,A,0,802050802020,20201128,1,50
3111,6,C,0,802050802020,20201128,1,51
3112,5,C,0,802050802020,20201128,1,52
3113,4,B,1,802050802020,20201128,1,53
3114,3,B,1,802050802020,20201128,1,54
3115,4,B,0,802050802020,20201128,1,55
3116,3,B,1,802050802020,20201128,1,56
3117,4,B,0,802050802020,20201128,1,57
3118,3,B,0,802050802020,20201128,1,58
3119,6,C,1,802050802020,20201128,1,59
3120,5,C,1,205050205080,20201128,1,60
3121,6,C,1,205050205080,20201128,1,61
3122,5,C,0,205050205080,20201128,1,62
3123,6,C,1,205050205080,20201128,1,63
3124,5,C,0,205050205080,20201128,1,64
3125,6,C,1,205050205080,20201128,1,65
3126,4,B,0,205050205080,20201128,1,66
3127,3,B,0,205050205080,20201128,1,67
3128,4,B,0,205050205080,20201128,1,68
3129,2,A,0,205050205080,20201128,1,69
3130,1,A,0,205050205080,20201128,1,70
3131,2,A,0,205050205080,20201128,1,71
3132,1,A,0,205050205080,20201128,1,72
3133,6,C,1,205050205080,20201128,1,73
3134,5,C,0,205050205080,20201128,1,74
3135,4,B,0,205050205080,20201128,1,75
3136,3,B,0,205050205080,20201128,1,76
3137,4,B,0,205050205080,20201128,1,77
3138,6,C,1,205050205080,20201128,1,78
3139,5,C,0,205050205080,20201128,1,79
3140,6,C,1,205050205080,20201128,1,80
3141,5,C,0,205050205080,20201128,1,81
3142,6,C,1,205050205080,20201128,1,82
3143,5,C,0,205050205080,20201128,1,83
3144,6,C,1,205050205080,20201128,1,84
3145,2,A,1,205050205080,20201128,1,85
3146,1,A,0,205050205080,20201128,1,86
3147,2,A,1,205050205080,20201128,1,87
3148,1,A,0,205050205080,20201128,1,88
3149,2,A,0,205050205080,20201128,1,89
3150,6,C,1,205050205080,20201128,1,90
3151,5,C,0,205050205080,20201128,1,91
3152,6,C,1,205050205080,20201128,1,92
3153,5,C,0,205050205080,20201128,1,93
3154,6,C,1,205050205080,20201128,1,94
3155,5,C,0,205050205080,20201128,1,95
3156,6,C,1,205050205080,20201128,1,96
3157,5,C,1,205050205080,20201128,1,97
3158,6,C,1,205050205080,20201128,1,98
3159,5,C,0,205050205080,20201128,1,99
3160,6,C,1,205050205080,20201128,1,100
3161,5,C,1,205050205080,20201128,1,101
3162,6,C,1,205050205080,20201128,1,102
3163,5,C,1,205050205080,20201128,1,103
3164,6,C,1,205050205080,20201128,1,104
3165,5,C,0,205050205080,20201128,1,105
3166,6,C,1,205050205080,20201128,1,106
3167,5,C,1,205050205080,20201128,1,107
3168,6,C,0,205050205080,20201128,1,108
3169,5,C,0,205050205080,20201128,1,109
3170,2,A,1,205050205080,20201128,1,110
3171,1,A,0,205050205080,20201128,1,111
3172,2,A,0,205050205080,20201128,1,112
3173,1,A,1,205050205080,20201128,1,113
3174,2,A,0,205050205080,20201128,1,114
3175,1,A,0,205050205080,20201128,1,115
3176,4,B,0,205050205080,20201128,1,116
3177,3,B,1,205050205080,20201128,1,117
3178,4,B,0,205050205080,20201128,1,118
3179,3,B,1,205050205080,20201128,1,119
3180,6,C,1,508020205020,20201128,1,120
3181,5,C,0,508020205020,20201128,1,121
3182,6,C,0,508020205020,20201128,1,122
3183,5,C,0,508020205020,20201128,1,123
3184,6,C,1,508020205020,20201128,1,124
3185,5,C,0,508020205020,20201128,1,125
3186,6,C,1,508020205020,20201128,1,126
3187,5,C,1,508020205020,20201128,1,127
3188,6,C,0,508020205020,20201128,1,128
3189,5,C,1,508020205020,20201128,1,129
3190,6,C,0,508020205020,20201128,1,130
3191,5,C,0,508020205020,20201128,1,131
3192,2,A,0,508020205020,20201128,1,132
3193,1,A,0,508020205020,20201128,1,133
3194,4,B,1,508020205020,20201128,1,134
3195,3,B,0,508020205020,20201128,1,135
3196,4,B,1,508020205020,20201128,1,136
3197,3,B,1,508020205020,20201128,1,137
3198,4,B,0,508020205020,20201128,1,138
3199,3,B,0,508020205020,20201128,1,139
3200,4,B,0,508020205020,20201128,1,140
3201,6,C,0,508020205020,20201128,1,141
3202,5,C,0,508020205020,20201128,1,142
3203,6,C,0,508020205020,20201128,1,143
3204,5,C,0,508020205020,20201128,1,144
3205,6,C,0,508020205020,20201128,1,145
3206,5,C,1,508020205020,20201128,1,146
3207,6,C,0,508020205020,20201128,1,147
3208,5,C,1,508020205020,20201128,1,148
3209,6,C,0,508020205020,20201128,1,149
3210,5,C,0,508020205020,20201128,1,150
3211,2,A,0,508020205020,20201128,1,151
3212,1,A,0,508020205020,20201128,1,152
3213,2,A,1,508020205020,20201128,1,153
3214,1,A,0,508020205020,20201128,1,154
3215,2,A,1,508020205020,20201128,1,155
3216,1,A,0,508020205020,20201128,1,156
3217,2,A,1,508020205020,20201128,1,157
3218,1,A,0,508020205020,20201128,1,158
3219,2,A,1,508020205020,20201128,1,159
3220,1,A,1,508020205020,20201128,1,160
3221,2,A,1,508020205020,20201128,1,161
3222,1,A,0,508020205020,20201128,1,162
3223,2,A,1,508020205020,20201128,1,163
3224,1,A,0,508020205020,20201128,1,164
3225,2,A,0,508020205020,20201128,1,165
3226,6,C,0,508020205020,20201128,1,166
3227,5,C,1,508020205020,20201128,1,167
3228,6,C,0,508020205020,20201128,1,168
3229,5,C,0,508020205020,20201128,1,169
3230,4,B,1,508020205020,20201128,1,170
3231,3,B,0,508020205020,20201128,1,171
3232,4,B,0,508020205020,20201128,1,172
3233,3,B,0,508020205020,20201128,1,173
3234,4,B,0,508020205020,20201128,1,174
3235,3,B,0,508020205020,20201128,1,175
3236,4,B,0,508020205020,20201128,1,176
3237,3,B,0,508020205020,20201128,1,177
3238,2,A,1,508020205020,20201128,1,178
3239,1,A,0,508020205020,20201128,1,179
3240,6,C,1,205020208020,20201128,2,0
3241,5,C,1,205020208020,20201128,2,1
3242,2,A,0,205020208020,20201128,2,2
3243,1,A,1,205020208020,20201128,2,3
3244,2,A,0,205020208020,20201128,2,4
3245,4,B,0,205020208020,20201128,2,5
3246,3,B,0,205020208020,20201128,2,6
3247,4,B,0,205020208020,20201128,2,7
3248,6,C,1,205020208020,20201128,2,8
3249,5,C,1,205020208020,20201128,2,9
3250,6,C,0,205020208020,20201128,2,10
3251,5,C,1,205020208020,20201128,2,11
3252,6,C,0,205020208020,20201128,2,12
3253,5,C,1,205020208020,20201128,2,13
3254,4,B,0,205020208020,20201128,2,14
3255,3,B,0,205020208020,20201128,2,15
3256,4,B,1,205020208020,20201128,2,16
3257,3,B,0,205020208020,20201128,2,17
3258,4,B,0,205020208020,20201128,2,18
3259,1,A,0,205020208020,20201128,2,19
3260,2,A,1,205020208020,20201128,2,20
3261,1,A,1,205020208020,20201128,2,21
3262,2,A,1,205020208020,20201128,2,22
3263,6,C,0,205020208020,20201128,2,23
3264,5,C,1,205020208020,20201128,2,24
3265,6,C,0,205020208020,20201128,2,25
3266,5,C,1,205020208020,20201128,2,26
3267,6,C,0,205020208020,20201128,2,27
3268,5,C,0,205020208020,20201128,2,28
3269,6,C,0,205020208020,20201128,2,29
3270,5,C,1,205020208020,20201128,2,30
3271,6,C,0,205020208020,20201128,2,31
3272,5,C,0,205020208020,20201128,2,32
3273,2,A,0,205020208020,20201128,2,33
3274,1,A,1,205020208020,20201128,2,34
3275,2,A,0,205020208020,20201128,2,35
3276,1,A,0,205020208020,20201128,2,36
3277,4,B,0,205020208020,20201128,2,37
3278,3,B,0,205020208020,20201128,2,38
3279,4,B,0,205020208020,20201128,2,39
3280,6,C,1,205020208020,20201128,2,40
3281,5,C,1,205020208020,20201128,2,41
3282,6,C,0,205020208020,20201128,2,42
3283,5,C,1,205020208020,20201128,2,43
3284,6,C,0,205020208020,20201128,2,44
3285,5,C,0,205020208020,20201128,2,45
3286,6,C,0,205020208020,20201128,2,46
3287,5,C,1,205020208020,20201128,2,47
3288,6,C,0,205020208020,20201128,2,48
3289,5,C,1,205020208020,20201128,2,49
3290,1,A,0,205020208020,20201128,2,50
3291,2,A,1,205020208020,20201128,2,51
3292,4,B,0,205020208020,20201128,2,52
3293,3,B,0,205020208020,20201128,2,53
3294,4,B,1,205020208020,20201128,2,54
3295,3,B,1,205020208020,20201128,2,55
3296,4,B,0,205020208020,20201128,2,56
3297,3,B,0,205020208020,20201128,2,57
3298,4,B,0,205020208020,20201128,2,58
3299,6,C,0,205020208020,20201128,2,59
3300,5,C,0,202020502020,20201128,2,60
3301,6,C,0,202020502020,20201128,2,61
3302,5,C,0,202020502020,20201128,2,62
3303,6,C,0,202020502020,20201128,2,63
3304,5,C,1,202020502020,20201128,2,64
3305,6,C,0,202020502020,20201128,2,65
3306,5,C,0,202020502020,20201128,2,66
3307,2,A,0,202020502020,20201128,2,67
3308,1,A,0,202020502020,20201128,2,68
3309,2,A,0,202020502020,20201128,2,69
3310,4,B,1,202020502020,20201128,2,70
3311,3,B,1,202020502020,20201128,2,71
3312,4,B,0,202020502020,20201128,2,72
3313,3,B,0,202020502020,20201128,2,73
3314,4,B,0,202020502020,20201128,2,74
3315,3,B,0,202020502020,20201128,2,75
3316,6,C,0,202020502020,20201128,2,76
3317,5,C,0,202020502020,20201128,2,77
3318,6,C,0,202020502020,20201128,2,78
3319,5,C,1,202020502020,20201128,2,79
3320,6,C,1,202020502020,20201128,2,80
3321,5,C,1,202020502020,20201128,2,81
3322,6,C,0,202020502020,20201128,2,82
3323,5,C,0,202020502020,20201128,2,83
3324,2,A,0,202020502020,20201128,2,84
3325,1,A,0,202020502020,20201128,2,85
3326,2,A,0,202020502020,20201128,2,86
3327,1,A,0,202020502020,20201128,2,87
3328,6,C,0,202020502020,20201128,2,88
3329,5,C,1,202020502020,20201128,2,89
3330,6,C,1,202020502020,20201128,2,90
3331,5,C,1,202020502020,20201128,2,91
3332,6,C,0,202020502020,20201128,2,92
3333,5,C,1,202020502020,20201128,2,93
3334,6,C,1,202020502020,20201128,2,94
3335,5,C,1,202020502020,20201128,2,95
3336,6,C,0,202020502020,20201128,2,96
3337,5,C,0,202020502020,20201128,2,97
3338,6,C,0,202020502020,20201128,2,98
3339,5,C,1,202020502020,20201128,2,99
3340,6,C,0,202020502020,20201128,2,100
3341,5,C,0,202020502020,20201128,2,101
3342,6,C,1,202020502020,20201128,2,102
3343,5,C,0,202020502020,20201128,2,103
3344,6,C,0,202020502020,20201128,2,104
3345,5,C,1,202020502020,20201128,2,105
3346,6,C,1,202020502020,20201128,2,106
3347,5,C,0,202020502020,20201128,2,107
3348,6,C,0,202020502020,20201128,2,108
3349,5,C,0,202020502020,20201128,2,109
3350,6,C,0,202020502020,20201128,2,110
3351,5,C,1,202020502020,20201128,2,111
3352,6,C,0,202020502020,20201128,2,112
3353,5,C,0,202020502020,20201128,2,113
3354,6,C,0,202020502020,20201128,2,114
3355,5,C,0,202020502020,20201128,2,115
3356,4,B,0,202020502020,20201128,2,116
3357,3,B,0,202020502020,20201128,2,117
3358,4,B,0,202020502020,20201128,2,118
3359,3,B,0,202020502020,20201128,2,119
3360,4,B,0,505020205020,20201128,2,120
3361,3,B,0,505020205020,20201128,2,121
3362,2,A,1,505020205020,20201128,2,122
3363,1,A,0,505020205020,20201128,2,123
3364,2,A,0,505020205020,20201128,2,124
3365,6,C,1,505020205020,20201128,2,125
3366,5,C,0,505020205020,20201128,2,126
3367,6,C,0,505020205020,20201128,2,127
3368,5,C,0,505020205020,20201128,2,128
3369,6,C,1,505020205020,20201128,2,129
3370,5,C,1,505020205020,20201128,2,130
3371,6,C,0,505020205020,20201128,2,131
3372,5,C,0,505020205020,20201128,2,132
3373,6,C,0,505020205020,20201128,2,133
3374,5,C,0,505020205020,20201128,2,134
3375,6,C,1,505020205020,20201128,2,135
3376,5,C,0,505020205020,20201128,2,136
3377,6,C,0,505020205020,20201128,2,137
3378,5,C,1,505020205020,20201128,2,138
3379,6,C,0,505020205020,20201128,2,139
3380,5,C,1,505020205020,20201128,2,140
3381,6,C,1,505020205020,20201128,2,141
3382,5,C,1,505020205020,20201128,2,142
3383,6,C,0,505020205020,20201128,2,143
3384,5,C,1,505020205020,20201128,2,144
3385,6,C,0,505020205020,20201128,2,145
3386,5,C,0,505020205020,20201128,2,146
3387,6,C,1,505020205020,20201128,2,147
3388,5,C,0,505020205020,20201128,2,148
3389,6,C,0,505020205020,20201128,2,149
3390,5,C,0,505020205020,20201128,2,150
3391,6,C,1,505020205020,20201128,2,151
3392,5,C,0,505020205020,20201128,2,152
3393,6,C,1,505020205020,20201128,2,153
3394,5,C,1,505020205020,20201128,2,154
3395,6,C,0,505020205020,20201128,2,155
3396,5,C,1,505020205020,20201128,2,156
3397,6,C,0,505020205020,20201128,2,157
3398,5,C,1,505020205020,20201128,2,158
3399,6,C,0,505020205020,20201128,2,159
3400,5,C,0,505020205020,20201128,2,160
3401,6,C,0,505020205020,20201128,2,161
3402,5,C,1,505020205020,20201128,2,162
3403,6,C,0,505020205020,20201128,2,163
3404,5,C,0,505020205020,20201128,2,164
3405,6,C,1,505020205020,20201128,2,165
3406,5,C,0,505020205020,20201128,2,166
3407,6,C,1,505020205020,20201128,2,167
3408,5,C,0,505020205020,20201128,2,168
3409,6,C,0,505020205020,20201128,2,169
3410,5,C,1,505020205020,20201128,2,170
3411,6,C,0,505020205020,20201128,2,171
3412,5,C,1,505020205020,20201128,2,172
3413,6,C,0,505020205020,20201128,2,173
3414,5,C,0,505020205020,20201128,2,174
3415,6,C,0,505020205020,20201128,2,175
3416,5,C,0,505020205020,20201128,2,176
3417,6,C,0,505020205020,20201128,2,177
3418,5,C,0,505020205020,20201128,2,178
3419,6,C,0,505020205020,20201128,2,179
3420,1,A,0,505080202020,20201128,3,0
3421,2,A,1,505080202020,20201128,3,1
3422,6,C,1,505080202020,20201128,3,2
3423,5,C,1,505080202020,20201128,3,3
3424,6,C,0,505080202020,20201128,3,4
3425,5,C,0,505080202020,20201128,3,5
3426,4,B,0,505080202020,20201128,3,6
3427,3,B,0,505080202020,20201128,3,7
3428,2,A,0,505080202020,20201128,3,8
3429,1,A,1,505080202020,20201128,3,9
3430,2,A,0,505080202020,20201128,3,10
3431,1,A,0,505080202020,20201128,3,11
3432,6,C,1,505080202020,20201128,3,12
3433,5,C,0,505080202020,20201128,3,13
3434,6,C,1,505080202020,20201128,3,14
3435,4,B,0,505080202020,20201128,3,15
3436,3,B,0,505080202020,20201128,3,16
3437,4,B,0,505080202020,20201128,3,17
3438,2,A,0,505080202020,20201128,3,18
3439,1,A,0,505080202020,20201128,3,19
3440,2,A,1,505080202020,20201128,3,20
3441,1,A,1,505080202020,20201128,3,21
3442,2,A,0,505080202020,20201128,3,22
3443,1,A,1,505080202020,20201128,3,23
3444,2,A,1,505080202020,20201128,3,24
3445,1,A,1,505080202020,20201128,3,25
3446,2,A,0,505080202020,20201128,3,26
3447,1,A,1,505080202020,20201128,3,27
3448,2,A,1,505080202020,20201128,3,28
3449,1,A,1,505080202020,20201128,3,29
3450,2,A,0,505080202020,20201128,3,30
3451,1,A,1,505080202020,20201128,3,31
3452,2,A,1,505080202020,20201128,3,32
3453,1,A,0,505080202020,20201128,3,33
3454,2,A,0,505080202020,20201128,3,34
3455,1,A,1,505080202020,20201128,3,35
3456,2,A,1,505080202020,20201128,3,36
3457,1,A,1,505080202020,20201128,3,37
3458,2,A,0,505080202020,20201128,3,38
3459,1,A,0,505080202020,20201128,3,39
3460,2,A,0,505080202020,20201128,3,40
3461,1,A,0,505080202020,20201128,3,41
3462,2,A,1,505080202020,20201128,3,42
3463,1,A,1,505080202020,20201128,3,43
3464,2,A,0,505080202020,20201128,3,44
3465,1,A,1,505080202020,20201128,3,45
3466,2,A,0,505080202020,20201128,3,46
3467,1,A,0,505080202020,20201128,3,47
3468,2,A,1,505080202020,20201128,3,48
3469,1,A,1,505080202020,20201128,3,49
3470,2,A,0,505080202020,20201128,3,50
3471,1,A,0,505080202020,20201128,3,51
3472,2,A,1,505080202020,20201128,3,52
3473,1,A,0,505080202020,20201128,3,53
3474,2,A,1,505080202020,20201128,3,54
3475,1,A,1,505080202020,20201128,3,55
3476,2,A,0,505080202020,20201128,3,56
3477,1,A,1,505080202020,20201128,3,57
3478,2,A,0,505080202020,20201128,3,58
3479,1,A,0,505080202020,20201128,3,59
3480,2,A,0,202020202050,20201128,3,60
3481,1,A,0,202020202050,20201128,3,61
3482,2,A,0,202020202050,20201128,3,62
3483,4,B,0,202020202050,20201128,3,63
3484,3,B,0,202020202050,20201128,3,64
3485,4,B,0,202020202050,20201128,3,65
3486,6,C,0,202020202050,20201128,3,66
3487,5,C,0,202020202050,20201128,3,67
3488,6,C,0,202020202050,20201128,3,68
3489,5,C,1,202020202050,20201128,3,69
3490,6,C,0,202020202050,20201128,3,70
3491,5,C,0,202020202050,20201128,3,71
3492,6,C,1,202020202050,20201128,3,72
3493,5,C,0,202020202050,20201128,3,73
3494,6,C,0,202020202050,20201128,3,74
3495,5,C,0,202020202050,20201128,3,75
3496,6,C,0,202020202050,20201128,3,76
3497,5,C,0,202020202050,20201128,3,77
3498,2,A,0,202020202050,20201128,3,78
3499,1,A,0,202020202050,20201128,3,79
3500,2,A,0,202020202050,20201128,3,80
3501,1,A,0,202020202050,20201128,3,81
3502,2,A,0,202020202050,20201128,3,82
3503,1,A,0,202020202050,20201128,3,83
3504,2,A,0,202020202050,20201128,3,84
3505,4,B,0,202020202050,20201128,3,85
3506,3,B,0,202020202050,20201128,3,86
3507,4,B,1,202020202050,20201128,3,87
3508,3,B,0,202020202050,20201128,3,88
3509,4,B,0,202020202050,20201128,3,89
3510,3,B,0,202020202050,20201128,3,90
3511,6,C,0,202020202050,20201128,3,91
3512,5,C,0,202020202050,20201128,3,92
3513,6,C,1,202020202050,20201128,3,93
3514,5,C,0,202020202050,20201128,3,94
3515,6,C,1,202020202050,20201128,3,95
3516,5,C,0,202020202050,20201128,3,96
3517,6,C,0,202020202050,20201128,3,97
3518,5,C,1,202020202050,20201128,3,98
3519,6,C,1,202020202050,20201128,3,99
3520,5,C,0,202020202050,20201128,3,100
3521,6,C,1,202020202050,20201128,3,101
3522,5,C,0,202020202050,20201128,3,102
3523,6,C,0,202020202050,20201128,3,103
3524,5,C,0,202020202050,20201128,3,104
3525,6,C,1,202020202050,20201128,3,105
3526,5,C,0,202020202050,20201128,3,106
3527,6,C,1,202020202050,20201128,3,107
3528,5,C,0,202020202050,20201128,3,108
3529,6,C,0,202020202050,20201128,3,109
3530,5,C,1,202020202050,20201128,3,110
3531,6,C,0,202020202050,20201128,3,111
3532,5,C,0,202020202050,20201128,3,112
3533,6,C,1,202020202050,20201128,3,113
3534,5,C,0,202020202050,20201128,3,114
3535,6,C,0,202020202050,20201128,3,115
3536,5,C,0,202020202050,20201128,3,116
3537,6,C,1,202020202050,20201128,3,117
3538,5,C,0,202020202050,20201128,3,118
3539,6,C,0,202020202050,20201128,3,119
3540,5,C,0,508050202020,20201128,3,120
3541,6,C,0,508050202020,20201128,3,121
3542,5,C,0,508050202020,20201128,3,122
3543,6,C,0,508050202020,20201128,3,123
3544,2,A,0,508050202020,20201128,3,124
3545,1,A,0,508050202020,20201128,3,125
3546,2,A,1,508050202020,20201128,3,126
3547,1,A,1,508050202020,20201128,3,127
3548,2,A,1,508050202020,20201128,3,128
3549,1,A,1,508050202020,20201128,3,129
3550,2,A,1,508050202020,20201128,3,130
3551,1,A,1,508050202020,20201128,3,131
3552,2,A,1,508050202020,20201128,3,132
3553,1,A,1,508050202020,20201128,3,133
3554,2,A,1,508050202020,20201128,3,134
3555,1,A,1,508050202020,20201128,3,135
3556,2,A,1,508050202020,20201128,3,136
3557,1,A,1,508050202020,20201128,3,137
3558,2,A,1,508050202020,20201128,3,138
3559,1,A,1,508050202020,20201128,3,139
3560,2,A,1,508050202020,20201128,3,140
3561,1,A,0,508050202020,20201128,3,141
3562,2,A,1,508050202020,20201128,3,142
3563,1,A,0,508050202020,20201128,3,143
3564,2,A,1,508050202020,20201128,3,144
3565,1,A,0,508050202020,20201128,3,145
3566,2,A,1,508050202020,20201128,3,146
3567,1,A,0,508050202020,20201128,3,147
3568,2,A,0,508050202020,20201128,3,148
3569,1,A,0,508050202020,20201128,3,149
3570,2,A,1,508050202020,20201128,3,150
3571,1,A,1,508050202020,20201128,3,151
3572,2,A,0,508050202020,20201128,3,152
3573,1,A,0,508050202020,20201128,3,153
3574,2,A,1,508050202020,20201128,3,154
3575,1,A,1,508050202020,20201128,3,155
3576,2,A,1,508050202020,20201128,3,156
3577,1,A,1,508050202020,20201128,3,157
3578,2,A,1,508050202020,20201128,3,158
3579,1,A,0,508050202020,20201128,3,159
3580,2,A,1,508050202020,20201128,3,160
3581,1,A,1,508050202020,20201128,3,161
3582,2,A,1,508050202020,20201128,3,162
3583,1,A,1,508050202020,20201128,3,163
3584,2,A,1,508050202020,20201128,3,164
3585,1,A,0,508050202020,20201128,3,165
3586,2,A,1,508050202020,20201128,3,166
3587,1,A,1,508050202020,20201128,3,167
3588,2,A,1,508050202020,20201128,3,168
3589,1,A,1,508050202020,20201128,3,169
3590,2,A,0,508050202020,20201128,3,170
3591,1,A,1,508050202020,20201128,3,171
3592,2,A,1,508050202020,20201128,3,172
3593,1,A,0,508050202020,20201128,3,173
3594,2,A,0,508050202020,20201128,3,174
3595,1,A,1,508050202020,20201128,3,175
3596,2,A,1,508050202020,20201128,3,176
3597,1,A,0,508050202020,20201128,3,177
3598,2,A,0,508050202020,20201128,3,178
3599,1,A,0,508050202020,20201128,3,179
3600,1,A,1,508020202080,20201128,4,0
3601,2,A,1,508020202080,20201128,4,1
3602,1,A,1,508020202080,20201128,4,2
3603,2,A,1,508020202080,20201128,4,3
3604,6,C,1,508020202080,20201128,4,4
3605,5,C,0,508020202080,20201128,4,5
3606,6,C,1,508020202080,20201128,4,6
3607,5,C,0,508020202080,20201128,4,7
3608,6,C,1,508020202080,20201128,4,8
3609,4,B,0,508020202080,20201128,4,9
3610,3,B,0,508020202080,20201128,4,10
3611,4,B,1,508020202080,20201128,4,11
3612,3,B,0,508020202080,20201128,4,12
3613,4,B,0,508020202080,20201128,4,13
3614,2,A,1,508020202080,20201128,4,14
3615,1,A,1,508020202080,20201128,4,15
3616,2,A,1,508020202080,20201128,4,16
3617,1,A,0,508020202080,20201128,4,17
3618,2,A,1,508020202080,20201128,4,18
3619,1,A,1,508020202080,20201128,4,19
3620,2,A,1,508020202080,20201128,4,20
3621,1,A,1,508020202080,20201128,4,21
3622,2,A,1,508020202080,20201128,4,22
3623,1,A,1,508020202080,20201128,4,23
3624,2,A,0,508020202080,20201128,4,24
3625,1,A,1,508020202080,20201128,4,25
3626,2,A,1,508020202080,20201128,4,26
3627,1,A,0,508020202080,20201128,4,27
3628,2,A,1,508020202080,20201128,4,28
3629,1,A,1,508020202080,20201128,4,29
3630,2,A,1,508020202080,20201128,4,30
3631,1,A,0,508020202080,20201128,4,31
3632,2,A,0,508020202080,20201128,4,32
3633,1,A,1,508020202080,20201128,4,33
3634,2,A,1,508020202080,20201128,4,34
3635,1,A,1,508020202080,20201128,4,35
3636,2,A,1,508020202080,20201128,4,36
3637,1,A,1,508020202080,20201128,4,37
3638,2,A,1,508020202080,20201128,4,38
3639,1,A,1,508020202080,20201128,4,39
3640,2,A,1,508020202080,20201128,4,40
3641,1,A,0,508020202080,20201128,4,41
3642,2,A,0,508020202080,20201128,4,42
3643,1,A,1,508020202080,20201128,4,43
3644,2,A,0,508020202080,20201128,4,44
3645,1,A,1,508020202080,20201128,4,45
3646,2,A,1,508020202080,20201128,4,46
3647,1,A,0,508020202080,20201128,4,47
3648,2,A,0,508020202080,20201128,4,48
3649,1,A,1,508020202080,20201128,4,49
3650,2,A,1,508020202080,20201128,4,50
3651,1,A,0,508020202080,20201128,4,51
3652,2,A,0,508020202080,20201128,4,52
3653,1,A,1,508020202080,20201128,4,53
3654,2,A,0,508020202080,20201128,4,54
3655,1,A,0,508020202080,20201128,4,55
3656,2,A,1,508020202080,20201128,4,56
3657,1,A,1,508020202080,20201128,4,57
3658,2,A,1,508020202080,20201128,4,58
3659,1,A,0,508020202080,20201128,4,59
3660,2,A,0,202050208050,20201128,4,60
3661,1,A,1,202050208050,20201128,4,61
3662,2,A,0,202050208050,20201128,4,62
3663,1,A,1,202050208050,20201128,4,63
3664,2,A,0,202050208050,20201128,4,64
3665,1,A,0,202050208050,20201128,4,65
3666,2,A,0,202050208050,20201128,4,66
3667,1,A,0,202050208050,20201128,4,67
3668,2,A,0,202050208050,20201128,4,68
3669,1,A,1,202050208050,20201128,4,69
3670,2,A,0,202050208050,20201128,4,70
3671,1,A,1,202050208050,20201128,4,71
3672,2,A,0,202050208050,20201128,4,72
3673,1,A,1,202050208050,20201128,4,73
3674,2,A,1,202050208050,20201128,4,74
3675,1,A,0,202050208050,20201128,4,75
3676,2,A,0,202050208050,20201128,4,76
3677,1,A,0,202050208050,20201128,4,77
3678,2,A,0,202050208050,20201128,4,78
3679,1,A,0,202050208050,20201128,4,79
3680,2,A,1,202050208050,20201128,4,80
3681,1,A,0,202050208050,20201128,4,81
3682,2,A,1,202050208050,20201128,4,82
3683,1,A,0,202050208050,20201128,4,83
3684,2,A,1,202050208050,20201128,4,84
3685,1,A,1,202050208050,20201128,4,85
3686,2,A,0,202050208050,20201128,4,86
3687,1,A,0,202050208050,20201128,4,87
3688,2,A,0,202050208050,20201128,4,88
3689,1,A,1,202050208050,20201128,4,89
3690,2,A,0,202050208050,20201128,4,90
3691,1,A,0,202050208050,20201128,4,91
3692,2,A,0,202050208050,20201128,4,92
3693,6,C,1,202050208050,20201128,4,93
3694,5,C,1,202050208050,20201128,4,94
3695,6,C,0,202050208050,20201128,4,95
3696,5,C,1,202050208050,20201128,4,96
3697,6,C,1,202050208050,20201128,4,97
3698,5,C,1,202050208050,20201128,4,98
3699,6,C,0,202050208050,20201128,4,99
3700,5,C,1,202050208050,20201128,4,100
3701,6,C,0,202050208050,20201128,4,101
3702,5,C,1,202050208050,20201128,4,102
3703,6,C,1,202050208050,20201128,4,103
3704,5,C,0,202050208050,20201128,4,104
3705,6,C,1,202050208050,20201128,4,105
3706,5,C,0,202050208050,20201128,4,106
3707,6,C,1,202050208050,20201128,4,107
3708,5,C,1,202050208050,20201128,4,108
3709,6,C,0,202050208050,20201128,4,109
3710,5,C,1,202050208050,20201128,4,110
3711,6,C,1,202050208050,20201128,4,111
3712,5,C,1,202050208050,20201128,4,112
3713,6,C,1,202050208050,20201128,4,113
3714,5,C,0,202050208050,20201128,4,114
3715,6,C,0,202050208050,20201128,4,115
3716,5,C,0,202050208050,20201128,4,116
3717,6,C,0,202050208050,20201128,4,117
3718,5,C,0,202050208050,20201128,4,118
3719,6,C,0,202050208050,20201128,4,119
3720,2,A,0,205080502020,20201128,4,120
3721,1,A,0,205080502020,20201128,4,121
3722,2,A,0,205080502020,20201128,4,122
3723,1,A,0,205080502020,20201128,4,123
3724,2,A,0,205080502020,20201128,4,124
3725,1,A,1,205080502020,20201128,4,125
3726,2,A,1,205080502020,20201128,4,126
3727,1,A,0,205080502020,20201128,4,127
3728,2,A,1,205080502020,20201128,4,128
3729,1,A,0,205080502020,20201128,4,129
3730,2,A,1,205080502020,20201128,4,130
3731,1,A,0,205080502020,20201128,4,131
3732,2,A,0,205080502020,20201128,4,132
3733,1,A,0,205080502020,20201128,4,133
3734,2,A,0,205080502020,20201128,4,134
3735,1,A,0,205080502020,20201128,4,135
3736,2,A,1,205080502020,20201128,4,136
3737,1,A,1,205080502020,20201128,4,137
3738,2,A,0,205080502020,20201128,4,138
3739,1,A,0,205080502020,20201128,4,139
3740,2,A,0,205080502020,20201128,4,140
3741,1,A,0,205080502020,20201128,4,141
3742,2,A,0,205080502020,20201128,4,142
3743,1,A,0,205080502020,20201128,4,143
3744,2,A,1,205080502020,20201128,4,144
3745,1,A,0,205080502020,20201128,4,145
3746,2,A,0,205080502020,20201128,4,146
3747,1,A,0,205080502020,20201128,4,147
3748,2,A,0,205080502020,20201128,4,148
3749,1,A,0,205080502020,20201128,4,149
3750,2,A,0,205080502020,20201128,4,150
3751,4,B,1,205080502020,20201128,4,151
3752,3,B,1,205080502020,20201128,4,152
3753,4,B,0,205080502020,20201128,4,153
3754,3,B,1,205080502020,20201128,4,154
3755,4,B,0,205080502020,20201128,4,155
3756,3,B,1,205080502020,20201128,4,156
3757,4,B,1,205080502020,20201128,4,157
3758,3,B,1,205080502020,20201128,4,158
3759,4,B,1,205080502020,20201128,4,159
3760,3,B,0,205080502020,20201128,4,160
3761,4,B,0,205080502020,20201128,4,161
3762,3,B,1,205080502020,20201128,4,162
3763,4,B,1,205080502020,20201128,4,163
3764,3,B,1,205080502020,20201128,4,164
3765,4,B,0,205080502020,20201128,4,165
3766,3,B,1,205080502020,20201128,4,166
3767,4,B,1,205080502020,20201128,4,167
3768,3,B,1,205080502020,20201128,4,168
3769,4,B,0,205080502020,20201128,4,169
3770,3,B,0,205080502020,20201128,4,170
3771,4,B,1,205080502020,20201128,4,171
3772,3,B,0,205080502020,20201128,4,172
3773,4,B,1,205080502020,20201128,4,173
3774,3,B,1,205080502020,20201128,4,174
3775,4,B,0,205080502020,20201128,4,175
3776,3,B,0,205080502020,20201128,4,176
3777,4,B,0,205080502020,20201128,4,177
3778,3,B,0,205080502020,20201128,4,178
3779,4,B,0,205080502020,20201128,4,179
3780,2,A,0,202020508020,20201128,5,0
3781,1,A,0,202020508020,20201128,5,1
3782,2,A,0,202020508020,20201128,5,2
3783,4,B,1,202020508020,20201128,5,3
3784,3,B,0,202020508020,20201128,5,4
3785,4,B,0,202020508020,20201128,5,5
3786,6,C,0,202020508020,20201128,5,6
3787,5,C,1,202020508020,20201128,5,7
3788,6,C,0,202020508020,20201128,5,8
3789,5,C,0,202020508020,20201128,5,9
3790,6,C,1,202020508020,20201128,5,10
3791,5,C,1,202020508020,20201128,5,11
3792,6,C,0,202020508020,20201128,5,12
3793,4,B,0,202020508020,20201128,5,13
3794,3,B,0,202020508020,20201128,5,14
3795,4,B,1,202020508020,20201128,5,15
3796,3,B,0,202020508020,20201128,5,16
3797,4,B,1,202020508020,20201128,5,17
3798,3,B,0,202020508020,20201128,5,18
3799,4,B,0,202020508020,20201128,5,19
3800,3,B,0,202020508020,20201128,5,20
3801,4,B,1,202020508020,20201128,5,21
3802,2,A,0,202020508020,20201128,5,22
3803,1,A,0,202020508020,20201128,5,23
3804,2,A,0,202020508020,20201128,5,24
3805,1,A,0,202020508020,20201128,5,25
3806,2,A,0,202020508020,20201128,5,26
3807,6,C,0,202020508020,20201128,5,27
3808,5,C,1,202020508020,20201128,5,28
3809,6,C,0,202020508020,20201128,5,29
3810,5,C,1,202020508020,20201128,5,30
3811,6,C,0,202020508020,20201128,5,31
3812,5,C,1,202020508020,20201128,5,32
3813,6,C,0,202020508020,20201128,5,33
3814,5,C,1,202020508020,20201128,5,34
3815,6,C,0,202020508020,20201128,5,35
3816,5,C,1,202020508020,20201128,5,36
3817,6,C,0,202020508020,20201128,5,37
3818,5,C,1,202020508020,20201128,5,38
3819,6,C,0,202020508020,20201128,5,39
3820,5,C,0,202020508020,20201128,5,40
3821,6,C,0,202020508020,20201128,5,41
3822,5,C,1,202020508020,20201128,5,42
3823,6,C,0,202020508020,20201128,5,43
3824,5,C,1,202020508020,20201128,5,44
3825,4,B,1,202020508020,20201128,5,45
3826,3,B,1,202020508020,20201128,5,46
3827,4,B,0,202020508020,20201128,5,47
3828,3,B,0,202020508020,20201128,5,48
3829,4,B,0,202020508020,20201128,5,49
3830,3,B,1,202020508020,20201128,5,50
3831,4,B,1,202020508020,20201128,5,51
3832,3,B,0,202020508020,20201128,5,52
3833,4,B,1,202020508020,20201128,5,53
3834,3,B,0,202020508020,20201128,5,54
3835,4,B,1,202020508020,20201128,5,55
3836,3,B,0,202020508020,20201128,5,56
3837,4,B,1,202020508020,20201128,5,57
3838,3,B,0,202020508020,20201128,5,58
3839,4,B,0,202020508020,20201128,5,59
3840,3,B,0,508050202020,20201128,5,60
3841,4,B,0,508050202020,20201128,5,61
3842,3,B,1,508050202020,20201128,5,62
3843,4,B,0,508050202020,20201128,5,63
3844,3,B,0,508050202020,20201128,5,64
3845,6,C,0,508050202020,20201128,5,65
3846,5,C,0,508050202020,20201128,5,66
3847,6,C,0,508050202020,20201128,5,67
3848,5,C,0,508050202020,20201128,5,68
3849,6,C,0,508050202020,20201128,5,69
3850,5,C,1,508050202020,20201128,5,70
3851,6,C,1,508050202020,20201128,5,71
3852,5,C,0,508050202020,20201128,5,72
3853,6,C,1,508050202020,20201128,5,73
3854,5,C,0,508050202020,20201128,5,74
3855,6,C,0,508050202020,20201128,5,75
3856,5,C,0,508050202020,20201128,5,76
3857,6,C,1,508050202020,20201128,5,77
3858,5,C,0,508050202020,20201128,5,78
3859,6,C,0,508050202020,20201128,5,79
3860,5,C,0,508050202020,20201128,5,80
3861,6,C,0,508050202020,20201128,5,81
3862,5,C,1,508050202020,20201128,5,82
3863,6,C,1,508050202020,20201128,5,83
3864,5,C,0,508050202020,20201128,5,84
3865,6,C,0,508050202020,20201128,5,85
3866,5,C,0,508050202020,20201128,5,86
3867,6,C,0,508050202020,20201128,5,87
3868,2,A,0,508050202020,20201128,5,88
3869,1,A,0,508050202020,20201128,5,89
3870,2,A,0,508050202020,20201128,5,90
3871,1,A,0,508050202020,20201128,5,91
3872,2,A,1,508050202020,20201128,5,92
3873,1,A,0,508050202020,20201128,5,93
3874,2,A,1,508050202020,20201128,5,94
3875,1,A,1,508050202020,20201128,5,95
3876,2,A,1,508050202020,20201128,5,96
3877,1,A,0,508050202020,20201128,5,97
3878,2,A,1,508050202020,20201128,5,98
3879,1,A,1,508050202020,20201128,5,99
3880,2,A,1,508050202020,20201128,5,100
3881,1,A,1,508050202020,20201128,5,101
3882,2,A,1,508050202020,20201128,5,102
3883,1,A,0,508050202020,20201128,5,103
3884,2,A,1,508050202020,20201128,5,104
3885,1,A,1,508050202020,20201128,5,105
3886,2,A,1,508050202020,20201128,5,106
3887,1,A,0,508050202020,20201128,5,107
3888,2,A,1,508050202020,20201128,5,108
3889,1,A,0,508050202020,20201128,5,109
3890,2,A,1,508050202020,20201128,5,110
3891,1,A,1,508050202020,20201128,5,111
3892,2,A,1,508050202020,20201128,5,112
3893,1,A,1,508050202020,20201128,5,113
3894,2,A,0,508050202020,20201128,5,114
3895,1,A,1,508050202020,20201128,5,115
3896,2,A,1,508050202020,20201128,5,116
3897,1,A,0,508050202020,20201128,5,117
3898,2,A,0,508050202020,20201128,5,118
3899,1,A,0,508050202020,20201128,5,119
3900,2,A,0,202050202080,20201128,5,120
3901,1,A,0,202050202080,20201128,5,121
3902,2,A,0,202050202080,20201128,5,122
3903,1,A,0,202050202080,20201128,5,123
3904,2,A,0,202050202080,20201128,5,124
3905,1,A,0,202050202080,20201128,5,125
3906,2,A,0,202050202080,20201128,5,126
3907,1,A,0,202050202080,20201128,5,127
3908,2,A,0,202050202080,20201128,5,128
3909,4,B,0,202050202080,20201128,5,129
3910,3,B,0,202050202080,20201128,5,130
3911,4,B,0,202050202080,20201128,5,131
3912,3,B,0,202050202080,20201128,5,132
3913,4,B,0,202050202080,20201128,5,133
3914,3,B,0,202050202080,20201128,5,134
3915,6,C,1,202050202080,20201128,5,135
3916,5,C,1,202050202080,20201128,5,136
3917,6,C,1,202050202080,20201128,5,137
3918,5,C,0,202050202080,20201128,5,138
3919,6,C,1,202050202080,20201128,5,139
3920,5,C,1,202050202080,20201128,5,140
3921,6,C,1,202050202080,20201128,5,141
3922,5,C,1,202050202080,20201128,5,142
3923,6,C,1,202050202080,20201128,5,143
3924,5,C,0,202050202080,20201128,5,144
3925,6,C,1,202050202080,20201128,5,145
3926,5,C,0,202050202080,20201128,5,146
3927,6,C,0,202050202080,20201128,5,147
3928,5,C,1,202050202080,20201128,5,148
3929,6,C,1,202050202080,20201128,5,149
3930,5,C,0,202050202080,20201128,5,150
3931,6,C,1,202050202080,20201128,5,151
3932,5,C,0,202050202080,20201128,5,152
3933,6,C,1,202050202080,20201128,5,153
3934,5,C,1,202050202080,20201128,5,154
3935,6,C,1,202050202080,20201128,5,155
3936,5,C,0,202050202080,20201128,5,156
3937,6,C,1,202050202080,20201128,5,157
3938,5,C,1,202050202080,20201128,5,158
3939,6,C,1,202050202080,20201128,5,159
3940,5,C,0,202050202080,20201128,5,160
3941,6,C,1,202050202080,20201128,5,161
3942,5,C,0,202050202080,20201128,5,162
3943,6,C,0,202050202080,20201128,5,163
3944,5,C,0,202050202080,20201128,5,164
3945,6,C,0,202050202080,20201128,5,165
3946,5,C,0,202050202080,20201128,5,166
3947,6,C,0,202050202080,20201128,5,167
3948,5,C,1,202050202080,20201128,5,168
3949,6,C,1,202050202080,20201128,5,169
3950,5,C,0,202050202080,20201128,5,170
3951,6,C,1,202050202080,20201128,5,171
3952,5,C,0,202050202080,20201128,5,172
3953,6,C,1,202050202080,20201128,5,173
3954,5,C,0,202050202080,20201128,5,174
3955,6,C,1,202050202080,20201128,5,175
3956,5,C,0,202050202080,20201128,5,176
3957,6,C,0,202050202080,20201128,5,177
3958,5,C,0,202050202080,20201128,5,178
3959,6,C,1,202050202080,20201128,5,179
3960,6,C,0,502080505020,20201128,6,0
3961,5,C,0,502080505020,20201128,6,1
3962,6,C,0,502080505020,20201128,6,2
3963,2,A,0,502080505020,20201128,6,3
3964,1,A,1,502080505020,20201128,6,4
3965,2,A,0,502080505020,20201128,6,5
3966,1,A,0,502080505020,20201128,6,6
3967,4,B,1,502080505020,20201128,6,7
3968,3,B,1,502080505020,20201128,6,8
3969,4,B,0,502080505020,20201128,6,9
3970,3,B,1,502080505020,20201128,6,10
3971,4,B,0,502080505020,20201128,6,11
3972,3,B,0,502080505020,20201128,6,12
3973,6,C,0,502080505020,20201128,6,13
3974,5,C,1,502080505020,20201128,6,14
3975,6,C,0,502080505020,20201128,6,15
3976,5,C,0,502080505020,20201128,6,16
3977,6,C,0,502080505020,20201128,6,17
3978,5,C,1,502080505020,20201128,6,18
3979,2,A,0,502080505020,20201128,6,19
3980,1,A,0,502080505020,20201128,6,20
3981,2,A,0,502080505020,20201128,6,21
3982,1,A,0,502080505020,20201128,6,22
3983,2,A,0,502080505020,20201128,6,23
3984,1,A,1,502080505020,20201128,6,24
3985,4,B,1,502080505020,20201128,6,25
3986,3,B,1,502080505020,20201128,6,26
3987,4,B,0,502080505020,20201128,6,27
3988,3,B,1,502080505020,20201128,6,28
3989,4,B,0,502080505020,20201128,6,29
3990,3,B,0,502080505020,20201128,6,30
3991,4,B,0,502080505020,20201128,6,31
3992,6,C,1,502080505020,20201128,6,32
3993,5,C,1,502080505020,20201128,6,33
3994,6,C,1,502080505020,20201128,6,34
3995,5,C,1,502080505020,20201128,6,35
3996,6,C,0,502080505020,20201128,6,36
3997,5,C,1,502080505020,20201128,6,37
3998,6,C,1,502080505020,20201128,6,38
3999,5,C,1,502080505020,20201128,6,39
4000,6,C,0,502080505020,20201128,6,40
4001,5,C,0,502080505020,20201128,6,41
4002,6,C,0,502080505020,20201128,6,42
4003,5,C,0,502080505020,20201128,6,43
4004,4,B,1,502080505020,20201128,6,44
4005,3,B,1,502080505020,20201128,6,45
4006,4,B,0,502080505020,20201128,6,46
4007,3,B,1,502080505020,20201128,6,47
4008,4,B,1,502080505020,20201128,6,48
4009,3,B,1,502080505020,20201128,6,49
4010,4,B,0,502080505020,20201128,6,50
4011,3,B,1,502080505020,20201128,6,51
4012,4,B,1,502080505020,20201128,6,52
4013,3,B,1,502080505020,20201128,6,53
4014,4,B,0,502080505020,20201128,6,54
4015,3,B,0,502080505020,20201128,6,55
4016,4,B,0,502080505020,20201128,6,56
4017,3,B,1,502080505020,20201128,6,57
4018,4,B,0,502080505020,20201128,6,58
4019,3,B,1,502080505020,20201128,6,59
4020,4,B,1,802020505050,20201128,6,60
4021,3,B,0,802020505050,20201128,6,61
4022,4,B,1,802020505050,20201128,6,62
4023,3,B,0,802020505050,20201128,6,63
4024,4,B,0,802020505050,20201128,6,64
4025,3,B,0,802020505050,20201128,6,65
4026,4,B,1,802020505050,20201128,6,66
4027,3,B,1,802020505050,20201128,6,67
4028,4,B,0,802020505050,20201128,6,68
4029,3,B,0,802020505050,20201128,6,69
4030,4,B,0,802020505050,20201128,6,70
4031,2,A,0,802020505050,20201128,6,71
4032,1,A,1,802020505050,20201128,6,72
4033,2,A,0,802020505050,20201128,6,73
4034,1,A,0,802020505050,20201128,6,74
4035,2,A,0,802020505050,20201128,6,75
4036,1,A,1,802020505050,20201128,6,76
4037,2,A,0,802020505050,20201128,6,77
4038,1,A,1,802020505050,20201128,6,78
4039,2,A,0,802020505050,20201128,6,79
4040,1,A,1,802020505050,20201128,6,80
4041,2,A,0,802020505050,20201128,6,81
4042,1,A,0,802020505050,20201128,6,82
4043,2,A,0,802020505050,20201128,6,83
4044,1,A,1,802020505050,20201128,6,84
4045,6,C,0,802020505050,20201128,6,85
4046,5,C,0,802020505050,20201128,6,86
4047,6,C,0,802020505050,20201128,6,87
4048,5,C,0,802020505050,20201128,6,88
4049,6,C,1,802020505050,20201128,6,89
4050,5,C,1,802020505050,20201128,6,90
4051,6,C,1,802020505050,20201128,6,91
4052,5,C,1,802020505050,20201128,6,92
4053,6,C,1,802020505050,20201128,6,93
4054,5,C,1,802020505050,20201128,6,94
4055,6,C,0,802020505050,20201128,6,95
4056,5,C,1,802020505050,20201128,6,96
4057,6,C,0,802020505050,20201128,6,97
4058,5,C,1,802020505050,20201128,6,98
4059,6,C,1,802020505050,20201128,6,99
4060,5,C,1,802020505050,20201128,6,100
4061,6,C,1,802020505050,20201128,6,101
4062,5,C,0,802020505050,20201128,6,102
4063,6,C,1,802020505050,20201128,6,103
4064,5,C,0,802020505050,20201128,6,104
4065,6,C,0,802020505050,20201128,6,105
4066,5,C,0,802020505050,20201128,6,106
4067,6,C,1,802020505050,20201128,6,107
4068,5,C,0,802020505050,20201128,6,108
4069,6,C,0,802020505050,20201128,6,109
4070,5,C,0,802020505050,20201128,6,110
4071,6,C,0,802020505050,20201128,6,111
4072,5,C,1,802020505050,20201128,6,112
4073,6,C,1,802020505050,20201128,6,113
4074,5,C,0,802020505050,20201128,6,114
4075,6,C,0,802020505050,20201128,6,115
4076,5,C,0,802020505050,20201128,6,116
4077,6,C,0,802020505050,20201128,6,117
4078,5,C,0,802020505050,20201128,6,118
4079,6,C,1,802020505050,20201128,6,119
4080,5,C,0,202050802020,20201128,6,120
4081,6,C,0,202050802020,20201128,6,121
4082,5,C,0,202050802020,20201128,6,122
4083,6,C,1,202050802020,20201128,6,123
4084,5,C,0,202050802020,20201128,6,124
4085,6,C,0,202050802020,20201128,6,125
4086,5,C,0,202050802020,20201128,6,126
4087,6,C,0,202050802020,20201128,6,127
4088,2,A,0,202050802020,20201128,6,128
4089,1,A,0,202050802020,20201128,6,129
4090,2,A,0,202050802020,20201128,6,130
4091,1,A,0,202050802020,20201128,6,131
4092,4,B,1,202050802020,20201128,6,132
4093,3,B,0,202050802020,20201128,6,133
4094,4,B,1,202050802020,20201128,6,134
4095,3,B,1,202050802020,20201128,6,135
4096,4,B,1,202050802020,20201128,6,136
4097,3,B,1,202050802020,20201128,6,137
4098,4,B,1,202050802020,20201128,6,138
4099,3,B,0,202050802020,20201128,6,139
4100,4,B,0,202050802020,20201128,6,140
4101,3,B,0,202050802020,20201128,6,141
4102,4,B,0,202050802020,20201128,6,142
4103,3,B,1,202050802020,20201128,6,143
4104,4,B,1,202050802020,20201128,6,144
4105,3,B,0,202050802020,20201128,6,145
4106,4,B,0,202050802020,20201128,6,146
4107,3,B,1,202050802020,20201128,6,147
4108,4,B,1,202050802020,20201128,6,148
4109,3,B,1,202050802020,20201128,6,149
4110,4,B,1,202050802020,20201128,6,150
4111,3,B,1,202050802020,20201128,6,151
4112,4,B,0,202050802020,20201128,6,152
4113,3,B,0,202050802020,20201128,6,153
4114,4,B,1,202050802020,20201128,6,154
4115,3,B,1,202050802020,20201128,6,155
4116,4,B,1,202050802020,20201128,6,156
4117,3,B,1,202050802020,20201128,6,157
4118,4,B,1,202050802020,20201128,6,158
4119,3,B,0,202050802020,20201128,6,159
4120,4,B,0,202050802020,20201128,6,160
4121,3,B,0,202050802020,20201128,6,161
4122,4,B,1,202050802020,20201128,6,162
4123,3,B,1,202050802020,20201128,6,163
4124,4,B,0,202050802020,20201128,6,164
4125,3,B,0,202050802020,20201128,6,165
4126,4,B,1,202050802020,20201128,6,166
4127,3,B,1,202050802020,20201128,6,167
4128,4,B,1,202050802020,20201128,6,168
4129,3,B,0,202050802020,20201128,6,169
4130,4,B,1,202050802020,20201128,6,170
4131,3,B,0,202050802020,20201128,6,171
4132,4,B,0,202050802020,20201128,6,172
4133,3,B,0,202050802020,20201128,6,173
4134,4,B,1,202050802020,20201128,6,174
4135,3,B,1,202050802020,20201128,6,175
4136,4,B,1,202050802020,20201128,6,176
4137,3,B,0,202050802020,20201128,6,177
4138,4,B,1,202050802020,20201128,6,178
4139,3,B,1,202050802020,20201128,6,179
4140,2,A,0,805020208020,20201128,7,0
4141,1,A,1,805020208020,20201128,7,1
4142,6,C,0,805020208020,20201128,7,2
4143,5,C,1,805020208020,20201128,7,3
4144,6,C,0,805020208020,20201128,7,4
4145,5,C,0,805020208020,20201128,7,5
4146,4,B,0,805020208020,20201128,7,6
4147,3,B,0,805020208020,20201128,7,7
4148,4,B,0,805020208020,20201128,7,8
4149,3,B,0,805020208020,20201128,7,9
4150,2,A,1,805020208020,20201128,7,10
4151,1,A,1,805020208020,20201128,7,11
4152,2,A,0,805020208020,20201128,7,12
4153,1,A,1,805020208020,20201128,7,13
4154,6,C,1,805020208020,20201128,7,14
4155,5,C,1,805020208020,20201128,7,15
4156,6,C,0,805020208020,20201128,7,16
4157,5,C,1,805020208020,20201128,7,17
4158,6,C,0,805020208020,20201128,7,18
4159,5,C,1,805020208020,20201128,7,19
4160,6,C,1,805020208020,20201128,7,20
4161,5,C,1,805020208020,20201128,7,21
4162,6,C,1,805020208020,20201128,7,22
4163,5,C,1,805020208020,20201128,7,23
4164,6,C,0,805020208020,20201128,7,24
4165,5,C,1,805020208020,20201128,7,25
4166,6,C,0,805020208020,20201128,7,26
4167,5,C,1,805020208020,20201128,7,27
4168,6,C,1,805020208020,20201128,7,28
4169,5,C,1,805020208020,20201128,7,29
4170,6,C,1,805020208020,20201128,7,30
4171,5,C,1,805020208020,20201128,7,31
4172,6,C,0,805020208020,20201128,7,32
4173,5,C,1,805020208020,20201128,7,33
4174,6,C,0,805020208020,20201128,7,34
4175,5,C,1,805020208020,20201128,7,35
4176,6,C,0,805020208020,20201128,7,36
4177,5,C,0,805020208020,20201128,7,37
4178,6,C,1,805020208020,20201128,7,38
4179,5,C,1,805020208020,20201128,7,39
4180,6,C,0,805020208020,20201128,7,40
4181,5,C,1,805020208020,20201128,7,41
4182,6,C,0,805020208020,20201128,7,42
4183,5,C,1,805020208020,20201128,7,43
4184,6,C,0,805020208020,20201128,7,44
4185,5,C,1,805020208020,20201128,7,45
4186,6,C,1,805020208020,20201128,7,46
4187,5,C,1,805020208020,20201128,7,47
4188,6,C,0,805020208020,20201128,7,48
4189,5,C,1,805020208020,20201128,7,49
4190,6,C,0,805020208020,20201128,7,50
4191,5,C,1,805020208020,20201128,7,51
4192,6,C,0,805020208020,20201128,7,52
4193,5,C,1,805020208020,20201128,7,53
4194,6,C,0,805020208020,20201128,7,54
4195,5,C,1,805020208020,20201128,7,55
4196,6,C,0,805020208020,20201128,7,56
4197,5,C,1,805020208020,20201128,7,57
4198,6,C,0,805020208020,20201128,7,58
4199,5,C,1,805020208020,20201128,7,59
4200,6,C,0,202050202080,20201128,7,60
4201,5,C,0,202050202080,20201128,7,61
4202,2,A,1,202050202080,20201128,7,62
4203,1,A,1,202050202080,20201128,7,63
4204,2,A,1,202050202080,20201128,7,64
4205,1,A,0,202050202080,20201128,7,65
4206,2,A,0,202050202080,20201128,7,66
4207,1,A,0,202050202080,20201128,7,67
4208,2,A,0,202050202080,20201128,7,68
4209,4,B,1,202050202080,20201128,7,69
4210,3,B,0,202050202080,20201128,7,70
4211,4,B,0,202050202080,20201128,7,71
4212,3,B,0,202050202080,20201128,7,72
4213,4,B,0,202050202080,20201128,7,73
4214,3,B,0,202050202080,20201128,7,74
4215,4,B,0,202050202080,20201128,7,75
4216,6,C,1,202050202080,20201128,7,76
4217,5,C,0,202050202080,20201128,7,77
4218,6,C,1,202050202080,20201128,7,78
4219,5,C,0,202050202080,20201128,7,79
4220,6,C,1,202050202080,20201128,7,80
4221,5,C,0,202050202080,20201128,7,81
4222,6,C,1,202050202080,20201128,7,82
4223,5,C,0,202050202080,20201128,7,83
4224,6,C,1,202050202080,20201128,7,84
4225,5,C,0,202050202080,20201128,7,85
4226,6,C,0,202050202080,20201128,7,86
4227,5,C,1,202050202080,20201128,7,87
4228,6,C,1,202050202080,20201128,7,88
4229,5,C,1,202050202080,20201128,7,89
4230,6,C,1,202050202080,20201128,7,90
4231,5,C,0,202050202080,20201128,7,91
4232,6,C,1,202050202080,20201128,7,92
4233,5,C,0,202050202080,20201128,7,93
4234,6,C,1,202050202080,20201128,7,94
4235,5,C,1,202050202080,20201128,7,95
4236,6,C,1,202050202080,20201128,7,96
4237,5,C,1,202050202080,20201128,7,97
4238,6,C,1,202050202080,20201128,7,98
4239,5,C,1,202050202080,20201128,7,99
4240,6,C,0,202050202080,20201128,7,100
4241,5,C,0,202050202080,20201128,7,101
4242,6,C,1,202050202080,20201128,7,102
4243,5,C,0,202050202080,20201128,7,103
4244,6,C,1,202050202080,20201128,7,104
4245,5,C,0,202050202080,20201128,7,105
4246,6,C,1,202050202080,20201128,7,106
4247,5,C,1,202050202080,20201128,7,107
4248,6,C,1,202050202080,20201128,7,108
4249,5,C,0,202050202080,20201128,7,109
4250,6,C,0,202050202080,20201128,7,110
4251,5,C,0,202050202080,20201128,7,111
4252,6,C,1,202050202080,20201128,7,112
4253,5,C,0,202050202080,20201128,7,113
4254,6,C,1,202050202080,20201128,7,114
4255,5,C,0,202050202080,20201128,7,115
4256,6,C,1,202050202080,20201128,7,116
4257,5,C,0,202050202080,20201128,7,117
4258,6,C,1,202050202080,20201128,7,118
4259,5,C,0,202050202080,20201128,7,119
4260,6,C,0,502080502020,20201128,7,120
4261,5,C,1,502080502020,20201128,7,121
4262,6,C,0,502080502020,20201128,7,122
4263,5,C,0,502080502020,20201128,7,123
4264,6,C,0,502080502020,20201128,7,124
4265,5,C,0,502080502020,20201128,7,125
4266,6,C,1,502080502020,20201128,7,126
4267,5,C,0,502080502020,20201128,7,127
4268,6,C,0,502080502020,20201128,7,128
4269,5,C,0,502080502020,20201128,7,129
4270,6,C,0,502080502020,20201128,7,130
4271,2,A,0,502080502020,20201128,7,131
4272,1,A,0,502080502020,20201128,7,132
4273,2,A,0,502080502020,20201128,7,133
4274,1,A,1,502080502020,20201128,7,134
4275,2,A,0,502080502020,20201128,7,135
4276,1,A,1,502080502020,20201128,7,136
4277,2,A,0,502080502020,20201128,7,137
4278,1,A,0,502080502020,20201128,7,138
4279,2,A,0,502080502020,20201128,7,139
4280,1,A,0,502080502020,20201128,7,140
4281,2,A,0,502080502020,20201128,7,141
4282,1,A,1,502080502020,20201128,7,142
4283,4,B,1,502080502020,20201128,7,143
4284,3,B,1,502080502020,20201128,7,144
4285,4,B,0,502080502020,20201128,7,145
4286,3,B,1,502080502020,20201128,7,146
4287,4,B,1,502080502020,20201128,7,147
4288,3,B,0,502080502020,20201128,7,148
4289,4,B,1,502080502020,20201128,7,149
4290,3,B,1,502080502020,20201128,7,150
4291,4,B,1,502080502020,20201128,7,151
4292,3,B,1,502080502020,20201128,7,152
4293,4,B,0,502080502020,20201128,7,153
4294,3,B,0,502080502020,20201128,7,154
4295,4,B,0,502080502020,20201128,7,155
4296,3,B,1,502080502020,20201128,7,156
4297,4,B,1,502080502020,20201128,7,157
4298,3,B,1,502080502020,20201128,7,158
4299,4,B,1,502080502020,20201128,7,159
4300,3,B,1,502080502020,20201128,7,160
4301,4,B,1,502080502020,20201128,7,161
4302,3,B,1,502080502020,20201128,7,162
4303,4,B,0,502080502020,20201128,7,163
4304,3,B,1,502080502020,20201128,7,164
4305,4,B,1,502080502020,20201128,7,165
4306,3,B,1,502080502020,20201128,7,166
4307,4,B,0,502080502020,20201128,7,167
4308,3,B,1,502080502020,20201128,7,168
4309,4,B,0,502080502020,20201128,7,169
4310,3,B,1,502080502020,20201128,7,170
4311,4,B,1,502080502020,20201128,7,171
4312,3,B,1,502080502020,20201128,7,172
4313,4,B,0,502080502020,20201128,7,173
4314,3,B,1,502080502020,20201128,7,174
4315,4,B,0,502080502020,20201128,7,175
4316,3,B,1,502080502020,20201128,7,176
4317,4,B,1,502080502020,20201128,7,177
4318,3,B,1,502080502020,20201128,7,178
4319,4,B,0,502080502020,20201128,7,179
4320,6,C,1,205020508050,20201128,8,0
4321,5,C,1,205020508050,20201128,8,1
4322,6,C,1,205020508050,20201128,8,2
4323,5,C,1,205020508050,20201128,8,3
4324,2,A,1,205020508050,20201128,8,4
4325,1,A,1,205020508050,20201128,8,5
4326,2,A,1,205020508050,20201128,8,6
4327,1,A,0,205020508050,20201128,8,7
4328,2,A,1,205020508050,20201128,8,8
4329,4,B,0,205020508050,20201128,8,9
4330,3,B,1,205020508050,20201128,8,10
4331,4,B,1,205020508050,20201128,8,11
4332,3,B,0,205020508050,20201128,8,12
4333,4,B,1,205020508050,20201128,8,13
4334,3,B,0,205020508050,20201128,8,14
4335,4,B,0,205020508050,20201128,8,15
4336,6,C,1,205020508050,20201128,8,16
4337,5,C,1,205020508050,20201128,8,17
4338,6,C,1,205020508050,20201128,8,18
4339,5,C,1,205020508050,20201128,8,19
4340,6,C,1,205020508050,20201128,8,20
4341,5,C,1,205020508050,20201128,8,21
4342,6,C,1,205020508050,20201128,8,22
4343,5,C,0,205020508050,20201128,8,23
4344,6,C,0,205020508050,20201128,8,24
4345,5,C,0,205020508050,20201128,8,25
4346,6,C,1,205020508050,20201128,8,26
4347,2,A,0,205020508050,20201128,8,27
4348,1,A,0,205020508050,20201128,8,28
4349,2,A,0,205020508050,20201128,8,29
4350,1,A,1,205020508050,20201128,8,30
4351,2,A,1,205020508050,20201128,8,31
4352,1,A,0,205020508050,20201128,8,32
4353,2,A,0,205020508050,20201128,8,33
4354,1,A,1,205020508050,20201128,8,34
4355,4,B,0,205020508050,20201128,8,35
4356,3,B,0,205020508050,20201128,8,36
4357,4,B,0,205020508050,20201128,8,37
4358,3,B,0,205020508050,20201128,8,38
4359,4,B,1,205020508050,20201128,8,39
4360,3,B,0,205020508050,20201128,8,40
4361,4,B,0,205020508050,20201128,8,41
4362,3,B,0,205020508050,20201128,8,42
4363,4,B,0,205020508050,20201128,8,43
4364,6,C,1,205020508050,20201128,8,44
4365,5,C,1,205020508050,20201128,8,45
4366,6,C,0,205020508050,20201128,8,46
4367,5,C,1,205020508050,20201128,8,47
4368,6,C,0,205020508050,20201128,8,48
4369,5,C,1,205020508050,20201128,8,49
4370,6,C,1,205020508050,20201128,8,50
4371,5,C,1,205020508050,20201128,8,51
4372,6,C,1,205020508050,20201128,8,52
4373,5,C,1,205020508050,20201128,8,53
4374,6,C,1,205020508050,20201128,8,54
4375,5,C,1,205020508050,20201128,8,55
4376,6,C,1,205020508050,20201128,8,56
4377,5,C,1,205020508050,20201128,8,57
4378,6,C,0,205020508050,20201128,8,58
4379,5,C,1,205020508050,20201128,8,59
4380,6,C,0,205050802020,20201128,8,60
4381,5,C,0,205050802020,20201128,8,61
4382,6,C,1,205050802020,20201128,8,62
4383,5,C,0,205050802020,20201128,8,63
4384,6,C,1,205050802020,20201128,8,64
4385,5,C,1,205050802020,20201128,8,65
4386,6,C,0,205050802020,20201128,8,66
4387,5,C,0,205050802020,20201128,8,67
4388,6,C,0,205050802020,20201128,8,68
4389,5,C,0,205050802020,20201128,8,69
4390,6,C,0,205050802020,20201128,8,70
4391,2,A,1,205050802020,20201128,8,71
4392,1,A,0,205050802020,20201128,8,72
4393,2,A,1,205050802020,20201128,8,73
4394,1,A,0,205050802020,20201128,8,74
4395,2,A,0,205050802020,20201128,8,75
4396,1,A,0,205050802020,20201128,8,76
4397,2,A,1,205050802020,20201128,8,77
4398,1,A,0,205050802020,20201128,8,78
4399,2,A,1,205050802020,20201128,8,79
4400,1,A,0,205050802020,20201128,8,80
4401,2,A,1,205050802020,20201128,8,81
4402,1,A,1,205050802020,20201128,8,82
4403,2,A,1,205050802020,20201128,8,83
4404,1,A,1,205050802020,20201128,8,84
4405,2,A,0,205050802020,20201128,8,85
4406,1,A,0,205050802020,20201128,8,86
4407,2,A,1,205050802020,20201128,8,87
4408,1,A,0,205050802020,20201128,8,88
4409,2,A,1,205050802020,20201128,8,89
4410,1,A,0,205050802020,20201128,8,90
4411,2,A,0,205050802020,20201128,8,91
4412,1,A,0,205050802020,20201128,8,92
4413,2,A,0,205050802020,20201128,8,93
4414,6,C,0,205050802020,20201128,8,94
4415,5,C,0,205050802020,20201128,8,95
4416,6,C,0,205050802020,20201128,8,96
4417,5,C,0,205050802020,20201128,8,97
4418,6,C,0,205050802020,20201128,8,98
4419,5,C,0,205050802020,20201128,8,99
4420,4,B,1,205050802020,20201128,8,100
4421,3,B,0,205050802020,20201128,8,101
4422,4,B,1,205050802020,20201128,8,102
4423,3,B,0,205050802020,20201128,8,103
4424,4,B,0,205050802020,20201128,8,104
4425,3,B,1,205050802020,20201128,8,105
4426,4,B,0,205050802020,20201128,8,106
4427,3,B,0,205050802020,20201128,8,107
4428,4,B,1,205050802020,20201128,8,108
4429,3,B,1,205050802020,20201128,8,109
4430,4,B,0,205050802020,20201128,8,110
4431,3,B,1,205050802020,20201128,8,111
4432,4,B,1,205050802020,20201128,8,112
4433,3,B,1,205050802020,20201128,8,113
4434,4,B,1,205050802020,20201128,8,114
4435,3,B,0,205050802020,20201128,8,115
4436,4,B,1,205050802020,20201128,8,116
4437,3,B,1,205050802020,20201128,8,117
4438,4,B,1,205050802020,20201128,8,118
4439,3,B,0,205050802020,20201128,8,119
4440,4,B,0,202050205080,20201128,8,120
4441,3,B,0,202050205080,20201128,8,121
4442,4,B,0,202050205080,20201128,8,122
4443,3,B,0,202050205080,20201128,8,123
4444,4,B,0,202050205080,20201128,8,124
4445,2,A,1,202050205080,20201128,8,125
4446,1,A,1,202050205080,20201128,8,126
4447,2,A,1,202050205080,20201128,8,127
4448,1,A,1,202050205080,20201128,8,128
4449,2,A,0,202050205080,20201128,8,129
4450,1,A,0,202050205080,20201128,8,130
4451,2,A,0,202050205080,20201128,8,131
4452,6,C,1,202050205080,20201128,8,132
4453,5,C,1,202050205080,20201128,8,133
4454,6,C,1,202050205080,20201128,8,134
4455,5,C,0,202050205080,20201128,8,135
4456,6,C,1,202050205080,20201128,8,136
4457,5,C,0,202050205080,20201128,8,137
4458,6,C,1,202050205080,20201128,8,138
4459,5,C,1,202050205080,20201128,8,139
4460,6,C,0,202050205080,20201128,8,140
4461,5,C,1,202050205080,20201128,8,141
4462,6,C,0,202050205080,20201128,8,142
4463,5,C,0,202050205080,20201128,8,143
4464,2,A,0,202050205080,20201128,8,144
4465,1,A,0,202050205080,20201128,8,145
4466,2,A,0,202050205080,20201128,8,146
4467,1,A,0,202050205080,20201128,8,147
4468,2,A,0,202050205080,20201128,8,148
4469,4,B,0,202050205080,20201128,8,149
4470,3,B,1,202050205080,20201128,8,150
4471,4,B,0,202050205080,20201128,8,151
4472,3,B,1,202050205080,20201128,8,152
4473,4,B,1,202050205080,20201128,8,153
4474,3,B,1,202050205080,20201128,8,154
4475,4,B,1,202050205080,20201128,8,155
4476,3,B,0,202050205080,20201128,8,156
4477,4,B,0,202050205080,20201128,8,157
4478,3,B,0,202050205080,20201128,8,158
4479,4,B,0,202050205080,20201128,8,159
4480,3,B,0,202050205080,20201128,8,160
4481,4,B,0,202050205080,20201128,8,161
4482,6,C,1,202050205080,20201128,8,162
4483,5,C,0,202050205080,20201128,8,163
4484,6,C,0,202050205080,20201128,8,164
4485,5,C,0,202050205080,20201128,8,165
4486,6,C,0,202050205080,20201128,8,166
4487,5,C,0,202050205080,20201128,8,167
4488,2,A,0,202050205080,20201128,8,168
4489,1,A,0,202050205080,20201128,8,169
4490,2,A,1,202050205080,20201128,8,170
4491,1,A,0,202050205080,20201128,8,171
4492,2,A,1,202050205080,20201128,8,172
4493,1,A,0,202050205080,20201128,8,173
4494,2,A,1,202050205080,20201128,8,174
4495,1,A,1,202050205080,20201128,8,175
4496,2,A,0,202050205080,20201128,8,176
4497,1,A,1,202050205080,20201128,8,177
4498,2,A,1,202050205080,20201128,8,178
4499,1,A,0,202050205080,20201128,8,179
4500,6,C,1,805020502050,20201129,1,0
4501,5,C,0,805020502050,20201129,1,1
4502,2,A,0,805020502050,20201129,1,2
4503,1,A,1,805020502050,20201129,1,3
4504,4,B,1,805020502050,20201129,1,4
4505,3,B,0,805020502050,20201129,1,5
4506,4,B,0,805020502050,20201129,1,6
4507,6,C,0,805020502050,20201129,1,7
4508,5,C,0,805020502050,20201129,1,8
4509,3,B,1,805020502050,20201129,1,9
4510,4,B,0,805020502050,20201129,1,10
4511,3,B,0,805020502050,20201129,1,11
4512,2,A,1,805020502050,20201129,1,12
4513,1,A,0,805020502050,20201129,1,13
4514,2,A,0,805020502050,20201129,1,14
4515,1,A,1,805020502050,20201129,1,15
4516,6,C,0,805020502050,20201129,1,16
4517,5,C,0,805020502050,20201129,1,17
4518,6,C,0,805020502050,20201129,1,18
4519,5,C,0,805020502050,20201129,1,19
4520,2,A,1,805020502050,20201129,1,20
4521,1,A,0,805020502050,20201129,1,21
4522,2,A,0,805020502050,20201129,1,22
4523,4,B,0,805020502050,20201129,1,23
4524,3,B,0,805020502050,20201129,1,24
4525,2,A,1,805020502050,20201129,1,25
4526,1,A,1,805020502050,20201129,1,26
4527,2,A,1,805020502050,20201129,1,27
4528,1,A,0,805020502050,20201129,1,28
4529,2,A,0,805020502050,20201129,1,29
4530,6,C,0,805020502050,20201129,1,30
4531,5,C,1,805020502050,20201129,1,31
4532,6,C,1,805020502050,20201129,1,32
4533,5,C,0,805020502050,20201129,1,33
4534,6,C,1,805020502050,20201129,1,34
4535,5,C,0,805020502050,20201129,1,35
4536,4,B,0,805020502050,20201129,1,36
4537,3,B,1,805020502050,20201129,1,37
4538,4,B,0,805020502050,20201129,1,38
4539,3,B,0,805020502050,20201129,1,39
4540,4,B,1,805020502050,20201129,1,40
4541,3,B,0,805020502050,20201129,1,41
4542,4,B,0,805020502050,20201129,1,42
4543,2,A,1,805020502050,20201129,1,43
4544,1,A,1,805020502050,20201129,1,44
4545,2,A,0,805020502050,20201129,1,45
4546,1,A,1,805020502050,20201129,1,46
4547,2,A,0,805020502050,20201129,1,47
4548,1,A,1,805020502050,20201129,1,48
4549,2,A,0,805020502050,20201129,1,49
4550,1,A,1,805020502050,20201129,1,50
4551,2,A,0,805020502050,20201129,1,51
4552,1,A,1,805020502050,20201129,1,52
4553,2,A,1,805020502050,20201129,1,53
4554,1,A,1,805020502050,20201129,1,54
4555,2,A,1,805020502050,20201129,1,55
4556,1,A,1,805020502050,20201129,1,56
4557,2,A,0,805020502050,20201129,1,57
4558,1,A,1,805020502050,20201129,1,58
4559,2,A,1,805020502050,20201129,1,59
4560,1,A,1,205050802020,20201129,1,60
4561,2,A,1,205050802020,20201129,1,61
4562,1,A,0,205050802020,20201129,1,62
4563,2,A,1,205050802020,20201129,1,63
4564,1,A,0,205050802020,20201129,1,64
4565,2,A,0,205050802020,20201129,1,65
4566,1,A,0,205050802020,20201129,1,66
4567,2,A,1,205050802020,20201129,1,67
4568,1,A,0,205050802020,20201129,1,68
4569,2,A,1,205050802020,20201129,1,69
4570,1,A,1,205050802020,20201129,1,70
4571,2,A,1,205050802020,20201129,1,71
4572,1,A,0,205050802020,20201129,1,72
4573,2,A,1,205050802020,20201129,1,73
4574,1,A,0,205050802020,20201129,1,74
4575,2,A,1,205050802020,20201129,1,75
4576,1,A,1,205050802020,20201129,1,76
4577,2,A,0,205050802020,20201129,1,77
4578,1,A,1,205050802020,20201129,1,78
4579,2,A,1,205050802020,20201129,1,79
4580,1,A,0,205050802020,20201129,1,80
4581,2,A,1,205050802020,20201129,1,81
4582,1,A,1,205050802020,20201129,1,82
4583,2,A,1,205050802020,20201129,1,83
4584,1,A,0,205050802020,20201129,1,84
4585,2,A,1,205050802020,20201129,1,85
4586,1,A,1,205050802020,20201129,1,86
4587,2,A,0,205050802020,20201129,1,87
4588,1,A,1,205050802020,20201129,1,88
4589,2,A,1,205050802020,20201129,1,89
4590,1,A,0,205050802020,20201129,1,90
4591,2,A,1,205050802020,20201129,1,91
4592,1,A,0,205050802020,20201129,1,92
4593,2,A,1,205050802020,20201129,1,93
4594,1,A,1,205050802020,20201129,1,94
4595,2,A,0,205050802020,20201129,1,95
4596,1,A,0,205050802020,20201129,1,96
4597,2,A,1,205050802020,20201129,1,97
4598,1,A,0,205050802020,20201129,1,98
4599,2,A,1,205050802020,20201129,1,99
4600,1,A,0,205050802020,20201129,1,100
4601,2,A,1,205050802020,20201129,1,101
4602,1,A,0,205050802020,20201129,1,102
4603,2,A,0,205050802020,20201129,1,103
4604,6,C,0,205050802020,20201129,1,104
4605,5,C,0,205050802020,20201129,1,105
4606,4,B,1,205050802020,20201129,1,106
4607,3,B,1,205050802020,20201129,1,107
4608,4,B,0,205050802020,20201129,1,108
4609,3,B,1,205050802020,20201129,1,109
4610,4,B,1,205050802020,20201129,1,110
4611,3,B,1,205050802020,20201129,1,111
4612,4,B,1,205050802020,20201129,1,112
4613,3,B,1,205050802020,20201129,1,113
4614,4,B,1,205050802020,20201129,1,114
4615,3,B,0,205050802020,20201129,1,115
4616,4,B,1,205050802020,20201129,1,116
4617,3,B,0,205050802020,20201129,1,117
4618,4,B,0,205050802020,20201129,1,118
4619,3,B,1,205050802020,20201129,1,119
4620,4,B,0,202020502080,20201129,1,120
4621,3,B,1,202020502080,20201129,1,121
4622,4,B,1,202020502080,20201129,1,122
4623,3,B,0,202020502080,20201129,1,123
4624,4,B,1,202020502080,20201129,1,124
4625,3,B,0,202020502080,20201129,1,125
4626,4,B,1,202020502080,20201129,1,126
4627,3,B,1,202020502080,20201129,1,127
4628,4,B,0,202020502080,20201129,1,128
4629,3,B,0,202020502080,20201129,1,129
4630,4,B,0,202020502080,20201129,1,130
4631,3,B,0,202020502080,20201129,1,131
4632,4,B,0,202020502080,20201129,1,132
4633,3,B,1,202020502080,20201129,1,133
4634,4,B,1,202020502080,20201129,1,134
4635,3,B,0,202020502080,20201129,1,135
4636,4,B,0,202020502080,20201129,1,136
4637,3,B,0,202020502080,20201129,1,137
4638,4,B,0,202020502080,20201129,1,138
4639,3,B,0,202020502080,20201129,1,139
4640,2,A,0,202020502080,20201129,1,140
4641,1,A,1,202020502080,20201129,1,141
4642,2,A,0,202020502080,20201129,1,142
4643,1,A,1,202020502080,20201129,1,143
4644,2,A,0,202020502080,20201129,1,144
4645,1,A,0,202020502080,20201129,1,145
4646,2,A,0,202020502080,20201129,1,146
4647,1,A,0,202020502080,20201129,1,147
4648,2,A,0,202020502080,20201129,1,148
4649,6,C,1,202020502080,20201129,1,149
4650,5,C,0,202020502080,20201129,1,150
4651,6,C,1,202020502080,20201129,1,151
4652,5,C,0,202020502080,20201129,1,152
4653,6,C,1,202020502080,20201129,1,153
4654,5,C,0,202020502080,20201129,1,154
4655,6,C,0,202020502080,20201129,1,155
4656,5,C,0,202020502080,20201129,1,156
4657,6,C,1,202020502080,20201129,1,157
4658,5,C,0,202020502080,20201129,1,158
4659,6,C,0,202020502080,20201129,1,159
4660,5,C,0,202020502080,20201129,1,160
4661,6,C,1,202020502080,20201129,1,161
4662,4,B,1,202020502080,20201129,1,162
4663,3,B,0,202020502080,20201129,1,163
4664,4,B,0,202020502080,20201129,1,164
4665,3,B,1,202020502080,20201129,1,165
4666,4,B,0,202020502080,20201129,1,166
4667,3,B,0,202020502080,20201129,1,167
4668,4,B,0,202020502080,20201129,1,168
4669,3,B,0,202020502080,20201129,1,169
4670,2,A,0,202020502080,20201129,1,170
4671,1,A,0,202020502080,20201129,1,171
4672,6,C,1,202020502080,20201129,1,172
4673,5,C,0,202020502080,20201129,1,173
4674,6,C,1,202020502080,20201129,1,174
4675,5,C,0,202020502080,20201129,1,175
4676,6,C,0,202020502080,20201129,1,176
4677,5,C,0,202020502080,20201129,1,177
4678,6,C,1,202020502080,20201129,1,178
4679,5,C,0,202020502080,20201129,1,179
4680,6,C,0,202020805020,20201129,2,0
4681,5,C,1,202020805020,20201129,2,1
4682,2,A,0,202020805020,20201129,2,2
4683,1,A,0,202020805020,20201129,2,3
4684,4,B,1,202020805020,20201129,2,4
4685,3,B,0,202020805020,20201129,2,5
4686,4,B,1,202020805020,20201129,2,6
4687,3,B,0,202020805020,20201129,2,7
4688,4,B,0,202020805020,20201129,2,8
4689,6,C,0,202020805020,20201129,2,9
4690,5,C,1,202020805020,20201129,2,10
4691,6,C,0,202020805020,20201129,2,11
4692,5,C,1,202020805020,20201129,2,12
4693,6,C,0,202020805020,20201129,2,13
4694,5,C,1,202020805020,20201129,2,14
4695,2,A,0,202020805020,20201129,2,15
4696,1,A,0,202020805020,20201129,2,16
4697,2,A,0,202020805020,20201129,2,17
4698,1,A,0,202020805020,20201129,2,18
4699,4,B,1,202020805020,20201129,2,19
4700,3,B,0,202020805020,20201129,2,20
4701,4,B,1,202020805020,20201129,2,21
4702,3,B,0,202020805020,20201129,2,22
4703,4,B,1,202020805020,20201129,2,23
4704,3,B,0,202020805020,20201129,2,24
4705,4,B,1,202020805020,20201129,2,25
4706,6,C,0,202020805020,20201129,2,26
4707,5,C,1,202020805020,20201129,2,27
4708,6,C,0,202020805020,20201129,2,28
4709,5,C,0,202020805020,20201129,2,29
4710,6,C,0,202020805020,20201129,2,30
4711,5,C,0,202020805020,20201129,2,31
4712,4,B,1,202020805020,20201129,2,32
4713,3,B,0,202020805020,20201129,2,33
4714,4,B,1,202020805020,20201129,2,34
4715,3,B,0,202020805020,20201129,2,35
4716,4,B,1,202020805020,20201129,2,36
4717,3,B,1,202020805020,20201129,2,37
4718,4,B,1,202020805020,20201129,2,38
4719,3,B,0,202020805020,20201129,2,39
4720,4,B,1,202020805020,20201129,2,40
4721,3,B,0,202020805020,20201129,2,41
4722,4,B,1,202020805020,20201129,2,42
4723,3,B,1,202020805020,20201129,2,43
4724,4,B,1,202020805020,20201129,2,44
4725,3,B,0,202020805020,20201129,2,45
4726,4,B,1,202020805020,20201129,2,46
4727,3,B,0,202020805020,20201129,2,47
4728,4,B,1,202020805020,20201129,2,48
4729,3,B,0,202020805020,20201129,2,49
4730,4,B,0,202020805020,20201129,2,50
4731,2,A,0,202020805020,20201129,2,51
4732,1,A,0,202020805020,20201129,2,52
4733,2,A,1,202020805020,20201129,2,53
4734,1,A,0,202020805020,20201129,2,54
4735,2,A,0,202020805020,20201129,2,55
4736,1,A,1,202020805020,20201129,2,56
4737,2,A,0,202020805020,20201129,2,57
4738,1,A,0,202020805020,20201129,2,58
4739,2,A,0,202020805020,20201129,2,59
4740,6,C,0,208020208050,20201129,2,60
4741,5,C,1,208020208050,20201129,2,61
4742,6,C,1,208020208050,20201129,2,62
4743,5,C,1,208020208050,20201129,2,63
4744,6,C,0,208020208050,20201129,2,64
4745,5,C,1,208020208050,20201129,2,65
4746,6,C,1,208020208050,20201129,2,66
4747,5,C,1,208020208050,20201129,2,67
4748,6,C,1,208020208050,20201129,2,68
4749,5,C,1,208020208050,20201129,2,69
4750,6,C,1,208020208050,20201129,2,70
4751,5,C,0,208020208050,20201129,2,71
4752,6,C,1,208020208050,20201129,2,72
4753,5,C,1,208020208050,20201129,2,73
4754,6,C,0,208020208050,20201129,2,74
4755,5,C,1,208020208050,20201129,2,75
4756,6,C,0,208020208050,20201129,2,76
4757,5,C,1,208020208050,20201129,2,77
4758,6,C,1,208020208050,20201129,2,78
4759,5,C,1,208020208050,20201129,2,79
4760,6,C,1,208020208050,20201129,2,80
4761,5,C,1,208020208050,20201129,2,81
4762,6,C,1,208020208050,20201129,2,82
4763,5,C,1,208020208050,20201129,2,83
4764,6,C,1,208020208050,20201129,2,84
4765,5,C,1,208020208050,20201129,2,85
4766,6,C,1,208020208050,20201129,2,86
4767,5,C,1,208020208050,20201129,2,87
4768,6,C,1,208020208050,20201129,2,88
4769,5,C,1,208020208050,20201129,2,89
4770,6,C,0,208020208050,20201129,2,90
4771,5,C,0,208020208050,20201129,2,91
4772,6,C,1,208020208050,20201129,2,92
4773,5,C,1,208020208050,20201129,2,93
4774,6,C,0,208020208050,20201129,2,94
4775,5,C,1,208020208050,20201129,2,95
4776,6,C,0,208020208050,20201129,2,96
4777,5,C,1,208020208050,20201129,2,97
4778,6,C,0,208020208050,20201129,2,98
4779,5,C,1,208020208050,20201129,2,99
4780,6,C,0,208020208050,20201129,2,100
4781,5,C,0,208020208050,20201129,2,101
4782,6,C,0,208020208050,20201129,2,102
4783,5,C,0,208020208050,20201129,2,103
4784,4,B,0,208020208050,20201129,2,104
4785,3,B,1,208020208050,20201129,2,105
4786,4,B,1,208020208050,20201129,2,106
4787,3,B,0,208020208050,20201129,2,107
4788,4,B,0,208020208050,20201129,2,108
4789,3,B,0,208020208050,20201129,2,109
4790,4,B,1,208020208050,20201129,2,110
4791,3,B,0,208020208050,20201129,2,111
4792,4,B,0,208020208050,20201129,2,112
4793,3,B,0,208020208050,20201129,2,113
4794,4,B,1,208020208050,20201129,2,114
4795,2,A,1,208020208050,20201129,2,115
4796,1,A,0,208020208050,20201129,2,116
4797,2,A,0,208020208050,20201129,2,117
4798,1,A,0,208020208050,20201129,2,118
4799,2,A,1,208020208050,20201129,2,119
4800,1,A,1,805050202020,20201129,2,120
4801,2,A,1,805050202020,20201129,2,121
4802,1,A,1,805050202020,20201129,2,122
4803,2,A,1,805050202020,20201129,2,123
4804,1,A,1,805050202020,20201129,2,124
4805,2,A,0,805050202020,20201129,2,125
4806,1,A,0,805050202020,20201129,2,126
4807,2,A,1,805050202020,20201129,2,127
4808,1,A,1,805050202020,20201129,2,128
4809,2,A,0,805050202020,20201129,2,129
4810,1,A,1,805050202020,20201129,2,130
4811,2,A,0,805050202020,20201129,2,131
4812,1,A,1,805050202020,20201129,2,132
4813,2,A,1,805050202020,20201129,2,133
4814,1,A,0,805050202020,20201129,2,134
4815,2,A,1,805050202020,20201129,2,135
4816,1,A,1,805050202020,20201129,2,136
4817,2,A,0,805050202020,20201129,2,137
4818,1,A,1,805050202020,20201129,2,138
4819,2,A,0,805050202020,20201129,2,139
4820,1,A,0,805050202020,20201129,2,140
4821,2,A,0,805050202020,20201129,2,141
4822,1,A,1,805050202020,20201129,2,142
4823,2,A,0,805050202020,20201129,2,143
4824,1,A,0,805050202020,20201129,2,144
4825,2,A,1,805050202020,20201129,2,145
4826,1,A,1,805050202020,20201129,2,146
4827,2,A,1,805050202020,20201129,2,147
4828,1,A,1,805050202020,20201129,2,148
4829,2,A,1,805050202020,20201129,2,149
4830,1,A,1,805050202020,20201129,2,150
4831,2,A,0,805050202020,20201129,2,151
4832,1,A,1,805050202020,20201129,2,152
4833,2,A,1,805050202020,20201129,2,153
4834,1,A,1,805050202020,20201129,2,154
4835,2,A,0,805050202020,20201129,2,155
4836,1,A,1,805050202020,20201129,2,156
4837,2,A,1,805050202020,20201129,2,157
4838,1,A,0,805050202020,20201129,2,158
4839,2,A,0,805050202020,20201129,2,159
4840,1,A,1,805050202020,20201129,2,160
4841,2,A,0,805050202020,20201129,2,161
4842,1,A,1,805050202020,20201129,2,162
4843,2,A,0,805050202020,20201129,2,163
4844,1,A,1,805050202020,20201129,2,164
4845,2,A,1,805050202020,20201129,2,165
4846,1,A,1,805050202020,20201129,2,166
4847,2,A,0,805050202020,20201129,2,167
4848,1,A,1,805050202020,20201129,2,168
4849,2,A,0,805050202020,20201129,2,169
4850,1,A,0,805050202020,20201129,2,170
4851,2,A,0,805050202020,20201129,2,171
4852,1,A,1,805050202020,20201129,2,172
4853,2,A,1,805050202020,20201129,2,173
4854,1,A,1,805050202020,20201129,2,174
4855,2,A,1,805050202020,20201129,2,175
4856,1,A,1,805050202020,20201129,2,176
4857,2,A,1,805050202020,20201129,2,177
4858,1,A,1,805050202020,20201129,2,178
4859,2,A,1,805050202020,20201129,2,179
4860,6,C,1,508020202080,20201129,3,0
4861,5,C,0,508020202080,20201129,3,1
4862,4,B,0,508020202080,20201129,3,2
4863,3,B,0,508020202080,20201129,3,3
4864,4,B,0,508020202080,20201129,3,4
4865,2,A,1,508020202080,20201129,3,5
4866,1,A,0,508020202080,20201129,3,6
4867,2,A,1,508020202080,20201129,3,7
4868,1,A,0,508020202080,20201129,3,8
4869,2,A,0,508020202080,20201129,3,9
4870,6,C,0,508020202080,20201129,3,10
4871,5,C,1,508020202080,20201129,3,11
4872,6,C,0,508020202080,20201129,3,12
4873,5,C,0,508020202080,20201129,3,13
4874,6,C,0,508020202080,20201129,3,14
4875,5,C,0,508020202080,20201129,3,15
4876,4,B,0,508020202080,20201129,3,16
4877,3,B,0,508020202080,20201129,3,17
4878,4,B,1,508020202080,20201129,3,18
4879,2,A,0,508020202080,20201129,3,19
4880,1,A,0,508020202080,20201129,3,20
4881,2,A,1,508020202080,20201129,3,21
4882,6,C,1,508020202080,20201129,3,22
4883,5,C,0,508020202080,20201129,3,23
4884,6,C,0,508020202080,20201129,3,24
4885,5,C,0,508020202080,20201129,3,25
4886,6,C,1,508020202080,20201129,3,26
4887,5,C,0,508020202080,20201129,3,27
4888,6,C,1,508020202080,20201129,3,28
4889,5,C,0,508020202080,20201129,3,29
4890,6,C,1,508020202080,20201129,3,30
4891,5,C,1,508020202080,20201129,3,31
4892,6,C,1,508020202080,20201129,3,32
4893,5,C,0,508020202080,20201129,3,33
4894,6,C,1,508020202080,20201129,3,34
4895,5,C,0,508020202080,20201129,3,35
4896,6,C,1,508020202080,20201129,3,36
4897,5,C,0,508020202080,20201129,3,37
4898,6,C,1,508020202080,20201129,3,38
4899,5,C,0,508020202080,20201129,3,39
4900,6,C,1,508020202080,20201129,3,40
4901,5,C,0,508020202080,20201129,3,41
4902,6,C,1,508020202080,20201129,3,42
4903,5,C,0,508020202080,20201129,3,43
4904,6,C,1,508020202080,20201129,3,44
4905,5,C,0,508020202080,20201129,3,45
4906,6,C,1,508020202080,20201129,3,46
4907,5,C,1,508020202080,20201129,3,47
4908,6,C,0,508020202080,20201129,3,48
4909,5,C,1,508020202080,20201129,3,49
4910,6,C,1,508020202080,20201129,3,50
4911,5,C,0,508020202080,20201129,3,51
4912,6,C,1,508020202080,20201129,3,52
4913,5,C,0,508020202080,20201129,3,53
4914,6,C,1,508020202080,20201129,3,54
4915,5,C,0,508020202080,20201129,3,55
4916,6,C,1,508020202080,20201129,3,56
4917,5,C,1,508020202080,20201129,3,57
4918,6,C,1,508020202080,20201129,3,58
4919,5,C,0,508020202080,20201129,3,59
4920,6,C,1,202020205020,20201129,3,60
4921,5,C,0,202020205020,20201129,3,61
4922,6,C,1,202020205020,20201129,3,62
4923,5,C,1,202020205020,20201129,3,63
4924,6,C,0,202020205020,20201129,3,64
4925,5,C,0,202020205020,20201129,3,65
4926,6,C,0,202020205020,20201129,3,66
4927,5,C,0,202020205020,20201129,3,67
4928,4,B,0,202020205020,20201129,3,68
4929,3,B,0,202020205020,20201129,3,69
4930,4,B,0,202020205020,20201129,3,70
4931,2,A,1,202020205020,20201129,3,71
4932,1,A,0,202020205020,20201129,3,72
4933,2,A,0,202020205020,20201129,3,73
4934,1,A,0,202020205020,20201129,3,74
4935,2,A,1,202020205020,20201129,3,75
4936,1,A,0,202020205020,20201129,3,76
4937,2,A,0,202020205020,20201129,3,77
4938,6,C,1,202020205020,20201129,3,78
4939,5,C,1,202020205020,20201129,3,79
4940,6,C,0,202020205020,20201129,3,80
4941,5,C,0,202020205020,20201129,3,81
4942,6,C,0,202020205020,20201129,3,82
4943,5,C,0,202020205020,20201129,3,83
4944,6,C,0,202020205020,20201129,3,84
4945,5,C,1,202020205020,20201129,3,85
4946,6,C,1,202020205020,20201129,3,86
4947,5,C,0,202020205020,20201129,3,87
4948,6,C,0,202020205020,20201129,3,88
4949,5,C,1,202020205020,20201129,3,89
4950,6,C,0,202020205020,20201129,3,90
4951,5,C,0,202020205020,20201129,3,91
4952,6,C,0,202020205020,20201129,3,92
4953,5,C,0,202020205020,20201129,3,93
4954,4,B,0,202020205020,20201129,3,94
4955,3,B,1,202020205020,20201129,3,95
4956,4,B,1,202020205020,20201129,3,96
4957,3,B,1,202020205020,20201129,3,97
4958,4,B,1,202020205020,20201129,3,98
4959,3,B,1,202020205020,20201129,3,99
4960,4,B,0,202020205020,20201129,3,100
4961,3,B,0,202020205020,20201129,3,101
4962,4,B,0,202020205020,20201129,3,102
4963,3,B,1,202020205020,20201129,3,103
4964,4,B,0,202020205020,20201129,3,104
4965,3,B,1,202020205020,20201129,3,105
4966,4,B,1,202020205020,20201129,3,106
4967,3,B,0,202020205020,20201129,3,107
4968,4,B,0,202020205020,20201129,3,108
4969,3,B,1,202020205020,20201129,3,109
4970,4,B,1,202020205020,20201129,3,110
4971,3,B,0,202020205020,20201129,3,111
4972,4,B,0,202020205020,20201129,3,112
4973,3,B,0,202020205020,20201129,3,113
4974,4,B,0,202020205020,20201129,3,114
4975,2,A,0,202020205020,20201129,3,115
4976,1,A,0,202020205020,20201129,3,116
4977,2,A,0,202020205020,20201129,3,117
4978,6,C,0,202020205020,20201129,3,118
4979,5,C,0,202020205020,20201129,3,119
4980,6,C,0,802050802020,20201129,3,120
4981,5,C,0,802050802020,20201129,3,121
4982,4,B,1,802050802020,20201129,3,122
4983,3,B,0,802050802020,20201129,3,123
4984,4,B,0,802050802020,20201129,3,124
4985,3,B,0,802050802020,20201129,3,125
4986,4,B,1,802050802020,20201129,3,126
4987,3,B,1,802050802020,20201129,3,127
4988,4,B,0,802050802020,20201129,3,128
4989,3,B,0,802050802020,20201129,3,129
4990,4,B,1,802050802020,20201129,3,130
4991,3,B,0,802050802020,20201129,3,131
4992,4,B,0,802050802020,20201129,3,132
4993,3,B,1,802050802020,20201129,3,133
4994,4,B,1,802050802020,20201129,3,134
4995,3,B,0,802050802020,20201129,3,135
4996,4,B,1,802050802020,20201129,3,136
4997,3,B,0,802050802020,20201129,3,137
4998,4,B,1,802050802020,20201129,3,138
4999,3,B,0,802050802020,20201129,3,139
5000,4,B,1,802050802020,20201129,3,140
5001,3,B,0,802050802020,20201129,3,141
5002,4,B,0,802050802020,20201129,3,142
5003,3,B,1,802050802020,20201129,3,143
5004,4,B,1,802050802020,20201129,3,144
5005,3,B,0,802050802020,20201129,3,145
5006,4,B,0,802050802020,20201129,3,146
5007,3,B,0,802050802020,20201129,3,147
5008,4,B,1,802050802020,20201129,3,148
5009,3,B,0,802050802020,20201129,3,149
5010,4,B,0,802050802020,20201129,3,150
5011,3,B,1,802050802020,20201129,3,151
5012,4,B,0,802050802020,20201129,3,152
5013,3,B,0,802050802020,20201129,3,153
5014,4,B,1,802050802020,20201129,3,154
5015,3,B,1,802050802020,20201129,3,155
5016,4,B,1,802050802020,20201129,3,156
5017,3,B,0,802050802020,20201129,3,157
5018,4,B,0,802050802020,20201129,3,158
5019,3,B,1,802050802020,20201129,3,159
5020,4,B,0,802050802020,20201129,3,160
5021,3,B,1,802050802020,20201129,3,161
5022,4,B,0,802050802020,20201129,3,162
5023,3,B,0,802050802020,20201129,3,163
5024,4,B,1,802050802020,20201129,3,164
5025,3,B,0,802050802020,20201129,3,165
5026,4,B,1,802050802020,20201129,3,166
5027,3,B,0,802050802020,20201129,3,167
5028,4,B,1,802050802020,20201129,3,168
5029,3,B,0,802050802020,20201129,3,169
5030,4,B,0,802050802020,20201129,3,170
5031,3,B,1,802050802020,20201129,3,171
5032,4,B,1,802050802020,20201129,3,172
5033,3,B,0,802050802020,20201129,3,173
5034,4,B,1,802050802020,20201129,3,174
5035,3,B,0,802050802020,20201129,3,175
5036,4,B,0,802050802020,20201129,3,176
5037,3,B,1,802050802020,20201129,3,177
5038,4,B,0,802050802020,20201129,3,178
5039,3,B,1,802050802020,20201129,3,179
5040,6,C,0,805020205020,20201129,4,0
5041,5,C,0,805020205020,20201129,4,1
5042,2,A,1,805020205020,20201129,4,2
5043,1,A,1,805020205020,20201129,4,3
5044,2,A,1,805020205020,20201129,4,4
5045,1,A,1,805020205020,20201129,4,5
5046,2,A,0,805020205020,20201129,4,6
5047,6,C,0,805020205020,20201129,4,7
5048,5,C,0,805020205020,20201129,4,8
5049,6,C,0,805020205020,20201129,4,9
5050,4,B,1,805020205020,20201129,4,10
5051,3,B,0,805020205020,20201129,4,11
5052,4,B,0,805020205020,20201129,4,12
5053,3,B,0,805020205020,20201129,4,13
5054,2,A,1,805020205020,20201129,4,14
5055,1,A,1,805020205020,20201129,4,15
5056,2,A,1,805020205020,20201129,4,16
5057,1,A,1,805020205020,20201129,4,17
5058,2,A,1,805020205020,20201129,4,18
5059,1,A,0,805020205020,20201129,4,19
5060,2,A,1,805020205020,20201129,4,20
5061,1,A,0,805020205020,20201129,4,21
5062,2,A,0,805020205020,20201129,4,22
5063,1,A,1,805020205020,20201129,4,23
5064,2,A,0,805020205020,20201129,4,24
5065,1,A,1,805020205020,20201129,4,25
5066,2,A,1,805020205020,20201129,4,26
5067,1,A,1,805020205020,20201129,4,27
5068,2,A,1,805020205020,20201129,4,28
5069,1,A,1,805020205020,20201129,4,29
5070,2,A,1,805020205020,20201129,4,30
5071,1,A,1,805020205020,20201129,4,31
5072,2,A,1,805020205020,20201129,4,32
5073,1,A,1,805020205020,20201129,4,33
5074,2,A,1,805020205020,20201129,4,34
5075,1,A,1,805020205020,20201129,4,35
5076,2,A,0,805020205020,20201129,4,36
5077,1,A,1,805020205020,20201129,4,37
5078,2,A,1,805020205020,20201129,4,38
5079,1,A,1,805020205020,20201129,4,39
5080,2,A,1,805020205020,20201129,4,40
5081,1,A,1,805020205020,20201129,4,41
5082,2,A,1,805020205020,20201129,4,42
5083,1,A,1,805020205020,20201129,4,43
5084,2,A,0,805020205020,20201129,4,44
5085,1,A,1,805020205020,20201129,4,45
5086,2,A,0,805020205020,20201129,4,46
5087,1,A,0,805020205020,20201129,4,47
5088,2,A,1,805020205020,20201129,4,48
5089,1,A,0,805020205020,20201129,4,49
5090,2,A,1,805020205020,20201129,4,50
5091,1,A,1,805020205020,20201129,4,51
5092,2,A,1,805020205020,20201129,4,52
5093,1,A,1,805020205020,20201129,4,53
5094,2,A,1,805020205020,20201129,4,54
5095,1,A,1,805020205020,20201129,4,55
5096,2,A,0,805020205020,20201129,4,56
5097,1,A,1,805020205020,20201129,4,57
5098,2,A,0,805020205020,20201129,4,58
5099,1,A,1,805020205020,20201129,4,59
5100,2,A,0,202020508020,20201129,4,60
5101,1,A,0,202020508020,20201129,4,61
5102,2,A,0,202020508020,20201129,4,62
5103,1,A,1,202020508020,20201129,4,63
5104,2,A,0,202020508020,20201129,4,64
5105,1,A,0,202020508020,20201129,4,65
5106,2,A,1,202020508020,20201129,4,66
5107,1,A,0,202020508020,20201129,4,67
5108,2,A,0,202020508020,20201129,4,68
5109,1,A,0,202020508020,20201129,4,69
5110,2,A,0,202020508020,20201129,4,70
5111,6,C,1,202020508020,20201129,4,71
5112,5,C,1,202020508020,20201129,4,72
5113,6,C,0,202020508020,20201129,4,73
5114,5,C,1,202020508020,20201129,4,74
5115,6,C,0,202020508020,20201129,4,75
5116,5,C,1,202020508020,20201129,4,76
5117,6,C,0,202020508020,20201129,4,77
5118,5,C,1,202020508020,20201129,4,78
5119,6,C,0,202020508020,20201129,4,79
5120,5,C,0,202020508020,20201129,4,80
5121,6,C,1,202020508020,20201129,4,81
5122,5,C,1,202020508020,20201129,4,82
5123,6,C,1,202020508020,20201129,4,83
5124,5,C,1,202020508020,20201129,4,84
5125,6,C,0,202020508020,20201129,4,85
5126,5,C,1,202020508020,20201129,4,86
5127,6,C,0,202020508020,20201129,4,87
5128,5,C,1,202020508020,20201129,4,88
5129,6,C,0,202020508020,20201129,4,89
5130,5,C,1,202020508020,20201129,4,90
5131,6,C,0,202020508020,20201129,4,91
5132,5,C,1,202020508020,20201129,4,92
5133,6,C,0,202020508020,20201129,4,93
5134,5,C,1,202020508020,20201129,4,94
5135,4,B,0,202020508020,20201129,4,95
5136,3,B,0,202020508020,20201129,4,96
5137,4,B,1,202020508020,20201129,4,97
5138,3,B,0,202020508020,20201129,4,98
5139,4,B,1,202020508020,20201129,4,99
5140,3,B,0,202020508020,20201129,4,100
5141,4,B,0,202020508020,20201129,4,101
5142,3,B,0,202020508020,20201129,4,102
5143,4,B,0,202020508020,20201129,4,103
5144,2,A,0,202020508020,20201129,4,104
5145,1,A,0,202020508020,20201129,4,105
5146,2,A,0,202020508020,20201129,4,106
5147,1,A,0,202020508020,20201129,4,107
5148,2,A,1,202020508020,20201129,4,108
5149,1,A,0,202020508020,20201129,4,109
5150,2,A,0,202020508020,20201129,4,110
5151,1,A,0,202020508020,20201129,4,111
5152,2,A,1,202020508020,20201129,4,112
5153,1,A,0,202020508020,20201129,4,113
5154,2,A,0,202020508020,20201129,4,114
5155,1,A,0,202020508020,20201129,4,115
5156,2,A,0,202020508020,20201129,4,116
5157,6,C,0,202020508020,20201129,4,117
5158,5,C,1,202020508020,20201129,4,118
5159,6,C,0,202020508020,20201129,4,119
5160,5,C,0,502020202020,20201129,4,120
5161,6,C,0,502020202020,20201129,4,121
5162,5,C,0,502020202020,20201129,4,122
5163,6,C,1,502020202020,20201129,4,123
5164,5,C,1,502020202020,20201129,4,124
5165,6,C,0,502020202020,20201129,4,125
5166,5,C,0,502020202020,20201129,4,126
5167,6,C,0,502020202020,20201129,4,127
5168,5,C,0,502020202020,20201129,4,128
5169,4,B,0,502020202020,20201129,4,129
5170,3,B,0,502020202020,20201129,4,130
5171,4,B,0,502020202020,20201129,4,131
5172,2,A,1,502020202020,20201129,4,132
5173,1,A,1,502020202020,20201129,4,133
5174,2,A,1,502020202020,20201129,4,134
5175,1,A,1,502020202020,20201129,4,135
5176,2,A,0,502020202020,20201129,4,136
5177,1,A,0,502020202020,20201129,4,137
5178,2,A,0,502020202020,20201129,4,138
5179,1,A,0,502020202020,20201129,4,139
5180,2,A,0,502020202020,20201129,4,140
5181,6,C,0,502020202020,20201129,4,141
5182,5,C,0,502020202020,20201129,4,142
5183,6,C,0,502020202020,20201129,4,143
5184,5,C,0,502020202020,20201129,4,144
5185,6,C,0,502020202020,20201129,4,145
5186,5,C,0,502020202020,20201129,4,146
5187,4,B,1,502020202020,20201129,4,147
5188,3,B,0,502020202020,20201129,4,148
5189,4,B,1,502020202020,20201129,4,149
5190,3,B,0,502020202020,20201129,4,150
5191,4,B,0,502020202020,20201129,4,151
5192,2,A,0,502020202020,20201129,4,152
5193,1,A,0,502020202020,20201129,4,153
5194,2,A,0,502020202020,20201129,4,154
5195,1,A,1,502020202020,20201129,4,155
5196,2,A,0,502020202020,20201129,4,156
5197,1,A,0,502020202020,20201129,4,157
5198,2,A,0,502020202020,20201129,4,158
5199,1,A,0,502020202020,20201129,4,159
5200,6,C,0,502020202020,20201129,4,160
5201,5,C,0,502020202020,20201129,4,161
5202,4,B,0,502020202020,20201129,4,162
5203,3,B,0,502020202020,20201129,4,163
5204,4,B,0,502020202020,20201129,4,164
5205,6,C,0,502020202020,20201129,4,165
5206,5,C,0,502020202020,20201129,4,166
5207,6,C,0,502020202020,20201129,4,167
5208,5,C,1,502020202020,20201129,4,168
5209,6,C,1,502020202020,20201129,4,169
5210,5,C,0,502020202020,20201129,4,170
5211,6,C,0,502020202020,20201129,4,171
5212,5,C,0,502020202020,20201129,4,172
5213,6,C,0,502020202020,20201129,4,173
5214,5,C,0,502020202020,20201129,4,174
5215,6,C,1,502020202020,20201129,4,175
5216,5,C,0,502020202020,20201129,4,176
5217,6,C,0,502020202020,20201129,4,177
5218,5,C,0,502020202020,20201129,4,178
5219,6,C,0,502020202020,20201129,4,179
5220,6,C,1,205020205080,20201129,5,0
5221,5,C,1,205020205080,20201129,5,1
5222,6,C,0,205020205080,20201129,5,2
5223,2,A,1,205020205080,20201129,5,3
5224,1,A,0,205020205080,20201129,5,4
5225,2,A,0,205020205080,20201129,5,5
5226,4,B,0,205020205080,20201129,5,6
5227,3,B,1,205020205080,20201129,5,7
5228,4,B,1,205020205080,20201129,5,8
5229,6,C,1,205020205080,20201129,5,9
5230,5,C,1,205020205080,20201129,5,10
5231,6,C,1,205020205080,20201129,5,11
5232,5,C,0,205020205080,20201129,5,12
5233,6,C,1,205020205080,20201129,5,13
5234,5,C,0,205020205080,20201129,5,14
5235,6,C,0,205020205080,20201129,5,15
5236,5,C,1,205020205080,20201129,5,16
5237,6,C,1,205020205080,20201129,5,17
5238,5,C,1,205020205080,20201129,5,18
5239,6,C,0,205020205080,20201129,5,19
5240,5,C,1,205020205080,20201129,5,20
5241,6,C,0,205020205080,20201129,5,21
5242,5,C,0,205020205080,20201129,5,22
5243,6,C,1,205020205080,20201129,5,23
5244,5,C,1,205020205080,20201129,5,24
5245,6,C,0,205020205080,20201129,5,25
5246,5,C,0,205020205080,20201129,5,26
5247,6,C,1,205020205080,20201129,5,27
5248,5,C,0,205020205080,20201129,5,28
5249,6,C,1,205020205080,20201129,5,29
5250,5,C,0,205020205080,20201129,5,30
5251,6,C,0,205020205080,20201129,5,31
5252,5,C,1,205020205080,20201129,5,32
5253,6,C,1,205020205080,20201129,5,33
5254,5,C,0,205020205080,20201129,5,34
5255,6,C,1,205020205080,20201129,5,35
5256,5,C,0,205020205080,20201129,5,36
5257,6,C,1,205020205080,20201129,5,37
5258,5,C,0,205020205080,20201129,5,38
5259,6,C,1,205020205080,20201129,5,39
5260,5,C,1,205020205080,20201129,5,40
5261,6,C,1,205020205080,20201129,5,41
5262,5,C,0,205020205080,20201129,5,42
5263,6,C,1,205020205080,20201129,5,43
5264,5,C,1,205020205080,20201129,5,44
5265,6,C,1,205020205080,20201129,5,45
5266,5,C,1,205020205080,20201129,5,46
5267,6,C,1,205020205080,20201129,5,47
5268,5,C,0,205020205080,20201129,5,48
5269,6,C,1,205020205080,20201129,5,49
5270,5,C,1,205020205080,20201129,5,50
5271,6,C,1,205020205080,20201129,5,51
5272,5,C,1,205020205080,20201129,5,52
5273,6,C,1,205020205080,20201129,5,53
5274,5,C,0,205020205080,20201129,5,54
5275,6,C,1,205020205080,20201129,5,55
5276,5,C,1,205020205080,20201129,5,56
5277,6,C,1,205020205080,20201129,5,57
5278,5,C,0,205020205080,20201129,5,58
5279,6,C,1,205020205080,20201129,5,59
5280,5,C,0,205050502020,20201129,5,60
5281,6,C,0,205050502020,20201129,5,61
5282,5,C,0,205050502020,20201129,5,62
5283,6,C,0,205050502020,20201129,5,63
5284,5,C,0,205050502020,20201129,5,64
5285,2,A,0,205050502020,20201129,5,65
5286,1,A,0,205050502020,20201129,5,66
5287,2,A,0,205050502020,20201129,5,67
5288,6,C,0,205050502020,20201129,5,68
5289,5,C,1,205050502020,20201129,5,69
5290,6,C,1,205050502020,20201129,5,70
5291,5,C,0,205050502020,20201129,5,71
5292,6,C,0,205050502020,20201129,5,72
5293,5,C,1,205050502020,20201129,5,73
5294,6,C,0,205050502020,20201129,5,74
5295,5,C,0,205050502020,20201129,5,75
5296,6,C,1,205050502020,20201129,5,76
5297,5,C,1,205050502020,20201129,5,77
5298,6,C,1,205050502020,20201129,5,78
5299,5,C,0,205050502020,20201129,5,79
5300,6,C,0,205050502020,20201129,5,80
5301,5,C,0,205050502020,20201129,5,81
5302,6,C,0,205050502020,20201129,5,82
5303,5,C,0,205050502020,20201129,5,83
5304,4,B,0,205050502020,20201129,5,84
5305,3,B,0,205050502020,20201129,5,85
5306,4,B,0,205050502020,20201129,5,86
5307,3,B,1,205050502020,20201129,5,87
5308,4,B,1,205050502020,20201129,5,88
5309,3,B,0,205050502020,20201129,5,89
5310,4,B,1,205050502020,20201129,5,90
5311,3,B,0,205050502020,20201129,5,91
5312,4,B,0,205050502020,20201129,5,92
5313,6,C,0,205050502020,20201129,5,93
5314,5,C,0,205050502020,20201129,5,94
5315,6,C,1,205050502020,20201129,5,95
5316,5,C,1,205050502020,20201129,5,96
5317,6,C,0,205050502020,20201129,5,97
5318,5,C,1,205050502020,20201129,5,98
5319,6,C,0,205050502020,20201129,5,99
5320,5,C,1,205050502020,20201129,5,100
5321,6,C,0,205050502020,20201129,5,101
5322,5,C,1,205050502020,20201129,5,102
5323,6,C,0,205050502020,20201129,5,103
5324,5,C,0,205050502020,20201129,5,104
5325,6,C,1,205050502020,20201129,5,105
5326,5,C,1,205050502020,20201129,5,106
5327,6,C,0,205050502020,20201129,5,107
5328,5,C,0,205050502020,20201129,5,108
5329,6,C,0,205050502020,20201129,5,109
5330,5,C,0,205050502020,20201129,5,110
5331,6,C,1,205050502020,20201129,5,111
5332,5,C,1,205050502020,20201129,5,112
5333,6,C,0,205050502020,20201129,5,113
5334,5,C,0,205050502020,20201129,5,114
5335,6,C,1,205050502020,20201129,5,115
5336,4,B,1,205050502020,20201129,5,116
5337,3,B,0,205050502020,20201129,5,117
5338,4,B,0,205050502020,20201129,5,118
5339,3,B,0,205050502020,20201129,5,119
5340,4,B,0,802020205080,20201129,5,120
5341,3,B,0,802020205080,20201129,5,121
5342,4,B,0,802020205080,20201129,5,122
5343,6,C,1,802020205080,20201129,5,123
5344,5,C,0,802020205080,20201129,5,124
5345,6,C,0,802020205080,20201129,5,125
5346,5,C,0,802020205080,20201129,5,126
5347,6,C,1,802020205080,20201129,5,127
5348,5,C,1,802020205080,20201129,5,128
5349,6,C,0,802020205080,20201129,5,129
5350,5,C,1,802020205080,20201129,5,130
5351,6,C,1,802020205080,20201129,5,131
5352,5,C,0,802020205080,20201129,5,132
5353,6,C,0,802020205080,20201129,5,133
5354,5,C,0,802020205080,20201129,5,134
5355,6,C,0,802020205080,20201129,5,135
5356,5,C,0,802020205080,20201129,5,136
5357,6,C,1,802020205080,20201129,5,137
5358,5,C,0,802020205080,20201129,5,138
5359,6,C,1,802020205080,20201129,5,139
5360,5,C,1,802020205080,20201129,5,140
5361,6,C,1,802020205080,20201129,5,141
5362,5,C,1,802020205080,20201129,5,142
5363,6,C,1,802020205080,20201129,5,143
5364,5,C,0,802020205080,20201129,5,144
5365,6,C,0,802020205080,20201129,5,145
5366,5,C,0,802020205080,20201129,5,146
5367,6,C,1,802020205080,20201129,5,147
5368,5,C,1,802020205080,20201129,5,148
5369,6,C,1,802020205080,20201129,5,149
5370,5,C,1,802020205080,20201129,5,150
5371,6,C,0,802020205080,20201129,5,151
5372,5,C,0,802020205080,20201129,5,152
5373,6,C,1,802020205080,20201129,5,153
5374,5,C,1,802020205080,20201129,5,154
5375,6,C,1,802020205080,20201129,5,155
5376,5,C,1,802020205080,20201129,5,156
5377,6,C,1,802020205080,20201129,5,157
5378,5,C,1,802020205080,20201129,5,158
5379,6,C,1,802020205080,20201129,5,159
5380,5,C,1,802020205080,20201129,5,160
5381,6,C,1,802020205080,20201129,5,161
5382,5,C,1,802020205080,20201129,5,162
5383,6,C,1,802020205080,20201129,5,163
5384,5,C,0,802020205080,20201129,5,164
5385,6,C,0,802020205080,20201129,5,165
5386,5,C,0,802020205080,20201129,5,166
5387,6,C,1,802020205080,20201129,5,167
5388,5,C,1,802020205080,20201129,5,168
5389,6,C,1,802020205080,20201129,5,169
5390,5,C,0,802020205080,20201129,5,170
5391,6,C,1,802020205080,20201129,5,171
5392,5,C,1,802020205080,20201129,5,172
5393,6,C,1,802020205080,20201129,5,173
5394,5,C,1,802020205080,20201129,5,174
5395,6,C,1,802020205080,20201129,5,175
5396,5,C,0,802020205080,20201129,5,176
5397,6,C,1,802020205080,20201129,5,177
5398,5,C,1,802020205080,20201129,5,178
5399,6,C,1,802020205080,20201129,5,179
5400,6,C,1,208020502050,20201129,6,0
5401,5,C,0,208020502050,20201129,6,1
5402,6,C,1,208020502050,20201129,6,2
5403,5,C,0,208020502050,20201129,6,3
5404,2,A,0,208020502050,20201129,6,4
5405,1,A,1,208020502050,20201129,6,5
5406,2,A,1,208020502050,20201129,6,6
5407,1,A,0,208020502050,20201129,6,7
5408,2,A,1,208020502050,20201129,6,8
5409,6,C,0,208020502050,20201129,6,9
5410,5,C,0,208020502050,20201129,6,10
5411,6,C,0,208020502050,20201129,6,11
5412,4,B,0,208020502050,20201129,6,12
5413,3,B,0,208020502050,20201129,6,13
5414,4,B,1,208020502050,20201129,6,14
5415,3,B,0,208020502050,20201129,6,15
5416,4,B,0,208020502050,20201129,6,16
5417,2,A,0,208020502050,20201129,6,17
5418,1,A,1,208020502050,20201129,6,18
5419,2,A,1,208020502050,20201129,6,19
5420,1,A,0,208020502050,20201129,6,20
5421,2,A,1,208020502050,20201129,6,21
5422,1,A,0,208020502050,20201129,6,22
5423,2,A,1,208020502050,20201129,6,23
5424,6,C,0,208020502050,20201129,6,24
5425,5,C,0,208020502050,20201129,6,25
5426,6,C,0,208020502050,20201129,6,26
5427,5,C,1,208020502050,20201129,6,27
5428,6,C,0,208020502050,20201129,6,28
5429,5,C,0,208020502050,20201129,6,29
5430,6,C,0,208020502050,20201129,6,30
5431,5,C,0,208020502050,20201129,6,31
5432,4,B,1,208020502050,20201129,6,32
5433,3,B,0,208020502050,20201129,6,33
5434,4,B,0,208020502050,20201129,6,34
5435,2,A,1,208020502050,20201129,6,35
5436,1,A,0,208020502050,20201129,6,36
5437,2,A,1,208020502050,20201129,6,37
5438,1,A,0,208020502050,20201129,6,38
5439,2,A,1,208020502050,20201129,6,39
5440,1,A,0,208020502050,20201129,6,40
5441,2,A,1,208020502050,20201129,6,41
5442,1,A,0,208020502050,20201129,6,42
5443,2,A,1,208020502050,20201129,6,43
5444,1,A,0,208020502050,20201129,6,44
5445,2,A,1,208020502050,20201129,6,45
5446,1,A,1,208020502050,20201129,6,46
5447,2,A,1,208020502050,20201129,6,47
5448,1,A,0,208020502050,20201129,6,48
5449,2,A,1,208020502050,20201129,6,49
5450,1,A,0,208020502050,20201129,6,50
5451,2,A,1,208020502050,20201129,6,51
5452,1,A,0,208020502050,20201129,6,52
5453,2,A,1,208020502050,20201129,6,53
5454,1,A,0,208020502050,20201129,6,54
5455,2,A,1,208020502050,20201129,6,55
5456,6,C,1,208020502050,20201129,6,56
5457,5,C,1,208020502050,20201129,6,57
5458,6,C,0,208020502050,20201129,6,58
5459,5,C,0,208020502050,20201129,6,59
5460,6,C,1,202050202020,20201129,6,60
5461,5,C,0,202050202020,20201129,6,61
5462,6,C,0,202050202020,20201129,6,62
5463,5,C,0,202050202020,20201129,6,63
5464,6,C,1,202050202020,20201129,6,64
5465,5,C,0,202050202020,20201129,6,65
5466,6,C,0,202050202020,20201129,6,66
5467,5,C,0,202050202020,20201129,6,67
5468,6,C,1,202050202020,20201129,6,68
5469,5,C,1,202050202020,20201129,6,69
5470,6,C,0,202050202020,20201129,6,70
5471,5,C,0,202050202020,20201129,6,71
5472,6,C,0,202050202020,20201129,6,72
5473,5,C,0,202050202020,20201129,6,73
5474,6,C,0,202050202020,20201129,6,74
5475,5,C,1,202050202020,20201129,6,75
5476,6,C,0,202050202020,20201129,6,76
5477,5,C,1,202050202020,20201129,6,77
5478,6,C,0,202050202020,20201129,6,78
5479,5,C,0,202050202020,20201129,6,79
5480,6,C,0,202050202020,20201129,6,80
5481,5,C,0,202050202020,20201129,6,81
5482,2,A,0,202050202020,20201129,6,82
5483,1,A,0,202050202020,20201129,6,83
5484,2,A,0,202050202020,20201129,6,84
5485,4,B,0,202050202020,20201129,6,85
5486,3,B,0,202050202020,20201129,6,86
5487,4,B,0,202050202020,20201129,6,87
5488,6,C,1,202050202020,20201129,6,88
5489,5,C,0,202050202020,20201129,6,89
5490,6,C,0,202050202020,20201129,6,90
5491,5,C,0,202050202020,20201129,6,91
5492,6,C,0,202050202020,20201129,6,92
5493,5,C,0,202050202020,20201129,6,93
5494,6,C,0,202050202020,20201129,6,94
5495,5,C,0,202050202020,20201129,6,95
5496,6,C,0,202050202020,20201129,6,96
5497,5,C,0,202050202020,20201129,6,97
5498,4,B,0,202050202020,20201129,6,98
5499,3,B,1,202050202020,20201129,6,99
5500,4,B,0,202050202020,20201129,6,100
5501,3,B,1,202050202020,20201129,6,101
5502,4,B,0,202050202020,20201129,6,102
5503,3,B,1,202050202020,20201129,6,103
5504,4,B,0,202050202020,20201129,6,104
5505,3,B,0,202050202020,20201129,6,105
5506,4,B,0,202050202020,20201129,6,106
5507,3,B,1,202050202020,20201129,6,107
5508,4,B,1,202050202020,20201129,6,108
5509,3,B,1,202050202020,20201129,6,109
5510,4,B,0,202050202020,20201129,6,110
5511,3,B,0,202050202020,20201129,6,111
5512,4,B,0,202050202020,20201129,6,112
5513,3,B,1,202050202020,20201129,6,113
5514,4,B,0,202050202020,20201129,6,114
5515,3,B,1,202050202020,20201129,6,115
5516,4,B,0,202050202020,20201129,6,116
5517,3,B,1,202050202020,20201129,6,117
5518,4,B,1,202050202020,20201129,6,118
5519,3,B,1,202050202020,20201129,6,119
5520,4,B,0,202050208020,20201129,6,120
5521,3,B,0,202050208020,20201129,6,121
5522,4,B,1,202050208020,20201129,6,122
5523,3,B,1,202050208020,20201129,6,123
5524,4,B,1,202050208020,20201129,6,124
5525,3,B,1,202050208020,20201129,6,125
5526,4,B,1,202050208020,20201129,6,126
5527,3,B,0,202050208020,20201129,6,127
5528,4,B,0,202050208020,20201129,6,128
5529,3,B,1,202050208020,20201129,6,129
5530,4,B,0,202050208020,20201129,6,130
5531,3,B,0,202050208020,20201129,6,131
5532,4,B,0,202050208020,20201129,6,132
5533,3,B,1,202050208020,20201129,6,133
5534,4,B,0,202050208020,20201129,6,134
5535,3,B,1,202050208020,20201129,6,135
5536,4,B,0,202050208020,20201129,6,136
5537,3,B,0,202050208020,20201129,6,137
5538,4,B,1,202050208020,20201129,6,138
5539,3,B,0,202050208020,20201129,6,139
5540,4,B,1,202050208020,20201129,6,140
5541,3,B,1,202050208020,20201129,6,141
5542,4,B,0,202050208020,20201129,6,142
5543,3,B,0,202050208020,20201129,6,143
5544,4,B,0,202050208020,20201129,6,144
5545,3,B,1,202050208020,20201129,6,145
5546,4,B,0,202050208020,20201129,6,146
5547,3,B,0,202050208020,20201129,6,147
5548,4,B,0,202050208020,20201129,6,148
5549,3,B,1,202050208020,20201129,6,149
5550,4,B,0,202050208020,20201129,6,150
5551,3,B,1,202050208020,20201129,6,151
5552,4,B,0,202050208020,20201129,6,152
5553,3,B,0,202050208020,20201129,6,153
5554,4,B,0,202050208020,20201129,6,154
5555,3,B,1,202050208020,20201129,6,155
5556,4,B,0,202050208020,20201129,6,156
5557,3,B,0,202050208020,20201129,6,157
5558,4,B,0,202050208020,20201129,6,158
5559,3,B,1,202050208020,20201129,6,159
5560,2,A,0,202050208020,20201129,6,160
5561,1,A,0,202050208020,20201129,6,161
5562,2,A,1,202050208020,20201129,6,162
5563,6,C,0,202050208020,20201129,6,163
5564,5,C,0,202050208020,20201129,6,164
5565,6,C,0,202050208020,20201129,6,165
5566,5,C,1,202050208020,20201129,6,166
5567,6,C,0,202050208020,20201129,6,167
5568,5,C,1,202050208020,20201129,6,168
5569,6,C,0,202050208020,20201129,6,169
5570,5,C,0,202050208020,20201129,6,170
5571,6,C,1,202050208020,20201129,6,171
5572,5,C,1,202050208020,20201129,6,172
5573,6,C,0,202050208020,20201129,6,173
5574,5,C,0,202050208020,20201129,6,174
5575,6,C,1,202050208020,20201129,6,175
5576,5,C,1,202050208020,20201129,6,176
5577,6,C,0,202050208020,20201129,6,177
5578,5,C,1,202050208020,20201129,6,178
5579,6,C,1,202050208020,20201129,6,179
5580,6,C,1,205080508020,20201129,7,0
5581,5,C,0,205080508020,20201129,7,1
5582,2,A,0,205080508020,20201129,7,2
5583,1,A,0,205080508020,20201129,7,3
5584,2,A,0,205080508020,20201129,7,4
5585,4,B,1,205080508020,20201129,7,5
5586,3,B,1,205080508020,20201129,7,6
5587,4,B,1,205080508020,20201129,7,7
5588,3,B,1,205080508020,20201129,7,8
5589,4,B,0,205080508020,20201129,7,9
5590,3,B,1,205080508020,20201129,7,10
5591,4,B,0,205080508020,20201129,7,11
5592,6,C,0,205080508020,20201129,7,12
5593,5,C,1,205080508020,20201129,7,13
5594,6,C,1,205080508020,20201129,7,14
5595,5,C,1,205080508020,20201129,7,15
5596,6,C,1,205080508020,20201129,7,16
5597,5,C,0,205080508020,20201129,7,17
5598,6,C,0,205080508020,20201129,7,18
5599,5,C,1,205080508020,20201129,7,19
5600,6,C,0,205080508020,20201129,7,20
5601,5,C,1,205080508020,20201129,7,21
5602,6,C,0,205080508020,20201129,7,22
5603,5,C,1,205080508020,20201129,7,23
5604,6,C,0,205080508020,20201129,7,24
5605,5,C,1,205080508020,20201129,7,25
5606,6,C,0,205080508020,20201129,7,26
5607,5,C,1,205080508020,20201129,7,27
5608,6,C,0,205080508020,20201129,7,28
5609,5,C,1,205080508020,20201129,7,29
5610,6,C,0,205080508020,20201129,7,30
5611,5,C,1,205080508020,20201129,7,31
5612,4,B,0,205080508020,20201129,7,32
5613,3,B,0,205080508020,20201129,7,33
5614,4,B,1,205080508020,20201129,7,34
5615,3,B,0,205080508020,20201129,7,35
5616,4,B,1,205080508020,20201129,7,36
5617,3,B,1,205080508020,20201129,7,37
5618,4,B,0,205080508020,20201129,7,38
5619,3,B,1,205080508020,20201129,7,39
5620,4,B,0,205080508020,20201129,7,40
5621,3,B,1,205080508020,20201129,7,41
5622,4,B,0,205080508020,20201129,7,42
5623,3,B,1,205080508020,20201129,7,43
5624,4,B,1,205080508020,20201129,7,44
5625,3,B,1,205080508020,20201129,7,45
5626,4,B,1,205080508020,20201129,7,46
5627,3,B,1,205080508020,20201129,7,47
5628,4,B,0,205080508020,20201129,7,48
5629,3,B,1,205080508020,20201129,7,49
5630,4,B,0,205080508020,20201129,7,50
5631,3,B,1,205080508020,20201129,7,51
5632,4,B,0,205080508020,20201129,7,52
5633,3,B,1,205080508020,20201129,7,53
5634,4,B,0,205080508020,20201129,7,54
5635,3,B,1,205080508020,20201129,7,55
5636,4,B,0,205080508020,20201129,7,56
5637,3,B,1,205080508020,20201129,7,57
5638,4,B,0,205080508020,20201129,7,58
5639,3,B,1,205080508020,20201129,7,59
5640,4,B,0,502020502080,20201129,7,60
5641,3,B,0,502020502080,20201129,7,61
5642,4,B,0,502020502080,20201129,7,62
5643,3,B,0,502020502080,20201129,7,63
5644,4,B,1,502020502080,20201129,7,64
5645,3,B,0,502020502080,20201129,7,65
5646,4,B,0,502020502080,20201129,7,66
5647,3,B,0,502020502080,20201129,7,67
5648,4,B,0,502020502080,20201129,7,68
5649,3,B,1,502020502080,20201129,7,69
5650,4,B,1,502020502080,20201129,7,70
5651,3,B,0,502020502080,20201129,7,71
5652,4,B,1,502020502080,20201129,7,72
5653,3,B,0,502020502080,20201129,7,73
5654,4,B,1,502020502080,20201129,7,74
5655,3,B,0,502020502080,20201129,7,75
5656,4,B,1,502020502080,20201129,7,76
5657,3,B,0,502020502080,20201129,7,77
5658,4,B,1,502020502080,20201129,7,78
5659,3,B,0,502020502080,20201129,7,79
5660,4,B,0,502020502080,20201129,7,80
5661,3,B,0,502020502080,20201129,7,81
5662,4,B,0,502020502080,20201129,7,82
5663,6,C,1,502020502080,20201129,7,83
5664,5,C,0,502020502080,20201129,7,84
5665,6,C,1,502020502080,20201129,7,85
5666,5,C,0,502020502080,20201129,7,86
5667,6,C,1,502020502080,20201129,7,87
5668,5,C,0,502020502080,20201129,7,88
5669,6,C,1,502020502080,20201129,7,89
5670,5,C,0,502020502080,20201129,7,90
5671,6,C,0,502020502080,20201129,7,91
5672,5,C,0,502020502080,20201129,7,92
5673,6,C,1,502020502080,20201129,7,93
5674,5,C,0,502020502080,20201129,7,94
5675,6,C,1,502020502080,20201129,7,95
5676,5,C,1,502020502080,20201129,7,96
5677,6,C,1,502020502080,20201129,7,97
5678,5,C,0,502020502080,20201129,7,98
5679,6,C,0,502020502080,20201129,7,99
5680,5,C,1,502020502080,20201129,7,100
5681,6,C,1,502020502080,20201129,7,101
5682,5,C,0,502020502080,20201129,7,102
5683,6,C,1,502020502080,20201129,7,103
5684,5,C,1,502020502080,20201129,7,104
5685,6,C,1,502020502080,20201129,7,105
5686,5,C,0,502020502080,20201129,7,106
5687,6,C,1,502020502080,20201129,7,107
5688,5,C,0,502020502080,20201129,7,108
5689,6,C,0,502020502080,20201129,7,109
5690,5,C,0,502020502080,20201129,7,110
5691,6,C,1,502020502080,20201129,7,111
5692,5,C,0,502020502080,20201129,7,112
5693,6,C,0,502020502080,20201129,7,113
5694,5,C,0,502020502080,20201129,7,114
5695,6,C,1,502020502080,20201129,7,115
5696,5,C,0,502020502080,20201129,7,116
5697,6,C,1,502020502080,20201129,7,117
5698,5,C,0,502020502080,20201129,7,118
5699,6,C,0,502020502080,20201129,7,119
5700,5,C,1,205080202020,20201129,7,120
5701,6,C,1,205080202020,20201129,7,121
5702,5,C,0,205080202020,20201129,7,122
5703,6,C,0,205080202020,20201129,7,123
5704,5,C,0,205080202020,20201129,7,124
5705,6,C,1,205080202020,20201129,7,125
5706,5,C,0,205080202020,20201129,7,126
5707,6,C,0,205080202020,20201129,7,127
5708,5,C,0,205080202020,20201129,7,128
5709,6,C,0,205080202020,20201129,7,129
5710,5,C,0,205080202020,20201129,7,130
5711,6,C,0,205080202020,20201129,7,131
5712,5,C,0,205080202020,20201129,7,132
5713,6,C,1,205080202020,20201129,7,133
5714,5,C,0,205080202020,20201129,7,134
5715,6,C,0,205080202020,20201129,7,135
5716,5,C,0,205080202020,20201129,7,136
5717,6,C,0,205080202020,20201129,7,137
5718,4,B,0,205080202020,20201129,7,138
5719,3,B,1,205080202020,20201129,7,139
5720,4,B,0,205080202020,20201129,7,140
5721,3,B,1,205080202020,20201129,7,141
5722,4,B,0,205080202020,20201129,7,142
5723,3,B,1,205080202020,20201129,7,143
5724,4,B,0,205080202020,20201129,7,144
5725,3,B,1,205080202020,20201129,7,145
5726,4,B,0,205080202020,20201129,7,146
5727,3,B,0,205080202020,20201129,7,147
5728,4,B,0,205080202020,20201129,7,148
5729,3,B,1,205080202020,20201129,7,149
5730,4,B,0,205080202020,20201129,7,150
5731,3,B,1,205080202020,20201129,7,151
5732,4,B,1,205080202020,20201129,7,152
5733,3,B,1,205080202020,20201129,7,153
5734,4,B,0,205080202020,20201129,7,154
5735,3,B,1,205080202020,20201129,7,155
5736,4,B,0,205080202020,20201129,7,156
5737,3,B,1,205080202020,20201129,7,157
5738,4,B,0,205080202020,20201129,7,158
5739,3,B,0,205080202020,20201129,7,159
5740,4,B,0,205080202020,20201129,7,160
5741,3,B,1,205080202020,20201129,7,161
5742,4,B,0,205080202020,20201129,7,162
5743,3,B,1,205080202020,20201129,7,163
5744,4,B,1,205080202020,20201129,7,164
5745,3,B,1,205080202020,20201129,7,165
5746,4,B,0,205080202020,20201129,7,166
5747,3,B,0,205080202020,20201129,7,167
5748,4,B,0,205080202020,20201129,7,168
5749,3,B,0,205080202020,20201129,7,169
5750,4,B,0,205080202020,20201129,7,170
5751,3,B,1,205080202020,20201129,7,171
5752,4,B,0,205080202020,20201129,7,172
5753,3,B,1,205080202020,20201129,7,173
5754,4,B,0,205080202020,20201129,7,174
5755,3,B,0,205080202020,20201129,7,175
5756,4,B,0,205080202020,20201129,7,176
5757,3,B,1,205080202020,20201129,7,177
5758,4,B,0,205080202020,20201129,7,178
5759,3,B,1,205080202020,20201129,7,179
5760,6,C,1,205080205080,20201129,8,0
5761,5,C,0,205080205080,20201129,8,1
5762,6,C,1,205080205080,20201129,8,2
5763,5,C,0,205080205080,20201129,8,3
5764,2,A,0,205080205080,20201129,8,4
5765,1,A,0,205080205080,20201129,8,5
5766,2,A,0,205080205080,20201129,8,6
5767,4,B,0,205080205080,20201129,8,7
5768,3,B,1,205080205080,20201129,8,8
5769,4,B,0,205080205080,20201129,8,9
5770,3,B,1,205080205080,20201129,8,10
5771,6,C,1,205080205080,20201129,8,11
5772,5,C,1,205080205080,20201129,8,12
5773,6,C,1,205080205080,20201129,8,13
5774,5,C,0,205080205080,20201129,8,14
5775,6,C,0,205080205080,20201129,8,15
5776,5,C,1,205080205080,20201129,8,16
5777,6,C,1,205080205080,20201129,8,17
5778,5,C,0,205080205080,20201129,8,18
5779,6,C,1,205080205080,20201129,8,19
5780,5,C,0,205080205080,20201129,8,20
5781,6,C,1,205080205080,20201129,8,21
5782,5,C,1,205080205080,20201129,8,22
5783,6,C,1,205080205080,20201129,8,23
5784,5,C,1,205080205080,20201129,8,24
5785,6,C,1,205080205080,20201129,8,25
5786,5,C,0,205080205080,20201129,8,26
5787,6,C,1,205080205080,20201129,8,27
5788,5,C,1,205080205080,20201129,8,28
5789,6,C,1,205080205080,20201129,8,29
5790,5,C,1,205080205080,20201129,8,30
5791,6,C,1,205080205080,20201129,8,31
5792,5,C,0,205080205080,20201129,8,32
5793,6,C,1,205080205080,20201129,8,33
5794,5,C,1,205080205080,20201129,8,34
5795,6,C,1,205080205080,20201129,8,35
5796,5,C,1,205080205080,20201129,8,36
5797,6,C,1,205080205080,20201129,8,37
5798,5,C,0,205080205080,20201129,8,38
5799,6,C,1,205080205080,20201129,8,39
5800,5,C,0,205080205080,20201129,8,40
5801,6,C,0,205080205080,20201129,8,41
5802,5,C,1,205080205080,20201129,8,42
5803,6,C,1,205080205080,20201129,8,43
5804,5,C,0,205080205080,20201129,8,44
5805,6,C,1,205080205080,20201129,8,45
5806,5,C,0,205080205080,20201129,8,46
5807,6,C,1,205080205080,20201129,8,47
5808,5,C,0,205080205080,20201129,8,48
5809,6,C,1,205080205080,20201129,8,49
5810,5,C,1,205080205080,20201129,8,50
5811,6,C,1,205080205080,20201129,8,51
5812,5,C,1,205080205080,20201129,8,52
5813,6,C,0,205080205080,20201129,8,53
5814,5,C,1,205080205080,20201129,8,54
5815,6,C,1,205080205080,20201129,8,55
5816,5,C,0,205080205080,20201129,8,56
5817,6,C,0,205080205080,20201129,8,57
5818,5,C,1,205080205080,20201129,8,58
5819,6,C,1,205080205080,20201129,8,59
5820,5,C,0,802020502020,20201129,8,60
5821,6,C,0,802020502020,20201129,8,61
5822,5,C,0,802020502020,20201129,8,62
5823,6,C,0,802020502020,20201129,8,63
5824,5,C,0,802020502020,20201129,8,64
5825,6,C,0,802020502020,20201129,8,65
5826,4,B,1,802020502020,20201129,8,66
5827,3,B,0,802020502020,20201129,8,67
5828,4,B,1,802020502020,20201129,8,68
5829,3,B,1,802020502020,20201129,8,69
5830,4,B,1,802020502020,20201129,8,70
5831,3,B,1,802020502020,20201129,8,71
5832,4,B,1,802020502020,20201129,8,72
5833,3,B,0,802020502020,20201129,8,73
5834,4,B,0,802020502020,20201129,8,74
5835,3,B,0,802020502020,20201129,8,75
5836,4,B,1,802020502020,20201129,8,76
5837,3,B,0,802020502020,20201129,8,77
5838,4,B,0,802020502020,20201129,8,78
5839,3,B,0,802020502020,20201129,8,79
5840,4,B,1,802020502020,20201129,8,80
5841,3,B,0,802020502020,20201129,8,81
5842,4,B,0,802020502020,20201129,8,82
5843,3,B,0,802020502020,20201129,8,83
5844,4,B,1,802020502020,20201129,8,84
5845,3,B,0,802020502020,20201129,8,85
5846,4,B,1,802020502020,20201129,8,86
5847,3,B,0,802020502020,20201129,8,87
5848,4,B,1,802020502020,20201129,8,88
5849,3,B,1,802020502020,20201129,8,89
5850,4,B,0,802020502020,20201129,8,90
5851,3,B,0,802020502020,20201129,8,91
5852,4,B,0,802020502020,20201129,8,92
5853,3,B,0,802020502020,20201129,8,93
5854,4,B,0,802020502020,20201129,8,94
5855,2,A,0,802020502020,20201129,8,95
5856,1,A,1,802020502020,20201129,8,96
5857,2,A,0,802020502020,20201129,8,97
5858,1,A,1,802020502020,20201129,8,98
5859,2,A,0,802020502020,20201129,8,99
5860,1,A,0,802020502020,20201129,8,100
5861,2,A,0,802020502020,20201129,8,101
5862,1,A,0,802020502020,20201129,8,102
5863,6,C,0,802020502020,20201129,8,103
5864,5,C,0,802020502020,20201129,8,104
5865,6,C,0,802020502020,20201129,8,105
5866,5,C,1,802020502020,20201129,8,106
5867,6,C,1,802020502020,20201129,8,107
5868,5,C,0,802020502020,20201129,8,108
5869,6,C,0,802020502020,20201129,8,109
5870,5,C,0,802020502020,20201129,8,110
5871,6,C,0,802020502020,20201129,8,111
5872,5,C,0,802020502020,20201129,8,112
5873,6,C,0,802020502020,20201129,8,113
5874,5,C,0,802020502020,20201129,8,114
5875,6,C,0,802020502020,20201129,8,115
5876,5,C,0,802020502020,20201129,8,116
5877,6,C,0,802020502020,20201129,8,117
5878,5,C,0,802020502020,20201129,8,118
5879,4,B,1,802020502020,20201129,8,119
5880,3,B,0,205020202020,20201129,8,120
5881,4,B,0,205020202020,20201129,8,121
5882,3,B,0,205020202020,20201129,8,122
5883,4,B,0,205020202020,20201129,8,123
5884,3,B,0,205020202020,20201129,8,124
5885,4,B,0,205020202020,20201129,8,125
5886,2,A,1,205020202020,20201129,8,126
5887,1,A,0,205020202020,20201129,8,127
5888,2,A,1,205020202020,20201129,8,128
5889,1,A,0,205020202020,20201129,8,129
5890,2,A,1,205020202020,20201129,8,130
5891,1,A,0,205020202020,20201129,8,131
5892,2,A,1,205020202020,20201129,8,132
5893,1,A,0,205020202020,20201129,8,133
5894,2,A,1,205020202020,20201129,8,134
5895,1,A,0,205020202020,20201129,8,135
5896,2,A,1,205020202020,20201129,8,136
5897,1,A,0,205020202020,20201129,8,137
5898,2,A,0,205020202020,20201129,8,138
5899,1,A,0,205020202020,20201129,8,139
5900,2,A,1,205020202020,20201129,8,140
5901,1,A,0,205020202020,20201129,8,141
5902,2,A,0,205020202020,20201129,8,142
5903,1,A,0,205020202020,20201129,8,143
5904,2,A,1,205020202020,20201129,8,144
5905,4,B,0,205020202020,20201129,8,145
5906,3,B,0,205020202020,20201129,8,146
5907,4,B,0,205020202020,20201129,8,147
5908,3,B,1,205020202020,20201129,8,148
5909,4,B,0,205020202020,20201129,8,149
5910,3,B,0,205020202020,20201129,8,150
5911,4,B,0,205020202020,20201129,8,151
5912,3,B,0,205020202020,20201129,8,152
5913,4,B,0,205020202020,20201129,8,153
5914,3,B,0,205020202020,20201129,8,154
5915,2,A,1,205020202020,20201129,8,155
5916,1,A,0,205020202020,20201129,8,156
5917,2,A,0,205020202020,20201129,8,157
5918,1,A,0,205020202020,20201129,8,158
5919,2,A,0,205020202020,20201129,8,159
5920,6,C,0,205020202020,20201129,8,160
5921,5,C,0,205020202020,20201129,8,161
5922,6,C,0,205020202020,20201129,8,162
5923,5,C,0,205020202020,20201129,8,163
5924,6,C,0,205020202020,20201129,8,164
5925,5,C,0,205020202020,20201129,8,165
5926,4,B,0,205020202020,20201129,8,166
5927,3,B,0,205020202020,20201129,8,167
5928,2,A,0,205020202020,20201129,8,168
5929,1,A,0,205020202020,20201129,8,169
5930,2,A,1,205020202020,20201129,8,170
5931,1,A,0,205020202020,20201129,8,171
5932,2,A,1,205020202020,20201129,8,172
5933,1,A,0,205020202020,20201129,8,173
5934,2,A,0,205020202020,20201129,8,174
5935,6,C,0,205020202020,20201129,8,175
5936,5,C,1,205020202020,20201129,8,176
5937,6,C,0,205020202020,20201129,8,177
5938,5,C,0,205020202020,20201129,8,178
5939,6,C,0,205020202020,20201129,8,179
5940,4,B,0,502020208020,20201130,1,0
5941,3,B,0,502020208020,20201130,1,1
5942,2,A,0,502020208020,20201130,1,2
5943,1,A,0,502020208020,20201130,1,3
5944,6,C,0,502020208020,20201130,1,4
5945,5,C,1,502020208020,20201130,1,5
5946,4,B,0,502020208020,20201130,1,6
5947,3,B,1,502020208020,20201130,1,7
5948,1,A,0,502020208020,20201130,1,8
5949,2,A,0,502020208020,20201130,1,9
5950,1,A,0,502020208020,20201130,1,10
5951,6,C,0,502020208020,20201130,1,11
5952,5,C,1,502020208020,20201130,1,12
5953,6,C,0,502020208020,20201130,1,13
5954,5,C,1,502020208020,20201130,1,14
5955,4,B,0,502020208020,20201130,1,15
5956,3,B,0,502020208020,20201130,1,16
5957,4,B,1,502020208020,20201130,1,17
5958,3,B,0,502020208020,20201130,1,18
5959,4,B,0,502020208020,20201130,1,19
5960,3,B,0,502020208020,20201130,1,20
5961,2,A,1,502020208020,20201130,1,21
5962,1,A,0,502020208020,20201130,1,22
5963,2,A,0,502020208020,20201130,1,23
5964,6,C,0,502020208020,20201130,1,24
5965,5,C,1,502020208020,20201130,1,25
5966,6,C,0,502020208020,20201130,1,26
5967,5,C,1,502020208020,20201130,1,27
5968,4,B,0,502020208020,20201130,1,28
5969,3,B,0,502020208020,20201130,1,29
5970,4,B,0,502020208020,20201130,1,30
5971,2,A,0,502020208020,20201130,1,31
5972,1,A,0,502020208020,20201130,1,32
5973,2,A,0,502020208020,20201130,1,33
5974,6,C,0,502020208020,20201130,1,34
5975,5,C,1,502020208020,20201130,1,35
5976,6,C,0,502020208020,20201130,1,36
5977,5,C,1,502020208020,20201130,1,37
5978,4,B,0,502020208020,20201130,1,38
5979,3,B,1,502020208020,20201130,1,39
5980,4,B,0,502020208020,20201130,1,40
5981,3,B,1,502020208020,20201130,1,41
5982,4,B,0,502020208020,20201130,1,42
5983,3,B,0,502020208020,20201130,1,43
5984,6,C,0,502020208020,20201130,1,44
5985,5,C,1,502020208020,20201130,1,45
5986,6,C,1,502020208020,20201130,1,46
5987,5,C,1,502020208020,20201130,1,47
5988,6,C,1,502020208020,20201130,1,48
5989,5,C,1,502020208020,20201130,1,49
5990,6,C,0,502020208020,20201130,1,50
5991,5,C,1,502020208020,20201130,1,51
5992,6,C,0,502020208020,20201130,1,52
5993,5,C,1,502020208020,20201130,1,53
5994,6,C,0,502020208020,20201130,1,54
5995,5,C,1,502020208020,20201130,1,55
5996,6,C,0,502020208020,20201130,1,56
5997,5,C,1,502020208020,20201130,1,57
5998,6,C,0,502020208020,20201130,1,58
5999,5,C,1,502020208020,20201130,1,59
6000,6,C,0,502050802020,20201130,1,60
6001,5,C,0,502050802020,20201130,1,61
6002,6,C,0,502050802020,20201130,1,62
6003,5,C,0,502050802020,20201130,1,63
6004,4,B,1,502050802020,20201130,1,64
6005,3,B,0,502050802020,20201130,1,65
6006,4,B,1,502050802020,20201130,1,66
6007,3,B,1,502050802020,20201130,1,67
6008,4,B,1,502050802020,20201130,1,68
6009,3,B,0,502050802020,20201130,1,69
6010,4,B,0,502050802020,20201130,1,70
6011,3,B,1,502050802020,20201130,1,71
6012,4,B,0,502050802020,20201130,1,72
6013,3,B,0,502050802020,20201130,1,73
6014,4,B,1,502050802020,20201130,1,74
6015,3,B,0,502050802020,20201130,1,75
6016,4,B,1,502050802020,20201130,1,76
6017,3,B,0,502050802020,20201130,1,77
6018,4,B,1,502050802020,20201130,1,78
6019,3,B,0,502050802020,20201130,1,79
6020,4,B,1,502050802020,20201130,1,80
6021,3,B,0,502050802020,20201130,1,81
6022,4,B,1,502050802020,20201130,1,82
6023,3,B,1,502050802020,20201130,1,83
6024,4,B,0,502050802020,20201130,1,84
6025,3,B,0,502050802020,20201130,1,85
6026,4,B,1,502050802020,20201130,1,86
6027,3,B,0,502050802020,20201130,1,87
6028,4,B,1,502050802020,20201130,1,88
6029,3,B,1,502050802020,20201130,1,89
6030,4,B,1,502050802020,20201130,1,90
6031,3,B,0,502050802020,20201130,1,91
6032,4,B,1,502050802020,20201130,1,92
6033,3,B,1,502050802020,20201130,1,93
6034,4,B,1,502050802020,20201130,1,94
6035,3,B,1,502050802020,20201130,1,95
6036,4,B,0,502050802020,20201130,1,96
6037,3,B,0,502050802020,20201130,1,97
6038,4,B,1,502050802020,20201130,1,98
6039,3,B,0,502050802020,20201130,1,99
6040,4,B,1,502050802020,20201130,1,100
6041,3,B,0,502050802020,20201130,1,101
6042,4,B,1,502050802020,20201130,1,102
6043,3,B,1,502050802020,20201130,1,103
6044,4,B,1,502050802020,20201130,1,104
6045,3,B,1,502050802020,20201130,1,105
6046,4,B,1,502050802020,20201130,1,106
6047,3,B,1,502050802020,20201130,1,107
6048,4,B,1,502050802020,20201130,1,108
6049,3,B,1,502050802020,20201130,1,109
6050,4,B,1,502050802020,20201130,1,110
6051,3,B,0,502050802020,20201130,1,111
6052,4,B,1,502050802020,20201130,1,112
6053,3,B,0,502050802020,20201130,1,113
6054,4,B,1,502050802020,20201130,1,114
6055,3,B,1,502050802020,20201130,1,115
6056,4,B,1,502050802020,20201130,1,116
6057,3,B,1,502050802020,20201130,1,117
6058,4,B,1,502050802020,20201130,1,118
6059,3,B,1,502050802020,20201130,1,119
6060,4,B,0,802020508050,20201130,1,120
6061,3,B,0,802020508050,20201130,1,121
6062,4,B,0,802020508050,20201130,1,122
6063,3,B,1,802020508050,20201130,1,123
6064,4,B,1,802020508050,20201130,1,124
6065,3,B,0,802020508050,20201130,1,125
6066,4,B,1,802020508050,20201130,1,126
6067,3,B,1,802020508050,20201130,1,127
6068,4,B,0,802020508050,20201130,1,128
6069,3,B,0,802020508050,20201130,1,129
6070,4,B,1,802020508050,20201130,1,130
6071,3,B,0,802020508050,20201130,1,131
6072,4,B,1,802020508050,20201130,1,132
6073,3,B,0,802020508050,20201130,1,133
6074,4,B,0,802020508050,20201130,1,134
6075,3,B,0,802020508050,20201130,1,135
6076,4,B,1,802020508050,20201130,1,136
6077,3,B,0,802020508050,20201130,1,137
6078,4,B,1,802020508050,20201130,1,138
6079,3,B,0,802020508050,20201130,1,139
6080,4,B,0,802020508050,20201130,1,140
6081,3,B,1,802020508050,20201130,1,141
6082,4,B,0,802020508050,20201130,1,142
6083,3,B,0,802020508050,20201130,1,143
6084,4,B,0,802020508050,20201130,1,144
6085,3,B,1,802020508050,20201130,1,145
6086,6,C,1,802020508050,20201130,1,146
6087,5,C,1,802020508050,20201130,1,147
6088,6,C,0,802020508050,20201130,1,148
6089,5,C,0,802020508050,20201130,1,149
6090,6,C,1,802020508050,20201130,1,150
6091,5,C,0,802020508050,20201130,1,151
6092,6,C,0,802020508050,20201130,1,152
6093,5,C,1,802020508050,20201130,1,153
6094,6,C,1,802020508050,20201130,1,154
6095,5,C,0,802020508050,20201130,1,155
6096,6,C,0,802020508050,20201130,1,156
6097,5,C,1,802020508050,20201130,1,157
6098,6,C,1,802020508050,20201130,1,158
6099,5,C,1,802020508050,20201130,1,159
6100,6,C,1,802020508050,20201130,1,160
6101,5,C,1,802020508050,20201130,1,161
6102,6,C,0,802020508050,20201130,1,162
6103,5,C,1,802020508050,20201130,1,163
6104,6,C,0,802020508050,20201130,1,164
6105,5,C,1,802020508050,20201130,1,165
6106,6,C,0,802020508050,20201130,1,166
6107,5,C,1,802020508050,20201130,1,167
6108,6,C,0,802020508050,20201130,1,168
6109,5,C,1,802020508050,20201130,1,169
6110,6,C,1,802020508050,20201130,1,170
6111,5,C,1,802020508050,20201130,1,171
6112,6,C,0,802020508050,20201130,1,172
6113,5,C,1,802020508050,20201130,1,173
6114,6,C,1,802020508050,20201130,1,174
6115,5,C,1,802020508050,20201130,1,175
6116,6,C,0,802020508050,20201130,1,176
6117,5,C,1,802020508050,20201130,1,177
6118,6,C,1,802020508050,20201130,1,178
6119,5,C,1,802020508050,20201130,1,179
6120,1,A,0,205080202020,20201130,2,0
6121,2,A,0,205080202020,20201130,2,1
6122,6,C,1,205080202020,20201130,2,2
6123,5,C,0,205080202020,20201130,2,3
6124,4,B,0,205080202020,20201130,2,4
6125,3,B,1,205080202020,20201130,2,5
6126,4,B,1,205080202020,20201130,2,6
6127,3,B,1,205080202020,20201130,2,7
6128,4,B,0,205080202020,20201130,2,8
6129,3,B,1,205080202020,20201130,2,9
6130,4,B,0,205080202020,20201130,2,10
6131,3,B,0,205080202020,20201130,2,11
6132,2,A,0,205080202020,20201130,2,12
6133,1,A,0,205080202020,20201130,2,13
6134,2,A,1,205080202020,20201130,2,14
6135,1,A,0,205080202020,20201130,2,15
6136,2,A,1,205080202020,20201130,2,16
6137,6,C,0,205080202020,20201130,2,17
6138,5,C,1,205080202020,20201130,2,18
6139,6,C,0,205080202020,20201130,2,19
6140,5,C,0,205080202020,20201130,2,20
6141,4,B,0,205080202020,20201130,2,21
6142,3,B,0,205080202020,20201130,2,22
6143,4,B,0,205080202020,20201130,2,23
6144,3,B,1,205080202020,20201130,2,24
6145,2,A,0,205080202020,20201130,2,25
6146,1,A,1,205080202020,20201130,2,26
6147,2,A,1,205080202020,20201130,2,27
6148,1,A,0,205080202020,20201130,2,28
6149,2,A,1,205080202020,20201130,2,29
6150,1,A,0,205080202020,20201130,2,30
6151,2,A,0,205080202020,20201130,2,31
6152,6,C,1,205080202020,20201130,2,32
6153,5,C,0,205080202020,20201130,2,33
6154,6,C,1,205080202020,20201130,2,34
6155,5,C,0,205080202020,20201130,2,35
6156,6,C,0,205080202020,20201130,2,36
6157,5,C,0,205080202020,20201130,2,37
6158,6,C,0,205080202020,20201130,2,38
6159,5,C,0,205080202020,20201130,2,39
6160,6,C,0,205080202020,20201130,2,40
6161,5,C,0,205080202020,20201130,2,41
6162,4,B,1,205080202020,20201130,2,42
6163,3,B,1,205080202020,20201130,2,43
6164,4,B,0,205080202020,20201130,2,44
6165,3,B,1,205080202020,20201130,2,45
6166,4,B,0,205080202020,20201130,2,46
6167,3,B,1,205080202020,20201130,2,47
6168,4,B,0,205080202020,20201130,2,48
6169,3,B,1,205080202020,20201130,2,49
6170,4,B,0,205080202020,20201130,2,50
6171,3,B,1,205080202020,20201130,2,51
6172,4,B,0,205080202020,20201130,2,52
6173,3,B,0,205080202020,20201130,2,53
6174,2,A,1,205080202020,20201130,2,54
6175,1,A,0,205080202020,20201130,2,55
6176,2,A,1,205080202020,20201130,2,56
6177,1,A,0,205080202020,20201130,2,57
6178,2,A,1,205080202020,20201130,2,58
6179,1,A,0,205080202020,20201130,2,59
6180,2,A,1,805020202050,20201130,2,60
6181,6,C,0,805020202050,20201130,2,61
6182,5,C,0,805020202050,20201130,2,62
6183,6,C,1,805020202050,20201130,2,63
6184,5,C,0,805020202050,20201130,2,64
6185,6,C,0,805020202050,20201130,2,65
6186,5,C,0,805020202050,20201130,2,66
6187,6,C,1,805020202050,20201130,2,67
6188,5,C,0,805020202050,20201130,2,68
6189,6,C,0,805020202050,20201130,2,69
6190,5,C,0,805020202050,20201130,2,70
6191,6,C,1,805020202050,20201130,2,71
6192,5,C,0,805020202050,20201130,2,72
6193,6,C,0,805020202050,20201130,2,73
6194,5,C,0,805020202050,20201130,2,74
6195,6,C,0,805020202050,20201130,2,75
6196,5,C,0,805020202050,20201130,2,76
6197,4,B,1,805020202050,20201130,2,77
6198,3,B,0,805020202050,20201130,2,78
6199,4,B,0,805020202050,20201130,2,79
6200,3,B,0,805020202050,20201130,2,80
6201,4,B,0,805020202050,20201130,2,81
6202,2,A,1,805020202050,20201130,2,82
6203,1,A,1,805020202050,20201130,2,83
6204,2,A,1,805020202050,20201130,2,84
6205,6,C,1,805020202050,20201130,2,85
6206,5,C,0,805020202050,20201130,2,86
6207,6,C,1,805020202050,20201130,2,87
6208,5,C,0,805020202050,20201130,2,88
6209,6,C,1,805020202050,20201130,2,89
6210,5,C,0,805020202050,20201130,2,90
6211,6,C,1,805020202050,20201130,2,91
6212,5,C,0,805020202050,20201130,2,92
6213,6,C,1,805020202050,20201130,2,93
6214,5,C,0,805020202050,20201130,2,94
6215,6,C,1,805020202050,20201130,2,95
6216,5,C,0,805020202050,20201130,2,96
6217,6,C,1,805020202050,20201130,2,97
6218,5,C,0,805020202050,20201130,2,98
6219,6,C,0,805020202050,20201130,2,99
6220,2,A,1,805020202050,20201130,2,100
6221,1,A,1,805020202050,20201130,2,101
6222,2,A,1,805020202050,20201130,2,102
6223,1,A,1,805020202050,20201130,2,103
6224,2,A,0,805020202050,20201130,2,104
6225,1,A,1,805020202050,20201130,2,105
6226,2,A,0,805020202050,20201130,2,106
6227,1,A,1,805020202050,20201130,2,107
6228,2,A,0,805020202050,20201130,2,108
6229,1,A,1,805020202050,20201130,2,109
6230,2,A,0,805020202050,20201130,2,110
6231,1,A,1,805020202050,20201130,2,111
6232,2,A,0,805020202050,20201130,2,112
6233,1,A,1,805020202050,20201130,2,113
6234,2,A,0,805020202050,20201130,2,114
6235,1,A,1,805020202050,20201130,2,115
6236,2,A,0,805020202050,20201130,2,116
6237,1,A,0,805020202050,20201130,2,117
6238,2,A,1,805020202050,20201130,2,118
6239,1,A,1,805020202050,20201130,2,119
6240,2,A,0,202020502080,20201130,2,120
6241,1,A,1,202020502080,20201130,2,121
6242,2,A,0,202020502080,20201130,2,122
6243,1,A,0,202020502080,20201130,2,123
6244,2,A,0,202020502080,20201130,2,124
6245,1,A,0,202020502080,20201130,2,125
6246,2,A,0,202020502080,20201130,2,126
6247,1,A,0,202020502080,20201130,2,127
6248,6,C,0,202020502080,20201130,2,128
6249,5,C,0,202020502080,20201130,2,129
6250,6,C,1,202020502080,20201130,2,130
6251,5,C,0,202020502080,20201130,2,131
6252,6,C,1,202020502080,20201130,2,132
6253,5,C,1,202020502080,20201130,2,133
6254,6,C,1,202020502080,20201130,2,134
6255,5,C,0,202020502080,20201130,2,135
6256,6,C,1,202020502080,20201130,2,136
6257,5,C,0,202020502080,20201130,2,137
6258,6,C,1,202020502080,20201130,2,138
6259,5,C,0,202020502080,20201130,2,139
6260,6,C,0,202020502080,20201130,2,140
6261,5,C,0,202020502080,20201130,2,141
6262,6,C,0,202020502080,20201130,2,142
6263,4,B,0,202020502080,20201130,2,143
6264,3,B,0,202020502080,20201130,2,144
6265,4,B,0,202020502080,20201130,2,145
6266,3,B,1,202020502080,20201130,2,146
6267,4,B,0,202020502080,20201130,2,147
6268,3,B,0,202020502080,20201130,2,148
6269,4,B,0,202020502080,20201130,2,149
6270,3,B,0,202020502080,20201130,2,150
6271,2,A,0,202020502080,20201130,2,151
6272,1,A,0,202020502080,20201130,2,152
6273,2,A,0,202020502080,20201130,2,153
6274,6,C,1,202020502080,20201130,2,154
6275,5,C,0,202020502080,20201130,2,155
6276,6,C,1,202020502080,20201130,2,156
6277,5,C,0,202020502080,20201130,2,157
6278,6,C,0,202020502080,20201130,2,158
6279,5,C,1,202020502080,20201130,2,159
6280,6,C,1,202020502080,20201130,2,160
6281,5,C,1,202020502080,20201130,2,161
6282,6,C,1,202020502080,20201130,2,162
6283,5,C,0,202020502080,20201130,2,163
6284,6,C,1,202020502080,20201130,2,164
6285,5,C,0,202020502080,20201130,2,165
6286,6,C,1,202020502080,20201130,2,166
6287,5,C,0,202020502080,20201130,2,167
6288,6,C,1,202020502080,20201130,2,168
6289,5,C,0,202020502080,20201130,2,169
6290,6,C,1,202020502080,20201130,2,170
6291,5,C,1,202020502080,20201130,2,171
6292,6,C,1,202020502080,20201130,2,172
6293,5,C,0,202020502080,20201130,2,173
6294,6,C,1,202020502080,20201130,2,174
6295,5,C,0,202020502080,20201130,2,175
6296,6,C,1,202020502080,20201130,2,176
6297,5,C,0,202020502080,20201130,2,177
6298,6,C,1,202020502080,20201130,2,178
6299,5,C,0,202020502080,20201130,2,179
6300,1,A,1,802020205020,20201130,3,0
6301,2,A,0,802020205020,20201130,3,1
6302,6,C,1,802020205020,20201130,3,2
6303,5,C,0,802020205020,20201130,3,3
6304,6,C,1,802020205020,20201130,3,4
6305,4,B,0,802020205020,20201130,3,5
6306,3,B,1,802020205020,20201130,3,6
6307,4,B,0,802020205020,20201130,3,7
6308,3,B,0,802020205020,20201130,3,8
6309,2,A,0,802020205020,20201130,3,9
6310,1,A,1,802020205020,20201130,3,10
6311,2,A,0,802020205020,20201130,3,11
6312,1,A,1,802020205020,20201130,3,12
6313,6,C,1,802020205020,20201130,3,13
6314,5,C,1,802020205020,20201130,3,14
6315,6,C,0,802020205020,20201130,3,15
6316,5,C,0,802020205020,20201130,3,16
6317,6,C,0,802020205020,20201130,3,17
6318,5,C,1,802020205020,20201130,3,18
6319,6,C,0,802020205020,20201130,3,19
6320,4,B,0,802020205020,20201130,3,20
6321,3,B,0,802020205020,20201130,3,21
6322,4,B,0,802020205020,20201130,3,22
6323,2,A,0,802020205020,20201130,3,23
6324,1,A,1,802020205020,20201130,3,24
6325,2,A,0,802020205020,20201130,3,25
6326,1,A,1,802020205020,20201130,3,26
6327,2,A,0,802020205020,20201130,3,27
6328,1,A,1,802020205020,20201130,3,28
6329,6,C,0,802020205020,20201130,3,29
6330,5,C,1,802020205020,20201130,3,30
6331,6,C,1,802020205020,20201130,3,31
6332,5,C,1,802020205020,20201130,3,32
6333,6,C,0,802020205020,20201130,3,33
6334,5,C,1,802020205020,20201130,3,34
6335,6,C,0,802020205020,20201130,3,35
6336,5,C,0,802020205020,20201130,3,36
6337,6,C,0,802020205020,20201130,3,37
6338,5,C,1,802020205020,20201130,3,38
6339,2,A,0,802020205020,20201130,3,39
6340,1,A,0,802020205020,20201130,3,40
6341,2,A,0,802020205020,20201130,3,41
6342,1,A,1,802020205020,20201130,3,42
6343,2,A,0,802020205020,20201130,3,43
6344,1,A,1,802020205020,20201130,3,44
6345,6,C,0,802020205020,20201130,3,45
6346,5,C,0,802020205020,20201130,3,46
6347,6,C,0,802020205020,20201130,3,47
6348,5,C,0,802020205020,20201130,3,48
6349,4,B,0,802020205020,20201130,3,49
6350,3,B,0,802020205020,20201130,3,50
6351,4,B,0,802020205020,20201130,3,51
6352,3,B,0,802020205020,20201130,3,52
6353,1,A,1,802020205020,20201130,3,53
6354,2,A,0,802020205020,20201130,3,54
6355,1,A,1,802020205020,20201130,3,55
6356,2,A,0,802020205020,20201130,3,56
6357,1,A,1,802020205020,20201130,3,57
6358,2,A,0,802020205020,20201130,3,58
6359,1,A,1,802020205020,20201130,3,59
6360,6,C,0,202020205020,20201130,3,60
6361,5,C,0,202020205020,20201130,3,61
6362,6,C,0,202020205020,20201130,3,62
6363,5,C,0,202020205020,20201130,3,63
6364,1,A,1,202020205020,20201130,3,64
6365,2,A,1,202020205020,20201130,3,65
6366,1,A,0,202020205020,20201130,3,66
6367,2,A,0,202020205020,20201130,3,67
6368,1,A,0,202020205020,20201130,3,68
6369,2,A,1,202020205020,20201130,3,69
6370,1,A,0,202020205020,20201130,3,70
6371,2,A,1,202020205020,20201130,3,71
6372,1,A,0,202020205020,20201130,3,72
6373,2,A,0,202020205020,20201130,3,73
6374,1,A,0,202020205020,20201130,3,74
6375,2,A,0,202020205020,20201130,3,75
6376,4,B,1,202020205020,20201130,3,76
6377,3,B,0,202020205020,20201130,3,77
6378,4,B,0,202020205020,20201130,3,78
6379,3,B,0,202020205020,20201130,3,79
6380,4,B,0,202020205020,20201130,3,80
6381,2,A,0,202020205020,20201130,3,81
6382,1,A,0,202020205020,20201130,3,82
6383,2,A,0,202020205020,20201130,3,83
6384,6,C,0,202020205020,20201130,3,84
6385,5,C,0,202020205020,20201130,3,85
6386,6,C,0,202020205020,20201130,3,86
6387,5,C,0,202020205020,20201130,3,87
6388,2,A,0,202020205020,20201130,3,88
6389,1,A,0,202020205020,20201130,3,89
6390,2,A,0,202020205020,20201130,3,90
6391,1,A,0,202020205020,20201130,3,91
6392,4,B,0,202020205020,20201130,3,92
6393,3,B,1,202020205020,20201130,3,93
6394,4,B,0,202020205020,20201130,3,94
6395,3,B,0,202020205020,20201130,3,95
6396,4,B,0,202020205020,20201130,3,96
6397,6,C,0,202020205020,20201130,3,97
6398,5,C,0,202020205020,20201130,3,98
6399,6,C,1,202020205020,20201130,3,99
6400,5,C,1,202020205020,20201130,3,100
6401,6,C,0,202020205020,20201130,3,101
6402,5,C,1,202020205020,20201130,3,102
6403,6,C,0,202020205020,20201130,3,103
6404,5,C,1,202020205020,20201130,3,104
6405,6,C,0,202020205020,20201130,3,105
6406,5,C,0,202020205020,20201130,3,106
6407,6,C,0,202020205020,20201130,3,107
6408,5,C,0,202020205020,20201130,3,108
6409,6,C,1,202020205020,20201130,3,109
6410,5,C,1,202020205020,20201130,3,110
6411,6,C,0,202020205020,20201130,3,111
6412,5,C,1,202020205020,20201130,3,112
6413,6,C,0,202020205020,20201130,3,113
6414,5,C,1,202020205020,20201130,3,114
6415,6,C,0,202020205020,20201130,3,115
6416,5,C,0,202020205020,20201130,3,116
6417,6,C,1,202020205020,20201130,3,117
6418,5,C,1,202020205020,20201130,3,118
6419,6,C,0,202020205020,20201130,3,119
6420,5,C,0,805080202020,20201130,3,120
6421,6,C,0,805080202020,20201130,3,121
6422,5,C,0,805080202020,20201130,3,122
6423,6,C,0,805080202020,20201130,3,123
6424,5,C,0,805080202020,20201130,3,124
6425,4,B,0,805080202020,20201130,3,125
6426,3,B,1,805080202020,20201130,3,126
6427,4,B,0,805080202020,20201130,3,127
6428,3,B,1,805080202020,20201130,3,128
6429,4,B,0,805080202020,20201130,3,129
6430,3,B,1,805080202020,20201130,3,130
6431,4,B,0,805080202020,20201130,3,131
6432,3,B,0,805080202020,20201130,3,132
6433,1,A,1,805080202020,20201130,3,133
6434,2,A,1,805080202020,20201130,3,134
6435,1,A,1,805080202020,20201130,3,135
6436,2,A,1,805080202020,20201130,3,136
6437,1,A,1,805080202020,20201130,3,137
6438,2,A,0,805080202020,20201130,3,138
6439,1,A,1,805080202020,20201130,3,139
6440,2,A,1,805080202020,20201130,3,140
6441,1,A,0,805080202020,20201130,3,141
6442,2,A,1,805080202020,20201130,3,142
6443,1,A,1,805080202020,20201130,3,143
6444,2,A,0,805080202020,20201130,3,144
6445,1,A,1,805080202020,20201130,3,145
6446,2,A,1,805080202020,20201130,3,146
6447,1,A,1,805080202020,20201130,3,147
6448,2,A,0,805080202020,20201130,3,148
6449,1,A,0,805080202020,20201130,3,149
6450,2,A,0,805080202020,20201130,3,150
6451,1,A,0,805080202020,20201130,3,151
6452,2,A,0,805080202020,20201130,3,152
6453,1,A,1,805080202020,20201130,3,153
6454,2,A,1,805080202020,20201130,3,154
6455,1,A,0,805080202020,20201130,3,155
6456,2,A,1,805080202020,20201130,3,156
6457,1,A,1,805080202020,20201130,3,157
6458,2,A,1,805080202020,20201130,3,158
6459,1,A,1,805080202020,20201130,3,159
6460,2,A,1,805080202020,20201130,3,160
6461,1,A,1,805080202020,20201130,3,161
6462,2,A,1,805080202020,20201130,3,162
6463,1,A,1,805080202020,20201130,3,163
6464,2,A,0,805080202020,20201130,3,164
6465,1,A,1,805080202020,20201130,3,165
6466,2,A,0,805080202020,20201130,3,166
6467,1,A,1,805080202020,20201130,3,167
6468,2,A,0,805080202020,20201130,3,168
6469,1,A,1,805080202020,20201130,3,169
6470,2,A,1,805080202020,20201130,3,170
6471,1,A,1,805080202020,20201130,3,171
6472,2,A,1,805080202020,20201130,3,172
6473,1,A,0,805080202020,20201130,3,173
6474,2,A,0,805080202020,20201130,3,174
6475,1,A,1,805080202020,20201130,3,175
6476,2,A,0,805080202020,20201130,3,176
6477,1,A,1,805080202020,20201130,3,177
6478,2,A,1,805080202020,20201130,3,178
6479,1,A,1,805080202020,20201130,3,179
6480,4,B,0,505080502020,20201130,4,0
6481,3,B,1,505080502020,20201130,4,1
6482,1,A,1,505080502020,20201130,4,2
6483,2,A,1,505080502020,20201130,4,3
6484,1,A,0,505080502020,20201130,4,4
6485,6,C,1,505080502020,20201130,4,5
6486,5,C,1,505080502020,20201130,4,6
6487,6,C,0,505080502020,20201130,4,7
6488,5,C,0,505080502020,20201130,4,8
6489,4,B,0,505080502020,20201130,4,9
6490,3,B,1,505080502020,20201130,4,10
6491,2,A,0,505080502020,20201130,4,11
6492,1,A,1,505080502020,20201130,4,12
6493,2,A,1,505080502020,20201130,4,13
6494,1,A,1,505080502020,20201130,4,14
6495,2,A,1,505080502020,20201130,4,15
6496,1,A,0,505080502020,20201130,4,16
6497,2,A,1,505080502020,20201130,4,17
6498,1,A,0,505080502020,20201130,4,18
6499,2,A,1,505080502020,20201130,4,19
6500,1,A,0,505080502020,20201130,4,20
6501,2,A,0,505080502020,20201130,4,21
6502,6,C,0,505080502020,20201130,4,22
6503,5,C,1,505080502020,20201130,4,23
6504,6,C,1,505080502020,20201130,4,24
6505,5,C,1,505080502020,20201130,4,25
6506,6,C,0,505080502020,20201130,4,26
6507,5,C,1,505080502020,20201130,4,27
6508,6,C,0,505080502020,20201130,4,28
6509,5,C,0,505080502020,20201130,4,29
6510,6,C,1,505080502020,20201130,4,30
6511,5,C,0,505080502020,20201130,4,31
6512,6,C,0,505080502020,20201130,4,32
6513,4,B,1,505080502020,20201130,4,33
6514,3,B,1,505080502020,20201130,4,34
6515,4,B,0,505080502020,20201130,4,35
6516,3,B,1,505080502020,20201130,4,36
6517,4,B,1,505080502020,20201130,4,37
6518,3,B,1,505080502020,20201130,4,38
6519,4,B,0,505080502020,20201130,4,39
6520,3,B,1,505080502020,20201130,4,40
6521,2,A,1,505080502020,20201130,4,41
6522,1,A,0,505080502020,20201130,4,42
6523,2,A,1,505080502020,20201130,4,43
6524,1,A,0,505080502020,20201130,4,44
6525,2,A,1,505080502020,20201130,4,45
6526,1,A,1,505080502020,20201130,4,46
6527,2,A,0,505080502020,20201130,4,47
6528,1,A,0,505080502020,20201130,4,48
6529,2,A,0,505080502020,20201130,4,49
6530,1,A,0,505080502020,20201130,4,50
6531,2,A,1,505080502020,20201130,4,51
6532,1,A,1,505080502020,20201130,4,52
6533,2,A,0,505080502020,20201130,4,53
6534,1,A,1,505080502020,20201130,4,54
6535,2,A,1,505080502020,20201130,4,55
6536,1,A,1,505080502020,20201130,4,56
6537,2,A,0,505080502020,20201130,4,57
6538,1,A,1,505080502020,20201130,4,58
6539,2,A,0,505080502020,20201130,4,59
6540,1,A,0,202020505080,20201130,4,60
6541,2,A,0,202020505080,20201130,4,61
6542,1,A,0,202020505080,20201130,4,62
6543,2,A,0,202020505080,20201130,4,63
6544,6,C,1,202020505080,20201130,4,64
6545,5,C,1,202020505080,20201130,4,65
6546,6,C,0,202020505080,20201130,4,66
6547,5,C,0,202020505080,20201130,4,67
6548,6,C,1,202020505080,20201130,4,68
6549,5,C,1,202020505080,20201130,4,69
6550,6,C,1,202020505080,20201130,4,70
6551,5,C,1,202020505080,20201130,4,71
6552,6,C,1,202020505080,20201130,4,72
6553,5,C,0,202020505080,20201130,4,73
6554,6,C,0,202020505080,20201130,4,74
6555,5,C,0,202020505080,20201130,4,75
6556,6,C,1,202020505080,20201130,4,76
6557,5,C,0,202020505080,20201130,4,77
6558,6,C,1,202020505080,20201130,4,78
6559,5,C,1,202020505080,20201130,4,79
6560,6,C,1,202020505080,20201130,4,80
6561,5,C,0,202020505080,20201130,4,81
6562,6,C,1,202020505080,20201130,4,82
6563,5,C,0,202020505080,20201130,4,83
6564,6,C,1,202020505080,20201130,4,84
6565,5,C,1,202020505080,20201130,4,85
6566,6,C,1,202020505080,20201130,4,86
6567,5,C,0,202020505080,20201130,4,87
6568,6,C,1,202020505080,20201130,4,88
6569,5,C,0,202020505080,20201130,4,89
6570,6,C,1,202020505080,20201130,4,90
6571,5,C,0,202020505080,20201130,4,91
6572,6,C,1,202020505080,20201130,4,92
6573,5,C,0,202020505080,20201130,4,93
6574,6,C,1,202020505080,20201130,4,94
6575,5,C,1,202020505080,20201130,4,95
6576,6,C,1,202020505080,20201130,4,96
6577,5,C,0,202020505080,20201130,4,97
6578,6,C,1,202020505080,20201130,4,98
6579,5,C,0,202020505080,20201130,4,99
6580,6,C,1,202020505080,20201130,4,100
6581,5,C,0,202020505080,20201130,4,101
6582,6,C,1,202020505080,20201130,4,102
6583,5,C,0,202020505080,20201130,4,103
6584,6,C,1,202020505080,20201130,4,104
6585,5,C,0,202020505080,20201130,4,105
6586,6,C,1,202020505080,20201130,4,106
6587,5,C,1,202020505080,20201130,4,107
6588,6,C,1,202020505080,20201130,4,108
6589,5,C,1,202020505080,20201130,4,109
6590,6,C,1,202020505080,20201130,4,110
6591,5,C,1,202020505080,20201130,4,111
6592,6,C,1,202020505080,20201130,4,112
6593,5,C,1,202020505080,20201130,4,113
6594,6,C,0,202020505080,20201130,4,114
6595,5,C,0,202020505080,20201130,4,115
6596,6,C,1,202020505080,20201130,4,116
6597,5,C,1,202020505080,20201130,4,117
6598,6,C,0,202020505080,20201130,4,118
6599,5,C,1,202020505080,20201130,4,119
6600,6,C,0,205020202020,20201130,4,120
6601,5,C,1,205020202020,20201130,4,121
6602,6,C,0,205020202020,20201130,4,122
6603,5,C,0,205020202020,20201130,4,123
6604,6,C,0,205020202020,20201130,4,124
6605,5,C,0,205020202020,20201130,4,125
6606,4,B,1,205020202020,20201130,4,126
6607,3,B,1,205020202020,20201130,4,127
6608,4,B,0,205020202020,20201130,4,128
6609,3,B,1,205020202020,20201130,4,129
6610,4,B,0,205020202020,20201130,4,130
6611,3,B,0,205020202020,20201130,4,131
6612,1,A,0,205020202020,20201130,4,132
6613,2,A,0,205020202020,20201130,4,133
6614,1,A,0,205020202020,20201130,4,134
6615,2,A,1,205020202020,20201130,4,135
6616,1,A,0,205020202020,20201130,4,136
6617,2,A,1,205020202020,20201130,4,137
6618,1,A,0,205020202020,20201130,4,138
6619,2,A,1,205020202020,20201130,4,139
6620,1,A,1,205020202020,20201130,4,140
6621,2,A,1,205020202020,20201130,4,141
6622,1,A,0,205020202020,20201130,4,142
6623,2,A,0,205020202020,20201130,4,143
6624,1,A,0,205020202020,20201130,4,144
6625,2,A,0,205020202020,20201130,4,145
6626,6,C,0,205020202020,20201130,4,146
6627,5,C,0,205020202020,20201130,4,147
6628,6,C,0,205020202020,20201130,4,148
6629,5,C,0,205020202020,20201130,4,149
6630,4,B,0,205020202020,20201130,4,150
6631,3,B,1,205020202020,20201130,4,151
6632,4,B,0,205020202020,20201130,4,152
6633,3,B,0,205020202020,20201130,4,153
6634,4,B,0,205020202020,20201130,4,154
6635,3,B,1,205020202020,20201130,4,155
6636,2,A,1,205020202020,20201130,4,156
6637,1,A,0,205020202020,20201130,4,157
6638,2,A,0,205020202020,20201130,4,158
6639,1,A,0,205020202020,20201130,4,159
6640,2,A,1,205020202020,20201130,4,160
6641,1,A,0,205020202020,20201130,4,161
6642,2,A,0,205020202020,20201130,4,162
6643,6,C,0,205020202020,20201130,4,163
6644,5,C,0,205020202020,20201130,4,164
6645,6,C,0,205020202020,20201130,4,165
6646,5,C,0,205020202020,20201130,4,166
6647,6,C,0,205020202020,20201130,4,167
6648,5,C,0,205020202020,20201130,4,168
6649,4,B,1,205020202020,20201130,4,169
6650,3,B,0,205020202020,20201130,4,170
6651,4,B,0,205020202020,20201130,4,171
6652,3,B,0,205020202020,20201130,4,172
6653,4,B,1,205020202020,20201130,4,173
6654,3,B,0,205020202020,20201130,4,174
6655,4,B,0,205020202020,20201130,4,175
6656,3,B,0,205020202020,20201130,4,176
6657,4,B,1,205020202020,20201130,4,177
6658,3,B,0,205020202020,20201130,4,178
6659,4,B,0,205020202020,20201130,4,179
6660,4,B,1,202050502050,20201130,5,0
6661,4,B,1,202050502050,20201130,5,1
6662,2,A,1,202050502050,20201130,5,2
6663,1,A,0,202050502050,20201130,5,3
6664,2,A,0,202050502050,20201130,5,4
6665,6,C,1,202050502050,20201130,5,5
6666,5,C,0,202050502050,20201130,5,6
6667,6,C,1,202050502050,20201130,5,7
6668,5,C,0,202050502050,20201130,5,8
6669,6,C,0,202050502050,20201130,5,9
6670,4,B,0,202050502050,20201130,5,10
6671,3,B,0,202050502050,20201130,5,11
6672,4,B,0,202050502050,20201130,5,12
6673,3,B,0,202050502050,20201130,5,13
6674,1,A,0,202050502050,20201130,5,14
6675,2,A,1,202050502050,20201130,5,15
6676,1,A,0,202050502050,20201130,5,16
6677,2,A,0,202050502050,20201130,5,17
6678,6,C,0,202050502050,20201130,5,18
6679,5,C,0,202050502050,20201130,5,19
6680,6,C,1,202050502050,20201130,5,20
6681,5,C,1,202050502050,20201130,5,21
6682,6,C,1,202050502050,20201130,5,22
6683,5,C,0,202050502050,20201130,5,23
6684,6,C,1,202050502050,20201130,5,24
6685,5,C,0,202050502050,20201130,5,25
6686,6,C,1,202050502050,20201130,5,26
6687,5,C,0,202050502050,20201130,5,27
6688,6,C,1,202050502050,20201130,5,28
6689,5,C,0,202050502050,20201130,5,29
6690,6,C,0,202050502050,20201130,5,30
6691,5,C,0,202050502050,20201130,5,31
6692,6,C,0,202050502050,20201130,5,32
6693,4,B,0,202050502050,20201130,5,33
6694,3,B,1,202050502050,20201130,5,34
6695,4,B,1,202050502050,20201130,5,35
6696,3,B,0,202050502050,20201130,5,36
6697,4,B,0,202050502050,20201130,5,37
6698,1,A,0,202050502050,20201130,5,38
6699,2,A,0,202050502050,20201130,5,39
6700,3,B,1,202050502050,20201130,5,40
6701,4,B,1,202050502050,20201130,5,41
6702,3,B,0,202050502050,20201130,5,42
6703,4,B,0,202050502050,20201130,5,43
6704,6,C,0,202050502050,20201130,5,44
6705,5,C,0,202050502050,20201130,5,45
6706,6,C,1,202050502050,20201130,5,46
6707,5,C,0,202050502050,20201130,5,47
6708,6,C,1,202050502050,20201130,5,48
6709,2,A,0,202050502050,20201130,5,49
6710,1,A,0,202050502050,20201130,5,50
6711,2,A,0,202050502050,20201130,5,51
6712,1,A,0,202050502050,20201130,5,52
6713,2,A,0,202050502050,20201130,5,53
6714,6,C,1,202050502050,20201130,5,54
6715,5,C,0,202050502050,20201130,5,55
6716,6,C,1,202050502050,20201130,5,56
6717,5,C,0,202050502050,20201130,5,57
6718,6,C,1,202050502050,20201130,5,58
6719,5,C,1,202050502050,20201130,5,59
6720,6,C,0,805020208020,20201130,5,60
6721,5,C,1,805020208020,20201130,5,61
6722,6,C,0,805020208020,20201130,5,62
6723,5,C,1,805020208020,20201130,5,63
6724,6,C,0,805020208020,20201130,5,64
6725,5,C,1,805020208020,20201130,5,65
6726,6,C,0,805020208020,20201130,5,66
6727,5,C,1,805020208020,20201130,5,67
6728,6,C,1,805020208020,20201130,5,68
6729,5,C,0,805020208020,20201130,5,69
6730,6,C,1,805020208020,20201130,5,70
6731,5,C,0,805020208020,20201130,5,71
6732,6,C,0,805020208020,20201130,5,72
6733,5,C,0,805020208020,20201130,5,73
6734,6,C,0,805020208020,20201130,5,74
6735,4,B,0,805020208020,20201130,5,75
6736,3,B,0,805020208020,20201130,5,76
6737,4,B,0,805020208020,20201130,5,77
6738,3,B,0,805020208020,20201130,5,78
6739,4,B,1,805020208020,20201130,5,79
6740,3,B,0,805020208020,20201130,5,80
6741,4,B,0,805020208020,20201130,5,81
6742,3,B,0,805020208020,20201130,5,82
6743,4,B,0,805020208020,20201130,5,83
6744,2,A,0,805020208020,20201130,5,84
6745,1,A,0,805020208020,20201130,5,85
6746,2,A,0,805020208020,20201130,5,86
6747,6,C,0,805020208020,20201130,5,87
6748,5,C,1,805020208020,20201130,5,88
6749,6,C,0,805020208020,20201130,5,89
6750,5,C,0,805020208020,20201130,5,90
6751,6,C,1,805020208020,20201130,5,91
6752,5,C,1,805020208020,20201130,5,92
6753,6,C,0,805020208020,20201130,5,93
6754,5,C,0,805020208020,20201130,5,94
6755,6,C,0,805020208020,20201130,5,95
6756,5,C,1,805020208020,20201130,5,96
6757,6,C,0,805020208020,20201130,5,97
6758,5,C,1,805020208020,20201130,5,98
6759,6,C,0,805020208020,20201130,5,99
6760,5,C,1,805020208020,20201130,5,100
6761,6,C,0,805020208020,20201130,5,101
6762,5,C,0,805020208020,20201130,5,102
6763,6,C,0,805020208020,20201130,5,103
6764,5,C,0,805020208020,20201130,5,104
6765,6,C,1,805020208020,20201130,5,105
6766,5,C,1,805020208020,20201130,5,106
6767,6,C,1,805020208020,20201130,5,107
6768,5,C,1,805020208020,20201130,5,108
6769,6,C,0,805020208020,20201130,5,109
6770,5,C,0,805020208020,20201130,5,110
6771,6,C,0,805020208020,20201130,5,111
6772,5,C,1,805020208020,20201130,5,112
6773,6,C,0,805020208020,20201130,5,113
6774,5,C,1,805020208020,20201130,5,114
6775,6,C,1,805020208020,20201130,5,115
6776,5,C,1,805020208020,20201130,5,116
6777,6,C,0,805020208020,20201130,5,117
6778,5,C,1,805020208020,20201130,5,118
6779,6,C,1,805020208020,20201130,5,119
6780,5,C,0,502080202020,20201130,5,120
6781,6,C,0,502080202020,20201130,5,121
6782,5,C,0,502080202020,20201130,5,122
6783,6,C,1,502080202020,20201130,5,123
6784,5,C,0,502080202020,20201130,5,124
6785,6,C,1,502080202020,20201130,5,125
6786,5,C,0,502080202020,20201130,5,126
6787,6,C,0,502080202020,20201130,5,127
6788,5,C,0,502080202020,20201130,5,128
6789,6,C,0,502080202020,20201130,5,129
6790,5,C,1,502080202020,20201130,5,130
6791,6,C,0,502080202020,20201130,5,131
6792,5,C,1,502080202020,20201130,5,132
6793,6,C,1,502080202020,20201130,5,133
6794,5,C,0,502080202020,20201130,5,134
6795,6,C,1,502080202020,20201130,5,135
6796,5,C,0,502080202020,20201130,5,136
6797,6,C,1,502080202020,20201130,5,137
6798,5,C,0,502080202020,20201130,5,138
6799,6,C,0,502080202020,20201130,5,139
6800,5,C,0,502080202020,20201130,5,140
6801,6,C,0,502080202020,20201130,5,141
6802,5,C,0,502080202020,20201130,5,142
6803,6,C,0,502080202020,20201130,5,143
6804,4,B,1,502080202020,20201130,5,144
6805,3,B,1,502080202020,20201130,5,145
6806,4,B,0,502080202020,20201130,5,146
6807,3,B,1,502080202020,20201130,5,147
6808,4,B,0,502080202020,20201130,5,148
6809,3,B,0,502080202020,20201130,5,149
6810,4,B,1,502080202020,20201130,5,150
6811,3,B,1,502080202020,20201130,5,151
6812,4,B,0,502080202020,20201130,5,152
6813,3,B,1,502080202020,20201130,5,153
6814,4,B,0,502080202020,20201130,5,154
6815,3,B,1,502080202020,20201130,5,155
6816,4,B,1,502080202020,20201130,5,156
6817,3,B,1,502080202020,20201130,5,157
6818,4,B,0,502080202020,20201130,5,158
6819,3,B,1,502080202020,20201130,5,159
6820,4,B,0,502080202020,20201130,5,160
6821,3,B,1,502080202020,20201130,5,161
6822,4,B,1,502080202020,20201130,5,162
6823,3,B,1,502080202020,20201130,5,163
6824,4,B,0,502080202020,20201130,5,164
6825,3,B,1,502080202020,20201130,5,165
6826,4,B,1,502080202020,20201130,5,166
6827,3,B,1,502080202020,20201130,5,167
6828,4,B,0,502080202020,20201130,5,168
6829,3,B,1,502080202020,20201130,5,169
6830,4,B,0,502080202020,20201130,5,170
6831,3,B,1,502080202020,20201130,5,171
6832,4,B,0,502080202020,20201130,5,172
6833,3,B,1,502080202020,20201130,5,173
6834,4,B,1,502080202020,20201130,5,174
6835,3,B,1,502080202020,20201130,5,175
6836,4,B,0,502080202020,20201130,5,176
6837,3,B,1,502080202020,20201130,5,177
6838,4,B,0,502080202020,20201130,5,178
6839,3,B,0,502080202020,20201130,5,179
6840,1,A,1,502050202080,20201130,6,0
6841,2,A,0,502050202080,20201130,6,1
6842,6,C,1,502050202080,20201130,6,2
6843,5,C,0,502050202080,20201130,6,3
6844,6,C,1,502050202080,20201130,6,4
6845,4,B,1,502050202080,20201130,6,5
6846,3,B,0,502050202080,20201130,6,6
6847,4,B,0,502050202080,20201130,6,7
6848,3,B,0,502050202080,20201130,6,8
6849,4,B,0,502050202080,20201130,6,9
6850,2,A,0,502050202080,20201130,6,10
6851,1,A,1,502050202080,20201130,6,11
6852,2,A,1,502050202080,20201130,6,12
6853,1,A,0,502050202080,20201130,6,13
6854,2,A,0,502050202080,20201130,6,14
6855,6,C,1,502050202080,20201130,6,15
6856,5,C,0,502050202080,20201130,6,16
6857,6,C,0,502050202080,20201130,6,17
6858,5,C,0,502050202080,20201130,6,18
6859,6,C,1,502050202080,20201130,6,19
6860,4,B,0,502050202080,20201130,6,20
6861,3,B,1,502050202080,20201130,6,21
6862,4,B,0,502050202080,20201130,6,22
6863,3,B,1,502050202080,20201130,6,23
6864,1,A,1,502050202080,20201130,6,24
6865,2,A,0,502050202080,20201130,6,25
6866,1,A,1,502050202080,20201130,6,26
6867,2,A,0,502050202080,20201130,6,27
6868,1,A,0,502050202080,20201130,6,28
6869,2,A,1,502050202080,20201130,6,29
6870,1,A,0,502050202080,20201130,6,30
6871,2,A,0,502050202080,20201130,6,31
6872,1,A,0,502050202080,20201130,6,32
6873,2,A,0,502050202080,20201130,6,33
6874,6,C,1,502050202080,20201130,6,34
6875,5,C,0,502050202080,20201130,6,35
6876,6,C,0,502050202080,20201130,6,36
6877,5,C,0,502050202080,20201130,6,37
6878,6,C,1,502050202080,20201130,6,38
6879,5,C,0,502050202080,20201130,6,39
6880,6,C,1,502050202080,20201130,6,40
6881,5,C,1,502050202080,20201130,6,41
6882,6,C,1,502050202080,20201130,6,42
6883,5,C,0,502050202080,20201130,6,43
6884,6,C,0,502050202080,20201130,6,44
6885,5,C,0,502050202080,20201130,6,45
6886,6,C,1,502050202080,20201130,6,46
6887,5,C,0,502050202080,20201130,6,47
6888,6,C,1,502050202080,20201130,6,48
6889,5,C,0,502050202080,20201130,6,49
6890,6,C,1,502050202080,20201130,6,50
6891,5,C,1,502050202080,20201130,6,51
6892,6,C,1,502050202080,20201130,6,52
6893,5,C,0,502050202080,20201130,6,53
6894,6,C,1,502050202080,20201130,6,54
6895,5,C,0,502050202080,20201130,6,55
6896,6,C,0,502050202080,20201130,6,56
6897,5,C,1,502050202080,20201130,6,57
6898,6,C,1,502050202080,20201130,6,58
6899,5,C,0,502050202080,20201130,6,59
6900,6,C,0,202020205020,20201130,6,60
6901,5,C,1,202020205020,20201130,6,61
6902,6,C,0,202020205020,20201130,6,62
6903,5,C,0,202020205020,20201130,6,63
6904,6,C,0,202020205020,20201130,6,64
6905,4,B,0,202020205020,20201130,6,65
6906,3,B,0,202020205020,20201130,6,66
6907,4,B,0,202020205020,20201130,6,67
6908,3,B,0,202020205020,20201130,6,68
6909,2,A,0,202020205020,20201130,6,69
6910,1,A,0,202020205020,20201130,6,70
6911,2,A,0,202020205020,20201130,6,71
6912,6,C,0,202020205020,20201130,6,72
6913,5,C,0,202020205020,20201130,6,73
6914,6,C,0,202020205020,20201130,6,74
6915,5,C,1,202020205020,20201130,6,75
6916,6,C,0,202020205020,20201130,6,76
6917,5,C,0,202020205020,20201130,6,77
6918,6,C,1,202020205020,20201130,6,78
6919,5,C,0,202020205020,20201130,6,79
6920,6,C,0,202020205020,20201130,6,80
6921,5,C,1,202020205020,20201130,6,81
6922,6,C,0,202020205020,20201130,6,82
6923,5,C,0,202020205020,20201130,6,83
6924,6,C,0,202020205020,20201130,6,84
6925,5,C,1,202020205020,20201130,6,85
6926,6,C,0,202020205020,20201130,6,86
6927,5,C,1,202020205020,20201130,6,87
6928,6,C,0,202020205020,20201130,6,88
6929,5,C,1,202020205020,20201130,6,89
6930,6,C,0,202020205020,20201130,6,90
6931,5,C,1,202020205020,20201130,6,91
6932,6,C,0,202020205020,20201130,6,92
6933,5,C,0,202020205020,20201130,6,93
6934,6,C,0,202020205020,20201130,6,94
6935,5,C,1,202020205020,20201130,6,95
6936,6,C,1,202020205020,20201130,6,96
6937,5,C,0,202020205020,20201130,6,97
6938,6,C,0,202020205020,20201130,6,98
6939,5,C,0,202020205020,20201130,6,99
6940,6,C,0,202020205020,20201130,6,100
6941,5,C,0,202020205020,20201130,6,101
6942,6,C,0,202020205020,20201130,6,102
6943,5,C,1,202020205020,20201130,6,103
6944,6,C,1,202020205020,20201130,6,104
6945,5,C,1,202020205020,20201130,6,105
6946,6,C,0,202020205020,20201130,6,106
6947,5,C,1,202020205020,20201130,6,107
6948,6,C,0,202020205020,20201130,6,108
6949,5,C,1,202020205020,20201130,6,109
6950,6,C,1,202020205020,20201130,6,110
6951,5,C,1,202020205020,20201130,6,111
6952,6,C,0,202020205020,20201130,6,112
6953,5,C,1,202020205020,20201130,6,113
6954,6,C,1,202020205020,20201130,6,114
6955,5,C,0,202020205020,20201130,6,115
6956,6,C,0,202020205020,20201130,6,116
6957,5,C,1,202020205020,20201130,6,117
6958,6,C,0,202020205020,20201130,6,118
6959,5,C,1,202020205020,20201130,6,119
6960,6,C,0,505020502020,20201130,6,120
6961,5,C,0,505020502020,20201130,6,121
6962,6,C,0,505020502020,20201130,6,122
6963,5,C,0,505020502020,20201130,6,123
6964,6,C,0,505020502020,20201130,6,124
6965,5,C,0,505020502020,20201130,6,125
6966,6,C,0,505020502020,20201130,6,126
6967,5,C,0,505020502020,20201130,6,127
6968,4,B,1,505020502020,20201130,6,128
6969,3,B,0,505020502020,20201130,6,129
6970,4,B,1,505020502020,20201130,6,130
6971,3,B,0,505020502020,20201130,6,131
6972,4,B,0,505020502020,20201130,6,132
6973,3,B,0,505020502020,20201130,6,133
6974,4,B,0,505020502020,20201130,6,134
6975,2,A,1,505020502020,20201130,6,135
6976,1,A,1,505020502020,20201130,6,136
6977,2,A,0,505020502020,20201130,6,137
6978,1,A,0,505020502020,20201130,6,138
6979,2,A,1,505020502020,20201130,6,139
6980,1,A,0,505020502020,20201130,6,140
6981,2,A,0,505020502020,20201130,6,141
6982,1,A,0,505020502020,20201130,6,142
6983,2,A,1,505020502020,20201130,6,143
6984,1,A,1,505020502020,20201130,6,144
6985,2,A,0,505020502020,20201130,6,145
6986,1,A,1,505020502020,20201130,6,146
6987,2,A,1,505020502020,20201130,6,147
6988,1,A,1,505020502020,20201130,6,148
6989,2,A,0,505020502020,20201130,6,149
6990,1,A,0,505020502020,20201130,6,150
6991,2,A,0,505020502020,20201130,6,151
6992,1,A,0,505020502020,20201130,6,152
6993,2,A,1,505020502020,20201130,6,153
6994,1,A,0,505020502020,20201130,6,154
6995,2,A,0,505020502020,20201130,6,155
6996,1,A,1,505020502020,20201130,6,156
6997,2,A,0,505020502020,20201130,6,157
6998,1,A,0,505020502020,20201130,6,158
6999,2,A,1,505020502020,20201130,6,159
7000,1,A,1,505020502020,20201130,6,160
7001,2,A,0,505020502020,20201130,6,161
7002,1,A,0,505020502020,20201130,6,162
7003,2,A,0,505020502020,20201130,6,163
7004,1,A,0,505020502020,20201130,6,164
7005,2,A,1,505020502020,20201130,6,165
7006,1,A,0,505020502020,20201130,6,166
7007,2,A,1,505020502020,20201130,6,167
7008,1,A,0,505020502020,20201130,6,168
7009,2,A,1,505020502020,20201130,6,169
7010,1,A,1,505020502020,20201130,6,170
7011,2,A,1,505020502020,20201130,6,171
7012,1,A,0,505020502020,20201130,6,172
7013,2,A,0,505020502020,20201130,6,173
7014,1,A,1,505020502020,20201130,6,174
7015,2,A,1,505020502020,20201130,6,175
7016,1,A,0,505020502020,20201130,6,176
7017,2,A,1,505020502020,20201130,6,177
7018,1,A,1,505020502020,20201130,6,178
7019,2,A,0,505020502020,20201130,6,179
7020,4,B,0,508050208020,20201130,7,0
7021,3,B,0,508050208020,20201130,7,1
7022,2,A,1,508050208020,20201130,7,2
7023,1,A,0,508050208020,20201130,7,3
7024,2,A,1,508050208020,20201130,7,4
7025,6,C,0,508050208020,20201130,7,5
7026,5,C,1,508050208020,20201130,7,6
7027,6,C,0,508050208020,20201130,7,7
7028,5,C,0,508050208020,20201130,7,8
7029,6,C,0,508050208020,20201130,7,9
7030,5,C,1,508050208020,20201130,7,10
7031,4,B,0,508050208020,20201130,7,11
7032,3,B,1,508050208020,20201130,7,12
7033,4,B,0,508050208020,20201130,7,13
7034,3,B,0,508050208020,20201130,7,14
7035,2,A,1,508050208020,20201130,7,15
7036,1,A,1,508050208020,20201130,7,16
7037,2,A,0,508050208020,20201130,7,17
7038,1,A,0,508050208020,20201130,7,18
7039,2,A,1,508050208020,20201130,7,19
7040,1,A,1,508050208020,20201130,7,20
7041,2,A,1,508050208020,20201130,7,21
7042,1,A,1,508050208020,20201130,7,22
7043,2,A,1,508050208020,20201130,7,23
7044,1,A,0,508050208020,20201130,7,24
7045,2,A,1,508050208020,20201130,7,25
7046,1,A,0,508050208020,20201130,7,26
7047,2,A,1,508050208020,20201130,7,27
7048,1,A,0,508050208020,20201130,7,28
7049,2,A,1,508050208020,20201130,7,29
7050,1,A,0,508050208020,20201130,7,30
7051,2,A,1,508050208020,20201130,7,31
7052,1,A,0,508050208020,20201130,7,32
7053,2,A,1,508050208020,20201130,7,33
7054,1,A,0,508050208020,20201130,7,34
7055,2,A,1,508050208020,20201130,7,35
7056,1,A,0,508050208020,20201130,7,36
7057,2,A,0,508050208020,20201130,7,37
7058,1,A,1,508050208020,20201130,7,38
7059,2,A,1,508050208020,20201130,7,39
7060,1,A,0,508050208020,20201130,7,40
7061,2,A,1,508050208020,20201130,7,41
7062,1,A,0,508050208020,20201130,7,42
7063,2,A,1,508050208020,20201130,7,43
7064,1,A,0,508050208020,20201130,7,44
7065,2,A,1,508050208020,20201130,7,45
7066,1,A,0,508050208020,20201130,7,46
7067,2,A,1,508050208020,20201130,7,47
7068,6,C,1,508050208020,20201130,7,48
7069,5,C,1,508050208020,20201130,7,49
7070,6,C,0,508050208020,20201130,7,50
7071,5,C,1,508050208020,20201130,7,51
7072,6,C,0,508050208020,20201130,7,52
7073,5,C,0,508050208020,20201130,7,53
7074,6,C,0,508050208020,20201130,7,54
7075,5,C,0,508050208020,20201130,7,55
7076,6,C,0,508050208020,20201130,7,56
7077,5,C,1,508050208020,20201130,7,57
7078,6,C,0,508050208020,20201130,7,58
7079,5,C,1,508050208020,20201130,7,59
7080,4,B,0,502020205080,20201130,7,60
7081,3,B,0,502020205080,20201130,7,61
7082,4,B,0,502020205080,20201130,7,62
7083,3,B,0,502020205080,20201130,7,63
7084,2,A,0,502020205080,20201130,7,64
7085,1,A,0,502020205080,20201130,7,65
7086,2,A,1,502020205080,20201130,7,66
7087,1,A,0,502020205080,20201130,7,67
7088,2,A,0,502020205080,20201130,7,68
7089,6,C,1,502020205080,20201130,7,69
7090,5,C,1,502020205080,20201130,7,70
7091,6,C,1,502020205080,20201130,7,71
7092,5,C,1,502020205080,20201130,7,72
7093,6,C,1,502020205080,20201130,7,73
7094,5,C,1,502020205080,20201130,7,74
7095,6,C,1,502020205080,20201130,7,75
7096,5,C,1,502020205080,20201130,7,76
7097,6,C,0,502020205080,20201130,7,77
7098,5,C,0,502020205080,20201130,7,78
7099,6,C,1,502020205080,20201130,7,79
7100,5,C,0,502020205080,20201130,7,80
7101,6,C,1,502020205080,20201130,7,81
7102,5,C,0,502020205080,20201130,7,82
7103,6,C,1,502020205080,20201130,7,83
7104,5,C,0,502020205080,20201130,7,84
7105,6,C,1,502020205080,20201130,7,85
7106,5,C,0,502020205080,20201130,7,86
7107,6,C,1,502020205080,20201130,7,87
7108,5,C,1,502020205080,20201130,7,88
7109,6,C,1,502020205080,20201130,7,89
7110,5,C,0,502020205080,20201130,7,90
7111,6,C,1,502020205080,20201130,7,91
7112,5,C,0,502020205080,20201130,7,92
7113,6,C,1,502020205080,20201130,7,93
7114,5,C,0,502020205080,20201130,7,94
7115,6,C,0,502020205080,20201130,7,95
7116,5,C,0,502020205080,20201130,7,96
7117,6,C,0,502020205080,20201130,7,97
7118,5,C,1,502020205080,20201130,7,98
7119,6,C,1,502020205080,20201130,7,99
7120,5,C,1,502020205080,20201130,7,100
7121,6,C,0,502020205080,20201130,7,101
7122,5,C,1,502020205080,20201130,7,102
7123,6,C,1,502020205080,20201130,7,103
7124,5,C,1,502020205080,20201130,7,104
7125,6,C,1,502020205080,20201130,7,105
7126,5,C,1,502020205080,20201130,7,106
7127,6,C,1,502020205080,20201130,7,107
7128,5,C,0,502020205080,20201130,7,108
7129,6,C,1,502020205080,20201130,7,109
7130,5,C,0,502020205080,20201130,7,110
7131,6,C,1,502020205080,20201130,7,111
7132,5,C,1,502020205080,20201130,7,112
7133,6,C,1,502020205080,20201130,7,113
7134,5,C,1,502020205080,20201130,7,114
7135,6,C,1,502020205080,20201130,7,115
7136,5,C,0,502020205080,20201130,7,116
7137,6,C,1,502020205080,20201130,7,117
7138,5,C,1,502020205080,20201130,7,118
7139,6,C,0,502020205080,20201130,7,119
7140,5,C,0,202050202020,20201130,7,120
7141,6,C,0,202050202020,20201130,7,121
7142,5,C,0,202050202020,20201130,7,122
7143,6,C,1,202050202020,20201130,7,123
7144,5,C,1,202050202020,20201130,7,124
7145,6,C,0,202050202020,20201130,7,125
7146,5,C,0,202050202020,20201130,7,126
7147,6,C,0,202050202020,20201130,7,127
7148,5,C,0,202050202020,20201130,7,128
7149,6,C,0,202050202020,20201130,7,129
7150,5,C,0,202050202020,20201130,7,130
7151,6,C,0,202050202020,20201130,7,131
7152,5,C,0,202050202020,20201130,7,132
7153,6,C,0,202050202020,20201130,7,133
7154,4,B,1,202050202020,20201130,7,134
7155,3,B,0,202050202020,20201130,7,135
7156,4,B,0,202050202020,20201130,7,136
7157,3,B,0,202050202020,20201130,7,137
7158,4,B,0,202050202020,20201130,7,138
7159,2,A,0,202050202020,20201130,7,139
7160,1,A,0,202050202020,20201130,7,140
7161,2,A,0,202050202020,20201130,7,141
7162,6,C,0,202050202020,20201130,7,142
7163,5,C,0,202050202020,20201130,7,143
7164,6,C,0,202050202020,20201130,7,144
7165,5,C,1,202050202020,20201130,7,145
7166,6,C,1,202050202020,20201130,7,146
7167,5,C,0,202050202020,20201130,7,147
7168,6,C,0,202050202020,20201130,7,148
7169,5,C,0,202050202020,20201130,7,149
7170,6,C,0,202050202020,20201130,7,150
7171,5,C,0,202050202020,20201130,7,151
7172,6,C,1,202050202020,20201130,7,152
7173,5,C,0,202050202020,20201130,7,153
7174,6,C,0,202050202020,20201130,7,154
7175,5,C,0,202050202020,20201130,7,155
7176,6,C,0,202050202020,20201130,7,156
7177,5,C,1,202050202020,20201130,7,157
7178,6,C,0,202050202020,20201130,7,158
7179,5,C,0,202050202020,20201130,7,159
7180,6,C,0,202050202020,20201130,7,160
7181,5,C,0,202050202020,20201130,7,161
7182,4,B,0,202050202020,20201130,7,162
7183,3,B,0,202050202020,20201130,7,163
7184,4,B,0,202050202020,20201130,7,164
7185,2,A,0,202050202020,20201130,7,165
7186,1,A,0,202050202020,20201130,7,166
7187,2,A,0,202050202020,20201130,7,167
7188,6,C,1,202050202020,20201130,7,168
7189,5,C,0,202050202020,20201130,7,169
7190,6,C,1,202050202020,20201130,7,170
7191,5,C,1,202050202020,20201130,7,171
7192,6,C,0,202050202020,20201130,7,172
7193,5,C,0,202050202020,20201130,7,173
7194,6,C,0,202050202020,20201130,7,174
7195,5,C,0,202050202020,20201130,7,175
7196,6,C,0,202050202020,20201130,7,176
7197,5,C,1,202050202020,20201130,7,177
7198,6,C,0,202050202020,20201130,7,178
7199,5,C,0,202050202020,20201130,7,179
7200,4,B,1,205080505020,20201130,8,0
7201,3,B,1,205080505020,20201130,8,1
7202,2,A,0,205080505020,20201130,8,2
7203,1,A,0,205080505020,20201130,8,3
7204,2,A,1,205080505020,20201130,8,4
7205,1,A,0,205080505020,20201130,8,5
7206,2,A,0,205080505020,20201130,8,6
7207,6,C,0,205080505020,20201130,8,7
7208,5,C,1,205080505020,20201130,8,8
7209,6,C,0,205080505020,20201130,8,9
7210,5,C,0,205080505020,20201130,8,10
7211,4,B,0,205080505020,20201130,8,11
7212,3,B,1,205080505020,20201130,8,12
7213,4,B,0,205080505020,20201130,8,13
7214,3,B,1,205080505020,20201130,8,14
7215,2,A,0,205080505020,20201130,8,15
7216,1,A,0,205080505020,20201130,8,16
7217,2,A,1,205080505020,20201130,8,17
7218,1,A,0,205080505020,20201130,8,18
7219,2,A,1,205080505020,20201130,8,19
7220,4,B,0,205080505020,20201130,8,20
7221,3,B,1,205080505020,20201130,8,21
7222,4,B,1,205080505020,20201130,8,22
7223,3,B,1,205080505020,20201130,8,23
7224,4,B,0,205080505020,20201130,8,24
7225,3,B,1,205080505020,20201130,8,25
7226,4,B,0,205080505020,20201130,8,26
7227,3,B,1,205080505020,20201130,8,27
7228,4,B,1,205080505020,20201130,8,28
7229,3,B,1,205080505020,20201130,8,29
7230,4,B,0,205080505020,20201130,8,30
7231,3,B,1,205080505020,20201130,8,31
7232,4,B,1,205080505020,20201130,8,32
7233,3,B,1,205080505020,20201130,8,33
7234,4,B,0,205080505020,20201130,8,34
7235,3,B,1,205080505020,20201130,8,35
7236,4,B,0,205080505020,20201130,8,36
7237,3,B,1,205080505020,20201130,8,37
7238,4,B,0,205080505020,20201130,8,38
7239,3,B,0,205080505020,20201130,8,39
7240,4,B,1,205080505020,20201130,8,40
7241,3,B,0,205080505020,20201130,8,41
7242,4,B,1,205080505020,20201130,8,42
7243,3,B,1,205080505020,20201130,8,43
7244,4,B,1,205080505020,20201130,8,44
7245,3,B,0,205080505020,20201130,8,45
7246,4,B,0,205080505020,20201130,8,46
7247,3,B,0,205080505020,20201130,8,47
7248,4,B,1,205080505020,20201130,8,48
7249,3,B,1,205080505020,20201130,8,49
7250,4,B,0,205080505020,20201130,8,50
7251,3,B,1,205080505020,20201130,8,51
7252,4,B,1,205080505020,20201130,8,52
7253,3,B,0,205080505020,20201130,8,53
7254,4,B,1,205080505020,20201130,8,54
7255,3,B,1,205080505020,20201130,8,55
7256,4,B,0,205080505020,20201130,8,56
7257,3,B,0,205080505020,20201130,8,57
7258,4,B,0,205080505020,20201130,8,58
7259,3,B,1,205080505020,20201130,8,59
7260,4,B,1,208020508050,20201130,8,60
7261,3,B,0,208020508050,20201130,8,61
7262,4,B,0,208020508050,20201130,8,62
7263,3,B,0,208020508050,20201130,8,63
7264,4,B,1,208020508050,20201130,8,64
7265,3,B,0,208020508050,20201130,8,65
7266,4,B,1,208020508050,20201130,8,66
7267,3,B,0,208020508050,20201130,8,67
7268,4,B,1,208020508050,20201130,8,68
7269,3,B,0,208020508050,20201130,8,69
7270,4,B,1,208020508050,20201130,8,70
7271,3,B,0,208020508050,20201130,8,71
7272,4,B,0,208020508050,20201130,8,72
7273,3,B,0,208020508050,20201130,8,73
7274,4,B,0,208020508050,20201130,8,74
7275,2,A,0,208020508050,20201130,8,75
7276,1,A,0,208020508050,20201130,8,76
7277,2,A,0,208020508050,20201130,8,77
7278,6,C,0,208020508050,20201130,8,78
7279,5,C,1,208020508050,20201130,8,79
7280,6,C,0,208020508050,20201130,8,80
7281,5,C,1,208020508050,20201130,8,81
7282,6,C,1,208020508050,20201130,8,82
7283,5,C,1,208020508050,20201130,8,83
7284,6,C,0,208020508050,20201130,8,84
7285,5,C,1,208020508050,20201130,8,85
7286,6,C,0,208020508050,20201130,8,86
7287,5,C,1,208020508050,20201130,8,87
7288,6,C,1,208020508050,20201130,8,88
7289,5,C,0,208020508050,20201130,8,89
7290,6,C,1,208020508050,20201130,8,90
7291,5,C,1,208020508050,20201130,8,91
7292,6,C,0,208020508050,20201130,8,92
7293,5,C,0,208020508050,20201130,8,93
7294,6,C,0,208020508050,20201130,8,94
7295,5,C,1,208020508050,20201130,8,95
7296,6,C,0,208020508050,20201130,8,96
7297,5,C,0,208020508050,20201130,8,97
7298,6,C,0,208020508050,20201130,8,98
7299,5,C,1,208020508050,20201130,8,99
7300,6,C,0,208020508050,20201130,8,100
7301,5,C,1,208020508050,20201130,8,101
7302,6,C,0,208020508050,20201130,8,102
7303,5,C,0,208020508050,20201130,8,103
7304,6,C,0,208020508050,20201130,8,104
7305,5,C,1,208020508050,20201130,8,105
7306,6,C,0,208020508050,20201130,8,106
7307,5,C,1,208020508050,20201130,8,107
7308,6,C,0,208020508050,20201130,8,108
7309,5,C,1,208020508050,20201130,8,109
7310,6,C,1,208020508050,20201130,8,110
7311,5,C,0,208020508050,20201130,8,111
7312,6,C,1,208020508050,20201130,8,112
7313,5,C,1,208020508050,20201130,8,113
7314,6,C,0,208020508050,20201130,8,114
7315,5,C,1,208020508050,20201130,8,115
7316,6,C,1,208020508050,20201130,8,116
7317,5,C,1,208020508050,20201130,8,117
7318,6,C,1,208020508050,20201130,8,118
7319,5,C,0,208020508050,20201130,8,119
7320,6,C,0,802050202050,20201130,8,120
7321,5,C,0,802050202050,20201130,8,121
7322,6,C,1,802050202050,20201130,8,122
7323,5,C,0,802050202050,20201130,8,123
7324,6,C,0,802050202050,20201130,8,124
7325,5,C,0,802050202050,20201130,8,125
7326,6,C,0,802050202050,20201130,8,126
7327,5,C,0,802050202050,20201130,8,127
7328,6,C,1,802050202050,20201130,8,128
7329,5,C,0,802050202050,20201130,8,129
7330,6,C,0,802050202050,20201130,8,130
7331,5,C,0,802050202050,20201130,8,131
7332,6,C,0,802050202050,20201130,8,132
7333,5,C,1,802050202050,20201130,8,133
7334,6,C,1,802050202050,20201130,8,134
7335,5,C,0,802050202050,20201130,8,135
7336,6,C,1,802050202050,20201130,8,136
7337,5,C,0,802050202050,20201130,8,137
7338,6,C,0,802050202050,20201130,8,138
7339,5,C,0,802050202050,20201130,8,139
7340,6,C,0,802050202050,20201130,8,140
7341,4,B,0,802050202050,20201130,8,141
7342,3,B,1,802050202050,20201130,8,142
7343,4,B,0,802050202050,20201130,8,143
7344,3,B,1,802050202050,20201130,8,144
7345,4,B,0,802050202050,20201130,8,145
7346,3,B,1,802050202050,20201130,8,146
7347,4,B,0,802050202050,20201130,8,147
7348,3,B,1,802050202050,20201130,8,148
7349,4,B,0,802050202050,20201130,8,149
7350,3,B,0,802050202050,20201130,8,150
7351,4,B,0,802050202050,20201130,8,151
7352,3,B,0,802050202050,20201130,8,152
7353,4,B,0,802050202050,20201130,8,153
7354,3,B,0,802050202050,20201130,8,154
7355,4,B,0,802050202050,20201130,8,155
7356,3,B,0,802050202050,20201130,8,156
7357,6,C,0,802050202050,20201130,8,157
7358,5,C,0,802050202050,20201130,8,158
7359,6,C,0,802050202050,20201130,8,159
7360,5,C,1,802050202050,20201130,8,160
7361,6,C,0,802050202050,20201130,8,161
7362,5,C,0,802050202050,20201130,8,162
7363,6,C,1,802050202050,20201130,8,163
7364,5,C,0,802050202050,20201130,8,164
7365,6,C,0,802050202050,20201130,8,165
7366,5,C,1,802050202050,20201130,8,166
7367,6,C,1,802050202050,20201130,8,167
7368,5,C,0,802050202050,20201130,8,168
7369,6,C,0,802050202050,20201130,8,169
7370,5,C,0,802050202050,20201130,8,170
7371,6,C,1,802050202050,20201130,8,171
7372,5,C,0,802050202050,20201130,8,172
7373,6,C,0,802050202050,20201130,8,173
7374,5,C,0,802050202050,20201130,8,174
7375,6,C,0,802050202050,20201130,8,175
7376,5,C,0,802050202050,20201130,8,176
7377,6,C,1,802050202050,20201130,8,177
7378,5,C,0,802050202050,20201130,8,178
7379,6,C,0,802050202050,20201130,8,179
7380,4,B,1,208050802020,20201201,1,0
7381,3,B,1,208050802020,20201201,1,1
7382,2,A,1,208050802020,20201201,1,2
7383,1,A,0,208050802020,20201201,1,3
7384,2,A,1,208050802020,20201201,1,4
7385,6,C,0,208050802020,20201201,1,5
7386,5,C,0,208050802020,20201201,1,6
7387,6,C,0,208050802020,20201201,1,7
7388,5,C,1,208050802020,20201201,1,8
7389,4,B,1,208050802020,20201201,1,9
7390,3,B,0,208050802020,20201201,1,10
7391,4,B,1,208050802020,20201201,1,11
7392,3,B,0,208050802020,20201201,1,12
7393,2,A,1,208050802020,20201201,1,13
7394,1,A,1,208050802020,20201201,1,14
7395,2,A,1,208050802020,20201201,1,15
7396,1,A,0,208050802020,20201201,1,16
7397,2,A,1,208050802020,20201201,1,17
7398,1,A,1,208050802020,20201201,1,18
7399,2,A,1,208050802020,20201201,1,19
7400,1,A,0,208050802020,20201201,1,20
7401,2,A,0,208050802020,20201201,1,21
7402,1,A,1,208050802020,20201201,1,22
7403,2,A,1,208050802020,20201201,1,23
7404,1,A,1,208050802020,20201201,1,24
7405,2,A,0,208050802020,20201201,1,25
7406,1,A,0,208050802020,20201201,1,26
7407,2,A,1,208050802020,20201201,1,27
7408,1,A,0,208050802020,20201201,1,28
7409,2,A,1,208050802020,20201201,1,29
7410,1,A,0,208050802020,20201201,1,30
7411,2,A,0,208050802020,20201201,1,31
7412,4,B,1,208050802020,20201201,1,32
7413,3,B,1,208050802020,20201201,1,33
7414,4,B,1,208050802020,20201201,1,34
7415,3,B,1,208050802020,20201201,1,35
7416,4,B,1,208050802020,20201201,1,36
7417,3,B,0,208050802020,20201201,1,37
7418,4,B,0,208050802020,20201201,1,38
7419,3,B,0,208050802020,20201201,1,39
7420,4,B,0,208050802020,20201201,1,40
7421,2,A,1,208050802020,20201201,1,41
7422,1,A,0,208050802020,20201201,1,42
7423,2,A,1,208050802020,20201201,1,43
7424,1,A,0,208050802020,20201201,1,44
7425,2,A,1,208050802020,20201201,1,45
7426,6,C,0,208050802020,20201201,1,46
7427,5,C,0,208050802020,20201201,1,47
7428,6,C,0,208050802020,20201201,1,48
7429,5,C,1,208050802020,20201201,1,49
7430,6,C,0,208050802020,20201201,1,50
7431,5,C,1,208050802020,20201201,1,51
7432,4,B,1,208050802020,20201201,1,52
7433,3,B,0,208050802020,20201201,1,53
7434,4,B,0,208050802020,20201201,1,54
7435,3,B,0,208050802020,20201201,1,55
7436,2,A,1,208050802020,20201201,1,56
7437,1,A,0,208050802020,20201201,1,57
7438,2,A,1,208050802020,20201201,1,58
7439,1,A,0,208050802020,20201201,1,59
7440,2,A,0,202020202080,20201201,1,60
7441,6,C,1,202020202080,20201201,1,61
7442,5,C,0,202020202080,20201201,1,62
7443,6,C,1,202020202080,20201201,1,63
7444,5,C,0,202020202080,20201201,1,64
7445,6,C,1,202020202080,20201201,1,65
7446,5,C,0,202020202080,20201201,1,66
7447,6,C,1,202020202080,20201201,1,67
7448,5,C,0,202020202080,20201201,1,68
7449,6,C,1,202020202080,20201201,1,69
7450,5,C,0,202020202080,20201201,1,70
7451,6,C,1,202020202080,20201201,1,71
7452,5,C,0,202020202080,20201201,1,72
7453,6,C,0,202020202080,20201201,1,73
7454,4,B,1,202020202080,20201201,1,74
7455,3,B,0,202020202080,20201201,1,75
7456,4,B,1,202020202080,20201201,1,76
7457,3,B,1,202020202080,20201201,1,77
7458,4,B,0,202020202080,20201201,1,78
7459,3,B,0,202020202080,20201201,1,79
7460,4,B,1,202020202080,20201201,1,80
7461,3,B,0,202020202080,20201201,1,81
7462,4,B,0,202020202080,20201201,1,82
7463,2,A,0,202020202080,20201201,1,83
7464,1,A,0,202020202080,20201201,1,84
7465,2,A,0,202020202080,20201201,1,85
7466,1,A,0,202020202080,20201201,1,86
7467,2,A,0,202020202080,20201201,1,87
7468,6,C,1,202020202080,20201201,1,88
7469,5,C,0,202020202080,20201201,1,89
7470,6,C,1,202020202080,20201201,1,90
7471,5,C,0,202020202080,20201201,1,91
7472,6,C,1,202020202080,20201201,1,92
7473,5,C,0,202020202080,20201201,1,93
7474,6,C,0,202020202080,20201201,1,94
7475,5,C,0,202020202080,20201201,1,95
7476,6,C,1,202020202080,20201201,1,96
7477,5,C,1,202020202080,20201201,1,97
7478,6,C,1,202020202080,20201201,1,98
7479,5,C,1,202020202080,20201201,1,99
7480,6,C,1,202020202080,20201201,1,100
7481,5,C,0,202020202080,20201201,1,101
7482,6,C,1,202020202080,20201201,1,102
7483,5,C,0,202020202080,20201201,1,103
7484,6,C,1,202020202080,20201201,1,104
7485,5,C,0,202020202080,20201201,1,105
7486,6,C,1,202020202080,20201201,1,106
7487,5,C,0,202020202080,20201201,1,107
7488,6,C,0,202020202080,20201201,1,108
7489,5,C,0,202020202080,20201201,1,109
7490,6,C,1,202020202080,20201201,1,110
7491,5,C,0,202020202080,20201201,1,111
7492,6,C,1,202020202080,20201201,1,112
7493,5,C,0,202020202080,20201201,1,113
7494,6,C,1,202020202080,20201201,1,114
7495,5,C,0,202020202080,20201201,1,115
7496,6,C,1,202020202080,20201201,1,116
7497,4,B,0,202020202080,20201201,1,117
7498,3,B,0,202020202080,20201201,1,118
7499,4,B,1,202020202080,20201201,1,119
7500,3,B,1,805050202020,20201201,1,120
7501,4,B,0,805050202020,20201201,1,121
7502,3,B,0,805050202020,20201201,1,122
7503,4,B,0,805050202020,20201201,1,123
7504,3,B,0,805050202020,20201201,1,124
7505,2,A,0,805050202020,20201201,1,125
7506,1,A,0,805050202020,20201201,1,126
7507,2,A,0,805050202020,20201201,1,127
7508,6,C,1,805050202020,20201201,1,128
7509,5,C,0,805050202020,20201201,1,129
7510,6,C,0,805050202020,20201201,1,130
7511,5,C,0,805050202020,20201201,1,131
7512,6,C,0,805050202020,20201201,1,132
7513,5,C,0,805050202020,20201201,1,133
7514,6,C,0,805050202020,20201201,1,134
7515,4,B,0,805050202020,20201201,1,135
7516,3,B,0,805050202020,20201201,1,136
7517,1,A,1,805050202020,20201201,1,137
7518,2,A,1,805050202020,20201201,1,138
7519,1,A,1,805050202020,20201201,1,139
7520,2,A,0,805050202020,20201201,1,140
7521,1,A,0,805050202020,20201201,1,141
7522,2,A,0,805050202020,20201201,1,142
7523,1,A,1,805050202020,20201201,1,143
7524,2,A,1,805050202020,20201201,1,144
7525,1,A,1,805050202020,20201201,1,145
7526,2,A,1,805050202020,20201201,1,146
7527,1,A,0,805050202020,20201201,1,147
7528,2,A,1,805050202020,20201201,1,148
7529,1,A,1,805050202020,20201201,1,149
7530,2,A,1,805050202020,20201201,1,150
7531,1,A,1,805050202020,20201201,1,151
7532,2,A,0,805050202020,20201201,1,152
7533,1,A,0,805050202020,20201201,1,153
7534,2,A,0,805050202020,20201201,1,154
7535,1,A,1,805050202020,20201201,1,155
7536,2,A,0,805050202020,20201201,1,156
7537,1,A,1,805050202020,20201201,1,157
7538,2,A,1,805050202020,20201201,1,158
7539,1,A,1,805050202020,20201201,1,159
7540,2,A,0,805050202020,20201201,1,160
7541,1,A,1,805050202020,20201201,1,161
7542,2,A,1,805050202020,20201201,1,162
7543,1,A,1,805050202020,20201201,1,163
7544,2,A,1,805050202020,20201201,1,164
7545,1,A,0,805050202020,20201201,1,165
7546,2,A,0,805050202020,20201201,1,166
7547,1,A,1,805050202020,20201201,1,167
7548,2,A,0,805050202020,20201201,1,168
7549,1,A,0,805050202020,20201201,1,169
7550,2,A,1,805050202020,20201201,1,170
7551,1,A,1,805050202020,20201201,1,171
7552,2,A,1,805050202020,20201201,1,172
7553,1,A,1,805050202020,20201201,1,173
7554,2,A,1,805050202020,20201201,1,174
7555,1,A,1,805050202020,20201201,1,175
7556,2,A,1,805050202020,20201201,1,176
7557,1,A,1,805050202020,20201201,1,177
7558,2,A,0,805050202020,20201201,1,178
7559,1,A,1,805050202020,20201201,1,179
7560,4,B,0,205080508020,20201201,2,0
7561,3,B,1,205080508020,20201201,2,1
7562,2,A,0,205080508020,20201201,2,2
7563,1,A,0,205080508020,20201201,2,3
7564,2,A,0,205080508020,20201201,2,4
7565,6,C,1,205080508020,20201201,2,5
7566,5,C,1,205080508020,20201201,2,6
7567,6,C,1,205080508020,20201201,2,7
7568,5,C,1,205080508020,20201201,2,8
7569,6,C,0,205080508020,20201201,2,9
7570,5,C,1,205080508020,20201201,2,10
7571,4,B,1,205080508020,20201201,2,11
7572,3,B,1,205080508020,20201201,2,12
7573,4,B,1,205080508020,20201201,2,13
7574,3,B,1,205080508020,20201201,2,14
7575,4,B,0,205080508020,20201201,2,15
7576,3,B,1,205080508020,20201201,2,16
7577,4,B,1,205080508020,20201201,2,17
7578,3,B,1,205080508020,20201201,2,18
7579,4,B,0,205080508020,20201201,2,19
7580,3,B,1,205080508020,20201201,2,20
7581,4,B,0,205080508020,20201201,2,21
7582,3,B,1,205080508020,20201201,2,22
7583,2,A,0,205080508020,20201201,2,23
7584,1,A,0,205080508020,20201201,2,24
7585,2,A,1,205080508020,20201201,2,25
7586,1,A,0,205080508020,20201201,2,26
7587,2,A,1,205080508020,20201201,2,27
7588,1,A,0,205080508020,20201201,2,28
7589,2,A,1,205080508020,20201201,2,29
7590,6,C,0,205080508020,20201201,2,30
7591,5,C,1,205080508020,20201201,2,31
7592,6,C,0,205080508020,20201201,2,32
7593,5,C,1,205080508020,20201201,2,33
7594,6,C,0,205080508020,20201201,2,34
7595,5,C,1,205080508020,20201201,2,35
7596,6,C,0,205080508020,20201201,2,36
7597,5,C,1,205080508020,20201201,2,37
7598,6,C,0,205080508020,20201201,2,38
7599,5,C,1,205080508020,20201201,2,39
7600,6,C,0,205080508020,20201201,2,40
7601,5,C,1,205080508020,20201201,2,41
7602,6,C,1,205080508020,20201201,2,42
7603,5,C,0,205080508020,20201201,2,43
7604,6,C,0,205080508020,20201201,2,44
7605,5,C,1,205080508020,20201201,2,45
7606,6,C,0,205080508020,20201201,2,46
7607,5,C,1,205080508020,20201201,2,47
7608,6,C,0,205080508020,20201201,2,48
7609,5,C,1,205080508020,20201201,2,49
7610,4,B,1,205080508020,20201201,2,50
7611,3,B,1,205080508020,20201201,2,51
7612,4,B,0,205080508020,20201201,2,52
7613,3,B,1,205080508020,20201201,2,53
7614,4,B,0,205080508020,20201201,2,54
7615,3,B,0,205080508020,20201201,2,55
7616,4,B,1,205080508020,20201201,2,56
7617,3,B,1,205080508020,20201201,2,57
7618,4,B,1,205080508020,20201201,2,58
7619,3,B,1,205080508020,20201201,2,59
7620,4,B,0,502020202020,20201201,2,60
7621,3,B,0,502020202020,20201201,2,61
7622,4,B,0,502020202020,20201201,2,62
7623,3,B,0,502020202020,20201201,2,63
7624,4,B,0,502020202020,20201201,2,64
7625,3,B,0,502020202020,20201201,2,65
7626,2,A,0,502020202020,20201201,2,66
7627,1,A,1,502020202020,20201201,2,67
7628,2,A,1,502020202020,20201201,2,68
7629,1,A,1,502020202020,20201201,2,69
7630,2,A,0,502020202020,20201201,2,70
7631,1,A,0,502020202020,20201201,2,71
7632,2,A,1,502020202020,20201201,2,72
7633,1,A,0,502020202020,20201201,2,73
7634,2,A,0,502020202020,20201201,2,74
7635,1,A,0,502020202020,20201201,2,75
7636,2,A,0,502020202020,20201201,2,76
7637,6,C,0,502020202020,20201201,2,77
7638,5,C,0,502020202020,20201201,2,78
7639,6,C,0,502020202020,20201201,2,79
7640,5,C,0,502020202020,20201201,2,80
7641,4,B,1,502020202020,20201201,2,81
7642,3,B,0,502020202020,20201201,2,82
7643,4,B,0,502020202020,20201201,2,83
7644,3,B,0,502020202020,20201201,2,84
7645,4,B,0,502020202020,20201201,2,85
7646,2,A,0,502020202020,20201201,2,86
7647,1,A,0,502020202020,20201201,2,87
7648,2,A,0,502020202020,20201201,2,88
7649,6,C,1,502020202020,20201201,2,89
7650,5,C,0,502020202020,20201201,2,90
7651,6,C,0,502020202020,20201201,2,91
7652,5,C,0,502020202020,20201201,2,92
7653,6,C,0,502020202020,20201201,2,93
7654,5,C,0,502020202020,20201201,2,94
7655,6,C,0,502020202020,20201201,2,95
7656,5,C,0,502020202020,20201201,2,96
7657,4,B,0,502020202020,20201201,2,97
7658,3,B,1,502020202020,20201201,2,98
7659,4,B,0,502020202020,20201201,2,99
7660,3,B,0,502020202020,20201201,2,100
7661,2,A,0,502020202020,20201201,2,101
7662,1,A,0,502020202020,20201201,2,102
7663,2,A,0,502020202020,20201201,2,103
7664,6,C,0,502020202020,20201201,2,104
7665,5,C,0,502020202020,20201201,2,105
7666,6,C,0,502020202020,20201201,2,106
7667,5,C,0,502020202020,20201201,2,107
7668,6,C,0,502020202020,20201201,2,108
7669,5,C,0,502020202020,20201201,2,109
7670,4,B,0,502020202020,20201201,2,110
7671,3,B,0,502020202020,20201201,2,111
7672,4,B,0,502020202020,20201201,2,112
7673,3,B,0,502020202020,20201201,2,113
7674,2,A,0,502020202020,20201201,2,114
7675,1,A,1,502020202020,20201201,2,115
7676,2,A,0,502020202020,20201201,2,116
7677,1,A,0,502020202020,20201201,2,117
7678,2,A,0,502020202020,20201201,2,118
7679,1,A,0,502020202020,20201201,2,119
7680,6,C,0,202020802020,20201201,2,120
7681,5,C,0,202020802020,20201201,2,121
7682,6,C,0,202020802020,20201201,2,122
7683,5,C,0,202020802020,20201201,2,123
7684,4,B,1,202020802020,20201201,2,124
7685,3,B,0,202020802020,20201201,2,125
7686,4,B,1,202020802020,20201201,2,126
7687,3,B,0,202020802020,20201201,2,127
7688,4,B,1,202020802020,20201201,2,128
7689,3,B,0,202020802020,20201201,2,129
7690,4,B,1,202020802020,20201201,2,130
7691,3,B,0,202020802020,20201201,2,131
7692,4,B,1,202020802020,20201201,2,132
7693,3,B,1,202020802020,20201201,2,133
7694,4,B,1,202020802020,20201201,2,134
7695,3,B,0,202020802020,20201201,2,135
7696,4,B,1,202020802020,20201201,2,136
7697,3,B,1,202020802020,20201201,2,137
7698,4,B,1,202020802020,20201201,2,138
7699,3,B,1,202020802020,20201201,2,139
7700,4,B,1,202020802020,20201201,2,140
7701,3,B,0,202020802020,20201201,2,141
7702,4,B,0,202020802020,20201201,2,142
7703,3,B,0,202020802020,20201201,2,143
7704,4,B,1,202020802020,20201201,2,144
7705,3,B,0,202020802020,20201201,2,145
7706,4,B,1,202020802020,20201201,2,146
7707,3,B,0,202020802020,20201201,2,147
7708,4,B,1,202020802020,20201201,2,148
7709,3,B,0,202020802020,20201201,2,149
7710,4,B,1,202020802020,20201201,2,150
7711,3,B,1,202020802020,20201201,2,151
7712,4,B,1,202020802020,20201201,2,152
7713,3,B,0,202020802020,20201201,2,153
7714,4,B,1,202020802020,20201201,2,154
7715,3,B,0,202020802020,20201201,2,155
7716,4,B,1,202020802020,20201201,2,156
7717,3,B,1,202020802020,20201201,2,157
7718,4,B,1,202020802020,20201201,2,158
7719,3,B,0,202020802020,20201201,2,159
7720,4,B,0,202020802020,20201201,2,160
7721,3,B,0,202020802020,20201201,2,161
7722,4,B,1,202020802020,20201201,2,162
7723,3,B,0,202020802020,20201201,2,163
7724,4,B,1,202020802020,20201201,2,164
7725,3,B,0,202020802020,20201201,2,165
7726,4,B,1,202020802020,20201201,2,166
7727,3,B,0,202020802020,20201201,2,167
7728,4,B,1,202020802020,20201201,2,168
7729,3,B,0,202020802020,20201201,2,169
7730,4,B,1,202020802020,20201201,2,170
7731,3,B,0,202020802020,20201201,2,171
7732,4,B,1,202020802020,20201201,2,172
7733,3,B,0,202020802020,20201201,2,173
7734,4,B,1,202020802020,20201201,2,174
7735,3,B,1,202020802020,20201201,2,175
7736,4,B,1,202020802020,20201201,2,176
7737,3,B,0,202020802020,20201201,2,177
7738,4,B,0,202020802020,20201201,2,178
7739,3,B,0,202020802020,20201201,2,179
7740,4,B,0,805020202080,20201201,3,0
7741,3,B,1,805020202080,20201201,3,1
7742,4,B,0,805020202080,20201201,3,2
7743,3,B,0,805020202080,20201201,3,3
7744,2,A,0,805020202080,20201201,3,4
7745,1,A,1,805020202080,20201201,3,5
7746,2,A,1,805020202080,20201201,3,6
7747,1,A,1,805020202080,20201201,3,7
7748,2,A,1,805020202080,20201201,3,8
7749,1,A,1,805020202080,20201201,3,9
7750,2,A,1,805020202080,20201201,3,10
7751,1,A,1,805020202080,20201201,3,11
7752,2,A,1,805020202080,20201201,3,12
7753,1,A,1,805020202080,20201201,3,13
7754,2,A,0,805020202080,20201201,3,14
7755,1,A,0,805020202080,20201201,3,15
7756,2,A,1,805020202080,20201201,3,16
7757,1,A,1,805020202080,20201201,3,17
7758,2,A,0,805020202080,20201201,3,18
7759,1,A,1,805020202080,20201201,3,19
7760,2,A,0,805020202080,20201201,3,20
7761,1,A,1,805020202080,20201201,3,21
7762,2,A,0,805020202080,20201201,3,22
7763,1,A,1,805020202080,20201201,3,23
7764,2,A,1,805020202080,20201201,3,24
7765,1,A,1,805020202080,20201201,3,25
7766,2,A,1,805020202080,20201201,3,26
7767,1,A,0,805020202080,20201201,3,27
7768,2,A,0,805020202080,20201201,3,28
7769,1,A,1,805020202080,20201201,3,29
7770,2,A,1,805020202080,20201201,3,30
7771,1,A,1,805020202080,20201201,3,31
7772,2,A,0,805020202080,20201201,3,32
7773,1,A,1,805020202080,20201201,3,33
7774,2,A,1,805020202080,20201201,3,34
7775,1,A,0,805020202080,20201201,3,35
7776,2,A,1,805020202080,20201201,3,36
7777,1,A,1,805020202080,20201201,3,37
7778,2,A,0,805020202080,20201201,3,38
7779,1,A,1,805020202080,20201201,3,39
7780,2,A,0,805020202080,20201201,3,40
7781,1,A,1,805020202080,20201201,3,41
7782,2,A,0,805020202080,20201201,3,42
7783,1,A,0,805020202080,20201201,3,43
7784,2,A,0,805020202080,20201201,3,44
7785,1,A,1,805020202080,20201201,3,45
7786,2,A,0,805020202080,20201201,3,46
7787,1,A,1,805020202080,20201201,3,47
7788,2,A,0,805020202080,20201201,3,48
7789,1,A,1,805020202080,20201201,3,49
7790,2,A,1,805020202080,20201201,3,50
7791,1,A,0,805020202080,20201201,3,51
7792,2,A,1,805020202080,20201201,3,52
7793,1,A,1,805020202080,20201201,3,53
7794,2,A,1,805020202080,20201201,3,54
7795,1,A,1,805020202080,20201201,3,55
7796,2,A,0,805020202080,20201201,3,56
7797,1,A,1,805020202080,20201201,3,57
7798,2,A,1,805020202080,20201201,3,58
7799,1,A,1,805020202080,20201201,3,59
7800,2,A,0,205050805050,20201201,3,60
7801,1,A,0,205050805050,20201201,3,61
7802,2,A,1,205050805050,20201201,3,62
7803,1,A,0,205050805050,20201201,3,63
7804,2,A,0,205050805050,20201201,3,64
7805,1,A,1,205050805050,20201201,3,65
7806,2,A,0,205050805050,20201201,3,66
7807,1,A,0,205050805050,20201201,3,67
7808,2,A,1,205050805050,20201201,3,68
7809,1,A,0,205050805050,20201201,3,69
7810,2,A,0,205050805050,20201201,3,70
7811,1,A,0,205050805050,20201201,3,71
7812,2,A,1,205050805050,20201201,3,72
7813,1,A,0,205050805050,20201201,3,73
7814,2,A,0,205050805050,20201201,3,74
7815,1,A,0,205050805050,20201201,3,75
7816,2,A,1,205050805050,20201201,3,76
7817,6,C,1,205050805050,20201201,3,77
7818,5,C,1,205050805050,20201201,3,78
7819,6,C,0,205050805050,20201201,3,79
7820,5,C,1,205050805050,20201201,3,80
7821,6,C,0,205050805050,20201201,3,81
7822,5,C,0,205050805050,20201201,3,82
7823,6,C,1,205050805050,20201201,3,83
7824,5,C,0,205050805050,20201201,3,84
7825,6,C,0,205050805050,20201201,3,85
7826,5,C,0,205050805050,20201201,3,86
7827,6,C,1,205050805050,20201201,3,87
7828,5,C,0,205050805050,20201201,3,88
7829,6,C,0,205050805050,20201201,3,89
7830,5,C,1,205050805050,20201201,3,90
7831,6,C,0,205050805050,20201201,3,91
7832,5,C,0,205050805050,20201201,3,92
7833,6,C,1,205050805050,20201201,3,93
7834,5,C,0,205050805050,20201201,3,94
7835,6,C,1,205050805050,20201201,3,95
7836,5,C,0,205050805050,20201201,3,96
7837,6,C,1,205050805050,20201201,3,97
7838,5,C,0,205050805050,20201201,3,98
7839,6,C,1,205050805050,20201201,3,99
7840,5,C,0,205050805050,20201201,3,100
7841,6,C,1,205050805050,20201201,3,101
7842,5,C,1,205050805050,20201201,3,102
7843,6,C,1,205050805050,20201201,3,103
7844,5,C,1,205050805050,20201201,3,104
7845,6,C,0,205050805050,20201201,3,105
7846,5,C,1,205050805050,20201201,3,106
7847,6,C,1,205050805050,20201201,3,107
7848,5,C,1,205050805050,20201201,3,108
7849,6,C,0,205050805050,20201201,3,109
7850,5,C,0,205050805050,20201201,3,110
7851,6,C,1,205050805050,20201201,3,111
7852,5,C,0,205050805050,20201201,3,112
7853,6,C,1,205050805050,20201201,3,113
7854,5,C,1,205050805050,20201201,3,114
7855,6,C,1,205050805050,20201201,3,115
7856,5,C,0,205050805050,20201201,3,116
7857,6,C,1,205050805050,20201201,3,117
7858,5,C,1,205050805050,20201201,3,118
7859,6,C,0,205050805050,20201201,3,119
7860,5,C,0,502020202080,20201201,3,120
7861,6,C,1,502020202080,20201201,3,121
7862,5,C,1,502020202080,20201201,3,122
7863,6,C,1,502020202080,20201201,3,123
7864,5,C,0,502020202080,20201201,3,124
7865,6,C,1,502020202080,20201201,3,125
7866,5,C,1,502020202080,20201201,3,126
7867,6,C,1,502020202080,20201201,3,127
7868,5,C,0,502020202080,20201201,3,128
7869,6,C,1,502020202080,20201201,3,129
7870,5,C,1,502020202080,20201201,3,130
7871,6,C,0,502020202080,20201201,3,131
7872,5,C,1,502020202080,20201201,3,132
7873,6,C,0,502020202080,20201201,3,133
7874,5,C,1,502020202080,20201201,3,134
7875,6,C,1,502020202080,20201201,3,135
7876,5,C,0,502020202080,20201201,3,136
7877,6,C,1,502020202080,20201201,3,137
7878,5,C,0,502020202080,20201201,3,138
7879,6,C,0,502020202080,20201201,3,139
7880,5,C,1,502020202080,20201201,3,140
7881,6,C,1,502020202080,20201201,3,141
7882,5,C,0,502020202080,20201201,3,142
7883,6,C,1,502020202080,20201201,3,143
7884,5,C,1,502020202080,20201201,3,144
7885,6,C,0,502020202080,20201201,3,145
7886,5,C,0,502020202080,20201201,3,146
7887,6,C,1,502020202080,20201201,3,147
7888,5,C,0,502020202080,20201201,3,148
7889,6,C,1,502020202080,20201201,3,149
7890,5,C,0,502020202080,20201201,3,150
7891,6,C,1,502020202080,20201201,3,151
7892,5,C,0,502020202080,20201201,3,152
7893,6,C,0,502020202080,20201201,3,153
7894,5,C,1,502020202080,20201201,3,154
7895,6,C,0,502020202080,20201201,3,155
7896,5,C,1,502020202080,20201201,3,156
7897,6,C,1,502020202080,20201201,3,157
7898,5,C,0,502020202080,20201201,3,158
7899,6,C,1,502020202080,20201201,3,159
7900,5,C,0,502020202080,20201201,3,160
7901,6,C,1,502020202080,20201201,3,161
7902,5,C,0,502020202080,20201201,3,162
7903,6,C,0,502020202080,20201201,3,163
7904,5,C,0,502020202080,20201201,3,164
7905,6,C,1,502020202080,20201201,3,165
7906,5,C,0,502020202080,20201201,3,166
7907,6,C,0,502020202080,20201201,3,167
7908,5,C,1,502020202080,20201201,3,168
7909,6,C,0,502020202080,20201201,3,169
7910,5,C,0,502020202080,20201201,3,170
7911,6,C,0,502020202080,20201201,3,171
7912,5,C,0,502020202080,20201201,3,172
7913,4,B,0,502020202080,20201201,3,173
7914,3,B,0,502020202080,20201201,3,174
7915,4,B,0,502020202080,20201201,3,175
7916,2,A,0,502020202080,20201201,3,176
7917,1,A,0,502020202080,20201201,3,177
7918,2,A,0,502020202080,20201201,3,178
7919,4,B,0,502020202080,20201201,3,179
7920,4,B,1,205020808050,20201201,4,0
7921,3,B,0,205020808050,20201201,4,1
7922,4,B,1,205020808050,20201201,4,2
7923,1,A,1,205020808050,20201201,4,3
7924,2,A,1,205020808050,20201201,4,4
7925,1,A,0,205020808050,20201201,4,5
7926,2,A,0,205020808050,20201201,4,6
7927,6,C,0,205020808050,20201201,4,7
7928,5,C,1,205020808050,20201201,4,8
7929,6,C,1,205020808050,20201201,4,9
7930,5,C,1,205020808050,20201201,4,10
7931,6,C,1,205020808050,20201201,4,11
7932,5,C,1,205020808050,20201201,4,12
7933,6,C,1,205020808050,20201201,4,13
7934,5,C,1,205020808050,20201201,4,14
7935,6,C,0,205020808050,20201201,4,15
7936,5,C,1,205020808050,20201201,4,16
7937,6,C,1,205020808050,20201201,4,17
7938,5,C,1,205020808050,20201201,4,18
7939,6,C,0,205020808050,20201201,4,19
7940,5,C,1,205020808050,20201201,4,20
7941,6,C,0,205020808050,20201201,4,21
7942,5,C,0,205020808050,20201201,4,22
7943,3,B,0,205020808050,20201201,4,23
7944,4,B,1,205020808050,20201201,4,24
7945,3,B,0,205020808050,20201201,4,25
7946,4,B,1,205020808050,20201201,4,26
7947,3,B,0,205020808050,20201201,4,27
7948,4,B,1,205020808050,20201201,4,28
7949,3,B,0,205020808050,20201201,4,29
7950,4,B,1,205020808050,20201201,4,30
7951,2,A,1,205020808050,20201201,4,31
7952,1,A,0,205020808050,20201201,4,32
7953,2,A,0,205020808050,20201201,4,33
7954,1,A,0,205020808050,20201201,4,34
7955,2,A,0,205020808050,20201201,4,35
7956,1,A,1,205020808050,20201201,4,36
7957,2,A,0,205020808050,20201201,4,37
7958,1,A,0,205020808050,20201201,4,38
7959,2,A,1,205020808050,20201201,4,39
7960,1,A,1,205020808050,20201201,4,40
7961,2,A,0,205020808050,20201201,4,41
7962,1,A,0,205020808050,20201201,4,42
7963,2,A,0,205020808050,20201201,4,43
7964,1,A,0,205020808050,20201201,4,44
7965,2,A,1,205020808050,20201201,4,45
7966,6,C,0,205020808050,20201201,4,46
7967,5,C,1,205020808050,20201201,4,47
7968,6,C,0,205020808050,20201201,4,48
7969,5,C,1,205020808050,20201201,4,49
7970,6,C,1,205020808050,20201201,4,50
7971,5,C,1,205020808050,20201201,4,51
7972,6,C,0,205020808050,20201201,4,52
7973,5,C,1,205020808050,20201201,4,53
7974,6,C,1,205020808050,20201201,4,54
7975,5,C,1,205020808050,20201201,4,55
7976,6,C,0,205020808050,20201201,4,56
7977,5,C,1,205020808050,20201201,4,57
7978,6,C,1,205020808050,20201201,4,58
7979,5,C,1,205020808050,20201201,4,59
7980,6,C,0,508050202020,20201201,4,60
7981,5,C,0,508050202020,20201201,4,61
7982,6,C,0,508050202020,20201201,4,62
7983,5,C,0,508050202020,20201201,4,63
7984,6,C,0,508050202020,20201201,4,64
7985,5,C,0,508050202020,20201201,4,65
7986,6,C,0,508050202020,20201201,4,66
7987,5,C,1,508050202020,20201201,4,67
7988,6,C,0,508050202020,20201201,4,68
7989,5,C,0,508050202020,20201201,4,69
7990,6,C,0,508050202020,20201201,4,70
7991,5,C,1,508050202020,20201201,4,71
7992,6,C,0,508050202020,20201201,4,72
7993,5,C,0,508050202020,20201201,4,73
7994,6,C,0,508050202020,20201201,4,74
7995,5,C,0,508050202020,20201201,4,75
7996,4,B,1,508050202020,20201201,4,76
7997,3,B,0,508050202020,20201201,4,77
7998,4,B,1,508050202020,20201201,4,78
7999,3,B,1,508050202020,20201201,4,79
8000,4,B,1,508050202020,20201201,4,80
8001,3,B,0,508050202020,20201201,4,81
8002,4,B,1,508050202020,20201201,4,82
8003,3,B,0,508050202020,20201201,4,83
8004,4,B,0,508050202020,20201201,4,84
8005,3,B,1,508050202020,20201201,4,85
8006,4,B,0,508050202020,20201201,4,86
8007,3,B,1,508050202020,20201201,4,87
8008,4,B,0,508050202020,20201201,4,88
8009,3,B,1,508050202020,20201201,4,89
8010,4,B,1,508050202020,20201201,4,90
8011,3,B,0,508050202020,20201201,4,91
8012,4,B,1,508050202020,20201201,4,92
8013,3,B,0,508050202020,20201201,4,93
8014,4,B,0,508050202020,20201201,4,94
8015,3,B,0,508050202020,20201201,4,95
8016,4,B,0,508050202020,20201201,4,96
8017,3,B,1,508050202020,20201201,4,97
8018,4,B,0,508050202020,20201201,4,98
8019,3,B,1,508050202020,20201201,4,99
8020,4,B,0,508050202020,20201201,4,100
8021,3,B,1,508050202020,20201201,4,101
8022,4,B,0,508050202020,20201201,4,102
8023,3,B,1,508050202020,20201201,4,103
8024,4,B,0,508050202020,20201201,4,104
8025,3,B,0,508050202020,20201201,4,105
8026,4,B,0,508050202020,20201201,4,106
8027,3,B,0,508050202020,20201201,4,107
8028,4,B,0,508050202020,20201201,4,108
8029,3,B,0,508050202020,20201201,4,109
8030,4,B,1,508050202020,20201201,4,110
8031,3,B,0,508050202020,20201201,4,111
8032,4,B,0,508050202020,20201201,4,112
8033,3,B,1,508050202020,20201201,4,113
8034,4,B,0,508050202020,20201201,4,114
8035,3,B,1,508050202020,20201201,4,115
8036,4,B,1,508050202020,20201201,4,116
8037,3,B,0,508050202020,20201201,4,117
8038,4,B,0,508050202020,20201201,4,118
8039,3,B,0,508050202020,20201201,4,119
8040,4,B,0,202020502020,20201201,4,120
8041,3,B,0,202020502020,20201201,4,121
8042,2,A,0,202020502020,20201201,4,122
8043,1,A,0,202020502020,20201201,4,123
8044,2,A,0,202020502020,20201201,4,124
8045,1,A,0,202020502020,20201201,4,125
8046,2,A,0,202020502020,20201201,4,126
8047,6,C,0,202020502020,20201201,4,127
8048,5,C,0,202020502020,20201201,4,128
8049,6,C,0,202020502020,20201201,4,129
8050,5,C,1,202020502020,20201201,4,130
8051,6,C,0,202020502020,20201201,4,131
8052,5,C,0,202020502020,20201201,4,132
8053,6,C,0,202020502020,20201201,4,133
8054,5,C,0,202020502020,20201201,4,134
8055,4,B,1,202020502020,20201201,4,135
8056,3,B,0,202020502020,20201201,4,136
8057,4,B,1,202020502020,20201201,4,137
8058,3,B,1,202020502020,20201201,4,138
8059,4,B,1,202020502020,20201201,4,139
8060,3,B,0,202020502020,20201201,4,140
8061,4,B,1,202020502020,20201201,4,141
8062,3,B,0,202020502020,20201201,4,142
8063,4,B,1,202020502020,20201201,4,143
8064,3,B,0,202020502020,20201201,4,144
8065,4,B,1,202020502020,20201201,4,145
8066,3,B,0,202020502020,20201201,4,146
8067,4,B,1,202020502020,20201201,4,147
8068,3,B,0,202020502020,20201201,4,148
8069,4,B,0,202020502020,20201201,4,149
8070,3,B,0,202020502020,20201201,4,150
8071,4,B,0,202020502020,20201201,4,151
8072,3,B,0,202020502020,20201201,4,152
8073,4,B,1,202020502020,20201201,4,153
8074,3,B,0,202020502020,20201201,4,154
8075,4,B,0,202020502020,20201201,4,155
8076,3,B,0,202020502020,20201201,4,156
8077,4,B,1,202020502020,20201201,4,157
8078,3,B,0,202020502020,20201201,4,158
8079,4,B,0,202020502020,20201201,4,159
8080,3,B,0,202020502020,20201201,4,160
8081,4,B,1,202020502020,20201201,4,161
8082,3,B,0,202020502020,20201201,4,162
8083,4,B,1,202020502020,20201201,4,163
8084,3,B,0,202020502020,20201201,4,164
8085,4,B,0,202020502020,20201201,4,165
8086,3,B,0,202020502020,20201201,4,166
8087,4,B,1,202020502020,20201201,4,167
8088,3,B,0,202020502020,20201201,4,168
8089,4,B,0,202020502020,20201201,4,169
8090,3,B,0,202020502020,20201201,4,170
8091,4,B,0,202020502020,20201201,4,171
8092,3,B,1,202020502020,20201201,4,172
8093,4,B,0,202020502020,20201201,4,173
8094,3,B,0,202020502020,20201201,4,174
8095,4,B,1,202020502020,20201201,4,175
8096,3,B,0,202020502020,20201201,4,176
8097,4,B,1,202020502020,20201201,4,177
8098,3,B,0,202020502020,20201201,4,178
8099,4,B,0,202020502020,20201201,4,179
8100,4,B,0,802020202050,20201201,5,0
8101,3,B,0,802020202050,20201201,5,1
8102,4,B,0,802020202050,20201201,5,2
8103,2,A,0,802020202050,20201201,5,3
8104,1,A,1,802020202050,20201201,5,4
8105,2,A,0,802020202050,20201201,5,5
8106,1,A,1,802020202050,20201201,5,6
8107,2,A,0,802020202050,20201201,5,7
8108,1,A,0,802020202050,20201201,5,8
8109,2,A,1,802020202050,20201201,5,9
8110,6,C,1,802020202050,20201201,5,10
8111,5,C,0,802020202050,20201201,5,11
8112,6,C,0,802020202050,20201201,5,12
8113,5,C,0,802020202050,20201201,5,13
8114,6,C,0,802020202050,20201201,5,14
8115,5,C,0,802020202050,20201201,5,15
8116,4,B,0,802020202050,20201201,5,16
8117,3,B,0,802020202050,20201201,5,17
8118,4,B,0,802020202050,20201201,5,18
8119,2,A,0,802020202050,20201201,5,19
8120,1,A,1,802020202050,20201201,5,20
8121,2,A,0,802020202050,20201201,5,21
8122,1,A,1,802020202050,20201201,5,22
8123,2,A,1,802020202050,20201201,5,23
8124,1,A,0,802020202050,20201201,5,24
8125,2,A,0,802020202050,20201201,5,25
8126,1,A,1,802020202050,20201201,5,26
8127,2,A,0,802020202050,20201201,5,27
8128,1,A,0,802020202050,20201201,5,28
8129,2,A,0,802020202050,20201201,5,29
8130,6,C,1,802020202050,20201201,5,30
8131,5,C,0,802020202050,20201201,5,31
8132,6,C,1,802020202050,20201201,5,32
8133,5,C,0,802020202050,20201201,5,33
8134,6,C,1,802020202050,20201201,5,34
8135,5,C,0,802020202050,20201201,5,35
8136,6,C,1,802020202050,20201201,5,36
8137,5,C,0,802020202050,20201201,5,37
8138,6,C,1,802020202050,20201201,5,38
8139,5,C,0,802020202050,20201201,5,39
8140,6,C,0,802020202050,20201201,5,40
8141,5,C,0,802020202050,20201201,5,41
8142,6,C,0,802020202050,20201201,5,42
8143,5,C,0,802020202050,20201201,5,43
8144,6,C,0,802020202050,20201201,5,44
8145,4,B,0,802020202050,20201201,5,45
8146,3,B,1,802020202050,20201201,5,46
8147,4,B,1,802020202050,20201201,5,47
8148,3,B,0,802020202050,20201201,5,48
8149,4,B,0,802020202050,20201201,5,49
8150,3,B,0,802020202050,20201201,5,50
8151,4,B,0,802020202050,20201201,5,51
8152,2,A,0,802020202050,20201201,5,52
8153,1,A,1,802020202050,20201201,5,53
8154,2,A,1,802020202050,20201201,5,54
8155,1,A,1,802020202050,20201201,5,55
8156,2,A,0,802020202050,20201201,5,56
8157,1,A,1,802020202050,20201201,5,57
8158,2,A,0,802020202050,20201201,5,58
8159,1,A,1,802020202050,20201201,5,59
8160,2,A,0,205050508050,20201201,5,60
8161,1,A,1,205050508050,20201201,5,61
8162,2,A,1,205050508050,20201201,5,62
8163,1,A,0,205050508050,20201201,5,63
8164,2,A,1,205050508050,20201201,5,64
8165,1,A,1,205050508050,20201201,5,65
8166,2,A,0,205050508050,20201201,5,66
8167,1,A,0,205050508050,20201201,5,67
8168,2,A,0,205050508050,20201201,5,68
8169,1,A,0,205050508050,20201201,5,69
8170,2,A,0,205050508050,20201201,5,70
8171,1,A,0,205050508050,20201201,5,71
8172,2,A,1,205050508050,20201201,5,72
8173,1,A,0,205050508050,20201201,5,73
8174,2,A,1,205050508050,20201201,5,74
8175,1,A,0,205050508050,20201201,5,75
8176,2,A,1,205050508050,20201201,5,76
8177,1,A,0,205050508050,20201201,5,77
8178,2,A,1,205050508050,20201201,5,78
8179,1,A,0,205050508050,20201201,5,79
8180,2,A,1,205050508050,20201201,5,80
8181,1,A,1,205050508050,20201201,5,81
8182,2,A,1,205050508050,20201201,5,82
8183,1,A,0,205050508050,20201201,5,83
8184,2,A,0,205050508050,20201201,5,84
8185,1,A,0,205050508050,20201201,5,85
8186,2,A,0,205050508050,20201201,5,86
8187,6,C,1,205050508050,20201201,5,87
8188,5,C,1,205050508050,20201201,5,88
8189,6,C,0,205050508050,20201201,5,89
8190,5,C,1,205050508050,20201201,5,90
8191,6,C,0,205050508050,20201201,5,91
8192,5,C,1,205050508050,20201201,5,92
8193,6,C,0,205050508050,20201201,5,93
8194,5,C,1,205050508050,20201201,5,94
8195,6,C,1,205050508050,20201201,5,95
8196,5,C,1,205050508050,20201201,5,96
8197,6,C,0,205050508050,20201201,5,97
8198,5,C,1,205050508050,20201201,5,98
8199,6,C,0,205050508050,20201201,5,99
8200,5,C,1,205050508050,20201201,5,100
8201,6,C,0,205050508050,20201201,5,101
8202,5,C,1,205050508050,20201201,5,102
8203,6,C,1,205050508050,20201201,5,103
8204,5,C,1,205050508050,20201201,5,104
8205,6,C,1,205050508050,20201201,5,105
8206,5,C,1,205050508050,20201201,5,106
8207,6,C,1,205050508050,20201201,5,107
8208,5,C,1,205050508050,20201201,5,108
8209,6,C,1,205050508050,20201201,5,109
8210,5,C,1,205050508050,20201201,5,110
8211,6,C,1,205050508050,20201201,5,111
8212,5,C,1,205050508050,20201201,5,112
8213,6,C,0,205050508050,20201201,5,113
8214,5,C,1,205050508050,20201201,5,114
8215,6,C,0,205050508050,20201201,5,115
8216,5,C,1,205050508050,20201201,5,116
8217,6,C,0,205050508050,20201201,5,117
8218,5,C,1,205050508050,20201201,5,118
8219,6,C,0,205050508050,20201201,5,119
8220,5,C,0,202050202020,20201201,5,120
8221,6,C,0,202050202020,20201201,5,121
8222,5,C,1,202050202020,20201201,5,122
8223,6,C,0,202050202020,20201201,5,123
8224,5,C,0,202050202020,20201201,5,124
8225,6,C,0,202050202020,20201201,5,125
8226,5,C,0,202050202020,20201201,5,126
8227,6,C,0,202050202020,20201201,5,127
8228,5,C,0,202050202020,20201201,5,128
8229,4,B,0,202050202020,20201201,5,129
8230,3,B,0,202050202020,20201201,5,130
8231,4,B,0,202050202020,20201201,5,131
8232,1,A,0,202050202020,20201201,5,132
8233,2,A,0,202050202020,20201201,5,133
8234,1,A,0,202050202020,20201201,5,134
8235,2,A,0,202050202020,20201201,5,135
8236,6,C,0,202050202020,20201201,5,136
8237,5,C,0,202050202020,20201201,5,137
8238,6,C,0,202050202020,20201201,5,138
8239,5,C,0,202050202020,20201201,5,139
8240,4,B,0,202050202020,20201201,5,140
8241,3,B,1,202050202020,20201201,5,141
8242,4,B,0,202050202020,20201201,5,142
8243,3,B,1,202050202020,20201201,5,143
8244,4,B,0,202050202020,20201201,5,144
8245,3,B,1,202050202020,20201201,5,145
8246,4,B,1,202050202020,20201201,5,146
8247,3,B,1,202050202020,20201201,5,147
8248,4,B,0,202050202020,20201201,5,148
8249,3,B,0,202050202020,20201201,5,149
8250,4,B,1,202050202020,20201201,5,150
8251,3,B,1,202050202020,20201201,5,151
8252,4,B,0,202050202020,20201201,5,152
8253,3,B,0,202050202020,20201201,5,153
8254,4,B,0,202050202020,20201201,5,154
8255,3,B,0,202050202020,20201201,5,155
8256,4,B,0,202050202020,20201201,5,156
8257,3,B,0,202050202020,20201201,5,157
8258,6,C,0,202050202020,20201201,5,158
8259,5,C,0,202050202020,20201201,5,159
8260,6,C,0,202050202020,20201201,5,160
8261,5,C,0,202050202020,20201201,5,161
8262,4,B,0,202050202020,20201201,5,162
8263,3,B,1,202050202020,20201201,5,163
8264,4,B,1,202050202020,20201201,5,164
8265,3,B,1,202050202020,20201201,5,165
8266,4,B,0,202050202020,20201201,5,166
8267,3,B,0,202050202020,20201201,5,167
8268,4,B,0,202050202020,20201201,5,168
8269,3,B,0,202050202020,20201201,5,169
8270,2,A,0,202050202020,20201201,5,170
8271,1,A,0,202050202020,20201201,5,171
8272,2,A,0,202050202020,20201201,5,172
8273,1,A,0,202050202020,20201201,5,173
8274,2,A,0,202050202020,20201201,5,174
8275,4,B,0,202050202020,20201201,5,175
8276,3,B,1,202050202020,20201201,5,176
8277,4,B,0,202050202020,20201201,5,177
8278,3,B,1,202050202020,20201201,5,178
8279,4,B,0,202050202020,20201201,5,179
8280,4,B,0,205080205020,20201201,6,0
8281,3,B,1,205080205020,20201201,6,1
8282,2,A,1,205080205020,20201201,6,2
8283,1,A,0,205080205020,20201201,6,3
8284,2,A,0,205080205020,20201201,6,4
8285,1,A,0,205080205020,20201201,6,5
8286,6,C,1,205080205020,20201201,6,6
8287,5,C,1,205080205020,20201201,6,7
8288,6,C,0,205080205020,20201201,6,8
8289,5,C,0,205080205020,20201201,6,9
8290,6,C,0,205080205020,20201201,6,10
8291,5,C,0,205080205020,20201201,6,11
8292,4,B,0,205080205020,20201201,6,12
8293,3,B,1,205080205020,20201201,6,13
8294,4,B,0,205080205020,20201201,6,14
8295,3,B,0,205080205020,20201201,6,15
8296,2,A,1,205080205020,20201201,6,16
8297,1,A,0,205080205020,20201201,6,17
8298,2,A,0,205080205020,20201201,6,18
8299,6,C,1,205080205020,20201201,6,19
8300,5,C,0,205080205020,20201201,6,20
8301,6,C,1,205080205020,20201201,6,21
8302,5,C,0,205080205020,20201201,6,22
8303,6,C,1,205080205020,20201201,6,23
8304,5,C,1,205080205020,20201201,6,24
8305,6,C,0,205080205020,20201201,6,25
8306,5,C,1,205080205020,20201201,6,26
8307,6,C,0,205080205020,20201201,6,27
8308,5,C,0,205080205020,20201201,6,28
8309,6,C,0,205080205020,20201201,6,29
8310,5,C,0,205080205020,20201201,6,30
8311,4,B,1,205080205020,20201201,6,31
8312,3,B,1,205080205020,20201201,6,32
8313,4,B,0,205080205020,20201201,6,33
8314,3,B,1,205080205020,20201201,6,34
8315,4,B,0,205080205020,20201201,6,35
8316,3,B,1,205080205020,20201201,6,36
8317,4,B,1,205080205020,20201201,6,37
8318,3,B,1,205080205020,20201201,6,38
8319,4,B,0,205080205020,20201201,6,39
8320,3,B,1,205080205020,20201201,6,40
8321,4,B,0,205080205020,20201201,6,41
8322,3,B,1,205080205020,20201201,6,42
8323,4,B,1,205080205020,20201201,6,43
8324,3,B,1,205080205020,20201201,6,44
8325,4,B,0,205080205020,20201201,6,45
8326,3,B,1,205080205020,20201201,6,46
8327,4,B,0,205080205020,20201201,6,47
8328,3,B,1,205080205020,20201201,6,48
8329,4,B,0,205080205020,20201201,6,49
8330,3,B,0,205080205020,20201201,6,50
8331,4,B,1,205080205020,20201201,6,51
8332,3,B,0,205080205020,20201201,6,52
8333,4,B,0,205080205020,20201201,6,53
8334,3,B,1,205080205020,20201201,6,54
8335,4,B,0,205080205020,20201201,6,55
8336,3,B,0,205080205020,20201201,6,56
8337,6,C,0,205080205020,20201201,6,57
8338,5,C,0,205080205020,20201201,6,58
8339,6,C,0,205080205020,20201201,6,59
8340,5,C,0,505020202020,20201201,6,60
8341,4,B,0,505020202020,20201201,6,61
8342,3,B,0,505020202020,20201201,6,62
8343,4,B,0,505020202020,20201201,6,63
8344,3,B,0,505020202020,20201201,6,64
8345,2,A,0,505020202020,20201201,6,65
8346,1,A,0,505020202020,20201201,6,66
8347,2,A,0,505020202020,20201201,6,67
8348,1,A,0,505020202020,20201201,6,68
8349,2,A,0,505020202020,20201201,6,69
8350,6,C,0,505020202020,20201201,6,70
8351,5,C,0,505020202020,20201201,6,71
8352,6,C,1,505020202020,20201201,6,72
8353,5,C,0,505020202020,20201201,6,73
8354,6,C,0,505020202020,20201201,6,74
8355,5,C,0,505020202020,20201201,6,75
8356,6,C,0,505020202020,20201201,6,76
8357,5,C,0,505020202020,20201201,6,77
8358,4,B,0,505020202020,20201201,6,78
8359,3,B,1,505020202020,20201201,6,79
8360,4,B,0,505020202020,20201201,6,80
8361,3,B,0,505020202020,20201201,6,81
8362,4,B,1,505020202020,20201201,6,82
8363,3,B,0,505020202020,20201201,6,83
8364,4,B,0,505020202020,20201201,6,84
8365,3,B,0,505020202020,20201201,6,85
8366,4,B,1,505020202020,20201201,6,86
8367,3,B,0,505020202020,20201201,6,87
8368,4,B,0,505020202020,20201201,6,88
8369,3,B,0,505020202020,20201201,6,89
8370,4,B,0,505020202020,20201201,6,90
8371,2,A,1,505020202020,20201201,6,91
8372,1,A,0,505020202020,20201201,6,92
8373,2,A,0,505020202020,20201201,6,93
8374,6,C,0,505020202020,20201201,6,94
8375,5,C,0,505020202020,20201201,6,95
8376,6,C,0,505020202020,20201201,6,96
8377,4,B,0,505020202020,20201201,6,97
8378,3,B,1,505020202020,20201201,6,98
8379,4,B,0,505020202020,20201201,6,99
8380,3,B,0,505020202020,20201201,6,100
8381,4,B,0,505020202020,20201201,6,101
8382,3,B,0,505020202020,20201201,6,102
8383,4,B,0,505020202020,20201201,6,103
8384,3,B,0,505020202020,20201201,6,104
8385,2,A,1,505020202020,20201201,6,105
8386,1,A,1,505020202020,20201201,6,106
8387,2,A,0,505020202020,20201201,6,107
8388,1,A,1,505020202020,20201201,6,108
8389,2,A,1,505020202020,20201201,6,109
8390,1,A,1,505020202020,20201201,6,110
8391,2,A,1,505020202020,20201201,6,111
8392,1,A,1,505020202020,20201201,6,112
8393,2,A,1,505020202020,20201201,6,113
8394,1,A,1,505020202020,20201201,6,114
8395,2,A,0,505020202020,20201201,6,115
8396,1,A,1,505020202020,20201201,6,116
8397,2,A,0,505020202020,20201201,6,117
8398,1,A,0,505020202020,20201201,6,118
8399,2,A,0,505020202020,20201201,6,119
8400,1,A,0,202020202050,20201201,6,120
8401,2,A,0,202020202050,20201201,6,121
8402,1,A,0,202020202050,20201201,6,122
8403,2,A,0,202020202050,20201201,6,123
8404,1,A,1,202020202050,20201201,6,124
8405,2,A,0,202020202050,20201201,6,125
8406,1,A,0,202020202050,20201201,6,126
8407,2,A,0,202020202050,20201201,6,127
8408,1,A,0,202020202050,20201201,6,128
8409,2,A,0,202020202050,20201201,6,129
8410,1,A,0,202020202050,20201201,6,130
8411,2,A,1,202020202050,20201201,6,131
8412,1,A,1,202020202050,20201201,6,132
8413,2,A,1,202020202050,20201201,6,133
8414,1,A,0,202020202050,20201201,6,134
8415,2,A,0,202020202050,20201201,6,135
8416,1,A,0,202020202050,20201201,6,136
8417,2,A,0,202020202050,20201201,6,137
8418,1,A,0,202020202050,20201201,6,138
8419,2,A,0,202020202050,20201201,6,139
8420,6,C,0,202020202050,20201201,6,140
8421,5,C,0,202020202050,20201201,6,141
8422,6,C,1,202020202050,20201201,6,142
8423,5,C,0,202020202050,20201201,6,143
8424,6,C,0,202020202050,20201201,6,144
8425,5,C,0,202020202050,20201201,6,145
8426,6,C,1,202020202050,20201201,6,146
8427,5,C,0,202020202050,20201201,6,147
8428,6,C,0,202020202050,20201201,6,148
8429,5,C,0,202020202050,20201201,6,149
8430,6,C,1,202020202050,20201201,6,150
8431,5,C,0,202020202050,20201201,6,151
8432,6,C,0,202020202050,20201201,6,152
8433,5,C,0,202020202050,20201201,6,153
8434,6,C,0,202020202050,20201201,6,154
8435,4,B,0,202020202050,20201201,6,155
8436,3,B,1,202020202050,20201201,6,156
8437,4,B,1,202020202050,20201201,6,157
8438,3,B,1,202020202050,20201201,6,158
8439,4,B,0,202020202050,20201201,6,159
8440,3,B,0,202020202050,20201201,6,160
8441,4,B,1,202020202050,20201201,6,161
8442,3,B,0,202020202050,20201201,6,162
8443,4,B,0,202020202050,20201201,6,163
8444,3,B,0,202020202050,20201201,6,164
8445,4,B,0,202020202050,20201201,6,165
8446,3,B,0,202020202050,20201201,6,166
8447,4,B,0,202020202050,20201201,6,167
8448,3,B,0,202020202050,20201201,6,168
8449,4,B,0,202020202050,20201201,6,169
8450,2,A,1,202020202050,20201201,6,170
8451,1,A,1,202020202050,20201201,6,171
8452,2,A,0,202020202050,20201201,6,172
8453,1,A,0,202020202050,20201201,6,173
8454,2,A,0,202020202050,20201201,6,174
8455,1,A,0,202020202050,20201201,6,175
8456,2,A,0,202020202050,20201201,6,176
8457,6,C,0,202020202050,20201201,6,177
8458,5,C,0,202020202050,20201201,6,178
8459,6,C,0,202020202050,20201201,6,179
8460,4,B,0,508050202020,20201201,7,0
8461,3,B,0,508050202020,20201201,7,1
8462,1,A,1,508050202020,20201201,7,2
8463,2,A,1,508050202020,20201201,7,3
8464,1,A,1,508050202020,20201201,7,4
8465,2,A,1,508050202020,20201201,7,5
8466,1,A,0,508050202020,20201201,7,6
8467,2,A,1,508050202020,20201201,7,7
8468,6,C,0,508050202020,20201201,7,8
8469,5,C,0,508050202020,20201201,7,9
8470,6,C,0,508050202020,20201201,7,10
8471,5,C,0,508050202020,20201201,7,11
8472,4,B,0,508050202020,20201201,7,12
8473,3,B,1,508050202020,20201201,7,13
8474,4,B,0,508050202020,20201201,7,14
8475,3,B,0,508050202020,20201201,7,15
8476,2,A,1,508050202020,20201201,7,16
8477,1,A,0,508050202020,20201201,7,17
8478,2,A,1,508050202020,20201201,7,18
8479,1,A,1,508050202020,20201201,7,19
8480,2,A,1,508050202020,20201201,7,20
8481,1,A,0,508050202020,20201201,7,21
8482,2,A,1,508050202020,20201201,7,22
8483,1,A,1,508050202020,20201201,7,23
8484,2,A,1,508050202020,20201201,7,24
8485,1,A,0,508050202020,20201201,7,25
8486,2,A,1,508050202020,20201201,7,26
8487,1,A,0,508050202020,20201201,7,27
8488,2,A,1,508050202020,20201201,7,28
8489,1,A,0,508050202020,20201201,7,29
8490,2,A,1,508050202020,20201201,7,30
8491,1,A,1,508050202020,20201201,7,31
8492,2,A,1,508050202020,20201201,7,32
8493,1,A,0,508050202020,20201201,7,33
8494,2,A,1,508050202020,20201201,7,34
8495,1,A,0,508050202020,20201201,7,35
8496,2,A,1,508050202020,20201201,7,36
8497,1,A,1,508050202020,20201201,7,37
8498,2,A,0,508050202020,20201201,7,38
8499,1,A,0,508050202020,20201201,7,39
8500,2,A,1,508050202020,20201201,7,40
8501,1,A,0,508050202020,20201201,7,41
8502,2,A,1,508050202020,20201201,7,42
8503,1,A,1,508050202020,20201201,7,43
8504,2,A,1,508050202020,20201201,7,44
8505,1,A,1,508050202020,20201201,7,45
8506,2,A,0,508050202020,20201201,7,46
8507,1,A,1,508050202020,20201201,7,47
8508,2,A,1,508050202020,20201201,7,48
8509,1,A,1,508050202020,20201201,7,49
8510,2,A,1,508050202020,20201201,7,50
8511,1,A,1,508050202020,20201201,7,51
8512,2,A,0,508050202020,20201201,7,52
8513,1,A,1,508050202020,20201201,7,53
8514,2,A,1,508050202020,20201201,7,54
8515,1,A,1,508050202020,20201201,7,55
8516,2,A,0,508050202020,20201201,7,56
8517,1,A,1,508050202020,20201201,7,57
8518,2,A,1,508050202020,20201201,7,58
8519,1,A,0,508050202020,20201201,7,59
8520,2,A,0,502020208020,20201201,7,60
8521,1,A,1,502020208020,20201201,7,61
8522,2,A,0,502020208020,20201201,7,62
8523,1,A,1,502020208020,20201201,7,63
8524,2,A,0,502020208020,20201201,7,64
8525,1,A,1,502020208020,20201201,7,65
8526,2,A,0,502020208020,20201201,7,66
8527,1,A,1,502020208020,20201201,7,67
8528,2,A,0,502020208020,20201201,7,68
8529,1,A,0,502020208020,20201201,7,69
8530,2,A,0,502020208020,20201201,7,70
8531,1,A,1,502020208020,20201201,7,71
8532,2,A,0,502020208020,20201201,7,72
8533,1,A,1,502020208020,20201201,7,73
8534,2,A,0,502020208020,20201201,7,74
8535,1,A,1,502020208020,20201201,7,75
8536,2,A,0,502020208020,20201201,7,76
8537,1,A,0,502020208020,20201201,7,77
8538,2,A,0,502020208020,20201201,7,78
8539,1,A,0,502020208020,20201201,7,79
8540,2,A,1,502020208020,20201201,7,80
8541,6,C,0,502020208020,20201201,7,81
8542,5,C,0,502020208020,20201201,7,82
8543,6,C,0,502020208020,20201201,7,83
8544,5,C,1,502020208020,20201201,7,84
8545,6,C,0,502020208020,20201201,7,85
8546,5,C,1,502020208020,20201201,7,86
8547,6,C,1,502020208020,20201201,7,87
8548,5,C,1,502020208020,20201201,7,88
8549,6,C,0,502020208020,20201201,7,89
8550,5,C,0,502020208020,20201201,7,90
8551,6,C,1,502020208020,20201201,7,91
8552,5,C,1,502020208020,20201201,7,92
8553,6,C,1,502020208020,20201201,7,93
8554,5,C,1,502020208020,20201201,7,94
8555,6,C,0,502020208020,20201201,7,95
8556,5,C,1,502020208020,20201201,7,96
8557,6,C,0,502020208020,20201201,7,97
8558,5,C,0,502020208020,20201201,7,98
8559,6,C,1,502020208020,20201201,7,99
8560,5,C,1,502020208020,20201201,7,100
8561,6,C,0,502020208020,20201201,7,101
8562,5,C,1,502020208020,20201201,7,102
8563,6,C,1,502020208020,20201201,7,103
8564,5,C,1,502020208020,20201201,7,104
8565,6,C,0,502020208020,20201201,7,105
8566,5,C,1,502020208020,20201201,7,106
8567,6,C,0,502020208020,20201201,7,107
8568,5,C,1,502020208020,20201201,7,108
8569,6,C,0,502020208020,20201201,7,109
8570,5,C,0,502020208020,20201201,7,110
8571,6,C,0,502020208020,20201201,7,111
8572,5,C,1,502020208020,20201201,7,112
8573,6,C,0,502020208020,20201201,7,113
8574,5,C,1,502020208020,20201201,7,114
8575,6,C,0,502020208020,20201201,7,115
8576,5,C,1,502020208020,20201201,7,116
8577,6,C,0,502020208020,20201201,7,117
8578,5,C,0,502020208020,20201201,7,118
8579,6,C,0,502020208020,20201201,7,119
8580,5,C,0,202050802020,20201201,7,120
8581,6,C,0,202050802020,20201201,7,121
8582,5,C,0,202050802020,20201201,7,122
8583,2,A,0,202050802020,20201201,7,123
8584,1,A,0,202050802020,20201201,7,124
8585,2,A,0,202050802020,20201201,7,125
8586,1,A,0,202050802020,20201201,7,126
8587,2,A,0,202050802020,20201201,7,127
8588,4,B,1,202050802020,20201201,7,128
8589,3,B,0,202050802020,20201201,7,129
8590,4,B,1,202050802020,20201201,7,130
8591,3,B,1,202050802020,20201201,7,131
8592,4,B,1,202050802020,20201201,7,132
8593,3,B,1,202050802020,20201201,7,133
8594,4,B,1,202050802020,20201201,7,134
8595,3,B,1,202050802020,20201201,7,135
8596,4,B,0,202050802020,20201201,7,136
8597,3,B,0,202050802020,20201201,7,137
8598,4,B,1,202050802020,20201201,7,138
8599,3,B,0,202050802020,20201201,7,139
8600,4,B,1,202050802020,20201201,7,140
8601,3,B,0,202050802020,20201201,7,141
8602,4,B,1,202050802020,20201201,7,142
8603,3,B,0,202050802020,20201201,7,143
8604,4,B,1,202050802020,20201201,7,144
8605,3,B,1,202050802020,20201201,7,145
8606,4,B,1,202050802020,20201201,7,146
8607,3,B,1,202050802020,20201201,7,147
8608,4,B,1,202050802020,20201201,7,148
8609,3,B,1,202050802020,20201201,7,149
8610,4,B,1,202050802020,20201201,7,150
8611,3,B,0,202050802020,20201201,7,151
8612,4,B,1,202050802020,20201201,7,152
8613,3,B,1,202050802020,20201201,7,153
8614,4,B,1,202050802020,20201201,7,154
8615,3,B,1,202050802020,20201201,7,155
8616,4,B,1,202050802020,20201201,7,156
8617,3,B,1,202050802020,20201201,7,157
8618,4,B,1,202050802020,20201201,7,158
8619,3,B,1,202050802020,20201201,7,159
8620,4,B,1,202050802020,20201201,7,160
8621,3,B,1,202050802020,20201201,7,161
8622,4,B,0,202050802020,20201201,7,162
8623,3,B,1,202050802020,20201201,7,163
8624,4,B,1,202050802020,20201201,7,164
8625,3,B,1,202050802020,20201201,7,165
8626,4,B,1,202050802020,20201201,7,166
8627,3,B,0,202050802020,20201201,7,167
8628,4,B,1,202050802020,20201201,7,168
8629,3,B,1,202050802020,20201201,7,169
8630,4,B,1,202050802020,20201201,7,170
8631,3,B,1,202050802020,20201201,7,171
8632,4,B,1,202050802020,20201201,7,172
8633,3,B,0,202050802020,20201201,7,173
8634,4,B,1,202050802020,20201201,7,174
8635,3,B,1,202050802020,20201201,7,175
8636,4,B,1,202050802020,20201201,7,176
8637,3,B,0,202050802020,20201201,7,177
8638,4,B,0,202050802020,20201201,7,178
8639,3,B,0,202050802020,20201201,7,179
8640,4,B,1,202020808050,20201202,1,0
8641,3,B,0,202020808050,20201202,1,1
8642,2,A,0,202020808050,20201202,1,2
8643,1,A,0,202020808050,20201202,1,3
8644,2,A,0,202020808050,20201202,1,4
8645,6,C,0,202020808050,20201202,1,5
8646,5,C,1,202020808050,20201202,1,6
8647,6,C,0,202020808050,20201202,1,7
8648,5,C,0,202020808050,20201202,1,8
8649,4,B,0,202020808050,20201202,1,9
8650,3,B,0,202020808050,20201202,1,10
8651,4,B,1,202020808050,20201202,1,11
8652,3,B,0,202020808050,20201202,1,12
8653,4,B,1,202020808050,20201202,1,13
8654,2,A,0,202020808050,20201202,1,14
8655,1,A,0,202020808050,20201202,1,15
8656,2,A,1,202020808050,20201202,1,16
8657,1,A,0,202020808050,20201202,1,17
8658,2,A,0,202020808050,20201202,1,18
8659,6,C,0,202020808050,20201202,1,19
8660,5,C,1,202020808050,20201202,1,20
8661,6,C,1,202020808050,20201202,1,21
8662,5,C,0,202020808050,20201202,1,22
8663,6,C,0,202020808050,20201202,1,23
8664,4,B,1,202020808050,20201202,1,24
8665,3,B,0,202020808050,20201202,1,25
8666,4,B,1,202020808050,20201202,1,26
8667,3,B,0,202020808050,20201202,1,27
8668,4,B,0,202020808050,20201202,1,28
8669,3,B,0,202020808050,20201202,1,29
8670,4,B,1,202020808050,20201202,1,30
8671,3,B,0,202020808050,20201202,1,31
8672,4,B,1,202020808050,20201202,1,32
8673,2,A,0,202020808050,20201202,1,33
8674,1,A,0,202020808050,20201202,1,34
8675,2,A,0,202020808050,20201202,1,35
8676,4,B,1,202020808050,20201202,1,36
8677,3,B,1,202020808050,20201202,1,37
8678,4,B,1,202020808050,20201202,1,38
8679,3,B,0,202020808050,20201202,1,39
8680,4,B,1,202020808050,20201202,1,40
8681,3,B,0,202020808050,20201202,1,41
8682,4,B,1,202020808050,20201202,1,42
8683,3,B,0,202020808050,20201202,1,43
8684,4,B,1,202020808050,20201202,1,44
8685,3,B,0,202020808050,20201202,1,45
8686,4,B,1,202020808050,20201202,1,46
8687,1,A,0,202020808050,20201202,1,47
8688,2,A,0,202020808050,20201202,1,48
8689,1,A,0,202020808050,20201202,1,49
8690,2,A,1,202020808050,20201202,1,50
8691,4,B,1,202020808050,20201202,1,51
8692,3,B,0,202020808050,20201202,1,52
8693,4,B,1,202020808050,20201202,1,53
8694,3,B,0,202020808050,20201202,1,54
8695,4,B,1,202020808050,20201202,1,55
8696,3,B,0,202020808050,20201202,1,56
8697,4,B,1,202020808050,20201202,1,57
8698,6,C,1,202020808050,20201202,1,58
8699,5,C,1,202020808050,20201202,1,59
8700,6,C,0,205080202020,20201202,1,60
8701,5,C,0,205080202020,20201202,1,61
8702,6,C,0,205080202020,20201202,1,62
8703,4,B,0,205080202020,20201202,1,63
8704,3,B,1,205080202020,20201202,1,64
8705,4,B,1,205080202020,20201202,1,65
8706,3,B,1,205080202020,20201202,1,66
8707,4,B,0,205080202020,20201202,1,67
8708,3,B,1,205080202020,20201202,1,68
8709,4,B,0,205080202020,20201202,1,69
8710,3,B,0,205080202020,20201202,1,70
8711,4,B,0,205080202020,20201202,1,71
8712,2,A,1,205080202020,20201202,1,72
8713,1,A,0,205080202020,20201202,1,73
8714,2,A,1,205080202020,20201202,1,74
8715,4,B,0,205080202020,20201202,1,75
8716,3,B,1,205080202020,20201202,1,76
8717,4,B,0,205080202020,20201202,1,77
8718,3,B,0,205080202020,20201202,1,78
8719,4,B,0,205080202020,20201202,1,79
8720,3,B,0,205080202020,20201202,1,80
8721,4,B,0,205080202020,20201202,1,81
8722,2,A,1,205080202020,20201202,1,82
8723,1,A,1,205080202020,20201202,1,83
8724,2,A,1,205080202020,20201202,1,84
8725,1,A,0,205080202020,20201202,1,85
8726,2,A,1,205080202020,20201202,1,86
8727,1,A,0,205080202020,20201202,1,87
8728,2,A,0,205080202020,20201202,1,88
8729,6,C,0,205080202020,20201202,1,89
8730,5,C,1,205080202020,20201202,1,90
8731,6,C,0,205080202020,20201202,1,91
8732,5,C,0,205080202020,20201202,1,92
8733,4,B,0,205080202020,20201202,1,93
8734,3,B,1,205080202020,20201202,1,94
8735,4,B,0,205080202020,20201202,1,95
8736,3,B,1,205080202020,20201202,1,96
8737,4,B,0,205080202020,20201202,1,97
8738,3,B,1,205080202020,20201202,1,98
8739,4,B,0,205080202020,20201202,1,99
8740,3,B,1,205080202020,20201202,1,100
8741,4,B,0,205080202020,20201202,1,101
8742,3,B,1,205080202020,20201202,1,102
8743,4,B,0,205080202020,20201202,1,103
8744,3,B,1,205080202020,20201202,1,104
8745,4,B,0,205080202020,20201202,1,105
8746,3,B,1,205080202020,20201202,1,106
8747,4,B,0,205080202020,20201202,1,107
8748,3,B,1,205080202020,20201202,1,108
8749,4,B,0,205080202020,20201202,1,109
8750,3,B,1,205080202020,20201202,1,110
8751,4,B,0,205080202020,20201202,1,111
8752,3,B,1,205080202020,20201202,1,112
8753,4,B,1,205080202020,20201202,1,113
8754,3,B,1,205080202020,20201202,1,114
8755,4,B,0,205080202020,20201202,1,115
8756,3,B,0,205080202020,20201202,1,116
8757,4,B,1,205080202020,20201202,1,117
8758,3,B,1,205080202020,20201202,1,118
8759,4,B,1,205080202020,20201202,1,119
8760,3,B,0,502020202020,20201202,1,120
8761,4,B,0,502020202020,20201202,1,121
8762,3,B,0,502020202020,20201202,1,122
8763,4,B,1,502020202020,20201202,1,123
8764,3,B,0,502020202020,20201202,1,124
8765,4,B,1,502020202020,20201202,1,125
8766,3,B,1,502020202020,20201202,1,126
8767,4,B,0,502020202020,20201202,1,127
8768,3,B,0,502020202020,20201202,1,128
8769,4,B,0,502020202020,20201202,1,129
8770,2,A,0,502020202020,20201202,1,130
8771,1,A,0,502020202020,20201202,1,131
8772,2,A,1,502020202020,20201202,1,132
8773,4,B,0,502020202020,20201202,1,133
8774,3,B,0,502020202020,20201202,1,134
8775,4,B,0,502020202020,20201202,1,135
8776,3,B,0,502020202020,20201202,1,136
8777,4,B,0,502020202020,20201202,1,137
8778,3,B,0,502020202020,20201202,1,138
8779,4,B,1,502020202020,20201202,1,139
8780,3,B,1,502020202020,20201202,1,140
8781,4,B,0,502020202020,20201202,1,141
8782,3,B,0,502020202020,20201202,1,142
8783,4,B,0,502020202020,20201202,1,143
8784,6,C,0,502020202020,20201202,1,144
8785,5,C,0,502020202020,20201202,1,145
8786,6,C,0,502020202020,20201202,1,146
8787,5,C,0,502020202020,20201202,1,147
8788,6,C,1,502020202020,20201202,1,148
8789,5,C,0,502020202020,20201202,1,149
8790,6,C,1,502020202020,20201202,1,150
8791,5,C,0,502020202020,20201202,1,151
8792,6,C,1,502020202020,20201202,1,152
8793,5,C,1,502020202020,20201202,1,153
8794,6,C,0,502020202020,20201202,1,154
8795,5,C,0,502020202020,20201202,1,155
8796,6,C,0,502020202020,20201202,1,156
8797,5,C,0,502020202020,20201202,1,157
8798,6,C,0,502020202020,20201202,1,158
8799,4,B,1,502020202020,20201202,1,159
8800,3,B,0,502020202020,20201202,1,160
8801,4,B,0,502020202020,20201202,1,161
8802,3,B,0,502020202020,20201202,1,162
8803,4,B,0,502020202020,20201202,1,163
8804,2,A,0,502020202020,20201202,1,164
8805,1,A,0,502020202020,20201202,1,165
8806,2,A,0,502020202020,20201202,1,166
8807,6,C,0,502020202020,20201202,1,167
8808,5,C,0,502020202020,20201202,1,168
8809,6,C,1,502020202020,20201202,1,169
8810,5,C,0,502020202020,20201202,1,170
8811,6,C,0,502020202020,20201202,1,171
8812,5,C,0,502020202020,20201202,1,172
8813,6,C,1,502020202020,20201202,1,173
8814,5,C,0,502020202020,20201202,1,174
8815,6,C,0,502020202020,20201202,1,175
8816,5,C,1,502020202020,20201202,1,176
8817,6,C,0,502020202020,20201202,1,177
8818,5,C,0,502020202020,20201202,1,178
8819,6,C,1,502020202020,20201202,1,179
8820,4,B,1,802020502020,20201202,2,0
8821,3,B,0,802020502020,20201202,2,1
8822,4,B,0,802020502020,20201202,2,2
8823,2,A,0,802020502020,20201202,2,3
8824,1,A,1,802020502020,20201202,2,4
8825,2,A,0,802020502020,20201202,2,5
8826,1,A,1,802020502020,20201202,2,6
8827,2,A,1,802020502020,20201202,2,7
8828,1,A,1,802020502020,20201202,2,8
8829,2,A,1,802020502020,20201202,2,9
8830,1,A,0,802020502020,20201202,2,10
8831,2,A,0,802020502020,20201202,2,11
8832,6,C,1,802020502020,20201202,2,12
8833,5,C,0,802020502020,20201202,2,13
8834,6,C,0,802020502020,20201202,2,14
8835,5,C,0,802020502020,20201202,2,15
8836,4,B,0,802020502020,20201202,2,16
8837,3,B,0,802020502020,20201202,2,17
8838,4,B,1,802020502020,20201202,2,18
8839,3,B,0,802020502020,20201202,2,19
8840,4,B,0,802020502020,20201202,2,20
8841,2,A,0,802020502020,20201202,2,21
8842,1,A,0,802020502020,20201202,2,22
8843,2,A,0,802020502020,20201202,2,23
8844,1,A,1,802020502020,20201202,2,24
8845,2,A,1,802020502020,20201202,2,25
8846,1,A,1,802020502020,20201202,2,26
8847,2,A,1,802020502020,20201202,2,27
8848,1,A,1,802020502020,20201202,2,28
8849,2,A,1,802020502020,20201202,2,29
8850,1,A,0,802020502020,20201202,2,30
8851,2,A,1,802020502020,20201202,2,31
8852,1,A,1,802020502020,20201202,2,32
8853,2,A,0,802020502020,20201202,2,33
8854,1,A,1,802020502020,20201202,2,34
8855,2,A,0,802020502020,20201202,2,35
8856,1,A,0,802020502020,20201202,2,36
8857,2,A,0,802020502020,20201202,2,37
8858,1,A,0,802020502020,20201202,2,38
8859,2,A,0,802020502020,20201202,2,39
8860,1,A,1,802020502020,20201202,2,40
8861,3,B,1,802020502020,20201202,2,41
8862,4,B,1,802020502020,20201202,2,42
8863,3,B,0,802020502020,20201202,2,43
8864,4,B,0,802020502020,20201202,2,44
8865,3,B,0,802020502020,20201202,2,45
8866,4,B,0,802020502020,20201202,2,46
8867,2,A,0,802020502020,20201202,2,47
8868,1,A,1,802020502020,20201202,2,48
8869,2,A,0,802020502020,20201202,2,49
8870,1,A,1,802020502020,20201202,2,50
8871,2,A,0,802020502020,20201202,2,51
8872,1,A,1,802020502020,20201202,2,52
8873,2,A,0,802020502020,20201202,2,53
8874,1,A,1,802020502020,20201202,2,54
8875,2,A,1,802020502020,20201202,2,55
8876,1,A,1,802020502020,20201202,2,56
8877,2,A,1,802020502020,20201202,2,57
8878,1,A,0,802020502020,20201202,2,58
8879,2,A,0,802020502020,20201202,2,59
8880,1,A,1,202050205080,20201202,2,60
8881,2,A,0,202050205080,20201202,2,61
8882,1,A,1,202050205080,20201202,2,62
8883,2,A,0,202050205080,20201202,2,63
8884,1,A,1,202050205080,20201202,2,64
8885,2,A,1,202050205080,20201202,2,65
8886,1,A,1,202050205080,20201202,2,66
8887,2,A,1,202050205080,20201202,2,67
8888,1,A,0,202050205080,20201202,2,68
8889,2,A,0,202050205080,20201202,2,69
8890,1,A,0,202050205080,20201202,2,70
8891,2,A,1,202050205080,20201202,2,71
8892,1,A,0,202050205080,20201202,2,72
8893,2,A,0,202050205080,20201202,2,73
8894,1,A,0,202050205080,20201202,2,74
8895,2,A,0,202050205080,20201202,2,75
8896,6,C,1,202050205080,20201202,2,76
8897,5,C,1,202050205080,20201202,2,77
8898,6,C,1,202050205080,20201202,2,78
8899,5,C,1,202050205080,20201202,2,79
8900,6,C,1,202050205080,20201202,2,80
8901,5,C,0,202050205080,20201202,2,81
8902,6,C,1,202050205080,20201202,2,82
8903,5,C,1,202050205080,20201202,2,83
8904,6,C,1,202050205080,20201202,2,84
8905,5,C,1,202050205080,20201202,2,85
8906,6,C,1,202050205080,20201202,2,86
8907,5,C,1,202050205080,20201202,2,87
8908,6,C,1,202050205080,20201202,2,88
8909,5,C,0,202050205080,20201202,2,89
8910,6,C,1,202050205080,20201202,2,90
8911,5,C,0,202050205080,20201202,2,91
8912,6,C,1,202050205080,20201202,2,92
8913,5,C,0,202050205080,20201202,2,93
8914,6,C,1,202050205080,20201202,2,94
8915,5,C,1,202050205080,20201202,2,95
8916,6,C,1,202050205080,20201202,2,96
8917,5,C,0,202050205080,20201202,2,97
8918,6,C,0,202050205080,20201202,2,98
8919,5,C,1,202050205080,20201202,2,99
8920,6,C,1,202050205080,20201202,2,100
8921,5,C,1,202050205080,20201202,2,101
8922,6,C,1,202050205080,20201202,2,102
8923,5,C,1,202050205080,20201202,2,103
8924,6,C,1,202050205080,20201202,2,104
8925,5,C,1,202050205080,20201202,2,105
8926,6,C,1,202050205080,20201202,2,106
8927,5,C,0,202050205080,20201202,2,107
8928,6,C,0,202050205080,20201202,2,108
8929,5,C,1,202050205080,20201202,2,109
8930,6,C,1,202050205080,20201202,2,110
8931,5,C,0,202050205080,20201202,2,111
8932,6,C,0,202050205080,20201202,2,112
8933,5,C,1,202050205080,20201202,2,113
8934,6,C,1,202050205080,20201202,2,114
8935,5,C,1,202050205080,20201202,2,115
8936,6,C,1,202050205080,20201202,2,116
8937,5,C,1,202050205080,20201202,2,117
8938,6,C,0,202050205080,20201202,2,118
8939,5,C,0,202050205080,20201202,2,119
8940,6,C,0,205080502020,20201202,2,120
8941,5,C,0,205080502020,20201202,2,121
8942,6,C,0,205080502020,20201202,2,122
8943,4,B,0,205080502020,20201202,2,123
8944,3,B,1,205080502020,20201202,2,124
8945,4,B,0,205080502020,20201202,2,125
8946,3,B,1,205080502020,20201202,2,126
8947,4,B,0,205080502020,20201202,2,127
8948,3,B,1,205080502020,20201202,2,128
8949,4,B,1,205080502020,20201202,2,129
8950,3,B,1,205080502020,20201202,2,130
8951,4,B,0,205080502020,20201202,2,131
8952,3,B,1,205080502020,20201202,2,132
8953,4,B,1,205080502020,20201202,2,133
8954,3,B,1,205080502020,20201202,2,134
8955,4,B,1,205080502020,20201202,2,135
8956,3,B,1,205080502020,20201202,2,136
8957,4,B,1,205080502020,20201202,2,137
8958,3,B,1,205080502020,20201202,2,138
8959,4,B,0,205080502020,20201202,2,139
8960,3,B,1,205080502020,20201202,2,140
8961,4,B,1,205080502020,20201202,2,141
8962,3,B,1,205080502020,20201202,2,142
8963,4,B,1,205080502020,20201202,2,143
8964,3,B,1,205080502020,20201202,2,144
8965,4,B,0,205080502020,20201202,2,145
8966,3,B,0,205080502020,20201202,2,146
8967,4,B,1,205080502020,20201202,2,147
8968,3,B,1,205080502020,20201202,2,148
8969,4,B,0,205080502020,20201202,2,149
8970,3,B,1,205080502020,20201202,2,150
8971,4,B,0,205080502020,20201202,2,151
8972,3,B,0,205080502020,20201202,2,152
8973,4,B,1,205080502020,20201202,2,153
8974,3,B,0,205080502020,20201202,2,154
8975,4,B,0,205080502020,20201202,2,155
8976,1,A,0,205080502020,20201202,2,156
8977,2,A,1,205080502020,20201202,2,157
8978,1,A,0,205080502020,20201202,2,158
8979,2,A,1,205080502020,20201202,2,159
8980,1,A,0,205080502020,20201202,2,160
8981,2,A,1,205080502020,20201202,2,161
8982,1,A,0,205080502020,20201202,2,162
8983,2,A,1,205080502020,20201202,2,163
8984,1,A,0,205080502020,20201202,2,164
8985,2,A,1,205080502020,20201202,2,165
8986,1,A,0,205080502020,20201202,2,166
8987,2,A,0,205080502020,20201202,2,167
8988,4,B,0,205080502020,20201202,2,168
8989,3,B,0,205080502020,20201202,2,169
8990,4,B,1,205080502020,20201202,2,170
8991,3,B,1,205080502020,20201202,2,171
8992,4,B,1,205080502020,20201202,2,172
8993,3,B,1,205080502020,20201202,2,173
8994,4,B,1,205080502020,20201202,2,174
8995,3,B,1,205080502020,20201202,2,175
8996,4,B,1,205080502020,20201202,2,176
8997,3,B,1,205080502020,20201202,2,177
8998,4,B,0,205080502020,20201202,2,178
8999,3,B,0,205080502020,20201202,2,179
9000,4,B,1,202020808050,20201202,3,0
9001,3,B,0,202020808050,20201202,3,1
9002,2,A,0,202020808050,20201202,3,2
9003,1,A,0,202020808050,20201202,3,3
9004,2,A,1,202020808050,20201202,3,4
9005,1,A,0,202020808050,20201202,3,5
9006,2,A,0,202020808050,20201202,3,6
9007,6,C,1,202020808050,20201202,3,7
9008,5,C,0,202020808050,20201202,3,8
9009,6,C,0,202020808050,20201202,3,9
9010,4,B,1,202020808050,20201202,3,10
9011,3,B,0,202020808050,20201202,3,11
9012,4,B,1,202020808050,20201202,3,12
9013,3,B,1,202020808050,20201202,3,13
9014,4,B,1,202020808050,20201202,3,14
9015,3,B,0,202020808050,20201202,3,15
9016,4,B,1,202020808050,20201202,3,16
9017,3,B,0,202020808050,20201202,3,17
9018,4,B,1,202020808050,20201202,3,18
9019,3,B,0,202020808050,20201202,3,19
9020,4,B,1,202020808050,20201202,3,20
9021,3,B,0,202020808050,20201202,3,21
9022,4,B,1,202020808050,20201202,3,22
9023,3,B,0,202020808050,20201202,3,23
9024,4,B,1,202020808050,20201202,3,24
9025,3,B,1,202020808050,20201202,3,25
9026,4,B,1,202020808050,20201202,3,26
9027,3,B,1,202020808050,20201202,3,27
9028,4,B,1,202020808050,20201202,3,28
9029,3,B,0,202020808050,20201202,3,29
9030,4,B,1,202020808050,20201202,3,30
9031,3,B,0,202020808050,20201202,3,31
9032,4,B,1,202020808050,20201202,3,32
9033,3,B,0,202020808050,20201202,3,33
9034,4,B,1,202020808050,20201202,3,34
9035,2,A,1,202020808050,20201202,3,35
9036,1,A,0,202020808050,20201202,3,36
9037,2,A,0,202020808050,20201202,3,37
9038,6,C,0,202020808050,20201202,3,38
9039,5,C,1,202020808050,20201202,3,39
9040,6,C,0,202020808050,20201202,3,40
9041,5,C,0,202020808050,20201202,3,41
9042,6,C,1,202020808050,20201202,3,42
9043,5,C,1,202020808050,20201202,3,43
9044,6,C,0,202020808050,20201202,3,44
9045,5,C,0,202020808050,20201202,3,45
9046,6,C,0,202020808050,20201202,3,46
9047,4,B,1,202020808050,20201202,3,47
9048,3,B,0,202020808050,20201202,3,48
9049,4,B,1,202020808050,20201202,3,49
9050,3,B,0,202020808050,20201202,3,50
9051,4,B,1,202020808050,20201202,3,51
9052,3,B,1,202020808050,20201202,3,52
9053,4,B,1,202020808050,20201202,3,53
9054,3,B,1,202020808050,20201202,3,54
9055,4,B,1,202020808050,20201202,3,55
9056,3,B,1,202020808050,20201202,3,56
9057,4,B,1,202020808050,20201202,3,57
9058,3,B,0,202020808050,20201202,3,58
9059,4,B,1,202020808050,20201202,3,59
9060,3,B,0,802050802020,20201202,3,60
9061,4,B,1,802050802020,20201202,3,61
9062,3,B,1,802050802020,20201202,3,62
9063,4,B,1,802050802020,20201202,3,63
9064,3,B,0,802050802020,20201202,3,64
9065,4,B,0,802050802020,20201202,3,65
9066,3,B,1,802050802020,20201202,3,66
9067,4,B,1,802050802020,20201202,3,67
9068,3,B,1,802050802020,20201202,3,68
9069,4,B,1,802050802020,20201202,3,69
9070,3,B,1,802050802020,20201202,3,70
9071,4,B,1,802050802020,20201202,3,71
9072,3,B,1,802050802020,20201202,3,72
9073,4,B,1,802050802020,20201202,3,73
9074,3,B,0,802050802020,20201202,3,74
9075,4,B,0,802050802020,20201202,3,75
9076,3,B,1,802050802020,20201202,3,76
9077,4,B,1,802050802020,20201202,3,77
9078,3,B,0,802050802020,20201202,3,78
9079,4,B,0,802050802020,20201202,3,79
9080,3,B,0,802050802020,20201202,3,80
9081,4,B,1,802050802020,20201202,3,81
9082,1,A,1,802050802020,20201202,3,82
9083,2,A,0,802050802020,20201202,3,83
9084,1,A,1,802050802020,20201202,3,84
9085,2,A,1,802050802020,20201202,3,85
9086,1,A,1,802050802020,20201202,3,86
9087,2,A,0,802050802020,20201202,3,87
9088,1,A,0,802050802020,20201202,3,88
9089,2,A,0,802050802020,20201202,3,89
9090,1,A,1,802050802020,20201202,3,90
9091,2,A,0,802050802020,20201202,3,91
9092,1,A,1,802050802020,20201202,3,92
9093,2,A,0,802050802020,20201202,3,93
9094,1,A,0,802050802020,20201202,3,94
9095,2,A,0,802050802020,20201202,3,95
9096,6,C,0,802050802020,20201202,3,96
9097,5,C,0,802050802020,20201202,3,97
9098,6,C,0,802050802020,20201202,3,98
9099,5,C,0,802050802020,20201202,3,99
9100,4,B,1,802050802020,20201202,3,100
9101,3,B,0,802050802020,20201202,3,101
9102,4,B,0,802050802020,20201202,3,102
9103,3,B,1,802050802020,20201202,3,103
9104,4,B,1,802050802020,20201202,3,104
9105,3,B,1,802050802020,20201202,3,105
9106,4,B,1,802050802020,20201202,3,106
9107,3,B,1,802050802020,20201202,3,107
9108,4,B,1,802050802020,20201202,3,108
9109,3,B,1,802050802020,20201202,3,109
9110,4,B,1,802050802020,20201202,3,110
9111,3,B,0,802050802020,20201202,3,111
9112,4,B,0,802050802020,20201202,3,112
9113,3,B,1,802050802020,20201202,3,113
9114,4,B,1,802050802020,20201202,3,114
9115,3,B,1,802050802020,20201202,3,115
9116,4,B,1,802050802020,20201202,3,116
9117,3,B,1,802050802020,20201202,3,117
9118,4,B,1,802050802020,20201202,3,118
9119,3,B,0,802050802020,20201202,3,119
9120,4,B,1,502020202020,20201202,3,120
9121,3,B,0,502020202020,20201202,3,121
9122,4,B,0,502020202020,20201202,3,122
9123,3,B,0,502020202020,20201202,3,123
9124,4,B,0,502020202020,20201202,3,124
9125,3,B,1,502020202020,20201202,3,125
9126,4,B,0,502020202020,20201202,3,126
9127,3,B,0,502020202020,20201202,3,127
9128,4,B,1,502020202020,20201202,3,128
9129,3,B,0,502020202020,20201202,3,129
9130,4,B,0,502020202020,20201202,3,130
9131,3,B,1,502020202020,20201202,3,131
9132,4,B,0,502020202020,20201202,3,132
9133,3,B,0,502020202020,20201202,3,133
9134,4,B,1,502020202020,20201202,3,134
9135,3,B,0,502020202020,20201202,3,135
9136,4,B,0,502020202020,20201202,3,136
9137,3,B,1,502020202020,20201202,3,137
9138,4,B,1,502020202020,20201202,3,138
9139,3,B,0,502020202020,20201202,3,139
9140,4,B,0,502020202020,20201202,3,140
9141,3,B,0,502020202020,20201202,3,141
9142,4,B,0,502020202020,20201202,3,142
9143,1,A,0,502020202020,20201202,3,143
9144,2,A,0,502020202020,20201202,3,144
9145,4,B,0,502020202020,20201202,3,145
9146,3,B,1,502020202020,20201202,3,146
9147,4,B,0,502020202020,20201202,3,147
9148,3,B,0,502020202020,20201202,3,148
9149,4,B,0,502020202020,20201202,3,149
9150,3,B,0,502020202020,20201202,3,150
9151,4,B,0,502020202020,20201202,3,151
9152,6,C,1,502020202020,20201202,3,152
9153,5,C,0,502020202020,20201202,3,153
9154,6,C,0,502020202020,20201202,3,154
9155,5,C,0,502020202020,20201202,3,155
9156,6,C,0,502020202020,20201202,3,156
9157,2,A,1,502020202020,20201202,3,157
9158,1,A,1,502020202020,20201202,3,158
9159,2,A,0,502020202020,20201202,3,159
9160,1,A,0,502020202020,20201202,3,160
9161,2,A,0,502020202020,20201202,3,161
9162,1,A,1,502020202020,20201202,3,162
9163,2,A,0,502020202020,20201202,3,163
9164,1,A,0,502020202020,20201202,3,164
9165,2,A,0,502020202020,20201202,3,165
9166,4,B,1,502020202020,20201202,3,166
9167,3,B,1,502020202020,20201202,3,167
9168,4,B,1,502020202020,20201202,3,168
9169,3,B,0,502020202020,20201202,3,169
9170,4,B,0,502020202020,20201202,3,170
9171,3,B,1,502020202020,20201202,3,171
9172,4,B,0,502020202020,20201202,3,172
9173,3,B,1,502020202020,20201202,3,173
9174,4,B,0,502020202020,20201202,3,174
9175,3,B,0,502020202020,20201202,3,175
9176,4,B,1,502020202020,20201202,3,176
9177,3,B,0,502020202020,20201202,3,177
9178,4,B,0,502020202020,20201202,3,178
9179,3,B,0,502020202020,20201202,3,179
9180,4,B,1,208050802020,20201202,4,0
9181,3,B,1,208050802020,20201202,4,1
9182,2,A,0,208050802020,20201202,4,2
9183,1,A,0,208050802020,20201202,4,3
9184,6,C,0,208050802020,20201202,4,4
9185,5,C,0,208050802020,20201202,4,5
9186,4,B,1,208050802020,20201202,4,6
9187,3,B,0,208050802020,20201202,4,7
9188,4,B,1,208050802020,20201202,4,8
9189,3,B,1,208050802020,20201202,4,9
9190,4,B,1,208050802020,20201202,4,10
9191,3,B,1,208050802020,20201202,4,11
9192,4,B,1,208050802020,20201202,4,12
9193,3,B,1,208050802020,20201202,4,13
9194,4,B,1,208050802020,20201202,4,14
9195,3,B,0,208050802020,20201202,4,15
9196,4,B,1,208050802020,20201202,4,16
9197,3,B,0,208050802020,20201202,4,17
9198,4,B,1,208050802020,20201202,4,18
9199,3,B,1,208050802020,20201202,4,19
9200,4,B,0,208050802020,20201202,4,20
9201,3,B,0,208050802020,20201202,4,21
9202,4,B,1,208050802020,20201202,4,22
9203,3,B,1,208050802020,20201202,4,23
9204,4,B,1,208050802020,20201202,4,24
9205,3,B,1,208050802020,20201202,4,25
9206,4,B,1,208050802020,20201202,4,26
9207,3,B,1,208050802020,20201202,4,27
9208,4,B,0,208050802020,20201202,4,28
9209,3,B,1,208050802020,20201202,4,29
9210,4,B,1,208050802020,20201202,4,30
9211,3,B,1,208050802020,20201202,4,31
9212,4,B,1,208050802020,20201202,4,32
9213,3,B,0,208050802020,20201202,4,33
9214,4,B,1,208050802020,20201202,4,34
9215,3,B,1,208050802020,20201202,4,35
9216,4,B,1,208050802020,20201202,4,36
9217,3,B,0,208050802020,20201202,4,37
9218,4,B,1,208050802020,20201202,4,38
9219,3,B,0,208050802020,20201202,4,39
9220,4,B,1,208050802020,20201202,4,40
9221,3,B,0,208050802020,20201202,4,41
9222,4,B,0,208050802020,20201202,4,42
9223,3,B,1,208050802020,20201202,4,43
9224,4,B,0,208050802020,20201202,4,44
9225,3,B,0,208050802020,20201202,4,45
9226,4,B,1,208050802020,20201202,4,46
9227,1,A,1,208050802020,20201202,4,47
9228,2,A,0,208050802020,20201202,4,48
9229,1,A,0,208050802020,20201202,4,49
9230,2,A,0,208050802020,20201202,4,50
9231,4,B,1,208050802020,20201202,4,51
9232,3,B,1,208050802020,20201202,4,52
9233,4,B,1,208050802020,20201202,4,53
9234,3,B,1,208050802020,20201202,4,54
9235,4,B,0,208050802020,20201202,4,55
9236,3,B,0,208050802020,20201202,4,56
9237,4,B,0,208050802020,20201202,4,57
9238,3,B,0,208050802020,20201202,4,58
9239,4,B,1,208050802020,20201202,4,59
9240,3,B,1,202050202080,20201202,4,60
9241,4,B,1,202050202080,20201202,4,61
9242,3,B,0,202050202080,20201202,4,62
9243,4,B,0,202050202080,20201202,4,63
9244,3,B,1,202050202080,20201202,4,64
9245,4,B,0,202050202080,20201202,4,65
9246,3,B,0,202050202080,20201202,4,66
9247,4,B,1,202050202080,20201202,4,67
9248,3,B,0,202050202080,20201202,4,68
9249,4,B,0,202050202080,20201202,4,69
9250,3,B,1,202050202080,20201202,4,70
9251,4,B,1,202050202080,20201202,4,71
9252,3,B,0,202050202080,20201202,4,72
9253,4,B,0,202050202080,20201202,4,73
9254,3,B,1,202050202080,20201202,4,74
9255,4,B,0,202050202080,20201202,4,75
9256,3,B,1,202050202080,20201202,4,76
9257,4,B,0,202050202080,20201202,4,77
9258,3,B,1,202050202080,20201202,4,78
9259,4,B,0,202050202080,20201202,4,79
9260,3,B,1,202050202080,20201202,4,80
9261,4,B,1,202050202080,20201202,4,81
9262,3,B,0,202050202080,20201202,4,82
9263,4,B,0,202050202080,20201202,4,83
9264,3,B,0,202050202080,20201202,4,84
9265,4,B,0,202050202080,20201202,4,85
9266,6,C,1,202050202080,20201202,4,86
9267,5,C,1,202050202080,20201202,4,87
9268,6,C,0,202050202080,20201202,4,88
9269,5,C,0,202050202080,20201202,4,89
9270,4,B,1,202050202080,20201202,4,90
9271,3,B,1,202050202080,20201202,4,91
9272,4,B,0,202050202080,20201202,4,92
9273,3,B,0,202050202080,20201202,4,93
9274,4,B,0,202050202080,20201202,4,94
9275,3,B,0,202050202080,20201202,4,95
9276,1,A,0,202050202080,20201202,4,96
9277,2,A,0,202050202080,20201202,4,97
9278,4,B,1,202050202080,20201202,4,98
9279,3,B,1,202050202080,20201202,4,99
9280,4,B,1,202050202080,20201202,4,100
9281,3,B,1,202050202080,20201202,4,101
9282,4,B,0,202050202080,20201202,4,102
9283,3,B,0,202050202080,20201202,4,103
9284,4,B,0,202050202080,20201202,4,104
9285,3,B,0,202050202080,20201202,4,105
9286,4,B,0,202050202080,20201202,4,106
9287,6,C,1,202050202080,20201202,4,107
9288,5,C,1,202050202080,20201202,4,108
9289,6,C,1,202050202080,20201202,4,109
9290,5,C,0,202050202080,20201202,4,110
9291,6,C,1,202050202080,20201202,4,111
9292,5,C,0,202050202080,20201202,4,112
9293,6,C,1,202050202080,20201202,4,113
9294,5,C,0,202050202080,20201202,4,114
9295,6,C,1,202050202080,20201202,4,115
9296,5,C,0,202050202080,20201202,4,116
9297,6,C,1,202050202080,20201202,4,117
9298,5,C,0,202050202080,20201202,4,118
9299,6,C,1,202050202080,20201202,4,119
9300,5,C,0,805050202020,20201202,4,120
9301,6,C,1,805050202020,20201202,4,121
9302,5,C,0,805050202020,20201202,4,122
9303,6,C,0,805050202020,20201202,4,123
9304,5,C,1,805050202020,20201202,4,124
9305,6,C,0,805050202020,20201202,4,125
9306,5,C,0,805050202020,20201202,4,126
9307,6,C,0,805050202020,20201202,4,127
9308,5,C,0,805050202020,20201202,4,128
9309,6,C,0,805050202020,20201202,4,129
9310,4,B,0,805050202020,20201202,4,130
9311,3,B,0,805050202020,20201202,4,131
9312,4,B,0,805050202020,20201202,4,132
9313,3,B,0,805050202020,20201202,4,133
9314,4,B,0,805050202020,20201202,4,134
9315,2,A,1,805050202020,20201202,4,135
9316,1,A,1,805050202020,20201202,4,136
9317,2,A,0,805050202020,20201202,4,137
9318,1,A,1,805050202020,20201202,4,138
9319,2,A,1,805050202020,20201202,4,139
9320,1,A,1,805050202020,20201202,4,140
9321,2,A,1,805050202020,20201202,4,141
9322,1,A,0,805050202020,20201202,4,142
9323,2,A,1,805050202020,20201202,4,143
9324,1,A,1,805050202020,20201202,4,144
9325,2,A,0,805050202020,20201202,4,145
9326,1,A,0,805050202020,20201202,4,146
9327,2,A,0,805050202020,20201202,4,147
9328,1,A,1,805050202020,20201202,4,148
9329,2,A,0,805050202020,20201202,4,149
9330,1,A,0,805050202020,20201202,4,150
9331,2,A,1,805050202020,20201202,4,151
9332,1,A,1,805050202020,20201202,4,152
9333,2,A,1,805050202020,20201202,4,153
9334,1,A,1,805050202020,20201202,4,154
9335,2,A,0,805050202020,20201202,4,155
9336,1,A,1,805050202020,20201202,4,156
9337,2,A,0,805050202020,20201202,4,157
9338,1,A,0,805050202020,20201202,4,158
9339,2,A,1,805050202020,20201202,4,159
9340,1,A,1,805050202020,20201202,4,160
9341,2,A,1,805050202020,20201202,4,161
9342,1,A,1,805050202020,20201202,4,162
9343,2,A,0,805050202020,20201202,4,163
9344,1,A,1,805050202020,20201202,4,164
9345,2,A,1,805050202020,20201202,4,165
9346,1,A,1,805050202020,20201202,4,166
9347,2,A,1,805050202020,20201202,4,167
9348,1,A,0,805050202020,20201202,4,168
9349,2,A,1,805050202020,20201202,4,169
9350,1,A,1,805050202020,20201202,4,170
9351,2,A,1,805050202020,20201202,4,171
9352,1,A,1,805050202020,20201202,4,172
9353,2,A,0,805050202020,20201202,4,173
9354,1,A,1,805050202020,20201202,4,174
9355,2,A,0,805050202020,20201202,4,175
9356,1,A,1,805050202020,20201202,4,176
9357,2,A,1,805050202020,20201202,4,177
9358,1,A,1,805050202020,20201202,4,178
9359,2,A,1,805050202020,20201202,4,179
9360,4,B,0,508020505020,20201202,5,0
9361,3,B,0,508020505020,20201202,5,1
9362,2,A,1,508020505020,20201202,5,2
9363,1,A,1,508020505020,20201202,5,3
9364,2,A,1,508020505020,20201202,5,4
9365,1,A,0,508020505020,20201202,5,5
9366,2,A,1,508020505020,20201202,5,6
9367,6,C,0,508020505020,20201202,5,7
9368,5,C,1,508020505020,20201202,5,8
9369,6,C,0,508020505020,20201202,5,9
9370,5,C,0,508020505020,20201202,5,10
9371,4,B,1,508020505020,20201202,5,11
9372,3,B,1,508020505020,20201202,5,12
9373,4,B,1,508020505020,20201202,5,13
9374,3,B,0,508020505020,20201202,5,14
9375,4,B,1,508020505020,20201202,5,15
9376,3,B,1,508020505020,20201202,5,16
9377,4,B,1,508020505020,20201202,5,17
9378,3,B,0,508020505020,20201202,5,18
9379,4,B,1,508020505020,20201202,5,19
9380,3,B,0,508020505020,20201202,5,20
9381,4,B,1,508020505020,20201202,5,21
9382,3,B,0,508020505020,20201202,5,22
9383,4,B,0,508020505020,20201202,5,23
9384,3,B,0,508020505020,20201202,5,24
9385,4,B,0,508020505020,20201202,5,25
9386,3,B,0,508020505020,20201202,5,26
9387,4,B,1,508020505020,20201202,5,27
9388,2,A,1,508020505020,20201202,5,28
9389,1,A,1,508020505020,20201202,5,29
9390,2,A,1,508020505020,20201202,5,30
9391,1,A,1,508020505020,20201202,5,31
9392,2,A,0,508020505020,20201202,5,32
9393,1,A,0,508020505020,20201202,5,33
9394,2,A,0,508020505020,20201202,5,34
9395,1,A,1,508020505020,20201202,5,35
9396,2,A,0,508020505020,20201202,5,36
9397,1,A,0,508020505020,20201202,5,37
9398,2,A,1,508020505020,20201202,5,38
9399,1,A,1,508020505020,20201202,5,39
9400,2,A,1,508020505020,20201202,5,40
9401,1,A,0,508020505020,20201202,5,41
9402,2,A,0,508020505020,20201202,5,42
9403,1,A,0,508020505020,20201202,5,43
9404,2,A,1,508020505020,20201202,5,44
9405,1,A,0,508020505020,20201202,5,45
9406,2,A,1,508020505020,20201202,5,46
9407,1,A,0,508020505020,20201202,5,47
9408,2,A,0,508020505020,20201202,5,48
9409,4,B,0,508020505020,20201202,5,49
9410,3,B,0,508020505020,20201202,5,50
9411,4,B,0,508020505020,20201202,5,51
9412,6,C,1,508020505020,20201202,5,52
9413,5,C,1,508020505020,20201202,5,53
9414,6,C,0,508020505020,20201202,5,54
9415,5,C,0,508020505020,20201202,5,55
9416,6,C,0,508020505020,20201202,5,56
9417,5,C,0,508020505020,20201202,5,57
9418,6,C,0,508020505020,20201202,5,58
9419,4,B,0,508020505020,20201202,5,59
9420,3,B,0,502020208050,20201202,5,60
9421,4,B,0,502020208050,20201202,5,61
9422,1,A,0,502020208050,20201202,5,62
9423,2,A,0,502020208050,20201202,5,63
9424,1,A,1,502020208050,20201202,5,64
9425,2,A,0,502020208050,20201202,5,65
9426,1,A,0,502020208050,20201202,5,66
9427,2,A,0,502020208050,20201202,5,67
9428,1,A,1,502020208050,20201202,5,68
9429,2,A,1,502020208050,20201202,5,69
9430,1,A,1,502020208050,20201202,5,70
9431,2,A,0,502020208050,20201202,5,71
9432,1,A,1,502020208050,20201202,5,72
9433,2,A,0,502020208050,20201202,5,73
9434,1,A,0,502020208050,20201202,5,74
9435,2,A,1,502020208050,20201202,5,75
9436,1,A,1,502020208050,20201202,5,76
9437,2,A,1,502020208050,20201202,5,77
9438,1,A,1,502020208050,20201202,5,78
9439,2,A,0,502020208050,20201202,5,79
9440,1,A,1,502020208050,20201202,5,80
9441,2,A,0,502020208050,20201202,5,81
9442,1,A,0,502020208050,20201202,5,82
9443,2,A,0,502020208050,20201202,5,83
9444,1,A,0,502020208050,20201202,5,84
9445,2,A,0,502020208050,20201202,5,85
9446,4,B,0,502020208050,20201202,5,86
9447,3,B,0,502020208050,20201202,5,87
9448,4,B,0,502020208050,20201202,5,88
9449,6,C,0,502020208050,20201202,5,89
9450,5,C,1,502020208050,20201202,5,90
9451,6,C,0,502020208050,20201202,5,91
9452,5,C,1,502020208050,20201202,5,92
9453,6,C,1,502020208050,20201202,5,93
9454,5,C,1,502020208050,20201202,5,94
9455,6,C,0,502020208050,20201202,5,95
9456,5,C,1,502020208050,20201202,5,96
9457,6,C,0,502020208050,20201202,5,97
9458,5,C,1,502020208050,20201202,5,98
9459,6,C,1,502020208050,20201202,5,99
9460,5,C,0,502020208050,20201202,5,100
9461,6,C,1,502020208050,20201202,5,101
9462,5,C,1,502020208050,20201202,5,102
9463,6,C,1,502020208050,20201202,5,103
9464,5,C,1,502020208050,20201202,5,104
9465,6,C,0,502020208050,20201202,5,105
9466,5,C,1,502020208050,20201202,5,106
9467,6,C,1,502020208050,20201202,5,107
9468,5,C,1,502020208050,20201202,5,108
9469,6,C,1,502020208050,20201202,5,109
9470,5,C,1,502020208050,20201202,5,110
9471,6,C,1,502020208050,20201202,5,111
9472,5,C,1,502020208050,20201202,5,112
9473,6,C,0,502020208050,20201202,5,113
9474,5,C,0,502020208050,20201202,5,114
9475,6,C,0,502020208050,20201202,5,115
9476,5,C,1,502020208050,20201202,5,116
9477,6,C,0,502020208050,20201202,5,117
9478,5,C,1,502020208050,20201202,5,118
9479,6,C,1,502020208050,20201202,5,119
9480,5,C,1,208020202020,20201202,5,120
9481,6,C,0,208020202020,20201202,5,121
9482,5,C,0,208020202020,20201202,5,122
9483,6,C,0,208020202020,20201202,5,123
9484,5,C,0,208020202020,20201202,5,124
9485,6,C,0,208020202020,20201202,5,125
9486,5,C,0,208020202020,20201202,5,126
9487,4,B,0,208020202020,20201202,5,127
9488,3,B,1,208020202020,20201202,5,128
9489,4,B,0,208020202020,20201202,5,129
9490,3,B,0,208020202020,20201202,5,130
9491,4,B,1,208020202020,20201202,5,131
9492,3,B,1,208020202020,20201202,5,132
9493,4,B,0,208020202020,20201202,5,133
9494,3,B,0,208020202020,20201202,5,134
9495,4,B,0,208020202020,20201202,5,135
9496,3,B,0,208020202020,20201202,5,136
9497,4,B,0,208020202020,20201202,5,137
9498,2,A,1,208020202020,20201202,5,138
9499,1,A,0,208020202020,20201202,5,139
9500,2,A,1,208020202020,20201202,5,140
9501,1,A,0,208020202020,20201202,5,141
9502,2,A,0,208020202020,20201202,5,142
9503,1,A,0,208020202020,20201202,5,143
9504,2,A,1,208020202020,20201202,5,144
9505,1,A,1,208020202020,20201202,5,145
9506,2,A,0,208020202020,20201202,5,146
9507,1,A,0,208020202020,20201202,5,147
9508,2,A,1,208020202020,20201202,5,148
9509,1,A,1,208020202020,20201202,5,149
9510,2,A,1,208020202020,20201202,5,150
9511,1,A,0,208020202020,20201202,5,151
9512,2,A,1,208020202020,20201202,5,152
9513,1,A,0,208020202020,20201202,5,153
9514,2,A,1,208020202020,20201202,5,154
9515,1,A,0,208020202020,20201202,5,155
9516,2,A,1,208020202020,20201202,5,156
9517,1,A,0,208020202020,20201202,5,157
9518,2,A,0,208020202020,20201202,5,158
9519,1,A,0,208020202020,20201202,5,159
9520,2,A,1,208020202020,20201202,5,160
9521,1,A,0,208020202020,20201202,5,161
9522,2,A,1,208020202020,20201202,5,162
9523,1,A,0,208020202020,20201202,5,163
9524,2,A,1,208020202020,20201202,5,164
9525,1,A,0,208020202020,20201202,5,165
9526,2,A,1,208020202020,20201202,5,166
9527,1,A,0,208020202020,20201202,5,167
9528,2,A,0,208020202020,20201202,5,168
9529,1,A,0,208020202020,20201202,5,169
9530,2,A,0,208020202020,20201202,5,170
9531,4,B,0,208020202020,20201202,5,171
9532,3,B,0,208020202020,20201202,5,172
9533,4,B,0,208020202020,20201202,5,173
9534,3,B,0,208020202020,20201202,5,174
9535,6,C,0,208020202020,20201202,5,175
9536,5,C,0,208020202020,20201202,5,176
9537,6,C,0,208020202020,20201202,5,177
9538,4,B,0,208020202020,20201202,5,178
9539,3,B,1,208020202020,20201202,5,179
9540,4,B,0,508080205020,20201202,6,0
9541,3,B,1,508080205020,20201202,6,1
9542,4,B,0,508080205020,20201202,6,2
9543,2,A,1,508080205020,20201202,6,3
9544,1,A,0,508080205020,20201202,6,4
9545,2,A,1,508080205020,20201202,6,5
9546,1,A,0,508080205020,20201202,6,6
9547,2,A,1,508080205020,20201202,6,7
9548,6,C,0,508080205020,20201202,6,8
9549,5,C,0,508080205020,20201202,6,9
9550,6,C,1,508080205020,20201202,6,10
9551,5,C,0,508080205020,20201202,6,11
9552,6,C,0,508080205020,20201202,6,12
9553,4,B,0,508080205020,20201202,6,13
9554,3,B,0,508080205020,20201202,6,14
9555,4,B,1,508080205020,20201202,6,15
9556,3,B,1,508080205020,20201202,6,16
9557,4,B,0,508080205020,20201202,6,17
9558,3,B,1,508080205020,20201202,6,18
9559,4,B,0,508080205020,20201202,6,19
9560,3,B,1,508080205020,20201202,6,20
9561,4,B,0,508080205020,20201202,6,21
9562,3,B,1,508080205020,20201202,6,22
9563,4,B,1,508080205020,20201202,6,23
9564,3,B,1,508080205020,20201202,6,24
9565,4,B,0,508080205020,20201202,6,25
9566,3,B,1,508080205020,20201202,6,26
9567,4,B,0,508080205020,20201202,6,27
9568,3,B,1,508080205020,20201202,6,28
9569,4,B,1,508080205020,20201202,6,29
9570,3,B,1,508080205020,20201202,6,30
9571,4,B,0,508080205020,20201202,6,31
9572,3,B,1,508080205020,20201202,6,32
9573,4,B,0,508080205020,20201202,6,33
9574,3,B,1,508080205020,20201202,6,34
9575,4,B,0,508080205020,20201202,6,35
9576,3,B,1,508080205020,20201202,6,36
9577,4,B,0,508080205020,20201202,6,37
9578,3,B,1,508080205020,20201202,6,38
9579,4,B,0,508080205020,20201202,6,39
9580,3,B,1,508080205020,20201202,6,40
9581,4,B,1,508080205020,20201202,6,41
9582,3,B,0,508080205020,20201202,6,42
9583,4,B,1,508080205020,20201202,6,43
9584,3,B,1,508080205020,20201202,6,44
9585,4,B,0,508080205020,20201202,6,45
9586,3,B,0,508080205020,20201202,6,46
9587,4,B,1,508080205020,20201202,6,47
9588,3,B,0,508080205020,20201202,6,48
9589,4,B,0,508080205020,20201202,6,49
9590,3,B,1,508080205020,20201202,6,50
9591,4,B,1,508080205020,20201202,6,51
9592,3,B,1,508080205020,20201202,6,52
9593,4,B,0,508080205020,20201202,6,53
9594,3,B,1,508080205020,20201202,6,54
9595,4,B,1,508080205020,20201202,6,55
9596,3,B,1,508080205020,20201202,6,56
9597,4,B,0,508080205020,20201202,6,57
9598,3,B,1,508080205020,20201202,6,58
9599,4,B,0,508080205020,20201202,6,59
9600,3,B,0,205020202080,20201202,6,60
9601,4,B,0,205020202080,20201202,6,61
9602,3,B,0,205020202080,20201202,6,62
9603,4,B,0,205020202080,20201202,6,63
9604,2,A,1,205020202080,20201202,6,64
9605,1,A,0,205020202080,20201202,6,65
9606,2,A,0,205020202080,20201202,6,66
9607,1,A,0,205020202080,20201202,6,67
9608,2,A,0,205020202080,20201202,6,68
9609,6,C,1,205020202080,20201202,6,69
9610,5,C,0,205020202080,20201202,6,70
9611,6,C,1,205020202080,20201202,6,71
9612,5,C,0,205020202080,20201202,6,72
9613,6,C,1,205020202080,20201202,6,73
9614,5,C,0,205020202080,20201202,6,74
9615,6,C,1,205020202080,20201202,6,75
9616,4,B,0,205020202080,20201202,6,76
9617,3,B,0,205020202080,20201202,6,77
9618,4,B,0,205020202080,20201202,6,78
9619,3,B,0,205020202080,20201202,6,79
9620,4,B,0,205020202080,20201202,6,80
9621,2,A,0,205020202080,20201202,6,81
9622,1,A,0,205020202080,20201202,6,82
9623,2,A,0,205020202080,20201202,6,83
9624,1,A,0,205020202080,20201202,6,84
9625,6,C,1,205020202080,20201202,6,85
9626,5,C,0,205020202080,20201202,6,86
9627,6,C,1,205020202080,20201202,6,87
9628,5,C,0,205020202080,20201202,6,88
9629,6,C,1,205020202080,20201202,6,89
9630,5,C,0,205020202080,20201202,6,90
9631,6,C,1,205020202080,20201202,6,91
9632,5,C,0,205020202080,20201202,6,92
9633,6,C,1,205020202080,20201202,6,93
9634,5,C,1,205020202080,20201202,6,94
9635,6,C,1,205020202080,20201202,6,95
9636,5,C,0,205020202080,20201202,6,96
9637,6,C,0,205020202080,20201202,6,97
9638,5,C,0,205020202080,20201202,6,98
9639,6,C,1,205020202080,20201202,6,99
9640,5,C,1,205020202080,20201202,6,100
9641,6,C,1,205020202080,20201202,6,101
9642,5,C,0,205020202080,20201202,6,102
9643,6,C,1,205020202080,20201202,6,103
9644,5,C,0,205020202080,20201202,6,104
9645,6,C,0,205020202080,20201202,6,105
9646,5,C,0,205020202080,20201202,6,106
9647,6,C,1,205020202080,20201202,6,107
9648,5,C,0,205020202080,20201202,6,108
9649,6,C,0,205020202080,20201202,6,109
9650,5,C,0,205020202080,20201202,6,110
9651,6,C,1,205020202080,20201202,6,111
9652,5,C,0,205020202080,20201202,6,112
9653,6,C,1,205020202080,20201202,6,113
9654,5,C,1,205020202080,20201202,6,114
9655,6,C,1,205020202080,20201202,6,115
9656,5,C,1,205020202080,20201202,6,116
9657,6,C,1,205020202080,20201202,6,117
9658,5,C,0,205020202080,20201202,6,118
9659,6,C,1,205020202080,20201202,6,119
9660,5,C,0,202080202020,20201202,6,120
9661,6,C,0,202080202020,20201202,6,121
9662,5,C,0,202080202020,20201202,6,122
9663,6,C,0,202080202020,20201202,6,123
9664,5,C,0,202080202020,20201202,6,124
9665,6,C,1,202080202020,20201202,6,125
9666,5,C,0,202080202020,20201202,6,126
9667,6,C,0,202080202020,20201202,6,127
9668,5,C,0,202080202020,20201202,6,128
9669,6,C,0,202080202020,20201202,6,129
9670,4,B,0,202080202020,20201202,6,130
9671,3,B,1,202080202020,20201202,6,131
9672,4,B,1,202080202020,20201202,6,132
9673,3,B,1,202080202020,20201202,6,133
9674,4,B,0,202080202020,20201202,6,134
9675,3,B,1,202080202020,20201202,6,135
9676,4,B,0,202080202020,20201202,6,136
9677,3,B,1,202080202020,20201202,6,137
9678,4,B,1,202080202020,20201202,6,138
9679,3,B,1,202080202020,20201202,6,139
9680,4,B,1,202080202020,20201202,6,140
9681,3,B,1,202080202020,20201202,6,141
9682,4,B,0,202080202020,20201202,6,142
9683,3,B,1,202080202020,20201202,6,143
9684,4,B,0,202080202020,20201202,6,144
9685,3,B,1,202080202020,20201202,6,145
9686,4,B,0,202080202020,20201202,6,146
9687,3,B,1,202080202020,20201202,6,147
9688,4,B,0,202080202020,20201202,6,148
9689,3,B,0,202080202020,20201202,6,149
9690,4,B,0,202080202020,20201202,6,150
9691,3,B,1,202080202020,20201202,6,151
9692,4,B,0,202080202020,20201202,6,152
9693,3,B,1,202080202020,20201202,6,153
9694,4,B,0,202080202020,20201202,6,154
9695,3,B,1,202080202020,20201202,6,155
9696,4,B,1,202080202020,20201202,6,156
9697,3,B,0,202080202020,20201202,6,157
9698,4,B,0,202080202020,20201202,6,158
9699,3,B,1,202080202020,20201202,6,159
9700,4,B,1,202080202020,20201202,6,160
9701,3,B,0,202080202020,20201202,6,161
9702,4,B,0,202080202020,20201202,6,162
9703,3,B,1,202080202020,20201202,6,163
9704,4,B,0,202080202020,20201202,6,164
9705,3,B,0,202080202020,20201202,6,165
9706,4,B,0,202080202020,20201202,6,166
9707,2,A,0,202080202020,20201202,6,167
9708,1,A,0,202080202020,20201202,6,168
9709,2,A,0,202080202020,20201202,6,169
9710,6,C,0,202080202020,20201202,6,170
9711,5,C,0,202080202020,20201202,6,171
9712,6,C,0,202080202020,20201202,6,172
9713,1,A,0,202080202020,20201202,6,173
9714,2,A,0,202080202020,20201202,6,174
9715,1,A,0,202080202020,20201202,6,175
9716,2,A,1,202080202020,20201202,6,176
9717,1,A,0,202080202020,20201202,6,177
9718,2,A,0,202080202020,20201202,6,178
9719,3,B,0,202080202020,20201202,6,179
9720,4,B,1,502020202080,20201202,7,0
9721,3,B,0,502020202080,20201202,7,1
9722,4,B,0,502020202080,20201202,7,2
9723,2,A,1,502020202080,20201202,7,3
9724,1,A,1,502020202080,20201202,7,4
9725,2,A,0,502020202080,20201202,7,5
9726,1,A,0,502020202080,20201202,7,6
9727,6,C,0,502020202080,20201202,7,7
9728,5,C,0,502020202080,20201202,7,8
9729,6,C,0,502020202080,20201202,7,9
9730,4,B,0,502020202080,20201202,7,10
9731,3,B,1,502020202080,20201202,7,11
9732,4,B,1,502020202080,20201202,7,12
9733,3,B,0,502020202080,20201202,7,13
9734,4,B,0,502020202080,20201202,7,14
9735,3,B,0,502020202080,20201202,7,15
9736,4,B,0,502020202080,20201202,7,16
9737,2,A,0,502020202080,20201202,7,17
9738,1,A,0,502020202080,20201202,7,18
9739,2,A,1,502020202080,20201202,7,19
9740,1,A,1,502020202080,20201202,7,20
9741,2,A,0,502020202080,20201202,7,21
9742,1,A,1,502020202080,20201202,7,22
9743,2,A,0,502020202080,20201202,7,23
9744,1,A,0,502020202080,20201202,7,24
9745,2,A,0,502020202080,20201202,7,25
9746,5,C,1,502020202080,20201202,7,26
9747,6,C,1,502020202080,20201202,7,27
9748,5,C,0,502020202080,20201202,7,28
9749,6,C,1,502020202080,20201202,7,29
9750,5,C,0,502020202080,20201202,7,30
9751,6,C,1,502020202080,20201202,7,31
9752,4,B,1,502020202080,20201202,7,32
9753,3,B,0,502020202080,20201202,7,33
9754,4,B,0,502020202080,20201202,7,34
9755,3,B,0,502020202080,20201202,7,35
9756,4,B,0,502020202080,20201202,7,36
9757,2,A,1,502020202080,20201202,7,37
9758,1,A,0,502020202080,20201202,7,38
9759,2,A,0,502020202080,20201202,7,39
9760,1,A,0,502020202080,20201202,7,40
9761,2,A,1,502020202080,20201202,7,41
9762,1,A,1,502020202080,20201202,7,42
9763,2,A,0,502020202080,20201202,7,43
9764,1,A,0,502020202080,20201202,7,44
9765,2,A,1,502020202080,20201202,7,45
9766,1,A,0,502020202080,20201202,7,46
9767,2,A,0,502020202080,20201202,7,47
9768,1,A,0,502020202080,20201202,7,48
9769,2,A,0,502020202080,20201202,7,49
9770,1,A,1,502020202080,20201202,7,50
9771,2,A,0,502020202080,20201202,7,51
9772,1,A,0,502020202080,20201202,7,52
9773,2,A,0,502020202080,20201202,7,53
9774,4,B,0,502020202080,20201202,7,54
9775,3,B,0,502020202080,20201202,7,55
9776,1,A,1,502020202080,20201202,7,56
9777,2,A,1,502020202080,20201202,7,57
9778,1,A,1,502020202080,20201202,7,58
9779,2,A,0,502020202080,20201202,7,59
9780,1,A,1,802020202020,20201202,7,60
9781,2,A,0,802020202020,20201202,7,61
9782,1,A,1,802020202020,20201202,7,62
9783,2,A,1,802020202020,20201202,7,63
9784,1,A,1,802020202020,20201202,7,64
9785,2,A,0,802020202020,20201202,7,65
9786,1,A,0,802020202020,20201202,7,66
9787,2,A,0,802020202020,20201202,7,67
9788,1,A,1,802020202020,20201202,7,68
9789,2,A,1,802020202020,20201202,7,69
9790,1,A,1,802020202020,20201202,7,70
9791,2,A,0,802020202020,20201202,7,71
9792,1,A,1,802020202020,20201202,7,72
9793,2,A,0,802020202020,20201202,7,73
9794,1,A,1,802020202020,20201202,7,74
9795,2,A,0,802020202020,20201202,7,75
9796,1,A,0,802020202020,20201202,7,76
9797,2,A,0,802020202020,20201202,7,77
9798,1,A,0,802020202020,20201202,7,78
9799,2,A,0,802020202020,20201202,7,79
9800,1,A,1,802020202020,20201202,7,80
9801,2,A,0,802020202020,20201202,7,81
9802,1,A,1,802020202020,20201202,7,82
9803,2,A,0,802020202020,20201202,7,83
9804,1,A,1,802020202020,20201202,7,84
9805,2,A,0,802020202020,20201202,7,85
9806,1,A,1,802020202020,20201202,7,86
9807,2,A,0,802020202020,20201202,7,87
9808,1,A,1,802020202020,20201202,7,88
9809,2,A,0,802020202020,20201202,7,89
9810,1,A,1,802020202020,20201202,7,90
9811,2,A,1,802020202020,20201202,7,91
9812,1,A,1,802020202020,20201202,7,92
9813,2,A,0,802020202020,20201202,7,93
9814,1,A,0,802020202020,20201202,7,94
9815,2,A,0,802020202020,20201202,7,95
9816,1,A,1,802020202020,20201202,7,96
9817,2,A,0,802020202020,20201202,7,97
9818,1,A,1,802020202020,20201202,7,98
9819,2,A,1,802020202020,20201202,7,99
9820,1,A,1,802020202020,20201202,7,100
9821,2,A,1,802020202020,20201202,7,101
9822,1,A,1,802020202020,20201202,7,102
9823,2,A,0,802020202020,20201202,7,103
9824,1,A,1,802020202020,20201202,7,104
9825,2,A,0,802020202020,20201202,7,105
9826,1,A,1,802020202020,20201202,7,106
9827,2,A,1,802020202020,20201202,7,107
9828,1,A,1,802020202020,20201202,7,108
9829,2,A,0,802020202020,20201202,7,109
9830,1,A,0,802020202020,20201202,7,110
9831,2,A,0,802020202020,20201202,7,111
9832,1,A,0,802020202020,20201202,7,112
9833,2,A,0,802020202020,20201202,7,113
9834,1,A,1,802020202020,20201202,7,114
9835,2,A,0,802020202020,20201202,7,115
9836,1,A,1,802020202020,20201202,7,116
9837,2,A,1,802020202020,20201202,7,117
9838,1,A,1,802020202020,20201202,7,118
9839,2,A,0,802020202020,20201202,7,119
9840,1,A,1,202050502020,20201202,7,120
9841,2,A,0,202050502020,20201202,7,121
9842,1,A,0,202050502020,20201202,7,122
9843,2,A,0,202050502020,20201202,7,123
9844,1,A,1,202050502020,20201202,7,124
9845,2,A,0,202050502020,20201202,7,125
9846,1,A,0,202050502020,20201202,7,126
9847,2,A,0,202050502020,20201202,7,127
9848,1,A,1,202050502020,20201202,7,128
9849,2,A,0,202050502020,20201202,7,129
9850,1,A,0,202050502020,20201202,7,130
9851,2,A,0,202050502020,20201202,7,131
9852,1,A,0,202050502020,20201202,7,132
9853,4,B,1,202050502020,20201202,7,133
9854,3,B,0,202050502020,20201202,7,134
9855,4,B,0,202050502020,20201202,7,135
9856,3,B,0,202050502020,20201202,7,136
9857,4,B,0,202050502020,20201202,7,137
9858,1,A,0,202050502020,20201202,7,138
9859,2,A,0,202050502020,20201202,7,139
9860,1,A,0,202050502020,20201202,7,140
9861,4,B,0,202050502020,20201202,7,141
9862,3,B,0,202050502020,20201202,7,142
9863,4,B,0,202050502020,20201202,7,143
9864,1,A,0,202050502020,20201202,7,144
9865,6,C,0,202050502020,20201202,7,145
9866,5,C,1,202050502020,20201202,7,146
9867,6,C,0,202050502020,20201202,7,147
9868,1,A,0,202050502020,20201202,7,148
9869,2,A,0,202050502020,20201202,7,149
9870,4,B,0,202050502020,20201202,7,150
9871,3,B,1,202050502020,20201202,7,151
9872,4,B,0,202050502020,20201202,7,152
9873,3,B,1,202050502020,20201202,7,153
9874,4,B,0,202050502020,20201202,7,154
9875,3,B,1,202050502020,20201202,7,155
9876,4,B,1,202050502020,20201202,7,156
9877,3,B,1,202050502020,20201202,7,157
9878,4,B,0,202050502020,20201202,7,158
9879,3,B,1,202050502020,20201202,7,159
9880,4,B,0,202050502020,20201202,7,160
9881,3,B,0,202050502020,20201202,7,161
9882,4,B,1,202050502020,20201202,7,162
9883,3,B,1,202050502020,20201202,7,163
9884,4,B,1,202050502020,20201202,7,164
9885,3,B,0,202050502020,20201202,7,165
9886,4,B,0,202050502020,20201202,7,166
9887,3,B,0,202050502020,20201202,7,167
9888,4,B,0,202050502020,20201202,7,168
9889,3,B,0,202050502020,20201202,7,169
9890,4,B,0,202050502020,20201202,7,170
9891,3,B,1,202050502020,20201202,7,171
9892,4,B,0,202050502020,20201202,7,172
9893,2,A,0,202050502020,20201202,7,173
9894,1,A,1,202050502020,20201202,7,174
9895,2,A,0,202050502020,20201202,7,175
9896,1,A,1,202050502020,20201202,7,176
9897,2,A,0,202050502020,20201202,7,177
9898,1,A,0,202050502020,20201202,7,178
9899,2,A,0,202050502020,20201202,7,179
9900,4,B,0,802050205080,20201202,8,0
9901,3,B,0,802050205080,20201202,8,1
9902,4,B,0,802050205080,20201202,8,2
9903,2,A,1,802050205080,20201202,8,3
9904,1,A,0,802050205080,20201202,8,4
9905,2,A,1,802050205080,20201202,8,5
9906,1,A,1,802050205080,20201202,8,6
9907,2,A,1,802050205080,20201202,8,7
9908,1,A,1,802050205080,20201202,8,8
9909,2,A,0,802050205080,20201202,8,9
9910,1,A,1,802050205080,20201202,8,10
9911,2,A,1,802050205080,20201202,8,11
9912,1,A,1,802050205080,20201202,8,12
9913,2,A,0,802050205080,20201202,8,13
9914,1,A,1,802050205080,20201202,8,14
9915,2,A,0,802050205080,20201202,8,15
9916,1,A,1,802050205080,20201202,8,16
9917,2,A,0,802050205080,20201202,8,17
9918,1,A,1,802050205080,20201202,8,18
9919,2,A,0,802050205080,20201202,8,19
9920,1,A,1,802050205080,20201202,8,20
9921,2,A,0,802050205080,20201202,8,21
9922,1,A,1,802050205080,20201202,8,22
9923,2,A,0,802050205080,20201202,8,23
9924,1,A,0,802050205080,20201202,8,24
9925,6,C,0,802050205080,20201202,8,25
9926,5,C,1,802050205080,20201202,8,26
9927,6,C,1,802050205080,20201202,8,27
9928,5,C,1,802050205080,20201202,8,28
9929,6,C,1,802050205080,20201202,8,29
9930,5,C,0,802050205080,20201202,8,30
9931,6,C,0,802050205080,20201202,8,31
9932,5,C,0,802050205080,20201202,8,32
9933,6,C,1,802050205080,20201202,8,33
9934,4,B,0,802050205080,20201202,8,34
9935,3,B,0,802050205080,20201202,8,35
9936,4,B,0,802050205080,20201202,8,36
9937,3,B,0,802050205080,20201202,8,37
9938,4,B,0,802050205080,20201202,8,38
9939,1,A,1,802050205080,20201202,8,39
9940,2,A,0,802050205080,20201202,8,40
9941,1,A,0,802050205080,20201202,8,41
9942,2,A,0,802050205080,20201202,8,42
9943,1,A,0,802050205080,20201202,8,43
9944,2,A,0,802050205080,20201202,8,44
9945,1,A,0,802050205080,20201202,8,45
9946,4,B,0,802050205080,20201202,8,46
9947,3,B,0,802050205080,20201202,8,47
9948,4,B,0,802050205080,20201202,8,48
9949,3,B,1,802050205080,20201202,8,49
9950,4,B,0,802050205080,20201202,8,50
9951,3,B,0,802050205080,20201202,8,51
9952,6,C,0,802050205080,20201202,8,52
9953,5,C,1,802050205080,20201202,8,53
9954,6,C,0,802050205080,20201202,8,54
9955,5,C,1,802050205080,20201202,8,55
9956,6,C,1,802050205080,20201202,8,56
9957,5,C,1,802050205080,20201202,8,57
9958,6,C,1,802050205080,20201202,8,58
9959,5,C,0,802050205080,20201202,8,59
9960,6,C,0,202050802020,20201202,8,60
9961,5,C,0,202050802020,20201202,8,61
9962,6,C,1,202050802020,20201202,8,62
9963,5,C,0,202050802020,20201202,8,63
9964,6,C,0,202050802020,20201202,8,64
9965,5,C,0,202050802020,20201202,8,65
9966,6,C,0,202050802020,20201202,8,66
9967,2,A,0,202050802020,20201202,8,67
9968,1,A,0,202050802020,20201202,8,68
9969,2,A,1,202050802020,20201202,8,69
9970,1,A,1,202050802020,20201202,8,70
9971,2,A,1,202050802020,20201202,8,71
9972,1,A,0,202050802020,20201202,8,72
9973,2,A,1,202050802020,20201202,8,73
9974,1,A,0,202050802020,20201202,8,74
9975,2,A,0,202050802020,20201202,8,75
9976,1,A,0,202050802020,20201202,8,76
9977,2,A,0,202050802020,20201202,8,77
9978,1,A,0,202050802020,20201202,8,78
9979,2,A,1,202050802020,20201202,8,79
9980,1,A,1,202050802020,20201202,8,80
9981,2,A,1,202050802020,20201202,8,81
9982,1,A,0,202050802020,20201202,8,82
9983,2,A,0,202050802020,20201202,8,83
9984,1,A,0,202050802020,20201202,8,84
9985,2,A,0,202050802020,20201202,8,85
9986,4,B,0,202050802020,20201202,8,86
9987,3,B,0,202050802020,20201202,8,87
9988,4,B,1,202050802020,20201202,8,88
9989,3,B,1,202050802020,20201202,8,89
9990,4,B,0,202050802020,20201202,8,90
9991,3,B,0,202050802020,20201202,8,91
9992,4,B,0,202050802020,20201202,8,92
9993,3,B,0,202050802020,20201202,8,93
9994,4,B,0,202050802020,20201202,8,94
9995,3,B,1,202050802020,20201202,8,95
9996,4,B,1,202050802020,20201202,8,96
9997,3,B,1,202050802020,20201202,8,97
9998,4,B,1,202050802020,20201202,8,98
9999,3,B,1,202050802020,20201202,8,99
10000,4,B,0,202050802020,20201202,8,100
10001,3,B,1,202050802020,20201202,8,101
10002,4,B,1,202050802020,20201202,8,102
10003,3,B,1,202050802020,20201202,8,103
10004,4,B,1,202050802020,20201202,8,104
10005,3,B,1,202050802020,20201202,8,105
10006,4,B,0,202050802020,20201202,8,106
10007,3,B,1,202050802020,20201202,8,107
10008,4,B,1,202050802020,20201202,8,108
10009,3,B,0,202050802020,20201202,8,109
10010,4,B,1,202050802020,20201202,8,110
10011,3,B,1,202050802020,20201202,8,111
10012,4,B,1,202050802020,20201202,8,112
10013,3,B,1,202050802020,20201202,8,113
10014,4,B,1,202050802020,20201202,8,114
10015,3,B,0,202050802020,20201202,8,115
10016,4,B,1,202050802020,20201202,8,116
10017,3,B,1,202050802020,20201202,8,117
10018,4,B,1,202050802020,20201202,8,118
10019,3,B,1,202050802020,20201202,8,119
10020,4,B,0,505050202050,20201202,8,120
10021,3,B,0,505050202050,20201202,8,121
10022,4,B,0,505050202050,20201202,8,122
10023,3,B,1,505050202050,20201202,8,123
10024,4,B,0,505050202050,20201202,8,124
10025,3,B,0,505050202050,20201202,8,125
10026,4,B,0,505050202050,20201202,8,126
10027,3,B,1,505050202050,20201202,8,127
10028,4,B,0,505050202050,20201202,8,128
10029,3,B,1,505050202050,20201202,8,129
10030,4,B,0,505050202050,20201202,8,130
10031,3,B,0,505050202050,20201202,8,131
10032,4,B,0,505050202050,20201202,8,132
10033,3,B,0,505050202050,20201202,8,133
10034,4,B,0,505050202050,20201202,8,134
10035,3,B,1,505050202050,20201202,8,135
10036,4,B,0,505050202050,20201202,8,136
10037,3,B,0,505050202050,20201202,8,137
10038,4,B,1,505050202050,20201202,8,138
10039,3,B,0,505050202050,20201202,8,139
10040,4,B,0,505050202050,20201202,8,140
10041,1,A,1,505050202050,20201202,8,141
10042,2,A,0,505050202050,20201202,8,142
10043,1,A,1,505050202050,20201202,8,143
10044,2,A,1,505050202050,20201202,8,144
10045,1,A,1,505050202050,20201202,8,145
10046,2,A,1,505050202050,20201202,8,146
10047,1,A,1,505050202050,20201202,8,147
10048,2,A,0,505050202050,20201202,8,148
10049,1,A,0,505050202050,20201202,8,149
10050,2,A,0,505050202050,20201202,8,150
10051,1,A,0,505050202050,20201202,8,151
10052,6,C,1,505050202050,20201202,8,152
10053,5,C,1,505050202050,20201202,8,153
10054,6,C,1,505050202050,20201202,8,154
10055,5,C,0,505050202050,20201202,8,155
10056,6,C,1,505050202050,20201202,8,156
10057,5,C,0,505050202050,20201202,8,157
10058,6,C,1,505050202050,20201202,8,158
10059,5,C,0,505050202050,20201202,8,159
10060,6,C,1,505050202050,20201202,8,160
10061,5,C,0,505050202050,20201202,8,161
10062,6,C,1,505050202050,20201202,8,162
10063,5,C,0,505050202050,20201202,8,163
10064,6,C,0,505050202050,20201202,8,164
10065,5,C,0,505050202050,20201202,8,165
10066,6,C,0,505050202050,20201202,8,166
10067,1,A,1,505050202050,20201202,8,167
10068,2,A,0,505050202050,20201202,8,168
10069,1,A,1,505050202050,20201202,8,169
10070,2,A,0,505050202050,20201202,8,170
10071,1,A,0,505050202050,20201202,8,171
10072,2,A,1,505050202050,20201202,8,172
10073,1,A,0,505050202050,20201202,8,173
10074,2,A,0,505050202050,20201202,8,174
10075,1,A,1,505050202050,20201202,8,175
10076,2,A,1,505050202050,20201202,8,176
10077,1,A,0,505050202050,20201202,8,177
10078,2,A,0,505050202050,20201202,8,178
10079,1,A,0,505050202050,20201202,8,179
