,leaf,stem,reward,contingency,date,session,trial
0,4,B,1,805020802020,20201203,1,0
1,3,B,0,805020642020,20201203,1,1
2,2,A,0,805020802020,20201203,1,2
3,1,A,1,804020802020,20201203,1,3
4,2,A,1,644020802020,20201203,1,4
5,1,A,1,643220802020,20201203,1,5
6,2,A,0,513220802020,20201203,1,6
7,1,A,1,512520802020,20201203,1,7
8,2,A,1,402520802020,20201203,1,8
9,1,A,0,402020802020,20201203,1,9
10,2,A,0,322020802020,20201203,1,10
11,1,A,0,321620802020,20201203,1,11
12,6,C,0,805020802020,20201203,1,12
13,5,C,1,805020802016,20201203,1,13
14,6,C,0,805020801616,20201203,1,14
15,5,C,0,805020801612,20201203,1,15
16,4,B,1,805020802020,20201203,1,16
17,3,B,1,805020642020,20201203,1,17
18,4,B,1,805016642020,20201203,1,18
19,3,B,1,805016512020,20201203,1,19
20,4,B,0,805012512020,20201203,1,20
21,3,B,1,805012402020,20201203,1,21
22,4,B,1,805010402020,20201203,1,22
23,3,B,0,805010322020,20201203,1,23
24,4,B,0,805008322020,20201203,1,24
25,2,A,0,805020802020,20201203,1,25
26,1,A,1,804020802020,20201203,1,26
27,2,A,0,644020802020,20201203,1,27
28,1,A,1,643220802020,20201203,1,28
29,2,A,0,513220802020,20201203,1,29
30,1,A,0,512520802020,20201203,1,30
31,6,C,0,805020802020,20201203,1,31
32,5,C,0,805020802016,20201203,1,32
33,6,C,0,805020801616,20201203,1,33
34,4,B,0,805020802020,20201203,1,34
35,3,B,0,805020642020,20201203,1,35
36,4,B,0,805016642020,20201203,1,36
37,1,A,1,805020802020,20201203,1,37
38,2,A,0,645020802020,20201203,1,38
39,1,A,1,644020802020,20201203,1,39
40,2,A,0,514020802020,20201203,1,40
41,1,A,0,513220802020,20201203,1,41
42,4,B,1,805020802020,20201203,1,42
43,3,B,0,805020642020,20201203,1,43
44,4,B,1,805016642020,20201203,1,44
45,3,B,0,805016512020,20201203,1,45
46,4,B,0,805012512020,20201203,1,46
47,2,A,1,805020802020,20201203,1,47
48,1,A,1,804020802020,20201203,1,48
49,2,A,0,644020802020,20201203,1,49
50,1,A,0,643220802020,20201203,1,50
51,2,A,0,513220802020,20201203,1,51
52,6,C,0,805020802020,20201203,1,52
53,5,C,0,805020802016,20201203,1,53
54,4,B,1,805020802020,20201203,1,54
55,3,B,0,805020642020,20201203,1,55
56,4,B,0,805016642020,20201203,1,56
57,3,B,0,805016512020,20201203,1,57
58,4,B,1,805012512020,20201203,1,58
59,1,A,0,805020802020,20201203,1,59
60,2,A,0,645020802020,20201203,1,60
61,1,A,0,644020802020,20201203,1,61
62,4,B,1,805020802020,20201203,1,62
63,3,B,1,805020642020,20201203,1,63
64,4,B,0,805016642020,20201203,1,64
65,3,B,0,805016512020,20201203,1,65
66,4,B,0,805012512020,20201203,1,66
67,6,C,0,805020802020,20201203,1,67
68,5,C,1,805020802016,20201203,1,68
69,6,C,0,805020801616,20201203,1,69
70,5,C,1,805020801612,20201203,1,70
71,6,C,0,805020801212,20201203,1,71
72,5,C,0,805020801210,20201203,1,72
73,4,B,1,805020802020,20201203,1,73
74,3,B,1,805020642020,20201203,1,74
75,4,B,1,805016642020,20201203,1,75
76,3,B,1,805016512020,20201203,1,76
77,4,B,0,805012512020,20201203,1,77
78,3,B,0,805012402020,20201203,1,78
79,4,B,0,805010402020,20201203,1,79
80,1,A,0,805020802020,20201203,1,80
81,2,A,0,645020802020,20201203,1,81
82,1,A,1,644020802020,20201203,1,82
83,2,A,1,514020802020,20201203,1,83
84,1,A,1,513220802020,20201203,1,84
85,2,A,0,403220802020,20201203,1,85
86,1,A,0,402520802020,20201203,1,86
87,2,A,0,322520802020,20201203,1,87
88,1,A,0,322020802020,20201203,1,88
89,4,B,1,805020802020,20201203,1,89
90,3,B,0,805020642020,20201203,1,90
91,4,B,0,805016642020,20201203,1,91
92,3,B,0,805016512020,20201203,1,92
93,4,B,1,805012512020,20201203,1,93
94,3,B,0,805012402020,20201203,1,94
95,4,B,1,805010402020,20201203,1,95
96,3,B,0,805010322020,20201203,1,96
97,4,B,0,805008322020,20201203,1,97
98,3,B,0,805008262020,20201203,1,98
99,4,B,0,805006262020,20201203,1,99
100,6,C,0,805020802020,20201203,1,100
101,5,C,0,805020802016,20201203,1,101
102,1,A,1,805020802020,20201203,1,102
103,2,A,0,645020802020,20201203,1,103
104,1,A,0,644020802020,20201203,1,104
105,2,A,0,514020802020,20201203,1,105
106,1,A,0,513220802020,20201203,1,106
107,4,B,0,805020802020,20201203,1,107
108,3,B,0,805020642020,20201203,1,108
109,4,B,1,805016642020,20201203,1,109
110,3,B,0,805016512020,20201203,1,110
111,4,B,1,805012512020,20201203,1,111
112,3,B,0,805012402020,20201203,1,112
113,4,B,1,805010402020,20201203,1,113
114,3,B,1,805010322020,20201203,1,114
115,4,B,0,805008322020,20201203,1,115
116,3,B,0,805008262020,20201203,1,116
117,4,B,0,805006262020,20201203,1,117
118,6,C,0,805020802020,20201203,1,118
119,5,C,0,805020802016,20201203,1,119
120,6,C,0,805020801616,20201203,1,120
121,5,C,0,805020801612,20201203,1,121
122,6,C,1,805020801212,20201203,1,122
123,5,C,0,805020801210,20201203,1,123
124,6,C,0,805020801010,20201203,1,124
125,5,C,0,805020801008,20201203,1,125
126,4,B,1,805020802020,20201203,1,126
127,3,B,0,805020642020,20201203,1,127
128,4,B,1,805016642020,20201203,1,128
129,3,B,0,805016512020,20201203,1,129
130,4,B,0,805012512020,20201203,1,130
131,3,B,0,805012402020,20201203,1,131
132,4,B,0,805010402020,20201203,1,132
133,1,A,1,805020802020,20201203,1,133
134,2,A,1,645020802020,20201203,1,134
135,1,A,1,644020802020,20201203,1,135
136,2,A,0,514020802020,20201203,1,136
137,1,A,0,513220802020,20201203,1,137
138,2,A,0,403220802020,20201203,1,138
139,1,A,1,402520802020,20201203,1,139
140,2,A,0,322520802020,20201203,1,140
141,1,A,1,322020802020,20201203,1,141
142,2,A,0,262020802020,20201203,1,142
143,1,A,0,261620802020,20201203,1,143
144,2,A,0,201620802020,20201203,1,144
145,1,A,0,201320802020,20201203,1,145
146,6,C,0,805020802020,20201203,1,146
147,5,C,1,805020802016,20201203,1,147
148,6,C,0,805020801616,20201203,1,148
149,5,C,0,805020801612,20201203,1,149
150,6,C,0,805020801212,20201203,1,150
151,5,C,0,805020801210,20201203,1,151
152,6,C,0,805020801010,20201203,1,152
153,4,B,0,805020802020,20201203,1,153
154,3,B,1,805020642020,20201203,1,154
155,4,B,1,805016642020,20201203,1,155
156,3,B,0,805016512020,20201203,1,156
157,4,B,1,805012512020,20201203,1,157
158,3,B,0,805012402020,20201203,1,158
159,4,B,0,805010402020,20201203,1,159
160,3,B,1,805010322020,20201203,1,160
161,4,B,1,805008322020,20201203,1,161
162,3,B,0,805008262020,20201203,1,162
163,4,B,0,805006262020,20201203,1,163
164,3,B,0,805006202020,20201203,1,164
165,4,B,0,805005202020,20201203,1,165
166,3,B,0,805005162020,20201203,1,166
167,4,B,0,805004162020,20201203,1,167
168,2,A,1,805020802020,20201203,1,168
169,1,A,1,804020802020,20201203,1,169
170,2,A,1,644020802020,20201203,1,170
171,1,A,1,643220802020,20201203,1,171
172,2,A,1,513220802020,20201203,1,172
173,1,A,1,512520802020,20201203,1,173
174,2,A,0,402520802020,20201203,1,174
175,1,A,1,402020802020,20201203,1,175
176,2,A,0,322020802020,20201203,1,176
177,1,A,1,321620802020,20201203,1,177
178,2,A,1,261620802020,20201203,1,178
179,1,A,0,261320802020,20201203,1,179
180,2,A,0,201320802020,20201203,1,180
181,1,A,0,201020802020,20201203,1,181
182,2,A,0,161020802020,20201203,1,182
183,1,A,0,160820802020,20201203,1,183
184,4,B,0,805020802020,20201203,1,184
185,3,B,0,805020642020,20201203,1,185
186,4,B,0,805016642020,20201203,1,186
187,6,C,0,805020802020,20201203,1,187
188,5,C,0,805020802016,20201203,1,188
189,6,C,0,805020801616,20201203,1,189
190,5,C,0,805020801612,20201203,1,190
191,2,A,0,805020802020,20201203,1,191
192,1,A,1,804020802020,20201203,1,192
193,2,A,1,644020802020,20201203,1,193
194,1,A,0,643220802020,20201203,1,194
195,2,A,0,513220802020,20201203,1,195
196,1,A,1,512520802020,20201203,1,196
197,2,A,0,402520802020,20201203,1,197
198,1,A,0,402020802020,20201203,1,198
199,2,A,0,322020802020,20201203,1,199
200,1,A,0,321620802020,20201203,1,200
201,2,A,0,261620802020,20201203,1,201
202,4,B,1,805020802020,20201203,1,202
203,3,B,0,805020642020,20201203,1,203
204,4,B,1,805016642020,20201203,1,204
205,3,B,0,805016512020,20201203,1,205
206,4,B,0,805012512020,20201203,1,206
207,2,A,0,805020802020,20201203,1,207
208,1,A,1,804020802020,20201203,1,208
209,2,A,1,644020802020,20201203,1,209
210,1,A,0,643220802020,20201203,1,210
211,2,A,0,513220802020,20201203,1,211
212,1,A,0,512520802020,20201203,1,212
213,2,A,0,402520802020,20201203,1,213
214,1,A,0,402020802020,20201203,1,214
215,4,B,1,805020802020,20201203,1,215
216,3,B,0,805020642020,20201203,1,216
217,4,B,1,805016642020,20201203,1,217
218,3,B,0,805016512020,20201203,1,218
219,4,B,0,805012512020,20201203,1,219
220,3,B,0,805012402020,20201203,1,220
221,4,B,1,805010402020,20201203,1,221
222,3,B,0,805010322020,20201203,1,222
223,4,B,0,805008322020,20201203,1,223
224,1,A,0,805020802020,20201203,1,224
225,2,A,1,645020802020,20201203,1,225
226,1,A,0,644020802020,20201203,1,226
227,2,A,0,514020802020,20201203,1,227
228,1,A,1,513220802020,20201203,1,228
229,2,A,1,403220802020,20201203,1,229
230,1,A,1,402520802020,20201203,1,230
231,2,A,0,322520802020,20201203,1,231
232,1,A,0,322020802020,20201203,1,232
233,2,A,0,262020802020,20201203,1,233
234,1,A,0,261620802020,20201203,1,234
235,2,A,0,201620802020,20201203,1,235
236,1,A,0,201320802020,20201203,1,236
237,4,B,1,805020802020,20201203,1,237
238,3,B,0,805020642020,20201203,1,238
239,4,B,1,805016642020,20201203,1,239
240,3,B,0,805016512020,20201203,1,240
241,4,B,1,805012512020,20201203,1,241
242,3,B,0,805012402020,20201203,1,242
243,4,B,0,805010402020,20201203,1,243
244,2,A,1,805020802020,20201203,1,244
245,1,A,1,804020802020,20201203,1,245
246,2,A,0,644020802020,20201203,1,246
247,1,A,0,643220802020,20201203,1,247
248,2,A,0,513220802020,20201203,1,248
249,1,A,1,512520802020,20201203,1,249
250,2,A,0,402520802020,20201203,1,250
251,1,A,1,402020802020,20201203,1,251
252,2,A,0,322020802020,20201203,1,252
253,1,A,0,321620802020,20201203,1,253
254,2,A,1,261620802020,20201203,1,254
255,1,A,0,261320802020,20201203,1,255
256,2,A,0,201320802020,20201203,1,256
257,1,A,0,201020802020,20201203,1,257
258,4,B,1,805020802020,20201203,1,258
259,3,B,0,805020642020,20201203,1,259
260,4,B,1,805016642020,20201203,1,260
261,3,B,0,805016512020,20201203,1,261
262,4,B,1,805012512020,20201203,1,262
263,3,B,0,805012402020,20201203,1,263
264,4,B,1,805010402020,20201203,1,264
265,3,B,0,805010322020,20201203,1,265
266,4,B,0,805008322020,20201203,1,266
267,3,B,0,805008262020,20201203,1,267
268,4,B,0,805006262020,20201203,1,268
269,3,B,0,805006202020,20201203,1,269
270,4,B,0,805005202020,20201203,1,270
271,6,C,1,805020802020,20201203,1,271
272,5,C,0,805020802016,20201203,1,272
273,6,C,0,805020801616,20201203,1,273
274,2,A,0,805020802020,20201203,1,274
275,1,A,1,804020802020,20201203,1,275
276,2,A,0,644020802020,20201203,1,276
277,1,A,1,643220802020,20201203,1,277
278,2,A,1,513220802020,20201203,1,278
279,1,A,0,512520802020,20201203,1,279
280,2,A,0,402520802020,20201203,1,280
281,1,A,0,402020802020,20201203,1,281
282,4,B,1,805020802020,20201203,1,282
283,3,B,0,805020642020,20201203,1,283
284,4,B,1,805016642020,20201203,1,284
285,3,B,0,805016512020,20201203,1,285
286,4,B,0,805012512020,20201203,1,286
287,2,A,1,805020802020,20201203,1,287
288,1,A,1,804020802020,20201203,1,288
289,2,A,0,644020802020,20201203,1,289
290,1,A,0,643220802020,20201203,1,290
291,2,A,0,513220802020,20201203,1,291
292,1,A,1,512520802020,20201203,1,292
293,2,A,0,402520802020,20201203,1,293
294,1,A,0,402020802020,20201203,1,294
295,2,A,0,322020802020,20201203,1,295
296,1,A,1,321620802020,20201203,1,296
297,2,A,0,261620802020,20201203,1,297
298,1,A,0,261320802020,20201203,1,298
299,6,C,0,805020802020,20201203,1,299
300,4,B,0,205080208050,20201203,2,0
301,1,A,0,205080208050,20201203,2,1
302,2,A,0,165080208050,20201203,2,2
303,1,A,0,164080208050,20201203,2,3
304,6,C,1,205080208050,20201203,2,4
305,3,B,1,205080208050,20201203,2,5
306,4,B,0,205064208050,20201203,2,6
307,3,B,0,205064168050,20201203,2,7
308,4,B,0,205051168050,20201203,2,8
309,2,A,1,205080208050,20201203,2,9
310,1,A,0,204080208050,20201203,2,10
311,2,A,1,164080208050,20201203,2,11
312,1,A,1,163280208050,20201203,2,12
313,2,A,0,123280208050,20201203,2,13
314,1,A,0,122580208050,20201203,2,14
315,2,A,0,102580208050,20201203,2,15
316,1,A,0,102080208050,20201203,2,16
317,6,C,0,205080208050,20201203,2,17
318,5,C,0,205080208040,20201203,2,18
319,6,C,1,205080206440,20201203,2,19
320,5,C,1,205080206432,20201203,2,20
321,6,C,1,205080205132,20201203,2,21
322,5,C,1,205080205125,20201203,2,22
323,6,C,0,205080204025,20201203,2,23
324,5,C,1,205080204020,20201203,2,24
325,6,C,1,205080203220,20201203,2,25
326,5,C,0,205080203216,20201203,2,26
327,6,C,0,205080202616,20201203,2,27
328,5,C,0,205080202613,20201203,2,28
329,6,C,0,205080202013,20201203,2,29
330,5,C,0,205080202010,20201203,2,30
331,6,C,1,205080201610,20201203,2,31
332,5,C,0,205080201608,20201203,2,32
333,6,C,0,205080201308,20201203,2,33
334,1,A,0,205080208050,20201203,2,34
335,2,A,0,165080208050,20201203,2,35
336,1,A,0,164080208050,20201203,2,36
337,2,A,0,124080208050,20201203,2,37
338,1,A,0,123280208050,20201203,2,38
339,2,A,1,103280208050,20201203,2,39
340,1,A,0,102580208050,20201203,2,40
341,2,A,0,082580208050,20201203,2,41
342,4,B,1,205080208050,20201203,2,42
343,3,B,1,205080168050,20201203,2,43
344,4,B,0,205064168050,20201203,2,44
345,3,B,1,205064128050,20201203,2,45
346,4,B,0,205051128050,20201203,2,46
347,3,B,1,205051108050,20201203,2,47
348,4,B,0,205040108050,20201203,2,48
349,3,B,0,205040088050,20201203,2,49
350,4,B,0,205032088050,20201203,2,50
351,3,B,0,205032068050,20201203,2,51
352,1,A,0,205080208050,20201203,2,52
353,2,A,1,165080208050,20201203,2,53
354,1,A,0,164080208050,20201203,2,54
355,2,A,0,124080208050,20201203,2,55
356,6,C,1,205080208050,20201203,2,56
357,5,C,1,205080208040,20201203,2,57
358,6,C,0,205080206440,20201203,2,58
359,5,C,1,205080206432,20201203,2,59
360,6,C,0,205080205132,20201203,2,60
361,5,C,1,205080205125,20201203,2,61
362,6,C,0,205080204025,20201203,2,62
363,5,C,0,205080204020,20201203,2,63
364,6,C,0,205080203220,20201203,2,64
365,5,C,1,205080203216,20201203,2,65
366,6,C,0,205080202616,20201203,2,66
367,5,C,0,205080202613,20201203,2,67
368,2,A,1,205080208050,20201203,2,68
369,1,A,0,204080208050,20201203,2,69
370,2,A,0,164080208050,20201203,2,70
371,1,A,0,163280208050,20201203,2,71
372,2,A,1,123280208050,20201203,2,72
373,1,A,0,122580208050,20201203,2,73
374,2,A,0,102580208050,20201203,2,74
375,4,B,0,205080208050,20201203,2,75
376,3,B,1,205080168050,20201203,2,76
377,4,B,0,205064168050,20201203,2,77
378,3,B,1,205064128050,20201203,2,78
379,4,B,0,205051128050,20201203,2,79
380,3,B,1,205051108050,20201203,2,80
381,4,B,0,205040108050,20201203,2,81
382,3,B,0,205040088050,20201203,2,82
383,4,B,0,205032088050,20201203,2,83
384,3,B,1,205032068050,20201203,2,84
385,4,B,0,205026068050,20201203,2,85
386,3,B,0,205026058050,20201203,2,86
387,4,B,0,205020058050,20201203,2,87
388,3,B,0,205020048050,20201203,2,88
389,2,A,1,205080208050,20201203,2,89
390,1,A,0,204080208050,20201203,2,90
391,2,A,1,164080208050,20201203,2,91
392,1,A,0,163280208050,20201203,2,92
393,2,A,1,123280208050,20201203,2,93
394,1,A,0,122580208050,20201203,2,94
395,2,A,0,102580208050,20201203,2,95
396,6,C,0,205080208050,20201203,2,96
397,5,C,1,205080208040,20201203,2,97
398,6,C,0,205080206440,20201203,2,98
399,5,C,1,205080206432,20201203,2,99
400,6,C,0,205080205132,20201203,2,100
401,5,C,1,205080205125,20201203,2,101
402,6,C,0,205080204025,20201203,2,102
403,5,C,0,205080204020,20201203,2,103
404,6,C,1,205080203220,20201203,2,104
405,5,C,0,205080203216,20201203,2,105
406,6,C,0,205080202616,20201203,2,106
407,4,B,0,205080208050,20201203,2,107
408,3,B,1,205080168050,20201203,2,108
409,4,B,0,205064168050,20201203,2,109
410,3,B,0,205064128050,20201203,2,110
411,4,B,0,205051128050,20201203,2,111
412,3,B,0,205051108050,20201203,2,112
413,2,A,1,205080208050,20201203,2,113
414,1,A,0,204080208050,20201203,2,114
415,2,A,0,164080208050,20201203,2,115
416,1,A,0,163280208050,20201203,2,116
417,2,A,1,123280208050,20201203,2,117
418,1,A,0,122580208050,20201203,2,118
419,2,A,0,102580208050,20201203,2,119
420,1,A,0,102080208050,20201203,2,120
421,6,C,1,205080208050,20201203,2,121
422,5,C,1,205080208040,20201203,2,122
423,6,C,0,205080206440,20201203,2,123
424,5,C,1,205080206432,20201203,2,124
425,6,C,1,205080205132,20201203,2,125
426,5,C,0,205080205125,20201203,2,126
427,6,C,1,205080204025,20201203,2,127
428,5,C,1,205080204020,20201203,2,128
429,6,C,0,205080203220,20201203,2,129
430,5,C,0,205080203216,20201203,2,130
431,6,C,0,205080202616,20201203,2,131
432,5,C,0,205080202613,20201203,2,132
433,6,C,0,205080202013,20201203,2,133
434,5,C,0,205080202010,20201203,2,134
435,6,C,0,205080201610,20201203,2,135
436,4,B,0,205080208050,20201203,2,136
437,3,B,1,205080168050,20201203,2,137
438,4,B,0,205064168050,20201203,2,138
439,3,B,1,205064128050,20201203,2,139
440,4,B,1,205051128050,20201203,2,140
441,3,B,0,205051108050,20201203,2,141
442,4,B,1,205040108050,20201203,2,142
443,3,B,1,205040088050,20201203,2,143
444,4,B,0,205032088050,20201203,2,144
445,3,B,1,205032068050,20201203,2,145
446,4,B,0,205026068050,20201203,2,146
447,3,B,0,205026058050,20201203,2,147
448,4,B,0,205020058050,20201203,2,148
449,3,B,0,205020048050,20201203,2,149
450,2,A,1,205080208050,20201203,2,150
451,1,A,0,204080208050,20201203,2,151
452,2,A,0,164080208050,20201203,2,152
453,1,A,1,163280208050,20201203,2,153
454,2,A,0,123280208050,20201203,2,154
455,1,A,1,122580208050,20201203,2,155
456,2,A,0,102580208050,20201203,2,156
457,1,A,0,102080208050,20201203,2,157
458,2,A,0,082080208050,20201203,2,158
459,1,A,0,081680208050,20201203,2,159
460,2,A,0,061680208050,20201203,2,160
461,1,A,0,061380208050,20201203,2,161
462,6,C,1,205080208050,20201203,2,162
463,5,C,0,205080208040,20201203,2,163
464,6,C,1,205080206440,20201203,2,164
465,5,C,0,205080206432,20201203,2,165
466,6,C,0,205080205132,20201203,2,166
467,5,C,1,205080205125,20201203,2,167
468,6,C,1,205080204025,20201203,2,168
469,5,C,0,205080204020,20201203,2,169
470,6,C,1,205080203220,20201203,2,170
471,5,C,0,205080203216,20201203,2,171
472,6,C,0,205080202616,20201203,2,172
473,5,C,0,205080202613,20201203,2,173
474,6,C,0,205080202013,20201203,2,174
475,3,B,0,205080208050,20201203,2,175
476,4,B,0,205064208050,20201203,2,176
477,3,B,1,205064168050,20201203,2,177
478,4,B,0,205051168050,20201203,2,178
479,3,B,1,205051128050,20201203,2,179
480,4,B,0,205040128050,20201203,2,180
481,3,B,1,205040108050,20201203,2,181
482,4,B,0,205032108050,20201203,2,182
483,3,B,0,205032088050,20201203,2,183
484,4,B,1,205026088050,20201203,2,184
485,3,B,0,205026068050,20201203,2,185
486,4,B,0,205020068050,20201203,2,186
487,3,B,0,205020058050,20201203,2,187
488,4,B,0,205016058050,20201203,2,188
489,3,B,0,205016048050,20201203,2,189
490,1,A,0,205080208050,20201203,2,190
491,2,A,1,165080208050,20201203,2,191
492,1,A,0,164080208050,20201203,2,192
493,2,A,0,124080208050,20201203,2,193
494,1,A,0,123280208050,20201203,2,194
495,2,A,1,103280208050,20201203,2,195
496,1,A,0,102580208050,20201203,2,196
497,2,A,0,082580208050,20201203,2,197
498,6,C,0,205080208050,20201203,2,198
499,5,C,1,205080208040,20201203,2,199
500,6,C,1,205080206440,20201203,2,200
501,5,C,0,205080206432,20201203,2,201
502,6,C,0,205080205132,20201203,2,202
503,5,C,0,205080205125,20201203,2,203
504,6,C,1,205080204025,20201203,2,204
505,5,C,0,205080204020,20201203,2,205
506,6,C,0,205080203220,20201203,2,206
507,5,C,1,205080203216,20201203,2,207
508,6,C,0,205080202616,20201203,2,208
509,5,C,1,205080202613,20201203,2,209
510,6,C,0,205080202013,20201203,2,210
511,5,C,1,205080202010,20201203,2,211
512,6,C,1,205080201610,20201203,2,212
513,5,C,0,205080201608,20201203,2,213
514,6,C,0,205080201308,20201203,2,214
515,5,C,0,205080201306,20201203,2,215
516,6,C,0,205080201006,20201203,2,216
517,4,B,0,205080208050,20201203,2,217
518,3,B,0,205080168050,20201203,2,218
519,4,B,0,205064168050,20201203,2,219
520,3,B,1,205064128050,20201203,2,220
521,4,B,1,205051128050,20201203,2,221
522,3,B,0,205051108050,20201203,2,222
523,4,B,0,205040108050,20201203,2,223
524,3,B,1,205040088050,20201203,2,224
525,4,B,1,205032088050,20201203,2,225
526,3,B,0,205032068050,20201203,2,226
527,4,B,0,205026068050,20201203,2,227
528,3,B,0,205026058050,20201203,2,228
529,4,B,0,205020058050,20201203,2,229
530,3,B,0,205020048050,20201203,2,230
531,4,B,0,205016048050,20201203,2,231
532,3,B,0,205016038050,20201203,2,232
533,4,B,0,205013038050,20201203,2,233
534,2,A,1,205080208050,20201203,2,234
535,1,A,0,204080208050,20201203,2,235
536,2,A,1,164080208050,20201203,2,236
537,1,A,0,163280208050,20201203,2,237
538,2,A,1,123280208050,20201203,2,238
539,1,A,0,122580208050,20201203,2,239
540,2,A,0,102580208050,20201203,2,240
541,1,A,0,102080208050,20201203,2,241
542,2,A,0,082080208050,20201203,2,242
543,6,C,1,205080208050,20201203,2,243
544,5,C,1,205080208040,20201203,2,244
545,6,C,0,205080206440,20201203,2,245
546,5,C,1,205080206432,20201203,2,246
547,6,C,0,205080205132,20201203,2,247
548,5,C,0,205080205125,20201203,2,248
549,6,C,0,205080204025,20201203,2,249
550,5,C,0,205080204020,20201203,2,250
551,6,C,0,205080203220,20201203,2,251
552,4,B,0,205080208050,20201203,2,252
553,3,B,1,205080168050,20201203,2,253
554,4,B,0,205064168050,20201203,2,254
555,3,B,0,205064128050,20201203,2,255
556,4,B,0,205051128050,20201203,2,256
557,3,B,1,205051108050,20201203,2,257
558,4,B,0,205040108050,20201203,2,258
559,3,B,1,205040088050,20201203,2,259
560,4,B,0,205032088050,20201203,2,260
561,3,B,0,205032068050,20201203,2,261
562,4,B,0,205026068050,20201203,2,262
563,3,B,1,205026058050,20201203,2,263
564,4,B,0,205020058050,20201203,2,264
565,3,B,0,205020048050,20201203,2,265
566,4,B,0,205016048050,20201203,2,266
567,3,B,0,205016038050,20201203,2,267
568,2,A,1,205080208050,20201203,2,268
569,1,A,0,204080208050,20201203,2,269
570,2,A,1,164080208050,20201203,2,270
571,1,A,0,163280208050,20201203,2,271
572,2,A,0,123280208050,20201203,2,272
573,1,A,0,122580208050,20201203,2,273
574,2,A,0,102580208050,20201203,2,274
575,6,C,1,205080208050,20201203,2,275
576,5,C,1,205080208040,20201203,2,276
577,6,C,1,205080206440,20201203,2,277
578,5,C,1,205080206432,20201203,2,278
579,6,C,0,205080205132,20201203,2,279
580,5,C,0,205080205125,20201203,2,280
581,6,C,0,205080204025,20201203,2,281
582,5,C,0,205080204020,20201203,2,282
583,6,C,0,205080203220,20201203,2,283
584,4,B,0,205080208050,20201203,2,284
585,4,B,1,202050805020,20201203,3,0
586,3,B,0,202050645020,20201203,3,1
587,2,A,0,202050805020,20201203,3,2
588,1,A,0,201650805020,20201203,3,3
589,2,A,0,161650805020,20201203,3,4
590,1,A,0,161250805020,20201203,3,5
591,6,C,0,202050805020,20201203,3,6
592,5,C,0,202050805016,20201203,3,7
593,4,B,1,202050805020,20201203,3,8
594,3,B,0,202050645020,20201203,3,9
595,4,B,1,202040645020,20201203,3,10
596,3,B,1,202040515020,20201203,3,11
597,4,B,1,202032515020,20201203,3,12
598,3,B,0,202032405020,20201203,3,13
599,4,B,1,202025405020,20201203,3,14
600,3,B,0,202025325020,20201203,3,15
601,4,B,1,202020325020,20201203,3,16
602,3,B,0,202020265020,20201203,3,17
603,4,B,0,202016265020,20201203,3,18
604,2,A,0,202050805020,20201203,3,19
605,1,A,1,201650805020,20201203,3,20
606,2,A,1,161650805020,20201203,3,21
607,1,A,0,161250805020,20201203,3,22
608,2,A,0,121250805020,20201203,3,23
609,1,A,1,121050805020,20201203,3,24
610,6,C,0,202050805020,20201203,3,25
611,5,C,0,202050805016,20201203,3,26
612,4,B,1,202050805020,20201203,3,27
613,3,B,1,202050645020,20201203,3,28
614,4,B,1,202040645020,20201203,3,29
615,3,B,0,202040515020,20201203,3,30
616,4,B,1,202032515020,20201203,3,31
617,3,B,0,202032405020,20201203,3,32
618,4,B,0,202025405020,20201203,3,33
619,3,B,0,202025325020,20201203,3,34
620,4,B,0,202020325020,20201203,3,35
621,2,A,0,202050805020,20201203,3,36
622,1,A,0,201650805020,20201203,3,37
623,2,A,1,161650805020,20201203,3,38
624,1,A,0,161250805020,20201203,3,39
625,2,A,1,121250805020,20201203,3,40
626,1,A,0,121050805020,20201203,3,41
627,2,A,1,101050805020,20201203,3,42
628,4,B,1,202050805020,20201203,3,43
629,3,B,0,202050645020,20201203,3,44
630,4,B,0,202040645020,20201203,3,45
631,6,C,0,202050805020,20201203,3,46
632,5,C,0,202050805016,20201203,3,47
633,6,C,0,202050804016,20201203,3,48
634,5,C,1,202050804012,20201203,3,49
635,6,C,1,202050803212,20201203,3,50
636,5,C,0,202050803210,20201203,3,51
637,6,C,0,202050802510,20201203,3,52
638,5,C,0,202050802508,20201203,3,53
639,4,B,0,202050805020,20201203,3,54
640,3,B,1,202050645020,20201203,3,55
641,4,B,0,202040645020,20201203,3,56
642,3,B,1,202040515020,20201203,3,57
643,4,B,1,202032515020,20201203,3,58
644,3,B,0,202032405020,20201203,3,59
645,4,B,0,202025405020,20201203,3,60
646,3,B,0,202025325020,20201203,3,61
647,4,B,0,202020325020,20201203,3,62
648,2,A,0,202050805020,20201203,3,63
649,1,A,1,201650805020,20201203,3,64
650,2,A,0,161650805020,20201203,3,65
651,1,A,0,161250805020,20201203,3,66
652,2,A,0,121250805020,20201203,3,67
653,1,A,0,121050805020,20201203,3,68
654,4,B,1,202050805020,20201203,3,69
655,3,B,1,202050645020,20201203,3,70
656,4,B,0,202040645020,20201203,3,71
657,3,B,0,202040515020,20201203,3,72
658,4,B,1,202032515020,20201203,3,73
659,3,B,0,202032405020,20201203,3,74
660,4,B,0,202025405020,20201203,3,75
661,3,B,0,202025325020,20201203,3,76
662,4,B,0,202020325020,20201203,3,77
663,6,C,1,202050805020,20201203,3,78
664,5,C,1,202050805016,20201203,3,79
665,6,C,0,202050804016,20201203,3,80
666,5,C,1,202050804012,20201203,3,81
667,6,C,1,202050803212,20201203,3,82
668,5,C,0,202050803210,20201203,3,83
669,6,C,1,202050802510,20201203,3,84
670,5,C,1,202050802508,20201203,3,85
671,6,C,0,202050802008,20201203,3,86
672,5,C,1,202050802006,20201203,3,87
673,6,C,0,202050801606,20201203,3,88
674,5,C,0,202050801605,20201203,3,89
675,6,C,1,202050801305,20201203,3,90
676,5,C,1,202050801304,20201203,3,91
677,6,C,0,202050801004,20201203,3,92
678,5,C,0,202050801003,20201203,3,93
679,6,C,0,202050800803,20201203,3,94
680,1,A,1,202050805020,20201203,3,95
681,2,A,1,162050805020,20201203,3,96
682,1,A,1,161650805020,20201203,3,97
683,2,A,0,121650805020,20201203,3,98
684,1,A,0,121250805020,20201203,3,99
685,2,A,0,101250805020,20201203,3,100
686,1,A,0,101050805020,20201203,3,101
687,4,B,1,202050805020,20201203,3,102
688,3,B,1,202050645020,20201203,3,103
689,4,B,1,202040645020,20201203,3,104
690,3,B,0,202040515020,20201203,3,105
691,4,B,1,202032515020,20201203,3,106
692,3,B,1,202032405020,20201203,3,107
693,4,B,0,202025405020,20201203,3,108
694,3,B,0,202025325020,20201203,3,109
695,4,B,0,202020325020,20201203,3,110
696,2,A,1,202050805020,20201203,3,111
697,1,A,0,201650805020,20201203,3,112
698,2,A,1,161650805020,20201203,3,113
699,1,A,0,161250805020,20201203,3,114
700,2,A,0,121250805020,20201203,3,115
701,1,A,0,121050805020,20201203,3,116
702,2,A,0,101050805020,20201203,3,117
703,4,B,0,202050805020,20201203,3,118
704,3,B,1,202050645020,20201203,3,119
705,4,B,0,202040645020,20201203,3,120
706,3,B,0,202040515020,20201203,3,121
707,4,B,0,202032515020,20201203,3,122
708,2,A,1,202050805020,20201203,3,123
709,1,A,0,201650805020,20201203,3,124
710,2,A,0,161650805020,20201203,3,125
711,1,A,0,161250805020,20201203,3,126
712,2,A,0,121250805020,20201203,3,127
713,6,C,0,202050805020,20201203,3,128
714,5,C,0,202050805016,20201203,3,129
715,6,C,1,202050804016,20201203,3,130
716,5,C,0,202050804012,20201203,3,131
717,6,C,0,202050803212,20201203,3,132
718,4,B,0,202050805020,20201203,3,133
719,3,B,1,202050645020,20201203,3,134
720,4,B,0,202040645020,20201203,3,135
721,3,B,1,202040515020,20201203,3,136
722,4,B,0,202032515020,20201203,3,137
723,3,B,0,202032405020,20201203,3,138
724,4,B,0,202025405020,20201203,3,139
725,3,B,0,202025325020,20201203,3,140
726,1,A,0,202050805020,20201203,3,141
727,2,A,1,162050805020,20201203,3,142
728,1,A,0,161650805020,20201203,3,143
729,2,A,0,121650805020,20201203,3,144
730,1,A,0,121250805020,20201203,3,145
731,4,B,1,202050805020,20201203,3,146
732,3,B,0,202050645020,20201203,3,147
733,4,B,1,202040645020,20201203,3,148
734,3,B,0,202040515020,20201203,3,149
735,4,B,0,202032515020,20201203,3,150
736,3,B,0,202032405020,20201203,3,151
737,4,B,0,202025405020,20201203,3,152
738,3,B,0,202025325020,20201203,3,153
739,4,B,0,202020325020,20201203,3,154
740,2,A,0,202050805020,20201203,3,155
741,1,A,0,201650805020,20201203,3,156
742,2,A,0,161650805020,20201203,3,157
743,1,A,0,161250805020,20201203,3,158
744,6,C,0,202050805020,20201203,3,159
745,5,C,1,202050805016,20201203,3,160
746,6,C,1,202050804016,20201203,3,161
747,5,C,1,202050804012,20201203,3,162
748,6,C,0,202050803212,20201203,3,163
749,5,C,0,202050803210,20201203,3,164
750,6,C,1,202050802510,20201203,3,165
751,5,C,0,202050802508,20201203,3,166
752,6,C,0,202050802008,20201203,3,167
753,3,B,1,202050805020,20201203,3,168
754,4,B,1,202040805020,20201203,3,169
755,3,B,1,202040645020,20201203,3,170
756,4,B,1,202032645020,20201203,3,171
757,3,B,0,202032515020,20201203,3,172
758,4,B,0,202025515020,20201203,3,173
759,3,B,0,202025405020,20201203,3,174
760,4,B,0,202020405020,20201203,3,175
761,3,B,1,202020325020,20201203,3,176
762,4,B,1,202016325020,20201203,3,177
763,3,B,0,202016265020,20201203,3,178
764,4,B,0,202013265020,20201203,3,179
765,3,B,0,202013205020,20201203,3,180
766,4,B,0,202010205020,20201203,3,181
767,1,A,0,202050805020,20201203,3,182
768,2,A,1,162050805020,20201203,3,183
769,1,A,0,161650805020,20201203,3,184
770,2,A,1,121650805020,20201203,3,185
771,1,A,0,121250805020,20201203,3,186
772,2,A,1,101250805020,20201203,3,187
773,1,A,0,101050805020,20201203,3,188
774,2,A,0,081050805020,20201203,3,189
775,4,B,0,202050805020,20201203,3,190
776,3,B,0,202050645020,20201203,3,191
777,4,B,1,202040645020,20201203,3,192
778,3,B,0,202040515020,20201203,3,193
779,4,B,1,202032515020,20201203,3,194
780,6,C,0,202050805020,20201203,3,195
781,5,C,1,202050805016,20201203,3,196
782,6,C,0,202050804016,20201203,3,197
783,5,C,0,202050804012,20201203,3,198
784,6,C,0,202050803212,20201203,3,199
785,5,C,1,202050803210,20201203,3,200
786,6,C,0,202050802510,20201203,3,201
787,5,C,0,202050802508,20201203,3,202
788,6,C,0,202050802008,20201203,3,203
789,1,A,0,202050805020,20201203,3,204
790,2,A,1,162050805020,20201203,3,205
791,1,A,0,161650805020,20201203,3,206
792,2,A,0,121650805020,20201203,3,207
793,4,B,1,202050805020,20201203,3,208
794,3,B,0,202050645020,20201203,3,209
795,4,B,1,202040645020,20201203,3,210
796,3,B,1,202040515020,20201203,3,211
797,4,B,1,202032515020,20201203,3,212
798,3,B,0,202032405020,20201203,3,213
799,4,B,0,202025405020,20201203,3,214
800,2,A,0,202050805020,20201203,3,215
801,1,A,0,201650805020,20201203,3,216
802,2,A,0,161650805020,20201203,3,217
803,1,A,1,161250805020,20201203,3,218
804,6,C,0,202050805020,20201203,3,219
805,5,C,0,202050805016,20201203,3,220
806,6,C,0,202050804016,20201203,3,221
807,5,C,0,202050804012,20201203,3,222
808,6,C,0,202050803212,20201203,3,223
809,5,C,1,202050803210,20201203,3,224
810,4,B,0,202050805020,20201203,3,225
811,3,B,0,202050645020,20201203,3,226
812,4,B,1,202040645020,20201203,3,227
813,3,B,1,202040515020,20201203,3,228
814,4,B,1,202032515020,20201203,3,229
815,3,B,0,202032405020,20201203,3,230
816,4,B,0,202025405020,20201203,3,231
817,3,B,0,202025325020,20201203,3,232
818,4,B,0,202020325020,20201203,3,233
819,3,B,0,202020265020,20201203,3,234
820,4,B,0,202016265020,20201203,3,235
821,2,A,0,202050805020,20201203,3,236
822,1,A,1,201650805020,20201203,3,237
823,4,B,0,508050202020,20201203,4,0
824,3,B,1,508050162020,20201203,4,1
825,2,A,1,508050202020,20201203,4,2
826,1,A,0,506450202020,20201203,4,3
827,2,A,0,406450202020,20201203,4,4
828,1,A,0,405150202020,20201203,4,5
829,6,C,0,508050202020,20201203,4,6
830,5,C,0,508050202016,20201203,4,7
831,6,C,0,508050201616,20201203,4,8
832,4,B,0,508050202020,20201203,4,9
833,3,B,1,508050162020,20201203,4,10
834,4,B,0,508040162020,20201203,4,11
835,3,B,1,508040122020,20201203,4,12
836,4,B,0,508032122020,20201203,4,13
837,3,B,1,508032102020,20201203,4,14
838,4,B,0,508025102020,20201203,4,15
839,3,B,0,508025082020,20201203,4,16
840,2,A,1,508050202020,20201203,4,17
841,1,A,0,506450202020,20201203,4,18
842,2,A,1,406450202020,20201203,4,19
843,1,A,0,405150202020,20201203,4,20
844,2,A,1,325150202020,20201203,4,21
845,1,A,0,324050202020,20201203,4,22
846,2,A,1,254050202020,20201203,4,23
847,1,A,1,253250202020,20201203,4,24
848,2,A,0,203250202020,20201203,4,25
849,1,A,0,202650202020,20201203,4,26
850,2,A,0,162650202020,20201203,4,27
851,4,B,0,508050202020,20201203,4,28
852,3,B,1,508050162020,20201203,4,29
853,4,B,0,508040162020,20201203,4,30
854,3,B,0,508040122020,20201203,4,31
855,4,B,0,508032122020,20201203,4,32
856,3,B,0,508032102020,20201203,4,33
857,4,B,0,508025102020,20201203,4,34
858,1,A,1,508050202020,20201203,4,35
859,2,A,1,408050202020,20201203,4,36
860,1,A,1,406450202020,20201203,4,37
861,2,A,1,326450202020,20201203,4,38
862,1,A,1,325150202020,20201203,4,39
863,2,A,1,255150202020,20201203,4,40
864,1,A,0,254050202020,20201203,4,41
865,2,A,1,204050202020,20201203,4,42
866,1,A,0,203250202020,20201203,4,43
867,2,A,1,163250202020,20201203,4,44
868,1,A,0,162650202020,20201203,4,45
869,2,A,0,132650202020,20201203,4,46
870,1,A,0,132050202020,20201203,4,47
871,2,A,0,102050202020,20201203,4,48
872,4,B,0,508050202020,20201203,4,49
873,3,B,1,508050162020,20201203,4,50
874,4,B,1,508040162020,20201203,4,51
875,3,B,0,508040122020,20201203,4,52
876,4,B,1,508032122020,20201203,4,53
877,3,B,0,508032102020,20201203,4,54
878,4,B,0,508025102020,20201203,4,55
879,3,B,1,508025082020,20201203,4,56
880,4,B,0,508020082020,20201203,4,57
881,3,B,0,508020062020,20201203,4,58
882,6,C,0,508050202020,20201203,4,59
883,5,C,0,508050202016,20201203,4,60
884,6,C,0,508050201616,20201203,4,61
885,5,C,0,508050201612,20201203,4,62
886,2,A,1,508050202020,20201203,4,63
887,1,A,0,506450202020,20201203,4,64
888,2,A,1,406450202020,20201203,4,65
889,1,A,1,405150202020,20201203,4,66
890,2,A,1,325150202020,20201203,4,67
891,1,A,1,324050202020,20201203,4,68
892,2,A,0,254050202020,20201203,4,69
893,1,A,0,253250202020,20201203,4,70
894,2,A,1,203250202020,20201203,4,71
895,1,A,0,202650202020,20201203,4,72
896,2,A,0,162650202020,20201203,4,73
897,4,B,0,508050202020,20201203,4,74
898,3,B,0,508050162020,20201203,4,75
899,4,B,0,508040162020,20201203,4,76
900,3,B,0,508040122020,20201203,4,77
901,4,B,0,508032122020,20201203,4,78
902,2,A,1,508050202020,20201203,4,79
903,1,A,0,506450202020,20201203,4,80
904,2,A,1,406450202020,20201203,4,81
905,1,A,0,405150202020,20201203,4,82
906,2,A,1,325150202020,20201203,4,83
907,1,A,0,324050202020,20201203,4,84
908,2,A,0,254050202020,20201203,4,85
909,6,C,0,508050202020,20201203,4,86
910,5,C,0,508050202016,20201203,4,87
911,6,C,1,508050201616,20201203,4,88
912,5,C,0,508050201612,20201203,4,89
913,6,C,0,508050201212,20201203,4,90
914,4,B,0,508050202020,20201203,4,91
915,3,B,0,508050162020,20201203,4,92
916,4,B,0,508040162020,20201203,4,93
917,3,B,1,508040122020,20201203,4,94
918,4,B,0,508032122020,20201203,4,95
919,3,B,1,508032102020,20201203,4,96
920,4,B,0,508025102020,20201203,4,97
921,3,B,0,508025082020,20201203,4,98
922,4,B,0,508020082020,20201203,4,99
923,3,B,1,508020062020,20201203,4,100
924,4,B,0,508016062020,20201203,4,101
925,3,B,0,508016052020,20201203,4,102
926,4,B,0,508013052020,20201203,4,103
927,3,B,0,508013042020,20201203,4,104
928,4,B,0,508010042020,20201203,4,105
929,3,B,0,508010032020,20201203,4,106
930,2,A,1,508050202020,20201203,4,107
931,1,A,0,506450202020,20201203,4,108
932,2,A,1,406450202020,20201203,4,109
933,1,A,1,405150202020,20201203,4,110
934,2,A,1,325150202020,20201203,4,111
935,1,A,1,324050202020,20201203,4,112
936,2,A,0,254050202020,20201203,4,113
937,1,A,0,253250202020,20201203,4,114
938,2,A,1,203250202020,20201203,4,115
939,1,A,0,202650202020,20201203,4,116
940,2,A,1,162650202020,20201203,4,117
941,1,A,0,162050202020,20201203,4,118
942,2,A,0,132050202020,20201203,4,119
943,4,B,0,508050202020,20201203,4,120
944,3,B,1,508050162020,20201203,4,121
945,4,B,0,508040162020,20201203,4,122
946,3,B,1,508040122020,20201203,4,123
947,4,B,0,508032122020,20201203,4,124
948,3,B,0,508032102020,20201203,4,125
949,4,B,0,508025102020,20201203,4,126
950,3,B,0,508025082020,20201203,4,127
951,4,B,0,508020082020,20201203,4,128
952,3,B,0,508020062020,20201203,4,129
953,6,C,0,508050202020,20201203,4,130
954,5,C,0,508050202016,20201203,4,131
955,6,C,0,508050201616,20201203,4,132
956,5,C,0,508050201612,20201203,4,133
957,6,C,0,508050201212,20201203,4,134
958,4,B,0,508050202020,20201203,4,135
959,3,B,1,508050162020,20201203,4,136
960,4,B,0,508040162020,20201203,4,137
961,3,B,0,508040122020,20201203,4,138
962,4,B,0,508032122020,20201203,4,139
963,3,B,1,508032102020,20201203,4,140
964,4,B,0,508025102020,20201203,4,141
965,3,B,0,508025082020,20201203,4,142
966,2,A,1,508050202020,20201203,4,143
967,1,A,0,506450202020,20201203,4,144
968,2,A,1,406450202020,20201203,4,145
969,1,A,0,405150202020,20201203,4,146
970,2,A,0,325150202020,20201203,4,147
971,1,A,0,324050202020,20201203,4,148
972,2,A,0,254050202020,20201203,4,149
973,1,A,0,253250202020,20201203,4,150
974,2,A,0,203250202020,20201203,4,151
975,6,C,0,508050202020,20201203,4,152
976,5,C,0,508050202016,20201203,4,153
977,6,C,0,508050201616,20201203,4,154
978,3,B,0,508050202020,20201203,4,155
979,4,B,1,508040202020,20201203,4,156
980,3,B,0,508040162020,20201203,4,157
981,4,B,0,508032162020,20201203,4,158
982,2,A,0,508050202020,20201203,4,159
983,1,A,1,506450202020,20201203,4,160
984,4,B,0,802020205080,20201203,5,0
985,3,B,0,802020165080,20201203,5,1
986,2,A,0,802020205080,20201203,5,2
987,1,A,1,801620205080,20201203,5,3
988,2,A,0,641620205080,20201203,5,4
989,1,A,1,641220205080,20201203,5,5
990,2,A,0,511220205080,20201203,5,6
991,6,C,1,802020205080,20201203,5,7
992,5,C,0,802020205064,20201203,5,8
993,6,C,1,802020204064,20201203,5,9
994,5,C,1,802020204051,20201203,5,10
995,6,C,0,802020203251,20201203,5,11
996,5,C,0,802020203240,20201203,5,12
997,4,B,0,802020205080,20201203,5,13
998,3,B,0,802020165080,20201203,5,14
999,4,B,0,802016165080,20201203,5,15
1000,3,B,0,802016125080,20201203,5,16
1001,2,A,0,802020205080,20201203,5,17
1002,1,A,1,801620205080,20201203,5,18
1003,2,A,0,641620205080,20201203,5,19
1004,1,A,1,641220205080,20201203,5,20
1005,2,A,0,511220205080,20201203,5,21
1006,1,A,1,511020205080,20201203,5,22
1007,2,A,1,401020205080,20201203,5,23
1008,1,A,0,400820205080,20201203,5,24
1009,2,A,0,320820205080,20201203,5,25
1010,6,C,1,802020205080,20201203,5,26
1011,5,C,0,802020205064,20201203,5,27
1012,6,C,1,802020204064,20201203,5,28
1013,5,C,1,802020204051,20201203,5,29
1014,6,C,1,802020203251,20201203,5,30
1015,5,C,0,802020203240,20201203,5,31
1016,6,C,1,802020202540,20201203,5,32
1017,5,C,1,802020202532,20201203,5,33
1018,6,C,1,802020202032,20201203,5,34
1019,5,C,0,802020202026,20201203,5,35
1020,6,C,0,802020201626,20201203,5,36
1021,4,B,0,802020205080,20201203,5,37
1022,3,B,0,802020165080,20201203,5,38
1023,4,B,0,802016165080,20201203,5,39
1024,1,A,1,802020205080,20201203,5,40
1025,2,A,0,642020205080,20201203,5,41
1026,1,A,0,641620205080,20201203,5,42
1027,2,A,0,511620205080,20201203,5,43
1028,1,A,0,511220205080,20201203,5,44
1029,2,A,1,401220205080,20201203,5,45
1030,1,A,0,401020205080,20201203,5,46
1031,2,A,1,321020205080,20201203,5,47
1032,1,A,1,320820205080,20201203,5,48
1033,2,A,0,260820205080,20201203,5,49
1034,1,A,0,260620205080,20201203,5,50
1035,2,A,0,200620205080,20201203,5,51
1036,6,C,0,802020205080,20201203,5,52
1037,5,C,0,802020205064,20201203,5,53
1038,6,C,1,802020204064,20201203,5,54
1039,5,C,1,802020204051,20201203,5,55
1040,6,C,1,802020203251,20201203,5,56
1041,5,C,1,802020203240,20201203,5,57
1042,6,C,0,802020202540,20201203,5,58
1043,5,C,0,802020202532,20201203,5,59
1044,6,C,0,802020202032,20201203,5,60
1045,5,C,0,802020202026,20201203,5,61
1046,6,C,0,802020201626,20201203,5,62
1047,4,B,0,802020205080,20201203,5,63
1048,3,B,1,802020165080,20201203,5,64
1049,4,B,0,802016165080,20201203,5,65
1050,3,B,0,802016125080,20201203,5,66
1051,4,B,0,802012125080,20201203,5,67
1052,3,B,0,802012105080,20201203,5,68
1053,4,B,0,802010105080,20201203,5,69
1054,2,A,0,802020205080,20201203,5,70
1055,1,A,1,801620205080,20201203,5,71
1056,2,A,0,641620205080,20201203,5,72
1057,1,A,1,641220205080,20201203,5,73
1058,6,C,1,802020205080,20201203,5,74
1059,5,C,1,802020205064,20201203,5,75
1060,6,C,1,802020204064,20201203,5,76
1061,5,C,1,802020204051,20201203,5,77
1062,6,C,1,802020203251,20201203,5,78
1063,5,C,1,802020203240,20201203,5,79
1064,6,C,0,802020202540,20201203,5,80
1065,5,C,0,802020202532,20201203,5,81
1066,6,C,0,802020202032,20201203,5,82
1067,5,C,0,802020202026,20201203,5,83
1068,6,C,0,802020201626,20201203,5,84
1069,4,B,0,802020205080,20201203,5,85
1070,3,B,1,802020165080,20201203,5,86
1071,4,B,0,802016165080,20201203,5,87
1072,3,B,1,802016125080,20201203,5,88
1073,4,B,0,802012125080,20201203,5,89
1074,3,B,0,802012105080,20201203,5,90
1075,2,A,0,802020205080,20201203,5,91
1076,1,A,1,801620205080,20201203,5,92
1077,2,A,1,641620205080,20201203,5,93
1078,1,A,0,641220205080,20201203,5,94
1079,2,A,0,511220205080,20201203,5,95
1080,1,A,0,511020205080,20201203,5,96
1081,2,A,0,401020205080,20201203,5,97
1082,1,A,1,400820205080,20201203,5,98
1083,2,A,1,320820205080,20201203,5,99
1084,1,A,0,320620205080,20201203,5,100
1085,2,A,0,260620205080,20201203,5,101
1086,1,A,0,260520205080,20201203,5,102
1087,2,A,0,200520205080,20201203,5,103
1088,1,A,0,200420205080,20201203,5,104
1089,3,B,0,802020205080,20201203,5,105
1090,4,B,1,802016205080,20201203,5,106
1091,3,B,1,802016165080,20201203,5,107
1092,4,B,0,802012165080,20201203,5,108
1093,3,B,1,802012125080,20201203,5,109
1094,4,B,0,802010125080,20201203,5,110
1095,3,B,0,802010105080,20201203,5,111
1096,4,B,0,802008105080,20201203,5,112
1097,3,B,0,802008085080,20201203,5,113
1098,6,C,1,802020205080,20201203,5,114
1099,5,C,0,802020205064,20201203,5,115
1100,6,C,1,802020204064,20201203,5,116
1101,5,C,0,802020204051,20201203,5,117
1102,6,C,1,802020203251,20201203,5,118
1103,5,C,0,802020203240,20201203,5,119
1104,6,C,1,802020202540,20201203,5,120
1105,5,C,1,802020202532,20201203,5,121
1106,6,C,0,802020202032,20201203,5,122
1107,2,A,0,802020205080,20201203,5,123
1108,1,A,1,801620205080,20201203,5,124
1109,2,A,0,641620205080,20201203,5,125
1110,1,A,1,641220205080,20201203,5,126
1111,2,A,0,511220205080,20201203,5,127
1112,1,A,1,511020205080,20201203,5,128
1113,2,A,0,401020205080,20201203,5,129
1114,1,A,1,400820205080,20201203,5,130
1115,2,A,0,320820205080,20201203,5,131
1116,1,A,0,320620205080,20201203,5,132
1117,2,A,0,260620205080,20201203,5,133
1118,1,A,1,260520205080,20201203,5,134
1119,3,B,0,802020205080,20201203,5,135
1120,4,B,0,802016205080,20201203,5,136
1121,3,B,0,802016165080,20201203,5,137
1122,4,B,0,802012165080,20201203,5,138
1123,3,B,0,802012125080,20201203,5,139
1124,4,B,0,802010125080,20201203,5,140
1125,3,B,0,802010105080,20201203,5,141
1126,4,B,0,802008105080,20201203,5,142
1127,3,B,0,802008085080,20201203,5,143
1128,1,A,1,802020205080,20201203,5,144
1129,2,A,0,642020205080,20201203,5,145
1130,1,A,0,641620205080,20201203,5,146
1131,2,A,0,511620205080,20201203,5,147
1132,1,A,0,511220205080,20201203,5,148
1133,6,C,1,802020205080,20201203,5,149
1134,5,C,1,802020205064,20201203,5,150
1135,6,C,0,802020204064,20201203,5,151
1136,5,C,0,802020204051,20201203,5,152
1137,6,C,0,802020203251,20201203,5,153
1138,5,C,0,802020203240,20201203,5,154
1139,6,C,0,802020202540,20201203,5,155
1140,4,B,0,802020205080,20201203,5,156
1141,3,B,0,802020165080,20201203,5,157
1142,4,B,0,802016165080,20201203,5,158
1143,3,B,0,802016125080,20201203,5,159
1144,1,A,1,802020205080,20201203,5,160
1145,2,A,1,642020205080,20201203,5,161
1146,1,A,0,641620205080,20201203,5,162
1147,2,A,0,511620205080,20201203,5,163
1148,1,A,0,511220205080,20201203,5,164
1149,2,A,0,401220205080,20201203,5,165
1150,1,A,0,401020205080,20201203,5,166
1151,6,C,1,802020205080,20201203,5,167
1152,5,C,0,802020205064,20201203,5,168
1153,6,C,0,802020204064,20201203,5,169
1154,5,C,1,802020204051,20201203,5,170
1155,6,C,1,802020203251,20201203,5,171
1156,5,C,0,802020203240,20201203,5,172
1157,6,C,0,802020202540,20201203,5,173
1158,4,B,0,802020205080,20201203,5,174
1159,3,B,1,802020165080,20201203,5,175
1160,4,B,0,802016165080,20201203,5,176
1161,3,B,0,802016125080,20201203,5,177
1162,4,B,0,802012125080,20201203,5,178
1163,3,B,1,802012105080,20201203,5,179
1164,4,B,0,802010105080,20201203,5,180
1165,3,B,0,802010085080,20201203,5,181
1166,1,A,1,802020205080,20201203,5,182
1167,2,A,0,642020205080,20201203,5,183
1168,1,A,0,641620205080,20201203,5,184
1169,6,C,1,802020205080,20201203,5,185
1170,4,B,0,202020505080,20201204,1,0
1171,3,B,0,202020405080,20201204,1,1
1172,2,A,0,202020505080,20201204,1,2
1173,1,A,0,201620505080,20201204,1,3
1174,2,A,0,161620505080,20201204,1,4
1175,6,C,0,202020505080,20201204,1,5
1176,5,C,1,202020505064,20201204,1,6
1177,6,C,1,202020504064,20201204,1,7
1178,5,C,1,202020504051,20201204,1,8
1179,6,C,0,202020503251,20201204,1,9
1180,4,B,0,202020505080,20201204,1,10
1181,3,B,0,202020405080,20201204,1,11
1182,4,B,0,202016405080,20201204,1,12
1183,1,A,0,202020505080,20201204,1,13
1184,2,A,0,162020505080,20201204,1,14
1185,1,A,0,161620505080,20201204,1,15
1186,2,A,0,121620505080,20201204,1,16
1187,6,C,1,202020505080,20201204,1,17
1188,5,C,0,202020505064,20201204,1,18
1189,6,C,1,202020504064,20201204,1,19
1190,5,C,1,202020504051,20201204,1,20
1191,6,C,1,202020503251,20201204,1,21
1192,5,C,1,202020503240,20201204,1,22
1193,6,C,0,202020502540,20201204,1,23
1194,5,C,0,202020502532,20201204,1,24
1195,3,B,0,202020505080,20201204,1,25
1196,4,B,1,202016505080,20201204,1,26
1197,1,A,0,202020505080,20201204,1,27
1198,2,A,1,162020505080,20201204,1,28
1199,1,A,0,161620505080,20201204,1,29
1200,2,A,0,121620505080,20201204,1,30
1201,1,A,1,121220505080,20201204,1,31
1202,2,A,0,101220505080,20201204,1,32
1203,1,A,1,101020505080,20201204,1,33
1204,2,A,0,081020505080,20201204,1,34
1205,1,A,0,080820505080,20201204,1,35
1206,6,C,1,202020505080,20201204,1,36
1207,5,C,1,202020505064,20201204,1,37
1208,6,C,0,202020504064,20201204,1,38
1209,5,C,1,202020504051,20201204,1,39
1210,6,C,0,202020503251,20201204,1,40
1211,5,C,1,202020503240,20201204,1,41
1212,6,C,1,202020502540,20201204,1,42
1213,5,C,0,202020502532,20201204,1,43
1214,6,C,1,202020502032,20201204,1,44
1215,5,C,1,202020502026,20201204,1,45
1216,6,C,0,202020501626,20201204,1,46
1217,5,C,0,202020501620,20201204,1,47
1218,6,C,0,202020501320,20201204,1,48
1219,2,A,0,202020505080,20201204,1,49
1220,1,A,0,201620505080,20201204,1,50
1221,2,A,1,161620505080,20201204,1,51
1222,1,A,0,161220505080,20201204,1,52
1223,2,A,0,121220505080,20201204,1,53
1224,4,B,1,202020505080,20201204,1,54
1225,3,B,0,202020405080,20201204,1,55
1226,4,B,1,202016405080,20201204,1,56
1227,1,A,0,202020505080,20201204,1,57
1228,2,A,0,162020505080,20201204,1,58
1229,1,A,0,161620505080,20201204,1,59
1230,2,A,0,121620505080,20201204,1,60
1231,6,C,1,202020505080,20201204,1,61
1232,5,C,0,202020505064,20201204,1,62
1233,6,C,1,202020504064,20201204,1,63
1234,5,C,0,202020504051,20201204,1,64
1235,6,C,1,202020503251,20201204,1,65
1236,5,C,0,202020503240,20201204,1,66
1237,6,C,1,202020502540,20201204,1,67
1238,4,B,0,202020505080,20201204,1,68
1239,3,B,0,202020405080,20201204,1,69
1240,4,B,0,202016405080,20201204,1,70
1241,2,A,0,202020505080,20201204,1,71
1242,1,A,0,201620505080,20201204,1,72
1243,6,C,0,202020505080,20201204,1,73
1244,5,C,1,202020505064,20201204,1,74
1245,6,C,0,202020504064,20201204,1,75
1246,5,C,0,202020504051,20201204,1,76
1247,6,C,0,202020503251,20201204,1,77
1248,5,C,1,202020503240,20201204,1,78
1249,6,C,1,202020502540,20201204,1,79
1250,5,C,0,202020502532,20201204,1,80
1251,6,C,0,202020502032,20201204,1,81
1252,5,C,0,202020502026,20201204,1,82
1253,4,B,0,202020505080,20201204,1,83
1254,3,B,0,202020405080,20201204,1,84
1255,4,B,0,202016405080,20201204,1,85
1256,2,A,0,202020505080,20201204,1,86
1257,1,A,1,201620505080,20201204,1,87
1258,2,A,0,161620505080,20201204,1,88
1259,1,A,0,161220505080,20201204,1,89
1260,6,C,1,202020505080,20201204,1,90
1261,5,C,1,202020505064,20201204,1,91
1262,6,C,1,202020504064,20201204,1,92
1263,5,C,0,202020504051,20201204,1,93
1264,6,C,0,202020503251,20201204,1,94
1265,5,C,1,202020503240,20201204,1,95
1266,6,C,0,202020502540,20201204,1,96
1267,5,C,0,202020502532,20201204,1,97
1268,6,C,0,202020502032,20201204,1,98
1269,4,B,1,202020505080,20201204,1,99
1270,3,B,0,202020405080,20201204,1,100
1271,4,B,0,202016405080,20201204,1,101
1272,3,B,0,202016325080,20201204,1,102
1273,4,B,0,202012325080,20201204,1,103
1274,2,A,1,202020505080,20201204,1,104
1275,1,A,0,201620505080,20201204,1,105
1276,2,A,0,161620505080,20201204,1,106
1277,1,A,0,161220505080,20201204,1,107
1278,6,C,1,202020505080,20201204,1,108
1279,5,C,0,202020505064,20201204,1,109
1280,6,C,0,202020504064,20201204,1,110
1281,5,C,1,202020504051,20201204,1,111
1282,6,C,1,202020503251,20201204,1,112
1283,5,C,0,202020503240,20201204,1,113
1284,6,C,1,202020502540,20201204,1,114
1285,5,C,0,202020502532,20201204,1,115
1286,6,C,0,202020502032,20201204,1,116
1287,4,B,0,202020505080,20201204,1,117
1288,3,B,0,202020405080,20201204,1,118
1289,4,B,1,202016405080,20201204,1,119
1290,3,B,0,202016325080,20201204,1,120
1291,4,B,0,202012325080,20201204,1,121
1292,2,A,0,202020505080,20201204,1,122
1293,1,A,0,201620505080,20201204,1,123
1294,2,A,0,161620505080,20201204,1,124
1295,1,A,0,161220505080,20201204,1,125
1296,6,C,1,202020505080,20201204,1,126
1297,5,C,0,202020505064,20201204,1,127
1298,6,C,1,202020504064,20201204,1,128
1299,5,C,0,202020504051,20201204,1,129
1300,6,C,1,202020503251,20201204,1,130
1301,5,C,1,202020503240,20201204,1,131
1302,6,C,0,202020502540,20201204,1,132
1303,5,C,0,202020502532,20201204,1,133
1304,6,C,1,202020502032,20201204,1,134
1305,5,C,1,202020502026,20201204,1,135
1306,6,C,1,202020501626,20201204,1,136
1307,5,C,0,202020501620,20201204,1,137
1308,6,C,0,202020501320,20201204,1,138
1309,5,C,0,202020501316,20201204,1,139
1310,6,C,0,202020501016,20201204,1,140
1311,4,B,1,202020505080,20201204,1,141
1312,3,B,0,202020405080,20201204,1,142
1313,4,B,1,202016405080,20201204,1,143
1314,2,A,0,202020505080,20201204,1,144
1315,1,A,0,201620505080,20201204,1,145
1316,2,A,1,161620505080,20201204,1,146
1317,1,A,0,161220505080,20201204,1,147
1318,2,A,1,121220505080,20201204,1,148
1319,1,A,0,121020505080,20201204,1,149
1320,2,A,0,101020505080,20201204,1,150
1321,6,C,1,202020505080,20201204,1,151
1322,5,C,1,202020505064,20201204,1,152
1323,6,C,1,202020504064,20201204,1,153
1324,5,C,0,202020504051,20201204,1,154
1325,6,C,1,202020503251,20201204,1,155
1326,5,C,1,202020503240,20201204,1,156
1327,6,C,0,202020502540,20201204,1,157
1328,5,C,0,202020502532,20201204,1,158
1329,6,C,1,202020502032,20201204,1,159
1330,5,C,0,202020502026,20201204,1,160
1331,6,C,0,202020501626,20201204,1,161
1332,5,C,0,202020501620,20201204,1,162
1333,6,C,1,202020501320,20201204,1,163
1334,5,C,0,202020501316,20201204,1,164
1335,6,C,0,202020501016,20201204,1,165
1336,4,B,1,202020505080,20201204,1,166
1337,3,B,0,202020405080,20201204,1,167
1338,4,B,0,202016405080,20201204,1,168
1339,2,A,0,202020505080,20201204,1,169
1340,1,A,0,201620505080,20201204,1,170
1341,2,A,0,161620505080,20201204,1,171
1342,6,C,0,202020505080,20201204,1,172
1343,5,C,0,202020505064,20201204,1,173
1344,6,C,1,202020504064,20201204,1,174
1345,5,C,1,202020504051,20201204,1,175
1346,6,C,0,202020503251,20201204,1,176
1347,5,C,0,202020503240,20201204,1,177
1348,6,C,0,202020502540,20201204,1,178
1349,4,B,0,202020505080,20201204,1,179
1350,3,B,0,202020405080,20201204,1,180
1351,4,B,0,202016405080,20201204,1,181
1352,6,C,0,202020505080,20201204,1,182
1353,5,C,0,202020505064,20201204,1,183
1354,6,C,0,202020504064,20201204,1,184
1355,5,C,0,202020504051,20201204,1,185
1356,4,B,0,202020505080,20201204,1,186
1357,3,B,0,202020405080,20201204,1,187
1358,4,B,0,202016405080,20201204,1,188
1359,1,A,0,202020505080,20201204,1,189
1360,2,A,0,162020505080,20201204,1,190
1361,6,C,1,202020505080,20201204,1,191
1362,5,C,1,202020505064,20201204,1,192
1363,6,C,0,202020504064,20201204,1,193
1364,5,C,1,202020504051,20201204,1,194
1365,6,C,0,202020503251,20201204,1,195
1366,5,C,0,202020503240,20201204,1,196
1367,6,C,1,202020502540,20201204,1,197
1368,5,C,0,202020502532,20201204,1,198
1369,6,C,1,202020502032,20201204,1,199
1370,5,C,0,202020502026,20201204,1,200
1371,6,C,0,202020501626,20201204,1,201
1372,5,C,0,202020501620,20201204,1,202
1373,6,C,0,202020501320,20201204,1,203
1374,4,B,0,202020505080,20201204,1,204
1375,3,B,0,202020405080,20201204,1,205
1376,4,B,0,202016405080,20201204,1,206
1377,2,A,1,202020505080,20201204,1,207
1378,1,A,0,201620505080,20201204,1,208
1379,2,A,0,161620505080,20201204,1,209
1380,6,C,0,202020505080,20201204,1,210
1381,5,C,0,202020505064,20201204,1,211
1382,6,C,1,202020504064,20201204,1,212
1383,5,C,0,202020504051,20201204,1,213
1384,6,C,0,202020503251,20201204,1,214
1385,5,C,0,202020503240,20201204,1,215
1386,4,B,1,202020505080,20201204,1,216
1387,6,C,0,202020505080,20201204,1,217
1388,5,C,1,202020505064,20201204,1,218
1389,6,C,0,202020504064,20201204,1,219
1390,5,C,0,202020504051,20201204,1,220
1391,4,B,1,202020505080,20201204,1,221
1392,3,B,0,202020405080,20201204,1,222
1393,4,B,1,202016405080,20201204,1,223
1394,3,B,0,202016325080,20201204,1,224
1395,4,B,0,202012325080,20201204,1,225
1396,6,C,0,202020505080,20201204,1,226
1397,5,C,1,202020505064,20201204,1,227
1398,6,C,0,202020504064,20201204,1,228
1399,5,C,0,202020504051,20201204,1,229
1400,6,C,0,202020503251,20201204,1,230
1401,5,C,1,202020503240,20201204,1,231
1402,6,C,1,202020502540,20201204,1,232
1403,5,C,0,202020502532,20201204,1,233
1404,6,C,0,202020502032,20201204,1,234
1405,5,C,0,202020502026,20201204,1,235
1406,4,B,0,202020505080,20201204,1,236
1407,3,B,1,202020405080,20201204,1,237
1408,4,B,1,202016405080,20201204,1,238
1409,3,B,0,202016325080,20201204,1,239
1410,4,B,1,202012325080,20201204,1,240
1411,3,B,0,202012255080,20201204,1,241
1412,4,B,0,202010255080,20201204,1,242
1413,2,A,0,202020505080,20201204,1,243
1414,1,A,0,201620505080,20201204,1,244
1415,2,A,0,161620505080,20201204,1,245
1416,6,C,0,202020505080,20201204,1,246
1417,5,C,1,202020505064,20201204,1,247
1418,6,C,0,202020504064,20201204,1,248
1419,5,C,0,202020504051,20201204,1,249
1420,4,B,1,202020505080,20201204,1,250
1421,3,B,0,202020405080,20201204,1,251
1422,4,B,1,202016405080,20201204,1,252
1423,3,B,0,202016325080,20201204,1,253
1424,4,B,0,202012325080,20201204,1,254
1425,6,C,0,202020505080,20201204,1,255
1426,5,C,1,202020505064,20201204,1,256
1427,6,C,0,202020504064,20201204,1,257
1428,5,C,1,202020504051,20201204,1,258
1429,6,C,0,202020503251,20201204,1,259
1430,5,C,1,202020503240,20201204,1,260
1431,6,C,0,202020502540,20201204,1,261
1432,5,C,1,202020502532,20201204,1,262
1433,4,B,1,202020505080,20201204,1,263
1434,3,B,0,202020405080,20201204,1,264
1435,4,B,0,202016405080,20201204,1,265
1436,6,C,1,202020505080,20201204,1,266
1437,5,C,0,202020505064,20201204,1,267
1438,6,C,1,202020504064,20201204,1,268
1439,5,C,0,202020504051,20201204,1,269
1440,6,C,1,202020503251,20201204,1,270
1441,5,C,0,202020503240,20201204,1,271
1442,6,C,0,202020502540,20201204,1,272
1443,5,C,1,202020502532,20201204,1,273
1444,6,C,0,202020502032,20201204,1,274
1445,5,C,1,202020502026,20201204,1,275
1446,4,B,0,202020505080,20201204,1,276
1447,6,C,1,202020505080,20201204,1,277
1448,5,C,0,202020505064,20201204,1,278
1449,6,C,0,202020504064,20201204,1,279
1450,5,C,0,202020504051,20201204,1,280
1451,6,C,1,202020503251,20201204,1,281
1452,5,C,1,202020503240,20201204,1,282
1453,6,C,0,202020502540,20201204,1,283
1454,5,C,0,202020502532,20201204,1,284
1455,6,C,0,202020502032,20201204,1,285
1456,5,C,0,202020502026,20201204,1,286
1457,4,B,1,202020505080,20201204,1,287
1458,3,B,1,202020405080,20201204,1,288
1459,4,B,0,202016405080,20201204,1,289
1460,3,B,0,202016325080,20201204,1,290
1461,4,B,0,202012325080,20201204,1,291
1462,6,C,0,202020505080,20201204,1,292
1463,5,C,1,202020505064,20201204,1,293
1464,6,C,0,202020504064,20201204,1,294
1465,5,C,0,202020504051,20201204,1,295
1466,4,B,0,202020505080,20201204,1,296
1467,3,B,0,202020405080,20201204,1,297
1468,4,B,0,202016405080,20201204,1,298
1469,2,A,0,202020505080,20201204,1,299
1470,4,B,0,502080502020,20201204,2,0
1471,3,B,1,502080402020,20201204,2,1
1472,4,B,1,502064402020,20201204,2,2
1473,2,A,0,502080502020,20201204,2,3
1474,1,A,1,501680502020,20201204,2,4
1475,2,A,0,401680502020,20201204,2,5
1476,1,A,0,401280502020,20201204,2,6
1477,6,C,0,502080502020,20201204,2,7
1478,5,C,0,502080502016,20201204,2,8
1479,6,C,0,502080501616,20201204,2,9
1480,5,C,0,502080501612,20201204,2,10
1481,4,B,0,502080502020,20201204,2,11
1482,3,B,1,502080402020,20201204,2,12
1483,4,B,1,502064402020,20201204,2,13
1484,3,B,1,502064322020,20201204,2,14
1485,4,B,0,502051322020,20201204,2,15
1486,3,B,0,502051252020,20201204,2,16
1487,2,A,0,502080502020,20201204,2,17
1488,1,A,1,501680502020,20201204,2,18
1489,2,A,0,401680502020,20201204,2,19
1490,1,A,0,401280502020,20201204,2,20
1491,6,C,1,502080502020,20201204,2,21
1492,5,C,0,502080502016,20201204,2,22
1493,6,C,0,502080501616,20201204,2,23
1494,4,B,1,502080502020,20201204,2,24
1495,3,B,1,502080402020,20201204,2,25
1496,4,B,0,502064402020,20201204,2,26
1497,3,B,1,502064322020,20201204,2,27
1498,4,B,1,502051322020,20201204,2,28
1499,3,B,1,502051252020,20201204,2,29
1500,4,B,0,502040252020,20201204,2,30
1501,3,B,0,502040202020,20201204,2,31
1502,4,B,1,502032202020,20201204,2,32
1503,2,A,1,502080502020,20201204,2,33
1504,1,A,1,501680502020,20201204,2,34
1505,2,A,0,401680502020,20201204,2,35
1506,1,A,0,401280502020,20201204,2,36
1507,4,B,0,502080502020,20201204,2,37
1508,3,B,1,502080402020,20201204,2,38
1509,4,B,0,502064402020,20201204,2,39
1510,3,B,0,502064322020,20201204,2,40
1511,4,B,0,502051322020,20201204,2,41
1512,6,C,1,502080502020,20201204,2,42
1513,5,C,1,502080502016,20201204,2,43
1514,6,C,0,502080501616,20201204,2,44
1515,5,C,0,502080501612,20201204,2,45
1516,4,B,1,502080502020,20201204,2,46
1517,3,B,1,502080402020,20201204,2,47
1518,4,B,0,502064402020,20201204,2,48
1519,3,B,1,502064322020,20201204,2,49
1520,4,B,0,502051322020,20201204,2,50
1521,3,B,1,502051252020,20201204,2,51
1522,4,B,0,502040252020,20201204,2,52
1523,3,B,1,502040202020,20201204,2,53
1524,4,B,0,502032202020,20201204,2,54
1525,3,B,0,502032162020,20201204,2,55
1526,2,A,0,502080502020,20201204,2,56
1527,1,A,0,501680502020,20201204,2,57
1528,2,A,0,401680502020,20201204,2,58
1529,4,B,1,502080502020,20201204,2,59
1530,3,B,1,502080402020,20201204,2,60
1531,4,B,0,502064402020,20201204,2,61
1532,3,B,1,502064322020,20201204,2,62
1533,4,B,1,502051322020,20201204,2,63
1534,3,B,0,502051252020,20201204,2,64
1535,4,B,0,502040252020,20201204,2,65
1536,6,C,0,502080502020,20201204,2,66
1537,5,C,0,502080502016,20201204,2,67
1538,4,B,0,502080502020,20201204,2,68
1539,3,B,1,502080402020,20201204,2,69
1540,4,B,1,502064402020,20201204,2,70
1541,3,B,0,502064322020,20201204,2,71
1542,4,B,0,502051322020,20201204,2,72
1543,3,B,1,502051252020,20201204,2,73
1544,4,B,0,502040252020,20201204,2,74
1545,3,B,1,502040202020,20201204,2,75
1546,4,B,1,502032202020,20201204,2,76
1547,3,B,1,502032162020,20201204,2,77
1548,4,B,1,502026162020,20201204,2,78
1549,3,B,0,502026132020,20201204,2,79
1550,4,B,0,502020132020,20201204,2,80
1551,3,B,0,502020102020,20201204,2,81
1552,4,B,0,502016102020,20201204,2,82
1553,1,A,0,502080502020,20201204,2,83
1554,2,A,0,402080502020,20201204,2,84
1555,4,B,0,502080502020,20201204,2,85
1556,3,B,1,502080402020,20201204,2,86
1557,4,B,0,502064402020,20201204,2,87
1558,3,B,0,502064322020,20201204,2,88
1559,6,C,0,502080502020,20201204,2,89
1560,5,C,1,502080502016,20201204,2,90
1561,6,C,0,502080501616,20201204,2,91
1562,5,C,0,502080501612,20201204,2,92
1563,4,B,0,502080502020,20201204,2,93
1564,3,B,0,502080402020,20201204,2,94
1565,4,B,1,502064402020,20201204,2,95
1566,3,B,1,502064322020,20201204,2,96
1567,4,B,1,502051322020,20201204,2,97
1568,3,B,0,502051252020,20201204,2,98
1569,4,B,0,502040252020,20201204,2,99
1570,3,B,1,502040202020,20201204,2,100
1571,4,B,0,502032202020,20201204,2,101
1572,3,B,0,502032162020,20201204,2,102
1573,6,C,0,502080502020,20201204,2,103
1574,5,C,0,502080502016,20201204,2,104
1575,4,B,1,502080502020,20201204,2,105
1576,3,B,1,502080402020,20201204,2,106
1577,4,B,1,502064402020,20201204,2,107
1578,3,B,1,502064322020,20201204,2,108
1579,4,B,0,502051322020,20201204,2,109
1580,3,B,1,502051252020,20201204,2,110
1581,4,B,0,502040252020,20201204,2,111
1582,3,B,0,502040202020,20201204,2,112
1583,4,B,0,502032202020,20201204,2,113
1584,6,C,0,502080502020,20201204,2,114
1585,5,C,0,502080502016,20201204,2,115
1586,4,B,0,502080502020,20201204,2,116
1587,3,B,1,502080402020,20201204,2,117
1588,4,B,0,502064402020,20201204,2,118
1589,3,B,0,502064322020,20201204,2,119
1590,4,B,1,502051322020,20201204,2,120
1591,3,B,1,502051252020,20201204,2,121
1592,4,B,1,502040252020,20201204,2,122
1593,3,B,1,502040202020,20201204,2,123
1594,4,B,1,502032202020,20201204,2,124
1595,3,B,0,502032162020,20201204,2,125
1596,4,B,0,502026162020,20201204,2,126
1597,3,B,0,502026132020,20201204,2,127
1598,4,B,0,502020132020,20201204,2,128
1599,3,B,1,502020102020,20201204,2,129
1600,4,B,0,502016102020,20201204,2,130
1601,3,B,1,502016082020,20201204,2,131
1602,4,B,0,502013082020,20201204,2,132
1603,3,B,0,502013062020,20201204,2,133
1604,4,B,1,502010062020,20201204,2,134
1605,3,B,0,502010052020,20201204,2,135
1606,4,B,0,502008052020,20201204,2,136
1607,3,B,0,502008042020,20201204,2,137
1608,4,B,0,502006042020,20201204,2,138
1609,6,C,0,502080502020,20201204,2,139
1610,5,C,1,502080502016,20201204,2,140
1611,6,C,0,502080501616,20201204,2,141
1612,5,C,0,502080501612,20201204,2,142
1613,4,B,1,502080502020,20201204,2,143
1614,3,B,1,502080402020,20201204,2,144
1615,4,B,0,502064402020,20201204,2,145
1616,3,B,0,502064322020,20201204,2,146
1617,4,B,1,502051322020,20201204,2,147
1618,3,B,1,502051252020,20201204,2,148
1619,4,B,0,502040252020,20201204,2,149
1620,3,B,1,502040202020,20201204,2,150
1621,4,B,0,502032202020,20201204,2,151
1622,3,B,0,502032162020,20201204,2,152
1623,4,B,0,502026162020,20201204,2,153
1624,3,B,0,502026132020,20201204,2,154
1625,2,A,0,502080502020,20201204,2,155
1626,1,A,1,501680502020,20201204,2,156
1627,2,A,0,401680502020,20201204,2,157
1628,1,A,0,401280502020,20201204,2,158
1629,4,B,0,502080502020,20201204,2,159
1630,3,B,1,502080402020,20201204,2,160
1631,4,B,0,502064402020,20201204,2,161
1632,3,B,0,502064322020,20201204,2,162
1633,4,B,0,502051322020,20201204,2,163
1634,3,B,1,502051252020,20201204,2,164
1635,4,B,0,502040252020,20201204,2,165
1636,3,B,0,502040202020,20201204,2,166
1637,4,B,0,502032202020,20201204,2,167
1638,3,B,0,502032162020,20201204,2,168
1639,6,C,0,502080502020,20201204,2,169
1640,5,C,1,502080502016,20201204,2,170
1641,6,C,0,502080501616,20201204,2,171
1642,5,C,0,502080501612,20201204,2,172
1643,4,B,1,502080502020,20201204,2,173
1644,3,B,1,502080402020,20201204,2,174
1645,4,B,0,502064402020,20201204,2,175
1646,3,B,1,502064322020,20201204,2,176
1647,4,B,0,502051322020,20201204,2,177
1648,3,B,0,502051252020,20201204,2,178
1649,4,B,1,502040252020,20201204,2,179
1650,3,B,1,502040202020,20201204,2,180
1651,4,B,0,502032202020,20201204,2,181
1652,3,B,0,502032162020,20201204,2,182
1653,4,B,0,502026162020,20201204,2,183
1654,3,B,1,502026132020,20201204,2,184
1655,4,B,0,502020132020,20201204,2,185
1656,3,B,0,502020102020,20201204,2,186
1657,4,B,1,502016102020,20201204,2,187
1658,3,B,0,502016082020,20201204,2,188
1659,4,B,0,502013082020,20201204,2,189
1660,3,B,0,502013062020,20201204,2,190
1661,4,B,0,502010062020,20201204,2,191
1662,6,C,0,502080502020,20201204,2,192
1663,5,C,0,502080502016,20201204,2,193
1664,4,B,0,502080502020,20201204,2,194
1665,3,B,1,502080402020,20201204,2,195
1666,4,B,0,502064402020,20201204,2,196
1667,3,B,0,502064322020,20201204,2,197
1668,4,B,0,502051322020,20201204,2,198
1669,3,B,1,502051252020,20201204,2,199
1670,4,B,1,502040252020,20201204,2,200
1671,3,B,0,502040202020,20201204,2,201
1672,4,B,0,502032202020,20201204,2,202
1673,3,B,0,502032162020,20201204,2,203
1674,4,B,1,502026162020,20201204,2,204
1675,3,B,1,502026132020,20201204,2,205
1676,4,B,0,502020132020,20201204,2,206
1677,3,B,0,502020102020,20201204,2,207
1678,4,B,1,502016102020,20201204,2,208
1679,3,B,0,502016082020,20201204,2,209
1680,4,B,0,502013082020,20201204,2,210
1681,3,B,1,502013062020,20201204,2,211
1682,4,B,0,502010062020,20201204,2,212
1683,3,B,0,502010052020,20201204,2,213
1684,4,B,0,502008052020,20201204,2,214
1685,6,C,0,502080502020,20201204,2,215
1686,5,C,0,502080502016,20201204,2,216
1687,6,C,0,502080501616,20201204,2,217
1688,5,C,0,502080501612,20201204,2,218
1689,4,B,0,502080502020,20201204,2,219
1690,3,B,1,502080402020,20201204,2,220
1691,4,B,1,502064402020,20201204,2,221
1692,3,B,0,502064322020,20201204,2,222
1693,4,B,0,502051322020,20201204,2,223
1694,3,B,1,502051252020,20201204,2,224
1695,4,B,0,502040252020,20201204,2,225
1696,3,B,0,502040202020,20201204,2,226
1697,4,B,0,502032202020,20201204,2,227
1698,3,B,0,502032162020,20201204,2,228
1699,4,B,0,502026162020,20201204,2,229
1700,2,A,0,502080502020,20201204,2,230
1701,1,A,0,501680502020,20201204,2,231
1702,4,B,0,502080502020,20201204,2,232
1703,3,B,1,502080402020,20201204,2,233
1704,4,B,1,502064402020,20201204,2,234
1705,3,B,0,502064322020,20201204,2,235
1706,4,B,1,502051322020,20201204,2,236
1707,3,B,0,502051252020,20201204,2,237
1708,4,B,0,502040252020,20201204,2,238
1709,3,B,1,502040202020,20201204,2,239
1710,4,B,0,502032202020,20201204,2,240
1711,3,B,1,502032162020,20201204,2,241
1712,4,B,0,502026162020,20201204,2,242
1713,3,B,0,502026132020,20201204,2,243
1714,4,B,0,502020132020,20201204,2,244
1715,3,B,0,502020102020,20201204,2,245
1716,4,B,0,502016102020,20201204,2,246
1717,6,C,0,502080502020,20201204,2,247
1718,5,C,0,502080502016,20201204,2,248
1719,4,B,0,502080502020,20201204,2,249
1720,3,B,0,502080402020,20201204,2,250
1721,4,B,1,502064402020,20201204,2,251
1722,3,B,0,502064322020,20201204,2,252
1723,4,B,0,502051322020,20201204,2,253
1724,3,B,1,502051252020,20201204,2,254
1725,4,B,0,502040252020,20201204,2,255
1726,3,B,0,502040202020,20201204,2,256
1727,4,B,0,502032202020,20201204,2,257
1728,3,B,1,502032162020,20201204,2,258
1729,4,B,0,502026162020,20201204,2,259
1730,3,B,0,502026132020,20201204,2,260
1731,4,B,0,502020132020,20201204,2,261
1732,6,C,0,502080502020,20201204,2,262
1733,5,C,0,502080502016,20201204,2,263
1734,4,B,0,502080502020,20201204,2,264
1735,3,B,0,502080402020,20201204,2,265
1736,4,B,1,502064402020,20201204,2,266
1737,3,B,0,502064322020,20201204,2,267
1738,4,B,1,502051322020,20201204,2,268
1739,3,B,0,502051252020,20201204,2,269
1740,4,B,1,502040252020,20201204,2,270
1741,3,B,1,502040202020,20201204,2,271
1742,4,B,0,502032202020,20201204,2,272
1743,3,B,0,502032162020,20201204,2,273
1744,4,B,0,502026162020,20201204,2,274
1745,3,B,1,502026132020,20201204,2,275
1746,4,B,0,502020132020,20201204,2,276
1747,3,B,0,502020102020,20201204,2,277
1748,4,B,1,502016102020,20201204,2,278
1749,3,B,0,502016082020,20201204,2,279
1750,4,B,0,502013082020,20201204,2,280
1751,3,B,0,502013062020,20201204,2,281
1752,4,B,0,502010062020,20201204,2,282
1753,5,C,0,502080502020,20201204,2,283
1754,6,C,0,502080501620,20201204,2,284
1755,5,C,0,502080501616,20201204,2,285
1756,4,B,0,502080502020,20201204,2,286
1757,3,B,1,502080402020,20201204,2,287
1758,4,B,0,502064402020,20201204,2,288
1759,3,B,0,502064322020,20201204,2,289
1760,4,B,1,502051322020,20201204,2,290
1761,3,B,0,502051252020,20201204,2,291
1762,4,B,1,502040252020,20201204,2,292
1763,3,B,0,502040202020,20201204,2,293
1764,4,B,1,502032202020,20201204,2,294
1765,3,B,1,502032162020,20201204,2,295
1766,4,B,0,502026162020,20201204,2,296
1767,3,B,0,502026132020,20201204,2,297
1768,4,B,1,502020132020,20201204,2,298
1769,3,B,0,502020102020,20201204,2,299
1770,4,B,0,508020208020,20201204,3,0
1771,3,B,0,508020168020,20201204,3,1
1772,2,A,1,508020208020,20201204,3,2
1773,1,A,1,506420208020,20201204,3,3
1774,2,A,1,406420208020,20201204,3,4
1775,1,A,0,405120208020,20201204,3,5
1776,6,C,0,508020208020,20201204,3,6
1777,5,C,1,508020208016,20201204,3,7
1778,6,C,0,508020206416,20201204,3,8
1779,5,C,1,508020206412,20201204,3,9
1780,4,B,1,508020208020,20201204,3,10
1781,3,B,0,508020168020,20201204,3,11
1782,4,B,0,508016168020,20201204,3,12
1783,3,B,1,508016128020,20201204,3,13
1784,4,B,0,508012128020,20201204,3,14
1785,3,B,1,508012108020,20201204,3,15
1786,4,B,0,508010108020,20201204,3,16
1787,3,B,0,508010088020,20201204,3,17
1788,4,B,0,508008088020,20201204,3,18
1789,2,A,1,508020208020,20201204,3,19
1790,1,A,0,506420208020,20201204,3,20
1791,2,A,1,406420208020,20201204,3,21
1792,1,A,1,405120208020,20201204,3,22
1793,2,A,1,325120208020,20201204,3,23
1794,1,A,0,324020208020,20201204,3,24
1795,2,A,1,254020208020,20201204,3,25
1796,1,A,0,253220208020,20201204,3,26
1797,2,A,0,203220208020,20201204,3,27
1798,4,B,1,508020208020,20201204,3,28
1799,3,B,0,508020168020,20201204,3,29
1800,4,B,1,508016168020,20201204,3,30
1801,3,B,0,508016128020,20201204,3,31
1802,4,B,0,508012128020,20201204,3,32
1803,5,C,1,508020208020,20201204,3,33
1804,6,C,0,508020206420,20201204,3,34
1805,5,C,1,508020206416,20201204,3,35
1806,4,B,1,508020208020,20201204,3,36
1807,3,B,1,508020168020,20201204,3,37
1808,4,B,0,508016168020,20201204,3,38
1809,3,B,0,508016128020,20201204,3,39
1810,4,B,0,508012128020,20201204,3,40
1811,2,A,1,508020208020,20201204,3,41
1812,1,A,0,506420208020,20201204,3,42
1813,2,A,1,406420208020,20201204,3,43
1814,1,A,1,405120208020,20201204,3,44
1815,2,A,1,325120208020,20201204,3,45
1816,1,A,1,324020208020,20201204,3,46
1817,2,A,1,254020208020,20201204,3,47
1818,1,A,1,253220208020,20201204,3,48
1819,2,A,1,203220208020,20201204,3,49
1820,1,A,0,202620208020,20201204,3,50
1821,2,A,0,162620208020,20201204,3,51
1822,1,A,0,162020208020,20201204,3,52
1823,5,C,1,508020208020,20201204,3,53
1824,6,C,0,508020206420,20201204,3,54
1825,5,C,1,508020206416,20201204,3,55
1826,6,C,0,508020205116,20201204,3,56
1827,5,C,1,508020205112,20201204,3,57
1828,6,C,1,508020204012,20201204,3,58
1829,5,C,0,508020204010,20201204,3,59
1830,6,C,0,508020203210,20201204,3,60
1831,5,C,0,508020203208,20201204,3,61
1832,4,B,1,508020208020,20201204,3,62
1833,3,B,0,508020168020,20201204,3,63
1834,4,B,0,508016168020,20201204,3,64
1835,2,A,1,508020208020,20201204,3,65
1836,1,A,1,506420208020,20201204,3,66
1837,2,A,1,406420208020,20201204,3,67
1838,1,A,0,405120208020,20201204,3,68
1839,2,A,1,325120208020,20201204,3,69
1840,1,A,0,324020208020,20201204,3,70
1841,2,A,1,254020208020,20201204,3,71
1842,1,A,0,253220208020,20201204,3,72
1843,2,A,1,203220208020,20201204,3,73
1844,1,A,0,202620208020,20201204,3,74
1845,2,A,1,162620208020,20201204,3,75
1846,1,A,0,162020208020,20201204,3,76
1847,2,A,1,132020208020,20201204,3,77
1848,1,A,1,131620208020,20201204,3,78
1849,2,A,1,101620208020,20201204,3,79
1850,1,A,0,101320208020,20201204,3,80
1851,2,A,0,081320208020,20201204,3,81
1852,5,C,1,508020208020,20201204,3,82
1853,6,C,0,508020206420,20201204,3,83
1854,5,C,1,508020206416,20201204,3,84
1855,6,C,1,508020205116,20201204,3,85
1856,5,C,1,508020205112,20201204,3,86
1857,6,C,0,508020204012,20201204,3,87
1858,5,C,0,508020204010,20201204,3,88
1859,4,B,0,508020208020,20201204,3,89
1860,3,B,1,508020168020,20201204,3,90
1861,4,B,0,508016168020,20201204,3,91
1862,3,B,0,508016128020,20201204,3,92
1863,4,B,0,508012128020,20201204,3,93
1864,2,A,1,508020208020,20201204,3,94
1865,1,A,0,506420208020,20201204,3,95
1866,2,A,0,406420208020,20201204,3,96
1867,5,C,0,508020208020,20201204,3,97
1868,6,C,0,508020206420,20201204,3,98
1869,5,C,1,508020206416,20201204,3,99
1870,6,C,0,508020205116,20201204,3,100
1871,5,C,0,508020205112,20201204,3,101
1872,4,B,0,508020208020,20201204,3,102
1873,3,B,0,508020168020,20201204,3,103
1874,4,B,0,508016168020,20201204,3,104
1875,2,A,1,508020208020,20201204,3,105
1876,1,A,0,506420208020,20201204,3,106
1877,2,A,0,406420208020,20201204,3,107
1878,5,C,1,508020208020,20201204,3,108
1879,6,C,0,508020206420,20201204,3,109
1880,5,C,1,508020206416,20201204,3,110
1881,6,C,0,508020205116,20201204,3,111
1882,5,C,1,508020205112,20201204,3,112
1883,6,C,0,508020204012,20201204,3,113
1884,5,C,0,508020204010,20201204,3,114
1885,4,B,1,508020208020,20201204,3,115
1886,3,B,0,508020168020,20201204,3,116
1887,4,B,0,508016168020,20201204,3,117
1888,5,C,1,508020208020,20201204,3,118
1889,6,C,0,508020206420,20201204,3,119
1890,5,C,0,508020206416,20201204,3,120
1891,4,B,0,508020208020,20201204,3,121
1892,3,B,0,508020168020,20201204,3,122
1893,4,B,0,508016168020,20201204,3,123
1894,2,A,0,508020208020,20201204,3,124
1895,1,A,1,506420208020,20201204,3,125
1896,2,A,1,406420208020,20201204,3,126
1897,1,A,0,405120208020,20201204,3,127
1898,2,A,1,325120208020,20201204,3,128
1899,1,A,0,324020208020,20201204,3,129
1900,2,A,1,254020208020,20201204,3,130
1901,1,A,0,253220208020,20201204,3,131
1902,2,A,1,203220208020,20201204,3,132
1903,1,A,0,202620208020,20201204,3,133
1904,2,A,1,162620208020,20201204,3,134
1905,1,A,0,162020208020,20201204,3,135
1906,2,A,0,132020208020,20201204,3,136
1907,5,C,0,508020208020,20201204,3,137
1908,6,C,0,508020206420,20201204,3,138
1909,5,C,0,508020206416,20201204,3,139
1910,6,C,0,508020205116,20201204,3,140
1911,4,B,0,508020208020,20201204,3,141
1912,3,B,0,508020168020,20201204,3,142
1913,2,A,1,508020208020,20201204,3,143
1914,1,A,1,506420208020,20201204,3,144
1915,2,A,1,406420208020,20201204,3,145
1916,1,A,1,405120208020,20201204,3,146
1917,2,A,0,325120208020,20201204,3,147
1918,1,A,0,324020208020,20201204,3,148
1919,2,A,0,254020208020,20201204,3,149
1920,1,A,0,253220208020,20201204,3,150
1921,5,C,1,508020208020,20201204,3,151
1922,6,C,0,508020206420,20201204,3,152
1923,5,C,1,508020206416,20201204,3,153
1924,4,B,0,508020208020,20201204,3,154
1925,3,B,0,508020168020,20201204,3,155
1926,4,B,0,508016168020,20201204,3,156
1927,2,A,1,508020208020,20201204,3,157
1928,1,A,1,506420208020,20201204,3,158
1929,2,A,1,406420208020,20201204,3,159
1930,1,A,0,405120208020,20201204,3,160
1931,2,A,1,325120208020,20201204,3,161
1932,1,A,0,324020208020,20201204,3,162
1933,2,A,1,254020208020,20201204,3,163
1934,1,A,0,253220208020,20201204,3,164
1935,2,A,0,203220208020,20201204,3,165
1936,1,A,0,202620208020,20201204,3,166
1937,2,A,0,162620208020,20201204,3,167
1938,5,C,1,508020208020,20201204,3,168
1939,6,C,0,508020206420,20201204,3,169
1940,5,C,1,508020206416,20201204,3,170
1941,6,C,0,508020205116,20201204,3,171
1942,5,C,0,508020205112,20201204,3,172
1943,6,C,0,508020204012,20201204,3,173
1944,5,C,1,508020204010,20201204,3,174
1945,4,B,0,508020208020,20201204,3,175
1946,3,B,0,508020168020,20201204,3,176
1947,4,B,0,508016168020,20201204,3,177
1948,2,A,1,508020208020,20201204,3,178
1949,1,A,1,506420208020,20201204,3,179
1950,2,A,1,406420208020,20201204,3,180
1951,1,A,0,405120208020,20201204,3,181
1952,2,A,0,325120208020,20201204,3,182
1953,1,A,0,324020208020,20201204,3,183
1954,2,A,0,254020208020,20201204,3,184
1955,5,C,0,508020208020,20201204,3,185
1956,6,C,0,508020206420,20201204,3,186
1957,5,C,1,508020206416,20201204,3,187
1958,4,B,0,508020208020,20201204,3,188
1959,3,B,1,508020168020,20201204,3,189
1960,4,B,0,508016168020,20201204,3,190
1961,3,B,0,508016128020,20201204,3,191
1962,2,A,1,508020208020,20201204,3,192
1963,1,A,0,506420208020,20201204,3,193
1964,2,A,0,406420208020,20201204,3,194
1965,1,A,1,405120208020,20201204,3,195
1966,2,A,1,325120208020,20201204,3,196
1967,1,A,0,324020208020,20201204,3,197
1968,2,A,1,254020208020,20201204,3,198
1969,1,A,0,253220208020,20201204,3,199
1970,2,A,0,203220208020,20201204,3,200
1971,5,C,1,508020208020,20201204,3,201
1972,6,C,0,508020206420,20201204,3,202
1973,5,C,1,508020206416,20201204,3,203
1974,4,B,0,508020208020,20201204,3,204
1975,3,B,0,508020168020,20201204,3,205
1976,4,B,1,508016168020,20201204,3,206
1977,3,B,0,508016128020,20201204,3,207
1978,4,B,1,508012128020,20201204,3,208
1979,3,B,0,508012108020,20201204,3,209
1980,4,B,0,508010108020,20201204,3,210
1981,3,B,0,508010088020,20201204,3,211
1982,4,B,0,508008088020,20201204,3,212
1983,2,A,1,508020208020,20201204,3,213
1984,1,A,0,506420208020,20201204,3,214
1985,2,A,1,406420208020,20201204,3,215
1986,1,A,0,405120208020,20201204,3,216
1987,2,A,0,325120208020,20201204,3,217
1988,5,C,1,508020208020,20201204,3,218
1989,6,C,0,508020206420,20201204,3,219
1990,5,C,1,508020206416,20201204,3,220
1991,4,B,1,508020208020,20201204,3,221
1992,3,B,0,508020168020,20201204,3,222
1993,4,B,0,508016168020,20201204,3,223
1994,2,A,1,508020208020,20201204,3,224
1995,1,A,1,506420208020,20201204,3,225
1996,2,A,1,406420208020,20201204,3,226
1997,1,A,1,405120208020,20201204,3,227
1998,2,A,0,325120208020,20201204,3,228
1999,1,A,1,324020208020,20201204,3,229
2000,2,A,0,254020208020,20201204,3,230
2001,1,A,1,253220208020,20201204,3,231
2002,2,A,1,203220208020,20201204,3,232
2003,1,A,0,202620208020,20201204,3,233
2004,2,A,0,162620208020,20201204,3,234
2005,1,A,0,162020208020,20201204,3,235
2006,2,A,0,132020208020,20201204,3,236
2007,5,C,0,508020208020,20201204,3,237
2008,6,C,1,508020206420,20201204,3,238
2009,5,C,1,508020206416,20201204,3,239
2010,6,C,0,508020205116,20201204,3,240
2011,5,C,1,508020205112,20201204,3,241
2012,4,B,0,508020208020,20201204,3,242
2013,2,A,0,508020208020,20201204,3,243
2014,1,A,1,506420208020,20201204,3,244
2015,2,A,0,406420208020,20201204,3,245
2016,1,A,0,405120208020,20201204,3,246
2017,2,A,1,325120208020,20201204,3,247
2018,1,A,0,324020208020,20201204,3,248
2019,2,A,0,254020208020,20201204,3,249
2020,1,A,0,253220208020,20201204,3,250
2021,5,C,1,508020208020,20201204,3,251
2022,6,C,0,508020206420,20201204,3,252
2023,5,C,1,508020206416,20201204,3,253
2024,6,C,0,508020205116,20201204,3,254
2025,5,C,1,508020205112,20201204,3,255
2026,4,B,1,508020208020,20201204,3,256
2027,3,B,0,508020168020,20201204,3,257
2028,4,B,0,508016168020,20201204,3,258
2029,5,C,1,508020208020,20201204,3,259
2030,6,C,0,508020206420,20201204,3,260
2031,5,C,0,508020206416,20201204,3,261
2032,6,C,1,508020205116,20201204,3,262
2033,5,C,1,508020205112,20201204,3,263
2034,6,C,0,508020204012,20201204,3,264
2035,5,C,0,508020204010,20201204,3,265
2036,6,C,0,508020203210,20201204,3,266
2037,5,C,0,508020203208,20201204,3,267
2038,2,A,1,508020208020,20201204,3,268
2039,1,A,0,506420208020,20201204,3,269
2040,2,A,1,406420208020,20201204,3,270
2041,1,A,0,405120208020,20201204,3,271
2042,2,A,0,325120208020,20201204,3,272
2043,1,A,1,324020208020,20201204,3,273
2044,2,A,1,254020208020,20201204,3,274
2045,1,A,0,253220208020,20201204,3,275
2046,2,A,1,203220208020,20201204,3,276
2047,1,A,0,202620208020,20201204,3,277
2048,2,A,0,162620208020,20201204,3,278
2049,5,C,1,508020208020,20201204,3,279
2050,6,C,1,508020206420,20201204,3,280
2051,5,C,1,508020206416,20201204,3,281
2052,6,C,0,508020205116,20201204,3,282
2053,5,C,0,508020205112,20201204,3,283
2054,2,A,1,508020208020,20201204,3,284
2055,1,A,0,506420208020,20201204,3,285
2056,2,A,1,406420208020,20201204,3,286
2057,1,A,0,405120208020,20201204,3,287
2058,2,A,0,325120208020,20201204,3,288
2059,5,C,0,508020208020,20201204,3,289
2060,6,C,0,508020206420,20201204,3,290
2061,5,C,0,508020206416,20201204,3,291
2062,2,A,1,508020208020,20201204,3,292
2063,1,A,1,506420208020,20201204,3,293
2064,2,A,1,406420208020,20201204,3,294
2065,1,A,1,405120208020,20201204,3,295
2066,2,A,1,325120208020,20201204,3,296
2067,1,A,0,324020208020,20201204,3,297
2068,2,A,1,254020208020,20201204,3,298
2069,1,A,0,253220208020,20201204,3,299
2070,4,B,0,502080208050,20201204,4,0
2071,3,B,1,502080168050,20201204,4,1
2072,4,B,0,502064168050,20201204,4,2
2073,6,C,1,502080208050,20201204,4,3
2074,5,C,1,502080208040,20201204,4,4
2075,6,C,0,502080206440,20201204,4,5
2076,2,A,0,502080208050,20201204,4,6
2077,1,A,1,501680208050,20201204,4,7
2078,2,A,0,401680208050,20201204,4,8
2079,1,A,1,401280208050,20201204,4,9
2080,4,B,0,502080208050,20201204,4,10
2081,3,B,1,502080168050,20201204,4,11
2082,4,B,0,502064168050,20201204,4,12
2083,3,B,1,502064128050,20201204,4,13
2084,2,A,0,502080208050,20201204,4,14
2085,1,A,1,501680208050,20201204,4,15
2086,2,A,1,401680208050,20201204,4,16
2087,1,A,0,401280208050,20201204,4,17
2088,2,A,0,321280208050,20201204,4,18
2089,5,C,0,502080208050,20201204,4,19
2090,6,C,0,502080206450,20201204,4,20
2091,5,C,1,502080206440,20201204,4,21
2092,2,A,0,502080208050,20201204,4,22
2093,1,A,0,501680208050,20201204,4,23
2094,4,B,1,502080208050,20201204,4,24
2095,3,B,0,502080168050,20201204,4,25
2096,4,B,0,502064168050,20201204,4,26
2097,2,A,0,502080208050,20201204,4,27
2098,1,A,1,501680208050,20201204,4,28
2099,2,A,0,401680208050,20201204,4,29
2100,1,A,1,401280208050,20201204,4,30
2101,5,C,1,502080208050,20201204,4,31
2102,6,C,1,502080206450,20201204,4,32
2103,5,C,0,502080206440,20201204,4,33
2104,6,C,0,502080205140,20201204,4,34
2105,5,C,0,502080205132,20201204,4,35
2106,4,B,0,502080208050,20201204,4,36
2107,3,B,1,502080168050,20201204,4,37
2108,4,B,0,502064168050,20201204,4,38
2109,3,B,1,502064128050,20201204,4,39
2110,4,B,0,502051128050,20201204,4,40
2111,3,B,0,502051108050,20201204,4,41
2112,2,A,0,502080208050,20201204,4,42
2113,1,A,1,501680208050,20201204,4,43
2114,2,A,0,401680208050,20201204,4,44
2115,1,A,0,401280208050,20201204,4,45
2116,5,C,1,502080208050,20201204,4,46
2117,6,C,1,502080206450,20201204,4,47
2118,5,C,0,502080206440,20201204,4,48
2119,6,C,1,502080205140,20201204,4,49
2120,5,C,0,502080205132,20201204,4,50
2121,6,C,0,502080204032,20201204,4,51
2122,2,A,0,502080208050,20201204,4,52
2123,1,A,1,501680208050,20201204,4,53
2124,2,A,0,401680208050,20201204,4,54
2125,1,A,0,401280208050,20201204,4,55
2126,5,C,0,502080208050,20201204,4,56
2127,6,C,0,502080206450,20201204,4,57
2128,5,C,1,502080206440,20201204,4,58
2129,6,C,0,502080205140,20201204,4,59
2130,5,C,0,502080205132,20201204,4,60
2131,4,B,1,502080208050,20201204,4,61
2132,3,B,1,502080168050,20201204,4,62
2133,4,B,0,502064168050,20201204,4,63
2134,3,B,1,502064128050,20201204,4,64
2135,4,B,0,502051128050,20201204,4,65
2136,3,B,0,502051108050,20201204,4,66
2137,1,A,1,502080208050,20201204,4,67
2138,2,A,0,402080208050,20201204,4,68
2139,1,A,0,401680208050,20201204,4,69
2140,4,B,1,502080208050,20201204,4,70
2141,3,B,1,502080168050,20201204,4,71
2142,4,B,0,502064168050,20201204,4,72
2143,3,B,1,502064128050,20201204,4,73
2144,5,C,1,502080208050,20201204,4,74
2145,6,C,0,502080206450,20201204,4,75
2146,5,C,0,502080206440,20201204,4,76
2147,6,C,0,502080205140,20201204,4,77
2148,5,C,0,502080205132,20201204,4,78
2149,4,B,0,502080208050,20201204,4,79
2150,3,B,1,502080168050,20201204,4,80
2151,4,B,0,502064168050,20201204,4,81
2152,3,B,0,502064128050,20201204,4,82
2153,4,B,0,502051128050,20201204,4,83
2154,2,A,0,502080208050,20201204,4,84
2155,1,A,1,501680208050,20201204,4,85
2156,2,A,0,401680208050,20201204,4,86
2157,1,A,1,401280208050,20201204,4,87
2158,5,C,0,502080208050,20201204,4,88
2159,6,C,0,502080206450,20201204,4,89
2160,5,C,0,502080206440,20201204,4,90
2161,4,B,0,502080208050,20201204,4,91
2162,3,B,1,502080168050,20201204,4,92
2163,4,B,0,502064168050,20201204,4,93
2164,3,B,1,502064128050,20201204,4,94
2165,4,B,0,502051128050,20201204,4,95
2166,3,B,1,502051108050,20201204,4,96
2167,1,A,1,502080208050,20201204,4,97
2168,2,A,0,402080208050,20201204,4,98
2169,1,A,0,401680208050,20201204,4,99
2170,2,A,0,321680208050,20201204,4,100
2171,1,A,0,321280208050,20201204,4,101
2172,5,C,1,502080208050,20201204,4,102
2173,6,C,1,502080206450,20201204,4,103
2174,5,C,1,502080206440,20201204,4,104
2175,6,C,0,502080205140,20201204,4,105
2176,5,C,1,502080205132,20201204,4,106
2177,4,B,0,502080208050,20201204,4,107
2178,3,B,1,502080168050,20201204,4,108
2179,4,B,1,502064168050,20201204,4,109
2180,3,B,1,502064128050,20201204,4,110
2181,4,B,0,502051128050,20201204,4,111
2182,3,B,1,502051108050,20201204,4,112
2183,4,B,0,502040108050,20201204,4,113
2184,3,B,0,502040088050,20201204,4,114
2185,4,B,0,502032088050,20201204,4,115
2186,1,A,0,502080208050,20201204,4,116
2187,2,A,0,402080208050,20201204,4,117
2188,1,A,0,401680208050,20201204,4,118
2189,5,C,0,502080208050,20201204,4,119
2190,6,C,0,502080206450,20201204,4,120
2191,5,C,1,502080206440,20201204,4,121
2192,4,B,0,502080208050,20201204,4,122
2193,3,B,1,502080168050,20201204,4,123
2194,4,B,0,502064168050,20201204,4,124
2195,3,B,0,502064128050,20201204,4,125
2196,4,B,0,502051128050,20201204,4,126
2197,1,A,0,502080208050,20201204,4,127
2198,2,A,1,402080208050,20201204,4,128
2199,1,A,0,401680208050,20201204,4,129
2200,2,A,0,321680208050,20201204,4,130
2201,5,C,1,502080208050,20201204,4,131
2202,6,C,0,502080206450,20201204,4,132
2203,5,C,0,502080206440,20201204,4,133
2204,4,B,0,502080208050,20201204,4,134
2205,3,B,1,502080168050,20201204,4,135
2206,4,B,0,502064168050,20201204,4,136
2207,3,B,1,502064128050,20201204,4,137
2208,5,C,1,502080208050,20201204,4,138
2209,6,C,1,502080206450,20201204,4,139
2210,5,C,0,502080206440,20201204,4,140
2211,6,C,1,502080205140,20201204,4,141
2212,5,C,0,502080205132,20201204,4,142
2213,6,C,1,502080204032,20201204,4,143
2214,5,C,0,502080204025,20201204,4,144
2215,6,C,0,502080203225,20201204,4,145
2216,5,C,0,502080203220,20201204,4,146
2217,1,A,1,502080208050,20201204,4,147
2218,2,A,0,402080208050,20201204,4,148
2219,1,A,0,401680208050,20201204,4,149
2220,4,B,0,502080208050,20201204,4,150
2221,3,B,1,502080168050,20201204,4,151
2222,4,B,0,502064168050,20201204,4,152
2223,3,B,1,502064128050,20201204,4,153
2224,4,B,0,502051128050,20201204,4,154
2225,3,B,1,502051108050,20201204,4,155
2226,1,A,0,502080208050,20201204,4,156
2227,2,A,0,402080208050,20201204,4,157
2228,1,A,0,401680208050,20201204,4,158
2229,5,C,1,502080208050,20201204,4,159
2230,6,C,0,502080206450,20201204,4,160
2231,5,C,1,502080206440,20201204,4,161
2232,6,C,0,502080205140,20201204,4,162
2233,5,C,0,502080205132,20201204,4,163
2234,4,B,0,502080208050,20201204,4,164
2235,3,B,1,502080168050,20201204,4,165
2236,4,B,0,502064168050,20201204,4,166
2237,3,B,0,502064128050,20201204,4,167
2238,4,B,0,502051128050,20201204,4,168
2239,3,B,1,502051108050,20201204,4,169
2240,5,C,0,502080208050,20201204,4,170
2241,6,C,0,502080206450,20201204,4,171
2242,5,C,1,502080206440,20201204,4,172
2243,6,C,1,502080205140,20201204,4,173
2244,5,C,1,502080205132,20201204,4,174
2245,6,C,0,502080204032,20201204,4,175
2246,5,C,0,502080204025,20201204,4,176
2247,6,C,0,502080203225,20201204,4,177
2248,5,C,1,502080203220,20201204,4,178
2249,4,B,0,502080208050,20201204,4,179
2250,3,B,1,502080168050,20201204,4,180
2251,4,B,0,502064168050,20201204,4,181
2252,3,B,1,502064128050,20201204,4,182
2253,4,B,0,502051128050,20201204,4,183
2254,3,B,0,502051108050,20201204,4,184
2255,4,B,0,502040108050,20201204,4,185
2256,3,B,0,502040088050,20201204,4,186
2257,1,A,1,502080208050,20201204,4,187
2258,2,A,0,402080208050,20201204,4,188
2259,1,A,1,401680208050,20201204,4,189
2260,2,A,0,321680208050,20201204,4,190
2261,1,A,0,321280208050,20201204,4,191
2262,5,C,0,502080208050,20201204,4,192
2263,6,C,0,502080206450,20201204,4,193
2264,5,C,1,502080206440,20201204,4,194
2265,6,C,0,502080205140,20201204,4,195
2266,5,C,1,502080205132,20201204,4,196
2267,6,C,0,502080204032,20201204,4,197
2268,5,C,1,502080204025,20201204,4,198
2269,1,A,0,502080208050,20201204,4,199
2270,2,A,0,402080208050,20201204,4,200
2271,1,A,0,401680208050,20201204,4,201
2272,5,C,1,502080208050,20201204,4,202
2273,6,C,0,502080206450,20201204,4,203
2274,5,C,0,502080206440,20201204,4,204
2275,6,C,0,502080205140,20201204,4,205
2276,5,C,1,502080205132,20201204,4,206
2277,4,B,0,502080208050,20201204,4,207
2278,3,B,1,502080168050,20201204,4,208
2279,4,B,0,502064168050,20201204,4,209
2280,3,B,1,502064128050,20201204,4,210
2281,5,C,1,502080208050,20201204,4,211
2282,6,C,1,502080206450,20201204,4,212
2283,5,C,1,502080206440,20201204,4,213
2284,6,C,0,502080205140,20201204,4,214
2285,5,C,0,502080205132,20201204,4,215
2286,6,C,0,502080204032,20201204,4,216
2287,5,C,0,502080204025,20201204,4,217
2288,4,B,0,502080208050,20201204,4,218
2289,3,B,1,502080168050,20201204,4,219
2290,4,B,0,502064168050,20201204,4,220
2291,3,B,0,502064128050,20201204,4,221
2292,4,B,1,502051128050,20201204,4,222
2293,3,B,1,502051108050,20201204,4,223
2294,4,B,0,502040108050,20201204,4,224
2295,3,B,0,502040088050,20201204,4,225
2296,4,B,1,502032088050,20201204,4,226
2297,3,B,0,502032068050,20201204,4,227
2298,4,B,0,502026068050,20201204,4,228
2299,5,C,1,502080208050,20201204,4,229
2300,6,C,0,502080206450,20201204,4,230
2301,5,C,0,502080206440,20201204,4,231
2302,4,B,0,502080208050,20201204,4,232
2303,3,B,1,502080168050,20201204,4,233
2304,4,B,0,502064168050,20201204,4,234
2305,3,B,1,502064128050,20201204,4,235
2306,4,B,0,502051128050,20201204,4,236
2307,3,B,1,502051108050,20201204,4,237
2308,4,B,0,502040108050,20201204,4,238
2309,3,B,1,502040088050,20201204,4,239
2310,5,C,1,502080208050,20201204,4,240
2311,6,C,0,502080206450,20201204,4,241
2312,5,C,1,502080206440,20201204,4,242
2313,6,C,1,502080205140,20201204,4,243
2314,5,C,1,502080205132,20201204,4,244
2315,6,C,0,502080204032,20201204,4,245
2316,5,C,0,502080204025,20201204,4,246
2317,6,C,1,502080203225,20201204,4,247
2318,5,C,0,502080203220,20201204,4,248
2319,6,C,0,502080202620,20201204,4,249
2320,5,C,0,502080202616,20201204,4,250
2321,4,B,0,502080208050,20201204,4,251
2322,3,B,1,502080168050,20201204,4,252
2323,4,B,0,502064168050,20201204,4,253
2324,3,B,1,502064128050,20201204,4,254
2325,4,B,1,502051128050,20201204,4,255
2326,3,B,1,502051108050,20201204,4,256
2327,4,B,0,502040108050,20201204,4,257
2328,3,B,0,502040088050,20201204,4,258
2329,4,B,0,502032088050,20201204,4,259
2330,3,B,0,502032068050,20201204,4,260
2331,4,B,0,502026068050,20201204,4,261
2332,3,B,0,502026058050,20201204,4,262
2333,4,B,0,502020058050,20201204,4,263
2334,5,C,1,502080208050,20201204,4,264
2335,6,C,1,502080206450,20201204,4,265
2336,5,C,0,502080206440,20201204,4,266
2337,6,C,0,502080205140,20201204,4,267
2338,5,C,1,502080205132,20201204,4,268
2339,6,C,0,502080204032,20201204,4,269
2340,5,C,1,502080204025,20201204,4,270
2341,6,C,0,502080203225,20201204,4,271
2342,5,C,0,502080203220,20201204,4,272
2343,1,A,0,502080208050,20201204,4,273
2344,2,A,1,402080208050,20201204,4,274
2345,1,A,0,401680208050,20201204,4,275
2346,2,A,0,321680208050,20201204,4,276
2347,4,B,0,502080208050,20201204,4,277
2348,3,B,1,502080168050,20201204,4,278
2349,4,B,1,502064168050,20201204,4,279
2350,3,B,1,502064128050,20201204,4,280
2351,4,B,0,502051128050,20201204,4,281
2352,3,B,1,502051108050,20201204,4,282
2353,4,B,0,502040108050,20201204,4,283
2354,3,B,0,502040088050,20201204,4,284
2355,4,B,0,502032088050,20201204,4,285
2356,3,B,0,502032068050,20201204,4,286
2357,4,B,0,502026068050,20201204,4,287
2358,3,B,0,502026058050,20201204,4,288
2359,5,C,1,502080208050,20201204,4,289
2360,6,C,0,502080206450,20201204,4,290
2361,5,C,1,502080206440,20201204,4,291
2362,6,C,1,502080205140,20201204,4,292
2363,5,C,0,502080205132,20201204,4,293
2364,6,C,0,502080204032,20201204,4,294
2365,5,C,1,502080204025,20201204,4,295
2366,6,C,1,502080203225,20201204,4,296
2367,5,C,1,502080203220,20201204,4,297
2368,6,C,0,502080202620,20201204,4,298
2369,5,C,0,502080202616,20201204,4,299
2370,1,A,1,805020502050,20201204,5,0
2371,2,A,1,645020502050,20201204,5,1
2372,1,A,1,644020502050,20201204,5,2
2373,2,A,1,514020502050,20201204,5,3
2374,5,C,1,805020502050,20201204,5,4
2375,6,C,0,805020501650,20201204,5,5
2376,5,C,0,805020501640,20201204,5,6
2377,4,B,0,805020502050,20201204,5,7
2378,3,B,0,805020402050,20201204,5,8
2379,4,B,0,805016402050,20201204,5,9
2380,3,B,0,805016322050,20201204,5,10
2381,1,A,1,805020502050,20201204,5,11
2382,2,A,1,645020502050,20201204,5,12
2383,1,A,0,644020502050,20201204,5,13
2384,2,A,1,514020502050,20201204,5,14
2385,1,A,1,513220502050,20201204,5,15
2386,2,A,1,403220502050,20201204,5,16
2387,1,A,0,402520502050,20201204,5,17
2388,2,A,0,322520502050,20201204,5,18
2389,5,C,0,805020502050,20201204,5,19
2390,6,C,0,805020501650,20201204,5,20
2391,2,A,0,805020502050,20201204,5,21
2392,1,A,1,804020502050,20201204,5,22
2393,2,A,1,644020502050,20201204,5,23
2394,1,A,1,643220502050,20201204,5,24
2395,2,A,0,513220502050,20201204,5,25
2396,1,A,0,512520502050,20201204,5,26
2397,5,C,0,805020502050,20201204,5,27
2398,4,B,0,805020502050,20201204,5,28
2399,3,B,1,805020402050,20201204,5,29
2400,4,B,1,805016402050,20201204,5,30
2401,3,B,0,805016322050,20201204,5,31
2402,4,B,1,805012322050,20201204,5,32
2403,5,C,0,805020502050,20201204,5,33
2404,6,C,1,805020501650,20201204,5,34
2405,5,C,0,805020501640,20201204,5,35
2406,6,C,0,805020501240,20201204,5,36
2407,4,B,0,805020502050,20201204,5,37
2408,3,B,0,805020402050,20201204,5,38
2409,2,A,1,805020502050,20201204,5,39
2410,1,A,1,804020502050,20201204,5,40
2411,2,A,1,644020502050,20201204,5,41
2412,1,A,0,643220502050,20201204,5,42
2413,2,A,0,513220502050,20201204,5,43
2414,1,A,0,512520502050,20201204,5,44
2415,2,A,0,402520502050,20201204,5,45
2416,4,B,1,805020502050,20201204,5,46
2417,3,B,0,805020402050,20201204,5,47
2418,4,B,0,805016402050,20201204,5,48
2419,1,A,0,805020502050,20201204,5,49
2420,2,A,0,645020502050,20201204,5,50
2421,5,C,0,805020502050,20201204,5,51
2422,6,C,1,805020501650,20201204,5,52
2423,5,C,0,805020501640,20201204,5,53
2424,6,C,0,805020501240,20201204,5,54
2425,5,C,0,805020501232,20201204,5,55
2426,4,B,1,805020502050,20201204,5,56
2427,3,B,0,805020402050,20201204,5,57
2428,4,B,0,805016402050,20201204,5,58
2429,1,A,0,805020502050,20201204,5,59
2430,2,A,1,645020502050,20201204,5,60
2431,1,A,1,644020502050,20201204,5,61
2432,2,A,1,514020502050,20201204,5,62
2433,1,A,0,513220502050,20201204,5,63
2434,2,A,1,403220502050,20201204,5,64
2435,1,A,0,402520502050,20201204,5,65
2436,2,A,1,322520502050,20201204,5,66
2437,5,C,0,805020502050,20201204,5,67
2438,6,C,1,805020501650,20201204,5,68
2439,5,C,0,805020501640,20201204,5,69
2440,6,C,0,805020501240,20201204,5,70
2441,4,B,0,805020502050,20201204,5,71
2442,3,B,0,805020402050,20201204,5,72
2443,4,B,0,805016402050,20201204,5,73
2444,2,A,1,805020502050,20201204,5,74
2445,1,A,1,804020502050,20201204,5,75
2446,2,A,1,644020502050,20201204,5,76
2447,1,A,1,643220502050,20201204,5,77
2448,2,A,0,513220502050,20201204,5,78
2449,1,A,0,512520502050,20201204,5,79
2450,2,A,1,402520502050,20201204,5,80
2451,1,A,1,402020502050,20201204,5,81
2452,2,A,0,322020502050,20201204,5,82
2453,1,A,0,321620502050,20201204,5,83
2454,2,A,0,261620502050,20201204,5,84
2455,1,A,0,261320502050,20201204,5,85
2456,2,A,0,201320502050,20201204,5,86
2457,5,C,0,805020502050,20201204,5,87
2458,6,C,0,805020501650,20201204,5,88
2459,5,C,0,805020501640,20201204,5,89
2460,4,B,1,805020502050,20201204,5,90
2461,3,B,0,805020402050,20201204,5,91
2462,4,B,0,805016402050,20201204,5,92
2463,2,A,0,805020502050,20201204,5,93
2464,1,A,0,804020502050,20201204,5,94
2465,2,A,0,644020502050,20201204,5,95
2466,1,A,1,643220502050,20201204,5,96
2467,2,A,0,513220502050,20201204,5,97
2468,1,A,0,512520502050,20201204,5,98
2469,4,B,0,805020502050,20201204,5,99
2470,3,B,0,805020402050,20201204,5,100
2471,4,B,1,805016402050,20201204,5,101
2472,2,A,0,805020502050,20201204,5,102
2473,1,A,0,804020502050,20201204,5,103
2474,5,C,0,805020502050,20201204,5,104
2475,6,C,1,805020501650,20201204,5,105
2476,5,C,0,805020501640,20201204,5,106
2477,6,C,0,805020501240,20201204,5,107
2478,5,C,0,805020501232,20201204,5,108
2479,4,B,0,805020502050,20201204,5,109
2480,3,B,0,805020402050,20201204,5,110
2481,1,A,0,805020502050,20201204,5,111
2482,2,A,0,645020502050,20201204,5,112
2483,1,A,0,644020502050,20201204,5,113
2484,2,A,0,514020502050,20201204,5,114
2485,4,B,0,805020502050,20201204,5,115
2486,3,B,0,805020402050,20201204,5,116
2487,4,B,0,805016402050,20201204,5,117
2488,1,A,1,805020502050,20201204,5,118
2489,2,A,0,645020502050,20201204,5,119
2490,1,A,1,644020502050,20201204,5,120
2491,2,A,0,514020502050,20201204,5,121
2492,1,A,1,513220502050,20201204,5,122
2493,2,A,1,403220502050,20201204,5,123
2494,1,A,0,402520502050,20201204,5,124
2495,2,A,1,322520502050,20201204,5,125
2496,1,A,0,322020502050,20201204,5,126
2497,2,A,1,262020502050,20201204,5,127
2498,1,A,0,261620502050,20201204,5,128
2499,2,A,0,201620502050,20201204,5,129
2500,5,C,0,805020502050,20201204,5,130
2501,6,C,1,805020501650,20201204,5,131
2502,5,C,1,805020501640,20201204,5,132
2503,6,C,0,805020501240,20201204,5,133
2504,5,C,0,805020501232,20201204,5,134
2505,6,C,0,805020501032,20201204,5,135
2506,2,A,1,805020502050,20201204,5,136
2507,1,A,1,804020502050,20201204,5,137
2508,2,A,1,644020502050,20201204,5,138
2509,1,A,0,643220502050,20201204,5,139
2510,2,A,0,513220502050,20201204,5,140
2511,1,A,0,512520502050,20201204,5,141
2512,2,A,0,402520502050,20201204,5,142
2513,4,B,1,805020502050,20201204,5,143
2514,3,B,0,805020402050,20201204,5,144
2515,4,B,1,805016402050,20201204,5,145
2516,3,B,0,805016322050,20201204,5,146
2517,4,B,1,805012322050,20201204,5,147
2518,3,B,1,805012252050,20201204,5,148
2519,4,B,0,805010252050,20201204,5,149
2520,3,B,0,805010202050,20201204,5,150
2521,4,B,0,805008202050,20201204,5,151
2522,2,A,0,805020502050,20201204,5,152
2523,1,A,1,804020502050,20201204,5,153
2524,2,A,1,644020502050,20201204,5,154
2525,1,A,0,643220502050,20201204,5,155
2526,2,A,1,513220502050,20201204,5,156
2527,1,A,0,512520502050,20201204,5,157
2528,2,A,0,402520502050,20201204,5,158
2529,1,A,0,402020502050,20201204,5,159
2530,2,A,0,322020502050,20201204,5,160
2531,5,C,0,805020502050,20201204,5,161
2532,6,C,0,805020501650,20201204,5,162
2533,5,C,0,805020501640,20201204,5,163
2534,4,B,1,805020502050,20201204,5,164
2535,3,B,1,805020402050,20201204,5,165
2536,4,B,1,805016402050,20201204,5,166
2537,3,B,0,805016322050,20201204,5,167
2538,4,B,0,805012322050,20201204,5,168
2539,2,A,1,805020502050,20201204,5,169
2540,1,A,0,804020502050,20201204,5,170
2541,2,A,1,644020502050,20201204,5,171
2542,1,A,1,643220502050,20201204,5,172
2543,2,A,0,513220502050,20201204,5,173
2544,1,A,1,512520502050,20201204,5,174
2545,2,A,1,402520502050,20201204,5,175
2546,1,A,0,402020502050,20201204,5,176
2547,2,A,1,322020502050,20201204,5,177
2548,1,A,1,321620502050,20201204,5,178
2549,2,A,0,261620502050,20201204,5,179
2550,1,A,0,261320502050,20201204,5,180
2551,2,A,0,201320502050,20201204,5,181
2552,4,B,0,805020502050,20201204,5,182
2553,3,B,0,805020402050,20201204,5,183
2554,4,B,0,805016402050,20201204,5,184
2555,2,A,0,805020502050,20201204,5,185
2556,1,A,1,804020502050,20201204,5,186
2557,2,A,0,644020502050,20201204,5,187
2558,1,A,1,643220502050,20201204,5,188
2559,2,A,0,513220502050,20201204,5,189
2560,1,A,0,512520502050,20201204,5,190
2561,2,A,0,402520502050,20201204,5,191
2562,1,A,0,402020502050,20201204,5,192
2563,5,C,0,805020502050,20201204,5,193
2564,6,C,0,805020501650,20201204,5,194
2565,5,C,0,805020501640,20201204,5,195
2566,4,B,0,805020502050,20201204,5,196
2567,3,B,0,805020402050,20201204,5,197
2568,4,B,1,805016402050,20201204,5,198
2569,3,B,0,805016322050,20201204,5,199
2570,4,B,0,805012322050,20201204,5,200
2571,2,A,0,805020502050,20201204,5,201
2572,1,A,1,804020502050,20201204,5,202
2573,2,A,1,644020502050,20201204,5,203
2574,1,A,1,643220502050,20201204,5,204
2575,2,A,0,513220502050,20201204,5,205
2576,1,A,0,512520502050,20201204,5,206
2577,2,A,1,402520502050,20201204,5,207
2578,1,A,0,402020502050,20201204,5,208
2579,2,A,1,322020502050,20201204,5,209
2580,1,A,1,321620502050,20201204,5,210
2581,2,A,0,261620502050,20201204,5,211
2582,1,A,0,261320502050,20201204,5,212
2583,2,A,0,201320502050,20201204,5,213
2584,1,A,0,201020502050,20201204,5,214
2585,4,B,1,805020502050,20201204,5,215
2586,3,B,1,805020402050,20201204,5,216
2587,4,B,1,805016402050,20201204,5,217
2588,3,B,1,805016322050,20201204,5,218
2589,4,B,0,805012322050,20201204,5,219
2590,3,B,0,805012252050,20201204,5,220
2591,4,B,0,805010252050,20201204,5,221
2592,2,A,1,805020502050,20201204,5,222
2593,1,A,1,804020502050,20201204,5,223
2594,2,A,0,644020502050,20201204,5,224
2595,1,A,1,643220502050,20201204,5,225
2596,2,A,0,513220502050,20201204,5,226
2597,1,A,1,512520502050,20201204,5,227
2598,2,A,1,402520502050,20201204,5,228
2599,1,A,0,402020502050,20201204,5,229
2600,2,A,1,322020502050,20201204,5,230
2601,1,A,1,321620502050,20201204,5,231
2602,2,A,0,261620502050,20201204,5,232
2603,1,A,0,261320502050,20201204,5,233
2604,2,A,0,201320502050,20201204,5,234
2605,1,A,0,201020502050,20201204,5,235
2606,2,A,0,161020502050,20201204,5,236
2607,5,C,1,805020502050,20201204,5,237
2608,6,C,0,805020501650,20201204,5,238
2609,5,C,0,805020501640,20201204,5,239
2610,4,B,1,805020502050,20201204,5,240
2611,3,B,0,805020402050,20201204,5,241
2612,4,B,1,805016402050,20201204,5,242
2613,3,B,0,805016322050,20201204,5,243
2614,4,B,0,805012322050,20201204,5,244
2615,2,A,0,805020502050,20201204,5,245
2616,1,A,1,804020502050,20201204,5,246
2617,2,A,1,644020502050,20201204,5,247
2618,1,A,0,643220502050,20201204,5,248
2619,2,A,0,513220502050,20201204,5,249
2620,1,A,1,512520502050,20201204,5,250
2621,2,A,0,402520502050,20201204,5,251
2622,1,A,1,402020502050,20201204,5,252
2623,2,A,0,322020502050,20201204,5,253
2624,1,A,0,321620502050,20201204,5,254
2625,4,B,1,805020502050,20201204,5,255
2626,3,B,1,805020402050,20201204,5,256
2627,4,B,1,805016402050,20201204,5,257
2628,3,B,0,805016322050,20201204,5,258
2629,4,B,0,805012322050,20201204,5,259
2630,2,A,0,805020502050,20201204,5,260
2631,1,A,1,804020502050,20201204,5,261
2632,2,A,1,644020502050,20201204,5,262
2633,1,A,1,643220502050,20201204,5,263
2634,2,A,0,513220502050,20201204,5,264
2635,1,A,1,512520502050,20201204,5,265
2636,2,A,0,402520502050,20201204,5,266
2637,1,A,0,402020502050,20201204,5,267
2638,2,A,0,322020502050,20201204,5,268
2639,1,A,0,321620502050,20201204,5,269
2640,4,B,1,805020502050,20201204,5,270
2641,3,B,0,805020402050,20201204,5,271
2642,4,B,1,805016402050,20201204,5,272
2643,3,B,0,805016322050,20201204,5,273
2644,4,B,0,805012322050,20201204,5,274
2645,1,A,1,805020502050,20201204,5,275
2646,2,A,1,645020502050,20201204,5,276
2647,1,A,1,644020502050,20201204,5,277
2648,2,A,0,514020502050,20201204,5,278
2649,1,A,0,513220502050,20201204,5,279
2650,2,A,1,403220502050,20201204,5,280
2651,1,A,1,402520502050,20201204,5,281
2652,2,A,1,322520502050,20201204,5,282
2653,1,A,0,322020502050,20201204,5,283
2654,2,A,0,262020502050,20201204,5,284
2655,1,A,0,261620502050,20201204,5,285
2656,2,A,0,201620502050,20201204,5,286
2657,4,B,1,805020502050,20201204,5,287
2658,3,B,0,805020402050,20201204,5,288
2659,4,B,0,805016402050,20201204,5,289
2660,2,A,1,805020502050,20201204,5,290
2661,1,A,1,804020502050,20201204,5,291
2662,2,A,1,644020502050,20201204,5,292
2663,1,A,0,643220502050,20201204,5,293
2664,2,A,0,513220502050,20201204,5,294
2665,1,A,0,512520502050,20201204,5,295
2666,2,A,0,402520502050,20201204,5,296
2667,4,B,0,805020502050,20201204,5,297
2668,3,B,0,805020402050,20201204,5,298
2669,4,B,1,805016402050,20201204,5,299
2670,4,B,0,208020202050,20201205,1,0
2671,3,B,0,208020162050,20201205,1,1
2672,4,B,0,208016162050,20201205,1,2
2673,1,A,0,208020202050,20201205,1,3
2674,2,A,1,168020202050,20201205,1,4
2675,1,A,0,166420202050,20201205,1,5
2676,2,A,1,126420202050,20201205,1,6
2677,5,C,0,208020202050,20201205,1,7
2678,6,C,0,208020201650,20201205,1,8
2679,5,C,0,208020201640,20201205,1,9
2680,6,C,1,208020201240,20201205,1,10
2681,4,B,1,208020202050,20201205,1,11
2682,3,B,0,208020162050,20201205,1,12
2683,4,B,0,208016162050,20201205,1,13
2684,3,B,0,208016122050,20201205,1,14
2685,2,A,0,208020202050,20201205,1,15
2686,1,A,0,206420202050,20201205,1,16
2687,2,A,0,166420202050,20201205,1,17
2688,4,B,0,208020202050,20201205,1,18
2689,3,B,0,208020162050,20201205,1,19
2690,4,B,0,208016162050,20201205,1,20
2691,5,C,0,208020202050,20201205,1,21
2692,6,C,1,208020201650,20201205,1,22
2693,5,C,1,208020201640,20201205,1,23
2694,6,C,1,208020201240,20201205,1,24
2695,5,C,1,208020201232,20201205,1,25
2696,6,C,1,208020201032,20201205,1,26
2697,5,C,0,208020201025,20201205,1,27
2698,1,A,0,208020202050,20201205,1,28
2699,2,A,0,168020202050,20201205,1,29
2700,4,B,0,208020202050,20201205,1,30
2701,3,B,0,208020162050,20201205,1,31
2702,4,B,0,208016162050,20201205,1,32
2703,6,C,1,208020202050,20201205,1,33
2704,5,C,0,208020202040,20201205,1,34
2705,6,C,1,208020201640,20201205,1,35
2706,5,C,0,208020201632,20201205,1,36
2707,6,C,0,208020201232,20201205,1,37
2708,2,A,1,208020202050,20201205,1,38
2709,1,A,0,206420202050,20201205,1,39
2710,2,A,0,166420202050,20201205,1,40
2711,4,B,0,208020202050,20201205,1,41
2712,3,B,0,208020162050,20201205,1,42
2713,4,B,0,208016162050,20201205,1,43
2714,5,C,0,208020202050,20201205,1,44
2715,6,C,1,208020201650,20201205,1,45
2716,5,C,0,208020201640,20201205,1,46
2717,6,C,1,208020201240,20201205,1,47
2718,1,A,1,208020202050,20201205,1,48
2719,2,A,1,168020202050,20201205,1,49
2720,6,C,0,208020202050,20201205,1,50
2721,5,C,0,208020202040,20201205,1,51
2722,6,C,1,208020201640,20201205,1,52
2723,5,C,0,208020201632,20201205,1,53
2724,6,C,0,208020201232,20201205,1,54
2725,4,B,0,208020202050,20201205,1,55
2726,3,B,1,208020162050,20201205,1,56
2727,4,B,0,208016162050,20201205,1,57
2728,3,B,0,208016122050,20201205,1,58
2729,2,A,1,208020202050,20201205,1,59
2730,1,A,0,206420202050,20201205,1,60
2731,2,A,0,166420202050,20201205,1,61
2732,6,C,0,208020202050,20201205,1,62
2733,5,C,0,208020202040,20201205,1,63
2734,6,C,0,208020201640,20201205,1,64
2735,4,B,0,208020202050,20201205,1,65
2736,3,B,0,208020162050,20201205,1,66
2737,4,B,1,208016162050,20201205,1,67
2738,3,B,0,208016122050,20201205,1,68
2739,4,B,0,208012122050,20201205,1,69
2740,2,A,1,208020202050,20201205,1,70
2741,1,A,0,206420202050,20201205,1,71
2742,2,A,0,166420202050,20201205,1,72
2743,6,C,1,208020202050,20201205,1,73
2744,5,C,0,208020202040,20201205,1,74
2745,6,C,0,208020201640,20201205,1,75
2746,5,C,0,208020201632,20201205,1,76
2747,4,B,0,208020202050,20201205,1,77
2748,3,B,0,208020162050,20201205,1,78
2749,2,A,1,208020202050,20201205,1,79
2750,1,A,0,206420202050,20201205,1,80
2751,2,A,1,166420202050,20201205,1,81
2752,1,A,0,165120202050,20201205,1,82
2753,2,A,1,125120202050,20201205,1,83
2754,1,A,0,124020202050,20201205,1,84
2755,2,A,1,104020202050,20201205,1,85
2756,6,C,0,208020202050,20201205,1,86
2757,5,C,0,208020202040,20201205,1,87
2758,6,C,0,208020201640,20201205,1,88
2759,4,B,1,208020202050,20201205,1,89
2760,3,B,0,208020162050,20201205,1,90
2761,4,B,0,208016162050,20201205,1,91
2762,2,A,1,208020202050,20201205,1,92
2763,1,A,1,206420202050,20201205,1,93
2764,2,A,1,166420202050,20201205,1,94
2765,1,A,0,165120202050,20201205,1,95
2766,2,A,1,125120202050,20201205,1,96
2767,1,A,0,124020202050,20201205,1,97
2768,2,A,1,104020202050,20201205,1,98
2769,4,B,0,208020202050,20201205,1,99
2770,3,B,1,208020162050,20201205,1,100
2771,4,B,0,208016162050,20201205,1,101
2772,3,B,0,208016122050,20201205,1,102
2773,2,A,1,208020202050,20201205,1,103
2774,1,A,1,206420202050,20201205,1,104
2775,2,A,1,166420202050,20201205,1,105
2776,1,A,0,165120202050,20201205,1,106
2777,2,A,0,125120202050,20201205,1,107
2778,6,C,1,208020202050,20201205,1,108
2779,5,C,1,208020202040,20201205,1,109
2780,6,C,1,208020201640,20201205,1,110
2781,5,C,0,208020201632,20201205,1,111
2782,6,C,0,208020201232,20201205,1,112
2783,2,A,0,208020202050,20201205,1,113
2784,1,A,0,206420202050,20201205,1,114
2785,2,A,0,166420202050,20201205,1,115
2786,4,B,0,208020202050,20201205,1,116
2787,3,B,0,208020162050,20201205,1,117
2788,1,A,0,208020202050,20201205,1,118
2789,2,A,1,168020202050,20201205,1,119
2790,1,A,1,166420202050,20201205,1,120
2791,2,A,0,126420202050,20201205,1,121
2792,1,A,1,125120202050,20201205,1,122
2793,2,A,0,105120202050,20201205,1,123
2794,1,A,0,104020202050,20201205,1,124
2795,2,A,0,084020202050,20201205,1,125
2796,6,C,0,208020202050,20201205,1,126
2797,5,C,0,208020202040,20201205,1,127
2798,6,C,0,208020201640,20201205,1,128
2799,4,B,0,208020202050,20201205,1,129
2800,3,B,1,208020162050,20201205,1,130
2801,4,B,0,208016162050,20201205,1,131
2802,3,B,0,208016122050,20201205,1,132
2803,2,A,0,208020202050,20201205,1,133
2804,1,A,0,206420202050,20201205,1,134
2805,2,A,1,166420202050,20201205,1,135
2806,6,C,1,208020202050,20201205,1,136
2807,5,C,1,208020202040,20201205,1,137
2808,6,C,0,208020201640,20201205,1,138
2809,5,C,0,208020201632,20201205,1,139
2810,4,B,0,208020202050,20201205,1,140
2811,3,B,0,208020162050,20201205,1,141
2812,2,A,1,208020202050,20201205,1,142
2813,1,A,0,206420202050,20201205,1,143
2814,2,A,1,166420202050,20201205,1,144
2815,1,A,0,165120202050,20201205,1,145
2816,2,A,0,125120202050,20201205,1,146
2817,6,C,0,208020202050,20201205,1,147
2818,5,C,0,208020202040,20201205,1,148
2819,6,C,0,208020201640,20201205,1,149
2820,5,C,0,208020201632,20201205,1,150
2821,4,B,0,208020202050,20201205,1,151
2822,2,A,0,208020202050,20201205,1,152
2823,1,A,0,206420202050,20201205,1,153
2824,2,A,1,166420202050,20201205,1,154
2825,6,C,0,208020202050,20201205,1,155
2826,5,C,1,208020202040,20201205,1,156
2827,6,C,0,208020201640,20201205,1,157
2828,5,C,0,208020201632,20201205,1,158
2829,2,A,1,208020202050,20201205,1,159
2830,1,A,0,206420202050,20201205,1,160
2831,2,A,1,166420202050,20201205,1,161
2832,4,B,0,208020202050,20201205,1,162
2833,3,B,0,208020162050,20201205,1,163
2834,4,B,0,208016162050,20201205,1,164
2835,2,A,1,208020202050,20201205,1,165
2836,1,A,1,206420202050,20201205,1,166
2837,2,A,1,166420202050,20201205,1,167
2838,1,A,0,165120202050,20201205,1,168
2839,2,A,0,125120202050,20201205,1,169
2840,6,C,1,208020202050,20201205,1,170
2841,5,C,0,208020202040,20201205,1,171
2842,6,C,0,208020201640,20201205,1,172
2843,2,A,0,208020202050,20201205,1,173
2844,1,A,1,206420202050,20201205,1,174
2845,2,A,0,166420202050,20201205,1,175
2846,1,A,0,165120202050,20201205,1,176
2847,6,C,1,208020202050,20201205,1,177
2848,5,C,0,208020202040,20201205,1,178
2849,6,C,1,208020201640,20201205,1,179
2850,2,A,0,208020202050,20201205,1,180
2851,1,A,1,206420202050,20201205,1,181
2852,2,A,1,166420202050,20201205,1,182
2853,1,A,0,165120202050,20201205,1,183
2854,2,A,0,125120202050,20201205,1,184
2855,1,A,0,124020202050,20201205,1,185
2856,4,B,0,208020202050,20201205,1,186
2857,3,B,1,208020162050,20201205,1,187
2858,4,B,0,208016162050,20201205,1,188
2859,3,B,0,208016122050,20201205,1,189
2860,2,A,0,208020202050,20201205,1,190
2861,1,A,0,206420202050,20201205,1,191
2862,2,A,0,166420202050,20201205,1,192
2863,1,A,0,165120202050,20201205,1,193
2864,6,C,0,208020202050,20201205,1,194
2865,5,C,0,208020202040,20201205,1,195
2866,6,C,1,208020201640,20201205,1,196
2867,5,C,0,208020201632,20201205,1,197
2868,6,C,1,208020201232,20201205,1,198
2869,1,A,0,208020202050,20201205,1,199
2870,2,A,1,168020202050,20201205,1,200
2871,1,A,0,166420202050,20201205,1,201
2872,2,A,0,126420202050,20201205,1,202
2873,1,A,0,125120202050,20201205,1,203
2874,2,A,1,105120202050,20201205,1,204
2875,1,A,0,104020202050,20201205,1,205
2876,2,A,0,084020202050,20201205,1,206
2877,6,C,1,208020202050,20201205,1,207
2878,5,C,0,208020202040,20201205,1,208
2879,6,C,1,208020201640,20201205,1,209
2880,4,B,0,208020202050,20201205,1,210
2881,3,B,0,208020162050,20201205,1,211
2882,2,A,1,208020202050,20201205,1,212
2883,1,A,0,206420202050,20201205,1,213
2884,2,A,0,166420202050,20201205,1,214
2885,1,A,0,165120202050,20201205,1,215
2886,2,A,1,125120202050,20201205,1,216
2887,1,A,0,124020202050,20201205,1,217
2888,2,A,1,104020202050,20201205,1,218
2889,6,C,0,208020202050,20201205,1,219
2890,5,C,0,208020202040,20201205,1,220
2891,6,C,1,208020201640,20201205,1,221
2892,5,C,0,208020201632,20201205,1,222
2893,6,C,0,208020201232,20201205,1,223
2894,5,C,0,208020201225,20201205,1,224
2895,6,C,0,208020201025,20201205,1,225
2896,2,A,1,208020202050,20201205,1,226
2897,1,A,0,206420202050,20201205,1,227
2898,2,A,1,166420202050,20201205,1,228
2899,1,A,0,165120202050,20201205,1,229
2900,2,A,0,125120202050,20201205,1,230
2901,6,C,1,208020202050,20201205,1,231
2902,5,C,0,208020202040,20201205,1,232
2903,6,C,0,208020201640,20201205,1,233
2904,2,A,0,208020202050,20201205,1,234
2905,1,A,0,206420202050,20201205,1,235
2906,2,A,1,166420202050,20201205,1,236
2907,1,A,0,165120202050,20201205,1,237
2908,2,A,0,125120202050,20201205,1,238
2909,4,B,0,208020202050,20201205,1,239
2910,3,B,0,208020162050,20201205,1,240
2911,1,A,1,208020202050,20201205,1,241
2912,2,A,1,168020202050,20201205,1,242
2913,1,A,0,166420202050,20201205,1,243
2914,2,A,1,126420202050,20201205,1,244
2915,6,C,1,208020202050,20201205,1,245
2916,5,C,0,208020202040,20201205,1,246
2917,6,C,1,208020201640,20201205,1,247
2918,5,C,0,208020201632,20201205,1,248
2919,6,C,0,208020201232,20201205,1,249
2920,2,A,1,208020202050,20201205,1,250
2921,1,A,0,206420202050,20201205,1,251
2922,2,A,1,166420202050,20201205,1,252
2923,1,A,0,165120202050,20201205,1,253
2924,2,A,0,125120202050,20201205,1,254
2925,6,C,0,208020202050,20201205,1,255
2926,5,C,0,208020202040,20201205,1,256
2927,6,C,0,208020201640,20201205,1,257
2928,2,A,1,208020202050,20201205,1,258
2929,1,A,0,206420202050,20201205,1,259
2930,2,A,1,166420202050,20201205,1,260
2931,1,A,0,165120202050,20201205,1,261
2932,2,A,1,125120202050,20201205,1,262
2933,1,A,0,124020202050,20201205,1,263
2934,2,A,0,104020202050,20201205,1,264
2935,6,C,0,208020202050,20201205,1,265
2936,5,C,0,208020202040,20201205,1,266
2937,6,C,0,208020201640,20201205,1,267
2938,2,A,1,208020202050,20201205,1,268
2939,1,A,0,206420202050,20201205,1,269
2940,2,A,1,166420202050,20201205,1,270
2941,6,C,1,208020202050,20201205,1,271
2942,5,C,0,208020202040,20201205,1,272
2943,6,C,1,208020201640,20201205,1,273
2944,2,A,1,208020202050,20201205,1,274
2945,1,A,0,206420202050,20201205,1,275
2946,2,A,1,166420202050,20201205,1,276
2947,1,A,0,165120202050,20201205,1,277
2948,2,A,0,125120202050,20201205,1,278
2949,6,C,1,208020202050,20201205,1,279
2950,5,C,0,208020202040,20201205,1,280
2951,6,C,1,208020201640,20201205,1,281
2952,2,A,0,208020202050,20201205,1,282
2953,1,A,0,206420202050,20201205,1,283
2954,2,A,0,166420202050,20201205,1,284
2955,6,C,0,208020202050,20201205,1,285
2956,2,A,1,208020202050,20201205,1,286
2957,1,A,0,206420202050,20201205,1,287
2958,2,A,0,166420202050,20201205,1,288
2959,6,C,0,208020202050,20201205,1,289
2960,5,C,0,208020202040,20201205,1,290
2961,6,C,0,208020201640,20201205,1,291
2962,2,A,1,208020202050,20201205,1,292
2963,1,A,0,206420202050,20201205,1,293
2964,2,A,1,166420202050,20201205,1,294
2965,6,C,1,208020202050,20201205,1,295
2966,5,C,0,208020202040,20201205,1,296
2967,6,C,0,208020201640,20201205,1,297
2968,2,A,1,208020202050,20201205,1,298
2969,1,A,0,206420202050,20201205,1,299
2970,4,B,0,205080505050,20201205,2,0
2971,3,B,1,205080405050,20201205,2,1
2972,1,A,0,205080505050,20201205,2,2
2973,2,A,1,165080505050,20201205,2,3
2974,1,A,0,164080505050,20201205,2,4
2975,6,C,0,205080505050,20201205,2,5
2976,5,C,0,205080505040,20201205,2,6
2977,6,C,0,205080504040,20201205,2,7
2978,4,B,0,205080505050,20201205,2,8
2979,3,B,0,205080405050,20201205,2,9
2980,4,B,1,205064405050,20201205,2,10
2981,2,A,1,205080505050,20201205,2,11
2982,1,A,0,204080505050,20201205,2,12
2983,2,A,0,164080505050,20201205,2,13
2984,4,B,0,205080505050,20201205,2,14
2985,3,B,1,205080405050,20201205,2,15
2986,4,B,0,205064405050,20201205,2,16
2987,3,B,1,205064325050,20201205,2,17
2988,4,B,0,205051325050,20201205,2,18
2989,3,B,1,205051255050,20201205,2,19
2990,2,A,1,205080505050,20201205,2,20
2991,1,A,0,204080505050,20201205,2,21
2992,2,A,0,164080505050,20201205,2,22
2993,5,C,0,205080505050,20201205,2,23
2994,6,C,0,205080504050,20201205,2,24
2995,4,B,1,205080505050,20201205,2,25
2996,3,B,0,205080405050,20201205,2,26
2997,4,B,0,205064405050,20201205,2,27
2998,2,A,0,205080505050,20201205,2,28
2999,1,A,0,204080505050,20201205,2,29
3000,2,A,0,164080505050,20201205,2,30
3001,4,B,1,205080505050,20201205,2,31
3002,3,B,1,205080405050,20201205,2,32
3003,4,B,0,205064405050,20201205,2,33
3004,3,B,0,205064325050,20201205,2,34
3005,4,B,0,205051325050,20201205,2,35
3006,5,C,1,205080505050,20201205,2,36
3007,6,C,0,205080504050,20201205,2,37
3008,5,C,1,205080504040,20201205,2,38
3009,4,B,1,205080505050,20201205,2,39
3010,3,B,0,205080405050,20201205,2,40
3011,4,B,0,205064405050,20201205,2,41
3012,3,B,1,205064325050,20201205,2,42
3013,4,B,0,205051325050,20201205,2,43
3014,3,B,0,205051255050,20201205,2,44
3015,2,A,1,205080505050,20201205,2,45
3016,1,A,0,204080505050,20201205,2,46
3017,2,A,0,164080505050,20201205,2,47
3018,4,B,1,205080505050,20201205,2,48
3019,3,B,1,205080405050,20201205,2,49
3020,4,B,1,205064405050,20201205,2,50
3021,3,B,0,205064325050,20201205,2,51
3022,4,B,0,205051325050,20201205,2,52
3023,2,A,0,205080505050,20201205,2,53
3024,1,A,0,204080505050,20201205,2,54
3025,4,B,0,205080505050,20201205,2,55
3026,3,B,1,205080405050,20201205,2,56
3027,4,B,1,205064405050,20201205,2,57
3028,3,B,1,205064325050,20201205,2,58
3029,4,B,0,205051325050,20201205,2,59
3030,3,B,0,205051255050,20201205,2,60
3031,4,B,0,205040255050,20201205,2,61
3032,6,C,1,205080505050,20201205,2,62
3033,5,C,1,205080505040,20201205,2,63
3034,6,C,0,205080504040,20201205,2,64
3035,5,C,0,205080504032,20201205,2,65
3036,4,B,1,205080505050,20201205,2,66
3037,3,B,1,205080405050,20201205,2,67
3038,4,B,1,205064405050,20201205,2,68
3039,3,B,0,205064325050,20201205,2,69
3040,4,B,1,205051325050,20201205,2,70
3041,3,B,0,205051255050,20201205,2,71
3042,4,B,1,205040255050,20201205,2,72
3043,3,B,0,205040205050,20201205,2,73
3044,4,B,0,205032205050,20201205,2,74
3045,2,A,0,205080505050,20201205,2,75
3046,1,A,0,204080505050,20201205,2,76
3047,4,B,1,205080505050,20201205,2,77
3048,3,B,1,205080405050,20201205,2,78
3049,4,B,0,205064405050,20201205,2,79
3050,3,B,1,205064325050,20201205,2,80
3051,4,B,1,205051325050,20201205,2,81
3052,3,B,0,205051255050,20201205,2,82
3053,4,B,1,205040255050,20201205,2,83
3054,3,B,0,205040205050,20201205,2,84
3055,4,B,0,205032205050,20201205,2,85
3056,5,C,1,205080505050,20201205,2,86
3057,6,C,0,205080504050,20201205,2,87
3058,5,C,1,205080504040,20201205,2,88
3059,4,B,0,205080505050,20201205,2,89
3060,3,B,0,205080405050,20201205,2,90
3061,4,B,1,205064405050,20201205,2,91
3062,3,B,0,205064325050,20201205,2,92
3063,4,B,1,205051325050,20201205,2,93
3064,3,B,0,205051255050,20201205,2,94
3065,4,B,0,205040255050,20201205,2,95
3066,3,B,1,205040205050,20201205,2,96
3067,4,B,0,205032205050,20201205,2,97
3068,3,B,0,205032165050,20201205,2,98
3069,4,B,0,205026165050,20201205,2,99
3070,2,A,0,205080505050,20201205,2,100
3071,5,C,0,205080505050,20201205,2,101
3072,6,C,0,205080504050,20201205,2,102
3073,5,C,1,205080504040,20201205,2,103
3074,4,B,0,205080505050,20201205,2,104
3075,3,B,1,205080405050,20201205,2,105
3076,4,B,1,205064405050,20201205,2,106
3077,3,B,0,205064325050,20201205,2,107
3078,4,B,0,205051325050,20201205,2,108
3079,3,B,1,205051255050,20201205,2,109
3080,4,B,0,205040255050,20201205,2,110
3081,3,B,1,205040205050,20201205,2,111
3082,4,B,0,205032205050,20201205,2,112
3083,3,B,0,205032165050,20201205,2,113
3084,5,C,1,205080505050,20201205,2,114
3085,6,C,1,205080504050,20201205,2,115
3086,5,C,0,205080504040,20201205,2,116
3087,6,C,0,205080503240,20201205,2,117
3088,5,C,1,205080503232,20201205,2,118
3089,6,C,0,205080502532,20201205,2,119
3090,5,C,1,205080502525,20201205,2,120
3091,6,C,0,205080502025,20201205,2,121
3092,5,C,0,205080502020,20201205,2,122
3093,4,B,0,205080505050,20201205,2,123
3094,3,B,0,205080405050,20201205,2,124
3095,4,B,0,205064405050,20201205,2,125
3096,3,B,0,205064325050,20201205,2,126
3097,4,B,0,205051325050,20201205,2,127
3098,2,A,0,205080505050,20201205,2,128
3099,4,B,1,205080505050,20201205,2,129
3100,3,B,1,205080405050,20201205,2,130
3101,4,B,1,205064405050,20201205,2,131
3102,3,B,1,205064325050,20201205,2,132
3103,4,B,0,205051325050,20201205,2,133
3104,3,B,0,205051255050,20201205,2,134
3105,4,B,0,205040255050,20201205,2,135
3106,5,C,0,205080505050,20201205,2,136
3107,6,C,1,205080504050,20201205,2,137
3108,5,C,0,205080504040,20201205,2,138
3109,6,C,1,205080503240,20201205,2,139
3110,5,C,0,205080503232,20201205,2,140
3111,6,C,1,205080502532,20201205,2,141
3112,5,C,0,205080502525,20201205,2,142
3113,6,C,0,205080502025,20201205,2,143
3114,5,C,0,205080502020,20201205,2,144
3115,4,B,0,205080505050,20201205,2,145
3116,3,B,1,205080405050,20201205,2,146
3117,4,B,0,205064405050,20201205,2,147
3118,3,B,1,205064325050,20201205,2,148
3119,4,B,1,205051325050,20201205,2,149
3120,3,B,0,205051255050,20201205,2,150
3121,4,B,0,205040255050,20201205,2,151
3122,3,B,0,205040205050,20201205,2,152
3123,5,C,1,205080505050,20201205,2,153
3124,6,C,0,205080504050,20201205,2,154
3125,5,C,1,205080504040,20201205,2,155
3126,6,C,1,205080503240,20201205,2,156
3127,5,C,0,205080503232,20201205,2,157
3128,6,C,0,205080502532,20201205,2,158
3129,5,C,0,205080502525,20201205,2,159
3130,4,B,0,205080505050,20201205,2,160
3131,3,B,1,205080405050,20201205,2,161
3132,4,B,1,205064405050,20201205,2,162
3133,3,B,1,205064325050,20201205,2,163
3134,4,B,0,205051325050,20201205,2,164
3135,3,B,1,205051255050,20201205,2,165
3136,4,B,1,205040255050,20201205,2,166
3137,3,B,1,205040205050,20201205,2,167
3138,4,B,0,205032205050,20201205,2,168
3139,3,B,0,205032165050,20201205,2,169
3140,4,B,1,205026165050,20201205,2,170
3141,3,B,0,205026135050,20201205,2,171
3142,4,B,0,205020135050,20201205,2,172
3143,3,B,0,205020105050,20201205,2,173
3144,4,B,0,205016105050,20201205,2,174
3145,5,C,0,205080505050,20201205,2,175
3146,6,C,0,205080504050,20201205,2,176
3147,5,C,0,205080504040,20201205,2,177
3148,4,B,1,205080505050,20201205,2,178
3149,3,B,1,205080405050,20201205,2,179
3150,4,B,1,205064405050,20201205,2,180
3151,3,B,1,205064325050,20201205,2,181
3152,4,B,0,205051325050,20201205,2,182
3153,3,B,1,205051255050,20201205,2,183
3154,4,B,0,205040255050,20201205,2,184
3155,3,B,1,205040205050,20201205,2,185
3156,4,B,0,205032205050,20201205,2,186
3157,3,B,1,205032165050,20201205,2,187
3158,4,B,0,205026165050,20201205,2,188
3159,3,B,0,205026135050,20201205,2,189
3160,4,B,0,205020135050,20201205,2,190
3161,3,B,0,205020105050,20201205,2,191
3162,5,C,0,205080505050,20201205,2,192
3163,6,C,1,205080504050,20201205,2,193
3164,5,C,0,205080504040,20201205,2,194
3165,6,C,0,205080503240,20201205,2,195
3166,5,C,1,205080503232,20201205,2,196
3167,4,B,0,205080505050,20201205,2,197
3168,3,B,0,205080405050,20201205,2,198
3169,4,B,0,205064405050,20201205,2,199
3170,3,B,0,205064325050,20201205,2,200
3171,4,B,0,205051325050,20201205,2,201
3172,3,B,0,205051255050,20201205,2,202
3173,2,A,1,205080505050,20201205,2,203
3174,1,A,1,204080505050,20201205,2,204
3175,2,A,1,164080505050,20201205,2,205
3176,1,A,0,163280505050,20201205,2,206
3177,2,A,1,123280505050,20201205,2,207
3178,1,A,0,122580505050,20201205,2,208
3179,2,A,0,102580505050,20201205,2,209
3180,4,B,1,205080505050,20201205,2,210
3181,3,B,1,205080405050,20201205,2,211
3182,4,B,0,205064405050,20201205,2,212
3183,3,B,1,205064325050,20201205,2,213
3184,4,B,0,205051325050,20201205,2,214
3185,3,B,1,205051255050,20201205,2,215
3186,4,B,0,205040255050,20201205,2,216
3187,3,B,0,205040205050,20201205,2,217
3188,4,B,0,205032205050,20201205,2,218
3189,6,C,0,205080505050,20201205,2,219
3190,5,C,0,205080505040,20201205,2,220
3191,4,B,1,205080505050,20201205,2,221
3192,3,B,1,205080405050,20201205,2,222
3193,4,B,1,205064405050,20201205,2,223
3194,3,B,0,205064325050,20201205,2,224
3195,4,B,0,205051325050,20201205,2,225
3196,2,A,0,205080505050,20201205,2,226
3197,1,A,0,204080505050,20201205,2,227
3198,2,A,1,164080505050,20201205,2,228
3199,4,B,0,205080505050,20201205,2,229
3200,3,B,0,205080405050,20201205,2,230
3201,4,B,1,205064405050,20201205,2,231
3202,3,B,1,205064325050,20201205,2,232
3203,4,B,0,205051325050,20201205,2,233
3204,3,B,0,205051255050,20201205,2,234
3205,4,B,1,205040255050,20201205,2,235
3206,3,B,0,205040205050,20201205,2,236
3207,4,B,1,205032205050,20201205,2,237
3208,3,B,0,205032165050,20201205,2,238
3209,4,B,0,205026165050,20201205,2,239
3210,6,C,0,205080505050,20201205,2,240
3211,5,C,1,205080505040,20201205,2,241
3212,6,C,0,205080504040,20201205,2,242
3213,5,C,0,205080504032,20201205,2,243
3214,1,A,0,205080505050,20201205,2,244
3215,2,A,0,165080505050,20201205,2,245
3216,4,B,0,205080505050,20201205,2,246
3217,3,B,1,205080405050,20201205,2,247
3218,4,B,0,205064405050,20201205,2,248
3219,3,B,1,205064325050,20201205,2,249
3220,4,B,0,205051325050,20201205,2,250
3221,3,B,1,205051255050,20201205,2,251
3222,4,B,0,205040255050,20201205,2,252
3223,3,B,0,205040205050,20201205,2,253
3224,2,A,0,205080505050,20201205,2,254
3225,1,A,0,204080505050,20201205,2,255
3226,2,A,1,164080505050,20201205,2,256
3227,4,B,0,205080505050,20201205,2,257
3228,3,B,1,205080405050,20201205,2,258
3229,4,B,0,205064405050,20201205,2,259
3230,3,B,1,205064325050,20201205,2,260
3231,4,B,1,205051325050,20201205,2,261
3232,3,B,1,205051255050,20201205,2,262
3233,4,B,1,205040255050,20201205,2,263
3234,3,B,0,205040205050,20201205,2,264
3235,4,B,0,205032205050,20201205,2,265
3236,2,A,0,205080505050,20201205,2,266
3237,4,B,0,205080505050,20201205,2,267
3238,3,B,0,205080405050,20201205,2,268
3239,4,B,0,205064405050,20201205,2,269
3240,3,B,0,205064325050,20201205,2,270
3241,5,C,0,205080505050,20201205,2,271
3242,6,C,1,205080504050,20201205,2,272
3243,5,C,0,205080504040,20201205,2,273
3244,6,C,0,205080503240,20201205,2,274
3245,4,B,1,205080505050,20201205,2,275
3246,3,B,1,205080405050,20201205,2,276
3247,4,B,1,205064405050,20201205,2,277
3248,3,B,0,205064325050,20201205,2,278
3249,4,B,0,205051325050,20201205,2,279
3250,3,B,0,205051255050,20201205,2,280
3251,4,B,0,205040255050,20201205,2,281
3252,2,A,0,205080505050,20201205,2,282
3253,4,B,0,205080505050,20201205,2,283
3254,3,B,1,205080405050,20201205,2,284
3255,4,B,0,205064405050,20201205,2,285
3256,3,B,1,205064325050,20201205,2,286
3257,4,B,0,205051325050,20201205,2,287
3258,3,B,0,205051255050,20201205,2,288
3259,2,A,0,205080505050,20201205,2,289
3260,1,A,0,204080505050,20201205,2,290
3261,2,A,0,164080505050,20201205,2,291
3262,4,B,0,205080505050,20201205,2,292
3263,3,B,1,205080405050,20201205,2,293
3264,4,B,1,205064405050,20201205,2,294
3265,3,B,1,205064325050,20201205,2,295
3266,4,B,0,205051325050,20201205,2,296
3267,3,B,0,205051255050,20201205,2,297
3268,4,B,0,205040255050,20201205,2,298
3269,2,A,1,205080505050,20201205,2,299
3270,4,B,0,502020208050,20201205,3,0
3271,3,B,1,502020168050,20201205,3,1
3272,2,A,0,502020208050,20201205,3,2
3273,1,A,0,501620208050,20201205,3,3
3274,2,A,0,401620208050,20201205,3,4
3275,6,C,1,502020208050,20201205,3,5
3276,5,C,1,502020208040,20201205,3,6
3277,6,C,0,502020206440,20201205,3,7
3278,4,B,0,502020208050,20201205,3,8
3279,3,B,0,502020168050,20201205,3,9
3280,4,B,0,502016168050,20201205,3,10
3281,2,A,0,502020208050,20201205,3,11
3282,1,A,0,501620208050,20201205,3,12
3283,4,B,0,502020208050,20201205,3,13
3284,3,B,0,502020168050,20201205,3,14
3285,4,B,0,502016168050,20201205,3,15
3286,1,A,1,502020208050,20201205,3,16
3287,2,A,0,402020208050,20201205,3,17
3288,1,A,0,401620208050,20201205,3,18
3289,5,C,0,502020208050,20201205,3,19
3290,6,C,1,502020206450,20201205,3,20
3291,5,C,1,502020206440,20201205,3,21
3292,6,C,1,502020205140,20201205,3,22
3293,5,C,0,502020205132,20201205,3,23
3294,6,C,0,502020204032,20201205,3,24
3295,4,B,0,502020208050,20201205,3,25
3296,3,B,1,502020168050,20201205,3,26
3297,4,B,0,502016168050,20201205,3,27
3298,3,B,0,502016128050,20201205,3,28
3299,1,A,0,502020208050,20201205,3,29
3300,2,A,0,402020208050,20201205,3,30
3301,1,A,0,401620208050,20201205,3,31
3302,6,C,1,502020208050,20201205,3,32
3303,5,C,1,502020208040,20201205,3,33
3304,6,C,0,502020206440,20201205,3,34
3305,5,C,1,502020206432,20201205,3,35
3306,6,C,1,502020205132,20201205,3,36
3307,5,C,1,502020205125,20201205,3,37
3308,6,C,0,502020204025,20201205,3,38
3309,5,C,0,502020204020,20201205,3,39
3310,3,B,1,502020208050,20201205,3,40
3311,4,B,0,502016208050,20201205,3,41
3312,3,B,0,502016168050,20201205,3,42
3313,2,A,0,502020208050,20201205,3,43
3314,1,A,0,501620208050,20201205,3,44
3315,2,A,0,401620208050,20201205,3,45
3316,6,C,1,502020208050,20201205,3,46
3317,5,C,0,502020208040,20201205,3,47
3318,6,C,1,502020206440,20201205,3,48
3319,5,C,0,502020206432,20201205,3,49
3320,6,C,1,502020205132,20201205,3,50
3321,5,C,0,502020205125,20201205,3,51
3322,6,C,1,502020204025,20201205,3,52
3323,4,B,0,502020208050,20201205,3,53
3324,3,B,0,502020168050,20201205,3,54
3325,6,C,0,502020208050,20201205,3,55
3326,5,C,1,502020208040,20201205,3,56
3327,6,C,1,502020206440,20201205,3,57
3328,5,C,0,502020206432,20201205,3,58
3329,6,C,0,502020205132,20201205,3,59
3330,3,B,0,502020208050,20201205,3,60
3331,4,B,0,502016208050,20201205,3,61
3332,6,C,1,502020208050,20201205,3,62
3333,5,C,1,502020208040,20201205,3,63
3334,6,C,1,502020206440,20201205,3,64
3335,5,C,0,502020206432,20201205,3,65
3336,6,C,1,502020205132,20201205,3,66
3337,5,C,0,502020205125,20201205,3,67
3338,6,C,0,502020204025,20201205,3,68
3339,2,A,0,502020208050,20201205,3,69
3340,1,A,0,501620208050,20201205,3,70
3341,6,C,0,502020208050,20201205,3,71
3342,5,C,1,502020208040,20201205,3,72
3343,6,C,0,502020206440,20201205,3,73
3344,5,C,1,502020206432,20201205,3,74
3345,6,C,1,502020205132,20201205,3,75
3346,5,C,0,502020205125,20201205,3,76
3347,6,C,0,502020204025,20201205,3,77
3348,5,C,0,502020204020,20201205,3,78
3349,4,B,0,502020208050,20201205,3,79
3350,3,B,1,502020168050,20201205,3,80
3351,4,B,0,502016168050,20201205,3,81
3352,3,B,0,502016128050,20201205,3,82
3353,6,C,1,502020208050,20201205,3,83
3354,5,C,0,502020208040,20201205,3,84
3355,6,C,0,502020206440,20201205,3,85
3356,5,C,1,502020206432,20201205,3,86
3357,6,C,0,502020205132,20201205,3,87
3358,5,C,1,502020205125,20201205,3,88
3359,6,C,0,502020204025,20201205,3,89
3360,5,C,0,502020204020,20201205,3,90
3361,2,A,0,502020208050,20201205,3,91
3362,1,A,0,501620208050,20201205,3,92
3363,5,C,1,502020208050,20201205,3,93
3364,6,C,0,502020206450,20201205,3,94
3365,5,C,1,502020206440,20201205,3,95
3366,6,C,0,502020205140,20201205,3,96
3367,5,C,1,502020205132,20201205,3,97
3368,6,C,0,502020204032,20201205,3,98
3369,5,C,0,502020204025,20201205,3,99
3370,3,B,0,502020208050,20201205,3,100
3371,4,B,0,502016208050,20201205,3,101
3372,3,B,0,502016168050,20201205,3,102
3373,1,A,1,502020208050,20201205,3,103
3374,2,A,1,402020208050,20201205,3,104
3375,1,A,0,401620208050,20201205,3,105
3376,2,A,0,321620208050,20201205,3,106
3377,6,C,0,502020208050,20201205,3,107
3378,5,C,1,502020208040,20201205,3,108
3379,6,C,1,502020206440,20201205,3,109
3380,5,C,1,502020206432,20201205,3,110
3381,6,C,0,502020205132,20201205,3,111
3382,5,C,1,502020205125,20201205,3,112
3383,6,C,0,502020204025,20201205,3,113
3384,5,C,0,502020204020,20201205,3,114
3385,6,C,0,502020203220,20201205,3,115
3386,5,C,1,502020203216,20201205,3,116
3387,4,B,0,502020208050,20201205,3,117
3388,3,B,1,502020168050,20201205,3,118
3389,4,B,0,502016168050,20201205,3,119
3390,3,B,0,502016128050,20201205,3,120
3391,6,C,0,502020208050,20201205,3,121
3392,5,C,1,502020208040,20201205,3,122
3393,6,C,1,502020206440,20201205,3,123
3394,5,C,1,502020206432,20201205,3,124
3395,6,C,0,502020205132,20201205,3,125
3396,5,C,1,502020205125,20201205,3,126
3397,6,C,0,502020204025,20201205,3,127
3398,5,C,0,502020204020,20201205,3,128
3399,6,C,0,502020203220,20201205,3,129
3400,5,C,0,502020203216,20201205,3,130
3401,4,B,0,502020208050,20201205,3,131
3402,3,B,1,502020168050,20201205,3,132
3403,4,B,0,502016168050,20201205,3,133
3404,3,B,0,502016128050,20201205,3,134
3405,5,C,0,502020208050,20201205,3,135
3406,6,C,1,502020206450,20201205,3,136
3407,5,C,0,502020206440,20201205,3,137
3408,6,C,1,502020205140,20201205,3,138
3409,5,C,0,502020205132,20201205,3,139
3410,6,C,1,502020204032,20201205,3,140
3411,5,C,0,502020204025,20201205,3,141
3412,6,C,0,502020203225,20201205,3,142
3413,5,C,1,502020203220,20201205,3,143
3414,6,C,0,502020202620,20201205,3,144
3415,5,C,0,502020202616,20201205,3,145
3416,2,A,0,502020208050,20201205,3,146
3417,5,C,1,502020208050,20201205,3,147
3418,6,C,1,502020206450,20201205,3,148
3419,5,C,1,502020206440,20201205,3,149
3420,6,C,0,502020205140,20201205,3,150
3421,5,C,1,502020205132,20201205,3,151
3422,6,C,0,502020204032,20201205,3,152
3423,5,C,0,502020204025,20201205,3,153
3424,4,B,0,502020208050,20201205,3,154
3425,3,B,0,502020168050,20201205,3,155
3426,6,C,1,502020208050,20201205,3,156
3427,5,C,0,502020208040,20201205,3,157
3428,6,C,0,502020206440,20201205,3,158
3429,5,C,1,502020206432,20201205,3,159
3430,6,C,0,502020205132,20201205,3,160
3431,5,C,1,502020205125,20201205,3,161
3432,6,C,1,502020204025,20201205,3,162
3433,5,C,0,502020204020,20201205,3,163
3434,6,C,0,502020203220,20201205,3,164
3435,5,C,0,502020203216,20201205,3,165
3436,6,C,0,502020202616,20201205,3,166
3437,5,C,1,502020202613,20201205,3,167
3438,6,C,0,502020202013,20201205,3,168
3439,5,C,0,502020202010,20201205,3,169
3440,2,A,1,502020208050,20201205,3,170
3441,1,A,1,501620208050,20201205,3,171
3442,2,A,0,401620208050,20201205,3,172
3443,1,A,0,401220208050,20201205,3,173
3444,5,C,1,502020208050,20201205,3,174
3445,6,C,0,502020206450,20201205,3,175
3446,5,C,1,502020206440,20201205,3,176
3447,6,C,1,502020205140,20201205,3,177
3448,5,C,0,502020205132,20201205,3,178
3449,6,C,1,502020204032,20201205,3,179
3450,5,C,0,502020204025,20201205,3,180
3451,6,C,0,502020203225,20201205,3,181
3452,5,C,0,502020203220,20201205,3,182
3453,6,C,1,502020202620,20201205,3,183
3454,5,C,0,502020202616,20201205,3,184
3455,6,C,0,502020202016,20201205,3,185
3456,4,B,0,502020208050,20201205,3,186
3457,3,B,0,502020168050,20201205,3,187
3458,4,B,0,502016168050,20201205,3,188
3459,3,B,1,502016128050,20201205,3,189
3460,4,B,0,502012128050,20201205,3,190
3461,3,B,0,502012108050,20201205,3,191
3462,6,C,0,502020208050,20201205,3,192
3463,5,C,1,502020208040,20201205,3,193
3464,6,C,0,502020206440,20201205,3,194
3465,5,C,0,502020206432,20201205,3,195
3466,6,C,1,502020205132,20201205,3,196
3467,5,C,1,502020205125,20201205,3,197
3468,6,C,0,502020204025,20201205,3,198
3469,5,C,0,502020204020,20201205,3,199
3470,6,C,0,502020203220,20201205,3,200
3471,5,C,0,502020203216,20201205,3,201
3472,6,C,1,502020202616,20201205,3,202
3473,5,C,0,502020202613,20201205,3,203
3474,6,C,0,502020202013,20201205,3,204
3475,2,A,0,502020208050,20201205,3,205
3476,1,A,1,501620208050,20201205,3,206
3477,2,A,0,401620208050,20201205,3,207
3478,1,A,0,401220208050,20201205,3,208
3479,2,A,0,321220208050,20201205,3,209
3480,6,C,0,502020208050,20201205,3,210
3481,5,C,1,502020208040,20201205,3,211
3482,6,C,1,502020206440,20201205,3,212
3483,5,C,1,502020206432,20201205,3,213
3484,6,C,0,502020205132,20201205,3,214
3485,5,C,1,502020205125,20201205,3,215
3486,6,C,0,502020204025,20201205,3,216
3487,5,C,0,502020204020,20201205,3,217
3488,6,C,0,502020203220,20201205,3,218
3489,5,C,1,502020203216,20201205,3,219
3490,6,C,0,502020202616,20201205,3,220
3491,5,C,0,502020202613,20201205,3,221
3492,4,B,0,502020208050,20201205,3,222
3493,3,B,1,502020168050,20201205,3,223
3494,4,B,0,502016168050,20201205,3,224
3495,3,B,0,502016128050,20201205,3,225
3496,2,A,0,502020208050,20201205,3,226
3497,1,A,1,501620208050,20201205,3,227
3498,2,A,0,401620208050,20201205,3,228
3499,1,A,0,401220208050,20201205,3,229
3500,5,C,1,502020208050,20201205,3,230
3501,6,C,0,502020206450,20201205,3,231
3502,5,C,1,502020206440,20201205,3,232
3503,6,C,0,502020205140,20201205,3,233
3504,5,C,1,502020205132,20201205,3,234
3505,6,C,1,502020204032,20201205,3,235
3506,5,C,0,502020204025,20201205,3,236
3507,6,C,1,502020203225,20201205,3,237
3508,5,C,0,502020203220,20201205,3,238
3509,6,C,0,502020202620,20201205,3,239
3510,5,C,0,502020202616,20201205,3,240
3511,6,C,0,502020202016,20201205,3,241
3512,4,B,0,502020208050,20201205,3,242
3513,3,B,1,502020168050,20201205,3,243
3514,6,C,1,502020208050,20201205,3,244
3515,5,C,1,502020208040,20201205,3,245
3516,6,C,1,502020206440,20201205,3,246
3517,5,C,1,502020206432,20201205,3,247
3518,6,C,0,502020205132,20201205,3,248
3519,5,C,1,502020205125,20201205,3,249
3520,6,C,0,502020204025,20201205,3,250
3521,5,C,0,502020204020,20201205,3,251
3522,6,C,1,502020203220,20201205,3,252
3523,5,C,0,502020203216,20201205,3,253
3524,6,C,0,502020202616,20201205,3,254
3525,5,C,0,502020202613,20201205,3,255
3526,4,B,1,502020208050,20201205,3,256
3527,3,B,0,502020168050,20201205,3,257
3528,4,B,0,502016168050,20201205,3,258
3529,3,B,0,502016128050,20201205,3,259
3530,2,A,0,502020208050,20201205,3,260
3531,1,A,1,501620208050,20201205,3,261
3532,2,A,0,401620208050,20201205,3,262
3533,1,A,1,401220208050,20201205,3,263
3534,5,C,1,502020208050,20201205,3,264
3535,6,C,1,502020206450,20201205,3,265
3536,5,C,0,502020206440,20201205,3,266
3537,6,C,0,502020205140,20201205,3,267
3538,5,C,1,502020205132,20201205,3,268
3539,6,C,0,502020204032,20201205,3,269
3540,5,C,0,502020204025,20201205,3,270
3541,6,C,0,502020203225,20201205,3,271
3542,5,C,0,502020203220,20201205,3,272
3543,4,B,0,502020208050,20201205,3,273
3544,3,B,0,502020168050,20201205,3,274
3545,2,A,0,502020208050,20201205,3,275
3546,1,A,0,501620208050,20201205,3,276
3547,6,C,0,502020208050,20201205,3,277
3548,5,C,1,502020208040,20201205,3,278
3549,6,C,1,502020206440,20201205,3,279
3550,5,C,1,502020206432,20201205,3,280
3551,6,C,0,502020205132,20201205,3,281
3552,5,C,0,502020205125,20201205,3,282
3553,6,C,0,502020204025,20201205,3,283
3554,5,C,0,502020204020,20201205,3,284
3555,1,A,0,502020208050,20201205,3,285
3556,2,A,0,402020208050,20201205,3,286
3557,6,C,0,502020208050,20201205,3,287
3558,5,C,1,502020208040,20201205,3,288
3559,6,C,0,502020206440,20201205,3,289
3560,5,C,1,502020206432,20201205,3,290
3561,6,C,0,502020205132,20201205,3,291
3562,5,C,1,502020205125,20201205,3,292
3563,6,C,0,502020204025,20201205,3,293
3564,5,C,1,502020204020,20201205,3,294
3565,6,C,0,502020203220,20201205,3,295
3566,5,C,1,502020203216,20201205,3,296
3567,6,C,0,502020202616,20201205,3,297
3568,5,C,1,502020202613,20201205,3,298
3569,4,B,0,502020208050,20201205,3,299
3570,4,B,0,805020502020,20201205,4,0
3571,3,B,0,805020402020,20201205,4,1
3572,1,A,1,805020502020,20201205,4,2
3573,2,A,0,645020502020,20201205,4,3
3574,1,A,1,644020502020,20201205,4,4
3575,2,A,0,514020502020,20201205,4,5
3576,6,C,0,805020502020,20201205,4,6
3577,5,C,0,805020502016,20201205,4,7
3578,6,C,0,805020501616,20201205,4,8
3579,5,C,0,805020501612,20201205,4,9
3580,4,B,0,805020502020,20201205,4,10
3581,3,B,0,805020402020,20201205,4,11
3582,1,A,1,805020502020,20201205,4,12
3583,2,A,0,645020502020,20201205,4,13
3584,1,A,1,644020502020,20201205,4,14
3585,6,C,0,805020502020,20201205,4,15
3586,5,C,0,805020502016,20201205,4,16
3587,4,B,1,805020502020,20201205,4,17
3588,3,B,0,805020402020,20201205,4,18
3589,4,B,0,805016402020,20201205,4,19
3590,1,A,1,805020502020,20201205,4,20
3591,2,A,1,645020502020,20201205,4,21
3592,1,A,1,644020502020,20201205,4,22
3593,2,A,0,514020502020,20201205,4,23
3594,1,A,1,513220502020,20201205,4,24
3595,2,A,0,403220502020,20201205,4,25
3596,1,A,0,402520502020,20201205,4,26
3597,5,C,0,805020502020,20201205,4,27
3598,6,C,0,805020501620,20201205,4,28
3599,5,C,0,805020501616,20201205,4,29
3600,4,B,0,805020502020,20201205,4,30
3601,3,B,0,805020402020,20201205,4,31
3602,4,B,1,805016402020,20201205,4,32
3603,1,A,1,805020502020,20201205,4,33
3604,2,A,1,645020502020,20201205,4,34
3605,1,A,0,644020502020,20201205,4,35
3606,2,A,0,514020502020,20201205,4,36
3607,1,A,1,513220502020,20201205,4,37
3608,2,A,1,403220502020,20201205,4,38
3609,1,A,0,402520502020,20201205,4,39
3610,2,A,0,322520502020,20201205,4,40
3611,5,C,0,805020502020,20201205,4,41
3612,6,C,1,805020501620,20201205,4,42
3613,5,C,0,805020501616,20201205,4,43
3614,6,C,0,805020501216,20201205,4,44
3615,4,B,1,805020502020,20201205,4,45
3616,3,B,1,805020402020,20201205,4,46
3617,4,B,1,805016402020,20201205,4,47
3618,3,B,1,805016322020,20201205,4,48
3619,4,B,0,805012322020,20201205,4,49
3620,3,B,0,805012252020,20201205,4,50
3621,4,B,0,805010252020,20201205,4,51
3622,1,A,1,805020502020,20201205,4,52
3623,2,A,0,645020502020,20201205,4,53
3624,1,A,0,644020502020,20201205,4,54
3625,2,A,1,514020502020,20201205,4,55
3626,5,C,1,805020502020,20201205,4,56
3627,6,C,0,805020501620,20201205,4,57
3628,5,C,0,805020501616,20201205,4,58
3629,1,A,1,805020502020,20201205,4,59
3630,2,A,0,645020502020,20201205,4,60
3631,1,A,0,644020502020,20201205,4,61
3632,4,B,0,805020502020,20201205,4,62
3633,3,B,0,805020402020,20201205,4,63
3634,4,B,0,805016402020,20201205,4,64
3635,1,A,1,805020502020,20201205,4,65
3636,2,A,1,645020502020,20201205,4,66
3637,1,A,1,644020502020,20201205,4,67
3638,2,A,1,514020502020,20201205,4,68
3639,1,A,0,513220502020,20201205,4,69
3640,2,A,1,403220502020,20201205,4,70
3641,5,C,0,805020502020,20201205,4,71
3642,6,C,0,805020501620,20201205,4,72
3643,5,C,0,805020501616,20201205,4,73
3644,2,A,1,805020502020,20201205,4,74
3645,1,A,1,804020502020,20201205,4,75
3646,2,A,1,644020502020,20201205,4,76
3647,1,A,1,643220502020,20201205,4,77
3648,2,A,1,513220502020,20201205,4,78
3649,1,A,0,512520502020,20201205,4,79
3650,2,A,0,402520502020,20201205,4,80
3651,5,C,1,805020502020,20201205,4,81
3652,6,C,0,805020501620,20201205,4,82
3653,5,C,0,805020501616,20201205,4,83
3654,2,A,0,805020502020,20201205,4,84
3655,1,A,1,804020502020,20201205,4,85
3656,2,A,0,644020502020,20201205,4,86
3657,1,A,1,643220502020,20201205,4,87
3658,2,A,0,513220502020,20201205,4,88
3659,1,A,0,512520502020,20201205,4,89
3660,2,A,0,402520502020,20201205,4,90
3661,4,B,0,805020502020,20201205,4,91
3662,3,B,0,805020402020,20201205,4,92
3663,4,B,1,805016402020,20201205,4,93
3664,3,B,0,805016322020,20201205,4,94
3665,4,B,0,805012322020,20201205,4,95
3666,2,A,1,805020502020,20201205,4,96
3667,1,A,1,804020502020,20201205,4,97
3668,2,A,1,644020502020,20201205,4,98
3669,1,A,1,643220502020,20201205,4,99
3670,2,A,0,513220502020,20201205,4,100
3671,1,A,0,512520502020,20201205,4,101
3672,2,A,0,402520502020,20201205,4,102
3673,5,C,0,805020502020,20201205,4,103
3674,1,A,1,805020502020,20201205,4,104
3675,2,A,0,645020502020,20201205,4,105
3676,1,A,0,644020502020,20201205,4,106
3677,4,B,0,805020502020,20201205,4,107
3678,3,B,0,805020402020,20201205,4,108
3679,2,A,1,805020502020,20201205,4,109
3680,1,A,1,804020502020,20201205,4,110
3681,2,A,0,644020502020,20201205,4,111
3682,1,A,1,643220502020,20201205,4,112
3683,2,A,1,513220502020,20201205,4,113
3684,1,A,1,512520502020,20201205,4,114
3685,2,A,0,402520502020,20201205,4,115
3686,1,A,1,402020502020,20201205,4,116
3687,2,A,1,322020502020,20201205,4,117
3688,1,A,0,321620502020,20201205,4,118
3689,2,A,0,261620502020,20201205,4,119
3690,5,C,0,805020502020,20201205,4,120
3691,2,A,1,805020502020,20201205,4,121
3692,1,A,1,804020502020,20201205,4,122
3693,2,A,0,644020502020,20201205,4,123
3694,1,A,1,643220502020,20201205,4,124
3695,2,A,1,513220502020,20201205,4,125
3696,1,A,1,512520502020,20201205,4,126
3697,2,A,0,402520502020,20201205,4,127
3698,1,A,0,402020502020,20201205,4,128
3699,2,A,0,322020502020,20201205,4,129
3700,4,B,1,805020502020,20201205,4,130
3701,3,B,0,805020402020,20201205,4,131
3702,4,B,0,805016402020,20201205,4,132
3703,2,A,1,805020502020,20201205,4,133
3704,1,A,1,804020502020,20201205,4,134
3705,2,A,1,644020502020,20201205,4,135
3706,1,A,1,643220502020,20201205,4,136
3707,2,A,1,513220502020,20201205,4,137
3708,1,A,0,512520502020,20201205,4,138
3709,2,A,1,402520502020,20201205,4,139
3710,1,A,1,402020502020,20201205,4,140
3711,2,A,0,322020502020,20201205,4,141
3712,1,A,0,321620502020,20201205,4,142
3713,2,A,0,261620502020,20201205,4,143
3714,4,B,1,805020502020,20201205,4,144
3715,3,B,0,805020402020,20201205,4,145
3716,4,B,0,805016402020,20201205,4,146
3717,1,A,1,805020502020,20201205,4,147
3718,2,A,1,645020502020,20201205,4,148
3719,1,A,0,644020502020,20201205,4,149
3720,2,A,1,514020502020,20201205,4,150
3721,1,A,0,513220502020,20201205,4,151
3722,2,A,0,403220502020,20201205,4,152
3723,6,C,0,805020502020,20201205,4,153
3724,5,C,0,805020502016,20201205,4,154
3725,2,A,0,805020502020,20201205,4,155
3726,1,A,1,804020502020,20201205,4,156
3727,2,A,0,644020502020,20201205,4,157
3728,1,A,0,643220502020,20201205,4,158
3729,2,A,0,513220502020,20201205,4,159
3730,5,C,0,805020502020,20201205,4,160
3731,6,C,0,805020501620,20201205,4,161
3732,5,C,0,805020501616,20201205,4,162
3733,2,A,0,805020502020,20201205,4,163
3734,1,A,1,804020502020,20201205,4,164
3735,2,A,0,644020502020,20201205,4,165
3736,1,A,1,643220502020,20201205,4,166
3737,2,A,1,513220502020,20201205,4,167
3738,1,A,0,512520502020,20201205,4,168
3739,2,A,0,402520502020,20201205,4,169
3740,4,B,1,805020502020,20201205,4,170
3741,1,A,1,805020502020,20201205,4,171
3742,2,A,1,645020502020,20201205,4,172
3743,1,A,1,644020502020,20201205,4,173
3744,2,A,1,514020502020,20201205,4,174
3745,1,A,0,513220502020,20201205,4,175
3746,2,A,0,403220502020,20201205,4,176
3747,4,B,0,805020502020,20201205,4,177
3748,3,B,0,805020402020,20201205,4,178
3749,2,A,1,805020502020,20201205,4,179
3750,1,A,1,804020502020,20201205,4,180
3751,2,A,1,644020502020,20201205,4,181
3752,1,A,1,643220502020,20201205,4,182
3753,2,A,1,513220502020,20201205,4,183
3754,1,A,1,512520502020,20201205,4,184
3755,2,A,0,402520502020,20201205,4,185
3756,1,A,1,402020502020,20201205,4,186
3757,2,A,0,322020502020,20201205,4,187
3758,1,A,1,321620502020,20201205,4,188
3759,2,A,0,261620502020,20201205,4,189
3760,1,A,0,261320502020,20201205,4,190
3761,2,A,0,201320502020,20201205,4,191
3762,5,C,0,805020502020,20201205,4,192
3763,1,A,1,805020502020,20201205,4,193
3764,2,A,1,645020502020,20201205,4,194
3765,1,A,1,644020502020,20201205,4,195
3766,2,A,0,514020502020,20201205,4,196
3767,1,A,0,513220502020,20201205,4,197
3768,2,A,0,403220502020,20201205,4,198
3769,4,B,0,805020502020,20201205,4,199
3770,3,B,0,805020402020,20201205,4,200
3771,4,B,1,805016402020,20201205,4,201
3772,1,A,0,805020502020,20201205,4,202
3773,2,A,0,645020502020,20201205,4,203
3774,1,A,0,644020502020,20201205,4,204
3775,2,A,0,514020502020,20201205,4,205
3776,5,C,0,805020502020,20201205,4,206
3777,6,C,0,805020501620,20201205,4,207
3778,5,C,0,805020501616,20201205,4,208
3779,2,A,1,805020502020,20201205,4,209
3780,1,A,1,804020502020,20201205,4,210
3781,2,A,0,644020502020,20201205,4,211
3782,1,A,0,643220502020,20201205,4,212
3783,2,A,1,513220502020,20201205,4,213
3784,1,A,1,512520502020,20201205,4,214
3785,2,A,1,402520502020,20201205,4,215
3786,1,A,1,402020502020,20201205,4,216
3787,2,A,1,322020502020,20201205,4,217
3788,1,A,0,321620502020,20201205,4,218
3789,2,A,0,261620502020,20201205,4,219
3790,1,A,0,261320502020,20201205,4,220
3791,2,A,0,201320502020,20201205,4,221
3792,4,B,1,805020502020,20201205,4,222
3793,3,B,0,805020402020,20201205,4,223
3794,4,B,0,805016402020,20201205,4,224
3795,2,A,1,805020502020,20201205,4,225
3796,1,A,1,804020502020,20201205,4,226
3797,2,A,0,644020502020,20201205,4,227
3798,1,A,0,643220502020,20201205,4,228
3799,2,A,0,513220502020,20201205,4,229
3800,1,A,1,512520502020,20201205,4,230
3801,2,A,1,402520502020,20201205,4,231
3802,1,A,1,402020502020,20201205,4,232
3803,2,A,0,322020502020,20201205,4,233
3804,1,A,1,321620502020,20201205,4,234
3805,2,A,0,261620502020,20201205,4,235
3806,1,A,0,261320502020,20201205,4,236
3807,2,A,0,201320502020,20201205,4,237
3808,1,A,0,201020502020,20201205,4,238
3809,2,A,0,161020502020,20201205,4,239
3810,4,B,1,805020502020,20201205,4,240
3811,3,B,0,805020402020,20201205,4,241
3812,4,B,0,805016402020,20201205,4,242
3813,2,A,0,805020502020,20201205,4,243
3814,1,A,1,804020502020,20201205,4,244
3815,2,A,1,644020502020,20201205,4,245
3816,1,A,1,643220502020,20201205,4,246
3817,2,A,1,513220502020,20201205,4,247
3818,1,A,0,512520502020,20201205,4,248
3819,2,A,1,402520502020,20201205,4,249
3820,1,A,0,402020502020,20201205,4,250
3821,2,A,0,322020502020,20201205,4,251
3822,4,B,0,805020502020,20201205,4,252
3823,3,B,0,805020402020,20201205,4,253
3824,4,B,0,805016402020,20201205,4,254
3825,2,A,1,805020502020,20201205,4,255
3826,1,A,1,804020502020,20201205,4,256
3827,2,A,0,644020502020,20201205,4,257
3828,1,A,0,643220502020,20201205,4,258
3829,2,A,0,513220502020,20201205,4,259
3830,4,B,0,805020502020,20201205,4,260
3831,3,B,0,805020402020,20201205,4,261
3832,4,B,0,805016402020,20201205,4,262
3833,2,A,0,805020502020,20201205,4,263
3834,1,A,1,804020502020,20201205,4,264
3835,2,A,0,644020502020,20201205,4,265
3836,1,A,0,643220502020,20201205,4,266
3837,2,A,1,513220502020,20201205,4,267
3838,1,A,0,512520502020,20201205,4,268
3839,2,A,0,402520502020,20201205,4,269
3840,5,C,0,805020502020,20201205,4,270
3841,6,C,0,805020501620,20201205,4,271
3842,2,A,1,805020502020,20201205,4,272
3843,1,A,1,804020502020,20201205,4,273
3844,2,A,0,644020502020,20201205,4,274
3845,1,A,1,643220502020,20201205,4,275
3846,2,A,0,513220502020,20201205,4,276
3847,1,A,0,512520502020,20201205,4,277
3848,2,A,1,402520502020,20201205,4,278
3849,1,A,0,402020502020,20201205,4,279
3850,2,A,0,322020502020,20201205,4,280
3851,4,B,0,805020502020,20201205,4,281
3852,3,B,0,805020402020,20201205,4,282
3853,4,B,1,805016402020,20201205,4,283
3854,2,A,1,805020502020,20201205,4,284
3855,1,A,1,804020502020,20201205,4,285
3856,2,A,0,644020502020,20201205,4,286
3857,1,A,0,643220502020,20201205,4,287
3858,2,A,0,513220502020,20201205,4,288
3859,1,A,1,512520502020,20201205,4,289
3860,2,A,0,402520502020,20201205,4,290
3861,1,A,0,402020502020,20201205,4,291
3862,2,A,1,322020502020,20201205,4,292
3863,1,A,0,321620502020,20201205,4,293
3864,2,A,0,261620502020,20201205,4,294
3865,4,B,1,805020502020,20201205,4,295
3866,2,A,1,805020502020,20201205,4,296
3867,1,A,1,804020502020,20201205,4,297
3868,2,A,1,644020502020,20201205,4,298
3869,1,A,1,643220502020,20201205,4,299
3870,4,B,1,202020802050,20201205,5,0
3871,3,B,1,202020642050,20201205,5,1
3872,1,A,0,202020802050,20201205,5,2
3873,2,A,0,162020802050,20201205,5,3
3874,1,A,0,161620802050,20201205,5,4
3875,5,C,0,202020802050,20201205,5,5
3876,6,C,1,202020801650,20201205,5,6
3877,5,C,0,202020801640,20201205,5,7
3878,4,B,1,202020802050,20201205,5,8
3879,3,B,0,202020642050,20201205,5,9
3880,4,B,1,202016642050,20201205,5,10
3881,3,B,0,202016512050,20201205,5,11
3882,4,B,1,202012512050,20201205,5,12
3883,1,A,0,202020802050,20201205,5,13
3884,2,A,0,162020802050,20201205,5,14
3885,4,B,1,202020802050,20201205,5,15
3886,3,B,0,202020642050,20201205,5,16
3887,4,B,1,202016642050,20201205,5,17
3888,3,B,1,202016512050,20201205,5,18
3889,4,B,1,202012512050,20201205,5,19
3890,3,B,1,202012402050,20201205,5,20
3891,4,B,1,202010402050,20201205,5,21
3892,3,B,0,202010322050,20201205,5,22
3893,4,B,0,202008322050,20201205,5,23
3894,5,C,1,202020802050,20201205,5,24
3895,6,C,1,202020801650,20201205,5,25
3896,5,C,0,202020801640,20201205,5,26
3897,6,C,0,202020801240,20201205,5,27
3898,4,B,1,202020802050,20201205,5,28
3899,3,B,1,202020642050,20201205,5,29
3900,4,B,1,202016642050,20201205,5,30
3901,3,B,0,202016512050,20201205,5,31
3902,4,B,0,202012512050,20201205,5,32
3903,3,B,1,202012402050,20201205,5,33
3904,4,B,1,202010402050,20201205,5,34
3905,3,B,0,202010322050,20201205,5,35
3906,4,B,0,202008322050,20201205,5,36
3907,3,B,0,202008262050,20201205,5,37
3908,4,B,0,202006262050,20201205,5,38
3909,1,A,0,202020802050,20201205,5,39
3910,4,B,1,202020802050,20201205,5,40
3911,3,B,0,202020642050,20201205,5,41
3912,4,B,1,202016642050,20201205,5,42
3913,3,B,1,202016512050,20201205,5,43
3914,4,B,0,202012512050,20201205,5,44
3915,3,B,0,202012402050,20201205,5,45
3916,4,B,1,202010402050,20201205,5,46
3917,1,A,0,202020802050,20201205,5,47
3918,4,B,1,202020802050,20201205,5,48
3919,3,B,0,202020642050,20201205,5,49
3920,4,B,0,202016642050,20201205,5,50
3921,5,C,0,202020802050,20201205,5,51
3922,6,C,1,202020801650,20201205,5,52
3923,5,C,1,202020801640,20201205,5,53
3924,6,C,0,202020801240,20201205,5,54
3925,5,C,0,202020801232,20201205,5,55
3926,4,B,1,202020802050,20201205,5,56
3927,3,B,1,202020642050,20201205,5,57
3928,4,B,0,202016642050,20201205,5,58
3929,3,B,0,202016512050,20201205,5,59
3930,4,B,0,202012512050,20201205,5,60
3931,5,C,0,202020802050,20201205,5,61
3932,6,C,1,202020801650,20201205,5,62
3933,5,C,0,202020801640,20201205,5,63
3934,6,C,0,202020801240,20201205,5,64
3935,4,B,1,202020802050,20201205,5,65
3936,3,B,1,202020642050,20201205,5,66
3937,4,B,1,202016642050,20201205,5,67
3938,3,B,0,202016512050,20201205,5,68
3939,4,B,0,202012512050,20201205,5,69
3940,1,A,0,202020802050,20201205,5,70
3941,4,B,0,202020802050,20201205,5,71
3942,3,B,0,202020642050,20201205,5,72
3943,4,B,1,202016642050,20201205,5,73
3944,3,B,0,202016512050,20201205,5,74
3945,4,B,1,202012512050,20201205,5,75
3946,3,B,0,202012402050,20201205,5,76
3947,4,B,0,202010402050,20201205,5,77
3948,5,C,0,202020802050,20201205,5,78
3949,6,C,0,202020801650,20201205,5,79
3950,4,B,1,202020802050,20201205,5,80
3951,3,B,0,202020642050,20201205,5,81
3952,4,B,1,202016642050,20201205,5,82
3953,1,A,0,202020802050,20201205,5,83
3954,2,A,0,162020802050,20201205,5,84
3955,4,B,1,202020802050,20201205,5,85
3956,3,B,0,202020642050,20201205,5,86
3957,4,B,1,202016642050,20201205,5,87
3958,3,B,0,202016512050,20201205,5,88
3959,4,B,0,202012512050,20201205,5,89
3960,3,B,0,202012402050,20201205,5,90
3961,4,B,0,202010402050,20201205,5,91
3962,5,C,0,202020802050,20201205,5,92
3963,6,C,1,202020801650,20201205,5,93
3964,5,C,0,202020801640,20201205,5,94
3965,6,C,0,202020801240,20201205,5,95
3966,4,B,0,202020802050,20201205,5,96
3967,3,B,0,202020642050,20201205,5,97
3968,4,B,1,202016642050,20201205,5,98
3969,3,B,1,202016512050,20201205,5,99
3970,4,B,0,202012512050,20201205,5,100
3971,3,B,0,202012402050,20201205,5,101
3972,4,B,1,202010402050,20201205,5,102
3973,5,C,0,202020802050,20201205,5,103
3974,6,C,0,202020801650,20201205,5,104
3975,4,B,1,202020802050,20201205,5,105
3976,3,B,1,202020642050,20201205,5,106
3977,4,B,1,202016642050,20201205,5,107
3978,3,B,0,202016512050,20201205,5,108
3979,4,B,0,202012512050,20201205,5,109
3980,1,A,0,202020802050,20201205,5,110
3981,4,B,1,202020802050,20201205,5,111
3982,3,B,0,202020642050,20201205,5,112
3983,4,B,1,202016642050,20201205,5,113
3984,3,B,0,202016512050,20201205,5,114
3985,4,B,0,202012512050,20201205,5,115
3986,3,B,1,202012402050,20201205,5,116
3987,4,B,1,202010402050,20201205,5,117
3988,3,B,0,202010322050,20201205,5,118
3989,4,B,0,202008322050,20201205,5,119
3990,6,C,0,202020802050,20201205,5,120
3991,5,C,0,202020802040,20201205,5,121
3992,4,B,0,202020802050,20201205,5,122
3993,3,B,0,202020642050,20201205,5,123
3994,4,B,1,202016642050,20201205,5,124
3995,3,B,0,202016512050,20201205,5,125
3996,4,B,0,202012512050,20201205,5,126
3997,2,A,0,202020802050,20201205,5,127
3998,1,A,0,201620802050,20201205,5,128
3999,4,B,0,202020802050,20201205,5,129
4000,3,B,0,202020642050,20201205,5,130
4001,4,B,1,202016642050,20201205,5,131
4002,5,C,0,202020802050,20201205,5,132
4003,6,C,1,202020801650,20201205,5,133
4004,4,B,1,202020802050,20201205,5,134
4005,3,B,0,202020642050,20201205,5,135
4006,4,B,1,202016642050,20201205,5,136
4007,3,B,0,202016512050,20201205,5,137
4008,4,B,0,202012512050,20201205,5,138
4009,1,A,1,202020802050,20201205,5,139
4010,4,B,1,202020802050,20201205,5,140
4011,3,B,0,202020642050,20201205,5,141
4012,4,B,1,202016642050,20201205,5,142
4013,1,A,0,202020802050,20201205,5,143
4014,2,A,0,162020802050,20201205,5,144
4015,4,B,1,202020802050,20201205,5,145
4016,3,B,1,202020642050,20201205,5,146
4017,4,B,1,202016642050,20201205,5,147
4018,3,B,0,202016512050,20201205,5,148
4019,4,B,1,202012512050,20201205,5,149
4020,3,B,0,202012402050,20201205,5,150
4021,4,B,0,202010402050,20201205,5,151
4022,6,C,0,202020802050,20201205,5,152
4023,5,C,0,202020802040,20201205,5,153
4024,6,C,1,202020801640,20201205,5,154
4025,5,C,0,202020801632,20201205,5,155
4026,6,C,0,202020801232,20201205,5,156
4027,4,B,1,202020802050,20201205,5,157
4028,3,B,1,202020642050,20201205,5,158
4029,4,B,1,202016642050,20201205,5,159
4030,3,B,0,202016512050,20201205,5,160
4031,4,B,0,202012512050,20201205,5,161
4032,3,B,0,202012402050,20201205,5,162
4033,4,B,1,202010402050,20201205,5,163
4034,3,B,0,202010322050,20201205,5,164
4035,4,B,1,202008322050,20201205,5,165
4036,3,B,0,202008262050,20201205,5,166
4037,4,B,0,202006262050,20201205,5,167
4038,5,C,0,202020802050,20201205,5,168
4039,6,C,1,202020801650,20201205,5,169
4040,5,C,0,202020801640,20201205,5,170
4041,6,C,0,202020801240,20201205,5,171
4042,4,B,0,202020802050,20201205,5,172
4043,3,B,0,202020642050,20201205,5,173
4044,4,B,0,202016642050,20201205,5,174
4045,3,B,0,202016512050,20201205,5,175
4046,4,B,1,202012512050,20201205,5,176
4047,2,A,1,202020802050,20201205,5,177
4048,1,A,0,201620802050,20201205,5,178
4049,2,A,0,161620802050,20201205,5,179
4050,4,B,1,202020802050,20201205,5,180
4051,3,B,0,202020642050,20201205,5,181
4052,4,B,1,202016642050,20201205,5,182
4053,3,B,0,202016512050,20201205,5,183
4054,4,B,0,202012512050,20201205,5,184
4055,6,C,1,202020802050,20201205,5,185
4056,5,C,0,202020802040,20201205,5,186
4057,6,C,0,202020801640,20201205,5,187
4058,4,B,1,202020802050,20201205,5,188
4059,3,B,0,202020642050,20201205,5,189
4060,4,B,0,202016642050,20201205,5,190
4061,6,C,0,202020802050,20201205,5,191
4062,5,C,1,202020802040,20201205,5,192
4063,6,C,1,202020801640,20201205,5,193
4064,5,C,1,202020801632,20201205,5,194
4065,6,C,0,202020801232,20201205,5,195
4066,5,C,1,202020801225,20201205,5,196
4067,6,C,0,202020801025,20201205,5,197
4068,5,C,0,202020801020,20201205,5,198
4069,6,C,1,202020800820,20201205,5,199
4070,5,C,0,202020800816,20201205,5,200
4071,6,C,1,202020800616,20201205,5,201
4072,5,C,0,202020800613,20201205,5,202
4073,6,C,0,202020800513,20201205,5,203
4074,4,B,1,202020802050,20201205,5,204
4075,3,B,0,202020642050,20201205,5,205
4076,4,B,0,202016642050,20201205,5,206
4077,6,C,0,202020802050,20201205,5,207
4078,5,C,0,202020802040,20201205,5,208
4079,6,C,0,202020801640,20201205,5,209
4080,5,C,0,202020801632,20201205,5,210
4081,6,C,0,202020801232,20201205,5,211
4082,4,B,1,202020802050,20201205,5,212
4083,3,B,0,202020642050,20201205,5,213
4084,4,B,1,202016642050,20201205,5,214
4085,3,B,0,202016512050,20201205,5,215
4086,4,B,1,202012512050,20201205,5,216
4087,6,C,0,202020802050,20201205,5,217
4088,5,C,1,202020802040,20201205,5,218
4089,6,C,1,202020801640,20201205,5,219
4090,5,C,0,202020801632,20201205,5,220
4091,6,C,0,202020801232,20201205,5,221
4092,4,B,0,202020802050,20201205,5,222
4093,3,B,1,202020642050,20201205,5,223
4094,4,B,0,202016642050,20201205,5,224
4095,3,B,0,202016512050,20201205,5,225
4096,4,B,0,202012512050,20201205,5,226
4097,6,C,0,202020802050,20201205,5,227
4098,5,C,1,202020802040,20201205,5,228
4099,6,C,1,202020801640,20201205,5,229
4100,5,C,0,202020801632,20201205,5,230
4101,6,C,1,202020801232,20201205,5,231
4102,5,C,0,202020801225,20201205,5,232
4103,6,C,0,202020801025,20201205,5,233
4104,4,B,1,202020802050,20201205,5,234
4105,3,B,1,202020642050,20201205,5,235
4106,4,B,1,202016642050,20201205,5,236
4107,3,B,0,202016512050,20201205,5,237
4108,4,B,1,202012512050,20201205,5,238
4109,3,B,0,202012402050,20201205,5,239
4110,4,B,1,202010402050,20201205,5,240
4111,3,B,0,202010322050,20201205,5,241
4112,4,B,1,202008322050,20201205,5,242
4113,3,B,0,202008262050,20201205,5,243
4114,4,B,0,202006262050,20201205,5,244
4115,1,A,0,202020802050,20201205,5,245
4116,2,A,0,162020802050,20201205,5,246
4117,1,A,0,161620802050,20201205,5,247
4118,2,A,0,121620802050,20201205,5,248
4119,4,B,0,202020802050,20201205,5,249
4120,3,B,0,202020642050,20201205,5,250
4121,4,B,1,202016642050,20201205,5,251
4122,3,B,1,202016512050,20201205,5,252
4123,4,B,1,202012512050,20201205,5,253
4124,3,B,0,202012402050,20201205,5,254
4125,4,B,1,202010402050,20201205,5,255
4126,3,B,0,202010322050,20201205,5,256
4127,4,B,0,202008322050,20201205,5,257
4128,3,B,0,202008262050,20201205,5,258
4129,4,B,0,202006262050,20201205,5,259
4130,6,C,1,202020802050,20201205,5,260
4131,5,C,0,202020802040,20201205,5,261
4132,6,C,0,202020801640,20201205,5,262
4133,4,B,1,202020802050,20201205,5,263
4134,3,B,1,202020642050,20201205,5,264
4135,4,B,1,202016642050,20201205,5,265
4136,3,B,0,202016512050,20201205,5,266
4137,4,B,0,202012512050,20201205,5,267
4138,6,C,0,202020802050,20201205,5,268
4139,5,C,0,202020802040,20201205,5,269
4140,6,C,0,202020801640,20201205,5,270
4141,4,B,1,202020802050,20201205,5,271
4142,3,B,0,202020642050,20201205,5,272
4143,4,B,1,202016642050,20201205,5,273
4144,3,B,0,202016512050,20201205,5,274
4145,4,B,1,202012512050,20201205,5,275
4146,3,B,0,202012402050,20201205,5,276
4147,4,B,0,202010402050,20201205,5,277
4148,6,C,1,202020802050,20201205,5,278
4149,5,C,0,202020802040,20201205,5,279
4150,6,C,0,202020801640,20201205,5,280
4151,4,B,1,202020802050,20201205,5,281
4152,3,B,0,202020642050,20201205,5,282
4153,4,B,1,202016642050,20201205,5,283
4154,3,B,0,202016512050,20201205,5,284
4155,4,B,0,202012512050,20201205,5,285
4156,6,C,1,202020802050,20201205,5,286
4157,5,C,0,202020802040,20201205,5,287
4158,6,C,1,202020801640,20201205,5,288
4159,5,C,0,202020801632,20201205,5,289
4160,6,C,1,202020801232,20201205,5,290
4161,5,C,0,202020801225,20201205,5,291
4162,6,C,1,202020801025,20201205,5,292
4163,5,C,0,202020801020,20201205,5,293
4164,6,C,1,202020800820,20201205,5,294
4165,4,B,1,202020802050,20201205,5,295
4166,3,B,0,202020642050,20201205,5,296
4167,4,B,1,202016642050,20201205,5,297
4168,3,B,1,202016512050,20201205,5,298
4169,4,B,0,202012512050,20201205,5,299
4170,6,C,0,202080205020,20201206,1,0
4171,2,A,0,202080205020,20201206,1,1
4172,1,A,1,201680205020,20201206,1,2
4173,2,A,0,161680205020,20201206,1,3
4174,4,B,0,202080205020,20201206,1,4
4175,3,B,1,202080165020,20201206,1,5
4176,4,B,0,202064165020,20201206,1,6
4177,6,C,0,202080205020,20201206,1,7
4178,5,C,0,202080205016,20201206,1,8
4179,2,A,0,202080205020,20201206,1,9
4180,1,A,0,201680205020,20201206,1,10
4181,2,A,0,161680205020,20201206,1,11
4182,4,B,1,202080205020,20201206,1,12
4183,3,B,0,202080165020,20201206,1,13
4184,4,B,0,202064165020,20201206,1,14
4185,6,C,0,202080205020,20201206,1,15
4186,5,C,0,202080205016,20201206,1,16
4187,1,A,0,202080205020,20201206,1,17
4188,2,A,0,162080205020,20201206,1,18
4189,1,A,0,161680205020,20201206,1,19
4190,6,C,0,202080205020,20201206,1,20
4191,5,C,1,202080205016,20201206,1,21
4192,6,C,0,202080204016,20201206,1,22
4193,5,C,0,202080204012,20201206,1,23
4194,4,B,0,202080205020,20201206,1,24
4195,3,B,1,202080165020,20201206,1,25
4196,4,B,0,202064165020,20201206,1,26
4197,2,A,0,202080205020,20201206,1,27
4198,1,A,0,201680205020,20201206,1,28
4199,2,A,0,161680205020,20201206,1,29
4200,6,C,0,202080205020,20201206,1,30
4201,5,C,1,202080205016,20201206,1,31
4202,6,C,0,202080204016,20201206,1,32
4203,5,C,0,202080204012,20201206,1,33
4204,4,B,0,202080205020,20201206,1,34
4205,3,B,1,202080165020,20201206,1,35
4206,4,B,0,202064165020,20201206,1,36
4207,3,B,1,202064125020,20201206,1,37
4208,4,B,0,202051125020,20201206,1,38
4209,3,B,0,202051105020,20201206,1,39
4210,2,A,0,202080205020,20201206,1,40
4211,1,A,0,201680205020,20201206,1,41
4212,2,A,0,161680205020,20201206,1,42
4213,6,C,0,202080205020,20201206,1,43
4214,5,C,1,202080205016,20201206,1,44
4215,6,C,0,202080204016,20201206,1,45
4216,5,C,0,202080204012,20201206,1,46
4217,4,B,1,202080205020,20201206,1,47
4218,3,B,1,202080165020,20201206,1,48
4219,4,B,0,202064165020,20201206,1,49
4220,3,B,0,202064125020,20201206,1,50
4221,6,C,0,202080205020,20201206,1,51
4222,5,C,0,202080205016,20201206,1,52
4223,3,B,1,202080205020,20201206,1,53
4224,4,B,0,202064205020,20201206,1,54
4225,3,B,0,202064165020,20201206,1,55
4226,2,A,0,202080205020,20201206,1,56
4227,1,A,0,201680205020,20201206,1,57
4228,5,C,1,202080205020,20201206,1,58
4229,6,C,0,202080204020,20201206,1,59
4230,5,C,0,202080204016,20201206,1,60
4231,4,B,1,202080205020,20201206,1,61
4232,3,B,0,202080165020,20201206,1,62
4233,4,B,0,202064165020,20201206,1,63
4234,6,C,0,202080205020,20201206,1,64
4235,5,C,1,202080205016,20201206,1,65
4236,6,C,1,202080204016,20201206,1,66
4237,5,C,0,202080204012,20201206,1,67
4238,6,C,1,202080203212,20201206,1,68
4239,5,C,1,202080203210,20201206,1,69
4240,6,C,0,202080202510,20201206,1,70
4241,5,C,0,202080202508,20201206,1,71
4242,4,B,0,202080205020,20201206,1,72
4243,3,B,1,202080165020,20201206,1,73
4244,4,B,0,202064165020,20201206,1,74
4245,3,B,0,202064125020,20201206,1,75
4246,2,A,0,202080205020,20201206,1,76
4247,1,A,0,201680205020,20201206,1,77
4248,2,A,0,161680205020,20201206,1,78
4249,6,C,0,202080205020,20201206,1,79
4250,5,C,0,202080205016,20201206,1,80
4251,6,C,1,202080204016,20201206,1,81
4252,5,C,1,202080204012,20201206,1,82
4253,6,C,0,202080203212,20201206,1,83
4254,5,C,1,202080203210,20201206,1,84
4255,6,C,0,202080202510,20201206,1,85
4256,5,C,0,202080202508,20201206,1,86
4257,4,B,1,202080205020,20201206,1,87
4258,3,B,1,202080165020,20201206,1,88
4259,4,B,0,202064165020,20201206,1,89
4260,3,B,1,202064125020,20201206,1,90
4261,4,B,1,202051125020,20201206,1,91
4262,3,B,1,202051105020,20201206,1,92
4263,4,B,0,202040105020,20201206,1,93
4264,3,B,1,202040085020,20201206,1,94
4265,4,B,0,202032085020,20201206,1,95
4266,3,B,0,202032065020,20201206,1,96
4267,6,C,0,202080205020,20201206,1,97
4268,5,C,1,202080205016,20201206,1,98
4269,6,C,0,202080204016,20201206,1,99
4270,5,C,0,202080204012,20201206,1,100
4271,4,B,0,202080205020,20201206,1,101
4272,3,B,0,202080165020,20201206,1,102
4273,4,B,0,202064165020,20201206,1,103
4274,3,B,0,202064125020,20201206,1,104
4275,6,C,0,202080205020,20201206,1,105
4276,5,C,1,202080205016,20201206,1,106
4277,6,C,0,202080204016,20201206,1,107
4278,5,C,1,202080204012,20201206,1,108
4279,6,C,0,202080203212,20201206,1,109
4280,5,C,0,202080203210,20201206,1,110
4281,4,B,0,202080205020,20201206,1,111
4282,3,B,0,202080165020,20201206,1,112
4283,4,B,1,202064165020,20201206,1,113
4284,3,B,0,202064125020,20201206,1,114
4285,4,B,0,202051125020,20201206,1,115
4286,6,C,1,202080205020,20201206,1,116
4287,5,C,0,202080205016,20201206,1,117
4288,6,C,0,202080204016,20201206,1,118
4289,5,C,0,202080204012,20201206,1,119
4290,1,A,1,202080205020,20201206,1,120
4291,2,A,0,162080205020,20201206,1,121
4292,6,C,0,202080205020,20201206,1,122
4293,5,C,1,202080205016,20201206,1,123
4294,6,C,0,202080204016,20201206,1,124
4295,5,C,0,202080204012,20201206,1,125
4296,4,B,1,202080205020,20201206,1,126
4297,3,B,1,202080165020,20201206,1,127
4298,4,B,0,202064165020,20201206,1,128
4299,3,B,1,202064125020,20201206,1,129
4300,4,B,0,202051125020,20201206,1,130
4301,3,B,1,202051105020,20201206,1,131
4302,4,B,0,202040105020,20201206,1,132
4303,3,B,1,202040085020,20201206,1,133
4304,5,C,1,202080205020,20201206,1,134
4305,6,C,0,202080204020,20201206,1,135
4306,5,C,0,202080204016,20201206,1,136
4307,6,C,0,202080203216,20201206,1,137
4308,4,B,0,202080205020,20201206,1,138
4309,3,B,1,202080165020,20201206,1,139
4310,4,B,0,202064165020,20201206,1,140
4311,3,B,1,202064125020,20201206,1,141
4312,4,B,0,202051125020,20201206,1,142
4313,3,B,1,202051105020,20201206,1,143
4314,4,B,0,202040105020,20201206,1,144
4315,3,B,0,202040085020,20201206,1,145
4316,5,C,1,202080205020,20201206,1,146
4317,6,C,1,202080204020,20201206,1,147
4318,5,C,0,202080204016,20201206,1,148
4319,6,C,0,202080203216,20201206,1,149
4320,4,B,0,202080205020,20201206,1,150
4321,3,B,1,202080165020,20201206,1,151
4322,4,B,1,202064165020,20201206,1,152
4323,3,B,1,202064125020,20201206,1,153
4324,4,B,0,202051125020,20201206,1,154
4325,3,B,1,202051105020,20201206,1,155
4326,4,B,1,202040105020,20201206,1,156
4327,3,B,1,202040085020,20201206,1,157
4328,4,B,0,202032085020,20201206,1,158
4329,3,B,0,202032065020,20201206,1,159
4330,5,C,1,202080205020,20201206,1,160
4331,6,C,0,202080204020,20201206,1,161
4332,5,C,1,202080204016,20201206,1,162
4333,6,C,0,202080203216,20201206,1,163
4334,5,C,0,202080203212,20201206,1,164
4335,6,C,0,202080202512,20201206,1,165
4336,4,B,0,202080205020,20201206,1,166
4337,3,B,1,202080165020,20201206,1,167
4338,4,B,0,202064165020,20201206,1,168
4339,3,B,1,202064125020,20201206,1,169
4340,4,B,0,202051125020,20201206,1,170
4341,3,B,1,202051105020,20201206,1,171
4342,4,B,0,202040105020,20201206,1,172
4343,3,B,1,202040085020,20201206,1,173
4344,4,B,0,202032085020,20201206,1,174
4345,3,B,0,202032065020,20201206,1,175
4346,4,B,0,202026065020,20201206,1,176
4347,5,C,0,202080205020,20201206,1,177
4348,6,C,0,202080204020,20201206,1,178
4349,5,C,1,202080204016,20201206,1,179
4350,6,C,0,202080203216,20201206,1,180
4351,5,C,0,202080203212,20201206,1,181
4352,4,B,0,202080205020,20201206,1,182
4353,3,B,1,202080165020,20201206,1,183
4354,4,B,0,202064165020,20201206,1,184
4355,3,B,1,202064125020,20201206,1,185
4356,4,B,0,202051125020,20201206,1,186
4357,3,B,0,202051105020,20201206,1,187
4358,2,A,0,202080205020,20201206,1,188
4359,1,A,0,201680205020,20201206,1,189
4360,2,A,1,161680205020,20201206,1,190
4361,4,B,1,202080205020,20201206,1,191
4362,3,B,1,202080165020,20201206,1,192
4363,4,B,1,202064165020,20201206,1,193
4364,3,B,1,202064125020,20201206,1,194
4365,4,B,0,202051125020,20201206,1,195
4366,3,B,0,202051105020,20201206,1,196
4367,4,B,0,202040105020,20201206,1,197
4368,3,B,0,202040085020,20201206,1,198
4369,4,B,1,202032085020,20201206,1,199
4370,3,B,0,202032065020,20201206,1,200
4371,4,B,0,202026065020,20201206,1,201
4372,5,C,0,202080205020,20201206,1,202
4373,6,C,0,202080204020,20201206,1,203
4374,5,C,1,202080204016,20201206,1,204
4375,6,C,0,202080203216,20201206,1,205
4376,5,C,0,202080203212,20201206,1,206
4377,4,B,1,202080205020,20201206,1,207
4378,3,B,1,202080165020,20201206,1,208
4379,4,B,0,202064165020,20201206,1,209
4380,3,B,0,202064125020,20201206,1,210
4381,4,B,1,202051125020,20201206,1,211
4382,3,B,0,202051105020,20201206,1,212
4383,4,B,0,202040105020,20201206,1,213
4384,5,C,0,202080205020,20201206,1,214
4385,6,C,0,202080204020,20201206,1,215
4386,3,B,1,202080205020,20201206,1,216
4387,4,B,0,202064205020,20201206,1,217
4388,3,B,0,202064165020,20201206,1,218
4389,4,B,0,202051165020,20201206,1,219
4390,2,A,0,202080205020,20201206,1,220
4391,1,A,1,201680205020,20201206,1,221
4392,4,B,0,202080205020,20201206,1,222
4393,3,B,1,202080165020,20201206,1,223
4394,4,B,0,202064165020,20201206,1,224
4395,3,B,0,202064125020,20201206,1,225
4396,5,C,0,202080205020,20201206,1,226
4397,6,C,0,202080204020,20201206,1,227
4398,4,B,0,202080205020,20201206,1,228
4399,3,B,1,202080165020,20201206,1,229
4400,4,B,0,202064165020,20201206,1,230
4401,3,B,0,202064125020,20201206,1,231
4402,5,C,1,202080205020,20201206,1,232
4403,6,C,0,202080204020,20201206,1,233
4404,5,C,0,202080204016,20201206,1,234
4405,4,B,0,202080205020,20201206,1,235
4406,3,B,0,202080165020,20201206,1,236
4407,4,B,0,202064165020,20201206,1,237
4408,3,B,0,202064125020,20201206,1,238
4409,1,A,0,202080205020,20201206,1,239
4410,2,A,0,162080205020,20201206,1,240
4411,4,B,0,202080205020,20201206,1,241
4412,3,B,1,202080165020,20201206,1,242
4413,4,B,0,202064165020,20201206,1,243
4414,3,B,0,202064125020,20201206,1,244
4415,5,C,0,202080205020,20201206,1,245
4416,6,C,0,202080204020,20201206,1,246
4417,5,C,1,202080204016,20201206,1,247
4418,6,C,0,202080203216,20201206,1,248
4419,5,C,0,202080203212,20201206,1,249
4420,4,B,0,202080205020,20201206,1,250
4421,3,B,1,202080165020,20201206,1,251
4422,4,B,0,202064165020,20201206,1,252
4423,3,B,0,202064125020,20201206,1,253
4424,5,C,1,202080205020,20201206,1,254
4425,6,C,0,202080204020,20201206,1,255
4426,5,C,0,202080204016,20201206,1,256
4427,3,B,1,202080205020,20201206,1,257
4428,4,B,0,202064205020,20201206,1,258
4429,3,B,1,202064165020,20201206,1,259
4430,4,B,0,202051165020,20201206,1,260
4431,3,B,1,202051125020,20201206,1,261
4432,4,B,0,202040125020,20201206,1,262
4433,3,B,0,202040105020,20201206,1,263
4434,1,A,1,202080205020,20201206,1,264
4435,2,A,0,162080205020,20201206,1,265
4436,1,A,0,161680205020,20201206,1,266
4437,5,C,1,202080205020,20201206,1,267
4438,6,C,0,202080204020,20201206,1,268
4439,5,C,1,202080204016,20201206,1,269
4440,6,C,0,202080203216,20201206,1,270
4441,5,C,0,202080203212,20201206,1,271
4442,3,B,1,202080205020,20201206,1,272
4443,4,B,0,202064205020,20201206,1,273
4444,3,B,1,202064165020,20201206,1,274
4445,4,B,1,202051165020,20201206,1,275
4446,3,B,0,202051125020,20201206,1,276
4447,4,B,1,202040125020,20201206,1,277
4448,3,B,0,202040105020,20201206,1,278
4449,4,B,0,202032105020,20201206,1,279
4450,3,B,1,202032085020,20201206,1,280
4451,5,C,1,202080205020,20201206,1,281
4452,6,C,0,202080204020,20201206,1,282
4453,5,C,1,202080204016,20201206,1,283
4454,6,C,0,202080203216,20201206,1,284
4455,5,C,0,202080203212,20201206,1,285
4456,3,B,1,202080205020,20201206,1,286
4457,4,B,0,202064205020,20201206,1,287
4458,3,B,1,202064165020,20201206,1,288
4459,4,B,0,202051165020,20201206,1,289
4460,3,B,1,202051125020,20201206,1,290
4461,4,B,0,202040125020,20201206,1,291
4462,3,B,0,202040105020,20201206,1,292
4463,4,B,0,202032105020,20201206,1,293
4464,3,B,0,202032085020,20201206,1,294
4465,5,C,0,202080205020,20201206,1,295
4466,6,C,0,202080204020,20201206,1,296
4467,5,C,1,202080204016,20201206,1,297
4468,3,B,0,202080205020,20201206,1,298
4469,4,B,0,202064205020,20201206,1,299
4470,1,A,1,208020205080,20201206,2,0
4471,2,A,1,168020205080,20201206,2,1
4472,1,A,0,166420205080,20201206,2,2
4473,5,C,0,208020205080,20201206,2,3
4474,6,C,1,208020204080,20201206,2,4
4475,5,C,1,208020204064,20201206,2,5
4476,3,B,0,208020205080,20201206,2,6
4477,4,B,0,208016205080,20201206,2,7
4478,3,B,0,208016165080,20201206,2,8
4479,4,B,0,208012165080,20201206,2,9
4480,1,A,1,208020205080,20201206,2,10
4481,2,A,1,168020205080,20201206,2,11
4482,1,A,0,166420205080,20201206,2,12
4483,2,A,0,126420205080,20201206,2,13
4484,5,C,1,208020205080,20201206,2,14
4485,6,C,1,208020204080,20201206,2,15
4486,5,C,0,208020204064,20201206,2,16
4487,6,C,0,208020203264,20201206,2,17
4488,4,B,0,208020205080,20201206,2,18
4489,3,B,1,208020165080,20201206,2,19
4490,4,B,0,208016165080,20201206,2,20
4491,3,B,0,208016125080,20201206,2,21
4492,1,A,0,208020205080,20201206,2,22
4493,2,A,1,168020205080,20201206,2,23
4494,1,A,0,166420205080,20201206,2,24
4495,2,A,1,126420205080,20201206,2,25
4496,5,C,0,208020205080,20201206,2,26
4497,6,C,0,208020204080,20201206,2,27
4498,5,C,1,208020204064,20201206,2,28
4499,1,A,0,208020205080,20201206,2,29
4500,2,A,1,168020205080,20201206,2,30
4501,1,A,1,166420205080,20201206,2,31
4502,2,A,1,126420205080,20201206,2,32
4503,1,A,0,125120205080,20201206,2,33
4504,2,A,0,105120205080,20201206,2,34
4505,4,B,0,208020205080,20201206,2,35
4506,3,B,0,208020165080,20201206,2,36
4507,1,A,0,208020205080,20201206,2,37
4508,2,A,1,168020205080,20201206,2,38
4509,1,A,0,166420205080,20201206,2,39
4510,2,A,0,126420205080,20201206,2,40
4511,5,C,0,208020205080,20201206,2,41
4512,6,C,1,208020204080,20201206,2,42
4513,5,C,0,208020204064,20201206,2,43
4514,6,C,1,208020203264,20201206,2,44
4515,5,C,0,208020203251,20201206,2,45
4516,6,C,1,208020202551,20201206,2,46
4517,2,A,1,208020205080,20201206,2,47
4518,1,A,0,206420205080,20201206,2,48
4519,2,A,1,166420205080,20201206,2,49
4520,1,A,1,165120205080,20201206,2,50
4521,2,A,0,125120205080,20201206,2,51
4522,1,A,0,124020205080,20201206,2,52
4523,2,A,1,104020205080,20201206,2,53
4524,6,C,1,208020205080,20201206,2,54
4525,5,C,0,208020205064,20201206,2,55
4526,6,C,1,208020204064,20201206,2,56
4527,5,C,0,208020204051,20201206,2,57
4528,6,C,1,208020203251,20201206,2,58
4529,2,A,1,208020205080,20201206,2,59
4530,1,A,0,206420205080,20201206,2,60
4531,2,A,1,166420205080,20201206,2,61
4532,1,A,0,165120205080,20201206,2,62
4533,2,A,0,125120205080,20201206,2,63
4534,6,C,1,208020205080,20201206,2,64
4535,5,C,1,208020205064,20201206,2,65
4536,6,C,0,208020204064,20201206,2,66
4537,5,C,1,208020204051,20201206,2,67
4538,6,C,0,208020203251,20201206,2,68
4539,5,C,0,208020203240,20201206,2,69
4540,6,C,0,208020202540,20201206,2,70
4541,2,A,1,208020205080,20201206,2,71
4542,1,A,0,206420205080,20201206,2,72
4543,2,A,1,166420205080,20201206,2,73
4544,1,A,0,165120205080,20201206,2,74
4545,2,A,1,125120205080,20201206,2,75
4546,6,C,1,208020205080,20201206,2,76
4547,5,C,1,208020205064,20201206,2,77
4548,6,C,0,208020204064,20201206,2,78
4549,5,C,1,208020204051,20201206,2,79
4550,6,C,0,208020203251,20201206,2,80
4551,5,C,0,208020203240,20201206,2,81
4552,2,A,1,208020205080,20201206,2,82
4553,1,A,0,206420205080,20201206,2,83
4554,2,A,1,166420205080,20201206,2,84
4555,6,C,1,208020205080,20201206,2,85
4556,5,C,1,208020205064,20201206,2,86
4557,6,C,1,208020204064,20201206,2,87
4558,5,C,0,208020204051,20201206,2,88
4559,6,C,0,208020203251,20201206,2,89
4560,2,A,0,208020205080,20201206,2,90
4561,1,A,0,206420205080,20201206,2,91
4562,2,A,1,166420205080,20201206,2,92
4563,6,C,1,208020205080,20201206,2,93
4564,5,C,0,208020205064,20201206,2,94
4565,6,C,1,208020204064,20201206,2,95
4566,5,C,1,208020204051,20201206,2,96
4567,6,C,0,208020203251,20201206,2,97
4568,2,A,1,208020205080,20201206,2,98
4569,1,A,1,206420205080,20201206,2,99
4570,2,A,1,166420205080,20201206,2,100
4571,1,A,0,165120205080,20201206,2,101
4572,2,A,0,125120205080,20201206,2,102
4573,6,C,0,208020205080,20201206,2,103
4574,5,C,0,208020205064,20201206,2,104
4575,6,C,1,208020204064,20201206,2,105
4576,5,C,0,208020204051,20201206,2,106
4577,6,C,1,208020203251,20201206,2,107
4578,2,A,1,208020205080,20201206,2,108
4579,1,A,0,206420205080,20201206,2,109
4580,2,A,0,166420205080,20201206,2,110
4581,6,C,0,208020205080,20201206,2,111
4582,5,C,0,208020205064,20201206,2,112
4583,6,C,1,208020204064,20201206,2,113
4584,5,C,0,208020204051,20201206,2,114
4585,6,C,0,208020203251,20201206,2,115
4586,2,A,1,208020205080,20201206,2,116
4587,1,A,0,206420205080,20201206,2,117
4588,2,A,1,166420205080,20201206,2,118
4589,6,C,1,208020205080,20201206,2,119
4590,5,C,0,208020205064,20201206,2,120
4591,6,C,0,208020204064,20201206,2,121
4592,5,C,1,208020204051,20201206,2,122
4593,6,C,0,208020203251,20201206,2,123
4594,5,C,0,208020203240,20201206,2,124
4595,6,C,0,208020202540,20201206,2,125
4596,3,B,0,208020205080,20201206,2,126
4597,4,B,0,208016205080,20201206,2,127
4598,2,A,1,208020205080,20201206,2,128
4599,1,A,0,206420205080,20201206,2,129
4600,2,A,1,166420205080,20201206,2,130
4601,1,A,0,165120205080,20201206,2,131
4602,2,A,0,125120205080,20201206,2,132
4603,6,C,0,208020205080,20201206,2,133
4604,5,C,0,208020205064,20201206,2,134
4605,6,C,1,208020204064,20201206,2,135
4606,2,A,1,208020205080,20201206,2,136
4607,1,A,1,206420205080,20201206,2,137
4608,2,A,1,166420205080,20201206,2,138
4609,1,A,0,165120205080,20201206,2,139
4610,2,A,0,125120205080,20201206,2,140
4611,6,C,0,208020205080,20201206,2,141
4612,5,C,0,208020205064,20201206,2,142
4613,6,C,1,208020204064,20201206,2,143
4614,5,C,1,208020204051,20201206,2,144
4615,6,C,1,208020203251,20201206,2,145
4616,5,C,0,208020203240,20201206,2,146
4617,6,C,1,208020202540,20201206,2,147
4618,2,A,1,208020205080,20201206,2,148
4619,1,A,0,206420205080,20201206,2,149
4620,2,A,0,166420205080,20201206,2,150
4621,6,C,1,208020205080,20201206,2,151
4622,5,C,1,208020205064,20201206,2,152
4623,6,C,0,208020204064,20201206,2,153
4624,5,C,1,208020204051,20201206,2,154
4625,6,C,1,208020203251,20201206,2,155
4626,5,C,0,208020203240,20201206,2,156
4627,6,C,0,208020202540,20201206,2,157
4628,2,A,1,208020205080,20201206,2,158
4629,1,A,0,206420205080,20201206,2,159
4630,2,A,1,166420205080,20201206,2,160
4631,6,C,1,208020205080,20201206,2,161
4632,5,C,1,208020205064,20201206,2,162
4633,6,C,0,208020204064,20201206,2,163
4634,5,C,1,208020204051,20201206,2,164
4635,6,C,0,208020203251,20201206,2,165
4636,5,C,0,208020203240,20201206,2,166
4637,6,C,0,208020202540,20201206,2,167
4638,2,A,0,208020205080,20201206,2,168
4639,1,A,0,206420205080,20201206,2,169
4640,2,A,0,166420205080,20201206,2,170
4641,6,C,1,208020205080,20201206,2,171
4642,5,C,0,208020205064,20201206,2,172
4643,6,C,0,208020204064,20201206,2,173
4644,5,C,0,208020204051,20201206,2,174
4645,2,A,1,208020205080,20201206,2,175
4646,1,A,0,206420205080,20201206,2,176
4647,2,A,1,166420205080,20201206,2,177
4648,6,C,1,208020205080,20201206,2,178
4649,5,C,1,208020205064,20201206,2,179
4650,6,C,1,208020204064,20201206,2,180
4651,5,C,0,208020204051,20201206,2,181
4652,6,C,0,208020203251,20201206,2,182
4653,2,A,1,208020205080,20201206,2,183
4654,1,A,0,206420205080,20201206,2,184
4655,2,A,0,166420205080,20201206,2,185
4656,6,C,1,208020205080,20201206,2,186
4657,5,C,1,208020205064,20201206,2,187
4658,6,C,0,208020204064,20201206,2,188
4659,5,C,0,208020204051,20201206,2,189
4660,6,C,1,208020203251,20201206,2,190
4661,2,A,0,208020205080,20201206,2,191
4662,1,A,0,206420205080,20201206,2,192
4663,2,A,0,166420205080,20201206,2,193
4664,6,C,1,208020205080,20201206,2,194
4665,5,C,1,208020205064,20201206,2,195
4666,6,C,1,208020204064,20201206,2,196
4667,5,C,0,208020204051,20201206,2,197
4668,6,C,0,208020203251,20201206,2,198
4669,2,A,1,208020205080,20201206,2,199
4670,1,A,0,206420205080,20201206,2,200
4671,2,A,1,166420205080,20201206,2,201
4672,6,C,1,208020205080,20201206,2,202
4673,5,C,0,208020205064,20201206,2,203
4674,6,C,1,208020204064,20201206,2,204
4675,5,C,0,208020204051,20201206,2,205
4676,6,C,1,208020203251,20201206,2,206
4677,2,A,1,208020205080,20201206,2,207
4678,1,A,0,206420205080,20201206,2,208
4679,2,A,0,166420205080,20201206,2,209
4680,6,C,1,208020205080,20201206,2,210
4681,5,C,0,208020205064,20201206,2,211
4682,6,C,1,208020204064,20201206,2,212
4683,5,C,1,208020204051,20201206,2,213
4684,6,C,0,208020203251,20201206,2,214
4685,5,C,0,208020203240,20201206,2,215
4686,6,C,0,208020202540,20201206,2,216
4687,2,A,1,208020205080,20201206,2,217
4688,6,C,1,208020205080,20201206,2,218
4689,5,C,0,208020205064,20201206,2,219
4690,6,C,1,208020204064,20201206,2,220
4691,2,A,0,208020205080,20201206,2,221
4692,1,A,0,206420205080,20201206,2,222
4693,2,A,0,166420205080,20201206,2,223
4694,6,C,1,208020205080,20201206,2,224
4695,5,C,1,208020205064,20201206,2,225
4696,6,C,1,208020204064,20201206,2,226
4697,5,C,0,208020204051,20201206,2,227
4698,6,C,1,208020203251,20201206,2,228
4699,2,A,1,208020205080,20201206,2,229
4700,6,C,1,208020205080,20201206,2,230
4701,5,C,1,208020205064,20201206,2,231
4702,6,C,1,208020204064,20201206,2,232
4703,5,C,1,208020204051,20201206,2,233
4704,6,C,0,208020203251,20201206,2,234
4705,5,C,0,208020203240,20201206,2,235
4706,6,C,0,208020202540,20201206,2,236
4707,2,A,1,208020205080,20201206,2,237
4708,1,A,1,206420205080,20201206,2,238
4709,2,A,1,166420205080,20201206,2,239
4710,6,C,1,208020205080,20201206,2,240
4711,5,C,1,208020205064,20201206,2,241
4712,6,C,1,208020204064,20201206,2,242
4713,5,C,1,208020204051,20201206,2,243
4714,6,C,0,208020203251,20201206,2,244
4715,5,C,0,208020203240,20201206,2,245
4716,2,A,1,208020205080,20201206,2,246
4717,1,A,0,206420205080,20201206,2,247
4718,2,A,0,166420205080,20201206,2,248
4719,6,C,1,208020205080,20201206,2,249
4720,5,C,1,208020205064,20201206,2,250
4721,6,C,0,208020204064,20201206,2,251
4722,5,C,0,208020204051,20201206,2,252
4723,6,C,0,208020203251,20201206,2,253
4724,2,A,1,208020205080,20201206,2,254
4725,1,A,0,206420205080,20201206,2,255
4726,2,A,0,166420205080,20201206,2,256
4727,6,C,0,208020205080,20201206,2,257
4728,5,C,0,208020205064,20201206,2,258
4729,6,C,0,208020204064,20201206,2,259
4730,5,C,1,208020204051,20201206,2,260
4731,6,C,0,208020203251,20201206,2,261
4732,5,C,0,208020203240,20201206,2,262
4733,2,A,0,208020205080,20201206,2,263
4734,6,C,1,208020205080,20201206,2,264
4735,5,C,0,208020205064,20201206,2,265
4736,6,C,1,208020204064,20201206,2,266
4737,2,A,0,208020205080,20201206,2,267
4738,6,C,0,208020205080,20201206,2,268
4739,5,C,1,208020205064,20201206,2,269
4740,6,C,0,208020204064,20201206,2,270
4741,2,A,1,208020205080,20201206,2,271
4742,1,A,0,206420205080,20201206,2,272
4743,2,A,1,166420205080,20201206,2,273
4744,6,C,1,208020205080,20201206,2,274
4745,5,C,0,208020205064,20201206,2,275
4746,6,C,0,208020204064,20201206,2,276
4747,2,A,1,208020205080,20201206,2,277
4748,6,C,1,208020205080,20201206,2,278
4749,5,C,1,208020205064,20201206,2,279
4750,6,C,1,208020204064,20201206,2,280
4751,5,C,0,208020204051,20201206,2,281
4752,6,C,0,208020203251,20201206,2,282
4753,2,A,1,208020205080,20201206,2,283
4754,6,C,1,208020205080,20201206,2,284
4755,5,C,1,208020205064,20201206,2,285
4756,6,C,1,208020204064,20201206,2,286
4757,5,C,0,208020204051,20201206,2,287
4758,6,C,0,208020203251,20201206,2,288
4759,2,A,1,208020205080,20201206,2,289
4760,6,C,0,208020205080,20201206,2,290
4761,5,C,0,208020205064,20201206,2,291
4762,6,C,1,208020204064,20201206,2,292
4763,2,A,1,208020205080,20201206,2,293
4764,1,A,0,206420205080,20201206,2,294
4765,2,A,1,166420205080,20201206,2,295
4766,6,C,1,208020205080,20201206,2,296
4767,5,C,1,208020205064,20201206,2,297
4768,6,C,1,208020204064,20201206,2,298
4769,5,C,1,208020204051,20201206,2,299
4770,1,A,0,805020502020,20201206,3,0
4771,2,A,1,645020502020,20201206,3,1
4772,6,C,0,805020502020,20201206,3,2
4773,5,C,1,805020502016,20201206,3,3
4774,6,C,0,805020501616,20201206,3,4
4775,4,B,1,805020502020,20201206,3,5
4776,3,B,0,805020402020,20201206,3,6
4777,4,B,0,805016402020,20201206,3,7
4778,1,A,0,805020502020,20201206,3,8
4779,2,A,0,645020502020,20201206,3,9
4780,4,B,0,805020502020,20201206,3,10
4781,3,B,0,805020402020,20201206,3,11
4782,6,C,0,805020502020,20201206,3,12
4783,5,C,0,805020502016,20201206,3,13
4784,2,A,0,805020502020,20201206,3,14
4785,1,A,1,804020502020,20201206,3,15
4786,2,A,0,644020502020,20201206,3,16
4787,5,C,1,805020502020,20201206,3,17
4788,6,C,0,805020501620,20201206,3,18
4789,5,C,1,805020501616,20201206,3,19
4790,6,C,0,805020501216,20201206,3,20
4791,5,C,0,805020501212,20201206,3,21
4792,1,A,1,805020502020,20201206,3,22
4793,2,A,1,645020502020,20201206,3,23
4794,1,A,1,644020502020,20201206,3,24
4795,2,A,1,514020502020,20201206,3,25
4796,1,A,1,513220502020,20201206,3,26
4797,2,A,0,403220502020,20201206,3,27
4798,1,A,0,402520502020,20201206,3,28
4799,4,B,1,805020502020,20201206,3,29
4800,3,B,1,805020402020,20201206,3,30
4801,4,B,1,805016402020,20201206,3,31
4802,1,A,1,805020502020,20201206,3,32
4803,2,A,1,645020502020,20201206,3,33
4804,1,A,1,644020502020,20201206,3,34
4805,2,A,0,514020502020,20201206,3,35
4806,1,A,1,513220502020,20201206,3,36
4807,2,A,0,403220502020,20201206,3,37
4808,1,A,0,402520502020,20201206,3,38
4809,5,C,0,805020502020,20201206,3,39
4810,6,C,0,805020501620,20201206,3,40
4811,2,A,0,805020502020,20201206,3,41
4812,1,A,1,804020502020,20201206,3,42
4813,2,A,0,644020502020,20201206,3,43
4814,1,A,0,643220502020,20201206,3,44
4815,4,B,1,805020502020,20201206,3,45
4816,3,B,0,805020402020,20201206,3,46
4817,4,B,1,805016402020,20201206,3,47
4818,2,A,0,805020502020,20201206,3,48
4819,1,A,1,804020502020,20201206,3,49
4820,2,A,1,644020502020,20201206,3,50
4821,1,A,0,643220502020,20201206,3,51
4822,2,A,0,513220502020,20201206,3,52
4823,5,C,0,805020502020,20201206,3,53
4824,6,C,0,805020501620,20201206,3,54
4825,2,A,0,805020502020,20201206,3,55
4826,1,A,0,804020502020,20201206,3,56
4827,2,A,0,644020502020,20201206,3,57
4828,4,B,1,805020502020,20201206,3,58
4829,3,B,0,805020402020,20201206,3,59
4830,4,B,0,805016402020,20201206,3,60
4831,1,A,1,805020502020,20201206,3,61
4832,2,A,1,645020502020,20201206,3,62
4833,1,A,1,644020502020,20201206,3,63
4834,2,A,1,514020502020,20201206,3,64
4835,1,A,1,513220502020,20201206,3,65
4836,2,A,1,403220502020,20201206,3,66
4837,1,A,0,402520502020,20201206,3,67
4838,2,A,0,322520502020,20201206,3,68
4839,6,C,0,805020502020,20201206,3,69
4840,5,C,0,805020502016,20201206,3,70
4841,4,B,1,805020502020,20201206,3,71
4842,3,B,1,805020402020,20201206,3,72
4843,4,B,0,805016402020,20201206,3,73
4844,1,A,1,805020502020,20201206,3,74
4845,2,A,0,645020502020,20201206,3,75
4846,1,A,1,644020502020,20201206,3,76
4847,2,A,0,514020502020,20201206,3,77
4848,1,A,0,513220502020,20201206,3,78
4849,2,A,0,403220502020,20201206,3,79
4850,6,C,1,805020502020,20201206,3,80
4851,5,C,0,805020502016,20201206,3,81
4852,6,C,0,805020501616,20201206,3,82
4853,2,A,0,805020502020,20201206,3,83
4854,1,A,1,804020502020,20201206,3,84
4855,2,A,0,644020502020,20201206,3,85
4856,1,A,0,643220502020,20201206,3,86
4857,4,B,1,805020502020,20201206,3,87
4858,1,A,0,805020502020,20201206,3,88
4859,2,A,0,645020502020,20201206,3,89
4860,1,A,0,644020502020,20201206,3,90
4861,4,B,1,805020502020,20201206,3,91
4862,3,B,0,805020402020,20201206,3,92
4863,4,B,1,805016402020,20201206,3,93
4864,2,A,0,805020502020,20201206,3,94
4865,1,A,1,804020502020,20201206,3,95
4866,2,A,1,644020502020,20201206,3,96
4867,1,A,1,643220502020,20201206,3,97
4868,2,A,0,513220502020,20201206,3,98
4869,1,A,1,512520502020,20201206,3,99
4870,2,A,0,402520502020,20201206,3,100
4871,5,C,0,805020502020,20201206,3,101
4872,6,C,0,805020501620,20201206,3,102
4873,2,A,1,805020502020,20201206,3,103
4874,1,A,1,804020502020,20201206,3,104
4875,2,A,0,644020502020,20201206,3,105
4876,1,A,0,643220502020,20201206,3,106
4877,4,B,0,805020502020,20201206,3,107
4878,3,B,0,805020402020,20201206,3,108
4879,4,B,0,805016402020,20201206,3,109
4880,1,A,0,805020502020,20201206,3,110
4881,2,A,1,645020502020,20201206,3,111
4882,1,A,1,644020502020,20201206,3,112
4883,2,A,1,514020502020,20201206,3,113
4884,1,A,0,513220502020,20201206,3,114
4885,2,A,0,403220502020,20201206,3,115
4886,4,B,1,805020502020,20201206,3,116
4887,3,B,0,805020402020,20201206,3,117
4888,4,B,0,805016402020,20201206,3,118
4889,1,A,1,805020502020,20201206,3,119
4890,2,A,1,645020502020,20201206,3,120
4891,1,A,1,644020502020,20201206,3,121
4892,2,A,1,514020502020,20201206,3,122
4893,1,A,1,513220502020,20201206,3,123
4894,2,A,1,403220502020,20201206,3,124
4895,1,A,1,402520502020,20201206,3,125
4896,2,A,0,322520502020,20201206,3,126
4897,1,A,0,322020502020,20201206,3,127
4898,5,C,0,805020502020,20201206,3,128
4899,6,C,0,805020501620,20201206,3,129
4900,2,A,0,805020502020,20201206,3,130
4901,1,A,1,804020502020,20201206,3,131
4902,2,A,0,644020502020,20201206,3,132
4903,1,A,1,643220502020,20201206,3,133
4904,2,A,0,513220502020,20201206,3,134
4905,1,A,1,512520502020,20201206,3,135
4906,2,A,0,402520502020,20201206,3,136
4907,1,A,1,402020502020,20201206,3,137
4908,4,B,1,805020502020,20201206,3,138
4909,1,A,1,805020502020,20201206,3,139
4910,2,A,1,645020502020,20201206,3,140
4911,1,A,1,644020502020,20201206,3,141
4912,2,A,0,514020502020,20201206,3,142
4913,1,A,1,513220502020,20201206,3,143
4914,2,A,0,403220502020,20201206,3,144
4915,1,A,1,402520502020,20201206,3,145
4916,4,B,1,805020502020,20201206,3,146
4917,1,A,1,805020502020,20201206,3,147
4918,2,A,1,645020502020,20201206,3,148
4919,1,A,0,644020502020,20201206,3,149
4920,2,A,0,514020502020,20201206,3,150
4921,1,A,1,513220502020,20201206,3,151
4922,2,A,0,403220502020,20201206,3,152
4923,1,A,1,402520502020,20201206,3,153
4924,2,A,0,322520502020,20201206,3,154
4925,1,A,0,322020502020,20201206,3,155
4926,4,B,1,805020502020,20201206,3,156
4927,1,A,0,805020502020,20201206,3,157
4928,2,A,1,645020502020,20201206,3,158
4929,1,A,1,644020502020,20201206,3,159
4930,2,A,1,514020502020,20201206,3,160
4931,1,A,0,513220502020,20201206,3,161
4932,2,A,1,403220502020,20201206,3,162
4933,1,A,0,402520502020,20201206,3,163
4934,2,A,0,322520502020,20201206,3,164
4935,4,B,0,805020502020,20201206,3,165
4936,1,A,1,805020502020,20201206,3,166
4937,2,A,0,645020502020,20201206,3,167
4938,1,A,1,644020502020,20201206,3,168
4939,2,A,0,514020502020,20201206,3,169
4940,1,A,1,513220502020,20201206,3,170
4941,2,A,1,403220502020,20201206,3,171
4942,1,A,0,402520502020,20201206,3,172
4943,2,A,0,322520502020,20201206,3,173
4944,4,B,1,805020502020,20201206,3,174
4945,1,A,0,805020502020,20201206,3,175
4946,2,A,1,645020502020,20201206,3,176
4947,1,A,0,644020502020,20201206,3,177
4948,2,A,1,514020502020,20201206,3,178
4949,1,A,0,513220502020,20201206,3,179
4950,2,A,1,403220502020,20201206,3,180
4951,4,B,1,805020502020,20201206,3,181
4952,2,A,0,805020502020,20201206,3,182
4953,1,A,1,804020502020,20201206,3,183
4954,2,A,1,644020502020,20201206,3,184
4955,1,A,1,643220502020,20201206,3,185
4956,2,A,0,513220502020,20201206,3,186
4957,1,A,1,512520502020,20201206,3,187
4958,2,A,0,402520502020,20201206,3,188
4959,1,A,0,402020502020,20201206,3,189
4960,4,B,1,805020502020,20201206,3,190
4961,1,A,1,805020502020,20201206,3,191
4962,2,A,0,645020502020,20201206,3,192
4963,1,A,1,644020502020,20201206,3,193
4964,2,A,1,514020502020,20201206,3,194
4965,1,A,0,513220502020,20201206,3,195
4966,2,A,0,403220502020,20201206,3,196
4967,4,B,1,805020502020,20201206,3,197
4968,1,A,1,805020502020,20201206,3,198
4969,2,A,1,645020502020,20201206,3,199
4970,1,A,0,644020502020,20201206,3,200
4971,2,A,1,514020502020,20201206,3,201
4972,1,A,0,513220502020,20201206,3,202
4973,2,A,0,403220502020,20201206,3,203
4974,4,B,1,805020502020,20201206,3,204
4975,2,A,0,805020502020,20201206,3,205
4976,1,A,1,804020502020,20201206,3,206
4977,2,A,0,644020502020,20201206,3,207
4978,1,A,1,643220502020,20201206,3,208
4979,2,A,1,513220502020,20201206,3,209
4980,1,A,1,512520502020,20201206,3,210
4981,2,A,1,402520502020,20201206,3,211
4982,1,A,1,402020502020,20201206,3,212
4983,2,A,0,322020502020,20201206,3,213
4984,1,A,0,321620502020,20201206,3,214
4985,4,B,1,805020502020,20201206,3,215
4986,1,A,0,805020502020,20201206,3,216
4987,2,A,1,645020502020,20201206,3,217
4988,1,A,1,644020502020,20201206,3,218
4989,2,A,0,514020502020,20201206,3,219
4990,1,A,0,513220502020,20201206,3,220
4991,2,A,0,403220502020,20201206,3,221
4992,4,B,1,805020502020,20201206,3,222
4993,1,A,1,805020502020,20201206,3,223
4994,2,A,1,645020502020,20201206,3,224
4995,1,A,0,644020502020,20201206,3,225
4996,2,A,0,514020502020,20201206,3,226
4997,1,A,0,513220502020,20201206,3,227
4998,4,B,0,805020502020,20201206,3,228
4999,3,B,0,805020402020,20201206,3,229
5000,4,B,1,805016402020,20201206,3,230
5001,1,A,1,805020502020,20201206,3,231
5002,2,A,1,645020502020,20201206,3,232
5003,1,A,0,644020502020,20201206,3,233
5004,2,A,1,514020502020,20201206,3,234
5005,1,A,1,513220502020,20201206,3,235
5006,2,A,0,403220502020,20201206,3,236
5007,1,A,1,402520502020,20201206,3,237
5008,2,A,0,322520502020,20201206,3,238
5009,1,A,0,322020502020,20201206,3,239
5010,4,B,0,805020502020,20201206,3,240
5011,1,A,1,805020502020,20201206,3,241
5012,2,A,0,645020502020,20201206,3,242
5013,1,A,1,644020502020,20201206,3,243
5014,2,A,0,514020502020,20201206,3,244
5015,1,A,0,513220502020,20201206,3,245
5016,4,B,1,805020502020,20201206,3,246
5017,1,A,0,805020502020,20201206,3,247
5018,2,A,1,645020502020,20201206,3,248
5019,1,A,0,644020502020,20201206,3,249
5020,2,A,0,514020502020,20201206,3,250
5021,1,A,1,513220502020,20201206,3,251
5022,2,A,0,403220502020,20201206,3,252
5023,1,A,0,402520502020,20201206,3,253
5024,4,B,1,805020502020,20201206,3,254
5025,1,A,1,805020502020,20201206,3,255
5026,2,A,0,645020502020,20201206,3,256
5027,1,A,0,644020502020,20201206,3,257
5028,2,A,1,514020502020,20201206,3,258
5029,1,A,1,513220502020,20201206,3,259
5030,2,A,0,403220502020,20201206,3,260
5031,4,B,0,805020502020,20201206,3,261
5032,1,A,0,805020502020,20201206,3,262
5033,2,A,0,645020502020,20201206,3,263
5034,1,A,0,644020502020,20201206,3,264
5035,4,B,0,805020502020,20201206,3,265
5036,3,B,0,805020402020,20201206,3,266
5037,4,B,0,805016402020,20201206,3,267
5038,2,A,1,805020502020,20201206,3,268
5039,1,A,1,804020502020,20201206,3,269
5040,2,A,1,644020502020,20201206,3,270
5041,1,A,1,643220502020,20201206,3,271
5042,2,A,0,513220502020,20201206,3,272
5043,1,A,0,512520502020,20201206,3,273
5044,4,B,0,805020502020,20201206,3,274
5045,1,A,0,805020502020,20201206,3,275
5046,2,A,1,645020502020,20201206,3,276
5047,1,A,1,644020502020,20201206,3,277
5048,2,A,0,514020502020,20201206,3,278
5049,1,A,0,513220502020,20201206,3,279
5050,4,B,1,805020502020,20201206,3,280
5051,1,A,1,805020502020,20201206,3,281
5052,2,A,1,645020502020,20201206,3,282
5053,1,A,1,644020502020,20201206,3,283
5054,2,A,0,514020502020,20201206,3,284
5055,1,A,1,513220502020,20201206,3,285
5056,2,A,0,403220502020,20201206,3,286
5057,4,B,1,805020502020,20201206,3,287
5058,2,A,0,805020502020,20201206,3,288
5059,1,A,1,804020502020,20201206,3,289
5060,2,A,0,644020502020,20201206,3,290
5061,1,A,1,643220502020,20201206,3,291
5062,2,A,0,513220502020,20201206,3,292
5063,1,A,0,512520502020,20201206,3,293
5064,4,B,1,805020502020,20201206,3,294
5065,1,A,0,805020502020,20201206,3,295
5066,2,A,0,645020502020,20201206,3,296
5067,1,A,1,644020502020,20201206,3,297
5068,4,B,1,805020502020,20201206,3,298
5069,1,A,1,805020502020,20201206,3,299
5070,6,C,0,802050802020,20201206,4,0
5071,5,C,0,802050802016,20201206,4,1
5072,1,A,1,802050802020,20201206,4,2
5073,2,A,0,642050802020,20201206,4,3
5074,1,A,1,641650802020,20201206,4,4
5075,4,B,1,802050802020,20201206,4,5
5076,3,B,1,802050642020,20201206,4,6
5077,4,B,1,802040642020,20201206,4,7
5078,3,B,0,802040512020,20201206,4,8
5079,4,B,0,802032512020,20201206,4,9
5080,1,A,1,802050802020,20201206,4,10
5081,2,A,0,642050802020,20201206,4,11
5082,1,A,0,641650802020,20201206,4,12
5083,4,B,1,802050802020,20201206,4,13
5084,6,C,0,802050802020,20201206,4,14
5085,5,C,0,802050802016,20201206,4,15
5086,1,A,0,802050802020,20201206,4,16
5087,2,A,0,642050802020,20201206,4,17
5088,4,B,0,802050802020,20201206,4,18
5089,3,B,0,802050642020,20201206,4,19
5090,4,B,0,802040642020,20201206,4,20
5091,1,A,1,802050802020,20201206,4,21
5092,2,A,0,642050802020,20201206,4,22
5093,1,A,0,641650802020,20201206,4,23
5094,4,B,1,802050802020,20201206,4,24
5095,3,B,1,802050642020,20201206,4,25
5096,4,B,1,802040642020,20201206,4,26
5097,5,C,0,802050802020,20201206,4,27
5098,6,C,0,802050801620,20201206,4,28
5099,1,A,1,802050802020,20201206,4,29
5100,2,A,0,642050802020,20201206,4,30
5101,1,A,0,641650802020,20201206,4,31
5102,2,A,1,511650802020,20201206,4,32
5103,3,B,1,802050802020,20201206,4,33
5104,4,B,1,802040802020,20201206,4,34
5105,3,B,0,802040642020,20201206,4,35
5106,4,B,0,802032642020,20201206,4,36
5107,1,A,0,802050802020,20201206,4,37
5108,2,A,0,642050802020,20201206,4,38
5109,1,A,1,641650802020,20201206,4,39
5110,4,B,1,802050802020,20201206,4,40
5111,3,B,0,802050642020,20201206,4,41
5112,4,B,1,802040642020,20201206,4,42
5113,5,C,0,802050802020,20201206,4,43
5114,6,C,1,802050801620,20201206,4,44
5115,5,C,0,802050801616,20201206,4,45
5116,6,C,0,802050801216,20201206,4,46
5117,4,B,1,802050802020,20201206,4,47
5118,3,B,1,802050642020,20201206,4,48
5119,4,B,1,802040642020,20201206,4,49
5120,3,B,1,802040512020,20201206,4,50
5121,4,B,1,802032512020,20201206,4,51
5122,3,B,1,802032402020,20201206,4,52
5123,4,B,1,802025402020,20201206,4,53
5124,3,B,0,802025322020,20201206,4,54
5125,4,B,0,802020322020,20201206,4,55
5126,1,A,1,802050802020,20201206,4,56
5127,4,B,0,802050802020,20201206,4,57
5128,3,B,0,802050642020,20201206,4,58
5129,4,B,1,802040642020,20201206,4,59
5130,5,C,0,802050802020,20201206,4,60
5131,6,C,0,802050801620,20201206,4,61
5132,5,C,0,802050801616,20201206,4,62
5133,6,C,0,802050801216,20201206,4,63
5134,1,A,1,802050802020,20201206,4,64
5135,2,A,0,642050802020,20201206,4,65
5136,1,A,0,641650802020,20201206,4,66
5137,4,B,1,802050802020,20201206,4,67
5138,3,B,0,802050642020,20201206,4,68
5139,4,B,1,802040642020,20201206,4,69
5140,3,B,1,802040512020,20201206,4,70
5141,4,B,0,802032512020,20201206,4,71
5142,3,B,1,802032402020,20201206,4,72
5143,4,B,0,802025402020,20201206,4,73
5144,3,B,0,802025322020,20201206,4,74
5145,1,A,1,802050802020,20201206,4,75
5146,4,B,0,802050802020,20201206,4,76
5147,3,B,0,802050642020,20201206,4,77
5148,4,B,1,802040642020,20201206,4,78
5149,3,B,0,802040512020,20201206,4,79
5150,4,B,1,802032512020,20201206,4,80
5151,3,B,0,802032402020,20201206,4,81
5152,4,B,0,802025402020,20201206,4,82
5153,1,A,1,802050802020,20201206,4,83
5154,2,A,0,642050802020,20201206,4,84
5155,1,A,1,641650802020,20201206,4,85
5156,4,B,1,802050802020,20201206,4,86
5157,3,B,0,802050642020,20201206,4,87
5158,4,B,1,802040642020,20201206,4,88
5159,3,B,0,802040512020,20201206,4,89
5160,4,B,1,802032512020,20201206,4,90
5161,1,A,1,802050802020,20201206,4,91
5162,4,B,1,802050802020,20201206,4,92
5163,3,B,1,802050642020,20201206,4,93
5164,4,B,0,802040642020,20201206,4,94
5165,3,B,1,802040512020,20201206,4,95
5166,4,B,0,802032512020,20201206,4,96
5167,3,B,0,802032402020,20201206,4,97
5168,1,A,1,802050802020,20201206,4,98
5169,4,B,1,802050802020,20201206,4,99
5170,3,B,1,802050642020,20201206,4,100
5171,4,B,1,802040642020,20201206,4,101
5172,3,B,0,802040512020,20201206,4,102
5173,4,B,1,802032512020,20201206,4,103
5174,1,A,1,802050802020,20201206,4,104
5175,4,B,1,802050802020,20201206,4,105
5176,3,B,1,802050642020,20201206,4,106
5177,4,B,1,802040642020,20201206,4,107
5178,3,B,1,802040512020,20201206,4,108
5179,4,B,1,802032512020,20201206,4,109
5180,3,B,0,802032402020,20201206,4,110
5181,4,B,1,802025402020,20201206,4,111
5182,1,A,1,802050802020,20201206,4,112
5183,4,B,1,802050802020,20201206,4,113
5184,3,B,1,802050642020,20201206,4,114
5185,4,B,1,802040642020,20201206,4,115
5186,3,B,1,802040512020,20201206,4,116
5187,4,B,0,802032512020,20201206,4,117
5188,3,B,0,802032402020,20201206,4,118
5189,4,B,1,802025402020,20201206,4,119
5190,3,B,1,802025322020,20201206,4,120
5191,4,B,0,802020322020,20201206,4,121
5192,3,B,1,802020262020,20201206,4,122
5193,4,B,0,802016262020,20201206,4,123
5194,3,B,1,802016202020,20201206,4,124
5195,4,B,1,802013202020,20201206,4,125
5196,3,B,1,802013162020,20201206,4,126
5197,4,B,0,802010162020,20201206,4,127
5198,3,B,0,802010132020,20201206,4,128
5199,4,B,0,802008132020,20201206,4,129
5200,1,A,1,802050802020,20201206,4,130
5201,4,B,1,802050802020,20201206,4,131
5202,3,B,0,802050642020,20201206,4,132
5203,4,B,1,802040642020,20201206,4,133
5204,3,B,0,802040512020,20201206,4,134
5205,4,B,1,802032512020,20201206,4,135
5206,3,B,0,802032402020,20201206,4,136
5207,4,B,0,802025402020,20201206,4,137
5208,1,A,1,802050802020,20201206,4,138
5209,4,B,1,802050802020,20201206,4,139
5210,3,B,0,802050642020,20201206,4,140
5211,4,B,1,802040642020,20201206,4,141
5212,3,B,1,802040512020,20201206,4,142
5213,4,B,1,802032512020,20201206,4,143
5214,3,B,0,802032402020,20201206,4,144
5215,4,B,0,802025402020,20201206,4,145
5216,3,B,0,802025322020,20201206,4,146
5217,4,B,1,802020322020,20201206,4,147
5218,1,A,1,802050802020,20201206,4,148
5219,4,B,1,802050802020,20201206,4,149
5220,3,B,0,802050642020,20201206,4,150
5221,4,B,1,802040642020,20201206,4,151
5222,3,B,1,802040512020,20201206,4,152
5223,4,B,0,802032512020,20201206,4,153
5224,3,B,0,802032402020,20201206,4,154
5225,4,B,1,802025402020,20201206,4,155
5226,3,B,1,802025322020,20201206,4,156
5227,4,B,1,802020322020,20201206,4,157
5228,3,B,1,802020262020,20201206,4,158
5229,4,B,1,802016262020,20201206,4,159
5230,3,B,1,802016202020,20201206,4,160
5231,4,B,0,802013202020,20201206,4,161
5232,3,B,0,802013162020,20201206,4,162
5233,4,B,0,802010162020,20201206,4,163
5234,1,A,1,802050802020,20201206,4,164
5235,2,A,1,642050802020,20201206,4,165
5236,1,A,1,641650802020,20201206,4,166
5237,2,A,0,511650802020,20201206,4,167
5238,1,A,1,511250802020,20201206,4,168
5239,4,B,1,802050802020,20201206,4,169
5240,3,B,1,802050642020,20201206,4,170
5241,4,B,1,802040642020,20201206,4,171
5242,3,B,1,802040512020,20201206,4,172
5243,4,B,1,802032512020,20201206,4,173
5244,3,B,0,802032402020,20201206,4,174
5245,4,B,0,802025402020,20201206,4,175
5246,1,A,1,802050802020,20201206,4,176
5247,4,B,0,802050802020,20201206,4,177
5248,3,B,0,802050642020,20201206,4,178
5249,4,B,0,802040642020,20201206,4,179
5250,3,B,0,802040512020,20201206,4,180
5251,4,B,1,802032512020,20201206,4,181
5252,1,A,1,802050802020,20201206,4,182
5253,4,B,1,802050802020,20201206,4,183
5254,3,B,1,802050642020,20201206,4,184
5255,4,B,1,802040642020,20201206,4,185
5256,3,B,1,802040512020,20201206,4,186
5257,4,B,0,802032512020,20201206,4,187
5258,3,B,0,802032402020,20201206,4,188
5259,4,B,0,802025402020,20201206,4,189
5260,1,A,1,802050802020,20201206,4,190
5261,4,B,1,802050802020,20201206,4,191
5262,3,B,1,802050642020,20201206,4,192
5263,4,B,1,802040642020,20201206,4,193
5264,3,B,1,802040512020,20201206,4,194
5265,4,B,1,802032512020,20201206,4,195
5266,3,B,0,802032402020,20201206,4,196
5267,4,B,0,802025402020,20201206,4,197
5268,1,A,1,802050802020,20201206,4,198
5269,4,B,1,802050802020,20201206,4,199
5270,3,B,0,802050642020,20201206,4,200
5271,4,B,1,802040642020,20201206,4,201
5272,1,A,1,802050802020,20201206,4,202
5273,4,B,1,802050802020,20201206,4,203
5274,3,B,1,802050642020,20201206,4,204
5275,4,B,1,802040642020,20201206,4,205
5276,3,B,0,802040512020,20201206,4,206
5277,4,B,0,802032512020,20201206,4,207
5278,1,A,1,802050802020,20201206,4,208
5279,2,A,0,642050802020,20201206,4,209
5280,1,A,1,641650802020,20201206,4,210
5281,4,B,1,802050802020,20201206,4,211
5282,3,B,0,802050642020,20201206,4,212
5283,4,B,1,802040642020,20201206,4,213
5284,3,B,0,802040512020,20201206,4,214
5285,4,B,1,802032512020,20201206,4,215
5286,1,A,1,802050802020,20201206,4,216
5287,4,B,1,802050802020,20201206,4,217
5288,3,B,1,802050642020,20201206,4,218
5289,4,B,1,802040642020,20201206,4,219
5290,3,B,1,802040512020,20201206,4,220
5291,4,B,1,802032512020,20201206,4,221
5292,3,B,0,802032402020,20201206,4,222
5293,4,B,0,802025402020,20201206,4,223
5294,1,A,1,802050802020,20201206,4,224
5295,4,B,1,802050802020,20201206,4,225
5296,3,B,0,802050642020,20201206,4,226
5297,4,B,1,802040642020,20201206,4,227
5298,3,B,0,802040512020,20201206,4,228
5299,4,B,1,802032512020,20201206,4,229
5300,1,A,0,802050802020,20201206,4,230
5301,4,B,1,802050802020,20201206,4,231
5302,3,B,0,802050642020,20201206,4,232
5303,4,B,1,802040642020,20201206,4,233
5304,3,B,1,802040512020,20201206,4,234
5305,4,B,1,802032512020,20201206,4,235
5306,3,B,0,802032402020,20201206,4,236
5307,4,B,1,802025402020,20201206,4,237
5308,1,A,1,802050802020,20201206,4,238
5309,4,B,1,802050802020,20201206,4,239
5310,3,B,1,802050642020,20201206,4,240
5311,4,B,1,802040642020,20201206,4,241
5312,3,B,0,802040512020,20201206,4,242
5313,4,B,0,802032512020,20201206,4,243
5314,1,A,1,802050802020,20201206,4,244
5315,4,B,1,802050802020,20201206,4,245
5316,3,B,0,802050642020,20201206,4,246
5317,4,B,1,802040642020,20201206,4,247
5318,3,B,1,802040512020,20201206,4,248
5319,4,B,1,802032512020,20201206,4,249
5320,3,B,1,802032402020,20201206,4,250
5321,4,B,0,802025402020,20201206,4,251
5322,3,B,0,802025322020,20201206,4,252
5323,4,B,0,802020322020,20201206,4,253
5324,1,A,1,802050802020,20201206,4,254
5325,4,B,1,802050802020,20201206,4,255
5326,3,B,1,802050642020,20201206,4,256
5327,4,B,0,802040642020,20201206,4,257
5328,3,B,0,802040512020,20201206,4,258
5329,4,B,1,802032512020,20201206,4,259
5330,3,B,0,802032402020,20201206,4,260
5331,4,B,0,802025402020,20201206,4,261
5332,1,A,0,802050802020,20201206,4,262
5333,4,B,1,802050802020,20201206,4,263
5334,3,B,1,802050642020,20201206,4,264
5335,4,B,1,802040642020,20201206,4,265
5336,3,B,1,802040512020,20201206,4,266
5337,4,B,1,802032512020,20201206,4,267
5338,3,B,0,802032402020,20201206,4,268
5339,4,B,0,802025402020,20201206,4,269
5340,1,A,1,802050802020,20201206,4,270
5341,4,B,1,802050802020,20201206,4,271
5342,3,B,0,802050642020,20201206,4,272
5343,4,B,1,802040642020,20201206,4,273
5344,3,B,0,802040512020,20201206,4,274
5345,4,B,1,802032512020,20201206,4,275
5346,1,A,0,802050802020,20201206,4,276
5347,4,B,0,802050802020,20201206,4,277
5348,3,B,1,802050642020,20201206,4,278
5349,4,B,0,802040642020,20201206,4,279
5350,3,B,0,802040512020,20201206,4,280
5351,4,B,1,802032512020,20201206,4,281
5352,1,A,1,802050802020,20201206,4,282
5353,4,B,1,802050802020,20201206,4,283
5354,3,B,0,802050642020,20201206,4,284
5355,4,B,1,802040642020,20201206,4,285
5356,3,B,1,802040512020,20201206,4,286
5357,4,B,1,802032512020,20201206,4,287
5358,3,B,1,802032402020,20201206,4,288
5359,4,B,1,802025402020,20201206,4,289
5360,3,B,1,802025322020,20201206,4,290
5361,4,B,0,802020322020,20201206,4,291
5362,3,B,0,802020262020,20201206,4,292
5363,4,B,0,802016262020,20201206,4,293
5364,1,A,1,802050802020,20201206,4,294
5365,4,B,1,802050802020,20201206,4,295
5366,6,C,0,202080208050,20201206,5,0
5367,5,C,0,202080208040,20201206,5,1
5368,1,A,0,202080208050,20201206,5,2
5369,2,A,0,162080208050,20201206,5,3
5370,1,A,0,161680208050,20201206,5,4
5371,4,B,0,202080208050,20201206,5,5
5372,3,B,1,202080168050,20201206,5,6
5373,4,B,0,202064168050,20201206,5,7
5374,2,A,0,202080208050,20201206,5,8
5375,1,A,1,201680208050,20201206,5,9
5376,5,C,1,202080208050,20201206,5,10
5377,6,C,1,202080206450,20201206,5,11
5378,5,C,0,202080206440,20201206,5,12
5379,4,B,0,202080208050,20201206,5,13
5380,3,B,0,202080168050,20201206,5,14
5381,4,B,1,202064168050,20201206,5,15
5382,1,A,0,202080208050,20201206,5,16
5383,2,A,1,162080208050,20201206,5,17
5384,1,A,0,161680208050,20201206,5,18
5385,5,C,1,202080208050,20201206,5,19
5386,6,C,0,202080206450,20201206,5,20
5387,5,C,1,202080206440,20201206,5,21
5388,4,B,0,202080208050,20201206,5,22
5389,3,B,1,202080168050,20201206,5,23
5390,4,B,0,202064168050,20201206,5,24
5391,1,A,1,202080208050,20201206,5,25
5392,2,A,0,162080208050,20201206,5,26
5393,1,A,0,161680208050,20201206,5,27
5394,5,C,1,202080208050,20201206,5,28
5395,6,C,0,202080206450,20201206,5,29
5396,5,C,1,202080206440,20201206,5,30
5397,6,C,1,202080205140,20201206,5,31
5398,5,C,1,202080205132,20201206,5,32
5399,6,C,0,202080204032,20201206,5,33
5400,5,C,0,202080204025,20201206,5,34
5401,1,A,0,202080208050,20201206,5,35
5402,4,B,0,202080208050,20201206,5,36
5403,3,B,0,202080168050,20201206,5,37
5404,4,B,0,202064168050,20201206,5,38
5405,6,C,0,202080208050,20201206,5,39
5406,5,C,1,202080208040,20201206,5,40
5407,6,C,1,202080206440,20201206,5,41
5408,5,C,1,202080206432,20201206,5,42
5409,6,C,0,202080205132,20201206,5,43
5410,5,C,0,202080205125,20201206,5,44
5411,1,A,0,202080208050,20201206,5,45
5412,4,B,0,202080208050,20201206,5,46
5413,3,B,0,202080168050,20201206,5,47
5414,4,B,0,202064168050,20201206,5,48
5415,6,C,1,202080208050,20201206,5,49
5416,5,C,1,202080208040,20201206,5,50
5417,6,C,1,202080206440,20201206,5,51
5418,5,C,0,202080206432,20201206,5,52
5419,6,C,0,202080205132,20201206,5,53
5420,4,B,1,202080208050,20201206,5,54
5421,3,B,0,202080168050,20201206,5,55
5422,4,B,0,202064168050,20201206,5,56
5423,6,C,0,202080208050,20201206,5,57
5424,5,C,1,202080208040,20201206,5,58
5425,6,C,0,202080206440,20201206,5,59
5426,5,C,1,202080206432,20201206,5,60
5427,6,C,0,202080205132,20201206,5,61
5428,5,C,0,202080205125,20201206,5,62
5429,1,A,0,202080208050,20201206,5,63
5430,4,B,0,202080208050,20201206,5,64
5431,3,B,1,202080168050,20201206,5,65
5432,4,B,0,202064168050,20201206,5,66
5433,6,C,1,202080208050,20201206,5,67
5434,5,C,1,202080208040,20201206,5,68
5435,6,C,0,202080206440,20201206,5,69
5436,5,C,0,202080206432,20201206,5,70
5437,4,B,0,202080208050,20201206,5,71
5438,3,B,1,202080168050,20201206,5,72
5439,4,B,0,202064168050,20201206,5,73
5440,3,B,1,202064128050,20201206,5,74
5441,5,C,1,202080208050,20201206,5,75
5442,6,C,1,202080206450,20201206,5,76
5443,5,C,0,202080206440,20201206,5,77
5444,6,C,0,202080205140,20201206,5,78
5445,1,A,0,202080208050,20201206,5,79
5446,4,B,0,202080208050,20201206,5,80
5447,3,B,1,202080168050,20201206,5,81
5448,4,B,0,202064168050,20201206,5,82
5449,3,B,1,202064128050,20201206,5,83
5450,4,B,0,202051128050,20201206,5,84
5451,3,B,0,202051108050,20201206,5,85
5452,6,C,1,202080208050,20201206,5,86
5453,5,C,1,202080208040,20201206,5,87
5454,6,C,1,202080206440,20201206,5,88
5455,5,C,1,202080206432,20201206,5,89
5456,6,C,0,202080205132,20201206,5,90
5457,5,C,0,202080205125,20201206,5,91
5458,4,B,0,202080208050,20201206,5,92
5459,3,B,1,202080168050,20201206,5,93
5460,4,B,0,202064168050,20201206,5,94
5461,3,B,0,202064128050,20201206,5,95
5462,4,B,0,202051128050,20201206,5,96
5463,3,B,1,202051108050,20201206,5,97
5464,6,C,0,202080208050,20201206,5,98
5465,5,C,1,202080208040,20201206,5,99
5466,6,C,1,202080206440,20201206,5,100
5467,5,C,1,202080206432,20201206,5,101
5468,6,C,0,202080205132,20201206,5,102
5469,5,C,0,202080205125,20201206,5,103
5470,4,B,1,202080208050,20201206,5,104
5471,3,B,0,202080168050,20201206,5,105
5472,4,B,0,202064168050,20201206,5,106
5473,3,B,0,202064128050,20201206,5,107
5474,4,B,0,202051128050,20201206,5,108
5475,1,A,0,202080208050,20201206,5,109
5476,2,A,0,162080208050,20201206,5,110
5477,6,C,1,202080208050,20201206,5,111
5478,5,C,1,202080208040,20201206,5,112
5479,6,C,0,202080206440,20201206,5,113
5480,5,C,1,202080206432,20201206,5,114
5481,6,C,1,202080205132,20201206,5,115
5482,5,C,1,202080205125,20201206,5,116
5483,6,C,1,202080204025,20201206,5,117
5484,5,C,0,202080204020,20201206,5,118
5485,6,C,0,202080203220,20201206,5,119
5486,4,B,0,202080208050,20201206,5,120
5487,3,B,1,202080168050,20201206,5,121
5488,4,B,0,202064168050,20201206,5,122
5489,3,B,0,202064128050,20201206,5,123
5490,4,B,0,202051128050,20201206,5,124
5491,6,C,1,202080208050,20201206,5,125
5492,5,C,1,202080208040,20201206,5,126
5493,6,C,0,202080206440,20201206,5,127
5494,5,C,1,202080206432,20201206,5,128
5495,6,C,0,202080205132,20201206,5,129
5496,5,C,0,202080205125,20201206,5,130
5497,1,A,0,202080208050,20201206,5,131
5498,4,B,0,202080208050,20201206,5,132
5499,3,B,1,202080168050,20201206,5,133
5500,4,B,1,202064168050,20201206,5,134
5501,3,B,1,202064128050,20201206,5,135
5502,4,B,0,202051128050,20201206,5,136
5503,3,B,1,202051108050,20201206,5,137
5504,4,B,0,202040108050,20201206,5,138
5505,3,B,1,202040088050,20201206,5,139
5506,4,B,0,202032088050,20201206,5,140
5507,3,B,1,202032068050,20201206,5,141
5508,4,B,0,202026068050,20201206,5,142
5509,3,B,0,202026058050,20201206,5,143
5510,5,C,1,202080208050,20201206,5,144
5511,6,C,1,202080206450,20201206,5,145
5512,5,C,1,202080206440,20201206,5,146
5513,6,C,0,202080205140,20201206,5,147
5514,5,C,0,202080205132,20201206,5,148
5515,6,C,0,202080204032,20201206,5,149
5516,5,C,1,202080204025,20201206,5,150
5517,4,B,1,202080208050,20201206,5,151
5518,3,B,1,202080168050,20201206,5,152
5519,4,B,0,202064168050,20201206,5,153
5520,3,B,0,202064128050,20201206,5,154
5521,4,B,0,202051128050,20201206,5,155
5522,3,B,0,202051108050,20201206,5,156
5523,6,C,0,202080208050,20201206,5,157
5524,5,C,1,202080208040,20201206,5,158
5525,6,C,0,202080206440,20201206,5,159
5526,5,C,1,202080206432,20201206,5,160
5527,6,C,0,202080205132,20201206,5,161
5528,5,C,1,202080205125,20201206,5,162
5529,6,C,0,202080204025,20201206,5,163
5530,5,C,0,202080204020,20201206,5,164
5531,4,B,0,202080208050,20201206,5,165
5532,3,B,1,202080168050,20201206,5,166
5533,4,B,0,202064168050,20201206,5,167
5534,3,B,1,202064128050,20201206,5,168
5535,4,B,0,202051128050,20201206,5,169
5536,3,B,0,202051108050,20201206,5,170
5537,6,C,1,202080208050,20201206,5,171
5538,5,C,1,202080208040,20201206,5,172
5539,6,C,0,202080206440,20201206,5,173
5540,5,C,1,202080206432,20201206,5,174
5541,6,C,0,202080205132,20201206,5,175
5542,5,C,0,202080205125,20201206,5,176
5543,4,B,1,202080208050,20201206,5,177
5544,3,B,1,202080168050,20201206,5,178
5545,4,B,0,202064168050,20201206,5,179
5546,3,B,0,202064128050,20201206,5,180
5547,4,B,0,202051128050,20201206,5,181
5548,1,A,0,202080208050,20201206,5,182
5549,5,C,0,202080208050,20201206,5,183
5550,6,C,1,202080206450,20201206,5,184
5551,5,C,0,202080206440,20201206,5,185
5552,6,C,0,202080205140,20201206,5,186
5553,5,C,1,202080205132,20201206,5,187
5554,6,C,1,202080204032,20201206,5,188
5555,5,C,0,202080204025,20201206,5,189
5556,6,C,1,202080203225,20201206,5,190
5557,5,C,1,202080203220,20201206,5,191
5558,6,C,1,202080202620,20201206,5,192
5559,5,C,0,202080202616,20201206,5,193
5560,6,C,1,202080202016,20201206,5,194
5561,5,C,0,202080202013,20201206,5,195
5562,6,C,0,202080201613,20201206,5,196
5563,4,B,0,202080208050,20201206,5,197
5564,3,B,1,202080168050,20201206,5,198
5565,4,B,0,202064168050,20201206,5,199
5566,3,B,1,202064128050,20201206,5,200
5567,4,B,0,202051128050,20201206,5,201
5568,3,B,1,202051108050,20201206,5,202
5569,4,B,0,202040108050,20201206,5,203
5570,3,B,0,202040088050,20201206,5,204
5571,4,B,0,202032088050,20201206,5,205
5572,3,B,0,202032068050,20201206,5,206
5573,5,C,0,202080208050,20201206,5,207
5574,6,C,1,202080206450,20201206,5,208
5575,5,C,1,202080206440,20201206,5,209
5576,6,C,0,202080205140,20201206,5,210
5577,5,C,0,202080205132,20201206,5,211
5578,4,B,0,202080208050,20201206,5,212
5579,3,B,0,202080168050,20201206,5,213
5580,4,B,1,202064168050,20201206,5,214
5581,3,B,1,202064128050,20201206,5,215
5582,4,B,0,202051128050,20201206,5,216
5583,3,B,0,202051108050,20201206,5,217
5584,6,C,1,202080208050,20201206,5,218
5585,5,C,1,202080208040,20201206,5,219
5586,6,C,1,202080206440,20201206,5,220
5587,5,C,0,202080206432,20201206,5,221
5588,6,C,0,202080205132,20201206,5,222
5589,4,B,1,202080208050,20201206,5,223
5590,3,B,1,202080168050,20201206,5,224
5591,4,B,0,202064168050,20201206,5,225
5592,3,B,1,202064128050,20201206,5,226
5593,4,B,0,202051128050,20201206,5,227
5594,3,B,0,202051108050,20201206,5,228
5595,6,C,1,202080208050,20201206,5,229
5596,5,C,1,202080208040,20201206,5,230
5597,6,C,0,202080206440,20201206,5,231
5598,5,C,0,202080206432,20201206,5,232
5599,4,B,0,202080208050,20201206,5,233
5600,3,B,0,202080168050,20201206,5,234
5601,4,B,1,202064168050,20201206,5,235
5602,3,B,0,202064128050,20201206,5,236
5603,4,B,0,202051128050,20201206,5,237
5604,3,B,0,202051108050,20201206,5,238
5605,6,C,0,202080208050,20201206,5,239
5606,5,C,1,202080208040,20201206,5,240
5607,6,C,0,202080206440,20201206,5,241
5608,5,C,1,202080206432,20201206,5,242
5609,4,B,0,202080208050,20201206,5,243
5610,3,B,1,202080168050,20201206,5,244
5611,4,B,0,202064168050,20201206,5,245
5612,3,B,1,202064128050,20201206,5,246
5613,4,B,0,202051128050,20201206,5,247
5614,3,B,0,202051108050,20201206,5,248
5615,6,C,1,202080208050,20201206,5,249
5616,5,C,1,202080208040,20201206,5,250
5617,6,C,0,202080206440,20201206,5,251
5618,5,C,1,202080206432,20201206,5,252
5619,6,C,1,202080205132,20201206,5,253
5620,5,C,0,202080205125,20201206,5,254
5621,6,C,0,202080204025,20201206,5,255
5622,5,C,0,202080204020,20201206,5,256
5623,4,B,0,202080208050,20201206,5,257
5624,3,B,1,202080168050,20201206,5,258
5625,4,B,0,202064168050,20201206,5,259
5626,3,B,1,202064128050,20201206,5,260
5627,6,C,1,202080208050,20201206,5,261
5628,5,C,1,202080208040,20201206,5,262
5629,6,C,0,202080206440,20201206,5,263
5630,5,C,0,202080206432,20201206,5,264
5631,6,C,0,202080205132,20201206,5,265
5632,4,B,0,202080208050,20201206,5,266
5633,3,B,0,202080168050,20201206,5,267
5634,4,B,0,202064168050,20201206,5,268
5635,3,B,1,202064128050,20201206,5,269
5636,6,C,1,202080208050,20201206,5,270
5637,5,C,0,202080208040,20201206,5,271
5638,6,C,0,202080206440,20201206,5,272
5639,4,B,0,202080208050,20201206,5,273
5640,3,B,1,202080168050,20201206,5,274
5641,4,B,0,202064168050,20201206,5,275
5642,3,B,1,202064128050,20201206,5,276
5643,4,B,1,202051128050,20201206,5,277
5644,3,B,0,202051108050,20201206,5,278
5645,4,B,0,202040108050,20201206,5,279
5646,3,B,0,202040088050,20201206,5,280
5647,6,C,1,202080208050,20201206,5,281
5648,5,C,1,202080208040,20201206,5,282
5649,6,C,0,202080206440,20201206,5,283
5650,5,C,1,202080206432,20201206,5,284
5651,6,C,0,202080205132,20201206,5,285
5652,5,C,1,202080205125,20201206,5,286
5653,6,C,1,202080204025,20201206,5,287
5654,5,C,0,202080204020,20201206,5,288
5655,6,C,0,202080203220,20201206,5,289
5656,4,B,0,202080208050,20201206,5,290
5657,3,B,1,202080168050,20201206,5,291
5658,4,B,1,202064168050,20201206,5,292
5659,3,B,1,202064128050,20201206,5,293
5660,4,B,0,202051128050,20201206,5,294
5661,3,B,1,202051108050,20201206,5,295
5662,4,B,0,202040108050,20201206,5,296
5663,3,B,1,202040088050,20201206,5,297
5664,4,B,0,202032088050,20201206,5,298
5665,3,B,1,202032068050,20201206,5,299
5666,4,B,0,508020208020,20201207,1,0
5667,3,B,0,508020168020,20201207,1,1
5668,1,A,0,508020208020,20201207,1,2
5669,2,A,1,408020208020,20201207,1,3
5670,1,A,0,406420208020,20201207,1,4
5671,2,A,1,326420208020,20201207,1,5
5672,6,C,0,508020208020,20201207,1,6
5673,5,C,1,508020208016,20201207,1,7
5674,6,C,1,508020206416,20201207,1,8
5675,5,C,1,508020206412,20201207,1,9
5676,6,C,0,508020205112,20201207,1,10
5677,5,C,0,508020205110,20201207,1,11
5678,1,A,0,508020208020,20201207,1,12
5679,2,A,1,408020208020,20201207,1,13
5680,4,B,0,508020208020,20201207,1,14
5681,3,B,0,508020168020,20201207,1,15
5682,4,B,0,508016168020,20201207,1,16
5683,2,A,0,508020208020,20201207,1,17
5684,1,A,0,506420208020,20201207,1,18
5685,2,A,1,406420208020,20201207,1,19
5686,6,C,0,508020208020,20201207,1,20
5687,5,C,1,508020208016,20201207,1,21
5688,6,C,1,508020206416,20201207,1,22
5689,5,C,0,508020206412,20201207,1,23
5690,6,C,0,508020205112,20201207,1,24
5691,4,B,1,508020208020,20201207,1,25
5692,3,B,0,508020168020,20201207,1,26
5693,4,B,0,508016168020,20201207,1,27
5694,2,A,1,508020208020,20201207,1,28
5695,1,A,0,506420208020,20201207,1,29
5696,2,A,1,406420208020,20201207,1,30
5697,6,C,1,508020208020,20201207,1,31
5698,5,C,1,508020208016,20201207,1,32
5699,6,C,0,508020206416,20201207,1,33
5700,5,C,0,508020206412,20201207,1,34
5701,2,A,1,508020208020,20201207,1,35
5702,1,A,1,506420208020,20201207,1,36
5703,2,A,1,406420208020,20201207,1,37
5704,1,A,0,405120208020,20201207,1,38
5705,2,A,0,325120208020,20201207,1,39
5706,6,C,1,508020208020,20201207,1,40
5707,5,C,1,508020208016,20201207,1,41
5708,6,C,1,508020206416,20201207,1,42
5709,5,C,1,508020206412,20201207,1,43
5710,6,C,0,508020205112,20201207,1,44
5711,5,C,1,508020205110,20201207,1,45
5712,2,A,1,508020208020,20201207,1,46
5713,1,A,0,506420208020,20201207,1,47
5714,2,A,0,406420208020,20201207,1,48
5715,6,C,0,508020208020,20201207,1,49
5716,5,C,1,508020208016,20201207,1,50
5717,6,C,0,508020206416,20201207,1,51
5718,5,C,1,508020206412,20201207,1,52
5719,2,A,0,508020208020,20201207,1,53
5720,1,A,0,506420208020,20201207,1,54
5721,2,A,1,406420208020,20201207,1,55
5722,4,B,0,508020208020,20201207,1,56
5723,3,B,0,508020168020,20201207,1,57
5724,4,B,0,508016168020,20201207,1,58
5725,2,A,1,508020208020,20201207,1,59
5726,1,A,1,506420208020,20201207,1,60
5727,2,A,1,406420208020,20201207,1,61
5728,1,A,1,405120208020,20201207,1,62
5729,2,A,1,325120208020,20201207,1,63
5730,1,A,0,324020208020,20201207,1,64
5731,2,A,0,254020208020,20201207,1,65
5732,6,C,1,508020208020,20201207,1,66
5733,5,C,1,508020208016,20201207,1,67
5734,6,C,0,508020206416,20201207,1,68
5735,5,C,0,508020206412,20201207,1,69
5736,2,A,1,508020208020,20201207,1,70
5737,1,A,1,506420208020,20201207,1,71
5738,2,A,0,406420208020,20201207,1,72
5739,1,A,0,405120208020,20201207,1,73
5740,5,C,1,508020208020,20201207,1,74
5741,6,C,1,508020206420,20201207,1,75
5742,5,C,1,508020206416,20201207,1,76
5743,6,C,0,508020205116,20201207,1,77
5744,5,C,1,508020205112,20201207,1,78
5745,2,A,1,508020208020,20201207,1,79
5746,1,A,1,506420208020,20201207,1,80
5747,2,A,1,406420208020,20201207,1,81
5748,1,A,0,405120208020,20201207,1,82
5749,2,A,1,325120208020,20201207,1,83
5750,6,C,1,508020208020,20201207,1,84
5751,5,C,1,508020208016,20201207,1,85
5752,6,C,0,508020206416,20201207,1,86
5753,5,C,1,508020206412,20201207,1,87
5754,2,A,1,508020208020,20201207,1,88
5755,1,A,1,506420208020,20201207,1,89
5756,2,A,0,406420208020,20201207,1,90
5757,1,A,1,405120208020,20201207,1,91
5758,6,C,0,508020208020,20201207,1,92
5759,5,C,1,508020208016,20201207,1,93
5760,6,C,0,508020206416,20201207,1,94
5761,5,C,1,508020206412,20201207,1,95
5762,2,A,1,508020208020,20201207,1,96
5763,1,A,0,506420208020,20201207,1,97
5764,1,A,1,406420208020,20201207,1,98
5765,1,A,0,405120208020,20201207,1,99
5766,2,A,1,325120208020,20201207,1,100
5767,1,A,0,324020208020,20201207,1,101
5768,2,A,1,254020208020,20201207,1,102
5769,1,A,0,253220208020,20201207,1,103
5770,2,A,0,203220208020,20201207,1,104
5771,3,B,1,508020208020,20201207,1,105
5772,2,A,1,508020208020,20201207,1,106
5773,1,A,1,506420208020,20201207,1,107
5774,2,A,1,406420208020,20201207,1,108
5775,1,A,0,405120208020,20201207,1,109
5776,2,A,0,325120208020,20201207,1,110
5777,3,B,0,508020208020,20201207,1,111
5778,1,A,0,508020208020,20201207,1,112
5779,2,A,1,408020208020,20201207,1,113
5780,1,A,1,406420208020,20201207,1,114
5781,2,A,1,326420208020,20201207,1,115
5782,1,A,1,325120208020,20201207,1,116
5783,2,A,0,255120208020,20201207,1,117
5784,1,A,0,254020208020,20201207,1,118
5785,2,A,0,204020208020,20201207,1,119
5786,1,A,0,203220208020,20201207,1,120
5787,2,A,1,163220208020,20201207,1,121
5788,3,B,0,508020208020,20201207,1,122
5789,2,A,1,508020208020,20201207,1,123
5790,1,A,1,506420208020,20201207,1,124
5791,2,A,0,406420208020,20201207,1,125
5792,1,A,0,405120208020,20201207,1,126
5793,2,A,0,325120208020,20201207,1,127
5794,1,A,0,324020208020,20201207,1,128
5795,2,A,1,254020208020,20201207,1,129
5796,1,A,0,253220208020,20201207,1,130
5797,2,A,0,203220208020,20201207,1,131
5798,1,A,0,202620208020,20201207,1,132
5799,3,B,0,508020208020,20201207,1,133
5800,2,A,1,508020208020,20201207,1,134
5801,1,A,0,506420208020,20201207,1,135
5802,2,A,0,406420208020,20201207,1,136
5803,1,A,0,405120208020,20201207,1,137
5804,2,A,1,325120208020,20201207,1,138
5805,1,A,0,324020208020,20201207,1,139
5806,2,A,0,254020208020,20201207,1,140
5807,3,B,0,508020208020,20201207,1,141
5808,2,A,1,508020208020,20201207,1,142
5809,1,A,0,506420208020,20201207,1,143
5810,2,A,1,406420208020,20201207,1,144
5811,1,A,0,405120208020,20201207,1,145
5812,2,A,0,325120208020,20201207,1,146
5813,1,A,0,324020208020,20201207,1,147
5814,2,A,0,254020208020,20201207,1,148
5815,3,B,0,508020208020,20201207,1,149
5816,2,A,1,508020208020,20201207,1,150
5817,1,A,0,202080502080,20201207,2,0
5818,2,A,0,162080502080,20201207,2,1
5819,1,A,1,161680502080,20201207,2,2
5820,2,A,0,121680502080,20201207,2,3
5821,1,A,0,121280502080,20201207,2,4
5822,5,C,0,202080502080,20201207,2,5
5823,6,C,1,202080501680,20201207,2,6
5824,5,C,1,202080501664,20201207,2,7
5825,6,C,0,202080501264,20201207,2,8
5826,5,C,1,202080501251,20201207,2,9
5827,1,A,1,202080502080,20201207,2,10
5828,2,A,0,162080502080,20201207,2,11
5829,1,A,0,161680502080,20201207,2,12
5830,2,A,0,121680502080,20201207,2,13
5831,4,B,0,202080502080,20201207,2,14
5832,3,B,1,202080402080,20201207,2,15
5833,4,B,0,202064402080,20201207,2,16
5834,1,A,0,202080502080,20201207,2,17
5835,2,A,0,162080502080,20201207,2,18
5836,1,A,0,161680502080,20201207,2,19
5837,6,C,1,202080502080,20201207,2,20
5838,5,C,0,202080502064,20201207,2,21
5839,6,C,0,202080501664,20201207,2,22
5840,5,C,0,202080501651,20201207,2,23
5841,6,C,1,202080501251,20201207,2,24
5842,5,C,0,202080501240,20201207,2,25
5843,6,C,0,202080501040,20201207,2,26
5844,2,A,0,202080502080,20201207,2,27
5845,1,A,0,201680502080,20201207,2,28
5846,2,A,0,161680502080,20201207,2,29
5847,6,C,0,202080502080,20201207,2,30
5848,5,C,0,202080502064,20201207,2,31
5849,1,A,0,202080502080,20201207,2,32
5850,2,A,0,162080502080,20201207,2,33
5851,4,B,0,202080502080,20201207,2,34
5852,3,B,1,202080402080,20201207,2,35
5853,4,B,0,202064402080,20201207,2,36
5854,3,B,1,202064322080,20201207,2,37
5855,6,C,1,202080502080,20201207,2,38
5856,5,C,0,202080502064,20201207,2,39
5857,6,C,1,202080501664,20201207,2,40
5858,5,C,0,202080501651,20201207,2,41
5859,6,C,0,202080501251,20201207,2,42
5860,2,A,0,202080502080,20201207,2,43
5861,1,A,0,201680502080,20201207,2,44
5862,5,C,0,202080502080,20201207,2,45
5863,6,C,1,202080501680,20201207,2,46
5864,5,C,0,202080501664,20201207,2,47
5865,6,C,0,202080501264,20201207,2,48
5866,4,B,1,202080502080,20201207,2,49
5867,3,B,1,202080402080,20201207,2,50
5868,4,B,0,202064402080,20201207,2,51
5869,3,B,1,202064322080,20201207,2,52
5870,4,B,0,202051322080,20201207,2,53
5871,3,B,0,202051252080,20201207,2,54
5872,1,A,0,202080502080,20201207,2,55
5873,2,A,1,162080502080,20201207,2,56
5874,1,A,0,161680502080,20201207,2,57
5875,2,A,0,121680502080,20201207,2,58
5876,6,C,1,202080502080,20201207,2,59
5877,5,C,0,202080502064,20201207,2,60
5878,6,C,1,202080501664,20201207,2,61
5879,5,C,1,202080501651,20201207,2,62
5880,6,C,1,202080501251,20201207,2,63
5881,5,C,1,202080501240,20201207,2,64
5882,6,C,0,202080501040,20201207,2,65
5883,5,C,0,202080501032,20201207,2,66
5884,1,A,0,202080502080,20201207,2,67
5885,2,A,1,162080502080,20201207,2,68
5886,1,A,0,161680502080,20201207,2,69
5887,2,A,0,121680502080,20201207,2,70
5888,6,C,0,202080502080,20201207,2,71
5889,5,C,0,202080502064,20201207,2,72
5890,6,C,0,202080501664,20201207,2,73
5891,5,C,0,202080501651,20201207,2,74
5892,4,B,0,202080502080,20201207,2,75
5893,3,B,1,202080402080,20201207,2,76
5894,4,B,0,202064402080,20201207,2,77
5895,3,B,1,202064322080,20201207,2,78
5896,4,B,0,202051322080,20201207,2,79
5897,3,B,1,202051252080,20201207,2,80
5898,2,A,0,202080502080,20201207,2,81
5899,1,A,0,201680502080,20201207,2,82
5900,2,A,0,161680502080,20201207,2,83
5901,6,C,0,202080502080,20201207,2,84
5902,5,C,0,202080502064,20201207,2,85
5903,6,C,1,202080501664,20201207,2,86
5904,5,C,0,202080501651,20201207,2,87
5905,6,C,0,202080501251,20201207,2,88
5906,5,C,0,202080501240,20201207,2,89
5907,4,B,0,202080502080,20201207,2,90
5908,3,B,0,202080402080,20201207,2,91
5909,4,B,0,202064402080,20201207,2,92
5910,3,B,1,202064322080,20201207,2,93
5911,1,A,0,202080502080,20201207,2,94
5912,2,A,0,162080502080,20201207,2,95
5913,6,C,1,202080502080,20201207,2,96
5914,5,C,0,202080502064,20201207,2,97
5915,6,C,0,202080501664,20201207,2,98
5916,5,C,0,202080501651,20201207,2,99
5917,4,B,0,202080502080,20201207,2,100
5918,3,B,1,202080402080,20201207,2,101
5919,4,B,0,202064402080,20201207,2,102
5920,3,B,1,202064322080,20201207,2,103
5921,4,B,0,202051322080,20201207,2,104
5922,3,B,1,202051252080,20201207,2,105
5923,6,C,1,202080502080,20201207,2,106
5924,5,C,0,202080502064,20201207,2,107
5925,6,C,0,202080501664,20201207,2,108
5926,5,C,0,202080501651,20201207,2,109
5927,4,B,1,202080502080,20201207,2,110
5928,3,B,1,202080402080,20201207,2,111
5929,4,B,0,202064402080,20201207,2,112
5930,3,B,1,202064322080,20201207,2,113
5931,4,B,1,202051322080,20201207,2,114
5932,3,B,0,202051252080,20201207,2,115
5933,4,B,0,202040252080,20201207,2,116
5934,3,B,1,202040202080,20201207,2,117
5935,2,A,0,202080502080,20201207,2,118
5936,1,A,0,201680502080,20201207,2,119
5937,2,A,0,161680502080,20201207,2,120
5938,6,C,1,202080502080,20201207,2,121
5939,5,C,0,202080502064,20201207,2,122
5940,6,C,1,202080501664,20201207,2,123
5941,5,C,0,202080501651,20201207,2,124
5942,6,C,1,202080501251,20201207,2,125
5943,5,C,0,202080501240,20201207,2,126
5944,6,C,0,202080501040,20201207,2,127
5945,4,B,0,202080502080,20201207,2,128
5946,3,B,1,202080402080,20201207,2,129
5947,4,B,1,202064402080,20201207,2,130
5948,3,B,1,202064322080,20201207,2,131
5949,4,B,1,202051322080,20201207,2,132
5950,3,B,1,202051252080,20201207,2,133
5951,4,B,0,202040252080,20201207,2,134
5952,3,B,0,202040202080,20201207,2,135
5953,4,B,0,202032202080,20201207,2,136
5954,3,B,0,202032162080,20201207,2,137
5955,4,B,0,202026162080,20201207,2,138
5956,3,B,0,202026132080,20201207,2,139
5957,4,B,0,202020132080,20201207,2,140
5958,3,B,0,202020102080,20201207,2,141
5959,4,B,0,202016102080,20201207,2,142
5960,2,A,0,202080502080,20201207,2,143
5961,1,A,0,201680502080,20201207,2,144
5962,6,C,1,202080502080,20201207,2,145
5963,5,C,0,202080502064,20201207,2,146
5964,6,C,0,202080501664,20201207,2,147
5965,4,B,1,202080502080,20201207,2,148
5966,3,B,1,202080402080,20201207,2,149
5967,4,B,0,202064402080,20201207,2,150
5968,3,B,1,202064322080,20201207,2,151
5969,4,B,0,202051322080,20201207,2,152
5970,3,B,0,202051252080,20201207,2,153
5971,4,B,0,202040252080,20201207,2,154
5972,3,B,1,202040202080,20201207,2,155
5973,6,C,0,202080502080,20201207,2,156
5974,5,C,1,202080502064,20201207,2,157
5975,6,C,1,202080501664,20201207,2,158
5976,5,C,0,202080501651,20201207,2,159
5977,6,C,0,202080501251,20201207,2,160
5978,4,B,0,202080502080,20201207,2,161
5979,3,B,1,202080402080,20201207,2,162
5980,4,B,0,202064402080,20201207,2,163
5981,3,B,1,202064322080,20201207,2,164
5982,4,B,0,202051322080,20201207,2,165
5983,3,B,0,202051252080,20201207,2,166
5984,6,C,1,202080502080,20201207,2,167
5985,5,C,0,202080502064,20201207,2,168
5986,6,C,0,202080501664,20201207,2,169
5987,4,B,1,202080502080,20201207,2,170
5988,3,B,1,202080402080,20201207,2,171
5989,4,B,1,202064402080,20201207,2,172
5990,3,B,0,202064322080,20201207,2,173
5991,4,B,0,202051322080,20201207,2,174
5992,3,B,0,202051252080,20201207,2,175
5993,6,C,0,202080502080,20201207,2,176
5994,5,C,0,202080502064,20201207,2,177
5995,4,B,1,202080502080,20201207,2,178
5996,3,B,1,202080402080,20201207,2,179
5997,4,B,1,202064402080,20201207,2,180
5998,3,B,0,202064322080,20201207,2,181
5999,4,B,1,202051322080,20201207,2,182
6000,3,B,1,202051252080,20201207,2,183
6001,4,B,0,202040252080,20201207,2,184
6002,3,B,1,202040202080,20201207,2,185
6003,4,B,0,202032202080,20201207,2,186
6004,3,B,0,202032162080,20201207,2,187
6005,6,C,0,202080502080,20201207,2,188
6006,5,C,1,202080502064,20201207,2,189
6007,6,C,1,202080501664,20201207,2,190
6008,5,C,0,202080501651,20201207,2,191
6009,6,C,0,202080501251,20201207,2,192
6010,4,B,0,202080502080,20201207,2,193
6011,3,B,1,202080402080,20201207,2,194
6012,4,B,1,202064402080,20201207,2,195
6013,3,B,0,202064322080,20201207,2,196
6014,4,B,0,202051322080,20201207,2,197
6015,3,B,1,202051252080,20201207,2,198
6016,4,B,0,202040252080,20201207,2,199
6017,3,B,0,202040202080,20201207,2,200
6018,6,C,1,202080502080,20201207,2,201
6019,5,C,0,202080502064,20201207,2,202
6020,6,C,1,202080501664,20201207,2,203
6021,4,B,1,202080502080,20201207,2,204
6022,3,B,1,202080402080,20201207,2,205
6023,4,B,0,202064402080,20201207,2,206
6024,3,B,1,202064322080,20201207,2,207
6025,4,B,0,202051322080,20201207,2,208
6026,3,B,0,202051252080,20201207,2,209
6027,4,B,0,202040252080,20201207,2,210
6028,3,B,0,202040202080,20201207,2,211
6029,6,C,1,202080502080,20201207,2,212
6030,5,C,0,202080502064,20201207,2,213
6031,6,C,1,202080501664,20201207,2,214
6032,4,B,0,202080502080,20201207,2,215
6033,3,B,1,202080402080,20201207,2,216
6034,4,B,1,202064402080,20201207,2,217
6035,3,B,1,202064322080,20201207,2,218
6036,4,B,1,202051322080,20201207,2,219
6037,3,B,1,202051252080,20201207,2,220
6038,4,B,0,202040252080,20201207,2,221
6039,3,B,0,202040202080,20201207,2,222
6040,4,B,0,202032202080,20201207,2,223
6041,3,B,1,202032162080,20201207,2,224
6042,6,C,1,202080502080,20201207,2,225
6043,5,C,1,202080502064,20201207,2,226
6044,6,C,1,202080501664,20201207,2,227
6045,5,C,0,202080501651,20201207,2,228
6046,6,C,0,202080501251,20201207,2,229
6047,4,B,0,202080502080,20201207,2,230
6048,3,B,1,202080402080,20201207,2,231
6049,4,B,0,202064402080,20201207,2,232
6050,3,B,0,202064322080,20201207,2,233
6051,4,B,0,202051322080,20201207,2,234
6052,3,B,0,202051252080,20201207,2,235
6053,6,C,1,202080502080,20201207,2,236
6054,5,C,0,202080502064,20201207,2,237
6055,6,C,0,202080501664,20201207,2,238
6056,4,B,1,202080502080,20201207,2,239
6057,3,B,1,202080402080,20201207,2,240
6058,4,B,0,202064402080,20201207,2,241
6059,3,B,1,202064322080,20201207,2,242
6060,4,B,0,202051322080,20201207,2,243
6061,3,B,0,202051252080,20201207,2,244
6062,6,C,1,202080502080,20201207,2,245
6063,5,C,0,202080502064,20201207,2,246
6064,6,C,1,202080501664,20201207,2,247
6065,4,B,0,202080502080,20201207,2,248
6066,3,B,1,202080402080,20201207,2,249
6067,4,B,1,202064402080,20201207,2,250
6068,3,B,0,202064322080,20201207,2,251
6069,4,B,0,202051322080,20201207,2,252
6070,3,B,1,202051252080,20201207,2,253
6071,4,B,0,202040252080,20201207,2,254
6072,3,B,0,202040202080,20201207,2,255
6073,6,C,1,202080502080,20201207,2,256
6074,5,C,0,202080502064,20201207,2,257
6075,6,C,1,202080501664,20201207,2,258
6076,4,B,1,202080502080,20201207,2,259
6077,3,B,0,202080402080,20201207,2,260
6078,4,B,0,202064402080,20201207,2,261
6079,3,B,0,202064322080,20201207,2,262
6080,6,C,0,202080502080,20201207,2,263
6081,5,C,0,202080502064,20201207,2,264
6082,6,C,0,202080501664,20201207,2,265
6083,4,B,0,202080502080,20201207,2,266
6084,3,B,0,202080402080,20201207,2,267
6085,4,B,0,202064402080,20201207,2,268
6086,3,B,1,202064322080,20201207,2,269
6087,4,B,0,202051322080,20201207,2,270
6088,3,B,1,202051252080,20201207,2,271
6089,6,C,1,202080502080,20201207,2,272
6090,5,C,0,202080502064,20201207,2,273
6091,6,C,0,202080501664,20201207,2,274
6092,4,B,0,202080502080,20201207,2,275
6093,3,B,1,202080402080,20201207,2,276
6094,4,B,1,202064402080,20201207,2,277
6095,3,B,0,202064322080,20201207,2,278
6096,4,B,0,202051322080,20201207,2,279
6097,3,B,1,202051252080,20201207,2,280
6098,4,B,0,202040252080,20201207,2,281
6099,3,B,1,202040202080,20201207,2,282
6100,6,C,1,202080502080,20201207,2,283
6101,5,C,0,202080502064,20201207,2,284
6102,6,C,1,202080501664,20201207,2,285
6103,4,B,1,202080502080,20201207,2,286
6104,3,B,1,202080402080,20201207,2,287
6105,4,B,1,202064402080,20201207,2,288
6106,3,B,1,202064322080,20201207,2,289
6107,4,B,0,202051322080,20201207,2,290
6108,3,B,1,202051252080,20201207,2,291
6109,4,B,1,202040252080,20201207,2,292
6110,3,B,0,202040202080,20201207,2,293
6111,4,B,0,202032202080,20201207,2,294
6112,3,B,1,202032162080,20201207,2,295
6113,4,B,0,202026162080,20201207,2,296
6114,3,B,0,202026132080,20201207,2,297
6115,6,C,0,202080502080,20201207,2,298
6116,5,C,0,202080502064,20201207,2,299
6117,1,A,1,802050202020,20201207,3,0
6118,2,A,1,642050202020,20201207,3,1
6119,1,A,1,641650202020,20201207,3,2
6120,2,A,0,511650202020,20201207,3,3
6121,6,C,0,802050202020,20201207,3,4
6122,5,C,1,802050202016,20201207,3,5
6123,6,C,0,802050201616,20201207,3,6
6124,5,C,0,802050201612,20201207,3,7
6125,4,B,0,802050202020,20201207,3,8
6126,3,B,0,802050162020,20201207,3,9
6127,4,B,0,802040162020,20201207,3,10
6128,1,A,1,802050202020,20201207,3,11
6129,2,A,1,642050202020,20201207,3,12
6130,1,A,0,641650202020,20201207,3,13
6131,2,A,0,511650202020,20201207,3,14
6132,6,C,1,802050202020,20201207,3,15
6133,5,C,1,802050202016,20201207,3,16
6134,6,C,0,802050201616,20201207,3,17
6135,5,C,0,802050201612,20201207,3,18
6136,1,A,1,802050202020,20201207,3,19
6137,2,A,1,642050202020,20201207,3,20
6138,1,A,0,641650202020,20201207,3,21
6139,2,A,0,511650202020,20201207,3,22
6140,4,B,1,802050202020,20201207,3,23
6141,3,B,1,802050162020,20201207,3,24
6142,4,B,0,802040162020,20201207,3,25
6143,3,B,0,802040122020,20201207,3,26
6144,1,A,1,802050202020,20201207,3,27
6145,2,A,1,642050202020,20201207,3,28
6146,1,A,1,641650202020,20201207,3,29
6147,2,A,0,511650202020,20201207,3,30
6148,1,A,0,511250202020,20201207,3,31
6149,6,C,0,802050202020,20201207,3,32
6150,5,C,1,802050202016,20201207,3,33
6151,6,C,0,802050201616,20201207,3,34
6152,5,C,0,802050201612,20201207,3,35
6153,2,A,0,802050202020,20201207,3,36
6154,1,A,1,801650202020,20201207,3,37
6155,2,A,1,641650202020,20201207,3,38
6156,1,A,0,641250202020,20201207,3,39
6157,2,A,0,511250202020,20201207,3,40
6158,4,B,1,802050202020,20201207,3,41
6159,3,B,0,802050162020,20201207,3,42
6160,1,A,1,802050202020,20201207,3,43
6161,2,A,0,642050202020,20201207,3,44
6162,1,A,1,641650202020,20201207,3,45
6163,6,C,0,802050202020,20201207,3,46
6164,5,C,0,802050202016,20201207,3,47
6165,2,A,0,802050202020,20201207,3,48
6166,1,A,1,801650202020,20201207,3,49
6167,2,A,0,641650202020,20201207,3,50
6168,1,A,0,641250202020,20201207,3,51
6169,4,B,0,802050202020,20201207,3,52
6170,3,B,1,802050162020,20201207,3,53
6171,4,B,1,802040162020,20201207,3,54
6172,3,B,1,802040122020,20201207,3,55
6173,4,B,0,802032122020,20201207,3,56
6174,1,A,1,802050202020,20201207,3,57
6175,2,A,0,642050202020,20201207,3,58
6176,1,A,1,641650202020,20201207,3,59
6177,5,C,1,802050202020,20201207,3,60
6178,6,C,0,802050201620,20201207,3,61
6179,5,C,0,802050201616,20201207,3,62
6180,1,A,0,802050202020,20201207,3,63
6181,2,A,0,642050202020,20201207,3,64
6182,1,A,0,641650202020,20201207,3,65
6183,4,B,0,802050202020,20201207,3,66
6184,3,B,0,802050162020,20201207,3,67
6185,1,A,1,802050202020,20201207,3,68
6186,2,A,1,642050202020,20201207,3,69
6187,1,A,0,641650202020,20201207,3,70
6188,2,A,0,511650202020,20201207,3,71
6189,4,B,0,802050202020,20201207,3,72
6190,3,B,0,802050162020,20201207,3,73
6191,4,B,0,802040162020,20201207,3,74
6192,1,A,1,802050202020,20201207,3,75
6193,2,A,0,642050202020,20201207,3,76
6194,1,A,1,641650202020,20201207,3,77
6195,2,A,0,511650202020,20201207,3,78
6196,1,A,1,511250202020,20201207,3,79
6197,2,A,0,401250202020,20201207,3,80
6198,1,A,0,401050202020,20201207,3,81
6199,5,C,0,802050202020,20201207,3,82
6200,1,A,0,802050202020,20201207,3,83
6201,2,A,0,642050202020,20201207,3,84
6202,1,A,0,641650202020,20201207,3,85
6203,4,B,0,802050202020,20201207,3,86
6204,3,B,0,802050162020,20201207,3,87
6205,1,A,0,802050202020,20201207,3,88
6206,2,A,0,642050202020,20201207,3,89
6207,6,C,0,802050202020,20201207,3,90
6208,5,C,0,802050202016,20201207,3,91
6209,1,A,1,802050202020,20201207,3,92
6210,2,A,0,642050202020,20201207,3,93
6211,1,A,1,641650202020,20201207,3,94
6212,4,B,1,802050202020,20201207,3,95
6213,3,B,1,802050162020,20201207,3,96
6214,4,B,0,802040162020,20201207,3,97
6215,3,B,0,802040122020,20201207,3,98
6216,1,A,1,802050202020,20201207,3,99
6217,2,A,1,642050202020,20201207,3,100
6218,1,A,0,641650202020,20201207,3,101
6219,2,A,0,511650202020,20201207,3,102
6220,1,A,1,511250202020,20201207,3,103
6221,5,C,0,802050202020,20201207,3,104
6222,6,C,1,802050201620,20201207,3,105
6223,1,A,1,802050202020,20201207,3,106
6224,2,A,1,642050202020,20201207,3,107
6225,1,A,1,641650202020,20201207,3,108
6226,2,A,0,511650202020,20201207,3,109
6227,1,A,0,511250202020,20201207,3,110
6228,4,B,1,802050202020,20201207,3,111
6229,3,B,0,802050162020,20201207,3,112
6230,4,B,0,802040162020,20201207,3,113
6231,1,A,0,802050202020,20201207,3,114
6232,2,A,0,642050202020,20201207,3,115
6233,1,A,1,641650202020,20201207,3,116
6234,2,A,0,511650202020,20201207,3,117
6235,1,A,1,511250202020,20201207,3,118
6236,4,B,0,802050202020,20201207,3,119
6237,3,B,1,802050162020,20201207,3,120
6238,4,B,0,802040162020,20201207,3,121
6239,3,B,0,802040122020,20201207,3,122
6240,1,A,1,802050202020,20201207,3,123
6241,2,A,0,642050202020,20201207,3,124
6242,1,A,1,641650202020,20201207,3,125
6243,4,B,1,802050202020,20201207,3,126
6244,3,B,0,802050162020,20201207,3,127
6245,4,B,0,802040162020,20201207,3,128
6246,3,B,1,802040122020,20201207,3,129
6247,4,B,0,802032122020,20201207,3,130
6248,1,A,1,802050202020,20201207,3,131
6249,2,A,0,642050202020,20201207,3,132
6250,1,A,1,641650202020,20201207,3,133
6251,4,B,0,802050202020,20201207,3,134
6252,3,B,1,802050162020,20201207,3,135
6253,4,B,0,802040162020,20201207,3,136
6254,3,B,0,802040122020,20201207,3,137
6255,1,A,1,802050202020,20201207,3,138
6256,2,A,0,642050202020,20201207,3,139
6257,1,A,1,641650202020,20201207,3,140
6258,4,B,0,802050202020,20201207,3,141
6259,3,B,1,802050162020,20201207,3,142
6260,4,B,1,802040162020,20201207,3,143
6261,3,B,1,802040122020,20201207,3,144
6262,1,A,1,802050202020,20201207,3,145
6263,2,A,0,642050202020,20201207,3,146
6264,1,A,1,641650202020,20201207,3,147
6265,4,B,0,802050202020,20201207,3,148
6266,3,B,0,802050162020,20201207,3,149
6267,1,A,1,802050202020,20201207,3,150
6268,2,A,0,642050202020,20201207,3,151
6269,1,A,0,641650202020,20201207,3,152
6270,4,B,0,802050202020,20201207,3,153
6271,3,B,0,802050162020,20201207,3,154
6272,1,A,1,802050202020,20201207,3,155
6273,2,A,0,642050202020,20201207,3,156
6274,1,A,0,641650202020,20201207,3,157
6275,4,B,0,802050202020,20201207,3,158
6276,3,B,1,802050162020,20201207,3,159
6277,4,B,0,802040162020,20201207,3,160
6278,3,B,0,802040122020,20201207,3,161
6279,1,A,1,802050202020,20201207,3,162
6280,2,A,1,642050202020,20201207,3,163
6281,1,A,0,641650202020,20201207,3,164
6282,4,B,0,802050202020,20201207,3,165
6283,3,B,1,802050162020,20201207,3,166
6284,4,B,0,802040162020,20201207,3,167
6285,3,B,0,802040122020,20201207,3,168
6286,1,A,0,802050202020,20201207,3,169
6287,2,A,1,642050202020,20201207,3,170
6288,1,A,1,641650202020,20201207,3,171
6289,2,A,0,511650202020,20201207,3,172
6290,1,A,1,511250202020,20201207,3,173
6291,5,C,0,802050202020,20201207,3,174
6292,6,C,1,802050201620,20201207,3,175
6293,1,A,1,802050202020,20201207,3,176
6294,2,A,0,642050202020,20201207,3,177
6295,1,A,0,641650202020,20201207,3,178
6296,2,A,0,511650202020,20201207,3,179
6297,1,A,1,511250202020,20201207,3,180
6298,2,A,0,401250202020,20201207,3,181
6299,1,A,0,401050202020,20201207,3,182
6300,4,B,0,802050202020,20201207,3,183
6301,3,B,1,802050162020,20201207,3,184
6302,1,A,1,802050202020,20201207,3,185
6303,2,A,1,642050202020,20201207,3,186
6304,1,A,1,641650202020,20201207,3,187
6305,2,A,0,511650202020,20201207,3,188
6306,1,A,0,511250202020,20201207,3,189
6307,4,B,0,802050202020,20201207,3,190
6308,3,B,1,802050162020,20201207,3,191
6309,4,B,1,802040162020,20201207,3,192
6310,3,B,0,802040122020,20201207,3,193
6311,4,B,1,802032122020,20201207,3,194
6312,3,B,0,802032102020,20201207,3,195
6313,4,B,0,802025102020,20201207,3,196
6314,1,A,0,802050202020,20201207,3,197
6315,2,A,0,642050202020,20201207,3,198
6316,1,A,0,641650202020,20201207,3,199
6317,4,B,1,802050202020,20201207,3,200
6318,3,B,0,802050162020,20201207,3,201
6319,4,B,0,802040162020,20201207,3,202
6320,3,B,0,802040122020,20201207,3,203
6321,1,A,1,802050202020,20201207,3,204
6322,2,A,0,642050202020,20201207,3,205
6323,1,A,0,641650202020,20201207,3,206
6324,4,B,0,802050202020,20201207,3,207
6325,3,B,0,802050162020,20201207,3,208
6326,4,B,0,802040162020,20201207,3,209
6327,1,A,1,802050202020,20201207,3,210
6328,2,A,0,642050202020,20201207,3,211
6329,1,A,1,641650202020,20201207,3,212
6330,4,B,0,802050202020,20201207,3,213
6331,3,B,0,802050162020,20201207,3,214
6332,4,B,1,802040162020,20201207,3,215
6333,3,B,0,802040122020,20201207,3,216
6334,1,A,1,802050202020,20201207,3,217
6335,2,A,1,642050202020,20201207,3,218
6336,1,A,1,641650202020,20201207,3,219
6337,2,A,0,511650202020,20201207,3,220
6338,1,A,0,511250202020,20201207,3,221
6339,4,B,0,802050202020,20201207,3,222
6340,3,B,0,802050162020,20201207,3,223
6341,4,B,0,802040162020,20201207,3,224
6342,1,A,1,802050202020,20201207,3,225
6343,2,A,0,642050202020,20201207,3,226
6344,1,A,1,641650202020,20201207,3,227
6345,2,A,0,511650202020,20201207,3,228
6346,1,A,0,511250202020,20201207,3,229
6347,4,B,0,802050202020,20201207,3,230
6348,3,B,0,802050162020,20201207,3,231
6349,1,A,1,802050202020,20201207,3,232
6350,2,A,0,642050202020,20201207,3,233
6351,1,A,1,641650202020,20201207,3,234
6352,4,B,1,802050202020,20201207,3,235
6353,3,B,0,802050162020,20201207,3,236
6354,4,B,0,802040162020,20201207,3,237
6355,3,B,1,802040122020,20201207,3,238
6356,4,B,0,802032122020,20201207,3,239
6357,3,B,1,802032102020,20201207,3,240
6358,1,A,0,802050202020,20201207,3,241
6359,2,A,0,642050202020,20201207,3,242
6360,1,A,0,641650202020,20201207,3,243
6361,4,B,0,802050202020,20201207,3,244
6362,3,B,1,802050162020,20201207,3,245
6363,4,B,0,802040162020,20201207,3,246
6364,3,B,0,802040122020,20201207,3,247
6365,1,A,1,802050202020,20201207,3,248
6366,2,A,1,642050202020,20201207,3,249
6367,1,A,1,641650202020,20201207,3,250
6368,2,A,0,511650202020,20201207,3,251
6369,1,A,1,511250202020,20201207,3,252
6370,6,C,0,802050202020,20201207,3,253
6371,5,C,0,802050202016,20201207,3,254
6372,1,A,1,802050202020,20201207,3,255
6373,2,A,0,642050202020,20201207,3,256
6374,1,A,0,641650202020,20201207,3,257
6375,4,B,0,802050202020,20201207,3,258
6376,3,B,0,802050162020,20201207,3,259
6377,1,A,1,802050202020,20201207,3,260
6378,2,A,0,642050202020,20201207,3,261
6379,1,A,0,641650202020,20201207,3,262
6380,4,B,0,802050202020,20201207,3,263
6381,3,B,1,802050162020,20201207,3,264
6382,4,B,0,802040162020,20201207,3,265
6383,3,B,1,802040122020,20201207,3,266
6384,1,A,1,802050202020,20201207,3,267
6385,2,A,0,642050202020,20201207,3,268
6386,1,A,0,641650202020,20201207,3,269
6387,4,B,0,802050202020,20201207,3,270
6388,3,B,1,802050162020,20201207,3,271
6389,4,B,1,802040162020,20201207,3,272
6390,3,B,0,802040122020,20201207,3,273
6391,4,B,0,802032122020,20201207,3,274
6392,3,B,0,802032102020,20201207,3,275
6393,1,A,0,802050202020,20201207,3,276
6394,2,A,0,642050202020,20201207,3,277
6395,1,A,1,641650202020,20201207,3,278
6396,4,B,0,802050202020,20201207,3,279
6397,3,B,0,802050162020,20201207,3,280
6398,4,B,1,802040162020,20201207,3,281
6399,3,B,1,802040122020,20201207,3,282
6400,4,B,0,802032122020,20201207,3,283
6401,3,B,0,802032102020,20201207,3,284
6402,1,A,1,802050202020,20201207,3,285
6403,2,A,0,642050202020,20201207,3,286
6404,1,A,0,641650202020,20201207,3,287
6405,4,B,0,802050202020,20201207,3,288
6406,3,B,0,802050162020,20201207,3,289
6407,4,B,0,802040162020,20201207,3,290
6408,3,B,0,802040122020,20201207,3,291
6409,1,A,0,802050202020,20201207,3,292
6410,2,A,0,642050202020,20201207,3,293
6411,1,A,0,641650202020,20201207,3,294
6412,6,C,1,802050202020,20201207,3,295
6413,5,C,1,802050202016,20201207,3,296
6414,6,C,0,802050201616,20201207,3,297
6415,1,A,0,802050202020,20201207,3,298
6416,2,A,0,642050202020,20201207,3,299
6417,1,A,1,202050202080,20201207,4,0
6418,2,A,0,162050202080,20201207,4,1
6419,1,A,0,161650202080,20201207,4,2
6420,6,C,1,202050202080,20201207,4,3
6421,5,C,0,202050202064,20201207,4,4
6422,6,C,1,202050201664,20201207,4,5
6423,4,B,0,202050202080,20201207,4,6
6424,3,B,0,202050162080,20201207,4,7
6425,4,B,0,202040162080,20201207,4,8
6426,1,A,0,202050202080,20201207,4,9
6427,2,A,0,162050202080,20201207,4,10
6428,6,C,0,202050202080,20201207,4,11
6429,5,C,0,202050202064,20201207,4,12
6430,1,A,0,202050202080,20201207,4,13
6431,6,C,1,202050202080,20201207,4,14
6432,5,C,0,202050202064,20201207,4,15
6433,6,C,0,202050201664,20201207,4,16
6434,4,B,0,202050202080,20201207,4,17
6435,3,B,0,202050162080,20201207,4,18
6436,1,A,1,202050202080,20201207,4,19
6437,2,A,0,162050202080,20201207,4,20
6438,1,A,1,161650202080,20201207,4,21
6439,6,C,1,202050202080,20201207,4,22
6440,5,C,0,202050202064,20201207,4,23
6441,6,C,0,202050201664,20201207,4,24
6442,5,C,0,202050201651,20201207,4,25
6443,1,A,0,202050202080,20201207,4,26
6444,2,A,0,162050202080,20201207,4,27
6445,1,A,0,161650202080,20201207,4,28
6446,6,C,1,202050202080,20201207,4,29
6447,5,C,0,202050202064,20201207,4,30
6448,6,C,1,202050201664,20201207,4,31
6449,1,A,0,202050202080,20201207,4,32
6450,6,C,1,202050202080,20201207,4,33
6451,5,C,0,202050202064,20201207,4,34
6452,6,C,1,202050201664,20201207,4,35
6453,4,B,0,202050202080,20201207,4,36
6454,1,A,0,202050202080,20201207,4,37
6455,2,A,0,162050202080,20201207,4,38
6456,1,A,1,161650202080,20201207,4,39
6457,6,C,1,202050202080,20201207,4,40
6458,5,C,0,202050202064,20201207,4,41
6459,6,C,1,202050201664,20201207,4,42
6460,5,C,0,202050201651,20201207,4,43
6461,6,C,1,202050201251,20201207,4,44
6462,1,A,0,202050202080,20201207,4,45
6463,6,C,1,202050202080,20201207,4,46
6464,5,C,0,202050202064,20201207,4,47
6465,6,C,0,202050201664,20201207,4,48
6466,3,B,1,202050202080,20201207,4,49
6467,4,B,0,202040202080,20201207,4,50
6468,3,B,1,202040162080,20201207,4,51
6469,6,C,0,202050202080,20201207,4,52
6470,5,C,0,202050202064,20201207,4,53
6471,6,C,1,202050201664,20201207,4,54
6472,1,A,0,202050202080,20201207,4,55
6473,6,C,1,202050202080,20201207,4,56
6474,5,C,0,202050202064,20201207,4,57
6475,6,C,1,202050201664,20201207,4,58
6476,1,A,1,202050202080,20201207,4,59
6477,2,A,0,162050202080,20201207,4,60
6478,1,A,0,161650202080,20201207,4,61
6479,6,C,1,202050202080,20201207,4,62
6480,5,C,1,202050202064,20201207,4,63
6481,6,C,1,202050201664,20201207,4,64
6482,5,C,0,202050201651,20201207,4,65
6483,6,C,0,202050201251,20201207,4,66
6484,1,A,0,202050202080,20201207,4,67
6485,6,C,1,202050202080,20201207,4,68
6486,5,C,0,202050202064,20201207,4,69
6487,6,C,1,202050201664,20201207,4,70
6488,4,B,0,202050202080,20201207,4,71
6489,3,B,0,202050162080,20201207,4,72
6490,6,C,1,202050202080,20201207,4,73
6491,5,C,1,202050202064,20201207,4,74
6492,6,C,0,202050201664,20201207,4,75
6493,5,C,0,202050201651,20201207,4,76
6494,6,C,0,202050201251,20201207,4,77
6495,1,A,1,202050202080,20201207,4,78
6496,6,C,1,202050202080,20201207,4,79
6497,5,C,1,202050202064,20201207,4,80
6498,6,C,1,202050201664,20201207,4,81
6499,5,C,0,202050201651,20201207,4,82
6500,6,C,0,202050201251,20201207,4,83
6501,1,A,1,202050202080,20201207,4,84
6502,6,C,1,202050202080,20201207,4,85
6503,5,C,0,202050202064,20201207,4,86
6504,6,C,1,202050201664,20201207,4,87
6505,5,C,0,202050201651,20201207,4,88
6506,6,C,1,202050201251,20201207,4,89
6507,5,C,0,202050201240,20201207,4,90
6508,6,C,0,202050201040,20201207,4,91
6509,1,A,0,202050202080,20201207,4,92
6510,6,C,1,202050202080,20201207,4,93
6511,5,C,0,202050202064,20201207,4,94
6512,6,C,1,202050201664,20201207,4,95
6513,1,A,0,202050202080,20201207,4,96
6514,6,C,0,202050202080,20201207,4,97
6515,5,C,1,202050202064,20201207,4,98
6516,6,C,1,202050201664,20201207,4,99
6517,5,C,0,202050201651,20201207,4,100
6518,6,C,0,202050201251,20201207,4,101
6519,1,A,1,202050202080,20201207,4,102
6520,6,C,0,202050202080,20201207,4,103
6521,5,C,0,202050202064,20201207,4,104
6522,6,C,1,202050201664,20201207,4,105
6523,1,A,0,202050202080,20201207,4,106
6524,6,C,1,202050202080,20201207,4,107
6525,5,C,0,202050202064,20201207,4,108
6526,6,C,1,202050201664,20201207,4,109
6527,5,C,0,202050201651,20201207,4,110
6528,6,C,0,202050201251,20201207,4,111
6529,1,A,1,202050202080,20201207,4,112
6530,6,C,1,202050202080,20201207,4,113
6531,5,C,0,202050202064,20201207,4,114
6532,6,C,0,202050201664,20201207,4,115
6533,1,A,1,202050202080,20201207,4,116
6534,6,C,0,202050202080,20201207,4,117
6535,1,A,0,202050202080,20201207,4,118
6536,4,B,0,202050202080,20201207,4,119
6537,3,B,1,202050162080,20201207,4,120
6538,4,B,0,202040162080,20201207,4,121
6539,3,B,0,202040122080,20201207,4,122
6540,6,C,1,202050202080,20201207,4,123
6541,5,C,0,202050202064,20201207,4,124
6542,6,C,0,202050201664,20201207,4,125
6543,1,A,0,202050202080,20201207,4,126
6544,2,A,1,162050202080,20201207,4,127
6545,1,A,1,161650202080,20201207,4,128
6546,2,A,0,121650202080,20201207,4,129
6547,1,A,0,121250202080,20201207,4,130
6548,6,C,0,202050202080,20201207,4,131
6549,5,C,0,202050202064,20201207,4,132
6550,6,C,0,202050201664,20201207,4,133
6551,1,A,0,202050202080,20201207,4,134
6552,6,C,1,202050202080,20201207,4,135
6553,5,C,0,202050202064,20201207,4,136
6554,6,C,1,202050201664,20201207,4,137
6555,1,A,0,202050202080,20201207,4,138
6556,6,C,1,202050202080,20201207,4,139
6557,1,A,1,202050202080,20201207,4,140
6558,2,A,0,162050202080,20201207,4,141
6559,1,A,1,161650202080,20201207,4,142
6560,6,C,1,202050202080,20201207,4,143
6561,5,C,0,202050202064,20201207,4,144
6562,6,C,1,202050201664,20201207,4,145
6563,1,A,0,202050202080,20201207,4,146
6564,6,C,1,202050202080,20201207,4,147
6565,4,B,0,202050202080,20201207,4,148
6566,3,B,1,202050162080,20201207,4,149
6567,4,B,0,202040162080,20201207,4,150
6568,3,B,1,202040122080,20201207,4,151
6569,6,C,1,202050202080,20201207,4,152
6570,5,C,0,202050202064,20201207,4,153
6571,6,C,1,202050201664,20201207,4,154
6572,1,A,0,202050202080,20201207,4,155
6573,2,A,0,162050202080,20201207,4,156
6574,1,A,0,161650202080,20201207,4,157
6575,6,C,1,202050202080,20201207,4,158
6576,5,C,0,202050202064,20201207,4,159
6577,6,C,1,202050201664,20201207,4,160
6578,4,B,1,202050202080,20201207,4,161
6579,3,B,0,202050162080,20201207,4,162
6580,4,B,0,202040162080,20201207,4,163
6581,3,B,0,202040122080,20201207,4,164
6582,6,C,1,202050202080,20201207,4,165
6583,5,C,1,202050202064,20201207,4,166
6584,6,C,0,202050201664,20201207,4,167
6585,5,C,0,202050201651,20201207,4,168
6586,6,C,1,202050201251,20201207,4,169
6587,1,A,1,202050202080,20201207,4,170
6588,6,C,1,202050202080,20201207,4,171
6589,5,C,0,202050202064,20201207,4,172
6590,6,C,0,202050201664,20201207,4,173
6591,1,A,0,202050202080,20201207,4,174
6592,6,C,1,202050202080,20201207,4,175
6593,5,C,1,202050202064,20201207,4,176
6594,6,C,1,202050201664,20201207,4,177
6595,5,C,1,202050201651,20201207,4,178
6596,6,C,0,202050201251,20201207,4,179
6597,5,C,0,202050201240,20201207,4,180
6598,6,C,0,202050201040,20201207,4,181
6599,1,A,0,202050202080,20201207,4,182
6600,2,A,0,162050202080,20201207,4,183
6601,1,A,0,161650202080,20201207,4,184
6602,6,C,1,202050202080,20201207,4,185
6603,5,C,0,202050202064,20201207,4,186
6604,6,C,1,202050201664,20201207,4,187
6605,4,B,0,202050202080,20201207,4,188
6606,3,B,0,202050162080,20201207,4,189
6607,4,B,0,202040162080,20201207,4,190
6608,6,C,1,202050202080,20201207,4,191
6609,5,C,0,202050202064,20201207,4,192
6610,6,C,1,202050201664,20201207,4,193
6611,5,C,0,202050201651,20201207,4,194
6612,6,C,1,202050201251,20201207,4,195
6613,1,A,0,202050202080,20201207,4,196
6614,2,A,0,162050202080,20201207,4,197
6615,1,A,0,161650202080,20201207,4,198
6616,6,C,1,202050202080,20201207,4,199
6617,5,C,1,202050202064,20201207,4,200
6618,6,C,0,202050201664,20201207,4,201
6619,5,C,0,202050201651,20201207,4,202
6620,4,B,0,202050202080,20201207,4,203
6621,3,B,0,202050162080,20201207,4,204
6622,6,C,1,202050202080,20201207,4,205
6623,5,C,0,202050202064,20201207,4,206
6624,6,C,1,202050201664,20201207,4,207
6625,1,A,0,202050202080,20201207,4,208
6626,6,C,0,202050202080,20201207,4,209
6627,5,C,0,202050202064,20201207,4,210
6628,6,C,0,202050201664,20201207,4,211
6629,1,A,1,202050202080,20201207,4,212
6630,2,A,0,162050202080,20201207,4,213
6631,1,A,0,161650202080,20201207,4,214
6632,6,C,1,202050202080,20201207,4,215
6633,5,C,0,202050202064,20201207,4,216
6634,6,C,1,202050201664,20201207,4,217
6635,5,C,0,202050201651,20201207,4,218
6636,6,C,0,202050201251,20201207,4,219
6637,5,C,0,202050201240,20201207,4,220
6638,3,B,0,202050202080,20201207,4,221
6639,4,B,0,202040202080,20201207,4,222
6640,3,B,0,202040162080,20201207,4,223
6641,6,C,0,202050202080,20201207,4,224
6642,5,C,1,202050202064,20201207,4,225
6643,6,C,1,202050201664,20201207,4,226
6644,5,C,0,202050201651,20201207,4,227
6645,6,C,0,202050201251,20201207,4,228
6646,1,A,0,202050202080,20201207,4,229
6647,4,B,0,202050202080,20201207,4,230
6648,3,B,1,202050162080,20201207,4,231
6649,4,B,0,202040162080,20201207,4,232
6650,3,B,0,202040122080,20201207,4,233
6651,6,C,1,202050202080,20201207,4,234
6652,5,C,0,202050202064,20201207,4,235
6653,6,C,1,202050201664,20201207,4,236
6654,5,C,0,202050201651,20201207,4,237
6655,6,C,1,202050201251,20201207,4,238
6656,5,C,0,202050201240,20201207,4,239
6657,6,C,1,202050201040,20201207,4,240
6658,1,A,1,202050202080,20201207,4,241
6659,2,A,0,162050202080,20201207,4,242
6660,1,A,0,161650202080,20201207,4,243
6661,6,C,1,202050202080,20201207,4,244
6662,5,C,0,202050202064,20201207,4,245
6663,6,C,0,202050201664,20201207,4,246
6664,5,C,0,202050201651,20201207,4,247
6665,6,C,1,202050201251,20201207,4,248
6666,5,C,0,202050201240,20201207,4,249
6667,6,C,0,202050201040,20201207,4,250
6668,4,B,0,202050202080,20201207,4,251
6669,3,B,0,202050162080,20201207,4,252
6670,4,B,0,202040162080,20201207,4,253
6671,3,B,0,202040122080,20201207,4,254
6672,6,C,1,202050202080,20201207,4,255
6673,5,C,0,202050202064,20201207,4,256
6674,6,C,1,202050201664,20201207,4,257
6675,5,C,1,202050201651,20201207,4,258
6676,6,C,1,202050201251,20201207,4,259
6677,5,C,0,202050201240,20201207,4,260
6678,6,C,0,202050201040,20201207,4,261
6679,1,A,0,202050202080,20201207,4,262
6680,6,C,1,202050202080,20201207,4,263
6681,5,C,1,202050202064,20201207,4,264
6682,6,C,1,202050201664,20201207,4,265
6683,5,C,0,202050201651,20201207,4,266
6684,6,C,1,202050201251,20201207,4,267
6685,5,C,0,202050201240,20201207,4,268
6686,6,C,0,202050201040,20201207,4,269
6687,1,A,1,202050202080,20201207,4,270
6688,6,C,0,202050202080,20201207,4,271
6689,5,C,0,202050202064,20201207,4,272
6690,6,C,0,202050201664,20201207,4,273
6691,4,B,0,202050202080,20201207,4,274
6692,3,B,0,202050162080,20201207,4,275
6693,6,C,1,202050202080,20201207,4,276
6694,5,C,0,202050202064,20201207,4,277
6695,6,C,0,202050201664,20201207,4,278
6696,1,A,0,202050202080,20201207,4,279
6697,2,A,0,162050202080,20201207,4,280
6698,1,A,1,161650202080,20201207,4,281
6699,6,C,1,202050202080,20201207,4,282
6700,5,C,0,202050202064,20201207,4,283
6701,6,C,1,202050201664,20201207,4,284
6702,5,C,1,202050201651,20201207,4,285
6703,6,C,0,202050201251,20201207,4,286
6704,5,C,0,202050201240,20201207,4,287
6705,6,C,1,202050201040,20201207,4,288
6706,1,A,0,202050202080,20201207,4,289
6707,6,C,0,202050202080,20201207,4,290
6708,5,C,0,202050202064,20201207,4,291
6709,6,C,1,202050201664,20201207,4,292
6710,1,A,0,202050202080,20201207,4,293
6711,2,A,1,162050202080,20201207,4,294
6712,1,A,0,161650202080,20201207,4,295
6713,2,A,0,121650202080,20201207,4,296
6714,1,A,0,121250202080,20201207,4,297
6715,6,C,1,202050202080,20201207,4,298
6716,5,C,0,202050202064,20201207,4,299
6717,4,B,1,208050805020,20201207,5,0
6718,3,B,0,208050645020,20201207,5,1
6719,1,A,0,208050805020,20201207,5,2
6720,2,A,1,168050805020,20201207,5,3
6721,1,A,1,166450805020,20201207,5,4
6722,5,C,1,208050805020,20201207,5,5
6723,6,C,0,208050804020,20201207,5,6
6724,5,C,1,208050804016,20201207,5,7
6725,6,C,0,208050803216,20201207,5,8
6726,4,B,1,208050805020,20201207,5,9
6727,3,B,1,208050645020,20201207,5,10
6728,4,B,0,208040645020,20201207,5,11
6729,3,B,0,208040515020,20201207,5,12
6730,1,A,0,208050805020,20201207,5,13
6731,2,A,1,168050805020,20201207,5,14
6732,1,A,0,166450805020,20201207,5,15
6733,2,A,0,126450805020,20201207,5,16
6734,3,B,1,208050805020,20201207,5,17
6735,4,B,1,208040805020,20201207,5,18
6736,3,B,0,208040645020,20201207,5,19
6737,4,B,0,208032645020,20201207,5,20
6738,3,B,1,208032515020,20201207,5,21
6739,4,B,0,208025515020,20201207,5,22
6740,1,A,0,208050805020,20201207,5,23
6741,2,A,0,168050805020,20201207,5,24
6742,1,A,0,166450805020,20201207,5,25
6743,4,B,1,208050805020,20201207,5,26
6744,3,B,0,208050645020,20201207,5,27
6745,4,B,1,208040645020,20201207,5,28
6746,3,B,1,208040515020,20201207,5,29
6747,4,B,1,208032515020,20201207,5,30
6748,3,B,1,208032405020,20201207,5,31
6749,4,B,1,208025405020,20201207,5,32
6750,3,B,0,208025325020,20201207,5,33
6751,4,B,1,208020325020,20201207,5,34
6752,3,B,0,208020265020,20201207,5,35
6753,4,B,1,208016265020,20201207,5,36
6754,6,C,0,208050805020,20201207,5,37
6755,5,C,0,208050805016,20201207,5,38
6756,2,A,1,208050805020,20201207,5,39
6757,1,A,0,206450805020,20201207,5,40
6758,2,A,1,166450805020,20201207,5,41
6759,1,A,0,165150805020,20201207,5,42
6760,2,A,1,125150805020,20201207,5,43
6761,1,A,0,124050805020,20201207,5,44
6762,2,A,0,104050805020,20201207,5,45
6763,4,B,1,208050805020,20201207,5,46
6764,3,B,0,208050645020,20201207,5,47
6765,4,B,0,208040645020,20201207,5,48
6766,3,B,0,208040515020,20201207,5,49
6767,6,C,1,208050805020,20201207,5,50
6768,5,C,1,208050805016,20201207,5,51
6769,6,C,0,208050804016,20201207,5,52
6770,5,C,1,208050804012,20201207,5,53
6771,4,B,0,208050805020,20201207,5,54
6772,3,B,1,208050645020,20201207,5,55
6773,4,B,0,208040645020,20201207,5,56
6774,3,B,0,208040515020,20201207,5,57
6775,4,B,1,208032515020,20201207,5,58
6776,3,B,0,208032405020,20201207,5,59
6777,4,B,0,208025405020,20201207,5,60
6778,6,C,0,208050805020,20201207,5,61
6779,5,C,0,208050805016,20201207,5,62
6780,2,A,1,208050805020,20201207,5,63
6781,1,A,0,206450805020,20201207,5,64
6782,2,A,1,166450805020,20201207,5,65
6783,5,C,1,208050805020,20201207,5,66
6784,4,B,1,208050805020,20201207,5,67
6785,3,B,0,208050645020,20201207,5,68
6786,4,B,1,208040645020,20201207,5,69
6787,3,B,1,208040515020,20201207,5,70
6788,4,B,0,208032515020,20201207,5,71
6789,3,B,0,208032405020,20201207,5,72
6790,4,B,0,208025405020,20201207,5,73
6791,2,A,1,208050805020,20201207,5,74
6792,1,A,0,206450805020,20201207,5,75
6793,2,A,1,166450805020,20201207,5,76
6794,1,A,0,165150805020,20201207,5,77
6795,2,A,1,125150805020,20201207,5,78
6796,1,A,0,124050805020,20201207,5,79
6797,2,A,0,104050805020,20201207,5,80
6798,4,B,1,208050805020,20201207,5,81
6799,3,B,1,208050645020,20201207,5,82
6800,4,B,0,208040645020,20201207,5,83
6801,3,B,0,208040515020,20201207,5,84
6802,4,B,0,208032515020,20201207,5,85
6803,2,A,1,208050805020,20201207,5,86
6804,1,A,0,206450805020,20201207,5,87
6805,2,A,0,166450805020,20201207,5,88
6806,6,C,0,208050805020,20201207,5,89
6807,5,C,0,208050805016,20201207,5,90
6808,4,B,0,208050805020,20201207,5,91
6809,3,B,1,208050645020,20201207,5,92
6810,4,B,1,208040645020,20201207,5,93
6811,3,B,0,208040515020,20201207,5,94
6812,4,B,0,208032515020,20201207,5,95
6813,3,B,0,208032405020,20201207,5,96
6814,2,A,1,208050805020,20201207,5,97
6815,1,A,0,206450805020,20201207,5,98
6816,2,A,1,166450805020,20201207,5,99
6817,1,A,1,165150805020,20201207,5,100
6818,2,A,1,125150805020,20201207,5,101
6819,1,A,0,124050805020,20201207,5,102
6820,2,A,0,104050805020,20201207,5,103
6821,4,B,1,208050805020,20201207,5,104
6822,3,B,0,208050645020,20201207,5,105
6823,4,B,1,208040645020,20201207,5,106
6824,3,B,0,208040515020,20201207,5,107
6825,4,B,1,208032515020,20201207,5,108
6826,3,B,1,208032405020,20201207,5,109
6827,4,B,1,208025405020,20201207,5,110
6828,3,B,1,208025325020,20201207,5,111
6829,4,B,0,208020325020,20201207,5,112
6830,3,B,0,208020265020,20201207,5,113
6831,4,B,0,208016265020,20201207,5,114
6832,2,A,1,208050805020,20201207,5,115
6833,1,A,0,206450805020,20201207,5,116
6834,2,A,1,166450805020,20201207,5,117
6835,4,B,1,208050805020,20201207,5,118
6836,3,B,0,208050645020,20201207,5,119
6837,4,B,0,208040645020,20201207,5,120
6838,3,B,1,208040515020,20201207,5,121
6839,4,B,0,208032515020,20201207,5,122
6840,3,B,0,208032405020,20201207,5,123
6841,5,C,0,208050805020,20201207,5,124
6842,6,C,1,208050804020,20201207,5,125
6843,5,C,0,208050804016,20201207,5,126
6844,6,C,1,208050803216,20201207,5,127
6845,4,B,1,208050805020,20201207,5,128
6846,3,B,1,208050645020,20201207,5,129
6847,4,B,1,208040645020,20201207,5,130
6848,3,B,0,208040515020,20201207,5,131
6849,4,B,1,208032515020,20201207,5,132
6850,3,B,0,208032405020,20201207,5,133
6851,4,B,0,208025405020,20201207,5,134
6852,2,A,1,208050805020,20201207,5,135
6853,1,A,0,206450805020,20201207,5,136
6854,2,A,1,166450805020,20201207,5,137
6855,4,B,1,208050805020,20201207,5,138
6856,3,B,1,208050645020,20201207,5,139
6857,4,B,1,208040645020,20201207,5,140
6858,3,B,1,208040515020,20201207,5,141
6859,4,B,1,208032515020,20201207,5,142
6860,3,B,0,208032405020,20201207,5,143
6861,4,B,0,208025405020,20201207,5,144
6862,2,A,1,208050805020,20201207,5,145
6863,1,A,0,206450805020,20201207,5,146
6864,2,A,0,166450805020,20201207,5,147
6865,4,B,1,208050805020,20201207,5,148
6866,3,B,0,208050645020,20201207,5,149
6867,4,B,1,208040645020,20201207,5,150
6868,3,B,0,208040515020,20201207,5,151
6869,4,B,0,208032515020,20201207,5,152
6870,2,A,0,208050805020,20201207,5,153
6871,1,A,0,206450805020,20201207,5,154
6872,2,A,1,166450805020,20201207,5,155
6873,4,B,0,208050805020,20201207,5,156
6874,3,B,0,208050645020,20201207,5,157
6875,4,B,1,208040645020,20201207,5,158
6876,2,A,1,208050805020,20201207,5,159
6877,1,A,0,206450805020,20201207,5,160
6878,2,A,0,166450805020,20201207,5,161
6879,4,B,1,208050805020,20201207,5,162
6880,3,B,1,208050645020,20201207,5,163
6881,4,B,1,208040645020,20201207,5,164
6882,3,B,1,208040515020,20201207,5,165
6883,4,B,1,208032515020,20201207,5,166
6884,3,B,1,208032405020,20201207,5,167
6885,4,B,0,208025405020,20201207,5,168
6886,3,B,0,208025325020,20201207,5,169
6887,4,B,0,208020325020,20201207,5,170
6888,2,A,1,208050805020,20201207,5,171
6889,1,A,0,206450805020,20201207,5,172
6890,2,A,1,166450805020,20201207,5,173
6891,4,B,1,208050805020,20201207,5,174
6892,3,B,0,208050645020,20201207,5,175
6893,4,B,1,208040645020,20201207,5,176
6894,3,B,1,208040515020,20201207,5,177
6895,4,B,0,208032515020,20201207,5,178
6896,3,B,1,208032405020,20201207,5,179
6897,4,B,0,208025405020,20201207,5,180
6898,3,B,1,208025325020,20201207,5,181
6899,4,B,0,208020325020,20201207,5,182
6900,3,B,1,208020265020,20201207,5,183
6901,4,B,0,208016265020,20201207,5,184
6902,3,B,0,208016205020,20201207,5,185
6903,2,A,1,208050805020,20201207,5,186
6904,1,A,0,206450805020,20201207,5,187
6905,2,A,1,166450805020,20201207,5,188
6906,4,B,1,208050805020,20201207,5,189
6907,3,B,1,208050645020,20201207,5,190
6908,4,B,0,208040645020,20201207,5,191
6909,3,B,0,208040515020,20201207,5,192
6910,4,B,0,208032515020,20201207,5,193
6911,3,B,0,208032405020,20201207,5,194
6912,2,A,1,208050805020,20201207,5,195
6913,1,A,0,206450805020,20201207,5,196
6914,2,A,0,166450805020,20201207,5,197
6915,4,B,1,208050805020,20201207,5,198
6916,3,B,1,208050645020,20201207,5,199
6917,4,B,0,208040645020,20201207,5,200
6918,3,B,0,208040515020,20201207,5,201
6919,4,B,1,208032515020,20201207,5,202
6920,3,B,1,208032405020,20201207,5,203
6921,4,B,1,208025405020,20201207,5,204
6922,3,B,0,208025325020,20201207,5,205
6923,4,B,0,208020325020,20201207,5,206
6924,2,A,0,208050805020,20201207,5,207
6925,1,A,0,206450805020,20201207,5,208
6926,2,A,1,166450805020,20201207,5,209
6927,4,B,1,208050805020,20201207,5,210
6928,3,B,1,208050645020,20201207,5,211
6929,4,B,1,208040645020,20201207,5,212
6930,3,B,0,208040515020,20201207,5,213
6931,4,B,0,208032515020,20201207,5,214
6932,3,B,0,208032405020,20201207,5,215
6933,4,B,1,208025405020,20201207,5,216
6934,3,B,0,208025325020,20201207,5,217
6935,4,B,0,208020325020,20201207,5,218
6936,2,A,1,208050805020,20201207,5,219
6937,1,A,0,206450805020,20201207,5,220
6938,2,A,0,166450805020,20201207,5,221
6939,4,B,1,208050805020,20201207,5,222
6940,3,B,0,208050645020,20201207,5,223
6941,4,B,1,208040645020,20201207,5,224
6942,3,B,1,208040515020,20201207,5,225
6943,4,B,1,208032515020,20201207,5,226
6944,3,B,0,208032405020,20201207,5,227
6945,4,B,0,208025405020,20201207,5,228
6946,3,B,1,208025325020,20201207,5,229
6947,4,B,1,208020325020,20201207,5,230
6948,3,B,0,208020265020,20201207,5,231
6949,4,B,1,208016265020,20201207,5,232
6950,3,B,0,208016205020,20201207,5,233
6951,4,B,0,208013205020,20201207,5,234
6952,2,A,1,208050805020,20201207,5,235
6953,1,A,0,206450805020,20201207,5,236
6954,2,A,1,166450805020,20201207,5,237
6955,4,B,1,208050805020,20201207,5,238
6956,3,B,1,208050645020,20201207,5,239
6957,4,B,0,208040645020,20201207,5,240
6958,3,B,0,208040515020,20201207,5,241
6959,4,B,0,208032515020,20201207,5,242
6960,3,B,0,208032405020,20201207,5,243
6961,4,B,0,208025405020,20201207,5,244
6962,2,A,1,208050805020,20201207,5,245
6963,1,A,0,206450805020,20201207,5,246
6964,2,A,0,166450805020,20201207,5,247
6965,4,B,0,208050805020,20201207,5,248
6966,3,B,1,208050645020,20201207,5,249
6967,4,B,0,208040645020,20201207,5,250
6968,3,B,1,208040515020,20201207,5,251
6969,4,B,0,208032515020,20201207,5,252
6970,3,B,0,208032405020,20201207,5,253
6971,2,A,0,208050805020,20201207,5,254
6972,1,A,0,206450805020,20201207,5,255
6973,2,A,0,166450805020,20201207,5,256
6974,4,B,1,208050805020,20201207,5,257
6975,3,B,1,208050645020,20201207,5,258
6976,4,B,1,208040645020,20201207,5,259
6977,3,B,0,208040515020,20201207,5,260
6978,4,B,0,208032515020,20201207,5,261
6979,3,B,0,208032405020,20201207,5,262
6980,4,B,0,208025405020,20201207,5,263
6981,2,A,1,208050805020,20201207,5,264
6982,1,A,0,206450805020,20201207,5,265
6983,2,A,1,166450805020,20201207,5,266
6984,4,B,1,208050805020,20201207,5,267
6985,3,B,1,208050645020,20201207,5,268
6986,4,B,0,208040645020,20201207,5,269
6987,3,B,0,208040515020,20201207,5,270
6988,2,A,1,208050805020,20201207,5,271
6989,1,A,1,206450805020,20201207,5,272
6990,2,A,1,166450805020,20201207,5,273
6991,1,A,0,165150805020,20201207,5,274
6992,2,A,1,125150805020,20201207,5,275
6993,4,B,0,208050805020,20201207,5,276
6994,3,B,0,208050645020,20201207,5,277
6995,4,B,1,208040645020,20201207,5,278
6996,3,B,0,208040515020,20201207,5,279
6997,4,B,0,208032515020,20201207,5,280
6998,2,A,1,208050805020,20201207,5,281
6999,1,A,0,206450805020,20201207,5,282
7000,2,A,1,166450805020,20201207,5,283
7001,1,A,0,165150805020,20201207,5,284
7002,2,A,0,125150805020,20201207,5,285
7003,4,B,1,208050805020,20201207,5,286
7004,3,B,0,208050645020,20201207,5,287
7005,4,B,1,208040645020,20201207,5,288
7006,3,B,1,208040515020,20201207,5,289
7007,4,B,0,208032515020,20201207,5,290
7008,3,B,0,208032405020,20201207,5,291
7009,2,A,1,208050805020,20201207,5,292
7010,1,A,0,206450805020,20201207,5,293
7011,2,A,1,166450805020,20201207,5,294
7012,4,B,1,208050805020,20201207,5,295
7013,3,B,1,208050645020,20201207,5,296
7014,4,B,0,208040645020,20201207,5,297
7015,3,B,0,208040515020,20201207,5,298
7016,4,B,0,208032515020,20201207,5,299
7017,4,B,1,508020208020,20201207,6,0
7018,3,B,0,508020168020,20201207,6,1
7019,6,C,0,508020208020,20201207,6,2
7020,5,C,1,508020208016,20201207,6,3
7021,1,A,0,508020208020,20201207,6,4
7022,2,A,1,408020208020,20201207,6,5
7023,1,A,1,406420208020,20201207,6,6
7024,2,A,1,326420208020,20201207,6,7
7025,5,C,1,508020208020,20201207,6,8
7026,6,C,1,508020206420,20201207,6,9
7027,5,C,0,508020206416,20201207,6,10
7028,6,C,0,508020205116,20201207,6,11
7029,4,B,0,508020208020,20201207,6,12
7030,3,B,0,508020168020,20201207,6,13
7031,4,B,0,508016168020,20201207,6,14
7032,1,A,0,508020208020,20201207,6,15
7033,2,A,1,408020208020,20201207,6,16
7034,1,A,0,406420208020,20201207,6,17
7035,2,A,1,326420208020,20201207,6,18
7036,5,C,0,508020208020,20201207,6,19
7037,6,C,0,508020206420,20201207,6,20
7038,5,C,1,508020206416,20201207,6,21
7039,2,A,1,508020208020,20201207,6,22
7040,1,A,0,506420208020,20201207,6,23
7041,2,A,0,406420208020,20201207,6,24
7042,4,B,0,508020208020,20201207,6,25
7043,3,B,0,508020168020,20201207,6,26
7044,6,C,0,508020208020,20201207,6,27
7045,5,C,1,508020208016,20201207,6,28
7046,6,C,0,508020206416,20201207,6,29
7047,5,C,1,508020206412,20201207,6,30
7048,2,A,0,508020208020,20201207,6,31
7049,1,A,1,506420208020,20201207,6,32
7050,2,A,1,406420208020,20201207,6,33
7051,1,A,1,405120208020,20201207,6,34
7052,2,A,1,325120208020,20201207,6,35
7053,1,A,0,324020208020,20201207,6,36
7054,2,A,1,254020208020,20201207,6,37
7055,6,C,0,508020208020,20201207,6,38
7056,5,C,1,508020208016,20201207,6,39
7057,6,C,0,508020206416,20201207,6,40
7058,5,C,0,508020206412,20201207,6,41
7059,2,A,1,508020208020,20201207,6,42
7060,1,A,0,506420208020,20201207,6,43
7061,2,A,0,406420208020,20201207,6,44
7062,4,B,1,508020208020,20201207,6,45
7063,3,B,0,508020168020,20201207,6,46
7064,4,B,0,508016168020,20201207,6,47
7065,2,A,0,508020208020,20201207,6,48
7066,1,A,0,506420208020,20201207,6,49
7067,2,A,1,406420208020,20201207,6,50
7068,1,A,0,405120208020,20201207,6,51
7069,2,A,0,325120208020,20201207,6,52
7070,1,A,0,324020208020,20201207,6,53
7071,2,A,0,254020208020,20201207,6,54
7072,6,C,0,508020208020,20201207,6,55
7073,5,C,0,508020208016,20201207,6,56
7074,6,C,0,508020206416,20201207,6,57
7075,5,C,0,508020206412,20201207,6,58
7076,2,A,1,508020208020,20201207,6,59
7077,1,A,0,506420208020,20201207,6,60
7078,2,A,0,406420208020,20201207,6,61
7079,1,A,0,405120208020,20201207,6,62
7080,2,A,0,325120208020,20201207,6,63
7081,1,A,0,324020208020,20201207,6,64
7082,2,A,0,254020208020,20201207,6,65
7083,6,C,0,508020208020,20201207,6,66
7084,5,C,1,508020208016,20201207,6,67
7085,6,C,0,508020206416,20201207,6,68
7086,5,C,1,508020206412,20201207,6,69
7087,2,A,1,508020208020,20201207,6,70
7088,1,A,0,506420208020,20201207,6,71
7089,2,A,0,406420208020,20201207,6,72
7090,4,B,0,508020208020,20201207,6,73
7091,3,B,0,508020168020,20201207,6,74
7092,2,A,0,508020208020,20201207,6,75
7093,1,A,1,506420208020,20201207,6,76
7094,2,A,1,406420208020,20201207,6,77
7095,1,A,0,405120208020,20201207,6,78
7096,2,A,0,325120208020,20201207,6,79
7097,5,C,1,508020208020,20201207,6,80
7098,6,C,1,508020206420,20201207,6,81
7099,5,C,1,508020206416,20201207,6,82
7100,6,C,0,508020205116,20201207,6,83
7101,5,C,1,508020205112,20201207,6,84
7102,6,C,0,508020204012,20201207,6,85
7103,5,C,0,508020204010,20201207,6,86
7104,2,A,1,508020208020,20201207,6,87
7105,1,A,0,506420208020,20201207,6,88
7106,2,A,1,406420208020,20201207,6,89
7107,1,A,1,405120208020,20201207,6,90
7108,2,A,0,325120208020,20201207,6,91
7109,6,C,0,508020208020,20201207,6,92
7110,5,C,1,508020208016,20201207,6,93
7111,6,C,0,508020206416,20201207,6,94
7112,5,C,0,508020206412,20201207,6,95
7113,2,A,1,508020208020,20201207,6,96
7114,1,A,1,506420208020,20201207,6,97
7115,2,A,1,406420208020,20201207,6,98
7116,1,A,1,405120208020,20201207,6,99
7117,2,A,0,325120208020,20201207,6,100
7118,1,A,1,324020208020,20201207,6,101
7119,2,A,0,254020208020,20201207,6,102
7120,1,A,0,253220208020,20201207,6,103
7121,2,A,0,203220208020,20201207,6,104
7122,1,A,0,202620208020,20201207,6,105
7123,5,C,1,508020208020,20201207,6,106
7124,6,C,0,508020206420,20201207,6,107
7125,5,C,0,508020206416,20201207,6,108
7126,2,A,1,508020208020,20201207,6,109
7127,1,A,1,506420208020,20201207,6,110
7128,2,A,1,406420208020,20201207,6,111
7129,1,A,1,405120208020,20201207,6,112
7130,2,A,1,325120208020,20201207,6,113
7131,1,A,1,324020208020,20201207,6,114
7132,2,A,1,254020208020,20201207,6,115
7133,1,A,0,253220208020,20201207,6,116
7134,2,A,0,203220208020,20201207,6,117
7135,5,C,0,508020208020,20201207,6,118
7136,6,C,0,508020206420,20201207,6,119
7137,5,C,1,508020206416,20201207,6,120
7138,2,A,0,508020208020,20201207,6,121
7139,1,A,0,506420208020,20201207,6,122
7140,2,A,0,406420208020,20201207,6,123
7141,1,A,0,405120208020,20201207,6,124
7142,4,B,1,508020208020,20201207,6,125
7143,3,B,0,508020168020,20201207,6,126
7144,4,B,0,508016168020,20201207,6,127
7145,2,A,1,508020208020,20201207,6,128
7146,1,A,1,506420208020,20201207,6,129
7147,2,A,1,406420208020,20201207,6,130
7148,1,A,1,405120208020,20201207,6,131
7149,2,A,1,325120208020,20201207,6,132
7150,1,A,0,324020208020,20201207,6,133
7151,2,A,0,254020208020,20201207,6,134
7152,1,A,0,253220208020,20201207,6,135
7153,2,A,0,203220208020,20201207,6,136
7154,1,A,1,202620208020,20201207,6,137
7155,2,A,0,162620208020,20201207,6,138
7156,1,A,0,162020208020,20201207,6,139
7157,5,C,0,508020208020,20201207,6,140
7158,6,C,0,508020206420,20201207,6,141
7159,5,C,1,508020206416,20201207,6,142
7160,6,C,0,508020205116,20201207,6,143
7161,5,C,1,508020205112,20201207,6,144
7162,2,A,1,508020208020,20201207,6,145
7163,1,A,1,506420208020,20201207,6,146
7164,2,A,0,406420208020,20201207,6,147
7165,1,A,0,405120208020,20201207,6,148
7166,2,A,0,325120208020,20201207,6,149
7167,1,A,1,324020208020,20201207,6,150
7168,2,A,1,254020208020,20201207,6,151
7169,1,A,0,253220208020,20201207,6,152
7170,2,A,0,203220208020,20201207,6,153
7171,5,C,1,508020208020,20201207,6,154
7172,6,C,0,508020206420,20201207,6,155
7173,5,C,1,508020206416,20201207,6,156
7174,6,C,0,508020205116,20201207,6,157
7175,5,C,1,508020205112,20201207,6,158
7176,2,A,0,508020208020,20201207,6,159
7177,1,A,0,506420208020,20201207,6,160
7178,2,A,0,406420208020,20201207,6,161
7179,1,A,1,405120208020,20201207,6,162
7180,2,A,0,325120208020,20201207,6,163
7181,1,A,0,324020208020,20201207,6,164
7182,5,C,1,508020208020,20201207,6,165
7183,6,C,0,508020206420,20201207,6,166
7184,5,C,0,508020206416,20201207,6,167
7185,6,C,0,508020205116,20201207,6,168
7186,5,C,0,508020205112,20201207,6,169
7187,2,A,1,508020208020,20201207,6,170
7188,1,A,1,506420208020,20201207,6,171
7189,2,A,0,406420208020,20201207,6,172
7190,1,A,1,405120208020,20201207,6,173
7191,2,A,0,325120208020,20201207,6,174
7192,1,A,1,324020208020,20201207,6,175
7193,2,A,0,254020208020,20201207,6,176
7194,1,A,1,253220208020,20201207,6,177
7195,5,C,1,508020208020,20201207,6,178
7196,6,C,0,508020206420,20201207,6,179
7197,5,C,1,508020206416,20201207,6,180
7198,2,A,0,508020208020,20201207,6,181
7199,1,A,0,506420208020,20201207,6,182
7200,2,A,1,406420208020,20201207,6,183
7201,1,A,0,405120208020,20201207,6,184
7202,2,A,0,325120208020,20201207,6,185
7203,1,A,1,324020208020,20201207,6,186
7204,2,A,0,254020208020,20201207,6,187
7205,1,A,0,253220208020,20201207,6,188
7206,5,C,0,508020208020,20201207,6,189
7207,6,C,0,508020206420,20201207,6,190
7208,5,C,1,508020206416,20201207,6,191
7209,2,A,1,508020208020,20201207,6,192
7210,1,A,0,506420208020,20201207,6,193
7211,2,A,0,406420208020,20201207,6,194
7212,1,A,1,405120208020,20201207,6,195
7213,2,A,0,325120208020,20201207,6,196
7214,1,A,0,324020208020,20201207,6,197
7215,5,C,1,508020208020,20201207,6,198
7216,6,C,0,508020206420,20201207,6,199
7217,5,C,0,508020206416,20201207,6,200
7218,2,A,0,508020208020,20201207,6,201
7219,1,A,1,506420208020,20201207,6,202
7220,2,A,0,406420208020,20201207,6,203
7221,1,A,0,405120208020,20201207,6,204
7222,5,C,1,508020208020,20201207,6,205
7223,6,C,0,508020206420,20201207,6,206
7224,5,C,0,508020206416,20201207,6,207
7225,2,A,0,508020208020,20201207,6,208
7226,1,A,0,506420208020,20201207,6,209
7227,2,A,1,406420208020,20201207,6,210
7228,1,A,0,405120208020,20201207,6,211
7229,2,A,0,325120208020,20201207,6,212
7230,1,A,0,324020208020,20201207,6,213
7231,5,C,1,508020208020,20201207,6,214
7232,6,C,0,508020206420,20201207,6,215
7233,5,C,1,508020206416,20201207,6,216
7234,2,A,0,508020208020,20201207,6,217
7235,1,A,1,506420208020,20201207,6,218
7236,2,A,1,406420208020,20201207,6,219
7237,1,A,0,405120208020,20201207,6,220
7238,2,A,1,325120208020,20201207,6,221
7239,1,A,0,324020208020,20201207,6,222
7240,2,A,1,254020208020,20201207,6,223
7241,1,A,0,253220208020,20201207,6,224
7242,2,A,1,203220208020,20201207,6,225
7243,1,A,0,202620208020,20201207,6,226
7244,2,A,1,162620208020,20201207,6,227
7245,1,A,0,162020208020,20201207,6,228
7246,2,A,1,132020208020,20201207,6,229
7247,5,C,0,508020208020,20201207,6,230
7248,6,C,0,508020206420,20201207,6,231
7249,5,C,1,508020206416,20201207,6,232
7250,6,C,0,508020205116,20201207,6,233
7251,5,C,1,508020205112,20201207,6,234
7252,2,A,0,508020208020,20201207,6,235
7253,1,A,1,506420208020,20201207,6,236
7254,2,A,1,406420208020,20201207,6,237
7255,1,A,1,405120208020,20201207,6,238
7256,2,A,0,325120208020,20201207,6,239
7257,1,A,0,324020208020,20201207,6,240
7258,2,A,0,254020208020,20201207,6,241
7259,1,A,0,253220208020,20201207,6,242
7260,2,A,1,203220208020,20201207,6,243
7261,1,A,0,202620208020,20201207,6,244
7262,2,A,0,162620208020,20201207,6,245
7263,1,A,0,162020208020,20201207,6,246
7264,2,A,0,132020208020,20201207,6,247
7265,5,C,1,508020208020,20201207,6,248
7266,6,C,0,508020206420,20201207,6,249
7267,5,C,1,508020206416,20201207,6,250
7268,2,A,1,508020208020,20201207,6,251
7269,1,A,1,506420208020,20201207,6,252
7270,2,A,1,406420208020,20201207,6,253
7271,1,A,1,405120208020,20201207,6,254
7272,2,A,0,325120208020,20201207,6,255
7273,1,A,1,324020208020,20201207,6,256
7274,2,A,1,254020208020,20201207,6,257
7275,1,A,0,253220208020,20201207,6,258
7276,2,A,0,203220208020,20201207,6,259
7277,1,A,0,202620208020,20201207,6,260
7278,2,A,0,162620208020,20201207,6,261
7279,5,C,1,508020208020,20201207,6,262
7280,6,C,0,508020206420,20201207,6,263
7281,5,C,1,508020206416,20201207,6,264
7282,6,C,0,508020205116,20201207,6,265
7283,5,C,0,508020205112,20201207,6,266
7284,2,A,1,508020208020,20201207,6,267
7285,1,A,0,506420208020,20201207,6,268
7286,2,A,1,406420208020,20201207,6,269
7287,1,A,0,405120208020,20201207,6,270
7288,2,A,1,325120208020,20201207,6,271
7289,1,A,1,324020208020,20201207,6,272
7290,2,A,0,254020208020,20201207,6,273
7291,1,A,1,253220208020,20201207,6,274
7292,2,A,1,203220208020,20201207,6,275
7293,1,A,1,202620208020,20201207,6,276
7294,2,A,0,162620208020,20201207,6,277
7295,1,A,0,162020208020,20201207,6,278
7296,2,A,0,132020208020,20201207,6,279
7297,1,A,0,131620208020,20201207,6,280
7298,5,C,1,508020208020,20201207,6,281
7299,6,C,0,508020206420,20201207,6,282
7300,5,C,1,508020206416,20201207,6,283
7301,6,C,0,508020205116,20201207,6,284
7302,5,C,1,508020205112,20201207,6,285
7303,6,C,1,508020204012,20201207,6,286
7304,5,C,0,508020204010,20201207,6,287
7305,6,C,1,508020203210,20201207,6,288
7306,5,C,0,508020203208,20201207,6,289
7307,6,C,0,508020202608,20201207,6,290
7308,5,C,0,508020202606,20201207,6,291
7309,2,A,1,508020208020,20201207,6,292
7310,1,A,0,506420208020,20201207,6,293
7311,2,A,1,406420208020,20201207,6,294
7312,1,A,0,405120208020,20201207,6,295
7313,2,A,1,325120208020,20201207,6,296
7314,1,A,1,324020208020,20201207,6,297
7315,2,A,0,254020208020,20201207,6,298
7316,1,A,1,253220208020,20201207,6,299
7317,4,B,1,205080202020,20201208,1,0
7318,3,B,1,205080162020,20201208,1,1
7319,2,A,0,205080202020,20201208,1,2
7320,1,A,0,204080202020,20201208,1,3
7321,2,A,0,164080202020,20201208,1,4
7322,5,C,0,205080202020,20201208,1,5
7323,6,C,1,205080201620,20201208,1,6
7324,5,C,0,205080201616,20201208,1,7
7325,6,C,0,205080201216,20201208,1,8
7326,4,B,0,205080202020,20201208,1,9
7327,3,B,1,205080162020,20201208,1,10
7328,4,B,0,205064162020,20201208,1,11
7329,3,B,1,205064122020,20201208,1,12
7330,1,A,0,205080202020,20201208,1,13
7331,2,A,0,165080202020,20201208,1,14
7332,5,C,0,205080202020,20201208,1,15
7333,6,C,1,205080201620,20201208,1,16
7334,5,C,0,205080201616,20201208,1,17
7335,6,C,0,205080201216,20201208,1,18
7336,3,B,1,205080202020,20201208,1,19
7337,4,B,1,205064202020,20201208,1,20
7338,3,B,0,205064162020,20201208,1,21
7339,4,B,0,205051162020,20201208,1,22
7340,3,B,0,205051122020,20201208,1,23
7341,1,A,1,205080202020,20201208,1,24
7342,2,A,0,165080202020,20201208,1,25
7343,1,A,0,164080202020,20201208,1,26
7344,6,C,1,205080202020,20201208,1,27
7345,5,C,1,205080202016,20201208,1,28
7346,6,C,1,205080201616,20201208,1,29
7347,5,C,0,205080201612,20201208,1,30
7348,6,C,0,205080201212,20201208,1,31
7349,4,B,0,205080202020,20201208,1,32
7350,3,B,1,205080162020,20201208,1,33
7351,4,B,0,205064162020,20201208,1,34
7352,3,B,1,205064122020,20201208,1,35
7353,6,C,0,205080202020,20201208,1,36
7354,5,C,0,205080202016,20201208,1,37
7355,3,B,1,205080202020,20201208,1,38
7356,4,B,0,205064202020,20201208,1,39
7357,3,B,0,205064162020,20201208,1,40
7358,2,A,0,205080202020,20201208,1,41
7359,1,A,0,204080202020,20201208,1,42
7360,6,C,0,205080202020,20201208,1,43
7361,5,C,0,205080202016,20201208,1,44
7362,3,B,1,205080202020,20201208,1,45
7363,4,B,0,205064202020,20201208,1,46
7364,3,B,1,205064162020,20201208,1,47
7365,5,C,1,205080202020,20201208,1,48
7366,6,C,1,205080201620,20201208,1,49
7367,5,C,1,205080201616,20201208,1,50
7368,6,C,1,205080201216,20201208,1,51
7369,5,C,0,205080201212,20201208,1,52
7370,6,C,0,205080201012,20201208,1,53
7371,3,B,1,205080202020,20201208,1,54
7372,4,B,0,205064202020,20201208,1,55
7373,3,B,1,205064162020,20201208,1,56
7374,5,C,0,205080202020,20201208,1,57
7375,6,C,0,205080201620,20201208,1,58
7376,5,C,0,205080201616,20201208,1,59
7377,3,B,1,205080202020,20201208,1,60
7378,4,B,0,205064202020,20201208,1,61
7379,3,B,1,205064162020,20201208,1,62
7380,4,B,1,205051162020,20201208,1,63
7381,3,B,0,205051122020,20201208,1,64
7382,4,B,0,205040122020,20201208,1,65
7383,5,C,0,205080202020,20201208,1,66
7384,6,C,0,205080201620,20201208,1,67
7385,2,A,1,205080202020,20201208,1,68
7386,1,A,0,204080202020,20201208,1,69
7387,4,B,0,205080202020,20201208,1,70
7388,3,B,1,205080162020,20201208,1,71
7389,4,B,0,205064162020,20201208,1,72
7390,3,B,1,205064122020,20201208,1,73
7391,6,C,0,205080202020,20201208,1,74
7392,5,C,0,205080202016,20201208,1,75
7393,6,C,0,205080201616,20201208,1,76
7394,3,B,1,205080202020,20201208,1,77
7395,4,B,0,205064202020,20201208,1,78
7396,3,B,0,205064162020,20201208,1,79
7397,6,C,1,205080202020,20201208,1,80
7398,5,C,0,205080202016,20201208,1,81
7399,6,C,0,205080201616,20201208,1,82
7400,3,B,1,205080202020,20201208,1,83
7401,4,B,0,205064202020,20201208,1,84
7402,3,B,1,205064162020,20201208,1,85
7403,4,B,0,205051162020,20201208,1,86
7404,3,B,1,205051122020,20201208,1,87
7405,1,A,1,205080202020,20201208,1,88
7406,2,A,0,165080202020,20201208,1,89
7407,3,B,1,205080202020,20201208,1,90
7408,4,B,1,205064202020,20201208,1,91
7409,3,B,0,205064162020,20201208,1,92
7410,4,B,0,205051162020,20201208,1,93
7411,3,B,0,205051122020,20201208,1,94
7412,6,C,1,205080202020,20201208,1,95
7413,5,C,0,205080202016,20201208,1,96
7414,6,C,0,205080201616,20201208,1,97
7415,3,B,1,205080202020,20201208,1,98
7416,4,B,1,205064202020,20201208,1,99
7417,3,B,1,205064162020,20201208,1,100
7418,4,B,0,205051162020,20201208,1,101
7419,3,B,0,205051122020,20201208,1,102
7420,6,C,0,205080202020,20201208,1,103
7421,5,C,0,205080202016,20201208,1,104
7422,3,B,1,205080202020,20201208,1,105
7423,4,B,0,205064202020,20201208,1,106
7424,3,B,1,205064162020,20201208,1,107
7425,4,B,1,205051162020,20201208,1,108
7426,3,B,1,205051122020,20201208,1,109
7427,4,B,0,205040122020,20201208,1,110
7428,2,A,0,205080202020,20201208,1,111
7429,1,A,0,204080202020,20201208,1,112
7430,3,B,1,205080202020,20201208,1,113
7431,4,B,1,205064202020,20201208,1,114
7432,3,B,1,205064162020,20201208,1,115
7433,4,B,0,205051162020,20201208,1,116
7434,3,B,1,205051122020,20201208,1,117
7435,4,B,0,205040122020,20201208,1,118
7436,3,B,1,205040102020,20201208,1,119
7437,4,B,0,205032102020,20201208,1,120
7438,3,B,0,205032082020,20201208,1,121
7439,6,C,1,205080202020,20201208,1,122
7440,5,C,0,205080202016,20201208,1,123
7441,6,C,0,205080201616,20201208,1,124
7442,3,B,1,205080202020,20201208,1,125
7443,4,B,0,205064202020,20201208,1,126
7444,3,B,1,205064162020,20201208,1,127
7445,4,B,0,205051162020,20201208,1,128
7446,3,B,0,205051122020,20201208,1,129
7447,6,C,0,205080202020,20201208,1,130
7448,5,C,0,205080202016,20201208,1,131
7449,3,B,1,205080202020,20201208,1,132
7450,4,B,1,205064202020,20201208,1,133
7451,3,B,1,205064162020,20201208,1,134
7452,4,B,0,205051162020,20201208,1,135
7453,3,B,0,205051122020,20201208,1,136
7454,6,C,0,205080202020,20201208,1,137
7455,5,C,1,205080202016,20201208,1,138
7456,6,C,0,205080201616,20201208,1,139
7457,5,C,1,205080201612,20201208,1,140
7458,3,B,1,205080202020,20201208,1,141
7459,4,B,1,205064202020,20201208,1,142
7460,3,B,1,205064162020,20201208,1,143
7461,4,B,0,205051162020,20201208,1,144
7462,3,B,0,205051122020,20201208,1,145
7463,6,C,0,205080202020,20201208,1,146
7464,5,C,0,205080202016,20201208,1,147
7465,3,B,1,205080202020,20201208,1,148
7466,4,B,0,205064202020,20201208,1,149
7467,3,B,0,205064162020,20201208,1,150
7468,4,B,0,205051162020,20201208,1,151
7469,3,B,1,205051122020,20201208,1,152
7470,6,C,0,205080202020,20201208,1,153
7471,5,C,0,205080202016,20201208,1,154
7472,3,B,1,205080202020,20201208,1,155
7473,4,B,0,205064202020,20201208,1,156
7474,3,B,0,205064162020,20201208,1,157
7475,4,B,0,205051162020,20201208,1,158
7476,3,B,1,205051122020,20201208,1,159
7477,2,A,0,205080202020,20201208,1,160
7478,1,A,0,204080202020,20201208,1,161
7479,3,B,1,205080202020,20201208,1,162
7480,4,B,0,205064202020,20201208,1,163
7481,3,B,1,205064162020,20201208,1,164
7482,4,B,0,205051162020,20201208,1,165
7483,3,B,1,205051122020,20201208,1,166
7484,6,C,0,205080202020,20201208,1,167
7485,5,C,0,205080202016,20201208,1,168
7486,3,B,1,205080202020,20201208,1,169
7487,4,B,0,205064202020,20201208,1,170
7488,3,B,0,205064162020,20201208,1,171
7489,5,C,0,205080202020,20201208,1,172
7490,6,C,0,205080201620,20201208,1,173
7491,3,B,1,205080202020,20201208,1,174
7492,4,B,0,205064202020,20201208,1,175
7493,3,B,1,205064162020,20201208,1,176
7494,4,B,0,205051162020,20201208,1,177
7495,3,B,1,205051122020,20201208,1,178
7496,6,C,0,205080202020,20201208,1,179
7497,5,C,1,205080202016,20201208,1,180
7498,6,C,0,205080201616,20201208,1,181
7499,5,C,0,205080201612,20201208,1,182
7500,3,B,1,205080202020,20201208,1,183
7501,4,B,1,205064202020,20201208,1,184
7502,3,B,1,205064162020,20201208,1,185
7503,4,B,0,205051162020,20201208,1,186
7504,3,B,1,205051122020,20201208,1,187
7505,4,B,0,205040122020,20201208,1,188
7506,3,B,1,205040102020,20201208,1,189
7507,4,B,0,205032102020,20201208,1,190
7508,3,B,1,205032082020,20201208,1,191
7509,4,B,0,205026082020,20201208,1,192
7510,3,B,0,205026062020,20201208,1,193
7511,2,A,0,205080202020,20201208,1,194
7512,1,A,1,204080202020,20201208,1,195
7513,2,A,0,164080202020,20201208,1,196
7514,3,B,1,205080202020,20201208,1,197
7515,4,B,0,205064202020,20201208,1,198
7516,3,B,1,205064162020,20201208,1,199
7517,4,B,0,205051162020,20201208,1,200
7518,3,B,1,205051122020,20201208,1,201
7519,4,B,0,205040122020,20201208,1,202
7520,3,B,1,205040102020,20201208,1,203
7521,4,B,0,205032102020,20201208,1,204
7522,3,B,1,205032082020,20201208,1,205
7523,6,C,1,205080202020,20201208,1,206
7524,5,C,1,205080202016,20201208,1,207
7525,6,C,0,205080201616,20201208,1,208
7526,5,C,0,205080201612,20201208,1,209
7527,3,B,1,205080202020,20201208,1,210
7528,4,B,0,205064202020,20201208,1,211
7529,3,B,1,205064162020,20201208,1,212
7530,4,B,1,205051162020,20201208,1,213
7531,3,B,1,205051122020,20201208,1,214
7532,4,B,1,205040122020,20201208,1,215
7533,3,B,1,205040102020,20201208,1,216
7534,4,B,0,205032102020,20201208,1,217
7535,3,B,0,205032082020,20201208,1,218
7536,4,B,0,205026082020,20201208,1,219
7537,3,B,0,205026062020,20201208,1,220
7538,4,B,0,205020062020,20201208,1,221
7539,6,C,0,205080202020,20201208,1,222
7540,5,C,0,205080202016,20201208,1,223
7541,3,B,1,205080202020,20201208,1,224
7542,4,B,0,205064202020,20201208,1,225
7543,3,B,1,205064162020,20201208,1,226
7544,4,B,0,205051162020,20201208,1,227
7545,3,B,1,205051122020,20201208,1,228
7546,4,B,0,205040122020,20201208,1,229
7547,3,B,1,205040102020,20201208,1,230
7548,6,C,0,205080202020,20201208,1,231
7549,5,C,0,205080202016,20201208,1,232
7550,3,B,1,205080202020,20201208,1,233
7551,4,B,0,205064202020,20201208,1,234
7552,3,B,1,205064162020,20201208,1,235
7553,4,B,0,205051162020,20201208,1,236
7554,3,B,0,205051122020,20201208,1,237
7555,4,B,0,205040122020,20201208,1,238
7556,3,B,1,205040102020,20201208,1,239
7557,6,C,0,205080202020,20201208,1,240
7558,5,C,0,205080202016,20201208,1,241
7559,3,B,1,205080202020,20201208,1,242
7560,4,B,0,205064202020,20201208,1,243
7561,3,B,0,205064162020,20201208,1,244
7562,4,B,1,205051162020,20201208,1,245
7563,3,B,0,205051122020,20201208,1,246
7564,4,B,0,205040122020,20201208,1,247
7565,3,B,1,205040102020,20201208,1,248
7566,4,B,0,205032102020,20201208,1,249
7567,3,B,1,205032082020,20201208,1,250
7568,6,C,1,205080202020,20201208,1,251
7569,5,C,0,205080202016,20201208,1,252
7570,3,B,1,205080202020,20201208,1,253
7571,4,B,0,205064202020,20201208,1,254
7572,3,B,1,205064162020,20201208,1,255
7573,4,B,0,205051162020,20201208,1,256
7574,3,B,0,205051122020,20201208,1,257
7575,4,B,0,205040122020,20201208,1,258
7576,3,B,1,205040102020,20201208,1,259
7577,4,B,0,205032102020,20201208,1,260
7578,3,B,0,205032082020,20201208,1,261
7579,4,B,0,205026082020,20201208,1,262
7580,3,B,1,205026062020,20201208,1,263
7581,6,C,1,205080202020,20201208,1,264
7582,5,C,0,205080202016,20201208,1,265
7583,6,C,0,205080201616,20201208,1,266
7584,3,B,1,205080202020,20201208,1,267
7585,4,B,0,205064202020,20201208,1,268
7586,3,B,0,205064162020,20201208,1,269
7587,4,B,0,205051162020,20201208,1,270
7588,3,B,0,205051122020,20201208,1,271
7589,1,A,0,205080202020,20201208,1,272
7590,2,A,0,165080202020,20201208,1,273
7591,1,A,0,164080202020,20201208,1,274
7592,3,B,1,205080202020,20201208,1,275
7593,4,B,0,205064202020,20201208,1,276
7594,3,B,0,205064162020,20201208,1,277
7595,4,B,0,205051162020,20201208,1,278
7596,3,B,0,205051122020,20201208,1,279
7597,6,C,0,205080202020,20201208,1,280
7598,5,C,1,205080202016,20201208,1,281
7599,6,C,0,205080201616,20201208,1,282
7600,5,C,0,205080201612,20201208,1,283
7601,3,B,1,205080202020,20201208,1,284
7602,4,B,0,205064202020,20201208,1,285
7603,3,B,1,205064162020,20201208,1,286
7604,4,B,0,205051162020,20201208,1,287
7605,3,B,0,205051122020,20201208,1,288
7606,4,B,0,205040122020,20201208,1,289
7607,3,B,1,205040102020,20201208,1,290
7608,6,C,0,205080202020,20201208,1,291
7609,5,C,0,205080202016,20201208,1,292
7610,3,B,0,205080202020,20201208,1,293
7611,4,B,0,205064202020,20201208,1,294
7612,3,B,1,205064162020,20201208,1,295
7613,6,C,0,205080202020,20201208,1,296
7614,5,C,0,205080202016,20201208,1,297
7615,6,C,1,205080201616,20201208,1,298
7616,5,C,0,205080201612,20201208,1,299
7617,1,A,1,502020805080,20201208,2,0
7618,2,A,0,402020805080,20201208,2,1
7619,1,A,0,401620805080,20201208,2,2
7620,5,C,0,502020805080,20201208,2,3
7621,6,C,1,502020804080,20201208,2,4
7622,5,C,1,502020804064,20201208,2,5
7623,3,B,0,502020805080,20201208,2,6
7624,4,B,1,502016805080,20201208,2,7
7625,3,B,0,502016645080,20201208,2,8
7626,4,B,1,502012645080,20201208,2,9
7627,3,B,0,502012515080,20201208,2,10
7628,4,B,0,502010515080,20201208,2,11
7629,1,A,1,502020805080,20201208,2,12
7630,2,A,0,402020805080,20201208,2,13
7631,1,A,0,401620805080,20201208,2,14
7632,2,A,0,321620805080,20201208,2,15
7633,4,B,1,502020805080,20201208,2,16
7634,3,B,0,502020645080,20201208,2,17
7635,4,B,1,502016645080,20201208,2,18
7636,3,B,0,502016515080,20201208,2,19
7637,4,B,1,502012515080,20201208,2,20
7638,3,B,0,502012405080,20201208,2,21
7639,4,B,1,502010405080,20201208,2,22
7640,3,B,0,502010325080,20201208,2,23
7641,4,B,0,502008325080,20201208,2,24
7642,1,A,1,502020805080,20201208,2,25
7643,2,A,1,402020805080,20201208,2,26
7644,1,A,1,401620805080,20201208,2,27
7645,2,A,0,321620805080,20201208,2,28
7646,1,A,0,321220805080,20201208,2,29
7647,6,C,1,502020805080,20201208,2,30
7648,5,C,0,502020805064,20201208,2,31
7649,6,C,1,502020804064,20201208,2,32
7650,5,C,0,502020804051,20201208,2,33
7651,6,C,0,502020803251,20201208,2,34
7652,2,A,0,502020805080,20201208,2,35
7653,1,A,0,501620805080,20201208,2,36
7654,2,A,0,401620805080,20201208,2,37
7655,4,B,1,502020805080,20201208,2,38
7656,3,B,0,502020645080,20201208,2,39
7657,4,B,1,502016645080,20201208,2,40
7658,1,A,1,502020805080,20201208,2,41
7659,2,A,0,402020805080,20201208,2,42
7660,1,A,0,401620805080,20201208,2,43
7661,4,B,1,502020805080,20201208,2,44
7662,3,B,0,502020645080,20201208,2,45
7663,4,B,0,502016645080,20201208,2,46
7664,3,B,0,502016515080,20201208,2,47
7665,4,B,0,502012515080,20201208,2,48
7666,1,A,0,502020805080,20201208,2,49
7667,2,A,0,402020805080,20201208,2,50
7668,4,B,0,502020805080,20201208,2,51
7669,6,C,1,502020805080,20201208,2,52
7670,5,C,0,502020805064,20201208,2,53
7671,6,C,1,502020804064,20201208,2,54
7672,1,A,1,502020805080,20201208,2,55
7673,2,A,0,402020805080,20201208,2,56
7674,1,A,0,401620805080,20201208,2,57
7675,4,B,0,502020805080,20201208,2,58
7676,3,B,0,502020645080,20201208,2,59
7677,4,B,1,502016645080,20201208,2,60
7678,3,B,0,502016515080,20201208,2,61
7679,4,B,1,502012515080,20201208,2,62
7680,1,A,1,502020805080,20201208,2,63
7681,2,A,0,402020805080,20201208,2,64
7682,1,A,0,401620805080,20201208,2,65
7683,4,B,1,502020805080,20201208,2,66
7684,3,B,0,502020645080,20201208,2,67
7685,4,B,1,502016645080,20201208,2,68
7686,1,A,0,502020805080,20201208,2,69
7687,2,A,0,402020805080,20201208,2,70
7688,1,A,1,401620805080,20201208,2,71
7689,4,B,1,502020805080,20201208,2,72
7690,3,B,0,502020645080,20201208,2,73
7691,4,B,0,502016645080,20201208,2,74
7692,1,A,0,502020805080,20201208,2,75
7693,4,B,1,502020805080,20201208,2,76
7694,3,B,1,502020645080,20201208,2,77
7695,4,B,0,502016645080,20201208,2,78
7696,3,B,0,502016515080,20201208,2,79
7697,4,B,0,502012515080,20201208,2,80
7698,1,A,1,502020805080,20201208,2,81
7699,2,A,0,402020805080,20201208,2,82
7700,1,A,0,401620805080,20201208,2,83
7701,2,A,0,321620805080,20201208,2,84
7702,1,A,0,321220805080,20201208,2,85
7703,6,C,1,502020805080,20201208,2,86
7704,5,C,0,502020805064,20201208,2,87
7705,6,C,1,502020804064,20201208,2,88
7706,4,B,1,502020805080,20201208,2,89
7707,3,B,0,502020645080,20201208,2,90
7708,4,B,0,502016645080,20201208,2,91
7709,1,A,1,502020805080,20201208,2,92
7710,2,A,0,402020805080,20201208,2,93
7711,1,A,0,401620805080,20201208,2,94
7712,4,B,0,502020805080,20201208,2,95
7713,3,B,0,502020645080,20201208,2,96
7714,4,B,1,502016645080,20201208,2,97
7715,6,C,1,502020805080,20201208,2,98
7716,5,C,0,502020805064,20201208,2,99
7717,6,C,1,502020804064,20201208,2,100
7718,4,B,1,502020805080,20201208,2,101
7719,3,B,1,502020645080,20201208,2,102
7720,4,B,1,502016645080,20201208,2,103
7721,3,B,0,502016515080,20201208,2,104
7722,4,B,1,502012515080,20201208,2,105
7723,1,A,0,502020805080,20201208,2,106
7724,4,B,1,502020805080,20201208,2,107
7725,3,B,0,502020645080,20201208,2,108
7726,4,B,0,502016645080,20201208,2,109
7727,6,C,1,502020805080,20201208,2,110
7728,5,C,0,502020805064,20201208,2,111
7729,6,C,0,502020804064,20201208,2,112
7730,4,B,1,502020805080,20201208,2,113
7731,3,B,0,502020645080,20201208,2,114
7732,4,B,1,502016645080,20201208,2,115
7733,1,A,1,502020805080,20201208,2,116
7734,4,B,1,502020805080,20201208,2,117
7735,3,B,1,502020645080,20201208,2,118
7736,4,B,0,502016645080,20201208,2,119
7737,3,B,0,502016515080,20201208,2,120
7738,4,B,0,502012515080,20201208,2,121
7739,6,C,1,502020805080,20201208,2,122
7740,5,C,0,502020805064,20201208,2,123
7741,6,C,1,502020804064,20201208,2,124
7742,4,B,1,502020805080,20201208,2,125
7743,3,B,0,502020645080,20201208,2,126
7744,4,B,1,502016645080,20201208,2,127
7745,6,C,1,502020805080,20201208,2,128
7746,5,C,1,502020805064,20201208,2,129
7747,6,C,0,502020804064,20201208,2,130
7748,4,B,1,502020805080,20201208,2,131
7749,3,B,1,502020645080,20201208,2,132
7750,4,B,0,502016645080,20201208,2,133
7751,3,B,1,502016515080,20201208,2,134
7752,4,B,0,502012515080,20201208,2,135
7753,3,B,0,502012405080,20201208,2,136
7754,4,B,1,502010405080,20201208,2,137
7755,6,C,1,502020805080,20201208,2,138
7756,4,B,0,502020805080,20201208,2,139
7757,3,B,0,502020645080,20201208,2,140
7758,4,B,0,502016645080,20201208,2,141
7759,6,C,1,502020805080,20201208,2,142
7760,4,B,1,502020805080,20201208,2,143
7761,3,B,0,502020645080,20201208,2,144
7762,4,B,0,502016645080,20201208,2,145
7763,1,A,0,502020805080,20201208,2,146
7764,4,B,1,502020805080,20201208,2,147
7765,3,B,0,502020645080,20201208,2,148
7766,4,B,0,502016645080,20201208,2,149
7767,6,C,1,502020805080,20201208,2,150
7768,5,C,0,502020805064,20201208,2,151
7769,6,C,1,502020804064,20201208,2,152
7770,4,B,0,502020805080,20201208,2,153
7771,3,B,1,502020645080,20201208,2,154
7772,4,B,0,502016645080,20201208,2,155
7773,3,B,0,502016515080,20201208,2,156
7774,4,B,0,502012515080,20201208,2,157
7775,1,A,1,502020805080,20201208,2,158
7776,2,A,0,402020805080,20201208,2,159
7777,1,A,0,401620805080,20201208,2,160
7778,6,C,0,502020805080,20201208,2,161
7779,5,C,0,502020805064,20201208,2,162
7780,6,C,1,502020804064,20201208,2,163
7781,4,B,1,502020805080,20201208,2,164
7782,3,B,1,502020645080,20201208,2,165
7783,4,B,1,502016645080,20201208,2,166
7784,3,B,0,502016515080,20201208,2,167
7785,4,B,0,502012515080,20201208,2,168
7786,6,C,1,502020805080,20201208,2,169
7787,5,C,0,502020805064,20201208,2,170
7788,6,C,0,502020804064,20201208,2,171
7789,4,B,1,502020805080,20201208,2,172
7790,3,B,0,502020645080,20201208,2,173
7791,4,B,0,502016645080,20201208,2,174
7792,6,C,1,502020805080,20201208,2,175
7793,4,B,0,502020805080,20201208,2,176
7794,3,B,0,502020645080,20201208,2,177
7795,4,B,1,502016645080,20201208,2,178
7796,6,C,1,502020805080,20201208,2,179
7797,5,C,0,502020805064,20201208,2,180
7798,6,C,0,502020804064,20201208,2,181
7799,4,B,1,502020805080,20201208,2,182
7800,3,B,0,502020645080,20201208,2,183
7801,4,B,0,502016645080,20201208,2,184
7802,1,A,0,502020805080,20201208,2,185
7803,4,B,1,502020805080,20201208,2,186
7804,3,B,0,502020645080,20201208,2,187
7805,4,B,0,502016645080,20201208,2,188
7806,6,C,1,502020805080,20201208,2,189
7807,4,B,1,502020805080,20201208,2,190
7808,3,B,1,502020645080,20201208,2,191
7809,4,B,1,502016645080,20201208,2,192
7810,3,B,0,502016515080,20201208,2,193
7811,4,B,0,502012515080,20201208,2,194
7812,6,C,1,502020805080,20201208,2,195
7813,5,C,0,502020805064,20201208,2,196
7814,6,C,1,502020804064,20201208,2,197
7815,4,B,1,502020805080,20201208,2,198
7816,3,B,0,502020645080,20201208,2,199
7817,4,B,0,502016645080,20201208,2,200
7818,6,C,1,502020805080,20201208,2,201
7819,1,A,0,502020805080,20201208,2,202
7820,4,B,0,502020805080,20201208,2,203
7821,3,B,0,502020645080,20201208,2,204
7822,4,B,1,502016645080,20201208,2,205
7823,3,B,0,502016515080,20201208,2,206
7824,4,B,0,502012515080,20201208,2,207
7825,6,C,1,502020805080,20201208,2,208
7826,4,B,0,502020805080,20201208,2,209
7827,3,B,0,502020645080,20201208,2,210
7828,4,B,1,502016645080,20201208,2,211
7829,6,C,1,502020805080,20201208,2,212
7830,4,B,1,502020805080,20201208,2,213
7831,3,B,0,502020645080,20201208,2,214
7832,4,B,1,502016645080,20201208,2,215
7833,6,C,1,502020805080,20201208,2,216
7834,5,C,1,502020805064,20201208,2,217
7835,6,C,0,502020804064,20201208,2,218
7836,5,C,0,502020804051,20201208,2,219
7837,6,C,1,502020803251,20201208,2,220
7838,4,B,1,502020805080,20201208,2,221
7839,3,B,0,502020645080,20201208,2,222
7840,4,B,1,502016645080,20201208,2,223
7841,6,C,0,502020805080,20201208,2,224
7842,4,B,1,502020805080,20201208,2,225
7843,3,B,0,502020645080,20201208,2,226
7844,4,B,1,502016645080,20201208,2,227
7845,6,C,1,502020805080,20201208,2,228
7846,5,C,1,502020805064,20201208,2,229
7847,6,C,0,502020804064,20201208,2,230
7848,5,C,1,502020804051,20201208,2,231
7849,6,C,1,502020803251,20201208,2,232
7850,4,B,1,502020805080,20201208,2,233
7851,3,B,0,502020645080,20201208,2,234
7852,4,B,0,502016645080,20201208,2,235
7853,6,C,0,502020805080,20201208,2,236
7854,5,C,1,502020805064,20201208,2,237
7855,6,C,1,502020804064,20201208,2,238
7856,5,C,1,502020804051,20201208,2,239
7857,6,C,0,502020803251,20201208,2,240
7858,5,C,0,502020803240,20201208,2,241
7859,4,B,0,502020805080,20201208,2,242
7860,3,B,0,502020645080,20201208,2,243
7861,4,B,1,502016645080,20201208,2,244
7862,6,C,1,502020805080,20201208,2,245
7863,5,C,1,502020805064,20201208,2,246
7864,6,C,1,502020804064,20201208,2,247
7865,5,C,1,502020804051,20201208,2,248
7866,6,C,0,502020803251,20201208,2,249
7867,5,C,0,502020803240,20201208,2,250
7868,6,C,0,502020802540,20201208,2,251
7869,4,B,1,502020805080,20201208,2,252
7870,3,B,1,502020645080,20201208,2,253
7871,4,B,1,502016645080,20201208,2,254
7872,3,B,0,502016515080,20201208,2,255
7873,4,B,0,502012515080,20201208,2,256
7874,6,C,1,502020805080,20201208,2,257
7875,5,C,0,502020805064,20201208,2,258
7876,6,C,1,502020804064,20201208,2,259
7877,5,C,0,502020804051,20201208,2,260
7878,6,C,0,502020803251,20201208,2,261
7879,5,C,0,502020803240,20201208,2,262
7880,6,C,1,502020802540,20201208,2,263
7881,4,B,1,502020805080,20201208,2,264
7882,3,B,0,502020645080,20201208,2,265
7883,4,B,1,502016645080,20201208,2,266
7884,3,B,0,502016515080,20201208,2,267
7885,4,B,1,502012515080,20201208,2,268
7886,6,C,1,502020805080,20201208,2,269
7887,5,C,0,502020805064,20201208,2,270
7888,6,C,1,502020804064,20201208,2,271
7889,5,C,1,502020804051,20201208,2,272
7890,6,C,1,502020803251,20201208,2,273
7891,5,C,0,502020803240,20201208,2,274
7892,6,C,0,502020802540,20201208,2,275
7893,4,B,1,502020805080,20201208,2,276
7894,3,B,0,502020645080,20201208,2,277
7895,4,B,0,502016645080,20201208,2,278
7896,6,C,1,502020805080,20201208,2,279
7897,5,C,0,502020805064,20201208,2,280
7898,6,C,1,502020804064,20201208,2,281
7899,4,B,1,502020805080,20201208,2,282
7900,3,B,1,502020645080,20201208,2,283
7901,4,B,1,502016645080,20201208,2,284
7902,3,B,0,502016515080,20201208,2,285
7903,4,B,1,502012515080,20201208,2,286
7904,6,C,1,502020805080,20201208,2,287
7905,5,C,0,502020805064,20201208,2,288
7906,6,C,1,502020804064,20201208,2,289
7907,4,B,1,502020805080,20201208,2,290
7908,3,B,0,502020645080,20201208,2,291
7909,4,B,1,502016645080,20201208,2,292
7910,6,C,1,502020805080,20201208,2,293
7911,5,C,0,502020805064,20201208,2,294
7912,6,C,1,502020804064,20201208,2,295
7913,4,B,1,502020805080,20201208,2,296
7914,3,B,1,502020645080,20201208,2,297
7915,4,B,0,502016645080,20201208,2,298
7916,3,B,0,502016515080,20201208,2,299
7917,4,B,0,802050202020,20201208,3,0
7918,3,B,0,802050162020,20201208,3,1
7919,1,A,0,802050202020,20201208,3,2
7920,2,A,1,642050202020,20201208,3,3
7921,1,A,1,641650202020,20201208,3,4
7922,6,C,0,802050202020,20201208,3,5
7923,5,C,0,802050202016,20201208,3,6
7924,6,C,0,802050201616,20201208,3,7
7925,4,B,0,802050202020,20201208,3,8
7926,3,B,0,802050162020,20201208,3,9
7927,1,A,0,802050202020,20201208,3,10
7928,2,A,1,642050202020,20201208,3,11
7929,1,A,1,641650202020,20201208,3,12
7930,2,A,0,511650202020,20201208,3,13
7931,1,A,1,511250202020,20201208,3,14
7932,2,A,0,401250202020,20201208,3,15
7933,1,A,0,401050202020,20201208,3,16
7934,3,B,1,802050202020,20201208,3,17
7935,4,B,0,802040202020,20201208,3,18
7936,3,B,0,802040162020,20201208,3,19
7937,4,B,1,802032162020,20201208,3,20
7938,3,B,0,802032122020,20201208,3,21
7939,4,B,0,802025122020,20201208,3,22
7940,1,A,1,802050202020,20201208,3,23
7941,2,A,0,642050202020,20201208,3,24
7942,1,A,1,641650202020,20201208,3,25
7943,2,A,0,511650202020,20201208,3,26
7944,1,A,0,511250202020,20201208,3,27
7945,6,C,0,802050202020,20201208,3,28
7946,5,C,0,802050202016,20201208,3,29
7947,6,C,0,802050201616,20201208,3,30
7948,2,A,0,802050202020,20201208,3,31
7949,1,A,1,801650202020,20201208,3,32
7950,4,B,0,802050202020,20201208,3,33
7951,3,B,0,802050162020,20201208,3,34
7952,4,B,0,802040162020,20201208,3,35
7953,3,B,1,802040122020,20201208,3,36
7954,4,B,0,802032122020,20201208,3,37
7955,3,B,0,802032102020,20201208,3,38
7956,1,A,1,802050202020,20201208,3,39
7957,2,A,0,642050202020,20201208,3,40
7958,1,A,1,641650202020,20201208,3,41
7959,2,A,0,511650202020,20201208,3,42
7960,1,A,1,511250202020,20201208,3,43
7961,3,B,1,802050202020,20201208,3,44
7962,4,B,1,802040202020,20201208,3,45
7963,3,B,0,802040162020,20201208,3,46
7964,4,B,0,802032162020,20201208,3,47
7965,1,A,1,802050202020,20201208,3,48
7966,2,A,0,642050202020,20201208,3,49
7967,1,A,1,641650202020,20201208,3,50
7968,2,A,0,511650202020,20201208,3,51
7969,1,A,0,511250202020,20201208,3,52
7970,4,B,0,802050202020,20201208,3,53
7971,3,B,1,802050162020,20201208,3,54
7972,4,B,0,802040162020,20201208,3,55
7973,3,B,0,802040122020,20201208,3,56
7974,1,A,1,802050202020,20201208,3,57
7975,2,A,0,642050202020,20201208,3,58
7976,1,A,1,641650202020,20201208,3,59
7977,4,B,0,802050202020,20201208,3,60
7978,3,B,1,802050162020,20201208,3,61
7979,4,B,0,802040162020,20201208,3,62
7980,3,B,1,802040122020,20201208,3,63
7981,1,A,0,802050202020,20201208,3,64
7982,2,A,1,642050202020,20201208,3,65
7983,1,A,1,641650202020,20201208,3,66
7984,2,A,0,511650202020,20201208,3,67
7985,1,A,0,511250202020,20201208,3,68
7986,4,B,0,802050202020,20201208,3,69
7987,3,B,0,802050162020,20201208,3,70
7988,4,B,0,802040162020,20201208,3,71
7989,3,B,1,802040122020,20201208,3,72
7990,4,B,0,802032122020,20201208,3,73
7991,3,B,0,802032102020,20201208,3,74
7992,1,A,1,802050202020,20201208,3,75
7993,2,A,0,642050202020,20201208,3,76
7994,1,A,0,641650202020,20201208,3,77
7995,4,B,0,802050202020,20201208,3,78
7996,3,B,1,802050162020,20201208,3,79
7997,4,B,0,802040162020,20201208,3,80
7998,3,B,1,802040122020,20201208,3,81
7999,1,A,1,802050202020,20201208,3,82
8000,2,A,0,642050202020,20201208,3,83
8001,1,A,0,641650202020,20201208,3,84
8002,4,B,0,802050202020,20201208,3,85
8003,3,B,1,802050162020,20201208,3,86
8004,4,B,0,802040162020,20201208,3,87
8005,3,B,1,802040122020,20201208,3,88
8006,4,B,0,802032122020,20201208,3,89
8007,3,B,1,802032102020,20201208,3,90
8008,1,A,1,802050202020,20201208,3,91
8009,2,A,1,642050202020,20201208,3,92
8010,1,A,0,641650202020,20201208,3,93
8011,2,A,0,511650202020,20201208,3,94
8012,1,A,1,511250202020,20201208,3,95
8013,4,B,0,802050202020,20201208,3,96
8014,3,B,1,802050162020,20201208,3,97
8015,4,B,0,802040162020,20201208,3,98
8016,3,B,0,802040122020,20201208,3,99
8017,1,A,0,802050202020,20201208,3,100
8018,2,A,0,642050202020,20201208,3,101
8019,1,A,1,641650202020,20201208,3,102
8020,4,B,1,802050202020,20201208,3,103
8021,3,B,0,802050162020,20201208,3,104
8022,4,B,0,802040162020,20201208,3,105
8023,3,B,0,802040122020,20201208,3,106
8024,4,B,0,802032122020,20201208,3,107
8025,3,B,0,802032102020,20201208,3,108
8026,1,A,1,802050202020,20201208,3,109
8027,2,A,0,642050202020,20201208,3,110
8028,1,A,1,641650202020,20201208,3,111
8029,6,C,1,802050202020,20201208,3,112
8030,5,C,0,802050202016,20201208,3,113
8031,6,C,0,802050201616,20201208,3,114
8032,1,A,1,802050202020,20201208,3,115
8033,2,A,0,642050202020,20201208,3,116
8034,1,A,1,641650202020,20201208,3,117
8035,2,A,0,511650202020,20201208,3,118
8036,1,A,1,511250202020,20201208,3,119
8037,4,B,0,802050202020,20201208,3,120
8038,3,B,0,802050162020,20201208,3,121
8039,4,B,0,802040162020,20201208,3,122
8040,3,B,0,802040122020,20201208,3,123
8041,1,A,1,802050202020,20201208,3,124
8042,2,A,0,642050202020,20201208,3,125
8043,1,A,0,641650202020,20201208,3,126
8044,6,C,0,802050202020,20201208,3,127
8045,1,A,1,802050202020,20201208,3,128
8046,2,A,1,642050202020,20201208,3,129
8047,1,A,1,641650202020,20201208,3,130
8048,2,A,0,511650202020,20201208,3,131
8049,1,A,0,511250202020,20201208,3,132
8050,4,B,1,802050202020,20201208,3,133
8051,3,B,0,802050162020,20201208,3,134
8052,4,B,0,802040162020,20201208,3,135
8053,3,B,0,802040122020,20201208,3,136
8054,4,B,0,802032122020,20201208,3,137
8055,1,A,1,802050202020,20201208,3,138
8056,2,A,0,642050202020,20201208,3,139
8057,1,A,1,641650202020,20201208,3,140
8058,4,B,0,802050202020,20201208,3,141
8059,3,B,1,802050162020,20201208,3,142
8060,4,B,0,802040162020,20201208,3,143
8061,3,B,0,802040122020,20201208,3,144
8062,1,A,1,802050202020,20201208,3,145
8063,2,A,0,642050202020,20201208,3,146
8064,1,A,0,641650202020,20201208,3,147
8065,2,A,1,511650202020,20201208,3,148
8066,1,A,1,511250202020,20201208,3,149
8067,2,A,0,401250202020,20201208,3,150
8068,1,A,1,401050202020,20201208,3,151
8069,2,A,0,321050202020,20201208,3,152
8070,1,A,1,320850202020,20201208,3,153
8071,4,B,0,802050202020,20201208,3,154
8072,3,B,0,802050162020,20201208,3,155
8073,4,B,0,802040162020,20201208,3,156
8074,3,B,0,802040122020,20201208,3,157
8075,1,A,0,802050202020,20201208,3,158
8076,2,A,0,642050202020,20201208,3,159
8077,1,A,1,641650202020,20201208,3,160
8078,2,A,1,511650202020,20201208,3,161
8079,1,A,1,511250202020,20201208,3,162
8080,2,A,0,401250202020,20201208,3,163
8081,1,A,1,401050202020,20201208,3,164
8082,2,A,0,321050202020,20201208,3,165
8083,1,A,0,320850202020,20201208,3,166
8084,6,C,0,802050202020,20201208,3,167
8085,5,C,0,802050202016,20201208,3,168
8086,6,C,1,802050201616,20201208,3,169
8087,1,A,1,802050202020,20201208,3,170
8088,2,A,1,642050202020,20201208,3,171
8089,1,A,1,641650202020,20201208,3,172
8090,2,A,0,511650202020,20201208,3,173
8091,1,A,0,511250202020,20201208,3,174
8092,2,A,0,401250202020,20201208,3,175
8093,1,A,0,401050202020,20201208,3,176
8094,2,A,1,321050202020,20201208,3,177
8095,1,A,0,320850202020,20201208,3,178
8096,2,A,0,260850202020,20201208,3,179
8097,1,A,1,260650202020,20201208,3,180
8098,4,B,0,802050202020,20201208,3,181
8099,3,B,1,802050162020,20201208,3,182
8100,4,B,0,802040162020,20201208,3,183
8101,3,B,1,802040122020,20201208,3,184
8102,1,A,1,802050202020,20201208,3,185
8103,2,A,1,642050202020,20201208,3,186
8104,1,A,1,641650202020,20201208,3,187
8105,2,A,1,511650202020,20201208,3,188
8106,1,A,0,511250202020,20201208,3,189
8107,2,A,0,401250202020,20201208,3,190
8108,1,A,1,401050202020,20201208,3,191
8109,2,A,1,321050202020,20201208,3,192
8110,1,A,0,320850202020,20201208,3,193
8111,2,A,0,260850202020,20201208,3,194
8112,1,A,0,260650202020,20201208,3,195
8113,2,A,0,200650202020,20201208,3,196
8114,1,A,0,200550202020,20201208,3,197
8115,2,A,0,160550202020,20201208,3,198
8116,1,A,0,160450202020,20201208,3,199
8117,2,A,0,130450202020,20201208,3,200
8118,1,A,0,130350202020,20201208,3,201
8119,4,B,0,802050202020,20201208,3,202
8120,3,B,1,802050162020,20201208,3,203
8121,4,B,0,802040162020,20201208,3,204
8122,3,B,1,802040122020,20201208,3,205
8123,4,B,0,802032122020,20201208,3,206
8124,3,B,0,802032102020,20201208,3,207
8125,1,A,0,802050202020,20201208,3,208
8126,2,A,0,642050202020,20201208,3,209
8127,1,A,1,641650202020,20201208,3,210
8128,2,A,0,511650202020,20201208,3,211
8129,1,A,0,511250202020,20201208,3,212
8130,2,A,0,401250202020,20201208,3,213
8131,1,A,0,401050202020,20201208,3,214
8132,4,B,0,802050202020,20201208,3,215
8133,3,B,0,802050162020,20201208,3,216
8134,4,B,1,802040162020,20201208,3,217
8135,3,B,1,802040122020,20201208,3,218
8136,4,B,0,802032122020,20201208,3,219
8137,3,B,0,802032102020,20201208,3,220
8138,1,A,1,802050202020,20201208,3,221
8139,2,A,0,642050202020,20201208,3,222
8140,1,A,0,641650202020,20201208,3,223
8141,2,A,0,511650202020,20201208,3,224
8142,1,A,1,511250202020,20201208,3,225
8143,2,A,0,401250202020,20201208,3,226
8144,1,A,0,401050202020,20201208,3,227
8145,2,A,0,321050202020,20201208,3,228
8146,1,A,0,320850202020,20201208,3,229
8147,4,B,0,802050202020,20201208,3,230
8148,3,B,1,802050162020,20201208,3,231
8149,4,B,0,802040162020,20201208,3,232
8150,3,B,1,802040122020,20201208,3,233
8151,4,B,0,802032122020,20201208,3,234
8152,3,B,1,802032102020,20201208,3,235
8153,4,B,0,802025102020,20201208,3,236
8154,3,B,1,802025082020,20201208,3,237
8155,4,B,0,802020082020,20201208,3,238
8156,3,B,0,802020062020,20201208,3,239
8157,6,C,0,802050202020,20201208,3,240
8158,5,C,0,802050202016,20201208,3,241
8159,6,C,0,802050201616,20201208,3,242
8160,1,A,1,802050202020,20201208,3,243
8161,2,A,0,642050202020,20201208,3,244
8162,1,A,0,641650202020,20201208,3,245
8163,2,A,0,511650202020,20201208,3,246
8164,1,A,0,511250202020,20201208,3,247
8165,4,B,0,802050202020,20201208,3,248
8166,3,B,0,802050162020,20201208,3,249
8167,4,B,1,802040162020,20201208,3,250
8168,3,B,0,802040122020,20201208,3,251
8169,4,B,0,802032122020,20201208,3,252
8170,3,B,1,802032102020,20201208,3,253
8171,4,B,0,802025102020,20201208,3,254
8172,3,B,1,802025082020,20201208,3,255
8173,4,B,1,802020082020,20201208,3,256
8174,3,B,0,802020062020,20201208,3,257
8175,4,B,0,802016062020,20201208,3,258
8176,3,B,1,802016052020,20201208,3,259
8177,4,B,0,802013052020,20201208,3,260
8178,3,B,0,802013042020,20201208,3,261
8179,1,A,1,802050202020,20201208,3,262
8180,2,A,0,642050202020,20201208,3,263
8181,1,A,1,641650202020,20201208,3,264
8182,2,A,0,511650202020,20201208,3,265
8183,1,A,0,511250202020,20201208,3,266
8184,2,A,1,401250202020,20201208,3,267
8185,1,A,0,401050202020,20201208,3,268
8186,2,A,0,321050202020,20201208,3,269
8187,1,A,0,320850202020,20201208,3,270
8188,4,B,0,802050202020,20201208,3,271
8189,3,B,0,802050162020,20201208,3,272
8190,4,B,0,802040162020,20201208,3,273
8191,3,B,1,802040122020,20201208,3,274
8192,4,B,0,802032122020,20201208,3,275
8193,3,B,0,802032102020,20201208,3,276
8194,4,B,0,802025102020,20201208,3,277
8195,3,B,1,802025082020,20201208,3,278
8196,4,B,0,802020082020,20201208,3,279
8197,3,B,0,802020062020,20201208,3,280
8198,1,A,1,802050202020,20201208,3,281
8199,2,A,0,642050202020,20201208,3,282
8200,1,A,1,641650202020,20201208,3,283
8201,2,A,0,511650202020,20201208,3,284
8202,1,A,1,511250202020,20201208,3,285
8203,2,A,0,401250202020,20201208,3,286
8204,1,A,0,401050202020,20201208,3,287
8205,2,A,0,321050202020,20201208,3,288
8206,1,A,0,320850202020,20201208,3,289
8207,4,B,0,802050202020,20201208,3,290
8208,3,B,0,802050162020,20201208,3,291
8209,4,B,0,802040162020,20201208,3,292
8210,3,B,0,802040122020,20201208,3,293
8211,1,A,0,802050202020,20201208,3,294
8212,2,A,0,642050202020,20201208,3,295
8213,1,A,0,641650202020,20201208,3,296
8214,2,A,0,511650202020,20201208,3,297
8215,1,A,1,511250202020,20201208,3,298
8216,2,A,0,401250202020,20201208,3,299
8217,4,B,0,505050208050,20201208,4,0
8218,3,B,1,505050168050,20201208,4,1
8219,1,A,0,505050208050,20201208,4,2
8220,2,A,1,405050208050,20201208,4,3
8221,1,A,1,404050208050,20201208,4,4
8222,5,C,0,505050208050,20201208,4,5
8223,6,C,1,505050206450,20201208,4,6
8224,5,C,1,505050206440,20201208,4,7
8225,6,C,1,505050205140,20201208,4,8
8226,3,B,1,505050208050,20201208,4,9
8227,4,B,0,505040208050,20201208,4,10
8228,3,B,1,505040168050,20201208,4,11
8229,4,B,0,505032168050,20201208,4,12
8230,3,B,0,505032128050,20201208,4,13
8231,1,A,1,505050208050,20201208,4,14
8232,2,A,0,405050208050,20201208,4,15
8233,1,A,1,404050208050,20201208,4,16
8234,2,A,1,324050208050,20201208,4,17
8235,1,A,0,323250208050,20201208,4,18
8236,2,A,0,253250208050,20201208,4,19
8237,1,A,0,252550208050,20201208,4,20
8238,4,B,0,505050208050,20201208,4,21
8239,3,B,1,505050168050,20201208,4,22
8240,4,B,0,505040168050,20201208,4,23
8241,3,B,0,505040128050,20201208,4,24
8242,6,C,0,505050208050,20201208,4,25
8243,5,C,1,505050208040,20201208,4,26
8244,6,C,1,505050206440,20201208,4,27
8245,5,C,0,505050206432,20201208,4,28
8246,6,C,0,505050205132,20201208,4,29
8247,1,A,0,505050208050,20201208,4,30
8248,2,A,0,405050208050,20201208,4,31
8249,1,A,1,404050208050,20201208,4,32
8250,2,A,1,324050208050,20201208,4,33
8251,1,A,1,323250208050,20201208,4,34
8252,2,A,0,253250208050,20201208,4,35
8253,1,A,0,252550208050,20201208,4,36
8254,2,A,0,202550208050,20201208,4,37
8255,1,A,0,202050208050,20201208,4,38
8256,6,C,0,505050208050,20201208,4,39
8257,5,C,1,505050208040,20201208,4,40
8258,6,C,0,505050206440,20201208,4,41
8259,5,C,0,505050206432,20201208,4,42
8260,2,A,1,505050208050,20201208,4,43
8261,1,A,0,504050208050,20201208,4,44
8262,2,A,1,404050208050,20201208,4,45
8263,1,A,0,403250208050,20201208,4,46
8264,2,A,0,323250208050,20201208,4,47
8265,4,B,0,505050208050,20201208,4,48
8266,3,B,1,505050168050,20201208,4,49
8267,4,B,0,505040168050,20201208,4,50
8268,3,B,0,505040128050,20201208,4,51
8269,6,C,1,505050208050,20201208,4,52
8270,5,C,1,505050208040,20201208,4,53
8271,6,C,1,505050206440,20201208,4,54
8272,5,C,1,505050206432,20201208,4,55
8273,6,C,1,505050205132,20201208,4,56
8274,5,C,1,505050205125,20201208,4,57
8275,6,C,0,505050204025,20201208,4,58
8276,5,C,1,505050204020,20201208,4,59
8277,6,C,0,505050203220,20201208,4,60
8278,5,C,1,505050203216,20201208,4,61
8279,1,A,1,505050208050,20201208,4,62
8280,2,A,0,405050208050,20201208,4,63
8281,1,A,0,404050208050,20201208,4,64
8282,2,A,1,324050208050,20201208,4,65
8283,1,A,0,323250208050,20201208,4,66
8284,2,A,1,253250208050,20201208,4,67
8285,1,A,0,252550208050,20201208,4,68
8286,2,A,0,202550208050,20201208,4,69
8287,6,C,0,505050208050,20201208,4,70
8288,5,C,1,505050208040,20201208,4,71
8289,6,C,0,505050206440,20201208,4,72
8290,5,C,1,505050206432,20201208,4,73
8291,6,C,1,505050205132,20201208,4,74
8292,5,C,0,505050205125,20201208,4,75
8293,6,C,0,505050204025,20201208,4,76
8294,5,C,0,505050204020,20201208,4,77
8295,6,C,0,505050203220,20201208,4,78
8296,2,A,1,505050208050,20201208,4,79
8297,1,A,1,504050208050,20201208,4,80
8298,2,A,1,404050208050,20201208,4,81
8299,1,A,0,403250208050,20201208,4,82
8300,2,A,0,323250208050,20201208,4,83
8301,1,A,0,322550208050,20201208,4,84
8302,2,A,0,252550208050,20201208,4,85
8303,6,C,0,505050208050,20201208,4,86
8304,5,C,1,505050208040,20201208,4,87
8305,6,C,0,505050206440,20201208,4,88
8306,5,C,0,505050206432,20201208,4,89
8307,6,C,0,505050205132,20201208,4,90
8308,5,C,1,505050205125,20201208,4,91
8309,1,A,1,505050208050,20201208,4,92
8310,2,A,1,405050208050,20201208,4,93
8311,1,A,0,404050208050,20201208,4,94
8312,2,A,1,324050208050,20201208,4,95
8313,1,A,1,323250208050,20201208,4,96
8314,2,A,0,253250208050,20201208,4,97
8315,1,A,1,252550208050,20201208,4,98
8316,2,A,0,202550208050,20201208,4,99
8317,1,A,0,202050208050,20201208,4,100
8318,6,C,1,505050208050,20201208,4,101
8319,5,C,1,505050208040,20201208,4,102
8320,6,C,0,505050206440,20201208,4,103
8321,5,C,1,505050206432,20201208,4,104
8322,6,C,0,505050205132,20201208,4,105
8323,5,C,1,505050205125,20201208,4,106
8324,6,C,0,505050204025,20201208,4,107
8325,5,C,1,505050204020,20201208,4,108
8326,6,C,1,505050203220,20201208,4,109
8327,5,C,0,505050203216,20201208,4,110
8328,6,C,0,505050202616,20201208,4,111
8329,1,A,1,505050208050,20201208,4,112
8330,2,A,0,405050208050,20201208,4,113
8331,1,A,1,404050208050,20201208,4,114
8332,2,A,0,324050208050,20201208,4,115
8333,1,A,0,323250208050,20201208,4,116
8334,2,A,1,253250208050,20201208,4,117
8335,1,A,0,252550208050,20201208,4,118
8336,2,A,0,202550208050,20201208,4,119
8337,6,C,0,505050208050,20201208,4,120
8338,5,C,0,505050208040,20201208,4,121
8339,6,C,0,505050206440,20201208,4,122
8340,5,C,1,505050206432,20201208,4,123
8341,6,C,0,505050205132,20201208,4,124
8342,5,C,1,505050205125,20201208,4,125
8343,1,A,0,505050208050,20201208,4,126
8344,2,A,1,405050208050,20201208,4,127
8345,1,A,1,404050208050,20201208,4,128
8346,2,A,1,324050208050,20201208,4,129
8347,1,A,0,323250208050,20201208,4,130
8348,2,A,1,253250208050,20201208,4,131
8349,1,A,0,252550208050,20201208,4,132
8350,2,A,0,202550208050,20201208,4,133
8351,4,B,0,505050208050,20201208,4,134
8352,3,B,1,505050168050,20201208,4,135
8353,4,B,0,505040168050,20201208,4,136
8354,3,B,1,505040128050,20201208,4,137
8355,6,C,1,505050208050,20201208,4,138
8356,5,C,1,505050208040,20201208,4,139
8357,6,C,0,505050206440,20201208,4,140
8358,5,C,1,505050206432,20201208,4,141
8359,6,C,0,505050205132,20201208,4,142
8360,5,C,1,505050205125,20201208,4,143
8361,6,C,0,505050204025,20201208,4,144
8362,5,C,1,505050204020,20201208,4,145
8363,6,C,1,505050203220,20201208,4,146
8364,5,C,0,505050203216,20201208,4,147
8365,6,C,0,505050202616,20201208,4,148
8366,5,C,0,505050202613,20201208,4,149
8367,2,A,0,505050208050,20201208,4,150
8368,1,A,1,504050208050,20201208,4,151
8369,2,A,0,404050208050,20201208,4,152
8370,1,A,0,403250208050,20201208,4,153
8371,2,A,0,323250208050,20201208,4,154
8372,1,A,0,322550208050,20201208,4,155
8373,6,C,1,505050208050,20201208,4,156
8374,5,C,0,505050208040,20201208,4,157
8375,6,C,0,505050206440,20201208,4,158
8376,5,C,1,505050206432,20201208,4,159
8377,6,C,0,505050205132,20201208,4,160
8378,5,C,0,505050205125,20201208,4,161
8379,2,A,1,505050208050,20201208,4,162
8380,1,A,0,504050208050,20201208,4,163
8381,2,A,0,404050208050,20201208,4,164
8382,1,A,0,403250208050,20201208,4,165
8383,2,A,0,323250208050,20201208,4,166
8384,6,C,0,505050208050,20201208,4,167
8385,5,C,1,505050208040,20201208,4,168
8386,6,C,0,505050206440,20201208,4,169
8387,5,C,1,505050206432,20201208,4,170
8388,6,C,0,505050205132,20201208,4,171
8389,5,C,0,505050205125,20201208,4,172
8390,2,A,1,505050208050,20201208,4,173
8391,1,A,0,504050208050,20201208,4,174
8392,2,A,0,404050208050,20201208,4,175
8393,1,A,1,403250208050,20201208,4,176
8394,2,A,0,323250208050,20201208,4,177
8395,1,A,0,322550208050,20201208,4,178
8396,6,C,1,505050208050,20201208,4,179
8397,5,C,1,505050208040,20201208,4,180
8398,6,C,0,505050206440,20201208,4,181
8399,5,C,1,505050206432,20201208,4,182
8400,6,C,0,505050205132,20201208,4,183
8401,5,C,0,505050205125,20201208,4,184
8402,2,A,0,505050208050,20201208,4,185
8403,1,A,0,504050208050,20201208,4,186
8404,2,A,1,404050208050,20201208,4,187
8405,1,A,1,403250208050,20201208,4,188
8406,2,A,1,323250208050,20201208,4,189
8407,1,A,0,322550208050,20201208,4,190
8408,2,A,0,252550208050,20201208,4,191
8409,6,C,0,505050208050,20201208,4,192
8410,5,C,1,505050208040,20201208,4,193
8411,6,C,1,505050206440,20201208,4,194
8412,5,C,0,505050206432,20201208,4,195
8413,6,C,0,505050205132,20201208,4,196
8414,5,C,0,505050205125,20201208,4,197
8415,2,A,0,505050208050,20201208,4,198
8416,1,A,1,504050208050,20201208,4,199
8417,2,A,0,404050208050,20201208,4,200
8418,1,A,0,403250208050,20201208,4,201
8419,4,B,1,505050208050,20201208,4,202
8420,1,A,0,505050208050,20201208,4,203
8421,4,B,1,505050208050,20201208,4,204
8422,3,B,0,505050168050,20201208,4,205
8423,4,B,0,505040168050,20201208,4,206
8424,3,B,1,505040128050,20201208,4,207
8425,4,B,0,505032128050,20201208,4,208
8426,3,B,1,505032108050,20201208,4,209
8427,4,B,0,505025108050,20201208,4,210
8428,3,B,0,505025088050,20201208,4,211
8429,4,B,0,505020088050,20201208,4,212
8430,3,B,0,505020068050,20201208,4,213
8431,6,C,0,505050208050,20201208,4,214
8432,5,C,1,505050208040,20201208,4,215
8433,6,C,1,505050206440,20201208,4,216
8434,5,C,0,505050206432,20201208,4,217
8435,6,C,0,505050205132,20201208,4,218
8436,5,C,0,505050205125,20201208,4,219
8437,1,A,0,505050208050,20201208,4,220
8438,2,A,0,405050208050,20201208,4,221
8439,1,A,1,404050208050,20201208,4,222
8440,2,A,1,324050208050,20201208,4,223
8441,1,A,0,323250208050,20201208,4,224
8442,2,A,0,253250208050,20201208,4,225
8443,1,A,0,252550208050,20201208,4,226
8444,2,A,0,202550208050,20201208,4,227
8445,1,A,0,202050208050,20201208,4,228
8446,2,A,0,162050208050,20201208,4,229
8447,1,A,1,161650208050,20201208,4,230
8448,2,A,0,131650208050,20201208,4,231
8449,1,A,0,131350208050,20201208,4,232
8450,4,B,0,505050208050,20201208,4,233
8451,3,B,0,505050168050,20201208,4,234
8452,4,B,0,505040168050,20201208,4,235
8453,3,B,1,505040128050,20201208,4,236
8454,4,B,0,505032128050,20201208,4,237
8455,3,B,0,505032108050,20201208,4,238
8456,1,A,0,505050208050,20201208,4,239
8457,2,A,0,405050208050,20201208,4,240
8458,1,A,1,404050208050,20201208,4,241
8459,2,A,0,324050208050,20201208,4,242
8460,1,A,1,323250208050,20201208,4,243
8461,2,A,0,253250208050,20201208,4,244
8462,1,A,0,252550208050,20201208,4,245
8463,6,C,1,505050208050,20201208,4,246
8464,5,C,0,505050208040,20201208,4,247
8465,6,C,0,505050206440,20201208,4,248
8466,5,C,1,505050206432,20201208,4,249
8467,6,C,1,505050205132,20201208,4,250
8468,5,C,0,505050205125,20201208,4,251
8469,6,C,0,505050204025,20201208,4,252
8470,5,C,1,505050204020,20201208,4,253
8471,6,C,0,505050203220,20201208,4,254
8472,5,C,0,505050203216,20201208,4,255
8473,6,C,0,505050202616,20201208,4,256
8474,3,B,1,505050208050,20201208,4,257
8475,4,B,0,202020802050,20201208,5,0
8476,3,B,1,202020642050,20201208,5,1
8477,1,A,0,202020802050,20201208,5,2
8478,2,A,0,162020802050,20201208,5,3
8479,1,A,0,161620802050,20201208,5,4
8480,6,C,1,202020802050,20201208,5,5
8481,5,C,0,202020802040,20201208,5,6
8482,6,C,0,202020801640,20201208,5,7
8483,5,C,0,202020801632,20201208,5,8
8484,6,C,0,202020801232,20201208,5,9
8485,4,B,1,202020802050,20201208,5,10
8486,3,B,0,202020642050,20201208,5,11
8487,4,B,1,202016642050,20201208,5,12
8488,3,B,0,202016512050,20201208,5,13
8489,4,B,1,202012512050,20201208,5,14
8490,6,C,0,202020802050,20201208,5,15
8491,5,C,0,202020802040,20201208,5,16
8492,6,C,0,202020801640,20201208,5,17
8493,4,B,1,202020802050,20201208,5,18
8494,3,B,1,202020642050,20201208,5,19
8495,4,B,0,202016642050,20201208,5,20
8496,3,B,1,202016512050,20201208,5,21
8497,4,B,0,202012512050,20201208,5,22
8498,3,B,0,202012402050,20201208,5,23
8499,1,A,1,202020802050,20201208,5,24
8500,2,A,0,162020802050,20201208,5,25
8501,1,A,0,161620802050,20201208,5,26
8502,4,B,1,202020802050,20201208,5,27
8503,3,B,1,202020642050,20201208,5,28
8504,4,B,0,202016642050,20201208,5,29
8505,3,B,1,202016512050,20201208,5,30
8506,4,B,0,202012512050,20201208,5,31
8507,3,B,0,202012402050,20201208,5,32
8508,4,B,0,202010402050,20201208,5,33
8509,2,A,1,202020802050,20201208,5,34
8510,1,A,0,201620802050,20201208,5,35
8511,2,A,0,161620802050,20201208,5,36
8512,6,C,0,202020802050,20201208,5,37
8513,5,C,0,202020802040,20201208,5,38
8514,6,C,0,202020801640,20201208,5,39
8515,5,C,0,202020801632,20201208,5,40
8516,4,B,1,202020802050,20201208,5,41
8517,3,B,1,202020642050,20201208,5,42
8518,4,B,0,202016642050,20201208,5,43
8519,3,B,0,202016512050,20201208,5,44
8520,4,B,0,202012512050,20201208,5,45
8521,3,B,0,202012402050,20201208,5,46
8522,1,A,1,202020802050,20201208,5,47
8523,2,A,0,162020802050,20201208,5,48
8524,1,A,1,161620802050,20201208,5,49
8525,2,A,1,121620802050,20201208,5,50
8526,1,A,1,121220802050,20201208,5,51
8527,2,A,0,101220802050,20201208,5,52
8528,1,A,0,101020802050,20201208,5,53
8529,4,B,1,202020802050,20201208,5,54
8530,3,B,0,202020642050,20201208,5,55
8531,4,B,0,202016642050,20201208,5,56
8532,2,A,0,202020802050,20201208,5,57
8533,1,A,1,201620802050,20201208,5,58
8534,2,A,0,161620802050,20201208,5,59
8535,1,A,0,161220802050,20201208,5,60
8536,4,B,1,202020802050,20201208,5,61
8537,3,B,0,202020642050,20201208,5,62
8538,4,B,1,202016642050,20201208,5,63
8539,3,B,0,202016512050,20201208,5,64
8540,4,B,0,202012512050,20201208,5,65
8541,1,A,1,202020802050,20201208,5,66
8542,2,A,0,162020802050,20201208,5,67
8543,1,A,0,161620802050,20201208,5,68
8544,4,B,1,202020802050,20201208,5,69
8545,3,B,0,202020642050,20201208,5,70
8546,4,B,0,202016642050,20201208,5,71
8547,6,C,1,202020802050,20201208,5,72
8548,5,C,0,202020802040,20201208,5,73
8549,6,C,1,202020801640,20201208,5,74
8550,5,C,0,202020801632,20201208,5,75
8551,6,C,0,202020801232,20201208,5,76
8552,4,B,1,202020802050,20201208,5,77
8553,3,B,0,202020642050,20201208,5,78
8554,4,B,1,202016642050,20201208,5,79
8555,1,A,0,202020802050,20201208,5,80
8556,2,A,1,162020802050,20201208,5,81
8557,1,A,1,161620802050,20201208,5,82
8558,2,A,0,121620802050,20201208,5,83
8559,1,A,0,121220802050,20201208,5,84
8560,4,B,1,202020802050,20201208,5,85
8561,3,B,0,202020642050,20201208,5,86
8562,4,B,1,202016642050,20201208,5,87
8563,3,B,1,202016512050,20201208,5,88
8564,4,B,1,202012512050,20201208,5,89
8565,3,B,1,202012402050,20201208,5,90
8566,4,B,1,202010402050,20201208,5,91
8567,3,B,0,202010322050,20201208,5,92
8568,4,B,0,202008322050,20201208,5,93
8569,1,A,1,202020802050,20201208,5,94
8570,2,A,0,162020802050,20201208,5,95
8571,1,A,0,161620802050,20201208,5,96
8572,4,B,1,202020802050,20201208,5,97
8573,3,B,0,202020642050,20201208,5,98
8574,4,B,1,202016642050,20201208,5,99
8575,3,B,0,202016512050,20201208,5,100
8576,4,B,1,202012512050,20201208,5,101
8577,3,B,0,202012402050,20201208,5,102
8578,4,B,0,202010402050,20201208,5,103
8579,1,A,0,202020802050,20201208,5,104
8580,2,A,0,162020802050,20201208,5,105
8581,1,A,0,161620802050,20201208,5,106
8582,4,B,1,202020802050,20201208,5,107
8583,3,B,1,202020642050,20201208,5,108
8584,4,B,1,202016642050,20201208,5,109
8585,3,B,0,202016512050,20201208,5,110
8586,4,B,0,202012512050,20201208,5,111
8587,1,A,1,202020802050,20201208,5,112
8588,2,A,0,162020802050,20201208,5,113
8589,1,A,0,161620802050,20201208,5,114
8590,4,B,1,202020802050,20201208,5,115
8591,3,B,0,202020642050,20201208,5,116
8592,4,B,1,202016642050,20201208,5,117
8593,3,B,1,202016512050,20201208,5,118
8594,4,B,1,202012512050,20201208,5,119
8595,3,B,0,202012402050,20201208,5,120
8596,4,B,0,202010402050,20201208,5,121
8597,6,C,0,202020802050,20201208,5,122
8598,5,C,0,202020802040,20201208,5,123
8599,4,B,1,202020802050,20201208,5,124
8600,3,B,1,202020642050,20201208,5,125
8601,4,B,1,202016642050,20201208,5,126
8602,3,B,0,202016512050,20201208,5,127
8603,4,B,1,202012512050,20201208,5,128
8604,3,B,0,202012402050,20201208,5,129
8605,4,B,0,202010402050,20201208,5,130
8606,1,A,0,202020802050,20201208,5,131
8607,2,A,0,162020802050,20201208,5,132
8608,1,A,0,161620802050,20201208,5,133
8609,4,B,0,202020802050,20201208,5,134
8610,3,B,0,202020642050,20201208,5,135
8611,4,B,1,202016642050,20201208,5,136
8612,3,B,0,202016512050,20201208,5,137
8613,4,B,0,202012512050,20201208,5,138
8614,6,C,1,202020802050,20201208,5,139
8615,5,C,0,202020802040,20201208,5,140
8616,6,C,0,202020801640,20201208,5,141
8617,4,B,1,202020802050,20201208,5,142
8618,3,B,0,202020642050,20201208,5,143
8619,4,B,1,202016642050,20201208,5,144
8620,3,B,0,202016512050,20201208,5,145
8621,4,B,0,202012512050,20201208,5,146
8622,3,B,1,202012402050,20201208,5,147
8623,4,B,1,202010402050,20201208,5,148
8624,3,B,0,202010322050,20201208,5,149
8625,4,B,0,202008322050,20201208,5,150
8626,1,A,0,202020802050,20201208,5,151
8627,2,A,1,162020802050,20201208,5,152
8628,1,A,0,161620802050,20201208,5,153
8629,4,B,1,202020802050,20201208,5,154
8630,3,B,0,202020642050,20201208,5,155
8631,4,B,1,202016642050,20201208,5,156
8632,3,B,0,202016512050,20201208,5,157
8633,4,B,0,202012512050,20201208,5,158
8634,1,A,0,202020802050,20201208,5,159
8635,2,A,0,162020802050,20201208,5,160
8636,1,A,0,161620802050,20201208,5,161
8637,4,B,1,202020802050,20201208,5,162
8638,3,B,0,202020642050,20201208,5,163
8639,4,B,1,202016642050,20201208,5,164
8640,3,B,0,202016512050,20201208,5,165
8641,4,B,1,202012512050,20201208,5,166
8642,3,B,0,202012402050,20201208,5,167
8643,4,B,1,202010402050,20201208,5,168
8644,6,C,1,202020802050,20201208,5,169
8645,5,C,0,202020802040,20201208,5,170
8646,6,C,0,202020801640,20201208,5,171
8647,4,B,1,202020802050,20201208,5,172
8648,3,B,0,202020642050,20201208,5,173
8649,4,B,1,202016642050,20201208,5,174
8650,3,B,1,202016512050,20201208,5,175
8651,4,B,1,202012512050,20201208,5,176
8652,3,B,0,202012402050,20201208,5,177
8653,4,B,0,202010402050,20201208,5,178
8654,1,A,0,202020802050,20201208,5,179
8655,2,A,0,162020802050,20201208,5,180
8656,1,A,0,161620802050,20201208,5,181
8657,4,B,1,202020802050,20201208,5,182
8658,3,B,0,202020642050,20201208,5,183
8659,4,B,1,202016642050,20201208,5,184
8660,3,B,0,202016512050,20201208,5,185
8661,4,B,0,202012512050,20201208,5,186
8662,3,B,0,202012402050,20201208,5,187
8663,4,B,0,202010402050,20201208,5,188
8664,3,B,0,202010322050,20201208,5,189
8665,4,B,0,202008322050,20201208,5,190
8666,1,A,0,202020802050,20201208,5,191
8667,2,A,0,162020802050,20201208,5,192
8668,1,A,0,161620802050,20201208,5,193
8669,4,B,0,202020802050,20201208,5,194
8670,3,B,0,202020642050,20201208,5,195
8671,4,B,1,202016642050,20201208,5,196
8672,3,B,0,202016512050,20201208,5,197
8673,4,B,0,202012512050,20201208,5,198
8674,3,B,0,202012402050,20201208,5,199
8675,4,B,0,202010402050,20201208,5,200
8676,6,C,0,202020802050,20201208,5,201
8677,5,C,0,202020802040,20201208,5,202
8678,6,C,0,202020801640,20201208,5,203
8679,4,B,0,202020802050,20201208,5,204
8680,3,B,0,202020642050,20201208,5,205
8681,4,B,1,202016642050,20201208,5,206
8682,3,B,0,202016512050,20201208,5,207
8683,4,B,1,202012512050,20201208,5,208
8684,3,B,0,202012402050,20201208,5,209
8685,4,B,1,202010402050,20201208,5,210
8686,3,B,0,202010322050,20201208,5,211
8687,4,B,0,202008322050,20201208,5,212
8688,1,A,0,202020802050,20201208,5,213
8689,2,A,0,162020802050,20201208,5,214
8690,1,A,0,161620802050,20201208,5,215
8691,4,B,1,202020802050,20201208,5,216
8692,3,B,1,202020642050,20201208,5,217
8693,4,B,1,202016642050,20201208,5,218
8694,3,B,0,202016512050,20201208,5,219
8695,4,B,1,202012512050,20201208,5,220
8696,3,B,1,202012402050,20201208,5,221
8697,4,B,1,202010402050,20201208,5,222
8698,3,B,0,202010322050,20201208,5,223
8699,4,B,0,202008322050,20201208,5,224
8700,3,B,0,202008262050,20201208,5,225
8701,4,B,0,202006262050,20201208,5,226
8702,6,C,0,202020802050,20201208,5,227
8703,5,C,0,202020802040,20201208,5,228
8704,4,B,1,202020802050,20201208,5,229
8705,3,B,0,202020642050,20201208,5,230
8706,4,B,1,202016642050,20201208,5,231
8707,3,B,0,202016512050,20201208,5,232
8708,4,B,0,202012512050,20201208,5,233
8709,3,B,0,202012402050,20201208,5,234
8710,4,B,0,202010402050,20201208,5,235
8711,6,C,0,202020802050,20201208,5,236
8712,5,C,1,202020802040,20201208,5,237
8713,6,C,1,202020801640,20201208,5,238
8714,5,C,0,202020801632,20201208,5,239
8715,6,C,0,202020801232,20201208,5,240
8716,4,B,1,202020802050,20201208,5,241
8717,3,B,0,202020642050,20201208,5,242
8718,4,B,0,202016642050,20201208,5,243
8719,3,B,0,202016512050,20201208,5,244
8720,4,B,1,202012512050,20201208,5,245
8721,3,B,1,202012402050,20201208,5,246
8722,4,B,1,202010402050,20201208,5,247
8723,3,B,0,202010322050,20201208,5,248
8724,4,B,1,202008322050,20201208,5,249
8725,3,B,0,202008262050,20201208,5,250
8726,4,B,0,202006262050,20201208,5,251
8727,3,B,0,202006202050,20201208,5,252
8728,4,B,0,202005202050,20201208,5,253
8729,1,A,1,202020802050,20201208,5,254
8730,2,A,0,162020802050,20201208,5,255
8731,1,A,0,161620802050,20201208,5,256
8732,2,A,0,121620802050,20201208,5,257
8733,1,A,0,121220802050,20201208,5,258
8734,2,A,0,101220802050,20201208,5,259
8735,4,B,1,202020802050,20201208,5,260
8736,3,B,1,202020642050,20201208,5,261
8737,4,B,1,202016642050,20201208,5,262
8738,3,B,1,202016512050,20201208,5,263
8739,4,B,1,202012512050,20201208,5,264
8740,3,B,1,202012402050,20201208,5,265
8741,4,B,0,202010402050,20201208,5,266
8742,3,B,0,202010322050,20201208,5,267
8743,4,B,1,202008322050,20201208,5,268
8744,3,B,0,202008262050,20201208,5,269
8745,4,B,0,202006262050,20201208,5,270
8746,1,A,1,202020802050,20201208,5,271
8747,2,A,1,162020802050,20201208,5,272
8748,1,A,0,161620802050,20201208,5,273
8749,2,A,1,121620802050,20201208,5,274
8750,1,A,0,121220802050,20201208,5,275
8751,2,A,0,101220802050,20201208,5,276
8752,1,A,1,101020802050,20201208,5,277
8753,2,A,0,081020802050,20201208,5,278
8754,1,A,0,080820802050,20201208,5,279
8755,2,A,0,060820802050,20201208,5,280
8756,4,B,1,202020802050,20201208,5,281
8757,3,B,0,202020642050,20201208,5,282
8758,4,B,1,202016642050,20201208,5,283
8759,3,B,0,202016512050,20201208,5,284
8760,4,B,1,202012512050,20201208,5,285
8761,3,B,0,202012402050,20201208,5,286
8762,4,B,0,202010402050,20201208,5,287
8763,3,B,0,202010322050,20201208,5,288
8764,4,B,0,202008322050,20201208,5,289
8765,6,C,0,202020802050,20201208,5,290
8766,5,C,0,202020802040,20201208,5,291
8767,6,C,0,202020801640,20201208,5,292
8768,5,C,0,202020801632,20201208,5,293
8769,4,B,1,202020802050,20201208,5,294
8770,3,B,0,202020642050,20201208,5,295
8771,4,B,0,202016642050,20201208,5,296
8772,3,B,0,202016512050,20201208,5,297
8773,4,B,1,202012512050,20201208,5,298
8774,3,B,0,202012402050,20201208,5,299
8775,4,B,0,502020208050,20201209,1,0
8776,3,B,1,502020168050,20201209,1,1
8777,1,A,1,502020208050,20201209,1,2
8778,2,A,0,402020208050,20201209,1,3
8779,6,C,1,502020208050,20201209,1,4
8780,5,C,1,502020208040,20201209,1,5
8781,6,C,1,502020206440,20201209,1,6
8782,5,C,1,502020206432,20201209,1,7
8783,1,A,1,502020208050,20201209,1,8
8784,2,A,0,402020208050,20201209,1,9
8785,4,B,0,502020208050,20201209,1,10
8786,3,B,0,502020168050,20201209,1,11
8787,4,B,1,502016168050,20201209,1,12
8788,6,C,1,502020208050,20201209,1,13
8789,5,C,1,502020208040,20201209,1,14
8790,6,C,0,502020206440,20201209,1,15
8791,5,C,1,502020206432,20201209,1,16
8792,6,C,0,502020205132,20201209,1,17
8793,5,C,1,502020205125,20201209,1,18
8794,2,A,0,502020208050,20201209,1,19
8795,1,A,1,501620208050,20201209,1,20
8796,2,A,0,401620208050,20201209,1,21
8797,6,C,1,502020208050,20201209,1,22
8798,5,C,0,502020208040,20201209,1,23
8799,6,C,0,502020206440,20201209,1,24
8800,5,C,1,502020206432,20201209,1,25
8801,3,B,0,502020208050,20201209,1,26
8802,4,B,0,502016208050,20201209,1,27
8803,3,B,0,502016168050,20201209,1,28
8804,4,B,0,502012168050,20201209,1,29
8805,6,C,1,502020208050,20201209,1,30
8806,5,C,1,502020208040,20201209,1,31
8807,6,C,0,502020206440,20201209,1,32
8808,5,C,0,502020206432,20201209,1,33
8809,1,A,0,502020208050,20201209,1,34
8810,2,A,0,402020208050,20201209,1,35
8811,5,C,1,502020208050,20201209,1,36
8812,6,C,0,502020206450,20201209,1,37
8813,5,C,1,502020206440,20201209,1,38
8814,6,C,0,502020205140,20201209,1,39
8815,5,C,0,502020205132,20201209,1,40
8816,3,B,0,502020208050,20201209,1,41
8817,4,B,0,502016208050,20201209,1,42
8818,1,A,0,502020208050,20201209,1,43
8819,2,A,0,402020208050,20201209,1,44
8820,1,A,1,401620208050,20201209,1,45
8821,2,A,0,321620208050,20201209,1,46
8822,6,C,1,502020208050,20201209,1,47
8823,5,C,1,502020208040,20201209,1,48
8824,6,C,0,502020206440,20201209,1,49
8825,5,C,1,502020206432,20201209,1,50
8826,6,C,0,502020205132,20201209,1,51
8827,5,C,1,502020205125,20201209,1,52
8828,6,C,0,502020204025,20201209,1,53
8829,5,C,0,502020204020,20201209,1,54
8830,3,B,1,502020208050,20201209,1,55
8831,4,B,0,502016208050,20201209,1,56
8832,3,B,0,502016168050,20201209,1,57
8833,6,C,1,502020208050,20201209,1,58
8834,5,C,1,502020208040,20201209,1,59
8835,6,C,1,502020206440,20201209,1,60
8836,5,C,1,502020206432,20201209,1,61
8837,6,C,0,502020205132,20201209,1,62
8838,5,C,0,502020205125,20201209,1,63
8839,1,A,0,502020208050,20201209,1,64
8840,5,C,0,502020208050,20201209,1,65
8841,6,C,1,502020206450,20201209,1,66
8842,5,C,1,502020206440,20201209,1,67
8843,6,C,0,502020205140,20201209,1,68
8844,5,C,1,502020205132,20201209,1,69
8845,6,C,0,502020204032,20201209,1,70
8846,5,C,0,502020204025,20201209,1,71
8847,3,B,0,502020208050,20201209,1,72
8848,4,B,0,502016208050,20201209,1,73
8849,3,B,0,502016168050,20201209,1,74
8850,5,C,0,502020208050,20201209,1,75
8851,6,C,0,502020206450,20201209,1,76
8852,5,C,1,502020206440,20201209,1,77
8853,6,C,1,502020205140,20201209,1,78
8854,5,C,1,502020205132,20201209,1,79
8855,6,C,1,502020204032,20201209,1,80
8856,5,C,0,502020204025,20201209,1,81
8857,6,C,0,502020203225,20201209,1,82
8858,5,C,1,502020203220,20201209,1,83
8859,1,A,1,502020208050,20201209,1,84
8860,2,A,0,402020208050,20201209,1,85
8861,1,A,1,401620208050,20201209,1,86
8862,5,C,0,502020208050,20201209,1,87
8863,6,C,0,502020206450,20201209,1,88
8864,5,C,0,502020206440,20201209,1,89
8865,6,C,0,502020205140,20201209,1,90
8866,5,C,1,502020205132,20201209,1,91
8867,6,C,1,502020204032,20201209,1,92
8868,5,C,0,502020204025,20201209,1,93
8869,6,C,0,502020203225,20201209,1,94
8870,5,C,0,502020203220,20201209,1,95
8871,3,B,0,502020208050,20201209,1,96
8872,4,B,0,502016208050,20201209,1,97
8873,6,C,1,502020208050,20201209,1,98
8874,5,C,1,502020208040,20201209,1,99
8875,6,C,0,502020206440,20201209,1,100
8876,5,C,1,502020206432,20201209,1,101
8877,6,C,0,502020205132,20201209,1,102
8878,5,C,0,502020205125,20201209,1,103
8879,1,A,0,502020208050,20201209,1,104
8880,5,C,1,502020208050,20201209,1,105
8881,6,C,1,502020206450,20201209,1,106
8882,5,C,1,502020206440,20201209,1,107
8883,6,C,1,502020205140,20201209,1,108
8884,5,C,0,502020205132,20201209,1,109
8885,6,C,1,502020204032,20201209,1,110
8886,5,C,1,502020204025,20201209,1,111
8887,6,C,0,502020203225,20201209,1,112
8888,5,C,1,502020203220,20201209,1,113
8889,6,C,0,502020202620,20201209,1,114
8890,5,C,1,502020202616,20201209,1,115
8891,6,C,0,502020202016,20201209,1,116
8892,5,C,0,502020202013,20201209,1,117
8893,6,C,0,502020201613,20201209,1,118
8894,5,C,0,502020201610,20201209,1,119
8895,1,A,1,502020208050,20201209,1,120
8896,2,A,0,402020208050,20201209,1,121
8897,6,C,1,502020208050,20201209,1,122
8898,5,C,1,502020208040,20201209,1,123
8899,6,C,0,502020206440,20201209,1,124
8900,5,C,0,502020206432,20201209,1,125
8901,6,C,0,502020205132,20201209,1,126
8902,5,C,1,502020205125,20201209,1,127
8903,6,C,0,502020204025,20201209,1,128
8904,5,C,1,502020204020,20201209,1,129
8905,6,C,0,502020203220,20201209,1,130
8906,5,C,1,502020203216,20201209,1,131
8907,6,C,0,502020202616,20201209,1,132
8908,5,C,1,502020202613,20201209,1,133
8909,6,C,0,502020202013,20201209,1,134
8910,5,C,0,502020202010,20201209,1,135
8911,3,B,1,502020208050,20201209,1,136
8912,4,B,0,502016208050,20201209,1,137
8913,3,B,0,502016168050,20201209,1,138
8914,5,C,1,502020208050,20201209,1,139
8915,6,C,1,502020206450,20201209,1,140
8916,5,C,0,502020206440,20201209,1,141
8917,6,C,0,502020205140,20201209,1,142
8918,5,C,0,502020205132,20201209,1,143
8919,6,C,0,502020204032,20201209,1,144
8920,5,C,1,502020204025,20201209,1,145
8921,1,A,0,502020208050,20201209,1,146
8922,5,C,1,502020208050,20201209,1,147
8923,6,C,1,502020206450,20201209,1,148
8924,5,C,0,502020206440,20201209,1,149
8925,6,C,0,502020205140,20201209,1,150
8926,5,C,0,502020205132,20201209,1,151
8927,6,C,1,502020204032,20201209,1,152
8928,5,C,0,502020204025,20201209,1,153
8929,6,C,0,502020203225,20201209,1,154
8930,5,C,0,502020203220,20201209,1,155
8931,6,C,0,502020202620,20201209,1,156
8932,1,A,0,502020208050,20201209,1,157
8933,2,A,0,402020208050,20201209,1,158
8934,5,C,1,502020208050,20201209,1,159
8935,6,C,0,502020206450,20201209,1,160
8936,5,C,1,502020206440,20201209,1,161
8937,6,C,0,502020205140,20201209,1,162
8938,5,C,1,502020205132,20201209,1,163
8939,6,C,0,502020204032,20201209,1,164
8940,5,C,0,502020204025,20201209,1,165
8941,3,B,0,502020208050,20201209,1,166
8942,4,B,0,502016208050,20201209,1,167
8943,3,B,0,502016168050,20201209,1,168
8944,5,C,0,502020208050,20201209,1,169
8945,6,C,1,502020206450,20201209,1,170
8946,5,C,1,502020206440,20201209,1,171
8947,6,C,1,502020205140,20201209,1,172
8948,5,C,0,502020205132,20201209,1,173
8949,6,C,0,502020204032,20201209,1,174
8950,5,C,0,502020204025,20201209,1,175
8951,6,C,0,502020203225,20201209,1,176
8952,5,C,0,502020203220,20201209,1,177
8953,1,A,1,502020208050,20201209,1,178
8954,2,A,0,402020208050,20201209,1,179
8955,1,A,0,401620208050,20201209,1,180
8956,5,C,1,502020208050,20201209,1,181
8957,6,C,1,502020206450,20201209,1,182
8958,5,C,0,502020206440,20201209,1,183
8959,6,C,0,502020205140,20201209,1,184
8960,5,C,0,502020205132,20201209,1,185
8961,6,C,1,502020204032,20201209,1,186
8962,5,C,1,502020204025,20201209,1,187
8963,6,C,0,502020203225,20201209,1,188
8964,5,C,0,502020203220,20201209,1,189
8965,1,A,1,502020208050,20201209,1,190
8966,2,A,0,402020208050,20201209,1,191
8967,1,A,0,401620208050,20201209,1,192
8968,5,C,1,502020208050,20201209,1,193
8969,6,C,0,502020206450,20201209,1,194
8970,5,C,1,502020206440,20201209,1,195
8971,6,C,1,502020205140,20201209,1,196
8972,5,C,0,502020205132,20201209,1,197
8973,6,C,0,502020204032,20201209,1,198
8974,1,A,0,502020208050,20201209,1,199
8975,5,C,1,502020208050,20201209,1,200
8976,6,C,1,502020206450,20201209,1,201
8977,5,C,1,502020206440,20201209,1,202
8978,6,C,0,502020205140,20201209,1,203
8979,5,C,1,502020205132,20201209,1,204
8980,6,C,0,502020204032,20201209,1,205
8981,5,C,0,502020204025,20201209,1,206
8982,1,A,0,502020208050,20201209,1,207
8983,5,C,1,502020208050,20201209,1,208
8984,6,C,1,502020206450,20201209,1,209
8985,5,C,1,502020206440,20201209,1,210
8986,6,C,1,502020205140,20201209,1,211
8987,5,C,0,502020205132,20201209,1,212
8988,6,C,0,502020204032,20201209,1,213
8989,5,C,1,502020204025,20201209,1,214
8990,6,C,0,502020203225,20201209,1,215
8991,5,C,1,502020203220,20201209,1,216
8992,6,C,0,502020202620,20201209,1,217
8993,5,C,1,502020202616,20201209,1,218
8994,6,C,0,502020202016,20201209,1,219
8995,5,C,0,502020202013,20201209,1,220
8996,1,A,1,502020208050,20201209,1,221
8997,2,A,0,402020208050,20201209,1,222
8998,1,A,1,401620208050,20201209,1,223
8999,5,C,1,502020208050,20201209,1,224
9000,6,C,0,502020206450,20201209,1,225
9001,5,C,1,502020206440,20201209,1,226
9002,6,C,1,502020205140,20201209,1,227
9003,5,C,0,502020205132,20201209,1,228
9004,6,C,1,502020204032,20201209,1,229
9005,5,C,0,502020204025,20201209,1,230
9006,6,C,0,502020203225,20201209,1,231
9007,5,C,0,502020203220,20201209,1,232
9008,6,C,0,502020202620,20201209,1,233
9009,1,A,1,502020208050,20201209,1,234
9010,5,C,1,502020208050,20201209,1,235
9011,6,C,1,502020206450,20201209,1,236
9012,5,C,1,502020206440,20201209,1,237
9013,6,C,1,502020205140,20201209,1,238
9014,5,C,0,502020205132,20201209,1,239
9015,6,C,1,502020204032,20201209,1,240
9016,5,C,0,502020204025,20201209,1,241
9017,6,C,1,502020203225,20201209,1,242
9018,5,C,1,502020203220,20201209,1,243
9019,6,C,0,502020202620,20201209,1,244
9020,5,C,0,502020202616,20201209,1,245
9021,6,C,0,502020202016,20201209,1,246
9022,1,A,1,502020208050,20201209,1,247
9023,2,A,0,402020208050,20201209,1,248
9024,1,A,1,401620208050,20201209,1,249
9025,5,C,1,502020208050,20201209,1,250
9026,6,C,1,502020206450,20201209,1,251
9027,5,C,1,502020206440,20201209,1,252
9028,6,C,0,502020205140,20201209,1,253
9029,5,C,0,502020205132,20201209,1,254
9030,6,C,0,502020204032,20201209,1,255
9031,5,C,0,502020204025,20201209,1,256
9032,6,C,1,502020203225,20201209,1,257
9033,5,C,0,502020203220,20201209,1,258
9034,6,C,0,502020202620,20201209,1,259
9035,5,C,0,502020202616,20201209,1,260
9036,6,C,1,502020202016,20201209,1,261
9037,1,A,1,502020208050,20201209,1,262
9038,6,C,0,502020208050,20201209,1,263
9039,5,C,1,502020208040,20201209,1,264
9040,6,C,0,502020206440,20201209,1,265
9041,5,C,0,502020206432,20201209,1,266
9042,6,C,0,502020205132,20201209,1,267
9043,5,C,0,502020205125,20201209,1,268
9044,6,C,1,502020204025,20201209,1,269
9045,1,A,0,502020208050,20201209,1,270
9046,2,A,0,402020208050,20201209,1,271
9047,1,A,0,401620208050,20201209,1,272
9048,5,C,1,502020208050,20201209,1,273
9049,6,C,1,502020206450,20201209,1,274
9050,5,C,1,502020206440,20201209,1,275
9051,6,C,1,502020205140,20201209,1,276
9052,5,C,1,502020205132,20201209,1,277
9053,6,C,0,502020204032,20201209,1,278
9054,5,C,1,502020204025,20201209,1,279
9055,6,C,0,502020203225,20201209,1,280
9056,5,C,0,502020203220,20201209,1,281
9057,1,A,1,502020208050,20201209,1,282
9058,5,C,1,502020208050,20201209,1,283
9059,6,C,0,502020206450,20201209,1,284
9060,5,C,1,502020206440,20201209,1,285
9061,6,C,0,502020205140,20201209,1,286
9062,5,C,1,502020205132,20201209,1,287
9063,1,A,0,502020208050,20201209,1,288
9064,5,C,0,502020208050,20201209,1,289
9065,6,C,1,502020206450,20201209,1,290
9066,5,C,0,502020206440,20201209,1,291
9067,6,C,0,502020205140,20201209,1,292
9068,5,C,1,502020205132,20201209,1,293
9069,6,C,0,502020204032,20201209,1,294
9070,5,C,1,502020204025,20201209,1,295
9071,6,C,0,502020203225,20201209,1,296
9072,5,C,0,502020203220,20201209,1,297
9073,1,A,1,502020208050,20201209,1,298
9074,5,C,1,502020208050,20201209,1,299
9075,2,A,1,802020502020,20201209,2,0
9076,1,A,0,801620502020,20201209,2,1
9077,2,A,0,641620502020,20201209,2,2
9078,4,B,0,802020502020,20201209,2,3
9079,3,B,1,802020402020,20201209,2,4
9080,4,B,1,802016402020,20201209,2,5
9081,3,B,0,802016322020,20201209,2,6
9082,4,B,1,802012322020,20201209,2,7
9083,5,C,1,802020502020,20201209,2,8
9084,6,C,0,802020501620,20201209,2,9
9085,5,C,0,802020501616,20201209,2,10
9086,1,A,1,802020502020,20201209,2,11
9087,2,A,0,642020502020,20201209,2,12
9088,1,A,1,641620502020,20201209,2,13
9089,2,A,0,511620502020,20201209,2,14
9090,1,A,1,511220502020,20201209,2,15
9091,4,B,1,802020502020,20201209,2,16
9092,3,B,0,802020402020,20201209,2,17
9093,4,B,0,802016402020,20201209,2,18
9094,1,A,1,802020502020,20201209,2,19
9095,2,A,1,642020502020,20201209,2,20
9096,1,A,1,641620502020,20201209,2,21
9097,4,B,0,802020502020,20201209,2,22
9098,3,B,1,802020402020,20201209,2,23
9099,4,B,0,802016402020,20201209,2,24
9100,3,B,0,802016322020,20201209,2,25
9101,1,A,0,802020502020,20201209,2,26
9102,2,A,0,642020502020,20201209,2,27
9103,1,A,1,641620502020,20201209,2,28
9104,4,B,0,802020502020,20201209,2,29
9105,3,B,0,802020402020,20201209,2,30
9106,4,B,1,802016402020,20201209,2,31
9107,5,C,0,802020502020,20201209,2,32
9108,6,C,1,802020501620,20201209,2,33
9109,2,A,1,802020502020,20201209,2,34
9110,1,A,1,801620502020,20201209,2,35
9111,2,A,0,641620502020,20201209,2,36
9112,1,A,1,641220502020,20201209,2,37
9113,2,A,0,511220502020,20201209,2,38
9114,1,A,0,511020502020,20201209,2,39
9115,4,B,1,802020502020,20201209,2,40
9116,3,B,0,802020402020,20201209,2,41
9117,4,B,1,802016402020,20201209,2,42
9118,1,A,1,802020502020,20201209,2,43
9119,2,A,1,642020502020,20201209,2,44
9120,1,A,1,641620502020,20201209,2,45
9121,2,A,0,511620502020,20201209,2,46
9122,1,A,1,511220502020,20201209,2,47
9123,4,B,0,802020502020,20201209,2,48
9124,3,B,0,802020402020,20201209,2,49
9125,4,B,1,802016402020,20201209,2,50
9126,1,A,1,802020502020,20201209,2,51
9127,2,A,0,642020502020,20201209,2,52
9128,1,A,1,641620502020,20201209,2,53
9129,4,B,1,802020502020,20201209,2,54
9130,1,A,1,802020502020,20201209,2,55
9131,2,A,1,642020502020,20201209,2,56
9132,1,A,1,641620502020,20201209,2,57
9133,2,A,0,511620502020,20201209,2,58
9134,1,A,0,511220502020,20201209,2,59
9135,4,B,1,802020502020,20201209,2,60
9136,1,A,1,802020502020,20201209,2,61
9137,2,A,0,642020502020,20201209,2,62
9138,1,A,0,641620502020,20201209,2,63
9139,4,B,1,802020502020,20201209,2,64
9140,1,A,1,802020502020,20201209,2,65
9141,2,A,0,642020502020,20201209,2,66
9142,1,A,0,641620502020,20201209,2,67
9143,4,B,0,802020502020,20201209,2,68
9144,6,C,0,802020502020,20201209,2,69
9145,5,C,0,802020502016,20201209,2,70
9146,2,A,1,802020502020,20201209,2,71
9147,1,A,1,801620502020,20201209,2,72
9148,2,A,0,641620502020,20201209,2,73
9149,1,A,1,641220502020,20201209,2,74
9150,4,B,0,802020502020,20201209,2,75
9151,1,A,1,802020502020,20201209,2,76
9152,2,A,1,642020502020,20201209,2,77
9153,1,A,0,641620502020,20201209,2,78
9154,4,B,0,802020502020,20201209,2,79
9155,1,A,1,802020502020,20201209,2,80
9156,2,A,0,642020502020,20201209,2,81
9157,1,A,0,641620502020,20201209,2,82
9158,3,B,0,802020502020,20201209,2,83
9159,4,B,0,802016502020,20201209,2,84
9160,3,B,0,802016402020,20201209,2,85
9161,1,A,1,802020502020,20201209,2,86
9162,2,A,0,642020502020,20201209,2,87
9163,1,A,0,641620502020,20201209,2,88
9164,4,B,1,802020502020,20201209,2,89
9165,1,A,1,802020502020,20201209,2,90
9166,2,A,1,642020502020,20201209,2,91
9167,1,A,1,641620502020,20201209,2,92
9168,2,A,1,511620502020,20201209,2,93
9169,1,A,1,511220502020,20201209,2,94
9170,4,B,0,802020502020,20201209,2,95
9171,1,A,1,802020502020,20201209,2,96
9172,2,A,0,642020502020,20201209,2,97
9173,1,A,0,641620502020,20201209,2,98
9174,2,A,0,511620502020,20201209,2,99
9175,1,A,0,511220502020,20201209,2,100
9176,5,C,0,802020502020,20201209,2,101
9177,6,C,0,802020501620,20201209,2,102
9178,1,A,1,802020502020,20201209,2,103
9179,2,A,0,642020502020,20201209,2,104
9180,1,A,1,641620502020,20201209,2,105
9181,2,A,0,511620502020,20201209,2,106
9182,1,A,0,511220502020,20201209,2,107
9183,4,B,0,802020502020,20201209,2,108
9184,3,B,0,802020402020,20201209,2,109
9185,4,B,1,802016402020,20201209,2,110
9186,1,A,1,802020502020,20201209,2,111
9187,2,A,0,642020502020,20201209,2,112
9188,1,A,0,641620502020,20201209,2,113
9189,4,B,0,802020502020,20201209,2,114
9190,3,B,0,802020402020,20201209,2,115
9191,4,B,0,802016402020,20201209,2,116
9192,1,A,1,802020502020,20201209,2,117
9193,2,A,1,642020502020,20201209,2,118
9194,1,A,1,641620502020,20201209,2,119
9195,2,A,0,511620502020,20201209,2,120
9196,1,A,0,511220502020,20201209,2,121
9197,4,B,1,802020502020,20201209,2,122
9198,3,B,1,802020402020,20201209,2,123
9199,4,B,0,802016402020,20201209,2,124
9200,1,A,1,802020502020,20201209,2,125
9201,2,A,0,642020502020,20201209,2,126
9202,1,A,1,641620502020,20201209,2,127
9203,4,B,1,802020502020,20201209,2,128
9204,3,B,0,802020402020,20201209,2,129
9205,4,B,0,802016402020,20201209,2,130
9206,1,A,1,802020502020,20201209,2,131
9207,2,A,0,642020502020,20201209,2,132
9208,1,A,1,641620502020,20201209,2,133
9209,4,B,0,802020502020,20201209,2,134
9210,3,B,0,802020402020,20201209,2,135
9211,1,A,1,802020502020,20201209,2,136
9212,2,A,0,642020502020,20201209,2,137
9213,1,A,1,641620502020,20201209,2,138
9214,5,C,0,802020502020,20201209,2,139
9215,6,C,0,802020501620,20201209,2,140
9216,5,C,0,802020501616,20201209,2,141
9217,1,A,1,802020502020,20201209,2,142
9218,4,B,0,802020502020,20201209,2,143
9219,3,B,0,802020402020,20201209,2,144
9220,4,B,0,802016402020,20201209,2,145
9221,1,A,1,802020502020,20201209,2,146
9222,2,A,0,642020502020,20201209,2,147
9223,1,A,0,641620502020,20201209,2,148
9224,4,B,1,802020502020,20201209,2,149
9225,3,B,1,802020402020,20201209,2,150
9226,4,B,0,802016402020,20201209,2,151
9227,3,B,0,802016322020,20201209,2,152
9228,4,B,0,802012322020,20201209,2,153
9229,1,A,1,802020502020,20201209,2,154
9230,2,A,1,642020502020,20201209,2,155
9231,1,A,1,641620502020,20201209,2,156
9232,2,A,0,511620502020,20201209,2,157
9233,1,A,0,511220502020,20201209,2,158
9234,4,B,1,802020502020,20201209,2,159
9235,3,B,1,802020402020,20201209,2,160
9236,4,B,0,802016402020,20201209,2,161
9237,3,B,0,802016322020,20201209,2,162
9238,1,A,0,802020502020,20201209,2,163
9239,2,A,1,642020502020,20201209,2,164
9240,1,A,0,641620502020,20201209,2,165
9241,2,A,0,511620502020,20201209,2,166
9242,1,A,1,511220502020,20201209,2,167
9243,4,B,0,802020502020,20201209,2,168
9244,3,B,0,802020402020,20201209,2,169
9245,4,B,0,802016402020,20201209,2,170
9246,3,B,0,802016322020,20201209,2,171
9247,1,A,0,802020502020,20201209,2,172
9248,2,A,0,642020502020,20201209,2,173
9249,1,A,0,641620502020,20201209,2,174
9250,4,B,1,802020502020,20201209,2,175
9251,3,B,1,802020402020,20201209,2,176
9252,4,B,0,802016402020,20201209,2,177
9253,1,A,1,802020502020,20201209,2,178
9254,2,A,0,642020502020,20201209,2,179
9255,1,A,1,641620502020,20201209,2,180
9256,4,B,0,802020502020,20201209,2,181
9257,1,A,1,802020502020,20201209,2,182
9258,2,A,0,642020502020,20201209,2,183
9259,1,A,1,641620502020,20201209,2,184
9260,5,C,0,802020502020,20201209,2,185
9261,6,C,0,802020501620,20201209,2,186
9262,5,C,0,802020501616,20201209,2,187
9263,1,A,0,802020502020,20201209,2,188
9264,2,A,0,642020502020,20201209,2,189
9265,1,A,1,641620502020,20201209,2,190
9266,4,B,0,802020502020,20201209,2,191
9267,3,B,0,802020402020,20201209,2,192
9268,4,B,0,802016402020,20201209,2,193
9269,3,B,0,802016322020,20201209,2,194
9270,1,A,1,802020502020,20201209,2,195
9271,2,A,1,642020502020,20201209,2,196
9272,1,A,1,641620502020,20201209,2,197
9273,2,A,0,511620502020,20201209,2,198
9274,1,A,1,511220502020,20201209,2,199
9275,2,A,0,401220502020,20201209,2,200
9276,1,A,0,401020502020,20201209,2,201
9277,4,B,0,802020502020,20201209,2,202
9278,3,B,1,802020402020,20201209,2,203
9279,4,B,0,802016402020,20201209,2,204
9280,3,B,0,802016322020,20201209,2,205
9281,1,A,1,802020502020,20201209,2,206
9282,2,A,0,642020502020,20201209,2,207
9283,1,A,1,641620502020,20201209,2,208
9284,2,A,0,511620502020,20201209,2,209
9285,1,A,0,511220502020,20201209,2,210
9286,4,B,1,802020502020,20201209,2,211
9287,3,B,0,802020402020,20201209,2,212
9288,4,B,0,802016402020,20201209,2,213
9289,3,B,0,802016322020,20201209,2,214
9290,1,A,1,802020502020,20201209,2,215
9291,2,A,0,642020502020,20201209,2,216
9292,1,A,0,641620502020,20201209,2,217
9293,4,B,1,802020502020,20201209,2,218
9294,3,B,0,802020402020,20201209,2,219
9295,4,B,1,802016402020,20201209,2,220
9296,1,A,1,802020502020,20201209,2,221
9297,2,A,1,642020502020,20201209,2,222
9298,1,A,0,641620502020,20201209,2,223
9299,2,A,0,511620502020,20201209,2,224
9300,1,A,1,511220502020,20201209,2,225
9301,4,B,0,802020502020,20201209,2,226
9302,3,B,0,802020402020,20201209,2,227
9303,4,B,0,802016402020,20201209,2,228
9304,1,A,0,802020502020,20201209,2,229
9305,2,A,0,642020502020,20201209,2,230
9306,1,A,1,641620502020,20201209,2,231
9307,4,B,1,802020502020,20201209,2,232
9308,3,B,0,802020402020,20201209,2,233
9309,4,B,1,802016402020,20201209,2,234
9310,1,A,1,802020502020,20201209,2,235
9311,2,A,0,642020502020,20201209,2,236
9312,1,A,1,641620502020,20201209,2,237
9313,2,A,0,511620502020,20201209,2,238
9314,1,A,1,511220502020,20201209,2,239
9315,4,B,1,802020502020,20201209,2,240
9316,3,B,0,802020402020,20201209,2,241
9317,4,B,1,802016402020,20201209,2,242
9318,3,B,0,802016322020,20201209,2,243
9319,4,B,0,802012322020,20201209,2,244
9320,1,A,1,802020502020,20201209,2,245
9321,2,A,1,642020502020,20201209,2,246
9322,1,A,1,641620502020,20201209,2,247
9323,2,A,0,511620502020,20201209,2,248
9324,1,A,0,511220502020,20201209,2,249
9325,4,B,0,802020502020,20201209,2,250
9326,3,B,0,802020402020,20201209,2,251
9327,4,B,1,802016402020,20201209,2,252
9328,3,B,0,802016322020,20201209,2,253
9329,4,B,1,802012322020,20201209,2,254
9330,1,A,1,802020502020,20201209,2,255
9331,2,A,0,642020502020,20201209,2,256
9332,1,A,0,641620502020,20201209,2,257
9333,4,B,0,802020502020,20201209,2,258
9334,3,B,0,802020402020,20201209,2,259
9335,4,B,1,802016402020,20201209,2,260
9336,1,A,1,802020502020,20201209,2,261
9337,2,A,0,642020502020,20201209,2,262
9338,1,A,1,641620502020,20201209,2,263
9339,2,A,0,511620502020,20201209,2,264
9340,1,A,0,511220502020,20201209,2,265
9341,4,B,0,802020502020,20201209,2,266
9342,3,B,0,802020402020,20201209,2,267
9343,4,B,0,802016402020,20201209,2,268
9344,1,A,1,802020502020,20201209,2,269
9345,2,A,0,642020502020,20201209,2,270
9346,1,A,0,641620502020,20201209,2,271
9347,4,B,0,802020502020,20201209,2,272
9348,3,B,0,802020402020,20201209,2,273
9349,4,B,0,802016402020,20201209,2,274
9350,1,A,1,802020502020,20201209,2,275
9351,2,A,0,642020502020,20201209,2,276
9352,1,A,0,641620502020,20201209,2,277
9353,4,B,1,802020502020,20201209,2,278
9354,1,A,0,802020502020,20201209,2,279
9355,2,A,0,642020502020,20201209,2,280
9356,1,A,1,641620502020,20201209,2,281
9357,4,B,0,802020502020,20201209,2,282
9358,3,B,0,802020402020,20201209,2,283
9359,4,B,1,802016402020,20201209,2,284
9360,6,C,0,802020502020,20201209,2,285
9361,5,C,0,802020502016,20201209,2,286
9362,6,C,0,802020501616,20201209,2,287
9363,1,A,1,802020502020,20201209,2,288
9364,2,A,0,642020502020,20201209,2,289
9365,1,A,1,641620502020,20201209,2,290
9366,4,B,1,802020502020,20201209,2,291
9367,3,B,1,802020402020,20201209,2,292
9368,4,B,0,802016402020,20201209,2,293
9369,1,A,1,802020502020,20201209,2,294
9370,2,A,1,642020502020,20201209,2,295
9371,1,A,0,641620502020,20201209,2,296
9372,2,A,0,511620502020,20201209,2,297
9373,1,A,1,511220502020,20201209,2,298
9374,4,B,0,802020502020,20201209,2,299
9375,4,B,0,208050205080,20201209,3,0
9376,3,B,1,208050165080,20201209,3,1
9377,1,A,1,208050205080,20201209,3,2
9378,2,A,0,168050205080,20201209,3,3
9379,1,A,0,166450205080,20201209,3,4
9380,5,C,0,208050205080,20201209,3,5
9381,6,C,0,208050204080,20201209,3,6
9382,5,C,1,208050204064,20201209,3,7
9383,6,C,0,208050203264,20201209,3,8
9384,5,C,1,208050203251,20201209,3,9
9385,1,A,1,208050205080,20201209,3,10
9386,2,A,1,168050205080,20201209,3,11
9387,1,A,0,166450205080,20201209,3,12
9388,2,A,1,126450205080,20201209,3,13
9389,1,A,0,125150205080,20201209,3,14
9390,4,B,1,208050205080,20201209,3,15
9391,3,B,1,208050165080,20201209,3,16
9392,4,B,0,208040165080,20201209,3,17
9393,3,B,1,208040125080,20201209,3,18
9394,4,B,0,208032125080,20201209,3,19
9395,3,B,0,208032105080,20201209,3,20
9396,6,C,1,208050205080,20201209,3,21
9397,5,C,1,208050205064,20201209,3,22
9398,6,C,0,208050204064,20201209,3,23
9399,5,C,1,208050204051,20201209,3,24
9400,1,A,0,208050205080,20201209,3,25
9401,2,A,1,168050205080,20201209,3,26
9402,1,A,0,166450205080,20201209,3,27
9403,2,A,1,126450205080,20201209,3,28
9404,1,A,0,125150205080,20201209,3,29
9405,2,A,1,105150205080,20201209,3,30
9406,4,B,0,208050205080,20201209,3,31
9407,3,B,1,208050165080,20201209,3,32
9408,4,B,0,208040165080,20201209,3,33
9409,3,B,1,208040125080,20201209,3,34
9410,4,B,0,208032125080,20201209,3,35
9411,3,B,0,208032105080,20201209,3,36
9412,6,C,1,208050205080,20201209,3,37
9413,5,C,0,208050205064,20201209,3,38
9414,6,C,0,208050204064,20201209,3,39
9415,5,C,0,208050204051,20201209,3,40
9416,1,A,0,208050205080,20201209,3,41
9417,2,A,0,168050205080,20201209,3,42
9418,1,A,0,166450205080,20201209,3,43
9419,2,A,1,126450205080,20201209,3,44
9420,1,A,0,125150205080,20201209,3,45
9421,2,A,1,105150205080,20201209,3,46
9422,4,B,0,208050205080,20201209,3,47
9423,3,B,0,208050165080,20201209,3,48
9424,4,B,0,208040165080,20201209,3,49
9425,3,B,1,208040125080,20201209,3,50
9426,4,B,0,208032125080,20201209,3,51
9427,3,B,0,208032105080,20201209,3,52
9428,5,C,0,208050205080,20201209,3,53
9429,6,C,1,208050204080,20201209,3,54
9430,5,C,1,208050204064,20201209,3,55
9431,6,C,0,208050203264,20201209,3,56
9432,5,C,0,208050203251,20201209,3,57
9433,1,A,0,208050205080,20201209,3,58
9434,2,A,1,168050205080,20201209,3,59
9435,1,A,0,166450205080,20201209,3,60
9436,2,A,1,126450205080,20201209,3,61
9437,6,C,1,208050205080,20201209,3,62
9438,5,C,0,208050205064,20201209,3,63
9439,6,C,0,208050204064,20201209,3,64
9440,5,C,0,208050204051,20201209,3,65
9441,2,A,1,208050205080,20201209,3,66
9442,1,A,0,206450205080,20201209,3,67
9443,2,A,1,166450205080,20201209,3,68
9444,6,C,1,208050205080,20201209,3,69
9445,5,C,0,208050205064,20201209,3,70
9446,6,C,0,208050204064,20201209,3,71
9447,5,C,0,208050204051,20201209,3,72
9448,2,A,1,208050205080,20201209,3,73
9449,1,A,0,206450205080,20201209,3,74
9450,2,A,1,166450205080,20201209,3,75
9451,1,A,1,165150205080,20201209,3,76
9452,2,A,0,125150205080,20201209,3,77
9453,1,A,0,124050205080,20201209,3,78
9454,2,A,1,104050205080,20201209,3,79
9455,1,A,0,103250205080,20201209,3,80
9456,2,A,0,083250205080,20201209,3,81
9457,6,C,1,208050205080,20201209,3,82
9458,5,C,1,208050205064,20201209,3,83
9459,6,C,1,208050204064,20201209,3,84
9460,5,C,0,208050204051,20201209,3,85
9461,6,C,0,208050203251,20201209,3,86
9462,5,C,1,208050203240,20201209,3,87
9463,6,C,0,208050202540,20201209,3,88
9464,3,B,1,208050205080,20201209,3,89
9465,4,B,0,208040205080,20201209,3,90
9466,3,B,0,208040165080,20201209,3,91
9467,2,A,0,208050205080,20201209,3,92
9468,1,A,0,206450205080,20201209,3,93
9469,2,A,0,166450205080,20201209,3,94
9470,1,A,0,165150205080,20201209,3,95
9471,2,A,1,125150205080,20201209,3,96
9472,1,A,0,124050205080,20201209,3,97
9473,2,A,1,104050205080,20201209,3,98
9474,6,C,1,208050205080,20201209,3,99
9475,5,C,1,208050205064,20201209,3,100
9476,6,C,1,208050204064,20201209,3,101
9477,5,C,1,208050204051,20201209,3,102
9478,6,C,1,208050203251,20201209,3,103
9479,5,C,1,208050203240,20201209,3,104
9480,6,C,1,208050202540,20201209,3,105
9481,5,C,0,208050202532,20201209,3,106
9482,6,C,0,208050202032,20201209,3,107
9483,5,C,0,208050202026,20201209,3,108
9484,6,C,0,208050201626,20201209,3,109
9485,4,B,1,208050205080,20201209,3,110
9486,3,B,1,208050165080,20201209,3,111
9487,4,B,0,208040165080,20201209,3,112
9488,3,B,1,208040125080,20201209,3,113
9489,4,B,0,208032125080,20201209,3,114
9490,3,B,1,208032105080,20201209,3,115
9491,4,B,0,208025105080,20201209,3,116
9492,3,B,0,208025085080,20201209,3,117
9493,4,B,0,208020085080,20201209,3,118
9494,6,C,1,208050205080,20201209,3,119
9495,5,C,0,208050205064,20201209,3,120
9496,6,C,1,208050204064,20201209,3,121
9497,5,C,1,208050204051,20201209,3,122
9498,6,C,0,208050203251,20201209,3,123
9499,5,C,0,208050203240,20201209,3,124
9500,6,C,0,208050202540,20201209,3,125
9501,5,C,0,208050202532,20201209,3,126
9502,2,A,1,208050205080,20201209,3,127
9503,1,A,0,206450205080,20201209,3,128
9504,2,A,1,166450205080,20201209,3,129
9505,1,A,0,165150205080,20201209,3,130
9506,2,A,1,125150205080,20201209,3,131
9507,6,C,1,208050205080,20201209,3,132
9508,5,C,0,208050205064,20201209,3,133
9509,6,C,1,208050204064,20201209,3,134
9510,5,C,1,208050204051,20201209,3,135
9511,6,C,1,208050203251,20201209,3,136
9512,5,C,0,208050203240,20201209,3,137
9513,6,C,0,208050202540,20201209,3,138
9514,5,C,0,208050202532,20201209,3,139
9515,2,A,1,208050205080,20201209,3,140
9516,1,A,1,206450205080,20201209,3,141
9517,2,A,0,166450205080,20201209,3,142
9518,1,A,1,165150205080,20201209,3,143
9519,2,A,1,125150205080,20201209,3,144
9520,1,A,0,124050205080,20201209,3,145
9521,2,A,1,104050205080,20201209,3,146
9522,1,A,0,103250205080,20201209,3,147
9523,2,A,0,083250205080,20201209,3,148
9524,6,C,0,208050205080,20201209,3,149
9525,5,C,0,208050205064,20201209,3,150
9526,6,C,1,208050204064,20201209,3,151
9527,2,A,0,208050205080,20201209,3,152
9528,1,A,1,206450205080,20201209,3,153
9529,2,A,1,166450205080,20201209,3,154
9530,1,A,0,165150205080,20201209,3,155
9531,2,A,0,125150205080,20201209,3,156
9532,6,C,0,208050205080,20201209,3,157
9533,5,C,0,208050205064,20201209,3,158
9534,6,C,1,208050204064,20201209,3,159
9535,2,A,1,208050205080,20201209,3,160
9536,1,A,0,206450205080,20201209,3,161
9537,2,A,0,166450205080,20201209,3,162
9538,1,A,0,165150205080,20201209,3,163
9539,2,A,0,125150205080,20201209,3,164
9540,4,B,1,208050205080,20201209,3,165
9541,3,B,0,208050165080,20201209,3,166
9542,4,B,0,208040165080,20201209,3,167
9543,3,B,1,208040125080,20201209,3,168
9544,4,B,1,208032125080,20201209,3,169
9545,3,B,0,208032105080,20201209,3,170
9546,4,B,1,208025105080,20201209,3,171
9547,3,B,0,208025085080,20201209,3,172
9548,4,B,0,208020085080,20201209,3,173
9549,3,B,0,208020065080,20201209,3,174
9550,4,B,0,208016065080,20201209,3,175
9551,6,C,1,208050205080,20201209,3,176
9552,5,C,1,208050205064,20201209,3,177
9553,6,C,0,208050204064,20201209,3,178
9554,5,C,0,208050204051,20201209,3,179
9555,6,C,1,208050203251,20201209,3,180
9556,5,C,0,208050203240,20201209,3,181
9557,6,C,1,208050202540,20201209,3,182
9558,4,B,1,208050205080,20201209,3,183
9559,3,B,1,208050165080,20201209,3,184
9560,4,B,0,208040165080,20201209,3,185
9561,3,B,1,208040125080,20201209,3,186
9562,4,B,0,208032125080,20201209,3,187
9563,3,B,1,208032105080,20201209,3,188
9564,6,C,1,208050205080,20201209,3,189
9565,5,C,1,208050205064,20201209,3,190
9566,6,C,1,208050204064,20201209,3,191
9567,5,C,1,208050204051,20201209,3,192
9568,6,C,1,208050203251,20201209,3,193
9569,5,C,0,208050203240,20201209,3,194
9570,6,C,0,208050202540,20201209,3,195
9571,2,A,1,208050205080,20201209,3,196
9572,1,A,1,206450205080,20201209,3,197
9573,2,A,1,166450205080,20201209,3,198
9574,1,A,1,165150205080,20201209,3,199
9575,2,A,0,125150205080,20201209,3,200
9576,1,A,0,124050205080,20201209,3,201
9577,2,A,1,104050205080,20201209,3,202
9578,6,C,0,208050205080,20201209,3,203
9579,5,C,0,208050205064,20201209,3,204
9580,6,C,1,208050204064,20201209,3,205
9581,5,C,0,208050204051,20201209,3,206
9582,6,C,1,208050203251,20201209,3,207
9583,5,C,0,208050203240,20201209,3,208
9584,6,C,1,208050202540,20201209,3,209
9585,4,B,0,208050205080,20201209,3,210
9586,3,B,1,208050165080,20201209,3,211
9587,4,B,0,208040165080,20201209,3,212
9588,3,B,0,208040125080,20201209,3,213
9589,1,A,0,208050205080,20201209,3,214
9590,2,A,1,168050205080,20201209,3,215
9591,1,A,0,166450205080,20201209,3,216
9592,2,A,0,126450205080,20201209,3,217
9593,1,A,0,125150205080,20201209,3,218
9594,2,A,1,105150205080,20201209,3,219
9595,6,C,0,208050205080,20201209,3,220
9596,5,C,0,208050205064,20201209,3,221
9597,6,C,1,208050204064,20201209,3,222
9598,5,C,0,208050204051,20201209,3,223
9599,6,C,0,208050203251,20201209,3,224
9600,4,B,0,208050205080,20201209,3,225
9601,3,B,1,208050165080,20201209,3,226
9602,4,B,1,208040165080,20201209,3,227
9603,3,B,0,208040125080,20201209,3,228
9604,4,B,0,208032125080,20201209,3,229
9605,3,B,1,208032105080,20201209,3,230
9606,4,B,0,208025105080,20201209,3,231
9607,3,B,0,208025085080,20201209,3,232
9608,6,C,1,208050205080,20201209,3,233
9609,5,C,0,208050205064,20201209,3,234
9610,6,C,1,208050204064,20201209,3,235
9611,5,C,0,208050204051,20201209,3,236
9612,6,C,0,208050203251,20201209,3,237
9613,2,A,1,208050205080,20201209,3,238
9614,1,A,0,206450205080,20201209,3,239
9615,2,A,0,166450205080,20201209,3,240
9616,6,C,1,208050205080,20201209,3,241
9617,5,C,1,208050205064,20201209,3,242
9618,6,C,1,208050204064,20201209,3,243
9619,5,C,1,208050204051,20201209,3,244
9620,6,C,0,208050203251,20201209,3,245
9621,5,C,0,208050203240,20201209,3,246
9622,6,C,0,208050202540,20201209,3,247
9623,5,C,0,208050202532,20201209,3,248
9624,6,C,0,208050202032,20201209,3,249
9625,5,C,1,208050202026,20201209,3,250
9626,6,C,1,208050201626,20201209,3,251
9627,5,C,0,208050201620,20201209,3,252
9628,6,C,0,208050201320,20201209,3,253
9629,5,C,0,208050201316,20201209,3,254
9630,3,B,1,208050205080,20201209,3,255
9631,4,B,0,208040205080,20201209,3,256
9632,3,B,0,208040165080,20201209,3,257
9633,4,B,0,208032165080,20201209,3,258
9634,3,B,1,208032125080,20201209,3,259
9635,4,B,1,208025125080,20201209,3,260
9636,3,B,0,208025105080,20201209,3,261
9637,4,B,0,208020105080,20201209,3,262
9638,3,B,0,208020085080,20201209,3,263
9639,1,A,1,208050205080,20201209,3,264
9640,2,A,1,168050205080,20201209,3,265
9641,1,A,1,166450205080,20201209,3,266
9642,3,B,1,208050205080,20201209,3,267
9643,4,B,0,208040205080,20201209,3,268
9644,3,B,0,208040165080,20201209,3,269
9645,4,B,0,208032165080,20201209,3,270
9646,3,B,0,208032125080,20201209,3,271
9647,6,C,1,208050205080,20201209,3,272
9648,5,C,0,208050205064,20201209,3,273
9649,6,C,1,208050204064,20201209,3,274
9650,5,C,1,208050204051,20201209,3,275
9651,6,C,0,208050203251,20201209,3,276
9652,5,C,1,208050203240,20201209,3,277
9653,2,A,0,202050808020,20201209,4,0
9654,1,A,0,201650808020,20201209,4,1
9655,5,C,0,202050808020,20201209,4,2
9656,6,C,0,202050806420,20201209,4,3
9657,5,C,1,202050806416,20201209,4,4
9658,6,C,0,202050805116,20201209,4,5
9659,5,C,0,202050805112,20201209,4,6
9660,3,B,1,202050808020,20201209,4,7
9661,4,B,1,202040808020,20201209,4,8
9662,3,B,0,202040648020,20201209,4,9
9663,4,B,1,202032648020,20201209,4,10
9664,3,B,0,202032518020,20201209,4,11
9665,4,B,0,202025518020,20201209,4,12
9666,6,C,0,202050808020,20201209,4,13
9667,5,C,1,202050808016,20201209,4,14
9668,6,C,0,202050806416,20201209,4,15
9669,5,C,1,202050806412,20201209,4,16
9670,6,C,0,202050805112,20201209,4,17
9671,5,C,0,202050805110,20201209,4,18
9672,2,A,0,202050808020,20201209,4,19
9673,1,A,0,201650808020,20201209,4,20
9674,2,A,0,161650808020,20201209,4,21
9675,1,A,0,161250808020,20201209,4,22
9676,4,B,1,202050808020,20201209,4,23
9677,3,B,1,202050648020,20201209,4,24
9678,4,B,0,202040648020,20201209,4,25
9679,3,B,1,202040518020,20201209,4,26
9680,4,B,0,202032518020,20201209,4,27
9681,3,B,1,202032408020,20201209,4,28
9682,5,C,1,202050808020,20201209,4,29
9683,6,C,0,202050806420,20201209,4,30
9684,5,C,1,202050806416,20201209,4,31
9685,4,B,1,202050808020,20201209,4,32
9686,3,B,0,202050648020,20201209,4,33
9687,4,B,1,202040648020,20201209,4,34
9688,3,B,1,202040518020,20201209,4,35
9689,4,B,0,202032518020,20201209,4,36
9690,3,B,0,202032408020,20201209,4,37
9691,1,A,0,202050808020,20201209,4,38
9692,2,A,0,162050808020,20201209,4,39
9693,1,A,0,161650808020,20201209,4,40
9694,4,B,1,202050808020,20201209,4,41
9695,3,B,0,202050648020,20201209,4,42
9696,4,B,1,202040648020,20201209,4,43
9697,3,B,1,202040518020,20201209,4,44
9698,4,B,0,202032518020,20201209,4,45
9699,3,B,1,202032408020,20201209,4,46
9700,4,B,1,202025408020,20201209,4,47
9701,3,B,1,202025328020,20201209,4,48
9702,4,B,0,202020328020,20201209,4,49
9703,3,B,0,202020268020,20201209,4,50
9704,6,C,0,202050808020,20201209,4,51
9705,5,C,1,202050808016,20201209,4,52
9706,6,C,0,202050806416,20201209,4,53
9707,5,C,1,202050806412,20201209,4,54
9708,4,B,1,202050808020,20201209,4,55
9709,3,B,0,202050648020,20201209,4,56
9710,4,B,0,202040648020,20201209,4,57
9711,3,B,0,202040518020,20201209,4,58
9712,4,B,0,202032518020,20201209,4,59
9713,3,B,1,202032408020,20201209,4,60
9714,4,B,0,202025408020,20201209,4,61
9715,3,B,0,202025328020,20201209,4,62
9716,6,C,0,202050808020,20201209,4,63
9717,5,C,1,202050808016,20201209,4,64
9718,6,C,0,202050806416,20201209,4,65
9719,5,C,1,202050806412,20201209,4,66
9720,3,B,1,202050808020,20201209,4,67
9721,4,B,1,202040808020,20201209,4,68
9722,3,B,1,202040648020,20201209,4,69
9723,4,B,0,202032648020,20201209,4,70
9724,3,B,1,202032518020,20201209,4,71
9725,4,B,0,202025518020,20201209,4,72
9726,3,B,1,202025408020,20201209,4,73
9727,4,B,0,202020408020,20201209,4,74
9728,3,B,0,202020328020,20201209,4,75
9729,5,C,1,202050808020,20201209,4,76
9730,6,C,0,202050806420,20201209,4,77
9731,5,C,0,202050806416,20201209,4,78
9732,3,B,0,202050808020,20201209,4,79
9733,4,B,1,202040808020,20201209,4,80
9734,3,B,1,202040648020,20201209,4,81
9735,4,B,1,202032648020,20201209,4,82
9736,3,B,0,202032518020,20201209,4,83
9737,4,B,1,202025518020,20201209,4,84
9738,3,B,0,202025408020,20201209,4,85
9739,4,B,0,202020408020,20201209,4,86
9740,3,B,0,202020328020,20201209,4,87
9741,4,B,0,202016328020,20201209,4,88
9742,1,A,0,202050808020,20201209,4,89
9743,2,A,0,162050808020,20201209,4,90
9744,5,C,0,202050808020,20201209,4,91
9745,6,C,0,202050806420,20201209,4,92
9746,5,C,1,202050806416,20201209,4,93
9747,6,C,0,202050805116,20201209,4,94
9748,5,C,0,202050805112,20201209,4,95
9749,3,B,0,202050808020,20201209,4,96
9750,4,B,0,202040808020,20201209,4,97
9751,3,B,1,202040648020,20201209,4,98
9752,4,B,1,202032648020,20201209,4,99
9753,3,B,0,202032518020,20201209,4,100
9754,4,B,0,202025518020,20201209,4,101
9755,3,B,1,202025408020,20201209,4,102
9756,4,B,0,202020408020,20201209,4,103
9757,3,B,1,202020328020,20201209,4,104
9758,4,B,1,202016328020,20201209,4,105
9759,3,B,0,202016268020,20201209,4,106
9760,4,B,0,202013268020,20201209,4,107
9761,3,B,0,202013208020,20201209,4,108
9762,5,C,0,202050808020,20201209,4,109
9763,6,C,1,202050806420,20201209,4,110
9764,5,C,0,202050806416,20201209,4,111
9765,3,B,0,202050808020,20201209,4,112
9766,4,B,1,202040808020,20201209,4,113
9767,3,B,0,202040648020,20201209,4,114
9768,4,B,1,202032648020,20201209,4,115
9769,3,B,1,202032518020,20201209,4,116
9770,4,B,1,202025518020,20201209,4,117
9771,3,B,0,202025408020,20201209,4,118
9772,4,B,1,202020408020,20201209,4,119
9773,3,B,0,202020328020,20201209,4,120
9774,4,B,1,202016328020,20201209,4,121
9775,3,B,0,202016268020,20201209,4,122
9776,4,B,0,202013268020,20201209,4,123
9777,5,C,0,202050808020,20201209,4,124
9778,6,C,0,202050806420,20201209,4,125
9779,5,C,1,202050806416,20201209,4,126
9780,4,B,0,202050808020,20201209,4,127
9781,3,B,1,202050648020,20201209,4,128
9782,4,B,1,202040648020,20201209,4,129
9783,3,B,0,202040518020,20201209,4,130
9784,4,B,0,202032518020,20201209,4,131
9785,3,B,0,202032408020,20201209,4,132
9786,4,B,1,202025408020,20201209,4,133
9787,3,B,0,202025328020,20201209,4,134
9788,4,B,0,202020328020,20201209,4,135
9789,5,C,1,202050808020,20201209,4,136
9790,6,C,0,202050806420,20201209,4,137
9791,5,C,1,202050806416,20201209,4,138
9792,3,B,1,202050808020,20201209,4,139
9793,4,B,1,202040808020,20201209,4,140
9794,3,B,0,202040648020,20201209,4,141
9795,4,B,1,202032648020,20201209,4,142
9796,3,B,0,202032518020,20201209,4,143
9797,4,B,0,202025518020,20201209,4,144
9798,3,B,0,202025408020,20201209,4,145
9799,4,B,0,202020408020,20201209,4,146
9800,3,B,0,202020328020,20201209,4,147
9801,4,B,0,202016328020,20201209,4,148
9802,5,C,1,202050808020,20201209,4,149
9803,6,C,0,202050806420,20201209,4,150
9804,5,C,1,202050806416,20201209,4,151
9805,6,C,0,202050805116,20201209,4,152
9806,5,C,1,202050805112,20201209,4,153
9807,4,B,1,202050808020,20201209,4,154
9808,3,B,1,202050648020,20201209,4,155
9809,4,B,0,202040648020,20201209,4,156
9810,3,B,1,202040518020,20201209,4,157
9811,4,B,0,202032518020,20201209,4,158
9812,3,B,0,202032408020,20201209,4,159
9813,4,B,0,202025408020,20201209,4,160
9814,3,B,0,202025328020,20201209,4,161
9815,5,C,1,202050808020,20201209,4,162
9816,6,C,0,202050806420,20201209,4,163
9817,5,C,1,202050806416,20201209,4,164
9818,6,C,1,202050805116,20201209,4,165
9819,5,C,0,202050805112,20201209,4,166
9820,6,C,0,202050804012,20201209,4,167
9821,5,C,1,202050804010,20201209,4,168
9822,3,B,0,202050808020,20201209,4,169
9823,4,B,1,202040808020,20201209,4,170
9824,3,B,1,202040648020,20201209,4,171
9825,4,B,1,202032648020,20201209,4,172
9826,3,B,0,202032518020,20201209,4,173
9827,4,B,0,202025518020,20201209,4,174
9828,3,B,1,202025408020,20201209,4,175
9829,4,B,0,202020408020,20201209,4,176
9830,3,B,0,202020328020,20201209,4,177
9831,5,C,0,202050808020,20201209,4,178
9832,6,C,0,202050806420,20201209,4,179
9833,5,C,1,202050806416,20201209,4,180
9834,6,C,0,202050805116,20201209,4,181
9835,5,C,1,202050805112,20201209,4,182
9836,6,C,0,202050804012,20201209,4,183
9837,5,C,0,202050804010,20201209,4,184
9838,3,B,1,202050808020,20201209,4,185
9839,4,B,1,202040808020,20201209,4,186
9840,3,B,0,202040648020,20201209,4,187
9841,4,B,0,202032648020,20201209,4,188
9842,3,B,0,202032518020,20201209,4,189
9843,5,C,1,202050808020,20201209,4,190
9844,6,C,1,202050806420,20201209,4,191
9845,5,C,1,202050806416,20201209,4,192
9846,6,C,0,202050805116,20201209,4,193
9847,5,C,0,202050805112,20201209,4,194
9848,3,B,0,202050808020,20201209,4,195
9849,4,B,1,202040808020,20201209,4,196
9850,3,B,0,202040648020,20201209,4,197
9851,4,B,0,202032648020,20201209,4,198
9852,3,B,1,202032518020,20201209,4,199
9853,4,B,0,202025518020,20201209,4,200
9854,3,B,0,202025408020,20201209,4,201
9855,5,C,0,202050808020,20201209,4,202
9856,6,C,0,202050806420,20201209,4,203
9857,5,C,0,202050806416,20201209,4,204
9858,3,B,0,202050808020,20201209,4,205
9859,4,B,1,202040808020,20201209,4,206
9860,3,B,0,202040648020,20201209,4,207
9861,4,B,1,202032648020,20201209,4,208
9862,3,B,1,202032518020,20201209,4,209
9863,4,B,1,202025518020,20201209,4,210
9864,3,B,1,202025408020,20201209,4,211
9865,4,B,1,202020408020,20201209,4,212
9866,3,B,0,202020328020,20201209,4,213
9867,4,B,0,202016328020,20201209,4,214
9868,2,A,0,202050808020,20201209,4,215
9869,1,A,0,201650808020,20201209,4,216
9870,2,A,0,161650808020,20201209,4,217
9871,1,A,1,161250808020,20201209,4,218
9872,2,A,0,121250808020,20201209,4,219
9873,1,A,0,121050808020,20201209,4,220
9874,5,C,1,202050808020,20201209,4,221
9875,6,C,1,202050806420,20201209,4,222
9876,5,C,1,202050806416,20201209,4,223
9877,6,C,0,202050805116,20201209,4,224
9878,5,C,0,202050805112,20201209,4,225
9879,3,B,0,202050808020,20201209,4,226
9880,4,B,1,202040808020,20201209,4,227
9881,3,B,0,202040648020,20201209,4,228
9882,4,B,1,202032648020,20201209,4,229
9883,3,B,1,202032518020,20201209,4,230
9884,4,B,0,202025518020,20201209,4,231
9885,3,B,0,202025408020,20201209,4,232
9886,4,B,0,202020408020,20201209,4,233
9887,3,B,0,202020328020,20201209,4,234
9888,4,B,0,202016328020,20201209,4,235
9889,2,A,0,202050808020,20201209,4,236
9890,1,A,0,201650808020,20201209,4,237
9891,2,A,0,161650808020,20201209,4,238
9892,1,A,0,161250808020,20201209,4,239
9893,3,B,1,202050808020,20201209,4,240
9894,4,B,1,202040808020,20201209,4,241
9895,3,B,1,202040648020,20201209,4,242
9896,4,B,0,202032648020,20201209,4,243
9897,3,B,0,202032518020,20201209,4,244
9898,4,B,0,202025518020,20201209,4,245
9899,3,B,0,202025408020,20201209,4,246
9900,5,C,1,202050808020,20201209,4,247
9901,6,C,1,202050806420,20201209,4,248
9902,5,C,1,202050806416,20201209,4,249
9903,6,C,0,202050805116,20201209,4,250
9904,3,B,1,202050808020,20201209,4,251
9905,4,B,0,202040808020,20201209,4,252
9906,3,B,1,202040648020,20201209,4,253
9907,4,B,1,202032648020,20201209,4,254
9908,3,B,0,202032518020,20201209,4,255
9909,4,B,0,202025518020,20201209,4,256
9910,3,B,0,202025408020,20201209,4,257
9911,2,A,0,202050808020,20201209,4,258
9912,1,A,0,201650808020,20201209,4,259
9913,2,A,0,161650808020,20201209,4,260
9914,4,B,1,202050808020,20201209,4,261
9915,3,B,1,202050648020,20201209,4,262
9916,4,B,1,202040648020,20201209,4,263
9917,3,B,1,202040518020,20201209,4,264
9918,4,B,1,202032518020,20201209,4,265
9919,3,B,0,202032408020,20201209,4,266
9920,4,B,1,202025408020,20201209,4,267
9921,3,B,0,202025328020,20201209,4,268
9922,4,B,0,202020328020,20201209,4,269
9923,3,B,0,202020268020,20201209,4,270
9924,4,B,0,202016268020,20201209,4,271
9925,3,B,0,202016208020,20201209,4,272
9926,4,B,0,202013208020,20201209,4,273
9927,6,C,0,202050808020,20201209,4,274
9928,5,C,1,202050808016,20201209,4,275
9929,6,C,1,202050806416,20201209,4,276
9930,5,C,1,202050806412,20201209,4,277
9931,6,C,0,202050805112,20201209,4,278
9932,5,C,0,202050805110,20201209,4,279
9933,2,A,0,202050808020,20201209,4,280
9934,1,A,1,201650808020,20201209,4,281
9935,2,A,0,161650808020,20201209,4,282
9936,4,B,0,508020202050,20201209,5,0
9937,3,B,0,508020162050,20201209,5,1
9938,4,B,0,508016162050,20201209,5,2
9939,5,C,0,508020202050,20201209,5,3
9940,6,C,1,508020201650,20201209,5,4
9941,5,C,0,508020201640,20201209,5,5
9942,6,C,1,508020201240,20201209,5,6
9943,5,C,1,508020201232,20201209,5,7
9944,6,C,0,508020201032,20201209,5,8
9945,5,C,0,508020201025,20201209,5,9
9946,4,B,1,508020202050,20201209,5,10
9947,3,B,0,508020162050,20201209,5,11
9948,4,B,0,508016162050,20201209,5,12
9949,3,B,0,508016122050,20201209,5,13
9950,2,A,1,508020202050,20201209,5,14
9951,1,A,1,506420202050,20201209,5,15
9952,2,A,0,406420202050,20201209,5,16
9953,1,A,1,405120202050,20201209,5,17
9954,2,A,1,325120202050,20201209,5,18
9955,1,A,0,324020202050,20201209,5,19
9956,2,A,0,254020202050,20201209,5,20
9957,6,C,1,508020202050,20201209,5,21
9958,5,C,0,508020202040,20201209,5,22
9959,6,C,1,508020201640,20201209,5,23
9960,5,C,1,508020201632,20201209,5,24
9961,6,C,0,508020201232,20201209,5,25
9962,5,C,0,508020201225,20201209,5,26
9963,4,B,0,508020202050,20201209,5,27
9964,3,B,0,508020162050,20201209,5,28
9965,4,B,0,508016162050,20201209,5,29
9966,2,A,1,508020202050,20201209,5,30
9967,1,A,1,506420202050,20201209,5,31
9968,2,A,1,406420202050,20201209,5,32
9969,1,A,0,405120202050,20201209,5,33
9970,2,A,1,325120202050,20201209,5,34
9971,1,A,0,324020202050,20201209,5,35
9972,5,C,0,508020202050,20201209,5,36
9973,6,C,0,508020201650,20201209,5,37
9974,5,C,0,508020201640,20201209,5,38
9975,2,A,1,508020202050,20201209,5,39
9976,1,A,1,506420202050,20201209,5,40
9977,2,A,0,406420202050,20201209,5,41
9978,6,C,1,508020202050,20201209,5,42
9979,5,C,0,508020202040,20201209,5,43
9980,6,C,0,508020201640,20201209,5,44
9981,4,B,0,508020202050,20201209,5,45
9982,3,B,0,508020162050,20201209,5,46
9983,4,B,0,508016162050,20201209,5,47
9984,3,B,0,508016122050,20201209,5,48
9985,2,A,1,508020202050,20201209,5,49
9986,1,A,1,506420202050,20201209,5,50
9987,2,A,1,406420202050,20201209,5,51
9988,1,A,0,405120202050,20201209,5,52
9989,2,A,1,325120202050,20201209,5,53
9990,1,A,1,324020202050,20201209,5,54
9991,2,A,1,254020202050,20201209,5,55
9992,1,A,0,253220202050,20201209,5,56
9993,2,A,1,203220202050,20201209,5,57
9994,1,A,0,202620202050,20201209,5,58
9995,2,A,0,162620202050,20201209,5,59
9996,5,C,0,508020202050,20201209,5,60
9997,6,C,1,508020201650,20201209,5,61
9998,5,C,0,508020201640,20201209,5,62
9999,6,C,0,508020201240,20201209,5,63
10000,5,C,0,508020201232,20201209,5,64
10001,2,A,1,508020202050,20201209,5,65
10002,1,A,1,506420202050,20201209,5,66
10003,2,A,0,406420202050,20201209,5,67
10004,1,A,0,405120202050,20201209,5,68
10005,2,A,1,325120202050,20201209,5,69
10006,1,A,1,324020202050,20201209,5,70
10007,2,A,0,254020202050,20201209,5,71
10008,1,A,0,253220202050,20201209,5,72
10009,2,A,0,203220202050,20201209,5,73
10010,1,A,0,202620202050,20201209,5,74
10011,4,B,0,508020202050,20201209,5,75
10012,3,B,0,508020162050,20201209,5,76
10013,4,B,0,508016162050,20201209,5,77
10014,3,B,0,508016122050,20201209,5,78
10015,2,A,1,508020202050,20201209,5,79
10016,1,A,1,506420202050,20201209,5,80
10017,2,A,1,406420202050,20201209,5,81
10018,1,A,1,405120202050,20201209,5,82
10019,2,A,1,325120202050,20201209,5,83
10020,1,A,0,324020202050,20201209,5,84
10021,2,A,0,254020202050,20201209,5,85
10022,1,A,0,253220202050,20201209,5,86
10023,4,B,0,508020202050,20201209,5,87
10024,3,B,0,508020162050,20201209,5,88
10025,4,B,0,508016162050,20201209,5,89
10026,3,B,0,508016122050,20201209,5,90
10027,5,C,0,508020202050,20201209,5,91
10028,6,C,1,508020201650,20201209,5,92
10029,5,C,0,508020201640,20201209,5,93
10030,6,C,0,508020201240,20201209,5,94
10031,5,C,1,508020201232,20201209,5,95
10032,6,C,0,508020201032,20201209,5,96
10033,5,C,0,508020201025,20201209,5,97
10034,2,A,1,508020202050,20201209,5,98
10035,1,A,0,506420202050,20201209,5,99
10036,2,A,1,406420202050,20201209,5,100
10037,1,A,0,405120202050,20201209,5,101
10038,2,A,1,325120202050,20201209,5,102
10039,1,A,1,324020202050,20201209,5,103
10040,2,A,1,254020202050,20201209,5,104
10041,1,A,0,253220202050,20201209,5,105
10042,2,A,0,203220202050,20201209,5,106
10043,1,A,0,202620202050,20201209,5,107
10044,2,A,1,162620202050,20201209,5,108
10045,1,A,1,162020202050,20201209,5,109
10046,2,A,1,132020202050,20201209,5,110
10047,1,A,0,131620202050,20201209,5,111
10048,2,A,1,101620202050,20201209,5,112
10049,1,A,0,101320202050,20201209,5,113
10050,2,A,0,081320202050,20201209,5,114
10051,1,A,0,081020202050,20201209,5,115
10052,2,A,0,061020202050,20201209,5,116
10053,4,B,0,508020202050,20201209,5,117
10054,3,B,0,508020162050,20201209,5,118
10055,4,B,0,508016162050,20201209,5,119
10056,3,B,0,508016122050,20201209,5,120
10057,4,B,0,508012122050,20201209,5,121
10058,3,B,0,508012102050,20201209,5,122
10059,2,A,0,508020202050,20201209,5,123
10060,1,A,0,506420202050,20201209,5,124
10061,2,A,1,406420202050,20201209,5,125
10062,1,A,0,405120202050,20201209,5,126
10063,2,A,0,325120202050,20201209,5,127
10064,1,A,0,324020202050,20201209,5,128
10065,2,A,1,254020202050,20201209,5,129
10066,1,A,0,253220202050,20201209,5,130
10067,2,A,0,203220202050,20201209,5,131
10068,5,C,1,508020202050,20201209,5,132
10069,6,C,1,508020201650,20201209,5,133
10070,5,C,0,508020201640,20201209,5,134
10071,6,C,0,508020201240,20201209,5,135
10072,5,C,0,508020201232,20201209,5,136
10073,2,A,0,508020202050,20201209,5,137
10074,1,A,1,506420202050,20201209,5,138
10075,2,A,0,406420202050,20201209,5,139
10076,1,A,0,405120202050,20201209,5,140
10077,2,A,0,325120202050,20201209,5,141
10078,1,A,0,324020202050,20201209,5,142
10079,2,A,1,254020202050,20201209,5,143
10080,1,A,0,253220202050,20201209,5,144
10081,2,A,1,203220202050,20201209,5,145
10082,1,A,0,202620202050,20201209,5,146
10083,2,A,1,162620202050,20201209,5,147
10084,6,C,0,508020202050,20201209,5,148
10085,5,C,0,508020202040,20201209,5,149
10086,2,A,0,508020202050,20201209,5,150
10087,1,A,1,506420202050,20201209,5,151
10088,2,A,1,406420202050,20201209,5,152
10089,1,A,0,405120202050,20201209,5,153
10090,2,A,1,325120202050,20201209,5,154
10091,1,A,0,324020202050,20201209,5,155
10092,2,A,1,254020202050,20201209,5,156
10093,1,A,0,253220202050,20201209,5,157
10094,2,A,0,203220202050,20201209,5,158
10095,1,A,0,202620202050,20201209,5,159
10096,2,A,0,162620202050,20201209,5,160
10097,4,B,1,508020202050,20201209,5,161
10098,3,B,1,508020162050,20201209,5,162
10099,4,B,0,508016162050,20201209,5,163
10100,3,B,0,508016122050,20201209,5,164
10101,4,B,0,508012122050,20201209,5,165
10102,3,B,0,508012102050,20201209,5,166
10103,2,A,1,508020202050,20201209,5,167
10104,1,A,1,506420202050,20201209,5,168
10105,2,A,1,406420202050,20201209,5,169
10106,1,A,0,405120202050,20201209,5,170
10107,2,A,0,325120202050,20201209,5,171
10108,1,A,1,324020202050,20201209,5,172
10109,2,A,0,254020202050,20201209,5,173
10110,1,A,0,253220202050,20201209,5,174
10111,2,A,1,203220202050,20201209,5,175
10112,1,A,0,202620202050,20201209,5,176
10113,2,A,0,162620202050,20201209,5,177
10114,4,B,0,508020202050,20201209,5,178
10115,3,B,0,508020162050,20201209,5,179
10116,4,B,0,508016162050,20201209,5,180
10117,2,A,0,508020202050,20201209,5,181
10118,1,A,0,506420202050,20201209,5,182
10119,2,A,1,406420202050,20201209,5,183
10120,1,A,0,405120202050,20201209,5,184
10121,2,A,0,325120202050,20201209,5,185
10122,6,C,1,508020202050,20201209,5,186
10123,5,C,0,508020202040,20201209,5,187
10124,6,C,1,508020201640,20201209,5,188
10125,5,C,0,508020201632,20201209,5,189
10126,6,C,0,508020201232,20201209,5,190
10127,5,C,0,508020201225,20201209,5,191
10128,2,A,1,508020202050,20201209,5,192
10129,1,A,0,506420202050,20201209,5,193
10130,2,A,1,406420202050,20201209,5,194
10131,1,A,1,405120202050,20201209,5,195
10132,2,A,1,325120202050,20201209,5,196
10133,1,A,1,324020202050,20201209,5,197
10134,2,A,0,254020202050,20201209,5,198
10135,1,A,1,253220202050,20201209,5,199
10136,2,A,1,203220202050,20201209,5,200
10137,1,A,0,202620202050,20201209,5,201
10138,2,A,0,162620202050,20201209,5,202
10139,1,A,0,162020202050,20201209,5,203
10140,2,A,0,132020202050,20201209,5,204
10141,3,B,0,508020202050,20201209,5,205
10142,4,B,0,508016202050,20201209,5,206
10143,3,B,0,508016162050,20201209,5,207
10144,2,A,1,508020202050,20201209,5,208
10145,1,A,0,506420202050,20201209,5,209
10146,2,A,1,406420202050,20201209,5,210
10147,1,A,1,405120202050,20201209,5,211
10148,2,A,0,325120202050,20201209,5,212
10149,1,A,0,324020202050,20201209,5,213
10150,2,A,0,254020202050,20201209,5,214
10151,3,B,0,508020202050,20201209,5,215
10152,4,B,0,508016202050,20201209,5,216
10153,3,B,0,508016162050,20201209,5,217
10154,2,A,1,508020202050,20201209,5,218
10155,1,A,0,506420202050,20201209,5,219
10156,2,A,0,406420202050,20201209,5,220
10157,1,A,0,405120202050,20201209,5,221
10158,2,A,1,325120202050,20201209,5,222
10159,1,A,0,324020202050,20201209,5,223
10160,2,A,0,254020202050,20201209,5,224
10161,6,C,1,508020202050,20201209,5,225
10162,5,C,0,508020202040,20201209,5,226
10163,6,C,0,508020201640,20201209,5,227
10164,2,A,1,508020202050,20201209,5,228
10165,1,A,1,506420202050,20201209,5,229
10166,2,A,1,406420202050,20201209,5,230
10167,1,A,0,405120202050,20201209,5,231
10168,2,A,0,325120202050,20201209,5,232
10169,1,A,0,324020202050,20201209,5,233
10170,2,A,1,254020202050,20201209,5,234
