,leaf,stem,reward,contingency,date,session,trial
0,4,B,1,805020802050,20201109,1,0
1,3,B,0,805020642050,20201109,1,1
2,4,B,1,805016642050,20201109,1,2
3,3,B,0,805016512050,20201109,1,3
4,4,B,0,805012512050,20201109,1,4
5,2,A,1,805020802050,20201109,1,5
6,1,A,0,804020802050,20201109,1,6
7,2,A,1,644020802050,20201109,1,7
8,1,A,1,643220802050,20201109,1,8
9,2,A,1,513220802050,20201109,1,9
10,1,A,0,512520802050,20201109,1,10
11,2,A,0,402520802050,20201109,1,11
12,5,C,0,805020802050,20201109,1,12
13,6,C,0,805020801650,20201109,1,13
14,5,C,0,805020801640,20201109,1,14
15,6,C,0,805020801240,20201109,1,15
16,5,C,0,805020801232,20201109,1,16
17,4,B,1,805020802050,20201109,1,17
18,3,B,0,805020642050,20201109,1,18
19,4,B,1,805016642050,20201109,1,19
20,3,B,0,805016512050,20201109,1,20
21,4,B,0,805012512050,20201109,1,21
22,2,A,0,805020802050,20201109,1,22
23,1,A,1,804020802050,20201109,1,23
24,2,A,0,644020802050,20201109,1,24
25,1,A,0,643220802050,20201109,1,25
26,2,A,0,513220802050,20201109,1,26
27,5,C,0,805020802050,20201109,1,27
28,6,C,1,805020801650,20201109,1,28
29,5,C,0,805020801640,20201109,1,29
30,6,C,0,805020801240,20201109,1,30
31,5,C,1,805020801232,20201109,1,31
32,6,C,1,805020801032,20201109,1,32
33,5,C,0,805020801025,20201109,1,33
34,4,B,0,805020802050,20201109,1,34
35,3,B,0,805020642050,20201109,1,35
36,4,B,0,805016642050,20201109,1,36
37,2,A,0,805020802050,20201109,1,37
38,1,A,1,804020802050,20201109,1,38
39,2,A,1,644020802050,20201109,1,39
40,1,A,0,643220802050,20201109,1,40
41,2,A,0,513220802050,20201109,1,41
42,1,A,0,512520802050,20201109,1,42
43,2,A,1,402520802050,20201109,1,43
44,1,A,0,402020802050,20201109,1,44
45,2,A,1,322020802050,20201109,1,45
46,1,A,0,321620802050,20201109,1,46
47,2,A,1,261620802050,20201109,1,47
48,1,A,1,261320802050,20201109,1,48
49,2,A,0,201320802050,20201109,1,49
50,1,A,0,201020802050,20201109,1,50
51,2,A,0,161020802050,20201109,1,51
52,5,C,0,805020802050,20201109,1,52
53,6,C,1,805020801650,20201109,1,53
54,5,C,0,805020801640,20201109,1,54
55,6,C,1,805020801240,20201109,1,55
56,5,C,0,805020801232,20201109,1,56
57,6,C,0,805020801032,20201109,1,57
58,4,B,1,805020802050,20201109,1,58
59,3,B,0,805020642050,20201109,1,59
60,4,B,0,805016642050,20201109,1,60
61,3,B,0,805016512050,20201109,1,61
62,4,B,1,805012512050,20201109,1,62
63,3,B,0,805012402050,20201109,1,63
64,4,B,0,805010402050,20201109,1,64
65,3,B,0,805010322050,20201109,1,65
66,4,B,0,805008322050,20201109,1,66
67,2,A,1,805020802050,20201109,1,67
68,1,A,1,804020802050,20201109,1,68
69,2,A,1,644020802050,20201109,1,69
70,1,A,1,643220802050,20201109,1,70
71,2,A,0,513220802050,20201109,1,71
72,1,A,1,512520802050,20201109,1,72
73,2,A,0,402520802050,20201109,1,73
74,1,A,1,402020802050,20201109,1,74
75,2,A,0,322020802050,20201109,1,75
76,1,A,1,321620802050,20201109,1,76
77,2,A,0,261620802050,20201109,1,77
78,1,A,1,261320802050,20201109,1,78
79,2,A,0,201320802050,20201109,1,79
80,1,A,0,201020802050,20201109,1,80
81,2,A,0,161020802050,20201109,1,81
82,1,A,0,160820802050,20201109,1,82
83,2,A,0,130820802050,20201109,1,83
84,4,B,1,805020802050,20201109,1,84
85,3,B,0,805020642050,20201109,1,85
86,4,B,1,805016642050,20201109,1,86
87,3,B,0,805016512050,20201109,1,87
88,4,B,0,805012512050,20201109,1,88
89,2,A,0,805020802050,20201109,1,89
90,1,A,1,804020802050,20201109,1,90
91,2,A,0,644020802050,20201109,1,91
92,1,A,1,643220802050,20201109,1,92
93,2,A,0,513220802050,20201109,1,93
94,1,A,1,512520802050,20201109,1,94
95,2,A,0,402520802050,20201109,1,95
96,1,A,0,402020802050,20201109,1,96
97,2,A,0,322020802050,20201109,1,97
98,1,A,0,321620802050,20201109,1,98
99,2,A,0,261620802050,20201109,1,99
100,5,C,0,805020802050,20201109,1,100
101,6,C,1,805020801650,20201109,1,101
102,5,C,0,805020801640,20201109,1,102
103,6,C,1,805020801240,20201109,1,103
104,5,C,1,805020801232,20201109,1,104
105,6,C,1,805020801032,20201109,1,105
106,5,C,0,805020801025,20201109,1,106
107,6,C,0,805020800825,20201109,1,107
108,5,C,1,805020800820,20201109,1,108
109,6,C,0,805020800620,20201109,1,109
110,5,C,0,805020800616,20201109,1,110
111,6,C,1,805020800516,20201109,1,111
112,4,B,0,805020802050,20201109,1,112
113,3,B,0,805020642050,20201109,1,113
114,4,B,1,805016642050,20201109,1,114
115,3,B,0,805016512050,20201109,1,115
116,4,B,1,805012512050,20201109,1,116
117,3,B,0,805012402050,20201109,1,117
118,4,B,1,805010402050,20201109,1,118
119,3,B,0,805010322050,20201109,1,119
120,4,B,0,805008322050,20201109,1,120
121,3,B,0,805008262050,20201109,1,121
122,4,B,0,805006262050,20201109,1,122
123,2,A,0,805020802050,20201109,1,123
124,1,A,1,804020802050,20201109,1,124
125,2,A,0,644020802050,20201109,1,125
126,1,A,0,643220802050,20201109,1,126
127,2,A,0,513220802050,20201109,1,127
128,1,A,0,512520802050,20201109,1,128
129,4,B,0,805020802050,20201109,1,129
130,3,B,0,805020642050,20201109,1,130
131,4,B,1,805016642050,20201109,1,131
132,3,B,0,805016512050,20201109,1,132
133,4,B,0,805012512050,20201109,1,133
134,2,A,1,805020802050,20201109,1,134
135,1,A,1,804020802050,20201109,1,135
136,2,A,1,644020802050,20201109,1,136
137,1,A,1,643220802050,20201109,1,137
138,2,A,0,513220802050,20201109,1,138
139,1,A,1,512520802050,20201109,1,139
140,2,A,1,402520802050,20201109,1,140
141,1,A,1,402020802050,20201109,1,141
142,2,A,0,322020802050,20201109,1,142
143,1,A,1,321620802050,20201109,1,143
144,2,A,0,261620802050,20201109,1,144
145,1,A,1,261320802050,20201109,1,145
146,2,A,0,201320802050,20201109,1,146
147,1,A,0,201020802050,20201109,1,147
148,2,A,0,161020802050,20201109,1,148
149,1,A,0,160820802050,20201109,1,149
150,2,A,0,130820802050,20201109,1,150
151,1,A,0,130620802050,20201109,1,151
152,4,B,1,805020802050,20201109,1,152
153,3,B,0,805020642050,20201109,1,153
154,4,B,1,805016642050,20201109,1,154
155,3,B,1,805016512050,20201109,1,155
156,4,B,1,805012512050,20201109,1,156
157,3,B,1,805012402050,20201109,1,157
158,4,B,0,805010402050,20201109,1,158
159,3,B,0,805010322050,20201109,1,159
160,4,B,0,805008322050,20201109,1,160
161,3,B,0,805008262050,20201109,1,161
162,4,B,1,805006262050,20201109,1,162
163,3,B,0,805006202050,20201109,1,163
164,4,B,1,805005202050,20201109,1,164
165,3,B,0,805005162050,20201109,1,165
166,4,B,0,805004162050,20201109,1,166
167,3,B,0,805004132050,20201109,1,167
168,4,B,1,805003132050,20201109,1,168
169,3,B,0,805003102050,20201109,1,169
170,4,B,1,805002102050,20201109,1,170
171,3,B,0,805002082050,20201109,1,171
172,4,B,0,805002082050,20201109,1,172
173,3,B,0,805002062050,20201109,1,173
174,4,B,0,805001062050,20201109,1,174
175,3,B,0,805001052050,20201109,1,175
176,4,B,0,805001052050,20201109,1,176
177,2,A,0,805020802050,20201109,1,177
178,1,A,1,804020802050,20201109,1,178
179,2,A,0,644020802050,20201109,1,179
180,1,A,0,643220802050,20201109,1,180
181,2,A,1,513220802050,20201109,1,181
182,1,A,0,512520802050,20201109,1,182
183,2,A,0,402520802050,20201109,1,183
184,1,A,0,402020802050,20201109,1,184
185,2,A,0,322020802050,20201109,1,185
186,4,B,0,805020802050,20201109,1,186
187,3,B,1,805020642050,20201109,1,187
188,4,B,1,805016642050,20201109,1,188
189,3,B,0,805016512050,20201109,1,189
190,4,B,0,805012512050,20201109,1,190
191,3,B,0,805012402050,20201109,1,191
192,4,B,0,805010402050,20201109,1,192
193,2,A,0,805020802050,20201109,1,193
194,1,A,1,804020802050,20201109,1,194
195,2,A,1,644020802050,20201109,1,195
196,1,A,1,643220802050,20201109,1,196
197,2,A,0,513220802050,20201109,1,197
198,1,A,0,512520802050,20201109,1,198
199,2,A,0,402520802050,20201109,1,199
200,1,A,0,402020802050,20201109,1,200
201,2,A,0,322020802050,20201109,1,201
202,1,A,1,321620802050,20201109,1,202
203,2,A,0,261620802050,20201109,1,203
204,1,A,0,261320802050,20201109,1,204
205,2,A,0,201320802050,20201109,1,205
206,5,C,0,805020802050,20201109,1,206
207,6,C,1,805020801650,20201109,1,207
208,5,C,0,805020801640,20201109,1,208
209,6,C,0,805020801240,20201109,1,209
210,5,C,0,805020801232,20201109,1,210
211,6,C,1,805020801032,20201109,1,211
212,5,C,1,805020801025,20201109,1,212
213,6,C,0,805020800825,20201109,1,213
214,5,C,0,805020800820,20201109,1,214
215,6,C,0,805020800620,20201109,1,215
216,5,C,0,805020800616,20201109,1,216
217,6,C,0,805020800516,20201109,1,217
218,4,B,1,805020802050,20201109,1,218
219,3,B,0,805020642050,20201109,1,219
220,4,B,1,805016642050,20201109,1,220
221,3,B,0,805016512050,20201109,1,221
222,4,B,1,805012512050,20201109,1,222
223,3,B,0,805012402050,20201109,1,223
224,4,B,1,805010402050,20201109,1,224
225,3,B,0,805010322050,20201109,1,225
226,4,B,0,805008322050,20201109,1,226
227,3,B,1,805008262050,20201109,1,227
228,4,B,0,805006262050,20201109,1,228
229,3,B,0,805006202050,20201109,1,229
230,4,B,0,805005202050,20201109,1,230
231,3,B,0,805005162050,20201109,1,231
232,4,B,0,805004162050,20201109,1,232
233,3,B,0,805004132050,20201109,1,233
234,4,B,1,805003132050,20201109,1,234
235,3,B,0,805003102050,20201109,1,235
236,4,B,0,805002102050,20201109,1,236
237,2,A,1,805020802050,20201109,1,237
238,1,A,1,804020802050,20201109,1,238
239,2,A,0,644020802050,20201109,1,239
240,1,A,0,643220802050,20201109,1,240
241,2,A,0,513220802050,20201109,1,241
242,1,A,1,512520802050,20201109,1,242
243,2,A,0,402520802050,20201109,1,243
244,1,A,0,402020802050,20201109,1,244
245,2,A,1,322020802050,20201109,1,245
246,1,A,0,321620802050,20201109,1,246
247,2,A,0,261620802050,20201109,1,247
248,1,A,0,261320802050,20201109,1,248
249,2,A,0,201320802050,20201109,1,249
250,4,B,1,805020802050,20201109,1,250
251,3,B,1,805020642050,20201109,1,251
252,4,B,0,805016642050,20201109,1,252
253,3,B,0,805016512050,20201109,1,253
254,4,B,1,805012512050,20201109,1,254
255,3,B,0,805012402050,20201109,1,255
256,4,B,1,805010402050,20201109,1,256
257,3,B,0,805010322050,20201109,1,257
258,4,B,1,805008322050,20201109,1,258
259,3,B,0,805008262050,20201109,1,259
260,4,B,0,805006262050,20201109,1,260
261,3,B,0,805006202050,20201109,1,261
262,4,B,1,805005202050,20201109,1,262
263,3,B,1,805005162050,20201109,1,263
264,4,B,0,805004162050,20201109,1,264
265,3,B,0,805004132050,20201109,1,265
266,4,B,0,805003132050,20201109,1,266
267,3,B,0,805003102050,20201109,1,267
268,4,B,0,805002102050,20201109,1,268
269,3,B,0,805002082050,20201109,1,269
270,4,B,0,805002082050,20201109,1,270
271,2,A,1,805020802050,20201109,1,271
272,1,A,1,804020802050,20201109,1,272
273,2,A,0,644020802050,20201109,1,273
274,1,A,1,643220802050,20201109,1,274
275,2,A,0,513220802050,20201109,1,275
276,1,A,1,512520802050,20201109,1,276
277,2,A,0,402520802050,20201109,1,277
278,1,A,1,402020802050,20201109,1,278
279,2,A,0,322020802050,20201109,1,279
280,1,A,0,321620802050,20201109,1,280
281,2,A,0,261620802050,20201109,1,281
282,1,A,0,261320802050,20201109,1,282
283,2,A,0,201320802050,20201109,1,283
284,4,B,1,805020802050,20201109,1,284
285,3,B,0,805020642050,20201109,1,285
286,4,B,1,805016642050,20201109,1,286
287,3,B,0,805016512050,20201109,1,287
288,4,B,1,805012512050,20201109,1,288
289,3,B,1,805012402050,20201109,1,289
290,4,B,0,805010402050,20201109,1,290
291,3,B,0,805010322050,20201109,1,291
292,4,B,1,805008322050,20201109,1,292
293,3,B,0,805008262050,20201109,1,293
294,4,B,0,805006262050,20201109,1,294
295,3,B,0,805006202050,20201109,1,295
296,4,B,0,805005202050,20201109,1,296
297,3,B,0,805005162050,20201109,1,297
298,4,B,1,805004162050,20201109,1,298
299,2,A,0,805020802050,20201109,1,299
300,4,B,1,205080208050,20201109,2,0
301,3,B,0,205080168050,20201109,2,1
302,4,B,1,205064168050,20201109,2,2
303,2,A,0,205080208050,20201109,2,3
304,1,A,1,204080208050,20201109,2,4
305,2,A,1,164080208050,20201109,2,5
306,1,A,0,163280208050,20201109,2,6
307,2,A,1,123280208050,20201109,2,7
308,1,A,0,122580208050,20201109,2,8
309,2,A,0,102580208050,20201109,2,9
310,5,C,1,205080208050,20201109,2,10
311,6,C,0,205080206450,20201109,2,11
312,5,C,1,205080206440,20201109,2,12
313,6,C,1,205080205140,20201109,2,13
314,5,C,1,205080205132,20201109,2,14
315,6,C,0,205080204032,20201109,2,15
316,5,C,1,205080204025,20201109,2,16
317,6,C,0,205080203225,20201109,2,17
318,5,C,0,205080203220,20201109,2,18
319,4,B,1,205080208050,20201109,2,19
320,3,B,1,205080168050,20201109,2,20
321,4,B,1,205064168050,20201109,2,21
322,3,B,0,205064128050,20201109,2,22
323,4,B,0,205051128050,20201109,2,23
324,3,B,1,205051108050,20201109,2,24
325,4,B,0,205040108050,20201109,2,25
326,3,B,1,205040088050,20201109,2,26
327,4,B,0,205032088050,20201109,2,27
328,3,B,0,205032068050,20201109,2,28
329,4,B,0,205026068050,20201109,2,29
330,2,A,0,205080208050,20201109,2,30
331,1,A,0,204080208050,20201109,2,31
332,2,A,1,164080208050,20201109,2,32
333,1,A,0,163280208050,20201109,2,33
334,2,A,0,123280208050,20201109,2,34
335,4,B,0,205080208050,20201109,2,35
336,3,B,1,205080168050,20201109,2,36
337,4,B,0,205064168050,20201109,2,37
338,3,B,1,205064128050,20201109,2,38
339,4,B,0,205051128050,20201109,2,39
340,3,B,1,205051108050,20201109,2,40
341,4,B,0,205040108050,20201109,2,41
342,3,B,0,205040088050,20201109,2,42
343,2,A,1,205080208050,20201109,2,43
344,1,A,1,204080208050,20201109,2,44
345,2,A,0,164080208050,20201109,2,45
346,1,A,0,163280208050,20201109,2,46
347,2,A,0,123280208050,20201109,2,47
348,4,B,0,205080208050,20201109,2,48
349,3,B,1,205080168050,20201109,2,49
350,4,B,0,205064168050,20201109,2,50
351,3,B,0,205064128050,20201109,2,51
352,4,B,1,205051128050,20201109,2,52
353,3,B,1,205051108050,20201109,2,53
354,4,B,0,205040108050,20201109,2,54
355,3,B,0,205040088050,20201109,2,55
356,2,A,1,205080208050,20201109,2,56
357,1,A,0,204080208050,20201109,2,57
358,2,A,1,164080208050,20201109,2,58
359,1,A,0,163280208050,20201109,2,59
360,2,A,0,123280208050,20201109,2,60
361,4,B,0,205080208050,20201109,2,61
362,3,B,0,205080168050,20201109,2,62
363,4,B,0,205064168050,20201109,2,63
364,2,A,0,205080208050,20201109,2,64
365,1,A,0,204080208050,20201109,2,65
366,2,A,0,164080208050,20201109,2,66
367,5,C,1,205080208050,20201109,2,67
368,6,C,1,205080206450,20201109,2,68
369,5,C,1,205080206440,20201109,2,69
370,6,C,0,205080205140,20201109,2,70
371,5,C,1,205080205132,20201109,2,71
372,6,C,0,205080204032,20201109,2,72
373,5,C,0,205080204025,20201109,2,73
374,4,B,1,205080208050,20201109,2,74
375,3,B,0,205080168050,20201109,2,75
376,4,B,1,205064168050,20201109,2,76
377,3,B,1,205064128050,20201109,2,77
378,4,B,0,205051128050,20201109,2,78
379,3,B,1,205051108050,20201109,2,79
380,4,B,0,205040108050,20201109,2,80
381,3,B,1,205040088050,20201109,2,81
382,4,B,0,205032088050,20201109,2,82
383,3,B,0,205032068050,20201109,2,83
384,4,B,0,205026068050,20201109,2,84
385,3,B,0,205026058050,20201109,2,85
386,4,B,0,205020058050,20201109,2,86
387,2,A,1,205080208050,20201109,2,87
388,1,A,0,204080208050,20201109,2,88
389,2,A,1,164080208050,20201109,2,89
390,1,A,0,163280208050,20201109,2,90
391,2,A,0,123280208050,20201109,2,91
392,5,C,1,205080208050,20201109,2,92
393,6,C,0,205080206450,20201109,2,93
394,5,C,1,205080206440,20201109,2,94
395,6,C,0,205080205140,20201109,2,95
396,5,C,1,205080205132,20201109,2,96
397,6,C,0,205080204032,20201109,2,97
398,5,C,1,205080204025,20201109,2,98
399,6,C,1,205080203225,20201109,2,99
400,5,C,1,205080203220,20201109,2,100
401,6,C,0,205080202620,20201109,2,101
402,5,C,1,205080202616,20201109,2,102
403,6,C,1,205080202016,20201109,2,103
404,5,C,0,205080202013,20201109,2,104
405,6,C,0,205080201613,20201109,2,105
406,5,C,1,205080201610,20201109,2,106
407,6,C,0,205080201310,20201109,2,107
408,5,C,0,205080201308,20201109,2,108
409,2,A,1,205080208050,20201109,2,109
410,1,A,0,204080208050,20201109,2,110
411,2,A,1,164080208050,20201109,2,111
412,1,A,0,163280208050,20201109,2,112
413,2,A,0,123280208050,20201109,2,113
414,4,B,0,205080208050,20201109,2,114
415,3,B,1,205080168050,20201109,2,115
416,4,B,0,205064168050,20201109,2,116
417,3,B,1,205064128050,20201109,2,117
418,4,B,1,205051128050,20201109,2,118
419,3,B,1,205051108050,20201109,2,119
420,4,B,0,205040108050,20201109,2,120
421,3,B,1,205040088050,20201109,2,121
422,4,B,0,205032088050,20201109,2,122
423,3,B,0,205032068050,20201109,2,123
424,4,B,0,205026068050,20201109,2,124
425,3,B,0,205026058050,20201109,2,125
426,4,B,0,205020058050,20201109,2,126
427,2,A,0,205080208050,20201109,2,127
428,1,A,0,204080208050,20201109,2,128
429,2,A,1,164080208050,20201109,2,129
430,1,A,0,163280208050,20201109,2,130
431,2,A,0,123280208050,20201109,2,131
432,5,C,1,205080208050,20201109,2,132
433,6,C,0,205080206450,20201109,2,133
434,5,C,0,205080206440,20201109,2,134
435,6,C,0,205080205140,20201109,2,135
436,5,C,1,205080205132,20201109,2,136
437,6,C,0,205080204032,20201109,2,137
438,5,C,1,205080204025,20201109,2,138
439,6,C,1,205080203225,20201109,2,139
440,5,C,0,205080203220,20201109,2,140
441,6,C,0,205080202620,20201109,2,141
442,5,C,0,205080202616,20201109,2,142
443,6,C,0,205080202016,20201109,2,143
444,5,C,0,205080202013,20201109,2,144
445,2,A,0,205080208050,20201109,2,145
446,1,A,0,204080208050,20201109,2,146
447,2,A,0,164080208050,20201109,2,147
448,4,B,0,205080208050,20201109,2,148
449,3,B,1,205080168050,20201109,2,149
450,4,B,0,205064168050,20201109,2,150
451,3,B,0,205064128050,20201109,2,151
452,4,B,1,205051128050,20201109,2,152
453,3,B,1,205051108050,20201109,2,153
454,4,B,0,205040108050,20201109,2,154
455,3,B,1,205040088050,20201109,2,155
456,4,B,1,205032088050,20201109,2,156
457,3,B,0,205032068050,20201109,2,157
458,4,B,0,205026068050,20201109,2,158
459,3,B,0,205026058050,20201109,2,159
460,4,B,0,205020058050,20201109,2,160
461,3,B,0,205020048050,20201109,2,161
462,4,B,1,205016048050,20201109,2,162
463,3,B,0,205016038050,20201109,2,163
464,4,B,0,205013038050,20201109,2,164
465,3,B,0,205013028050,20201109,2,165
466,4,B,0,205010028050,20201109,2,166
467,2,A,0,205080208050,20201109,2,167
468,1,A,1,204080208050,20201109,2,168
469,2,A,1,164080208050,20201109,2,169
470,1,A,0,163280208050,20201109,2,170
471,2,A,0,123280208050,20201109,2,171
472,1,A,0,122580208050,20201109,2,172
473,2,A,0,102580208050,20201109,2,173
474,5,C,0,205080208050,20201109,2,174
475,6,C,0,205080206450,20201109,2,175
476,5,C,1,205080206440,20201109,2,176
477,6,C,0,205080205140,20201109,2,177
478,5,C,0,205080205132,20201109,2,178
479,6,C,1,205080204032,20201109,2,179
480,5,C,1,205080204025,20201109,2,180
481,6,C,0,205080203225,20201109,2,181
482,5,C,1,205080203220,20201109,2,182
483,6,C,0,205080202620,20201109,2,183
484,5,C,1,205080202616,20201109,2,184
485,6,C,1,205080202016,20201109,2,185
486,5,C,1,205080202013,20201109,2,186
487,6,C,0,205080201613,20201109,2,187
488,5,C,0,205080201610,20201109,2,188
489,6,C,0,205080201310,20201109,2,189
490,5,C,1,205080201308,20201109,2,190
491,6,C,0,205080201008,20201109,2,191
492,5,C,0,205080201006,20201109,2,192
493,6,C,0,205080200806,20201109,2,193
494,5,C,0,205080200805,20201109,2,194
495,6,C,1,205080200605,20201109,2,195
496,5,C,0,205080200604,20201109,2,196
497,6,C,0,205080200504,20201109,2,197
498,5,C,0,205080200503,20201109,2,198
499,6,C,0,205080200403,20201109,2,199
500,5,C,0,205080200402,20201109,2,200
501,4,B,0,205080208050,20201109,2,201
502,3,B,1,205080168050,20201109,2,202
503,4,B,0,205064168050,20201109,2,203
504,3,B,0,205064128050,20201109,2,204
505,4,B,0,205051128050,20201109,2,205
506,3,B,1,205051108050,20201109,2,206
507,4,B,1,205040108050,20201109,2,207
508,3,B,0,205040088050,20201109,2,208
509,4,B,0,205032088050,20201109,2,209
510,3,B,1,205032068050,20201109,2,210
511,4,B,0,205026068050,20201109,2,211
512,3,B,0,205026058050,20201109,2,212
513,4,B,0,205020058050,20201109,2,213
514,3,B,0,205020048050,20201109,2,214
515,4,B,0,205016048050,20201109,2,215
516,2,A,0,205080208050,20201109,2,216
517,1,A,0,204080208050,20201109,2,217
518,2,A,0,164080208050,20201109,2,218
519,4,B,0,205080208050,20201109,2,219
520,3,B,0,205080168050,20201109,2,220
521,4,B,0,205064168050,20201109,2,221
522,3,B,1,205064128050,20201109,2,222
523,4,B,0,205051128050,20201109,2,223
524,3,B,1,205051108050,20201109,2,224
525,4,B,0,205040108050,20201109,2,225
526,3,B,1,205040088050,20201109,2,226
527,4,B,0,205032088050,20201109,2,227
528,3,B,1,205032068050,20201109,2,228
529,4,B,0,205026068050,20201109,2,229
530,3,B,0,205026058050,20201109,2,230
531,4,B,1,205020058050,20201109,2,231
532,3,B,0,205020048050,20201109,2,232
533,4,B,0,205016048050,20201109,2,233
534,3,B,0,205016038050,20201109,2,234
535,4,B,0,205013038050,20201109,2,235
536,2,A,0,205080208050,20201109,2,236
537,1,A,1,204080208050,20201109,2,237
538,2,A,1,164080208050,20201109,2,238
539,1,A,0,163280208050,20201109,2,239
540,2,A,0,123280208050,20201109,2,240
541,1,A,0,122580208050,20201109,2,241
542,2,A,0,102580208050,20201109,2,242
543,5,C,1,205080208050,20201109,2,243
544,6,C,0,205080206450,20201109,2,244
545,5,C,1,205080206440,20201109,2,245
546,6,C,1,205080205140,20201109,2,246
547,5,C,1,205080205132,20201109,2,247
548,6,C,0,205080204032,20201109,2,248
549,5,C,1,205080204025,20201109,2,249
550,6,C,1,205080203225,20201109,2,250
551,5,C,0,205080203220,20201109,2,251
552,6,C,0,205080202620,20201109,2,252
553,5,C,0,205080202616,20201109,2,253
554,6,C,0,205080202016,20201109,2,254
555,5,C,1,205080202013,20201109,2,255
556,6,C,0,205080201613,20201109,2,256
557,5,C,0,205080201610,20201109,2,257
558,6,C,1,205080201310,20201109,2,258
559,5,C,0,205080201308,20201109,2,259
560,6,C,0,205080201008,20201109,2,260
561,5,C,1,205080201006,20201109,2,261
562,6,C,0,205080200806,20201109,2,262
563,5,C,1,205080200805,20201109,2,263
564,6,C,0,205080200605,20201109,2,264
565,5,C,0,205080200604,20201109,2,265
566,6,C,0,205080200504,20201109,2,266
567,5,C,0,205080200503,20201109,2,267
568,6,C,0,205080200403,20201109,2,268
569,5,C,0,205080200402,20201109,2,269
570,6,C,0,205080200302,20201109,2,270
571,5,C,0,205080200302,20201109,2,271
572,6,C,0,205080200202,20201109,2,272
573,5,C,0,205080200201,20201109,2,273
574,4,B,1,205080208050,20201109,2,274
575,3,B,1,205080168050,20201109,2,275
576,4,B,1,205064168050,20201109,2,276
577,3,B,1,205064128050,20201109,2,277
578,4,B,0,205051128050,20201109,2,278
579,3,B,0,205051108050,20201109,2,279
580,4,B,0,205040108050,20201109,2,280
581,3,B,0,205040088050,20201109,2,281
582,4,B,0,205032088050,20201109,2,282
583,3,B,0,205032068050,20201109,2,283
584,2,A,0,205080208050,20201109,2,284
585,1,A,0,204080208050,20201109,2,285
586,2,A,1,164080208050,20201109,2,286
587,1,A,1,163280208050,20201109,2,287
588,2,A,0,123280208050,20201109,2,288
589,1,A,0,122580208050,20201109,2,289
590,2,A,1,102580208050,20201109,2,290
591,1,A,0,102080208050,20201109,2,291
592,2,A,1,082080208050,20201109,2,292
593,1,A,0,081680208050,20201109,2,293
594,2,A,0,061680208050,20201109,2,294
595,1,A,0,061380208050,20201109,2,295
596,2,A,0,051380208050,20201109,2,296
597,5,C,1,205080208050,20201109,2,297
598,6,C,0,205080206450,20201109,2,298
599,5,C,1,205080206440,20201109,2,299
600,4,B,1,202050805020,20201109,3,0
601,3,B,0,202050645020,20201109,3,1
602,4,B,1,202040645020,20201109,3,2
603,2,A,1,202050805020,20201109,3,3
604,1,A,0,201650805020,20201109,3,4
605,2,A,0,161650805020,20201109,3,5
606,1,A,0,161250805020,20201109,3,6
607,2,A,0,121250805020,20201109,3,7
608,5,C,0,202050805020,20201109,3,8
609,6,C,0,202050804020,20201109,3,9
610,5,C,0,202050804016,20201109,3,10
611,6,C,0,202050803216,20201109,3,11
612,5,C,1,202050803212,20201109,3,12
613,4,B,1,202050805020,20201109,3,13
614,3,B,0,202050645020,20201109,3,14
615,4,B,1,202040645020,20201109,3,15
616,3,B,1,202040515020,20201109,3,16
617,4,B,1,202032515020,20201109,3,17
618,3,B,0,202032405020,20201109,3,18
619,4,B,1,202025405020,20201109,3,19
620,3,B,0,202025325020,20201109,3,20
621,4,B,0,202020325020,20201109,3,21
622,3,B,0,202020265020,20201109,3,22
623,4,B,1,202016265020,20201109,3,23
624,2,A,0,202050805020,20201109,3,24
625,1,A,0,201650805020,20201109,3,25
626,2,A,0,161650805020,20201109,3,26
627,5,C,1,202050805020,20201109,3,27
628,6,C,0,202050804020,20201109,3,28
629,5,C,0,202050804016,20201109,3,29
630,6,C,0,202050803216,20201109,3,30
631,5,C,0,202050803212,20201109,3,31
632,4,B,1,202050805020,20201109,3,32
633,3,B,1,202050645020,20201109,3,33
634,4,B,1,202040645020,20201109,3,34
635,3,B,0,202040515020,20201109,3,35
636,4,B,0,202032515020,20201109,3,36
637,3,B,1,202032405020,20201109,3,37
638,4,B,0,202025405020,20201109,3,38
639,3,B,1,202025325020,20201109,3,39
640,4,B,1,202020325020,20201109,3,40
641,3,B,1,202020265020,20201109,3,41
642,4,B,1,202016265020,20201109,3,42
643,3,B,1,202016205020,20201109,3,43
644,4,B,0,202013205020,20201109,3,44
645,3,B,0,202013165020,20201109,3,45
646,4,B,0,202010165020,20201109,3,46
647,2,A,0,202050805020,20201109,3,47
648,1,A,0,201650805020,20201109,3,48
649,2,A,0,161650805020,20201109,3,49
650,5,C,1,202050805020,20201109,3,50
651,6,C,0,202050804020,20201109,3,51
652,5,C,1,202050804016,20201109,3,52
653,6,C,0,202050803216,20201109,3,53
654,5,C,0,202050803212,20201109,3,54
655,6,C,0,202050802512,20201109,3,55
656,5,C,0,202050802510,20201109,3,56
657,4,B,1,202050805020,20201109,3,57
658,3,B,0,202050645020,20201109,3,58
659,4,B,1,202040645020,20201109,3,59
660,3,B,0,202040515020,20201109,3,60
661,4,B,1,202032515020,20201109,3,61
662,3,B,0,202032405020,20201109,3,62
663,4,B,0,202025405020,20201109,3,63
664,2,A,1,202050805020,20201109,3,64
665,1,A,0,201650805020,20201109,3,65
666,2,A,0,161650805020,20201109,3,66
667,1,A,0,161250805020,20201109,3,67
668,2,A,0,121250805020,20201109,3,68
669,5,C,1,202050805020,20201109,3,69
670,6,C,0,202050804020,20201109,3,70
671,5,C,0,202050804016,20201109,3,71
672,6,C,1,202050803216,20201109,3,72
673,5,C,1,202050803212,20201109,3,73
674,6,C,0,202050802512,20201109,3,74
675,5,C,0,202050802510,20201109,3,75
676,4,B,1,202050805020,20201109,3,76
677,3,B,0,202050645020,20201109,3,77
678,4,B,1,202040645020,20201109,3,78
679,3,B,0,202040515020,20201109,3,79
680,4,B,1,202032515020,20201109,3,80
681,3,B,1,202032405020,20201109,3,81
682,4,B,1,202025405020,20201109,3,82
683,3,B,1,202025325020,20201109,3,83
684,4,B,0,202020325020,20201109,3,84
685,3,B,1,202020265020,20201109,3,85
686,4,B,0,202016265020,20201109,3,86
687,3,B,0,202016205020,20201109,3,87
688,4,B,0,202013205020,20201109,3,88
689,3,B,0,202013165020,20201109,3,89
690,4,B,0,202010165020,20201109,3,90
691,2,A,0,202050805020,20201109,3,91
692,1,A,0,201650805020,20201109,3,92
693,2,A,0,161650805020,20201109,3,93
694,4,B,0,202050805020,20201109,3,94
695,3,B,1,202050645020,20201109,3,95
696,4,B,1,202040645020,20201109,3,96
697,3,B,0,202040515020,20201109,3,97
698,4,B,1,202032515020,20201109,3,98
699,3,B,1,202032405020,20201109,3,99
700,4,B,0,202025405020,20201109,3,100
701,3,B,1,202025325020,20201109,3,101
702,4,B,1,202020325020,20201109,3,102
703,3,B,1,202020265020,20201109,3,103
704,4,B,1,202016265020,20201109,3,104
705,3,B,0,202016205020,20201109,3,105
706,4,B,0,202013205020,20201109,3,106
707,3,B,0,202013165020,20201109,3,107
708,4,B,1,202010165020,20201109,3,108
709,3,B,0,202010135020,20201109,3,109
710,4,B,0,202008135020,20201109,3,110
711,3,B,0,202008105020,20201109,3,111
712,4,B,0,202006105020,20201109,3,112
713,2,A,1,202050805020,20201109,3,113
714,1,A,0,201650805020,20201109,3,114
715,2,A,0,161650805020,20201109,3,115
716,5,C,1,202050805020,20201109,3,116
717,6,C,0,202050804020,20201109,3,117
718,5,C,1,202050804016,20201109,3,118
719,6,C,0,202050803216,20201109,3,119
720,5,C,0,202050803212,20201109,3,120
721,6,C,1,202050802512,20201109,3,121
722,5,C,0,202050802510,20201109,3,122
723,6,C,0,202050802010,20201109,3,123
724,5,C,0,202050802008,20201109,3,124
725,4,B,1,202050805020,20201109,3,125
726,3,B,0,202050645020,20201109,3,126
727,4,B,1,202040645020,20201109,3,127
728,3,B,0,202040515020,20201109,3,128
729,4,B,1,202032515020,20201109,3,129
730,3,B,1,202032405020,20201109,3,130
731,4,B,0,202025405020,20201109,3,131
732,3,B,0,202025325020,20201109,3,132
733,4,B,0,202020325020,20201109,3,133
734,3,B,0,202020265020,20201109,3,134
735,4,B,0,202016265020,20201109,3,135
736,3,B,1,202016205020,20201109,3,136
737,4,B,1,202013205020,20201109,3,137
738,3,B,0,202013165020,20201109,3,138
739,4,B,1,202010165020,20201109,3,139
740,3,B,0,202010135020,20201109,3,140
741,4,B,0,202008135020,20201109,3,141
742,3,B,0,202008105020,20201109,3,142
743,4,B,0,202006105020,20201109,3,143
744,2,A,0,202050805020,20201109,3,144
745,1,A,1,201650805020,20201109,3,145
746,2,A,0,161650805020,20201109,3,146
747,1,A,0,161250805020,20201109,3,147
748,2,A,0,121250805020,20201109,3,148
749,4,B,1,202050805020,20201109,3,149
750,3,B,0,202050645020,20201109,3,150
751,4,B,1,202040645020,20201109,3,151
752,3,B,0,202040515020,20201109,3,152
753,4,B,1,202032515020,20201109,3,153
754,3,B,0,202032405020,20201109,3,154
755,4,B,0,202025405020,20201109,3,155
756,3,B,1,202025325020,20201109,3,156
757,4,B,0,202020325020,20201109,3,157
758,3,B,0,202020265020,20201109,3,158
759,4,B,0,202016265020,20201109,3,159
760,3,B,0,202016205020,20201109,3,160
761,4,B,0,202013205020,20201109,3,161
762,3,B,0,202013165020,20201109,3,162
763,4,B,0,202010165020,20201109,3,163
764,2,A,1,202050805020,20201109,3,164
765,1,A,1,201650805020,20201109,3,165
766,2,A,0,161650805020,20201109,3,166
767,1,A,0,161250805020,20201109,3,167
768,2,A,0,121250805020,20201109,3,168
769,4,B,1,202050805020,20201109,3,169
770,3,B,0,202050645020,20201109,3,170
771,4,B,0,202040645020,20201109,3,171
772,3,B,1,202040515020,20201109,3,172
773,4,B,1,202032515020,20201109,3,173
774,3,B,0,202032405020,20201109,3,174
775,4,B,0,202025405020,20201109,3,175
776,3,B,1,202025325020,20201109,3,176
777,4,B,0,202020325020,20201109,3,177
778,3,B,0,202020265020,20201109,3,178
779,4,B,1,202016265020,20201109,3,179
780,3,B,0,202016205020,20201109,3,180
781,4,B,0,202013205020,20201109,3,181
782,2,A,0,202050805020,20201109,3,182
783,1,A,0,201650805020,20201109,3,183
784,2,A,0,161650805020,20201109,3,184
785,4,B,1,202050805020,20201109,3,185
786,3,B,1,202050645020,20201109,3,186
787,4,B,1,202040645020,20201109,3,187
788,3,B,1,202040515020,20201109,3,188
789,4,B,0,202032515020,20201109,3,189
790,3,B,0,202032405020,20201109,3,190
791,4,B,0,202025405020,20201109,3,191
792,3,B,0,202025325020,20201109,3,192
793,4,B,0,202020325020,20201109,3,193
794,3,B,0,202020265020,20201109,3,194
795,4,B,0,202016265020,20201109,3,195
796,2,A,0,202050805020,20201109,3,196
797,1,A,1,201650805020,20201109,3,197
798,2,A,0,161650805020,20201109,3,198
799,1,A,0,161250805020,20201109,3,199
800,5,C,1,202050805020,20201109,3,200
801,6,C,0,202050804020,20201109,3,201
802,5,C,0,202050804016,20201109,3,202
803,6,C,0,202050803216,20201109,3,203
804,5,C,0,202050803212,20201109,3,204
805,4,B,1,202050805020,20201109,3,205
806,3,B,0,202050645020,20201109,3,206
807,4,B,1,202040645020,20201109,3,207
808,3,B,0,202040515020,20201109,3,208
809,4,B,1,202032515020,20201109,3,209
810,3,B,0,202032405020,20201109,3,210
811,4,B,1,202025405020,20201109,3,211
812,3,B,1,202025325020,20201109,3,212
813,4,B,1,202020325020,20201109,3,213
814,3,B,0,202020265020,20201109,3,214
815,4,B,0,202016265020,20201109,3,215
816,3,B,0,202016205020,20201109,3,216
817,4,B,1,202013205020,20201109,3,217
818,3,B,0,202013165020,20201109,3,218
819,4,B,0,202010165020,20201109,3,219
820,3,B,0,202010135020,20201109,3,220
821,4,B,0,202008135020,20201109,3,221
822,2,A,0,202050805020,20201109,3,222
823,1,A,1,201650805020,20201109,3,223
824,2,A,0,161650805020,20201109,3,224
825,1,A,0,161250805020,20201109,3,225
826,4,B,1,202050805020,20201109,3,226
827,3,B,1,202050645020,20201109,3,227
828,4,B,1,202040645020,20201109,3,228
829,3,B,0,202040515020,20201109,3,229
830,4,B,1,202032515020,20201109,3,230
831,3,B,1,202032405020,20201109,3,231
832,4,B,1,202025405020,20201109,3,232
833,3,B,0,202025325020,20201109,3,233
834,4,B,0,202020325020,20201109,3,234
835,3,B,0,202020265020,20201109,3,235
836,4,B,1,202016265020,20201109,3,236
837,3,B,0,202016205020,20201109,3,237
838,4,B,0,202013205020,20201109,3,238
839,3,B,1,202013165020,20201109,3,239
840,4,B,0,202010165020,20201109,3,240
841,3,B,0,202010135020,20201109,3,241
842,4,B,0,202008135020,20201109,3,242
843,6,C,0,202050805020,20201109,3,243
844,5,C,0,202050805016,20201109,3,244
845,6,C,0,202050804016,20201109,3,245
846,5,C,0,202050804012,20201109,3,246
847,4,B,1,202050805020,20201109,3,247
848,3,B,1,202050645020,20201109,3,248
849,4,B,0,202040645020,20201109,3,249
850,3,B,0,202040515020,20201109,3,250
851,4,B,1,202032515020,20201109,3,251
852,3,B,1,202032405020,20201109,3,252
853,4,B,0,202025405020,20201109,3,253
854,3,B,0,202025325020,20201109,3,254
855,4,B,0,202020325020,20201109,3,255
856,3,B,0,202020265020,20201109,3,256
857,4,B,0,202016265020,20201109,3,257
858,2,A,0,202050805020,20201109,3,258
859,1,A,0,201650805020,20201109,3,259
860,2,A,0,161650805020,20201109,3,260
861,4,B,0,202050805020,20201109,3,261
862,3,B,1,202050645020,20201109,3,262
863,4,B,1,202040645020,20201109,3,263
864,3,B,0,202040515020,20201109,3,264
865,4,B,0,202032515020,20201109,3,265
866,3,B,0,202032405020,20201109,3,266
867,4,B,1,202025405020,20201109,3,267
868,3,B,0,202025325020,20201109,3,268
869,4,B,0,202020325020,20201109,3,269
870,3,B,1,202020265020,20201109,3,270
871,4,B,0,202016265020,20201109,3,271
872,3,B,0,202016205020,20201109,3,272
873,4,B,0,202013205020,20201109,3,273
874,5,C,1,202050805020,20201109,3,274
875,6,C,0,202050804020,20201109,3,275
876,5,C,1,202050804016,20201109,3,276
877,6,C,0,202050803216,20201109,3,277
878,5,C,0,202050803212,20201109,3,278
879,4,B,1,202050805020,20201109,3,279
880,3,B,1,202050645020,20201109,3,280
881,4,B,1,202040645020,20201109,3,281
882,3,B,1,202040515020,20201109,3,282
883,4,B,1,202032515020,20201109,3,283
884,3,B,1,202032405020,20201109,3,284
885,4,B,1,202025405020,20201109,3,285
886,3,B,1,202025325020,20201109,3,286
887,4,B,1,202020325020,20201109,3,287
888,3,B,1,202020265020,20201109,3,288
889,4,B,0,202016265020,20201109,3,289
890,3,B,0,202016205020,20201109,3,290
891,4,B,1,202013205020,20201109,3,291
892,3,B,0,202013165020,20201109,3,292
893,4,B,0,202010165020,20201109,3,293
894,3,B,0,202010135020,20201109,3,294
895,4,B,0,202008135020,20201109,3,295
896,2,A,0,202050805020,20201109,3,296
897,1,A,0,201650805020,20201109,3,297
898,4,B,1,202050805020,20201109,3,298
899,3,B,0,202050645020,20201109,3,299
900,4,B,1,508050502050,20201109,4,0
901,3,B,1,508050402050,20201109,4,1
902,4,B,1,508040402050,20201109,4,2
903,2,A,0,508050502050,20201109,4,3
904,1,A,0,506450502050,20201109,4,4
905,2,A,1,406450502050,20201109,4,5
906,5,C,0,508050502050,20201109,4,6
907,6,C,0,508050501650,20201109,4,7
908,5,C,0,508050501640,20201109,4,8
909,6,C,1,508050501240,20201109,4,9
910,5,C,0,508050501232,20201109,4,10
911,6,C,0,508050501032,20201109,4,11
912,4,B,1,508050502050,20201109,4,12
913,3,B,0,508050402050,20201109,4,13
914,4,B,1,508040402050,20201109,4,14
915,3,B,1,508040322050,20201109,4,15
916,4,B,0,508032322050,20201109,4,16
917,3,B,1,508032252050,20201109,4,17
918,4,B,1,508025252050,20201109,4,18
919,3,B,0,508025202050,20201109,4,19
920,4,B,0,508020202050,20201109,4,20
921,2,A,0,508050502050,20201109,4,21
922,1,A,1,506450502050,20201109,4,22
923,2,A,1,406450502050,20201109,4,23
924,1,A,0,405150502050,20201109,4,24
925,2,A,0,325150502050,20201109,4,25
926,4,B,1,508050502050,20201109,4,26
927,3,B,1,508050402050,20201109,4,27
928,4,B,0,508040402050,20201109,4,28
929,3,B,1,508040322050,20201109,4,29
930,4,B,0,508032322050,20201109,4,30
931,3,B,0,508032252050,20201109,4,31
932,4,B,1,508025252050,20201109,4,32
933,3,B,0,508025202050,20201109,4,33
934,4,B,0,508020202050,20201109,4,34
935,2,A,1,508050502050,20201109,4,35
936,1,A,1,506450502050,20201109,4,36
937,2,A,1,406450502050,20201109,4,37
938,1,A,0,405150502050,20201109,4,38
939,2,A,0,325150502050,20201109,4,39
940,4,B,1,508050502050,20201109,4,40
941,3,B,1,508050402050,20201109,4,41
942,4,B,0,508040402050,20201109,4,42
943,3,B,1,508040322050,20201109,4,43
944,4,B,1,508032322050,20201109,4,44
945,3,B,0,508032252050,20201109,4,45
946,4,B,0,508025252050,20201109,4,46
947,3,B,0,508025202050,20201109,4,47
948,4,B,0,508020202050,20201109,4,48
949,5,C,0,508050502050,20201109,4,49
950,6,C,0,508050501650,20201109,4,50
951,5,C,0,508050501640,20201109,4,51
952,4,B,1,508050502050,20201109,4,52
953,3,B,0,508050402050,20201109,4,53
954,4,B,1,508040402050,20201109,4,54
955,3,B,1,508040322050,20201109,4,55
956,4,B,0,508032322050,20201109,4,56
957,2,A,1,508050502050,20201109,4,57
958,1,A,1,506450502050,20201109,4,58
959,2,A,1,406450502050,20201109,4,59
960,1,A,0,405150502050,20201109,4,60
961,2,A,1,325150502050,20201109,4,61
962,4,B,0,508050502050,20201109,4,62
963,3,B,0,508050402050,20201109,4,63
964,4,B,0,508040402050,20201109,4,64
965,3,B,0,508040322050,20201109,4,65
966,4,B,1,508032322050,20201109,4,66
967,2,A,1,508050502050,20201109,4,67
968,1,A,1,506450502050,20201109,4,68
969,2,A,1,406450502050,20201109,4,69
970,1,A,1,405150502050,20201109,4,70
971,2,A,0,325150502050,20201109,4,71
972,1,A,1,324050502050,20201109,4,72
973,2,A,0,254050502050,20201109,4,73
974,1,A,0,253250502050,20201109,4,74
975,4,B,0,508050502050,20201109,4,75
976,3,B,0,508050402050,20201109,4,76
977,4,B,0,508040402050,20201109,4,77
978,3,B,0,508040322050,20201109,4,78
979,5,C,0,508050502050,20201109,4,79
980,6,C,0,508050501650,20201109,4,80
981,5,C,0,508050501640,20201109,4,81
982,4,B,1,508050502050,20201109,4,82
983,3,B,0,508050402050,20201109,4,83
984,4,B,0,508040402050,20201109,4,84
985,3,B,0,508040322050,20201109,4,85
986,4,B,0,508032322050,20201109,4,86
987,2,A,1,508050502050,20201109,4,87
988,1,A,1,506450502050,20201109,4,88
989,2,A,0,406450502050,20201109,4,89
990,1,A,0,405150502050,20201109,4,90
991,2,A,1,325150502050,20201109,4,91
992,1,A,0,324050502050,20201109,4,92
993,2,A,1,254050502050,20201109,4,93
994,4,B,0,508050502050,20201109,4,94
995,3,B,1,508050402050,20201109,4,95
996,4,B,1,508040402050,20201109,4,96
997,3,B,1,508040322050,20201109,4,97
998,4,B,0,508032322050,20201109,4,98
999,3,B,0,508032252050,20201109,4,99
1000,4,B,1,508025252050,20201109,4,100
1001,3,B,0,508025202050,20201109,4,101
1002,4,B,0,508020202050,20201109,4,102
1003,2,A,1,508050502050,20201109,4,103
1004,1,A,0,506450502050,20201109,4,104
1005,2,A,1,406450502050,20201109,4,105
1006,1,A,1,405150502050,20201109,4,106
1007,2,A,1,325150502050,20201109,4,107
1008,1,A,0,324050502050,20201109,4,108
1009,2,A,0,254050502050,20201109,4,109
1010,4,B,1,508050502050,20201109,4,110
1011,3,B,1,508050402050,20201109,4,111
1012,4,B,0,508040402050,20201109,4,112
1013,3,B,0,508040322050,20201109,4,113
1014,4,B,0,508032322050,20201109,4,114
1015,3,B,0,508032252050,20201109,4,115
1016,2,A,1,508050502050,20201109,4,116
1017,1,A,1,506450502050,20201109,4,117
1018,2,A,1,406450502050,20201109,4,118
1019,1,A,1,405150502050,20201109,4,119
1020,2,A,1,325150502050,20201109,4,120
1021,1,A,0,324050502050,20201109,4,121
1022,2,A,0,254050502050,20201109,4,122
1023,1,A,0,253250502050,20201109,4,123
1024,2,A,0,203250502050,20201109,4,124
1025,4,B,1,508050502050,20201109,4,125
1026,3,B,0,508050402050,20201109,4,126
1027,4,B,0,508040402050,20201109,4,127
1028,3,B,0,508040322050,20201109,4,128
1029,4,B,1,508032322050,20201109,4,129
1030,3,B,0,508032252050,20201109,4,130
1031,4,B,0,508025252050,20201109,4,131
1032,2,A,0,508050502050,20201109,4,132
1033,1,A,1,506450502050,20201109,4,133
1034,2,A,0,406450502050,20201109,4,134
1035,1,A,0,405150502050,20201109,4,135
1036,2,A,1,325150502050,20201109,4,136
1037,4,B,1,508050502050,20201109,4,137
1038,3,B,0,508050402050,20201109,4,138
1039,4,B,1,508040402050,20201109,4,139
1040,3,B,0,508040322050,20201109,4,140
1041,4,B,0,508032322050,20201109,4,141
1042,2,A,1,508050502050,20201109,4,142
1043,1,A,0,506450502050,20201109,4,143
1044,2,A,0,406450502050,20201109,4,144
1045,4,B,1,508050502050,20201109,4,145
1046,3,B,1,508050402050,20201109,4,146
1047,4,B,0,508040402050,20201109,4,147
1048,3,B,0,508040322050,20201109,4,148
1049,4,B,1,508032322050,20201109,4,149
1050,3,B,0,508032252050,20201109,4,150
1051,4,B,0,508025252050,20201109,4,151
1052,2,A,1,508050502050,20201109,4,152
1053,1,A,1,506450502050,20201109,4,153
1054,2,A,0,406450502050,20201109,4,154
1055,1,A,0,405150502050,20201109,4,155
1056,2,A,1,325150502050,20201109,4,156
1057,4,B,0,508050502050,20201109,4,157
1058,3,B,0,508050402050,20201109,4,158
1059,4,B,0,508040402050,20201109,4,159
1060,3,B,0,508040322050,20201109,4,160
1061,2,A,1,508050502050,20201109,4,161
1062,1,A,1,506450502050,20201109,4,162
1063,2,A,0,406450502050,20201109,4,163
1064,1,A,1,405150502050,20201109,4,164
1065,2,A,0,325150502050,20201109,4,165
1066,1,A,1,324050502050,20201109,4,166
1067,2,A,0,254050502050,20201109,4,167
1068,4,B,1,508050502050,20201109,4,168
1069,3,B,0,508050402050,20201109,4,169
1070,4,B,0,508040402050,20201109,4,170
1071,2,A,1,508050502050,20201109,4,171
1072,1,A,0,506450502050,20201109,4,172
1073,2,A,0,406450502050,20201109,4,173
1074,1,A,0,405150502050,20201109,4,174
1075,2,A,0,325150502050,20201109,4,175
1076,4,B,0,508050502050,20201109,4,176
1077,3,B,1,508050402050,20201109,4,177
1078,4,B,0,508040402050,20201109,4,178
1079,3,B,1,508040322050,20201109,4,179
1080,4,B,1,508032322050,20201109,4,180
1081,3,B,0,508032252050,20201109,4,181
1082,4,B,0,508025252050,20201109,4,182
1083,2,A,1,508050502050,20201109,4,183
1084,1,A,0,506450502050,20201109,4,184
1085,2,A,0,406450502050,20201109,4,185
1086,4,B,0,508050502050,20201109,4,186
1087,3,B,0,508050402050,20201109,4,187
1088,4,B,0,508040402050,20201109,4,188
1089,2,A,1,508050502050,20201109,4,189
1090,1,A,0,506450502050,20201109,4,190
1091,2,A,1,406450502050,20201109,4,191
1092,1,A,1,405150502050,20201109,4,192
1093,2,A,1,325150502050,20201109,4,193
1094,1,A,1,324050502050,20201109,4,194
1095,2,A,1,254050502050,20201109,4,195
1096,1,A,0,253250502050,20201109,4,196
1097,2,A,0,203250502050,20201109,4,197
1098,1,A,0,202650502050,20201109,4,198
1099,2,A,0,162650502050,20201109,4,199
1100,5,C,0,508050502050,20201109,4,200
1101,6,C,0,508050501650,20201109,4,201
1102,5,C,0,508050501640,20201109,4,202
1103,4,B,1,508050502050,20201109,4,203
1104,3,B,1,508050402050,20201109,4,204
1105,4,B,0,508040402050,20201109,4,205
1106,3,B,1,508040322050,20201109,4,206
1107,4,B,0,508032322050,20201109,4,207
1108,3,B,1,508032252050,20201109,4,208
1109,4,B,0,508025252050,20201109,4,209
1110,3,B,0,508025202050,20201109,4,210
1111,4,B,0,508020202050,20201109,4,211
1112,2,A,1,508050502050,20201109,4,212
1113,1,A,1,506450502050,20201109,4,213
1114,2,A,0,406450502050,20201109,4,214
1115,1,A,1,405150502050,20201109,4,215
1116,2,A,1,325150502050,20201109,4,216
1117,1,A,0,324050502050,20201109,4,217
1118,2,A,1,254050502050,20201109,4,218
1119,1,A,0,253250502050,20201109,4,219
1120,2,A,1,203250502050,20201109,4,220
1121,1,A,0,202650502050,20201109,4,221
1122,2,A,0,162650502050,20201109,4,222
1123,1,A,1,162050502050,20201109,4,223
1124,2,A,0,132050502050,20201109,4,224
1125,1,A,0,131650502050,20201109,4,225
1126,2,A,0,101650502050,20201109,4,226
1127,4,B,1,508050502050,20201109,4,227
1128,3,B,1,508050402050,20201109,4,228
1129,4,B,0,508040402050,20201109,4,229
1130,3,B,0,508040322050,20201109,4,230
1131,4,B,0,508032322050,20201109,4,231
1132,3,B,0,508032252050,20201109,4,232
1133,2,A,0,508050502050,20201109,4,233
1134,1,A,0,506450502050,20201109,4,234
1135,2,A,1,406450502050,20201109,4,235
1136,4,B,0,508050502050,20201109,4,236
1137,3,B,0,508050402050,20201109,4,237
1138,4,B,0,508040402050,20201109,4,238
1139,2,A,1,508050502050,20201109,4,239
1140,1,A,1,506450502050,20201109,4,240
1141,2,A,0,406450502050,20201109,4,241
1142,1,A,1,405150502050,20201109,4,242
1143,2,A,0,325150502050,20201109,4,243
1144,1,A,0,324050502050,20201109,4,244
1145,2,A,0,254050502050,20201109,4,245
1146,4,B,0,508050502050,20201109,4,246
1147,3,B,0,508050402050,20201109,4,247
1148,4,B,1,508040402050,20201109,4,248
1149,3,B,0,508040322050,20201109,4,249
1150,4,B,0,508032322050,20201109,4,250
1151,2,A,1,508050502050,20201109,4,251
1152,1,A,1,506450502050,20201109,4,252
1153,2,A,1,406450502050,20201109,4,253
1154,1,A,0,405150502050,20201109,4,254
1155,2,A,0,325150502050,20201109,4,255
1156,1,A,0,324050502050,20201109,4,256
1157,2,A,0,254050502050,20201109,4,257
1158,4,B,0,508050502050,20201109,4,258
1159,3,B,1,508050402050,20201109,4,259
1160,4,B,0,508040402050,20201109,4,260
1161,3,B,0,508040322050,20201109,4,261
1162,4,B,0,508032322050,20201109,4,262
1163,3,B,0,508032252050,20201109,4,263
1164,2,A,1,508050502050,20201109,4,264
1165,1,A,1,506450502050,20201109,4,265
1166,2,A,1,406450502050,20201109,4,266
1167,1,A,0,405150502050,20201109,4,267
1168,2,A,0,325150502050,20201109,4,268
1169,1,A,0,324050502050,20201109,4,269
1170,4,B,0,508050502050,20201109,4,270
1171,3,B,0,508050402050,20201109,4,271
1172,4,B,1,508040402050,20201109,4,272
1173,3,B,0,508040322050,20201109,4,273
1174,4,B,1,508032322050,20201109,4,274
1175,3,B,0,508032252050,20201109,4,275
1176,4,B,0,508025252050,20201109,4,276
1177,2,A,1,508050502050,20201109,4,277
1178,1,A,1,506450502050,20201109,4,278
1179,2,A,1,406450502050,20201109,4,279
1180,1,A,1,405150502050,20201109,4,280
1181,2,A,0,325150502050,20201109,4,281
1182,1,A,0,324050502050,20201109,4,282
1183,2,A,1,254050502050,20201109,4,283
1184,1,A,1,253250502050,20201109,4,284
1185,2,A,0,203250502050,20201109,4,285
1186,1,A,1,202650502050,20201109,4,286
1187,2,A,0,162650502050,20201109,4,287
1188,1,A,0,162050502050,20201109,4,288
1189,4,B,1,508050502050,20201109,4,289
1190,3,B,0,508050402050,20201109,4,290
1191,4,B,0,508040402050,20201109,4,291
1192,2,A,1,508050502050,20201109,4,292
1193,1,A,0,506450502050,20201109,4,293
1194,2,A,0,406450502050,20201109,4,294
1195,1,A,0,405150502050,20201109,4,295
1196,2,A,1,325150502050,20201109,4,296
1197,4,B,0,508050502050,20201109,4,297
1198,3,B,0,508050402050,20201109,4,298
1199,4,B,0,508040402050,20201109,4,299
1200,4,B,1,802020205080,20201109,5,0
1201,3,B,1,802020165080,20201109,5,1
1202,4,B,0,802016165080,20201109,5,2
1203,2,A,0,802020205080,20201109,5,3
1204,1,A,1,801620205080,20201109,5,4
1205,2,A,1,641620205080,20201109,5,5
1206,1,A,0,641220205080,20201109,5,6
1207,5,C,0,802020205080,20201109,5,7
1208,6,C,1,802020204080,20201109,5,8
1209,5,C,1,802020204064,20201109,5,9
1210,6,C,0,802020203264,20201109,5,10
1211,5,C,0,802020203251,20201109,5,11
1212,4,B,1,802020205080,20201109,5,12
1213,3,B,0,802020165080,20201109,5,13
1214,4,B,0,802016165080,20201109,5,14
1215,3,B,0,802016125080,20201109,5,15
1216,2,A,0,802020205080,20201109,5,16
1217,1,A,1,801620205080,20201109,5,17
1218,2,A,1,641620205080,20201109,5,18
1219,1,A,0,641220205080,20201109,5,19
1220,2,A,0,511220205080,20201109,5,20
1221,4,B,0,802020205080,20201109,5,21
1222,3,B,0,802020165080,20201109,5,22
1223,4,B,1,802016165080,20201109,5,23
1224,3,B,1,802016125080,20201109,5,24
1225,4,B,1,802012125080,20201109,5,25
1226,3,B,0,802012105080,20201109,5,26
1227,4,B,0,802010105080,20201109,5,27
1228,2,A,0,802020205080,20201109,5,28
1229,1,A,0,801620205080,20201109,5,29
1230,2,A,0,641620205080,20201109,5,30
1231,4,B,0,802020205080,20201109,5,31
1232,3,B,1,802020165080,20201109,5,32
1233,4,B,0,802016165080,20201109,5,33
1234,3,B,0,802016125080,20201109,5,34
1235,2,A,0,802020205080,20201109,5,35
1236,1,A,0,801620205080,20201109,5,36
1237,5,C,0,802020205080,20201109,5,37
1238,6,C,1,802020204080,20201109,5,38
1239,5,C,0,802020204064,20201109,5,39
1240,4,B,0,802020205080,20201109,5,40
1241,3,B,1,802020165080,20201109,5,41
1242,4,B,0,802016165080,20201109,5,42
1243,3,B,1,802016125080,20201109,5,43
1244,4,B,0,802012125080,20201109,5,44
1245,3,B,0,802012105080,20201109,5,45
1246,2,A,0,802020205080,20201109,5,46
1247,1,A,1,801620205080,20201109,5,47
1248,2,A,0,641620205080,20201109,5,48
1249,1,A,1,641220205080,20201109,5,49
1250,2,A,0,511220205080,20201109,5,50
1251,1,A,1,511020205080,20201109,5,51
1252,2,A,1,401020205080,20201109,5,52
1253,1,A,1,400820205080,20201109,5,53
1254,2,A,0,320820205080,20201109,5,54
1255,1,A,0,320620205080,20201109,5,55
1256,2,A,0,260620205080,20201109,5,56
1257,4,B,0,802020205080,20201109,5,57
1258,3,B,0,802020165080,20201109,5,58
1259,4,B,1,802016165080,20201109,5,59
1260,3,B,0,802016125080,20201109,5,60
1261,4,B,0,802012125080,20201109,5,61
1262,3,B,0,802012105080,20201109,5,62
1263,2,A,0,802020205080,20201109,5,63
1264,1,A,0,801620205080,20201109,5,64
1265,2,A,0,641620205080,20201109,5,65
1266,4,B,0,802020205080,20201109,5,66
1267,3,B,0,802020165080,20201109,5,67
1268,4,B,0,802016165080,20201109,5,68
1269,2,A,0,802020205080,20201109,5,69
1270,1,A,0,801620205080,20201109,5,70
1271,2,A,0,641620205080,20201109,5,71
1272,5,C,1,802020205080,20201109,5,72
1273,6,C,1,802020204080,20201109,5,73
1274,5,C,1,802020204064,20201109,5,74
1275,6,C,1,802020203264,20201109,5,75
1276,5,C,0,802020203251,20201109,5,76
1277,6,C,1,802020202551,20201109,5,77
1278,5,C,1,802020202540,20201109,5,78
1279,6,C,1,802020202040,20201109,5,79
1280,5,C,1,802020202032,20201109,5,80
1281,6,C,0,802020201632,20201109,5,81
1282,5,C,0,802020201626,20201109,5,82
1283,6,C,0,802020201326,20201109,5,83
1284,5,C,0,802020201320,20201109,5,84
1285,4,B,0,802020205080,20201109,5,85
1286,3,B,0,802020165080,20201109,5,86
1287,4,B,0,802016165080,20201109,5,87
1288,3,B,1,802016125080,20201109,5,88
1289,4,B,0,802012125080,20201109,5,89
1290,3,B,0,802012105080,20201109,5,90
1291,2,A,0,802020205080,20201109,5,91
1292,1,A,0,801620205080,20201109,5,92
1293,2,A,0,641620205080,20201109,5,93
1294,4,B,0,802020205080,20201109,5,94
1295,3,B,0,802020165080,20201109,5,95
1296,4,B,0,802016165080,20201109,5,96
1297,5,C,0,802020205080,20201109,5,97
1298,6,C,1,802020204080,20201109,5,98
1299,5,C,0,802020204064,20201109,5,99
1300,6,C,1,802020203264,20201109,5,100
1301,5,C,0,802020203251,20201109,5,101
1302,6,C,0,802020202551,20201109,5,102
1303,5,C,0,802020202540,20201109,5,103
1304,4,B,1,802020205080,20201109,5,104
1305,3,B,0,802020165080,20201109,5,105
1306,4,B,0,802016165080,20201109,5,106
1307,3,B,0,802016125080,20201109,5,107
1308,4,B,1,802012125080,20201109,5,108
1309,3,B,0,802012105080,20201109,5,109
1310,4,B,0,802010105080,20201109,5,110
1311,3,B,0,802010085080,20201109,5,111
1312,2,A,0,802020205080,20201109,5,112
1313,1,A,1,801620205080,20201109,5,113
1314,2,A,0,641620205080,20201109,5,114
1315,1,A,1,641220205080,20201109,5,115
1316,2,A,0,511220205080,20201109,5,116
1317,1,A,1,511020205080,20201109,5,117
1318,2,A,0,401020205080,20201109,5,118
1319,1,A,0,400820205080,20201109,5,119
1320,2,A,0,320820205080,20201109,5,120
1321,1,A,1,320620205080,20201109,5,121
1322,2,A,0,260620205080,20201109,5,122
1323,1,A,0,260520205080,20201109,5,123
1324,4,B,0,802020205080,20201109,5,124
1325,3,B,0,802020165080,20201109,5,125
1326,4,B,1,802016165080,20201109,5,126
1327,3,B,0,802016125080,20201109,5,127
1328,4,B,1,802012125080,20201109,5,128
1329,3,B,1,802012105080,20201109,5,129
1330,4,B,0,802010105080,20201109,5,130
1331,3,B,0,802010085080,20201109,5,131
1332,4,B,0,802008085080,20201109,5,132
1333,3,B,0,802008065080,20201109,5,133
1334,2,A,1,802020205080,20201109,5,134
1335,1,A,1,801620205080,20201109,5,135
1336,2,A,1,641620205080,20201109,5,136
1337,1,A,1,641220205080,20201109,5,137
1338,2,A,0,511220205080,20201109,5,138
1339,1,A,1,511020205080,20201109,5,139
1340,2,A,1,401020205080,20201109,5,140
1341,1,A,0,400820205080,20201109,5,141
1342,2,A,0,320820205080,20201109,5,142
1343,1,A,0,320620205080,20201109,5,143
1344,2,A,0,260620205080,20201109,5,144
1345,4,B,0,802020205080,20201109,5,145
1346,3,B,0,802020165080,20201109,5,146
1347,4,B,0,802016165080,20201109,5,147
1348,3,B,0,802016125080,20201109,5,148
1349,2,A,0,802020205080,20201109,5,149
1350,1,A,1,801620205080,20201109,5,150
1351,2,A,1,641620205080,20201109,5,151
1352,1,A,0,641220205080,20201109,5,152
1353,2,A,0,511220205080,20201109,5,153
1354,1,A,0,511020205080,20201109,5,154
1355,2,A,1,401020205080,20201109,5,155
1356,1,A,1,400820205080,20201109,5,156
1357,2,A,0,320820205080,20201109,5,157
1358,1,A,1,320620205080,20201109,5,158
1359,2,A,0,260620205080,20201109,5,159
1360,1,A,0,260520205080,20201109,5,160
1361,4,B,0,802020205080,20201109,5,161
1362,3,B,0,802020165080,20201109,5,162
1363,4,B,1,802016165080,20201109,5,163
1364,3,B,0,802016125080,20201109,5,164
1365,4,B,0,802012125080,20201109,5,165
1366,2,A,1,802020205080,20201109,5,166
1367,1,A,1,801620205080,20201109,5,167
1368,2,A,0,641620205080,20201109,5,168
1369,1,A,0,641220205080,20201109,5,169
1370,2,A,0,511220205080,20201109,5,170
1371,1,A,1,511020205080,20201109,5,171
1372,2,A,0,401020205080,20201109,5,172
1373,1,A,0,400820205080,20201109,5,173
1374,4,B,0,802020205080,20201109,5,174
1375,3,B,1,802020165080,20201109,5,175
1376,4,B,0,802016165080,20201109,5,176
1377,3,B,0,802016125080,20201109,5,177
1378,4,B,1,802012125080,20201109,5,178
1379,3,B,0,802012105080,20201109,5,179
1380,4,B,0,802010105080,20201109,5,180
1381,3,B,0,802010085080,20201109,5,181
1382,4,B,0,802008085080,20201109,5,182
1383,2,A,0,802020205080,20201109,5,183
1384,1,A,1,801620205080,20201109,5,184
1385,2,A,0,641620205080,20201109,5,185
1386,1,A,1,641220205080,20201109,5,186
1387,2,A,0,511220205080,20201109,5,187
1388,1,A,0,511020205080,20201109,5,188
1389,4,B,1,802020205080,20201109,5,189
1390,3,B,0,802020165080,20201109,5,190
1391,4,B,0,802016165080,20201109,5,191
1392,3,B,1,802016125080,20201109,5,192
1393,4,B,0,802012125080,20201109,5,193
1394,2,A,1,802020205080,20201109,5,194
1395,1,A,1,801620205080,20201109,5,195
1396,2,A,0,641620205080,20201109,5,196
1397,1,A,1,641220205080,20201109,5,197
1398,2,A,0,511220205080,20201109,5,198
1399,1,A,0,511020205080,20201109,5,199
1400,2,A,0,401020205080,20201109,5,200
1401,1,A,0,400820205080,20201109,5,201
1402,4,B,0,802020205080,20201109,5,202
1403,3,B,0,802020165080,20201109,5,203
1404,4,B,0,802016165080,20201109,5,204
1405,3,B,0,802016125080,20201109,5,205
1406,2,A,0,802020205080,20201109,5,206
1407,1,A,0,801620205080,20201109,5,207
1408,2,A,1,641620205080,20201109,5,208
1409,1,A,1,641220205080,20201109,5,209
1410,2,A,0,511220205080,20201109,5,210
1411,1,A,1,511020205080,20201109,5,211
1412,2,A,0,401020205080,20201109,5,212
1413,1,A,1,400820205080,20201109,5,213
1414,2,A,0,320820205080,20201109,5,214
1415,1,A,0,320620205080,20201109,5,215
1416,4,B,1,802020205080,20201109,5,216
1417,3,B,0,802020165080,20201109,5,217
1418,4,B,1,802016165080,20201109,5,218
1419,3,B,0,802016125080,20201109,5,219
1420,4,B,1,802012125080,20201109,5,220
1421,3,B,0,802012105080,20201109,5,221
1422,4,B,0,802010105080,20201109,5,222
1423,3,B,0,802010085080,20201109,5,223
1424,4,B,0,802008085080,20201109,5,224
1425,2,A,1,802020205080,20201109,5,225
1426,1,A,0,801620205080,20201109,5,226
1427,2,A,0,641620205080,20201109,5,227
1428,1,A,0,641220205080,20201109,5,228
1429,2,A,0,511220205080,20201109,5,229
1430,5,C,0,802020205080,20201109,5,230
1431,6,C,1,802020204080,20201109,5,231
1432,5,C,0,802020204064,20201109,5,232
1433,6,C,1,802020203264,20201109,5,233
1434,5,C,0,802020203251,20201109,5,234
1435,6,C,1,802020202551,20201109,5,235
1436,5,C,0,802020202540,20201109,5,236
1437,6,C,0,802020202040,20201109,5,237
1438,5,C,0,802020202032,20201109,5,238
1439,6,C,0,802020201632,20201109,5,239
1440,4,B,0,802020205080,20201109,5,240
1441,3,B,0,802020165080,20201109,5,241
1442,4,B,0,802016165080,20201109,5,242
1443,2,A,0,802020205080,20201109,5,243
1444,1,A,1,801620205080,20201109,5,244
1445,2,A,0,641620205080,20201109,5,245
1446,1,A,1,641220205080,20201109,5,246
1447,2,A,0,511220205080,20201109,5,247
1448,1,A,1,511020205080,20201109,5,248
1449,2,A,0,401020205080,20201109,5,249
1450,1,A,0,400820205080,20201109,5,250
1451,2,A,0,320820205080,20201109,5,251
1452,1,A,0,320620205080,20201109,5,252
1453,4,B,0,802020205080,20201109,5,253
1454,3,B,0,802020165080,20201109,5,254
1455,4,B,0,802016165080,20201109,5,255
1456,3,B,0,802016125080,20201109,5,256
1457,2,A,0,802020205080,20201109,5,257
1458,1,A,1,801620205080,20201109,5,258
1459,2,A,0,641620205080,20201109,5,259
1460,1,A,0,641220205080,20201109,5,260
1461,2,A,0,511220205080,20201109,5,261
1462,1,A,0,511020205080,20201109,5,262
1463,5,C,1,802020205080,20201109,5,263
1464,6,C,1,802020204080,20201109,5,264
1465,5,C,1,802020204064,20201109,5,265
1466,6,C,1,802020203264,20201109,5,266
1467,5,C,1,802020203251,20201109,5,267
1468,6,C,1,802020202551,20201109,5,268
1469,5,C,0,802020202540,20201109,5,269
1470,6,C,1,802020202040,20201109,5,270
1471,5,C,0,802020202032,20201109,5,271
1472,6,C,0,802020201632,20201109,5,272
1473,5,C,1,802020201626,20201109,5,273
1474,6,C,0,802020201326,20201109,5,274
1475,5,C,0,802020201320,20201109,5,275
1476,6,C,0,802020201020,20201109,5,276
1477,5,C,0,802020201016,20201109,5,277
1478,6,C,0,802020200816,20201109,5,278
1479,4,B,0,802020205080,20201109,5,279
1480,3,B,0,802020165080,20201109,5,280
1481,4,B,0,802016165080,20201109,5,281
1482,2,A,0,802020205080,20201109,5,282
1483,1,A,1,801620205080,20201109,5,283
1484,2,A,0,641620205080,20201109,5,284
1485,1,A,0,641220205080,20201109,5,285
1486,2,A,0,511220205080,20201109,5,286
1487,1,A,0,511020205080,20201109,5,287
1488,4,B,0,802020205080,20201109,5,288
1489,3,B,0,802020165080,20201109,5,289
1490,4,B,0,802016165080,20201109,5,290
1491,2,A,1,802020205080,20201109,5,291
1492,1,A,0,801620205080,20201109,5,292
1493,2,A,0,641620205080,20201109,5,293
1494,1,A,1,641220205080,20201109,5,294
1495,2,A,0,511220205080,20201109,5,295
1496,1,A,0,511020205080,20201109,5,296
1497,4,B,1,802020205080,20201109,5,297
1498,3,B,0,802020165080,20201109,5,298
1499,4,B,0,802016165080,20201109,5,299
1500,4,B,0,502080502020,20201110,2,0
1501,3,B,1,502080402020,20201110,2,1
1502,4,B,1,502064402020,20201110,2,2
1503,2,A,0,502080502020,20201110,2,3
1504,1,A,0,501680502020,20201110,2,4
1505,2,A,0,401680502020,20201110,2,5
1506,5,C,0,502080502020,20201110,2,6
1507,6,C,0,502080501620,20201110,2,7
1508,5,C,0,502080501616,20201110,2,8
1509,3,B,1,502080502020,20201110,2,9
1510,4,B,0,502064502020,20201110,2,10
1511,3,B,1,502064402020,20201110,2,11
1512,4,B,1,502051402020,20201110,2,12
1513,3,B,1,502051322020,20201110,2,13
1514,4,B,0,502040322020,20201110,2,14
1515,3,B,1,502040252020,20201110,2,15
1516,4,B,1,502032252020,20201110,2,16
1517,3,B,1,502032202020,20201110,2,17
1518,4,B,0,502026202020,20201110,2,18
1519,3,B,0,502026162020,20201110,2,19
1520,2,A,0,502080502020,20201110,2,20
1521,1,A,1,501680502020,20201110,2,21
1522,2,A,0,401680502020,20201110,2,22
1523,4,B,0,502080502020,20201110,2,23
1524,3,B,1,502080402020,20201110,2,24
1525,4,B,1,502064402020,20201110,2,25
1526,3,B,1,502064322020,20201110,2,26
1527,4,B,1,502051322020,20201110,2,27
1528,3,B,1,502051252020,20201110,2,28
1529,4,B,1,502040252020,20201110,2,29
1530,3,B,1,502040202020,20201110,2,30
1531,4,B,0,502032202020,20201110,2,31
1532,3,B,0,502032162020,20201110,2,32
1533,4,B,0,502026162020,20201110,2,33
1534,3,B,0,502026132020,20201110,2,34
1535,2,A,0,502080502020,20201110,2,35
1536,1,A,0,501680502020,20201110,2,36
1537,2,A,0,401680502020,20201110,2,37
1538,4,B,1,502080502020,20201110,2,38
1539,3,B,1,502080402020,20201110,2,39
1540,4,B,1,502064402020,20201110,2,40
1541,3,B,0,502064322020,20201110,2,41
1542,4,B,1,502051322020,20201110,2,42
1543,3,B,1,502051252020,20201110,2,43
1544,4,B,0,502040252020,20201110,2,44
1545,3,B,1,502040202020,20201110,2,45
1546,4,B,0,502032202020,20201110,2,46
1547,3,B,0,502032162020,20201110,2,47
1548,4,B,0,502026162020,20201110,2,48
1549,3,B,0,502026132020,20201110,2,49
1550,5,C,0,502080502020,20201110,2,50
1551,6,C,0,502080501620,20201110,2,51
1552,5,C,0,502080501616,20201110,2,52
1553,4,B,0,502080502020,20201110,2,53
1554,3,B,1,502080402020,20201110,2,54
1555,4,B,1,502064402020,20201110,2,55
1556,3,B,1,502064322020,20201110,2,56
1557,4,B,0,502051322020,20201110,2,57
1558,3,B,1,502051252020,20201110,2,58
1559,4,B,0,502040252020,20201110,2,59
1560,3,B,0,502040202020,20201110,2,60
1561,4,B,0,502032202020,20201110,2,61
1562,3,B,1,502032162020,20201110,2,62
1563,2,A,0,502080502020,20201110,2,63
1564,1,A,1,501680502020,20201110,2,64
1565,2,A,0,401680502020,20201110,2,65
1566,1,A,0,401280502020,20201110,2,66
1567,4,B,0,502080502020,20201110,2,67
1568,3,B,1,502080402020,20201110,2,68
1569,4,B,0,502064402020,20201110,2,69
1570,3,B,1,502064322020,20201110,2,70
1571,4,B,1,502051322020,20201110,2,71
1572,3,B,1,502051252020,20201110,2,72
1573,4,B,0,502040252020,20201110,2,73
1574,3,B,1,502040202020,20201110,2,74
1575,4,B,0,502032202020,20201110,2,75
1576,3,B,1,502032162020,20201110,2,76
1577,2,A,0,502080502020,20201110,2,77
1578,1,A,1,501680502020,20201110,2,78
1579,2,A,1,401680502020,20201110,2,79
1580,1,A,0,401280502020,20201110,2,80
1581,2,A,0,321280502020,20201110,2,81
1582,4,B,1,502080502020,20201110,2,82
1583,3,B,1,502080402020,20201110,2,83
1584,4,B,0,502064402020,20201110,2,84
1585,3,B,1,502064322020,20201110,2,85
1586,4,B,0,502051322020,20201110,2,86
1587,3,B,0,502051252020,20201110,2,87
1588,4,B,1,502040252020,20201110,2,88
1589,3,B,0,502040202020,20201110,2,89
1590,4,B,0,502032202020,20201110,2,90
1591,3,B,1,502032162020,20201110,2,91
1592,6,C,0,502080502020,20201110,2,92
1593,5,C,0,502080502016,20201110,2,93
1594,6,C,0,502080501616,20201110,2,94
1595,5,C,0,502080501612,20201110,2,95
1596,3,B,1,502080502020,20201110,2,96
1597,4,B,0,502064502020,20201110,2,97
1598,3,B,1,502064402020,20201110,2,98
1599,4,B,1,502051402020,20201110,2,99
1600,3,B,1,502051322020,20201110,2,100
1601,4,B,0,502040322020,20201110,2,101
1602,3,B,0,502040252020,20201110,2,102
1603,4,B,0,502032252020,20201110,2,103
1604,3,B,1,502032202020,20201110,2,104
1605,4,B,0,502026202020,20201110,2,105
1606,3,B,0,502026162020,20201110,2,106
1607,6,C,0,502080502020,20201110,2,107
1608,5,C,0,502080502016,20201110,2,108
1609,6,C,1,502080501616,20201110,2,109
1610,2,A,0,502080502020,20201110,2,110
1611,1,A,1,501680502020,20201110,2,111
1612,2,A,0,401680502020,20201110,2,112
1613,1,A,1,401280502020,20201110,2,113
1614,2,A,0,321280502020,20201110,2,114
1615,1,A,0,321080502020,20201110,2,115
1616,4,B,1,502080502020,20201110,2,116
1617,3,B,0,502080402020,20201110,2,117
1618,4,B,0,502064402020,20201110,2,118
1619,3,B,0,502064322020,20201110,2,119
1620,4,B,0,502051322020,20201110,2,120
1621,3,B,0,502051252020,20201110,2,121
1622,4,B,0,502040252020,20201110,2,122
1623,2,A,0,502080502020,20201110,2,123
1624,1,A,1,501680502020,20201110,2,124
1625,2,A,0,401680502020,20201110,2,125
1626,1,A,1,401280502020,20201110,2,126
1627,2,A,0,321280502020,20201110,2,127
1628,1,A,0,321080502020,20201110,2,128
1629,4,B,0,502080502020,20201110,2,129
1630,3,B,1,502080402020,20201110,2,130
1631,4,B,1,502064402020,20201110,2,131
1632,3,B,1,502064322020,20201110,2,132
1633,4,B,0,502051322020,20201110,2,133
1634,3,B,1,502051252020,20201110,2,134
1635,4,B,0,502040252020,20201110,2,135
1636,3,B,0,502040202020,20201110,2,136
1637,6,C,0,502080502020,20201110,2,137
1638,5,C,0,502080502016,20201110,2,138
1639,6,C,0,502080501616,20201110,2,139
1640,4,B,1,502080502020,20201110,2,140
1641,3,B,1,502080402020,20201110,2,141
1642,4,B,0,502064402020,20201110,2,142
1643,3,B,1,502064322020,20201110,2,143
1644,4,B,0,502051322020,20201110,2,144
1645,3,B,0,502051252020,20201110,2,145
1646,2,A,0,502080502020,20201110,2,146
1647,1,A,1,501680502020,20201110,2,147
1648,2,A,1,401680502020,20201110,2,148
1649,1,A,0,401280502020,20201110,2,149
1650,2,A,0,321280502020,20201110,2,150
1651,1,A,1,321080502020,20201110,2,151
1652,2,A,0,251080502020,20201110,2,152
1653,1,A,1,250880502020,20201110,2,153
1654,2,A,0,200880502020,20201110,2,154
1655,1,A,0,200680502020,20201110,2,155
1656,4,B,0,502080502020,20201110,2,156
1657,3,B,1,502080402020,20201110,2,157
1658,4,B,0,502064402020,20201110,2,158
1659,3,B,0,502064322020,20201110,2,159
1660,2,A,0,502080502020,20201110,2,160
1661,1,A,1,501680502020,20201110,2,161
1662,2,A,0,401680502020,20201110,2,162
1663,1,A,0,401280502020,20201110,2,163
1664,4,B,1,502080502020,20201110,2,164
1665,3,B,1,502080402020,20201110,2,165
1666,4,B,1,502064402020,20201110,2,166
1667,3,B,0,502064322020,20201110,2,167
1668,4,B,0,502051322020,20201110,2,168
1669,3,B,1,502051252020,20201110,2,169
1670,2,A,0,502080502020,20201110,2,170
1671,1,A,0,501680502020,20201110,2,171
1672,2,A,0,401680502020,20201110,2,172
1673,1,A,1,401280502020,20201110,2,173
1674,5,C,0,502080502020,20201110,2,174
1675,6,C,0,502080501620,20201110,2,175
1676,5,C,0,502080501616,20201110,2,176
1677,2,A,0,502080502020,20201110,2,177
1678,1,A,0,501680502020,20201110,2,178
1679,2,A,1,401680502020,20201110,2,179
1680,1,A,0,401280502020,20201110,2,180
1681,2,A,0,321280502020,20201110,2,181
1682,1,A,0,321080502020,20201110,2,182
1683,4,B,0,502080502020,20201110,2,183
1684,3,B,1,502080402020,20201110,2,184
1685,4,B,1,502064402020,20201110,2,185
1686,3,B,0,502064322020,20201110,2,186
1687,4,B,0,502051322020,20201110,2,187
1688,3,B,1,502051252020,20201110,2,188
1689,4,B,0,502040252020,20201110,2,189
1690,3,B,1,502040202020,20201110,2,190
1691,4,B,0,502032202020,20201110,2,191
1692,3,B,0,502032162020,20201110,2,192
1693,1,A,0,502080502020,20201110,2,193
1694,2,A,0,402080502020,20201110,2,194
1695,1,A,0,401680502020,20201110,2,195
1696,2,A,1,321680502020,20201110,2,196
1697,1,A,0,321280502020,20201110,2,197
1698,2,A,0,251280502020,20201110,2,198
1699,6,C,0,502080502020,20201110,2,199
1700,5,C,0,502080502016,20201110,2,200
1701,6,C,0,502080501616,20201110,2,201
1702,5,C,0,502080501612,20201110,2,202
1703,6,C,0,502080501212,20201110,2,203
1704,5,C,0,502080501210,20201110,2,204
1705,3,B,1,502080502020,20201110,2,205
1706,4,B,0,502064502020,20201110,2,206
1707,3,B,1,502064402020,20201110,2,207
1708,4,B,1,502051402020,20201110,2,208
1709,3,B,0,502051322020,20201110,2,209
1710,4,B,1,502040322020,20201110,2,210
1711,3,B,0,502040252020,20201110,2,211
1712,2,A,0,502080502020,20201110,2,212
1713,1,A,1,501680502020,20201110,2,213
1714,2,A,0,401680502020,20201110,2,214
1715,1,A,1,401280502020,20201110,2,215
1716,6,C,0,502080502020,20201110,2,216
1717,5,C,0,502080502016,20201110,2,217
1718,3,B,1,502080502020,20201110,2,218
1719,4,B,1,502064502020,20201110,2,219
1720,3,B,0,502064402020,20201110,2,220
1721,4,B,0,502051402020,20201110,2,221
1722,3,B,1,502051322020,20201110,2,222
1723,2,A,1,502080502020,20201110,2,223
1724,1,A,1,501680502020,20201110,2,224
1725,2,A,0,401680502020,20201110,2,225
1726,1,A,0,401280502020,20201110,2,226
1727,2,A,0,321280502020,20201110,2,227
1728,3,B,1,502080502020,20201110,2,228
1729,4,B,1,502064502020,20201110,2,229
1730,3,B,1,502064402020,20201110,2,230
1731,4,B,1,502051402020,20201110,2,231
1732,3,B,0,502051322020,20201110,2,232
1733,4,B,0,502040322020,20201110,2,233
1734,3,B,0,502040252020,20201110,2,234
1735,4,B,0,502032252020,20201110,2,235
1736,3,B,0,502032202020,20201110,2,236
1737,2,A,0,502080502020,20201110,2,237
1738,1,A,0,501680502020,20201110,2,238
1739,2,A,0,401680502020,20201110,2,239
1740,3,B,1,502080502020,20201110,2,240
1741,4,B,0,502064502020,20201110,2,241
1742,3,B,1,502064402020,20201110,2,242
1743,4,B,1,502051402020,20201110,2,243
1744,3,B,0,502051322020,20201110,2,244
1745,4,B,0,502040322020,20201110,2,245
1746,3,B,1,502040252020,20201110,2,246
1747,4,B,0,502032252020,20201110,2,247
1748,3,B,0,502032202020,20201110,2,248
1749,4,B,0,502026202020,20201110,2,249
1750,3,B,1,502026162020,20201110,2,250
1751,2,A,0,502080502020,20201110,2,251
1752,1,A,1,501680502020,20201110,2,252
1753,2,A,0,401680502020,20201110,2,253
1754,1,A,0,401280502020,20201110,2,254
1755,4,B,1,502080502020,20201110,2,255
1756,3,B,1,502080402020,20201110,2,256
1757,4,B,1,502064402020,20201110,2,257
1758,3,B,0,502064322020,20201110,2,258
1759,4,B,0,502051322020,20201110,2,259
1760,3,B,0,502051252020,20201110,2,260
1761,4,B,0,502040252020,20201110,2,261
1762,3,B,1,502040202020,20201110,2,262
1763,2,A,0,502080502020,20201110,2,263
1764,1,A,0,501680502020,20201110,2,264
1765,2,A,0,401680502020,20201110,2,265
1766,1,A,0,401280502020,20201110,2,266
1767,4,B,1,502080502020,20201110,2,267
1768,3,B,1,502080402020,20201110,2,268
1769,4,B,0,502064402020,20201110,2,269
1770,3,B,1,502064322020,20201110,2,270
1771,4,B,0,502051322020,20201110,2,271
1772,3,B,0,502051252020,20201110,2,272
1773,6,C,1,502080502020,20201110,2,273
1774,5,C,1,502080502016,20201110,2,274
1775,6,C,0,502080501616,20201110,2,275
1776,3,B,1,502080502020,20201110,2,276
1777,4,B,0,502064502020,20201110,2,277
1778,3,B,1,502064402020,20201110,2,278
1779,4,B,1,502051402020,20201110,2,279
1780,3,B,1,502051322020,20201110,2,280
1781,4,B,0,502040322020,20201110,2,281
1782,3,B,0,502040252020,20201110,2,282
1783,4,B,0,502032252020,20201110,2,283
1784,3,B,0,502032202020,20201110,2,284
1785,2,A,0,502080502020,20201110,2,285
1786,1,A,0,501680502020,20201110,2,286
1787,4,B,1,502080502020,20201110,2,287
1788,3,B,1,502080402020,20201110,2,288
1789,4,B,1,502064402020,20201110,2,289
1790,3,B,0,502064322020,20201110,2,290
1791,4,B,1,502051322020,20201110,2,291
1792,3,B,1,502051252020,20201110,2,292
1793,4,B,0,502040252020,20201110,2,293
1794,3,B,1,502040202020,20201110,2,294
1795,4,B,0,502032202020,20201110,2,295
1796,3,B,0,502032162020,20201110,2,296
1797,4,B,0,502026162020,20201110,2,297
1798,3,B,1,502026132020,20201110,2,298
1799,4,B,0,502020132020,20201110,2,299
1800,4,B,0,508020208020,20201110,3,0
1801,3,B,0,508020168020,20201110,3,1
1802,4,B,0,508016168020,20201110,3,2
1803,2,A,0,508020208020,20201110,3,3
1804,1,A,1,506420208020,20201110,3,4
1805,2,A,1,406420208020,20201110,3,5
1806,1,A,0,405120208020,20201110,3,6
1807,2,A,0,325120208020,20201110,3,7
1808,6,C,1,508020208020,20201110,3,8
1809,5,C,1,508020208016,20201110,3,9
1810,6,C,1,508020206416,20201110,3,10
1811,5,C,0,508020206412,20201110,3,11
1812,6,C,0,508020205112,20201110,3,12
1813,5,C,1,508020205110,20201110,3,13
1814,3,B,1,508020208020,20201110,3,14
1815,4,B,1,508016208020,20201110,3,15
1816,3,B,0,508016168020,20201110,3,16
1817,4,B,0,508012168020,20201110,3,17
1818,3,B,1,508012128020,20201110,3,18
1819,4,B,0,508010128020,20201110,3,19
1820,3,B,0,508010108020,20201110,3,20
1821,2,A,1,508020208020,20201110,3,21
1822,1,A,0,506420208020,20201110,3,22
1823,2,A,1,406420208020,20201110,3,23
1824,4,B,0,508020208020,20201110,3,24
1825,3,B,0,508020168020,20201110,3,25
1826,4,B,0,508016168020,20201110,3,26
1827,2,A,0,508020208020,20201110,3,27
1828,1,A,1,506420208020,20201110,3,28
1829,2,A,0,406420208020,20201110,3,29
1830,1,A,0,405120208020,20201110,3,30
1831,2,A,1,325120208020,20201110,3,31
1832,1,A,0,324020208020,20201110,3,32
1833,4,B,1,508020208020,20201110,3,33
1834,3,B,0,508020168020,20201110,3,34
1835,4,B,1,508016168020,20201110,3,35
1836,3,B,0,508016128020,20201110,3,36
1837,2,A,1,508020208020,20201110,3,37
1838,1,A,1,506420208020,20201110,3,38
1839,2,A,0,406420208020,20201110,3,39
1840,1,A,1,405120208020,20201110,3,40
1841,2,A,1,325120208020,20201110,3,41
1842,1,A,1,324020208020,20201110,3,42
1843,2,A,0,254020208020,20201110,3,43
1844,1,A,0,253220208020,20201110,3,44
1845,2,A,0,203220208020,20201110,3,45
1846,4,B,0,508020208020,20201110,3,46
1847,3,B,0,508020168020,20201110,3,47
1848,4,B,0,508016168020,20201110,3,48
1849,3,B,0,508016128020,20201110,3,49
1850,6,C,0,508020208020,20201110,3,50
1851,5,C,0,508020208016,20201110,3,51
1852,6,C,0,508020206416,20201110,3,52
1853,4,B,0,508020208020,20201110,3,53
1854,3,B,1,508020168020,20201110,3,54
1855,4,B,0,508016168020,20201110,3,55
1856,3,B,1,508016128020,20201110,3,56
1857,2,A,1,508020208020,20201110,3,57
1858,1,A,0,506420208020,20201110,3,58
1859,2,A,1,406420208020,20201110,3,59
1860,1,A,0,405120208020,20201110,3,60
1861,2,A,0,325120208020,20201110,3,61
1862,1,A,0,324020208020,20201110,3,62
1863,2,A,1,254020208020,20201110,3,63
1864,3,B,1,508020208020,20201110,3,64
1865,4,B,0,508016208020,20201110,3,65
1866,3,B,0,508016168020,20201110,3,66
1867,4,B,0,508012168020,20201110,3,67
1868,3,B,0,508012128020,20201110,3,68
1869,2,A,1,508020208020,20201110,3,69
1870,1,A,1,506420208020,20201110,3,70
1871,2,A,1,406420208020,20201110,3,71
1872,1,A,0,405120208020,20201110,3,72
1873,2,A,0,325120208020,20201110,3,73
1874,1,A,0,324020208020,20201110,3,74
1875,2,A,0,254020208020,20201110,3,75
1876,4,B,0,508020208020,20201110,3,76
1877,3,B,0,508020168020,20201110,3,77
1878,4,B,1,508016168020,20201110,3,78
1879,3,B,0,508016128020,20201110,3,79
1880,2,A,1,508020208020,20201110,3,80
1881,1,A,0,506420208020,20201110,3,81
1882,2,A,0,406420208020,20201110,3,82
1883,1,A,1,405120208020,20201110,3,83
1884,2,A,1,325120208020,20201110,3,84
1885,1,A,1,324020208020,20201110,3,85
1886,2,A,1,254020208020,20201110,3,86
1887,1,A,0,253220208020,20201110,3,87
1888,2,A,0,203220208020,20201110,3,88
1889,1,A,0,202620208020,20201110,3,89
1890,2,A,0,162620208020,20201110,3,90
1891,6,C,0,508020208020,20201110,3,91
1892,5,C,1,508020208016,20201110,3,92
1893,6,C,0,508020206416,20201110,3,93
1894,5,C,0,508020206412,20201110,3,94
1895,3,B,1,508020208020,20201110,3,95
1896,4,B,0,508016208020,20201110,3,96
1897,3,B,0,508016168020,20201110,3,97
1898,4,B,0,508012168020,20201110,3,98
1899,2,A,1,508020208020,20201110,3,99
1900,1,A,0,506420208020,20201110,3,100
1901,2,A,0,406420208020,20201110,3,101
1902,1,A,0,405120208020,20201110,3,102
1903,2,A,0,325120208020,20201110,3,103
1904,4,B,1,508020208020,20201110,3,104
1905,3,B,0,508020168020,20201110,3,105
1906,4,B,0,508016168020,20201110,3,106
1907,2,A,1,508020208020,20201110,3,107
1908,1,A,1,506420208020,20201110,3,108
1909,2,A,1,406420208020,20201110,3,109
1910,1,A,0,405120208020,20201110,3,110
1911,2,A,1,325120208020,20201110,3,111
1912,1,A,1,324020208020,20201110,3,112
1913,2,A,1,254020208020,20201110,3,113
1914,1,A,0,253220208020,20201110,3,114
1915,2,A,0,203220208020,20201110,3,115
1916,1,A,0,202620208020,20201110,3,116
1917,2,A,0,162620208020,20201110,3,117
1918,5,C,1,508020208020,20201110,3,118
1919,6,C,0,508020206420,20201110,3,119
1920,5,C,1,508020206416,20201110,3,120
1921,3,B,1,508020208020,20201110,3,121
1922,4,B,0,508016208020,20201110,3,122
1923,3,B,0,508016168020,20201110,3,123
1924,4,B,0,508012168020,20201110,3,124
1925,2,A,0,508020208020,20201110,3,125
1926,1,A,0,506420208020,20201110,3,126
1927,2,A,0,406420208020,20201110,3,127
1928,3,B,0,508020208020,20201110,3,128
1929,4,B,1,508016208020,20201110,3,129
1930,3,B,0,508016168020,20201110,3,130
1931,2,A,1,508020208020,20201110,3,131
1932,1,A,0,506420208020,20201110,3,132
1933,2,A,1,406420208020,20201110,3,133
1934,1,A,1,405120208020,20201110,3,134
1935,2,A,0,325120208020,20201110,3,135
1936,1,A,0,324020208020,20201110,3,136
1937,2,A,1,254020208020,20201110,3,137
1938,1,A,0,253220208020,20201110,3,138
1939,2,A,0,203220208020,20201110,3,139
1940,5,C,0,508020208020,20201110,3,140
1941,6,C,0,508020206420,20201110,3,141
1942,5,C,1,508020206416,20201110,3,142
1943,6,C,0,508020205116,20201110,3,143
1944,5,C,1,508020205112,20201110,3,144
1945,3,B,0,508020208020,20201110,3,145
1946,4,B,1,508016208020,20201110,3,146
1947,3,B,0,508016168020,20201110,3,147
1948,4,B,1,508012168020,20201110,3,148
1949,3,B,0,508012128020,20201110,3,149
1950,4,B,0,508010128020,20201110,3,150
1951,2,A,1,508020208020,20201110,3,151
1952,1,A,1,506420208020,20201110,3,152
1953,2,A,1,406420208020,20201110,3,153
1954,1,A,0,405120208020,20201110,3,154
1955,2,A,1,325120208020,20201110,3,155
1956,1,A,0,324020208020,20201110,3,156
1957,2,A,1,254020208020,20201110,3,157
1958,1,A,0,253220208020,20201110,3,158
1959,2,A,0,203220208020,20201110,3,159
1960,1,A,1,202620208020,20201110,3,160
1961,2,A,0,162620208020,20201110,3,161
1962,1,A,1,162020208020,20201110,3,162
1963,2,A,0,132020208020,20201110,3,163
1964,1,A,0,131620208020,20201110,3,164
1965,2,A,0,101620208020,20201110,3,165
1966,5,C,1,508020208020,20201110,3,166
1967,6,C,0,508020206420,20201110,3,167
1968,5,C,1,508020206416,20201110,3,168
1969,6,C,0,508020205116,20201110,3,169
1970,5,C,1,508020205112,20201110,3,170
1971,2,A,1,508020208020,20201110,3,171
1972,1,A,1,506420208020,20201110,3,172
1973,2,A,1,406420208020,20201110,3,173
1974,1,A,0,405120208020,20201110,3,174
1975,2,A,0,325120208020,20201110,3,175
1976,1,A,1,324020208020,20201110,3,176
1977,2,A,0,254020208020,20201110,3,177
1978,1,A,0,253220208020,20201110,3,178
1979,2,A,0,203220208020,20201110,3,179
1980,4,B,1,508020208020,20201110,3,180
1981,3,B,0,508020168020,20201110,3,181
1982,4,B,0,508016168020,20201110,3,182
1983,2,A,1,508020208020,20201110,3,183
1984,1,A,1,506420208020,20201110,3,184
1985,2,A,1,406420208020,20201110,3,185
1986,1,A,0,405120208020,20201110,3,186
1987,2,A,0,325120208020,20201110,3,187
1988,1,A,0,324020208020,20201110,3,188
1989,2,A,1,254020208020,20201110,3,189
1990,1,A,0,253220208020,20201110,3,190
1991,2,A,1,203220208020,20201110,3,191
1992,1,A,0,202620208020,20201110,3,192
1993,2,A,0,162620208020,20201110,3,193
1994,1,A,0,162020208020,20201110,3,194
1995,2,A,0,132020208020,20201110,3,195
1996,4,B,0,508020208020,20201110,3,196
1997,3,B,0,508020168020,20201110,3,197
1998,4,B,1,508016168020,20201110,3,198
1999,2,A,1,508020208020,20201110,3,199
2000,1,A,0,506420208020,20201110,3,200
2001,2,A,0,406420208020,20201110,3,201
2002,1,A,0,405120208020,20201110,3,202
2003,2,A,0,325120208020,20201110,3,203
2004,5,C,1,508020208020,20201110,3,204
2005,6,C,0,508020206420,20201110,3,205
2006,5,C,0,508020206416,20201110,3,206
2007,2,A,1,508020208020,20201110,3,207
2008,1,A,1,506420208020,20201110,3,208
2009,2,A,0,406420208020,20201110,3,209
2010,1,A,0,405120208020,20201110,3,210
2011,2,A,1,325120208020,20201110,3,211
2012,1,A,0,324020208020,20201110,3,212
2013,2,A,0,254020208020,20201110,3,213
2014,6,C,0,508020208020,20201110,3,214
2015,5,C,1,508020208016,20201110,3,215
2016,2,A,1,508020208020,20201110,3,216
2017,1,A,1,506420208020,20201110,3,217
2018,2,A,0,406420208020,20201110,3,218
2019,1,A,0,405120208020,20201110,3,219
2020,2,A,0,325120208020,20201110,3,220
2021,1,A,0,324020208020,20201110,3,221
2022,2,A,0,254020208020,20201110,3,222
2023,4,B,1,508020208020,20201110,3,223
2024,3,B,0,508020168020,20201110,3,224
2025,4,B,0,508016168020,20201110,3,225
2026,2,A,1,508020208020,20201110,3,226
2027,1,A,0,506420208020,20201110,3,227
2028,2,A,1,406420208020,20201110,3,228
2029,1,A,1,405120208020,20201110,3,229
2030,2,A,0,325120208020,20201110,3,230
2031,1,A,0,324020208020,20201110,3,231
2032,2,A,1,254020208020,20201110,3,232
2033,1,A,1,253220208020,20201110,3,233
2034,2,A,1,203220208020,20201110,3,234
2035,1,A,0,202620208020,20201110,3,235
2036,2,A,0,162620208020,20201110,3,236
2037,1,A,0,162020208020,20201110,3,237
2038,2,A,0,132020208020,20201110,3,238
2039,5,C,0,508020208020,20201110,3,239
2040,6,C,1,508020206420,20201110,3,240
2041,5,C,1,508020206416,20201110,3,241
2042,6,C,0,508020205116,20201110,3,242
2043,5,C,0,508020205112,20201110,3,243
2044,2,A,1,508020208020,20201110,3,244
2045,1,A,0,506420208020,20201110,3,245
2046,2,A,1,406420208020,20201110,3,246
2047,1,A,1,405120208020,20201110,3,247
2048,2,A,1,325120208020,20201110,3,248
2049,1,A,1,324020208020,20201110,3,249
2050,2,A,0,254020208020,20201110,3,250
2051,1,A,0,253220208020,20201110,3,251
2052,2,A,1,203220208020,20201110,3,252
2053,1,A,0,202620208020,20201110,3,253
2054,2,A,0,162620208020,20201110,3,254
2055,1,A,0,162020208020,20201110,3,255
2056,2,A,1,132020208020,20201110,3,256
2057,4,B,0,508020208020,20201110,3,257
2058,3,B,0,508020168020,20201110,3,258
2059,4,B,0,508016168020,20201110,3,259
2060,2,A,1,508020208020,20201110,3,260
2061,1,A,0,506420208020,20201110,3,261
2062,2,A,0,406420208020,20201110,3,262
2063,1,A,0,405120208020,20201110,3,263
2064,2,A,1,325120208020,20201110,3,264
2065,1,A,0,324020208020,20201110,3,265
2066,2,A,0,254020208020,20201110,3,266
2067,5,C,1,508020208020,20201110,3,267
2068,6,C,0,508020206420,20201110,3,268
2069,5,C,0,508020206416,20201110,3,269
2070,2,A,1,508020208020,20201110,3,270
2071,1,A,1,506420208020,20201110,3,271
2072,2,A,1,406420208020,20201110,3,272
2073,1,A,0,405120208020,20201110,3,273
2074,2,A,0,325120208020,20201110,3,274
2075,1,A,0,324020208020,20201110,3,275
2076,2,A,0,254020208020,20201110,3,276
2077,4,B,1,508020208020,20201110,3,277
2078,3,B,0,508020168020,20201110,3,278
2079,2,A,1,508020208020,20201110,3,279
2080,1,A,1,506420208020,20201110,3,280
2081,2,A,1,406420208020,20201110,3,281
2082,1,A,0,405120208020,20201110,3,282
2083,2,A,1,325120208020,20201110,3,283
2084,1,A,1,324020208020,20201110,3,284
2085,2,A,1,254020208020,20201110,3,285
2086,1,A,0,253220208020,20201110,3,286
2087,2,A,0,203220208020,20201110,3,287
2088,1,A,0,202620208020,20201110,3,288
2089,2,A,0,162620208020,20201110,3,289
2090,4,B,0,508020208020,20201110,3,290
2091,3,B,0,508020168020,20201110,3,291
2092,4,B,0,508016168020,20201110,3,292
2093,2,A,1,508020208020,20201110,3,293
2094,1,A,1,506420208020,20201110,3,294
2095,2,A,1,406420208020,20201110,3,295
2096,1,A,0,405120208020,20201110,3,296
2097,2,A,0,325120208020,20201110,3,297
2098,1,A,0,324020208020,20201110,3,298
2099,2,A,1,254020208020,20201110,3,299
2100,4,B,0,502080208050,20201110,4,0
2101,3,B,1,502080168050,20201110,4,1
2102,4,B,0,502064168050,20201110,4,2
2103,3,B,0,502064128050,20201110,4,3
2104,2,A,0,502080208050,20201110,4,4
2105,1,A,1,501680208050,20201110,4,5
2106,2,A,0,401680208050,20201110,4,6
2107,1,A,0,401280208050,20201110,4,7
2108,6,C,0,502080208050,20201110,4,8
2109,5,C,0,502080208040,20201110,4,9
2110,6,C,1,502080206440,20201110,4,10
2111,5,C,1,502080206432,20201110,4,11
2112,2,A,0,502080208050,20201110,4,12
2113,1,A,1,501680208050,20201110,4,13
2114,2,A,0,401680208050,20201110,4,14
2115,1,A,1,401280208050,20201110,4,15
2116,4,B,1,502080208050,20201110,4,16
2117,3,B,1,502080168050,20201110,4,17
2118,4,B,0,502064168050,20201110,4,18
2119,3,B,1,502064128050,20201110,4,19
2120,4,B,0,502051128050,20201110,4,20
2121,2,A,0,502080208050,20201110,4,21
2122,1,A,1,501680208050,20201110,4,22
2123,2,A,0,401680208050,20201110,4,23
2124,1,A,0,401280208050,20201110,4,24
2125,4,B,0,502080208050,20201110,4,25
2126,3,B,0,502080168050,20201110,4,26
2127,4,B,1,502064168050,20201110,4,27
2128,2,A,0,502080208050,20201110,4,28
2129,1,A,0,501680208050,20201110,4,29
2130,2,A,0,401680208050,20201110,4,30
2131,6,C,1,502080208050,20201110,4,31
2132,5,C,1,502080208040,20201110,4,32
2133,6,C,0,502080206440,20201110,4,33
2134,5,C,1,502080206432,20201110,4,34
2135,2,A,0,502080208050,20201110,4,35
2136,1,A,1,501680208050,20201110,4,36
2137,2,A,0,401680208050,20201110,4,37
2138,1,A,0,401280208050,20201110,4,38
2139,4,B,0,502080208050,20201110,4,39
2140,3,B,1,502080168050,20201110,4,40
2141,4,B,0,502064168050,20201110,4,41
2142,3,B,1,502064128050,20201110,4,42
2143,2,A,0,502080208050,20201110,4,43
2144,1,A,0,501680208050,20201110,4,44
2145,2,A,0,401680208050,20201110,4,45
2146,5,C,1,502080208050,20201110,4,46
2147,6,C,0,502080206450,20201110,4,47
2148,5,C,0,502080206440,20201110,4,48
2149,6,C,0,502080205140,20201110,4,49
2150,5,C,1,502080205132,20201110,4,50
2151,2,A,0,502080208050,20201110,4,51
2152,1,A,0,501680208050,20201110,4,52
2153,2,A,0,401680208050,20201110,4,53
2154,5,C,1,502080208050,20201110,4,54
2155,6,C,1,502080206450,20201110,4,55
2156,5,C,0,502080206440,20201110,4,56
2157,6,C,1,502080205140,20201110,4,57
2158,5,C,1,502080205132,20201110,4,58
2159,6,C,0,502080204032,20201110,4,59
2160,5,C,1,502080204025,20201110,4,60
2161,2,A,0,502080208050,20201110,4,61
2162,1,A,0,501680208050,20201110,4,62
2163,2,A,0,401680208050,20201110,4,63
2164,1,A,0,401280208050,20201110,4,64
2165,4,B,0,502080208050,20201110,4,65
2166,3,B,0,502080168050,20201110,4,66
2167,4,B,0,502064168050,20201110,4,67
2168,2,A,0,502080208050,20201110,4,68
2169,1,A,1,501680208050,20201110,4,69
2170,5,C,1,502080208050,20201110,4,70
2171,6,C,0,502080206450,20201110,4,71
2172,5,C,0,502080206440,20201110,4,72
2173,2,A,0,502080208050,20201110,4,73
2174,1,A,1,501680208050,20201110,4,74
2175,5,C,1,502080208050,20201110,4,75
2176,6,C,1,502080206450,20201110,4,76
2177,5,C,0,502080206440,20201110,4,77
2178,6,C,1,502080205140,20201110,4,78
2179,5,C,1,502080205132,20201110,4,79
2180,6,C,0,502080204032,20201110,4,80
2181,5,C,0,502080204025,20201110,4,81
2182,2,A,0,502080208050,20201110,4,82
2183,1,A,0,501680208050,20201110,4,83
2184,2,A,0,401680208050,20201110,4,84
2185,4,B,0,502080208050,20201110,4,85
2186,3,B,1,502080168050,20201110,4,86
2187,4,B,0,502064168050,20201110,4,87
2188,3,B,1,502064128050,20201110,4,88
2189,2,A,0,502080208050,20201110,4,89
2190,1,A,1,501680208050,20201110,4,90
2191,2,A,0,401680208050,20201110,4,91
2192,1,A,0,401280208050,20201110,4,92
2193,5,C,1,502080208050,20201110,4,93
2194,6,C,0,502080206450,20201110,4,94
2195,5,C,1,502080206440,20201110,4,95
2196,6,C,0,502080205140,20201110,4,96
2197,5,C,0,502080205132,20201110,4,97
2198,2,A,0,502080208050,20201110,4,98
2199,1,A,0,501680208050,20201110,4,99
2200,5,C,0,502080208050,20201110,4,100
2201,6,C,0,502080206450,20201110,4,101
2202,5,C,1,502080206440,20201110,4,102
2203,3,B,1,502080208050,20201110,4,103
2204,4,B,0,502064208050,20201110,4,104
2205,3,B,1,502064168050,20201110,4,105
2206,4,B,0,502051168050,20201110,4,106
2207,3,B,0,502051128050,20201110,4,107
2208,2,A,0,502080208050,20201110,4,108
2209,1,A,0,501680208050,20201110,4,109
2210,5,C,1,502080208050,20201110,4,110
2211,6,C,0,502080206450,20201110,4,111
2212,5,C,1,502080206440,20201110,4,112
2213,6,C,0,502080205140,20201110,4,113
2214,5,C,1,502080205132,20201110,4,114
2215,2,A,1,502080208050,20201110,4,115
2216,1,A,0,501680208050,20201110,4,116
2217,2,A,0,401680208050,20201110,4,117
2218,1,A,1,401280208050,20201110,4,118
2219,2,A,0,321280208050,20201110,4,119
2220,1,A,1,321080208050,20201110,4,120
2221,2,A,0,251080208050,20201110,4,121
2222,1,A,0,250880208050,20201110,4,122
2223,4,B,0,502080208050,20201110,4,123
2224,3,B,1,502080168050,20201110,4,124
2225,4,B,0,502064168050,20201110,4,125
2226,3,B,1,502064128050,20201110,4,126
2227,2,A,0,502080208050,20201110,4,127
2228,1,A,1,501680208050,20201110,4,128
2229,2,A,0,401680208050,20201110,4,129
2230,1,A,1,401280208050,20201110,4,130
2231,6,C,0,502080208050,20201110,4,131
2232,5,C,1,502080208040,20201110,4,132
2233,6,C,0,502080206440,20201110,4,133
2234,5,C,1,502080206432,20201110,4,134
2235,6,C,0,502080205132,20201110,4,135
2236,5,C,1,502080205125,20201110,4,136
2237,6,C,1,502080204025,20201110,4,137
2238,5,C,1,502080204020,20201110,4,138
2239,6,C,0,502080203220,20201110,4,139
2240,5,C,0,502080203216,20201110,4,140
2241,6,C,0,502080202616,20201110,4,141
2242,5,C,0,502080202613,20201110,4,142
2243,3,B,1,502080208050,20201110,4,143
2244,4,B,0,502064208050,20201110,4,144
2245,3,B,0,502064168050,20201110,4,145
2246,2,A,0,502080208050,20201110,4,146
2247,1,A,0,501680208050,20201110,4,147
2248,2,A,0,401680208050,20201110,4,148
2249,1,A,1,401280208050,20201110,4,149
2250,5,C,1,502080208050,20201110,4,150
2251,6,C,1,502080206450,20201110,4,151
2252,5,C,1,502080206440,20201110,4,152
2253,6,C,0,502080205140,20201110,4,153
2254,5,C,0,502080205132,20201110,4,154
2255,6,C,1,502080204032,20201110,4,155
2256,5,C,1,502080204025,20201110,4,156
2257,6,C,1,502080203225,20201110,4,157
2258,5,C,1,502080203220,20201110,4,158
2259,6,C,0,502080202620,20201110,4,159
2260,5,C,0,502080202616,20201110,4,160
2261,3,B,1,502080208050,20201110,4,161
2262,4,B,0,502064208050,20201110,4,162
2263,3,B,1,502064168050,20201110,4,163
2264,4,B,1,502051168050,20201110,4,164
2265,3,B,0,502051128050,20201110,4,165
2266,2,A,0,502080208050,20201110,4,166
2267,1,A,0,501680208050,20201110,4,167
2268,2,A,0,401680208050,20201110,4,168
2269,5,C,1,502080208050,20201110,4,169
2270,6,C,1,502080206450,20201110,4,170
2271,5,C,1,502080206440,20201110,4,171
2272,6,C,1,502080205140,20201110,4,172
2273,5,C,0,502080205132,20201110,4,173
2274,6,C,1,502080204032,20201110,4,174
2275,5,C,1,502080204025,20201110,4,175
2276,6,C,0,502080203225,20201110,4,176
2277,5,C,1,502080203220,20201110,4,177
2278,6,C,0,502080202620,20201110,4,178
2279,5,C,0,502080202616,20201110,4,179
2280,3,B,1,502080208050,20201110,4,180
2281,4,B,0,502064208050,20201110,4,181
2282,3,B,1,502064168050,20201110,4,182
2283,2,A,0,502080208050,20201110,4,183
2284,1,A,1,501680208050,20201110,4,184
2285,2,A,0,401680208050,20201110,4,185
2286,1,A,0,401280208050,20201110,4,186
2287,5,C,0,502080208050,20201110,4,187
2288,6,C,0,502080206450,20201110,4,188
2289,5,C,1,502080206440,20201110,4,189
2290,6,C,0,502080205140,20201110,4,190
2291,5,C,0,502080205132,20201110,4,191
2292,3,B,1,502080208050,20201110,4,192
2293,4,B,0,502064208050,20201110,4,193
2294,3,B,0,502064168050,20201110,4,194
2295,2,A,0,502080208050,20201110,4,195
2296,1,A,1,501680208050,20201110,4,196
2297,2,A,0,401680208050,20201110,4,197
2298,1,A,0,401280208050,20201110,4,198
2299,5,C,0,502080208050,20201110,4,199
2300,6,C,1,502080206450,20201110,4,200
2301,5,C,0,502080206440,20201110,4,201
2302,6,C,0,502080205140,20201110,4,202
2303,5,C,1,502080205132,20201110,4,203
2304,6,C,1,502080204032,20201110,4,204
2305,5,C,0,502080204025,20201110,4,205
2306,6,C,0,502080203225,20201110,4,206
2307,5,C,0,502080203220,20201110,4,207
2308,3,B,1,502080208050,20201110,4,208
2309,4,B,0,502064208050,20201110,4,209
2310,3,B,1,502064168050,20201110,4,210
2311,4,B,1,502051168050,20201110,4,211
2312,3,B,0,502051128050,20201110,4,212
2313,4,B,0,502040128050,20201110,4,213
2314,3,B,1,502040108050,20201110,4,214
2315,2,A,0,502080208050,20201110,4,215
2316,1,A,1,501680208050,20201110,4,216
2317,2,A,1,401680208050,20201110,4,217
2318,1,A,1,401280208050,20201110,4,218
2319,2,A,0,321280208050,20201110,4,219
2320,1,A,1,321080208050,20201110,4,220
2321,2,A,0,251080208050,20201110,4,221
2322,1,A,1,250880208050,20201110,4,222
2323,2,A,0,200880208050,20201110,4,223
2324,1,A,0,200680208050,20201110,4,224
2325,5,C,0,502080208050,20201110,4,225
2326,6,C,1,502080206450,20201110,4,226
2327,5,C,0,502080206440,20201110,4,227
2328,6,C,0,502080205140,20201110,4,228
2329,5,C,1,502080205132,20201110,4,229
2330,6,C,0,502080204032,20201110,4,230
2331,5,C,1,502080204025,20201110,4,231
2332,3,B,1,502080208050,20201110,4,232
2333,4,B,0,502064208050,20201110,4,233
2334,3,B,1,502064168050,20201110,4,234
2335,2,A,1,502080208050,20201110,4,235
2336,1,A,0,501680208050,20201110,4,236
2337,2,A,0,401680208050,20201110,4,237
2338,1,A,1,401280208050,20201110,4,238
2339,2,A,1,321280208050,20201110,4,239
2340,1,A,0,321080208050,20201110,4,240
2341,2,A,0,251080208050,20201110,4,241
2342,1,A,0,250880208050,20201110,4,242
2343,2,A,0,200880208050,20201110,4,243
2344,3,B,0,502080208050,20201110,4,244
2345,4,B,0,502064208050,20201110,4,245
2346,3,B,0,502064168050,20201110,4,246
2347,2,A,0,502080208050,20201110,4,247
2348,1,A,0,501680208050,20201110,4,248
2349,2,A,0,401680208050,20201110,4,249
2350,5,C,1,502080208050,20201110,4,250
2351,6,C,1,502080206450,20201110,4,251
2352,5,C,0,502080206440,20201110,4,252
2353,6,C,0,502080205140,20201110,4,253
2354,5,C,0,502080205132,20201110,4,254
2355,2,A,0,502080208050,20201110,4,255
2356,1,A,0,501680208050,20201110,4,256
2357,5,C,1,502080208050,20201110,4,257
2358,6,C,1,502080206450,20201110,4,258
2359,5,C,1,502080206440,20201110,4,259
2360,6,C,0,502080205140,20201110,4,260
2361,5,C,0,502080205132,20201110,4,261
2362,3,B,0,502080208050,20201110,4,262
2363,4,B,0,502064208050,20201110,4,263
2364,3,B,1,502064168050,20201110,4,264
2365,2,A,0,502080208050,20201110,4,265
2366,1,A,0,501680208050,20201110,4,266
2367,2,A,0,401680208050,20201110,4,267
2368,1,A,1,401280208050,20201110,4,268
2369,2,A,0,321280208050,20201110,4,269
2370,1,A,0,321080208050,20201110,4,270
2371,2,A,0,251080208050,20201110,4,271
2372,1,A,1,250880208050,20201110,4,272
2373,5,C,1,502080208050,20201110,4,273
2374,6,C,0,502080206450,20201110,4,274
2375,5,C,1,502080206440,20201110,4,275
2376,6,C,0,502080205140,20201110,4,276
2377,5,C,1,502080205132,20201110,4,277
2378,6,C,0,502080204032,20201110,4,278
2379,5,C,0,502080204025,20201110,4,279
2380,6,C,1,502080203225,20201110,4,280
2381,5,C,0,502080203220,20201110,4,281
2382,6,C,0,502080202620,20201110,4,282
2383,5,C,0,502080202616,20201110,4,283
2384,3,B,1,502080208050,20201110,4,284
2385,4,B,1,502064208050,20201110,4,285
2386,3,B,1,502064168050,20201110,4,286
2387,4,B,0,502051168050,20201110,4,287
2388,3,B,0,502051128050,20201110,4,288
2389,2,A,1,502080208050,20201110,4,289
2390,1,A,0,501680208050,20201110,4,290
2391,2,A,0,401680208050,20201110,4,291
2392,1,A,1,401280208050,20201110,4,292
2393,2,A,0,321280208050,20201110,4,293
2394,1,A,0,321080208050,20201110,4,294
2395,5,C,1,502080208050,20201110,4,295
2396,6,C,0,502080206450,20201110,4,296
2397,5,C,1,502080206440,20201110,4,297
2398,6,C,1,502080205140,20201110,4,298
2399,5,C,1,502080205132,20201110,4,299
2400,4,B,0,805020502080,20201110,5,0
2401,3,B,0,805020402080,20201110,5,1
2402,2,A,1,805020502080,20201110,5,2
2403,1,A,1,804020502080,20201110,5,3
2404,2,A,1,644020502080,20201110,5,4
2405,1,A,0,643220502080,20201110,5,5
2406,5,C,0,805020502080,20201110,5,6
2407,6,C,0,805020501680,20201110,5,7
2408,5,C,0,805020501664,20201110,5,8
2409,3,B,0,805020502080,20201110,5,9
2410,4,B,0,805016502080,20201110,5,10
2411,2,A,1,805020502080,20201110,5,11
2412,1,A,1,804020502080,20201110,5,12
2413,4,B,1,805020502080,20201110,5,13
2414,3,B,0,805020402080,20201110,5,14
2415,4,B,0,805016402080,20201110,5,15
2416,3,B,0,805016322080,20201110,5,16
2417,6,C,1,805020502080,20201110,5,17
2418,5,C,0,805020502064,20201110,5,18
2419,6,C,1,805020501664,20201110,5,19
2420,5,C,0,805020501651,20201110,5,20
2421,3,B,0,805020502080,20201110,5,21
2422,4,B,1,805016502080,20201110,5,22
2423,2,A,0,805020502080,20201110,5,23
2424,1,A,0,804020502080,20201110,5,24
2425,2,A,0,644020502080,20201110,5,25
2426,4,B,0,805020502080,20201110,5,26
2427,3,B,0,805020402080,20201110,5,27
2428,4,B,1,805016402080,20201110,5,28
2429,3,B,1,805016322080,20201110,5,29
2430,4,B,0,805012322080,20201110,5,30
2431,3,B,1,805012252080,20201110,5,31
2432,2,A,0,805020502080,20201110,5,32
2433,1,A,0,804020502080,20201110,5,33
2434,2,A,1,644020502080,20201110,5,34
2435,1,A,1,643220502080,20201110,5,35
2436,2,A,0,513220502080,20201110,5,36
2437,1,A,0,512520502080,20201110,5,37
2438,2,A,0,402520502080,20201110,5,38
2439,5,C,0,805020502080,20201110,5,39
2440,6,C,0,805020501680,20201110,5,40
2441,3,B,0,805020502080,20201110,5,41
2442,4,B,0,805016502080,20201110,5,42
2443,3,B,1,805016402080,20201110,5,43
2444,2,A,1,805020502080,20201110,5,44
2445,1,A,1,804020502080,20201110,5,45
2446,2,A,0,644020502080,20201110,5,46
2447,1,A,1,643220502080,20201110,5,47
2448,2,A,0,513220502080,20201110,5,48
2449,1,A,0,512520502080,20201110,5,49
2450,4,B,1,805020502080,20201110,5,50
2451,3,B,0,805020402080,20201110,5,51
2452,4,B,0,805016402080,20201110,5,52
2453,2,A,1,805020502080,20201110,5,53
2454,1,A,0,804020502080,20201110,5,54
2455,2,A,0,644020502080,20201110,5,55
2456,5,C,0,805020502080,20201110,5,56
2457,6,C,0,805020501680,20201110,5,57
2458,5,C,0,805020501664,20201110,5,58
2459,3,B,0,805020502080,20201110,5,59
2460,4,B,1,805016502080,20201110,5,60
2461,3,B,0,805016402080,20201110,5,61
2462,4,B,0,805012402080,20201110,5,62
2463,3,B,1,805012322080,20201110,5,63
2464,4,B,0,805010322080,20201110,5,64
2465,3,B,0,805010252080,20201110,5,65
2466,4,B,0,805008252080,20201110,5,66
2467,3,B,0,805008202080,20201110,5,67
2468,2,A,1,805020502080,20201110,5,68
2469,1,A,0,804020502080,20201110,5,69
2470,2,A,0,644020502080,20201110,5,70
2471,1,A,0,643220502080,20201110,5,71
2472,2,A,0,513220502080,20201110,5,72
2473,5,C,0,805020502080,20201110,5,73
2474,6,C,1,805020501680,20201110,5,74
2475,5,C,1,805020501664,20201110,5,75
2476,6,C,1,805020501264,20201110,5,76
2477,5,C,0,805020501251,20201110,5,77
2478,6,C,0,805020501051,20201110,5,78
2479,5,C,0,805020501040,20201110,5,79
2480,3,B,0,805020502080,20201110,5,80
2481,4,B,1,805016502080,20201110,5,81
2482,3,B,1,805016402080,20201110,5,82
2483,4,B,1,805012402080,20201110,5,83
2484,3,B,0,805012322080,20201110,5,84
2485,4,B,0,805010322080,20201110,5,85
2486,3,B,1,805010252080,20201110,5,86
2487,2,A,1,805020502080,20201110,5,87
2488,1,A,1,804020502080,20201110,5,88
2489,2,A,0,644020502080,20201110,5,89
2490,1,A,0,643220502080,20201110,5,90
2491,2,A,1,513220502080,20201110,5,91
2492,1,A,0,512520502080,20201110,5,92
2493,2,A,1,402520502080,20201110,5,93
2494,1,A,0,402020502080,20201110,5,94
2495,2,A,1,322020502080,20201110,5,95
2496,1,A,0,321620502080,20201110,5,96
2497,2,A,0,261620502080,20201110,5,97
2498,1,A,0,261320502080,20201110,5,98
2499,6,C,1,805020502080,20201110,5,99
2500,5,C,0,805020502064,20201110,5,100
2501,6,C,1,805020501664,20201110,5,101
2502,5,C,0,805020501651,20201110,5,102
2503,6,C,1,805020501251,20201110,5,103
2504,5,C,0,805020501240,20201110,5,104
2505,6,C,1,805020501040,20201110,5,105
2506,5,C,0,805020501032,20201110,5,106
2507,6,C,1,805020500832,20201110,5,107
2508,5,C,0,805020500826,20201110,5,108
2509,6,C,0,805020500626,20201110,5,109
2510,5,C,0,805020500620,20201110,5,110
2511,6,C,1,805020500520,20201110,5,111
2512,5,C,0,805020500516,20201110,5,112
2513,6,C,0,805020500416,20201110,5,113
2514,5,C,0,805020500413,20201110,5,114
2515,6,C,0,805020500313,20201110,5,115
2516,3,B,0,805020502080,20201110,5,116
2517,4,B,0,805016502080,20201110,5,117
2518,3,B,0,805016402080,20201110,5,118
2519,2,A,0,805020502080,20201110,5,119
2520,1,A,1,804020502080,20201110,5,120
2521,2,A,0,644020502080,20201110,5,121
2522,1,A,0,643220502080,20201110,5,122
2523,2,A,0,513220502080,20201110,5,123
2524,3,B,0,805020502080,20201110,5,124
2525,4,B,1,805016502080,20201110,5,125
2526,3,B,0,805016402080,20201110,5,126
2527,4,B,0,805012402080,20201110,5,127
2528,3,B,0,805012322080,20201110,5,128
2529,2,A,1,805020502080,20201110,5,129
2530,1,A,1,804020502080,20201110,5,130
2531,2,A,1,644020502080,20201110,5,131
2532,1,A,1,643220502080,20201110,5,132
2533,2,A,0,513220502080,20201110,5,133
2534,1,A,0,512520502080,20201110,5,134
2535,2,A,1,402520502080,20201110,5,135
2536,1,A,1,402020502080,20201110,5,136
2537,2,A,0,322020502080,20201110,5,137
2538,1,A,1,321620502080,20201110,5,138
2539,2,A,0,261620502080,20201110,5,139
2540,1,A,0,261320502080,20201110,5,140
2541,2,A,0,201320502080,20201110,5,141
2542,1,A,1,201020502080,20201110,5,142
2543,2,A,0,161020502080,20201110,5,143
2544,1,A,0,160820502080,20201110,5,144
2545,5,C,1,805020502080,20201110,5,145
2546,6,C,1,805020501680,20201110,5,146
2547,5,C,1,805020501664,20201110,5,147
2548,6,C,1,805020501264,20201110,5,148
2549,5,C,1,805020501251,20201110,5,149
2550,6,C,0,805020501051,20201110,5,150
2551,5,C,0,805020501040,20201110,5,151
2552,6,C,0,805020500840,20201110,5,152
2553,5,C,0,805020500832,20201110,5,153
2554,6,C,0,805020500632,20201110,5,154
2555,5,C,0,805020500626,20201110,5,155
2556,2,A,0,805020502080,20201110,5,156
2557,1,A,0,804020502080,20201110,5,157
2558,2,A,0,644020502080,20201110,5,158
2559,1,A,0,643220502080,20201110,5,159
2560,3,B,0,805020502080,20201110,5,160
2561,4,B,0,805016502080,20201110,5,161
2562,3,B,0,805016402080,20201110,5,162
2563,4,B,0,805012402080,20201110,5,163
2564,2,A,0,805020502080,20201110,5,164
2565,1,A,1,804020502080,20201110,5,165
2566,2,A,0,644020502080,20201110,5,166
2567,1,A,1,643220502080,20201110,5,167
2568,2,A,0,513220502080,20201110,5,168
2569,1,A,1,512520502080,20201110,5,169
2570,2,A,0,402520502080,20201110,5,170
2571,1,A,1,402020502080,20201110,5,171
2572,2,A,1,322020502080,20201110,5,172
2573,1,A,0,321620502080,20201110,5,173
2574,2,A,0,261620502080,20201110,5,174
2575,1,A,1,261320502080,20201110,5,175
2576,2,A,0,201320502080,20201110,5,176
2577,1,A,0,201020502080,20201110,5,177
2578,2,A,0,161020502080,20201110,5,178
2579,5,C,0,805020502080,20201110,5,179
2580,6,C,1,805020501680,20201110,5,180
2581,5,C,0,805020501664,20201110,5,181
2582,6,C,1,805020501264,20201110,5,182
2583,5,C,0,805020501251,20201110,5,183
2584,6,C,1,805020501051,20201110,5,184
2585,5,C,0,805020501040,20201110,5,185
2586,6,C,0,805020500840,20201110,5,186
2587,5,C,0,805020500832,20201110,5,187
2588,6,C,1,805020500632,20201110,5,188
2589,5,C,0,805020500626,20201110,5,189
2590,6,C,0,805020500526,20201110,5,190
2591,5,C,0,805020500520,20201110,5,191
2592,6,C,0,805020500420,20201110,5,192
2593,5,C,0,805020500416,20201110,5,193
2594,2,A,1,805020502080,20201110,5,194
2595,1,A,1,804020502080,20201110,5,195
2596,2,A,0,644020502080,20201110,5,196
2597,1,A,0,643220502080,20201110,5,197
2598,2,A,0,513220502080,20201110,5,198
2599,1,A,1,512520502080,20201110,5,199
2600,2,A,1,402520502080,20201110,5,200
2601,1,A,0,402020502080,20201110,5,201
2602,2,A,0,322020502080,20201110,5,202
2603,1,A,1,321620502080,20201110,5,203
2604,2,A,0,261620502080,20201110,5,204
2605,1,A,0,261320502080,20201110,5,205
2606,5,C,0,805020502080,20201110,5,206
2607,6,C,1,805020501680,20201110,5,207
2608,5,C,1,805020501664,20201110,5,208
2609,6,C,0,805020501264,20201110,5,209
2610,5,C,0,805020501251,20201110,5,210
2611,6,C,1,805020501051,20201110,5,211
2612,5,C,0,805020501040,20201110,5,212
2613,6,C,1,805020500840,20201110,5,213
2614,5,C,0,805020500832,20201110,5,214
2615,6,C,0,805020500632,20201110,5,215
2616,2,A,0,805020502080,20201110,5,216
2617,1,A,1,804020502080,20201110,5,217
2618,2,A,1,644020502080,20201110,5,218
2619,1,A,0,643220502080,20201110,5,219
2620,2,A,0,513220502080,20201110,5,220
2621,1,A,0,512520502080,20201110,5,221
2622,3,B,0,805020502080,20201110,5,222
2623,4,B,1,805016502080,20201110,5,223
2624,3,B,1,805016402080,20201110,5,224
2625,4,B,0,805012402080,20201110,5,225
2626,3,B,0,805012322080,20201110,5,226
2627,4,B,0,805010322080,20201110,5,227
2628,3,B,0,805010252080,20201110,5,228
2629,2,A,1,805020502080,20201110,5,229
2630,1,A,1,804020502080,20201110,5,230
2631,2,A,0,644020502080,20201110,5,231
2632,1,A,1,643220502080,20201110,5,232
2633,2,A,0,513220502080,20201110,5,233
2634,1,A,1,512520502080,20201110,5,234
2635,2,A,0,402520502080,20201110,5,235
2636,1,A,1,402020502080,20201110,5,236
2637,2,A,0,322020502080,20201110,5,237
2638,1,A,0,321620502080,20201110,5,238
2639,2,A,1,261620502080,20201110,5,239
2640,1,A,1,261320502080,20201110,5,240
2641,2,A,0,201320502080,20201110,5,241
2642,1,A,0,201020502080,20201110,5,242
2643,2,A,0,161020502080,20201110,5,243
2644,1,A,0,160820502080,20201110,5,244
2645,2,A,0,130820502080,20201110,5,245
2646,1,A,0,130620502080,20201110,5,246
2647,3,B,0,805020502080,20201110,5,247
2648,4,B,0,805016502080,20201110,5,248
2649,3,B,0,805016402080,20201110,5,249
2650,4,B,1,805012402080,20201110,5,250
2651,2,A,0,805020502080,20201110,5,251
2652,1,A,0,804020502080,20201110,5,252
2653,2,A,1,644020502080,20201110,5,253
2654,1,A,0,643220502080,20201110,5,254
2655,2,A,0,513220502080,20201110,5,255
2656,1,A,0,512520502080,20201110,5,256
2657,5,C,0,805020502080,20201110,5,257
2658,6,C,1,805020501680,20201110,5,258
2659,5,C,0,805020501664,20201110,5,259
2660,6,C,1,805020501264,20201110,5,260
2661,5,C,0,805020501251,20201110,5,261
2662,6,C,0,805020501051,20201110,5,262
2663,5,C,0,805020501040,20201110,5,263
2664,6,C,1,805020500840,20201110,5,264
2665,5,C,0,805020500832,20201110,5,265
2666,6,C,1,805020500632,20201110,5,266
2667,5,C,0,805020500626,20201110,5,267
2668,6,C,0,805020500526,20201110,5,268
2669,2,A,1,805020502080,20201110,5,269
2670,1,A,0,804020502080,20201110,5,270
2671,2,A,1,644020502080,20201110,5,271
2672,1,A,1,643220502080,20201110,5,272
2673,2,A,0,513220502080,20201110,5,273
2674,1,A,1,512520502080,20201110,5,274
2675,2,A,0,402520502080,20201110,5,275
2676,1,A,0,402020502080,20201110,5,276
2677,2,A,1,322020502080,20201110,5,277
2678,1,A,0,321620502080,20201110,5,278
2679,2,A,0,261620502080,20201110,5,279
2680,1,A,0,261320502080,20201110,5,280
2681,3,B,0,805020502080,20201110,5,281
2682,4,B,0,805016502080,20201110,5,282
2683,3,B,1,805016402080,20201110,5,283
2684,4,B,0,502020202080,20201111,1,0
2685,3,B,0,502020162080,20201111,1,1
2686,4,B,0,502016162080,20201111,1,2
2687,2,A,0,502020202080,20201111,1,3
2688,1,A,1,501620202080,20201111,1,4
2689,2,A,0,401620202080,20201111,1,5
2690,5,C,0,502020202080,20201111,1,6
2691,6,C,1,502020201680,20201111,1,7
2692,5,C,1,502020201664,20201111,1,8
2693,6,C,1,502020201264,20201111,1,9
2694,4,B,0,502020202080,20201111,1,10
2695,3,B,0,502020162080,20201111,1,11
2696,4,B,0,502016162080,20201111,1,12
2697,3,B,0,502016122080,20201111,1,13
2698,4,B,0,502012122080,20201111,1,14
2699,3,B,0,502012102080,20201111,1,15
2700,2,A,1,502020202080,20201111,1,16
2701,1,A,0,501620202080,20201111,1,17
2702,2,A,0,401620202080,20201111,1,18
2703,5,C,1,502020202080,20201111,1,19
2704,6,C,1,502020201680,20201111,1,20
2705,5,C,0,502020201664,20201111,1,21
2706,3,B,0,502020202080,20201111,1,22
2707,4,B,1,502016202080,20201111,1,23
2708,2,A,0,502020202080,20201111,1,24
2709,1,A,1,501620202080,20201111,1,25
2710,2,A,0,401620202080,20201111,1,26
2711,5,C,0,502020202080,20201111,1,27
2712,6,C,1,502020201680,20201111,1,28
2713,5,C,0,502020201664,20201111,1,29
2714,3,B,1,502020202080,20201111,1,30
2715,4,B,0,502016202080,20201111,1,31
2716,3,B,1,502016162080,20201111,1,32
2717,4,B,0,502012162080,20201111,1,33
2718,3,B,0,502012122080,20201111,1,34
2719,4,B,1,502010122080,20201111,1,35
2720,3,B,0,502010102080,20201111,1,36
2721,4,B,0,502008102080,20201111,1,37
2722,2,A,0,502020202080,20201111,1,38
2723,1,A,0,501620202080,20201111,1,39
2724,5,C,0,502020202080,20201111,1,40
2725,6,C,1,502020201680,20201111,1,41
2726,5,C,0,502020201664,20201111,1,42
2727,6,C,0,502020201264,20201111,1,43
2728,5,C,0,502020201251,20201111,1,44
2729,3,B,0,502020202080,20201111,1,45
2730,4,B,0,502016202080,20201111,1,46
2731,3,B,0,502016162080,20201111,1,47
2732,2,A,0,502020202080,20201111,1,48
2733,1,A,0,501620202080,20201111,1,49
2734,2,A,0,401620202080,20201111,1,50
2735,3,B,0,502020202080,20201111,1,51
2736,4,B,0,502016202080,20201111,1,52
2737,3,B,0,502016162080,20201111,1,53
2738,6,C,1,502020202080,20201111,1,54
2739,5,C,1,502020202064,20201111,1,55
2740,6,C,0,502020201664,20201111,1,56
2741,5,C,0,502020201651,20201111,1,57
2742,6,C,0,502020201251,20201111,1,58
2743,4,B,1,502020202080,20201111,1,59
2744,3,B,0,502020162080,20201111,1,60
2745,4,B,0,502016162080,20201111,1,61
2746,2,A,0,502020202080,20201111,1,62
2747,1,A,1,501620202080,20201111,1,63
2748,2,A,0,401620202080,20201111,1,64
2749,1,A,0,401220202080,20201111,1,65
2750,5,C,0,502020202080,20201111,1,66
2751,6,C,1,502020201680,20201111,1,67
2752,5,C,0,502020201664,20201111,1,68
2753,6,C,1,502020201264,20201111,1,69
2754,5,C,1,502020201251,20201111,1,70
2755,6,C,0,502020201051,20201111,1,71
2756,5,C,0,502020201040,20201111,1,72
2757,6,C,0,502020200840,20201111,1,73
2758,5,C,0,502020200832,20201111,1,74
2759,4,B,0,502020202080,20201111,1,75
2760,3,B,0,502020162080,20201111,1,76
2761,4,B,1,502016162080,20201111,1,77
2762,3,B,0,502016122080,20201111,1,78
2763,4,B,0,502012122080,20201111,1,79
2764,2,A,1,502020202080,20201111,1,80
2765,1,A,1,501620202080,20201111,1,81
2766,2,A,0,401620202080,20201111,1,82
2767,1,A,1,401220202080,20201111,1,83
2768,2,A,0,321220202080,20201111,1,84
2769,1,A,0,321020202080,20201111,1,85
2770,6,C,1,502020202080,20201111,1,86
2771,5,C,0,502020202064,20201111,1,87
2772,6,C,1,502020201664,20201111,1,88
2773,5,C,0,502020201651,20201111,1,89
2774,6,C,0,502020201251,20201111,1,90
2775,5,C,0,502020201240,20201111,1,91
2776,6,C,0,502020201040,20201111,1,92
2777,4,B,0,502020202080,20201111,1,93
2778,3,B,0,502020162080,20201111,1,94
2779,4,B,0,502016162080,20201111,1,95
2780,2,A,1,502020202080,20201111,1,96
2781,1,A,1,501620202080,20201111,1,97
2782,2,A,1,401620202080,20201111,1,98
2783,1,A,0,401220202080,20201111,1,99
2784,2,A,0,321220202080,20201111,1,100
2785,1,A,0,321020202080,20201111,1,101
2786,5,C,0,502020202080,20201111,1,102
2787,6,C,1,502020201680,20201111,1,103
2788,5,C,0,502020201664,20201111,1,104
2789,6,C,1,502020201264,20201111,1,105
2790,5,C,1,502020201251,20201111,1,106
2791,6,C,0,502020201051,20201111,1,107
2792,5,C,1,502020201040,20201111,1,108
2793,6,C,0,502020200840,20201111,1,109
2794,5,C,0,502020200832,20201111,1,110
2795,3,B,0,502020202080,20201111,1,111
2796,4,B,1,502016202080,20201111,1,112
2797,3,B,0,502016162080,20201111,1,113
2798,4,B,1,502012162080,20201111,1,114
2799,3,B,0,502012122080,20201111,1,115
2800,4,B,0,502010122080,20201111,1,116
2801,2,A,0,502020202080,20201111,1,117
2802,1,A,0,501620202080,20201111,1,118
2803,2,A,0,401620202080,20201111,1,119
2804,6,C,1,502020202080,20201111,1,120
2805,5,C,0,502020202064,20201111,1,121
2806,6,C,0,502020201664,20201111,1,122
2807,5,C,0,502020201651,20201111,1,123
2808,6,C,0,502020201251,20201111,1,124
2809,4,B,0,502020202080,20201111,1,125
2810,3,B,0,502020162080,20201111,1,126
2811,4,B,1,502016162080,20201111,1,127
2812,3,B,0,502016122080,20201111,1,128
2813,4,B,0,502012122080,20201111,1,129
2814,2,A,0,502020202080,20201111,1,130
2815,1,A,0,501620202080,20201111,1,131
2816,2,A,1,401620202080,20201111,1,132
2817,1,A,0,401220202080,20201111,1,133
2818,2,A,0,321220202080,20201111,1,134
2819,6,C,0,502020202080,20201111,1,135
2820,5,C,1,502020202064,20201111,1,136
2821,6,C,1,502020201664,20201111,1,137
2822,5,C,1,502020201651,20201111,1,138
2823,6,C,1,502020201251,20201111,1,139
2824,5,C,0,502020201240,20201111,1,140
2825,6,C,1,502020201040,20201111,1,141
2826,5,C,0,502020201032,20201111,1,142
2827,6,C,0,502020200832,20201111,1,143
2828,5,C,0,502020200826,20201111,1,144
2829,6,C,0,502020200626,20201111,1,145
2830,4,B,0,502020202080,20201111,1,146
2831,3,B,0,502020162080,20201111,1,147
2832,4,B,1,502016162080,20201111,1,148
2833,3,B,0,502016122080,20201111,1,149
2834,4,B,1,502012122080,20201111,1,150
2835,3,B,0,502012102080,20201111,1,151
2836,4,B,0,502010102080,20201111,1,152
2837,2,A,0,502020202080,20201111,1,153
2838,1,A,1,501620202080,20201111,1,154
2839,2,A,0,401620202080,20201111,1,155
2840,1,A,1,401220202080,20201111,1,156
2841,2,A,0,321220202080,20201111,1,157
2842,1,A,0,321020202080,20201111,1,158
2843,5,C,1,502020202080,20201111,1,159
2844,6,C,1,502020201680,20201111,1,160
2845,5,C,0,502020201664,20201111,1,161
2846,6,C,1,502020201264,20201111,1,162
2847,5,C,0,502020201251,20201111,1,163
2848,6,C,0,502020201051,20201111,1,164
2849,5,C,0,502020201040,20201111,1,165
2850,6,C,0,502020200840,20201111,1,166
2851,4,B,0,502020202080,20201111,1,167
2852,3,B,0,502020162080,20201111,1,168
2853,4,B,0,502016162080,20201111,1,169
2854,2,A,0,502020202080,20201111,1,170
2855,1,A,0,501620202080,20201111,1,171
2856,2,A,0,401620202080,20201111,1,172
2857,5,C,0,502020202080,20201111,1,173
2858,6,C,1,502020201680,20201111,1,174
2859,5,C,0,502020201664,20201111,1,175
2860,6,C,1,502020201264,20201111,1,176
2861,5,C,0,502020201251,20201111,1,177
2862,6,C,1,502020201051,20201111,1,178
2863,5,C,0,502020201040,20201111,1,179
2864,6,C,0,502020200840,20201111,1,180
2865,4,B,0,502020202080,20201111,1,181
2866,3,B,0,502020162080,20201111,1,182
2867,4,B,0,502016162080,20201111,1,183
2868,2,A,0,502020202080,20201111,1,184
2869,1,A,0,501620202080,20201111,1,185
2870,6,C,1,502020202080,20201111,1,186
2871,5,C,1,502020202064,20201111,1,187
2872,6,C,0,502020201664,20201111,1,188
2873,5,C,0,502020201651,20201111,1,189
2874,6,C,1,502020201251,20201111,1,190
2875,5,C,0,502020201240,20201111,1,191
2876,6,C,0,502020201040,20201111,1,192
2877,3,B,1,502020202080,20201111,1,193
2878,4,B,0,502016202080,20201111,1,194
2879,2,A,0,502020202080,20201111,1,195
2880,1,A,1,501620202080,20201111,1,196
2881,2,A,0,401620202080,20201111,1,197
2882,6,C,1,502020202080,20201111,1,198
2883,5,C,0,502020202064,20201111,1,199
2884,6,C,1,502020201664,20201111,1,200
2885,5,C,0,502020201651,20201111,1,201
2886,6,C,0,502020201251,20201111,1,202
2887,5,C,1,502020201240,20201111,1,203
2888,6,C,1,502020201040,20201111,1,204
2889,5,C,1,502020201032,20201111,1,205
2890,6,C,0,502020200832,20201111,1,206
2891,5,C,0,502020200826,20201111,1,207
2892,6,C,0,502020200626,20201111,1,208
2893,4,B,1,502020202080,20201111,1,209
2894,3,B,0,502020162080,20201111,1,210
2895,4,B,0,502016162080,20201111,1,211
2896,3,B,0,502016122080,20201111,1,212
2897,4,B,0,502012122080,20201111,1,213
2898,6,C,1,502020202080,20201111,1,214
2899,5,C,1,502020202064,20201111,1,215
2900,6,C,0,502020201664,20201111,1,216
2901,5,C,0,502020201651,20201111,1,217
2902,6,C,1,502020201251,20201111,1,218
2903,5,C,0,502020201240,20201111,1,219
2904,6,C,1,502020201040,20201111,1,220
2905,5,C,0,502020201032,20201111,1,221
2906,6,C,1,502020200832,20201111,1,222
2907,5,C,0,502020200826,20201111,1,223
2908,6,C,0,502020200626,20201111,1,224
2909,3,B,0,502020202080,20201111,1,225
2910,4,B,0,502016202080,20201111,1,226
2911,3,B,0,502016162080,20201111,1,227
2912,2,A,0,502020202080,20201111,1,228
2913,1,A,1,501620202080,20201111,1,229
2914,2,A,1,401620202080,20201111,1,230
2915,1,A,0,401220202080,20201111,1,231
2916,2,A,0,321220202080,20201111,1,232
2917,6,C,1,502020202080,20201111,1,233
2918,5,C,0,502020202064,20201111,1,234
2919,6,C,0,502020201664,20201111,1,235
2920,5,C,0,502020201651,20201111,1,236
2921,6,C,1,502020201251,20201111,1,237
2922,5,C,1,502020201240,20201111,1,238
2923,6,C,1,502020201040,20201111,1,239
2924,5,C,0,502020201032,20201111,1,240
2925,6,C,1,502020200832,20201111,1,241
2926,4,B,0,502020202080,20201111,1,242
2927,3,B,1,502020162080,20201111,1,243
2928,4,B,0,502016162080,20201111,1,244
2929,3,B,0,502016122080,20201111,1,245
2930,4,B,0,502012122080,20201111,1,246
2931,2,A,0,502020202080,20201111,1,247
2932,1,A,1,501620202080,20201111,1,248
2933,2,A,1,401620202080,20201111,1,249
2934,1,A,0,401220202080,20201111,1,250
2935,2,A,0,321220202080,20201111,1,251
2936,6,C,1,502020202080,20201111,1,252
2937,5,C,0,502020202064,20201111,1,253
2938,6,C,1,502020201664,20201111,1,254
2939,5,C,1,502020201651,20201111,1,255
2940,6,C,0,502020201251,20201111,1,256
2941,5,C,0,502020201240,20201111,1,257
2942,6,C,0,502020201040,20201111,1,258
2943,5,C,0,502020201032,20201111,1,259
2944,2,A,1,502020202080,20201111,1,260
2945,1,A,1,501620202080,20201111,1,261
2946,2,A,0,401620202080,20201111,1,262
2947,1,A,0,401220202080,20201111,1,263
2948,2,A,0,321220202080,20201111,1,264
2949,6,C,1,502020202080,20201111,1,265
2950,5,C,0,502020202064,20201111,1,266
2951,6,C,1,502020201664,20201111,1,267
2952,5,C,1,502020201651,20201111,1,268
2953,6,C,0,502020201251,20201111,1,269
2954,5,C,0,502020201240,20201111,1,270
2955,6,C,0,502020201040,20201111,1,271
2956,4,B,1,502020202080,20201111,1,272
2957,3,B,0,502020162080,20201111,1,273
2958,4,B,0,502016162080,20201111,1,274
2959,3,B,0,502016122080,20201111,1,275
2960,4,B,0,502012122080,20201111,1,276
2961,6,C,1,502020202080,20201111,1,277
2962,5,C,0,502020202064,20201111,1,278
2963,6,C,1,502020201664,20201111,1,279
2964,5,C,1,502020201651,20201111,1,280
2965,6,C,0,502020201251,20201111,1,281
2966,5,C,0,502020201240,20201111,1,282
2967,2,A,0,502020202080,20201111,1,283
2968,1,A,1,501620202080,20201111,1,284
2969,2,A,0,401620202080,20201111,1,285
2970,1,A,0,401220202080,20201111,1,286
2971,6,C,1,502020202080,20201111,1,287
2972,5,C,0,502020202064,20201111,1,288
2973,6,C,0,502020201664,20201111,1,289
2974,5,C,0,502020201651,20201111,1,290
2975,2,A,0,502020202080,20201111,1,291
2976,1,A,1,501620202080,20201111,1,292
2977,2,A,0,401620202080,20201111,1,293
2978,1,A,1,401220202080,20201111,1,294
2979,6,C,1,502020202080,20201111,1,295
2980,5,C,0,502020202064,20201111,1,296
2981,6,C,0,502020201664,20201111,1,297
2982,5,C,0,502020201651,20201111,1,298
2983,6,C,0,502020201251,20201111,1,299
2984,4,B,0,205080505050,20201111,2,0
2985,3,B,1,205080405050,20201111,2,1
2986,4,B,0,205064405050,20201111,2,2
2987,2,A,1,205080505050,20201111,2,3
2988,1,A,0,204080505050,20201111,2,4
2989,2,A,0,164080505050,20201111,2,5
2990,6,C,1,205080505050,20201111,2,6
2991,5,C,1,205080505040,20201111,2,7
2992,6,C,1,205080504040,20201111,2,8
2993,5,C,1,205080504032,20201111,2,9
2994,6,C,1,205080503232,20201111,2,10
2995,5,C,0,205080503225,20201111,2,11
2996,6,C,0,205080502525,20201111,2,12
2997,4,B,1,205080505050,20201111,2,13
2998,3,B,1,205080405050,20201111,2,14
2999,4,B,0,205064405050,20201111,2,15
3000,3,B,0,205064325050,20201111,2,16
3001,2,A,1,205080505050,20201111,2,17
3002,1,A,0,204080505050,20201111,2,18
3003,2,A,0,164080505050,20201111,2,19
3004,6,C,1,205080505050,20201111,2,20
3005,5,C,0,205080505040,20201111,2,21
3006,6,C,1,205080504040,20201111,2,22
3007,5,C,1,205080504032,20201111,2,23
3008,6,C,0,205080503232,20201111,2,24
3009,5,C,1,205080503225,20201111,2,25
3010,6,C,0,205080502525,20201111,2,26
3011,5,C,0,205080502520,20201111,2,27
3012,2,A,1,205080505050,20201111,2,28
3013,1,A,0,204080505050,20201111,2,29
3014,2,A,1,164080505050,20201111,2,30
3015,1,A,0,163280505050,20201111,2,31
3016,2,A,1,123280505050,20201111,2,32
3017,6,C,1,205080505050,20201111,2,33
3018,5,C,0,205080505040,20201111,2,34
3019,6,C,0,205080504040,20201111,2,35
3020,5,C,1,205080504032,20201111,2,36
3021,2,A,0,205080505050,20201111,2,37
3022,1,A,0,204080505050,20201111,2,38
3023,2,A,0,164080505050,20201111,2,39
3024,6,C,1,205080505050,20201111,2,40
3025,5,C,0,205080505040,20201111,2,41
3026,6,C,1,205080504040,20201111,2,42
3027,5,C,0,205080504032,20201111,2,43
3028,6,C,0,205080503232,20201111,2,44
3029,2,A,1,205080505050,20201111,2,45
3030,1,A,0,204080505050,20201111,2,46
3031,2,A,1,164080505050,20201111,2,47
3032,1,A,0,163280505050,20201111,2,48
3033,2,A,0,123280505050,20201111,2,49
3034,6,C,1,205080505050,20201111,2,50
3035,5,C,1,205080505040,20201111,2,51
3036,6,C,0,205080504040,20201111,2,52
3037,5,C,1,205080504032,20201111,2,53
3038,6,C,0,205080503232,20201111,2,54
3039,5,C,0,205080503225,20201111,2,55
3040,2,A,1,205080505050,20201111,2,56
3041,1,A,1,204080505050,20201111,2,57
3042,2,A,1,164080505050,20201111,2,58
3043,1,A,1,163280505050,20201111,2,59
3044,2,A,0,123280505050,20201111,2,60
3045,1,A,0,122580505050,20201111,2,61
3046,2,A,0,102580505050,20201111,2,62
3047,6,C,1,205080505050,20201111,2,63
3048,5,C,1,205080505040,20201111,2,64
3049,6,C,0,205080504040,20201111,2,65
3050,5,C,0,205080504032,20201111,2,66
3051,2,A,0,205080505050,20201111,2,67
3052,1,A,0,204080505050,20201111,2,68
3053,2,A,0,164080505050,20201111,2,69
3054,6,C,1,205080505050,20201111,2,70
3055,5,C,0,205080505040,20201111,2,71
3056,6,C,0,205080504040,20201111,2,72
3057,2,A,0,205080505050,20201111,2,73
3058,1,A,0,204080505050,20201111,2,74
3059,2,A,0,164080505050,20201111,2,75
3060,6,C,1,205080505050,20201111,2,76
3061,5,C,1,205080505040,20201111,2,77
3062,6,C,0,205080504040,20201111,2,78
3063,5,C,0,205080504032,20201111,2,79
3064,4,B,0,205080505050,20201111,2,80
3065,3,B,1,205080405050,20201111,2,81
3066,4,B,1,205064405050,20201111,2,82
3067,3,B,1,205064325050,20201111,2,83
3068,4,B,0,205051325050,20201111,2,84
3069,2,A,0,205080505050,20201111,2,85
3070,1,A,0,204080505050,20201111,2,86
3071,4,B,1,205080505050,20201111,2,87
3072,3,B,1,205080405050,20201111,2,88
3073,2,A,0,205080505050,20201111,2,89
3074,1,A,1,204080505050,20201111,2,90
3075,2,A,1,164080505050,20201111,2,91
3076,1,A,0,163280505050,20201111,2,92
3077,2,A,0,123280505050,20201111,2,93
3078,6,C,1,205080505050,20201111,2,94
3079,5,C,1,205080505040,20201111,2,95
3080,6,C,1,205080504040,20201111,2,96
3081,5,C,0,205080504032,20201111,2,97
3082,6,C,0,205080503232,20201111,2,98
3083,5,C,1,205080503225,20201111,2,99
3084,2,A,1,205080505050,20201111,2,100
3085,1,A,0,204080505050,20201111,2,101
3086,2,A,1,164080505050,20201111,2,102
3087,1,A,0,163280505050,20201111,2,103
3088,2,A,1,123280505050,20201111,2,104
3089,1,A,1,122580505050,20201111,2,105
3090,2,A,0,102580505050,20201111,2,106
3091,1,A,0,102080505050,20201111,2,107
3092,2,A,0,082080505050,20201111,2,108
3093,6,C,0,205080505050,20201111,2,109
3094,5,C,1,205080505040,20201111,2,110
3095,6,C,0,205080504040,20201111,2,111
3096,5,C,0,205080504032,20201111,2,112
3097,6,C,1,205080503232,20201111,2,113
3098,5,C,0,205080503225,20201111,2,114
3099,2,A,1,205080505050,20201111,2,115
3100,1,A,0,204080505050,20201111,2,116
3101,2,A,0,164080505050,20201111,2,117
3102,6,C,1,205080505050,20201111,2,118
3103,5,C,1,205080505040,20201111,2,119
3104,6,C,0,205080504040,20201111,2,120
3105,5,C,1,205080504032,20201111,2,121
3106,2,A,0,205080505050,20201111,2,122
3107,1,A,0,204080505050,20201111,2,123
3108,2,A,0,164080505050,20201111,2,124
3109,6,C,1,205080505050,20201111,2,125
3110,5,C,1,205080505040,20201111,2,126
3111,6,C,1,205080504040,20201111,2,127
3112,5,C,1,205080504032,20201111,2,128
3113,6,C,0,205080503232,20201111,2,129
3114,5,C,0,205080503225,20201111,2,130
3115,2,A,1,205080505050,20201111,2,131
3116,1,A,1,204080505050,20201111,2,132
3117,2,A,0,164080505050,20201111,2,133
3118,1,A,0,163280505050,20201111,2,134
3119,2,A,0,123280505050,20201111,2,135
3120,4,B,0,205080505050,20201111,2,136
3121,3,B,0,205080405050,20201111,2,137
3122,4,B,0,205064405050,20201111,2,138
3123,3,B,1,205064325050,20201111,2,139
3124,2,A,1,205080505050,20201111,2,140
3125,1,A,1,204080505050,20201111,2,141
3126,2,A,0,164080505050,20201111,2,142
3127,5,C,0,205080505050,20201111,2,143
3128,6,C,0,205080504050,20201111,2,144
3129,5,C,0,205080504040,20201111,2,145
3130,2,A,0,205080505050,20201111,2,146
3131,6,C,0,205080505050,20201111,2,147
3132,5,C,1,205080505040,20201111,2,148
3133,2,A,0,205080505050,20201111,2,149
3134,1,A,0,204080505050,20201111,2,150
3135,4,B,1,205080505050,20201111,2,151
3136,3,B,1,205080405050,20201111,2,152
3137,4,B,0,205064405050,20201111,2,153
3138,3,B,1,205064325050,20201111,2,154
3139,4,B,1,205051325050,20201111,2,155
3140,3,B,0,205051255050,20201111,2,156
3141,4,B,1,205040255050,20201111,2,157
3142,3,B,1,205040205050,20201111,2,158
3143,4,B,0,205032205050,20201111,2,159
3144,3,B,0,205032165050,20201111,2,160
3145,4,B,1,205026165050,20201111,2,161
3146,3,B,1,205026135050,20201111,2,162
3147,4,B,0,205020135050,20201111,2,163
3148,3,B,0,205020105050,20201111,2,164
3149,4,B,0,205016105050,20201111,2,165
3150,3,B,0,205016085050,20201111,2,166
3151,2,A,0,205080505050,20201111,2,167
3152,1,A,0,204080505050,20201111,2,168
3153,2,A,0,164080505050,20201111,2,169
3154,6,C,0,205080505050,20201111,2,170
3155,5,C,1,205080505040,20201111,2,171
3156,6,C,1,205080504040,20201111,2,172
3157,5,C,1,205080504032,20201111,2,173
3158,6,C,1,205080503232,20201111,2,174
3159,5,C,0,205080503225,20201111,2,175
3160,6,C,0,205080502525,20201111,2,176
3161,5,C,0,205080502520,20201111,2,177
3162,2,A,1,205080505050,20201111,2,178
3163,1,A,1,204080505050,20201111,2,179
3164,2,A,0,164080505050,20201111,2,180
3165,1,A,0,163280505050,20201111,2,181
3166,2,A,1,123280505050,20201111,2,182
3167,1,A,0,122580505050,20201111,2,183
3168,2,A,0,102580505050,20201111,2,184
3169,6,C,1,205080505050,20201111,2,185
3170,5,C,0,205080505040,20201111,2,186
3171,6,C,0,205080504040,20201111,2,187
3172,5,C,0,205080504032,20201111,2,188
3173,2,A,0,205080505050,20201111,2,189
3174,1,A,0,204080505050,20201111,2,190
3175,4,B,0,205080505050,20201111,2,191
3176,3,B,0,205080405050,20201111,2,192
3177,4,B,1,205064405050,20201111,2,193
3178,3,B,1,205064325050,20201111,2,194
3179,4,B,0,205051325050,20201111,2,195
3180,3,B,0,205051255050,20201111,2,196
3181,4,B,0,205040255050,20201111,2,197
3182,3,B,0,205040205050,20201111,2,198
3183,4,B,0,205032205050,20201111,2,199
3184,6,C,1,205080505050,20201111,2,200
3185,5,C,1,205080505040,20201111,2,201
3186,6,C,1,205080504040,20201111,2,202
3187,5,C,0,205080504032,20201111,2,203
3188,6,C,0,205080503232,20201111,2,204
3189,2,A,1,205080505050,20201111,2,205
3190,1,A,0,204080505050,20201111,2,206
3191,2,A,0,164080505050,20201111,2,207
3192,6,C,1,205080505050,20201111,2,208
3193,5,C,1,205080505040,20201111,2,209
3194,6,C,1,205080504040,20201111,2,210
3195,5,C,0,205080504032,20201111,2,211
3196,6,C,0,205080503232,20201111,2,212
3197,5,C,0,205080503225,20201111,2,213
3198,2,A,0,205080505050,20201111,2,214
3199,1,A,0,204080505050,20201111,2,215
3200,2,A,0,164080505050,20201111,2,216
3201,5,C,1,205080505050,20201111,2,217
3202,6,C,0,205080504050,20201111,2,218
3203,5,C,0,205080504040,20201111,2,219
3204,2,A,1,205080505050,20201111,2,220
3205,1,A,0,204080505050,20201111,2,221
3206,2,A,1,164080505050,20201111,2,222
3207,1,A,0,163280505050,20201111,2,223
3208,2,A,0,123280505050,20201111,2,224
3209,6,C,0,205080505050,20201111,2,225
3210,5,C,1,205080505040,20201111,2,226
3211,6,C,1,205080504040,20201111,2,227
3212,5,C,1,205080504032,20201111,2,228
3213,6,C,1,205080503232,20201111,2,229
3214,5,C,0,205080503225,20201111,2,230
3215,2,A,1,205080505050,20201111,2,231
3216,1,A,1,204080505050,20201111,2,232
3217,2,A,0,164080505050,20201111,2,233
3218,6,C,0,205080505050,20201111,2,234
3219,5,C,0,205080505040,20201111,2,235
3220,6,C,0,205080504040,20201111,2,236
3221,5,C,0,205080504032,20201111,2,237
3222,4,B,1,205080505050,20201111,2,238
3223,3,B,1,205080405050,20201111,2,239
3224,4,B,1,205064405050,20201111,2,240
3225,3,B,1,205064325050,20201111,2,241
3226,4,B,0,205051325050,20201111,2,242
3227,3,B,0,205051255050,20201111,2,243
3228,4,B,0,205040255050,20201111,2,244
3229,3,B,1,205040205050,20201111,2,245
3230,2,A,1,205080505050,20201111,2,246
3231,1,A,0,204080505050,20201111,2,247
3232,2,A,1,164080505050,20201111,2,248
3233,1,A,0,163280505050,20201111,2,249
3234,2,A,0,123280505050,20201111,2,250
3235,6,C,1,205080505050,20201111,2,251
3236,5,C,1,205080505040,20201111,2,252
3237,6,C,1,205080504040,20201111,2,253
3238,5,C,0,205080504032,20201111,2,254
3239,6,C,0,205080503232,20201111,2,255
3240,5,C,1,205080503225,20201111,2,256
3241,6,C,0,205080502525,20201111,2,257
3242,5,C,1,205080502520,20201111,2,258
3243,2,A,0,205080505050,20201111,2,259
3244,1,A,1,204080505050,20201111,2,260
3245,2,A,1,164080505050,20201111,2,261
3246,1,A,0,163280505050,20201111,2,262
3247,2,A,0,123280505050,20201111,2,263
3248,1,A,0,122580505050,20201111,2,264
3249,2,A,1,102580505050,20201111,2,265
3250,6,C,0,205080505050,20201111,2,266
3251,5,C,1,205080505040,20201111,2,267
3252,6,C,0,205080504040,20201111,2,268
3253,5,C,1,205080504032,20201111,2,269
3254,6,C,0,205080503232,20201111,2,270
3255,5,C,0,205080503225,20201111,2,271
3256,2,A,1,205080505050,20201111,2,272
3257,1,A,0,204080505050,20201111,2,273
3258,2,A,0,164080505050,20201111,2,274
3259,6,C,1,205080505050,20201111,2,275
3260,5,C,1,205080505040,20201111,2,276
3261,6,C,0,205080504040,20201111,2,277
3262,5,C,0,205080504032,20201111,2,278
3263,6,C,0,205080503232,20201111,2,279
3264,5,C,0,205080503225,20201111,2,280
3265,2,A,0,205080505050,20201111,2,281
3266,1,A,0,204080505050,20201111,2,282
3267,2,A,0,164080505050,20201111,2,283
3268,4,B,1,205080505050,20201111,2,284
3269,3,B,1,205080405050,20201111,2,285
3270,4,B,1,205064405050,20201111,2,286
3271,3,B,1,205064325050,20201111,2,287
3272,4,B,1,205051325050,20201111,2,288
3273,3,B,1,205051255050,20201111,2,289
3274,4,B,1,205040255050,20201111,2,290
3275,4,B,1,502020208050,20201111,3,0
3276,3,B,0,502020168050,20201111,3,1
3277,4,B,1,502016168050,20201111,3,2
3278,2,A,1,502020208050,20201111,3,3
3279,1,A,0,501620208050,20201111,3,4
3280,2,A,0,401620208050,20201111,3,5
3281,6,C,0,502020208050,20201111,3,6
3282,5,C,1,502020208040,20201111,3,7
3283,6,C,0,502020206440,20201111,3,8
3284,5,C,1,502020206432,20201111,3,9
3285,6,C,1,502020205132,20201111,3,10
3286,5,C,1,502020205125,20201111,3,11
3287,2,A,0,502020208050,20201111,3,12
3288,1,A,0,501620208050,20201111,3,13
3289,2,A,0,401620208050,20201111,3,14
3290,6,C,1,502020208050,20201111,3,15
3291,5,C,1,502020208040,20201111,3,16
3292,6,C,0,502020206440,20201111,3,17
3293,5,C,0,502020206432,20201111,3,18
3294,4,B,0,502020208050,20201111,3,19
3295,3,B,1,502020168050,20201111,3,20
3296,4,B,0,502016168050,20201111,3,21
3297,3,B,0,502016128050,20201111,3,22
3298,4,B,0,502012128050,20201111,3,23
3299,2,A,0,502020208050,20201111,3,24
3300,1,A,1,501620208050,20201111,3,25
3301,2,A,0,401620208050,20201111,3,26
3302,6,C,1,502020208050,20201111,3,27
3303,5,C,1,502020208040,20201111,3,28
3304,6,C,0,502020206440,20201111,3,29
3305,5,C,1,502020206432,20201111,3,30
3306,6,C,1,502020205132,20201111,3,31
3307,5,C,0,502020205125,20201111,3,32
3308,6,C,0,502020204025,20201111,3,33
3309,5,C,0,502020204020,20201111,3,34
3310,2,A,0,502020208050,20201111,3,35
3311,1,A,1,501620208050,20201111,3,36
3312,2,A,1,401620208050,20201111,3,37
3313,6,C,0,502020208050,20201111,3,38
3314,5,C,0,502020208040,20201111,3,39
3315,6,C,1,502020206440,20201111,3,40
3316,5,C,0,502020206432,20201111,3,41
3317,6,C,0,502020205132,20201111,3,42
3318,3,B,0,502020208050,20201111,3,43
3319,4,B,1,502016208050,20201111,3,44
3320,3,B,1,502016168050,20201111,3,45
3321,4,B,0,502012168050,20201111,3,46
3322,3,B,0,502012128050,20201111,3,47
3323,2,A,0,502020208050,20201111,3,48
3324,5,C,1,502020208050,20201111,3,49
3325,6,C,0,502020206450,20201111,3,50
3326,5,C,0,502020206440,20201111,3,51
3327,6,C,1,502020205140,20201111,3,52
3328,5,C,0,502020205132,20201111,3,53
3329,2,A,1,502020208050,20201111,3,54
3330,1,A,1,501620208050,20201111,3,55
3331,2,A,0,401620208050,20201111,3,56
3332,6,C,0,502020208050,20201111,3,57
3333,5,C,1,502020208040,20201111,3,58
3334,6,C,1,502020206440,20201111,3,59
3335,5,C,1,502020206432,20201111,3,60
3336,6,C,1,502020205132,20201111,3,61
3337,5,C,1,502020205125,20201111,3,62
3338,6,C,0,502020204025,20201111,3,63
3339,5,C,1,502020204020,20201111,3,64
3340,6,C,0,502020203220,20201111,3,65
3341,5,C,1,502020203216,20201111,3,66
3342,6,C,1,502020202616,20201111,3,67
3343,5,C,0,502020202613,20201111,3,68
3344,6,C,0,502020202013,20201111,3,69
3345,5,C,0,502020202010,20201111,3,70
3346,4,B,0,502020208050,20201111,3,71
3347,3,B,0,502020168050,20201111,3,72
3348,4,B,0,502016168050,20201111,3,73
3349,3,B,0,502016128050,20201111,3,74
3350,2,A,1,502020208050,20201111,3,75
3351,1,A,1,501620208050,20201111,3,76
3352,2,A,1,401620208050,20201111,3,77
3353,1,A,0,401220208050,20201111,3,78
3354,2,A,0,321220208050,20201111,3,79
3355,1,A,0,321020208050,20201111,3,80
3356,2,A,0,251020208050,20201111,3,81
3357,6,C,1,502020208050,20201111,3,82
3358,5,C,1,502020208040,20201111,3,83
3359,6,C,1,502020206440,20201111,3,84
3360,5,C,1,502020206432,20201111,3,85
3361,6,C,0,502020205132,20201111,3,86
3362,5,C,0,502020205125,20201111,3,87
3363,6,C,1,502020204025,20201111,3,88
3364,5,C,0,502020204020,20201111,3,89
3365,6,C,0,502020203220,20201111,3,90
3366,5,C,0,502020203216,20201111,3,91
3367,2,A,1,502020208050,20201111,3,92
3368,1,A,0,501620208050,20201111,3,93
3369,2,A,0,401620208050,20201111,3,94
3370,6,C,0,502020208050,20201111,3,95
3371,5,C,0,502020208040,20201111,3,96
3372,6,C,1,502020206440,20201111,3,97
3373,5,C,1,502020206432,20201111,3,98
3374,6,C,0,502020205132,20201111,3,99
3375,5,C,1,502020205125,20201111,3,100
3376,6,C,0,502020204025,20201111,3,101
3377,5,C,0,502020204020,20201111,3,102
3378,4,B,0,502020208050,20201111,3,103
3379,3,B,0,502020168050,20201111,3,104
3380,4,B,0,502016168050,20201111,3,105
3381,2,A,0,502020208050,20201111,3,106
3382,1,A,0,501620208050,20201111,3,107
3383,2,A,0,401620208050,20201111,3,108
3384,6,C,0,502020208050,20201111,3,109
3385,5,C,1,502020208040,20201111,3,110
3386,6,C,1,502020206440,20201111,3,111
3387,5,C,1,502020206432,20201111,3,112
3388,6,C,0,502020205132,20201111,3,113
3389,5,C,1,502020205125,20201111,3,114
3390,6,C,0,502020204025,20201111,3,115
3391,5,C,0,502020204020,20201111,3,116
3392,2,A,0,502020208050,20201111,3,117
3393,1,A,0,501620208050,20201111,3,118
3394,2,A,1,401620208050,20201111,3,119
3395,6,C,0,502020208050,20201111,3,120
3396,5,C,1,502020208040,20201111,3,121
3397,6,C,0,502020206440,20201111,3,122
3398,5,C,1,502020206432,20201111,3,123
3399,6,C,0,502020205132,20201111,3,124
3400,5,C,0,502020205125,20201111,3,125
3401,6,C,0,502020204025,20201111,3,126
3402,5,C,0,502020204020,20201111,3,127
3403,2,A,0,502020208050,20201111,3,128
3404,6,C,0,502020208050,20201111,3,129
3405,5,C,1,502020208040,20201111,3,130
3406,6,C,0,502020206440,20201111,3,131
3407,5,C,0,502020206432,20201111,3,132
3408,2,A,0,502020208050,20201111,3,133
3409,6,C,1,502020208050,20201111,3,134
3410,5,C,1,502020208040,20201111,3,135
3411,6,C,1,502020206440,20201111,3,136
3412,5,C,0,502020206432,20201111,3,137
3413,6,C,0,502020205132,20201111,3,138
3414,5,C,1,502020205125,20201111,3,139
3415,6,C,0,502020204025,20201111,3,140
3416,5,C,1,502020204020,20201111,3,141
3417,6,C,0,502020203220,20201111,3,142
3418,5,C,0,502020203216,20201111,3,143
3419,2,A,0,502020208050,20201111,3,144
3420,1,A,0,501620208050,20201111,3,145
3421,2,A,1,401620208050,20201111,3,146
3422,6,C,0,502020208050,20201111,3,147
3423,5,C,0,502020208040,20201111,3,148
3424,6,C,1,502020206440,20201111,3,149
3425,5,C,1,502020206432,20201111,3,150
3426,6,C,1,502020205132,20201111,3,151
3427,5,C,1,502020205125,20201111,3,152
3428,6,C,0,502020204025,20201111,3,153
3429,5,C,0,502020204020,20201111,3,154
3430,4,B,1,502020208050,20201111,3,155
3431,3,B,0,502020168050,20201111,3,156
3432,4,B,0,502016168050,20201111,3,157
3433,3,B,0,502016128050,20201111,3,158
3434,4,B,0,502012128050,20201111,3,159
3435,2,A,0,502020208050,20201111,3,160
3436,1,A,1,501620208050,20201111,3,161
3437,2,A,0,401620208050,20201111,3,162
3438,6,C,0,502020208050,20201111,3,163
3439,5,C,1,502020208040,20201111,3,164
3440,6,C,0,502020206440,20201111,3,165
3441,5,C,0,502020206432,20201111,3,166
3442,6,C,0,502020205132,20201111,3,167
3443,5,C,1,502020205125,20201111,3,168
3444,6,C,0,502020204025,20201111,3,169
3445,5,C,1,502020204020,20201111,3,170
3446,6,C,1,502020203220,20201111,3,171
3447,5,C,1,502020203216,20201111,3,172
3448,6,C,0,502020202616,20201111,3,173
3449,5,C,0,502020202613,20201111,3,174
3450,6,C,0,502020202013,20201111,3,175
3451,5,C,0,502020202010,20201111,3,176
3452,6,C,0,502020201610,20201111,3,177
3453,5,C,0,502020201608,20201111,3,178
3454,4,B,0,502020208050,20201111,3,179
3455,3,B,0,502020168050,20201111,3,180
3456,4,B,0,502016168050,20201111,3,181
3457,2,A,0,502020208050,20201111,3,182
3458,1,A,1,501620208050,20201111,3,183
3459,2,A,0,401620208050,20201111,3,184
3460,1,A,0,401220208050,20201111,3,185
3461,2,A,0,321220208050,20201111,3,186
3462,6,C,1,502020208050,20201111,3,187
3463,5,C,1,502020208040,20201111,3,188
3464,6,C,1,502020206440,20201111,3,189
3465,5,C,1,502020206432,20201111,3,190
3466,6,C,1,502020205132,20201111,3,191
3467,5,C,1,502020205125,20201111,3,192
3468,6,C,0,502020204025,20201111,3,193
3469,5,C,0,502020204020,20201111,3,194
3470,6,C,0,502020203220,20201111,3,195
3471,5,C,0,502020203216,20201111,3,196
3472,6,C,1,502020202616,20201111,3,197
3473,5,C,0,502020202613,20201111,3,198
3474,6,C,0,502020202013,20201111,3,199
3475,5,C,0,502020202010,20201111,3,200
3476,2,A,0,502020208050,20201111,3,201
3477,1,A,0,501620208050,20201111,3,202
3478,5,C,0,502020208050,20201111,3,203
3479,6,C,1,502020206450,20201111,3,204
3480,5,C,1,502020206440,20201111,3,205
3481,6,C,0,502020205140,20201111,3,206
3482,5,C,1,502020205132,20201111,3,207
3483,6,C,1,502020204032,20201111,3,208
3484,5,C,0,502020204025,20201111,3,209
3485,6,C,0,502020203225,20201111,3,210
3486,5,C,1,502020203220,20201111,3,211
3487,6,C,1,502020202620,20201111,3,212
3488,5,C,0,502020202616,20201111,3,213
3489,6,C,0,502020202016,20201111,3,214
3490,4,B,0,502020208050,20201111,3,215
3491,3,B,0,502020168050,20201111,3,216
3492,4,B,0,502016168050,20201111,3,217
3493,6,C,0,502020208050,20201111,3,218
3494,5,C,0,502020208040,20201111,3,219
3495,6,C,0,502020206440,20201111,3,220
3496,5,C,1,502020206432,20201111,3,221
3497,6,C,0,502020205132,20201111,3,222
3498,5,C,1,502020205125,20201111,3,223
3499,6,C,0,502020204025,20201111,3,224
3500,5,C,1,502020204020,20201111,3,225
3501,6,C,0,502020203220,20201111,3,226
3502,5,C,0,502020203216,20201111,3,227
3503,2,A,1,502020208050,20201111,3,228
3504,1,A,1,501620208050,20201111,3,229
3505,2,A,0,401620208050,20201111,3,230
3506,6,C,0,502020208050,20201111,3,231
3507,5,C,1,502020208040,20201111,3,232
3508,6,C,0,502020206440,20201111,3,233
3509,5,C,1,502020206432,20201111,3,234
3510,6,C,0,502020205132,20201111,3,235
3511,5,C,1,502020205125,20201111,3,236
3512,6,C,0,502020204025,20201111,3,237
3513,5,C,0,502020204020,20201111,3,238
3514,6,C,0,502020203220,20201111,3,239
3515,5,C,0,502020203216,20201111,3,240
3516,2,A,0,502020208050,20201111,3,241
3517,1,A,0,501620208050,20201111,3,242
3518,2,A,0,401620208050,20201111,3,243
3519,5,C,0,502020208050,20201111,3,244
3520,6,C,1,502020206450,20201111,3,245
3521,5,C,1,502020206440,20201111,3,246
3522,6,C,0,502020205140,20201111,3,247
3523,5,C,1,502020205132,20201111,3,248
3524,6,C,0,502020204032,20201111,3,249
3525,5,C,0,502020204025,20201111,3,250
3526,6,C,0,502020203225,20201111,3,251
3527,5,C,0,502020203220,20201111,3,252
3528,4,B,0,502020208050,20201111,3,253
3529,3,B,0,502020168050,20201111,3,254
3530,4,B,0,502016168050,20201111,3,255
3531,2,A,0,502020208050,20201111,3,256
3532,6,C,1,502020208050,20201111,3,257
3533,5,C,0,502020208040,20201111,3,258
3534,6,C,0,502020206440,20201111,3,259
3535,5,C,1,502020206432,20201111,3,260
3536,6,C,1,502020205132,20201111,3,261
3537,5,C,0,502020205125,20201111,3,262
3538,6,C,1,502020204025,20201111,3,263
3539,5,C,0,502020204020,20201111,3,264
3540,6,C,0,502020203220,20201111,3,265
3541,5,C,0,502020203216,20201111,3,266
3542,6,C,1,502020202616,20201111,3,267
3543,5,C,0,502020202613,20201111,3,268
3544,6,C,0,502020202013,20201111,3,269
3545,5,C,0,502020202010,20201111,3,270
3546,2,A,1,502020208050,20201111,3,271
3547,1,A,0,501620208050,20201111,3,272
3548,2,A,0,401620208050,20201111,3,273
3549,5,C,1,502020208050,20201111,3,274
3550,6,C,1,502020206450,20201111,3,275
3551,5,C,1,502020206440,20201111,3,276
3552,6,C,1,502020205140,20201111,3,277
3553,5,C,1,502020205132,20201111,3,278
3554,6,C,0,502020204032,20201111,3,279
3555,5,C,0,502020204025,20201111,3,280
3556,6,C,0,502020203225,20201111,3,281
3557,5,C,1,502020203220,20201111,3,282
3558,6,C,1,502020202620,20201111,3,283
3559,5,C,1,502020202616,20201111,3,284
3560,6,C,0,502020202016,20201111,3,285
3561,5,C,0,502020202013,20201111,3,286
3562,6,C,0,502020201613,20201111,3,287
3563,5,C,0,502020201610,20201111,3,288
3564,2,A,0,502020208050,20201111,3,289
3565,5,C,1,502020208050,20201111,3,290
3566,6,C,1,502020206450,20201111,3,291
3567,5,C,1,502020206440,20201111,3,292
3568,6,C,0,502020205140,20201111,3,293
3569,5,C,1,502020205132,20201111,3,294
3570,6,C,1,502020204032,20201111,3,295
3571,5,C,1,502020204025,20201111,3,296
3572,6,C,0,502020203225,20201111,3,297
3573,5,C,1,502020203220,20201111,3,298
3574,6,C,0,502020202620,20201111,3,299
3575,4,B,0,805050202020,20201111,4,0
3576,3,B,1,805050162020,20201111,4,1
3577,4,B,0,805040162020,20201111,4,2
3578,2,A,0,805050202020,20201111,4,3
3579,1,A,1,804050202020,20201111,4,4
3580,2,A,1,644050202020,20201111,4,5
3581,5,C,0,805050202020,20201111,4,6
3582,6,C,0,805050201620,20201111,4,7
3583,5,C,1,805050201616,20201111,4,8
3584,6,C,0,805050201216,20201111,4,9
3585,5,C,0,805050201212,20201111,4,10
3586,3,B,1,805050202020,20201111,4,11
3587,4,B,0,805040202020,20201111,4,12
3588,3,B,0,805040162020,20201111,4,13
3589,4,B,0,805032162020,20201111,4,14
3590,6,C,1,805050202020,20201111,4,15
3591,5,C,0,805050202016,20201111,4,16
3592,6,C,0,805050201616,20201111,4,17
3593,2,A,1,805050202020,20201111,4,18
3594,1,A,0,804050202020,20201111,4,19
3595,2,A,0,644050202020,20201111,4,20
3596,5,C,0,805050202020,20201111,4,21
3597,6,C,0,805050201620,20201111,4,22
3598,5,C,0,805050201616,20201111,4,23
3599,3,B,0,805050202020,20201111,4,24
3600,4,B,1,805040202020,20201111,4,25
3601,3,B,1,805040162020,20201111,4,26
3602,4,B,0,805032162020,20201111,4,27
3603,2,A,0,805050202020,20201111,4,28
3604,1,A,1,804050202020,20201111,4,29
3605,6,C,0,805050202020,20201111,4,30
3606,5,C,0,805050202016,20201111,4,31
3607,4,B,1,805050202020,20201111,4,32
3608,3,B,1,805050162020,20201111,4,33
3609,4,B,0,805040162020,20201111,4,34
3610,3,B,1,805040122020,20201111,4,35
3611,4,B,0,805032122020,20201111,4,36
3612,3,B,1,805032102020,20201111,4,37
3613,2,A,0,805050202020,20201111,4,38
3614,5,C,0,805050202020,20201111,4,39
3615,6,C,0,805050201620,20201111,4,40
3616,5,C,1,805050201616,20201111,4,41
3617,6,C,0,805050201216,20201111,4,42
3618,5,C,0,805050201212,20201111,4,43
3619,6,C,0,805050201012,20201111,4,44
3620,5,C,0,805050201010,20201111,4,45
3621,6,C,0,805050200810,20201111,4,46
3622,5,C,0,805050200808,20201111,4,47
3623,6,C,0,805050200608,20201111,4,48
3624,5,C,0,805050200606,20201111,4,49
3625,3,B,0,805050202020,20201111,4,50
3626,4,B,0,805040202020,20201111,4,51
3627,2,A,1,805050202020,20201111,4,52
3628,1,A,1,804050202020,20201111,4,53
3629,2,A,0,644050202020,20201111,4,54
3630,5,C,0,805050202020,20201111,4,55
3631,6,C,0,805050201620,20201111,4,56
3632,5,C,0,805050201616,20201111,4,57
3633,4,B,1,805050202020,20201111,4,58
3634,3,B,0,805050162020,20201111,4,59
3635,4,B,0,805040162020,20201111,4,60
3636,3,B,1,805040122020,20201111,4,61
3637,2,A,0,805050202020,20201111,4,62
3638,1,A,1,804050202020,20201111,4,63
3639,2,A,1,644050202020,20201111,4,64
3640,1,A,0,643250202020,20201111,4,65
3641,2,A,1,513250202020,20201111,4,66
3642,1,A,0,512550202020,20201111,4,67
3643,2,A,0,402550202020,20201111,4,68
3644,6,C,0,805050202020,20201111,4,69
3645,5,C,0,805050202016,20201111,4,70
3646,6,C,0,805050201616,20201111,4,71
3647,5,C,0,805050201612,20201111,4,72
3648,4,B,0,805050202020,20201111,4,73
3649,3,B,0,805050162020,20201111,4,74
3650,4,B,0,805040162020,20201111,4,75
3651,3,B,1,805040122020,20201111,4,76
3652,4,B,0,805032122020,20201111,4,77
3653,3,B,0,805032102020,20201111,4,78
3654,2,A,0,805050202020,20201111,4,79
3655,1,A,1,804050202020,20201111,4,80
3656,2,A,1,644050202020,20201111,4,81
3657,1,A,0,643250202020,20201111,4,82
3658,2,A,0,513250202020,20201111,4,83
3659,5,C,1,805050202020,20201111,4,84
3660,6,C,0,805050201620,20201111,4,85
3661,5,C,0,805050201616,20201111,4,86
3662,6,C,0,805050201216,20201111,4,87
3663,5,C,0,805050201212,20201111,4,88
3664,4,B,0,805050202020,20201111,4,89
3665,3,B,0,805050162020,20201111,4,90
3666,2,A,1,805050202020,20201111,4,91
3667,1,A,1,804050202020,20201111,4,92
3668,2,A,1,644050202020,20201111,4,93
3669,1,A,1,643250202020,20201111,4,94
3670,2,A,0,513250202020,20201111,4,95
3671,1,A,1,512550202020,20201111,4,96
3672,2,A,1,402550202020,20201111,4,97
3673,1,A,0,402050202020,20201111,4,98
3674,2,A,0,322050202020,20201111,4,99
3675,1,A,1,321650202020,20201111,4,100
3676,2,A,0,261650202020,20201111,4,101
3677,1,A,0,261350202020,20201111,4,102
3678,2,A,0,201350202020,20201111,4,103
3679,5,C,0,805050202020,20201111,4,104
3680,6,C,1,805050201620,20201111,4,105
3681,5,C,0,805050201616,20201111,4,106
3682,6,C,0,805050201216,20201111,4,107
3683,5,C,0,805050201212,20201111,4,108
3684,4,B,0,805050202020,20201111,4,109
3685,3,B,0,805050162020,20201111,4,110
3686,4,B,0,805040162020,20201111,4,111
3687,2,A,1,805050202020,20201111,4,112
3688,1,A,0,804050202020,20201111,4,113
3689,2,A,1,644050202020,20201111,4,114
3690,1,A,0,643250202020,20201111,4,115
3691,2,A,0,513250202020,20201111,4,116
3692,1,A,1,512550202020,20201111,4,117
3693,2,A,0,402550202020,20201111,4,118
3694,5,C,0,805050202020,20201111,4,119
3695,6,C,0,805050201620,20201111,4,120
3696,5,C,0,805050201616,20201111,4,121
3697,2,A,0,805050202020,20201111,4,122
3698,1,A,1,804050202020,20201111,4,123
3699,2,A,1,644050202020,20201111,4,124
3700,1,A,1,643250202020,20201111,4,125
3701,2,A,0,513250202020,20201111,4,126
3702,1,A,0,512550202020,20201111,4,127
3703,2,A,1,402550202020,20201111,4,128
3704,5,C,0,805050202020,20201111,4,129
3705,6,C,0,805050201620,20201111,4,130
3706,5,C,0,805050201616,20201111,4,131
3707,2,A,1,805050202020,20201111,4,132
3708,1,A,1,804050202020,20201111,4,133
3709,2,A,1,644050202020,20201111,4,134
3710,1,A,1,643250202020,20201111,4,135
3711,2,A,1,513250202020,20201111,4,136
3712,1,A,1,512550202020,20201111,4,137
3713,2,A,1,402550202020,20201111,4,138
3714,1,A,0,402050202020,20201111,4,139
3715,2,A,0,322050202020,20201111,4,140
3716,1,A,1,321650202020,20201111,4,141
3717,2,A,0,261650202020,20201111,4,142
3718,1,A,0,261350202020,20201111,4,143
3719,2,A,0,201350202020,20201111,4,144
3720,5,C,1,805050202020,20201111,4,145
3721,6,C,0,805050201620,20201111,4,146
3722,5,C,1,805050201616,20201111,4,147
3723,6,C,1,805050201216,20201111,4,148
3724,5,C,0,805050201212,20201111,4,149
3725,6,C,0,805050201012,20201111,4,150
3726,5,C,0,805050201010,20201111,4,151
3727,2,A,0,805050202020,20201111,4,152
3728,1,A,1,804050202020,20201111,4,153
3729,2,A,0,644050202020,20201111,4,154
3730,1,A,1,643250202020,20201111,4,155
3731,2,A,1,513250202020,20201111,4,156
3732,1,A,1,512550202020,20201111,4,157
3733,2,A,1,402550202020,20201111,4,158
3734,1,A,0,402050202020,20201111,4,159
3735,2,A,0,322050202020,20201111,4,160
3736,1,A,1,321650202020,20201111,4,161
3737,2,A,0,261650202020,20201111,4,162
3738,1,A,0,261350202020,20201111,4,163
3739,2,A,0,201350202020,20201111,4,164
3740,5,C,1,805050202020,20201111,4,165
3741,6,C,0,805050201620,20201111,4,166
3742,5,C,0,805050201616,20201111,4,167
3743,2,A,1,805050202020,20201111,4,168
3744,1,A,1,804050202020,20201111,4,169
3745,2,A,0,644050202020,20201111,4,170
3746,1,A,1,643250202020,20201111,4,171
3747,2,A,0,513250202020,20201111,4,172
3748,1,A,0,512550202020,20201111,4,173
3749,2,A,1,402550202020,20201111,4,174
3750,1,A,1,402050202020,20201111,4,175
3751,2,A,0,322050202020,20201111,4,176
3752,1,A,0,321650202020,20201111,4,177
3753,2,A,0,261650202020,20201111,4,178
3754,5,C,0,805050202020,20201111,4,179
3755,6,C,0,805050201620,20201111,4,180
3756,5,C,0,805050201616,20201111,4,181
3757,2,A,0,805050202020,20201111,4,182
3758,1,A,1,804050202020,20201111,4,183
3759,2,A,1,644050202020,20201111,4,184
3760,1,A,0,643250202020,20201111,4,185
3761,2,A,1,513250202020,20201111,4,186
3762,1,A,0,512550202020,20201111,4,187
3763,2,A,1,402550202020,20201111,4,188
3764,4,B,0,805050202020,20201111,4,189
3765,3,B,0,805050162020,20201111,4,190
3766,4,B,0,805040162020,20201111,4,191
3767,3,B,0,805040122020,20201111,4,192
3768,2,A,1,805050202020,20201111,4,193
3769,1,A,1,804050202020,20201111,4,194
3770,2,A,0,644050202020,20201111,4,195
3771,1,A,1,643250202020,20201111,4,196
3772,2,A,1,513250202020,20201111,4,197
3773,1,A,1,512550202020,20201111,4,198
3774,2,A,1,402550202020,20201111,4,199
3775,1,A,0,402050202020,20201111,4,200
3776,2,A,0,322050202020,20201111,4,201
3777,5,C,0,805050202020,20201111,4,202
3778,6,C,0,805050201620,20201111,4,203
3779,5,C,0,805050201616,20201111,4,204
3780,2,A,0,805050202020,20201111,4,205
3781,1,A,1,804050202020,20201111,4,206
3782,2,A,1,644050202020,20201111,4,207
3783,1,A,1,643250202020,20201111,4,208
3784,2,A,1,513250202020,20201111,4,209
3785,1,A,0,512550202020,20201111,4,210
3786,2,A,0,402550202020,20201111,4,211
3787,5,C,0,805050202020,20201111,4,212
3788,6,C,1,805050201620,20201111,4,213
3789,5,C,0,805050201616,20201111,4,214
3790,6,C,1,805050201216,20201111,4,215
3791,5,C,0,805050201212,20201111,4,216
3792,6,C,0,805050201012,20201111,4,217
3793,2,A,1,805050202020,20201111,4,218
3794,1,A,1,804050202020,20201111,4,219
3795,2,A,1,644050202020,20201111,4,220
3796,1,A,1,643250202020,20201111,4,221
3797,2,A,0,513250202020,20201111,4,222
3798,1,A,1,512550202020,20201111,4,223
3799,2,A,1,402550202020,20201111,4,224
3800,1,A,1,402050202020,20201111,4,225
3801,2,A,1,322050202020,20201111,4,226
3802,1,A,0,321650202020,20201111,4,227
3803,2,A,0,261650202020,20201111,4,228
3804,1,A,0,261350202020,20201111,4,229
3805,2,A,0,201350202020,20201111,4,230
3806,5,C,0,805050202020,20201111,4,231
3807,6,C,0,805050201620,20201111,4,232
3808,5,C,0,805050201616,20201111,4,233
3809,2,A,1,805050202020,20201111,4,234
3810,1,A,1,804050202020,20201111,4,235
3811,2,A,0,644050202020,20201111,4,236
3812,1,A,1,643250202020,20201111,4,237
3813,2,A,0,513250202020,20201111,4,238
3814,2,A,0,202050802050,20201111,5,0
3815,1,A,1,201650802050,20201111,5,1
3816,2,A,1,161650802050,20201111,5,2
3817,6,C,0,202050802050,20201111,5,3
3818,5,C,0,202050802040,20201111,5,4
3819,4,B,1,202050802050,20201111,5,5
3820,3,B,1,202050642050,20201111,5,6
3821,4,B,1,202040642050,20201111,5,7
3822,3,B,0,202040512050,20201111,5,8
3823,2,A,0,202050802050,20201111,5,9
3824,1,A,0,201650802050,20201111,5,10
3825,2,A,0,161650802050,20201111,5,11
3826,6,C,1,202050802050,20201111,5,12
3827,5,C,1,202050802040,20201111,5,13
3828,2,A,1,202050802050,20201111,5,14
3829,6,C,0,202050802050,20201111,5,15
3830,5,C,0,202050802040,20201111,5,16
3831,6,C,0,202050801640,20201111,5,17
3832,5,C,1,202050801632,20201111,5,18
3833,4,B,1,202050802050,20201111,5,19
3834,3,B,1,202050642050,20201111,5,20
3835,4,B,0,202040642050,20201111,5,21
3836,3,B,1,202040512050,20201111,5,22
3837,4,B,0,202032512050,20201111,5,23
3838,3,B,0,202032402050,20201111,5,24
3839,2,A,0,202050802050,20201111,5,25
3840,1,A,0,201650802050,20201111,5,26
3841,2,A,0,161650802050,20201111,5,27
3842,5,C,0,202050802050,20201111,5,28
3843,6,C,1,202050801650,20201111,5,29
3844,5,C,0,202050801640,20201111,5,30
3845,2,A,0,202050802050,20201111,5,31
3846,1,A,0,201650802050,20201111,5,32
3847,2,A,0,161650802050,20201111,5,33
3848,6,C,1,202050802050,20201111,5,34
3849,5,C,0,202050802040,20201111,5,35
3850,6,C,0,202050801640,20201111,5,36
3851,5,C,0,202050801632,20201111,5,37
3852,4,B,1,202050802050,20201111,5,38
3853,3,B,0,202050642050,20201111,5,39
3854,4,B,0,202040642050,20201111,5,40
3855,2,A,0,202050802050,20201111,5,41
3856,1,A,0,201650802050,20201111,5,42
3857,2,A,0,161650802050,20201111,5,43
3858,5,C,1,202050802050,20201111,5,44
3859,6,C,1,202050801650,20201111,5,45
3860,5,C,0,202050801640,20201111,5,46
3861,6,C,0,202050801240,20201111,5,47
3862,5,C,1,202050801232,20201111,5,48
3863,4,B,1,202050802050,20201111,5,49
3864,3,B,1,202050642050,20201111,5,50
3865,4,B,1,202040642050,20201111,5,51
3866,2,A,0,202050802050,20201111,5,52
3867,1,A,0,201650802050,20201111,5,53
3868,2,A,1,161650802050,20201111,5,54
3869,5,C,1,202050802050,20201111,5,55
3870,6,C,1,202050801650,20201111,5,56
3871,5,C,0,202050801640,20201111,5,57
3872,6,C,0,202050801240,20201111,5,58
3873,5,C,0,202050801232,20201111,5,59
3874,4,B,1,202050802050,20201111,5,60
3875,3,B,1,202050642050,20201111,5,61
3876,4,B,1,202040642050,20201111,5,62
3877,3,B,1,202040512050,20201111,5,63
3878,4,B,0,202032512050,20201111,5,64
3879,3,B,0,202032402050,20201111,5,65
3880,2,A,0,202050802050,20201111,5,66
3881,1,A,0,201650802050,20201111,5,67
3882,2,A,0,161650802050,20201111,5,68
3883,5,C,1,202050802050,20201111,5,69
3884,6,C,0,202050801650,20201111,5,70
3885,5,C,0,202050801640,20201111,5,71
3886,6,C,1,202050801240,20201111,5,72
3887,5,C,0,202050801232,20201111,5,73
3888,6,C,0,202050801032,20201111,5,74
3889,5,C,0,202050801025,20201111,5,75
3890,2,A,0,202050802050,20201111,5,76
3891,1,A,1,201650802050,20201111,5,77
3892,2,A,0,161650802050,20201111,5,78
3893,5,C,0,202050802050,20201111,5,79
3894,6,C,1,202050801650,20201111,5,80
3895,5,C,0,202050801640,20201111,5,81
3896,6,C,0,202050801240,20201111,5,82
3897,5,C,0,202050801232,20201111,5,83
3898,4,B,1,202050802050,20201111,5,84
3899,3,B,1,202050642050,20201111,5,85
3900,4,B,1,202040642050,20201111,5,86
3901,3,B,0,202040512050,20201111,5,87
3902,4,B,1,202032512050,20201111,5,88
3903,3,B,0,202032402050,20201111,5,89
3904,1,A,0,202050802050,20201111,5,90
3905,2,A,0,162050802050,20201111,5,91
3906,5,C,1,202050802050,20201111,5,92
3907,6,C,1,202050801650,20201111,5,93
3908,5,C,0,202050801640,20201111,5,94
3909,6,C,0,202050801240,20201111,5,95
3910,5,C,0,202050801232,20201111,5,96
3911,2,A,0,202050802050,20201111,5,97
3912,1,A,1,201650802050,20201111,5,98
3913,2,A,0,161650802050,20201111,5,99
3914,5,C,0,202050802050,20201111,5,100
3915,6,C,1,202050801650,20201111,5,101
3916,5,C,0,202050801640,20201111,5,102
3917,6,C,1,202050801240,20201111,5,103
3918,5,C,0,202050801232,20201111,5,104
3919,6,C,0,202050801032,20201111,5,105
3920,4,B,1,202050802050,20201111,5,106
3921,3,B,0,202050642050,20201111,5,107
3922,4,B,1,202040642050,20201111,5,108
3923,2,A,0,202050802050,20201111,5,109
3924,1,A,1,201650802050,20201111,5,110
3925,2,A,1,161650802050,20201111,5,111
3926,1,A,0,161250802050,20201111,5,112
3927,2,A,0,121250802050,20201111,5,113
3928,1,A,0,121050802050,20201111,5,114
3929,2,A,0,101050802050,20201111,5,115
3930,5,C,0,202050802050,20201111,5,116
3931,6,C,1,202050801650,20201111,5,117
3932,5,C,0,202050801640,20201111,5,118
3933,6,C,0,202050801240,20201111,5,119
3934,5,C,0,202050801232,20201111,5,120
3935,6,C,0,202050801032,20201111,5,121
3936,4,B,1,202050802050,20201111,5,122
3937,3,B,0,202050642050,20201111,5,123
3938,4,B,1,202040642050,20201111,5,124
3939,3,B,1,202040512050,20201111,5,125
3940,4,B,0,202032512050,20201111,5,126
3941,2,A,0,202050802050,20201111,5,127
3942,1,A,0,201650802050,20201111,5,128
3943,2,A,0,161650802050,20201111,5,129
3944,5,C,1,202050802050,20201111,5,130
3945,6,C,1,202050801650,20201111,5,131
3946,5,C,0,202050801640,20201111,5,132
3947,6,C,0,202050801240,20201111,5,133
3948,5,C,0,202050801232,20201111,5,134
3949,2,A,0,202050802050,20201111,5,135
3950,1,A,0,201650802050,20201111,5,136
3951,2,A,0,161650802050,20201111,5,137
3952,5,C,0,202050802050,20201111,5,138
3953,6,C,0,202050801650,20201111,5,139
3954,5,C,0,202050801640,20201111,5,140
3955,6,C,1,202050801240,20201111,5,141
3956,5,C,0,202050801232,20201111,5,142
3957,4,B,1,202050802050,20201111,5,143
3958,3,B,0,202050642050,20201111,5,144
3959,4,B,0,202040642050,20201111,5,145
3960,2,A,0,202050802050,20201111,5,146
3961,1,A,0,201650802050,20201111,5,147
3962,6,C,0,202050802050,20201111,5,148
3963,5,C,0,202050802040,20201111,5,149
3964,6,C,0,202050801640,20201111,5,150
3965,5,C,0,202050801632,20201111,5,151
3966,4,B,1,202050802050,20201111,5,152
3967,3,B,0,202050642050,20201111,5,153
3968,4,B,0,202040642050,20201111,5,154
3969,6,C,0,202050802050,20201111,5,155
3970,5,C,0,202050802040,20201111,5,156
3971,6,C,1,202050801640,20201111,5,157
3972,5,C,0,202050801632,20201111,5,158
3973,6,C,0,202050801232,20201111,5,159
3974,4,B,0,202050802050,20201111,5,160
3975,3,B,0,202050642050,20201111,5,161
3976,4,B,0,202040642050,20201111,5,162
3977,2,A,0,202050802050,20201111,5,163
3978,1,A,0,201650802050,20201111,5,164
3979,5,C,0,202050802050,20201111,5,165
3980,6,C,0,202050801650,20201111,5,166
3981,5,C,0,202050801640,20201111,5,167
3982,4,B,1,202050802050,20201111,5,168
3983,3,B,0,202050642050,20201111,5,169
3984,4,B,0,202040642050,20201111,5,170
3985,6,C,1,202050802050,20201111,5,171
3986,5,C,0,202050802040,20201111,5,172
3987,6,C,1,202050801640,20201111,5,173
3988,5,C,0,202050801632,20201111,5,174
3989,6,C,0,202050801232,20201111,5,175
3990,4,B,0,202050802050,20201111,5,176
3991,3,B,1,202050642050,20201111,5,177
3992,2,A,0,202050802050,20201111,5,178
3993,1,A,0,201650802050,20201111,5,179
3994,5,C,0,202050802050,20201111,5,180
3995,6,C,1,202050801650,20201111,5,181
3996,5,C,0,202050801640,20201111,5,182
3997,6,C,1,202050801240,20201111,5,183
3998,5,C,0,202050801232,20201111,5,184
3999,6,C,0,202050801032,20201111,5,185
4000,4,B,0,202050802050,20201111,5,186
4001,3,B,0,202050642050,20201111,5,187
4002,4,B,1,202040642050,20201111,5,188
4003,3,B,1,202040512050,20201111,5,189
4004,4,B,0,202032512050,20201111,5,190
4005,3,B,1,202032402050,20201111,5,191
4006,4,B,0,202025402050,20201111,5,192
4007,6,C,1,202050802050,20201111,5,193
4008,5,C,0,202050802040,20201111,5,194
4009,6,C,1,202050801640,20201111,5,195
4010,5,C,0,202050801632,20201111,5,196
4011,6,C,0,202050801232,20201111,5,197
4012,5,C,0,202050801225,20201111,5,198
4013,6,C,0,202050801025,20201111,5,199
4014,2,A,0,202050802050,20201111,5,200
4015,1,A,0,201650802050,20201111,5,201
4016,2,A,0,161650802050,20201111,5,202
4017,5,C,0,202050802050,20201111,5,203
4018,6,C,0,202050801650,20201111,5,204
4019,5,C,0,202050801640,20201111,5,205
4020,6,C,1,202050801240,20201111,5,206
4021,4,B,1,202050802050,20201111,5,207
4022,3,B,1,202050642050,20201111,5,208
4023,4,B,1,202040642050,20201111,5,209
4024,3,B,0,202040512050,20201111,5,210
4025,4,B,0,202032512050,20201111,5,211
4026,3,B,1,202032402050,20201111,5,212
4027,4,B,0,202025402050,20201111,5,213
4028,6,C,1,202050802050,20201111,5,214
4029,5,C,0,202050802040,20201111,5,215
4030,6,C,0,202050801640,20201111,5,216
4031,5,C,0,202050801632,20201111,5,217
4032,6,C,0,202050801232,20201111,5,218
4033,5,C,0,202050801225,20201111,5,219
4034,6,C,0,202050801025,20201111,5,220
4035,2,A,0,202050802050,20201111,5,221
4036,1,A,0,201650802050,20201111,5,222
4037,2,A,0,161650802050,20201111,5,223
4038,1,A,0,161250802050,20201111,5,224
4039,6,C,1,202050802050,20201111,5,225
4040,5,C,1,202050802040,20201111,5,226
4041,6,C,1,202050801640,20201111,5,227
4042,5,C,0,202050801632,20201111,5,228
4043,6,C,0,202050801232,20201111,5,229
4044,1,A,0,202050802050,20201111,5,230
4045,2,A,0,162050802050,20201111,5,231
4046,5,C,0,202050802050,20201111,5,232
4047,6,C,0,202050801650,20201111,5,233
4048,5,C,0,202050801640,20201111,5,234
4049,6,C,1,202050801240,20201111,5,235
4050,1,A,0,202050802050,20201111,5,236
4051,2,A,0,162050802050,20201111,5,237
4052,6,C,0,202050802050,20201111,5,238
4053,5,C,0,202050802040,20201111,5,239
4054,6,C,0,202050801640,20201111,5,240
4055,5,C,0,202050801632,20201111,5,241
4056,4,B,1,202050802050,20201111,5,242
4057,3,B,0,202050642050,20201111,5,243
4058,4,B,1,202040642050,20201111,5,244
4059,3,B,0,202040512050,20201111,5,245
4060,4,B,1,202032512050,20201111,5,246
4061,6,C,1,202050802050,20201111,5,247
4062,5,C,0,202050802040,20201111,5,248
4063,6,C,0,202050801640,20201111,5,249
4064,4,B,1,202050802050,20201111,5,250
4065,3,B,0,202050642050,20201111,5,251
4066,4,B,0,202040642050,20201111,5,252
4067,6,C,0,202050802050,20201111,5,253
4068,5,C,1,202050802040,20201111,5,254
4069,6,C,0,202050801640,20201111,5,255
4070,5,C,0,202050801632,20201111,5,256
4071,6,C,0,202050801232,20201111,5,257
4072,2,A,1,202050802050,20201111,5,258
4073,1,A,0,201650802050,20201111,5,259
4074,2,A,0,161650802050,20201111,5,260
4075,1,A,0,161250802050,20201111,5,261
4076,2,A,0,121250802050,20201111,5,262
4077,6,C,1,202050802050,20201111,5,263
4078,5,C,0,202050802040,20201111,5,264
4079,6,C,1,202050801640,20201111,5,265
4080,5,C,0,202050801632,20201111,5,266
4081,4,B,0,202080508020,20201112,1,0
4082,3,B,0,202080408020,20201112,1,1
4083,4,B,1,202064408020,20201112,1,2
4084,2,A,0,202080508020,20201112,1,3
4085,1,A,0,201680508020,20201112,1,4
4086,2,A,0,161680508020,20201112,1,5
4087,6,C,0,202080508020,20201112,1,6
4088,5,C,1,202080508016,20201112,1,7
4089,6,C,0,202080506416,20201112,1,8
4090,5,C,1,202080506412,20201112,1,9
4091,4,B,0,202080508020,20201112,1,10
4092,3,B,1,202080408020,20201112,1,11
4093,4,B,0,202064408020,20201112,1,12
4094,3,B,1,202064328020,20201112,1,13
4095,4,B,0,202051328020,20201112,1,14
4096,3,B,1,202051258020,20201112,1,15
4097,2,A,0,202080508020,20201112,1,16
4098,1,A,0,201680508020,20201112,1,17
4099,2,A,0,161680508020,20201112,1,18
4100,6,C,0,202080508020,20201112,1,19
4101,4,B,1,202080508020,20201112,1,20
4102,3,B,1,202080408020,20201112,1,21
4103,4,B,1,202064408020,20201112,1,22
4104,3,B,1,202064328020,20201112,1,23
4105,4,B,1,202051328020,20201112,1,24
4106,3,B,0,202051258020,20201112,1,25
4107,1,A,0,202080508020,20201112,1,26
4108,2,A,0,162080508020,20201112,1,27
4109,1,A,1,161680508020,20201112,1,28
4110,2,A,0,121680508020,20201112,1,29
4111,6,C,0,202080508020,20201112,1,30
4112,5,C,1,202080508016,20201112,1,31
4113,6,C,0,202080506416,20201112,1,32
4114,5,C,1,202080506412,20201112,1,33
4115,4,B,1,202080508020,20201112,1,34
4116,3,B,1,202080408020,20201112,1,35
4117,4,B,0,202064408020,20201112,1,36
4118,3,B,1,202064328020,20201112,1,37
4119,4,B,1,202051328020,20201112,1,38
4120,3,B,0,202051258020,20201112,1,39
4121,4,B,0,202040258020,20201112,1,40
4122,3,B,1,202040208020,20201112,1,41
4123,6,C,0,202080508020,20201112,1,42
4124,5,C,1,202080508016,20201112,1,43
4125,6,C,0,202080506416,20201112,1,44
4126,5,C,1,202080506412,20201112,1,45
4127,6,C,0,202080505112,20201112,1,46
4128,5,C,1,202080505110,20201112,1,47
4129,4,B,0,202080508020,20201112,1,48
4130,3,B,0,202080408020,20201112,1,49
4131,2,A,1,202080508020,20201112,1,50
4132,1,A,0,201680508020,20201112,1,51
4133,2,A,0,161680508020,20201112,1,52
4134,4,B,0,202080508020,20201112,1,53
4135,3,B,0,202080408020,20201112,1,54
4136,4,B,0,202064408020,20201112,1,55
4137,3,B,0,202064328020,20201112,1,56
4138,6,C,0,202080508020,20201112,1,57
4139,5,C,0,202080508016,20201112,1,58
4140,4,B,1,202080508020,20201112,1,59
4141,3,B,1,202080408020,20201112,1,60
4142,4,B,1,202064408020,20201112,1,61
4143,3,B,1,202064328020,20201112,1,62
4144,4,B,0,202051328020,20201112,1,63
4145,3,B,1,202051258020,20201112,1,64
4146,4,B,0,202040258020,20201112,1,65
4147,3,B,0,202040208020,20201112,1,66
4148,4,B,1,202032208020,20201112,1,67
4149,3,B,0,202032168020,20201112,1,68
4150,6,C,0,202080508020,20201112,1,69
4151,5,C,0,202080508016,20201112,1,70
4152,6,C,0,202080506416,20201112,1,71
4153,5,C,1,202080506412,20201112,1,72
4154,4,B,0,202080508020,20201112,1,73
4155,3,B,1,202080408020,20201112,1,74
4156,4,B,1,202064408020,20201112,1,75
4157,3,B,1,202064328020,20201112,1,76
4158,4,B,1,202051328020,20201112,1,77
4159,3,B,1,202051258020,20201112,1,78
4160,4,B,0,202040258020,20201112,1,79
4161,3,B,1,202040208020,20201112,1,80
4162,4,B,0,202032208020,20201112,1,81
4163,3,B,1,202032168020,20201112,1,82
4164,1,A,0,202080508020,20201112,1,83
4165,2,A,1,162080508020,20201112,1,84
4166,1,A,0,161680508020,20201112,1,85
4167,4,B,0,202080508020,20201112,2,0
4168,3,B,1,202080408020,20201112,2,1
4169,4,B,1,202064408020,20201112,2,2
4170,3,B,1,202064328020,20201112,2,3
4171,4,B,1,202051328020,20201112,2,4
4172,3,B,0,202051258020,20201112,2,5
4173,4,B,0,202040258020,20201112,2,6
4174,6,C,0,202080508020,20201112,2,7
4175,5,C,1,202080508016,20201112,2,8
4176,6,C,0,202080506416,20201112,2,9
4177,5,C,1,202080506412,20201112,2,10
4178,4,B,0,202080508020,20201112,2,11
4179,3,B,1,202080408020,20201112,2,12
4180,4,B,0,202064408020,20201112,2,13
4181,3,B,1,202064328020,20201112,2,14
4182,4,B,0,202051328020,20201112,2,15
4183,3,B,0,202051258020,20201112,2,16
4184,2,A,0,202080508020,20201112,2,17
4185,1,A,0,201680508020,20201112,2,18
4186,2,A,1,161680508020,20201112,2,19
4187,1,A,0,161280508020,20201112,2,20
4188,2,A,1,121280508020,20201112,2,21
4189,4,B,0,202080508020,20201112,2,22
4190,3,B,1,202080408020,20201112,2,23
4191,4,B,0,202064408020,20201112,2,24
4192,3,B,1,202064328020,20201112,2,25
4193,4,B,0,202051328020,20201112,2,26
4194,3,B,0,202051258020,20201112,2,27
4195,6,C,0,202080508020,20201112,2,28
4196,5,C,1,202080508016,20201112,2,29
4197,6,C,0,202080506416,20201112,2,30
4198,5,C,0,202080506412,20201112,2,31
4199,4,B,0,202080508020,20201112,2,32
4200,3,B,1,202080408020,20201112,2,33
4201,4,B,0,202064408020,20201112,2,34
4202,3,B,1,202064328020,20201112,2,35
4203,4,B,1,202051328020,20201112,2,36
4204,3,B,1,202051258020,20201112,2,37
4205,4,B,0,202040258020,20201112,2,38
4206,3,B,1,202040208020,20201112,2,39
4207,2,A,1,202080508020,20201112,2,40
4208,1,A,1,201680508020,20201112,2,41
4209,2,A,0,161680508020,20201112,2,42
4210,1,A,0,161280508020,20201112,2,43
4211,2,A,1,121280508020,20201112,2,44
4212,5,C,1,202080508020,20201112,2,45
4213,6,C,0,202080506420,20201112,2,46
4214,5,C,0,202080506416,20201112,2,47
4215,4,B,1,202080508020,20201112,2,48
4216,3,B,1,202080408020,20201112,2,49
4217,4,B,0,202064408020,20201112,2,50
4218,3,B,1,202064328020,20201112,2,51
4219,4,B,0,202051328020,20201112,2,52
4220,3,B,1,202051258020,20201112,2,53
4221,4,B,0,202040258020,20201112,2,54
4222,3,B,1,202040208020,20201112,2,55
4223,4,B,0,202032208020,20201112,2,56
4224,3,B,1,202032168020,20201112,2,57
4225,2,A,0,202080508020,20201112,2,58
4226,1,A,0,201680508020,20201112,2,59
4227,2,A,0,161680508020,20201112,2,60
4228,5,C,1,202080508020,20201112,2,61
4229,6,C,0,202080506420,20201112,2,62
4230,5,C,1,202080506416,20201112,2,63
4231,4,B,1,202080508020,20201112,2,64
4232,3,B,1,202080408020,20201112,2,65
4233,4,B,0,202064408020,20201112,2,66
4234,3,B,1,202064328020,20201112,2,67
4235,4,B,0,202051328020,20201112,2,68
4236,3,B,1,202051258020,20201112,2,69
4237,4,B,0,202040258020,20201112,2,70
4238,3,B,0,202040208020,20201112,2,71
4239,2,A,0,202080508020,20201112,2,72
4240,5,C,1,202080508020,20201112,2,73
4241,6,C,1,202080506420,20201112,2,74
4242,5,C,1,202080506416,20201112,2,75
4243,3,B,1,202080508020,20201112,2,76
4244,4,B,0,202064508020,20201112,2,77
4245,3,B,0,202064408020,20201112,2,78
4246,4,B,0,202051408020,20201112,2,79
4247,3,B,0,202051328020,20201112,2,80
4248,2,A,0,202080508020,20201112,2,81
4249,1,A,0,201680508020,20201112,2,82
4250,2,A,1,161680508020,20201112,2,83
4251,5,C,1,202080508020,20201112,2,84
4252,6,C,0,202080506420,20201112,2,85
4253,5,C,1,202080506416,20201112,2,86
4254,4,B,0,202080508020,20201112,2,87
4255,3,B,1,202080408020,20201112,2,88
4256,4,B,0,202064408020,20201112,2,89
4257,3,B,0,202064328020,20201112,2,90
4258,4,B,0,202051328020,20201112,2,91
4259,3,B,0,202051258020,20201112,2,92
4260,2,A,0,202080508020,20201112,2,93
4261,1,A,1,201680508020,20201112,2,94
4262,2,A,1,161680508020,20201112,2,95
4263,5,C,1,202080508020,20201112,2,96
4264,6,C,0,202080506420,20201112,2,97
4265,5,C,0,202080506416,20201112,2,98
4266,4,B,1,202080508020,20201112,2,99
4267,3,B,1,202080408020,20201112,2,100
4268,4,B,0,202064408020,20201112,2,101
4269,3,B,1,202064328020,20201112,2,102
4270,4,B,0,202051328020,20201112,2,103
4271,3,B,0,202051258020,20201112,2,104
4272,6,C,0,202080508020,20201112,2,105
4273,5,C,1,202080508016,20201112,2,106
4274,4,B,0,202080508020,20201112,2,107
4275,3,B,1,202080408020,20201112,2,108
4276,4,B,0,202064408020,20201112,2,109
4277,3,B,0,202064328020,20201112,2,110
4278,2,A,0,202080508020,20201112,2,111
4279,1,A,0,201680508020,20201112,2,112
4280,2,A,0,161680508020,20201112,2,113
4281,5,C,1,202080508020,20201112,2,114
4282,4,B,1,202080508020,20201112,2,115
4283,3,B,0,202080408020,20201112,2,116
4284,4,B,1,202064408020,20201112,2,117
4285,3,B,0,202064328020,20201112,2,118
4286,4,B,0,202051328020,20201112,2,119
4287,3,B,1,202051258020,20201112,2,120
4288,4,B,1,202040258020,20201112,2,121
4289,3,B,0,202040208020,20201112,2,122
4290,4,B,0,202032208020,20201112,2,123
4291,3,B,0,202032168020,20201112,2,124
4292,5,C,0,202080508020,20201112,2,125
4293,6,C,1,202080506420,20201112,2,126
4294,5,C,0,202080506416,20201112,2,127
4295,4,B,0,202080508020,20201112,2,128
4296,3,B,1,202080408020,20201112,2,129
4297,4,B,0,202064408020,20201112,2,130
4298,3,B,1,202064328020,20201112,2,131
4299,2,A,0,202080508020,20201112,2,132
4300,1,A,1,201680508020,20201112,2,133
4301,2,A,0,161680508020,20201112,2,134
4302,5,C,0,202080508020,20201112,2,135
4303,6,C,0,202080506420,20201112,2,136
4304,5,C,0,202080506416,20201112,2,137
4305,4,B,1,202080508020,20201112,2,138
4306,3,B,1,202080408020,20201112,2,139
4307,4,B,0,202064408020,20201112,2,140
4308,3,B,1,202064328020,20201112,2,141
4309,4,B,1,202051328020,20201112,2,142
4310,3,B,1,202051258020,20201112,2,143
4311,4,B,1,202040258020,20201112,2,144
4312,3,B,0,202040208020,20201112,2,145
4313,4,B,0,202032208020,20201112,2,146
4314,3,B,0,202032168020,20201112,2,147
4315,4,B,1,202026168020,20201112,2,148
4316,3,B,0,202026138020,20201112,2,149
4317,4,B,0,202020138020,20201112,2,150
4318,3,B,0,202020108020,20201112,2,151
4319,5,C,1,202080508020,20201112,2,152
4320,6,C,0,202080506420,20201112,2,153
4321,5,C,1,202080506416,20201112,2,154
4322,4,B,1,202080508020,20201112,2,155
4323,3,B,1,202080408020,20201112,2,156
4324,4,B,1,202064408020,20201112,2,157
4325,3,B,0,202064328020,20201112,2,158
4326,4,B,1,202051328020,20201112,2,159
4327,3,B,1,202051258020,20201112,2,160
4328,4,B,1,202040258020,20201112,2,161
4329,3,B,0,202040208020,20201112,2,162
4330,4,B,0,202032208020,20201112,2,163
4331,3,B,0,202032168020,20201112,2,164
4332,4,B,0,202026168020,20201112,2,165
4333,2,A,0,202080508020,20201112,2,166
4334,1,A,0,201680508020,20201112,2,167
4335,2,A,0,161680508020,20201112,2,168
4336,5,C,1,202080508020,20201112,2,169
4337,6,C,0,202080506420,20201112,2,170
4338,5,C,0,202080506416,20201112,2,171
4339,4,B,1,202080508020,20201112,2,172
4340,3,B,1,202080408020,20201112,2,173
4341,4,B,1,202064408020,20201112,2,174
4342,3,B,0,202064328020,20201112,2,175
4343,4,B,0,202051328020,20201112,2,176
4344,3,B,1,202051258020,20201112,2,177
4345,4,B,0,202040258020,20201112,2,178
4346,3,B,0,202040208020,20201112,2,179
4347,2,A,1,202080508020,20201112,2,180
4348,1,A,0,201680508020,20201112,2,181
4349,2,A,0,161680508020,20201112,2,182
4350,5,C,1,202080508020,20201112,2,183
4351,6,C,0,202080506420,20201112,2,184
4352,5,C,1,202080506416,20201112,2,185
4353,4,B,1,202080508020,20201112,2,186
4354,3,B,1,202080408020,20201112,2,187
4355,4,B,1,202064408020,20201112,2,188
4356,3,B,1,202064328020,20201112,2,189
4357,4,B,0,202051328020,20201112,2,190
4358,3,B,0,202051258020,20201112,2,191
4359,4,B,1,202040258020,20201112,2,192
4360,3,B,0,202040208020,20201112,2,193
4361,4,B,0,202032208020,20201112,2,194
4362,3,B,0,202032168020,20201112,2,195
4363,2,A,0,202080508020,20201112,2,196
4364,1,A,0,201680508020,20201112,2,197
4365,2,A,0,161680508020,20201112,2,198
4366,5,C,1,202080508020,20201112,2,199
4367,6,C,1,202080506420,20201112,2,200
4368,5,C,1,202080506416,20201112,2,201
4369,4,B,1,202080508020,20201112,2,202
4370,3,B,0,202080408020,20201112,2,203
4371,4,B,1,202064408020,20201112,2,204
4372,3,B,0,202064328020,20201112,2,205
4373,4,B,1,202051328020,20201112,2,206
4374,3,B,1,202051258020,20201112,2,207
4375,4,B,1,202040258020,20201112,2,208
4376,3,B,0,202040208020,20201112,2,209
4377,4,B,0,202032208020,20201112,2,210
4378,3,B,0,202032168020,20201112,2,211
4379,5,C,1,202080508020,20201112,2,212
4380,6,C,0,202080506420,20201112,2,213
4381,4,B,0,208020205080,20201112,3,0
4382,3,B,0,208020165080,20201112,3,1
4383,4,B,0,208016165080,20201112,3,2
4384,2,A,0,208020205080,20201112,3,3
4385,1,A,0,206420205080,20201112,3,4
4386,2,A,1,166420205080,20201112,3,5
4387,5,C,0,208020205080,20201112,3,6
4388,6,C,1,208020204080,20201112,3,7
4389,5,C,1,208020204064,20201112,3,8
4390,6,C,1,208020203264,20201112,3,9
4391,5,C,1,208020203251,20201112,3,10
4392,6,C,0,208020202551,20201112,3,11
4393,5,C,0,208020202540,20201112,3,12
4394,4,B,0,208020205080,20201112,3,13
4395,3,B,0,208020165080,20201112,3,14
4396,4,B,0,208016165080,20201112,3,15
4397,3,B,1,208016125080,20201112,3,16
4398,4,B,0,208012125080,20201112,3,17
4399,3,B,0,208012105080,20201112,3,18
4400,2,A,0,208020205080,20201112,3,19
4401,1,A,1,206420205080,20201112,3,20
4402,2,A,1,166420205080,20201112,3,21
4403,1,A,0,165120205080,20201112,3,22
4404,2,A,1,125120205080,20201112,3,23
4405,1,A,0,124020205080,20201112,3,24
4406,2,A,0,104020205080,20201112,3,25
4407,5,C,0,208020205080,20201112,3,26
4408,6,C,1,208020204080,20201112,3,27
4409,5,C,0,208020204064,20201112,3,28
4410,4,B,0,208020205080,20201112,3,29
4411,3,B,0,208020165080,20201112,3,30
4412,4,B,1,208016165080,20201112,3,31
4413,3,B,0,208016125080,20201112,3,32
4414,4,B,0,208012125080,20201112,3,33
4415,2,A,1,208020205080,20201112,3,34
4416,1,A,0,206420205080,20201112,3,35
4417,2,A,1,166420205080,20201112,3,36
4418,1,A,1,165120205080,20201112,3,37
4419,2,A,0,125120205080,20201112,3,38
4420,5,C,1,208020205080,20201112,3,39
4421,6,C,1,208020204080,20201112,3,40
4422,5,C,1,208020204064,20201112,3,41
4423,6,C,0,208020203264,20201112,3,42
4424,5,C,0,208020203251,20201112,3,43
4425,4,B,0,208020205080,20201112,3,44
4426,3,B,0,208020165080,20201112,3,45
4427,4,B,0,208016165080,20201112,3,46
4428,3,B,0,208016125080,20201112,3,47
4429,2,A,1,208020205080,20201112,3,48
4430,1,A,0,206420205080,20201112,3,49
4431,2,A,1,166420205080,20201112,3,50
4432,1,A,0,165120205080,20201112,3,51
4433,2,A,1,125120205080,20201112,3,52
4434,5,C,0,208020205080,20201112,3,53
4435,6,C,0,208020204080,20201112,3,54
4436,5,C,0,208020204064,20201112,3,55
4437,6,C,1,208020203264,20201112,3,56
4438,5,C,1,208020203251,20201112,3,57
4439,6,C,0,208020202551,20201112,3,58
4440,5,C,1,208020202540,20201112,3,59
4441,2,A,1,208020205080,20201112,3,60
4442,1,A,1,206420205080,20201112,3,61
4443,2,A,0,166420205080,20201112,3,62
4444,1,A,0,165120205080,20201112,3,63
4445,2,A,0,125120205080,20201112,3,64
4446,5,C,0,208020205080,20201112,3,65
4447,6,C,0,208020204080,20201112,3,66
4448,5,C,0,208020204064,20201112,3,67
4449,4,B,1,208020205080,20201112,3,68
4450,3,B,0,208020165080,20201112,3,69
4451,4,B,0,208016165080,20201112,3,70
4452,3,B,0,208016125080,20201112,3,71
4453,2,A,1,208020205080,20201112,3,72
4454,1,A,0,206420205080,20201112,3,73
4455,2,A,0,166420205080,20201112,3,74
4456,5,C,1,208020205080,20201112,3,75
4457,6,C,1,208020204080,20201112,3,76
4458,5,C,0,208020204064,20201112,3,77
4459,6,C,1,208020203264,20201112,3,78
4460,5,C,1,208020203251,20201112,3,79
4461,6,C,1,208020202551,20201112,3,80
4462,5,C,0,208020202540,20201112,3,81
4463,6,C,0,208020202040,20201112,3,82
4464,5,C,0,208020202032,20201112,3,83
4465,2,A,1,208020205080,20201112,3,84
4466,1,A,0,206420205080,20201112,3,85
4467,2,A,0,166420205080,20201112,3,86
4468,5,C,0,208020205080,20201112,3,87
4469,6,C,1,208020204080,20201112,3,88
4470,5,C,0,208020204064,20201112,3,89
4471,6,C,1,208020203264,20201112,3,90
4472,2,A,1,208020205080,20201112,3,91
4473,1,A,0,206420205080,20201112,3,92
4474,2,A,1,166420205080,20201112,3,93
4475,4,B,0,208020205080,20201112,3,94
4476,3,B,0,208020165080,20201112,3,95
4477,4,B,0,208016165080,20201112,3,96
4478,3,B,0,208016125080,20201112,3,97
4479,2,A,1,208020205080,20201112,3,98
4480,1,A,0,206420205080,20201112,3,99
4481,2,A,1,166420205080,20201112,3,100
4482,4,B,0,208020205080,20201112,3,101
4483,3,B,1,208020165080,20201112,3,102
4484,4,B,0,208016165080,20201112,3,103
4485,3,B,0,208016125080,20201112,3,104
4486,2,A,0,208020205080,20201112,3,105
4487,1,A,0,206420205080,20201112,3,106
4488,2,A,0,166420205080,20201112,3,107
4489,5,C,0,208020205080,20201112,3,108
4490,6,C,1,208020204080,20201112,3,109
4491,5,C,1,208020204064,20201112,3,110
4492,6,C,0,208020203264,20201112,3,111
4493,5,C,0,208020203251,20201112,3,112
4494,2,A,1,208020205080,20201112,3,113
4495,1,A,0,206420205080,20201112,3,114
4496,2,A,1,166420205080,20201112,3,115
4497,1,A,0,165120205080,20201112,3,116
4498,2,A,1,125120205080,20201112,3,117
4499,4,B,1,208020205080,20201112,3,118
4500,3,B,0,208020165080,20201112,3,119
4501,4,B,0,208016165080,20201112,3,120
4502,3,B,0,208016125080,20201112,3,121
4503,4,B,0,208012125080,20201112,3,122
4504,2,A,1,208020205080,20201112,3,123
4505,1,A,1,206420205080,20201112,3,124
4506,2,A,1,166420205080,20201112,3,125
4507,1,A,0,165120205080,20201112,3,126
4508,2,A,1,125120205080,20201112,3,127
4509,1,A,1,124020205080,20201112,3,128
4510,2,A,0,104020205080,20201112,3,129
4511,1,A,0,103220205080,20201112,3,130
4512,2,A,0,083220205080,20201112,3,131
4513,5,C,0,208020205080,20201112,3,132
4514,6,C,1,208020204080,20201112,3,133
4515,5,C,0,208020204064,20201112,3,134
4516,6,C,1,208020203264,20201112,3,135
4517,5,C,0,208020203251,20201112,3,136
4518,6,C,0,208020202551,20201112,3,137
4519,2,A,1,208020205080,20201112,3,138
4520,1,A,0,206420205080,20201112,3,139
4521,2,A,0,166420205080,20201112,3,140
4522,4,B,0,208020205080,20201112,3,141
4523,3,B,0,208020165080,20201112,3,142
4524,4,B,0,208016165080,20201112,3,143
4525,2,A,1,208020205080,20201112,3,144
4526,1,A,0,206420205080,20201112,3,145
4527,2,A,1,166420205080,20201112,3,146
4528,5,C,1,208020205080,20201112,3,147
4529,6,C,0,208020204080,20201112,3,148
4530,5,C,0,208020204064,20201112,3,149
4531,6,C,1,208020203264,20201112,3,150
4532,5,C,1,208020203251,20201112,3,151
4533,6,C,0,208020202551,20201112,3,152
4534,5,C,0,208020202540,20201112,3,153
4535,2,A,0,208020205080,20201112,3,154
4536,1,A,0,206420205080,20201112,3,155
4537,2,A,1,166420205080,20201112,3,156
4538,1,A,0,165120205080,20201112,3,157
4539,2,A,1,125120205080,20201112,3,158
4540,5,C,1,208020205080,20201112,3,159
4541,6,C,1,208020204080,20201112,3,160
4542,5,C,1,208020204064,20201112,3,161
4543,6,C,1,208020203264,20201112,3,162
4544,5,C,0,208020203251,20201112,3,163
4545,6,C,0,208020202551,20201112,3,164
4546,5,C,0,208020202540,20201112,3,165
4547,2,A,0,208020205080,20201112,3,166
4548,1,A,0,206420205080,20201112,3,167
4549,2,A,1,166420205080,20201112,3,168
4550,5,C,0,208020205080,20201112,3,169
4551,6,C,0,208020204080,20201112,3,170
4552,5,C,0,208020204064,20201112,3,171
4553,4,B,0,208020205080,20201112,3,172
4554,3,B,0,208020165080,20201112,3,173
4555,2,A,1,208020205080,20201112,3,174
4556,1,A,0,206420205080,20201112,3,175
4557,2,A,0,166420205080,20201112,3,176
4558,6,C,1,208020205080,20201112,3,177
4559,5,C,1,208020205064,20201112,3,178
4560,6,C,1,208020204064,20201112,3,179
4561,5,C,0,208020204051,20201112,3,180
4562,6,C,0,208020203251,20201112,3,181
4563,5,C,0,208020203240,20201112,3,182
4564,2,A,0,208020205080,20201112,3,183
4565,1,A,0,206420205080,20201112,3,184
4566,2,A,1,166420205080,20201112,3,185
4567,5,C,0,208020205080,20201112,3,186
4568,6,C,1,208020204080,20201112,3,187
4569,5,C,1,208020204064,20201112,3,188
4570,6,C,1,208020203264,20201112,3,189
4571,5,C,0,208020203251,20201112,3,190
4572,6,C,1,208020202551,20201112,3,191
4573,5,C,1,208020202540,20201112,3,192
4574,6,C,0,208020202040,20201112,3,193
4575,5,C,0,208020202032,20201112,3,194
4576,6,C,1,208020201632,20201112,3,195
4577,2,A,1,208020205080,20201112,3,196
4578,1,A,0,206420205080,20201112,3,197
4579,2,A,0,166420205080,20201112,3,198
4580,6,C,1,208020205080,20201112,3,199
4581,5,C,1,208020205064,20201112,3,200
4582,6,C,1,208020204064,20201112,3,201
4583,5,C,0,208020204051,20201112,3,202
4584,6,C,0,208020203251,20201112,3,203
4585,5,C,1,208020203240,20201112,3,204
4586,6,C,0,208020202540,20201112,3,205
4587,5,C,0,208020202532,20201112,3,206
4588,4,B,0,208020205080,20201112,3,207
4589,3,B,0,208020165080,20201112,3,208
4590,2,A,1,208020205080,20201112,3,209
4591,1,A,1,206420205080,20201112,3,210
4592,2,A,1,166420205080,20201112,3,211
4593,1,A,0,165120205080,20201112,3,212
4594,2,A,0,125120205080,20201112,3,213
4595,6,C,1,208020205080,20201112,3,214
4596,5,C,1,208020205064,20201112,3,215
4597,6,C,0,208020204064,20201112,3,216
4598,5,C,0,208020204051,20201112,3,217
4599,6,C,1,208020203251,20201112,3,218
4600,5,C,0,208020203240,20201112,3,219
4601,2,A,1,208020205080,20201112,3,220
4602,1,A,0,206420205080,20201112,3,221
4603,2,A,1,166420205080,20201112,3,222
4604,5,C,0,208020205080,20201112,3,223
4605,6,C,1,208020204080,20201112,3,224
4606,5,C,0,208020204064,20201112,3,225
4607,6,C,1,208020203264,20201112,3,226
4608,5,C,1,208020203251,20201112,3,227
4609,6,C,1,208020202551,20201112,3,228
4610,5,C,1,208020202540,20201112,3,229
4611,6,C,0,208020202040,20201112,3,230
4612,5,C,0,208020202032,20201112,3,231
4613,6,C,1,208020201632,20201112,3,232
4614,2,A,1,208020205080,20201112,3,233
4615,1,A,0,206420205080,20201112,3,234
4616,2,A,1,166420205080,20201112,3,235
4617,5,C,1,208020205080,20201112,3,236
4618,6,C,0,208020204080,20201112,3,237
4619,5,C,1,208020204064,20201112,3,238
4620,6,C,0,208020203264,20201112,3,239
4621,5,C,0,208020203251,20201112,3,240
4622,6,C,0,208020202551,20201112,3,241
4623,5,C,0,208020202540,20201112,3,242
4624,2,A,1,208020205080,20201112,3,243
4625,1,A,1,206420205080,20201112,3,244
4626,2,A,1,166420205080,20201112,3,245
4627,1,A,0,165120205080,20201112,3,246
4628,2,A,0,125120205080,20201112,3,247
4629,6,C,0,208020205080,20201112,3,248
4630,5,C,0,208020205064,20201112,3,249
4631,6,C,1,208020204064,20201112,3,250
4632,5,C,0,208020204051,20201112,3,251
4633,6,C,1,208020203251,20201112,3,252
4634,5,C,1,208020203240,20201112,3,253
4635,6,C,0,208020202540,20201112,3,254
4636,5,C,0,208020202532,20201112,3,255
4637,2,A,1,208020205080,20201112,3,256
4638,1,A,0,206420205080,20201112,3,257
4639,2,A,1,166420205080,20201112,3,258
4640,1,A,1,165120205080,20201112,3,259
4641,2,A,0,125120205080,20201112,3,260
4642,1,A,0,124020205080,20201112,3,261
4643,2,A,0,104020205080,20201112,3,262
4644,6,C,1,208020205080,20201112,3,263
4645,5,C,1,208020205064,20201112,3,264
4646,6,C,0,208020204064,20201112,3,265
4647,5,C,0,208020204051,20201112,3,266
4648,6,C,0,208020203251,20201112,3,267
4649,2,A,1,208020205080,20201112,3,268
4650,1,A,1,206420205080,20201112,3,269
4651,2,A,0,166420205080,20201112,3,270
4652,6,C,1,208020205080,20201112,3,271
4653,5,C,1,208020205064,20201112,3,272
4654,6,C,0,208020204064,20201112,3,273
4655,5,C,1,208020204051,20201112,3,274
4656,6,C,1,208020203251,20201112,3,275
4657,5,C,1,208020203240,20201112,3,276
4658,6,C,0,208020202540,20201112,3,277
4659,5,C,0,208020202532,20201112,3,278
4660,2,A,1,208020205080,20201112,3,279
4661,1,A,0,206420205080,20201112,3,280
4662,2,A,1,166420205080,20201112,3,281
4663,6,C,1,208020205080,20201112,3,282
4664,5,C,0,208020205064,20201112,3,283
4665,6,C,1,208020204064,20201112,3,284
4666,5,C,0,208020204051,20201112,3,285
4667,6,C,1,208020203251,20201112,3,286
4668,5,C,1,208020203240,20201112,3,287
4669,6,C,0,208020202540,20201112,3,288
4670,5,C,0,208020202532,20201112,3,289
4671,2,A,1,208020205080,20201112,3,290
4672,1,A,0,206420205080,20201112,3,291
4673,2,A,1,166420205080,20201112,3,292
4674,6,C,1,208020205080,20201112,3,293
4675,5,C,0,208020205064,20201112,3,294
4676,6,C,1,208020204064,20201112,3,295
4677,5,C,0,208020204051,20201112,3,296
4678,6,C,0,208020203251,20201112,3,297
4679,2,A,1,208020205080,20201112,3,298
4680,1,A,0,206420205080,20201112,3,299
4681,4,B,0,802020502020,20201112,4,0
4682,3,B,0,802020402020,20201112,4,1
4683,4,B,0,802016402020,20201112,4,2
4684,2,A,1,802020502020,20201112,4,3
4685,1,A,1,801620502020,20201112,4,4
4686,2,A,0,641620502020,20201112,4,5
4687,6,C,0,802020502020,20201112,4,6
4688,5,C,0,802020502016,20201112,4,7
4689,6,C,0,802020501616,20201112,4,8
4690,5,C,1,802020501612,20201112,4,9
4691,2,A,0,802020502020,20201112,4,10
4692,1,A,1,801620502020,20201112,4,11
4693,2,A,0,641620502020,20201112,4,12
4694,1,A,0,641220502020,20201112,4,13
4695,2,A,0,511220502020,20201112,4,14
4696,6,C,1,802020502020,20201112,4,15
4697,5,C,0,802020502016,20201112,4,16
4698,6,C,0,802020501616,20201112,4,17
4699,5,C,0,802020501612,20201112,4,18
4700,4,B,0,802020502020,20201112,4,19
4701,3,B,0,802020402020,20201112,4,20
4702,2,A,0,802020502020,20201112,4,21
4703,1,A,1,801620502020,20201112,4,22
4704,2,A,1,641620502020,20201112,4,23
4705,1,A,1,641220502020,20201112,4,24
4706,2,A,0,511220502020,20201112,4,25
4707,1,A,0,511020502020,20201112,4,26
4708,2,A,0,401020502020,20201112,4,27
4709,6,C,0,802020502020,20201112,4,28
4710,5,C,0,802020502016,20201112,4,29
4711,2,A,0,802020502020,20201112,4,30
4712,5,C,0,802020502020,20201112,4,31
4713,6,C,0,802020501620,20201112,4,32
4714,4,B,0,802020502020,20201112,4,33
4715,3,B,0,802020402020,20201112,4,34
4716,2,A,0,802020502020,20201112,4,35
4717,1,A,1,801620502020,20201112,4,36
4718,2,A,0,641620502020,20201112,4,37
4719,1,A,1,641220502020,20201112,4,38
4720,2,A,0,511220502020,20201112,4,39
4721,1,A,0,511020502020,20201112,4,40
4722,6,C,0,802020502020,20201112,4,41
4723,5,C,0,802020502016,20201112,4,42
4724,4,B,1,802020502020,20201112,4,43
4725,3,B,1,802020402020,20201112,4,44
4726,4,B,1,802016402020,20201112,4,45
4727,3,B,0,802016322020,20201112,4,46
4728,4,B,0,802012322020,20201112,4,47
4729,3,B,0,802012252020,20201112,4,48
4730,2,A,0,802020502020,20201112,4,49
4731,1,A,1,801620502020,20201112,4,50
4732,2,A,0,641620502020,20201112,4,51
4733,1,A,1,641220502020,20201112,4,52
4734,2,A,0,511220502020,20201112,4,53
4735,1,A,0,511020502020,20201112,4,54
4736,6,C,0,802020502020,20201112,4,55
4737,5,C,0,802020502016,20201112,4,56
4738,6,C,0,802020501616,20201112,4,57
4739,5,C,0,802020501612,20201112,4,58
4740,2,A,1,802020502020,20201112,4,59
4741,1,A,1,801620502020,20201112,4,60
4742,2,A,1,641620502020,20201112,4,61
4743,1,A,0,641220502020,20201112,4,62
4744,2,A,0,511220502020,20201112,4,63
4745,6,C,0,802020502020,20201112,4,64
4746,5,C,1,802020502016,20201112,4,65
4747,6,C,0,802020501616,20201112,4,66
4748,5,C,0,802020501612,20201112,4,67
4749,4,B,1,802020502020,20201112,4,68
4750,3,B,0,802020402020,20201112,4,69
4751,4,B,0,802016402020,20201112,4,70
4752,2,A,0,802020502020,20201112,4,71
4753,1,A,1,801620502020,20201112,4,72
4754,2,A,0,641620502020,20201112,4,73
4755,1,A,1,641220502020,20201112,4,74
4756,2,A,1,511220502020,20201112,4,75
4757,1,A,1,511020502020,20201112,4,76
4758,2,A,0,401020502020,20201112,4,77
4759,1,A,1,400820502020,20201112,4,78
4760,2,A,0,320820502020,20201112,4,79
4761,1,A,0,320620502020,20201112,4,80
4762,6,C,0,802020502020,20201112,4,81
4763,5,C,0,802020502016,20201112,4,82
4764,6,C,0,802020501616,20201112,4,83
4765,2,A,0,802020502020,20201112,4,84
4766,1,A,1,801620502020,20201112,4,85
4767,2,A,0,641620502020,20201112,4,86
4768,1,A,0,641220502020,20201112,4,87
4769,2,A,0,511220502020,20201112,4,88
4770,6,C,0,802020502020,20201112,4,89
4771,5,C,1,802020502016,20201112,4,90
4772,6,C,0,802020501616,20201112,4,91
4773,5,C,0,802020501612,20201112,4,92
4774,2,A,1,802020502020,20201112,4,93
4775,1,A,0,801620502020,20201112,4,94
4776,2,A,1,641620502020,20201112,4,95
4777,1,A,0,641220502020,20201112,4,96
4778,2,A,0,511220502020,20201112,4,97
4779,1,A,0,511020502020,20201112,4,98
4780,2,A,0,401020502020,20201112,4,99
4781,4,B,0,802020502020,20201112,4,100
4782,3,B,1,802020402020,20201112,4,101
4783,4,B,0,802016402020,20201112,4,102
4784,3,B,1,802016322020,20201112,4,103
4785,4,B,0,802012322020,20201112,4,104
4786,3,B,0,802012252020,20201112,4,105
4787,2,A,0,802020502020,20201112,4,106
4788,1,A,1,801620502020,20201112,4,107
4789,2,A,0,641620502020,20201112,4,108
4790,1,A,0,641220502020,20201112,4,109
4791,2,A,0,511220502020,20201112,4,110
4792,5,C,0,802020502020,20201112,4,111
4793,6,C,0,802020501620,20201112,4,112
4794,5,C,1,802020501616,20201112,4,113
4795,6,C,0,802020501216,20201112,4,114
4796,5,C,0,802020501212,20201112,4,115
4797,2,A,0,802020502020,20201112,4,116
4798,1,A,1,801620502020,20201112,4,117
4799,2,A,1,641620502020,20201112,4,118
4800,1,A,1,641220502020,20201112,4,119
4801,2,A,0,511220502020,20201112,4,120
4802,1,A,1,511020502020,20201112,4,121
4803,2,A,0,401020502020,20201112,4,122
4804,1,A,0,400820502020,20201112,4,123
4805,4,B,1,802020502020,20201112,4,124
4806,3,B,0,802020402020,20201112,4,125
4807,4,B,1,802016402020,20201112,4,126
4808,3,B,0,802016322020,20201112,4,127
4809,4,B,0,802012322020,20201112,4,128
4810,2,A,1,802020502020,20201112,4,129
4811,1,A,1,801620502020,20201112,4,130
4812,2,A,0,641620502020,20201112,4,131
4813,1,A,1,641220502020,20201112,4,132
4814,2,A,1,511220502020,20201112,4,133
4815,1,A,1,511020502020,20201112,4,134
4816,2,A,0,401020502020,20201112,4,135
4817,1,A,0,400820502020,20201112,4,136
4818,2,A,0,320820502020,20201112,4,137
4819,5,C,1,802020502020,20201112,4,138
4820,6,C,0,802020501620,20201112,4,139
4821,5,C,0,802020501616,20201112,4,140
4822,2,A,0,802020502020,20201112,4,141
4823,1,A,1,801620502020,20201112,4,142
4824,2,A,0,641620502020,20201112,4,143
4825,1,A,1,641220502020,20201112,4,144
4826,2,A,1,511220502020,20201112,4,145
4827,1,A,1,511020502020,20201112,4,146
4828,2,A,0,401020502020,20201112,4,147
4829,1,A,1,400820502020,20201112,4,148
4830,2,A,0,320820502020,20201112,4,149
4831,1,A,0,320620502020,20201112,4,150
4832,5,C,0,802020502020,20201112,4,151
4833,6,C,0,802020501620,20201112,4,152
4834,5,C,1,802020501616,20201112,4,153
4835,2,A,0,802020502020,20201112,4,154
4836,1,A,1,801620502020,20201112,4,155
4837,2,A,0,641620502020,20201112,4,156
4838,1,A,1,641220502020,20201112,4,157
4839,2,A,0,511220502020,20201112,4,158
4840,1,A,1,511020502020,20201112,4,159
4841,2,A,0,401020502020,20201112,4,160
4842,1,A,0,400820502020,20201112,4,161
4843,2,A,0,320820502020,20201112,4,162
4844,4,B,0,802020502020,20201112,4,163
4845,3,B,0,802020402020,20201112,4,164
4846,4,B,0,802016402020,20201112,4,165
4847,2,A,0,802020502020,20201112,4,166
4848,1,A,1,801620502020,20201112,4,167
4849,2,A,0,641620502020,20201112,4,168
4850,1,A,0,641220502020,20201112,4,169
4851,2,A,0,511220502020,20201112,4,170
4852,5,C,1,802020502020,20201112,4,171
4853,6,C,0,802020501620,20201112,4,172
4854,5,C,0,802020501616,20201112,4,173
4855,2,A,1,802020502020,20201112,4,174
4856,1,A,1,801620502020,20201112,4,175
4857,2,A,0,641620502020,20201112,4,176
4858,1,A,1,641220502020,20201112,4,177
4859,2,A,0,511220502020,20201112,4,178
4860,1,A,1,511020502020,20201112,4,179
4861,2,A,0,401020502020,20201112,4,180
4862,1,A,1,400820502020,20201112,4,181
4863,2,A,0,320820502020,20201112,4,182
4864,1,A,0,320620502020,20201112,4,183
4865,5,C,1,802020502020,20201112,4,184
4866,6,C,0,802020501620,20201112,4,185
4867,5,C,0,802020501616,20201112,4,186
4868,6,C,1,802020501216,20201112,4,187
4869,5,C,0,802020501212,20201112,4,188
4870,6,C,0,802020501012,20201112,4,189
4871,5,C,0,802020501010,20201112,4,190
4872,2,A,1,802020502020,20201112,4,191
4873,1,A,1,801620502020,20201112,4,192
4874,2,A,0,641620502020,20201112,4,193
4875,1,A,1,641220502020,20201112,4,194
4876,2,A,0,511220502020,20201112,4,195
4877,1,A,0,511020502020,20201112,4,196
4878,2,A,0,401020502020,20201112,4,197
4879,5,C,0,802020502020,20201112,4,198
4880,6,C,0,802020501620,20201112,4,199
4881,5,C,0,802020501616,20201112,4,200
4882,2,A,0,802020502020,20201112,4,201
4883,1,A,0,801620502020,20201112,4,202
4884,2,A,0,641620502020,20201112,4,203
4885,5,C,0,802020502020,20201112,4,204
4886,6,C,0,802020501620,20201112,4,205
4887,5,C,0,802020501616,20201112,4,206
4888,2,A,0,802020502020,20201112,4,207
4889,1,A,0,801620502020,20201112,4,208
4890,2,A,0,641620502020,20201112,4,209
4891,4,B,0,802020502020,20201112,4,210
4892,3,B,0,802020402020,20201112,4,211
4893,4,B,0,802016402020,20201112,4,212
4894,2,A,1,802020502020,20201112,4,213
4895,1,A,1,801620502020,20201112,4,214
4896,2,A,1,641620502020,20201112,4,215
4897,1,A,0,641220502020,20201112,4,216
4898,2,A,1,511220502020,20201112,4,217
4899,1,A,1,511020502020,20201112,4,218
4900,2,A,0,401020502020,20201112,4,219
4901,1,A,1,400820502020,20201112,4,220
4902,2,A,0,320820502020,20201112,4,221
4903,1,A,0,320620502020,20201112,4,222
4904,4,B,0,802020502020,20201112,4,223
4905,3,B,0,802020402020,20201112,4,224
4906,4,B,0,802016402020,20201112,4,225
4907,2,A,0,802020502020,20201112,4,226
4908,1,A,1,801620502020,20201112,4,227
4909,2,A,0,641620502020,20201112,4,228
4910,1,A,1,641220502020,20201112,4,229
4911,2,A,0,511220502020,20201112,4,230
4912,1,A,0,511020502020,20201112,4,231
4913,5,C,0,802020502020,20201112,4,232
4914,6,C,0,802020501620,20201112,4,233
4915,5,C,0,802020501616,20201112,4,234
4916,2,A,0,802020502020,20201112,4,235
4917,1,A,1,801620502020,20201112,4,236
4918,2,A,0,641620502020,20201112,4,237
4919,1,A,0,641220502020,20201112,4,238
4920,2,A,0,511220502020,20201112,4,239
4921,6,C,0,802020502020,20201112,4,240
4922,5,C,0,802020502016,20201112,4,241
4923,2,A,0,802020502020,20201112,4,242
4924,1,A,1,801620502020,20201112,4,243
4925,2,A,0,641620502020,20201112,4,244
4926,1,A,0,641220502020,20201112,4,245
4927,4,B,1,802020502020,20201112,4,246
4928,3,B,1,802020402020,20201112,4,247
4929,4,B,0,802016402020,20201112,4,248
4930,3,B,0,802016322020,20201112,4,249
4931,4,B,0,802012322020,20201112,4,250
4932,3,B,0,802012252020,20201112,4,251
4933,2,A,1,802020502020,20201112,4,252
4934,1,A,1,801620502020,20201112,4,253
4935,2,A,0,641620502020,20201112,4,254
4936,1,A,1,641220502020,20201112,4,255
4937,2,A,0,511220502020,20201112,4,256
4938,1,A,1,511020502020,20201112,4,257
4939,2,A,0,401020502020,20201112,4,258
4940,1,A,0,400820502020,20201112,4,259
4941,5,C,0,802020502020,20201112,4,260
4942,6,C,0,802020501620,20201112,4,261
4943,5,C,0,802020501616,20201112,4,262
4944,2,A,0,802020502020,20201112,4,263
4945,1,A,1,801620502020,20201112,4,264
4946,2,A,0,641620502020,20201112,4,265
4947,1,A,1,641220502020,20201112,4,266
4948,2,A,0,511220502020,20201112,4,267
4949,1,A,1,511020502020,20201112,4,268
4950,2,A,0,401020502020,20201112,4,269
4951,1,A,0,400820502020,20201112,4,270
4952,4,B,0,802020502020,20201112,4,271
4953,3,B,0,802020402020,20201112,4,272
4954,2,A,0,802020502020,20201112,4,273
4955,1,A,1,801620502020,20201112,4,274
4956,2,A,0,641620502020,20201112,4,275
4957,1,A,1,641220502020,20201112,4,276
4958,2,A,0,511220502020,20201112,4,277
4959,1,A,1,511020502020,20201112,4,278
4960,2,A,1,401020502020,20201112,4,279
4961,1,A,0,400820502020,20201112,4,280
4962,2,A,0,320820502020,20201112,4,281
4963,1,A,1,320620502020,20201112,4,282
4964,6,C,0,802020502020,20201112,4,283
4965,5,C,0,802020502016,20201112,4,284
4966,6,C,1,802020501616,20201112,4,285
4967,5,C,1,802020501612,20201112,4,286
4968,2,A,1,802020502020,20201112,4,287
4969,1,A,1,801620502020,20201112,4,288
4970,2,A,1,641620502020,20201112,4,289
4971,1,A,1,641220502020,20201112,4,290
4972,2,A,0,511220502020,20201112,4,291
4973,1,A,1,511020502020,20201112,4,292
4974,2,A,0,401020502020,20201112,4,293
4975,1,A,0,400820502020,20201112,4,294
4976,2,A,0,320820502020,20201112,4,295
4977,4,B,1,802020502020,20201112,4,296
4978,3,B,0,802020402020,20201112,4,297
4979,4,B,0,802016402020,20201112,4,298
4980,2,A,0,802020502020,20201112,4,299
4981,4,B,0,202050802050,20201112,5,0
4982,3,B,0,202050642050,20201112,5,1
4983,4,B,0,202040642050,20201112,5,2
4984,2,A,0,202050802050,20201112,5,3
4985,1,A,0,201650802050,20201112,5,4
4986,2,A,0,161650802050,20201112,5,5
4987,5,C,0,202050802050,20201112,5,6
4988,6,C,1,202050801650,20201112,5,7
4989,5,C,0,202050801640,20201112,5,8
4990,6,C,0,202050801240,20201112,5,9
4991,2,A,1,202050802050,20201112,5,10
4992,1,A,0,201650802050,20201112,5,11
4993,2,A,0,161650802050,20201112,5,12
4994,4,B,1,202050802050,20201112,5,13
4995,3,B,1,202050642050,20201112,5,14
4996,4,B,1,202040642050,20201112,5,15
4997,3,B,0,202040512050,20201112,5,16
4998,4,B,0,202032512050,20201112,5,17
4999,2,A,0,202050802050,20201112,5,18
5000,1,A,0,201650802050,20201112,5,19
5001,2,A,0,161650802050,20201112,5,20
5002,6,C,0,202050802050,20201112,5,21
5003,5,C,0,202050802040,20201112,5,22
5004,6,C,1,202050801640,20201112,5,23
5005,5,C,0,202050801632,20201112,5,24
5006,6,C,0,202050801232,20201112,5,25
5007,5,C,0,202050801225,20201112,5,26
5008,4,B,1,202050802050,20201112,5,27
5009,3,B,1,202050642050,20201112,5,28
5010,4,B,1,202040642050,20201112,5,29
5011,3,B,1,202040512050,20201112,5,30
5012,4,B,0,202032512050,20201112,5,31
5013,3,B,0,202032402050,20201112,5,32
5014,2,A,1,202050802050,20201112,5,33
5015,1,A,0,201650802050,20201112,5,34
5016,2,A,0,161650802050,20201112,5,35
5017,5,C,1,202050802050,20201112,5,36
5018,6,C,0,202050801650,20201112,5,37
5019,5,C,0,202050801640,20201112,5,38
5020,4,B,1,202050802050,20201112,5,39
5021,3,B,1,202050642050,20201112,5,40
5022,4,B,1,202040642050,20201112,5,41
5023,3,B,0,202040512050,20201112,5,42
5024,4,B,1,202032512050,20201112,5,43
5025,3,B,0,202032402050,20201112,5,44
5026,4,B,0,202025402050,20201112,5,45
5027,3,B,1,202025322050,20201112,5,46
5028,4,B,1,202020322050,20201112,5,47
5029,3,B,0,202020262050,20201112,5,48
5030,4,B,1,202016262050,20201112,5,49
5031,3,B,0,202016202050,20201112,5,50
5032,4,B,0,202013202050,20201112,5,51
5033,2,A,0,202050802050,20201112,5,52
5034,1,A,1,201650802050,20201112,5,53
5035,2,A,1,161650802050,20201112,5,54
5036,1,A,0,161250802050,20201112,5,55
5037,2,A,0,121250802050,20201112,5,56
5038,6,C,0,202050802050,20201112,5,57
5039,5,C,0,202050802040,20201112,5,58
5040,4,B,0,202050802050,20201112,5,59
5041,3,B,0,202050642050,20201112,5,60
5042,4,B,1,202040642050,20201112,5,61
5043,3,B,1,202040512050,20201112,5,62
5044,4,B,0,202032512050,20201112,5,63
5045,3,B,1,202032402050,20201112,5,64
5046,4,B,0,202025402050,20201112,5,65
5047,3,B,1,202025322050,20201112,5,66
5048,4,B,0,202020322050,20201112,5,67
5049,3,B,0,202020262050,20201112,5,68
5050,4,B,0,202016262050,20201112,5,69
5051,3,B,1,202016202050,20201112,5,70
5052,4,B,1,202013202050,20201112,5,71
5053,3,B,0,202013162050,20201112,5,72
5054,4,B,1,202010162050,20201112,5,73
5055,3,B,0,202010132050,20201112,5,74
5056,4,B,0,202008132050,20201112,5,75
5057,2,A,0,202050802050,20201112,5,76
5058,1,A,0,201650802050,20201112,5,77
5059,2,A,0,161650802050,20201112,5,78
5060,6,C,0,202050802050,20201112,5,79
5061,5,C,0,202050802040,20201112,5,80
5062,4,B,0,202050802050,20201112,5,81
5063,3,B,0,202050642050,20201112,5,82
5064,4,B,1,202040642050,20201112,5,83
5065,3,B,0,202040512050,20201112,5,84
5066,4,B,1,202032512050,20201112,5,85
5067,3,B,1,202032402050,20201112,5,86
5068,4,B,1,202025402050,20201112,5,87
5069,3,B,0,202025322050,20201112,5,88
5070,4,B,0,202020322050,20201112,5,89
5071,3,B,0,202020262050,20201112,5,90
5072,2,A,0,202050802050,20201112,5,91
5073,1,A,0,201650802050,20201112,5,92
5074,2,A,0,161650802050,20201112,5,93
5075,4,B,1,202050802050,20201112,5,94
5076,3,B,0,202050642050,20201112,5,95
5077,4,B,1,202040642050,20201112,5,96
5078,3,B,0,202040512050,20201112,5,97
5079,4,B,1,202032512050,20201112,5,98
5080,3,B,0,202032402050,20201112,5,99
5081,4,B,0,202025402050,20201112,5,100
5082,3,B,0,202025322050,20201112,5,101
5083,4,B,0,202020322050,20201112,5,102
5084,2,A,0,202050802050,20201112,5,103
5085,1,A,0,201650802050,20201112,5,104
5086,4,B,1,202050802050,20201112,5,105
5087,3,B,0,202050642050,20201112,5,106
5088,4,B,1,202040642050,20201112,5,107
5089,3,B,0,202040512050,20201112,5,108
5090,4,B,1,202032512050,20201112,5,109
5091,3,B,0,202032402050,20201112,5,110
5092,4,B,0,202025402050,20201112,5,111
5093,6,C,0,202050802050,20201112,5,112
5094,5,C,0,202050802040,20201112,5,113
5095,4,B,1,202050802050,20201112,5,114
5096,3,B,0,202050642050,20201112,5,115
5097,4,B,0,202040642050,20201112,5,116
5098,3,B,0,202040512050,20201112,5,117
5099,4,B,0,202032512050,20201112,5,118
5100,2,A,1,202050802050,20201112,5,119
5101,1,A,1,201650802050,20201112,5,120
5102,2,A,0,161650802050,20201112,5,121
5103,1,A,0,161250802050,20201112,5,122
5104,2,A,0,121250802050,20201112,5,123
5105,4,B,0,202050802050,20201112,5,124
5106,3,B,0,202050642050,20201112,5,125
5107,4,B,0,202040642050,20201112,5,126
5108,6,C,1,202050802050,20201112,5,127
5109,5,C,0,202050802040,20201112,5,128
5110,6,C,0,202050801640,20201112,5,129
5111,4,B,1,202050802050,20201112,5,130
5112,3,B,1,202050642050,20201112,5,131
5113,4,B,0,202040642050,20201112,5,132
5114,3,B,0,202040512050,20201112,5,133
5115,4,B,1,202032512050,20201112,5,134
5116,3,B,1,202032402050,20201112,5,135
5117,4,B,0,202025402050,20201112,5,136
5118,3,B,0,202025322050,20201112,5,137
5119,4,B,0,202020322050,20201112,5,138
5120,2,A,0,202050802050,20201112,5,139
5121,1,A,0,201650802050,20201112,5,140
5122,2,A,0,161650802050,20201112,5,141
5123,4,B,1,202050802050,20201112,5,142
5124,3,B,1,202050642050,20201112,5,143
5125,4,B,0,202040642050,20201112,5,144
5126,3,B,1,202040512050,20201112,5,145
5127,4,B,0,202032512050,20201112,5,146
5128,3,B,0,202032402050,20201112,5,147
5129,4,B,1,202025402050,20201112,5,148
5130,3,B,0,202025322050,20201112,5,149
5131,4,B,1,202020322050,20201112,5,150
5132,3,B,0,202020262050,20201112,5,151
5133,4,B,0,202016262050,20201112,5,152
5134,3,B,0,202016202050,20201112,5,153
5135,4,B,0,202013202050,20201112,5,154
5136,2,A,0,202050802050,20201112,5,155
5137,1,A,0,201650802050,20201112,5,156
5138,4,B,1,202050802050,20201112,5,157
5139,3,B,1,202050642050,20201112,5,158
5140,4,B,0,202040642050,20201112,5,159
5141,3,B,0,202040512050,20201112,5,160
5142,4,B,0,202032512050,20201112,5,161
5143,3,B,0,202032402050,20201112,5,162
5144,5,C,0,202050802050,20201112,5,163
5145,6,C,0,202050801650,20201112,5,164
5146,5,C,0,202050801640,20201112,5,165
5147,4,B,1,202050802050,20201112,5,166
5148,3,B,1,202050642050,20201112,5,167
5149,4,B,1,202040642050,20201112,5,168
5150,3,B,1,202040512050,20201112,5,169
5151,4,B,1,202032512050,20201112,5,170
5152,3,B,0,202032402050,20201112,5,171
5153,4,B,1,202025402050,20201112,5,172
5154,3,B,1,202025322050,20201112,5,173
5155,4,B,1,202020322050,20201112,5,174
5156,3,B,0,202020262050,20201112,5,175
5157,4,B,1,202016262050,20201112,5,176
5158,3,B,0,202016202050,20201112,5,177
5159,4,B,0,202013202050,20201112,5,178
5160,3,B,0,202013162050,20201112,5,179
5161,4,B,0,202010162050,20201112,5,180
5162,2,A,0,202050802050,20201112,5,181
5163,1,A,0,201650802050,20201112,5,182
5164,2,A,0,161650802050,20201112,5,183
5165,4,B,1,202050802050,20201112,5,184
5166,3,B,1,202050642050,20201112,5,185
5167,4,B,1,202040642050,20201112,5,186
5168,3,B,0,202040512050,20201112,5,187
5169,4,B,0,202032512050,20201112,5,188
5170,3,B,0,202032402050,20201112,5,189
5171,4,B,1,202025402050,20201112,5,190
5172,3,B,0,202025322050,20201112,5,191
5173,4,B,0,202020322050,20201112,5,192
5174,2,A,1,202050802050,20201112,5,193
5175,1,A,0,201650802050,20201112,5,194
5176,2,A,1,161650802050,20201112,5,195
5177,4,B,1,202050802050,20201112,5,196
5178,3,B,1,202050642050,20201112,5,197
5179,4,B,1,202040642050,20201112,5,198
5180,3,B,1,202040512050,20201112,5,199
5181,4,B,0,202032512050,20201112,5,200
5182,3,B,0,202032402050,20201112,5,201
5183,4,B,1,202025402050,20201112,5,202
5184,3,B,0,202025322050,20201112,5,203
5185,4,B,0,202020322050,20201112,5,204
5186,3,B,0,202020262050,20201112,5,205
5187,4,B,0,202016262050,20201112,5,206
5188,6,C,0,202050802050,20201112,5,207
5189,5,C,0,202050802040,20201112,5,208
5190,4,B,1,202050802050,20201112,5,209
5191,3,B,1,202050642050,20201112,5,210
5192,4,B,1,202040642050,20201112,5,211
5193,3,B,0,202040512050,20201112,5,212
5194,4,B,0,202032512050,20201112,5,213
5195,3,B,0,202032402050,20201112,5,214
5196,4,B,0,202025402050,20201112,5,215
5197,3,B,0,202025322050,20201112,5,216
5198,4,B,0,202020322050,20201112,5,217
5199,2,A,1,202050802050,20201112,5,218
5200,1,A,0,201650802050,20201112,5,219
5201,2,A,0,161650802050,20201112,5,220
5202,4,B,1,202050802050,20201112,5,221
5203,3,B,0,202050642050,20201112,5,222
5204,4,B,0,202040642050,20201112,5,223
5205,3,B,0,202040512050,20201112,5,224
5206,4,B,0,202032512050,20201112,5,225
5207,2,A,0,202050802050,20201112,5,226
5208,1,A,0,201650802050,20201112,5,227
5209,2,A,0,161650802050,20201112,5,228
5210,4,B,1,202050802050,20201112,5,229
5211,3,B,1,202050642050,20201112,5,230
5212,4,B,0,202040642050,20201112,5,231
5213,3,B,0,202040512050,20201112,5,232
5214,2,A,0,202050802050,20201112,5,233
5215,1,A,0,201650802050,20201112,5,234
5216,4,B,1,202050802050,20201112,5,235
5217,3,B,0,202050642050,20201112,5,236
5218,4,B,0,202040642050,20201112,5,237
5219,2,A,0,202050802050,20201112,5,238
5220,4,B,1,202050802050,20201112,5,239
5221,3,B,0,202050642050,20201112,5,240
5222,4,B,1,202040642050,20201112,5,241
5223,3,B,0,202040512050,20201112,5,242
5224,4,B,0,202032512050,20201112,5,243
5225,2,A,0,202050802050,20201112,5,244
5226,1,A,0,201650802050,20201112,5,245
5227,4,B,1,202050802050,20201112,5,246
5228,3,B,1,202050642050,20201112,5,247
5229,4,B,0,202040642050,20201112,5,248
5230,3,B,1,202040512050,20201112,5,249
5231,4,B,0,202032512050,20201112,5,250
5232,3,B,0,202032402050,20201112,5,251
5233,4,B,0,202025402050,20201112,5,252
5234,5,C,0,202050802050,20201112,5,253
5235,6,C,0,202050801650,20201112,5,254
5236,4,B,1,202050802050,20201112,5,255
5237,3,B,1,202050642050,20201112,5,256
5238,4,B,1,202040642050,20201112,5,257
5239,3,B,0,202040512050,20201112,5,258
5240,4,B,1,202032512050,20201112,5,259
5241,3,B,0,202032402050,20201112,5,260
5242,4,B,0,202025402050,20201112,5,261
5243,2,A,0,202050802050,20201112,5,262
5244,4,B,1,202050802050,20201112,5,263
5245,3,B,1,202050642050,20201112,5,264
5246,4,B,1,202040642050,20201112,5,265
5247,3,B,0,202040512050,20201112,5,266
5248,4,B,0,202032512050,20201112,5,267
5249,3,B,1,202032402050,20201112,5,268
5250,4,B,1,202025402050,20201112,5,269
5251,3,B,0,202025322050,20201112,5,270
5252,4,B,0,202020322050,20201112,5,271
5253,6,C,0,202050802050,20201112,5,272
5254,5,C,0,202050802040,20201112,5,273
5255,4,B,1,202050802050,20201112,5,274
5256,3,B,0,202050642050,20201112,5,275
5257,4,B,1,202040642050,20201112,5,276
5258,3,B,0,202040512050,20201112,5,277
5259,4,B,1,202032512050,20201112,5,278
5260,3,B,1,202032402050,20201112,5,279
5261,4,B,0,202025402050,20201112,5,280
5262,3,B,1,202025322050,20201112,5,281
5263,4,B,1,202020322050,20201112,5,282
5264,3,B,0,202020262050,20201112,5,283
5265,4,B,0,202016262050,20201112,5,284
5266,2,A,0,202050802050,20201112,5,285
5267,4,B,1,202050802050,20201112,5,286
5268,3,B,0,202050642050,20201112,5,287
5269,4,B,0,202040642050,20201112,5,288
5270,3,B,0,202040512050,20201112,5,289
5271,4,B,1,202032512050,20201112,5,290
5272,3,B,1,202032402050,20201112,5,291
5273,4,B,1,202025402050,20201112,5,292
5274,3,B,0,202025322050,20201112,5,293
5275,4,B,0,202020322050,20201112,5,294
5276,2,A,1,202050802050,20201112,5,295
5277,4,B,1,202050802050,20201112,5,296
5278,3,B,0,202050642050,20201112,5,297
5279,4,B,1,202040642050,20201112,5,298
5280,3,B,0,202040512050,20201112,5,299
5281,4,B,0,208020208050,20201112,6,0
5282,3,B,1,208020168050,20201112,6,1
5283,4,B,0,208016168050,20201112,6,2
5284,2,A,1,208020208050,20201112,6,3
5285,1,A,0,206420208050,20201112,6,4
5286,2,A,1,166420208050,20201112,6,5
5287,6,C,1,208020208050,20201112,6,6
5288,5,C,0,208020208040,20201112,6,7
5289,6,C,1,208020206440,20201112,6,8
5290,5,C,1,208020206432,20201112,6,9
5291,6,C,1,208020205132,20201112,6,10
5292,5,C,0,208020205125,20201112,6,11
5293,6,C,0,208020204025,20201112,6,12
5294,4,B,0,208020208050,20201112,6,13
5295,3,B,1,208020168050,20201112,6,14
5296,4,B,1,208016168050,20201112,6,15
5297,3,B,0,208016128050,20201112,6,16
5298,4,B,0,208012128050,20201112,6,17
5299,2,A,1,208020208050,20201112,6,18
5300,1,A,0,206420208050,20201112,6,19
5301,2,A,0,166420208050,20201112,6,20
5302,6,C,1,208020208050,20201112,6,21
5303,5,C,1,208020208040,20201112,6,22
5304,6,C,1,208020206440,20201112,6,23
5305,5,C,0,208020206432,20201112,6,24
5306,6,C,1,208020205132,20201112,6,25
5307,4,B,0,208020208050,20201112,6,26
5308,3,B,0,208020168050,20201112,6,27
5309,4,B,0,208016168050,20201112,6,28
5310,2,A,1,208020208050,20201112,6,29
5311,1,A,0,206420208050,20201112,6,30
5312,2,A,1,166420208050,20201112,6,31
5313,5,C,1,208020208050,20201112,6,32
5314,6,C,0,208020206450,20201112,6,33
5315,5,C,1,208020206440,20201112,6,34
5316,6,C,0,208020205140,20201112,6,35
5317,5,C,1,208020205132,20201112,6,36
5318,6,C,0,208020204032,20201112,6,37
5319,5,C,0,208020204025,20201112,6,38
5320,2,A,1,208020208050,20201112,6,39
5321,1,A,0,206420208050,20201112,6,40
5322,2,A,1,166420208050,20201112,6,41
5323,4,B,1,208020208050,20201112,6,42
5324,3,B,0,208020168050,20201112,6,43
5325,4,B,0,208016168050,20201112,6,44
5326,3,B,0,208016128050,20201112,6,45
5327,2,A,1,208020208050,20201112,6,46
5328,1,A,0,206420208050,20201112,6,47
5329,2,A,0,166420208050,20201112,6,48
5330,6,C,0,208020208050,20201112,6,49
5331,5,C,0,208020208040,20201112,6,50
5332,6,C,0,208020206440,20201112,6,51
5333,2,A,0,208020208050,20201112,6,52
5334,4,B,0,208020208050,20201112,6,53
5335,3,B,0,208020168050,20201112,6,54
5336,4,B,0,208016168050,20201112,6,55
5337,2,A,1,208020208050,20201112,6,56
5338,1,A,0,206420208050,20201112,6,57
5339,2,A,1,166420208050,20201112,6,58
5340,1,A,0,165120208050,20201112,6,59
5341,2,A,1,125120208050,20201112,6,60
5342,6,C,0,208020208050,20201112,6,61
5343,5,C,1,208020208040,20201112,6,62
5344,6,C,0,208020206440,20201112,6,63
5345,5,C,0,208020206432,20201112,6,64
5346,2,A,1,208020208050,20201112,6,65
5347,1,A,0,206420208050,20201112,6,66
5348,2,A,1,166420208050,20201112,6,67
5349,4,B,0,208020208050,20201112,6,68
5350,3,B,0,208020168050,20201112,6,69
5351,4,B,0,208016168050,20201112,6,70
5352,2,A,1,208020208050,20201112,6,71
5353,1,A,1,206420208050,20201112,6,72
5354,2,A,0,166420208050,20201112,6,73
5355,1,A,0,165120208050,20201112,6,74
5356,2,A,1,125120208050,20201112,6,75
5357,5,C,1,208020208050,20201112,6,76
5358,6,C,1,208020206450,20201112,6,77
5359,5,C,1,208020206440,20201112,6,78
5360,6,C,0,208020205140,20201112,6,79
5361,5,C,1,208020205132,20201112,6,80
5362,2,A,1,208020208050,20201112,6,81
5363,1,A,0,206420208050,20201112,6,82
5364,2,A,1,166420208050,20201112,6,83
5365,1,A,0,165120208050,20201112,6,84
5366,2,A,1,125120208050,20201112,6,85
5367,4,B,0,208020208050,20201112,6,86
5368,3,B,0,208020168050,20201112,6,87
5369,4,B,0,208016168050,20201112,6,88
5370,2,A,1,208020208050,20201112,6,89
5371,1,A,0,206420208050,20201112,6,90
5372,2,A,1,166420208050,20201112,6,91
5373,5,C,1,208020208050,20201112,6,92
5374,6,C,0,208020206450,20201112,6,93
5375,5,C,1,208020206440,20201112,6,94
5376,2,A,1,208020208050,20201112,6,95
5377,1,A,1,206420208050,20201112,6,96
5378,2,A,1,166420208050,20201112,6,97
5379,1,A,0,165120208050,20201112,6,98
5380,2,A,0,125120208050,20201112,6,99
5381,5,C,1,208020208050,20201112,6,100
5382,6,C,0,208020206450,20201112,6,101
5383,5,C,1,208020206440,20201112,6,102
5384,2,A,1,208020208050,20201112,6,103
5385,1,A,1,206420208050,20201112,6,104
5386,2,A,1,166420208050,20201112,6,105
5387,1,A,0,165120208050,20201112,6,106
5388,2,A,0,125120208050,20201112,6,107
5389,5,C,0,208020208050,20201112,6,108
5390,6,C,1,208020206450,20201112,6,109
5391,5,C,1,208020206440,20201112,6,110
5392,2,A,1,208020208050,20201112,6,111
5393,1,A,0,206420208050,20201112,6,112
5394,2,A,0,166420208050,20201112,6,113
5395,5,C,1,208020208050,20201112,6,114
5396,6,C,1,208020206450,20201112,6,115
5397,5,C,1,208020206440,20201112,6,116
5398,6,C,0,208020205140,20201112,6,117
5399,5,C,0,208020205132,20201112,6,118
5400,2,A,1,208020208050,20201112,6,119
5401,1,A,0,206420208050,20201112,6,120
5402,2,A,0,166420208050,20201112,6,121
5403,5,C,1,208020208050,20201112,6,122
5404,6,C,1,208020206450,20201112,6,123
5405,5,C,1,208020206440,20201112,6,124
5406,6,C,1,208020205140,20201112,6,125
5407,5,C,0,208020205132,20201112,6,126
5408,2,A,1,208020208050,20201112,6,127
5409,1,A,0,206420208050,20201112,6,128
5410,2,A,1,166420208050,20201112,6,129
5411,5,C,1,208020208050,20201112,6,130
5412,6,C,0,208020206450,20201112,6,131
5413,5,C,0,208020206440,20201112,6,132
5414,2,A,1,208020208050,20201112,6,133
5415,1,A,0,206420208050,20201112,6,134
5416,2,A,1,166420208050,20201112,6,135
5417,5,C,1,208020208050,20201112,6,136
5418,6,C,1,208020206450,20201112,6,137
5419,5,C,0,208020206440,20201112,6,138
5420,6,C,0,208020205140,20201112,6,139
5421,5,C,0,208020205132,20201112,6,140
5422,2,A,1,208020208050,20201112,6,141
5423,1,A,1,206420208050,20201112,6,142
5424,2,A,1,166420208050,20201112,6,143
5425,1,A,0,165120208050,20201112,6,144
5426,2,A,0,125120208050,20201112,6,145
5427,5,C,1,208020208050,20201112,6,146
5428,6,C,0,208020206450,20201112,6,147
5429,5,C,0,208020206440,20201112,6,148
5430,2,A,1,208020208050,20201112,6,149
5431,1,A,0,206420208050,20201112,6,150
5432,2,A,1,166420208050,20201112,6,151
5433,5,C,1,208020208050,20201112,6,152
5434,6,C,0,208020206450,20201112,6,153
5435,5,C,0,208020206440,20201112,6,154
5436,2,A,1,208020208050,20201112,6,155
5437,1,A,0,206420208050,20201112,6,156
5438,2,A,1,166420208050,20201112,6,157
5439,5,C,1,208020208050,20201112,6,158
5440,6,C,0,208020206450,20201112,6,159
5441,5,C,0,208020206440,20201112,6,160
5442,2,A,1,208020208050,20201112,6,161
5443,1,A,1,206420208050,20201112,6,162
5444,2,A,1,166420208050,20201112,6,163
5445,1,A,0,165120208050,20201112,6,164
5446,2,A,0,125120208050,20201112,6,165
5447,5,C,1,208020208050,20201112,6,166
5448,6,C,0,208020206450,20201112,6,167
5449,5,C,1,208020206440,20201112,6,168
5450,2,A,1,208020208050,20201112,6,169
5451,1,A,0,206420208050,20201112,6,170
5452,2,A,0,166420208050,20201112,6,171
5453,5,C,1,208020208050,20201112,6,172
5454,6,C,0,208020206450,20201112,6,173
5455,5,C,1,208020206440,20201112,6,174
5456,2,A,0,208020208050,20201112,6,175
5457,1,A,0,206420208050,20201112,6,176
5458,2,A,1,166420208050,20201112,6,177
5459,5,C,1,208020208050,20201112,6,178
5460,6,C,0,208020206450,20201112,6,179
5461,5,C,0,208020206440,20201112,6,180
5462,2,A,1,208020208050,20201112,6,181
5463,1,A,0,206420208050,20201112,6,182
5464,2,A,1,166420208050,20201112,6,183
5465,5,C,1,208020208050,20201112,6,184
5466,6,C,1,208020206450,20201112,6,185
5467,5,C,0,208020206440,20201112,6,186
5468,2,A,1,208020208050,20201112,6,187
5469,1,A,1,206420208050,20201112,6,188
5470,2,A,1,166420208050,20201112,6,189
5471,1,A,1,165120208050,20201112,6,190
5472,2,A,1,125120208050,20201112,6,191
5473,1,A,0,124020208050,20201112,6,192
5474,2,A,0,104020208050,20201112,6,193
5475,5,C,1,208020208050,20201112,6,194
5476,6,C,1,208020206450,20201112,6,195
5477,5,C,1,208020206440,20201112,6,196
5478,6,C,0,208020205140,20201112,6,197
5479,5,C,0,208020205132,20201112,6,198
5480,2,A,1,208020208050,20201112,6,199
5481,1,A,0,206420208050,20201112,6,200
5482,2,A,1,166420208050,20201112,6,201
5483,5,C,1,208020208050,20201112,6,202
5484,6,C,1,208020206450,20201112,6,203
5485,5,C,0,208020206440,20201112,6,204
5486,6,C,0,208020205140,20201112,6,205
5487,5,C,1,208020205132,20201112,6,206
5488,2,A,0,208020208050,20201112,6,207
5489,1,A,0,206420208050,20201112,6,208
5490,2,A,0,166420208050,20201112,6,209
5491,5,C,1,208020208050,20201112,6,210
5492,6,C,1,208020206450,20201112,6,211
5493,5,C,1,208020206440,20201112,6,212
5494,2,A,1,208020208050,20201112,6,213
5495,1,A,1,206420208050,20201112,6,214
5496,2,A,0,166420208050,20201112,6,215
5497,1,A,1,165120208050,20201112,6,216
5498,2,A,1,125120208050,20201112,6,217
5499,1,A,0,124020208050,20201112,6,218
5500,2,A,0,104020208050,20201112,6,219
5501,5,C,1,208020208050,20201112,6,220
5502,6,C,1,208020206450,20201112,6,221
5503,5,C,1,208020206440,20201112,6,222
5504,6,C,1,208020205140,20201112,6,223
5505,5,C,1,208020205132,20201112,6,224
5506,6,C,1,208020204032,20201112,6,225
5507,5,C,0,208020204025,20201112,6,226
5508,6,C,1,208020203225,20201112,6,227
5509,5,C,0,208020203220,20201112,6,228
5510,2,A,1,208020208050,20201112,6,229
5511,1,A,0,206420208050,20201112,6,230
5512,2,A,1,166420208050,20201112,6,231
5513,5,C,1,208020208050,20201112,6,232
5514,6,C,0,208020206450,20201112,6,233
5515,5,C,1,208020206440,20201112,6,234
5516,6,C,0,208020205140,20201112,6,235
5517,5,C,0,208020205132,20201112,6,236
5518,2,A,1,208020208050,20201112,6,237
5519,1,A,0,206420208050,20201112,6,238
5520,2,A,0,166420208050,20201112,6,239
5521,5,C,1,208020208050,20201112,6,240
5522,6,C,1,208020206450,20201112,6,241
5523,5,C,1,208020206440,20201112,6,242
5524,6,C,0,208020205140,20201112,6,243
5525,5,C,1,208020205132,20201112,6,244
5526,2,A,0,208020208050,20201112,6,245
5527,1,A,1,206420208050,20201112,6,246
5528,2,A,1,166420208050,20201112,6,247
5529,5,C,1,208020208050,20201112,6,248
5530,6,C,1,208020206450,20201112,6,249
5531,5,C,0,208020206440,20201112,6,250
5532,6,C,1,208020205140,20201112,6,251
5533,5,C,1,208020205132,20201112,6,252
5534,6,C,1,208020204032,20201112,6,253
5535,5,C,1,208020204025,20201112,6,254
5536,6,C,0,208020203225,20201112,6,255
5537,5,C,0,208020203220,20201112,6,256
5538,2,A,1,208020208050,20201112,6,257
5539,1,A,0,206420208050,20201112,6,258
5540,2,A,1,166420208050,20201112,6,259
5541,5,C,1,208020208050,20201112,6,260
5542,6,C,0,208020206450,20201112,6,261
5543,5,C,1,208020206440,20201112,6,262
5544,6,C,1,208020205140,20201112,6,263
5545,5,C,0,208020205132,20201112,6,264
5546,6,C,0,208020204032,20201112,6,265
5547,5,C,1,208020204025,20201112,6,266
5548,2,A,1,208020208050,20201112,6,267
5549,1,A,1,206420208050,20201112,6,268
5550,2,A,1,166420208050,20201112,6,269
5551,1,A,0,165120208050,20201112,6,270
5552,2,A,0,125120208050,20201112,6,271
5553,5,C,1,208020208050,20201112,6,272
5554,6,C,1,208020206450,20201112,6,273
5555,5,C,1,208020206440,20201112,6,274
5556,6,C,0,208020205140,20201112,6,275
5557,5,C,1,208020205132,20201112,6,276
5558,6,C,0,208020204032,20201112,6,277
5559,5,C,1,208020204025,20201112,6,278
5560,6,C,0,208020203225,20201112,6,279
5561,5,C,0,208020203220,20201112,6,280
5562,2,A,1,208020208050,20201112,6,281
5563,1,A,0,206420208050,20201112,6,282
5564,2,A,1,166420208050,20201112,6,283
5565,5,C,1,208020208050,20201112,6,284
5566,6,C,1,208020206450,20201112,6,285
5567,5,C,1,208020206440,20201112,6,286
5568,6,C,0,208020205140,20201112,6,287
5569,5,C,1,208020205132,20201112,6,288
5570,6,C,0,208020204032,20201112,6,289
5571,5,C,0,208020204025,20201112,6,290
5572,2,A,1,208020208050,20201112,6,291
5573,1,A,1,206420208050,20201112,6,292
5574,2,A,1,166420208050,20201112,6,293
5575,5,C,1,208020208050,20201112,6,294
5576,6,C,1,208020206450,20201112,6,295
5577,5,C,0,208020206440,20201112,6,296
5578,6,C,0,208020205140,20201112,6,297
5579,5,C,1,208020205132,20201112,6,298
5580,2,A,1,208020208050,20201112,6,299
5581,4,B,0,508020208020,20201113,1,0
5582,3,B,0,508020168020,20201113,1,1
5583,4,B,1,508016168020,20201113,1,2
5584,2,A,1,508020208020,20201113,1,3
5585,1,A,0,506420208020,20201113,1,4
5586,2,A,1,406420208020,20201113,1,5
5587,6,C,1,508020208020,20201113,1,6
5588,5,C,1,508020208016,20201113,1,7
5589,6,C,0,508020206416,20201113,1,8
5590,5,C,1,508020206412,20201113,1,9
5591,4,B,0,508020208020,20201113,1,10
5592,3,B,0,508020168020,20201113,1,11
5593,4,B,0,508016168020,20201113,1,12
5594,3,B,0,508016128020,20201113,1,13
5595,2,A,1,508020208020,20201113,1,14
5596,1,A,0,506420208020,20201113,1,15
5597,2,A,0,406420208020,20201113,1,16
5598,5,C,1,508020208020,20201113,1,17
5599,6,C,0,508020206420,20201113,1,18
5600,5,C,1,508020206416,20201113,1,19
5601,4,B,0,508020208020,20201113,1,20
5602,3,B,1,508020168020,20201113,1,21
5603,4,B,0,508016168020,20201113,1,22
5604,3,B,0,508016128020,20201113,1,23
5605,2,A,1,508020208020,20201113,1,24
5606,1,A,1,506420208020,20201113,1,25
5607,2,A,0,406420208020,20201113,1,26
5608,5,C,1,508020208020,20201113,1,27
5609,6,C,0,508020206420,20201113,1,28
5610,5,C,0,508020206416,20201113,1,29
5611,4,B,0,508020208020,20201113,1,30
5612,3,B,0,508020168020,20201113,1,31
5613,2,A,1,508020208020,20201113,1,32
5614,1,A,1,506420208020,20201113,1,33
5615,2,A,1,406420208020,20201113,1,34
5616,1,A,0,405120208020,20201113,1,35
5617,2,A,0,325120208020,20201113,1,36
5618,5,C,1,508020208020,20201113,1,37
5619,6,C,0,508020206420,20201113,1,38
5620,5,C,1,508020206416,20201113,1,39
5621,2,A,1,508020208020,20201113,1,40
5622,1,A,1,506420208020,20201113,1,41
5623,2,A,1,406420208020,20201113,1,42
5624,1,A,1,405120208020,20201113,1,43
5625,2,A,1,325120208020,20201113,1,44
5626,1,A,1,324020208020,20201113,1,45
5627,2,A,1,254020208020,20201113,1,46
5628,1,A,1,253220208020,20201113,1,47
5629,2,A,0,203220208020,20201113,1,48
5630,5,C,0,508020208020,20201113,1,49
5631,6,C,0,508020206420,20201113,1,50
5632,5,C,1,508020206416,20201113,1,51
5633,4,B,0,508020208020,20201113,1,52
5634,3,B,0,508020168020,20201113,1,53
5635,4,B,0,508016168020,20201113,1,54
5636,2,A,1,508020208020,20201113,1,55
5637,1,A,0,506420208020,20201113,1,56
5638,2,A,0,406420208020,20201113,1,57
5639,5,C,1,508020208020,20201113,1,58
5640,6,C,1,508020206420,20201113,1,59
5641,5,C,1,508020206416,20201113,1,60
5642,2,A,1,508020208020,20201113,1,61
5643,1,A,1,506420208020,20201113,1,62
5644,2,A,0,406420208020,20201113,1,63
5645,1,A,1,405120208020,20201113,1,64
5646,2,A,0,325120208020,20201113,1,65
5647,1,A,0,324020208020,20201113,1,66
5648,2,A,0,254020208020,20201113,1,67
5649,5,C,1,508020208020,20201113,1,68
5650,6,C,0,508020206420,20201113,1,69
5651,5,C,1,508020206416,20201113,1,70
5652,2,A,1,508020208020,20201113,1,71
5653,1,A,1,506420208020,20201113,1,72
5654,2,A,1,406420208020,20201113,1,73
5655,1,A,0,405120208020,20201113,1,74
5656,2,A,1,325120208020,20201113,1,75
5657,5,C,1,508020208020,20201113,1,76
5658,6,C,0,508020206420,20201113,1,77
5659,5,C,0,508020206416,20201113,1,78
5660,2,A,0,508020208020,20201113,1,79
5661,1,A,0,506420208020,20201113,1,80
5662,2,A,0,406420208020,20201113,1,81
5663,4,B,0,508020208020,20201113,1,82
5664,3,B,0,508020168020,20201113,1,83
5665,2,A,0,508020208020,20201113,1,84
5666,5,C,1,508020208020,20201113,1,85
5667,6,C,1,508020206420,20201113,1,86
5668,5,C,0,508020206416,20201113,1,87
5669,2,A,1,508020208020,20201113,1,88
5670,1,A,1,506420208020,20201113,1,89
5671,2,A,0,406420208020,20201113,1,90
5672,1,A,0,405120208020,20201113,1,91
5673,2,A,0,325120208020,20201113,1,92
5674,5,C,1,508020208020,20201113,1,93
5675,6,C,0,508020206420,20201113,1,94
5676,5,C,1,508020206416,20201113,1,95
5677,2,A,1,508020208020,20201113,1,96
5678,1,A,1,506420208020,20201113,1,97
5679,2,A,1,406420208020,20201113,1,98
5680,1,A,1,405120208020,20201113,1,99
5681,2,A,1,325120208020,20201113,1,100
5682,1,A,0,324020208020,20201113,1,101
5683,2,A,0,254020208020,20201113,1,102
5684,5,C,1,508020208020,20201113,1,103
5685,6,C,1,508020206420,20201113,1,104
5686,5,C,1,508020206416,20201113,1,105
5687,6,C,0,508020205116,20201113,1,106
5688,5,C,0,508020205112,20201113,1,107
5689,2,A,1,508020208020,20201113,1,108
5690,1,A,0,506420208020,20201113,1,109
5691,2,A,1,406420208020,20201113,1,110
5692,1,A,0,405120208020,20201113,1,111
5693,2,A,0,325120208020,20201113,1,112
5694,5,C,1,508020208020,20201113,1,113
5695,6,C,0,508020206420,20201113,1,114
5696,5,C,1,508020206416,20201113,1,115
5697,2,A,1,508020208020,20201113,1,116
5698,1,A,1,506420208020,20201113,1,117
5699,2,A,0,406420208020,20201113,1,118
5700,1,A,0,405120208020,20201113,1,119
5701,5,C,1,508020208020,20201113,1,120
5702,6,C,1,508020206420,20201113,1,121
5703,5,C,0,508020206416,20201113,1,122
5704,6,C,0,508020205116,20201113,1,123
5705,5,C,1,508020205112,20201113,1,124
5706,2,A,1,508020208020,20201113,1,125
5707,1,A,0,506420208020,20201113,1,126
5708,2,A,0,406420208020,20201113,1,127
5709,5,C,1,508020208020,20201113,1,128
5710,6,C,0,508020206420,20201113,1,129
5711,5,C,1,508020206416,20201113,1,130
5712,6,C,0,508020205116,20201113,1,131
5713,5,C,0,508020205112,20201113,1,132
5714,2,A,1,508020208020,20201113,1,133
5715,1,A,1,506420208020,20201113,1,134
5716,2,A,1,406420208020,20201113,1,135
5717,1,A,1,405120208020,20201113,1,136
5718,2,A,1,325120208020,20201113,1,137
5719,1,A,0,324020208020,20201113,1,138
5720,2,A,0,254020208020,20201113,1,139
5721,5,C,1,508020208020,20201113,1,140
5722,6,C,0,508020206420,20201113,1,141
5723,5,C,0,508020206416,20201113,1,142
5724,2,A,1,508020208020,20201113,1,143
5725,1,A,1,506420208020,20201113,1,144
5726,2,A,0,406420208020,20201113,1,145
5727,5,C,0,508020208020,20201113,1,146
5728,6,C,1,508020206420,20201113,1,147
5729,5,C,1,508020206416,20201113,1,148
5730,2,A,1,508020208020,20201113,1,149
5731,1,A,0,506420208020,20201113,1,150
5732,2,A,1,406420208020,20201113,1,151
5733,5,C,1,508020208020,20201113,1,152
5734,6,C,0,508020206420,20201113,1,153
5735,5,C,1,508020206416,20201113,1,154
5736,2,A,1,508020208020,20201113,1,155
5737,1,A,1,506420208020,20201113,1,156
5738,2,A,0,406420208020,20201113,1,157
5739,1,A,1,405120208020,20201113,1,158
5740,2,A,1,325120208020,20201113,1,159
5741,1,A,1,324020208020,20201113,1,160
5742,2,A,0,254020208020,20201113,1,161
5743,5,C,1,508020208020,20201113,1,162
5744,6,C,0,508020206420,20201113,1,163
5745,5,C,1,508020206416,20201113,1,164
5746,2,A,1,508020208020,20201113,1,165
5747,1,A,0,506420208020,20201113,1,166
5748,2,A,1,406420208020,20201113,1,167
5749,1,A,0,405120208020,20201113,1,168
5750,2,A,0,325120208020,20201113,1,169
5751,5,C,1,508020208020,20201113,1,170
5752,6,C,0,508020206420,20201113,1,171
5753,5,C,0,508020206416,20201113,1,172
5754,2,A,1,508020208020,20201113,1,173
5755,1,A,1,506420208020,20201113,1,174
5756,2,A,0,406420208020,20201113,1,175
5757,1,A,0,405120208020,20201113,1,176
5758,2,A,0,325120208020,20201113,1,177
5759,5,C,0,508020208020,20201113,1,178
5760,6,C,0,508020206420,20201113,1,179
5761,5,C,1,508020206416,20201113,1,180
5762,2,A,1,508020208020,20201113,1,181
5763,1,A,0,506420208020,20201113,1,182
5764,2,A,1,406420208020,20201113,1,183
5765,1,A,0,405120208020,20201113,1,184
5766,2,A,0,325120208020,20201113,1,185
5767,5,C,1,508020208020,20201113,1,186
5768,6,C,1,508020206420,20201113,1,187
5769,5,C,1,508020206416,20201113,1,188
5770,6,C,0,508020205116,20201113,1,189
5771,5,C,0,508020205112,20201113,1,190
5772,2,A,1,508020208020,20201113,1,191
5773,1,A,1,506420208020,20201113,1,192
5774,2,A,0,406420208020,20201113,1,193
5775,1,A,1,405120208020,20201113,1,194
5776,2,A,0,325120208020,20201113,1,195
5777,5,C,1,508020208020,20201113,1,196
5778,6,C,0,508020206420,20201113,1,197
5779,5,C,1,508020206416,20201113,1,198
5780,2,A,1,508020208020,20201113,1,199
5781,1,A,1,506420208020,20201113,1,200
5782,2,A,0,406420208020,20201113,1,201
5783,1,A,1,405120208020,20201113,1,202
5784,2,A,1,325120208020,20201113,1,203
5785,5,C,1,508020208020,20201113,1,204
5786,6,C,0,508020206420,20201113,1,205
5787,5,C,1,508020206416,20201113,1,206
5788,6,C,0,508020205116,20201113,1,207
5789,5,C,0,508020205112,20201113,1,208
5790,2,A,0,508020208020,20201113,1,209
5791,1,A,1,506420208020,20201113,1,210
5792,2,A,1,406420208020,20201113,1,211
5793,1,A,0,405120208020,20201113,1,212
5794,2,A,1,325120208020,20201113,1,213
5795,1,A,1,324020208020,20201113,1,214
5796,2,A,0,254020208020,20201113,1,215
5797,5,C,1,508020208020,20201113,1,216
5798,6,C,0,508020206420,20201113,1,217
5799,5,C,1,508020206416,20201113,1,218
5800,2,A,1,508020208020,20201113,1,219
5801,1,A,0,506420208020,20201113,1,220
5802,2,A,1,406420208020,20201113,1,221
5803,1,A,1,405120208020,20201113,1,222
5804,2,A,0,325120208020,20201113,1,223
5805,5,C,1,508020208020,20201113,1,224
5806,6,C,0,508020206420,20201113,1,225
5807,5,C,1,508020206416,20201113,1,226
5808,2,A,1,508020208020,20201113,1,227
5809,1,A,0,506420208020,20201113,1,228
5810,2,A,1,406420208020,20201113,1,229
5811,1,A,0,405120208020,20201113,1,230
5812,2,A,1,325120208020,20201113,1,231
5813,1,A,1,324020208020,20201113,1,232
5814,2,A,0,254020208020,20201113,1,233
5815,5,C,1,508020208020,20201113,1,234
5816,6,C,0,508020206420,20201113,1,235
5817,5,C,1,508020206416,20201113,1,236
5818,2,A,0,508020208020,20201113,1,237
5819,1,A,0,506420208020,20201113,1,238
5820,2,A,1,406420208020,20201113,1,239
5821,1,A,0,405120208020,20201113,1,240
5822,2,A,0,325120208020,20201113,1,241
5823,5,C,1,508020208020,20201113,1,242
5824,6,C,0,508020206420,20201113,1,243
5825,5,C,1,508020206416,20201113,1,244
5826,6,C,1,508020205116,20201113,1,245
5827,5,C,0,508020205112,20201113,1,246
5828,6,C,0,508020204012,20201113,1,247
5829,5,C,1,508020204010,20201113,1,248
5830,2,A,0,508020208020,20201113,1,249
5831,1,A,0,506420208020,20201113,1,250
5832,2,A,0,406420208020,20201113,1,251
5833,5,C,1,508020208020,20201113,1,252
5834,6,C,0,508020206420,20201113,1,253
5835,5,C,1,508020206416,20201113,1,254
5836,2,A,1,508020208020,20201113,1,255
5837,1,A,1,506420208020,20201113,1,256
5838,2,A,1,406420208020,20201113,1,257
5839,1,A,1,405120208020,20201113,1,258
5840,2,A,0,325120208020,20201113,1,259
5841,1,A,0,324020208020,20201113,1,260
5842,5,C,1,508020208020,20201113,1,261
5843,6,C,0,508020206420,20201113,1,262
5844,5,C,1,508020206416,20201113,1,263
5845,2,A,1,508020208020,20201113,1,264
5846,1,A,0,506420208020,20201113,1,265
5847,2,A,1,406420208020,20201113,1,266
5848,1,A,0,405120208020,20201113,1,267
5849,2,A,1,325120208020,20201113,1,268
5850,5,C,1,508020208020,20201113,1,269
5851,6,C,0,508020206420,20201113,1,270
5852,5,C,1,508020206416,20201113,1,271
5853,6,C,1,508020205116,20201113,1,272
5854,5,C,0,508020205112,20201113,1,273
5855,2,A,1,508020208020,20201113,1,274
5856,1,A,0,506420208020,20201113,1,275
5857,2,A,0,406420208020,20201113,1,276
5858,5,C,0,508020208020,20201113,1,277
5859,6,C,1,508020206420,20201113,1,278
5860,5,C,1,508020206416,20201113,1,279
5861,6,C,0,508020205116,20201113,1,280
5862,5,C,0,508020205112,20201113,1,281
5863,2,A,1,508020208020,20201113,1,282
5864,1,A,1,506420208020,20201113,1,283
5865,2,A,0,406420208020,20201113,1,284
5866,1,A,0,405120208020,20201113,1,285
5867,2,A,0,325120208020,20201113,1,286
5868,5,C,1,508020208020,20201113,1,287
5869,6,C,0,508020206420,20201113,1,288
5870,5,C,1,508020206416,20201113,1,289
5871,2,A,1,508020208020,20201113,1,290
5872,1,A,1,506420208020,20201113,1,291
5873,2,A,0,406420208020,20201113,1,292
5874,1,A,0,405120208020,20201113,1,293
5875,5,C,1,508020208020,20201113,1,294
5876,6,C,0,508020206420,20201113,1,295
5877,5,C,0,508020206416,20201113,1,296
5878,2,A,0,508020208020,20201113,1,297
5879,1,A,0,506420208020,20201113,1,298
5880,2,A,1,406420208020,20201113,1,299
5881,4,B,1,202080502080,20201113,2,0
5882,3,B,1,202080402080,20201113,2,1
5883,4,B,0,202064402080,20201113,2,2
5884,2,A,1,202080502080,20201113,2,3
5885,1,A,0,201680502080,20201113,2,4
5886,2,A,0,161680502080,20201113,2,5
5887,5,C,0,202080502080,20201113,2,6
5888,6,C,1,202080501680,20201113,2,7
5889,5,C,0,202080501664,20201113,2,8
5890,6,C,1,202080501264,20201113,2,9
5891,5,C,0,202080501251,20201113,2,10
5892,6,C,0,202080501051,20201113,2,11
5893,4,B,1,202080502080,20201113,2,12
5894,3,B,1,202080402080,20201113,2,13
5895,4,B,1,202064402080,20201113,2,14
5896,3,B,0,202064322080,20201113,2,15
5897,4,B,0,202051322080,20201113,2,16
5898,2,A,0,202080502080,20201113,2,17
5899,1,A,0,201680502080,20201113,2,18
5900,2,A,0,161680502080,20201113,2,19
5901,5,C,0,202080502080,20201113,2,20
5902,6,C,1,202080501680,20201113,2,21
5903,5,C,0,202080501664,20201113,2,22
5904,2,A,1,202080502080,20201113,2,23
5905,1,A,0,201680502080,20201113,2,24
5906,2,A,0,161680502080,20201113,2,25
5907,5,C,0,202080502080,20201113,2,26
5908,6,C,0,202080501680,20201113,2,27
5909,5,C,0,202080501664,20201113,2,28
5910,4,B,1,202080502080,20201113,2,29
5911,3,B,1,202080402080,20201113,2,30
5912,4,B,0,202064402080,20201113,2,31
5913,3,B,1,202064322080,20201113,2,32
5914,2,A,0,202080502080,20201113,2,33
5915,1,A,1,201680502080,20201113,2,34
5916,5,C,1,202080502080,20201113,2,35
5917,6,C,1,202080501680,20201113,2,36
5918,5,C,0,202080501664,20201113,2,37
5919,6,C,0,202080501264,20201113,2,38
5920,4,B,0,202080502080,20201113,2,39
5921,3,B,1,202080402080,20201113,2,40
5922,4,B,1,202064402080,20201113,2,41
5923,3,B,1,202064322080,20201113,2,42
5924,4,B,0,202051322080,20201113,2,43
5925,3,B,1,202051252080,20201113,2,44
5926,2,A,0,202080502080,20201113,2,45
5927,1,A,0,201680502080,20201113,2,46
5928,4,B,0,202080502080,20201113,2,47
5929,3,B,1,202080402080,20201113,2,48
5930,4,B,0,202064402080,20201113,2,49
5931,3,B,1,202064322080,20201113,2,50
5932,4,B,0,202051322080,20201113,2,51
5933,3,B,0,202051252080,20201113,2,52
5934,4,B,1,202040252080,20201113,2,53
5935,3,B,1,202040202080,20201113,2,54
5936,4,B,0,202032202080,20201113,2,55
5937,3,B,0,202032162080,20201113,2,56
5938,6,C,1,202080502080,20201113,2,57
5939,5,C,0,202080502064,20201113,2,58
5940,6,C,1,202080501664,20201113,2,59
5941,4,B,0,202080502080,20201113,2,60
5942,3,B,1,202080402080,20201113,2,61
5943,4,B,0,202064402080,20201113,2,62
5944,3,B,1,202064322080,20201113,2,63
5945,2,A,0,202080502080,20201113,2,64
5946,1,A,0,201680502080,20201113,2,65
5947,5,C,0,202080502080,20201113,2,66
5948,6,C,1,202080501680,20201113,2,67
5949,5,C,0,202080501664,20201113,2,68
5950,6,C,0,202080501264,20201113,2,69
5951,4,B,1,202080502080,20201113,2,70
5952,3,B,1,202080402080,20201113,2,71
5953,4,B,1,202064402080,20201113,2,72
5954,3,B,1,202064322080,20201113,2,73
5955,4,B,0,202051322080,20201113,2,74
5956,3,B,1,202051252080,20201113,2,75
5957,6,C,0,202080502080,20201113,2,76
5958,5,C,0,202080502064,20201113,2,77
5959,6,C,1,202080501664,20201113,2,78
5960,5,C,1,202080501651,20201113,2,79
5961,6,C,0,202080501251,20201113,2,80
5962,5,C,0,202080501240,20201113,2,81
5963,4,B,1,202080502080,20201113,2,82
5964,3,B,0,202080402080,20201113,2,83
5965,4,B,1,202064402080,20201113,2,84
5966,3,B,1,202064322080,20201113,2,85
5967,4,B,0,202051322080,20201113,2,86
5968,3,B,0,202051252080,20201113,2,87
5969,2,A,1,202080502080,20201113,2,88
5970,1,A,0,201680502080,20201113,2,89
5971,2,A,0,161680502080,20201113,2,90
5972,4,B,1,202080502080,20201113,2,91
5973,3,B,1,202080402080,20201113,2,92
5974,4,B,0,202064402080,20201113,2,93
5975,3,B,1,202064322080,20201113,2,94
5976,4,B,0,202051322080,20201113,2,95
5977,3,B,1,202051252080,20201113,2,96
5978,5,C,0,202080502080,20201113,2,97
5979,6,C,1,202080501680,20201113,2,98
5980,5,C,0,202080501664,20201113,2,99
5981,6,C,1,202080501264,20201113,2,100
5982,4,B,0,202080502080,20201113,2,101
5983,3,B,1,202080402080,20201113,2,102
5984,4,B,1,202064402080,20201113,2,103
5985,3,B,1,202064322080,20201113,2,104
5986,4,B,0,202051322080,20201113,2,105
5987,3,B,1,202051252080,20201113,2,106
5988,2,A,0,202080502080,20201113,2,107
5989,1,A,0,201680502080,20201113,2,108
5990,2,A,0,161680502080,20201113,2,109
5991,4,B,1,202080502080,20201113,2,110
5992,3,B,1,202080402080,20201113,2,111
5993,4,B,1,202064402080,20201113,2,112
5994,3,B,1,202064322080,20201113,2,113
5995,4,B,0,202051322080,20201113,2,114
5996,3,B,1,202051252080,20201113,2,115
5997,5,C,1,202080502080,20201113,2,116
5998,6,C,1,202080501680,20201113,2,117
5999,5,C,0,202080501664,20201113,2,118
6000,6,C,1,202080501264,20201113,2,119
6001,5,C,0,202080501251,20201113,2,120
6002,6,C,1,202080501051,20201113,2,121
6003,4,B,1,202080502080,20201113,2,122
6004,3,B,0,202080402080,20201113,2,123
6005,4,B,1,202064402080,20201113,2,124
6006,3,B,1,202064322080,20201113,2,125
6007,4,B,1,202051322080,20201113,2,126
6008,3,B,0,202051252080,20201113,2,127
6009,4,B,0,202040252080,20201113,2,128
6010,3,B,0,202040202080,20201113,2,129
6011,6,C,1,202080502080,20201113,2,130
6012,5,C,0,202080502064,20201113,2,131
6013,6,C,1,202080501664,20201113,2,132
6014,5,C,0,202080501651,20201113,2,133
6015,6,C,0,202080501251,20201113,2,134
6016,4,B,1,202080502080,20201113,2,135
6017,3,B,0,202080402080,20201113,2,136
6018,4,B,0,202064402080,20201113,2,137
6019,3,B,1,202064322080,20201113,2,138
6020,6,C,0,202080502080,20201113,2,139
6021,5,C,0,202080502064,20201113,2,140
6022,6,C,0,202080501664,20201113,2,141
6023,5,C,0,202080501651,20201113,2,142
6024,4,B,1,202080502080,20201113,2,143
6025,3,B,1,202080402080,20201113,2,144
6026,4,B,0,202064402080,20201113,2,145
6027,3,B,1,202064322080,20201113,2,146
6028,4,B,0,202051322080,20201113,2,147
6029,3,B,1,202051252080,20201113,2,148
6030,6,C,1,202080502080,20201113,2,149
6031,5,C,0,202080502064,20201113,2,150
6032,6,C,1,202080501664,20201113,2,151
6033,5,C,1,202080501651,20201113,2,152
6034,6,C,1,202080501251,20201113,2,153
6035,5,C,0,202080501240,20201113,2,154
6036,6,C,1,202080501040,20201113,2,155
6037,4,B,0,202080502080,20201113,2,156
6038,3,B,1,202080402080,20201113,2,157
6039,4,B,0,202064402080,20201113,2,158
6040,3,B,0,202064322080,20201113,2,159
6041,6,C,0,202080502080,20201113,2,160
6042,5,C,0,202080502064,20201113,2,161
6043,6,C,0,202080501664,20201113,2,162
6044,4,B,0,202080502080,20201113,2,163
6045,3,B,0,202080402080,20201113,2,164
6046,2,A,0,202080502080,20201113,2,165
6047,1,A,0,201680502080,20201113,2,166
6048,2,A,0,161680502080,20201113,2,167
6049,5,C,1,202080502080,20201113,2,168
6050,6,C,1,202080501680,20201113,2,169
6051,5,C,0,202080501664,20201113,2,170
6052,6,C,1,202080501264,20201113,2,171
6053,5,C,0,202080501251,20201113,2,172
6054,6,C,1,202080501051,20201113,2,173
6055,5,C,0,202080501040,20201113,2,174
6056,6,C,1,202080500840,20201113,2,175
6057,5,C,1,202080500832,20201113,2,176
6058,6,C,0,202080500632,20201113,2,177
6059,5,C,0,202080500626,20201113,2,178
6060,4,B,1,202080502080,20201113,2,179
6061,3,B,1,202080402080,20201113,2,180
6062,4,B,0,202064402080,20201113,2,181
6063,3,B,1,202064322080,20201113,2,182
6064,4,B,1,202051322080,20201113,2,183
6065,3,B,0,202051252080,20201113,2,184
6066,4,B,0,202040252080,20201113,2,185
6067,3,B,0,202040202080,20201113,2,186
6068,6,C,1,202080502080,20201113,2,187
6069,5,C,0,202080502064,20201113,2,188
6070,6,C,1,202080501664,20201113,2,189
6071,5,C,0,202080501651,20201113,2,190
6072,6,C,0,202080501251,20201113,2,191
6073,5,C,0,202080501240,20201113,2,192
6074,6,C,1,202080501040,20201113,2,193
6075,4,B,1,202080502080,20201113,2,194
6076,3,B,1,202080402080,20201113,2,195
6077,4,B,1,202064402080,20201113,2,196
6078,3,B,1,202064322080,20201113,2,197
6079,4,B,0,202051322080,20201113,2,198
6080,3,B,0,202051252080,20201113,2,199
6081,6,C,0,202080502080,20201113,2,200
6082,5,C,0,202080502064,20201113,2,201
6083,6,C,1,202080501664,20201113,2,202
6084,5,C,0,202080501651,20201113,2,203
6085,6,C,1,202080501251,20201113,2,204
6086,5,C,1,202080501240,20201113,2,205
6087,6,C,0,202080501040,20201113,2,206
6088,5,C,0,202080501032,20201113,2,207
6089,6,C,0,202080500832,20201113,2,208
6090,4,B,0,202080502080,20201113,2,209
6091,3,B,1,202080402080,20201113,2,210
6092,4,B,1,202064402080,20201113,2,211
6093,3,B,0,202064322080,20201113,2,212
6094,4,B,1,202051322080,20201113,2,213
6095,3,B,0,202051252080,20201113,2,214
6096,4,B,1,202040252080,20201113,2,215
6097,3,B,1,202040202080,20201113,2,216
6098,4,B,0,202032202080,20201113,2,217
6099,3,B,1,202032162080,20201113,2,218
6100,4,B,0,202026162080,20201113,2,219
6101,3,B,0,202026132080,20201113,2,220
6102,6,C,1,202080502080,20201113,2,221
6103,5,C,0,202080502064,20201113,2,222
6104,6,C,0,202080501664,20201113,2,223
6105,4,B,1,202080502080,20201113,2,224
6106,3,B,1,202080402080,20201113,2,225
6107,4,B,1,202064402080,20201113,2,226
6108,3,B,1,202064322080,20201113,2,227
6109,4,B,0,202051322080,20201113,2,228
6110,3,B,0,202051252080,20201113,2,229
6111,4,B,0,202040252080,20201113,2,230
6112,2,A,0,202080502080,20201113,2,231
6113,1,A,0,201680502080,20201113,2,232
6114,5,C,1,202080502080,20201113,2,233
6115,6,C,0,202080501680,20201113,2,234
6116,5,C,0,202080501664,20201113,2,235
6117,6,C,1,202080501264,20201113,2,236
6118,5,C,0,202080501251,20201113,2,237
6119,6,C,1,202080501051,20201113,2,238
6120,4,B,0,202080502080,20201113,2,239
6121,3,B,1,202080402080,20201113,2,240
6122,4,B,0,202064402080,20201113,2,241
6123,3,B,0,202064322080,20201113,2,242
6124,4,B,1,202051322080,20201113,2,243
6125,3,B,0,202051252080,20201113,2,244
6126,4,B,0,202040252080,20201113,2,245
6127,6,C,1,202080502080,20201113,2,246
6128,5,C,0,202080502064,20201113,2,247
6129,6,C,1,202080501664,20201113,2,248
6130,5,C,0,202080501651,20201113,2,249
6131,6,C,0,202080501251,20201113,2,250
6132,4,B,1,202080502080,20201113,2,251
6133,3,B,0,202080402080,20201113,2,252
6134,4,B,0,202064402080,20201113,2,253
6135,6,C,1,202080502080,20201113,2,254
6136,5,C,0,202080502064,20201113,2,255
6137,6,C,1,202080501664,20201113,2,256
6138,4,B,1,202080502080,20201113,2,257
6139,3,B,0,202080402080,20201113,2,258
6140,4,B,1,202064402080,20201113,2,259
6141,3,B,0,202064322080,20201113,2,260
6142,4,B,0,202051322080,20201113,2,261
6143,2,A,0,202080502080,20201113,2,262
6144,1,A,0,201680502080,20201113,2,263
6145,2,A,0,161680502080,20201113,2,264
6146,5,C,0,202080502080,20201113,2,265
6147,6,C,0,202080501680,20201113,2,266
6148,4,B,0,202080502080,20201113,2,267
6149,3,B,1,202080402080,20201113,2,268
6150,4,B,0,202064402080,20201113,2,269
6151,3,B,1,202064322080,20201113,2,270
6152,4,B,1,202051322080,20201113,2,271
6153,3,B,0,202051252080,20201113,2,272
6154,6,C,1,202080502080,20201113,2,273
6155,5,C,1,202080502064,20201113,2,274
6156,6,C,0,202080501664,20201113,2,275
6157,5,C,0,202080501651,20201113,2,276
6158,6,C,0,202080501251,20201113,2,277
6159,4,B,1,202080502080,20201113,2,278
6160,3,B,1,202080402080,20201113,2,279
6161,4,B,0,202064402080,20201113,2,280
6162,3,B,1,202064322080,20201113,2,281
6163,6,C,0,202080502080,20201113,2,282
6164,5,C,0,202080502064,20201113,2,283
6165,6,C,1,202080501664,20201113,2,284
6166,4,B,1,202080502080,20201113,2,285
6167,3,B,0,202080402080,20201113,2,286
6168,4,B,1,202064402080,20201113,2,287
6169,3,B,1,202064322080,20201113,2,288
6170,4,B,0,202051322080,20201113,2,289
6171,3,B,1,202051252080,20201113,2,290
6172,4,B,0,202040252080,20201113,2,291
6173,3,B,0,202040202080,20201113,2,292
6174,6,C,1,202080502080,20201113,2,293
6175,5,C,0,202080502064,20201113,2,294
6176,6,C,1,202080501664,20201113,2,295
6177,4,B,1,202080502080,20201113,2,296
6178,3,B,1,202080402080,20201113,2,297
6179,4,B,1,202064402080,20201113,2,298
6180,3,B,1,202064322080,20201113,2,299
6181,4,B,0,802050202020,20201113,3,0
6182,3,B,0,802050162020,20201113,3,1
6183,4,B,0,802040162020,20201113,3,2
6184,2,A,0,802050202020,20201113,3,3
6185,1,A,0,801650202020,20201113,3,4
6186,2,A,0,641650202020,20201113,3,5
6187,6,C,0,802050202020,20201113,3,6
6188,5,C,0,802050202016,20201113,3,7
6189,6,C,0,802050201616,20201113,3,8
6190,5,C,0,802050201612,20201113,3,9
6191,4,B,0,802050202020,20201113,3,10
6192,3,B,1,802050162020,20201113,3,11
6193,4,B,0,802040162020,20201113,3,12
6194,3,B,1,802040122020,20201113,3,13
6195,4,B,1,802032122020,20201113,3,14
6196,3,B,0,802032102020,20201113,3,15
6197,6,C,0,802050202020,20201113,3,16
6198,5,C,0,802050202016,20201113,3,17
6199,4,B,0,802050202020,20201113,3,18
6200,3,B,0,802050162020,20201113,3,19
6201,1,A,1,802050202020,20201113,3,20
6202,2,A,0,642050202020,20201113,3,21
6203,5,C,0,802050202020,20201113,3,22
6204,6,C,0,802050201620,20201113,3,23
6205,4,B,0,802050202020,20201113,3,24
6206,3,B,1,802050162020,20201113,3,25
6207,4,B,0,802040162020,20201113,3,26
6208,3,B,1,802040122020,20201113,3,27
6209,6,C,0,802050202020,20201113,3,28
6210,5,C,0,802050202016,20201113,3,29
6211,6,C,0,802050201616,20201113,3,30
6212,4,B,0,802050202020,20201113,3,31
6213,3,B,1,802050162020,20201113,3,32
6214,4,B,1,802040162020,20201113,3,33
6215,3,B,0,802040122020,20201113,3,34
6216,1,A,0,802050202020,20201113,3,35
6217,2,A,0,642050202020,20201113,3,36
6218,4,B,0,802050202020,20201113,3,37
6219,3,B,1,802050162020,20201113,3,38
6220,4,B,0,802040162020,20201113,3,39
6221,3,B,1,802040122020,20201113,3,40
6222,6,C,0,802050202020,20201113,3,41
6223,5,C,0,802050202016,20201113,3,42
6224,4,B,0,802050202020,20201113,3,43
6225,3,B,1,802050162020,20201113,3,44
6226,4,B,0,802040162020,20201113,3,45
6227,3,B,1,802040122020,20201113,3,46
6228,4,B,0,802032122020,20201113,3,47
6229,3,B,0,802032102020,20201113,3,48
6230,2,A,0,802050202020,20201113,3,49
6231,4,B,0,802050202020,20201113,3,50
6232,3,B,1,802050162020,20201113,3,51
6233,4,B,0,802040162020,20201113,3,52
6234,3,B,0,802040122020,20201113,3,53
6235,4,B,0,802032122020,20201113,3,54
6236,3,B,0,802032102020,20201113,3,55
6237,6,C,0,802050202020,20201113,3,56
6238,5,C,1,802050202016,20201113,3,57
6239,6,C,0,802050201616,20201113,3,58
6240,1,A,1,802050202020,20201113,3,59
6241,2,A,0,642050202020,20201113,3,60
6242,1,A,1,641650202020,20201113,3,61
6243,5,C,0,802050202020,20201113,3,62
6244,4,B,0,802050202020,20201113,3,63
6245,3,B,0,802050162020,20201113,3,64
6246,4,B,0,802040162020,20201113,3,65
6247,3,B,0,802040122020,20201113,3,66
6248,6,C,0,802050202020,20201113,3,67
6249,5,C,0,802050202016,20201113,3,68
6250,6,C,0,802050201616,20201113,3,69
6251,1,A,0,802050202020,20201113,3,70
6252,2,A,0,642050202020,20201113,3,71
6253,1,A,0,641650202020,20201113,3,72
6254,6,C,1,802050202020,20201113,3,73
6255,5,C,0,802050202016,20201113,3,74
6256,4,B,0,802050202020,20201113,3,75
6257,3,B,0,802050162020,20201113,3,76
6258,2,A,0,802050202020,20201113,3,77
6259,1,A,1,801650202020,20201113,3,78
6260,4,B,0,802050202020,20201113,3,79
6261,3,B,1,802050162020,20201113,3,80
6262,4,B,0,802040162020,20201113,3,81
6263,3,B,1,802040122020,20201113,3,82
6264,4,B,0,802032122020,20201113,3,83
6265,3,B,1,802032102020,20201113,3,84
6266,4,B,1,802025102020,20201113,3,85
6267,3,B,0,802025082020,20201113,3,86
6268,4,B,0,802020082020,20201113,3,87
6269,3,B,0,802020062020,20201113,3,88
6270,6,C,0,802050202020,20201113,3,89
6271,5,C,0,802050202016,20201113,3,90
6272,4,B,0,802050202020,20201113,3,91
6273,3,B,1,802050162020,20201113,3,92
6274,4,B,0,802040162020,20201113,3,93
6275,3,B,0,802040122020,20201113,3,94
6276,4,B,1,802032122020,20201113,3,95
6277,3,B,0,802032102020,20201113,3,96
6278,4,B,0,802025102020,20201113,3,97
6279,6,C,0,802050202020,20201113,3,98
6280,5,C,0,802050202016,20201113,3,99
6281,4,B,0,802050202020,20201113,3,100
6282,3,B,1,802050162020,20201113,3,101
6283,4,B,1,802040162020,20201113,3,102
6284,3,B,0,802040122020,20201113,3,103
6285,4,B,0,802032122020,20201113,3,104
6286,3,B,0,802032102020,20201113,3,105
6287,1,A,0,802050202020,20201113,3,106
6288,2,A,0,642050202020,20201113,3,107
6289,4,B,0,802050202020,20201113,3,108
6290,3,B,0,802050162020,20201113,3,109
6291,4,B,0,802040162020,20201113,3,110
6292,3,B,1,802040122020,20201113,3,111
6293,4,B,0,802032122020,20201113,3,112
6294,3,B,0,802032102020,20201113,3,113
6295,4,B,0,802025102020,20201113,3,114
6296,3,B,0,802025082020,20201113,3,115
6297,1,A,0,802050202020,20201113,3,116
6298,2,A,0,642050202020,20201113,3,117
6299,4,B,0,802050202020,20201113,3,118
6300,3,B,0,802050162020,20201113,3,119
6301,4,B,0,802040162020,20201113,3,120
6302,6,C,0,802050202020,20201113,3,121
6303,5,C,0,802050202016,20201113,3,122
6304,4,B,1,802050202020,20201113,3,123
6305,3,B,0,802050162020,20201113,3,124
6306,4,B,0,802040162020,20201113,3,125
6307,3,B,0,802040122020,20201113,3,126
6308,4,B,0,802032122020,20201113,3,127
6309,3,B,0,802032102020,20201113,3,128
6310,1,A,1,802050202020,20201113,3,129
6311,2,A,0,642050202020,20201113,3,130
6312,1,A,1,641650202020,20201113,3,131
6313,2,A,0,511650202020,20201113,3,132
6314,1,A,1,511250202020,20201113,3,133
6315,2,A,0,401250202020,20201113,3,134
6316,1,A,1,401050202020,20201113,3,135
6317,2,A,0,321050202020,20201113,3,136
6318,1,A,0,320850202020,20201113,3,137
6319,6,C,0,802050202020,20201113,3,138
6320,5,C,0,802050202016,20201113,3,139
6321,6,C,0,802050201616,20201113,3,140
6322,5,C,0,802050201612,20201113,3,141
6323,4,B,0,802050202020,20201113,3,142
6324,3,B,0,802050162020,20201113,3,143
6325,4,B,0,802040162020,20201113,3,144
6326,3,B,0,802040122020,20201113,3,145
6327,1,A,1,802050202020,20201113,3,146
6328,2,A,1,642050202020,20201113,3,147
6329,1,A,1,641650202020,20201113,3,148
6330,2,A,1,511650202020,20201113,3,149
6331,1,A,1,511250202020,20201113,3,150
6332,2,A,0,401250202020,20201113,3,151
6333,1,A,1,401050202020,20201113,3,152
6334,2,A,0,321050202020,20201113,3,153
6335,1,A,0,320850202020,20201113,3,154
6336,2,A,0,260850202020,20201113,3,155
6337,1,A,0,260650202020,20201113,3,156
6338,4,B,0,802050202020,20201113,3,157
6339,3,B,1,802050162020,20201113,3,158
6340,4,B,0,802040162020,20201113,3,159
6341,3,B,1,802040122020,20201113,3,160
6342,4,B,0,802032122020,20201113,3,161
6343,3,B,0,802032102020,20201113,3,162
6344,4,B,0,802025102020,20201113,3,163
6345,3,B,0,802025082020,20201113,3,164
6346,1,A,1,802050202020,20201113,3,165
6347,2,A,0,642050202020,20201113,3,166
6348,1,A,0,641650202020,20201113,3,167
6349,4,B,0,802050202020,20201113,3,168
6350,3,B,1,802050162020,20201113,3,169
6351,4,B,0,802040162020,20201113,3,170
6352,3,B,0,802040122020,20201113,3,171
6353,1,A,1,802050202020,20201113,3,172
6354,2,A,0,642050202020,20201113,3,173
6355,1,A,1,641650202020,20201113,3,174
6356,2,A,0,511650202020,20201113,3,175
6357,1,A,0,511250202020,20201113,3,176
6358,4,B,0,802050202020,20201113,3,177
6359,3,B,0,802050162020,20201113,3,178
6360,4,B,0,802040162020,20201113,3,179
6361,3,B,1,802040122020,20201113,3,180
6362,1,A,1,802050202020,20201113,3,181
6363,2,A,0,642050202020,20201113,3,182
6364,1,A,0,641650202020,20201113,3,183
6365,4,B,0,802050202020,20201113,3,184
6366,3,B,0,802050162020,20201113,3,185
6367,4,B,0,802040162020,20201113,3,186
6368,3,B,0,802040122020,20201113,3,187
6369,1,A,1,802050202020,20201113,3,188
6370,2,A,0,642050202020,20201113,3,189
6371,1,A,1,641650202020,20201113,3,190
6372,2,A,0,511650202020,20201113,3,191
6373,1,A,1,511250202020,20201113,3,192
6374,2,A,0,401250202020,20201113,3,193
6375,1,A,0,401050202020,20201113,3,194
6376,4,B,0,802050202020,20201113,3,195
6377,3,B,0,802050162020,20201113,3,196
6378,1,A,0,802050202020,20201113,3,197
6379,2,A,0,642050202020,20201113,3,198
6380,1,A,1,641650202020,20201113,3,199
6381,5,C,1,802050202020,20201113,3,200
6382,6,C,1,802050201620,20201113,3,201
6383,5,C,0,802050201616,20201113,3,202
6384,6,C,0,802050201216,20201113,3,203
6385,5,C,0,802050201212,20201113,3,204
6386,2,A,0,802050202020,20201113,3,205
6387,1,A,1,801650202020,20201113,3,206
6388,2,A,0,641650202020,20201113,3,207
6389,1,A,1,641250202020,20201113,3,208
6390,6,C,1,802050202020,20201113,3,209
6391,5,C,0,802050202016,20201113,3,210
6392,6,C,0,802050201616,20201113,3,211
6393,4,B,0,802050202020,20201113,3,212
6394,3,B,0,802050162020,20201113,3,213
6395,1,A,1,802050202020,20201113,3,214
6396,2,A,0,642050202020,20201113,3,215
6397,1,A,0,641650202020,20201113,3,216
6398,5,C,0,802050202020,20201113,3,217
6399,6,C,0,802050201620,20201113,3,218
6400,5,C,0,802050201616,20201113,3,219
6401,1,A,1,802050202020,20201113,3,220
6402,2,A,0,642050202020,20201113,3,221
6403,1,A,1,641650202020,20201113,3,222
6404,6,C,0,802050202020,20201113,3,223
6405,5,C,0,802050202016,20201113,3,224
6406,6,C,0,802050201616,20201113,3,225
6407,1,A,1,802050202020,20201113,3,226
6408,2,A,0,642050202020,20201113,3,227
6409,1,A,1,641650202020,20201113,3,228
6410,6,C,1,802050202020,20201113,3,229
6411,5,C,0,802050202016,20201113,3,230
6412,6,C,0,802050201616,20201113,3,231
6413,1,A,1,802050202020,20201113,3,232
6414,2,A,1,642050202020,20201113,3,233
6415,1,A,1,641650202020,20201113,3,234
6416,2,A,0,511650202020,20201113,3,235
6417,1,A,0,511250202020,20201113,3,236
6418,2,A,0,401250202020,20201113,3,237
6419,1,A,0,401050202020,20201113,3,238
6420,5,C,0,802050202020,20201113,3,239
6421,6,C,1,802050201620,20201113,3,240
6422,5,C,0,802050201616,20201113,3,241
6423,6,C,0,802050201216,20201113,3,242
6424,1,A,1,802050202020,20201113,3,243
6425,2,A,0,642050202020,20201113,3,244
6426,1,A,1,641650202020,20201113,3,245
6427,3,B,0,802050202020,20201113,3,246
6428,1,A,1,802050202020,20201113,3,247
6429,2,A,0,642050202020,20201113,3,248
6430,1,A,0,641650202020,20201113,3,249
6431,6,C,0,802050202020,20201113,3,250
6432,1,A,0,802050202020,20201113,3,251
6433,2,A,0,642050202020,20201113,3,252
6434,1,A,1,641650202020,20201113,3,253
6435,5,C,0,802050202020,20201113,3,254
6436,6,C,0,802050201620,20201113,3,255
6437,1,A,1,802050202020,20201113,3,256
6438,2,A,0,642050202020,20201113,3,257
6439,1,A,1,641650202020,20201113,3,258
6440,6,C,0,802050202020,20201113,3,259
6441,5,C,1,802050202016,20201113,3,260
6442,6,C,0,802050201616,20201113,3,261
6443,5,C,0,802050201612,20201113,3,262
6444,1,A,0,802050202020,20201113,3,263
6445,2,A,0,642050202020,20201113,3,264
6446,1,A,0,641650202020,20201113,3,265
6447,5,C,1,802050202020,20201113,3,266
6448,6,C,0,802050201620,20201113,3,267
6449,5,C,0,802050201616,20201113,3,268
6450,1,A,1,802050202020,20201113,3,269
6451,4,B,0,802050202020,20201113,3,270
6452,3,B,0,802050162020,20201113,3,271
6453,1,A,1,802050202020,20201113,3,272
6454,6,C,0,802050202020,20201113,3,273
6455,5,C,1,802050202016,20201113,3,274
6456,6,C,0,802050201616,20201113,3,275
6457,5,C,0,802050201612,20201113,3,276
6458,1,A,0,802050202020,20201113,3,277
6459,6,C,0,802050202020,20201113,3,278
6460,5,C,0,802050202016,20201113,3,279
6461,1,A,1,802050202020,20201113,3,280
6462,4,B,0,802050202020,20201113,3,281
6463,3,B,1,802050162020,20201113,3,282
6464,4,B,0,802040162020,20201113,3,283
6465,3,B,1,802040122020,20201113,3,284
6466,1,A,1,802050202020,20201113,3,285
6467,2,A,0,642050202020,20201113,3,286
6468,1,A,0,641650202020,20201113,3,287
6469,6,C,0,802050202020,20201113,3,288
6470,5,C,0,802050202016,20201113,3,289
6471,1,A,1,802050202020,20201113,3,290
6472,2,A,0,642050202020,20201113,3,291
6473,1,A,0,641650202020,20201113,3,292
6474,5,C,0,802050202020,20201113,3,293
6475,6,C,0,802050201620,20201113,3,294
6476,5,C,1,802050201616,20201113,3,295
6477,6,C,0,802050201216,20201113,3,296
6478,5,C,0,802050201212,20201113,3,297
6479,1,A,1,802050202020,20201113,3,298
6480,2,A,1,642050202020,20201113,3,299
6481,1,A,0,202050202080,20201113,4,0
6482,2,A,1,162050202080,20201113,4,1
6483,1,A,0,161650202080,20201113,4,2
6484,2,A,0,121650202080,20201113,4,3
6485,5,C,0,202050202080,20201113,4,4
6486,6,C,1,202050201680,20201113,4,5
6487,5,C,0,202050201664,20201113,4,6
6488,6,C,0,202050201264,20201113,4,7
6489,3,B,0,202050202080,20201113,4,8
6490,4,B,1,202040202080,20201113,4,9
6491,3,B,1,202040162080,20201113,4,10
6492,4,B,0,202032162080,20201113,4,11
6493,3,B,1,202032122080,20201113,4,12
6494,6,C,1,202050202080,20201113,4,13
6495,5,C,0,202050202064,20201113,4,14
6496,6,C,0,202050201664,20201113,4,15
6497,4,B,0,202050202080,20201113,4,16
6498,3,B,0,202050162080,20201113,4,17
6499,1,A,0,202050202080,20201113,4,18
6500,2,A,0,162050202080,20201113,4,19
6501,5,C,0,202050202080,20201113,4,20
6502,6,C,0,202050201680,20201113,4,21
6503,5,C,0,202050201664,20201113,4,22
6504,3,B,1,202050202080,20201113,4,23
6505,4,B,0,202040202080,20201113,4,24
6506,3,B,0,202040162080,20201113,4,25
6507,4,B,0,202032162080,20201113,4,26
6508,1,A,0,202050202080,20201113,4,27
6509,2,A,0,162050202080,20201113,4,28
6510,1,A,0,161650202080,20201113,4,29
6511,5,C,0,202050202080,20201113,4,30
6512,6,C,1,202050201680,20201113,4,31
6513,3,B,0,202050202080,20201113,4,32
6514,4,B,0,202040202080,20201113,4,33
6515,3,B,0,202040162080,20201113,4,34
6516,1,A,1,202050202080,20201113,4,35
6517,2,A,0,162050202080,20201113,4,36
6518,1,A,0,161650202080,20201113,4,37
6519,2,A,0,121650202080,20201113,4,38
6520,1,A,0,121250202080,20201113,4,39
6521,5,C,1,202050202080,20201113,4,40
6522,6,C,0,202050201680,20201113,4,41
6523,5,C,0,202050201664,20201113,4,42
6524,3,B,1,202050202080,20201113,4,43
6525,4,B,0,202040202080,20201113,4,44
6526,3,B,0,202040162080,20201113,4,45
6527,1,A,0,202050202080,20201113,4,46
6528,2,A,1,162050202080,20201113,4,47
6529,1,A,0,161650202080,20201113,4,48
6530,2,A,0,121650202080,20201113,4,49
6531,1,A,0,121250202080,20201113,4,50
6532,2,A,0,101250202080,20201113,4,51
6533,5,C,0,202050202080,20201113,4,52
6534,6,C,1,202050201680,20201113,4,53
6535,5,C,0,202050201664,20201113,4,54
6536,6,C,1,202050201264,20201113,4,55
6537,5,C,0,202050201251,20201113,4,56
6538,6,C,1,202050201051,20201113,4,57
6539,5,C,0,202050201040,20201113,4,58
6540,6,C,0,202050200840,20201113,4,59
6541,3,B,1,202050202080,20201113,4,60
6542,4,B,0,202040202080,20201113,4,61
6543,3,B,0,202040162080,20201113,4,62
6544,1,A,0,202050202080,20201113,4,63
6545,2,A,1,162050202080,20201113,4,64
6546,1,A,1,161650202080,20201113,4,65
6547,2,A,0,121650202080,20201113,4,66
6548,1,A,0,121250202080,20201113,4,67
6549,5,C,0,202050202080,20201113,4,68
6550,6,C,0,202050201680,20201113,4,69
6551,5,C,0,202050201664,20201113,4,70
6552,6,C,1,202050201264,20201113,4,71
6553,5,C,0,202050201251,20201113,4,72
6554,6,C,1,202050201051,20201113,4,73
6555,5,C,0,202050201040,20201113,4,74
6556,6,C,0,202050200840,20201113,4,75
6557,3,B,0,202050202080,20201113,4,76
6558,4,B,0,202040202080,20201113,4,77
6559,3,B,0,202040162080,20201113,4,78
6560,1,A,0,202050202080,20201113,4,79
6561,2,A,0,162050202080,20201113,4,80
6562,5,C,0,202050202080,20201113,4,81
6563,6,C,1,202050201680,20201113,4,82
6564,5,C,0,202050201664,20201113,4,83
6565,6,C,1,202050201264,20201113,4,84
6566,5,C,0,202050201251,20201113,4,85
6567,6,C,1,202050201051,20201113,4,86
6568,3,B,1,202050202080,20201113,4,87
6569,4,B,0,202040202080,20201113,4,88
6570,3,B,0,202040162080,20201113,4,89
6571,4,B,0,202032162080,20201113,4,90
6572,3,B,0,202032122080,20201113,4,91
6573,1,A,1,202050202080,20201113,4,92
6574,2,A,0,162050202080,20201113,4,93
6575,1,A,0,161650202080,20201113,4,94
6576,5,C,1,202050202080,20201113,4,95
6577,6,C,0,202050201680,20201113,4,96
6578,5,C,0,202050201664,20201113,4,97
6579,6,C,1,202050201264,20201113,4,98
6580,5,C,0,202050201251,20201113,4,99
6581,6,C,0,202050201051,20201113,4,100
6582,5,C,0,202050201040,20201113,4,101
6583,6,C,1,202050200840,20201113,4,102
6584,1,A,0,202050202080,20201113,4,103
6585,2,A,0,162050202080,20201113,4,104
6586,1,A,0,161650202080,20201113,4,105
6587,5,C,0,202050202080,20201113,4,106
6588,6,C,1,202050201680,20201113,4,107
6589,5,C,0,202050201664,20201113,4,108
6590,6,C,0,202050201264,20201113,4,109
6591,5,C,0,202050201251,20201113,4,110
6592,6,C,0,202050201051,20201113,4,111
6593,3,B,1,202050202080,20201113,4,112
6594,4,B,0,202040202080,20201113,4,113
6595,3,B,1,202040162080,20201113,4,114
6596,1,A,0,202050202080,20201113,4,115
6597,2,A,0,162050202080,20201113,4,116
6598,1,A,0,161650202080,20201113,4,117
6599,5,C,0,202050202080,20201113,4,118
6600,6,C,1,202050201680,20201113,4,119
6601,5,C,0,202050201664,20201113,4,120
6602,6,C,1,202050201264,20201113,4,121
6603,5,C,0,202050201251,20201113,4,122
6604,6,C,1,202050201051,20201113,4,123
6605,5,C,0,202050201040,20201113,4,124
6606,6,C,0,202050200840,20201113,4,125
6607,3,B,1,202050202080,20201113,4,126
6608,4,B,0,202040202080,20201113,4,127
6609,3,B,1,202040162080,20201113,4,128
6610,4,B,1,202032162080,20201113,4,129
6611,3,B,0,202032122080,20201113,4,130
6612,4,B,0,202025122080,20201113,4,131
6613,3,B,0,202025102080,20201113,4,132
6614,6,C,1,202050202080,20201113,4,133
6615,5,C,0,202050202064,20201113,4,134
6616,6,C,0,202050201664,20201113,4,135
6617,5,C,0,202050201651,20201113,4,136
6618,6,C,1,202050201251,20201113,4,137
6619,3,B,1,202050202080,20201113,4,138
6620,4,B,0,202040202080,20201113,4,139
6621,3,B,0,202040162080,20201113,4,140
6622,6,C,1,202050202080,20201113,4,141
6623,5,C,0,202050202064,20201113,4,142
6624,6,C,1,202050201664,20201113,4,143
6625,1,A,0,202050202080,20201113,4,144
6626,2,A,0,162050202080,20201113,4,145
6627,1,A,0,161650202080,20201113,4,146
6628,5,C,0,202050202080,20201113,4,147
6629,6,C,1,202050201680,20201113,4,148
6630,5,C,0,202050201664,20201113,4,149
6631,6,C,0,202050201264,20201113,4,150
6632,3,B,0,202050202080,20201113,4,151
6633,4,B,1,202040202080,20201113,4,152
6634,3,B,1,202040162080,20201113,4,153
6635,4,B,0,202032162080,20201113,4,154
6636,3,B,1,202032122080,20201113,4,155
6637,4,B,0,202025122080,20201113,4,156
6638,3,B,0,202025102080,20201113,4,157
6639,6,C,1,202050202080,20201113,4,158
6640,5,C,1,202050202064,20201113,4,159
6641,6,C,0,202050201664,20201113,4,160
6642,5,C,0,202050201651,20201113,4,161
6643,6,C,0,202050201251,20201113,4,162
6644,3,B,1,202050202080,20201113,4,163
6645,4,B,1,202040202080,20201113,4,164
6646,3,B,0,202040162080,20201113,4,165
6647,4,B,0,202032162080,20201113,4,166
6648,3,B,1,202032122080,20201113,4,167
6649,6,C,0,202050202080,20201113,4,168
6650,5,C,0,202050202064,20201113,4,169
6651,6,C,0,202050201664,20201113,4,170
6652,3,B,1,202050202080,20201113,4,171
6653,4,B,0,202040202080,20201113,4,172
6654,3,B,0,202040162080,20201113,4,173
6655,6,C,1,202050202080,20201113,4,174
6656,5,C,0,202050202064,20201113,4,175
6657,6,C,1,202050201664,20201113,4,176
6658,5,C,0,202050201651,20201113,4,177
6659,6,C,1,202050201251,20201113,4,178
6660,3,B,0,202050202080,20201113,4,179
6661,4,B,0,202040202080,20201113,4,180
6662,3,B,1,202040162080,20201113,4,181
6663,4,B,0,202032162080,20201113,4,182
6664,3,B,1,202032122080,20201113,4,183
6665,1,A,1,202050202080,20201113,4,184
6666,2,A,0,162050202080,20201113,4,185
6667,1,A,0,161650202080,20201113,4,186
6668,6,C,1,202050202080,20201113,4,187
6669,5,C,1,202050202064,20201113,4,188
6670,6,C,1,202050201664,20201113,4,189
6671,5,C,0,202050201651,20201113,4,190
6672,6,C,1,202050201251,20201113,4,191
6673,5,C,0,202050201240,20201113,4,192
6674,6,C,1,202050201040,20201113,4,193
6675,3,B,1,202050202080,20201113,4,194
6676,4,B,0,202040202080,20201113,4,195
6677,3,B,0,202040162080,20201113,4,196
6678,6,C,1,202050202080,20201113,4,197
6679,5,C,1,202050202064,20201113,4,198
6680,6,C,0,202050201664,20201113,4,199
6681,5,C,0,202050201651,20201113,4,200
6682,6,C,1,202050201251,20201113,4,201
6683,5,C,0,202050201240,20201113,4,202
6684,6,C,1,202050201040,20201113,4,203
6685,5,C,0,202050201032,20201113,4,204
6686,6,C,0,202050200832,20201113,4,205
6687,3,B,1,202050202080,20201113,4,206
6688,4,B,0,202040202080,20201113,4,207
6689,3,B,1,202040162080,20201113,4,208
6690,6,C,1,202050202080,20201113,4,209
6691,5,C,0,202050202064,20201113,4,210
6692,6,C,0,202050201664,20201113,4,211
6693,5,C,0,202050201651,20201113,4,212
6694,6,C,0,202050201251,20201113,4,213
6695,2,A,0,202050202080,20201113,4,214
6696,1,A,0,201650202080,20201113,4,215
6697,6,C,1,202050202080,20201113,4,216
6698,5,C,0,202050202064,20201113,4,217
6699,6,C,1,202050201664,20201113,4,218
6700,3,B,1,202050202080,20201113,4,219
6701,4,B,0,202040202080,20201113,4,220
6702,3,B,0,202040162080,20201113,4,221
6703,6,C,0,202050202080,20201113,4,222
6704,5,C,1,202050202064,20201113,4,223
6705,6,C,0,202050201664,20201113,4,224
6706,5,C,0,202050201651,20201113,4,225
6707,6,C,1,202050201251,20201113,4,226
6708,5,C,0,202050201240,20201113,4,227
6709,6,C,1,202050201040,20201113,4,228
6710,3,B,0,202050202080,20201113,4,229
6711,4,B,0,202040202080,20201113,4,230
6712,3,B,1,202040162080,20201113,4,231
6713,6,C,0,202050202080,20201113,4,232
6714,5,C,0,202050202064,20201113,4,233
6715,6,C,1,202050201664,20201113,4,234
6716,3,B,0,202050202080,20201113,4,235
6717,4,B,0,202040202080,20201113,4,236
6718,3,B,1,202040162080,20201113,4,237
6719,6,C,1,202050202080,20201113,4,238
6720,5,C,0,202050202064,20201113,4,239
6721,6,C,1,202050201664,20201113,4,240
6722,3,B,0,202050202080,20201113,4,241
6723,4,B,0,202040202080,20201113,4,242
6724,3,B,1,202040162080,20201113,4,243
6725,6,C,1,202050202080,20201113,4,244
6726,5,C,0,202050202064,20201113,4,245
6727,6,C,0,202050201664,20201113,4,246
6728,5,C,0,202050201651,20201113,4,247
6729,6,C,1,202050201251,20201113,4,248
6730,3,B,0,202050202080,20201113,4,249
6731,4,B,0,202040202080,20201113,4,250
6732,3,B,0,202040162080,20201113,4,251
6733,6,C,1,202050202080,20201113,4,252
6734,5,C,0,202050202064,20201113,4,253
6735,6,C,1,202050201664,20201113,4,254
6736,5,C,0,202050201651,20201113,4,255
6737,6,C,0,202050201251,20201113,4,256
6738,3,B,0,202050202080,20201113,4,257
6739,6,C,0,202050202080,20201113,4,258
6740,5,C,0,202050202064,20201113,4,259
6741,6,C,0,202050201664,20201113,4,260
6742,3,B,0,202050202080,20201113,4,261
6743,4,B,0,202040202080,20201113,4,262
6744,3,B,0,202040162080,20201113,4,263
6745,6,C,1,202050202080,20201113,4,264
6746,5,C,0,202050202064,20201113,4,265
6747,6,C,1,202050201664,20201113,4,266
6748,5,C,0,202050201651,20201113,4,267
6749,6,C,0,202050201251,20201113,4,268
6750,3,B,1,202050202080,20201113,4,269
6751,4,B,0,202040202080,20201113,4,270
6752,3,B,0,202040162080,20201113,4,271
6753,6,C,1,202050202080,20201113,4,272
6754,5,C,1,202050202064,20201113,4,273
6755,6,C,1,202050201664,20201113,4,274
6756,5,C,0,202050201651,20201113,4,275
6757,6,C,0,202050201251,20201113,4,276
6758,5,C,0,202050201240,20201113,4,277
6759,6,C,1,202050201040,20201113,4,278
6760,5,C,0,202050201032,20201113,4,279
6761,6,C,0,202050200832,20201113,4,280
6762,3,B,0,202050202080,20201113,4,281
6763,6,C,1,202050202080,20201113,4,282
6764,5,C,1,202050202064,20201113,4,283
6765,6,C,1,202050201664,20201113,4,284
6766,5,C,0,202050201651,20201113,4,285
6767,6,C,0,202050201251,20201113,4,286
6768,5,C,1,202050201240,20201113,4,287
6769,6,C,0,202050201040,20201113,4,288
6770,5,C,1,202050201032,20201113,4,289
6771,6,C,0,202050200832,20201113,4,290
6772,5,C,0,202050200826,20201113,4,291
6773,6,C,0,202050200626,20201113,4,292
6774,5,C,0,202050200620,20201113,4,293
6775,6,C,0,202050200520,20201113,4,294
6776,5,C,1,202050200516,20201113,4,295
6777,6,C,0,202050200416,20201113,4,296
6778,5,C,0,202050200413,20201113,4,297
6779,1,A,0,202050202080,20201113,4,298
6780,2,A,0,162050202080,20201113,4,299
6781,4,B,1,208050805020,20201113,5,0
6782,3,B,0,208050645020,20201113,5,1
6783,1,A,0,208050805020,20201113,5,2
6784,2,A,1,168050805020,20201113,5,3
6785,1,A,0,166450805020,20201113,5,4
6786,2,A,1,126450805020,20201113,5,5
6787,5,C,0,208050805020,20201113,5,6
6788,6,C,0,208050804020,20201113,5,7
6789,5,C,1,208050804016,20201113,5,8
6790,6,C,1,208050803216,20201113,5,9
6791,5,C,0,208050803212,20201113,5,10
6792,6,C,0,208050802512,20201113,5,11
6793,4,B,1,208050805020,20201113,5,12
6794,3,B,0,208050645020,20201113,5,13
6795,4,B,1,208040645020,20201113,5,14
6796,3,B,0,208040515020,20201113,5,15
6797,4,B,0,208032515020,20201113,5,16
6798,1,A,0,208050805020,20201113,5,17
6799,2,A,1,168050805020,20201113,5,18
6800,1,A,0,166450805020,20201113,5,19
6801,2,A,1,126450805020,20201113,5,20
6802,1,A,0,125150805020,20201113,5,21
6803,2,A,0,105150805020,20201113,5,22
6804,6,C,0,208050805020,20201113,5,23
6805,5,C,1,208050805016,20201113,5,24
6806,6,C,0,208050804016,20201113,5,25
6807,5,C,0,208050804012,20201113,5,26
6808,4,B,1,208050805020,20201113,5,27
6809,3,B,1,208050645020,20201113,5,28
6810,4,B,1,208040645020,20201113,5,29
6811,3,B,0,208040515020,20201113,5,30
6812,4,B,0,208032515020,20201113,5,31
6813,3,B,0,208032405020,20201113,5,32
6814,2,A,1,208050805020,20201113,5,33
6815,1,A,0,206450805020,20201113,5,34
6816,2,A,1,166450805020,20201113,5,35
6817,1,A,0,165150805020,20201113,5,36
6818,2,A,1,125150805020,20201113,5,37
6819,1,A,0,124050805020,20201113,5,38
6820,2,A,0,104050805020,20201113,5,39
6821,6,C,0,208050805020,20201113,5,40
6822,5,C,0,208050805016,20201113,5,41
6823,6,C,0,208050804016,20201113,5,42
6824,5,C,0,208050804012,20201113,5,43
6825,4,B,1,208050805020,20201113,5,44
6826,3,B,0,208050645020,20201113,5,45
6827,4,B,0,208040645020,20201113,5,46
6828,3,B,0,208040515020,20201113,5,47
6829,2,A,1,208050805020,20201113,5,48
6830,1,A,1,206450805020,20201113,5,49
6831,2,A,1,166450805020,20201113,5,50
6832,1,A,0,165150805020,20201113,5,51
6833,2,A,0,125150805020,20201113,5,52
6834,6,C,0,208050805020,20201113,5,53
6835,5,C,1,208050805016,20201113,5,54
6836,6,C,0,208050804016,20201113,5,55
6837,5,C,1,208050804012,20201113,5,56
6838,4,B,1,208050805020,20201113,5,57
6839,3,B,1,208050645020,20201113,5,58
6840,4,B,0,208040645020,20201113,5,59
6841,3,B,0,208040515020,20201113,5,60
6842,2,A,1,208050805020,20201113,5,61
6843,1,A,0,206450805020,20201113,5,62
6844,2,A,1,166450805020,20201113,5,63
6845,1,A,0,165150805020,20201113,5,64
6846,2,A,1,125150805020,20201113,5,65
6847,6,C,0,208050805020,20201113,5,66
6848,5,C,0,208050805016,20201113,5,67
6849,6,C,0,208050804016,20201113,5,68
6850,5,C,1,208050804012,20201113,5,69
6851,4,B,1,208050805020,20201113,5,70
6852,3,B,1,208050645020,20201113,5,71
6853,4,B,0,208040645020,20201113,5,72
6854,3,B,1,208040515020,20201113,5,73
6855,2,A,0,208050805020,20201113,5,74
6856,1,A,0,206450805020,20201113,5,75
6857,2,A,0,166450805020,20201113,5,76
6858,5,C,0,208050805020,20201113,5,77
6859,6,C,0,208050804020,20201113,5,78
6860,5,C,0,208050804016,20201113,5,79
6861,2,A,1,208050805020,20201113,5,80
6862,1,A,0,206450805020,20201113,5,81
6863,2,A,0,166450805020,20201113,5,82
6864,5,C,1,208050805020,20201113,5,83
6865,6,C,0,208050804020,20201113,5,84
6866,5,C,1,208050804016,20201113,5,85
6867,2,A,1,208050805020,20201113,5,86
6868,1,A,1,206450805020,20201113,5,87
6869,2,A,0,166450805020,20201113,5,88
6870,1,A,1,165150805020,20201113,5,89
6871,2,A,1,125150805020,20201113,5,90
6872,1,A,0,124050805020,20201113,5,91
6873,2,A,0,104050805020,20201113,5,92
6874,5,C,1,208050805020,20201113,5,93
6875,6,C,0,208050804020,20201113,5,94
6876,5,C,0,208050804016,20201113,5,95
6877,2,A,1,208050805020,20201113,5,96
6878,1,A,0,206450805020,20201113,5,97
6879,2,A,1,166450805020,20201113,5,98
6880,1,A,0,165150805020,20201113,5,99
6881,2,A,0,125150805020,20201113,5,100
6882,5,C,0,208050805020,20201113,5,101
6883,6,C,0,208050804020,20201113,5,102
6884,5,C,0,208050804016,20201113,5,103
6885,3,B,1,208050805020,20201113,5,104
6886,4,B,0,208040805020,20201113,5,105
6887,3,B,1,208040645020,20201113,5,106
6888,2,A,1,208050805020,20201113,5,107
6889,1,A,0,206450805020,20201113,5,108
6890,2,A,0,166450805020,20201113,5,109
6891,5,C,1,208050805020,20201113,5,110
6892,6,C,0,208050804020,20201113,5,111
6893,5,C,0,208050804016,20201113,5,112
6894,2,A,1,208050805020,20201113,5,113
6895,1,A,0,206450805020,20201113,5,114
6896,2,A,1,166450805020,20201113,5,115
6897,5,C,0,208050805020,20201113,5,116
6898,6,C,0,208050804020,20201113,5,117
6899,5,C,0,208050804016,20201113,5,118
6900,2,A,1,208050805020,20201113,5,119
6901,1,A,0,206450805020,20201113,5,120
6902,2,A,1,166450805020,20201113,5,121
6903,1,A,0,165150805020,20201113,5,122
6904,2,A,1,125150805020,20201113,5,123
6905,6,C,1,208050805020,20201113,5,124
6906,5,C,1,208050805016,20201113,5,125
6907,6,C,0,208050804016,20201113,5,126
6908,5,C,1,208050804012,20201113,5,127
6909,2,A,1,208050805020,20201113,5,128
6910,1,A,0,206450805020,20201113,5,129
6911,2,A,1,166450805020,20201113,5,130
6912,1,A,0,165150805020,20201113,5,131
6913,2,A,0,125150805020,20201113,5,132
6914,5,C,0,208050805020,20201113,5,133
6915,6,C,1,208050804020,20201113,5,134
6916,5,C,0,208050804016,20201113,5,135
6917,6,C,0,208050803216,20201113,5,136
6918,5,C,1,208050803212,20201113,5,137
6919,2,A,1,208050805020,20201113,5,138
6920,1,A,1,206450805020,20201113,5,139
6921,2,A,1,166450805020,20201113,5,140
6922,1,A,0,165150805020,20201113,5,141
6923,2,A,1,125150805020,20201113,5,142
6924,1,A,0,124050805020,20201113,5,143
6925,2,A,1,104050805020,20201113,5,144
6926,5,C,1,208050805020,20201113,5,145
6927,6,C,1,208050804020,20201113,5,146
6928,5,C,0,208050804016,20201113,5,147
6929,6,C,0,208050803216,20201113,5,148
6930,5,C,0,208050803212,20201113,5,149
6931,2,A,0,208050805020,20201113,5,150
6932,1,A,0,206450805020,20201113,5,151
6933,2,A,0,166450805020,20201113,5,152
6934,5,C,0,208050805020,20201113,5,153
6935,6,C,0,208050804020,20201113,5,154
6936,5,C,1,208050804016,20201113,5,155
6937,2,A,1,208050805020,20201113,5,156
6938,1,A,0,206450805020,20201113,5,157
6939,2,A,0,166450805020,20201113,5,158
6940,1,A,0,165150805020,20201113,5,159
6941,2,A,0,125150805020,20201113,5,160
6942,5,C,0,208050805020,20201113,5,161
6943,6,C,0,208050804020,20201113,5,162
6944,5,C,1,208050804016,20201113,5,163
6945,2,A,0,208050805020,20201113,5,164
6946,1,A,1,206450805020,20201113,5,165
6947,2,A,0,166450805020,20201113,5,166
6948,5,C,0,208050805020,20201113,5,167
6949,6,C,0,208050804020,20201113,5,168
6950,5,C,1,208050804016,20201113,5,169
6951,2,A,1,208050805020,20201113,5,170
6952,1,A,0,206450805020,20201113,5,171
6953,2,A,1,166450805020,20201113,5,172
6954,1,A,0,165150805020,20201113,5,173
6955,2,A,0,125150805020,20201113,5,174
6956,5,C,0,208050805020,20201113,5,175
6957,6,C,0,208050804020,20201113,5,176
6958,5,C,0,208050804016,20201113,5,177
6959,2,A,1,208050805020,20201113,5,178
6960,1,A,0,206450805020,20201113,5,179
6961,2,A,0,166450805020,20201113,5,180
6962,5,C,1,208050805020,20201113,5,181
6963,6,C,0,208050804020,20201113,5,182
6964,5,C,0,208050804016,20201113,5,183
6965,4,B,1,208050805020,20201113,5,184
6966,3,B,0,208050645020,20201113,5,185
6967,4,B,0,208040645020,20201113,5,186
6968,3,B,1,208040515020,20201113,5,187
6969,2,A,0,208050805020,20201113,5,188
6970,1,A,0,206450805020,20201113,5,189
6971,2,A,1,166450805020,20201113,5,190
6972,5,C,0,208050805020,20201113,5,191
6973,6,C,0,208050804020,20201113,5,192
6974,5,C,1,208050804016,20201113,5,193
6975,2,A,0,208050805020,20201113,5,194
6976,1,A,0,206450805020,20201113,5,195
6977,2,A,1,166450805020,20201113,5,196
6978,5,C,0,208050805020,20201113,5,197
6979,6,C,0,208050804020,20201113,5,198
6980,5,C,0,208050804016,20201113,5,199
6981,2,A,0,208050805020,20201113,5,200
6982,1,A,0,206450805020,20201113,5,201
6983,2,A,0,166450805020,20201113,5,202
6984,5,C,0,208050805020,20201113,5,203
6985,6,C,0,208050804020,20201113,5,204
6986,5,C,0,208050804016,20201113,5,205
6987,2,A,1,208050805020,20201113,5,206
6988,1,A,1,206450805020,20201113,5,207
6989,2,A,1,166450805020,20201113,5,208
6990,1,A,0,165150805020,20201113,5,209
6991,2,A,0,125150805020,20201113,5,210
6992,5,C,1,208050805020,20201113,5,211
6993,6,C,0,208050804020,20201113,5,212
6994,5,C,0,208050804016,20201113,5,213
6995,2,A,1,208050805020,20201113,5,214
6996,1,A,0,206450805020,20201113,5,215
6997,2,A,0,166450805020,20201113,5,216
6998,5,C,1,208050805020,20201113,5,217
6999,6,C,0,208050804020,20201113,5,218
7000,5,C,1,208050804016,20201113,5,219
7001,6,C,0,208050803216,20201113,5,220
7002,5,C,0,208050803212,20201113,5,221
7003,2,A,1,208050805020,20201113,5,222
7004,1,A,1,206450805020,20201113,5,223
7005,2,A,0,166450805020,20201113,5,224
7006,1,A,0,165150805020,20201113,5,225
7007,2,A,1,125150805020,20201113,5,226
7008,1,A,0,124050805020,20201113,5,227
7009,2,A,0,104050805020,20201113,5,228
7010,4,B,1,208050805020,20201113,5,229
7011,3,B,1,208050645020,20201113,5,230
7012,4,B,0,208040645020,20201113,5,231
7013,3,B,0,208040515020,20201113,5,232
7014,2,A,1,208050805020,20201113,5,233
7015,1,A,0,206450805020,20201113,5,234
7016,2,A,1,166450805020,20201113,5,235
7017,1,A,1,165150805020,20201113,5,236
7018,2,A,1,125150805020,20201113,5,237
7019,1,A,0,124050805020,20201113,5,238
7020,2,A,0,104050805020,20201113,5,239
7021,5,C,1,208050805020,20201113,5,240
7022,6,C,0,208050804020,20201113,5,241
7023,5,C,0,208050804016,20201113,5,242
7024,2,A,1,208050805020,20201113,5,243
7025,1,A,1,206450805020,20201113,5,244
7026,2,A,1,166450805020,20201113,5,245
7027,1,A,0,165150805020,20201113,5,246
7028,2,A,1,125150805020,20201113,5,247
7029,5,C,0,208050805020,20201113,5,248
7030,6,C,0,208050804020,20201113,5,249
7031,5,C,0,208050804016,20201113,5,250
7032,2,A,0,208050805020,20201113,5,251
7033,1,A,0,206450805020,20201113,5,252
7034,2,A,1,166450805020,20201113,5,253
7035,1,A,0,165150805020,20201113,5,254
7036,2,A,0,125150805020,20201113,5,255
7037,4,B,1,208050805020,20201113,5,256
7038,3,B,1,208050645020,20201113,5,257
7039,4,B,1,208040645020,20201113,5,258
7040,3,B,0,208040515020,20201113,5,259
7041,4,B,0,208032515020,20201113,5,260
7042,3,B,1,208032405020,20201113,5,261
7043,2,A,0,208050805020,20201113,5,262
7044,1,A,1,206450805020,20201113,5,263
7045,2,A,1,166450805020,20201113,5,264
7046,1,A,0,165150805020,20201113,5,265
7047,2,A,1,125150805020,20201113,5,266
7048,5,C,1,208050805020,20201113,5,267
7049,6,C,0,208050804020,20201113,5,268
7050,5,C,0,208050804016,20201113,5,269
7051,2,A,1,208050805020,20201113,5,270
7052,1,A,0,206450805020,20201113,5,271
7053,2,A,1,166450805020,20201113,5,272
7054,1,A,0,165150805020,20201113,5,273
7055,2,A,1,125150805020,20201113,5,274
7056,4,B,1,208050805020,20201113,5,275
7057,3,B,1,208050645020,20201113,5,276
7058,4,B,0,208040645020,20201113,5,277
7059,3,B,0,208040515020,20201113,5,278
7060,4,B,0,208032515020,20201113,5,279
7061,3,B,1,208032405020,20201113,5,280
7062,2,A,1,208050805020,20201113,5,281
7063,1,A,1,206450805020,20201113,5,282
7064,2,A,1,166450805020,20201113,5,283
7065,1,A,0,165150805020,20201113,5,284
7066,2,A,0,125150805020,20201113,5,285
7067,4,B,1,208050805020,20201113,5,286
7068,3,B,1,208050645020,20201113,5,287
7069,4,B,1,208040645020,20201113,5,288
7070,3,B,0,208040515020,20201113,5,289
7071,4,B,1,208032515020,20201113,5,290
7072,3,B,0,208032405020,20201113,5,291
7073,2,A,0,208050805020,20201113,5,292
7074,1,A,0,206450805020,20201113,5,293
7075,2,A,1,166450805020,20201113,5,294
7076,4,B,1,208050805020,20201113,5,295
7077,3,B,1,208050645020,20201113,5,296
7078,4,B,0,208040645020,20201113,5,297
7079,3,B,1,208040515020,20201113,5,298
7080,4,B,0,208032515020,20201113,5,299
7081,4,B,0,208080502020,20201114,1,0
7082,3,B,1,208080402020,20201114,1,1
7083,4,B,1,208064402020,20201114,1,2
7084,2,A,1,208080502020,20201114,1,3
7085,1,A,1,206480502020,20201114,1,4
7086,2,A,1,166480502020,20201114,1,5
7087,5,C,0,208080502020,20201114,1,6
7088,6,C,0,208080501620,20201114,1,7
7089,5,C,0,208080501616,20201114,1,8
7090,6,C,0,208080501216,20201114,1,9
7091,5,C,0,208080501212,20201114,1,10
7092,4,B,1,208080502020,20201114,1,11
7093,3,B,0,208080402020,20201114,1,12
7094,2,A,1,208080502020,20201114,1,13
7095,1,A,0,206480502020,20201114,1,14
7096,2,A,1,166480502020,20201114,1,15
7097,5,C,1,208080502020,20201114,1,16
7098,6,C,0,208080501620,20201114,1,17
7099,5,C,0,208080501616,20201114,1,18
7100,4,B,0,208080502020,20201114,1,19
7101,3,B,1,208080402020,20201114,1,20
7102,2,A,0,208080502020,20201114,1,21
7103,1,A,0,206480502020,20201114,1,22
7104,2,A,1,166480502020,20201114,1,23
7105,4,B,1,208080502020,20201114,1,24
7106,3,B,1,208080402020,20201114,1,25
7107,4,B,0,208064402020,20201114,1,26
7108,3,B,0,208064322020,20201114,1,27
7109,2,A,0,208080502020,20201114,1,28
7110,1,A,1,206480502020,20201114,1,29
7111,2,A,1,166480502020,20201114,1,30
7112,4,B,0,208080502020,20201114,1,31
7113,3,B,1,208080402020,20201114,1,32
7114,4,B,0,208064402020,20201114,1,33
7115,3,B,1,208064322020,20201114,1,34
7116,2,A,1,208080502020,20201114,1,35
7117,1,A,1,206480502020,20201114,1,36
7118,2,A,0,166480502020,20201114,1,37
7119,4,B,0,208080502020,20201114,1,38
7120,3,B,1,208080402020,20201114,1,39
7121,4,B,1,208064402020,20201114,1,40
7122,3,B,1,208064322020,20201114,1,41
7123,2,A,1,208080502020,20201114,1,42
7124,1,A,0,206480502020,20201114,1,43
7125,2,A,1,166480502020,20201114,1,44
7126,5,C,0,208080502020,20201114,1,45
7127,6,C,0,208080501620,20201114,1,46
7128,5,C,0,208080501616,20201114,1,47
7129,3,B,0,208080502020,20201114,1,48
7130,4,B,0,208064502020,20201114,1,49
7131,3,B,1,208064402020,20201114,1,50
7132,2,A,1,208080502020,20201114,1,51
7133,1,A,0,206480502020,20201114,1,52
7134,2,A,1,166480502020,20201114,1,53
7135,4,B,0,208080502020,20201114,1,54
7136,3,B,0,208080402020,20201114,1,55
7137,4,B,1,208064402020,20201114,1,56
7138,3,B,0,208064322020,20201114,1,57
7139,2,A,0,208080502020,20201114,1,58
7140,1,A,0,206480502020,20201114,1,59
7141,2,A,1,166480502020,20201114,1,60
7142,4,B,0,208080502020,20201114,1,61
7143,3,B,1,208080402020,20201114,1,62
7144,2,A,1,208080502020,20201114,1,63
7145,1,A,0,206480502020,20201114,1,64
7146,2,A,1,166480502020,20201114,1,65
7147,4,B,0,208080502020,20201114,1,66
7148,3,B,1,208080402020,20201114,1,67
7149,2,A,1,208080502020,20201114,1,68
7150,1,A,1,206480502020,20201114,1,69
7151,2,A,0,166480502020,20201114,1,70
7152,1,A,0,165180502020,20201114,1,71
7153,2,A,0,125180502020,20201114,1,72
7154,6,C,0,208080502020,20201114,1,73
7155,5,C,0,208080502016,20201114,1,74
7156,4,B,1,208080502020,20201114,1,75
7157,3,B,1,208080402020,20201114,1,76
7158,4,B,1,208064402020,20201114,1,77
7159,3,B,1,208064322020,20201114,1,78
7160,4,B,0,208051322020,20201114,1,79
7161,3,B,1,208051252020,20201114,1,80
7162,2,A,1,208080502020,20201114,1,81
7163,1,A,1,206480502020,20201114,1,82
7164,2,A,1,166480502020,20201114,1,83
7165,1,A,0,165180502020,20201114,1,84
7166,2,A,0,125180502020,20201114,1,85
7167,4,B,1,208080502020,20201114,1,86
7168,3,B,1,208080402020,20201114,1,87
7169,4,B,1,208064402020,20201114,1,88
7170,3,B,0,208064322020,20201114,1,89
7171,2,A,1,208080502020,20201114,1,90
7172,1,A,0,206480502020,20201114,1,91
7173,2,A,1,166480502020,20201114,1,92
7174,4,B,0,208080502020,20201114,1,93
7175,3,B,1,208080402020,20201114,1,94
7176,2,A,1,208080502020,20201114,1,95
7177,1,A,0,206480502020,20201114,1,96
7178,2,A,1,166480502020,20201114,1,97
7179,4,B,1,208080502020,20201114,1,98
7180,3,B,1,208080402020,20201114,1,99
7181,4,B,0,208064402020,20201114,1,100
7182,3,B,0,208064322020,20201114,1,101
7183,2,A,1,208080502020,20201114,1,102
7184,1,A,0,206480502020,20201114,1,103
7185,2,A,0,166480502020,20201114,1,104
7186,4,B,0,208080502020,20201114,1,105
7187,3,B,0,208080402020,20201114,1,106
7188,4,B,1,208064402020,20201114,1,107
7189,3,B,1,208064322020,20201114,1,108
7190,2,A,1,208080502020,20201114,1,109
7191,1,A,0,206480502020,20201114,1,110
7192,2,A,0,166480502020,20201114,1,111
7193,4,B,0,208080502020,20201114,1,112
7194,3,B,0,208080402020,20201114,1,113
7195,4,B,0,208064402020,20201114,1,114
7196,2,A,1,208080502020,20201114,1,115
7197,1,A,0,206480502020,20201114,1,116
7198,2,A,0,166480502020,20201114,1,117
7199,4,B,1,208080502020,20201114,1,118
7200,3,B,1,208080402020,20201114,1,119
7201,4,B,1,208064402020,20201114,1,120
7202,3,B,1,208064322020,20201114,1,121
7203,2,A,1,208080502020,20201114,1,122
7204,1,A,0,206480502020,20201114,1,123
7205,2,A,1,166480502020,20201114,1,124
7206,4,B,1,208080502020,20201114,1,125
7207,3,B,1,208080402020,20201114,1,126
7208,4,B,1,208064402020,20201114,1,127
7209,3,B,1,208064322020,20201114,1,128
7210,4,B,0,208051322020,20201114,1,129
7211,3,B,1,208051252020,20201114,1,130
7212,2,A,1,208080502020,20201114,1,131
7213,1,A,0,206480502020,20201114,1,132
7214,2,A,1,166480502020,20201114,1,133
7215,1,A,0,165180502020,20201114,1,134
7216,2,A,1,125180502020,20201114,1,135
7217,4,B,0,208080502020,20201114,1,136
7218,3,B,1,208080402020,20201114,1,137
7219,4,B,0,208064402020,20201114,1,138
7220,3,B,1,208064322020,20201114,1,139
7221,2,A,1,208080502020,20201114,1,140
7222,1,A,0,206480502020,20201114,1,141
7223,2,A,1,166480502020,20201114,1,142
7224,4,B,1,208080502020,20201114,1,143
7225,3,B,1,208080402020,20201114,1,144
7226,4,B,1,208064402020,20201114,1,145
7227,3,B,0,208064322020,20201114,1,146
7228,4,B,0,208051322020,20201114,1,147
7229,3,B,1,208051252020,20201114,1,148
7230,2,A,1,208080502020,20201114,1,149
7231,1,A,0,206480502020,20201114,1,150
7232,2,A,0,166480502020,20201114,1,151
7233,4,B,1,208080502020,20201114,1,152
7234,3,B,0,208080402020,20201114,1,153
7235,4,B,0,208064402020,20201114,1,154
7236,3,B,1,208064322020,20201114,1,155
7237,2,A,1,208080502020,20201114,1,156
7238,1,A,0,206480502020,20201114,1,157
7239,2,A,1,166480502020,20201114,1,158
7240,4,B,1,208080502020,20201114,1,159
7241,3,B,1,208080402020,20201114,1,160
7242,4,B,1,208064402020,20201114,1,161
7243,3,B,0,208064322020,20201114,1,162
7244,4,B,0,208051322020,20201114,1,163
7245,3,B,0,208051252020,20201114,1,164
7246,2,A,1,208080502020,20201114,1,165
7247,1,A,0,206480502020,20201114,1,166
7248,2,A,1,166480502020,20201114,1,167
7249,4,B,0,208080502020,20201114,1,168
7250,3,B,1,208080402020,20201114,1,169
7251,4,B,1,208064402020,20201114,1,170
7252,3,B,1,208064322020,20201114,1,171
7253,2,A,0,208080502020,20201114,1,172
7254,1,A,1,206480502020,20201114,1,173
7255,2,A,1,166480502020,20201114,1,174
7256,4,B,0,208080502020,20201114,1,175
7257,3,B,1,208080402020,20201114,1,176
7258,4,B,1,208064402020,20201114,1,177
7259,3,B,1,208064322020,20201114,1,178
7260,4,B,0,208051322020,20201114,1,179
7261,3,B,0,208051252020,20201114,1,180
7262,2,A,1,208080502020,20201114,1,181
7263,1,A,0,206480502020,20201114,1,182
7264,2,A,0,166480502020,20201114,1,183
7265,4,B,1,208080502020,20201114,1,184
7266,3,B,0,208080402020,20201114,1,185
7267,4,B,0,208064402020,20201114,1,186
7268,3,B,1,208064322020,20201114,1,187
7269,2,A,1,208080502020,20201114,1,188
7270,1,A,0,206480502020,20201114,1,189
7271,2,A,0,166480502020,20201114,1,190
7272,4,B,1,208080502020,20201114,1,191
7273,3,B,1,208080402020,20201114,1,192
7274,4,B,0,208064402020,20201114,1,193
7275,3,B,0,208064322020,20201114,1,194
7276,2,A,0,208080502020,20201114,1,195
7277,1,A,0,206480502020,20201114,1,196
7278,2,A,0,166480502020,20201114,1,197
7279,4,B,0,208080502020,20201114,1,198
7280,3,B,1,208080402020,20201114,1,199
7281,2,A,0,208080502020,20201114,1,200
7282,1,A,0,206480502020,20201114,1,201
7283,2,A,1,166480502020,20201114,1,202
7284,4,B,1,208080502020,20201114,1,203
7285,3,B,1,208080402020,20201114,1,204
7286,4,B,1,208064402020,20201114,1,205
7287,3,B,1,208064322020,20201114,1,206
7288,2,A,0,208080502020,20201114,1,207
7289,4,B,1,208080502020,20201114,1,208
7290,3,B,1,208080402020,20201114,1,209
7291,4,B,1,208064402020,20201114,1,210
7292,3,B,1,208064322020,20201114,1,211
7293,4,B,1,208051322020,20201114,1,212
7294,3,B,1,208051252020,20201114,1,213
7295,4,B,0,208040252020,20201114,1,214
7296,3,B,0,208040202020,20201114,1,215
7297,2,A,1,208080502020,20201114,1,216
7298,4,B,0,208080502020,20201114,1,217
7299,3,B,1,208080402020,20201114,1,218
7300,4,B,1,208064402020,20201114,1,219
7301,3,B,1,208064322020,20201114,1,220
7302,4,B,0,208051322020,20201114,1,221
7303,3,B,1,208051252020,20201114,1,222
7304,4,B,0,208040252020,20201114,1,223
7305,3,B,0,208040202020,20201114,1,224
7306,2,A,1,208080502020,20201114,1,225
7307,4,B,1,208080502020,20201114,1,226
7308,3,B,0,208080402020,20201114,1,227
7309,4,B,0,208064402020,20201114,1,228
7310,3,B,1,208064322020,20201114,1,229
7311,4,B,0,208051322020,20201114,1,230
7312,3,B,1,208051252020,20201114,1,231
7313,2,A,1,208080502020,20201114,1,232
7314,4,B,1,208080502020,20201114,1,233
7315,3,B,1,208080402020,20201114,1,234
7316,4,B,0,208064402020,20201114,1,235
7317,3,B,1,208064322020,20201114,1,236
7318,4,B,0,208051322020,20201114,1,237
7319,3,B,1,208051252020,20201114,1,238
7320,4,B,0,208040252020,20201114,1,239
7321,3,B,0,208040202020,20201114,1,240
7322,2,A,1,208080502020,20201114,1,241
7323,4,B,1,208080502020,20201114,1,242
7324,3,B,1,208080402020,20201114,1,243
7325,4,B,0,208064402020,20201114,1,244
7326,3,B,1,208064322020,20201114,1,245
7327,4,B,0,208051322020,20201114,1,246
7328,3,B,1,208051252020,20201114,1,247
7329,2,A,1,208080502020,20201114,1,248
7330,4,B,1,208080502020,20201114,1,249
7331,3,B,1,208080402020,20201114,1,250
7332,4,B,0,208064402020,20201114,1,251
7333,3,B,0,208064322020,20201114,1,252
7334,4,B,0,208051322020,20201114,1,253
7335,3,B,1,208051252020,20201114,1,254
7336,2,A,1,208080502020,20201114,1,255
7337,4,B,1,208080502020,20201114,1,256
7338,3,B,1,208080402020,20201114,1,257
7339,4,B,1,208064402020,20201114,1,258
7340,3,B,1,208064322020,20201114,1,259
7341,4,B,1,208051322020,20201114,1,260
7342,3,B,1,208051252020,20201114,1,261
7343,4,B,1,208040252020,20201114,1,262
7344,3,B,0,208040202020,20201114,1,263
7345,2,A,1,208080502020,20201114,1,264
7346,4,B,1,208080502020,20201114,1,265
7347,3,B,1,208080402020,20201114,1,266
7348,4,B,0,208064402020,20201114,1,267
7349,3,B,1,208064322020,20201114,1,268
7350,2,A,1,208080502020,20201114,1,269
7351,4,B,0,208080502020,20201114,1,270
7352,3,B,1,208080402020,20201114,1,271
7353,4,B,0,208064402020,20201114,1,272
7354,3,B,0,208064322020,20201114,1,273
7355,2,A,1,208080502020,20201114,1,274
7356,4,B,0,208080502020,20201114,1,275
7357,3,B,1,208080402020,20201114,1,276
7358,4,B,1,208064402020,20201114,1,277
7359,3,B,1,208064322020,20201114,1,278
7360,4,B,0,208051322020,20201114,1,279
7361,3,B,0,208051252020,20201114,1,280
7362,2,A,0,208080502020,20201114,1,281
7363,4,B,1,208080502020,20201114,1,282
7364,3,B,1,208080402020,20201114,1,283
7365,4,B,1,208064402020,20201114,1,284
7366,3,B,0,208064322020,20201114,1,285
7367,4,B,0,208051322020,20201114,1,286
7368,3,B,1,208051252020,20201114,1,287
7369,4,B,0,208040252020,20201114,1,288
7370,3,B,0,208040202020,20201114,1,289
7371,2,A,0,208080502020,20201114,1,290
7372,4,B,1,208080502020,20201114,1,291
7373,3,B,1,208080402020,20201114,1,292
7374,4,B,1,208064402020,20201114,1,293
7375,3,B,1,208064322020,20201114,1,294
7376,4,B,0,208051322020,20201114,1,295
7377,3,B,1,208051252020,20201114,1,296
7378,2,A,1,208080502020,20201114,1,297
7379,4,B,1,208080502020,20201114,1,298
7380,3,B,1,208080402020,20201114,1,299
7381,4,B,1,502020805080,20201114,2,0
7382,3,B,1,502020645080,20201114,2,1
7383,4,B,1,502016645080,20201114,2,2
7384,2,A,0,502020805080,20201114,2,3
7385,1,A,1,501620805080,20201114,2,4
7386,2,A,0,401620805080,20201114,2,5
7387,1,A,0,401220805080,20201114,2,6
7388,5,C,0,502020805080,20201114,2,7
7389,6,C,1,502020804080,20201114,2,8
7390,5,C,0,502020804064,20201114,2,9
7391,4,B,1,502020805080,20201114,2,10
7392,3,B,0,502020645080,20201114,2,11
7393,4,B,1,502016645080,20201114,2,12
7394,3,B,0,502016515080,20201114,2,13
7395,4,B,1,502012515080,20201114,2,14
7396,2,A,0,502020805080,20201114,2,15
7397,1,A,0,501620805080,20201114,2,16
7398,2,A,0,401620805080,20201114,2,17
7399,4,B,1,502020805080,20201114,2,18
7400,3,B,0,502020645080,20201114,2,19
7401,4,B,0,502016645080,20201114,2,20
7402,2,A,0,502020805080,20201114,2,21
7403,4,B,1,502020805080,20201114,2,22
7404,3,B,0,502020645080,20201114,2,23
7405,4,B,1,502016645080,20201114,2,24
7406,2,A,0,502020805080,20201114,2,25
7407,1,A,0,501620805080,20201114,2,26
7408,2,A,0,401620805080,20201114,2,27
7409,4,B,1,502020805080,20201114,2,28
7410,3,B,0,502020645080,20201114,2,29
7411,4,B,0,502016645080,20201114,2,30
7412,6,C,1,502020805080,20201114,2,31
7413,5,C,0,502020805064,20201114,2,32
7414,4,B,1,502020805080,20201114,2,33
7415,3,B,0,502020645080,20201114,2,34
7416,4,B,1,502016645080,20201114,2,35
7417,2,A,0,502020805080,20201114,2,36
7418,1,A,0,501620805080,20201114,2,37
7419,2,A,0,401620805080,20201114,2,38
7420,4,B,0,502020805080,20201114,2,39
7421,3,B,0,502020645080,20201114,2,40
7422,4,B,0,502016645080,20201114,2,41
7423,6,C,1,502020805080,20201114,2,42
7424,5,C,1,502020805064,20201114,2,43
7425,6,C,0,502020804064,20201114,2,44
7426,4,B,1,502020805080,20201114,2,45
7427,3,B,0,502020645080,20201114,2,46
7428,4,B,1,502016645080,20201114,2,47
7429,2,A,0,502020805080,20201114,2,48
7430,4,B,1,502020805080,20201114,2,49
7431,3,B,0,502020645080,20201114,2,50
7432,4,B,1,502016645080,20201114,2,51
7433,6,C,0,502020805080,20201114,2,52
7434,5,C,1,502020805064,20201114,2,53
7435,4,B,1,502020805080,20201114,2,54
7436,3,B,0,502020645080,20201114,2,55
7437,4,B,0,502016645080,20201114,2,56
7438,2,A,0,502020805080,20201114,2,57
7439,4,B,0,502020805080,20201114,2,58
7440,3,B,0,502020645080,20201114,2,59
7441,1,A,1,502020805080,20201114,2,60
7442,2,A,0,402020805080,20201114,2,61
7443,4,B,1,502020805080,20201114,2,62
7444,3,B,0,502020645080,20201114,2,63
7445,4,B,1,502016645080,20201114,2,64
7446,6,C,1,502020805080,20201114,2,65
7447,5,C,1,502020805064,20201114,2,66
7448,4,B,0,502020805080,20201114,2,67
7449,3,B,0,502020645080,20201114,2,68
7450,4,B,1,502016645080,20201114,2,69
7451,6,C,1,502020805080,20201114,2,70
7452,5,C,1,502020805064,20201114,2,71
7453,6,C,1,502020804064,20201114,2,72
7454,5,C,1,502020804051,20201114,2,73
7455,6,C,0,502020803251,20201114,2,74
7456,5,C,1,502020803240,20201114,2,75
7457,4,B,0,502020805080,20201114,2,76
7458,3,B,0,502020645080,20201114,2,77
7459,4,B,1,502016645080,20201114,2,78
7460,6,C,1,502020805080,20201114,2,79
7461,5,C,1,502020805064,20201114,2,80
7462,6,C,0,502020804064,20201114,2,81
7463,5,C,1,502020804051,20201114,2,82
7464,4,B,0,502020805080,20201114,2,83
7465,3,B,0,502020645080,20201114,2,84
7466,4,B,1,502016645080,20201114,2,85
7467,6,C,0,502020805080,20201114,2,86
7468,5,C,1,502020805064,20201114,2,87
7469,6,C,1,502020804064,20201114,2,88
7470,5,C,0,502020804051,20201114,2,89
7471,2,A,1,502020805080,20201114,2,90
7472,1,A,1,501620805080,20201114,2,91
7473,2,A,0,401620805080,20201114,2,92
7474,4,B,1,502020805080,20201114,2,93
7475,3,B,0,502020645080,20201114,2,94
7476,4,B,1,502016645080,20201114,2,95
7477,6,C,1,502020805080,20201114,2,96
7478,5,C,0,502020805064,20201114,2,97
7479,6,C,1,502020804064,20201114,2,98
7480,5,C,1,502020804051,20201114,2,99
7481,6,C,0,502020803251,20201114,2,100
7482,5,C,0,502020803240,20201114,2,101
7483,4,B,1,502020805080,20201114,2,102
7484,3,B,0,502020645080,20201114,2,103
7485,4,B,1,502016645080,20201114,2,104
7486,6,C,1,502020805080,20201114,2,105
7487,5,C,0,502020805064,20201114,2,106
7488,6,C,0,502020804064,20201114,2,107
7489,5,C,0,502020804051,20201114,2,108
7490,4,B,0,502020805080,20201114,2,109
7491,3,B,0,502020645080,20201114,2,110
7492,4,B,0,502016645080,20201114,2,111
7493,6,C,1,502020805080,20201114,2,112
7494,5,C,0,502020805064,20201114,2,113
7495,6,C,0,502020804064,20201114,2,114
7496,5,C,0,502020804051,20201114,2,115
7497,4,B,1,502020805080,20201114,2,116
7498,3,B,0,502020645080,20201114,2,117
7499,4,B,0,502016645080,20201114,2,118
7500,6,C,1,502020805080,20201114,2,119
7501,5,C,0,502020805064,20201114,2,120
7502,6,C,1,502020804064,20201114,2,121
7503,4,B,1,502020805080,20201114,2,122
7504,3,B,0,502020645080,20201114,2,123
7505,4,B,0,502016645080,20201114,2,124
7506,2,A,0,502020805080,20201114,2,125
7507,1,A,1,501620805080,20201114,2,126
7508,2,A,0,401620805080,20201114,2,127
7509,4,B,1,502020805080,20201114,2,128
7510,3,B,0,502020645080,20201114,2,129
7511,4,B,1,502016645080,20201114,2,130
7512,6,C,1,502020805080,20201114,2,131
7513,5,C,0,502020805064,20201114,2,132
7514,6,C,1,502020804064,20201114,2,133
7515,4,B,1,502020805080,20201114,2,134
7516,3,B,0,502020645080,20201114,2,135
7517,4,B,1,502016645080,20201114,2,136
7518,6,C,1,502020805080,20201114,2,137
7519,5,C,1,502020805064,20201114,2,138
7520,6,C,1,502020804064,20201114,2,139
7521,5,C,0,502020804051,20201114,2,140
7522,6,C,1,502020803251,20201114,2,141
7523,4,B,0,502020805080,20201114,2,142
7524,3,B,0,502020645080,20201114,2,143
7525,4,B,1,502016645080,20201114,2,144
7526,6,C,1,502020805080,20201114,2,145
7527,5,C,1,502020805064,20201114,2,146
7528,6,C,1,502020804064,20201114,2,147
7529,5,C,0,502020804051,20201114,2,148
7530,6,C,1,502020803251,20201114,2,149
7531,4,B,1,502020805080,20201114,2,150
7532,3,B,0,502020645080,20201114,2,151
7533,4,B,0,502016645080,20201114,2,152
7534,6,C,1,502020805080,20201114,2,153
7535,5,C,0,502020805064,20201114,2,154
7536,6,C,0,502020804064,20201114,2,155
7537,5,C,1,502020804051,20201114,2,156
7538,6,C,0,502020803251,20201114,2,157
7539,5,C,0,502020803240,20201114,2,158
7540,4,B,1,502020805080,20201114,2,159
7541,6,C,1,502020805080,20201114,2,160
7542,5,C,1,502020805064,20201114,2,161
7543,6,C,0,502020804064,20201114,2,162
7544,5,C,0,502020804051,20201114,2,163
7545,6,C,0,502020803251,20201114,2,164
7546,5,C,0,502020803240,20201114,2,165
7547,4,B,1,502020805080,20201114,2,166
7548,6,C,1,502020805080,20201114,2,167
7549,5,C,1,502020805064,20201114,2,168
7550,6,C,1,502020804064,20201114,2,169
7551,5,C,1,502020804051,20201114,2,170
7552,6,C,1,502020803251,20201114,2,171
7553,5,C,0,502020803240,20201114,2,172
7554,6,C,1,502020802540,20201114,2,173
7555,1,A,1,502020805080,20201114,2,174
7556,2,A,0,402020805080,20201114,2,175
7557,4,B,1,502020805080,20201114,2,176
7558,3,B,0,502020645080,20201114,2,177
7559,4,B,1,502016645080,20201114,2,178
7560,6,C,1,502020805080,20201114,2,179
7561,5,C,1,502020805064,20201114,2,180
7562,6,C,1,502020804064,20201114,2,181
7563,5,C,0,502020804051,20201114,2,182
7564,6,C,0,502020803251,20201114,2,183
7565,5,C,1,502020803240,20201114,2,184
7566,6,C,1,502020802540,20201114,2,185
7567,5,C,0,502020802532,20201114,2,186
7568,6,C,0,502020802032,20201114,2,187
7569,4,B,0,502020805080,20201114,2,188
7570,6,C,1,502020805080,20201114,2,189
7571,5,C,0,502020805064,20201114,2,190
7572,6,C,0,502020804064,20201114,2,191
7573,5,C,0,502020804051,20201114,2,192
7574,4,B,1,502020805080,20201114,2,193
7575,3,B,0,502020645080,20201114,2,194
7576,4,B,0,502016645080,20201114,2,195
7577,6,C,1,502020805080,20201114,2,196
7578,5,C,0,502020805064,20201114,2,197
7579,6,C,0,502020804064,20201114,2,198
7580,5,C,1,502020804051,20201114,2,199
7581,6,C,0,502020803251,20201114,2,200
7582,5,C,0,502020803240,20201114,2,201
7583,4,B,1,502020805080,20201114,2,202
7584,6,C,0,502020805080,20201114,2,203
7585,5,C,1,502020805064,20201114,2,204
7586,6,C,1,502020804064,20201114,2,205
7587,5,C,1,502020804051,20201114,2,206
7588,6,C,0,502020803251,20201114,2,207
7589,5,C,0,502020803240,20201114,2,208
7590,6,C,0,502020802540,20201114,2,209
7591,5,C,0,502020802532,20201114,2,210
7592,4,B,1,502020805080,20201114,2,211
7593,1,A,1,502020805080,20201114,2,212
7594,2,A,0,402020805080,20201114,2,213
7595,6,C,0,502020805080,20201114,2,214
7596,5,C,0,502020805064,20201114,2,215
7597,6,C,1,502020804064,20201114,2,216
7598,5,C,0,502020804051,20201114,2,217
7599,6,C,1,502020803251,20201114,2,218
7600,4,B,0,502020805080,20201114,2,219
7601,3,B,0,502020645080,20201114,2,220
7602,4,B,0,502016645080,20201114,2,221
7603,6,C,1,502020805080,20201114,2,222
7604,5,C,1,502020805064,20201114,2,223
7605,6,C,1,502020804064,20201114,2,224
7606,5,C,0,502020804051,20201114,2,225
7607,6,C,0,502020803251,20201114,2,226
7608,5,C,1,502020803240,20201114,2,227
7609,6,C,1,502020802540,20201114,2,228
7610,5,C,0,502020802532,20201114,2,229
7611,6,C,0,502020802032,20201114,2,230
7612,5,C,1,502020802026,20201114,2,231
7613,4,B,1,502020805080,20201114,2,232
7614,6,C,1,502020805080,20201114,2,233
7615,5,C,0,502020805064,20201114,2,234
7616,6,C,1,502020804064,20201114,2,235
7617,5,C,0,502020804051,20201114,2,236
7618,6,C,1,502020803251,20201114,2,237
7619,5,C,0,502020803240,20201114,2,238
7620,6,C,1,502020802540,20201114,2,239
7621,4,B,1,502020805080,20201114,2,240
7622,6,C,1,502020805080,20201114,2,241
7623,5,C,0,502020805064,20201114,2,242
7624,6,C,1,502020804064,20201114,2,243
7625,5,C,0,502020804051,20201114,2,244
7626,6,C,1,502020803251,20201114,2,245
7627,5,C,0,502020803240,20201114,2,246
7628,6,C,1,502020802540,20201114,2,247
7629,1,A,0,502020805080,20201114,2,248
7630,6,C,0,502020805080,20201114,2,249
7631,5,C,0,502020805064,20201114,2,250
7632,6,C,0,502020804064,20201114,2,251
7633,5,C,1,502020804051,20201114,2,252
7634,6,C,1,502020803251,20201114,2,253
7635,5,C,0,502020803240,20201114,2,254
7636,6,C,0,502020802540,20201114,2,255
7637,5,C,1,502020802532,20201114,2,256
7638,6,C,1,502020802032,20201114,2,257
7639,5,C,1,502020802026,20201114,2,258
7640,6,C,0,502020801626,20201114,2,259
7641,5,C,0,502020801620,20201114,2,260
7642,6,C,0,502020801320,20201114,2,261
7643,5,C,1,502020801316,20201114,2,262
7644,4,B,1,502020805080,20201114,2,263
7645,3,B,0,502020645080,20201114,2,264
7646,4,B,1,502016645080,20201114,2,265
7647,6,C,1,502020805080,20201114,2,266
7648,5,C,0,502020805064,20201114,2,267
7649,6,C,1,502020804064,20201114,2,268
7650,5,C,0,502020804051,20201114,2,269
7651,6,C,1,502020803251,20201114,2,270
7652,5,C,0,502020803240,20201114,2,271
7653,6,C,0,502020802540,20201114,2,272
7654,5,C,0,502020802532,20201114,2,273
7655,6,C,0,502020802032,20201114,2,274
7656,5,C,1,502020802026,20201114,2,275
7657,6,C,0,502020801626,20201114,2,276
7658,5,C,0,502020801620,20201114,2,277
7659,4,B,0,502020805080,20201114,2,278
7660,6,C,1,502020805080,20201114,2,279
7661,5,C,0,502020805064,20201114,2,280
7662,6,C,0,502020804064,20201114,2,281
7663,5,C,0,502020804051,20201114,2,282
7664,4,B,1,502020805080,20201114,2,283
7665,6,C,1,502020805080,20201114,2,284
7666,5,C,0,502020805064,20201114,2,285
7667,6,C,1,502020804064,20201114,2,286
7668,5,C,0,502020804051,20201114,2,287
7669,6,C,0,502020803251,20201114,2,288
7670,5,C,0,502020803240,20201114,2,289
7671,6,C,0,502020802540,20201114,2,290
7672,5,C,1,502020802532,20201114,2,291
7673,4,B,1,502020805080,20201114,2,292
7674,3,B,0,502020645080,20201114,2,293
7675,4,B,0,502016645080,20201114,2,294
7676,6,C,0,502020805080,20201114,2,295
7677,5,C,1,502020805064,20201114,2,296
7678,6,C,1,502020804064,20201114,2,297
7679,5,C,1,502020804051,20201114,2,298
7680,6,C,1,502020803251,20201114,2,299
7681,4,B,0,802050202020,20201114,3,0
7682,3,B,0,802050162020,20201114,3,1
7683,2,A,0,802050202020,20201114,3,2
7684,1,A,1,801650202020,20201114,3,3
7685,2,A,0,641650202020,20201114,3,4
7686,6,C,0,802050202020,20201114,3,5
7687,5,C,0,802050202016,20201114,3,6
7688,6,C,0,802050201616,20201114,3,7
7689,5,C,0,802050201612,20201114,3,8
7690,4,B,0,802050202020,20201114,3,9
7691,3,B,0,802050162020,20201114,3,10
7692,6,C,1,802050202020,20201114,3,11
7693,5,C,0,802050202016,20201114,3,12
7694,6,C,0,802050201616,20201114,3,13
7695,4,B,0,802050202020,20201114,3,14
7696,3,B,0,802050162020,20201114,3,15
7697,1,A,1,802050202020,20201114,3,16
7698,2,A,0,642050202020,20201114,3,17
7699,1,A,0,641650202020,20201114,3,18
7700,2,A,1,511650202020,20201114,3,19
7701,1,A,0,511250202020,20201114,3,20
7702,2,A,0,401250202020,20201114,3,21
7703,6,C,0,802050202020,20201114,3,22
7704,5,C,0,802050202016,20201114,3,23
7705,6,C,0,802050201616,20201114,3,24
7706,4,B,0,802050202020,20201114,3,25
7707,3,B,1,802050162020,20201114,3,26
7708,4,B,0,802040162020,20201114,3,27
7709,3,B,0,802040122020,20201114,3,28
7710,1,A,1,802050202020,20201114,3,29
7711,2,A,0,642050202020,20201114,3,30
7712,1,A,1,641650202020,20201114,3,31
7713,6,C,1,802050202020,20201114,3,32
7714,5,C,0,802050202016,20201114,3,33
7715,6,C,1,802050201616,20201114,3,34
7716,5,C,0,802050201612,20201114,3,35
7717,6,C,0,802050201212,20201114,3,36
7718,4,B,0,802050202020,20201114,3,37
7719,3,B,1,802050162020,20201114,3,38
7720,1,A,0,802050202020,20201114,3,39
7721,2,A,0,642050202020,20201114,3,40
7722,1,A,0,641650202020,20201114,3,41
7723,4,B,0,802050202020,20201114,3,42
7724,3,B,1,802050162020,20201114,3,43
7725,1,A,1,802050202020,20201114,3,44
7726,2,A,0,642050202020,20201114,3,45
7727,1,A,0,641650202020,20201114,3,46
7728,5,C,1,802050202020,20201114,3,47
7729,6,C,0,802050201620,20201114,3,48
7730,5,C,0,802050201616,20201114,3,49
7731,6,C,0,802050201216,20201114,3,50
7732,5,C,0,802050201212,20201114,3,51
7733,1,A,1,802050202020,20201114,3,52
7734,2,A,1,642050202020,20201114,3,53
7735,1,A,1,641650202020,20201114,3,54
7736,2,A,0,511650202020,20201114,3,55
7737,1,A,0,511250202020,20201114,3,56
7738,5,C,0,802050202020,20201114,3,57
7739,6,C,0,802050201620,20201114,3,58
7740,5,C,0,802050201616,20201114,3,59
7741,1,A,1,802050202020,20201114,3,60
7742,2,A,1,642050202020,20201114,3,61
7743,1,A,0,641650202020,20201114,3,62
7744,2,A,0,511650202020,20201114,3,63
7745,1,A,0,511250202020,20201114,3,64
7746,5,C,1,802050202020,20201114,3,65
7747,6,C,0,802050201620,20201114,3,66
7748,5,C,1,802050201616,20201114,3,67
7749,6,C,0,802050201216,20201114,3,68
7750,5,C,0,802050201212,20201114,3,69
7751,2,A,0,802050202020,20201114,3,70
7752,1,A,1,801650202020,20201114,3,71
7753,2,A,0,641650202020,20201114,3,72
7754,1,A,1,641250202020,20201114,3,73
7755,2,A,1,511250202020,20201114,3,74
7756,1,A,1,511050202020,20201114,3,75
7757,2,A,1,401050202020,20201114,3,76
7758,1,A,0,400850202020,20201114,3,77
7759,2,A,0,320850202020,20201114,3,78
7760,4,B,0,802050202020,20201114,3,79
7761,3,B,0,802050162020,20201114,3,80
7762,1,A,1,802050202020,20201114,3,81
7763,2,A,0,642050202020,20201114,3,82
7764,1,A,0,641650202020,20201114,3,83
7765,5,C,0,802050202020,20201114,3,84
7766,6,C,0,802050201620,20201114,3,85
7767,5,C,1,802050201616,20201114,3,86
7768,1,A,0,802050202020,20201114,3,87
7769,2,A,0,642050202020,20201114,3,88
7770,1,A,1,641650202020,20201114,3,89
7771,2,A,0,511650202020,20201114,3,90
7772,1,A,1,511250202020,20201114,3,91
7773,2,A,0,401250202020,20201114,3,92
7774,1,A,0,401050202020,20201114,3,93
7775,6,C,0,802050202020,20201114,3,94
7776,5,C,0,802050202016,20201114,3,95
7777,6,C,0,802050201616,20201114,3,96
7778,5,C,0,802050201612,20201114,3,97
7779,2,A,1,802050202020,20201114,3,98
7780,1,A,1,801650202020,20201114,3,99
7781,2,A,0,641650202020,20201114,3,100
7782,1,A,0,641250202020,20201114,3,101
7783,2,A,0,511250202020,20201114,3,102
7784,1,A,1,511050202020,20201114,3,103
7785,2,A,1,401050202020,20201114,3,104
7786,1,A,1,400850202020,20201114,3,105
7787,2,A,0,320850202020,20201114,3,106
7788,1,A,0,320650202020,20201114,3,107
7789,4,B,0,802050202020,20201114,3,108
7790,3,B,0,802050162020,20201114,3,109
7791,1,A,1,802050202020,20201114,3,110
7792,2,A,1,642050202020,20201114,3,111
7793,1,A,1,641650202020,20201114,3,112
7794,2,A,1,511650202020,20201114,3,113
7795,1,A,1,511250202020,20201114,3,114
7796,2,A,0,401250202020,20201114,3,115
7797,1,A,1,401050202020,20201114,3,116
7798,2,A,0,321050202020,20201114,3,117
7799,1,A,1,320850202020,20201114,3,118
7800,2,A,0,260850202020,20201114,3,119
7801,1,A,0,260650202020,20201114,3,120
7802,5,C,1,802050202020,20201114,3,121
7803,6,C,0,802050201620,20201114,3,122
7804,5,C,1,802050201616,20201114,3,123
7805,2,A,0,802050202020,20201114,3,124
7806,1,A,1,801650202020,20201114,3,125
7807,2,A,0,641650202020,20201114,3,126
7808,1,A,1,641250202020,20201114,3,127
7809,2,A,0,511250202020,20201114,3,128
7810,1,A,1,511050202020,20201114,3,129
7811,2,A,1,401050202020,20201114,3,130
7812,1,A,0,400850202020,20201114,3,131
7813,2,A,0,320850202020,20201114,3,132
7814,1,A,0,320650202020,20201114,3,133
7815,4,B,0,802050202020,20201114,3,134
7816,3,B,1,802050162020,20201114,3,135
7817,1,A,0,802050202020,20201114,3,136
7818,2,A,0,642050202020,20201114,3,137
7819,1,A,1,641650202020,20201114,3,138
7820,2,A,0,511650202020,20201114,3,139
7821,1,A,0,511250202020,20201114,3,140
7822,2,A,0,401250202020,20201114,3,141
7823,1,A,1,401050202020,20201114,3,142
7824,2,A,0,321050202020,20201114,3,143
7825,1,A,0,320850202020,20201114,3,144
7826,5,C,1,802050202020,20201114,3,145
7827,6,C,0,802050201620,20201114,3,146
7828,5,C,0,802050201616,20201114,3,147
7829,2,A,0,802050202020,20201114,3,148
7830,1,A,1,801650202020,20201114,3,149
7831,2,A,0,641650202020,20201114,3,150
7832,1,A,1,641250202020,20201114,3,151
7833,2,A,0,511250202020,20201114,3,152
7834,1,A,1,511050202020,20201114,3,153
7835,5,C,0,802050202020,20201114,3,154
7836,6,C,1,802050201620,20201114,3,155
7837,5,C,1,802050201616,20201114,3,156
7838,6,C,0,802050201216,20201114,3,157
7839,5,C,1,802050201212,20201114,3,158
7840,6,C,0,802050201012,20201114,3,159
7841,5,C,1,802050201010,20201114,3,160
7842,1,A,1,802050202020,20201114,3,161
7843,2,A,0,642050202020,20201114,3,162
7844,1,A,1,641650202020,20201114,3,163
7845,2,A,0,511650202020,20201114,3,164
7846,1,A,1,511250202020,20201114,3,165
7847,5,C,0,802050202020,20201114,3,166
7848,6,C,1,802050201620,20201114,3,167
7849,5,C,0,802050201616,20201114,3,168
7850,6,C,0,802050201216,20201114,3,169
7851,5,C,0,802050201212,20201114,3,170
7852,6,C,0,802050201012,20201114,3,171
7853,5,C,0,802050201010,20201114,3,172
7854,1,A,1,802050202020,20201114,3,173
7855,2,A,1,642050202020,20201114,3,174
7856,1,A,1,641650202020,20201114,3,175
7857,2,A,1,511650202020,20201114,3,176
7858,1,A,0,511250202020,20201114,3,177
7859,2,A,0,401250202020,20201114,3,178
7860,1,A,0,401050202020,20201114,3,179
7861,5,C,1,802050202020,20201114,3,180
7862,6,C,0,802050201620,20201114,3,181
7863,5,C,0,802050201616,20201114,3,182
7864,2,A,0,802050202020,20201114,3,183
7865,1,A,1,801650202020,20201114,3,184
7866,2,A,0,641650202020,20201114,3,185
7867,1,A,0,641250202020,20201114,3,186
7868,5,C,0,802050202020,20201114,3,187
7869,6,C,0,802050201620,20201114,3,188
7870,5,C,0,802050201616,20201114,3,189
7871,2,A,1,802050202020,20201114,3,190
7872,1,A,1,801650202020,20201114,3,191
7873,2,A,0,641650202020,20201114,3,192
7874,1,A,1,641250202020,20201114,3,193
7875,2,A,0,511250202020,20201114,3,194
7876,1,A,0,511050202020,20201114,3,195
7877,5,C,0,802050202020,20201114,3,196
7878,6,C,1,802050201620,20201114,3,197
7879,5,C,0,802050201616,20201114,3,198
7880,6,C,0,802050201216,20201114,3,199
7881,5,C,0,802050201212,20201114,3,200
7882,6,C,0,802050201012,20201114,3,201
7883,2,A,0,802050202020,20201114,3,202
7884,1,A,1,801650202020,20201114,3,203
7885,2,A,0,641650202020,20201114,3,204
7886,1,A,1,641250202020,20201114,3,205
7887,2,A,0,511250202020,20201114,3,206
7888,1,A,1,511050202020,20201114,3,207
7889,2,A,0,401050202020,20201114,3,208
7890,1,A,0,400850202020,20201114,3,209
7891,4,B,1,802050202020,20201114,3,210
7892,3,B,0,802050162020,20201114,3,211
7893,1,A,1,802050202020,20201114,3,212
7894,2,A,0,642050202020,20201114,3,213
7895,1,A,0,641650202020,20201114,3,214
7896,5,C,1,802050202020,20201114,3,215
7897,6,C,1,802050201620,20201114,3,216
7898,5,C,0,802050201616,20201114,3,217
7899,6,C,1,802050201216,20201114,3,218
7900,1,A,1,802050202020,20201114,3,219
7901,2,A,1,642050202020,20201114,3,220
7902,1,A,0,641650202020,20201114,3,221
7903,2,A,0,511650202020,20201114,3,222
7904,1,A,0,511250202020,20201114,3,223
7905,5,C,0,802050202020,20201114,3,224
7906,6,C,0,802050201620,20201114,3,225
7907,5,C,0,802050201616,20201114,3,226
7908,2,A,1,802050202020,20201114,3,227
7909,1,A,1,801650202020,20201114,3,228
7910,2,A,1,641650202020,20201114,3,229
7911,1,A,1,641250202020,20201114,3,230
7912,2,A,1,511250202020,20201114,3,231
7913,1,A,1,511050202020,20201114,3,232
7914,2,A,0,401050202020,20201114,3,233
7915,1,A,0,400850202020,20201114,3,234
7916,2,A,1,320850202020,20201114,3,235
7917,1,A,0,320650202020,20201114,3,236
7918,2,A,0,260650202020,20201114,3,237
7919,6,C,0,802050202020,20201114,3,238
7920,5,C,0,802050202016,20201114,3,239
7921,6,C,0,802050201616,20201114,3,240
7922,5,C,0,802050201612,20201114,3,241
7923,2,A,0,802050202020,20201114,3,242
7924,1,A,0,801650202020,20201114,3,243
7925,2,A,0,641650202020,20201114,3,244
7926,4,B,0,802050202020,20201114,3,245
7927,3,B,0,802050162020,20201114,3,246
7928,1,A,1,802050202020,20201114,3,247
7929,2,A,1,642050202020,20201114,3,248
7930,1,A,1,641650202020,20201114,3,249
7931,2,A,0,511650202020,20201114,3,250
7932,1,A,0,511250202020,20201114,3,251
7933,2,A,0,401250202020,20201114,3,252
7934,5,C,0,802050202020,20201114,3,253
7935,6,C,1,802050201620,20201114,3,254
7936,5,C,1,802050201616,20201114,3,255
7937,6,C,0,802050201216,20201114,3,256
7938,5,C,0,802050201212,20201114,3,257
7939,2,A,0,802050202020,20201114,3,258
7940,1,A,1,801650202020,20201114,3,259
7941,2,A,0,641650202020,20201114,3,260
7942,1,A,0,641250202020,20201114,3,261
7943,4,B,0,802050202020,20201114,3,262
7944,3,B,1,802050162020,20201114,3,263
7945,1,A,0,802050202020,20201114,3,264
7946,2,A,0,642050202020,20201114,3,265
7947,1,A,1,641650202020,20201114,3,266
7948,4,B,0,508050208020,20201114,4,0
7949,3,B,0,508050168020,20201114,4,1
7950,4,B,1,508040168020,20201114,4,2
7951,2,A,1,508050208020,20201114,4,3
7952,1,A,0,506450208020,20201114,4,4
7953,6,C,0,508050208020,20201114,4,5
7954,5,C,1,508050208016,20201114,4,6
7955,6,C,1,508050206416,20201114,4,7
7956,5,C,1,508050206412,20201114,4,8
7957,6,C,0,508050205112,20201114,4,9
7958,5,C,0,508050205110,20201114,4,10
7959,2,A,1,508050208020,20201114,4,11
7960,1,A,0,506450208020,20201114,4,12
7961,2,A,1,406450208020,20201114,4,13
7962,6,C,0,508050208020,20201114,4,14
7963,5,C,1,508050208016,20201114,4,15
7964,6,C,0,508050206416,20201114,4,16
7965,5,C,1,508050206412,20201114,4,17
7966,2,A,1,508050208020,20201114,4,18
7967,1,A,0,506450208020,20201114,4,19
7968,2,A,0,406450208020,20201114,4,20
7969,6,C,0,508050208020,20201114,4,21
7970,5,C,0,508050208016,20201114,4,22
7971,2,A,1,508050208020,20201114,4,23
7972,1,A,1,506450208020,20201114,4,24
7973,2,A,0,406450208020,20201114,4,25
7974,1,A,0,405150208020,20201114,4,26
7975,5,C,1,508050208020,20201114,4,27
7976,6,C,0,508050206420,20201114,4,28
7977,5,C,1,508050206416,20201114,4,29
7978,2,A,1,508050208020,20201114,4,30
7979,1,A,1,506450208020,20201114,4,31
7980,2,A,1,406450208020,20201114,4,32
7981,1,A,0,405150208020,20201114,4,33
7982,2,A,0,325150208020,20201114,4,34
7983,1,A,1,324050208020,20201114,4,35
7984,2,A,0,254050208020,20201114,4,36
7985,4,B,0,508050208020,20201114,4,37
7986,3,B,1,508050168020,20201114,4,38
7987,4,B,0,508040168020,20201114,4,39
7988,3,B,0,508040128020,20201114,4,40
7989,2,A,1,508050208020,20201114,4,41
7990,1,A,1,506450208020,20201114,4,42
7991,2,A,0,406450208020,20201114,4,43
7992,1,A,1,405150208020,20201114,4,44
7993,2,A,1,325150208020,20201114,4,45
7994,1,A,0,324050208020,20201114,4,46
7995,2,A,0,254050208020,20201114,4,47
7996,5,C,1,508050208020,20201114,4,48
7997,6,C,0,508050206420,20201114,4,49
7998,5,C,0,508050206416,20201114,4,50
7999,2,A,1,508050208020,20201114,4,51
8000,1,A,0,506450208020,20201114,4,52
8001,2,A,1,406450208020,20201114,4,53
8002,5,C,1,508050208020,20201114,4,54
8003,6,C,1,508050206420,20201114,4,55
8004,5,C,0,508050206416,20201114,4,56
8005,6,C,0,508050205116,20201114,4,57
8006,5,C,0,508050205112,20201114,4,58
8007,2,A,1,508050208020,20201114,4,59
8008,1,A,0,506450208020,20201114,4,60
8009,2,A,0,406450208020,20201114,4,61
8010,4,B,0,508050208020,20201114,4,62
8011,3,B,0,508050168020,20201114,4,63
8012,2,A,1,508050208020,20201114,4,64
8013,1,A,1,506450208020,20201114,4,65
8014,2,A,0,406450208020,20201114,4,66
8015,1,A,1,405150208020,20201114,4,67
8016,2,A,0,325150208020,20201114,4,68
8017,5,C,1,508050208020,20201114,4,69
8018,6,C,0,508050206420,20201114,4,70
8019,5,C,1,508050206416,20201114,4,71
8020,2,A,0,508050208020,20201114,4,72
8021,1,A,0,506450208020,20201114,4,73
8022,2,A,1,406450208020,20201114,4,74
8023,5,C,1,508050208020,20201114,4,75
8024,6,C,0,508050206420,20201114,4,76
8025,5,C,0,508050206416,20201114,4,77
8026,2,A,1,508050208020,20201114,4,78
8027,1,A,1,506450208020,20201114,4,79
8028,2,A,0,406450208020,20201114,4,80
8029,1,A,1,405150208020,20201114,4,81
8030,2,A,1,325150208020,20201114,4,82
8031,1,A,1,324050208020,20201114,4,83
8032,2,A,0,254050208020,20201114,4,84
8033,5,C,1,508050208020,20201114,4,85
8034,6,C,0,508050206420,20201114,4,86
8035,5,C,1,508050206416,20201114,4,87
8036,2,A,1,508050208020,20201114,4,88
8037,1,A,1,506450208020,20201114,4,89
8038,2,A,0,406450208020,20201114,4,90
8039,1,A,1,405150208020,20201114,4,91
8040,2,A,1,325150208020,20201114,4,92
8041,1,A,1,324050208020,20201114,4,93
8042,2,A,1,254050208020,20201114,4,94
8043,5,C,1,508050208020,20201114,4,95
8044,6,C,0,508050206420,20201114,4,96
8045,5,C,0,508050206416,20201114,4,97
8046,2,A,1,508050208020,20201114,4,98
8047,1,A,0,506450208020,20201114,4,99
8048,2,A,1,406450208020,20201114,4,100
8049,5,C,1,508050208020,20201114,4,101
8050,6,C,1,508050206420,20201114,4,102
8051,5,C,1,508050206416,20201114,4,103
8052,6,C,0,508050205116,20201114,4,104
8053,5,C,0,508050205112,20201114,4,105
8054,2,A,1,508050208020,20201114,4,106
8055,1,A,0,506450208020,20201114,4,107
8056,2,A,1,406450208020,20201114,4,108
8057,5,C,1,508050208020,20201114,4,109
8058,6,C,0,508050206420,20201114,4,110
8059,5,C,0,508050206416,20201114,4,111
8060,2,A,0,508050208020,20201114,4,112
8061,1,A,0,506450208020,20201114,4,113
8062,2,A,0,406450208020,20201114,4,114
8063,5,C,1,508050208020,20201114,4,115
8064,6,C,0,508050206420,20201114,4,116
8065,5,C,1,508050206416,20201114,4,117
8066,2,A,0,508050208020,20201114,4,118
8067,1,A,1,506450208020,20201114,4,119
8068,2,A,1,406450208020,20201114,4,120
8069,1,A,1,405150208020,20201114,4,121
8070,2,A,0,325150208020,20201114,4,122
8071,1,A,0,324050208020,20201114,4,123
8072,2,A,0,254050208020,20201114,4,124
8073,5,C,1,508050208020,20201114,4,125
8074,6,C,0,508050206420,20201114,4,126
8075,5,C,0,508050206416,20201114,4,127
8076,2,A,1,508050208020,20201114,4,128
8077,1,A,1,506450208020,20201114,4,129
8078,2,A,1,406450208020,20201114,4,130
8079,1,A,0,405150208020,20201114,4,131
8080,2,A,1,325150208020,20201114,4,132
8081,5,C,1,508050208020,20201114,4,133
8082,6,C,1,508050206420,20201114,4,134
8083,5,C,0,508050206416,20201114,4,135
8084,6,C,0,508050205116,20201114,4,136
8085,5,C,0,508050205112,20201114,4,137
8086,2,A,0,508050208020,20201114,4,138
8087,1,A,1,506450208020,20201114,4,139
8088,2,A,0,406450208020,20201114,4,140
8089,1,A,0,405150208020,20201114,4,141
8090,2,A,0,325150208020,20201114,4,142
8091,1,A,1,324050208020,20201114,4,143
8092,2,A,0,254050208020,20201114,4,144
8093,5,C,1,508050208020,20201114,4,145
8094,6,C,0,508050206420,20201114,4,146
8095,5,C,0,508050206416,20201114,4,147
8096,2,A,1,508050208020,20201114,4,148
8097,1,A,0,506450208020,20201114,4,149
8098,2,A,1,406450208020,20201114,4,150
8099,1,A,1,405150208020,20201114,4,151
8100,2,A,1,325150208020,20201114,4,152
8101,1,A,1,324050208020,20201114,4,153
8102,2,A,0,254050208020,20201114,4,154
8103,1,A,0,253250208020,20201114,4,155
8104,2,A,0,203250208020,20201114,4,156
8105,4,B,0,508050208020,20201114,4,157
8106,3,B,1,508050168020,20201114,4,158
8107,4,B,0,508040168020,20201114,4,159
8108,3,B,1,508040128020,20201114,4,160
8109,2,A,1,508050208020,20201114,4,161
8110,1,A,0,506450208020,20201114,4,162
8111,2,A,1,406450208020,20201114,4,163
8112,1,A,0,405150208020,20201114,4,164
8113,2,A,1,325150208020,20201114,4,165
8114,5,C,0,508050208020,20201114,4,166
8115,6,C,0,508050206420,20201114,4,167
8116,5,C,1,508050206416,20201114,4,168
8117,2,A,1,508050208020,20201114,4,169
8118,1,A,0,506450208020,20201114,4,170
8119,2,A,1,406450208020,20201114,4,171
8120,1,A,1,405150208020,20201114,4,172
8121,2,A,0,325150208020,20201114,4,173
8122,1,A,0,324050208020,20201114,4,174
8123,2,A,0,254050208020,20201114,4,175
8124,5,C,0,508050208020,20201114,4,176
8125,6,C,1,508050206420,20201114,4,177
8126,5,C,1,508050206416,20201114,4,178
8127,6,C,0,508050205116,20201114,4,179
8128,5,C,0,508050205112,20201114,4,180
8129,2,A,1,508050208020,20201114,4,181
8130,1,A,0,506450208020,20201114,4,182
8131,2,A,0,406450208020,20201114,4,183
8132,1,A,0,405150208020,20201114,4,184
8133,2,A,1,325150208020,20201114,4,185
8134,5,C,0,508050208020,20201114,4,186
8135,6,C,0,508050206420,20201114,4,187
8136,5,C,1,508050206416,20201114,4,188
8137,2,A,1,508050208020,20201114,4,189
8138,1,A,1,506450208020,20201114,4,190
8139,2,A,1,406450208020,20201114,4,191
8140,1,A,1,405150208020,20201114,4,192
8141,2,A,0,325150208020,20201114,4,193
8142,1,A,1,324050208020,20201114,4,194
8143,2,A,1,254050208020,20201114,4,195
8144,1,A,0,253250208020,20201114,4,196
8145,2,A,0,203250208020,20201114,4,197
8146,5,C,0,508050208020,20201114,4,198
8147,6,C,1,508050206420,20201114,4,199
8148,5,C,0,508050206416,20201114,4,200
8149,6,C,0,508050205116,20201114,4,201
8150,5,C,0,508050205112,20201114,4,202
8151,2,A,1,508050208020,20201114,4,203
8152,1,A,0,506450208020,20201114,4,204
8153,2,A,1,406450208020,20201114,4,205
8154,1,A,0,405150208020,20201114,4,206
8155,2,A,0,325150208020,20201114,4,207
8156,5,C,1,508050208020,20201114,4,208
8157,6,C,0,508050206420,20201114,4,209
8158,5,C,0,508050206416,20201114,4,210
8159,2,A,1,508050208020,20201114,4,211
8160,1,A,0,506450208020,20201114,4,212
8161,2,A,0,406450208020,20201114,4,213
8162,5,C,1,508050208020,20201114,4,214
8163,6,C,1,508050206420,20201114,4,215
8164,5,C,1,508050206416,20201114,4,216
8165,6,C,0,508050205116,20201114,4,217
8166,5,C,0,508050205112,20201114,4,218
8167,2,A,1,508050208020,20201114,4,219
8168,1,A,0,506450208020,20201114,4,220
8169,2,A,1,406450208020,20201114,4,221
8170,1,A,1,405150208020,20201114,4,222
8171,2,A,1,325150208020,20201114,4,223
8172,1,A,1,324050208020,20201114,4,224
8173,2,A,0,254050208020,20201114,4,225
8174,1,A,0,253250208020,20201114,4,226
8175,2,A,0,203250208020,20201114,4,227
8176,5,C,1,508050208020,20201114,4,228
8177,6,C,0,508050206420,20201114,4,229
8178,5,C,1,508050206416,20201114,4,230
8179,2,A,1,508050208020,20201114,4,231
8180,1,A,0,506450208020,20201114,4,232
8181,2,A,1,406450208020,20201114,4,233
8182,1,A,0,405150208020,20201114,4,234
8183,2,A,0,325150208020,20201114,4,235
8184,5,C,1,508050208020,20201114,4,236
8185,6,C,0,508050206420,20201114,4,237
8186,5,C,1,508050206416,20201114,4,238
8187,6,C,0,508050205116,20201114,4,239
8188,5,C,0,508050205112,20201114,4,240
8189,2,A,1,508050208020,20201114,4,241
8190,1,A,1,506450208020,20201114,4,242
8191,2,A,1,406450208020,20201114,4,243
8192,1,A,0,405150208020,20201114,4,244
8193,2,A,0,325150208020,20201114,4,245
8194,5,C,1,508050208020,20201114,4,246
8195,6,C,0,508050206420,20201114,4,247
8196,5,C,0,508050206416,20201114,4,248
8197,2,A,1,508050208020,20201114,4,249
8198,1,A,0,506450208020,20201114,4,250
8199,2,A,1,406450208020,20201114,4,251
8200,5,C,0,508050208020,20201114,4,252
8201,6,C,0,508050206420,20201114,4,253
8202,5,C,1,508050206416,20201114,4,254
8203,2,A,0,508050208020,20201114,4,255
8204,1,A,0,506450208020,20201114,4,256
8205,2,A,1,406450208020,20201114,4,257
8206,5,C,1,508050208020,20201114,4,258
8207,6,C,1,508050206420,20201114,4,259
8208,5,C,1,508050206416,20201114,4,260
8209,2,A,1,508050208020,20201114,4,261
8210,1,A,1,506450208020,20201114,4,262
8211,2,A,1,406450208020,20201114,4,263
8212,1,A,0,405150208020,20201114,4,264
8213,2,A,0,325150208020,20201114,4,265
8214,5,C,1,508050208020,20201114,4,266
8215,2,A,1,508050208020,20201114,4,267
8216,1,A,1,506450208020,20201114,4,268
8217,2,A,1,406450208020,20201114,4,269
8218,1,A,0,405150208020,20201114,4,270
8219,2,A,1,325150208020,20201114,4,271
8220,1,A,0,324050208020,20201114,4,272
8221,2,A,0,254050208020,20201114,4,273
8222,5,C,1,508050208020,20201114,4,274
8223,6,C,0,508050206420,20201114,4,275
8224,5,C,0,508050206416,20201114,4,276
8225,2,A,1,508050208020,20201114,4,277
8226,1,A,0,506450208020,20201114,4,278
8227,2,A,0,406450208020,20201114,4,279
8228,5,C,1,508050208020,20201114,4,280
8229,6,C,0,508050206420,20201114,4,281
8230,5,C,1,508050206416,20201114,4,282
8231,2,A,0,508050208020,20201114,4,283
8232,1,A,1,506450208020,20201114,4,284
8233,2,A,1,406450208020,20201114,4,285
8234,1,A,1,405150208020,20201114,4,286
8235,2,A,0,325150208020,20201114,4,287
8236,5,C,1,508050208020,20201114,4,288
8237,6,C,0,508050206420,20201114,4,289
8238,5,C,0,508050206416,20201114,4,290
8239,2,A,1,508050208020,20201114,4,291
8240,1,A,1,506450208020,20201114,4,292
8241,2,A,1,406450208020,20201114,4,293
8242,1,A,1,405150208020,20201114,4,294
8243,2,A,1,325150208020,20201114,4,295
8244,5,C,1,508050208020,20201114,4,296
8245,6,C,0,508050206420,20201114,4,297
8246,5,C,1,508050206416,20201114,4,298
8247,2,A,1,508050208020,20201114,4,299
8248,4,B,1,202020805020,20201114,5,0
8249,3,B,0,202020645020,20201114,5,1
8250,4,B,1,202016645020,20201114,5,2
8251,2,A,1,202020805020,20201114,5,3
8252,1,A,1,201620805020,20201114,5,4
8253,2,A,0,161620805020,20201114,5,5
8254,5,C,1,202020805020,20201114,5,6
8255,6,C,0,202020804020,20201114,5,7
8256,5,C,0,202020804016,20201114,5,8
8257,2,A,1,202020805020,20201114,5,9
8258,1,A,0,201620805020,20201114,5,10
8259,2,A,1,161620805020,20201114,5,11
8260,5,C,1,202020805020,20201114,5,12
8261,6,C,0,202020804020,20201114,5,13
8262,5,C,0,202020804016,20201114,5,14
8263,2,A,1,202020805020,20201114,5,15
8264,1,A,0,201620805020,20201114,5,16
8265,2,A,0,161620805020,20201114,5,17
8266,5,C,0,202020805020,20201114,5,18
8267,6,C,0,202020804020,20201114,5,19
8268,5,C,0,202020804016,20201114,5,20
8269,2,A,0,202020805020,20201114,5,21
8270,1,A,1,201620805020,20201114,5,22
8271,2,A,0,161620805020,20201114,5,23
8272,4,B,0,202020805020,20201114,5,24
8273,3,B,0,202020645020,20201114,5,25
8274,2,A,0,202020805020,20201114,5,26
8275,1,A,0,201620805020,20201114,5,27
8276,2,A,0,161620805020,20201114,5,28
8277,4,B,1,202020805020,20201114,5,29
8278,3,B,1,202020645020,20201114,5,30
8279,4,B,0,202016645020,20201114,5,31
8280,3,B,0,202016515020,20201114,5,32
8281,2,A,0,202020805020,20201114,5,33
8282,1,A,0,201620805020,20201114,5,34
8283,2,A,0,161620805020,20201114,5,35
8284,5,C,0,202020805020,20201114,5,36
8285,6,C,1,202020804020,20201114,5,37
8286,2,A,0,202020805020,20201114,5,38
8287,1,A,0,201620805020,20201114,5,39
8288,2,A,0,161620805020,20201114,5,40
8289,4,B,0,202020805020,20201114,5,41
8290,3,B,0,202020645020,20201114,5,42
8291,2,A,0,202020805020,20201114,5,43
8292,1,A,0,201620805020,20201114,5,44
8293,6,C,0,202020805020,20201114,5,45
8294,5,C,0,202020805016,20201114,5,46
8295,4,B,1,202020805020,20201114,5,47
8296,3,B,0,202020645020,20201114,5,48
8297,4,B,1,202016645020,20201114,5,49
8298,3,B,0,202016515020,20201114,5,50
8299,4,B,1,202012515020,20201114,5,51
8300,3,B,0,202012405020,20201114,5,52
8301,4,B,0,202010405020,20201114,5,53
8302,6,C,0,202020805020,20201114,5,54
8303,5,C,1,202020805016,20201114,5,55
8304,2,A,1,202020805020,20201114,5,56
8305,1,A,0,201620805020,20201114,5,57
8306,2,A,0,161620805020,20201114,5,58
8307,4,B,1,202020805020,20201114,5,59
8308,3,B,0,202020645020,20201114,5,60
8309,4,B,0,202016645020,20201114,5,61
8310,3,B,0,202016515020,20201114,5,62
8311,2,A,0,202020805020,20201114,5,63
8312,1,A,1,201620805020,20201114,5,64
8313,2,A,0,161620805020,20201114,5,65
8314,5,C,1,202020805020,20201114,5,66
8315,6,C,0,202020804020,20201114,5,67
8316,5,C,1,202020804016,20201114,5,68
8317,2,A,0,202020805020,20201114,5,69
8318,1,A,0,201620805020,20201114,5,70
8319,2,A,0,161620805020,20201114,5,71
8320,4,B,1,202020805020,20201114,5,72
8321,3,B,0,202020645020,20201114,5,73
8322,4,B,1,202016645020,20201114,5,74
8323,3,B,0,202016515020,20201114,5,75
8324,4,B,1,202012515020,20201114,5,76
8325,5,C,1,202020805020,20201114,5,77
8326,6,C,0,202020804020,20201114,5,78
8327,5,C,1,202020804016,20201114,5,79
8328,2,A,0,202020805020,20201114,5,80
8329,1,A,1,201620805020,20201114,5,81
8330,2,A,0,161620805020,20201114,5,82
8331,5,C,1,202020805020,20201114,5,83
8332,6,C,0,202020804020,20201114,5,84
8333,5,C,0,202020804016,20201114,5,85
8334,4,B,1,202020805020,20201114,5,86
8335,3,B,0,202020645020,20201114,5,87
8336,4,B,1,202016645020,20201114,5,88
8337,5,C,1,202020805020,20201114,5,89
8338,6,C,0,202020804020,20201114,5,90
8339,5,C,1,202020804016,20201114,5,91
8340,4,B,1,202020805020,20201114,5,92
8341,3,B,0,202020645020,20201114,5,93
8342,4,B,1,202016645020,20201114,5,94
8343,5,C,1,202020805020,20201114,5,95
8344,6,C,0,202020804020,20201114,5,96
8345,5,C,1,202020804016,20201114,5,97
8346,4,B,0,202020805020,20201114,5,98
8347,3,B,0,202020645020,20201114,5,99
8348,4,B,1,202016645020,20201114,5,100
8349,5,C,0,202020805020,20201114,5,101
8350,6,C,0,202020804020,20201114,5,102
8351,5,C,1,202020804016,20201114,5,103
8352,4,B,1,202020805020,20201114,5,104
8353,3,B,0,202020645020,20201114,5,105
8354,4,B,0,202016645020,20201114,5,106
8355,5,C,1,202020805020,20201114,5,107
8356,6,C,0,202020804020,20201114,5,108
8357,5,C,1,202020804016,20201114,5,109
8358,2,A,1,202020805020,20201114,5,110
8359,1,A,0,201620805020,20201114,5,111
8360,2,A,0,161620805020,20201114,5,112
8361,5,C,0,202020805020,20201114,5,113
8362,6,C,0,202020804020,20201114,5,114
8363,5,C,1,202020804016,20201114,5,115
8364,4,B,0,202020805020,20201114,5,116
8365,2,A,0,202020805020,20201114,5,117
8366,1,A,0,201620805020,20201114,5,118
8367,2,A,0,161620805020,20201114,5,119
8368,5,C,0,202020805020,20201114,5,120
8369,6,C,0,202020804020,20201114,5,121
8370,5,C,1,202020804016,20201114,5,122
8371,4,B,0,202020805020,20201114,5,123
8372,3,B,1,202020645020,20201114,5,124
8373,4,B,0,202016645020,20201114,5,125
8374,3,B,0,202016515020,20201114,5,126
8375,5,C,0,202020805020,20201114,5,127
8376,6,C,0,202020804020,20201114,5,128
8377,5,C,0,202020804016,20201114,5,129
8378,2,A,0,202020805020,20201114,5,130
8379,5,C,0,202020805020,20201114,5,131
8380,6,C,0,202020804020,20201114,5,132
8381,5,C,1,202020804016,20201114,5,133
8382,4,B,1,202020805020,20201114,5,134
8383,3,B,0,202020645020,20201114,5,135
8384,4,B,1,202016645020,20201114,5,136
8385,5,C,1,202020805020,20201114,5,137
8386,6,C,1,202020804020,20201114,5,138
8387,5,C,0,202020804016,20201114,5,139
8388,4,B,1,202020805020,20201114,5,140
8389,3,B,1,202020645020,20201114,5,141
8390,4,B,0,202016645020,20201114,5,142
8391,3,B,0,202016515020,20201114,5,143
8392,4,B,1,202012515020,20201114,5,144
8393,3,B,0,202012405020,20201114,5,145
8394,4,B,1,202010405020,20201114,5,146
8395,5,C,0,202020805020,20201114,5,147
8396,6,C,0,202020804020,20201114,5,148
8397,5,C,0,202020804016,20201114,5,149
8398,4,B,0,202020805020,20201114,5,150
8399,3,B,0,202020645020,20201114,5,151
8400,4,B,1,202016645020,20201114,5,152
8401,5,C,0,202020805020,20201114,5,153
8402,6,C,0,202020804020,20201114,5,154
8403,5,C,1,202020804016,20201114,5,155
8404,4,B,1,202020805020,20201114,5,156
8405,3,B,0,202020645020,20201114,5,157
8406,4,B,0,202016645020,20201114,5,158
8407,3,B,1,202016515020,20201114,5,159
8408,1,A,0,202020805020,20201114,5,160
8409,2,A,0,162020805020,20201114,5,161
8410,3,B,0,202020805020,20201114,5,162
8411,4,B,1,202016805020,20201114,5,163
8412,3,B,0,202016645020,20201114,5,164
8413,4,B,0,202012645020,20201114,5,165
8414,2,A,0,202020805020,20201114,5,166
8415,5,C,1,202020805020,20201114,5,167
8416,6,C,0,202020804020,20201114,5,168
8417,5,C,0,202020804016,20201114,5,169
8418,4,B,1,202020805020,20201114,5,170
8419,3,B,0,202020645020,20201114,5,171
8420,4,B,1,202016645020,20201114,5,172
8421,3,B,0,202016515020,20201114,5,173
8422,4,B,1,202012515020,20201114,5,174
8423,5,C,0,202020805020,20201114,5,175
8424,6,C,0,202020804020,20201114,5,176
8425,5,C,0,202020804016,20201114,5,177
8426,4,B,1,202020805020,20201114,5,178
8427,3,B,0,202020645020,20201114,5,179
8428,4,B,0,202016645020,20201114,5,180
8429,3,B,0,202016515020,20201114,5,181
8430,4,B,1,202012515020,20201114,5,182
8431,5,C,0,202020805020,20201114,5,183
8432,6,C,0,202020804020,20201114,5,184
8433,5,C,1,202020804016,20201114,5,185
8434,4,B,0,202020805020,20201114,5,186
8435,3,B,0,202020645020,20201114,5,187
8436,4,B,1,202016645020,20201114,5,188
8437,2,A,1,202020805020,20201114,5,189
8438,1,A,0,201620805020,20201114,5,190
8439,2,A,0,161620805020,20201114,5,191
8440,4,B,1,202020805020,20201114,5,192
8441,3,B,0,202020645020,20201114,5,193
8442,4,B,1,202016645020,20201114,5,194
8443,5,C,1,202020805020,20201114,5,195
8444,6,C,0,202020804020,20201114,5,196
8445,5,C,0,202020804016,20201114,5,197
8446,4,B,1,202020805020,20201114,5,198
8447,3,B,1,202020645020,20201114,5,199
8448,4,B,1,202016645020,20201114,5,200
8449,3,B,0,202016515020,20201114,5,201
8450,4,B,1,202012515020,20201114,5,202
8451,3,B,1,202012405020,20201114,5,203
8452,4,B,1,202010405020,20201114,5,204
8453,3,B,0,202010325020,20201114,5,205
8454,4,B,0,202008325020,20201114,5,206
8455,5,C,0,202020805020,20201114,5,207
8456,4,B,1,202020805020,20201114,5,208
8457,3,B,0,202020645020,20201114,5,209
8458,4,B,0,202016645020,20201114,5,210
8459,2,A,0,202020805020,20201114,5,211
8460,1,A,0,201620805020,20201114,5,212
8461,4,B,1,202020805020,20201114,5,213
8462,3,B,0,202020645020,20201114,5,214
8463,4,B,1,202016645020,20201114,5,215
8464,3,B,0,202016515020,20201114,5,216
8465,4,B,1,202012515020,20201114,5,217
8466,3,B,0,202012405020,20201114,5,218
8467,4,B,1,202010405020,20201114,5,219
8468,3,B,0,202010325020,20201114,5,220
8469,4,B,1,202008325020,20201114,5,221
8470,5,C,0,202020805020,20201114,5,222
8471,6,C,0,202020804020,20201114,5,223
8472,5,C,0,202020804016,20201114,5,224
8473,4,B,1,202020805020,20201114,5,225
8474,3,B,0,202020645020,20201114,5,226
8475,4,B,1,202016645020,20201114,5,227
8476,3,B,0,202016515020,20201114,5,228
8477,4,B,1,202012515020,20201114,5,229
8478,5,C,0,202020805020,20201114,5,230
8479,6,C,0,202020804020,20201114,5,231
8480,5,C,0,202020804016,20201114,5,232
8481,4,B,1,202020805020,20201114,5,233
8482,3,B,0,202020645020,20201114,5,234
8483,4,B,1,202016645020,20201114,5,235
8484,2,A,1,202020805020,20201114,5,236
8485,4,B,1,202020805020,20201114,5,237
8486,3,B,0,202020645020,20201114,5,238
8487,4,B,1,202016645020,20201114,5,239
8488,3,B,0,202016515020,20201114,5,240
8489,4,B,1,202012515020,20201114,5,241
8490,5,C,0,202020805020,20201114,5,242
8491,4,B,1,202020805020,20201114,5,243
8492,3,B,1,202020645020,20201114,5,244
8493,4,B,0,202016645020,20201114,5,245
8494,3,B,0,202016515020,20201114,5,246
8495,4,B,1,202012515020,20201114,5,247
8496,5,C,1,202020805020,20201114,5,248
8497,4,B,1,202020805020,20201114,5,249
8498,3,B,0,202020645020,20201114,5,250
8499,4,B,0,202016645020,20201114,5,251
8500,3,B,0,202016515020,20201114,5,252
8501,4,B,1,202012515020,20201114,5,253
8502,2,A,0,202020805020,20201114,5,254
8503,4,B,1,202020805020,20201114,5,255
8504,3,B,0,202020645020,20201114,5,256
8505,4,B,1,202016645020,20201114,5,257
8506,3,B,0,202016515020,20201114,5,258
8507,4,B,0,202012515020,20201114,5,259
8508,5,C,1,202020805020,20201114,5,260
8509,4,B,1,202020805020,20201114,5,261
8510,3,B,1,202020645020,20201114,5,262
8511,4,B,1,202016645020,20201114,5,263
8512,3,B,0,202016515020,20201114,5,264
8513,4,B,1,202012515020,20201114,5,265
8514,3,B,0,202012405020,20201114,5,266
8515,4,B,1,202010405020,20201114,5,267
8516,2,A,0,202020805020,20201114,5,268
8517,4,B,1,202020805020,20201114,5,269
8518,3,B,0,202020645020,20201114,5,270
8519,4,B,1,202016645020,20201114,5,271
8520,3,B,0,202016515020,20201114,5,272
8521,4,B,1,202012515020,20201114,5,273
8522,5,C,0,202020805020,20201114,5,274
8523,4,B,1,202020805020,20201114,5,275
8524,3,B,0,202020645020,20201114,5,276
8525,4,B,1,202016645020,20201114,5,277
8526,3,B,0,202016515020,20201114,5,278
8527,4,B,0,202012515020,20201114,5,279
8528,3,B,0,202012405020,20201114,5,280
8529,4,B,0,202010405020,20201114,5,281
8530,2,A,0,202020805020,20201114,5,282
8531,4,B,0,202020805020,20201114,5,283
8532,3,B,0,202020645020,20201114,5,284
8533,4,B,0,202016645020,20201114,5,285
8534,5,C,1,202020805020,20201114,5,286
8535,4,B,1,202020805020,20201114,5,287
8536,3,B,0,202020645020,20201114,5,288
8537,4,B,1,202016645020,20201114,5,289
8538,5,C,0,202020805020,20201114,5,290
8539,6,C,1,202020804020,20201114,5,291
8540,5,C,1,202020804016,20201114,5,292
8541,4,B,1,202020805020,20201114,5,293
8542,3,B,0,202020645020,20201114,5,294
8543,4,B,1,202016645020,20201114,5,295
8544,3,B,1,202016515020,20201114,5,296
8545,4,B,0,202012515020,20201114,5,297
8546,3,B,0,202012405020,20201114,5,298
8547,4,B,1,202010405020,20201114,5,299
8548,4,B,0,202020508020,20201115,1,0
8549,3,B,0,202020408020,20201115,1,1
8550,4,B,1,202016408020,20201115,1,2
8551,2,A,1,202020508020,20201115,1,3
8552,1,A,0,201620508020,20201115,1,4
8553,2,A,0,161620508020,20201115,1,5
8554,5,C,1,202020508020,20201115,1,6
8555,6,C,0,202020506420,20201115,1,7
8556,5,C,0,202020506416,20201115,1,8
8557,4,B,0,202020508020,20201115,1,9
8558,3,B,0,202020408020,20201115,1,10
8559,4,B,1,202016408020,20201115,1,11
8560,2,A,0,202020508020,20201115,1,12
8561,1,A,0,201620508020,20201115,1,13
8562,2,A,0,161620508020,20201115,1,14
8563,6,C,1,202020508020,20201115,1,15
8564,5,C,1,202020508016,20201115,1,16
8565,6,C,0,202020506416,20201115,1,17
8566,5,C,1,202020506412,20201115,1,18
8567,4,B,0,202020508020,20201115,1,19
8568,3,B,0,202020408020,20201115,1,20
8569,4,B,0,202016408020,20201115,1,21
8570,3,B,0,202016328020,20201115,1,22
8571,1,A,1,202020508020,20201115,1,23
8572,2,A,0,162020508020,20201115,1,24
8573,1,A,0,161620508020,20201115,1,25
8574,5,C,1,202020508020,20201115,1,26
8575,6,C,0,202020506420,20201115,1,27
8576,5,C,1,202020506416,20201115,1,28
8577,2,A,0,202020508020,20201115,1,29
8578,1,A,0,201620508020,20201115,1,30
8579,2,A,0,161620508020,20201115,1,31
8580,5,C,1,202020508020,20201115,1,32
8581,6,C,0,202020506420,20201115,1,33
8582,5,C,0,202020506416,20201115,1,34
8583,4,B,0,202020508020,20201115,1,35
8584,3,B,0,202020408020,20201115,1,36
8585,4,B,0,202016408020,20201115,1,37
8586,2,A,1,202020508020,20201115,1,38
8587,1,A,0,201620508020,20201115,1,39
8588,2,A,0,161620508020,20201115,1,40
8589,4,B,1,202020508020,20201115,1,41
8590,3,B,1,202020408020,20201115,1,42
8591,4,B,0,202016408020,20201115,1,43
8592,6,C,0,202020508020,20201115,1,44
8593,5,C,1,202020508016,20201115,1,45
8594,6,C,0,202020506416,20201115,1,46
8595,5,C,1,202020506412,20201115,1,47
8596,1,A,1,202020508020,20201115,1,48
8597,2,A,0,162020508020,20201115,1,49
8598,1,A,0,161620508020,20201115,1,50
8599,5,C,0,202020508020,20201115,1,51
8600,6,C,0,202020506420,20201115,1,52
8601,5,C,1,202020506416,20201115,1,53
8602,4,B,0,202020508020,20201115,1,54
8603,3,B,0,202020408020,20201115,1,55
8604,2,A,0,202020508020,20201115,1,56
8605,1,A,0,201620508020,20201115,1,57
8606,2,A,0,161620508020,20201115,1,58
8607,5,C,1,202020508020,20201115,1,59
8608,6,C,0,202020506420,20201115,1,60
8609,5,C,1,202020506416,20201115,1,61
8610,3,B,0,202020508020,20201115,1,62
8611,4,B,1,202016508020,20201115,1,63
8612,3,B,0,202016408020,20201115,1,64
8613,4,B,1,202012408020,20201115,1,65
8614,6,C,0,202020508020,20201115,1,66
8615,5,C,1,202020508016,20201115,1,67
8616,6,C,0,202020506416,20201115,1,68
8617,5,C,0,202020506412,20201115,1,69
8618,1,A,0,202020508020,20201115,1,70
8619,2,A,0,162020508020,20201115,1,71
8620,5,C,1,202020508020,20201115,1,72
8621,6,C,0,202020506420,20201115,1,73
8622,5,C,0,202020506416,20201115,1,74
8623,4,B,0,202020508020,20201115,1,75
8624,3,B,0,202020408020,20201115,1,76
8625,4,B,0,202016408020,20201115,1,77
8626,5,C,1,202020508020,20201115,1,78
8627,6,C,0,202020506420,20201115,1,79
8628,5,C,0,202020506416,20201115,1,80
8629,4,B,0,202020508020,20201115,1,81
8630,3,B,0,202020408020,20201115,1,82
8631,4,B,1,202016408020,20201115,1,83
8632,5,C,1,202020508020,20201115,1,84
8633,6,C,0,202020506420,20201115,1,85
8634,5,C,1,202020506416,20201115,1,86
8635,1,A,1,202020508020,20201115,1,87
8636,2,A,0,162020508020,20201115,1,88
8637,1,A,0,161620508020,20201115,1,89
8638,5,C,1,202020508020,20201115,1,90
8639,6,C,0,202020506420,20201115,1,91
8640,5,C,1,202020506416,20201115,1,92
8641,6,C,1,202020505116,20201115,1,93
8642,5,C,1,202020505112,20201115,1,94
8643,4,B,1,202020508020,20201115,1,95
8644,3,B,1,202020408020,20201115,1,96
8645,4,B,1,202016408020,20201115,1,97
8646,3,B,1,202016328020,20201115,1,98
8647,4,B,0,202012328020,20201115,1,99
8648,3,B,0,202012258020,20201115,1,100
8649,5,C,1,202020508020,20201115,1,101
8650,6,C,0,202020506420,20201115,1,102
8651,5,C,1,202020506416,20201115,1,103
8652,4,B,0,202020508020,20201115,1,104
8653,3,B,0,202020408020,20201115,1,105
8654,4,B,1,202016408020,20201115,1,106
8655,5,C,1,202020508020,20201115,1,107
8656,6,C,0,202020506420,20201115,1,108
8657,5,C,1,202020506416,20201115,1,109
8658,4,B,1,202020508020,20201115,1,110
8659,3,B,0,202020408020,20201115,1,111
8660,4,B,1,202016408020,20201115,1,112
8661,5,C,1,202020508020,20201115,1,113
8662,6,C,0,202020506420,20201115,1,114
8663,5,C,1,202020506416,20201115,1,115
8664,1,A,0,202020508020,20201115,1,116
8665,2,A,1,162020508020,20201115,1,117
8666,5,C,1,202020508020,20201115,1,118
8667,6,C,1,202020506420,20201115,1,119
8668,5,C,1,202020506416,20201115,1,120
8669,6,C,0,202020505116,20201115,1,121
8670,5,C,0,202020505112,20201115,1,122
8671,4,B,0,202020508020,20201115,1,123
8672,3,B,0,202020408020,20201115,1,124
8673,4,B,0,202016408020,20201115,1,125
8674,5,C,1,202020508020,20201115,1,126
8675,6,C,0,202020506420,20201115,1,127
8676,5,C,1,202020506416,20201115,1,128
8677,4,B,1,202020508020,20201115,1,129
8678,3,B,0,202020408020,20201115,1,130
8679,4,B,0,202016408020,20201115,1,131
8680,5,C,1,202020508020,20201115,1,132
8681,6,C,0,202020506420,20201115,1,133
8682,5,C,0,202020506416,20201115,1,134
8683,4,B,0,202020508020,20201115,1,135
8684,3,B,0,202020408020,20201115,1,136
8685,4,B,0,202016408020,20201115,1,137
8686,5,C,1,202020508020,20201115,1,138
8687,6,C,1,202020506420,20201115,1,139
8688,5,C,1,202020506416,20201115,1,140
8689,4,B,0,202020508020,20201115,1,141
8690,3,B,0,202020408020,20201115,1,142
8691,4,B,0,202016408020,20201115,1,143
8692,5,C,1,202020508020,20201115,1,144
8693,6,C,1,202020506420,20201115,1,145
8694,5,C,0,202020506416,20201115,1,146
8695,6,C,0,202020505116,20201115,1,147
8696,5,C,0,202020505112,20201115,1,148
8697,1,A,0,202020508020,20201115,1,149
8698,2,A,0,162020508020,20201115,1,150
8699,5,C,1,202020508020,20201115,1,151
8700,6,C,0,202020506420,20201115,1,152
8701,5,C,1,202020506416,20201115,1,153
8702,4,B,1,202020508020,20201115,1,154
8703,3,B,1,202020408020,20201115,1,155
8704,4,B,0,202016408020,20201115,1,156
8705,3,B,0,202016328020,20201115,1,157
8706,4,B,0,202012328020,20201115,1,158
8707,5,C,1,202020508020,20201115,1,159
8708,6,C,0,202020506420,20201115,1,160
8709,5,C,1,202020506416,20201115,1,161
8710,1,A,0,202020508020,20201115,1,162
8711,2,A,1,162020508020,20201115,1,163
8712,5,C,0,202020508020,20201115,1,164
8713,6,C,1,202020506420,20201115,1,165
8714,5,C,1,202020506416,20201115,1,166
8715,6,C,0,202020505116,20201115,1,167
8716,5,C,1,202020505112,20201115,1,168
8717,6,C,0,202020504012,20201115,1,169
8718,5,C,0,202020504010,20201115,1,170
8719,4,B,1,202020508020,20201115,1,171
8720,3,B,1,202020408020,20201115,1,172
8721,4,B,0,202016408020,20201115,1,173
8722,3,B,1,202016328020,20201115,1,174
8723,4,B,1,202012328020,20201115,1,175
8724,3,B,1,202012258020,20201115,1,176
8725,4,B,0,202010258020,20201115,1,177
8726,3,B,0,202010208020,20201115,1,178
8727,5,C,1,202020508020,20201115,1,179
8728,6,C,0,202020506420,20201115,1,180
8729,5,C,1,202020506416,20201115,1,181
8730,6,C,0,202020505116,20201115,1,182
8731,5,C,1,202020505112,20201115,1,183
8732,4,B,0,202020508020,20201115,1,184
8733,3,B,0,202020408020,20201115,1,185
8734,4,B,1,202016408020,20201115,1,186
8735,5,C,1,202020508020,20201115,1,187
8736,6,C,0,202020506420,20201115,1,188
8737,5,C,1,202020506416,20201115,1,189
8738,4,B,1,202020508020,20201115,1,190
8739,3,B,0,202020408020,20201115,1,191
8740,4,B,0,202016408020,20201115,1,192
8741,5,C,1,202020508020,20201115,1,193
8742,6,C,1,202020506420,20201115,1,194
8743,5,C,1,202020506416,20201115,1,195
8744,4,B,0,202020508020,20201115,1,196
8745,3,B,1,202020408020,20201115,1,197
8746,4,B,0,202016408020,20201115,1,198
8747,3,B,0,202016328020,20201115,1,199
8748,4,B,0,202012328020,20201115,1,200
8749,5,C,1,202020508020,20201115,1,201
8750,6,C,0,202020506420,20201115,1,202
8751,5,C,1,202020506416,20201115,1,203
8752,6,C,1,202020505116,20201115,1,204
8753,5,C,0,202020505112,20201115,1,205
8754,6,C,0,202020504012,20201115,1,206
8755,5,C,1,202020504010,20201115,1,207
8756,4,B,1,202020508020,20201115,1,208
8757,3,B,1,202020408020,20201115,1,209
8758,4,B,0,202016408020,20201115,1,210
8759,3,B,1,202016328020,20201115,1,211
8760,4,B,0,202012328020,20201115,1,212
8761,3,B,0,202012258020,20201115,1,213
8762,5,C,0,202020508020,20201115,1,214
8763,6,C,0,202020506420,20201115,1,215
8764,5,C,1,202020506416,20201115,1,216
8765,4,B,1,202020508020,20201115,1,217
8766,3,B,1,202020408020,20201115,1,218
8767,4,B,0,202016408020,20201115,1,219
8768,3,B,0,202016328020,20201115,1,220
8769,5,C,1,202020508020,20201115,1,221
8770,6,C,0,202020506420,20201115,1,222
8771,5,C,1,202020506416,20201115,1,223
8772,4,B,0,202020508020,20201115,1,224
8773,3,B,0,202020408020,20201115,1,225
8774,4,B,0,202016408020,20201115,1,226
8775,5,C,1,202020508020,20201115,1,227
8776,6,C,0,202020506420,20201115,1,228
8777,5,C,1,202020506416,20201115,1,229
8778,4,B,0,202020508020,20201115,1,230
8779,3,B,1,202020408020,20201115,1,231
8780,4,B,0,202016408020,20201115,1,232
8781,3,B,0,202016328020,20201115,1,233
8782,4,B,0,202012328020,20201115,1,234
8783,5,C,1,202020508020,20201115,1,235
8784,6,C,1,202020506420,20201115,1,236
8785,5,C,0,202020506416,20201115,1,237
8786,6,C,0,202020505116,20201115,1,238
8787,5,C,1,202020505112,20201115,1,239
8788,4,B,1,202020508020,20201115,1,240
8789,3,B,1,202020408020,20201115,1,241
8790,4,B,0,202016408020,20201115,1,242
8791,3,B,0,202016328020,20201115,1,243
8792,5,C,1,202020508020,20201115,1,244
8793,6,C,0,202020506420,20201115,1,245
8794,5,C,0,202020506416,20201115,1,246
8795,4,B,1,202020508020,20201115,1,247
8796,3,B,0,202020408020,20201115,1,248
8797,4,B,0,202016408020,20201115,1,249
8798,5,C,1,202020508020,20201115,1,250
8799,6,C,0,202020506420,20201115,1,251
8800,5,C,0,202020506416,20201115,1,252
8801,4,B,0,202020508020,20201115,1,253
8802,3,B,0,202020408020,20201115,1,254
8803,4,B,0,202016408020,20201115,1,255
8804,5,C,1,202020508020,20201115,1,256
8805,6,C,1,202020506420,20201115,1,257
8806,5,C,1,202020506416,20201115,1,258
8807,6,C,0,202020505116,20201115,1,259
8808,5,C,0,202020505112,20201115,1,260
8809,4,B,1,202020508020,20201115,1,261
8810,3,B,1,202020408020,20201115,1,262
8811,4,B,1,202016408020,20201115,1,263
8812,3,B,0,202016328020,20201115,1,264
8813,5,C,0,202020508020,20201115,1,265
8814,6,C,0,202020506420,20201115,1,266
8815,5,C,1,202020506416,20201115,1,267
8816,6,C,0,202020505116,20201115,1,268
8817,5,C,0,202020505112,20201115,1,269
8818,4,B,0,202020508020,20201115,1,270
8819,3,B,0,202020408020,20201115,1,271
8820,4,B,0,202016408020,20201115,1,272
8821,5,C,0,202020508020,20201115,1,273
8822,6,C,0,202020506420,20201115,1,274
8823,5,C,1,202020506416,20201115,1,275
8824,4,B,1,202020508020,20201115,1,276
8825,3,B,0,202020408020,20201115,1,277
8826,4,B,0,202016408020,20201115,1,278
8827,5,C,1,202020508020,20201115,1,279
8828,6,C,0,202020506420,20201115,1,280
8829,5,C,0,202020506416,20201115,1,281
8830,4,B,1,202020508020,20201115,1,282
8831,3,B,0,202020408020,20201115,1,283
8832,4,B,0,202016408020,20201115,1,284
8833,5,C,1,202020508020,20201115,1,285
8834,6,C,1,202020506420,20201115,1,286
8835,5,C,1,202020506416,20201115,1,287
8836,6,C,0,202020505116,20201115,1,288
8837,5,C,0,202020505112,20201115,1,289
8838,4,B,1,202020508020,20201115,1,290
8839,3,B,0,202020408020,20201115,1,291
8840,4,B,0,202016408020,20201115,1,292
8841,5,C,1,202020508020,20201115,1,293
8842,6,C,0,202020506420,20201115,1,294
8843,5,C,1,202020506416,20201115,1,295
8844,4,B,0,202020508020,20201115,1,296
8845,3,B,0,202020408020,20201115,1,297
8846,4,B,0,202016408020,20201115,1,298
8847,5,C,1,202020508020,20201115,1,299
8848,4,B,0,805080202050,20201115,2,0
8849,3,B,1,805080162050,20201115,2,1
8850,4,B,0,805064162050,20201115,2,2
8851,2,A,1,805080202050,20201115,2,3
8852,1,A,0,804080202050,20201115,2,4
8853,2,A,1,644080202050,20201115,2,5
8854,5,C,0,805080202050,20201115,2,6
8855,6,C,0,805080201650,20201115,2,7
8856,5,C,0,805080201640,20201115,2,8
8857,6,C,1,805080201240,20201115,2,9
8858,5,C,0,805080201232,20201115,2,10
8859,4,B,0,805080202050,20201115,2,11
8860,3,B,0,805080162050,20201115,2,12
8861,4,B,0,805064162050,20201115,2,13
8862,2,A,1,805080202050,20201115,2,14
8863,1,A,1,804080202050,20201115,2,15
8864,2,A,0,644080202050,20201115,2,16
8865,1,A,1,643280202050,20201115,2,17
8866,2,A,0,513280202050,20201115,2,18
8867,1,A,0,512580202050,20201115,2,19
8868,5,C,0,805080202050,20201115,2,20
8869,6,C,1,805080201650,20201115,2,21
8870,5,C,0,805080201640,20201115,2,22
8871,6,C,0,805080201240,20201115,2,23
8872,4,B,0,805080202050,20201115,2,24
8873,3,B,1,805080162050,20201115,2,25
8874,2,A,0,805080202050,20201115,2,26
8875,1,A,1,804080202050,20201115,2,27
8876,2,A,0,644080202050,20201115,2,28
8877,1,A,0,643280202050,20201115,2,29
8878,5,C,0,805080202050,20201115,2,30
8879,6,C,1,805080201650,20201115,2,31
8880,5,C,1,805080201640,20201115,2,32
8881,6,C,0,805080201240,20201115,2,33
8882,5,C,0,805080201232,20201115,2,34
8883,4,B,0,805080202050,20201115,2,35
8884,3,B,1,805080162050,20201115,2,36
8885,4,B,0,805064162050,20201115,2,37
8886,3,B,1,805064122050,20201115,2,38
8887,2,A,1,805080202050,20201115,2,39
8888,1,A,0,804080202050,20201115,2,40
8889,2,A,0,644080202050,20201115,2,41
8890,5,C,0,805080202050,20201115,2,42
8891,6,C,1,805080201650,20201115,2,43
8892,5,C,0,805080201640,20201115,2,44
8893,6,C,1,805080201240,20201115,2,45
8894,2,A,0,805080202050,20201115,2,46
8895,1,A,0,804080202050,20201115,2,47
8896,2,A,0,644080202050,20201115,2,48
8897,4,B,0,805080202050,20201115,2,49
8898,3,B,1,805080162050,20201115,2,50
8899,2,A,0,805080202050,20201115,2,51
8900,1,A,1,804080202050,20201115,2,52
8901,2,A,0,644080202050,20201115,2,53
8902,1,A,1,643280202050,20201115,2,54
8903,5,C,0,805080202050,20201115,2,55
8904,6,C,0,805080201650,20201115,2,56
8905,5,C,0,805080201640,20201115,2,57
8906,4,B,0,805080202050,20201115,2,58
8907,3,B,1,805080162050,20201115,2,59
8908,6,C,1,805080202050,20201115,2,60
8909,5,C,1,805080202040,20201115,2,61
8910,6,C,0,805080201640,20201115,2,62
8911,5,C,0,805080201632,20201115,2,63
8912,2,A,0,805080202050,20201115,2,64
8913,1,A,1,804080202050,20201115,2,65
8914,2,A,0,644080202050,20201115,2,66
8915,1,A,0,643280202050,20201115,2,67
8916,5,C,0,805080202050,20201115,2,68
8917,6,C,0,805080201650,20201115,2,69
8918,5,C,0,805080201640,20201115,2,70
8919,4,B,1,805080202050,20201115,2,71
8920,3,B,1,805080162050,20201115,2,72
8921,4,B,0,805064162050,20201115,2,73
8922,3,B,0,805064122050,20201115,2,74
8923,1,A,1,805080202050,20201115,2,75
8924,2,A,1,645080202050,20201115,2,76
8925,1,A,1,644080202050,20201115,2,77
8926,5,C,0,805080202050,20201115,2,78
8927,6,C,0,805080201650,20201115,2,79
8928,5,C,0,805080201640,20201115,2,80
8929,4,B,0,805080202050,20201115,2,81
8930,3,B,1,805080162050,20201115,2,82
8931,1,A,1,805080202050,20201115,2,83
8932,2,A,1,645080202050,20201115,2,84
8933,1,A,1,644080202050,20201115,2,85
8934,2,A,1,514080202050,20201115,2,86
8935,1,A,0,513280202050,20201115,2,87
8936,2,A,0,403280202050,20201115,2,88
8937,4,B,0,805080202050,20201115,2,89
8938,3,B,1,805080162050,20201115,2,90
8939,1,A,1,805080202050,20201115,2,91
8940,2,A,1,645080202050,20201115,2,92
8941,1,A,0,644080202050,20201115,2,93
8942,2,A,0,514080202050,20201115,2,94
8943,4,B,1,805080202050,20201115,2,95
8944,3,B,1,805080162050,20201115,2,96
8945,4,B,0,805064162050,20201115,2,97
8946,3,B,0,805064122050,20201115,2,98
8947,5,C,0,805080202050,20201115,2,99
8948,6,C,1,805080201650,20201115,2,100
8949,5,C,0,805080201640,20201115,2,101
8950,6,C,0,805080201240,20201115,2,102
8951,2,A,1,805080202050,20201115,2,103
8952,1,A,0,804080202050,20201115,2,104
8953,2,A,1,644080202050,20201115,2,105
8954,4,B,0,805080202050,20201115,2,106
8955,3,B,1,805080162050,20201115,2,107
8956,4,B,0,805064162050,20201115,2,108
8957,3,B,1,805064122050,20201115,2,109
8958,2,A,0,805080202050,20201115,2,110
8959,1,A,1,804080202050,20201115,2,111
8960,2,A,0,644080202050,20201115,2,112
8961,1,A,1,643280202050,20201115,2,113
8962,2,A,0,513280202050,20201115,2,114
8963,1,A,0,512580202050,20201115,2,115
8964,4,B,0,805080202050,20201115,2,116
8965,3,B,1,805080162050,20201115,2,117
8966,1,A,1,805080202050,20201115,2,118
8967,2,A,1,645080202050,20201115,2,119
8968,1,A,1,644080202050,20201115,2,120
8969,2,A,0,514080202050,20201115,2,121
8970,5,C,0,805080202050,20201115,2,122
8971,6,C,1,805080201650,20201115,2,123
8972,5,C,0,805080201640,20201115,2,124
8973,6,C,0,805080201240,20201115,2,125
8974,2,A,1,805080202050,20201115,2,126
8975,1,A,1,804080202050,20201115,2,127
8976,2,A,1,644080202050,20201115,2,128
8977,1,A,0,643280202050,20201115,2,129
8978,2,A,0,513280202050,20201115,2,130
8979,4,B,0,805080202050,20201115,2,131
8980,3,B,1,805080162050,20201115,2,132
8981,2,A,1,805080202050,20201115,2,133
8982,1,A,1,804080202050,20201115,2,134
8983,2,A,0,644080202050,20201115,2,135
8984,1,A,1,643280202050,20201115,2,136
8985,2,A,0,513280202050,20201115,2,137
8986,1,A,1,512580202050,20201115,2,138
8987,5,C,1,805080202050,20201115,2,139
8988,6,C,1,805080201650,20201115,2,140
8989,5,C,0,805080201640,20201115,2,141
8990,2,A,0,805080202050,20201115,2,142
8991,1,A,0,804080202050,20201115,2,143
8992,2,A,0,644080202050,20201115,2,144
8993,1,A,1,643280202050,20201115,2,145
8994,2,A,1,513280202050,20201115,2,146
8995,1,A,0,512580202050,20201115,2,147
8996,4,B,0,805080202050,20201115,2,148
8997,3,B,1,805080162050,20201115,2,149
8998,4,B,0,805064162050,20201115,2,150
8999,3,B,1,805064122050,20201115,2,151
9000,1,A,0,805080202050,20201115,2,152
9001,2,A,0,645080202050,20201115,2,153
9002,1,A,1,644080202050,20201115,2,154
9003,2,A,0,514080202050,20201115,2,155
9004,1,A,0,513280202050,20201115,2,156
9005,5,C,1,805080202050,20201115,2,157
9006,6,C,1,805080201650,20201115,2,158
9007,5,C,0,805080201640,20201115,2,159
9008,2,A,0,805080202050,20201115,2,160
9009,1,A,0,804080202050,20201115,2,161
9010,2,A,0,644080202050,20201115,2,162
9011,1,A,0,643280202050,20201115,2,163
9012,4,B,0,805080202050,20201115,2,164
9013,3,B,0,805080162050,20201115,2,165
9014,4,B,0,805064162050,20201115,2,166
9015,3,B,0,805064122050,20201115,2,167
9016,2,A,0,805080202050,20201115,2,168
9017,1,A,1,804080202050,20201115,2,169
9018,2,A,0,644080202050,20201115,2,170
9019,1,A,1,643280202050,20201115,2,171
9020,4,B,0,805080202050,20201115,2,172
9021,3,B,1,805080162050,20201115,2,173
9022,1,A,1,805080202050,20201115,2,174
9023,2,A,0,645080202050,20201115,2,175
9024,1,A,1,644080202050,20201115,2,176
9025,2,A,0,514080202050,20201115,2,177
9026,1,A,1,513280202050,20201115,2,178
9027,5,C,1,805080202050,20201115,2,179
9028,6,C,0,805080201650,20201115,2,180
9029,5,C,0,805080201640,20201115,2,181
9030,2,A,1,805080202050,20201115,2,182
9031,1,A,1,804080202050,20201115,2,183
9032,2,A,0,644080202050,20201115,2,184
9033,1,A,1,643280202050,20201115,2,185
9034,2,A,0,513280202050,20201115,2,186
9035,1,A,1,512580202050,20201115,2,187
9036,4,B,1,805080202050,20201115,2,188
9037,3,B,1,805080162050,20201115,2,189
9038,4,B,1,805064162050,20201115,2,190
9039,3,B,1,805064122050,20201115,2,191
9040,1,A,1,805080202050,20201115,2,192
9041,2,A,0,645080202050,20201115,2,193
9042,1,A,0,644080202050,20201115,2,194
9043,2,A,0,514080202050,20201115,2,195
9044,1,A,0,513280202050,20201115,2,196
9045,5,C,0,805080202050,20201115,2,197
9046,6,C,0,805080201650,20201115,2,198
9047,5,C,1,805080201640,20201115,2,199
9048,2,A,1,805080202050,20201115,2,200
9049,1,A,1,804080202050,20201115,2,201
9050,2,A,0,644080202050,20201115,2,202
9051,1,A,0,643280202050,20201115,2,203
9052,4,B,1,805080202050,20201115,2,204
9053,3,B,1,805080162050,20201115,2,205
9054,4,B,0,805064162050,20201115,2,206
9055,3,B,0,805064122050,20201115,2,207
9056,1,A,0,805080202050,20201115,2,208
9057,2,A,1,645080202050,20201115,2,209
9058,1,A,1,644080202050,20201115,2,210
9059,2,A,1,514080202050,20201115,2,211
9060,1,A,0,513280202050,20201115,2,212
9061,2,A,0,403280202050,20201115,2,213
9062,4,B,0,805080202050,20201115,2,214
9063,3,B,1,805080162050,20201115,2,215
9064,4,B,0,805064162050,20201115,2,216
9065,3,B,1,805064122050,20201115,2,217
9066,2,A,1,805080202050,20201115,2,218
9067,1,A,1,804080202050,20201115,2,219
9068,2,A,0,644080202050,20201115,2,220
9069,1,A,0,643280202050,20201115,2,221
9070,2,A,0,513280202050,20201115,2,222
9071,1,A,0,512580202050,20201115,2,223
9072,4,B,0,805080202050,20201115,2,224
9073,3,B,0,805080162050,20201115,2,225
9074,4,B,1,805064162050,20201115,2,226
9075,3,B,1,805064122050,20201115,2,227
9076,1,A,1,805080202050,20201115,2,228
9077,2,A,0,645080202050,20201115,2,229
9078,1,A,0,644080202050,20201115,2,230
9079,4,B,0,805080202050,20201115,2,231
9080,3,B,0,805080162050,20201115,2,232
9081,4,B,0,805064162050,20201115,2,233
9082,3,B,1,805064122050,20201115,2,234
9083,1,A,1,805080202050,20201115,2,235
9084,2,A,1,645080202050,20201115,2,236
9085,1,A,0,644080202050,20201115,2,237
9086,2,A,1,514080202050,20201115,2,238
9087,4,B,0,805080202050,20201115,2,239
9088,3,B,1,805080162050,20201115,2,240
9089,4,B,0,805064162050,20201115,2,241
9090,3,B,0,805064122050,20201115,2,242
9091,1,A,1,805080202050,20201115,2,243
9092,2,A,0,645080202050,20201115,2,244
9093,1,A,1,644080202050,20201115,2,245
9094,2,A,0,514080202050,20201115,2,246
9095,1,A,1,513280202050,20201115,2,247
9096,2,A,0,403280202050,20201115,2,248
9097,1,A,1,402580202050,20201115,2,249
9098,5,C,0,805080202050,20201115,2,250
9099,6,C,0,805080201650,20201115,2,251
9100,5,C,0,805080201640,20201115,2,252
9101,2,A,1,805080202050,20201115,2,253
9102,1,A,1,804080202050,20201115,2,254
9103,2,A,0,644080202050,20201115,2,255
9104,1,A,1,643280202050,20201115,2,256
9105,2,A,1,513280202050,20201115,2,257
9106,1,A,1,512580202050,20201115,2,258
9107,2,A,0,402580202050,20201115,2,259
9108,1,A,0,402080202050,20201115,2,260
9109,4,B,0,805080202050,20201115,2,261
9110,3,B,1,805080162050,20201115,2,262
9111,4,B,0,805064162050,20201115,2,263
9112,3,B,0,805064122050,20201115,2,264
9113,1,A,1,805080202050,20201115,2,265
9114,2,A,1,645080202050,20201115,2,266
9115,1,A,0,644080202050,20201115,2,267
9116,2,A,0,514080202050,20201115,2,268
9117,1,A,1,513280202050,20201115,2,269
9118,2,A,0,403280202050,20201115,2,270
9119,1,A,1,402580202050,20201115,2,271
9120,4,B,0,805080202050,20201115,2,272
9121,3,B,0,805080162050,20201115,2,273
9122,4,B,1,805064162050,20201115,2,274
9123,3,B,1,805064122050,20201115,2,275
9124,4,B,0,805051122050,20201115,2,276
9125,3,B,0,805051102050,20201115,2,277
9126,1,A,1,805080202050,20201115,2,278
9127,2,A,1,645080202050,20201115,2,279
9128,1,A,1,644080202050,20201115,2,280
9129,2,A,0,514080202050,20201115,2,281
9130,1,A,0,513280202050,20201115,2,282
9131,2,A,1,403280202050,20201115,2,283
9132,1,A,1,402580202050,20201115,2,284
9133,2,A,0,322580202050,20201115,2,285
9134,1,A,0,322080202050,20201115,2,286
9135,2,A,0,262080202050,20201115,2,287
9136,1,A,0,261680202050,20201115,2,288
9137,4,B,0,805080202050,20201115,2,289
9138,3,B,1,805080162050,20201115,2,290
9139,1,A,1,805080202050,20201115,2,291
9140,2,A,0,645080202050,20201115,2,292
9141,1,A,1,644080202050,20201115,2,293
9142,2,A,1,514080202050,20201115,2,294
9143,1,A,1,513280202050,20201115,2,295
9144,2,A,1,403280202050,20201115,2,296
9145,1,A,1,402580202050,20201115,2,297
9146,2,A,0,322580202050,20201115,2,298
9147,1,A,1,322080202050,20201115,2,299
9148,1,A,0,502020805080,20201115,3,0
9149,2,A,1,402020805080,20201115,3,1
9150,1,A,1,401620805080,20201115,3,2
9151,2,A,0,321620805080,20201115,3,3
9152,5,C,1,502020805080,20201115,3,4
9153,6,C,1,502020804080,20201115,3,5
9154,5,C,0,502020804064,20201115,3,6
9155,4,B,1,502020805080,20201115,3,7
9156,3,B,0,502020645080,20201115,3,8
9157,4,B,1,502016645080,20201115,3,9
9158,3,B,0,502016515080,20201115,3,10
9159,1,A,1,502020805080,20201115,3,11
9160,2,A,0,402020805080,20201115,3,12
9161,1,A,0,401620805080,20201115,3,13
9162,4,B,1,502020805080,20201115,3,14
9163,3,B,1,502020645080,20201115,3,15
9164,4,B,1,502016645080,20201115,3,16
9165,5,C,0,502020805080,20201115,3,17
9166,6,C,1,502020804080,20201115,3,18
9167,5,C,0,502020804064,20201115,3,19
9168,2,A,1,502020805080,20201115,3,20
9169,1,A,1,501620805080,20201115,3,21
9170,2,A,0,401620805080,20201115,3,22
9171,1,A,0,401220805080,20201115,3,23
9172,4,B,1,502020805080,20201115,3,24
9173,3,B,0,502020645080,20201115,3,25
9174,4,B,1,502016645080,20201115,3,26
9175,5,C,1,502020805080,20201115,3,27
9176,6,C,1,502020804080,20201115,3,28
9177,1,A,0,502020805080,20201115,3,29
9178,2,A,1,402020805080,20201115,3,30
9179,4,B,1,502020805080,20201115,3,31
9180,3,B,0,502020645080,20201115,3,32
9181,4,B,1,502016645080,20201115,3,33
9182,3,B,1,502016515080,20201115,3,34
9183,4,B,1,502012515080,20201115,3,35
9184,3,B,0,502012405080,20201115,3,36
9185,4,B,1,502010405080,20201115,3,37
9186,1,A,1,502020805080,20201115,3,38
9187,2,A,0,402020805080,20201115,3,39
9188,1,A,1,401620805080,20201115,3,40
9189,4,B,1,502020805080,20201115,3,41
9190,3,B,0,502020645080,20201115,3,42
9191,4,B,0,502016645080,20201115,3,43
9192,1,A,0,502020805080,20201115,3,44
9193,2,A,1,402020805080,20201115,3,45
9194,1,A,1,401620805080,20201115,3,46
9195,2,A,0,321620805080,20201115,3,47
9196,1,A,1,321220805080,20201115,3,48
9197,4,B,1,502020805080,20201115,3,49
9198,3,B,0,502020645080,20201115,3,50
9199,4,B,0,502016645080,20201115,3,51
9200,1,A,0,502020805080,20201115,3,52
9201,2,A,0,402020805080,20201115,3,53
9202,1,A,0,401620805080,20201115,3,54
9203,4,B,1,502020805080,20201115,3,55
9204,3,B,0,502020645080,20201115,3,56
9205,4,B,1,502016645080,20201115,3,57
9206,1,A,0,502020805080,20201115,3,58
9207,2,A,0,402020805080,20201115,3,59
9208,1,A,0,401620805080,20201115,3,60
9209,2,A,0,321620805080,20201115,3,61
9210,5,C,0,502020805080,20201115,3,62
9211,6,C,0,502020804080,20201115,3,63
9212,5,C,0,502020804064,20201115,3,64
9213,4,B,1,502020805080,20201115,3,65
9214,3,B,0,502020645080,20201115,3,66
9215,4,B,1,502016645080,20201115,3,67
9216,1,A,0,502020805080,20201115,3,68
9217,2,A,0,402020805080,20201115,3,69
9218,1,A,1,401620805080,20201115,3,70
9219,4,B,1,502020805080,20201115,3,71
9220,3,B,0,502020645080,20201115,3,72
9221,4,B,1,502016645080,20201115,3,73
9222,1,A,1,502020805080,20201115,3,74
9223,2,A,1,402020805080,20201115,3,75
9224,1,A,1,401620805080,20201115,3,76
9225,2,A,0,321620805080,20201115,3,77
9226,1,A,0,321220805080,20201115,3,78
9227,4,B,1,502020805080,20201115,3,79
9228,3,B,0,502020645080,20201115,3,80
9229,4,B,0,502016645080,20201115,3,81
9230,6,C,1,502020805080,20201115,3,82
9231,5,C,1,502020805064,20201115,3,83
9232,6,C,0,502020804064,20201115,3,84
9233,5,C,0,502020804051,20201115,3,85
9234,6,C,0,502020803251,20201115,3,86
9235,4,B,0,502020805080,20201115,3,87
9236,3,B,0,502020645080,20201115,3,88
9237,4,B,1,502016645080,20201115,3,89
9238,2,A,0,502020805080,20201115,3,90
9239,1,A,0,501620805080,20201115,3,91
9240,2,A,1,401620805080,20201115,3,92
9241,1,A,1,401220805080,20201115,3,93
9242,4,B,1,502020805080,20201115,3,94
9243,3,B,0,502020645080,20201115,3,95
9244,4,B,1,502016645080,20201115,3,96
9245,2,A,0,502020805080,20201115,3,97
9246,1,A,1,501620805080,20201115,3,98
9247,4,B,1,502020805080,20201115,3,99
9248,3,B,0,502020645080,20201115,3,100
9249,4,B,1,502016645080,20201115,3,101
9250,1,A,0,502020805080,20201115,3,102
9251,2,A,1,402020805080,20201115,3,103
9252,1,A,0,401620805080,20201115,3,104
9253,2,A,0,321620805080,20201115,3,105
9254,4,B,1,502020805080,20201115,3,106
9255,3,B,0,502020645080,20201115,3,107
9256,4,B,1,502016645080,20201115,3,108
9257,1,A,0,502020805080,20201115,3,109
9258,2,A,0,402020805080,20201115,3,110
9259,1,A,0,401620805080,20201115,3,111
9260,4,B,1,502020805080,20201115,3,112
9261,3,B,0,502020645080,20201115,3,113
9262,4,B,1,502016645080,20201115,3,114
9263,3,B,0,502016515080,20201115,3,115
9264,4,B,0,502012515080,20201115,3,116
9265,2,A,0,502020805080,20201115,3,117
9266,1,A,1,501620805080,20201115,3,118
9267,2,A,0,401620805080,20201115,3,119
9268,1,A,0,401220805080,20201115,3,120
9269,4,B,0,502020805080,20201115,3,121
9270,3,B,0,502020645080,20201115,3,122
9271,4,B,0,502016645080,20201115,3,123
9272,1,A,0,502020805080,20201115,3,124
9273,2,A,0,402020805080,20201115,3,125
9274,4,B,1,502020805080,20201115,3,126
9275,3,B,0,502020645080,20201115,3,127
9276,4,B,1,502016645080,20201115,3,128
9277,6,C,1,502020805080,20201115,3,129
9278,5,C,0,502020805064,20201115,3,130
9279,6,C,1,502020804064,20201115,3,131
9280,5,C,0,502020804051,20201115,3,132
9281,6,C,0,502020803251,20201115,3,133
9282,4,B,0,502020805080,20201115,3,134
9283,3,B,0,502020645080,20201115,3,135
9284,4,B,1,502016645080,20201115,3,136
9285,2,A,0,502020805080,20201115,3,137
9286,1,A,1,501620805080,20201115,3,138
9287,2,A,0,401620805080,20201115,3,139
9288,1,A,0,401220805080,20201115,3,140
9289,4,B,1,502020805080,20201115,3,141
9290,3,B,0,502020645080,20201115,3,142
9291,4,B,0,502016645080,20201115,3,143
9292,2,A,0,502020805080,20201115,3,144
9293,1,A,1,501620805080,20201115,3,145
9294,2,A,0,401620805080,20201115,3,146
9295,1,A,1,401220805080,20201115,3,147
9296,2,A,0,321220805080,20201115,3,148
9297,1,A,1,321020805080,20201115,3,149
9298,4,B,1,502020805080,20201115,3,150
9299,3,B,0,502020645080,20201115,3,151
9300,4,B,1,502016645080,20201115,3,152
9301,1,A,0,502020805080,20201115,3,153
9302,2,A,0,402020805080,20201115,3,154
9303,1,A,0,401620805080,20201115,3,155
9304,4,B,1,502020805080,20201115,3,156
9305,3,B,0,502020645080,20201115,3,157
9306,4,B,0,502016645080,20201115,3,158
9307,1,A,1,502020805080,20201115,3,159
9308,2,A,0,402020805080,20201115,3,160
9309,1,A,0,401620805080,20201115,3,161
9310,4,B,1,502020805080,20201115,3,162
9311,3,B,0,502020645080,20201115,3,163
9312,4,B,1,502016645080,20201115,3,164
9313,5,C,1,502020805080,20201115,3,165
9314,6,C,0,502020804080,20201115,3,166
9315,5,C,1,502020804064,20201115,3,167
9316,4,B,1,502020805080,20201115,3,168
9317,3,B,0,502020645080,20201115,3,169
9318,4,B,1,502016645080,20201115,3,170
9319,1,A,1,502020805080,20201115,3,171
9320,2,A,0,402020805080,20201115,3,172
9321,1,A,1,401620805080,20201115,3,173
9322,4,B,1,502020805080,20201115,3,174
9323,3,B,0,502020645080,20201115,3,175
9324,4,B,1,502016645080,20201115,3,176
9325,1,A,1,502020805080,20201115,3,177
9326,2,A,1,402020805080,20201115,3,178
9327,1,A,1,401620805080,20201115,3,179
9328,2,A,0,321620805080,20201115,3,180
9329,1,A,1,321220805080,20201115,3,181
9330,4,B,1,502020805080,20201115,3,182
9331,3,B,1,502020645080,20201115,3,183
9332,4,B,1,502016645080,20201115,3,184
9333,3,B,0,502016515080,20201115,3,185
9334,4,B,1,502012515080,20201115,3,186
9335,1,A,0,502020805080,20201115,3,187
9336,2,A,0,402020805080,20201115,3,188
9337,1,A,1,401620805080,20201115,3,189
9338,4,B,1,502020805080,20201115,3,190
9339,1,A,0,502020805080,20201115,3,191
9340,2,A,1,402020805080,20201115,3,192
9341,1,A,0,401620805080,20201115,3,193
9342,2,A,0,321620805080,20201115,3,194
9343,4,B,1,502020805080,20201115,3,195
9344,1,A,1,502020805080,20201115,3,196
9345,2,A,1,402020805080,20201115,3,197
9346,1,A,1,401620805080,20201115,3,198
9347,2,A,0,321620805080,20201115,3,199
9348,1,A,0,321220805080,20201115,3,200
9349,4,B,1,502020805080,20201115,3,201
9350,3,B,0,502020645080,20201115,3,202
9351,4,B,1,502016645080,20201115,3,203
9352,1,A,0,502020805080,20201115,3,204
9353,2,A,0,402020805080,20201115,3,205
9354,1,A,0,401620805080,20201115,3,206
9355,4,B,0,502020805080,20201115,3,207
9356,3,B,0,502020645080,20201115,3,208
9357,4,B,0,502016645080,20201115,3,209
9358,6,C,1,502020805080,20201115,3,210
9359,5,C,1,502020805064,20201115,3,211
9360,6,C,1,502020804064,20201115,3,212
9361,5,C,0,502020804051,20201115,3,213
9362,4,B,0,502020805080,20201115,3,214
9363,3,B,0,502020645080,20201115,3,215
9364,4,B,1,502016645080,20201115,3,216
9365,1,A,1,502020805080,20201115,3,217
9366,2,A,0,402020805080,20201115,3,218
9367,1,A,0,401620805080,20201115,3,219
9368,4,B,1,502020805080,20201115,3,220
9369,3,B,0,502020645080,20201115,3,221
9370,4,B,0,502016645080,20201115,3,222
9371,1,A,1,502020805080,20201115,3,223
9372,2,A,0,402020805080,20201115,3,224
9373,1,A,0,401620805080,20201115,3,225
9374,4,B,1,502020805080,20201115,3,226
9375,3,B,0,502020645080,20201115,3,227
9376,4,B,1,502016645080,20201115,3,228
9377,3,B,0,502016515080,20201115,3,229
9378,4,B,0,502012515080,20201115,3,230
9379,5,C,0,502020805080,20201115,3,231
9380,6,C,1,502020804080,20201115,3,232
9381,5,C,0,502020804064,20201115,3,233
9382,6,C,1,502020803264,20201115,3,234
9383,1,A,1,502020805080,20201115,3,235
9384,2,A,0,402020805080,20201115,3,236
9385,1,A,0,401620805080,20201115,3,237
9386,4,B,1,502020805080,20201115,3,238
9387,1,A,1,502020805080,20201115,3,239
9388,2,A,1,402020805080,20201115,3,240
9389,1,A,0,401620805080,20201115,3,241
9390,2,A,1,321620805080,20201115,3,242
9391,1,A,0,321220805080,20201115,3,243
9392,2,A,0,251220805080,20201115,3,244
9393,4,B,1,502020805080,20201115,3,245
9394,1,A,1,502020805080,20201115,3,246
9395,2,A,0,402020805080,20201115,3,247
9396,1,A,1,401620805080,20201115,3,248
9397,4,B,1,502020805080,20201115,3,249
9398,6,C,1,502020805080,20201115,3,250
9399,5,C,1,502020805064,20201115,3,251
9400,6,C,1,502020804064,20201115,3,252
9401,5,C,0,502020804051,20201115,3,253
9402,4,B,1,502020805080,20201115,3,254
9403,3,B,1,502020645080,20201115,3,255
9404,4,B,1,502016645080,20201115,3,256
9405,3,B,0,502016515080,20201115,3,257
9406,4,B,1,502012515080,20201115,3,258
9407,1,A,0,502020805080,20201115,3,259
9408,2,A,0,402020805080,20201115,3,260
9409,1,A,1,401620805080,20201115,3,261
9410,4,B,1,502020805080,20201115,3,262
9411,3,B,0,502020645080,20201115,3,263
9412,4,B,1,502016645080,20201115,3,264
9413,1,A,0,502020805080,20201115,3,265
9414,2,A,0,402020805080,20201115,3,266
9415,1,A,0,401620805080,20201115,3,267
9416,2,A,0,321620805080,20201115,3,268
9417,1,A,0,321220805080,20201115,3,269
9418,4,B,1,502020805080,20201115,3,270
9419,1,A,1,502020805080,20201115,3,271
9420,2,A,0,402020805080,20201115,3,272
9421,1,A,1,401620805080,20201115,3,273
9422,4,B,1,502020805080,20201115,3,274
9423,3,B,0,502020645080,20201115,3,275
9424,4,B,0,502016645080,20201115,3,276
9425,6,C,1,502020805080,20201115,3,277
9426,5,C,1,502020805064,20201115,3,278
9427,6,C,1,502020804064,20201115,3,279
9428,5,C,0,502020804051,20201115,3,280
9429,4,B,1,502020805080,20201115,3,281
9430,1,A,1,502020805080,20201115,3,282
9431,2,A,0,402020805080,20201115,3,283
9432,1,A,0,401620805080,20201115,3,284
9433,4,B,0,502020805080,20201115,3,285
9434,3,B,0,502020645080,20201115,3,286
9435,4,B,0,502016645080,20201115,3,287
9436,6,C,1,502020805080,20201115,3,288
9437,5,C,1,502020805064,20201115,3,289
9438,6,C,0,502020804064,20201115,3,290
9439,5,C,1,502020804051,20201115,3,291
9440,4,B,1,502020805080,20201115,3,292
9441,3,B,0,502020645080,20201115,3,293
9442,4,B,0,502016645080,20201115,3,294
9443,1,A,0,502020805080,20201115,3,295
9444,2,A,0,402020805080,20201115,3,296
9445,1,A,1,401620805080,20201115,3,297
9446,4,B,1,502020805080,20201115,3,298
9447,6,C,1,502020805080,20201115,3,299
9448,4,B,0,208020205020,20201115,4,0
9449,3,B,1,208020165020,20201115,4,1
9450,1,A,0,208020205020,20201115,4,2
9451,2,A,1,168020205020,20201115,4,3
9452,1,A,0,166420205020,20201115,4,4
9453,5,C,0,208020205020,20201115,4,5
9454,6,C,0,208020204020,20201115,4,6
9455,5,C,0,208020204016,20201115,4,7
9456,4,B,0,208020205020,20201115,4,8
9457,3,B,0,208020165020,20201115,4,9
9458,4,B,0,208016165020,20201115,4,10
9459,2,A,1,208020205020,20201115,4,11
9460,1,A,1,206420205020,20201115,4,12
9461,2,A,1,166420205020,20201115,4,13
9462,4,B,1,208020205020,20201115,4,14
9463,3,B,0,208020165020,20201115,4,15
9464,4,B,0,208016165020,20201115,4,16
9465,1,A,0,208020205020,20201115,4,17
9466,2,A,1,168020205020,20201115,4,18
9467,1,A,0,166420205020,20201115,4,19
9468,2,A,1,126420205020,20201115,4,20
9469,6,C,0,208020205020,20201115,4,21
9470,5,C,0,208020205016,20201115,4,22
9471,6,C,0,208020204016,20201115,4,23
9472,4,B,0,208020205020,20201115,4,24
9473,3,B,0,208020165020,20201115,4,25
9474,2,A,1,208020205020,20201115,4,26
9475,1,A,1,206420205020,20201115,4,27
9476,2,A,0,166420205020,20201115,4,28
9477,1,A,0,165120205020,20201115,4,29
9478,2,A,1,125120205020,20201115,4,30
9479,5,C,0,208020205020,20201115,4,31
9480,6,C,0,208020204020,20201115,4,32
9481,5,C,1,208020204016,20201115,4,33
9482,2,A,1,208020205020,20201115,4,34
9483,1,A,0,206420205020,20201115,4,35
9484,2,A,0,166420205020,20201115,4,36
9485,4,B,0,208020205020,20201115,4,37
9486,3,B,0,208020165020,20201115,4,38
9487,2,A,1,208020205020,20201115,4,39
9488,1,A,0,206420205020,20201115,4,40
9489,2,A,0,166420205020,20201115,4,41
9490,1,A,0,165120205020,20201115,4,42
9491,2,A,1,125120205020,20201115,4,43
9492,5,C,1,208020205020,20201115,4,44
9493,6,C,0,208020204020,20201115,4,45
9494,5,C,0,208020204016,20201115,4,46
9495,2,A,1,208020205020,20201115,4,47
9496,1,A,0,206420205020,20201115,4,48
9497,2,A,1,166420205020,20201115,4,49
9498,1,A,0,165120205020,20201115,4,50
9499,2,A,1,125120205020,20201115,4,51
9500,5,C,1,208020205020,20201115,4,52
9501,6,C,0,208020204020,20201115,4,53
9502,5,C,0,208020204016,20201115,4,54
9503,2,A,1,208020205020,20201115,4,55
9504,1,A,0,206420205020,20201115,4,56
9505,2,A,0,166420205020,20201115,4,57
9506,6,C,0,208020205020,20201115,4,58
9507,5,C,0,208020205016,20201115,4,59
9508,2,A,0,208020205020,20201115,4,60
9509,1,A,0,206420205020,20201115,4,61
9510,2,A,0,166420205020,20201115,4,62
9511,4,B,0,208020205020,20201115,4,63
9512,3,B,0,208020165020,20201115,4,64
9513,2,A,1,208020205020,20201115,4,65
9514,1,A,0,206420205020,20201115,4,66
9515,2,A,1,166420205020,20201115,4,67
9516,5,C,0,208020205020,20201115,4,68
9517,6,C,0,208020204020,20201115,4,69
9518,5,C,0,208020204016,20201115,4,70
9519,2,A,0,208020205020,20201115,4,71
9520,1,A,0,206420205020,20201115,4,72
9521,2,A,1,166420205020,20201115,4,73
9522,4,B,0,208020205020,20201115,4,74
9523,3,B,0,208020165020,20201115,4,75
9524,4,B,0,208016165020,20201115,4,76
9525,2,A,1,208020205020,20201115,4,77
9526,1,A,0,206420205020,20201115,4,78
9527,2,A,1,166420205020,20201115,4,79
9528,5,C,1,208020205020,20201115,4,80
9529,6,C,0,208020204020,20201115,4,81
9530,5,C,1,208020204016,20201115,4,82
9531,6,C,0,208020203216,20201115,4,83
9532,5,C,1,208020203212,20201115,4,84
9533,2,A,1,208020205020,20201115,4,85
9534,1,A,0,206420205020,20201115,4,86
9535,2,A,1,166420205020,20201115,4,87
9536,4,B,0,208020205020,20201115,4,88
9537,3,B,0,208020165020,20201115,4,89
9538,2,A,1,208020205020,20201115,4,90
9539,1,A,1,206420205020,20201115,4,91
9540,2,A,1,166420205020,20201115,4,92
9541,1,A,0,165120205020,20201115,4,93
9542,2,A,1,125120205020,20201115,4,94
9543,5,C,0,208020205020,20201115,4,95
9544,6,C,0,208020204020,20201115,4,96
9545,5,C,0,208020204016,20201115,4,97
9546,2,A,1,208020205020,20201115,4,98
9547,1,A,1,206420205020,20201115,4,99
9548,2,A,1,166420205020,20201115,4,100
9549,1,A,1,165120205020,20201115,4,101
9550,2,A,1,125120205020,20201115,4,102
9551,1,A,0,124020205020,20201115,4,103
9552,2,A,1,104020205020,20201115,4,104
9553,1,A,0,103220205020,20201115,4,105
9554,2,A,0,083220205020,20201115,4,106
9555,4,B,1,208020205020,20201115,4,107
9556,2,A,1,208020205020,20201115,4,108
9557,1,A,1,206420205020,20201115,4,109
9558,2,A,1,166420205020,20201115,4,110
9559,1,A,0,165120205020,20201115,4,111
9560,2,A,0,125120205020,20201115,4,112
9561,1,A,0,124020205020,20201115,4,113
9562,2,A,0,104020205020,20201115,4,114
9563,5,C,1,208020205020,20201115,4,115
9564,6,C,0,208020204020,20201115,4,116
9565,5,C,1,208020204016,20201115,4,117
9566,2,A,1,208020205020,20201115,4,118
9567,1,A,1,206420205020,20201115,4,119
9568,2,A,1,166420205020,20201115,4,120
9569,1,A,1,165120205020,20201115,4,121
9570,2,A,1,125120205020,20201115,4,122
9571,1,A,1,124020205020,20201115,4,123
9572,2,A,1,104020205020,20201115,4,124
9573,1,A,0,103220205020,20201115,4,125
9574,2,A,0,083220205020,20201115,4,126
9575,1,A,0,082620205020,20201115,4,127
9576,2,A,0,062620205020,20201115,4,128
9577,5,C,1,208020205020,20201115,4,129
9578,6,C,0,208020204020,20201115,4,130
9579,5,C,0,208020204016,20201115,4,131
9580,2,A,0,208020205020,20201115,4,132
9581,1,A,0,206420205020,20201115,4,133
9582,2,A,1,166420205020,20201115,4,134
9583,1,A,0,165120205020,20201115,4,135
9584,2,A,1,125120205020,20201115,4,136
9585,5,C,1,208020205020,20201115,4,137
9586,6,C,0,208020204020,20201115,4,138
9587,5,C,1,208020204016,20201115,4,139
9588,2,A,1,208020205020,20201115,4,140
9589,1,A,0,206420205020,20201115,4,141
9590,2,A,0,166420205020,20201115,4,142
9591,1,A,0,165120205020,20201115,4,143
9592,2,A,1,125120205020,20201115,4,144
9593,4,B,0,208020205020,20201115,4,145
9594,3,B,0,208020165020,20201115,4,146
9595,4,B,1,208016165020,20201115,4,147
9596,2,A,1,208020205020,20201115,4,148
9597,1,A,0,206420205020,20201115,4,149
9598,2,A,0,166420205020,20201115,4,150
9599,5,C,1,208020205020,20201115,4,151
9600,2,A,1,208020205020,20201115,4,152
9601,1,A,1,206420205020,20201115,4,153
9602,2,A,0,166420205020,20201115,4,154
9603,1,A,0,165120205020,20201115,4,155
9604,2,A,0,125120205020,20201115,4,156
9605,5,C,0,208020205020,20201115,4,157
9606,2,A,1,208020205020,20201115,4,158
9607,1,A,1,206420205020,20201115,4,159
9608,2,A,1,166420205020,20201115,4,160
9609,1,A,0,165120205020,20201115,4,161
9610,2,A,1,125120205020,20201115,4,162
9611,3,B,0,208020205020,20201115,4,163
9612,4,B,1,208016205020,20201115,4,164
9613,2,A,0,208020205020,20201115,4,165
9614,1,A,0,206420205020,20201115,4,166
9615,2,A,1,166420205020,20201115,4,167
9616,5,C,0,208020205020,20201115,4,168
9617,6,C,1,208020204020,20201115,4,169
9618,5,C,0,208020204016,20201115,4,170
9619,2,A,1,208020205020,20201115,4,171
9620,1,A,0,206420205020,20201115,4,172
9621,2,A,0,166420205020,20201115,4,173
9622,5,C,0,208020205020,20201115,4,174
9623,2,A,0,208020205020,20201115,4,175
9624,1,A,0,206420205020,20201115,4,176
9625,2,A,1,166420205020,20201115,4,177
9626,4,B,0,208020205020,20201115,4,178
9627,3,B,0,208020165020,20201115,4,179
9628,4,B,0,208016165020,20201115,4,180
9629,2,A,1,208020205020,20201115,4,181
9630,1,A,0,206420205020,20201115,4,182
9631,2,A,1,166420205020,20201115,4,183
9632,5,C,1,208020205020,20201115,4,184
9633,6,C,0,208020204020,20201115,4,185
9634,5,C,0,208020204016,20201115,4,186
9635,2,A,1,208020205020,20201115,4,187
9636,1,A,0,206420205020,20201115,4,188
9637,2,A,1,166420205020,20201115,4,189
9638,5,C,1,208020205020,20201115,4,190
9639,6,C,0,208020204020,20201115,4,191
9640,5,C,1,208020204016,20201115,4,192
9641,2,A,1,208020205020,20201115,4,193
9642,1,A,0,206420205020,20201115,4,194
9643,2,A,1,166420205020,20201115,4,195
9644,4,B,0,208020205020,20201115,4,196
9645,2,A,1,208020205020,20201115,4,197
9646,1,A,0,206420205020,20201115,4,198
9647,2,A,1,166420205020,20201115,4,199
9648,1,A,1,165120205020,20201115,4,200
9649,2,A,1,125120205020,20201115,4,201
9650,1,A,0,124020205020,20201115,4,202
9651,2,A,0,104020205020,20201115,4,203
9652,1,A,1,103220205020,20201115,4,204
9653,2,A,0,083220205020,20201115,4,205
9654,5,C,0,208020205020,20201115,4,206
9655,6,C,0,208020204020,20201115,4,207
9656,5,C,0,208020204016,20201115,4,208
9657,2,A,1,208020205020,20201115,4,209
9658,1,A,0,206420205020,20201115,4,210
9659,2,A,1,166420205020,20201115,4,211
9660,1,A,0,165120205020,20201115,4,212
9661,2,A,0,125120205020,20201115,4,213
9662,5,C,0,208020205020,20201115,4,214
9663,6,C,0,208020204020,20201115,4,215
9664,5,C,0,208020204016,20201115,4,216
9665,2,A,0,208020205020,20201115,4,217
9666,1,A,0,206420205020,20201115,4,218
9667,2,A,1,166420205020,20201115,4,219
9668,1,A,0,165120205020,20201115,4,220
9669,2,A,1,125120205020,20201115,4,221
9670,4,B,0,208020205020,20201115,4,222
9671,2,A,1,208020205020,20201115,4,223
9672,1,A,0,206420205020,20201115,4,224
9673,2,A,1,166420205020,20201115,4,225
9674,5,C,1,208020205020,20201115,4,226
9675,6,C,0,208020204020,20201115,4,227
9676,5,C,0,208020204016,20201115,4,228
9677,2,A,0,208020205020,20201115,4,229
9678,1,A,0,206420205020,20201115,4,230
9679,2,A,0,166420205020,20201115,4,231
9680,5,C,1,208020205020,20201115,4,232
9681,2,A,1,208020205020,20201115,4,233
9682,1,A,0,206420205020,20201115,4,234
9683,2,A,1,166420205020,20201115,4,235
9684,5,C,1,208020205020,20201115,4,236
9685,6,C,1,208020204020,20201115,4,237
9686,5,C,0,208020204016,20201115,4,238
9687,2,A,1,208020205020,20201115,4,239
9688,1,A,0,206420205020,20201115,4,240
9689,2,A,0,166420205020,20201115,4,241
9690,4,B,0,208020205020,20201115,4,242
9691,2,A,1,208020205020,20201115,4,243
9692,1,A,0,206420205020,20201115,4,244
9693,2,A,1,166420205020,20201115,4,245
9694,4,B,0,208020205020,20201115,4,246
9695,3,B,0,208020165020,20201115,4,247
9696,4,B,0,208016165020,20201115,4,248
9697,2,A,1,208020205020,20201115,4,249
9698,1,A,0,206420205020,20201115,4,250
9699,2,A,1,166420205020,20201115,4,251
9700,5,C,0,208020205020,20201115,4,252
9701,2,A,1,208020205020,20201115,4,253
9702,1,A,0,206420205020,20201115,4,254
9703,2,A,1,166420205020,20201115,4,255
9704,5,C,0,208020205020,20201115,4,256
9705,6,C,0,208020204020,20201115,4,257
9706,5,C,0,208020204016,20201115,4,258
9707,2,A,1,208020205020,20201115,4,259
9708,1,A,0,206420205020,20201115,4,260
9709,2,A,1,166420205020,20201115,4,261
9710,5,C,0,208020205020,20201115,4,262
9711,6,C,0,208020204020,20201115,4,263
9712,5,C,1,208020204016,20201115,4,264
9713,2,A,1,208020205020,20201115,4,265
9714,1,A,0,206420205020,20201115,4,266
9715,2,A,0,166420205020,20201115,4,267
9716,5,C,0,208020205020,20201115,4,268
9717,2,A,1,208020205020,20201115,4,269
9718,1,A,1,206420205020,20201115,4,270
9719,2,A,0,166420205020,20201115,4,271
9720,1,A,0,165120205020,20201115,4,272
9721,2,A,0,125120205020,20201115,4,273
9722,5,C,1,208020205020,20201115,4,274
9723,2,A,1,208020205020,20201115,4,275
9724,1,A,0,206420205020,20201115,4,276
9725,2,A,1,166420205020,20201115,4,277
9726,5,C,1,208020205020,20201115,4,278
9727,2,A,1,208020205020,20201115,4,279
9728,1,A,1,206420205020,20201115,4,280
9729,2,A,0,166420205020,20201115,4,281
9730,5,C,0,208020205020,20201115,4,282
9731,2,A,1,208020205020,20201115,4,283
9732,1,A,0,206420205020,20201115,4,284
9733,2,A,1,166420205020,20201115,4,285
9734,4,B,0,208020205020,20201115,4,286
9735,2,A,1,208020205020,20201115,4,287
9736,1,A,0,206420205020,20201115,4,288
9737,2,A,0,166420205020,20201115,4,289
9738,5,C,0,208020205020,20201115,4,290
9739,6,C,0,208020204020,20201115,4,291
9740,5,C,0,208020204016,20201115,4,292
9741,2,A,1,208020205020,20201115,4,293
9742,1,A,0,206420205020,20201115,4,294
9743,2,A,0,166420205020,20201115,4,295
9744,5,C,1,208020205020,20201115,4,296
9745,6,C,0,208020204020,20201115,4,297
9746,5,C,1,208020204016,20201115,4,298
9747,2,A,1,208020205020,20201115,4,299
9748,6,C,1,202050802050,20201115,5,0
9749,5,C,1,202050802040,20201115,5,1
9750,6,C,0,202050801640,20201115,5,2
9751,5,C,0,202050801632,20201115,5,3
9752,4,B,1,202050802050,20201115,5,4
9753,3,B,1,202050642050,20201115,5,5
9754,4,B,1,202040642050,20201115,5,6
9755,3,B,0,202040512050,20201115,5,7
9756,2,A,0,202050802050,20201115,5,8
9757,1,A,1,201650802050,20201115,5,9
9758,2,A,0,161650802050,20201115,5,10
9759,1,A,0,161250802050,20201115,5,11
9760,5,C,0,202050802050,20201115,5,12
9761,6,C,0,202050801650,20201115,5,13
9762,4,B,1,202050802050,20201115,5,14
9763,2,A,0,202050802050,20201115,5,15
9764,5,C,0,202050802050,20201115,5,16
9765,6,C,0,202050801650,20201115,5,17
9766,5,C,0,202050801640,20201115,5,18
9767,4,B,1,202050802050,20201115,5,19
9768,3,B,0,202050642050,20201115,5,20
9769,4,B,1,202040642050,20201115,5,21
9770,2,A,0,202050802050,20201115,5,22
9771,1,A,0,201650802050,20201115,5,23
9772,2,A,0,161650802050,20201115,5,24
9773,4,B,1,202050802050,20201115,5,25
9774,3,B,1,202050642050,20201115,5,26
9775,4,B,1,202040642050,20201115,5,27
9776,3,B,1,202040512050,20201115,5,28
9777,4,B,0,202032512050,20201115,5,29
9778,2,A,0,202050802050,20201115,5,30
9779,1,A,0,201650802050,20201115,5,31
9780,4,B,1,202050802050,20201115,5,32
9781,6,C,1,202050802050,20201115,5,33
9782,5,C,1,202050802040,20201115,5,34
9783,6,C,0,202050801640,20201115,5,35
9784,5,C,1,202050801632,20201115,5,36
9785,4,B,1,202050802050,20201115,5,37
9786,3,B,1,202050642050,20201115,5,38
9787,4,B,0,202040642050,20201115,5,39
9788,3,B,1,202040512050,20201115,5,40
9789,4,B,0,202032512050,20201115,5,41
9790,3,B,0,202032402050,20201115,5,42
9791,2,A,0,202050802050,20201115,5,43
9792,1,A,0,201650802050,20201115,5,44
9793,2,A,0,161650802050,20201115,5,45
9794,4,B,0,202050802050,20201115,5,46
9795,3,B,0,202050642050,20201115,5,47
9796,4,B,0,202040642050,20201115,5,48
9797,6,C,0,202050802050,20201115,5,49
9798,5,C,0,202050802040,20201115,5,50
9799,2,A,0,202050802050,20201115,5,51
9800,1,A,1,201650802050,20201115,5,52
9801,5,C,0,202050802050,20201115,5,53
9802,6,C,1,202050801650,20201115,5,54
9803,5,C,0,202050801640,20201115,5,55
9804,6,C,1,202050801240,20201115,5,56
9805,4,B,1,202050802050,20201115,5,57
9806,3,B,0,202050642050,20201115,5,58
9807,4,B,1,202040642050,20201115,5,59
9808,3,B,1,202040512050,20201115,5,60
9809,4,B,0,202032512050,20201115,5,61
9810,3,B,1,202032402050,20201115,5,62
9811,4,B,0,202025402050,20201115,5,63
9812,3,B,0,202025322050,20201115,5,64
9813,1,A,1,202050802050,20201115,5,65
9814,2,A,1,162050802050,20201115,5,66
9815,4,B,1,202050802050,20201115,5,67
9816,3,B,1,202050642050,20201115,5,68
9817,4,B,0,202040642050,20201115,5,69
9818,3,B,1,202040512050,20201115,5,70
9819,4,B,1,202032512050,20201115,5,71
9820,3,B,0,202032402050,20201115,5,72
9821,4,B,1,202025402050,20201115,5,73
9822,6,C,0,202050802050,20201115,5,74
9823,5,C,0,202050802040,20201115,5,75
9824,6,C,1,202050801640,20201115,5,76
9825,5,C,1,202050801632,20201115,5,77
9826,4,B,1,202050802050,20201115,5,78
9827,3,B,0,202050642050,20201115,5,79
9828,4,B,0,202040642050,20201115,5,80
9829,3,B,0,202040512050,20201115,5,81
9830,4,B,1,202032512050,20201115,5,82
9831,6,C,0,202050802050,20201115,5,83
9832,5,C,1,202050802040,20201115,5,84
9833,6,C,0,202050801640,20201115,5,85
9834,5,C,0,202050801632,20201115,5,86
9835,4,B,0,202050802050,20201115,5,87
9836,3,B,0,202050642050,20201115,5,88
9837,4,B,1,202040642050,20201115,5,89
9838,6,C,1,202050802050,20201115,5,90
9839,5,C,0,202050802040,20201115,5,91
9840,6,C,1,202050801640,20201115,5,92
9841,5,C,0,202050801632,20201115,5,93
9842,6,C,1,202050801232,20201115,5,94
9843,4,B,1,202050802050,20201115,5,95
9844,3,B,1,202050642050,20201115,5,96
9845,4,B,1,202040642050,20201115,5,97
9846,3,B,0,202040512050,20201115,5,98
9847,4,B,0,202032512050,20201115,5,99
9848,3,B,0,202032402050,20201115,5,100
9849,4,B,1,202025402050,20201115,5,101
9850,1,A,1,202050802050,20201115,5,102
9851,2,A,0,162050802050,20201115,5,103
9852,1,A,1,161650802050,20201115,5,104
9853,4,B,1,202050802050,20201115,5,105
9854,3,B,1,202050642050,20201115,5,106
9855,4,B,0,202040642050,20201115,5,107
9856,3,B,0,202040512050,20201115,5,108
9857,4,B,0,202032512050,20201115,5,109
9858,3,B,0,202032402050,20201115,5,110
9859,6,C,1,202050802050,20201115,5,111
9860,5,C,1,202050802040,20201115,5,112
9861,6,C,0,202050801640,20201115,5,113
9862,5,C,0,202050801632,20201115,5,114
9863,4,B,1,202050802050,20201115,5,115
9864,3,B,1,202050642050,20201115,5,116
9865,4,B,0,202040642050,20201115,5,117
9866,3,B,0,202040512050,20201115,5,118
9867,4,B,0,202032512050,20201115,5,119
9868,1,A,0,202050802050,20201115,5,120
9869,2,A,0,162050802050,20201115,5,121
9870,4,B,1,202050802050,20201115,5,122
9871,3,B,1,202050642050,20201115,5,123
9872,4,B,0,202040642050,20201115,5,124
9873,3,B,1,202040512050,20201115,5,125
9874,4,B,0,202032512050,20201115,5,126
9875,3,B,0,202032402050,20201115,5,127
9876,6,C,0,202050802050,20201115,5,128
9877,5,C,0,202050802040,20201115,5,129
9878,6,C,0,202050801640,20201115,5,130
9879,5,C,0,202050801632,20201115,5,131
9880,4,B,0,202050802050,20201115,5,132
9881,3,B,0,202050642050,20201115,5,133
9882,4,B,1,202040642050,20201115,5,134
9883,1,A,1,202050802050,20201115,5,135
9884,2,A,0,162050802050,20201115,5,136
9885,1,A,1,161650802050,20201115,5,137
9886,4,B,1,202050802050,20201115,5,138
9887,3,B,1,202050642050,20201115,5,139
9888,4,B,1,202040642050,20201115,5,140
9889,3,B,1,202040512050,20201115,5,141
9890,4,B,1,202032512050,20201115,5,142
9891,3,B,1,202032402050,20201115,5,143
9892,4,B,1,202025402050,20201115,5,144
9893,3,B,1,202025322050,20201115,5,145
9894,4,B,1,202020322050,20201115,5,146
9895,3,B,0,202020262050,20201115,5,147
9896,4,B,0,202016262050,20201115,5,148
9897,3,B,0,202016202050,20201115,5,149
9898,6,C,1,202050802050,20201115,5,150
9899,5,C,0,202050802040,20201115,5,151
9900,6,C,0,202050801640,20201115,5,152
9901,5,C,0,202050801632,20201115,5,153
9902,4,B,1,202050802050,20201115,5,154
9903,3,B,0,202050642050,20201115,5,155
9904,4,B,0,202040642050,20201115,5,156
9905,3,B,0,202040512050,20201115,5,157
9906,4,B,1,202032512050,20201115,5,158
9907,6,C,1,202050802050,20201115,5,159
9908,5,C,0,202050802040,20201115,5,160
9909,6,C,0,202050801640,20201115,5,161
9910,4,B,0,202050802050,20201115,5,162
9911,3,B,1,202050642050,20201115,5,163
9912,4,B,1,202040642050,20201115,5,164
9913,3,B,0,202040512050,20201115,5,165
9914,4,B,1,202032512050,20201115,5,166
9915,3,B,1,202032402050,20201115,5,167
9916,4,B,1,202025402050,20201115,5,168
9917,3,B,0,202025322050,20201115,5,169
9918,4,B,1,202020322050,20201115,5,170
9919,3,B,0,202020262050,20201115,5,171
9920,4,B,0,202016262050,20201115,5,172
9921,6,C,1,202050802050,20201115,5,173
9922,5,C,0,202050802040,20201115,5,174
9923,6,C,0,202050801640,20201115,5,175
9924,5,C,0,202050801632,20201115,5,176
9925,4,B,1,202050802050,20201115,5,177
9926,3,B,0,202050642050,20201115,5,178
9927,4,B,0,202040642050,20201115,5,179
9928,3,B,0,202040512050,20201115,5,180
9929,4,B,1,202032512050,20201115,5,181
9930,1,A,0,202050802050,20201115,5,182
9931,2,A,0,162050802050,20201115,5,183
9932,1,A,0,161650802050,20201115,5,184
9933,4,B,1,202050802050,20201115,5,185
9934,3,B,0,202050642050,20201115,5,186
9935,4,B,1,202040642050,20201115,5,187
9936,3,B,0,202040512050,20201115,5,188
9937,4,B,1,202032512050,20201115,5,189
9938,6,C,1,202050802050,20201115,5,190
9939,5,C,0,202050802040,20201115,5,191
9940,6,C,1,202050801640,20201115,5,192
9941,5,C,0,202050801632,20201115,5,193
9942,6,C,0,202050801232,20201115,5,194
9943,5,C,0,202050801225,20201115,5,195
9944,4,B,1,202050802050,20201115,5,196
9945,3,B,0,202050642050,20201115,5,197
9946,4,B,1,202040642050,20201115,5,198
9947,1,A,0,202050802050,20201115,5,199
9948,2,A,0,162050802050,20201115,5,200
9949,1,A,0,161650802050,20201115,5,201
9950,2,A,0,121650802050,20201115,5,202
9951,4,B,1,202050802050,20201115,5,203
9952,3,B,0,202050642050,20201115,5,204
9953,4,B,1,202040642050,20201115,5,205
9954,6,C,1,202050802050,20201115,5,206
9955,5,C,0,202050802040,20201115,5,207
9956,6,C,0,202050801640,20201115,5,208
9957,4,B,1,202050802050,20201115,5,209
9958,3,B,0,202050642050,20201115,5,210
9959,4,B,1,202040642050,20201115,5,211
9960,3,B,0,202040512050,20201115,5,212
9961,4,B,0,202032512050,20201115,5,213
9962,6,C,1,202050802050,20201115,5,214
9963,4,B,1,202050802050,20201115,5,215
9964,3,B,1,202050642050,20201115,5,216
9965,4,B,1,202040642050,20201115,5,217
9966,3,B,0,202040512050,20201115,5,218
9967,4,B,1,202032512050,20201115,5,219
9968,3,B,0,202032402050,20201115,5,220
9969,4,B,0,202025402050,20201115,5,221
9970,3,B,0,202025322050,20201115,5,222
9971,4,B,0,202020322050,20201115,5,223
9972,6,C,0,202050802050,20201115,5,224
9973,5,C,1,202050802040,20201115,5,225
9974,6,C,0,202050801640,20201115,5,226
9975,5,C,0,202050801632,20201115,5,227
9976,4,B,1,202050802050,20201115,5,228
9977,3,B,0,202050642050,20201115,5,229
9978,4,B,1,202040642050,20201115,5,230
9979,6,C,0,202050802050,20201115,5,231
9980,5,C,0,202050802040,20201115,5,232
9981,6,C,1,202050801640,20201115,5,233
9982,4,B,1,202050802050,20201115,5,234
9983,3,B,1,202050642050,20201115,5,235
9984,4,B,0,202040642050,20201115,5,236
9985,3,B,1,202040512050,20201115,5,237
9986,4,B,0,202032512050,20201115,5,238
9987,3,B,1,202032402050,20201115,5,239
9988,4,B,0,202025402050,20201115,5,240
9989,3,B,0,202025322050,20201115,5,241
9990,4,B,0,202020322050,20201115,5,242
9991,1,A,0,202050802050,20201115,5,243
9992,2,A,0,162050802050,20201115,5,244
9993,4,B,1,202050802050,20201115,5,245
9994,3,B,1,202050642050,20201115,5,246
9995,4,B,0,202040642050,20201115,5,247
9996,3,B,1,202040512050,20201115,5,248
9997,4,B,1,202032512050,20201115,5,249
9998,3,B,0,202032402050,20201115,5,250
9999,4,B,0,202025402050,20201115,5,251
10000,3,B,0,202025322050,20201115,5,252
10001,4,B,1,202020322050,20201115,5,253
10002,6,C,1,202050802050,20201115,5,254
10003,5,C,0,202050802040,20201115,5,255
10004,6,C,0,202050801640,20201115,5,256
10005,5,C,0,202050801632,20201115,5,257
10006,6,C,1,202050801232,20201115,5,258
10007,4,B,1,202050802050,20201115,5,259
10008,3,B,0,202050642050,20201115,5,260
10009,4,B,1,202040642050,20201115,5,261
10010,3,B,0,202040512050,20201115,5,262
10011,4,B,0,202032512050,20201115,5,263
10012,1,A,0,202050802050,20201115,5,264
10013,2,A,0,162050802050,20201115,5,265
10014,4,B,0,202050802050,20201115,5,266
10015,3,B,0,202050642050,20201115,5,267
10016,4,B,1,202040642050,20201115,5,268
10017,3,B,1,202040512050,20201115,5,269
10018,4,B,1,202032512050,20201115,5,270
10019,3,B,1,202032402050,20201115,5,271
10020,4,B,1,202025402050,20201115,5,272
10021,3,B,1,202025322050,20201115,5,273
10022,4,B,0,202020322050,20201115,5,274
10023,3,B,0,202020262050,20201115,5,275
10024,4,B,0,202016262050,20201115,5,276
10025,3,B,0,202016202050,20201115,5,277
10026,4,B,0,202013202050,20201115,5,278
10027,6,C,0,202050802050,20201115,5,279
10028,5,C,0,202050802040,20201115,5,280
10029,4,B,1,202050802050,20201115,5,281
10030,3,B,1,202050642050,20201115,5,282
10031,4,B,0,202040642050,20201115,5,283
10032,3,B,0,202040512050,20201115,5,284
10033,4,B,1,202032512050,20201115,5,285
10034,3,B,1,202032402050,20201115,5,286
10035,4,B,1,202025402050,20201115,5,287
10036,3,B,0,202025322050,20201115,5,288
10037,4,B,1,202020322050,20201115,5,289
10038,3,B,0,202020262050,20201115,5,290
10039,4,B,0,202016262050,20201115,5,291
10040,6,C,1,202050802050,20201115,5,292
10041,5,C,0,202050802040,20201115,5,293
10042,6,C,0,202050801640,20201115,5,294
10043,4,B,1,202050802050,20201115,5,295
10044,3,B,1,202050642050,20201115,5,296
10045,4,B,1,202040642050,20201115,5,297
10046,3,B,1,202040512050,20201115,5,298
10047,4,B,1,202032512050,20201115,5,299
10048,4,B,0,202050202080,20201116,1,0
10049,3,B,1,202050162080,20201116,1,1
10050,4,B,0,202040162080,20201116,1,2
10051,1,A,0,202050202080,20201116,1,3
10052,2,A,1,162050202080,20201116,1,4
10053,1,A,0,161650202080,20201116,1,5
10054,5,C,1,202050202080,20201116,1,6
10055,6,C,1,202050201680,20201116,1,7
10056,5,C,0,202050201664,20201116,1,8
10057,3,B,0,202050202080,20201116,1,9
10058,4,B,0,202040202080,20201116,1,10
10059,2,A,0,202050202080,20201116,1,11
10060,1,A,1,201650202080,20201116,1,12
10061,2,A,0,161650202080,20201116,1,13
10062,5,C,0,202050202080,20201116,1,14
10063,6,C,1,202050201680,20201116,1,15
10064,5,C,0,202050201664,20201116,1,16
10065,4,B,0,202050202080,20201116,1,17
10066,3,B,1,202050162080,20201116,1,18
10067,4,B,0,202040162080,20201116,1,19
10068,3,B,0,202040122080,20201116,1,20
10069,4,B,1,202032122080,20201116,1,21
10070,3,B,0,202032102080,20201116,1,22
10071,1,A,0,202050202080,20201116,1,23
10072,2,A,1,162050202080,20201116,1,24
10073,1,A,0,161650202080,20201116,1,25
10074,4,B,0,202050202080,20201116,1,26
10075,3,B,0,202050162080,20201116,1,27
10076,2,A,1,202050202080,20201116,1,28
10077,1,A,0,201650202080,20201116,1,29
10078,2,A,0,161650202080,20201116,1,30
10079,5,C,0,202050202080,20201116,1,31
10080,6,C,1,202050201680,20201116,1,32
10081,5,C,0,202050201664,20201116,1,33
10082,4,B,1,202050202080,20201116,1,34
10083,3,B,0,202050162080,20201116,1,35
10084,4,B,0,202040162080,20201116,1,36
10085,6,C,1,202050202080,20201116,1,37
10086,5,C,1,202050202064,20201116,1,38
10087,6,C,0,202050201664,20201116,1,39
10088,5,C,0,202050201651,20201116,1,40
10089,2,A,0,202050202080,20201116,1,41
10090,1,A,0,201650202080,20201116,1,42
10091,4,B,0,202050202080,20201116,1,43
10092,3,B,0,202050162080,20201116,1,44
10093,4,B,0,202040162080,20201116,1,45
10094,6,C,1,202050202080,20201116,1,46
10095,5,C,0,202050202064,20201116,1,47
10096,6,C,0,202050201664,20201116,1,48
10097,1,A,0,202050202080,20201116,1,49
10098,2,A,1,162050202080,20201116,1,50
10099,4,B,1,202050202080,20201116,1,51
10100,3,B,1,202050162080,20201116,1,52
10101,4,B,0,202040162080,20201116,1,53
10102,3,B,1,202040122080,20201116,1,54
10103,6,C,1,202050202080,20201116,1,55
10104,5,C,0,202050202064,20201116,1,56
10105,6,C,1,202050201664,20201116,1,57
10106,5,C,0,202050201651,20201116,1,58
10107,4,B,0,202050202080,20201116,1,59
10108,3,B,0,202050162080,20201116,1,60
10109,1,A,1,202050202080,20201116,1,61
10110,2,A,0,162050202080,20201116,1,62
10111,1,A,0,161650202080,20201116,1,63
10112,5,C,0,202050202080,20201116,1,64
10113,6,C,1,202050201680,20201116,1,65
10114,5,C,1,202050201664,20201116,1,66
10115,6,C,1,202050201264,20201116,1,67
10116,5,C,0,202050201251,20201116,1,68
10117,6,C,0,202050201051,20201116,1,69
10118,4,B,0,202050202080,20201116,1,70
10119,3,B,0,202050162080,20201116,1,71
10120,4,B,0,202040162080,20201116,1,72
10121,3,B,0,202040122080,20201116,1,73
10122,6,C,0,202050202080,20201116,1,74
10123,5,C,0,202050202064,20201116,1,75
10124,2,A,0,202050202080,20201116,1,76
10125,1,A,0,201650202080,20201116,1,77
10126,5,C,0,202050202080,20201116,1,78
10127,6,C,1,202050201680,20201116,1,79
10128,5,C,0,202050201664,20201116,1,80
10129,6,C,1,202050201264,20201116,1,81
10130,4,B,0,202050202080,20201116,1,82
10131,3,B,0,202050162080,20201116,1,83
10132,4,B,0,202040162080,20201116,1,84
10133,6,C,1,202050202080,20201116,1,85
10134,5,C,1,202050202064,20201116,1,86
10135,6,C,1,202050201664,20201116,1,87
10136,5,C,0,202050201651,20201116,1,88
10137,6,C,0,202050201251,20201116,1,89
10138,1,A,0,202050202080,20201116,1,90
10139,2,A,0,162050202080,20201116,1,91
10140,1,A,0,161650202080,20201116,1,92
10141,5,C,0,202050202080,20201116,1,93
10142,6,C,1,202050201680,20201116,1,94
10143,5,C,0,202050201664,20201116,1,95
10144,6,C,1,202050201264,20201116,1,96
10145,5,C,0,202050201251,20201116,1,97
10146,6,C,0,202050201051,20201116,1,98
10147,5,C,0,202050201040,20201116,1,99
10148,6,C,1,202050200840,20201116,1,100
10149,3,B,1,202050202080,20201116,1,101
10150,4,B,0,202040202080,20201116,1,102
10151,3,B,0,202040162080,20201116,1,103
10152,2,A,0,202050202080,20201116,1,104
10153,1,A,0,201650202080,20201116,1,105
10154,5,C,0,202050202080,20201116,1,106
10155,6,C,1,202050201680,20201116,1,107
10156,5,C,0,202050201664,20201116,1,108
10157,6,C,0,202050201264,20201116,1,109
10158,4,B,0,202050202080,20201116,1,110
10159,3,B,1,202050162080,20201116,1,111
10160,4,B,0,202040162080,20201116,1,112
10161,3,B,0,202040122080,20201116,1,113
10162,6,C,1,202050202080,20201116,1,114
10163,5,C,0,202050202064,20201116,1,115
10164,6,C,1,202050201664,20201116,1,116
10165,5,C,0,202050201651,20201116,1,117
10166,6,C,1,202050201251,20201116,1,118
10167,3,B,1,202050202080,20201116,1,119
10168,4,B,1,202040202080,20201116,1,120
10169,3,B,0,202040162080,20201116,1,121
10170,4,B,0,202032162080,20201116,1,122
10171,6,C,0,202050202080,20201116,1,123
10172,5,C,0,202050202064,20201116,1,124
10173,6,C,1,202050201664,20201116,1,125
10174,3,B,1,202050202080,20201116,1,126
10175,4,B,0,202040202080,20201116,1,127
10176,3,B,0,202040162080,20201116,1,128
10177,6,C,1,202050202080,20201116,1,129
10178,5,C,0,202050202064,20201116,1,130
10179,6,C,0,202050201664,20201116,1,131
10180,1,A,1,202050202080,20201116,1,132
10181,2,A,0,162050202080,20201116,1,133
10182,1,A,0,161650202080,20201116,1,134
10183,5,C,0,202050202080,20201116,1,135
10184,6,C,1,202050201680,20201116,1,136
10185,5,C,0,202050201664,20201116,1,137
10186,6,C,1,202050201264,20201116,1,138
10187,2,A,0,202050202080,20201116,1,139
10188,1,A,0,201650202080,20201116,1,140
10189,2,A,0,161650202080,20201116,1,141
10190,5,C,0,202050202080,20201116,1,142
10191,6,C,1,202050201680,20201116,1,143
10192,5,C,0,202050201664,20201116,1,144
10193,6,C,1,202050201264,20201116,1,145
10194,4,B,0,202050202080,20201116,1,146
10195,3,B,1,202050162080,20201116,1,147
10196,4,B,0,202040162080,20201116,1,148
10197,3,B,1,202040122080,20201116,1,149
10198,6,C,1,202050202080,20201116,1,150
10199,5,C,0,202050202064,20201116,1,151
10200,6,C,1,202050201664,20201116,1,152
10201,4,B,0,202050202080,20201116,1,153
10202,3,B,0,202050162080,20201116,1,154
10203,6,C,1,202050202080,20201116,1,155
10204,5,C,0,202050202064,20201116,1,156
10205,6,C,1,202050201664,20201116,1,157
10206,4,B,0,202050202080,20201116,1,158
10207,3,B,1,202050162080,20201116,1,159
10208,4,B,0,202040162080,20201116,1,160
10209,3,B,0,202040122080,20201116,1,161
10210,6,C,1,202050202080,20201116,1,162
10211,5,C,0,202050202064,20201116,1,163
10212,6,C,1,202050201664,20201116,1,164
10213,1,A,0,202050202080,20201116,1,165
10214,2,A,0,162050202080,20201116,1,166
10215,5,C,0,202050202080,20201116,1,167
10216,6,C,1,202050201680,20201116,1,168
10217,5,C,1,202050201664,20201116,1,169
10218,6,C,1,202050201264,20201116,1,170
10219,5,C,0,202050201251,20201116,1,171
10220,6,C,0,202050201051,20201116,1,172
10221,3,B,1,202050202080,20201116,1,173
10222,4,B,0,202040202080,20201116,1,174
10223,3,B,1,202040162080,20201116,1,175
10224,6,C,1,202050202080,20201116,1,176
10225,5,C,0,202050202064,20201116,1,177
10226,6,C,1,202050201664,20201116,1,178
10227,5,C,0,202050201651,20201116,1,179
10228,6,C,1,202050201251,20201116,1,180
10229,3,B,1,202050202080,20201116,1,181
10230,4,B,0,202040202080,20201116,1,182
10231,3,B,0,202040162080,20201116,1,183
10232,4,B,1,202032162080,20201116,1,184
10233,3,B,0,202032122080,20201116,1,185
10234,6,C,1,202050202080,20201116,1,186
10235,5,C,0,202050202064,20201116,1,187
10236,6,C,1,202050201664,20201116,1,188
10237,3,B,1,202050202080,20201116,1,189
10238,4,B,0,202040202080,20201116,1,190
10239,3,B,1,202040162080,20201116,1,191
10240,6,C,0,202050202080,20201116,1,192
10241,5,C,0,202050202064,20201116,1,193
10242,6,C,1,202050201664,20201116,1,194
10243,4,B,0,202050202080,20201116,1,195
10244,3,B,0,202050162080,20201116,1,196
10245,6,C,1,202050202080,20201116,1,197
10246,5,C,1,202050202064,20201116,1,198
10247,6,C,0,202050201664,20201116,1,199
10248,5,C,0,202050201651,20201116,1,200
10249,6,C,0,202050201251,20201116,1,201
10250,5,C,0,202050201240,20201116,1,202
10251,6,C,0,202050201040,20201116,1,203
10252,3,B,1,202050202080,20201116,1,204
10253,6,C,1,202050202080,20201116,1,205
10254,5,C,0,202050202064,20201116,1,206
10255,6,C,1,202050201664,20201116,1,207
10256,3,B,0,202050202080,20201116,1,208
10257,4,B,1,202040202080,20201116,1,209
10258,3,B,1,202040162080,20201116,1,210
10259,6,C,1,202050202080,20201116,1,211
10260,5,C,0,202050202064,20201116,1,212
10261,6,C,1,202050201664,20201116,1,213
10262,3,B,1,202050202080,20201116,1,214
10263,4,B,0,202040202080,20201116,1,215
10264,3,B,0,202040162080,20201116,1,216
10265,6,C,1,202050202080,20201116,1,217
10266,5,C,0,202050202064,20201116,1,218
10267,6,C,1,202050201664,20201116,1,219
10268,3,B,0,202050202080,20201116,1,220
10269,4,B,0,202040202080,20201116,1,221
10270,3,B,0,202040162080,20201116,1,222
10271,6,C,1,202050202080,20201116,1,223
10272,5,C,0,202050202064,20201116,1,224
10273,6,C,1,202050201664,20201116,1,225
10274,3,B,1,202050202080,20201116,1,226
10275,4,B,0,202040202080,20201116,1,227
10276,3,B,1,202040162080,20201116,1,228
10277,6,C,1,202050202080,20201116,1,229
10278,5,C,0,202050202064,20201116,1,230
10279,6,C,1,202050201664,20201116,1,231
10280,3,B,0,202050202080,20201116,1,232
10281,6,C,1,202050202080,20201116,1,233
10282,5,C,0,202050202064,20201116,1,234
10283,6,C,1,202050201664,20201116,1,235
10284,3,B,0,202050202080,20201116,1,236
10285,4,B,0,202040202080,20201116,1,237
10286,3,B,1,202040162080,20201116,1,238
10287,6,C,1,202050202080,20201116,1,239
10288,5,C,0,202050202064,20201116,1,240
10289,6,C,1,202050201664,20201116,1,241
10290,3,B,0,202050202080,20201116,1,242
10291,4,B,0,202040202080,20201116,1,243
10292,3,B,0,202040162080,20201116,1,244
10293,6,C,1,202050202080,20201116,1,245
10294,5,C,0,202050202064,20201116,1,246
10295,6,C,1,202050201664,20201116,1,247
10296,3,B,1,202050202080,20201116,1,248
10297,6,C,1,202050202080,20201116,1,249
10298,5,C,0,202050202064,20201116,1,250
10299,6,C,0,202050201664,20201116,1,251
10300,3,B,0,202050202080,20201116,1,252
10301,4,B,0,202040202080,20201116,1,253
10302,3,B,1,202040162080,20201116,1,254
10303,6,C,1,202050202080,20201116,1,255
10304,5,C,0,202050202064,20201116,1,256
10305,6,C,1,202050201664,20201116,1,257
10306,3,B,0,202050202080,20201116,1,258
10307,6,C,1,202050202080,20201116,1,259
10308,5,C,0,202050202064,20201116,1,260
10309,6,C,1,202050201664,20201116,1,261
10310,3,B,0,202050202080,20201116,1,262
10311,4,B,0,202040202080,20201116,1,263
10312,3,B,1,202040162080,20201116,1,264
10313,6,C,1,202050202080,20201116,1,265
10314,5,C,0,202050202064,20201116,1,266
10315,6,C,1,202050201664,20201116,1,267
10316,3,B,1,202050202080,20201116,1,268
10317,6,C,1,202050202080,20201116,1,269
10318,5,C,0,202050202064,20201116,1,270
10319,6,C,1,202050201664,20201116,1,271
10320,1,A,0,202050202080,20201116,1,272
10321,6,C,0,202050202080,20201116,1,273
10322,5,C,0,202050202064,20201116,1,274
10323,6,C,0,202050201664,20201116,1,275
10324,4,B,0,202050202080,20201116,1,276
10325,3,B,0,202050162080,20201116,1,277
10326,6,C,1,202050202080,20201116,1,278
10327,5,C,0,202050202064,20201116,1,279
10328,6,C,1,202050201664,20201116,1,280
10329,3,B,0,202050202080,20201116,1,281
10330,6,C,1,202050202080,20201116,1,282
10331,5,C,0,202050202064,20201116,1,283
10332,6,C,1,202050201664,20201116,1,284
10333,3,B,1,202050202080,20201116,1,285
10334,4,B,0,202040202080,20201116,1,286
10335,3,B,1,202040162080,20201116,1,287
10336,6,C,1,202050202080,20201116,1,288
10337,5,C,0,202050202064,20201116,1,289
10338,6,C,1,202050201664,20201116,1,290
10339,3,B,0,202050202080,20201116,1,291
10340,6,C,1,202050202080,20201116,1,292
10341,5,C,0,202050202064,20201116,1,293
10342,6,C,1,202050201664,20201116,1,294
10343,5,C,1,202050201651,20201116,1,295
10344,6,C,0,202050201251,20201116,1,296
10345,5,C,0,202050201240,20201116,1,297
10346,6,C,0,202050201040,20201116,1,298
10347,3,B,0,202050202080,20201116,1,299
10348,1,A,1,208080502020,20201116,2,0
10349,4,B,0,208080502020,20201116,2,1
10350,3,B,1,208080402020,20201116,2,2
10351,4,B,0,208064402020,20201116,2,3
10352,3,B,1,208064322020,20201116,2,4
10353,1,A,0,208080502020,20201116,2,5
10354,2,A,0,168080502020,20201116,2,6
10355,1,A,0,166480502020,20201116,2,7
10356,5,C,0,208080502020,20201116,2,8
10357,6,C,1,208080501620,20201116,2,9
10358,5,C,0,208080501616,20201116,2,10
10359,6,C,0,208080501216,20201116,2,11
10360,4,B,0,208080502020,20201116,2,12
10361,3,B,1,208080402020,20201116,2,13
10362,4,B,0,208064402020,20201116,2,14
10363,3,B,0,208064322020,20201116,2,15
10364,2,A,1,208080502020,20201116,2,16
10365,1,A,0,206480502020,20201116,2,17
10366,2,A,1,166480502020,20201116,2,18
10367,1,A,0,165180502020,20201116,2,19
10368,2,A,1,125180502020,20201116,2,20
10369,6,C,0,208080502020,20201116,2,21
10370,5,C,1,208080502016,20201116,2,22
10371,4,B,0,208080502020,20201116,2,23
10372,3,B,1,208080402020,20201116,2,24
10373,4,B,0,208064402020,20201116,2,25
10374,3,B,1,208064322020,20201116,2,26
10375,6,C,0,208080502020,20201116,2,27
10376,5,C,1,208080502016,20201116,2,28
10377,6,C,0,208080501616,20201116,2,29
10378,5,C,0,208080501612,20201116,2,30
10379,2,A,1,208080502020,20201116,2,31
10380,1,A,1,206480502020,20201116,2,32
10381,2,A,0,166480502020,20201116,2,33
10382,1,A,0,165180502020,20201116,2,34
10383,4,B,1,208080502020,20201116,2,35
10384,3,B,1,208080402020,20201116,2,36
10385,4,B,1,208064402020,20201116,2,37
10386,3,B,1,208064322020,20201116,2,38
10387,4,B,0,208051322020,20201116,2,39
10388,3,B,1,208051252020,20201116,2,40
10389,6,C,1,208080502020,20201116,2,41
10390,5,C,0,208080502016,20201116,2,42
10391,6,C,0,208080501616,20201116,2,43
10392,5,C,0,208080501612,20201116,2,44
10393,2,A,1,208080502020,20201116,2,45
10394,1,A,0,206480502020,20201116,2,46
10395,2,A,1,166480502020,20201116,2,47
10396,4,B,1,208080502020,20201116,2,48
10397,3,B,1,208080402020,20201116,2,49
10398,4,B,0,208064402020,20201116,2,50
10399,3,B,1,208064322020,20201116,2,51
10400,6,C,1,208080502020,20201116,2,52
10401,5,C,0,208080502016,20201116,2,53
10402,6,C,0,208080501616,20201116,2,54
10403,5,C,0,208080501612,20201116,2,55
10404,4,B,1,208080502020,20201116,2,56
10405,3,B,1,208080402020,20201116,2,57
10406,4,B,1,208064402020,20201116,2,58
10407,3,B,1,208064322020,20201116,2,59
10408,4,B,0,208051322020,20201116,2,60
10409,3,B,1,208051252020,20201116,2,61
10410,2,A,1,208080502020,20201116,2,62
10411,1,A,0,206480502020,20201116,2,63
10412,2,A,1,166480502020,20201116,2,64
10413,6,C,0,208080502020,20201116,2,65
10414,5,C,0,208080502016,20201116,2,66
10415,6,C,0,208080501616,20201116,2,67
10416,5,C,0,208080501612,20201116,2,68
10417,2,A,1,208080502020,20201116,2,69
10418,1,A,0,206480502020,20201116,2,70
10419,2,A,1,166480502020,20201116,2,71
10420,4,B,0,208080502020,20201116,2,72
10421,3,B,1,208080402020,20201116,2,73
10422,6,C,0,208080502020,20201116,2,74
10423,5,C,0,208080502016,20201116,2,75
10424,6,C,0,208080501616,20201116,2,76
10425,5,C,0,208080501612,20201116,2,77
10426,2,A,1,208080502020,20201116,2,78
10427,1,A,0,206480502020,20201116,2,79
10428,2,A,0,166480502020,20201116,2,80
10429,4,B,0,208080502020,20201116,2,81
10430,3,B,0,208080402020,20201116,2,82
10431,2,A,1,208080502020,20201116,2,83
10432,6,C,1,208080502020,20201116,2,84
10433,2,A,1,208080502020,20201116,2,85
10434,1,A,0,206480502020,20201116,2,86
10435,2,A,1,166480502020,20201116,2,87
10436,4,B,0,208080502020,20201116,2,88
10437,3,B,0,208080402020,20201116,2,89
10438,4,B,1,208064402020,20201116,2,90
10439,3,B,1,208064322020,20201116,2,91
10440,4,B,0,208051322020,20201116,2,92
10441,3,B,0,208051252020,20201116,2,93
10442,2,A,1,208080502020,20201116,2,94
10443,1,A,0,206480502020,20201116,2,95
10444,2,A,0,166480502020,20201116,2,96
10445,4,B,1,208080502020,20201116,2,97
10446,3,B,1,208080402020,20201116,2,98
10447,4,B,1,208064402020,20201116,2,99
10448,3,B,0,208064322020,20201116,2,100
10449,4,B,0,208051322020,20201116,2,101
10450,3,B,1,208051252020,20201116,2,102
10451,2,A,1,208080502020,20201116,2,103
10452,4,B,0,208080502020,20201116,2,104
10453,3,B,1,208080402020,20201116,2,105
10454,4,B,0,208064402020,20201116,2,106
10455,3,B,0,208064322020,20201116,2,107
10456,2,A,0,208080502020,20201116,2,108
10457,1,A,0,206480502020,20201116,2,109
10458,2,A,1,166480502020,20201116,2,110
10459,5,C,1,208080502020,20201116,2,111
10460,6,C,0,208080501620,20201116,2,112
10461,5,C,1,208080501616,20201116,2,113
10462,2,A,1,208080502020,20201116,2,114
10463,1,A,0,206480502020,20201116,2,115
10464,2,A,0,166480502020,20201116,2,116
10465,4,B,0,208080502020,20201116,2,117
10466,3,B,1,208080402020,20201116,2,118
10467,4,B,0,208064402020,20201116,2,119
10468,3,B,0,208064322020,20201116,2,120
10469,2,A,1,208080502020,20201116,2,121
10470,5,C,0,208080502020,20201116,2,122
10471,6,C,0,208080501620,20201116,2,123
10472,5,C,0,208080501616,20201116,2,124
10473,6,C,0,208080501216,20201116,2,125
10474,5,C,0,208080501212,20201116,2,126
10475,2,A,0,208080502020,20201116,2,127
10476,4,B,0,208080502020,20201116,2,128
10477,3,B,1,208080402020,20201116,2,129
10478,4,B,1,208064402020,20201116,2,130
10479,3,B,1,208064322020,20201116,2,131
10480,4,B,1,208051322020,20201116,2,132
10481,3,B,0,208051252020,20201116,2,133
10482,4,B,0,208040252020,20201116,2,134
10483,3,B,0,208040202020,20201116,2,135
10484,2,A,1,208080502020,20201116,2,136
10485,1,A,0,206480502020,20201116,2,137
10486,2,A,0,166480502020,20201116,2,138
10487,4,B,0,208080502020,20201116,2,139
10488,3,B,1,208080402020,20201116,2,140
10489,2,A,1,208080502020,20201116,2,141
10490,4,B,0,208080502020,20201116,2,142
10491,3,B,1,208080402020,20201116,2,143
10492,4,B,0,208064402020,20201116,2,144
10493,3,B,1,208064322020,20201116,2,145
10494,4,B,1,208051322020,20201116,2,146
10495,3,B,0,208051252020,20201116,2,147
10496,4,B,0,208040252020,20201116,2,148
10497,3,B,0,208040202020,20201116,2,149
10498,2,A,1,208080502020,20201116,2,150
10499,5,C,1,208080502020,20201116,2,151
10500,6,C,0,208080501620,20201116,2,152
10501,5,C,0,208080501616,20201116,2,153
10502,2,A,1,208080502020,20201116,2,154
10503,5,C,0,208080502020,20201116,2,155
10504,6,C,0,208080501620,20201116,2,156
10505,5,C,0,208080501616,20201116,2,157
10506,2,A,1,208080502020,20201116,2,158
10507,4,B,1,208080502020,20201116,2,159
10508,3,B,0,208080402020,20201116,2,160
10509,4,B,0,208064402020,20201116,2,161
10510,3,B,1,208064322020,20201116,2,162
10511,4,B,0,208051322020,20201116,2,163
10512,3,B,1,208051252020,20201116,2,164
10513,4,B,0,208040252020,20201116,2,165
10514,3,B,0,208040202020,20201116,2,166
10515,2,A,1,208080502020,20201116,2,167
10516,4,B,1,208080502020,20201116,2,168
10517,3,B,1,208080402020,20201116,2,169
10518,4,B,1,208064402020,20201116,2,170
10519,3,B,1,208064322020,20201116,2,171
10520,4,B,0,208051322020,20201116,2,172
10521,3,B,1,208051252020,20201116,2,173
10522,2,A,1,208080502020,20201116,2,174
10523,4,B,0,208080502020,20201116,2,175
10524,3,B,0,208080402020,20201116,2,176
10525,4,B,0,208064402020,20201116,2,177
10526,3,B,0,208064322020,20201116,2,178
10527,4,B,1,208051322020,20201116,2,179
10528,3,B,1,208051252020,20201116,2,180
10529,4,B,0,208040252020,20201116,2,181
10530,3,B,0,208040202020,20201116,2,182
10531,2,A,1,208080502020,20201116,2,183
10532,5,C,0,208080502020,20201116,2,184
10533,6,C,1,208080501620,20201116,2,185
10534,2,A,0,208080502020,20201116,2,186
10535,1,A,1,206480502020,20201116,2,187
10536,2,A,1,166480502020,20201116,2,188
10537,1,A,0,165180502020,20201116,2,189
10538,2,A,1,125180502020,20201116,2,190
10539,4,B,0,208080502020,20201116,2,191
10540,3,B,1,208080402020,20201116,2,192
10541,4,B,0,208064402020,20201116,2,193
10542,3,B,1,208064322020,20201116,2,194
10543,4,B,0,208051322020,20201116,2,195
10544,3,B,1,208051252020,20201116,2,196
10545,2,A,1,208080502020,20201116,2,197
10546,4,B,1,208080502020,20201116,2,198
10547,3,B,1,208080402020,20201116,2,199
10548,4,B,1,208064402020,20201116,2,200
10549,3,B,0,208064322020,20201116,2,201
10550,4,B,0,208051322020,20201116,2,202
10551,3,B,0,208051252020,20201116,2,203
10552,4,B,0,208040252020,20201116,2,204
10553,3,B,0,208040202020,20201116,2,205
10554,2,A,0,208080502020,20201116,2,206
10555,1,A,1,206480502020,20201116,2,207
10556,2,A,1,166480502020,20201116,2,208
10557,1,A,0,165180502020,20201116,2,209
10558,2,A,1,125180502020,20201116,2,210
10559,4,B,0,208080502020,20201116,2,211
10560,3,B,0,208080402020,20201116,2,212
10561,4,B,1,208064402020,20201116,2,213
10562,3,B,0,208064322020,20201116,2,214
10563,4,B,1,208051322020,20201116,2,215
10564,3,B,1,208051252020,20201116,2,216
10565,4,B,0,208040252020,20201116,2,217
10566,3,B,1,208040202020,20201116,2,218
10567,4,B,1,208032202020,20201116,2,219
10568,3,B,0,208032162020,20201116,2,220
10569,4,B,0,208026162020,20201116,2,221
10570,3,B,0,208026132020,20201116,2,222
10571,2,A,1,208080502020,20201116,2,223
10572,4,B,0,208080502020,20201116,2,224
10573,3,B,0,208080402020,20201116,2,225
10574,4,B,1,208064402020,20201116,2,226
10575,3,B,1,208064322020,20201116,2,227
10576,4,B,0,208051322020,20201116,2,228
10577,3,B,0,208051252020,20201116,2,229
10578,2,A,0,208080502020,20201116,2,230
10579,1,A,0,206480502020,20201116,2,231
10580,2,A,1,166480502020,20201116,2,232
10581,4,B,1,208080502020,20201116,2,233
10582,3,B,1,208080402020,20201116,2,234
10583,4,B,1,208064402020,20201116,2,235
10584,3,B,1,208064322020,20201116,2,236
10585,4,B,0,208051322020,20201116,2,237
10586,3,B,0,208051252020,20201116,2,238
10587,2,A,1,208080502020,20201116,2,239
10588,1,A,0,206480502020,20201116,2,240
10589,2,A,0,166480502020,20201116,2,241
10590,4,B,0,208080502020,20201116,2,242
10591,3,B,1,208080402020,20201116,2,243
10592,4,B,0,208064402020,20201116,2,244
10593,3,B,0,208064322020,20201116,2,245
10594,4,B,0,208051322020,20201116,2,246
10595,3,B,0,208051252020,20201116,2,247
10596,2,A,1,208080502020,20201116,2,248
10597,1,A,0,206480502020,20201116,2,249
10598,2,A,1,166480502020,20201116,2,250
10599,4,B,1,208080502020,20201116,2,251
10600,3,B,1,208080402020,20201116,2,252
10601,4,B,0,208064402020,20201116,2,253
10602,3,B,1,208064322020,20201116,2,254
10603,4,B,0,208051322020,20201116,2,255
10604,3,B,0,208051252020,20201116,2,256
10605,2,A,1,208080502020,20201116,2,257
10606,4,B,1,208080502020,20201116,2,258
10607,3,B,0,208080402020,20201116,2,259
10608,4,B,1,208064402020,20201116,2,260
10609,3,B,0,208064322020,20201116,2,261
10610,4,B,0,208051322020,20201116,2,262
10611,3,B,1,208051252020,20201116,2,263
10612,2,A,1,208080502020,20201116,2,264
10613,4,B,0,208080502020,20201116,2,265
10614,3,B,1,208080402020,20201116,2,266
10615,4,B,0,208064402020,20201116,2,267
10616,3,B,1,208064322020,20201116,2,268
10617,4,B,0,208051322020,20201116,2,269
10618,3,B,0,208051252020,20201116,2,270
10619,2,A,1,208080502020,20201116,2,271
10620,1,A,0,206480502020,20201116,2,272
10621,2,A,1,166480502020,20201116,2,273
10622,4,B,1,208080502020,20201116,2,274
10623,3,B,1,208080402020,20201116,2,275
10624,4,B,0,208064402020,20201116,2,276
10625,3,B,1,208064322020,20201116,2,277
10626,4,B,0,208051322020,20201116,2,278
10627,3,B,0,208051252020,20201116,2,279
10628,2,A,1,208080502020,20201116,2,280
10629,4,B,1,208080502020,20201116,2,281
10630,3,B,1,208080402020,20201116,2,282
10631,4,B,1,208064402020,20201116,2,283
10632,3,B,1,208064322020,20201116,2,284
10633,4,B,1,208051322020,20201116,2,285
10634,3,B,0,208051252020,20201116,2,286
10635,4,B,0,208040252020,20201116,2,287
10636,3,B,1,208040202020,20201116,2,288
10637,4,B,1,208032202020,20201116,2,289
10638,3,B,0,208032162020,20201116,2,290
10639,4,B,0,208026162020,20201116,2,291
10640,3,B,0,208026132020,20201116,2,292
10641,2,A,1,208080502020,20201116,2,293
10642,4,B,0,208080502020,20201116,2,294
10643,3,B,1,208080402020,20201116,2,295
10644,4,B,0,208064402020,20201116,2,296
10645,3,B,1,208064322020,20201116,2,297
10646,4,B,0,208051322020,20201116,2,298
10647,3,B,1,208051252020,20201116,2,299
10648,2,A,0,802020202050,20201116,3,0
10649,1,A,0,801620202050,20201116,3,1
10650,2,A,0,641620202050,20201116,3,2
10651,6,C,1,802020202050,20201116,3,3
10652,5,C,0,802020202040,20201116,3,4
10653,6,C,1,802020201640,20201116,3,5
10654,5,C,0,802020201632,20201116,3,6
10655,4,B,0,802020202050,20201116,3,7
10656,3,B,0,802020162050,20201116,3,8
10657,4,B,1,802016162050,20201116,3,9
10658,3,B,0,802016122050,20201116,3,10
10659,2,A,0,802020202050,20201116,3,11
10660,1,A,0,801620202050,20201116,3,12
10661,2,A,0,641620202050,20201116,3,13
10662,1,A,1,641220202050,20201116,3,14
10663,6,C,0,802020202050,20201116,3,15
10664,5,C,0,802020202040,20201116,3,16
10665,4,B,0,802020202050,20201116,3,17
10666,3,B,0,802020162050,20201116,3,18
10667,2,A,0,802020202050,20201116,3,19
10668,4,B,0,802020202050,20201116,3,20
10669,3,B,0,802020162050,20201116,3,21
10670,6,C,1,802020202050,20201116,3,22
10671,5,C,0,802020202040,20201116,3,23
10672,6,C,0,802020201640,20201116,3,24
10673,4,B,0,802020202050,20201116,3,25
10674,3,B,0,802020162050,20201116,3,26
10675,4,B,0,802016162050,20201116,3,27
10676,1,A,1,802020202050,20201116,3,28
10677,2,A,0,642020202050,20201116,3,29
10678,1,A,1,641620202050,20201116,3,30
10679,5,C,0,802020202050,20201116,3,31
10680,6,C,0,802020201650,20201116,3,32
10681,5,C,1,802020201640,20201116,3,33
10682,6,C,1,802020201240,20201116,3,34
10683,5,C,1,802020201232,20201116,3,35
10684,6,C,1,802020201032,20201116,3,36
10685,4,B,1,802020202050,20201116,3,37
10686,3,B,0,802020162050,20201116,3,38
10687,4,B,0,802016162050,20201116,3,39
10688,2,A,0,802020202050,20201116,3,40
10689,1,A,0,801620202050,20201116,3,41
10690,6,C,1,802020202050,20201116,3,42
10691,5,C,0,802020202040,20201116,3,43
10692,6,C,1,802020201640,20201116,3,44
10693,5,C,0,802020201632,20201116,3,45
10694,6,C,0,802020201232,20201116,3,46
10695,2,A,1,802020202050,20201116,3,47
10696,1,A,1,801620202050,20201116,3,48
10697,2,A,0,641620202050,20201116,3,49
10698,1,A,0,641220202050,20201116,3,50
10699,6,C,1,802020202050,20201116,3,51
10700,5,C,0,802020202040,20201116,3,52
10701,6,C,0,802020201640,20201116,3,53
10702,4,B,0,802020202050,20201116,3,54
10703,3,B,0,802020162050,20201116,3,55
10704,4,B,0,802016162050,20201116,3,56
10705,3,B,0,802016122050,20201116,3,57
10706,1,A,1,802020202050,20201116,3,58
10707,2,A,0,642020202050,20201116,3,59
10708,1,A,0,641620202050,20201116,3,60
10709,6,C,1,802020202050,20201116,3,61
10710,5,C,0,802020202040,20201116,3,62
10711,6,C,0,802020201640,20201116,3,63
10712,1,A,1,802020202050,20201116,3,64
10713,2,A,0,642020202050,20201116,3,65
10714,1,A,0,641620202050,20201116,3,66
10715,6,C,1,802020202050,20201116,3,67
10716,5,C,0,802020202040,20201116,3,68
10717,6,C,0,802020201640,20201116,3,69
10718,2,A,0,802020202050,20201116,3,70
10719,1,A,1,801620202050,20201116,3,71
10720,6,C,0,802020202050,20201116,3,72
10721,5,C,0,802020202040,20201116,3,73
10722,6,C,1,802020201640,20201116,3,74
10723,4,B,0,802020202050,20201116,3,75
10724,3,B,0,802020162050,20201116,3,76
10725,1,A,1,802020202050,20201116,3,77
10726,2,A,1,642020202050,20201116,3,78
10727,1,A,1,641620202050,20201116,3,79
10728,6,C,0,802020202050,20201116,3,80
10729,5,C,1,802020202040,20201116,3,81
10730,6,C,0,802020201640,20201116,3,82
10731,5,C,0,802020201632,20201116,3,83
10732,1,A,1,802020202050,20201116,3,84
10733,2,A,0,642020202050,20201116,3,85
10734,1,A,0,641620202050,20201116,3,86
10735,6,C,0,802020202050,20201116,3,87
10736,1,A,0,802020202050,20201116,3,88
10737,2,A,0,642020202050,20201116,3,89
10738,1,A,1,641620202050,20201116,3,90
10739,6,C,0,802020202050,20201116,3,91
10740,5,C,0,802020202040,20201116,3,92
10741,6,C,0,802020201640,20201116,3,93
10742,4,B,1,802020202050,20201116,3,94
10743,3,B,1,802020162050,20201116,3,95
10744,4,B,0,802016162050,20201116,3,96
10745,3,B,0,802016122050,20201116,3,97
10746,1,A,1,802020202050,20201116,3,98
10747,2,A,0,642020202050,20201116,3,99
10748,1,A,1,641620202050,20201116,3,100
10749,6,C,0,802020202050,20201116,3,101
10750,5,C,0,802020202040,20201116,3,102
10751,6,C,1,802020201640,20201116,3,103
10752,1,A,1,802020202050,20201116,3,104
10753,2,A,0,642020202050,20201116,3,105
10754,1,A,1,641620202050,20201116,3,106
10755,4,B,0,802020202050,20201116,3,107
10756,3,B,0,802020162050,20201116,3,108
10757,4,B,1,802016162050,20201116,3,109
10758,1,A,1,802020202050,20201116,3,110
10759,2,A,0,642020202050,20201116,3,111
10760,1,A,1,641620202050,20201116,3,112
10761,2,A,0,511620202050,20201116,3,113
10762,1,A,0,511220202050,20201116,3,114
10763,5,C,0,802020202050,20201116,3,115
10764,6,C,0,802020201650,20201116,3,116
10765,5,C,0,802020201640,20201116,3,117
10766,1,A,1,802020202050,20201116,3,118
10767,2,A,0,642020202050,20201116,3,119
10768,1,A,1,641620202050,20201116,3,120
10769,6,C,1,802020202050,20201116,3,121
10770,5,C,1,802020202040,20201116,3,122
10771,6,C,1,802020201640,20201116,3,123
10772,5,C,0,802020201632,20201116,3,124
10773,6,C,1,802020201232,20201116,3,125
10774,1,A,1,802020202050,20201116,3,126
10775,2,A,0,642020202050,20201116,3,127
10776,1,A,1,641620202050,20201116,3,128
10777,2,A,0,511620202050,20201116,3,129
10778,1,A,0,511220202050,20201116,3,130
10779,6,C,1,802020202050,20201116,3,131
10780,5,C,0,802020202040,20201116,3,132
10781,6,C,0,802020201640,20201116,3,133
10782,1,A,0,802020202050,20201116,3,134
10783,2,A,0,642020202050,20201116,3,135
10784,1,A,0,641620202050,20201116,3,136
10785,6,C,1,802020202050,20201116,3,137
10786,5,C,1,802020202040,20201116,3,138
10787,6,C,0,802020201640,20201116,3,139
10788,5,C,0,802020201632,20201116,3,140
10789,6,C,0,802020201232,20201116,3,141
10790,1,A,1,802020202050,20201116,3,142
10791,2,A,0,642020202050,20201116,3,143
10792,1,A,0,641620202050,20201116,3,144
10793,6,C,1,802020202050,20201116,3,145
10794,5,C,1,802020202040,20201116,3,146
10795,6,C,1,802020201640,20201116,3,147
10796,5,C,1,802020201632,20201116,3,148
10797,6,C,0,802020201232,20201116,3,149
10798,5,C,0,802020201225,20201116,3,150
10799,6,C,0,802020201025,20201116,3,151
10800,1,A,1,802020202050,20201116,3,152
10801,2,A,0,642020202050,20201116,3,153
10802,1,A,0,641620202050,20201116,3,154
10803,6,C,0,802020202050,20201116,3,155
10804,5,C,0,802020202040,20201116,3,156
10805,6,C,1,802020201640,20201116,3,157
10806,5,C,0,802020201632,20201116,3,158
10807,6,C,0,802020201232,20201116,3,159
10808,1,A,1,802020202050,20201116,3,160
10809,2,A,0,642020202050,20201116,3,161
10810,1,A,1,641620202050,20201116,3,162
10811,6,C,1,802020202050,20201116,3,163
10812,5,C,1,802020202040,20201116,3,164
10813,6,C,0,802020201640,20201116,3,165
10814,5,C,0,802020201632,20201116,3,166
10815,6,C,0,802020201232,20201116,3,167
10816,5,C,0,802020201225,20201116,3,168
10817,1,A,1,802020202050,20201116,3,169
10818,6,C,0,802020202050,20201116,3,170
10819,5,C,0,802020202040,20201116,3,171
10820,6,C,0,802020201640,20201116,3,172
10821,5,C,1,802020201632,20201116,3,173
10822,6,C,0,802020201232,20201116,3,174
10823,5,C,0,802020201225,20201116,3,175
10824,1,A,1,802020202050,20201116,3,176
10825,2,A,0,642020202050,20201116,3,177
10826,1,A,1,641620202050,20201116,3,178
10827,6,C,0,802020202050,20201116,3,179
10828,5,C,0,802020202040,20201116,3,180
10829,6,C,1,802020201640,20201116,3,181
10830,1,A,1,802020202050,20201116,3,182
10831,2,A,0,642020202050,20201116,3,183
10832,1,A,1,641620202050,20201116,3,184
10833,5,C,0,802020202050,20201116,3,185
10834,6,C,1,802020201650,20201116,3,186
10835,5,C,0,802020201640,20201116,3,187
10836,6,C,0,802020201240,20201116,3,188
10837,5,C,0,802020201232,20201116,3,189
10838,4,B,0,802020202050,20201116,3,190
10839,3,B,0,802020162050,20201116,3,191
10840,1,A,1,802020202050,20201116,3,192
10841,2,A,0,642020202050,20201116,3,193
10842,1,A,1,641620202050,20201116,3,194
10843,6,C,0,802020202050,20201116,3,195
10844,5,C,0,802020202040,20201116,3,196
10845,6,C,1,802020201640,20201116,3,197
10846,5,C,0,802020201632,20201116,3,198
10847,6,C,1,802020201232,20201116,3,199
10848,1,A,1,802020202050,20201116,3,200
10849,6,C,1,802020202050,20201116,3,201
10850,5,C,0,802020202040,20201116,3,202
10851,6,C,0,802020201640,20201116,3,203
10852,1,A,1,802020202050,20201116,3,204
10853,2,A,1,642020202050,20201116,3,205
10854,1,A,1,641620202050,20201116,3,206
10855,2,A,0,511620202050,20201116,3,207
10856,1,A,0,511220202050,20201116,3,208
10857,6,C,1,802020202050,20201116,3,209
10858,5,C,0,802020202040,20201116,3,210
10859,6,C,1,802020201640,20201116,3,211
10860,1,A,0,802020202050,20201116,3,212
10861,2,A,0,642020202050,20201116,3,213
10862,1,A,1,641620202050,20201116,3,214
10863,6,C,0,802020202050,20201116,3,215
10864,5,C,0,802020202040,20201116,3,216
10865,6,C,1,802020201640,20201116,3,217
10866,5,C,0,802020201632,20201116,3,218
10867,6,C,0,802020201232,20201116,3,219
10868,1,A,1,802020202050,20201116,3,220
10869,2,A,0,642020202050,20201116,3,221
10870,1,A,0,641620202050,20201116,3,222
10871,6,C,0,802020202050,20201116,3,223
10872,5,C,0,802020202040,20201116,3,224
10873,6,C,1,802020201640,20201116,3,225
10874,1,A,1,802020202050,20201116,3,226
10875,2,A,0,642020202050,20201116,3,227
10876,1,A,1,641620202050,20201116,3,228
10877,2,A,0,511620202050,20201116,3,229
10878,1,A,1,511220202050,20201116,3,230
10879,6,C,0,802020202050,20201116,3,231
10880,5,C,1,802020202040,20201116,3,232
10881,6,C,0,802020201640,20201116,3,233
10882,5,C,0,802020201632,20201116,3,234
10883,6,C,0,802020201232,20201116,3,235
10884,1,A,1,802020202050,20201116,3,236
10885,6,C,1,802020202050,20201116,3,237
10886,5,C,1,802020202040,20201116,3,238
10887,6,C,0,802020201640,20201116,3,239
10888,5,C,0,802020201632,20201116,3,240
10889,1,A,1,802020202050,20201116,3,241
10890,2,A,0,642020202050,20201116,3,242
10891,1,A,1,641620202050,20201116,3,243
10892,6,C,0,802020202050,20201116,3,244
10893,5,C,0,802020202040,20201116,3,245
10894,6,C,0,802020201640,20201116,3,246
10895,5,C,0,802020201632,20201116,3,247
10896,1,A,1,802020202050,20201116,3,248
10897,6,C,1,802020202050,20201116,3,249
10898,5,C,0,802020202040,20201116,3,250
10899,6,C,1,802020201640,20201116,3,251
10900,1,A,1,802020202050,20201116,3,252
10901,2,A,1,642020202050,20201116,3,253
10902,1,A,1,641620202050,20201116,3,254
10903,2,A,0,511620202050,20201116,3,255
10904,1,A,1,511220202050,20201116,3,256
10905,6,C,1,802020202050,20201116,3,257
10906,5,C,0,802020202040,20201116,3,258
10907,6,C,1,802020201640,20201116,3,259
10908,1,A,1,802020202050,20201116,3,260
10909,2,A,0,642020202050,20201116,3,261
10910,1,A,1,641620202050,20201116,3,262
10911,6,C,1,802020202050,20201116,3,263
10912,5,C,0,802020202040,20201116,3,264
10913,6,C,0,802020201640,20201116,3,265
10914,1,A,1,802020202050,20201116,3,266
10915,2,A,0,642020202050,20201116,3,267
10916,1,A,0,641620202050,20201116,3,268
10917,6,C,0,802020202050,20201116,3,269
10918,5,C,0,802020202040,20201116,3,270
10919,6,C,0,802020201640,20201116,3,271
10920,1,A,1,802020202050,20201116,3,272
10921,6,C,0,802020202050,20201116,3,273
10922,5,C,0,802020202040,20201116,3,274
10923,6,C,0,802020201640,20201116,3,275
10924,1,A,1,802020202050,20201116,3,276
10925,2,A,0,642020202050,20201116,3,277
10926,1,A,1,641620202050,20201116,3,278
10927,6,C,1,802020202050,20201116,3,279
10928,5,C,1,802020202040,20201116,3,280
10929,6,C,0,802020201640,20201116,3,281
10930,5,C,0,802020201632,20201116,3,282
10931,6,C,0,802020201232,20201116,3,283
10932,1,A,1,802020202050,20201116,3,284
10933,2,A,0,642020202050,20201116,3,285
10934,1,A,0,641620202050,20201116,3,286
10935,6,C,0,802020202050,20201116,3,287
10936,1,A,1,802020202050,20201116,3,288
10937,2,A,1,642020202050,20201116,3,289
10938,1,A,1,641620202050,20201116,3,290
10939,2,A,0,511620202050,20201116,3,291
10940,1,A,0,511220202050,20201116,3,292
10941,6,C,0,802020202050,20201116,3,293
10942,5,C,0,802020202040,20201116,3,294
10943,6,C,0,802020201640,20201116,3,295
10944,1,A,1,802020202050,20201116,3,296
10945,2,A,0,642020202050,20201116,3,297
10946,1,A,1,641620202050,20201116,3,298
10947,6,C,1,802020202050,20201116,3,299
10948,4,B,0,502080508020,20201116,4,0
10949,3,B,1,502080408020,20201116,4,1
10950,4,B,0,502064408020,20201116,4,2
10951,2,A,0,502080508020,20201116,4,3
10952,1,A,0,501680508020,20201116,4,4
10953,2,A,0,401680508020,20201116,4,5
10954,6,C,0,502080508020,20201116,4,6
10955,5,C,0,502080508016,20201116,4,7
10956,6,C,0,502080506416,20201116,4,8
10957,1,A,1,502080508020,20201116,4,9
10958,4,B,1,502080508020,20201116,4,10
10959,3,B,1,502080408020,20201116,4,11
10960,4,B,1,502064408020,20201116,4,12
10961,3,B,0,502064328020,20201116,4,13
10962,1,A,1,502080508020,20201116,4,14
10963,2,A,0,402080508020,20201116,4,15
10964,1,A,1,401680508020,20201116,4,16
10965,6,C,0,502080508020,20201116,4,17
10966,5,C,1,502080508016,20201116,4,18
10967,6,C,0,502080506416,20201116,4,19
10968,5,C,1,502080506412,20201116,4,20
10969,1,A,0,502080508020,20201116,4,21
10970,2,A,1,402080508020,20201116,4,22
10971,1,A,0,401680508020,20201116,4,23
10972,2,A,1,321680508020,20201116,4,24
10973,4,B,1,502080508020,20201116,4,25
10974,3,B,0,502080408020,20201116,4,26
10975,4,B,1,502064408020,20201116,4,27
10976,3,B,1,502064328020,20201116,4,28
10977,4,B,0,502051328020,20201116,4,29
10978,3,B,0,502051258020,20201116,4,30
10979,1,A,1,502080508020,20201116,4,31
10980,2,A,0,402080508020,20201116,4,32
10981,1,A,1,401680508020,20201116,4,33
10982,4,B,1,502080508020,20201116,4,34
10983,3,B,1,502080408020,20201116,4,35
10984,4,B,0,502064408020,20201116,4,36
10985,3,B,1,502064328020,20201116,4,37
10986,1,A,1,502080508020,20201116,4,38
10987,2,A,0,402080508020,20201116,4,39
10988,1,A,0,401680508020,20201116,4,40
10989,6,C,1,502080508020,20201116,4,41
10990,5,C,1,502080508016,20201116,4,42
10991,6,C,0,502080506416,20201116,4,43
10992,5,C,1,502080506412,20201116,4,44
10993,1,A,1,502080508020,20201116,4,45
10994,2,A,0,402080508020,20201116,4,46
10995,1,A,1,401680508020,20201116,4,47
10996,6,C,0,502080508020,20201116,4,48
10997,5,C,1,502080508016,20201116,4,49
10998,1,A,0,502080508020,20201116,4,50
10999,2,A,0,402080508020,20201116,4,51
11000,1,A,0,401680508020,20201116,4,52
11001,4,B,0,502080508020,20201116,4,53
11002,3,B,1,502080408020,20201116,4,54
11003,4,B,1,502064408020,20201116,4,55
11004,3,B,0,502064328020,20201116,4,56
11005,1,A,0,502080508020,20201116,4,57
11006,2,A,0,402080508020,20201116,4,58
11007,1,A,1,401680508020,20201116,4,59
11008,6,C,0,502080508020,20201116,4,60
11009,5,C,1,502080508016,20201116,4,61
11010,1,A,0,502080508020,20201116,4,62
11011,2,A,1,402080508020,20201116,4,63
11012,1,A,0,401680508020,20201116,4,64
11013,2,A,0,321680508020,20201116,4,65
11014,4,B,0,502080508020,20201116,4,66
11015,3,B,1,502080408020,20201116,4,67
11016,1,A,1,502080508020,20201116,4,68
11017,2,A,1,402080508020,20201116,4,69
11018,1,A,0,401680508020,20201116,4,70
11019,2,A,0,321680508020,20201116,4,71
11020,1,A,0,321280508020,20201116,4,72
11021,4,B,1,502080508020,20201116,4,73
11022,3,B,1,502080408020,20201116,4,74
11023,4,B,1,502064408020,20201116,4,75
11024,3,B,1,502064328020,20201116,4,76
11025,4,B,0,502051328020,20201116,4,77
11026,3,B,0,502051258020,20201116,4,78
11027,1,A,0,502080508020,20201116,4,79
11028,2,A,1,402080508020,20201116,4,80
11029,1,A,0,401680508020,20201116,4,81
11030,2,A,1,321680508020,20201116,4,82
11031,1,A,0,321280508020,20201116,4,83
11032,2,A,0,251280508020,20201116,4,84
11033,4,B,1,502080508020,20201116,4,85
11034,3,B,1,502080408020,20201116,4,86
11035,4,B,0,502064408020,20201116,4,87
11036,3,B,1,502064328020,20201116,4,88
11037,1,A,1,502080508020,20201116,4,89
11038,2,A,0,402080508020,20201116,4,90
11039,1,A,0,401680508020,20201116,4,91
11040,4,B,0,502080508020,20201116,4,92
11041,3,B,1,502080408020,20201116,4,93
11042,4,B,0,502064408020,20201116,4,94
11043,3,B,0,502064328020,20201116,4,95
11044,1,A,1,502080508020,20201116,4,96
11045,2,A,1,402080508020,20201116,4,97
11046,1,A,0,401680508020,20201116,4,98
11047,2,A,0,321680508020,20201116,4,99
11048,4,B,0,502080508020,20201116,4,100
11049,3,B,1,502080408020,20201116,4,101
11050,2,A,0,502080508020,20201116,4,102
11051,1,A,1,501680508020,20201116,4,103
11052,2,A,0,401680508020,20201116,4,104
11053,1,A,0,401280508020,20201116,4,105
11054,4,B,1,502080508020,20201116,4,106
11055,3,B,1,502080408020,20201116,4,107
11056,4,B,1,502064408020,20201116,4,108
11057,3,B,0,502064328020,20201116,4,109
11058,4,B,1,502051328020,20201116,4,110
11059,3,B,1,502051258020,20201116,4,111
11060,4,B,1,502040258020,20201116,4,112
11061,3,B,0,502040208020,20201116,4,113
11062,1,A,1,502080508020,20201116,4,114
11063,2,A,0,402080508020,20201116,4,115
11064,1,A,1,401680508020,20201116,4,116
11065,4,B,1,502080508020,20201116,4,117
11066,3,B,1,502080408020,20201116,4,118
11067,4,B,0,502064408020,20201116,4,119
11068,3,B,1,502064328020,20201116,4,120
11069,4,B,0,502051328020,20201116,4,121
11070,3,B,1,502051258020,20201116,4,122
11071,1,A,1,502080508020,20201116,4,123
11072,2,A,0,402080508020,20201116,4,124
11073,1,A,0,401680508020,20201116,4,125
11074,4,B,1,502080508020,20201116,4,126
11075,3,B,1,502080408020,20201116,4,127
11076,4,B,0,502064408020,20201116,4,128
11077,3,B,1,502064328020,20201116,4,129
11078,1,A,1,502080508020,20201116,4,130
11079,2,A,0,402080508020,20201116,4,131
11080,1,A,1,401680508020,20201116,4,132
11081,2,A,0,321680508020,20201116,4,133
11082,1,A,0,321280508020,20201116,4,134
11083,5,C,1,502080508020,20201116,4,135
11084,6,C,1,502080506420,20201116,4,136
11085,1,A,1,502080508020,20201116,4,137
11086,2,A,0,402080508020,20201116,4,138
11087,1,A,0,401680508020,20201116,4,139
11088,4,B,0,502080508020,20201116,4,140
11089,3,B,1,502080408020,20201116,4,141
11090,4,B,0,502064408020,20201116,4,142
11091,3,B,1,502064328020,20201116,4,143
11092,1,A,0,502080508020,20201116,4,144
11093,2,A,1,402080508020,20201116,4,145
11094,1,A,1,401680508020,20201116,4,146
11095,2,A,0,321680508020,20201116,4,147
11096,1,A,0,321280508020,20201116,4,148
11097,2,A,0,251280508020,20201116,4,149
11098,1,A,0,251080508020,20201116,4,150
11099,4,B,1,502080508020,20201116,4,151
11100,3,B,1,502080408020,20201116,4,152
11101,4,B,0,502064408020,20201116,4,153
11102,3,B,0,502064328020,20201116,4,154
11103,1,A,1,502080508020,20201116,4,155
11104,4,B,1,502080508020,20201116,4,156
11105,3,B,1,502080408020,20201116,4,157
11106,4,B,0,502064408020,20201116,4,158
11107,3,B,0,502064328020,20201116,4,159
11108,4,B,0,502051328020,20201116,4,160
11109,3,B,0,502051258020,20201116,4,161
11110,1,A,1,502080508020,20201116,4,162
11111,2,A,0,402080508020,20201116,4,163
11112,1,A,1,401680508020,20201116,4,164
11113,4,B,1,502080508020,20201116,4,165
11114,3,B,1,502080408020,20201116,4,166
11115,4,B,1,502064408020,20201116,4,167
11116,3,B,0,502064328020,20201116,4,168
11117,4,B,0,502051328020,20201116,4,169
11118,3,B,0,502051258020,20201116,4,170
11119,1,A,0,502080508020,20201116,4,171
11120,2,A,0,402080508020,20201116,4,172
11121,1,A,0,401680508020,20201116,4,173
11122,4,B,1,502080508020,20201116,4,174
11123,3,B,1,502080408020,20201116,4,175
11124,4,B,1,502064408020,20201116,4,176
11125,3,B,1,502064328020,20201116,4,177
11126,4,B,0,502051328020,20201116,4,178
11127,3,B,0,502051258020,20201116,4,179
11128,1,A,0,502080508020,20201116,4,180
11129,2,A,0,402080508020,20201116,4,181
11130,1,A,0,401680508020,20201116,4,182
11131,4,B,0,502080508020,20201116,4,183
11132,3,B,1,502080408020,20201116,4,184
11133,4,B,0,502064408020,20201116,4,185
11134,3,B,1,502064328020,20201116,4,186
11135,1,A,0,502080508020,20201116,4,187
11136,2,A,0,402080508020,20201116,4,188
11137,1,A,1,401680508020,20201116,4,189
11138,4,B,0,502080508020,20201116,4,190
11139,3,B,0,502080408020,20201116,4,191
11140,4,B,1,502064408020,20201116,4,192
11141,3,B,1,502064328020,20201116,4,193
11142,4,B,0,502051328020,20201116,4,194
11143,3,B,0,502051258020,20201116,4,195
11144,4,B,0,502040258020,20201116,4,196
11145,3,B,1,502040208020,20201116,4,197
11146,1,A,0,502080508020,20201116,4,198
11147,2,A,0,402080508020,20201116,4,199
11148,1,A,0,401680508020,20201116,4,200
11149,4,B,0,502080508020,20201116,4,201
11150,3,B,1,502080408020,20201116,4,202
11151,4,B,1,502064408020,20201116,4,203
11152,3,B,1,502064328020,20201116,4,204
11153,4,B,1,502051328020,20201116,4,205
11154,3,B,0,502051258020,20201116,4,206
11155,4,B,1,502040258020,20201116,4,207
11156,3,B,0,502040208020,20201116,4,208
11157,4,B,1,502032208020,20201116,4,209
11158,3,B,0,502032168020,20201116,4,210
11159,4,B,0,502026168020,20201116,4,211
11160,1,A,1,502080508020,20201116,4,212
11161,2,A,0,402080508020,20201116,4,213
11162,1,A,0,401680508020,20201116,4,214
11163,4,B,1,502080508020,20201116,4,215
11164,3,B,1,502080408020,20201116,4,216
11165,4,B,1,502064408020,20201116,4,217
11166,3,B,0,502064328020,20201116,4,218
11167,4,B,0,502051328020,20201116,4,219
11168,3,B,1,502051258020,20201116,4,220
11169,4,B,1,502040258020,20201116,4,221
11170,3,B,0,502040208020,20201116,4,222
11171,4,B,0,502032208020,20201116,4,223
11172,3,B,0,502032168020,20201116,4,224
11173,1,A,0,502080508020,20201116,4,225
11174,4,B,1,502080508020,20201116,4,226
11175,3,B,1,502080408020,20201116,4,227
11176,4,B,0,502064408020,20201116,4,228
11177,3,B,1,502064328020,20201116,4,229
11178,4,B,0,502051328020,20201116,4,230
11179,3,B,1,502051258020,20201116,4,231
11180,4,B,0,502040258020,20201116,4,232
11181,3,B,0,502040208020,20201116,4,233
11182,4,B,0,502032208020,20201116,4,234
11183,3,B,0,502032168020,20201116,4,235
11184,1,A,1,502080508020,20201116,4,236
11185,4,B,0,502080508020,20201116,4,237
11186,3,B,1,502080408020,20201116,4,238
11187,4,B,0,502064408020,20201116,4,239
11188,3,B,1,502064328020,20201116,4,240
11189,4,B,0,502051328020,20201116,4,241
11190,3,B,1,502051258020,20201116,4,242
11191,4,B,0,502040258020,20201116,4,243
11192,3,B,0,502040208020,20201116,4,244
11193,4,B,0,502032208020,20201116,4,245
11194,3,B,0,502032168020,20201116,4,246
11195,1,A,0,502080508020,20201116,4,247
11196,2,A,0,402080508020,20201116,4,248
11197,4,B,0,502080508020,20201116,4,249
11198,3,B,1,502080408020,20201116,4,250
11199,4,B,1,502064408020,20201116,4,251
11200,3,B,1,502064328020,20201116,4,252
11201,4,B,0,502051328020,20201116,4,253
11202,3,B,0,502051258020,20201116,4,254
11203,1,A,1,502080508020,20201116,4,255
11204,4,B,1,502080508020,20201116,4,256
11205,3,B,0,502080408020,20201116,4,257
11206,4,B,0,502064408020,20201116,4,258
11207,3,B,0,502064328020,20201116,4,259
11208,4,B,0,502051328020,20201116,4,260
11209,3,B,1,502051258020,20201116,4,261
11210,4,B,1,502040258020,20201116,4,262
11211,3,B,0,502040208020,20201116,4,263
11212,4,B,0,502032208020,20201116,4,264
11213,3,B,1,502032168020,20201116,4,265
11214,6,C,0,502080508020,20201116,4,266
11215,5,C,0,502080508016,20201116,4,267
11216,6,C,0,502080506416,20201116,4,268
11217,4,B,0,502080508020,20201116,4,269
11218,3,B,1,502080408020,20201116,4,270
11219,4,B,0,502064408020,20201116,4,271
11220,3,B,1,502064328020,20201116,4,272
11221,4,B,1,502051328020,20201116,4,273
11222,3,B,0,502051258020,20201116,4,274
11223,4,B,0,502040258020,20201116,4,275
11224,3,B,1,502040208020,20201116,4,276
11225,1,A,0,502080508020,20201116,4,277
11226,2,A,1,402080508020,20201116,4,278
11227,1,A,0,401680508020,20201116,4,279
11228,2,A,0,321680508020,20201116,4,280
11229,4,B,0,502080508020,20201116,4,281
11230,3,B,1,502080408020,20201116,4,282
11231,4,B,0,502064408020,20201116,4,283
11232,3,B,1,502064328020,20201116,4,284
11233,4,B,0,502051328020,20201116,4,285
11234,3,B,0,502051258020,20201116,4,286
11235,4,B,0,502040258020,20201116,4,287
11236,3,B,0,502040208020,20201116,4,288
11237,4,B,0,502032208020,20201116,4,289
11238,3,B,0,502032168020,20201116,4,290
11239,4,B,0,502026168020,20201116,4,291
11240,3,B,1,502026138020,20201116,4,292
11241,6,C,0,502080508020,20201116,4,293
11242,5,C,1,502080508016,20201116,4,294
11243,4,B,1,502080508020,20201116,4,295
11244,3,B,1,502080408020,20201116,4,296
11245,4,B,0,502064408020,20201116,4,297
11246,3,B,1,502064328020,20201116,4,298
11247,4,B,0,502051328020,20201116,4,299
11248,4,B,1,502020808050,20201116,5,0
11249,3,B,0,502020648050,20201116,5,1
11250,4,B,0,502016648050,20201116,5,2
11251,2,A,0,502020808050,20201116,5,3
11252,1,A,1,501620808050,20201116,5,4
11253,2,A,0,401620808050,20201116,5,5
11254,6,C,1,502020808050,20201116,5,6
11255,5,C,1,502020808040,20201116,5,7
11256,6,C,0,502020806440,20201116,5,8
11257,5,C,0,502020806432,20201116,5,9
11258,4,B,1,502020808050,20201116,5,10
11259,3,B,0,502020648050,20201116,5,11
11260,4,B,0,502016648050,20201116,5,12
11261,2,A,0,502020808050,20201116,5,13
11262,1,A,1,501620808050,20201116,5,14
11263,6,C,0,502020808050,20201116,5,15
11264,5,C,1,502020808040,20201116,5,16
11265,4,B,0,502020808050,20201116,5,17
11266,3,B,0,502020648050,20201116,5,18
11267,4,B,0,502016648050,20201116,5,19
11268,1,A,1,502020808050,20201116,5,20
11269,2,A,1,402020808050,20201116,5,21
11270,1,A,1,401620808050,20201116,5,22
11271,2,A,0,321620808050,20201116,5,23
11272,1,A,0,321220808050,20201116,5,24
11273,5,C,1,502020808050,20201116,5,25
11274,6,C,1,502020806450,20201116,5,26
11275,5,C,1,502020806440,20201116,5,27
11276,1,A,0,502020808050,20201116,5,28
11277,2,A,1,402020808050,20201116,5,29
11278,1,A,1,401620808050,20201116,5,30
11279,4,B,1,502020808050,20201116,5,31
11280,3,B,0,502020648050,20201116,5,32
11281,4,B,1,502016648050,20201116,5,33
11282,3,B,0,502016518050,20201116,5,34
11283,4,B,1,502012518050,20201116,5,35
11284,1,A,0,502020808050,20201116,5,36
11285,2,A,0,402020808050,20201116,5,37
11286,1,A,0,401620808050,20201116,5,38
11287,5,C,0,502020808050,20201116,5,39
11288,6,C,1,502020806450,20201116,5,40
11289,5,C,0,502020806440,20201116,5,41
11290,6,C,1,502020805140,20201116,5,42
11291,4,B,1,502020808050,20201116,5,43
11292,3,B,0,502020648050,20201116,5,44
11293,4,B,0,502016648050,20201116,5,45
11294,1,A,1,502020808050,20201116,5,46
11295,2,A,1,402020808050,20201116,5,47
11296,1,A,0,401620808050,20201116,5,48
11297,2,A,0,321620808050,20201116,5,49
11298,4,B,1,502020808050,20201116,5,50
11299,3,B,0,502020648050,20201116,5,51
11300,4,B,1,502016648050,20201116,5,52
11301,1,A,0,502020808050,20201116,5,53
11302,2,A,0,402020808050,20201116,5,54
11303,1,A,0,401620808050,20201116,5,55
11304,5,C,1,502020808050,20201116,5,56
11305,6,C,0,502020806450,20201116,5,57
11306,5,C,1,502020806440,20201116,5,58
11307,2,A,0,502020808050,20201116,5,59
11308,1,A,0,501620808050,20201116,5,60
11309,2,A,0,401620808050,20201116,5,61
11310,4,B,1,502020808050,20201116,5,62
11311,3,B,0,502020648050,20201116,5,63
11312,4,B,1,502016648050,20201116,5,64
11313,3,B,0,502016518050,20201116,5,65
11314,4,B,1,502012518050,20201116,5,66
11315,6,C,1,502020808050,20201116,5,67
11316,5,C,1,502020808040,20201116,5,68
11317,6,C,1,502020806440,20201116,5,69
11318,5,C,1,502020806432,20201116,5,70
11319,6,C,0,502020805132,20201116,5,71
11320,5,C,0,502020805125,20201116,5,72
11321,3,B,0,502020808050,20201116,5,73
11322,4,B,1,502016808050,20201116,5,74
11323,3,B,0,502016648050,20201116,5,75
11324,4,B,1,502012648050,20201116,5,76
11325,1,A,0,502020808050,20201116,5,77
11326,2,A,1,402020808050,20201116,5,78
11327,1,A,0,401620808050,20201116,5,79
11328,2,A,0,321620808050,20201116,5,80
11329,4,B,1,502020808050,20201116,5,81
11330,3,B,0,502020648050,20201116,5,82
11331,4,B,0,502016648050,20201116,5,83
11332,6,C,1,502020808050,20201116,5,84
11333,5,C,0,502020808040,20201116,5,85
11334,6,C,1,502020806440,20201116,5,86
11335,4,B,1,502020808050,20201116,5,87
11336,3,B,0,502020648050,20201116,5,88
11337,4,B,1,502016648050,20201116,5,89
11338,2,A,0,502020808050,20201116,5,90
11339,1,A,1,501620808050,20201116,5,91
11340,5,C,1,502020808050,20201116,5,92
11341,6,C,0,502020806450,20201116,5,93
11342,5,C,1,502020806440,20201116,5,94
11343,4,B,1,502020808050,20201116,5,95
11344,3,B,0,502020648050,20201116,5,96
11345,4,B,0,502016648050,20201116,5,97
11346,1,A,0,502020808050,20201116,5,98
11347,2,A,0,402020808050,20201116,5,99
11348,4,B,1,502020808050,20201116,5,100
11349,3,B,0,502020648050,20201116,5,101
11350,4,B,1,502016648050,20201116,5,102
11351,6,C,1,502020808050,20201116,5,103
11352,5,C,1,502020808040,20201116,5,104
11353,6,C,0,502020806440,20201116,5,105
11354,5,C,1,502020806432,20201116,5,106
11355,1,A,1,502020808050,20201116,5,107
11356,2,A,0,402020808050,20201116,5,108
11357,1,A,1,401620808050,20201116,5,109
11358,6,C,0,502020808050,20201116,5,110
11359,5,C,1,502020808040,20201116,5,111
11360,6,C,1,502020806440,20201116,5,112
11361,5,C,0,502020806432,20201116,5,113
11362,6,C,0,502020805132,20201116,5,114
11363,5,C,0,502020805125,20201116,5,115
11364,4,B,1,502020808050,20201116,5,116
11365,3,B,0,502020648050,20201116,5,117
11366,4,B,1,502016648050,20201116,5,118
11367,6,C,0,502020808050,20201116,5,119
11368,5,C,0,502020808040,20201116,5,120
11369,6,C,1,502020806440,20201116,5,121
11370,5,C,0,502020806432,20201116,5,122
11371,6,C,0,502020805132,20201116,5,123
11372,5,C,0,502020805125,20201116,5,124
11373,4,B,1,502020808050,20201116,5,125
11374,3,B,1,502020648050,20201116,5,126
11375,4,B,0,502016648050,20201116,5,127
11376,3,B,0,502016518050,20201116,5,128
11377,4,B,0,502012518050,20201116,5,129
11378,1,A,1,502020808050,20201116,5,130
11379,2,A,1,402020808050,20201116,5,131
11380,1,A,0,401620808050,20201116,5,132
11381,2,A,0,321620808050,20201116,5,133
11382,5,C,1,502020808050,20201116,5,134
11383,6,C,1,502020806450,20201116,5,135
11384,5,C,0,502020806440,20201116,5,136
11385,6,C,0,502020805140,20201116,5,137
11386,5,C,1,502020805132,20201116,5,138
11387,4,B,1,502020808050,20201116,5,139
11388,3,B,0,502020648050,20201116,5,140
11389,4,B,0,502016648050,20201116,5,141
11390,3,B,0,502016518050,20201116,5,142
11391,4,B,0,502012518050,20201116,5,143
11392,6,C,1,502020808050,20201116,5,144
11393,5,C,0,502020808040,20201116,5,145
11394,6,C,0,502020806440,20201116,5,146
11395,5,C,1,502020806432,20201116,5,147
11396,4,B,1,502020808050,20201116,5,148
11397,3,B,0,502020648050,20201116,5,149
11398,4,B,1,502016648050,20201116,5,150
11399,1,A,0,502020808050,20201116,5,151
11400,2,A,0,402020808050,20201116,5,152
11401,1,A,0,401620808050,20201116,5,153
11402,5,C,1,502020808050,20201116,5,154
11403,6,C,0,502020806450,20201116,5,155
11404,5,C,1,502020806440,20201116,5,156
11405,6,C,1,502020805140,20201116,5,157
11406,5,C,1,502020805132,20201116,5,158
11407,6,C,0,502020804032,20201116,5,159
11408,5,C,1,502020804025,20201116,5,160
11409,4,B,1,502020808050,20201116,5,161
11410,3,B,0,502020648050,20201116,5,162
11411,4,B,1,502016648050,20201116,5,163
11412,6,C,1,502020808050,20201116,5,164
11413,5,C,1,502020808040,20201116,5,165
11414,6,C,1,502020806440,20201116,5,166
11415,5,C,0,502020806432,20201116,5,167
11416,6,C,1,502020805132,20201116,5,168
11417,5,C,1,502020805125,20201116,5,169
11418,6,C,0,502020804025,20201116,5,170
11419,5,C,1,502020804020,20201116,5,171
11420,4,B,1,502020808050,20201116,5,172
11421,3,B,0,502020648050,20201116,5,173
11422,4,B,1,502016648050,20201116,5,174
11423,6,C,1,502020808050,20201116,5,175
11424,5,C,1,502020808040,20201116,5,176
11425,6,C,0,502020806440,20201116,5,177
11426,5,C,1,502020806432,20201116,5,178
11427,6,C,0,502020805132,20201116,5,179
11428,5,C,0,502020805125,20201116,5,180
11429,4,B,0,502020808050,20201116,5,181
11430,3,B,0,502020648050,20201116,5,182
11431,4,B,0,502016648050,20201116,5,183
11432,1,A,1,502020808050,20201116,5,184
11433,2,A,0,402020808050,20201116,5,185
11434,1,A,1,401620808050,20201116,5,186
11435,5,C,1,502020808050,20201116,5,187
11436,6,C,0,502020806450,20201116,5,188
11437,5,C,1,502020806440,20201116,5,189
11438,6,C,0,502020805140,20201116,5,190
11439,5,C,0,502020805132,20201116,5,191
11440,4,B,1,502020808050,20201116,5,192
11441,6,C,1,502020808050,20201116,5,193
11442,5,C,1,502020808040,20201116,5,194
11443,6,C,1,502020806440,20201116,5,195
11444,5,C,1,502020806432,20201116,5,196
11445,6,C,0,502020805132,20201116,5,197
11446,5,C,1,502020805125,20201116,5,198
11447,6,C,0,502020804025,20201116,5,199
11448,5,C,0,502020804020,20201116,5,200
11449,4,B,1,502020808050,20201116,5,201
11450,3,B,0,502020648050,20201116,5,202
11451,4,B,1,502016648050,20201116,5,203
11452,6,C,0,502020808050,20201116,5,204
11453,5,C,1,502020808040,20201116,5,205
11454,6,C,0,502020806440,20201116,5,206
11455,5,C,1,502020806432,20201116,5,207
11456,6,C,1,502020805132,20201116,5,208
11457,5,C,0,502020805125,20201116,5,209
11458,6,C,0,502020804025,20201116,5,210
11459,5,C,1,502020804020,20201116,5,211
11460,6,C,0,502020803220,20201116,5,212
11461,5,C,0,502020803216,20201116,5,213
11462,4,B,1,502020808050,20201116,5,214
11463,6,C,0,502020808050,20201116,5,215
11464,5,C,1,502020808040,20201116,5,216
11465,6,C,0,502020806440,20201116,5,217
11466,5,C,0,502020806432,20201116,5,218
11467,4,B,1,502020808050,20201116,5,219
11468,6,C,1,502020808050,20201116,5,220
11469,5,C,1,502020808040,20201116,5,221
11470,6,C,0,502020806440,20201116,5,222
11471,5,C,1,502020806432,20201116,5,223
11472,6,C,0,502020805132,20201116,5,224
11473,5,C,1,502020805125,20201116,5,225
11474,4,B,1,502020808050,20201116,5,226
11475,3,B,1,502020648050,20201116,5,227
11476,4,B,1,502016648050,20201116,5,228
11477,6,C,0,502020808050,20201116,5,229
11478,5,C,1,502020808040,20201116,5,230
11479,6,C,1,502020806440,20201116,5,231
11480,5,C,0,502020806432,20201116,5,232
11481,6,C,0,502020805132,20201116,5,233
11482,5,C,0,502020805125,20201116,5,234
11483,6,C,0,502020804025,20201116,5,235
11484,5,C,1,502020804020,20201116,5,236
11485,4,B,1,502020808050,20201116,5,237
11486,6,C,0,502020808050,20201116,5,238
11487,5,C,1,502020808040,20201116,5,239
11488,6,C,1,502020806440,20201116,5,240
11489,5,C,1,502020806432,20201116,5,241
11490,6,C,1,502020805132,20201116,5,242
11491,5,C,1,502020805125,20201116,5,243
11492,6,C,0,502020804025,20201116,5,244
11493,5,C,1,502020804020,20201116,5,245
11494,4,B,0,502020808050,20201116,5,246
11495,3,B,0,502020648050,20201116,5,247
11496,4,B,1,502016648050,20201116,5,248
11497,6,C,1,502020808050,20201116,5,249
11498,5,C,0,502020808040,20201116,5,250
11499,6,C,1,502020806440,20201116,5,251
11500,5,C,0,502020806432,20201116,5,252
11501,6,C,0,502020805132,20201116,5,253
11502,5,C,1,502020805125,20201116,5,254
11503,6,C,0,502020804025,20201116,5,255
11504,5,C,1,502020804020,20201116,5,256
11505,4,B,1,502020808050,20201116,5,257
11506,3,B,0,502020648050,20201116,5,258
11507,4,B,0,502016648050,20201116,5,259
11508,6,C,0,502020808050,20201116,5,260
11509,5,C,1,502020808040,20201116,5,261
11510,6,C,1,502020806440,20201116,5,262
11511,5,C,1,502020806432,20201116,5,263
11512,6,C,0,502020805132,20201116,5,264
11513,5,C,1,502020805125,20201116,5,265
11514,6,C,0,502020804025,20201116,5,266
11515,5,C,1,502020804020,20201116,5,267
11516,6,C,0,502020803220,20201116,5,268
11517,5,C,0,502020803216,20201116,5,269
11518,6,C,0,502020802616,20201116,5,270
11519,5,C,0,502020802613,20201116,5,271
11520,4,B,0,502020808050,20201116,5,272
11521,3,B,0,502020648050,20201116,5,273
11522,4,B,0,502016648050,20201116,5,274
11523,6,C,1,502020808050,20201116,5,275
11524,5,C,0,502020808040,20201116,5,276
11525,6,C,0,502020806440,20201116,5,277
11526,5,C,1,502020806432,20201116,5,278
11527,6,C,1,502020805132,20201116,5,279
11528,5,C,1,502020805125,20201116,5,280
11529,6,C,0,502020804025,20201116,5,281
11530,5,C,0,502020804020,20201116,5,282
11531,4,B,1,502020808050,20201116,5,283
11532,6,C,0,502020808050,20201116,5,284
11533,5,C,1,502020808040,20201116,5,285
11534,6,C,0,502020806440,20201116,5,286
11535,5,C,1,502020806432,20201116,5,287
11536,4,B,1,502020808050,20201116,5,288
11537,3,B,0,502020648050,20201116,5,289
11538,4,B,1,502016648050,20201116,5,290
11539,3,B,0,502016518050,20201116,5,291
11540,4,B,0,502012518050,20201116,5,292
11541,6,C,1,502020808050,20201116,5,293
11542,5,C,1,502020808040,20201116,5,294
11543,6,C,0,502020806440,20201116,5,295
11544,5,C,1,502020806432,20201116,5,296
11545,4,B,1,502020808050,20201116,5,297
11546,6,C,0,502020808050,20201116,5,298
11547,5,C,1,502020808040,20201116,5,299
11548,4,B,1,508020502080,20201117,1,0
11549,3,B,1,508020402080,20201117,1,1
11550,4,B,1,508016402080,20201117,1,2
11551,1,A,0,508020502080,20201117,1,3
11552,2,A,0,408020502080,20201117,1,4
11553,1,A,1,406420502080,20201117,1,5
11554,2,A,1,326420502080,20201117,1,6
11555,6,C,1,508020502080,20201117,1,7
11556,5,C,0,508020502064,20201117,1,8
11557,6,C,1,508020501664,20201117,1,9
11558,5,C,0,508020501651,20201117,1,10
11559,6,C,1,508020501251,20201117,1,11
11560,4,B,1,508020502080,20201117,1,12
11561,3,B,0,508020402080,20201117,1,13
11562,4,B,1,508016402080,20201117,1,14
11563,3,B,1,508016322080,20201117,1,15
11564,4,B,1,508012322080,20201117,1,16
11565,3,B,0,508012252080,20201117,1,17
11566,4,B,0,508010252080,20201117,1,18
11567,1,A,0,508020502080,20201117,1,19
11568,2,A,1,408020502080,20201117,1,20
11569,6,C,0,508020502080,20201117,1,21
11570,5,C,0,508020502064,20201117,1,22
11571,6,C,1,508020501664,20201117,1,23
11572,4,B,0,508020502080,20201117,1,24
11573,3,B,0,508020402080,20201117,1,25
11574,4,B,1,508016402080,20201117,1,26
11575,3,B,0,508016322080,20201117,1,27
11576,4,B,0,508012322080,20201117,1,28
11577,6,C,0,508020502080,20201117,1,29
11578,5,C,0,508020502064,20201117,1,30
11579,1,A,0,508020502080,20201117,1,31
11580,2,A,0,408020502080,20201117,1,32
11581,1,A,0,406420502080,20201117,1,33
11582,2,A,0,326420502080,20201117,1,34
11583,4,B,0,508020502080,20201117,1,35
11584,3,B,1,508020402080,20201117,1,36
11585,4,B,1,508016402080,20201117,1,37
11586,3,B,0,508016322080,20201117,1,38
11587,4,B,0,508012322080,20201117,1,39
11588,6,C,1,508020502080,20201117,1,40
11589,5,C,0,508020502064,20201117,1,41
11590,6,C,1,508020501664,20201117,1,42
11591,1,A,0,508020502080,20201117,1,43
11592,2,A,1,408020502080,20201117,1,44
11593,1,A,1,406420502080,20201117,1,45
11594,2,A,0,326420502080,20201117,1,46
11595,4,B,1,508020502080,20201117,1,47
11596,3,B,0,508020402080,20201117,1,48
11597,4,B,0,508016402080,20201117,1,49
11598,6,C,0,508020502080,20201117,1,50
11599,5,C,0,508020502064,20201117,1,51
11600,6,C,0,508020501664,20201117,1,52
11601,4,B,1,508020502080,20201117,1,53
11602,3,B,0,508020402080,20201117,1,54
11603,4,B,0,508016402080,20201117,1,55
11604,3,B,0,508016322080,20201117,1,56
11605,1,A,0,508020502080,20201117,1,57
11606,2,A,0,408020502080,20201117,1,58
11607,6,C,1,508020502080,20201117,1,59
11608,5,C,0,508020502064,20201117,1,60
11609,6,C,1,508020501664,20201117,1,61
11610,1,A,0,508020502080,20201117,1,62
11611,2,A,1,408020502080,20201117,1,63
11612,1,A,0,406420502080,20201117,1,64
11613,2,A,1,326420502080,20201117,1,65
11614,4,B,1,508020502080,20201117,1,66
11615,3,B,0,508020402080,20201117,1,67
11616,4,B,0,508016402080,20201117,1,68
11617,6,C,1,508020502080,20201117,1,69
11618,5,C,0,508020502064,20201117,1,70
11619,6,C,1,508020501664,20201117,1,71
11620,4,B,0,508020502080,20201117,1,72
11621,3,B,0,508020402080,20201117,1,73
11622,4,B,0,508016402080,20201117,1,74
11623,2,A,1,508020502080,20201117,1,75
11624,1,A,0,506420502080,20201117,1,76
11625,2,A,1,406420502080,20201117,1,77
11626,1,A,1,405120502080,20201117,1,78
11627,2,A,1,325120502080,20201117,1,79
11628,1,A,0,324020502080,20201117,1,80
11629,2,A,1,254020502080,20201117,1,81
11630,6,C,0,508020502080,20201117,1,82
11631,5,C,0,508020502064,20201117,1,83
11632,6,C,0,508020501664,20201117,1,84
11633,4,B,0,508020502080,20201117,1,85
11634,2,A,1,508020502080,20201117,1,86
11635,1,A,0,506420502080,20201117,1,87
11636,2,A,1,406420502080,20201117,1,88
11637,6,C,0,508020502080,20201117,1,89
11638,2,A,1,508020502080,20201117,1,90
11639,1,A,1,506420502080,20201117,1,91
11640,2,A,1,406420502080,20201117,1,92
11641,1,A,0,405120502080,20201117,1,93
11642,2,A,1,325120502080,20201117,1,94
11643,4,B,1,508020502080,20201117,1,95
11644,2,A,1,508020502080,20201117,1,96
11645,1,A,1,506420502080,20201117,1,97
11646,2,A,1,406420502080,20201117,1,98
11647,1,A,1,405120502080,20201117,1,99
11648,2,A,0,325120502080,20201117,1,100
11649,1,A,0,324020502080,20201117,1,101
11650,2,A,0,254020502080,20201117,1,102
11651,4,B,0,508020502080,20201117,1,103
11652,2,A,1,508020502080,20201117,1,104
11653,1,A,1,506420502080,20201117,1,105
11654,2,A,0,406420502080,20201117,1,106
11655,1,A,1,405120502080,20201117,1,107
11656,2,A,0,325120502080,20201117,1,108
11657,1,A,0,324020502080,20201117,1,109
11658,2,A,0,254020502080,20201117,1,110
11659,6,C,1,508020502080,20201117,1,111
11660,4,B,0,508020502080,20201117,1,112
11661,3,B,0,508020402080,20201117,1,113
11662,4,B,1,508016402080,20201117,1,114
11663,2,A,1,508020502080,20201117,1,115
11664,1,A,1,506420502080,20201117,1,116
11665,2,A,1,406420502080,20201117,1,117
11666,1,A,1,405120502080,20201117,1,118
11667,2,A,1,325120502080,20201117,1,119
11668,1,A,1,324020502080,20201117,1,120
11669,2,A,1,254020502080,20201117,1,121
11670,1,A,0,253220502080,20201117,1,122
11671,2,A,0,203220502080,20201117,1,123
11672,6,C,1,508020502080,20201117,1,124
11673,2,A,1,508020502080,20201117,1,125
11674,1,A,1,506420502080,20201117,1,126
11675,2,A,1,406420502080,20201117,1,127
11676,1,A,0,405120502080,20201117,1,128
11677,2,A,1,325120502080,20201117,1,129
11678,1,A,1,324020502080,20201117,1,130
11679,2,A,0,254020502080,20201117,1,131
11680,4,B,1,508020502080,20201117,1,132
11681,3,B,0,508020402080,20201117,1,133
11682,4,B,0,508016402080,20201117,1,134
11683,2,A,1,508020502080,20201117,1,135
11684,1,A,1,506420502080,20201117,1,136
11685,2,A,1,406420502080,20201117,1,137
11686,1,A,0,405120502080,20201117,1,138
11687,2,A,0,325120502080,20201117,1,139
11688,1,A,0,324020502080,20201117,1,140
11689,2,A,0,254020502080,20201117,1,141
11690,4,B,1,508020502080,20201117,1,142
11691,2,A,1,508020502080,20201117,1,143
11692,1,A,1,506420502080,20201117,1,144
11693,2,A,0,406420502080,20201117,1,145
11694,1,A,0,405120502080,20201117,1,146
11695,2,A,1,325120502080,20201117,1,147
11696,4,B,0,508020502080,20201117,1,148
11697,3,B,0,508020402080,20201117,1,149
11698,4,B,0,508016402080,20201117,1,150
11699,2,A,0,508020502080,20201117,1,151
11700,1,A,1,506420502080,20201117,1,152
11701,2,A,0,406420502080,20201117,1,153
11702,1,A,0,405120502080,20201117,1,154
11703,2,A,0,325120502080,20201117,1,155
11704,6,C,0,508020502080,20201117,1,156
11705,4,B,1,508020502080,20201117,1,157
11706,2,A,1,508020502080,20201117,1,158
11707,1,A,0,506420502080,20201117,1,159
11708,2,A,1,406420502080,20201117,1,160
11709,1,A,0,405120502080,20201117,1,161
11710,2,A,1,325120502080,20201117,1,162
11711,4,B,1,508020502080,20201117,1,163
11712,2,A,1,508020502080,20201117,1,164
11713,1,A,0,506420502080,20201117,1,165
11714,2,A,0,406420502080,20201117,1,166
11715,6,C,1,508020502080,20201117,1,167
11716,5,C,0,508020502064,20201117,1,168
11717,6,C,1,508020501664,20201117,1,169
11718,2,A,1,508020502080,20201117,1,170
11719,1,A,1,506420502080,20201117,1,171
11720,2,A,0,406420502080,20201117,1,172
11721,1,A,0,405120502080,20201117,1,173
11722,2,A,1,325120502080,20201117,1,174
11723,4,B,0,508020502080,20201117,1,175
11724,2,A,1,508020502080,20201117,1,176
11725,1,A,0,506420502080,20201117,1,177
11726,2,A,1,406420502080,20201117,1,178
11727,6,C,1,508020502080,20201117,1,179
11728,2,A,1,508020502080,20201117,1,180
11729,1,A,1,506420502080,20201117,1,181
11730,2,A,1,406420502080,20201117,1,182
11731,1,A,1,405120502080,20201117,1,183
11732,2,A,0,325120502080,20201117,1,184
11733,4,B,0,508020502080,20201117,1,185
11734,2,A,0,508020502080,20201117,1,186
11735,1,A,1,506420502080,20201117,1,187
11736,2,A,1,406420502080,20201117,1,188
11737,1,A,0,405120502080,20201117,1,189
11738,2,A,0,325120502080,20201117,1,190
11739,6,C,1,508020502080,20201117,1,191
11740,2,A,1,508020502080,20201117,1,192
11741,1,A,1,506420502080,20201117,1,193
11742,2,A,1,406420502080,20201117,1,194
11743,1,A,1,405120502080,20201117,1,195
11744,2,A,1,325120502080,20201117,1,196
11745,1,A,0,324020502080,20201117,1,197
11746,2,A,0,254020502080,20201117,1,198
11747,4,B,1,508020502080,20201117,1,199
11748,2,A,1,508020502080,20201117,1,200
11749,1,A,0,506420502080,20201117,1,201
11750,2,A,0,406420502080,20201117,1,202
11751,6,C,1,508020502080,20201117,1,203
11752,5,C,0,508020502064,20201117,1,204
11753,6,C,1,508020501664,20201117,1,205
11754,2,A,0,508020502080,20201117,1,206
11755,1,A,1,506420502080,20201117,1,207
11756,2,A,1,406420502080,20201117,1,208
11757,1,A,1,405120502080,20201117,1,209
11758,2,A,1,325120502080,20201117,1,210
11759,1,A,0,324020502080,20201117,1,211
11760,2,A,1,254020502080,20201117,1,212
11761,6,C,1,508020502080,20201117,1,213
11762,2,A,1,508020502080,20201117,1,214
11763,1,A,0,506420502080,20201117,1,215
11764,2,A,0,406420502080,20201117,1,216
11765,1,A,0,405120502080,20201117,1,217
11766,2,A,0,325120502080,20201117,1,218
11767,4,B,1,508020502080,20201117,1,219
11768,2,A,1,508020502080,20201117,1,220
11769,1,A,0,506420502080,20201117,1,221
11770,2,A,0,406420502080,20201117,1,222
11771,4,B,1,508020502080,20201117,1,223
11772,2,A,1,508020502080,20201117,1,224
11773,1,A,0,506420502080,20201117,1,225
11774,2,A,1,406420502080,20201117,1,226
11775,6,C,0,508020502080,20201117,1,227
11776,2,A,1,508020502080,20201117,1,228
11777,1,A,1,506420502080,20201117,1,229
11778,2,A,0,406420502080,20201117,1,230
11779,1,A,1,405120502080,20201117,1,231
11780,2,A,1,325120502080,20201117,1,232
11781,4,B,0,508020502080,20201117,1,233
11782,2,A,1,508020502080,20201117,1,234
11783,1,A,0,506420502080,20201117,1,235
11784,2,A,1,406420502080,20201117,1,236
11785,6,C,1,508020502080,20201117,1,237
11786,2,A,1,508020502080,20201117,1,238
11787,1,A,1,506420502080,20201117,1,239
11788,2,A,1,406420502080,20201117,1,240
11789,1,A,0,405120502080,20201117,1,241
11790,2,A,1,325120502080,20201117,1,242
11791,6,C,1,508020502080,20201117,1,243
11792,2,A,1,508020502080,20201117,1,244
11793,1,A,1,506420502080,20201117,1,245
11794,2,A,0,406420502080,20201117,1,246
11795,1,A,0,405120502080,20201117,1,247
11796,2,A,0,325120502080,20201117,1,248
11797,6,C,1,508020502080,20201117,1,249
11798,2,A,1,508020502080,20201117,1,250
11799,1,A,1,506420502080,20201117,1,251
11800,2,A,1,406420502080,20201117,1,252
11801,1,A,1,405120502080,20201117,1,253
11802,2,A,0,325120502080,20201117,1,254
11803,6,C,1,508020502080,20201117,1,255
11804,2,A,0,508020502080,20201117,1,256
11805,1,A,1,506420502080,20201117,1,257
11806,2,A,0,406420502080,20201117,1,258
11807,1,A,1,405120502080,20201117,1,259
11808,2,A,1,325120502080,20201117,1,260
11809,1,A,1,324020502080,20201117,1,261
11810,6,C,1,508020502080,20201117,1,262
11811,2,A,1,508020502080,20201117,1,263
11812,1,A,1,506420502080,20201117,1,264
11813,2,A,0,406420502080,20201117,1,265
11814,1,A,0,405120502080,20201117,1,266
11815,2,A,0,325120502080,20201117,1,267
11816,6,C,1,508020502080,20201117,1,268
11817,2,A,1,508020502080,20201117,1,269
11818,1,A,0,506420502080,20201117,1,270
11819,2,A,0,406420502080,20201117,1,271
11820,6,C,1,508020502080,20201117,1,272
11821,2,A,1,508020502080,20201117,1,273
11822,1,A,0,506420502080,20201117,1,274
11823,2,A,1,406420502080,20201117,1,275
11824,1,A,0,405120502080,20201117,1,276
11825,2,A,1,325120502080,20201117,1,277
11826,1,A,0,324020502080,20201117,1,278
11827,2,A,0,254020502080,20201117,1,279
11828,6,C,0,508020502080,20201117,1,280
11829,2,A,1,508020502080,20201117,1,281
11830,1,A,0,506420502080,20201117,1,282
11831,2,A,1,406420502080,20201117,1,283
11832,6,C,1,508020502080,20201117,1,284
11833,2,A,1,508020502080,20201117,1,285
11834,1,A,0,506420502080,20201117,1,286
11835,2,A,1,406420502080,20201117,1,287
11836,6,C,1,508020502080,20201117,1,288
11837,2,A,1,508020502080,20201117,1,289
11838,1,A,0,506420502080,20201117,1,290
11839,2,A,1,406420502080,20201117,1,291
11840,6,C,1,508020502080,20201117,1,292
11841,2,A,1,508020502080,20201117,1,293
11842,1,A,0,506420502080,20201117,1,294
11843,2,A,1,406420502080,20201117,1,295
11844,6,C,1,508020502080,20201117,1,296
11845,2,A,1,508020502080,20201117,1,297
11846,1,A,1,506420502080,20201117,1,298
11847,2,A,1,406420502080,20201117,1,299
11848,4,B,1,802050202020,20201117,2,0
11849,3,B,0,802050162020,20201117,2,1
11850,4,B,0,802040162020,20201117,2,2
11851,2,A,0,802050202020,20201117,2,3
11852,1,A,1,801650202020,20201117,2,4
11853,2,A,0,641650202020,20201117,2,5
11854,6,C,0,802050202020,20201117,2,6
11855,5,C,0,802050202016,20201117,2,7
11856,6,C,0,802050201616,20201117,2,8
11857,5,C,0,802050201612,20201117,2,9
11858,4,B,0,802050202020,20201117,2,10
11859,3,B,1,802050162020,20201117,2,11
11860,4,B,0,802040162020,20201117,2,12
11861,3,B,0,802040122020,20201117,2,13
11862,2,A,0,802050202020,20201117,2,14
11863,1,A,1,801650202020,20201117,2,15
11864,2,A,0,641650202020,20201117,2,16
11865,1,A,1,641250202020,20201117,2,17
11866,6,C,1,802050202020,20201117,2,18
11867,5,C,0,802050202016,20201117,2,19
11868,6,C,0,802050201616,20201117,2,20
11869,1,A,1,802050202020,20201117,2,21
11870,2,A,0,642050202020,20201117,2,22
11871,1,A,1,641650202020,20201117,2,23
11872,4,B,0,802050202020,20201117,2,24
11873,3,B,1,802050162020,20201117,2,25
11874,4,B,0,802040162020,20201117,2,26
11875,3,B,0,802040122020,20201117,2,27
11876,1,A,1,802050202020,20201117,2,28
11877,2,A,0,642050202020,20201117,2,29
11878,1,A,1,641650202020,20201117,2,30
11879,5,C,0,802050202020,20201117,2,31
11880,6,C,1,802050201620,20201117,2,32
11881,5,C,0,802050201616,20201117,2,33
11882,6,C,0,802050201216,20201117,2,34
11883,1,A,1,802050202020,20201117,2,35
11884,2,A,0,642050202020,20201117,2,36
11885,1,A,0,641650202020,20201117,2,37
11886,6,C,1,802050202020,20201117,2,38
11887,2,A,0,802050202020,20201117,2,39
11888,1,A,1,801650202020,20201117,2,40
11889,4,B,0,802050202020,20201117,2,41
11890,3,B,1,802050162020,20201117,2,42
11891,1,A,1,802050202020,20201117,2,43
11892,2,A,0,642050202020,20201117,2,44
11893,1,A,0,641650202020,20201117,2,45
11894,2,A,0,511650202020,20201117,2,46
11895,1,A,0,511250202020,20201117,2,47
11896,6,C,0,802050202020,20201117,2,48
11897,5,C,0,802050202016,20201117,2,49
11898,6,C,1,802050201616,20201117,2,50
11899,1,A,1,802050202020,20201117,2,51
11900,4,B,0,802050202020,20201117,2,52
11901,3,B,1,802050162020,20201117,2,53
11902,6,C,0,802050202020,20201117,2,54
11903,5,C,0,802050202016,20201117,2,55
11904,6,C,0,802050201616,20201117,2,56
11905,1,A,1,802050202020,20201117,2,57
11906,2,A,0,642050202020,20201117,2,58
11907,1,A,0,641650202020,20201117,2,59
11908,6,C,0,802050202020,20201117,2,60
11909,1,A,1,802050202020,20201117,2,61
11910,2,A,1,642050202020,20201117,2,62
11911,1,A,0,641650202020,20201117,2,63
11912,4,B,0,802050202020,20201117,2,64
11913,3,B,0,802050162020,20201117,2,65
11914,4,B,0,802040162020,20201117,2,66
11915,6,C,0,802050202020,20201117,2,67
11916,5,C,0,802050202016,20201117,2,68
11917,6,C,0,802050201616,20201117,2,69
11918,1,A,1,802050202020,20201117,2,70
11919,2,A,1,642050202020,20201117,2,71
11920,1,A,0,641650202020,20201117,2,72
11921,2,A,0,511650202020,20201117,2,73
11922,1,A,1,511250202020,20201117,2,74
11923,6,C,0,802050202020,20201117,2,75
11924,1,A,1,802050202020,20201117,2,76
11925,2,A,0,642050202020,20201117,2,77
11926,1,A,1,641650202020,20201117,2,78
11927,6,C,0,802050202020,20201117,2,79
11928,1,A,1,802050202020,20201117,2,80
11929,2,A,0,642050202020,20201117,2,81
11930,1,A,1,641650202020,20201117,2,82
11931,4,B,0,802050202020,20201117,2,83
11932,3,B,0,802050162020,20201117,2,84
11933,4,B,1,802040162020,20201117,2,85
11934,6,C,0,802050202020,20201117,2,86
11935,5,C,0,802050202016,20201117,2,87
11936,6,C,0,802050201616,20201117,2,88
11937,1,A,1,802050202020,20201117,2,89
11938,2,A,0,642050202020,20201117,2,90
11939,1,A,0,641650202020,20201117,2,91
11940,6,C,0,802050202020,20201117,2,92
11941,1,A,1,802050202020,20201117,2,93
11942,2,A,1,642050202020,20201117,2,94
11943,1,A,0,641650202020,20201117,2,95
11944,2,A,1,511650202020,20201117,2,96
11945,1,A,1,511250202020,20201117,2,97
11946,2,A,0,401250202020,20201117,2,98
11947,1,A,1,401050202020,20201117,2,99
11948,2,A,0,321050202020,20201117,2,100
11949,1,A,1,320850202020,20201117,2,101
11950,2,A,0,260850202020,20201117,2,102
11951,1,A,0,260650202020,20201117,2,103
11952,4,B,0,802050202020,20201117,2,104
11953,3,B,0,802050162020,20201117,2,105
11954,1,A,0,802050202020,20201117,2,106
11955,2,A,0,642050202020,20201117,2,107
11956,1,A,0,641650202020,20201117,2,108
11957,2,A,0,511650202020,20201117,2,109
11958,1,A,1,511250202020,20201117,2,110
11959,6,C,0,802050202020,20201117,2,111
11960,1,A,1,802050202020,20201117,2,112
11961,2,A,0,642050202020,20201117,2,113
11962,1,A,1,641650202020,20201117,2,114
11963,6,C,0,802050202020,20201117,2,115
11964,1,A,1,802050202020,20201117,2,116
11965,2,A,0,642050202020,20201117,2,117
11966,1,A,0,641650202020,20201117,2,118
11967,2,A,0,511650202020,20201117,2,119
11968,1,A,0,511250202020,20201117,2,120
11969,4,B,0,802050202020,20201117,2,121
11970,1,A,1,802050202020,20201117,2,122
11971,2,A,0,642050202020,20201117,2,123
11972,1,A,1,641650202020,20201117,2,124
11973,2,A,1,511650202020,20201117,2,125
11974,1,A,0,511250202020,20201117,2,126
11975,2,A,0,401250202020,20201117,2,127
11976,1,A,0,401050202020,20201117,2,128
11977,4,B,1,802050202020,20201117,2,129
11978,1,A,1,802050202020,20201117,2,130
11979,2,A,0,642050202020,20201117,2,131
11980,1,A,0,641650202020,20201117,2,132
11981,2,A,0,511650202020,20201117,2,133
11982,1,A,1,511250202020,20201117,2,134
11983,2,A,1,401250202020,20201117,2,135
11984,1,A,0,401050202020,20201117,2,136
11985,2,A,0,321050202020,20201117,2,137
11986,1,A,0,320850202020,20201117,2,138
11987,2,A,0,260850202020,20201117,2,139
11988,6,C,0,802050202020,20201117,2,140
11989,5,C,0,802050202016,20201117,2,141
11990,6,C,0,802050201616,20201117,2,142
11991,1,A,1,802050202020,20201117,2,143
11992,2,A,1,642050202020,20201117,2,144
11993,1,A,1,641650202020,20201117,2,145
11994,2,A,0,511650202020,20201117,2,146
11995,1,A,0,511250202020,20201117,2,147
11996,2,A,0,401250202020,20201117,2,148
11997,1,A,0,401050202020,20201117,2,149
11998,4,B,0,802050202020,20201117,2,150
11999,1,A,1,802050202020,20201117,2,151
12000,2,A,0,642050202020,20201117,2,152
12001,1,A,1,641650202020,20201117,2,153
12002,2,A,1,511650202020,20201117,2,154
12003,1,A,1,511250202020,20201117,2,155
12004,2,A,0,401250202020,20201117,2,156
12005,1,A,1,401050202020,20201117,2,157
12006,2,A,0,321050202020,20201117,2,158
12007,1,A,0,320850202020,20201117,2,159
12008,4,B,0,802050202020,20201117,2,160
12009,3,B,0,802050162020,20201117,2,161
12010,4,B,0,802040162020,20201117,2,162
12011,1,A,1,802050202020,20201117,2,163
12012,2,A,1,642050202020,20201117,2,164
12013,1,A,0,641650202020,20201117,2,165
12014,2,A,0,511650202020,20201117,2,166
12015,1,A,1,511250202020,20201117,2,167
12016,2,A,0,401250202020,20201117,2,168
12017,1,A,0,401050202020,20201117,2,169
12018,4,B,0,802050202020,20201117,2,170
12019,1,A,0,802050202020,20201117,2,171
12020,2,A,0,642050202020,20201117,2,172
12021,1,A,1,641650202020,20201117,2,173
12022,2,A,0,511650202020,20201117,2,174
12023,1,A,1,511250202020,20201117,2,175
12024,2,A,0,401250202020,20201117,2,176
12025,1,A,1,401050202020,20201117,2,177
12026,6,C,1,802050202020,20201117,2,178
12027,1,A,1,802050202020,20201117,2,179
12028,2,A,0,642050202020,20201117,2,180
12029,1,A,1,641650202020,20201117,2,181
12030,2,A,1,511650202020,20201117,2,182
12031,1,A,0,511250202020,20201117,2,183
12032,2,A,0,401250202020,20201117,2,184
12033,1,A,0,401050202020,20201117,2,185
12034,4,B,1,802050202020,20201117,2,186
12035,1,A,1,802050202020,20201117,2,187
12036,2,A,1,642050202020,20201117,2,188
12037,1,A,1,641650202020,20201117,2,189
12038,2,A,0,511650202020,20201117,2,190
12039,1,A,0,511250202020,20201117,2,191
12040,2,A,1,401250202020,20201117,2,192
12041,1,A,1,401050202020,20201117,2,193
12042,2,A,0,321050202020,20201117,2,194
12043,1,A,1,320850202020,20201117,2,195
12044,2,A,0,260850202020,20201117,2,196
12045,1,A,0,260650202020,20201117,2,197
12046,4,B,0,802050202020,20201117,2,198
12047,3,B,0,802050162020,20201117,2,199
12048,1,A,1,802050202020,20201117,2,200
12049,2,A,1,642050202020,20201117,2,201
12050,1,A,1,641650202020,20201117,2,202
12051,2,A,0,511650202020,20201117,2,203
12052,1,A,0,511250202020,20201117,2,204
12053,2,A,1,401250202020,20201117,2,205
12054,1,A,0,401050202020,20201117,2,206
12055,2,A,0,321050202020,20201117,2,207
12056,1,A,0,320850202020,20201117,2,208
12057,2,A,0,260850202020,20201117,2,209
12058,1,A,0,260650202020,20201117,2,210
12059,4,B,0,802050202020,20201117,2,211
12060,1,A,1,802050202020,20201117,2,212
12061,2,A,1,642050202020,20201117,2,213
12062,1,A,1,641650202020,20201117,2,214
12063,2,A,0,511650202020,20201117,2,215
12064,1,A,1,511250202020,20201117,2,216
12065,2,A,0,401250202020,20201117,2,217
12066,1,A,0,401050202020,20201117,2,218
12067,2,A,0,321050202020,20201117,2,219
12068,1,A,0,320850202020,20201117,2,220
12069,2,A,0,260850202020,20201117,2,221
12070,1,A,1,260650202020,20201117,2,222
12071,2,A,0,200650202020,20201117,2,223
12072,1,A,1,200550202020,20201117,2,224
12073,4,B,1,802050202020,20201117,2,225
12074,1,A,1,802050202020,20201117,2,226
12075,2,A,0,642050202020,20201117,2,227
12076,1,A,1,641650202020,20201117,2,228
12077,2,A,1,511650202020,20201117,2,229
12078,1,A,0,511250202020,20201117,2,230
12079,2,A,0,401250202020,20201117,2,231
12080,1,A,0,401050202020,20201117,2,232
12081,2,A,0,321050202020,20201117,2,233
12082,1,A,1,320850202020,20201117,2,234
12083,6,C,1,802050202020,20201117,2,235
12084,5,C,1,802050202016,20201117,2,236
12085,6,C,0,802050201616,20201117,2,237
12086,5,C,0,802050201612,20201117,2,238
12087,2,A,0,802050202020,20201117,2,239
12088,1,A,1,801650202020,20201117,2,240
12089,2,A,0,641650202020,20201117,2,241
12090,1,A,1,641250202020,20201117,2,242
12091,2,A,0,511250202020,20201117,2,243
12092,1,A,1,511050202020,20201117,2,244
12093,2,A,0,401050202020,20201117,2,245
12094,1,A,0,400850202020,20201117,2,246
12095,2,A,0,320850202020,20201117,2,247
12096,1,A,0,320650202020,20201117,2,248
12097,6,C,0,802050202020,20201117,2,249
12098,1,A,1,802050202020,20201117,2,250
12099,2,A,0,642050202020,20201117,2,251
12100,1,A,1,641650202020,20201117,2,252
12101,2,A,0,511650202020,20201117,2,253
12102,1,A,0,511250202020,20201117,2,254
12103,2,A,0,401250202020,20201117,2,255
12104,1,A,0,401050202020,20201117,2,256
12105,5,C,0,802050202020,20201117,2,257
12106,6,C,0,802050201620,20201117,2,258
12107,5,C,0,802050201616,20201117,2,259
12108,2,A,0,802050202020,20201117,2,260
12109,1,A,0,801650202020,20201117,2,261
12110,2,A,0,641650202020,20201117,2,262
12111,1,A,1,641250202020,20201117,2,263
12112,5,C,0,802050202020,20201117,2,264
12113,6,C,0,802050201620,20201117,2,265
12114,1,A,0,802050202020,20201117,2,266
12115,2,A,0,642050202020,20201117,2,267
12116,1,A,0,641650202020,20201117,2,268
12117,4,B,0,802050202020,20201117,2,269
12118,3,B,1,802050162020,20201117,2,270
12119,1,A,1,802050202020,20201117,2,271
12120,2,A,0,642050202020,20201117,2,272
12121,1,A,1,641650202020,20201117,2,273
12122,6,C,1,802050202020,20201117,2,274
12123,1,A,1,802050202020,20201117,2,275
12124,2,A,0,642050202020,20201117,2,276
12125,1,A,0,641650202020,20201117,2,277
12126,2,A,0,511650202020,20201117,2,278
12127,1,A,1,511250202020,20201117,2,279
12128,6,C,0,802050202020,20201117,2,280
12129,1,A,1,802050202020,20201117,2,281
12130,2,A,0,642050202020,20201117,2,282
12131,1,A,1,641650202020,20201117,2,283
12132,5,C,0,802050202020,20201117,2,284
12133,6,C,0,802050201620,20201117,2,285
12134,5,C,0,802050201616,20201117,2,286
12135,1,A,1,802050202020,20201117,2,287
12136,4,B,1,802050202020,20201117,2,288
12137,3,B,1,802050162020,20201117,2,289
12138,4,B,0,802040162020,20201117,2,290
12139,3,B,1,802040122020,20201117,2,291
12140,1,A,1,802050202020,20201117,2,292
12141,2,A,0,642050202020,20201117,2,293
12142,1,A,1,641650202020,20201117,2,294
12143,4,B,1,802050202020,20201117,2,295
12144,3,B,1,802050162020,20201117,2,296
12145,4,B,0,802040162020,20201117,2,297
12146,3,B,0,802040122020,20201117,2,298
12147,1,A,1,802050202020,20201117,2,299
12148,1,A,1,202080508020,20201117,3,0
12149,2,A,0,162080508020,20201117,3,1
12150,1,A,0,161680508020,20201117,3,2
12151,5,C,1,202080508020,20201117,3,3
12152,6,C,0,202080506420,20201117,3,4
12153,3,B,0,202080508020,20201117,3,5
12154,4,B,1,202064508020,20201117,3,6
12155,3,B,1,202064408020,20201117,3,7
12156,4,B,0,202051408020,20201117,3,8
12157,3,B,1,202051328020,20201117,3,9
12158,4,B,0,202040328020,20201117,3,10
12159,3,B,1,202040258020,20201117,3,11
12160,1,A,0,202080508020,20201117,3,12
12161,2,A,0,162080508020,20201117,3,13
12162,1,A,1,161680508020,20201117,3,14
12163,3,B,0,202080508020,20201117,3,15
12164,4,B,0,202064508020,20201117,3,16
12165,3,B,1,202064408020,20201117,3,17
12166,6,C,0,202080508020,20201117,3,18
12167,5,C,0,202080508016,20201117,3,19
12168,1,A,0,202080508020,20201117,3,20
12169,4,B,1,202080508020,20201117,3,21
12170,3,B,1,202080408020,20201117,3,22
12171,4,B,0,202064408020,20201117,3,23
12172,3,B,1,202064328020,20201117,3,24
12173,4,B,1,202051328020,20201117,3,25
12174,3,B,0,202051258020,20201117,3,26
12175,4,B,0,202040258020,20201117,3,27
12176,3,B,0,202040208020,20201117,3,28
12177,1,A,0,202080508020,20201117,3,29
12178,2,A,0,162080508020,20201117,3,30
12179,1,A,0,161680508020,20201117,3,31
12180,4,B,0,202080508020,20201117,3,32
12181,3,B,1,202080408020,20201117,3,33
12182,4,B,0,202064408020,20201117,3,34
12183,3,B,1,202064328020,20201117,3,35
12184,4,B,0,202051328020,20201117,3,36
12185,3,B,1,202051258020,20201117,3,37
12186,1,A,0,202080508020,20201117,3,38
12187,6,C,0,202080508020,20201117,3,39
12188,5,C,1,202080508016,20201117,3,40
12189,6,C,0,202080506416,20201117,3,41
12190,5,C,0,202080506412,20201117,3,42
12191,1,A,0,202080508020,20201117,3,43
12192,2,A,0,162080508020,20201117,3,44
12193,1,A,0,161680508020,20201117,3,45
12194,5,C,0,202080508020,20201117,3,46
12195,6,C,0,202080506420,20201117,3,47
12196,5,C,0,202080506416,20201117,3,48
12197,3,B,1,202080508020,20201117,3,49
12198,4,B,0,202064508020,20201117,3,50
12199,3,B,1,202064408020,20201117,3,51
12200,1,A,0,202080508020,20201117,3,52
12201,2,A,0,162080508020,20201117,3,53
12202,4,B,0,202080508020,20201117,3,54
12203,3,B,1,202080408020,20201117,3,55
12204,4,B,1,202064408020,20201117,3,56
12205,3,B,1,202064328020,20201117,3,57
12206,4,B,0,202051328020,20201117,3,58
12207,3,B,0,202051258020,20201117,3,59
12208,4,B,0,202040258020,20201117,3,60
12209,3,B,0,202040208020,20201117,3,61
12210,6,C,1,202080508020,20201117,3,62
12211,5,C,1,202080508016,20201117,3,63
12212,6,C,0,202080506416,20201117,3,64
12213,5,C,1,202080506412,20201117,3,65
12214,3,B,0,202080508020,20201117,3,66
12215,4,B,0,202064508020,20201117,3,67
12216,3,B,1,202064408020,20201117,3,68
12217,4,B,0,202051408020,20201117,3,69
12218,3,B,0,202051328020,20201117,3,70
12219,4,B,0,202040328020,20201117,3,71
12220,3,B,1,202040258020,20201117,3,72
12221,4,B,0,202032258020,20201117,3,73
12222,3,B,0,202032208020,20201117,3,74
12223,1,A,0,202080508020,20201117,3,75
12224,4,B,1,202080508020,20201117,3,76
12225,3,B,1,202080408020,20201117,3,77
12226,4,B,1,202064408020,20201117,3,78
12227,3,B,0,202064328020,20201117,3,79
12228,4,B,0,202051328020,20201117,3,80
12229,3,B,1,202051258020,20201117,3,81
12230,4,B,0,202040258020,20201117,3,82
12231,3,B,0,202040208020,20201117,3,83
12232,6,C,0,202080508020,20201117,3,84
12233,5,C,1,202080508016,20201117,3,85
12234,6,C,0,202080506416,20201117,3,86
12235,5,C,1,202080506412,20201117,3,87
12236,6,C,0,202080505112,20201117,3,88
12237,5,C,1,202080505110,20201117,3,89
12238,2,A,1,202080508020,20201117,3,90
12239,1,A,0,201680508020,20201117,3,91
12240,2,A,0,161680508020,20201117,3,92
12241,4,B,1,202080508020,20201117,3,93
12242,3,B,1,202080408020,20201117,3,94
12243,4,B,1,202064408020,20201117,3,95
12244,3,B,1,202064328020,20201117,3,96
12245,4,B,0,202051328020,20201117,3,97
12246,3,B,0,202051258020,20201117,3,98
12247,6,C,0,202080508020,20201117,3,99
12248,5,C,1,202080508016,20201117,3,100
12249,6,C,0,202080506416,20201117,3,101
12250,5,C,1,202080506412,20201117,3,102
12251,3,B,1,202080508020,20201117,3,103
12252,4,B,0,202064508020,20201117,3,104
12253,3,B,1,202064408020,20201117,3,105
12254,4,B,1,202051408020,20201117,3,106
12255,3,B,0,202051328020,20201117,3,107
12256,4,B,0,202040328020,20201117,3,108
12257,3,B,1,202040258020,20201117,3,109
12258,5,C,0,202080508020,20201117,3,110
12259,6,C,0,202080506420,20201117,3,111
12260,5,C,1,202080506416,20201117,3,112
12261,3,B,0,202080508020,20201117,3,113
12262,4,B,0,202064508020,20201117,3,114
12263,3,B,1,202064408020,20201117,3,115
12264,4,B,1,202051408020,20201117,3,116
12265,3,B,0,202051328020,20201117,3,117
12266,4,B,1,202040328020,20201117,3,118
12267,3,B,0,202040258020,20201117,3,119
12268,4,B,0,202032258020,20201117,3,120
12269,3,B,0,202032208020,20201117,3,121
12270,4,B,0,202026208020,20201117,3,122
12271,5,C,1,202080508020,20201117,3,123
12272,6,C,0,202080506420,20201117,3,124
12273,5,C,1,202080506416,20201117,3,125
12274,4,B,1,202080508020,20201117,3,126
12275,3,B,1,202080408020,20201117,3,127
12276,4,B,0,202064408020,20201117,3,128
12277,3,B,1,202064328020,20201117,3,129
12278,4,B,0,202051328020,20201117,3,130
12279,3,B,1,202051258020,20201117,3,131
12280,4,B,0,202040258020,20201117,3,132
12281,3,B,0,202040208020,20201117,3,133
12282,6,C,0,202080508020,20201117,3,134
12283,5,C,1,202080508016,20201117,3,135
12284,6,C,0,202080506416,20201117,3,136
12285,5,C,1,202080506412,20201117,3,137
12286,4,B,0,202080508020,20201117,3,138
12287,3,B,1,202080408020,20201117,3,139
12288,4,B,0,202064408020,20201117,3,140
12289,3,B,0,202064328020,20201117,3,141
12290,6,C,0,202080508020,20201117,3,142
12291,5,C,1,202080508016,20201117,3,143
12292,6,C,0,202080506416,20201117,3,144
12293,5,C,1,202080506412,20201117,3,145
12294,4,B,1,202080508020,20201117,3,146
12295,3,B,1,202080408020,20201117,3,147
12296,4,B,1,202064408020,20201117,3,148
12297,3,B,1,202064328020,20201117,3,149
12298,4,B,1,202051328020,20201117,3,150
12299,3,B,0,202051258020,20201117,3,151
12300,4,B,0,202040258020,20201117,3,152
12301,3,B,0,202040208020,20201117,3,153
12302,5,C,1,202080508020,20201117,3,154
12303,6,C,0,202080506420,20201117,3,155
12304,5,C,1,202080506416,20201117,3,156
12305,4,B,1,202080508020,20201117,3,157
12306,3,B,1,202080408020,20201117,3,158
12307,4,B,1,202064408020,20201117,3,159
12308,3,B,1,202064328020,20201117,3,160
12309,4,B,0,202051328020,20201117,3,161
12310,3,B,1,202051258020,20201117,3,162
12311,5,C,1,202080508020,20201117,3,163
12312,6,C,0,202080506420,20201117,3,164
12313,5,C,0,202080506416,20201117,3,165
12314,4,B,1,202080508020,20201117,3,166
12315,3,B,1,202080408020,20201117,3,167
12316,4,B,0,202064408020,20201117,3,168
12317,3,B,0,202064328020,20201117,3,169
12318,4,B,0,202051328020,20201117,3,170
12319,3,B,1,202051258020,20201117,3,171
12320,5,C,0,202080508020,20201117,3,172
12321,6,C,0,202080506420,20201117,3,173
12322,5,C,1,202080506416,20201117,3,174
12323,4,B,0,202080508020,20201117,3,175
12324,3,B,1,202080408020,20201117,3,176
12325,4,B,1,202064408020,20201117,3,177
12326,3,B,1,202064328020,20201117,3,178
12327,4,B,0,202051328020,20201117,3,179
12328,3,B,1,202051258020,20201117,3,180
12329,4,B,0,202040258020,20201117,3,181
12330,3,B,0,202040208020,20201117,3,182
12331,5,C,1,202080508020,20201117,3,183
12332,4,B,0,202080508020,20201117,3,184
12333,3,B,1,202080408020,20201117,3,185
12334,4,B,0,202064408020,20201117,3,186
12335,3,B,1,202064328020,20201117,3,187
12336,5,C,1,202080508020,20201117,3,188
12337,6,C,1,202080506420,20201117,3,189
12338,5,C,1,202080506416,20201117,3,190
12339,4,B,1,202080508020,20201117,3,191
12340,3,B,1,202080408020,20201117,3,192
12341,4,B,1,202064408020,20201117,3,193
12342,3,B,1,202064328020,20201117,3,194
12343,4,B,1,202051328020,20201117,3,195
12344,3,B,1,202051258020,20201117,3,196
12345,4,B,0,202040258020,20201117,3,197
12346,3,B,0,202040208020,20201117,3,198
12347,5,C,1,202080508020,20201117,3,199
12348,4,B,0,202080508020,20201117,3,200
12349,3,B,1,202080408020,20201117,3,201
12350,4,B,1,202064408020,20201117,3,202
12351,3,B,0,202064328020,20201117,3,203
12352,4,B,0,202051328020,20201117,3,204
12353,3,B,1,202051258020,20201117,3,205
12354,5,C,1,202080508020,20201117,3,206
12355,6,C,0,202080506420,20201117,3,207
12356,5,C,1,202080506416,20201117,3,208
12357,4,B,0,202080508020,20201117,3,209
12358,3,B,1,202080408020,20201117,3,210
12359,4,B,0,202064408020,20201117,3,211
12360,3,B,1,202064328020,20201117,3,212
12361,4,B,1,202051328020,20201117,3,213
12362,3,B,1,202051258020,20201117,3,214
12363,4,B,0,202040258020,20201117,3,215
12364,3,B,0,202040208020,20201117,3,216
12365,5,C,1,202080508020,20201117,3,217
12366,4,B,1,202080508020,20201117,3,218
12367,3,B,1,202080408020,20201117,3,219
12368,4,B,0,202064408020,20201117,3,220
12369,3,B,1,202064328020,20201117,3,221
12370,4,B,0,202051328020,20201117,3,222
12371,3,B,0,202051258020,20201117,3,223
12372,5,C,1,202080508020,20201117,3,224
12373,6,C,0,202080506420,20201117,3,225
12374,5,C,0,202080506416,20201117,3,226
12375,4,B,1,202080508020,20201117,3,227
12376,3,B,1,202080408020,20201117,3,228
12377,4,B,0,202064408020,20201117,3,229
12378,3,B,1,202064328020,20201117,3,230
12379,5,C,1,202080508020,20201117,3,231
12380,4,B,0,202080508020,20201117,3,232
12381,3,B,1,202080408020,20201117,3,233
12382,4,B,0,202064408020,20201117,3,234
12383,3,B,1,202064328020,20201117,3,235
12384,5,C,1,202080508020,20201117,3,236
12385,6,C,1,202080506420,20201117,3,237
12386,5,C,0,202080506416,20201117,3,238
12387,4,B,0,202080508020,20201117,3,239
12388,3,B,1,202080408020,20201117,3,240
12389,4,B,0,202064408020,20201117,3,241
12390,3,B,1,202064328020,20201117,3,242
12391,4,B,0,202051328020,20201117,3,243
12392,3,B,0,202051258020,20201117,3,244
12393,5,C,1,202080508020,20201117,3,245
12394,4,B,0,202080508020,20201117,3,246
12395,3,B,0,202080408020,20201117,3,247
12396,4,B,0,202064408020,20201117,3,248
12397,3,B,1,202064328020,20201117,3,249
12398,5,C,0,202080508020,20201117,3,250
12399,4,B,0,202080508020,20201117,3,251
12400,3,B,1,202080408020,20201117,3,252
12401,4,B,0,202064408020,20201117,3,253
12402,3,B,0,202064328020,20201117,3,254
12403,5,C,1,202080508020,20201117,3,255
12404,4,B,0,202080508020,20201117,3,256
12405,3,B,1,202080408020,20201117,3,257
12406,4,B,0,202064408020,20201117,3,258
12407,3,B,1,202064328020,20201117,3,259
12408,5,C,1,202080508020,20201117,3,260
12409,6,C,0,202080506420,20201117,3,261
12410,5,C,1,202080506416,20201117,3,262
12411,3,B,0,202080508020,20201117,3,263
12412,4,B,0,202064508020,20201117,3,264
12413,3,B,1,202064408020,20201117,3,265
12414,5,C,1,202080508020,20201117,3,266
12415,4,B,1,202080508020,20201117,3,267
12416,3,B,1,202080408020,20201117,3,268
12417,4,B,0,202064408020,20201117,3,269
12418,3,B,1,202064328020,20201117,3,270
12419,5,C,1,202080508020,20201117,3,271
12420,4,B,0,202080508020,20201117,3,272
12421,3,B,1,202080408020,20201117,3,273
12422,4,B,0,202064408020,20201117,3,274
12423,3,B,1,202064328020,20201117,3,275
12424,5,C,1,202080508020,20201117,3,276
12425,6,C,1,202080506420,20201117,3,277
12426,5,C,1,202080506416,20201117,3,278
12427,4,B,0,202080508020,20201117,3,279
12428,3,B,0,202080408020,20201117,3,280
12429,5,C,1,202080508020,20201117,3,281
12430,6,C,0,202080506420,20201117,3,282
12431,5,C,0,202080506416,20201117,3,283
12432,4,B,0,202080508020,20201117,3,284
12433,3,B,0,202080408020,20201117,3,285
12434,5,C,0,202080508020,20201117,3,286
12435,3,B,1,202080508020,20201117,3,287
12436,4,B,1,202064508020,20201117,3,288
12437,3,B,0,202064408020,20201117,3,289
12438,4,B,0,202051408020,20201117,3,290
12439,3,B,1,202051328020,20201117,3,291
12440,5,C,1,202080508020,20201117,3,292
12441,6,C,0,202080506420,20201117,3,293
12442,4,B,0,202020505080,20201117,4,0
12443,3,B,0,202020405080,20201117,4,1
12444,1,A,0,202020505080,20201117,4,2
12445,2,A,0,162020505080,20201117,4,3
12446,1,A,0,161620505080,20201117,4,4
12447,5,C,0,202020505080,20201117,4,5
12448,6,C,0,202020504080,20201117,4,6
12449,5,C,0,202020504064,20201117,4,7
12450,4,B,0,202020505080,20201117,4,8
12451,3,B,1,202020405080,20201117,4,9
12452,4,B,0,202016405080,20201117,4,10
12453,3,B,0,202016325080,20201117,4,11
12454,1,A,0,202020505080,20201117,4,12
12455,2,A,0,162020505080,20201117,4,13
12456,6,C,0,202020505080,20201117,4,14
12457,5,C,0,202020505064,20201117,4,15
12458,6,C,0,202020504064,20201117,4,16
12459,5,C,0,202020504051,20201117,4,17
12460,4,B,0,202020505080,20201117,4,18
12461,3,B,0,202020405080,20201117,4,19
12462,4,B,0,202016405080,20201117,4,20
12463,1,A,1,202020505080,20201117,4,21
12464,2,A,0,162020505080,20201117,4,22
12465,1,A,0,161620505080,20201117,4,23
12466,5,C,1,202020505080,20201117,4,24
12467,6,C,1,202020504080,20201117,4,25
12468,5,C,1,202020504064,20201117,4,26
12469,6,C,1,202020503264,20201117,4,27
12470,5,C,0,202020503251,20201117,4,28
12471,6,C,0,202020502551,20201117,4,29
12472,5,C,0,202020502540,20201117,4,30
12473,1,A,1,202020505080,20201117,4,31
12474,2,A,0,162020505080,20201117,4,32
12475,1,A,0,161620505080,20201117,4,33
12476,5,C,0,202020505080,20201117,4,34
12477,6,C,1,202020504080,20201117,4,35
12478,5,C,0,202020504064,20201117,4,36
12479,6,C,1,202020503264,20201117,4,37
12480,5,C,0,202020503251,20201117,4,38
12481,6,C,0,202020502551,20201117,4,39
12482,5,C,0,202020502540,20201117,4,40
12483,6,C,1,202020502040,20201117,4,41
12484,1,A,0,202020505080,20201117,4,42
12485,5,C,1,202020505080,20201117,4,43
12486,6,C,1,202020504080,20201117,4,44
12487,5,C,0,202020504064,20201117,4,45
12488,6,C,1,202020503264,20201117,4,46
12489,5,C,0,202020503251,20201117,4,47
12490,6,C,1,202020502551,20201117,4,48
12491,5,C,0,202020502540,20201117,4,49
12492,6,C,1,202020502040,20201117,4,50
12493,5,C,0,202020502032,20201117,4,51
12494,6,C,1,202020501632,20201117,4,52
12495,5,C,0,202020501626,20201117,4,53
12496,6,C,1,202020501326,20201117,4,54
12497,2,A,0,202020505080,20201117,4,55
12498,1,A,0,201620505080,20201117,4,56
12499,5,C,1,202020505080,20201117,4,57
12500,6,C,1,202020504080,20201117,4,58
12501,5,C,0,202020504064,20201117,4,59
12502,6,C,1,202020503264,20201117,4,60
12503,5,C,0,202020503251,20201117,4,61
12504,6,C,0,202020502551,20201117,4,62
12505,5,C,1,202020502540,20201117,4,63
12506,6,C,1,202020502040,20201117,4,64
12507,5,C,0,202020502032,20201117,4,65
12508,6,C,1,202020501632,20201117,4,66
12509,5,C,0,202020501626,20201117,4,67
12510,6,C,1,202020501326,20201117,4,68
12511,5,C,0,202020501320,20201117,4,69
12512,6,C,1,202020501020,20201117,4,70
12513,5,C,0,202020501016,20201117,4,71
12514,6,C,0,202020500816,20201117,4,72
12515,5,C,0,202020500813,20201117,4,73
12516,6,C,0,202020500613,20201117,4,74
12517,5,C,0,202020500610,20201117,4,75
12518,6,C,0,202020500510,20201117,4,76
12519,4,B,1,202020505080,20201117,4,77
12520,3,B,0,202020405080,20201117,4,78
12521,4,B,1,202016405080,20201117,4,79
12522,3,B,0,202016325080,20201117,4,80
12523,4,B,0,202012325080,20201117,4,81
12524,2,A,1,202020505080,20201117,4,82
12525,1,A,0,201620505080,20201117,4,83
12526,2,A,0,161620505080,20201117,4,84
12527,5,C,1,202020505080,20201117,4,85
12528,6,C,1,202020504080,20201117,4,86
12529,5,C,0,202020504064,20201117,4,87
12530,6,C,1,202020503264,20201117,4,88
12531,5,C,0,202020503251,20201117,4,89
12532,6,C,0,202020502551,20201117,4,90
12533,5,C,1,202020502540,20201117,4,91
12534,6,C,0,202020502040,20201117,4,92
12535,5,C,1,202020502032,20201117,4,93
12536,1,A,0,202020505080,20201117,5,0
12537,2,A,0,162020505080,20201117,5,1
12538,1,A,0,161620505080,20201117,5,2
12539,5,C,0,202020505080,20201117,5,3
12540,6,C,1,202020504080,20201117,5,4
12541,5,C,1,202020504064,20201117,5,5
12542,6,C,1,202020503264,20201117,5,6
12543,5,C,0,202020503251,20201117,5,7
12544,6,C,0,202020502551,20201117,5,8
12545,4,B,0,202020505080,20201117,5,9
12546,3,B,0,202020405080,20201117,5,10
12547,4,B,0,202016405080,20201117,5,11
12548,3,B,0,202016325080,20201117,5,12
12549,1,A,0,202020505080,20201117,5,13
12550,2,A,0,162020505080,20201117,5,14
12551,1,A,0,161620505080,20201117,5,15
12552,5,C,0,202020505080,20201117,5,16
12553,6,C,1,202020504080,20201117,5,17
12554,5,C,0,202020504064,20201117,5,18
12555,6,C,1,202020503264,20201117,5,19
12556,5,C,0,202020503251,20201117,5,20
12557,6,C,0,202020502551,20201117,5,21
12558,5,C,0,202020502540,20201117,5,22
12559,6,C,0,202020502040,20201117,5,23
12560,4,B,1,202020505080,20201117,5,24
12561,3,B,0,202020405080,20201117,5,25
12562,4,B,0,202016405080,20201117,5,26
12563,1,A,0,202020505080,20201117,5,27
12564,2,A,0,162020505080,20201117,5,28
12565,1,A,0,161620505080,20201117,5,29
12566,5,C,0,202020505080,20201117,5,30
12567,6,C,0,202020504080,20201117,5,31
12568,5,C,0,202020504064,20201117,5,32
12569,6,C,0,202020503264,20201117,5,33
12570,4,B,0,202020505080,20201117,5,34
12571,3,B,0,202020405080,20201117,5,35
12572,1,A,0,202020505080,20201117,5,36
12573,2,A,0,162020505080,20201117,5,37
12574,5,C,1,202020505080,20201117,5,38
12575,6,C,0,202020504080,20201117,5,39
12576,5,C,1,202020504064,20201117,5,40
12577,6,C,1,202020503264,20201117,5,41
12578,5,C,0,202020503251,20201117,5,42
12579,6,C,1,202020502551,20201117,5,43
12580,5,C,0,202020502540,20201117,5,44
12581,6,C,1,202020502040,20201117,5,45
12582,5,C,0,202020502032,20201117,5,46
12583,6,C,0,202020501632,20201117,5,47
12584,5,C,0,202020501626,20201117,5,48
12585,6,C,0,202020501326,20201117,5,49
12586,4,B,1,202020505080,20201117,5,50
12587,3,B,1,202020405080,20201117,5,51
12588,4,B,0,202016405080,20201117,5,52
12589,3,B,0,202016325080,20201117,5,53
12590,4,B,0,202012325080,20201117,5,54
12591,6,C,1,202020505080,20201117,5,55
12592,5,C,0,202020505064,20201117,5,56
12593,6,C,0,202020504064,20201117,5,57
12594,5,C,0,202020504051,20201117,5,58
12595,6,C,1,202020503251,20201117,5,59
12596,4,B,0,202020505080,20201117,5,60
12597,3,B,0,202020405080,20201117,5,61
12598,6,C,1,202020505080,20201117,5,62
12599,5,C,1,202020505064,20201117,5,63
12600,6,C,1,202020504064,20201117,5,64
12601,5,C,0,202020504051,20201117,5,65
12602,6,C,0,202020503251,20201117,5,66
12603,5,C,0,202020503240,20201117,5,67
12604,6,C,0,202020502540,20201117,5,68
12605,2,A,0,202020505080,20201117,5,69
12606,1,A,0,201620505080,20201117,5,70
12607,5,C,1,202020505080,20201117,5,71
12608,6,C,1,202020504080,20201117,5,72
12609,5,C,0,202020504064,20201117,5,73
12610,6,C,0,202020503264,20201117,5,74
12611,5,C,0,202020503251,20201117,5,75
12612,6,C,0,202020502551,20201117,5,76
12613,4,B,1,202020505080,20201117,5,77
12614,3,B,0,202020405080,20201117,5,78
12615,4,B,1,202016405080,20201117,5,79
12616,3,B,0,202016325080,20201117,5,80
12617,4,B,0,202012325080,20201117,5,81
12618,6,C,1,202020505080,20201117,5,82
12619,5,C,1,202020505064,20201117,5,83
12620,6,C,1,202020504064,20201117,5,84
12621,5,C,0,202020504051,20201117,5,85
12622,6,C,0,202020503251,20201117,5,86
12623,5,C,1,202020503240,20201117,5,87
12624,6,C,0,202020502540,20201117,5,88
12625,5,C,0,202020502532,20201117,5,89
12626,4,B,1,202020505080,20201117,5,90
12627,3,B,0,202020405080,20201117,5,91
12628,4,B,0,202016405080,20201117,5,92
12629,6,C,1,202020505080,20201117,5,93
12630,5,C,0,202020505064,20201117,5,94
12631,6,C,0,202020504064,20201117,5,95
12632,5,C,0,202020504051,20201117,5,96
12633,6,C,0,202020503251,20201117,5,97
12634,4,B,1,202020505080,20201117,5,98
12635,3,B,0,202020405080,20201117,5,99
12636,4,B,1,202016405080,20201117,5,100
12637,6,C,0,202020505080,20201117,5,101
12638,5,C,1,202020505064,20201117,5,102
12639,6,C,1,202020504064,20201117,5,103
12640,5,C,1,202020504051,20201117,5,104
12641,6,C,0,202020503251,20201117,5,105
12642,5,C,1,202020503240,20201117,5,106
12643,4,B,1,202020505080,20201117,5,107
12644,3,B,0,202020405080,20201117,5,108
12645,4,B,0,202016405080,20201117,5,109
12646,6,C,1,202020505080,20201117,5,110
12647,5,C,1,202020505064,20201117,5,111
12648,6,C,1,202020504064,20201117,5,112
12649,5,C,0,202020504051,20201117,5,113
12650,6,C,0,202020503251,20201117,5,114
12651,5,C,0,202020503240,20201117,5,115
12652,4,B,1,202020505080,20201117,5,116
12653,6,C,1,202020505080,20201117,5,117
12654,5,C,0,202020505064,20201117,5,118
12655,6,C,1,202020504064,20201117,5,119
12656,5,C,1,202020504051,20201117,5,120
12657,6,C,1,202020503251,20201117,5,121
12658,5,C,0,202020503240,20201117,5,122
12659,6,C,0,202020502540,20201117,5,123
12660,5,C,0,202020502532,20201117,5,124
12661,4,B,1,202020505080,20201117,5,125
12662,6,C,1,202020505080,20201117,5,126
12663,5,C,1,202020505064,20201117,5,127
12664,6,C,1,202020504064,20201117,5,128
12665,5,C,0,202020504051,20201117,5,129
12666,6,C,0,202020503251,20201117,5,130
12667,5,C,0,202020503240,20201117,5,131
12668,4,B,1,202020505080,20201117,5,132
12669,6,C,1,202020505080,20201117,5,133
12670,5,C,0,202020505064,20201117,5,134
12671,6,C,1,202020504064,20201117,5,135
12672,5,C,0,202020504051,20201117,5,136
12673,6,C,0,202020503251,20201117,5,137
12674,5,C,0,202020503240,20201117,5,138
12675,6,C,0,202020502540,20201117,5,139
12676,4,B,1,202020505080,20201117,5,140
12677,6,C,1,202020505080,20201117,5,141
12678,5,C,0,202020505064,20201117,5,142
12679,6,C,1,202020504064,20201117,5,143
12680,5,C,1,202020504051,20201117,5,144
12681,6,C,0,202020503251,20201117,5,145
12682,5,C,1,202020503240,20201117,5,146
12683,4,B,0,202020505080,20201117,5,147
12684,6,C,1,202020505080,20201117,5,148
12685,5,C,0,202020505064,20201117,5,149
12686,6,C,1,202020504064,20201117,5,150
12687,4,B,1,202020505080,20201117,5,151
12688,6,C,1,202020505080,20201117,5,152
12689,5,C,0,202020505064,20201117,5,153
12690,6,C,0,202020504064,20201117,5,154
12691,5,C,0,202020504051,20201117,5,155
12692,4,B,0,202020505080,20201117,5,156
12693,6,C,1,202020505080,20201117,5,157
12694,5,C,0,202020505064,20201117,5,158
12695,6,C,1,202020504064,20201117,5,159
12696,4,B,0,202020505080,20201117,5,160
12697,6,C,1,202020505080,20201117,5,161
12698,5,C,0,202020505064,20201117,5,162
12699,6,C,0,202020504064,20201117,5,163
12700,5,C,1,202020504051,20201117,5,164
12701,6,C,1,202020503251,20201117,5,165
12702,4,B,0,202020505080,20201117,5,166
12703,3,B,0,202020405080,20201117,5,167
12704,4,B,0,202016405080,20201117,5,168
12705,6,C,1,202020505080,20201117,5,169
12706,4,B,0,202020505080,20201117,5,170
12707,6,C,0,202020505080,20201117,5,171
12708,5,C,1,202020505064,20201117,5,172
12709,6,C,0,202020504064,20201117,5,173
12710,5,C,0,202020504051,20201117,5,174
12711,4,B,1,202020505080,20201117,5,175
12712,6,C,1,202020505080,20201117,5,176
12713,5,C,0,202020505064,20201117,5,177
12714,6,C,1,202020504064,20201117,5,178
12715,5,C,1,202020504051,20201117,5,179
12716,6,C,1,202020503251,20201117,5,180
12717,5,C,0,202020503240,20201117,5,181
12718,6,C,1,202020502540,20201117,5,182
12719,4,B,1,202020505080,20201117,5,183
12720,3,B,0,202020405080,20201117,5,184
12721,4,B,1,202016405080,20201117,5,185
12722,6,C,1,202020505080,20201117,5,186
12723,5,C,0,202020505064,20201117,5,187
12724,6,C,0,202020504064,20201117,5,188
12725,5,C,0,202020504051,20201117,5,189
12726,6,C,0,202020503251,20201117,5,190
12727,5,C,0,202020503240,20201117,5,191
12728,4,B,0,202020505080,20201117,5,192
12729,6,C,1,202020505080,20201117,5,193
12730,5,C,1,202020505064,20201117,5,194
12731,6,C,1,202020504064,20201117,5,195
12732,5,C,0,202020504051,20201117,5,196
12733,6,C,0,202020503251,20201117,5,197
12734,5,C,0,202020503240,20201117,5,198
12735,6,C,1,202020502540,20201117,5,199
12736,4,B,0,202020505080,20201117,5,200
12737,6,C,1,202020505080,20201117,5,201
12738,5,C,1,202020505064,20201117,5,202
12739,6,C,0,202020504064,20201117,5,203
12740,5,C,1,202020504051,20201117,5,204
12741,6,C,0,202020503251,20201117,5,205
12742,5,C,0,202020503240,20201117,5,206
12743,6,C,0,202020502540,20201117,5,207
12744,5,C,0,202020502532,20201117,5,208
12745,4,B,1,202020505080,20201117,5,209
12746,6,C,1,202020505080,20201117,5,210
12747,5,C,0,202020505064,20201117,5,211
12748,6,C,1,202020504064,20201117,5,212
12749,5,C,1,202020504051,20201117,5,213
12750,6,C,0,202020503251,20201117,5,214
12751,5,C,0,202020503240,20201117,5,215
12752,4,B,0,202020505080,20201117,5,216
12753,3,B,0,202020405080,20201117,5,217
12754,4,B,1,202016405080,20201117,5,218
12755,6,C,1,202020505080,20201117,5,219
12756,5,C,1,202020505064,20201117,5,220
12757,6,C,0,202020504064,20201117,5,221
12758,5,C,1,202020504051,20201117,5,222
12759,6,C,0,202020503251,20201117,5,223
12760,5,C,0,202020503240,20201117,5,224
12761,4,B,1,202020505080,20201117,5,225
12762,6,C,0,202020505080,20201117,5,226
12763,5,C,1,202020505064,20201117,5,227
12764,6,C,1,202020504064,20201117,5,228
12765,5,C,0,202020504051,20201117,5,229
12766,6,C,0,202020503251,20201117,5,230
12767,5,C,0,202020503240,20201117,5,231
12768,4,B,1,202020505080,20201117,5,232
12769,6,C,1,202020505080,20201117,5,233
12770,5,C,0,202020505064,20201117,5,234
12771,6,C,0,202020504064,20201117,5,235
12772,5,C,1,202020504051,20201117,5,236
12773,6,C,1,202020503251,20201117,5,237
12774,4,B,1,202020505080,20201117,5,238
12775,6,C,1,202020505080,20201117,5,239
12776,5,C,0,202020505064,20201117,5,240
12777,6,C,1,202020504064,20201117,5,241
12778,5,C,0,202020504051,20201117,5,242
12779,6,C,0,202020503251,20201117,5,243
12780,5,C,0,202020503240,20201117,5,244
12781,6,C,0,202020502540,20201117,5,245
12782,4,B,0,202020505080,20201117,5,246
12783,6,C,1,202020505080,20201117,5,247
12784,5,C,0,202020505064,20201117,5,248
12785,6,C,0,202020504064,20201117,5,249
12786,4,B,1,208020502020,20201117,6,0
12787,3,B,0,208020402020,20201117,6,1
12788,4,B,0,208016402020,20201117,6,2
12789,6,C,0,208020502020,20201117,6,3
12790,5,C,0,208020502016,20201117,6,4
12791,1,A,1,208020502020,20201117,6,5
12792,2,A,1,168020502020,20201117,6,6
12793,1,A,1,166420502020,20201117,6,7
12794,2,A,1,126420502020,20201117,6,8
12795,1,A,1,125120502020,20201117,6,9
12796,2,A,0,105120502020,20201117,6,10
12797,1,A,0,104020502020,20201117,6,11
12798,5,C,0,208020502020,20201117,6,12
12799,6,C,1,208020501620,20201117,6,13
12800,5,C,0,208020501616,20201117,6,14
12801,6,C,1,208020501216,20201117,6,15
12802,4,B,1,208020502020,20201117,6,16
12803,3,B,0,208020402020,20201117,6,17
12804,4,B,1,208016402020,20201117,6,18
12805,6,C,0,208020502020,20201117,6,19
12806,5,C,0,208020502016,20201117,6,20
12807,6,C,0,208020501616,20201117,6,21
12808,1,A,0,208020502020,20201117,6,22
12809,2,A,1,168020502020,20201117,6,23
12810,1,A,0,166420502020,20201117,6,24
12811,2,A,0,126420502020,20201117,6,25
12812,6,C,1,208020502020,20201117,6,26
12813,5,C,0,208020502016,20201117,6,27
12814,6,C,0,208020501616,20201117,6,28
12815,4,B,0,208020502020,20201117,6,29
12816,3,B,0,208020402020,20201117,6,30
12817,4,B,1,208016402020,20201117,6,31
12818,6,C,0,208020502020,20201117,6,32
12819,5,C,0,208020502016,20201117,6,33
12820,6,C,0,208020501616,20201117,6,34
12821,2,A,1,208020502020,20201117,6,35
12822,1,A,0,206420502020,20201117,6,36
12823,2,A,0,166420502020,20201117,6,37
12824,4,B,0,208020502020,20201117,6,38
12825,6,C,1,208020502020,20201117,6,39
12826,5,C,0,208020502016,20201117,6,40
12827,6,C,0,208020501616,20201117,6,41
12828,2,A,1,208020502020,20201117,6,42
12829,1,A,0,206420502020,20201117,6,43
12830,2,A,0,166420502020,20201117,6,44
12831,5,C,0,208020502020,20201117,6,45
12832,6,C,0,208020501620,20201117,6,46
12833,5,C,0,208020501616,20201117,6,47
12834,4,B,0,208020502020,20201117,6,48
12835,3,B,0,208020402020,20201117,6,49
12836,4,B,1,208016402020,20201117,6,50
12837,6,C,0,208020502020,20201117,6,51
12838,5,C,0,208020502016,20201117,6,52
12839,6,C,0,208020501616,20201117,6,53
12840,2,A,0,208020502020,20201117,6,54
12841,1,A,0,206420502020,20201117,6,55
12842,4,B,1,208020502020,20201117,6,56
12843,3,B,0,208020402020,20201117,6,57
12844,4,B,1,208016402020,20201117,6,58
12845,1,A,0,208020502020,20201117,6,59
12846,2,A,1,168020502020,20201117,6,60
12847,1,A,1,166420502020,20201117,6,61
12848,2,A,1,126420502020,20201117,6,62
12849,1,A,0,125120502020,20201117,6,63
12850,2,A,0,105120502020,20201117,6,64
12851,4,B,1,208020502020,20201117,6,65
12852,2,A,1,208020502020,20201117,6,66
12853,1,A,0,206420502020,20201117,6,67
12854,2,A,1,166420502020,20201117,6,68
12855,4,B,0,208020502020,20201117,6,69
12856,3,B,0,208020402020,20201117,6,70
12857,4,B,0,208016402020,20201117,6,71
12858,2,A,1,208020502020,20201117,6,72
12859,1,A,0,206420502020,20201117,6,73
12860,2,A,0,166420502020,20201117,6,74
12861,4,B,1,208020502020,20201117,6,75
12862,2,A,1,208020502020,20201117,6,76
12863,1,A,0,206420502020,20201117,6,77
12864,2,A,0,166420502020,20201117,6,78
12865,4,B,0,208020502020,20201117,6,79
12866,2,A,1,208020502020,20201117,6,80
12867,1,A,0,206420502020,20201117,6,81
12868,2,A,1,166420502020,20201117,6,82
12869,4,B,1,208020502020,20201117,6,83
12870,2,A,1,208020502020,20201117,6,84
12871,1,A,1,206420502020,20201117,6,85
12872,2,A,1,166420502020,20201117,6,86
12873,4,B,1,208020502020,20201117,6,87
12874,3,B,0,208020402020,20201117,6,88
12875,4,B,0,208016402020,20201117,6,89
12876,2,A,1,208020502020,20201117,6,90
12877,1,A,0,206420502020,20201117,6,91
12878,2,A,0,166420502020,20201117,6,92
12879,4,B,0,208020502020,20201117,6,93
12880,2,A,1,208020502020,20201117,6,94
12881,1,A,0,206420502020,20201117,6,95
12882,2,A,0,166420502020,20201117,6,96
12883,4,B,1,208020502020,20201117,6,97
12884,3,B,0,208020402020,20201117,6,98
12885,4,B,0,208016402020,20201117,6,99
12886,2,A,1,208020502020,20201117,6,100
12887,4,B,1,208020502020,20201117,6,101
12888,2,A,1,208020502020,20201117,6,102
12889,4,B,0,208020502020,20201117,6,103
12890,2,A,0,208020502020,20201117,6,104
12891,6,C,0,208020502020,20201117,6,105
12892,5,C,0,208020502016,20201117,6,106
12893,6,C,0,208020501616,20201117,6,107
12894,2,A,1,208020502020,20201117,6,108
12895,4,B,1,208020502020,20201117,6,109
12896,2,A,1,208020502020,20201117,6,110
12897,4,B,0,208020502020,20201117,6,111
12898,2,A,1,208020502020,20201117,6,112
12899,4,B,1,208020502020,20201117,6,113
12900,2,A,1,208020502020,20201117,6,114
12901,5,C,1,208020502020,20201117,6,115
12902,6,C,0,208020501620,20201117,6,116
12903,5,C,1,208020501616,20201117,6,117
12904,6,C,0,208020501216,20201117,6,118
12905,5,C,0,208020501212,20201117,6,119
12906,2,A,1,208020502020,20201117,6,120
12907,6,C,0,208020502020,20201117,6,121
12908,5,C,0,208020502016,20201117,6,122
12909,6,C,1,208020501616,20201117,6,123
12910,5,C,0,208020501612,20201117,6,124
12911,6,C,0,208020501212,20201117,6,125
12912,2,A,1,208020502020,20201117,6,126
12913,4,B,0,208020502020,20201117,6,127
12914,2,A,1,208020502020,20201117,6,128
12915,4,B,0,208020502020,20201117,6,129
12916,2,A,1,208020502020,20201117,6,130
12917,4,B,0,208020502020,20201117,6,131
12918,2,A,1,208020502020,20201117,6,132
12919,5,C,0,208020502020,20201117,6,133
12920,6,C,0,208020501620,20201117,6,134
12921,5,C,1,208020501616,20201117,6,135
12922,2,A,1,208020502020,20201117,6,136
12923,1,A,1,206420502020,20201117,6,137
12924,2,A,1,166420502020,20201117,6,138
12925,4,B,0,208020502020,20201117,6,139
12926,2,A,1,208020502020,20201117,6,140
12927,5,C,1,208020502020,20201117,6,141
12928,6,C,0,208020501620,20201117,6,142
12929,5,C,0,208020501616,20201117,6,143
12930,2,A,1,208020502020,20201117,6,144
12931,1,A,0,206420502020,20201117,6,145
12932,2,A,1,166420502020,20201117,6,146
12933,4,B,0,208020502020,20201117,6,147
12934,2,A,1,208020502020,20201117,6,148
12935,6,C,0,208020502020,20201117,6,149
12936,5,C,0,208020502016,20201117,6,150
12937,6,C,0,208020501616,20201117,6,151
12938,2,A,1,208020502020,20201117,6,152
12939,4,B,0,208020502020,20201117,6,153
12940,2,A,0,208020502020,20201117,6,154
12941,6,C,0,208020502020,20201117,6,155
12942,5,C,0,208020502016,20201117,6,156
12943,2,A,1,208020502020,20201117,6,157
12944,1,A,1,206420502020,20201117,6,158
12945,2,A,0,166420502020,20201117,6,159
12946,4,B,0,208020502020,20201117,6,160
12947,2,A,1,208020502020,20201117,6,161
12948,1,A,0,206420502020,20201117,6,162
12949,2,A,1,166420502020,20201117,6,163
12950,1,A,1,165120502020,20201117,6,164
12951,2,A,0,125120502020,20201117,6,165
12952,4,B,0,208020502020,20201117,6,166
12953,2,A,0,208020502020,20201117,6,167
12954,4,B,1,208020502020,20201117,6,168
12955,3,B,1,208020402020,20201117,6,169
12956,4,B,0,208016402020,20201117,6,170
12957,3,B,1,208016322020,20201117,6,171
12958,2,A,0,208020502020,20201117,6,172
12959,1,A,0,206420502020,20201117,6,173
12960,2,A,1,166420502020,20201117,6,174
12961,5,C,0,208020502020,20201117,6,175
12962,6,C,1,208020501620,20201117,6,176
12963,5,C,1,208020501616,20201117,6,177
12964,6,C,1,208020501216,20201117,6,178
12965,5,C,0,208020501212,20201117,6,179
12966,6,C,0,208020501012,20201117,6,180
12967,2,A,1,208020502020,20201117,6,181
12968,1,A,0,206420502020,20201117,6,182
12969,2,A,0,166420502020,20201117,6,183
12970,6,C,1,208020502020,20201117,6,184
12971,5,C,0,208020502016,20201117,6,185
12972,6,C,0,208020501616,20201117,6,186
12973,2,A,0,208020502020,20201117,6,187
12974,1,A,0,206420502020,20201117,6,188
12975,2,A,0,166420502020,20201117,6,189
12976,6,C,1,208020502020,20201117,6,190
12977,5,C,0,208020502016,20201117,6,191
12978,6,C,1,208020501616,20201117,6,192
12979,2,A,1,208020502020,20201117,6,193
12980,1,A,0,206420502020,20201117,6,194
12981,2,A,1,166420502020,20201117,6,195
12982,6,C,0,208020502020,20201117,6,196
12983,5,C,0,208020502016,20201117,6,197
12984,6,C,0,208020501616,20201117,6,198
12985,5,C,0,208020501612,20201117,6,199
12986,2,A,1,208020502020,20201117,6,200
12987,1,A,0,206420502020,20201117,6,201
12988,2,A,1,166420502020,20201117,6,202
12989,6,C,0,208020502020,20201117,6,203
12990,5,C,0,208020502016,20201117,6,204
12991,6,C,1,208020501616,20201117,6,205
12992,2,A,1,208020502020,20201117,6,206
12993,1,A,0,206420502020,20201117,6,207
12994,2,A,1,166420502020,20201117,6,208
12995,4,B,1,208020502020,20201117,6,209
12996,3,B,0,208020402020,20201117,6,210
12997,4,B,1,208016402020,20201117,6,211
12998,2,A,1,208020502020,20201117,6,212
12999,1,A,0,206420502020,20201117,6,213
13000,2,A,1,166420502020,20201117,6,214
13001,6,C,0,208020502020,20201117,6,215
13002,5,C,0,208020502016,20201117,6,216
13003,6,C,0,208020501616,20201117,6,217
13004,2,A,1,208020502020,20201117,6,218
13005,1,A,0,206420502020,20201117,6,219
13006,2,A,1,166420502020,20201117,6,220
13007,4,B,0,208020502020,20201117,6,221
13008,2,A,1,208020502020,20201117,6,222
13009,6,C,1,208020502020,20201117,6,223
13010,5,C,1,208020502016,20201117,6,224
13011,6,C,0,208020501616,20201117,6,225
13012,5,C,1,208020501612,20201117,6,226
13013,6,C,0,208020501212,20201117,6,227
13014,5,C,0,208020501210,20201117,6,228
13015,2,A,1,208020502020,20201117,6,229
13016,1,A,0,206420502020,20201117,6,230
13017,2,A,0,166420502020,20201117,6,231
13018,6,C,0,208020502020,20201117,6,232
13019,5,C,1,208020502016,20201117,6,233
13020,2,A,1,208020502020,20201117,6,234
13021,1,A,1,206420502020,20201117,6,235
13022,2,A,1,166420502020,20201117,6,236
13023,6,C,0,208020502020,20201117,6,237
13024,5,C,0,208020502016,20201117,6,238
13025,6,C,0,208020501616,20201117,6,239
13026,5,C,0,208020501612,20201117,6,240
13027,2,A,1,208020502020,20201117,6,241
13028,1,A,0,206420502020,20201117,6,242
13029,2,A,1,166420502020,20201117,6,243
13030,4,B,0,208020502020,20201117,6,244
13031,3,B,0,208020402020,20201117,6,245
13032,4,B,0,208016402020,20201117,6,246
13033,2,A,1,208020502020,20201117,6,247
13034,1,A,0,206420502020,20201117,6,248
13035,2,A,0,166420502020,20201117,6,249
13036,5,C,0,208020502020,20201117,6,250
13037,6,C,0,208020501620,20201117,6,251
13038,2,A,1,208020502020,20201117,6,252
13039,1,A,0,206420502020,20201117,6,253
13040,2,A,1,166420502020,20201117,6,254
13041,6,C,0,208020502020,20201117,6,255
13042,5,C,0,208020502016,20201117,6,256
13043,6,C,1,208020501616,20201117,6,257
13044,2,A,0,208020502020,20201117,6,258
13045,1,A,0,206420502020,20201117,6,259
13046,2,A,0,166420502020,20201117,6,260
13047,4,B,0,208020502020,20201117,6,261
13048,2,A,1,208020502020,20201117,6,262
13049,1,A,1,206420502020,20201117,6,263
13050,2,A,1,166420502020,20201117,6,264
13051,1,A,0,165120502020,20201117,6,265
13052,2,A,1,125120502020,20201117,6,266
13053,6,C,0,208020502020,20201117,6,267
13054,5,C,0,208020502016,20201117,6,268
13055,6,C,1,208020501616,20201117,6,269
13056,2,A,1,208020502020,20201117,6,270
13057,1,A,0,206420502020,20201117,6,271
13058,2,A,1,166420502020,20201117,6,272
13059,4,B,1,208020502020,20201117,6,273
13060,3,B,0,208020402020,20201117,6,274
13061,4,B,0,208016402020,20201117,6,275
13062,2,A,1,208020502020,20201117,6,276
13063,1,A,0,206420502020,20201117,6,277
13064,2,A,0,166420502020,20201117,6,278
13065,4,B,0,208020502020,20201117,6,279
13066,2,A,1,208020502020,20201117,6,280
13067,1,A,0,206420502020,20201117,6,281
13068,2,A,1,166420502020,20201117,6,282
13069,1,A,0,165120502020,20201117,6,283
13070,2,A,0,125120502020,20201117,6,284
13071,4,B,1,208020502020,20201117,6,285
13072,2,A,1,208020502020,20201117,6,286
13073,1,A,0,206420502020,20201117,6,287
13074,2,A,0,166420502020,20201117,6,288
13075,5,C,0,208020502020,20201117,6,289
13076,6,C,0,208020501620,20201117,6,290
13077,2,A,1,208020502020,20201117,6,291
13078,4,B,1,208020502020,20201117,6,292
13079,2,A,1,208020502020,20201117,6,293
13080,4,B,0,208080505020,20201118,1,0
13081,3,B,1,208080405020,20201118,1,1
13082,4,B,0,208064405020,20201118,1,2
13083,1,A,0,208080505020,20201118,1,3
13084,2,A,1,168080505020,20201118,1,4
13085,1,A,0,166480505020,20201118,1,5
13086,2,A,1,126480505020,20201118,1,6
13087,5,C,0,208080505020,20201118,1,7
13088,6,C,0,208080504020,20201118,1,8
13089,5,C,0,208080504016,20201118,1,9
13090,6,C,0,208080503216,20201118,1,10
13091,4,B,0,208080505020,20201118,1,11
13092,3,B,0,208080405020,20201118,1,12
13093,4,B,1,208064405020,20201118,1,13
13094,3,B,1,208064325020,20201118,1,14
13095,4,B,1,208051325020,20201118,1,15
13096,3,B,1,208051255020,20201118,1,16
13097,4,B,1,208040255020,20201118,1,17
13098,3,B,0,208040205020,20201118,1,18
13099,4,B,0,208032205020,20201118,1,19
13100,1,A,0,208080505020,20201118,1,20
13101,2,A,1,168080505020,20201118,1,21
13102,1,A,0,166480505020,20201118,1,22
13103,2,A,1,126480505020,20201118,1,23
13104,4,B,0,208080505020,20201118,1,24
13105,3,B,0,208080405020,20201118,1,25
13106,4,B,0,208064405020,20201118,1,26
13107,6,C,0,208080505020,20201118,1,27
13108,5,C,1,208080505016,20201118,1,28
13109,6,C,0,208080504016,20201118,1,29
13110,5,C,1,208080504012,20201118,1,30
13111,2,A,1,208080505020,20201118,1,31
13112,1,A,0,206480505020,20201118,1,32
13113,2,A,1,166480505020,20201118,1,33
13114,4,B,0,208080505020,20201118,1,34
13115,3,B,1,208080405020,20201118,1,35
13116,4,B,1,208064405020,20201118,1,36
13117,3,B,0,208064325020,20201118,1,37
13118,4,B,0,208051325020,20201118,1,38
13119,2,A,1,208080505020,20201118,1,39
13120,1,A,0,206480505020,20201118,1,40
13121,2,A,0,166480505020,20201118,1,41
13122,6,C,0,208080505020,20201118,1,42
13123,5,C,0,208080505016,20201118,1,43
13124,2,A,0,208080505020,20201118,1,44
13125,1,A,0,206480505020,20201118,1,45
13126,2,A,1,166480505020,20201118,1,46
13127,4,B,1,208080505020,20201118,1,47
13128,3,B,1,208080405020,20201118,1,48
13129,4,B,1,208064405020,20201118,1,49
13130,3,B,0,208064325020,20201118,1,50
13131,4,B,1,208051325020,20201118,1,51
13132,3,B,1,208051255020,20201118,1,52
13133,4,B,0,208040255020,20201118,1,53
13134,3,B,0,208040205020,20201118,1,54
13135,2,A,1,208080505020,20201118,1,55
13136,1,A,0,206480505020,20201118,1,56
13137,2,A,1,166480505020,20201118,1,57
13138,6,C,0,208080505020,20201118,1,58
13139,5,C,0,208080505016,20201118,1,59
13140,6,C,0,208080504016,20201118,1,60
13141,5,C,0,208080504012,20201118,1,61
13142,2,A,1,208080505020,20201118,1,62
13143,5,C,0,208080505020,20201118,1,63
13144,6,C,0,208080504020,20201118,1,64
13145,5,C,0,208080504016,20201118,1,65
13146,2,A,1,208080505020,20201118,1,66
13147,4,B,0,208080505020,20201118,1,67
13148,3,B,1,208080405020,20201118,1,68
13149,4,B,1,208064405020,20201118,1,69
13150,3,B,0,208064325020,20201118,1,70
13151,4,B,0,208051325020,20201118,1,71
13152,2,A,0,208080505020,20201118,1,72
13153,4,B,0,208080505020,20201118,1,73
13154,3,B,1,208080405020,20201118,1,74
13155,4,B,0,208064405020,20201118,1,75
13156,3,B,1,208064325020,20201118,1,76
13157,4,B,1,208051325020,20201118,1,77
13158,3,B,0,208051255020,20201118,1,78
13159,4,B,0,208040255020,20201118,1,79
13160,3,B,1,208040205020,20201118,1,80
13161,4,B,0,208032205020,20201118,1,81
13162,3,B,0,208032165020,20201118,1,82
13163,1,A,1,208080505020,20201118,1,83
13164,2,A,0,168080505020,20201118,1,84
13165,1,A,0,166480505020,20201118,1,85
13166,2,A,1,126480505020,20201118,1,86
13167,5,C,1,208080505020,20201118,1,87
13168,6,C,0,208080504020,20201118,1,88
13169,5,C,0,208080504016,20201118,1,89
13170,2,A,1,208080505020,20201118,1,90
13171,1,A,1,206480505020,20201118,1,91
13172,2,A,0,166480505020,20201118,1,92
13173,4,B,1,208080505020,20201118,1,93
13174,3,B,0,208080405020,20201118,1,94
13175,4,B,1,208064405020,20201118,1,95
13176,2,A,1,208080505020,20201118,1,96
13177,5,C,1,208080505020,20201118,1,97
13178,6,C,0,208080504020,20201118,1,98
13179,5,C,1,208080504016,20201118,1,99
13180,2,A,0,208080505020,20201118,1,100
13181,4,B,1,208080505020,20201118,1,101
13182,3,B,1,208080405020,20201118,1,102
13183,4,B,0,208064405020,20201118,1,103
13184,3,B,1,208064325020,20201118,1,104
13185,4,B,0,208051325020,20201118,1,105
13186,3,B,0,208051255020,20201118,1,106
13187,6,C,0,208080505020,20201118,1,107
13188,5,C,0,208080505016,20201118,1,108
13189,6,C,0,208080504016,20201118,1,109
13190,5,C,0,208080504012,20201118,1,110
13191,6,C,0,208080503212,20201118,1,111
13192,5,C,0,208080503210,20201118,1,112
13193,2,A,1,208080505020,20201118,1,113
13194,1,A,0,206480505020,20201118,1,114
13195,2,A,0,166480505020,20201118,1,115
13196,4,B,1,208080505020,20201118,1,116
13197,3,B,1,208080405020,20201118,1,117
13198,4,B,1,208064405020,20201118,1,118
13199,3,B,1,208064325020,20201118,1,119
13200,4,B,0,208051325020,20201118,1,120
13201,3,B,0,208051255020,20201118,1,121
13202,2,A,1,208080505020,20201118,1,122
13203,4,B,0,208080505020,20201118,1,123
13204,3,B,1,208080405020,20201118,1,124
13205,4,B,0,208064405020,20201118,1,125
13206,3,B,1,208064325020,20201118,1,126
13207,4,B,1,208051325020,20201118,1,127
13208,3,B,1,208051255020,20201118,1,128
13209,4,B,0,208040255020,20201118,1,129
13210,3,B,0,208040205020,20201118,1,130
13211,2,A,1,208080505020,20201118,1,131
13212,4,B,0,208080505020,20201118,1,132
13213,3,B,1,208080405020,20201118,1,133
13214,4,B,1,208064405020,20201118,1,134
13215,3,B,1,208064325020,20201118,1,135
13216,4,B,0,208051325020,20201118,1,136
13217,3,B,0,208051255020,20201118,1,137
13218,2,A,1,208080505020,20201118,1,138
13219,4,B,1,208080505020,20201118,1,139
13220,3,B,1,208080405020,20201118,1,140
13221,4,B,0,208064405020,20201118,1,141
13222,3,B,1,208064325020,20201118,1,142
13223,2,A,1,208080505020,20201118,1,143
13224,4,B,1,208080505020,20201118,1,144
13225,3,B,1,208080405020,20201118,1,145
13226,4,B,1,208064405020,20201118,1,146
13227,3,B,1,208064325020,20201118,1,147
13228,4,B,1,208051325020,20201118,1,148
13229,3,B,0,208051255020,20201118,1,149
13230,2,A,1,208080505020,20201118,1,150
13231,4,B,1,208080505020,20201118,1,151
13232,3,B,1,208080405020,20201118,1,152
13233,4,B,1,208064405020,20201118,1,153
13234,3,B,0,208064325020,20201118,1,154
13235,4,B,1,208051325020,20201118,1,155
13236,3,B,0,208051255020,20201118,1,156
13237,2,A,1,208080505020,20201118,1,157
13238,4,B,1,208080505020,20201118,1,158
13239,3,B,1,208080405020,20201118,1,159
13240,4,B,1,208064405020,20201118,1,160
13241,3,B,0,208064325020,20201118,1,161
13242,4,B,0,208051325020,20201118,1,162
13243,2,A,0,208080505020,20201118,1,163
13244,1,A,1,206480505020,20201118,1,164
13245,2,A,0,166480505020,20201118,1,165
13246,4,B,1,208080505020,20201118,1,166
13247,3,B,0,208080405020,20201118,1,167
13248,4,B,0,208064405020,20201118,1,168
13249,3,B,1,208064325020,20201118,1,169
13250,2,A,1,208080505020,20201118,1,170
13251,4,B,1,208080505020,20201118,1,171
13252,3,B,1,208080405020,20201118,1,172
13253,4,B,1,208064405020,20201118,1,173
13254,3,B,1,208064325020,20201118,1,174
13255,4,B,0,208051325020,20201118,1,175
13256,3,B,0,208051255020,20201118,1,176
13257,2,A,1,208080505020,20201118,1,177
13258,4,B,0,208080505020,20201118,1,178
13259,3,B,1,208080405020,20201118,1,179
13260,4,B,0,208064405020,20201118,1,180
13261,3,B,1,208064325020,20201118,1,181
13262,2,A,1,208080505020,20201118,1,182
13263,4,B,0,208080505020,20201118,1,183
13264,3,B,1,208080405020,20201118,1,184
13265,4,B,1,208064405020,20201118,1,185
13266,3,B,1,208064325020,20201118,1,186
13267,2,A,1,208080505020,20201118,1,187
13268,4,B,1,208080505020,20201118,1,188
13269,3,B,1,208080405020,20201118,1,189
13270,4,B,0,208064405020,20201118,1,190
13271,3,B,0,208064325020,20201118,1,191
13272,2,A,1,208080505020,20201118,1,192
13273,4,B,0,208080505020,20201118,1,193
13274,3,B,0,208080405020,20201118,1,194
13275,4,B,0,208064405020,20201118,1,195
13276,3,B,1,208064325020,20201118,1,196
13277,2,A,1,208080505020,20201118,1,197
13278,1,A,1,206480505020,20201118,1,198
13279,2,A,0,166480505020,20201118,1,199
13280,4,B,0,208080505020,20201118,1,200
13281,3,B,1,208080405020,20201118,1,201
13282,4,B,1,208064405020,20201118,1,202
13283,3,B,1,208064325020,20201118,1,203
13284,2,A,1,208080505020,20201118,1,204
13285,1,A,0,206480505020,20201118,1,205
13286,2,A,1,166480505020,20201118,1,206
13287,4,B,1,208080505020,20201118,1,207
13288,3,B,1,208080405020,20201118,1,208
13289,4,B,1,208064405020,20201118,1,209
13290,3,B,0,208064325020,20201118,1,210
13291,4,B,0,208051325020,20201118,1,211
13292,3,B,1,208051255020,20201118,1,212
13293,1,A,1,208080505020,20201118,1,213
13294,2,A,1,168080505020,20201118,1,214
13295,4,B,1,208080505020,20201118,1,215
13296,3,B,1,208080405020,20201118,1,216
13297,4,B,0,208064405020,20201118,1,217
13298,3,B,0,208064325020,20201118,1,218
13299,2,A,0,208080505020,20201118,1,219
13300,4,B,0,208080505020,20201118,1,220
13301,3,B,1,208080405020,20201118,1,221
13302,2,A,0,208080505020,20201118,1,222
13303,4,B,0,208080505020,20201118,1,223
13304,3,B,1,208080405020,20201118,1,224
13305,4,B,1,208064405020,20201118,1,225
13306,3,B,1,208064325020,20201118,1,226
13307,4,B,1,208051325020,20201118,1,227
13308,3,B,0,208051255020,20201118,1,228
13309,2,A,1,208080505020,20201118,1,229
13310,1,A,0,206480505020,20201118,1,230
13311,2,A,1,166480505020,20201118,1,231
13312,4,B,0,208080505020,20201118,1,232
13313,3,B,0,208080405020,20201118,1,233
13314,4,B,0,208064405020,20201118,1,234
13315,3,B,0,208064325020,20201118,1,235
13316,2,A,1,208080505020,20201118,1,236
13317,4,B,0,208080505020,20201118,1,237
13318,3,B,1,208080405020,20201118,1,238
13319,4,B,0,208064405020,20201118,1,239
13320,3,B,0,208064325020,20201118,1,240
13321,2,A,1,208080505020,20201118,1,241
13322,4,B,1,208080505020,20201118,1,242
13323,3,B,0,208080405020,20201118,1,243
13324,4,B,1,208064405020,20201118,1,244
13325,3,B,1,208064325020,20201118,1,245
13326,4,B,1,208051325020,20201118,1,246
13327,3,B,1,208051255020,20201118,1,247
13328,4,B,1,208040255020,20201118,1,248
13329,3,B,0,208040205020,20201118,1,249
13330,4,B,1,208032205020,20201118,1,250
13331,5,C,1,208080505020,20201118,1,251
13332,6,C,0,208080504020,20201118,1,252
13333,5,C,0,208080504016,20201118,1,253
13334,4,B,0,208080505020,20201118,1,254
13335,3,B,0,208080405020,20201118,1,255
13336,4,B,0,208064405020,20201118,1,256
13337,3,B,1,208064325020,20201118,1,257
13338,2,A,0,208080505020,20201118,1,258
13339,1,A,1,206480505020,20201118,1,259
13340,2,A,1,166480505020,20201118,1,260
13341,4,B,0,208080505020,20201118,1,261
13342,3,B,1,208080405020,20201118,1,262
13343,4,B,1,208064405020,20201118,1,263
13344,3,B,1,208064325020,20201118,1,264
13345,4,B,0,208051325020,20201118,1,265
13346,3,B,1,208051255020,20201118,1,266
13347,4,B,1,208040255020,20201118,1,267
13348,3,B,1,208040205020,20201118,1,268
13349,4,B,0,208032205020,20201118,1,269
13350,3,B,0,208032165020,20201118,1,270
13351,2,A,0,208080505020,20201118,1,271
13352,4,B,0,208080505020,20201118,1,272
13353,3,B,0,208080405020,20201118,1,273
13354,4,B,0,208064405020,20201118,1,274
13355,3,B,1,208064325020,20201118,1,275
13356,2,A,1,208080505020,20201118,1,276
13357,1,A,0,206480505020,20201118,1,277
13358,2,A,0,166480505020,20201118,1,278
13359,4,B,0,208080505020,20201118,1,279
13360,3,B,0,208080405020,20201118,1,280
13361,4,B,0,208064405020,20201118,1,281
13362,3,B,1,208064325020,20201118,1,282
13363,4,B,0,208051325020,20201118,1,283
13364,3,B,0,208051255020,20201118,1,284
13365,2,A,1,208080505020,20201118,1,285
13366,1,A,0,206480505020,20201118,1,286
13367,2,A,1,166480505020,20201118,1,287
13368,4,B,0,208080505020,20201118,1,288
13369,3,B,0,208080405020,20201118,1,289
13370,4,B,1,208064405020,20201118,1,290
13371,3,B,0,208064325020,20201118,1,291
13372,4,B,0,208051325020,20201118,1,292
13373,3,B,0,208051255020,20201118,1,293
13374,2,A,0,208080505020,20201118,1,294
13375,1,A,0,206480505020,20201118,1,295
13376,2,A,1,166480505020,20201118,1,296
13377,4,B,0,208080505020,20201118,1,297
13378,3,B,1,208080405020,20201118,1,298
13379,4,B,1,208064405020,20201118,1,299
13380,4,B,0,205020202080,20201118,2,0
13381,3,B,0,205020162080,20201118,2,1
13382,1,A,1,205020202080,20201118,2,2
13383,2,A,0,165020202080,20201118,2,3
13384,1,A,0,164020202080,20201118,2,4
13385,5,C,0,205020202080,20201118,2,5
13386,6,C,1,205020201680,20201118,2,6
13387,5,C,0,205020201664,20201118,2,7
13388,4,B,0,205020202080,20201118,2,8
13389,3,B,1,205020162080,20201118,2,9
13390,4,B,0,205016162080,20201118,2,10
13391,3,B,1,205016122080,20201118,2,11
13392,1,A,0,205020202080,20201118,2,12
13393,2,A,0,165020202080,20201118,2,13
13394,1,A,0,164020202080,20201118,2,14
13395,2,A,0,124020202080,20201118,2,15
13396,5,C,0,205020202080,20201118,2,16
13397,6,C,0,205020201680,20201118,2,17
13398,5,C,0,205020201664,20201118,2,18
13399,3,B,0,205020202080,20201118,2,19
13400,4,B,0,205016202080,20201118,2,20
13401,3,B,1,205016162080,20201118,2,21
13402,1,A,1,205020202080,20201118,2,22
13403,2,A,0,165020202080,20201118,2,23
13404,1,A,1,164020202080,20201118,2,24
13405,2,A,0,124020202080,20201118,2,25
13406,1,A,1,123220202080,20201118,2,26
13407,4,B,0,205020202080,20201118,2,27
13408,3,B,0,205020162080,20201118,2,28
13409,4,B,0,205016162080,20201118,2,29
13410,1,A,0,205020202080,20201118,2,30
13411,2,A,1,165020202080,20201118,2,31
13412,1,A,0,164020202080,20201118,2,32
13413,2,A,0,124020202080,20201118,2,33
13414,1,A,0,123220202080,20201118,2,34
13415,2,A,0,103220202080,20201118,2,35
13416,5,C,0,205020202080,20201118,2,36
13417,6,C,0,205020201680,20201118,2,37
13418,5,C,0,205020201664,20201118,2,38
13419,3,B,0,205020202080,20201118,2,39
13420,4,B,0,205016202080,20201118,2,40
13421,3,B,0,205016162080,20201118,2,41
13422,1,A,1,205020202080,20201118,2,42
13423,2,A,0,165020202080,20201118,2,43
13424,1,A,1,164020202080,20201118,2,44
13425,4,B,0,205020202080,20201118,2,45
13426,3,B,1,205020162080,20201118,2,46
13427,4,B,0,205016162080,20201118,2,47
13428,3,B,0,205016122080,20201118,2,48
13429,1,A,0,205020202080,20201118,2,49
13430,2,A,1,165020202080,20201118,2,50
13431,1,A,0,164020202080,20201118,2,51
13432,2,A,0,124020202080,20201118,2,52
13433,1,A,0,123220202080,20201118,2,53
13434,3,B,0,205020202080,20201118,2,54
13435,4,B,0,205016202080,20201118,2,55
13436,3,B,0,205016162080,20201118,2,56
13437,1,A,0,205020202080,20201118,2,57
13438,2,A,0,165020202080,20201118,2,58
13439,1,A,0,164020202080,20201118,2,59
13440,4,B,0,205020202080,20201118,2,60
13441,3,B,0,205020162080,20201118,2,61
13442,6,C,0,205020202080,20201118,2,62
13443,5,C,0,205020202064,20201118,2,63
13444,1,A,0,205020202080,20201118,2,64
13445,2,A,1,165020202080,20201118,2,65
13446,1,A,1,164020202080,20201118,2,66
13447,2,A,1,124020202080,20201118,2,67
13448,1,A,0,123220202080,20201118,2,68
13449,2,A,0,103220202080,20201118,2,69
13450,5,C,0,205020202080,20201118,2,70
13451,6,C,1,205020201680,20201118,2,71
13452,5,C,0,205020201664,20201118,2,72
13453,6,C,1,205020201264,20201118,2,73
13454,5,C,1,205020201251,20201118,2,74
13455,6,C,1,205020201051,20201118,2,75
13456,5,C,0,205020201040,20201118,2,76
13457,6,C,1,205020200840,20201118,2,77
13458,5,C,0,205020200832,20201118,2,78
13459,6,C,1,205020200632,20201118,2,79
13460,5,C,0,205020200626,20201118,2,80
13461,6,C,0,205020200526,20201118,2,81
13462,2,A,0,205020202080,20201118,2,82
13463,1,A,1,204020202080,20201118,2,83
13464,2,A,0,164020202080,20201118,2,84
13465,1,A,0,163220202080,20201118,2,85
13466,4,B,1,205020202080,20201118,2,86
13467,3,B,0,205020162080,20201118,2,87
13468,4,B,0,205016162080,20201118,2,88
13469,1,A,1,205020202080,20201118,2,89
13470,2,A,1,165020202080,20201118,2,90
13471,1,A,0,164020202080,20201118,2,91
13472,2,A,0,124020202080,20201118,2,92
13473,1,A,0,123220202080,20201118,2,93
13474,5,C,0,205020202080,20201118,2,94
13475,6,C,1,205020201680,20201118,2,95
13476,5,C,0,205020201664,20201118,2,96
13477,6,C,0,205020201264,20201118,2,97
13478,2,A,1,205020202080,20201118,2,98
13479,1,A,0,204020202080,20201118,2,99
13480,2,A,0,164020202080,20201118,2,100
13481,1,A,0,163220202080,20201118,2,101
13482,2,A,0,123220202080,20201118,2,102
13483,6,C,1,205020202080,20201118,2,103
13484,5,C,0,205020202064,20201118,2,104
13485,6,C,0,205020201664,20201118,2,105
13486,5,C,0,205020201651,20201118,2,106
13487,6,C,1,205020201251,20201118,2,107
13488,2,A,1,205020202080,20201118,2,108
13489,1,A,0,204020202080,20201118,2,109
13490,2,A,0,164020202080,20201118,2,110
13491,6,C,0,205020202080,20201118,2,111
13492,5,C,0,205020202064,20201118,2,112
13493,6,C,1,205020201664,20201118,2,113
13494,2,A,0,205020202080,20201118,2,114
13495,1,A,0,204020202080,20201118,2,115
13496,2,A,0,164020202080,20201118,2,116
13497,6,C,1,205020202080,20201118,2,117
13498,2,A,1,205020202080,20201118,2,118
13499,1,A,0,204020202080,20201118,2,119
13500,2,A,0,164020202080,20201118,2,120
13501,6,C,1,205020202080,20201118,2,121
13502,1,A,0,205020202080,20201118,2,122
13503,2,A,1,165020202080,20201118,2,123
13504,5,C,0,205020202080,20201118,2,124
13505,6,C,1,205020201680,20201118,2,125
13506,5,C,0,205020201664,20201118,2,126
13507,6,C,1,205020201264,20201118,2,127
13508,2,A,0,205020202080,20201118,2,128
13509,1,A,0,204020202080,20201118,2,129
13510,2,A,0,164020202080,20201118,2,130
13511,6,C,1,205020202080,20201118,2,131
13512,4,B,0,205020202080,20201118,2,132
13513,3,B,0,205020162080,20201118,2,133
13514,1,A,0,205020202080,20201118,2,134
13515,2,A,0,165020202080,20201118,2,135
13516,6,C,1,205020202080,20201118,2,136
13517,5,C,0,205020202064,20201118,2,137
13518,6,C,0,205020201664,20201118,2,138
13519,2,A,0,205020202080,20201118,2,139
13520,1,A,0,204020202080,20201118,2,140
13521,5,C,0,205020202080,20201118,2,141
13522,6,C,1,205020201680,20201118,2,142
13523,2,A,0,205020202080,20201118,2,143
13524,1,A,0,204020202080,20201118,2,144
13525,6,C,1,205020202080,20201118,2,145
13526,5,C,1,205020202064,20201118,2,146
13527,6,C,1,205020201664,20201118,2,147
13528,5,C,1,205020201651,20201118,2,148
13529,6,C,0,205020201251,20201118,2,149
13530,5,C,0,205020201240,20201118,2,150
13531,6,C,1,205020201040,20201118,2,151
13532,3,B,1,205020202080,20201118,2,152
13533,4,B,0,205016202080,20201118,2,153
13534,3,B,0,205016162080,20201118,2,154
13535,6,C,0,205020202080,20201118,2,155
13536,5,C,0,205020202064,20201118,2,156
13537,6,C,1,205020201664,20201118,2,157
13538,5,C,0,205020201651,20201118,2,158
13539,6,C,0,205020201251,20201118,2,159
13540,2,A,0,205020202080,20201118,2,160
13541,1,A,0,204020202080,20201118,2,161
13542,6,C,1,205020202080,20201118,2,162
13543,5,C,1,205020202064,20201118,2,163
13544,6,C,1,205020201664,20201118,2,164
13545,5,C,0,205020201651,20201118,2,165
13546,6,C,0,205020201251,20201118,2,166
13547,5,C,0,205020201240,20201118,2,167
13548,6,C,0,205020201040,20201118,2,168
13549,4,B,0,205020202080,20201118,2,169
13550,6,C,1,205020202080,20201118,2,170
13551,5,C,1,205020202064,20201118,2,171
13552,6,C,1,205020201664,20201118,2,172
13553,5,C,0,205020201651,20201118,2,173
13554,6,C,0,205020201251,20201118,2,174
13555,5,C,0,205020201240,20201118,2,175
13556,6,C,1,205020201040,20201118,2,176
13557,1,A,0,205020202080,20201118,2,177
13558,2,A,1,165020202080,20201118,2,178
13559,6,C,1,205020202080,20201118,2,179
13560,5,C,0,205020202064,20201118,2,180
13561,6,C,0,205020201664,20201118,2,181
13562,5,C,0,205020201651,20201118,2,182
13563,6,C,0,205020201251,20201118,2,183
13564,2,A,1,205020202080,20201118,2,184
13565,1,A,0,204020202080,20201118,2,185
13566,2,A,0,164020202080,20201118,2,186
13567,6,C,1,205020202080,20201118,2,187
13568,5,C,1,205020202064,20201118,2,188
13569,6,C,1,205020201664,20201118,2,189
13570,5,C,0,205020201651,20201118,2,190
13571,6,C,1,205020201251,20201118,2,191
13572,2,A,0,205020202080,20201118,2,192
13573,1,A,1,204020202080,20201118,2,193
13574,2,A,0,164020202080,20201118,2,194
13575,6,C,1,205020202080,20201118,2,195
13576,5,C,0,205020202064,20201118,2,196
13577,6,C,1,205020201664,20201118,2,197
13578,1,A,0,205020202080,20201118,2,198
13579,2,A,1,165020202080,20201118,2,199
13580,6,C,0,205020202080,20201118,2,200
13581,5,C,0,205020202064,20201118,2,201
13582,6,C,1,205020201664,20201118,2,202
13583,3,B,1,205020202080,20201118,2,203
13584,4,B,0,205016202080,20201118,2,204
13585,3,B,0,205016162080,20201118,2,205
13586,6,C,1,205020202080,20201118,2,206
13587,5,C,0,205020202064,20201118,2,207
13588,6,C,0,205020201664,20201118,2,208
13589,5,C,0,205020201651,20201118,2,209
13590,6,C,0,205020201251,20201118,2,210
13591,4,B,0,205020202080,20201118,2,211
13592,3,B,0,205020162080,20201118,2,212
13593,6,C,1,205020202080,20201118,2,213
13594,5,C,0,205020202064,20201118,2,214
13595,6,C,1,205020201664,20201118,2,215
13596,2,A,0,205020202080,20201118,2,216
13597,1,A,1,204020202080,20201118,2,217
13598,6,C,1,205020202080,20201118,2,218
13599,5,C,0,205020202064,20201118,2,219
13600,6,C,1,205020201664,20201118,2,220
13601,1,A,0,205020202080,20201118,2,221
13602,2,A,0,165020202080,20201118,2,222
13603,1,A,0,164020202080,20201118,2,223
13604,6,C,1,205020202080,20201118,2,224
13605,5,C,1,205020202064,20201118,2,225
13606,6,C,1,205020201664,20201118,2,226
13607,5,C,0,205020201651,20201118,2,227
13608,6,C,0,205020201251,20201118,2,228
13609,3,B,0,205020202080,20201118,2,229
13610,4,B,0,205016202080,20201118,2,230
13611,3,B,0,205016162080,20201118,2,231
13612,6,C,0,205020202080,20201118,2,232
13613,5,C,0,205020202064,20201118,2,233
13614,6,C,1,205020201664,20201118,2,234
13615,2,A,1,205020202080,20201118,2,235
13616,1,A,0,204020202080,20201118,2,236
13617,2,A,0,164020202080,20201118,2,237
13618,6,C,1,205020202080,20201118,2,238
13619,2,A,1,205020202080,20201118,2,239
13620,1,A,0,204020202080,20201118,2,240
13621,2,A,1,164020202080,20201118,2,241
13622,6,C,0,205020202080,20201118,2,242
13623,5,C,0,205020202064,20201118,2,243
13624,6,C,1,205020201664,20201118,2,244
13625,3,B,0,205020202080,20201118,2,245
13626,4,B,0,205016202080,20201118,2,246
13627,3,B,0,205016162080,20201118,2,247
13628,6,C,1,205020202080,20201118,2,248
13629,5,C,0,205020202064,20201118,2,249
13630,6,C,1,205020201664,20201118,2,250
13631,1,A,1,205020202080,20201118,2,251
13632,2,A,0,165020202080,20201118,2,252
13633,1,A,0,164020202080,20201118,2,253
13634,6,C,1,205020202080,20201118,2,254
13635,5,C,1,205020202064,20201118,2,255
13636,6,C,1,205020201664,20201118,2,256
13637,5,C,0,205020201651,20201118,2,257
13638,6,C,1,205020201251,20201118,2,258
13639,2,A,1,205020202080,20201118,2,259
13640,1,A,0,204020202080,20201118,2,260
13641,2,A,0,164020202080,20201118,2,261
13642,6,C,1,205020202080,20201118,2,262
13643,5,C,0,205020202064,20201118,2,263
13644,6,C,1,205020201664,20201118,2,264
13645,5,C,0,205020201651,20201118,2,265
13646,6,C,0,205020201251,20201118,2,266
13647,5,C,0,205020201240,20201118,2,267
13648,6,C,1,205020201040,20201118,2,268
13649,2,A,1,205020202080,20201118,2,269
13650,1,A,0,204020202080,20201118,2,270
13651,2,A,0,164020202080,20201118,2,271
13652,6,C,1,205020202080,20201118,2,272
13653,5,C,0,205020202064,20201118,2,273
13654,6,C,1,205020201664,20201118,2,274
13655,2,A,1,205020202080,20201118,2,275
13656,1,A,0,204020202080,20201118,2,276
13657,2,A,1,164020202080,20201118,2,277
13658,6,C,1,205020202080,20201118,2,278
13659,4,B,0,205020202080,20201118,2,279
13660,3,B,0,205020162080,20201118,2,280
13661,6,C,1,205020202080,20201118,2,281
13662,5,C,0,205020202064,20201118,2,282
13663,6,C,1,205020201664,20201118,2,283
13664,2,A,0,205020202080,20201118,2,284
13665,6,C,1,205020202080,20201118,2,285
13666,2,A,1,205020202080,20201118,2,286
13667,6,C,0,205020202080,20201118,2,287
13668,5,C,0,205020202064,20201118,2,288
13669,6,C,1,205020201664,20201118,2,289
13670,2,A,1,205020202080,20201118,2,290
13671,6,C,1,205020202080,20201118,2,291
13672,5,C,0,205020202064,20201118,2,292
13673,6,C,0,205020201664,20201118,2,293
13674,2,A,0,205020202080,20201118,2,294
13675,6,C,1,205020202080,20201118,2,295
13676,5,C,0,205020202064,20201118,2,296
13677,6,C,1,205020201664,20201118,2,297
13678,2,A,1,205020202080,20201118,2,298
13679,6,C,1,205020202080,20201118,2,299
13680,4,B,1,202050808020,20201118,3,0
13681,3,B,0,202050648020,20201118,3,1
13682,4,B,0,202040648020,20201118,3,2
13683,1,A,0,202050808020,20201118,3,3
13684,2,A,0,162050808020,20201118,3,4
13685,1,A,0,161650808020,20201118,3,5
13686,6,C,0,202050808020,20201118,3,6
13687,5,C,1,202050808016,20201118,3,7
13688,6,C,0,202050806416,20201118,3,8
13689,5,C,1,202050806412,20201118,3,9
13690,3,B,0,202050808020,20201118,3,10
13691,4,B,0,202040808020,20201118,3,11
13692,3,B,1,202040648020,20201118,3,12
13693,4,B,1,202032648020,20201118,3,13
13694,3,B,0,202032518020,20201118,3,14
13695,4,B,0,202025518020,20201118,3,15
13696,1,A,0,202050808020,20201118,3,16
13697,2,A,0,162050808020,20201118,3,17
13698,6,C,0,202050808020,20201118,3,18
13699,5,C,0,202050808016,20201118,3,19
13700,6,C,0,202050806416,20201118,3,20
13701,4,B,1,202050808020,20201118,3,21
13702,3,B,0,202050648020,20201118,3,22
13703,4,B,1,202040648020,20201118,3,23
13704,3,B,0,202040518020,20201118,3,24
13705,4,B,1,202032518020,20201118,3,25
13706,3,B,0,202032408020,20201118,3,26
13707,4,B,0,202025408020,20201118,3,27
13708,1,A,0,202050808020,20201118,3,28
13709,2,A,1,162050808020,20201118,3,29
13710,1,A,0,161650808020,20201118,3,30
13711,2,A,0,121650808020,20201118,3,31
13712,6,C,0,202050808020,20201118,3,32
13713,5,C,1,202050808016,20201118,3,33
13714,6,C,0,202050806416,20201118,3,34
13715,5,C,0,202050806412,20201118,3,35
13716,4,B,1,202050808020,20201118,3,36
13717,3,B,1,202050648020,20201118,3,37
13718,4,B,1,202040648020,20201118,3,38
13719,3,B,0,202040518020,20201118,3,39
13720,4,B,1,202032518020,20201118,3,40
13721,3,B,0,202032408020,20201118,3,41
13722,4,B,0,202025408020,20201118,3,42
13723,6,C,0,202050808020,20201118,3,43
13724,5,C,1,202050808016,20201118,3,44
13725,6,C,1,202050806416,20201118,3,45
13726,5,C,1,202050806412,20201118,3,46
13727,6,C,0,202050805112,20201118,3,47
13728,5,C,0,202050805110,20201118,3,48
13729,4,B,1,202050808020,20201118,3,49
13730,3,B,0,202050648020,20201118,3,50
13731,4,B,1,202040648020,20201118,3,51
13732,6,C,0,202050808020,20201118,3,52
13733,5,C,0,202050808016,20201118,3,53
13734,6,C,0,202050806416,20201118,3,54
13735,5,C,1,202050806412,20201118,3,55
13736,4,B,1,202050808020,20201118,3,56
13737,3,B,0,202050648020,20201118,3,57
13738,4,B,1,202040648020,20201118,3,58
13739,6,C,0,202050808020,20201118,3,59
13740,5,C,1,202050808016,20201118,3,60
13741,6,C,0,202050806416,20201118,3,61
13742,5,C,1,202050806412,20201118,3,62
13743,4,B,1,202050808020,20201118,3,63
13744,3,B,1,202050648020,20201118,3,64
13745,4,B,0,202040648020,20201118,3,65
13746,3,B,1,202040518020,20201118,3,66
13747,4,B,1,202032518020,20201118,3,67
13748,3,B,0,202032408020,20201118,3,68
13749,4,B,1,202025408020,20201118,3,69
13750,6,C,0,202050808020,20201118,3,70
13751,5,C,0,202050808016,20201118,3,71
13752,4,B,0,202050808020,20201118,3,72
13753,3,B,1,202050648020,20201118,3,73
13754,4,B,1,202040648020,20201118,3,74
13755,3,B,0,202040518020,20201118,3,75
13756,4,B,1,202032518020,20201118,3,76
13757,3,B,0,202032408020,20201118,3,77
13758,4,B,1,202025408020,20201118,3,78
13759,6,C,0,202050808020,20201118,3,79
13760,5,C,1,202050808016,20201118,3,80
13761,6,C,0,202050806416,20201118,3,81
13762,5,C,1,202050806412,20201118,3,82
13763,4,B,1,202050808020,20201118,3,83
13764,3,B,0,202050648020,20201118,3,84
13765,4,B,1,202040648020,20201118,3,85
13766,3,B,0,202040518020,20201118,3,86
13767,4,B,0,202032518020,20201118,3,87
13768,2,A,0,202050808020,20201118,3,88
13769,1,A,0,201650808020,20201118,3,89
13770,4,B,1,202050808020,20201118,3,90
13771,3,B,0,202050648020,20201118,3,91
13772,4,B,1,202040648020,20201118,3,92
13773,3,B,0,202040518020,20201118,3,93
13774,4,B,0,202032518020,20201118,3,94
13775,6,C,1,202050808020,20201118,3,95
13776,5,C,1,202050808016,20201118,3,96
13777,4,B,0,202050808020,20201118,3,97
13778,3,B,0,202050648020,20201118,3,98
13779,4,B,0,202040648020,20201118,3,99
13780,6,C,0,202050808020,20201118,3,100
13781,5,C,1,202050808016,20201118,3,101
13782,4,B,1,202050808020,20201118,3,102
13783,3,B,0,202050648020,20201118,3,103
13784,4,B,1,202040648020,20201118,3,104
13785,3,B,1,202040518020,20201118,3,105
13786,4,B,0,202032518020,20201118,3,106
13787,3,B,0,202032408020,20201118,3,107
13788,4,B,1,202025408020,20201118,3,108
13789,5,C,1,202050808020,20201118,3,109
13790,6,C,0,202050806420,20201118,3,110
13791,5,C,0,202050806416,20201118,3,111
13792,4,B,1,202050808020,20201118,3,112
13793,3,B,0,202050648020,20201118,3,113
13794,4,B,1,202040648020,20201118,3,114
13795,6,C,0,202050808020,20201118,3,115
13796,5,C,1,202050808016,20201118,3,116
13797,4,B,1,202050808020,20201118,3,117
13798,6,C,0,202050808020,20201118,3,118
13799,5,C,1,202050808016,20201118,3,119
13800,4,B,1,202050808020,20201118,3,120
13801,6,C,0,202050808020,20201118,3,121
13802,5,C,1,202050808016,20201118,3,122
13803,4,B,1,202050808020,20201118,3,123
13804,3,B,0,202050648020,20201118,3,124
13805,4,B,1,202040648020,20201118,3,125
13806,5,C,1,202050808020,20201118,3,126
13807,6,C,0,202050806420,20201118,3,127
13808,5,C,1,202050806416,20201118,3,128
13809,4,B,1,202050808020,20201118,3,129
13810,5,C,1,202050808020,20201118,3,130
13811,4,B,1,202050808020,20201118,3,131
13812,5,C,1,202050808020,20201118,3,132
13813,6,C,0,202050806420,20201118,3,133
13814,5,C,1,202050806416,20201118,3,134
13815,4,B,1,202050808020,20201118,3,135
13816,5,C,1,202050808020,20201118,3,136
13817,4,B,1,202050808020,20201118,3,137
13818,5,C,1,202050808020,20201118,3,138
13819,4,B,0,202050808020,20201118,3,139
13820,6,C,0,202050808020,20201118,3,140
13821,5,C,1,202050808016,20201118,3,141
13822,6,C,0,202050806416,20201118,3,142
13823,5,C,1,202050806412,20201118,3,143
13824,4,B,1,202050808020,20201118,3,144
13825,3,B,0,202050648020,20201118,3,145
13826,4,B,1,202040648020,20201118,3,146
13827,5,C,1,202050808020,20201118,3,147
13828,6,C,0,202050806420,20201118,3,148
13829,5,C,1,202050806416,20201118,3,149
13830,4,B,1,202050808020,20201118,3,150
13831,5,C,1,202050808020,20201118,3,151
13832,4,B,1,202050808020,20201118,3,152
13833,5,C,1,202050808020,20201118,3,153
13834,4,B,0,202050808020,20201118,3,154
13835,3,B,0,202050648020,20201118,3,155
13836,4,B,0,202040648020,20201118,3,156
13837,5,C,1,202050808020,20201118,3,157
13838,4,B,0,202050808020,20201118,3,158
13839,5,C,1,202050808020,20201118,3,159
13840,6,C,0,202050806420,20201118,3,160
13841,5,C,1,202050806416,20201118,3,161
13842,4,B,1,202050808020,20201118,3,162
13843,5,C,1,202050808020,20201118,3,163
13844,6,C,0,202050806420,20201118,3,164
13845,5,C,0,202050806416,20201118,3,165
13846,4,B,1,202050808020,20201118,3,166
13847,5,C,1,202050808020,20201118,3,167
13848,6,C,0,202050806420,20201118,3,168
13849,5,C,0,202050806416,20201118,3,169
13850,4,B,1,202050808020,20201118,3,170
13851,5,C,1,202050808020,20201118,3,171
13852,4,B,0,202050808020,20201118,3,172
13853,5,C,1,202050808020,20201118,3,173
13854,4,B,1,202050808020,20201118,3,174
13855,5,C,0,202050808020,20201118,3,175
13856,6,C,0,202050806420,20201118,3,176
13857,5,C,1,202050806416,20201118,3,177
13858,4,B,1,202050808020,20201118,3,178
13859,5,C,1,202050808020,20201118,3,179
13860,4,B,1,202050808020,20201118,3,180
13861,5,C,1,202050808020,20201118,3,181
13862,4,B,1,202050808020,20201118,3,182
13863,5,C,1,202050808020,20201118,3,183
13864,4,B,1,202050808020,20201118,3,184
13865,5,C,1,202050808020,20201118,3,185
13866,6,C,0,202050806420,20201118,3,186
13867,5,C,1,202050806416,20201118,3,187
13868,4,B,1,202050808020,20201118,3,188
13869,5,C,1,202050808020,20201118,3,189
13870,4,B,1,202050808020,20201118,3,190
13871,5,C,1,202050808020,20201118,3,191
13872,4,B,1,202050808020,20201118,3,192
13873,5,C,1,202050808020,20201118,3,193
13874,4,B,1,202050808020,20201118,3,194
13875,5,C,1,202050808020,20201118,3,195
13876,6,C,0,202050806420,20201118,3,196
13877,5,C,1,202050806416,20201118,3,197
13878,4,B,1,202050808020,20201118,3,198
13879,5,C,1,202050808020,20201118,3,199
13880,4,B,1,202050808020,20201118,3,200
13881,5,C,1,202050808020,20201118,3,201
13882,4,B,0,202050808020,20201118,3,202
13883,5,C,1,202050808020,20201118,3,203
13884,4,B,1,202050808020,20201118,3,204
13885,5,C,0,202050808020,20201118,3,205
13886,4,B,1,202050808020,20201118,3,206
13887,6,C,1,202050808020,20201118,3,207
13888,5,C,1,202050808016,20201118,3,208
13889,6,C,0,202050806416,20201118,3,209
13890,5,C,0,202050806412,20201118,3,210
13891,4,B,1,202050808020,20201118,3,211
13892,3,B,1,202050648020,20201118,3,212
13893,4,B,1,202040648020,20201118,3,213
13894,3,B,1,202040518020,20201118,3,214
13895,4,B,1,202032518020,20201118,3,215
13896,3,B,0,202032408020,20201118,3,216
13897,4,B,1,202025408020,20201118,3,217
13898,5,C,1,202050808020,20201118,3,218
13899,4,B,1,202050808020,20201118,3,219
13900,5,C,1,202050808020,20201118,3,220
13901,4,B,1,202050808020,20201118,3,221
13902,5,C,1,202050808020,20201118,3,222
13903,4,B,0,202050808020,20201118,3,223
13904,5,C,1,202050808020,20201118,3,224
13905,4,B,1,202050808020,20201118,3,225
13906,5,C,1,202050808020,20201118,3,226
13907,4,B,0,202050808020,20201118,3,227
13908,5,C,1,202050808020,20201118,3,228
13909,4,B,1,202050808020,20201118,3,229
13910,5,C,1,202050808020,20201118,3,230
13911,4,B,1,202050808020,20201118,3,231
13912,5,C,1,202050808020,20201118,3,232
13913,4,B,1,202050808020,20201118,3,233
13914,5,C,0,202050808020,20201118,3,234
13915,6,C,0,202050806420,20201118,3,235
13916,5,C,1,202050806416,20201118,3,236
13917,4,B,1,202050808020,20201118,3,237
13918,3,B,1,202050648020,20201118,3,238
13919,4,B,0,202040648020,20201118,3,239
13920,3,B,0,202040518020,20201118,3,240
13921,4,B,1,202032518020,20201118,3,241
13922,5,C,1,202050808020,20201118,3,242
13923,4,B,0,202050808020,20201118,3,243
13924,5,C,1,202050808020,20201118,3,244
13925,4,B,1,202050808020,20201118,3,245
13926,5,C,1,202050808020,20201118,3,246
13927,4,B,1,202050808020,20201118,3,247
13928,3,B,1,202050648020,20201118,3,248
13929,4,B,0,202040648020,20201118,3,249
13930,5,C,0,202050808020,20201118,3,250
13931,4,B,1,202050808020,20201118,3,251
13932,3,B,1,202050648020,20201118,3,252
13933,4,B,0,202040648020,20201118,3,253
13934,3,B,1,202040518020,20201118,3,254
13935,4,B,0,202032518020,20201118,3,255
13936,3,B,1,202032408020,20201118,3,256
13937,4,B,1,202025408020,20201118,3,257
13938,3,B,1,202025328020,20201118,3,258
13939,4,B,0,202020328020,20201118,3,259
13940,3,B,0,202020268020,20201118,3,260
13941,4,B,0,202016268020,20201118,3,261
13942,5,C,0,202050808020,20201118,3,262
13943,4,B,1,202050808020,20201118,3,263
13944,3,B,1,202050648020,20201118,3,264
13945,4,B,1,202040648020,20201118,3,265
13946,3,B,0,202040518020,20201118,3,266
13947,4,B,0,202032518020,20201118,3,267
13948,5,C,1,202050808020,20201118,3,268
13949,4,B,1,202050808020,20201118,3,269
13950,3,B,0,202050648020,20201118,3,270
13951,4,B,0,202040648020,20201118,3,271
13952,5,C,1,202050808020,20201118,3,272
13953,4,B,1,202050808020,20201118,3,273
13954,3,B,1,502080205080,20201118,4,0
13955,4,B,0,502064205080,20201118,4,1
13956,1,A,0,502080205080,20201118,4,2
13957,2,A,0,402080205080,20201118,4,3
13958,6,C,1,502080205080,20201118,4,4
13959,5,C,1,502080205064,20201118,4,5
13960,6,C,1,502080204064,20201118,4,6
13961,5,C,0,502080204051,20201118,4,7
13962,3,B,1,502080205080,20201118,4,8
13963,4,B,0,502064205080,20201118,4,9
13964,3,B,0,502064165080,20201118,4,10
13965,1,A,0,502080205080,20201118,4,11
13966,2,A,0,402080205080,20201118,4,12
13967,1,A,0,401680205080,20201118,4,13
13968,6,C,1,502080205080,20201118,4,14
13969,5,C,1,502080205064,20201118,4,15
13970,6,C,0,502080204064,20201118,4,16
13971,5,C,0,502080204051,20201118,4,17
13972,3,B,0,502080205080,20201118,4,18
13973,4,B,0,502064205080,20201118,4,19
13974,3,B,0,502064165080,20201118,4,20
13975,6,C,1,502080205080,20201118,4,21
13976,5,C,0,502080205064,20201118,4,22
13977,6,C,1,502080204064,20201118,4,23
13978,4,B,1,502080205080,20201118,4,24
13979,3,B,1,502080165080,20201118,4,25
13980,4,B,0,502064165080,20201118,4,26
13981,3,B,1,502064125080,20201118,4,27
13982,4,B,0,502051125080,20201118,4,28
13983,3,B,1,502051105080,20201118,4,29
13984,2,A,1,502080205080,20201118,4,30
13985,1,A,0,501680205080,20201118,4,31
13986,2,A,0,401680205080,20201118,4,32
13987,6,C,0,502080205080,20201118,4,33
13988,5,C,1,502080205064,20201118,4,34
13989,6,C,0,502080204064,20201118,4,35
13990,5,C,0,502080204051,20201118,4,36
13991,4,B,0,502080205080,20201118,4,37
13992,3,B,1,502080165080,20201118,4,38
13993,4,B,0,502064165080,20201118,4,39
13994,3,B,1,502064125080,20201118,4,40
13995,6,C,0,502080205080,20201118,4,41
13996,5,C,1,502080205064,20201118,4,42
13997,6,C,0,502080204064,20201118,4,43
13998,5,C,0,502080204051,20201118,4,44
13999,3,B,1,502080205080,20201118,4,45
14000,4,B,1,502064205080,20201118,4,46
14001,3,B,1,502064165080,20201118,4,47
14002,4,B,0,502051165080,20201118,4,48
14003,3,B,0,502051125080,20201118,4,49
14004,6,C,1,502080205080,20201118,4,50
14005,5,C,1,502080205064,20201118,4,51
14006,6,C,0,502080204064,20201118,4,52
14007,5,C,1,502080204051,20201118,4,53
14008,3,B,1,502080205080,20201118,4,54
14009,4,B,1,502064205080,20201118,4,55
14010,3,B,1,502064165080,20201118,4,56
14011,4,B,1,502051165080,20201118,4,57
14012,3,B,1,502051125080,20201118,4,58
14013,4,B,0,502040125080,20201118,4,59
14014,3,B,0,502040105080,20201118,4,60
14015,6,C,0,502080205080,20201118,4,61
14016,5,C,1,502080205064,20201118,4,62
14017,4,B,1,502080205080,20201118,4,63
14018,3,B,0,502080165080,20201118,4,64
14019,4,B,1,502064165080,20201118,4,65
14020,3,B,1,502064125080,20201118,4,66
14021,4,B,0,502051125080,20201118,4,67
14022,3,B,1,502051105080,20201118,4,68
14023,6,C,1,502080205080,20201118,4,69
14024,5,C,0,502080205064,20201118,4,70
14025,6,C,0,502080204064,20201118,4,71
14026,5,C,0,502080204051,20201118,4,72
14027,4,B,1,502080205080,20201118,4,73
14028,3,B,1,502080165080,20201118,4,74
14029,4,B,0,502064165080,20201118,4,75
14030,3,B,1,502064125080,20201118,4,76
14031,6,C,1,502080205080,20201118,4,77
14032,5,C,0,502080205064,20201118,4,78
14033,6,C,1,502080204064,20201118,4,79
14034,5,C,0,502080204051,20201118,4,80
14035,6,C,0,502080203251,20201118,4,81
14036,4,B,0,502080205080,20201118,4,82
14037,3,B,0,502080165080,20201118,4,83
14038,4,B,1,502064165080,20201118,4,84
14039,3,B,0,502064125080,20201118,4,85
14040,4,B,0,502051125080,20201118,4,86
14041,6,C,1,502080205080,20201118,4,87
14042,5,C,0,502080205064,20201118,4,88
14043,6,C,0,502080204064,20201118,4,89
14044,3,B,1,502080205080,20201118,4,90
14045,4,B,0,502064205080,20201118,4,91
14046,3,B,0,502064165080,20201118,4,92
14047,6,C,1,502080205080,20201118,4,93
14048,5,C,1,502080205064,20201118,4,94
14049,6,C,1,502080204064,20201118,4,95
14050,5,C,0,502080204051,20201118,4,96
14051,4,B,0,502080205080,20201118,4,97
14052,3,B,1,502080165080,20201118,4,98
14053,4,B,0,502064165080,20201118,4,99
14054,3,B,1,502064125080,20201118,4,100
14055,6,C,1,502080205080,20201118,4,101
14056,5,C,0,502080205064,20201118,4,102
14057,6,C,1,502080204064,20201118,4,103
14058,4,B,0,502080205080,20201118,4,104
14059,3,B,1,502080165080,20201118,4,105
14060,6,C,1,502080205080,20201118,4,106
14061,5,C,0,502080205064,20201118,4,107
14062,6,C,1,502080204064,20201118,4,108
14063,3,B,1,502080205080,20201118,4,109
14064,4,B,0,502064205080,20201118,4,110
14065,3,B,1,502064165080,20201118,4,111
14066,6,C,0,502080205080,20201118,4,112
14067,5,C,1,502080205064,20201118,4,113
14068,6,C,0,502080204064,20201118,4,114
14069,5,C,1,502080204051,20201118,4,115
14070,3,B,1,502080205080,20201118,4,116
14071,4,B,0,502064205080,20201118,4,117
14072,3,B,0,502064165080,20201118,4,118
14073,6,C,1,502080205080,20201118,4,119
14074,5,C,0,502080205064,20201118,4,120
14075,6,C,0,502080204064,20201118,4,121
14076,5,C,0,502080204051,20201118,4,122
14077,3,B,1,502080205080,20201118,4,123
14078,4,B,0,502064205080,20201118,4,124
14079,3,B,0,502064165080,20201118,4,125
14080,6,C,1,502080205080,20201118,4,126
14081,5,C,1,502080205064,20201118,4,127
14082,6,C,1,502080204064,20201118,4,128
14083,5,C,0,502080204051,20201118,4,129
14084,6,C,1,502080203251,20201118,4,130
14085,4,B,0,502080205080,20201118,4,131
14086,3,B,1,502080165080,20201118,4,132
14087,6,C,1,502080205080,20201118,4,133
14088,5,C,0,502080205064,20201118,4,134
14089,6,C,1,502080204064,20201118,4,135
14090,4,B,0,502080205080,20201118,4,136
14091,3,B,0,502080165080,20201118,4,137
14092,6,C,0,502080205080,20201118,4,138
14093,5,C,1,502080205064,20201118,4,139
14094,6,C,1,502080204064,20201118,4,140
14095,5,C,0,502080204051,20201118,4,141
14096,6,C,0,502080203251,20201118,4,142
14097,3,B,1,502080205080,20201118,4,143
14098,6,C,1,502080205080,20201118,4,144
14099,5,C,0,502080205064,20201118,4,145
14100,6,C,1,502080204064,20201118,4,146
14101,3,B,1,502080205080,20201118,4,147
14102,4,B,0,502064205080,20201118,4,148
14103,3,B,1,502064165080,20201118,4,149
14104,6,C,0,502080205080,20201118,4,150
14105,5,C,0,502080205064,20201118,4,151
14106,6,C,0,502080204064,20201118,4,152
14107,5,C,1,502080204051,20201118,4,153
14108,6,C,1,502080203251,20201118,4,154
14109,5,C,0,502080203240,20201118,4,155
14110,6,C,0,502080202540,20201118,4,156
14111,3,B,1,502080205080,20201118,4,157
14112,4,B,1,502064205080,20201118,4,158
14113,3,B,1,502064165080,20201118,4,159
14114,6,C,1,502080205080,20201118,4,160
14115,5,C,0,502080205064,20201118,4,161
14116,6,C,0,502080204064,20201118,4,162
14117,5,C,0,502080204051,20201118,4,163
14118,6,C,1,502080203251,20201118,4,164
14119,2,A,0,502080205080,20201118,4,165
14120,1,A,1,501680205080,20201118,4,166
14121,2,A,0,401680205080,20201118,4,167
14122,6,C,1,502080205080,20201118,4,168
14123,5,C,1,502080205064,20201118,4,169
14124,6,C,1,502080204064,20201118,4,170
14125,5,C,1,502080204051,20201118,4,171
14126,6,C,0,502080203251,20201118,4,172
14127,5,C,0,502080203240,20201118,4,173
14128,3,B,0,502080205080,20201118,4,174
14129,4,B,0,502064205080,20201118,4,175
14130,3,B,1,502064165080,20201118,4,176
14131,6,C,1,502080205080,20201118,4,177
14132,5,C,1,502080205064,20201118,4,178
14133,6,C,1,502080204064,20201118,4,179
14134,5,C,1,502080204051,20201118,4,180
14135,6,C,1,502080203251,20201118,4,181
14136,5,C,0,502080203240,20201118,4,182
14137,6,C,1,502080202540,20201118,4,183
14138,3,B,1,502080205080,20201118,4,184
14139,6,C,1,502080205080,20201118,4,185
14140,5,C,1,502080205064,20201118,4,186
14141,6,C,1,502080204064,20201118,4,187
14142,5,C,0,502080204051,20201118,4,188
14143,6,C,0,502080203251,20201118,4,189
14144,5,C,0,502080203240,20201118,4,190
14145,6,C,0,502080202540,20201118,4,191
14146,3,B,1,502080205080,20201118,4,192
14147,4,B,0,502064205080,20201118,4,193
14148,3,B,1,502064165080,20201118,4,194
14149,6,C,1,502080205080,20201118,4,195
14150,5,C,0,502080205064,20201118,4,196
14151,6,C,1,502080204064,20201118,4,197
14152,5,C,0,502080204051,20201118,4,198
14153,6,C,1,502080203251,20201118,4,199
14154,5,C,1,502080203240,20201118,4,200
14155,6,C,1,502080202540,20201118,4,201
14156,5,C,0,502080202532,20201118,4,202
14157,6,C,0,502080202032,20201118,4,203
14158,5,C,1,502080202026,20201118,4,204
14159,6,C,0,502080201626,20201118,4,205
14160,5,C,0,502080201620,20201118,4,206
14161,6,C,0,502080201320,20201118,4,207
14162,5,C,0,502080201316,20201118,4,208
14163,3,B,0,502080205080,20201118,4,209
14164,4,B,1,502064205080,20201118,4,210
14165,3,B,0,502064165080,20201118,4,211
14166,4,B,1,502051165080,20201118,4,212
14167,3,B,1,502051125080,20201118,4,213
14168,4,B,0,502040125080,20201118,4,214
14169,3,B,0,502040105080,20201118,4,215
14170,6,C,1,502080205080,20201118,4,216
14171,5,C,1,502080205064,20201118,4,217
14172,6,C,0,502080204064,20201118,4,218
14173,5,C,1,502080204051,20201118,4,219
14174,6,C,1,502080203251,20201118,4,220
14175,5,C,0,502080203240,20201118,4,221
14176,6,C,0,502080202540,20201118,4,222
14177,5,C,0,502080202532,20201118,4,223
14178,6,C,0,502080202032,20201118,4,224
14179,3,B,1,502080205080,20201118,4,225
14180,4,B,0,502064205080,20201118,4,226
14181,3,B,0,502064165080,20201118,4,227
14182,6,C,1,502080205080,20201118,4,228
14183,5,C,1,502080205064,20201118,4,229
14184,6,C,1,502080204064,20201118,4,230
14185,3,B,1,502080205080,20201118,4,231
14186,4,B,0,502064205080,20201118,4,232
14187,3,B,1,502064165080,20201118,4,233
14188,6,C,1,502080205080,20201118,4,234
14189,5,C,1,502080205064,20201118,4,235
14190,6,C,1,502080204064,20201118,4,236
14191,5,C,1,502080204051,20201118,4,237
14192,6,C,1,502080203251,20201118,4,238
14193,5,C,1,502080203240,20201118,4,239
14194,6,C,1,502080202540,20201118,4,240
14195,5,C,0,502080202532,20201118,4,241
14196,6,C,1,502080202032,20201118,4,242
14197,3,B,1,502080205080,20201118,4,243
14198,4,B,0,502064205080,20201118,4,244
14199,3,B,0,502064165080,20201118,4,245
14200,6,C,1,502080205080,20201118,4,246
14201,5,C,0,502080205064,20201118,4,247
14202,6,C,1,502080204064,20201118,4,248
14203,5,C,0,502080204051,20201118,4,249
14204,6,C,1,502080203251,20201118,4,250
14205,5,C,1,502080203240,20201118,4,251
14206,6,C,0,502080202540,20201118,4,252
14207,5,C,1,502080202532,20201118,4,253
14208,6,C,0,502080202032,20201118,4,254
14209,5,C,0,502080202026,20201118,4,255
14210,3,B,0,502080205080,20201118,4,256
14211,4,B,0,502064205080,20201118,4,257
14212,3,B,0,502064165080,20201118,4,258
14213,6,C,1,502080205080,20201118,4,259
14214,5,C,1,502080205064,20201118,4,260
14215,6,C,0,502080204064,20201118,4,261
14216,5,C,1,502080204051,20201118,4,262
14217,6,C,0,502080203251,20201118,4,263
14218,5,C,0,502080203240,20201118,4,264
14219,3,B,1,502080205080,20201118,4,265
14220,4,B,1,502064205080,20201118,4,266
14221,3,B,1,502064165080,20201118,4,267
14222,4,B,0,502051165080,20201118,4,268
14223,3,B,1,502051125080,20201118,4,269
14224,6,C,1,502080205080,20201118,4,270
14225,5,C,1,502080205064,20201118,4,271
14226,6,C,1,502080204064,20201118,4,272
14227,5,C,0,502080204051,20201118,4,273
14228,6,C,1,502080203251,20201118,4,274
14229,5,C,0,502080203240,20201118,4,275
14230,6,C,0,502080202540,20201118,4,276
14231,5,C,1,502080202532,20201118,4,277
14232,4,B,1,502080205080,20201118,4,278
14233,3,B,1,502080165080,20201118,4,279
14234,4,B,0,502064165080,20201118,4,280
14235,3,B,1,502064125080,20201118,4,281
14236,6,C,1,502080205080,20201118,4,282
14237,5,C,0,502080205064,20201118,4,283
14238,6,C,1,502080204064,20201118,4,284
14239,5,C,0,502080204051,20201118,4,285
14240,6,C,0,502080203251,20201118,4,286
14241,5,C,1,502080203240,20201118,4,287
14242,6,C,0,502080202540,20201118,4,288
14243,5,C,0,502080202532,20201118,4,289
14244,6,C,0,502080202032,20201118,4,290
14245,3,B,1,502080205080,20201118,4,291
14246,4,B,1,502064205080,20201118,4,292
14247,3,B,1,502064165080,20201118,4,293
14248,6,C,1,502080205080,20201118,4,294
14249,5,C,0,502080205064,20201118,4,295
14250,4,B,0,802020502020,20201118,5,0
14251,3,B,1,802020402020,20201118,5,1
14252,1,A,1,802020502020,20201118,5,2
14253,2,A,0,642020502020,20201118,5,3
14254,1,A,0,641620502020,20201118,5,4
14255,6,C,0,802020502020,20201118,5,5
14256,5,C,0,802020502016,20201118,5,6
14257,6,C,0,802020501616,20201118,5,7
14258,4,B,1,802020502020,20201118,5,8
14259,3,B,0,802020402020,20201118,5,9
14260,4,B,1,802016402020,20201118,5,10
14261,3,B,0,802016322020,20201118,5,11
14262,4,B,1,802012322020,20201118,5,12
14263,1,A,1,802020502020,20201118,5,13
14264,2,A,0,642020502020,20201118,5,14
14265,1,A,1,641620502020,20201118,5,15
14266,4,B,0,802020502020,20201118,5,16
14267,3,B,0,802020402020,20201118,5,17
14268,4,B,0,802016402020,20201118,5,18
14269,2,A,0,802020502020,20201118,5,19
14270,1,A,1,801620502020,20201118,5,20
14271,4,B,0,802020502020,20201118,5,21
14272,3,B,0,802020402020,20201118,5,22
14273,4,B,0,802016402020,20201118,5,23
14274,3,B,0,802016322020,20201118,5,24
14275,1,A,1,802020502020,20201118,5,25
14276,2,A,0,642020502020,20201118,5,26
14277,1,A,1,641620502020,20201118,5,27
14278,4,B,1,802020502020,20201118,5,28
14279,3,B,1,802020402020,20201118,5,29
14280,4,B,0,802016402020,20201118,5,30
14281,3,B,0,802016322020,20201118,5,31
14282,4,B,0,802012322020,20201118,5,32
14283,3,B,1,802012252020,20201118,5,33
14284,1,A,1,802020502020,20201118,5,34
14285,2,A,0,642020502020,20201118,5,35
14286,1,A,0,641620502020,20201118,5,36
14287,5,C,0,802020502020,20201118,5,37
14288,6,C,0,802020501620,20201118,5,38
14289,5,C,0,802020501616,20201118,5,39
14290,3,B,1,802020502020,20201118,5,40
14291,4,B,1,802016502020,20201118,5,41
14292,3,B,0,802016402020,20201118,5,42
14293,4,B,0,802012402020,20201118,5,43
14294,3,B,0,802012322020,20201118,5,44
14295,1,A,1,802020502020,20201118,5,45
14296,2,A,1,642020502020,20201118,5,46
14297,1,A,0,641620502020,20201118,5,47
14298,2,A,0,511620502020,20201118,5,48
14299,6,C,1,802020502020,20201118,5,49
14300,5,C,0,802020502016,20201118,5,50
14301,6,C,0,802020501616,20201118,5,51
14302,1,A,1,802020502020,20201118,5,52
14303,2,A,0,642020502020,20201118,5,53
14304,1,A,0,641620502020,20201118,5,54
14305,4,B,0,802020502020,20201118,5,55
14306,3,B,0,802020402020,20201118,5,56
14307,4,B,1,802016402020,20201118,5,57
14308,3,B,0,802016322020,20201118,5,58
14309,4,B,0,802012322020,20201118,5,59
14310,6,C,0,802020502020,20201118,5,60
14311,5,C,0,802020502016,20201118,5,61
14312,4,B,1,802020502020,20201118,5,62
14313,3,B,0,802020402020,20201118,5,63
14314,4,B,0,802016402020,20201118,5,64
14315,1,A,1,802020502020,20201118,5,65
14316,2,A,0,642020502020,20201118,5,66
14317,1,A,1,641620502020,20201118,5,67
14318,4,B,1,802020502020,20201118,5,68
14319,3,B,1,802020402020,20201118,5,69
14320,4,B,0,802016402020,20201118,5,70
14321,3,B,0,802016322020,20201118,5,71
14322,6,C,0,802020502020,20201118,5,72
14323,5,C,0,802020502016,20201118,5,73
14324,3,B,1,802020502020,20201118,5,74
14325,4,B,1,802016502020,20201118,5,75
14326,3,B,0,802016402020,20201118,5,76
14327,4,B,0,802012402020,20201118,5,77
14328,3,B,0,802012322020,20201118,5,78
14329,6,C,0,802020502020,20201118,5,79
14330,5,C,1,802020502016,20201118,5,80
14331,6,C,0,802020501616,20201118,5,81
14332,5,C,1,802020501612,20201118,5,82
14333,6,C,0,802020501212,20201118,5,83
14334,5,C,0,802020501210,20201118,5,84
14335,3,B,0,802020502020,20201118,5,85
14336,4,B,0,802016502020,20201118,5,86
14337,3,B,0,802016402020,20201118,5,87
14338,4,B,0,802012402020,20201118,5,88
14339,3,B,0,802012322020,20201118,5,89
14340,1,A,1,802020502020,20201118,5,90
14341,2,A,0,642020502020,20201118,5,91
14342,1,A,1,641620502020,20201118,5,92
14343,4,B,0,802020502020,20201118,5,93
14344,3,B,0,802020402020,20201118,5,94
14345,4,B,0,802016402020,20201118,5,95
14346,3,B,0,802016322020,20201118,5,96
14347,1,A,0,802020502020,20201118,5,97
14348,2,A,0,642020502020,20201118,5,98
14349,5,C,0,802020502020,20201118,5,99
14350,6,C,1,802020501620,20201118,5,100
14351,5,C,0,802020501616,20201118,5,101
14352,6,C,1,802020501216,20201118,5,102
14353,1,A,1,802020502020,20201118,5,103
14354,2,A,0,642020502020,20201118,5,104
14355,1,A,1,641620502020,20201118,5,105
14356,4,B,1,802020502020,20201118,5,106
14357,3,B,0,802020402020,20201118,5,107
14358,4,B,0,802016402020,20201118,5,108
14359,3,B,0,802016322020,20201118,5,109
14360,4,B,1,802012322020,20201118,5,110
14361,1,A,1,802020502020,20201118,5,111
14362,2,A,0,642020502020,20201118,5,112
14363,1,A,1,641620502020,20201118,5,113
14364,6,C,0,802020502020,20201118,5,114
14365,5,C,0,802020502016,20201118,5,115
14366,6,C,0,802020501616,20201118,5,116
14367,5,C,0,802020501612,20201118,5,117
14368,1,A,1,802020502020,20201118,5,118
14369,2,A,0,642020502020,20201118,5,119
14370,1,A,1,641620502020,20201118,5,120
14371,4,B,0,802020502020,20201118,5,121
14372,3,B,0,802020402020,20201118,5,122
14373,4,B,0,802016402020,20201118,5,123
14374,1,A,1,802020502020,20201118,5,124
14375,2,A,0,642020502020,20201118,5,125
14376,1,A,1,641620502020,20201118,5,126
14377,4,B,0,802020502020,20201118,5,127
14378,3,B,0,802020402020,20201118,5,128
14379,1,A,1,802020502020,20201118,5,129
14380,2,A,0,642020502020,20201118,5,130
14381,1,A,1,641620502020,20201118,5,131
14382,5,C,0,802020502020,20201118,5,132
14383,6,C,0,802020501620,20201118,5,133
14384,5,C,0,802020501616,20201118,5,134
14385,1,A,0,802020502020,20201118,5,135
14386,3,B,0,802020502020,20201118,5,136
14387,4,B,1,802016502020,20201118,5,137
14388,3,B,0,802016402020,20201118,5,138
14389,4,B,0,802012402020,20201118,5,139
14390,1,A,1,802020502020,20201118,5,140
14391,2,A,1,642020502020,20201118,5,141
14392,1,A,0,641620502020,20201118,5,142
14393,4,B,1,802020502020,20201118,5,143
14394,3,B,0,802020402020,20201118,5,144
14395,4,B,0,802016402020,20201118,5,145
14396,1,A,1,802020502020,20201118,5,146
14397,2,A,1,642020502020,20201118,5,147
14398,1,A,1,641620502020,20201118,5,148
14399,2,A,0,511620502020,20201118,5,149
14400,1,A,0,511220502020,20201118,5,150
14401,4,B,0,802020502020,20201118,5,151
14402,1,A,0,802020502020,20201118,5,152
14403,2,A,0,642020502020,20201118,5,153
14404,1,A,1,641620502020,20201118,5,154
14405,4,B,1,802020502020,20201118,5,155
14406,3,B,0,802020402020,20201118,5,156
14407,4,B,0,802016402020,20201118,5,157
14408,1,A,1,802020502020,20201118,5,158
14409,2,A,0,642020502020,20201118,5,159
14410,1,A,0,641620502020,20201118,5,160
14411,4,B,1,802020502020,20201118,5,161
14412,3,B,1,802020402020,20201118,5,162
14413,4,B,0,802016402020,20201118,5,163
14414,3,B,0,802016322020,20201118,5,164
14415,1,A,1,802020502020,20201118,5,165
14416,2,A,0,642020502020,20201118,5,166
14417,1,A,1,641620502020,20201118,5,167
14418,4,B,1,802020502020,20201118,5,168
14419,3,B,0,802020402020,20201118,5,169
14420,4,B,1,802016402020,20201118,5,170
14421,1,A,1,802020502020,20201118,5,171
14422,2,A,0,642020502020,20201118,5,172
14423,1,A,1,641620502020,20201118,5,173
14424,4,B,1,802020502020,20201118,5,174
14425,3,B,0,802020402020,20201118,5,175
14426,4,B,0,802016402020,20201118,5,176
14427,1,A,1,802020502020,20201118,5,177
14428,2,A,0,642020502020,20201118,5,178
14429,1,A,0,641620502020,20201118,5,179
14430,4,B,1,802020502020,20201118,5,180
14431,1,A,1,802020502020,20201118,5,181
14432,2,A,0,642020502020,20201118,5,182
14433,1,A,0,641620502020,20201118,5,183
14434,4,B,0,802020502020,20201118,5,184
14435,1,A,1,802020502020,20201118,5,185
14436,4,B,1,802020502020,20201118,5,186
14437,1,A,0,802020502020,20201118,5,187
14438,2,A,0,642020502020,20201118,5,188
14439,1,A,1,641620502020,20201118,5,189
14440,4,B,1,802020502020,20201118,5,190
14441,1,A,0,802020502020,20201118,5,191
14442,2,A,1,642020502020,20201118,5,192
14443,1,A,1,641620502020,20201118,5,193
14444,2,A,0,511620502020,20201118,5,194
14445,1,A,0,511220502020,20201118,5,195
14446,4,B,1,802020502020,20201118,5,196
14447,1,A,1,802020502020,20201118,5,197
14448,4,B,0,802020502020,20201118,5,198
14449,3,B,1,802020402020,20201118,5,199
14450,4,B,1,802016402020,20201118,5,200
14451,1,A,1,802020502020,20201118,5,201
14452,2,A,0,642020502020,20201118,5,202
14453,1,A,1,641620502020,20201118,5,203
14454,4,B,0,802020502020,20201118,5,204
14455,3,B,1,802020402020,20201118,5,205
14456,4,B,0,802016402020,20201118,5,206
14457,3,B,0,802016322020,20201118,5,207
14458,4,B,1,802012322020,20201118,5,208
14459,1,A,1,802020502020,20201118,5,209
14460,4,B,1,802020502020,20201118,5,210
14461,3,B,1,802020402020,20201118,5,211
14462,4,B,0,802016402020,20201118,5,212
14463,3,B,0,802016322020,20201118,5,213
14464,4,B,0,802012322020,20201118,5,214
14465,1,A,1,802020502020,20201118,5,215
14466,4,B,0,802020502020,20201118,5,216
14467,3,B,0,802020402020,20201118,5,217
14468,4,B,1,802016402020,20201118,5,218
14469,3,B,0,802016322020,20201118,5,219
14470,4,B,0,802012322020,20201118,5,220
14471,1,A,0,802020502020,20201118,5,221
14472,2,A,0,642020502020,20201118,5,222
14473,1,A,0,641620502020,20201118,5,223
14474,4,B,1,802020502020,20201118,5,224
14475,3,B,0,802020402020,20201118,5,225
14476,4,B,0,802016402020,20201118,5,226
14477,6,C,0,802020502020,20201118,5,227
14478,5,C,0,802020502016,20201118,5,228
14479,4,B,0,802020502020,20201118,5,229
14480,3,B,0,802020402020,20201118,5,230
14481,4,B,0,802016402020,20201118,5,231
14482,1,A,0,802020502020,20201118,5,232
14483,4,B,1,802020502020,20201118,5,233
14484,3,B,0,802020402020,20201118,5,234
14485,4,B,1,802016402020,20201118,5,235
14486,1,A,0,802020502020,20201118,5,236
14487,2,A,0,642020502020,20201118,5,237
14488,1,A,0,641620502020,20201118,5,238
14489,4,B,0,802020502020,20201118,5,239
14490,3,B,0,802020402020,20201118,5,240
14491,4,B,0,802016402020,20201118,5,241
14492,6,C,0,802020502020,20201118,5,242
14493,4,B,0,802020502020,20201118,5,243
14494,3,B,0,802020402020,20201118,5,244
14495,4,B,0,802016402020,20201118,5,245
14496,1,A,1,802020502020,20201118,5,246
14497,4,B,0,802020502020,20201118,5,247
14498,3,B,0,802020402020,20201118,5,248
14499,4,B,0,802016402020,20201118,5,249
14500,1,A,1,802020502020,20201118,5,250
14501,4,B,0,802020502020,20201118,5,251
14502,3,B,0,802020402020,20201118,5,252
14503,4,B,1,802016402020,20201118,5,253
14504,1,A,1,802020502020,20201118,5,254
14505,4,B,1,802020502020,20201118,5,255
14506,3,B,0,802020402020,20201118,5,256
14507,4,B,0,802016402020,20201118,5,257
14508,1,A,1,802020502020,20201118,5,258
14509,4,B,0,802020502020,20201118,5,259
14510,3,B,0,802020402020,20201118,5,260
14511,4,B,0,802016402020,20201118,5,261
14512,1,A,1,802020502020,20201118,5,262
14513,4,B,0,802020502020,20201118,5,263
14514,3,B,0,802020402020,20201118,5,264
14515,4,B,0,802016402020,20201118,5,265
14516,1,A,1,802020502020,20201118,5,266
14517,2,A,0,642020502020,20201118,5,267
14518,1,A,1,641620502020,20201118,5,268
14519,4,B,0,802020502020,20201118,5,269
14520,1,A,1,802020502020,20201118,5,270
14521,4,B,0,802020502020,20201118,5,271
14522,1,A,1,802020502020,20201118,5,272
14523,6,C,0,802020502020,20201118,5,273
14524,5,C,0,802020502016,20201118,5,274
14525,1,A,1,802020502020,20201118,5,275
14526,4,B,0,802020502020,20201118,5,276
14527,1,A,1,802020502020,20201118,5,277
14528,6,C,0,802020502020,20201118,5,278
14529,5,C,0,802020502016,20201118,5,279
14530,1,A,1,802020502020,20201118,5,280
14531,4,B,0,802020502020,20201118,5,281
14532,1,A,0,802020502020,20201118,5,282
14533,4,B,0,802020502020,20201118,5,283
14534,3,B,0,802020402020,20201118,5,284
14535,1,A,1,802020502020,20201118,5,285
14536,2,A,0,642020502020,20201118,5,286
14537,1,A,1,641620502020,20201118,5,287
14538,3,B,0,802020502020,20201118,5,288
14539,4,B,0,802016502020,20201118,5,289
14540,1,A,1,802020502020,20201118,5,290
14541,6,C,0,802020502020,20201118,5,291
14542,5,C,0,802020502016,20201118,5,292
14543,1,A,1,802020502020,20201118,5,293
14544,4,B,1,802020502020,20201118,5,294
14545,3,B,0,802020402020,20201118,5,295
14546,4,B,0,802016402020,20201118,5,296
14547,1,A,0,802020502020,20201118,5,297
14548,2,A,0,642020502020,20201118,5,298
14549,1,A,1,641620502020,20201118,5,299
14550,4,B,0,205050802020,20201119,1,0
14551,3,B,1,205050642020,20201119,1,1
14552,4,B,0,205040642020,20201119,1,2
14553,1,A,0,205050802020,20201119,1,3
14554,2,A,1,165050802020,20201119,1,4
14555,5,C,0,205050802020,20201119,1,5
14556,6,C,0,205050801620,20201119,1,6
14557,5,C,0,205050801616,20201119,1,7
14558,6,C,0,205050801216,20201119,1,8
14559,5,C,0,205050801212,20201119,1,9
14560,4,B,1,205050802020,20201119,1,10
14561,3,B,1,205050642020,20201119,1,11
14562,4,B,1,205040642020,20201119,1,12
14563,3,B,0,205040512020,20201119,1,13
14564,4,B,1,205032512020,20201119,1,14
14565,2,A,0,205050802020,20201119,1,15
14566,1,A,0,204050802020,20201119,1,16
14567,2,A,0,164050802020,20201119,1,17
14568,1,A,0,163250802020,20201119,1,18
14569,4,B,1,205050802020,20201119,1,19
14570,3,B,0,205050642020,20201119,1,20
14571,4,B,0,205040642020,20201119,1,21
14572,6,C,0,205050802020,20201119,1,22
14573,5,C,1,205050802016,20201119,1,23
14574,4,B,1,205050802020,20201119,1,24
14575,3,B,0,205050642020,20201119,1,25
14576,4,B,1,205040642020,20201119,1,26
14577,3,B,0,205040512020,20201119,1,27
14578,4,B,0,205032512020,20201119,1,28
14579,3,B,0,205032402020,20201119,1,29
14580,4,B,1,205025402020,20201119,1,30
14581,2,A,0,205050802020,20201119,1,31
14582,1,A,0,204050802020,20201119,1,32
14583,2,A,1,164050802020,20201119,1,33
14584,4,B,1,205050802020,20201119,1,34
14585,3,B,1,205050642020,20201119,1,35
14586,4,B,1,205040642020,20201119,1,36
14587,3,B,0,205040512020,20201119,1,37
14588,4,B,1,205032512020,20201119,1,38
14589,5,C,0,205050802020,20201119,1,39
14590,6,C,0,205050801620,20201119,1,40
14591,5,C,0,205050801616,20201119,1,41
14592,4,B,1,205050802020,20201119,1,42
14593,3,B,0,205050642020,20201119,1,43
14594,4,B,0,205040642020,20201119,1,44
14595,1,A,0,205050802020,20201119,1,45
14596,2,A,1,165050802020,20201119,1,46
14597,4,B,0,205050802020,20201119,1,47
14598,3,B,1,205050642020,20201119,1,48
14599,4,B,1,205040642020,20201119,1,49
14600,3,B,0,205040512020,20201119,1,50
14601,4,B,0,205032512020,20201119,1,51
14602,6,C,0,205050802020,20201119,1,52
14603,5,C,0,205050802016,20201119,1,53
14604,4,B,1,205050802020,20201119,1,54
14605,1,A,1,205050802020,20201119,1,55
14606,2,A,1,165050802020,20201119,1,56
14607,4,B,1,205050802020,20201119,1,57
14608,3,B,0,205050642020,20201119,1,58
14609,4,B,1,205040642020,20201119,1,59
14610,6,C,0,205050802020,20201119,1,60
14611,5,C,0,205050802016,20201119,1,61
14612,4,B,1,205050802020,20201119,1,62
14613,3,B,1,205050642020,20201119,1,63
14614,4,B,1,205040642020,20201119,1,64
14615,3,B,0,205040512020,20201119,1,65
14616,4,B,0,205032512020,20201119,1,66
14617,2,A,0,205050802020,20201119,1,67
14618,1,A,0,204050802020,20201119,1,68
14619,4,B,1,205050802020,20201119,1,69
14620,5,C,0,205050802020,20201119,1,70
14621,4,B,0,205050802020,20201119,1,71
14622,3,B,0,205050642020,20201119,1,72
14623,4,B,1,205040642020,20201119,1,73
14624,3,B,0,205040512020,20201119,1,74
14625,4,B,1,205032512020,20201119,1,75
14626,2,A,0,205050802020,20201119,1,76
14627,1,A,0,204050802020,20201119,1,77
14628,4,B,1,205050802020,20201119,1,78
14629,3,B,0,205050642020,20201119,1,79
14630,4,B,1,205040642020,20201119,1,80
14631,5,C,0,205050802020,20201119,1,81
14632,4,B,1,205050802020,20201119,1,82
14633,1,A,0,205050802020,20201119,1,83
14634,2,A,1,165050802020,20201119,1,84
14635,4,B,1,205050802020,20201119,1,85
14636,3,B,0,205050642020,20201119,1,86
14637,4,B,1,205040642020,20201119,1,87
14638,2,A,0,205050802020,20201119,1,88
14639,1,A,1,204050802020,20201119,1,89
14640,2,A,0,164050802020,20201119,1,90
14641,1,A,0,163250802020,20201119,1,91
14642,4,B,1,205050802020,20201119,1,92
14643,3,B,1,205050642020,20201119,1,93
14644,4,B,0,205040642020,20201119,1,94
14645,3,B,0,205040512020,20201119,1,95
14646,4,B,1,205032512020,20201119,1,96
14647,2,A,0,205050802020,20201119,1,97
14648,1,A,0,204050802020,20201119,1,98
14649,2,A,1,164050802020,20201119,1,99
14650,4,B,0,205050802020,20201119,1,100
14651,3,B,0,205050642020,20201119,1,101
14652,4,B,0,205040642020,20201119,1,102
14653,3,B,0,205040512020,20201119,1,103
14654,4,B,1,205032512020,20201119,1,104
14655,1,A,0,205050802020,20201119,1,105
14656,2,A,1,165050802020,20201119,1,106
14657,4,B,0,205050802020,20201119,1,107
14658,3,B,1,205050642020,20201119,1,108
14659,4,B,0,205040642020,20201119,1,109
14660,3,B,0,205040512020,20201119,1,110
14661,4,B,1,205032512020,20201119,1,111
14662,6,C,1,205050802020,20201119,1,112
14663,5,C,1,205050802016,20201119,1,113
14664,4,B,1,205050802020,20201119,1,114
14665,3,B,1,205050642020,20201119,1,115
14666,4,B,1,205040642020,20201119,1,116
14667,3,B,1,205040512020,20201119,1,117
14668,4,B,0,205032512020,20201119,1,118
14669,3,B,1,205032402020,20201119,1,119
14670,4,B,1,205025402020,20201119,1,120
14671,3,B,0,205025322020,20201119,1,121
14672,4,B,1,205020322020,20201119,1,122
14673,3,B,0,205020262020,20201119,1,123
14674,4,B,0,205016262020,20201119,1,124
14675,2,A,1,205050802020,20201119,1,125
14676,4,B,1,205050802020,20201119,1,126
14677,3,B,1,205050642020,20201119,1,127
14678,4,B,1,205040642020,20201119,1,128
14679,3,B,0,205040512020,20201119,1,129
14680,4,B,1,205032512020,20201119,1,130
14681,2,A,0,205050802020,20201119,1,131
14682,4,B,1,205050802020,20201119,1,132
14683,3,B,0,205050642020,20201119,1,133
14684,4,B,1,205040642020,20201119,1,134
14685,3,B,0,205040512020,20201119,1,135
14686,4,B,1,205032512020,20201119,1,136
14687,6,C,0,205050802020,20201119,1,137
14688,5,C,0,205050802016,20201119,1,138
14689,4,B,1,205050802020,20201119,1,139
14690,3,B,1,205050642020,20201119,1,140
14691,4,B,0,205040642020,20201119,1,141
14692,3,B,1,205040512020,20201119,1,142
14693,4,B,1,205032512020,20201119,1,143
14694,3,B,0,205032402020,20201119,1,144
14695,4,B,1,205025402020,20201119,1,145
14696,2,A,1,205050802020,20201119,1,146
14697,1,A,0,204050802020,20201119,1,147
14698,2,A,0,164050802020,20201119,1,148
14699,4,B,1,205050802020,20201119,1,149
14700,3,B,0,205050642020,20201119,1,150
14701,4,B,1,205040642020,20201119,1,151
14702,3,B,1,205040512020,20201119,1,152
14703,4,B,1,205032512020,20201119,1,153
14704,3,B,1,205032402020,20201119,1,154
14705,4,B,1,205025402020,20201119,1,155
14706,3,B,1,205025322020,20201119,1,156
14707,4,B,0,205020322020,20201119,1,157
14708,3,B,0,205020262020,20201119,1,158
14709,4,B,0,205016262020,20201119,1,159
14710,3,B,0,205016202020,20201119,1,160
14711,1,A,0,205050802020,20201119,1,161
14712,2,A,0,165050802020,20201119,1,162
14713,4,B,1,205050802020,20201119,1,163
14714,3,B,0,205050642020,20201119,1,164
14715,4,B,1,205040642020,20201119,1,165
14716,3,B,0,205040512020,20201119,1,166
14717,4,B,0,205032512020,20201119,1,167
14718,3,B,0,205032402020,20201119,1,168
14719,4,B,0,205025402020,20201119,1,169
14720,5,C,1,205050802020,20201119,1,170
14721,4,B,1,205050802020,20201119,1,171
14722,3,B,0,205050642020,20201119,1,172
14723,4,B,1,205040642020,20201119,1,173
14724,3,B,1,205040512020,20201119,1,174
14725,4,B,0,205032512020,20201119,1,175
14726,3,B,0,205032402020,20201119,1,176
14727,4,B,0,205025402020,20201119,1,177
14728,3,B,0,205025322020,20201119,1,178
14729,2,A,1,205050802020,20201119,1,179
14730,4,B,1,205050802020,20201119,1,180
14731,3,B,1,205050642020,20201119,1,181
14732,4,B,1,205040642020,20201119,1,182
14733,3,B,0,205040512020,20201119,1,183
14734,4,B,0,205032512020,20201119,1,184
14735,2,A,1,205050802020,20201119,1,185
14736,4,B,1,205050802020,20201119,1,186
14737,3,B,0,205050642020,20201119,1,187
14738,4,B,1,205040642020,20201119,1,188
14739,3,B,0,205040512020,20201119,1,189
14740,4,B,0,205032512020,20201119,1,190
14741,2,A,1,205050802020,20201119,1,191
14742,4,B,0,205050802020,20201119,1,192
14743,3,B,0,205050642020,20201119,1,193
14744,4,B,1,205040642020,20201119,1,194
14745,2,A,1,205050802020,20201119,1,195
14746,4,B,1,205050802020,20201119,1,196
14747,3,B,1,205050642020,20201119,1,197
14748,4,B,1,205040642020,20201119,1,198
14749,3,B,1,205040512020,20201119,1,199
14750,4,B,1,205032512020,20201119,1,200
14751,3,B,0,205032402020,20201119,1,201
14752,4,B,1,205025402020,20201119,1,202
14753,3,B,0,205025322020,20201119,1,203
14754,4,B,0,205020322020,20201119,1,204
14755,2,A,1,205050802020,20201119,1,205
14756,4,B,1,205050802020,20201119,1,206
14757,3,B,1,205050642020,20201119,1,207
14758,4,B,0,205040642020,20201119,1,208
14759,3,B,0,205040512020,20201119,1,209
14760,4,B,1,205032512020,20201119,1,210
14761,2,A,0,205050802020,20201119,1,211
14762,4,B,1,205050802020,20201119,1,212
14763,3,B,0,205050642020,20201119,1,213
14764,4,B,0,205040642020,20201119,1,214
14765,2,A,1,205050802020,20201119,1,215
14766,4,B,1,205050802020,20201119,1,216
14767,3,B,1,205050642020,20201119,1,217
14768,4,B,1,205040642020,20201119,1,218
14769,3,B,0,205040512020,20201119,1,219
14770,4,B,0,205032512020,20201119,1,220
14771,2,A,0,205050802020,20201119,1,221
14772,4,B,1,205050802020,20201119,1,222
14773,3,B,1,205050642020,20201119,1,223
14774,4,B,0,205040642020,20201119,1,224
14775,1,A,0,205050802020,20201119,1,225
14776,2,A,1,165050802020,20201119,1,226
14777,4,B,1,205050802020,20201119,1,227
14778,3,B,0,205050642020,20201119,1,228
14779,4,B,1,205040642020,20201119,1,229
14780,2,A,1,205050802020,20201119,1,230
14781,1,A,0,204050802020,20201119,1,231
14782,2,A,0,164050802020,20201119,1,232
14783,4,B,1,205050802020,20201119,1,233
14784,3,B,1,205050642020,20201119,1,234
14785,4,B,0,205040642020,20201119,1,235
14786,3,B,0,205040512020,20201119,1,236
14787,4,B,1,205032512020,20201119,1,237
14788,2,A,0,205050802020,20201119,1,238
14789,4,B,1,205050802020,20201119,1,239
14790,3,B,0,205050642020,20201119,1,240
14791,4,B,1,205040642020,20201119,1,241
14792,3,B,0,205040512020,20201119,1,242
14793,4,B,1,205032512020,20201119,1,243
14794,2,A,1,205050802020,20201119,1,244
14795,1,A,0,204050802020,20201119,1,245
14796,2,A,1,164050802020,20201119,1,246
14797,4,B,1,205050802020,20201119,1,247
14798,3,B,1,205050642020,20201119,1,248
14799,4,B,1,205040642020,20201119,1,249
14800,3,B,0,205040512020,20201119,1,250
14801,4,B,0,205032512020,20201119,1,251
14802,3,B,1,205032402020,20201119,1,252
14803,4,B,0,205025402020,20201119,1,253
14804,3,B,0,205025322020,20201119,1,254
14805,2,A,0,205050802020,20201119,1,255
14806,4,B,1,205050802020,20201119,1,256
14807,3,B,0,205050642020,20201119,1,257
14808,4,B,1,205040642020,20201119,1,258
14809,1,A,1,205050802020,20201119,1,259
14810,2,A,0,165050802020,20201119,1,260
14811,4,B,1,205050802020,20201119,1,261
14812,3,B,0,205050642020,20201119,1,262
14813,4,B,0,205040642020,20201119,1,263
14814,2,A,1,205050802020,20201119,1,264
14815,4,B,0,205050802020,20201119,1,265
14816,3,B,1,205050642020,20201119,1,266
14817,4,B,1,205040642020,20201119,1,267
14818,3,B,0,205040512020,20201119,1,268
14819,4,B,1,205032512020,20201119,1,269
14820,2,A,0,205050802020,20201119,1,270
14821,4,B,0,205050802020,20201119,1,271
14822,3,B,0,205050642020,20201119,1,272
14823,4,B,1,205040642020,20201119,1,273
14824,3,B,0,205040512020,20201119,1,274
14825,4,B,0,205032512020,20201119,1,275
14826,6,C,1,205050802020,20201119,1,276
14827,5,C,0,205050802016,20201119,1,277
14828,6,C,0,205050801616,20201119,1,278
14829,4,B,0,205050802020,20201119,1,279
14830,3,B,0,205050642020,20201119,1,280
14831,4,B,0,205040642020,20201119,1,281
14832,2,A,1,205050802020,20201119,1,282
14833,4,B,1,205050802020,20201119,1,283
14834,3,B,0,205050642020,20201119,1,284
14835,4,B,1,205040642020,20201119,1,285
14836,2,A,0,205050802020,20201119,1,286
14837,1,A,0,204050802020,20201119,1,287
14838,2,A,1,164050802020,20201119,1,288
14839,4,B,1,205050802020,20201119,1,289
14840,3,B,1,205050642020,20201119,1,290
14841,4,B,1,205040642020,20201119,1,291
14842,3,B,1,205040512020,20201119,1,292
14843,4,B,1,205032512020,20201119,1,293
14844,3,B,0,205032402020,20201119,1,294
14845,4,B,0,205025402020,20201119,1,295
14846,2,A,0,205050802020,20201119,1,296
14847,1,A,1,204050802020,20201119,1,297
14848,2,A,0,164050802020,20201119,1,298
14849,1,A,0,163250802020,20201119,1,299
14850,4,B,1,508020508020,20201119,2,0
14851,3,B,0,508020408020,20201119,2,1
14852,4,B,1,508016408020,20201119,2,2
14853,2,A,1,508020508020,20201119,2,3
14854,1,A,0,506420508020,20201119,2,4
14855,2,A,1,406420508020,20201119,2,5
14856,1,A,1,405120508020,20201119,2,6
14857,2,A,0,325120508020,20201119,2,7
14858,5,C,1,508020508020,20201119,2,8
14859,6,C,0,508020506420,20201119,2,9
14860,5,C,1,508020506416,20201119,2,10
14861,6,C,0,508020505116,20201119,2,11
14862,5,C,0,508020505112,20201119,2,12
14863,4,B,0,508020508020,20201119,2,13
14864,3,B,0,508020408020,20201119,2,14
14865,4,B,0,508016408020,20201119,2,15
14866,3,B,0,508016328020,20201119,2,16
14867,4,B,0,508012328020,20201119,2,17
14868,2,A,0,508020508020,20201119,2,18
14869,1,A,1,506420508020,20201119,2,19
14870,2,A,0,406420508020,20201119,2,20
14871,1,A,0,405120508020,20201119,2,21
14872,4,B,0,508020508020,20201119,2,22
14873,3,B,0,508020408020,20201119,2,23
14874,2,A,1,508020508020,20201119,2,24
14875,1,A,0,506420508020,20201119,2,25
14876,2,A,1,406420508020,20201119,2,26
14877,5,C,0,508020508020,20201119,2,27
14878,6,C,0,508020506420,20201119,2,28
14879,5,C,0,508020506416,20201119,2,29
14880,4,B,0,508020508020,20201119,2,30
14881,3,B,0,508020408020,20201119,2,31
14882,4,B,0,508016408020,20201119,2,32
14883,1,A,0,508020508020,20201119,2,33
14884,2,A,1,408020508020,20201119,2,34
14885,4,B,1,508020508020,20201119,2,35
14886,3,B,1,508020408020,20201119,2,36
14887,4,B,1,508016408020,20201119,2,37
14888,3,B,0,508016328020,20201119,2,38
14889,4,B,0,508012328020,20201119,2,39
14890,2,A,1,508020508020,20201119,2,40
14891,1,A,0,506420508020,20201119,2,41
14892,2,A,0,406420508020,20201119,2,42
14893,5,C,0,508020508020,20201119,2,43
14894,6,C,0,508020506420,20201119,2,44
14895,2,A,1,508020508020,20201119,2,45
14896,1,A,0,506420508020,20201119,2,46
14897,2,A,0,406420508020,20201119,2,47
14898,4,B,0,508020508020,20201119,2,48
14899,2,A,1,508020508020,20201119,2,49
14900,1,A,0,506420508020,20201119,2,50
14901,2,A,0,406420508020,20201119,2,51
14902,5,C,1,508020508020,20201119,2,52
14903,4,B,0,508020508020,20201119,2,53
14904,2,A,1,508020508020,20201119,2,54
14905,1,A,1,506420508020,20201119,2,55
14906,2,A,1,406420508020,20201119,2,56
14907,1,A,0,405120508020,20201119,2,57
14908,2,A,0,325120508020,20201119,2,58
14909,5,C,1,508020508020,20201119,2,59
14910,6,C,0,508020506420,20201119,2,60
14911,5,C,0,508020506416,20201119,2,61
14912,2,A,1,508020508020,20201119,2,62
14913,1,A,1,506420508020,20201119,2,63
14914,2,A,1,406420508020,20201119,2,64
14915,1,A,0,405120508020,20201119,2,65
14916,2,A,1,325120508020,20201119,2,66
14917,5,C,1,508020508020,20201119,2,67
14918,6,C,0,508020506420,20201119,2,68
14919,5,C,0,508020506416,20201119,2,69
14920,4,B,0,508020508020,20201119,2,70
14921,3,B,1,508020408020,20201119,2,71
14922,4,B,1,508016408020,20201119,2,72
14923,3,B,1,508016328020,20201119,2,73
14924,4,B,0,508012328020,20201119,2,74
14925,3,B,0,508012258020,20201119,2,75
14926,1,A,0,508020508020,20201119,2,76
14927,2,A,1,408020508020,20201119,2,77
14928,1,A,0,406420508020,20201119,2,78
14929,2,A,0,326420508020,20201119,2,79
14930,5,C,1,508020508020,20201119,2,80
14931,2,A,1,508020508020,20201119,2,81
14932,5,C,1,508020508020,20201119,2,82
14933,2,A,1,508020508020,20201119,2,83
14934,1,A,1,506420508020,20201119,2,84
14935,2,A,1,406420508020,20201119,2,85
14936,1,A,1,405120508020,20201119,2,86
14937,2,A,1,325120508020,20201119,2,87
14938,1,A,1,324020508020,20201119,2,88
14939,2,A,0,254020508020,20201119,2,89
14940,5,C,1,508020508020,20201119,2,90
14941,6,C,0,508020506420,20201119,2,91
14942,5,C,1,508020506416,20201119,2,92
14943,2,A,1,508020508020,20201119,2,93
14944,1,A,0,506420508020,20201119,2,94
14945,2,A,1,406420508020,20201119,2,95
14946,5,C,1,508020508020,20201119,2,96
14947,2,A,1,508020508020,20201119,2,97
14948,1,A,0,506420508020,20201119,2,98
14949,2,A,1,406420508020,20201119,2,99
14950,5,C,1,508020508020,20201119,2,100
14951,2,A,1,508020508020,20201119,2,101
14952,1,A,1,506420508020,20201119,2,102
14953,2,A,1,406420508020,20201119,2,103
14954,1,A,1,405120508020,20201119,2,104
14955,2,A,0,325120508020,20201119,2,105
14956,1,A,1,324020508020,20201119,2,106
14957,2,A,0,254020508020,20201119,2,107
14958,1,A,0,253220508020,20201119,2,108
14959,2,A,1,203220508020,20201119,2,109
14960,5,C,1,508020508020,20201119,2,110
14961,6,C,1,508020506420,20201119,2,111
14962,5,C,1,508020506416,20201119,2,112
14963,2,A,1,508020508020,20201119,2,113
14964,1,A,1,506420508020,20201119,2,114
14965,2,A,1,406420508020,20201119,2,115
14966,1,A,0,405120508020,20201119,2,116
14967,2,A,1,325120508020,20201119,2,117
14968,5,C,1,508020508020,20201119,2,118
14969,2,A,1,508020508020,20201119,2,119
14970,1,A,1,506420508020,20201119,2,120
14971,2,A,0,406420508020,20201119,2,121
14972,1,A,0,405120508020,20201119,2,122
14973,5,C,1,508020508020,20201119,2,123
14974,2,A,0,508020508020,20201119,2,124
14975,1,A,0,506420508020,20201119,2,125
14976,2,A,0,406420508020,20201119,2,126
14977,5,C,1,508020508020,20201119,2,127
14978,6,C,0,508020506420,20201119,2,128
14979,5,C,0,508020506416,20201119,2,129
14980,2,A,0,508020508020,20201119,2,130
14981,1,A,0,506420508020,20201119,2,131
14982,5,C,1,508020508020,20201119,2,132
14983,6,C,0,508020506420,20201119,2,133
14984,5,C,1,508020506416,20201119,2,134
14985,2,A,1,508020508020,20201119,2,135
14986,1,A,1,506420508020,20201119,2,136
14987,2,A,0,406420508020,20201119,2,137
14988,1,A,1,405120508020,20201119,2,138
14989,2,A,0,325120508020,20201119,2,139
14990,1,A,0,324020508020,20201119,2,140
14991,5,C,1,508020508020,20201119,2,141
14992,2,A,0,508020508020,20201119,2,142
14993,1,A,0,506420508020,20201119,2,143
14994,5,C,1,508020508020,20201119,2,144
14995,2,A,1,508020508020,20201119,2,145
14996,1,A,0,506420508020,20201119,2,146
14997,2,A,0,406420508020,20201119,2,147
14998,5,C,1,508020508020,20201119,2,148
14999,2,A,1,508020508020,20201119,2,149
15000,1,A,0,506420508020,20201119,2,150
15001,2,A,0,406420508020,20201119,2,151
15002,5,C,1,508020508020,20201119,2,152
15003,6,C,1,508020506420,20201119,2,153
15004,5,C,1,508020506416,20201119,2,154
15005,2,A,1,508020508020,20201119,2,155
15006,1,A,1,506420508020,20201119,2,156
15007,2,A,1,406420508020,20201119,2,157
15008,1,A,0,405120508020,20201119,2,158
15009,5,C,1,508020508020,20201119,2,159
15010,6,C,1,508020506420,20201119,2,160
15011,5,C,1,508020506416,20201119,2,161
15012,6,C,0,508020505116,20201119,2,162
15013,5,C,1,508020505112,20201119,2,163
15014,4,B,1,508020508020,20201119,2,164
15015,3,B,0,508020408020,20201119,2,165
15016,4,B,1,508016408020,20201119,2,166
15017,2,A,1,508020508020,20201119,2,167
15018,1,A,1,506420508020,20201119,2,168
15019,2,A,1,406420508020,20201119,2,169
15020,1,A,0,405120508020,20201119,2,170
15021,2,A,1,325120508020,20201119,2,171
15022,5,C,1,508020508020,20201119,2,172
15023,6,C,0,508020506420,20201119,2,173
15024,5,C,1,508020506416,20201119,2,174
15025,4,B,0,508020508020,20201119,2,175
15026,6,C,0,508020508020,20201119,2,176
15027,5,C,1,508020508016,20201119,2,177
15028,2,A,1,508020508020,20201119,2,178
15029,1,A,1,506420508020,20201119,2,179
15030,2,A,1,406420508020,20201119,2,180
15031,1,A,0,405120508020,20201119,2,181
15032,2,A,1,325120508020,20201119,2,182
15033,5,C,0,508020508020,20201119,2,183
15034,6,C,0,508020506420,20201119,2,184
15035,5,C,0,508020506416,20201119,2,185
15036,2,A,1,508020508020,20201119,2,186
15037,1,A,1,506420508020,20201119,2,187
15038,2,A,1,406420508020,20201119,2,188
15039,1,A,0,405120508020,20201119,2,189
15040,2,A,1,325120508020,20201119,2,190
15041,5,C,1,508020508020,20201119,2,191
15042,6,C,0,508020506420,20201119,2,192
15043,5,C,1,508020506416,20201119,2,193
15044,2,A,1,508020508020,20201119,2,194
15045,1,A,1,506420508020,20201119,2,195
15046,2,A,0,406420508020,20201119,2,196
15047,1,A,1,405120508020,20201119,2,197
15048,2,A,1,325120508020,20201119,2,198
15049,5,C,1,508020508020,20201119,2,199
15050,6,C,0,508020506420,20201119,2,200
15051,5,C,1,508020506416,20201119,2,201
15052,2,A,1,508020508020,20201119,2,202
15053,1,A,1,506420508020,20201119,2,203
15054,2,A,0,406420508020,20201119,2,204
15055,1,A,0,405120508020,20201119,2,205
15056,2,A,0,325120508020,20201119,2,206
15057,5,C,1,508020508020,20201119,2,207
15058,6,C,0,508020506420,20201119,2,208
15059,5,C,0,508020506416,20201119,2,209
15060,2,A,1,508020508020,20201119,2,210
15061,1,A,1,506420508020,20201119,2,211
15062,2,A,1,406420508020,20201119,2,212
15063,1,A,0,405120508020,20201119,2,213
15064,2,A,1,325120508020,20201119,2,214
15065,5,C,1,508020508020,20201119,2,215
15066,6,C,1,508020506420,20201119,2,216
15067,5,C,1,508020506416,20201119,2,217
15068,6,C,0,508020505116,20201119,2,218
15069,5,C,1,508020505112,20201119,2,219
15070,2,A,1,508020508020,20201119,2,220
15071,1,A,0,506420508020,20201119,2,221
15072,2,A,1,406420508020,20201119,2,222
15073,1,A,1,405120508020,20201119,2,223
15074,2,A,0,325120508020,20201119,2,224
15075,1,A,0,324020508020,20201119,2,225
15076,2,A,0,254020508020,20201119,2,226
15077,5,C,1,508020508020,20201119,2,227
15078,6,C,0,508020506420,20201119,2,228
15079,5,C,1,508020506416,20201119,2,229
15080,2,A,1,508020508020,20201119,2,230
15081,1,A,0,506420508020,20201119,2,231
15082,2,A,0,406420508020,20201119,2,232
15083,1,A,1,405120508020,20201119,2,233
15084,5,C,1,508020508020,20201119,2,234
15085,6,C,0,508020506420,20201119,2,235
15086,5,C,1,508020506416,20201119,2,236
15087,2,A,1,508020508020,20201119,2,237
15088,1,A,0,506420508020,20201119,2,238
15089,2,A,0,406420508020,20201119,2,239
15090,5,C,1,508020508020,20201119,2,240
15091,6,C,0,508020506420,20201119,2,241
15092,5,C,1,508020506416,20201119,2,242
15093,2,A,1,508020508020,20201119,2,243
15094,1,A,1,506420508020,20201119,2,244
15095,2,A,0,406420508020,20201119,2,245
15096,1,A,1,405120508020,20201119,2,246
15097,2,A,0,325120508020,20201119,2,247
15098,5,C,1,508020508020,20201119,2,248
15099,6,C,0,508020506420,20201119,2,249
15100,5,C,1,508020506416,20201119,2,250
15101,2,A,0,508020508020,20201119,2,251
15102,1,A,1,506420508020,20201119,2,252
15103,2,A,0,406420508020,20201119,2,253
15104,1,A,0,405120508020,20201119,2,254
15105,5,C,1,508020508020,20201119,2,255
15106,6,C,0,508020506420,20201119,2,256
15107,5,C,0,508020506416,20201119,2,257
15108,2,A,1,508020508020,20201119,2,258
15109,1,A,0,506420508020,20201119,2,259
15110,2,A,1,406420508020,20201119,2,260
15111,5,C,1,508020508020,20201119,2,261
15112,6,C,1,508020506420,20201119,2,262
15113,5,C,1,508020506416,20201119,2,263
15114,6,C,0,508020505116,20201119,2,264
15115,5,C,0,508020505112,20201119,2,265
15116,2,A,1,508020508020,20201119,2,266
15117,1,A,0,506420508020,20201119,2,267
15118,2,A,1,406420508020,20201119,2,268
15119,5,C,1,508020508020,20201119,2,269
15120,6,C,0,508020506420,20201119,2,270
15121,5,C,1,508020506416,20201119,2,271
15122,2,A,1,508020508020,20201119,2,272
15123,1,A,0,506420508020,20201119,2,273
15124,2,A,1,406420508020,20201119,2,274
15125,5,C,1,508020508020,20201119,2,275
15126,2,A,0,508020508020,20201119,2,276
15127,1,A,0,506420508020,20201119,2,277
15128,2,A,1,406420508020,20201119,2,278
15129,5,C,1,508020508020,20201119,2,279
15130,2,A,0,508020508020,20201119,2,280
15131,1,A,1,506420508020,20201119,2,281
15132,2,A,1,406420508020,20201119,2,282
15133,1,A,0,405120508020,20201119,2,283
15134,2,A,0,325120508020,20201119,2,284
15135,5,C,0,508020508020,20201119,2,285
15136,6,C,0,508020506420,20201119,2,286
15137,5,C,1,508020506416,20201119,2,287
15138,2,A,1,508020508020,20201119,2,288
15139,1,A,1,506420508020,20201119,2,289
15140,2,A,1,406420508020,20201119,2,290
15141,1,A,0,405120508020,20201119,2,291
15142,2,A,1,325120508020,20201119,2,292
15143,1,A,0,324020508020,20201119,2,293
15144,2,A,0,254020508020,20201119,2,294
15145,5,C,1,508020508020,20201119,2,295
15146,6,C,1,508020506420,20201119,2,296
15147,5,C,1,508020506416,20201119,2,297
15148,6,C,0,508020505116,20201119,2,298
15149,5,C,0,508020505112,20201119,2,299
15150,4,B,0,202050205080,20201119,3,0
15151,3,B,0,202050165080,20201119,3,1
15152,1,A,1,202050205080,20201119,3,2
15153,2,A,1,162050205080,20201119,3,3
15154,5,C,1,202050205080,20201119,3,4
15155,6,C,0,202050204080,20201119,3,5
15156,5,C,1,202050204064,20201119,3,6
15157,3,B,1,202050205080,20201119,3,7
15158,4,B,0,202040205080,20201119,3,8
15159,3,B,0,202040165080,20201119,3,9
15160,1,A,1,202050205080,20201119,3,10
15161,2,A,1,162050205080,20201119,3,11
15162,1,A,0,161650205080,20201119,3,12
15163,2,A,0,121650205080,20201119,3,13
15164,5,C,1,202050205080,20201119,3,14
15165,6,C,1,202050204080,20201119,3,15
15166,5,C,0,202050204064,20201119,3,16
15167,6,C,1,202050203264,20201119,3,17
15168,5,C,0,202050203251,20201119,3,18
15169,6,C,1,202050202551,20201119,3,19
15170,5,C,1,202050202540,20201119,3,20
15171,6,C,0,202050202040,20201119,3,21
15172,5,C,0,202050202032,20201119,3,22
15173,1,A,1,202050205080,20201119,3,23
15174,2,A,1,162050205080,20201119,3,24
15175,1,A,0,161650205080,20201119,3,25
15176,2,A,0,121650205080,20201119,3,26
15177,4,B,0,202050205080,20201119,3,27
15178,3,B,0,202050165080,20201119,3,28
15179,5,C,1,202050205080,20201119,3,29
15180,6,C,1,202050204080,20201119,3,30
15181,5,C,1,202050204064,20201119,3,31
15182,6,C,1,202050203264,20201119,3,32
15183,5,C,0,202050203251,20201119,3,33
15184,6,C,1,202050202551,20201119,3,34
15185,2,A,0,202050205080,20201119,3,35
15186,1,A,0,201650205080,20201119,3,36
15187,2,A,0,161650205080,20201119,3,37
15188,1,A,0,161250205080,20201119,3,38
15189,4,B,0,202050205080,20201119,3,39
15190,3,B,0,202050165080,20201119,3,40
15191,4,B,1,202040165080,20201119,3,41
15192,6,C,1,202050205080,20201119,3,42
15193,5,C,1,202050205064,20201119,3,43
15194,6,C,0,202050204064,20201119,3,44
15195,5,C,1,202050204051,20201119,3,45
15196,2,A,0,202050205080,20201119,3,46
15197,1,A,0,201650205080,20201119,3,47
15198,5,C,1,202050205080,20201119,3,48
15199,6,C,0,202050204080,20201119,3,49
15200,5,C,1,202050204064,20201119,3,50
15201,1,A,1,202050205080,20201119,3,51
15202,2,A,0,162050205080,20201119,3,52
15203,1,A,0,161650205080,20201119,3,53
15204,5,C,1,202050205080,20201119,3,54
15205,6,C,1,202050204080,20201119,3,55
15206,5,C,0,202050204064,20201119,3,56
15207,6,C,1,202050203264,20201119,3,57
15208,5,C,0,202050203251,20201119,3,58
15209,6,C,1,202050202551,20201119,3,59
15210,1,A,0,202050205080,20201119,3,60
15211,2,A,0,162050205080,20201119,3,61
15212,5,C,0,202050205080,20201119,3,62
15213,6,C,1,202050204080,20201119,3,63
15214,5,C,0,202050204064,20201119,3,64
15215,6,C,1,202050203264,20201119,3,65
15216,3,B,1,202050205080,20201119,3,66
15217,4,B,0,202040205080,20201119,3,67
15218,3,B,0,202040165080,20201119,3,68
15219,5,C,0,202050205080,20201119,3,69
15220,6,C,0,202050204080,20201119,3,70
15221,5,C,1,202050204064,20201119,3,71
15222,6,C,1,202050203264,20201119,3,72
15223,5,C,1,202050203251,20201119,3,73
15224,6,C,1,202050202551,20201119,3,74
15225,5,C,0,202050202540,20201119,3,75
15226,6,C,1,202050202040,20201119,3,76
15227,5,C,0,202050202032,20201119,3,77
15228,6,C,1,202050201632,20201119,3,78
15229,1,A,1,202050205080,20201119,3,79
15230,5,C,1,202050205080,20201119,3,80
15231,6,C,1,202050204080,20201119,3,81
15232,5,C,0,202050204064,20201119,3,82
15233,6,C,1,202050203264,20201119,3,83
15234,5,C,1,202050203251,20201119,3,84
15235,6,C,1,202050202551,20201119,3,85
15236,5,C,0,202050202540,20201119,3,86
15237,6,C,0,202050202040,20201119,3,87
15238,5,C,0,202050202032,20201119,3,88
15239,6,C,0,202050201632,20201119,3,89
15240,4,B,1,202050205080,20201119,3,90
15241,3,B,0,202050165080,20201119,3,91
15242,4,B,0,202040165080,20201119,3,92
15243,1,A,0,202050205080,20201119,3,93
15244,2,A,0,162050205080,20201119,3,94
15245,5,C,1,202050205080,20201119,3,95
15246,6,C,1,202050204080,20201119,3,96
15247,5,C,0,202050204064,20201119,3,97
15248,6,C,0,202050203264,20201119,3,98
15249,5,C,0,202050203251,20201119,3,99
15250,3,B,1,202050205080,20201119,3,100
15251,4,B,0,202040205080,20201119,3,101
15252,3,B,0,202040165080,20201119,3,102
15253,2,A,0,202050205080,20201119,3,103
15254,1,A,0,201650205080,20201119,3,104
15255,5,C,0,202050205080,20201119,3,105
15256,6,C,1,202050204080,20201119,3,106
15257,5,C,1,202050204064,20201119,3,107
15258,6,C,1,202050203264,20201119,3,108
15259,5,C,0,202050203251,20201119,3,109
15260,6,C,0,202050202551,20201119,3,110
15261,5,C,1,202050202540,20201119,3,111
15262,6,C,1,202050202040,20201119,3,112
15263,5,C,0,202050202032,20201119,3,113
15264,6,C,0,202050201632,20201119,3,114
15265,5,C,1,202050201626,20201119,3,115
15266,6,C,0,202050201326,20201119,3,116
15267,5,C,0,202050201320,20201119,3,117
15268,4,B,0,202050205080,20201119,3,118
15269,6,C,1,202050205080,20201119,3,119
15270,5,C,0,202050205064,20201119,3,120
15271,6,C,0,202050204064,20201119,3,121
15272,5,C,0,202050204051,20201119,3,122
15273,6,C,1,202050203251,20201119,3,123
15274,2,A,0,202050205080,20201119,3,124
15275,1,A,0,201650205080,20201119,3,125
15276,5,C,0,202050205080,20201119,3,126
15277,6,C,0,202050204080,20201119,3,127
15278,5,C,0,202050204064,20201119,3,128
15279,6,C,1,202050203264,20201119,3,129
15280,5,C,0,202050203251,20201119,3,130
15281,6,C,0,202050202551,20201119,3,131
15282,2,A,0,202050205080,20201119,3,132
15283,1,A,0,201650205080,20201119,3,133
15284,6,C,1,202050205080,20201119,3,134
15285,5,C,0,202050205064,20201119,3,135
15286,6,C,1,202050204064,20201119,3,136
15287,5,C,0,202050204051,20201119,3,137
15288,6,C,1,202050203251,20201119,3,138
15289,4,B,1,202050205080,20201119,3,139
15290,6,C,1,202050205080,20201119,3,140
15291,5,C,0,202050205064,20201119,3,141
15292,6,C,1,202050204064,20201119,3,142
15293,5,C,1,202050204051,20201119,3,143
15294,6,C,0,202050203251,20201119,3,144
15295,5,C,0,202050203240,20201119,3,145
15296,6,C,1,202050202540,20201119,3,146
15297,2,A,1,202050205080,20201119,3,147
15298,1,A,0,201650205080,20201119,3,148
15299,2,A,0,161650205080,20201119,3,149
15300,5,C,0,202050205080,20201119,3,150
15301,6,C,1,202050204080,20201119,3,151
15302,5,C,0,202050204064,20201119,3,152
15303,6,C,1,202050203264,20201119,3,153
15304,5,C,0,202050203251,20201119,3,154
15305,6,C,0,202050202551,20201119,3,155
15306,1,A,0,202050205080,20201119,3,156
15307,2,A,0,162050205080,20201119,3,157
15308,5,C,1,202050205080,20201119,3,158
15309,6,C,0,202050204080,20201119,3,159
15310,5,C,1,202050204064,20201119,3,160
15311,6,C,0,202050203264,20201119,3,161
15312,5,C,0,202050203251,20201119,3,162
15313,6,C,1,202050202551,20201119,3,163
15314,5,C,0,202050202540,20201119,3,164
15315,6,C,1,202050202040,20201119,3,165
15316,5,C,0,202050202032,20201119,3,166
15317,6,C,1,202050201632,20201119,3,167
15318,5,C,0,202050201626,20201119,3,168
15319,6,C,0,202050201326,20201119,3,169
15320,4,B,1,202050205080,20201119,3,170
15321,3,B,0,202050165080,20201119,3,171
15322,4,B,0,202040165080,20201119,3,172
15323,6,C,0,202050205080,20201119,3,173
15324,5,C,0,202050205064,20201119,3,174
15325,6,C,1,202050204064,20201119,3,175
15326,5,C,0,202050204051,20201119,3,176
15327,6,C,0,202050203251,20201119,3,177
15328,5,C,0,202050203240,20201119,3,178
15329,4,B,0,202050205080,20201119,3,179
15330,3,B,0,202050165080,20201119,3,180
15331,1,A,0,202050205080,20201119,3,181
15332,2,A,0,162050205080,20201119,3,182
15333,6,C,1,202050205080,20201119,3,183
15334,5,C,1,202050205064,20201119,3,184
15335,6,C,1,202050204064,20201119,3,185
15336,5,C,1,202050204051,20201119,3,186
15337,6,C,1,202050203251,20201119,3,187
15338,5,C,1,202050203240,20201119,3,188
15339,6,C,1,202050202540,20201119,3,189
15340,5,C,1,202050202532,20201119,3,190
15341,6,C,0,202050202032,20201119,3,191
15342,5,C,0,202050202026,20201119,3,192
15343,6,C,0,202050201626,20201119,3,193
15344,5,C,1,202050201620,20201119,3,194
15345,6,C,1,202050201320,20201119,3,195
15346,5,C,0,202050201316,20201119,3,196
15347,6,C,0,202050201016,20201119,3,197
15348,5,C,0,202050201013,20201119,3,198
15349,6,C,0,202050200813,20201119,3,199
15350,4,B,0,202050205080,20201119,3,200
15351,3,B,1,202050165080,20201119,3,201
15352,4,B,0,202040165080,20201119,3,202
15353,3,B,1,202040125080,20201119,3,203
15354,6,C,1,202050205080,20201119,3,204
15355,5,C,1,202050205064,20201119,3,205
15356,6,C,0,202050204064,20201119,3,206
15357,5,C,0,202050204051,20201119,3,207
15358,6,C,1,202050203251,20201119,3,208
15359,4,B,0,202050205080,20201119,3,209
15360,3,B,0,202050165080,20201119,3,210
15361,4,B,0,202040165080,20201119,3,211
15362,6,C,1,202050205080,20201119,3,212
15363,5,C,1,202050205064,20201119,3,213
15364,6,C,1,202050204064,20201119,3,214
15365,5,C,0,202050204051,20201119,3,215
15366,6,C,0,202050203251,20201119,3,216
15367,5,C,0,202050203240,20201119,3,217
15368,6,C,0,202050202540,20201119,3,218
15369,4,B,0,202050205080,20201119,3,219
15370,6,C,0,202050205080,20201119,3,220
15371,5,C,1,202050205064,20201119,3,221
15372,6,C,0,202050204064,20201119,3,222
15373,5,C,0,202050204051,20201119,3,223
15374,6,C,1,202050203251,20201119,3,224
15375,5,C,0,202050203240,20201119,3,225
15376,6,C,1,202050202540,20201119,3,226
15377,5,C,0,202050202532,20201119,3,227
15378,6,C,1,202050202032,20201119,3,228
15379,5,C,0,202050202026,20201119,3,229
15380,6,C,0,202050201626,20201119,3,230
15381,2,A,0,202050205080,20201119,3,231
15382,1,A,0,201650205080,20201119,3,232
15383,5,C,1,202050205080,20201119,3,233
15384,6,C,1,202050204080,20201119,3,234
15385,5,C,1,202050204064,20201119,3,235
15386,6,C,1,202050203264,20201119,3,236
15387,5,C,0,202050203251,20201119,3,237
15388,6,C,0,202050202551,20201119,3,238
15389,5,C,1,202050202540,20201119,3,239
15390,6,C,0,202050202040,20201119,3,240
15391,5,C,0,202050202032,20201119,3,241
15392,6,C,1,202050201632,20201119,3,242
15393,5,C,0,202050201626,20201119,3,243
15394,6,C,0,202050201326,20201119,3,244
15395,5,C,0,202050201320,20201119,3,245
15396,6,C,0,202050201020,20201119,3,246
15397,4,B,0,202050205080,20201119,3,247
15398,6,C,1,202050205080,20201119,3,248
15399,5,C,1,202050205064,20201119,3,249
15400,6,C,1,202050204064,20201119,3,250
15401,5,C,1,202050204051,20201119,3,251
15402,6,C,0,202050203251,20201119,3,252
15403,5,C,1,202050203240,20201119,3,253
15404,6,C,1,202050202540,20201119,3,254
15405,5,C,0,202050202532,20201119,3,255
15406,6,C,0,202050202032,20201119,3,256
15407,5,C,0,202050202026,20201119,3,257
15408,6,C,1,202050201626,20201119,3,258
15409,4,B,0,202050205080,20201119,3,259
15410,6,C,1,202050205080,20201119,3,260
15411,5,C,1,202050205064,20201119,3,261
15412,6,C,0,202050204064,20201119,3,262
15413,5,C,1,202050204051,20201119,3,263
15414,6,C,1,202050203251,20201119,3,264
15415,5,C,1,202050203240,20201119,3,265
15416,6,C,1,202050202540,20201119,3,266
15417,5,C,0,202050202532,20201119,3,267
15418,6,C,0,202050202032,20201119,3,268
15419,5,C,0,202050202026,20201119,3,269
15420,6,C,1,202050201626,20201119,3,270
15421,5,C,0,202050201620,20201119,3,271
15422,6,C,0,202050201320,20201119,3,272
15423,5,C,0,202050201316,20201119,3,273
15424,6,C,0,202050201016,20201119,3,274
15425,5,C,0,202050201013,20201119,3,275
15426,6,C,0,202050200813,20201119,3,276
15427,5,C,0,202050200810,20201119,3,277
15428,6,C,0,202050200610,20201119,3,278
15429,2,A,0,202050205080,20201119,3,279
15430,6,C,1,202050205080,20201119,3,280
15431,5,C,0,202050205064,20201119,3,281
15432,6,C,1,202050204064,20201119,3,282
15433,5,C,1,202050204051,20201119,3,283
15434,6,C,0,202050203251,20201119,3,284
15435,4,B,1,805020205020,20201119,4,0
15436,3,B,0,805020165020,20201119,4,1
15437,2,A,1,805020205020,20201119,4,2
15438,1,A,1,804020205020,20201119,4,3
15439,2,A,0,644020205020,20201119,4,4
15440,6,C,1,805020205020,20201119,4,5
15441,5,C,1,805020205016,20201119,4,6
15442,6,C,0,805020204016,20201119,4,7
15443,5,C,1,805020204012,20201119,4,8
15444,4,B,1,805020205020,20201119,4,9
15445,3,B,1,805020165020,20201119,4,10
15446,4,B,0,805016165020,20201119,4,11
15447,3,B,0,805016125020,20201119,4,12
15448,6,C,0,805020205020,20201119,4,13
15449,5,C,1,805020205016,20201119,4,14
15450,2,A,0,805020205020,20201119,4,15
15451,1,A,1,804020205020,20201119,4,16
15452,5,C,1,805020205020,20201119,4,17
15453,6,C,0,805020204020,20201119,4,18
15454,5,C,0,805020204016,20201119,4,19
15455,6,C,0,805020203216,20201119,4,20
15456,5,C,0,805020203212,20201119,4,21
15457,3,B,0,805020205020,20201119,4,22
15458,4,B,0,805016205020,20201119,4,23
15459,5,C,0,805020205020,20201119,4,24
15460,1,A,1,805020205020,20201119,4,25
15461,2,A,0,645020205020,20201119,4,26
15462,1,A,1,644020205020,20201119,4,27
15463,5,C,1,805020205020,20201119,4,28
15464,6,C,0,805020204020,20201119,4,29
15465,5,C,1,805020204016,20201119,4,30
15466,6,C,0,805020203216,20201119,4,31
15467,5,C,0,805020203212,20201119,4,32
15468,1,A,1,805020205020,20201119,4,33
15469,2,A,1,645020205020,20201119,4,34
15470,1,A,1,644020205020,20201119,4,35
15471,2,A,1,514020205020,20201119,4,36
15472,1,A,1,513220205020,20201119,4,37
15473,2,A,0,403220205020,20201119,4,38
15474,1,A,0,402520205020,20201119,4,39
15475,4,B,0,805020205020,20201119,4,40
15476,1,A,1,805020205020,20201119,4,41
15477,2,A,1,645020205020,20201119,4,42
15478,1,A,1,644020205020,20201119,4,43
15479,2,A,0,514020205020,20201119,4,44
15480,1,A,0,513220205020,20201119,4,45
15481,5,C,0,805020205020,20201119,4,46
15482,6,C,0,805020204020,20201119,4,47
15483,5,C,0,805020204016,20201119,4,48
15484,1,A,0,805020205020,20201119,4,49
15485,2,A,1,645020205020,20201119,4,50
15486,1,A,1,644020205020,20201119,4,51
15487,2,A,0,514020205020,20201119,4,52
15488,1,A,1,513220205020,20201119,4,53
15489,5,C,0,805020205020,20201119,4,54
15490,6,C,0,805020204020,20201119,4,55
15491,5,C,0,805020204016,20201119,4,56
15492,1,A,0,805020205020,20201119,4,57
15493,2,A,1,645020205020,20201119,4,58
15494,1,A,1,644020205020,20201119,4,59
15495,2,A,1,514020205020,20201119,4,60
15496,1,A,1,513220205020,20201119,4,61
15497,2,A,0,403220205020,20201119,4,62
15498,1,A,1,402520205020,20201119,4,63
15499,5,C,1,805020205020,20201119,4,64
15500,6,C,0,805020204020,20201119,4,65
15501,5,C,0,805020204016,20201119,4,66
15502,1,A,1,805020205020,20201119,4,67
15503,2,A,1,645020205020,20201119,4,68
15504,1,A,1,644020205020,20201119,4,69
15505,2,A,0,514020205020,20201119,4,70
15506,1,A,1,513220205020,20201119,4,71
15507,2,A,0,403220205020,20201119,4,72
15508,1,A,0,402520205020,20201119,4,73
15509,4,B,0,805020205020,20201119,4,74
15510,3,B,0,805020165020,20201119,4,75
15511,6,C,0,805020205020,20201119,4,76
15512,5,C,1,805020205016,20201119,4,77
15513,1,A,0,805020205020,20201119,4,78
15514,2,A,0,645020205020,20201119,4,79
15515,1,A,1,644020205020,20201119,4,80
15516,2,A,0,514020205020,20201119,4,81
15517,1,A,1,513220205020,20201119,4,82
15518,5,C,1,805020205020,20201119,4,83
15519,1,A,1,805020205020,20201119,4,84
15520,2,A,0,645020205020,20201119,4,85
15521,1,A,1,644020205020,20201119,4,86
15522,5,C,1,805020205020,20201119,4,87
15523,6,C,0,805020204020,20201119,4,88
15524,5,C,1,805020204016,20201119,4,89
15525,1,A,1,805020205020,20201119,4,90
15526,2,A,1,645020205020,20201119,4,91
15527,1,A,1,644020205020,20201119,4,92
15528,2,A,0,514020205020,20201119,4,93
15529,1,A,0,513220205020,20201119,4,94
15530,5,C,0,805020205020,20201119,4,95
15531,1,A,1,805020205020,20201119,4,96
15532,2,A,1,645020205020,20201119,4,97
15533,1,A,0,644020205020,20201119,4,98
15534,2,A,1,514020205020,20201119,4,99
15535,1,A,0,513220205020,20201119,4,100
15536,2,A,0,403220205020,20201119,4,101
15537,5,C,1,805020205020,20201119,4,102
15538,1,A,1,805020205020,20201119,4,103
15539,2,A,1,645020205020,20201119,4,104
15540,1,A,1,644020205020,20201119,4,105
15541,2,A,0,514020205020,20201119,4,106
15542,1,A,0,513220205020,20201119,4,107
15543,5,C,1,805020205020,20201119,4,108
15544,1,A,1,805020205020,20201119,4,109
15545,2,A,1,645020205020,20201119,4,110
15546,1,A,0,644020205020,20201119,4,111
15547,2,A,1,514020205020,20201119,4,112
15548,1,A,0,513220205020,20201119,4,113
15549,2,A,0,403220205020,20201119,4,114
15550,5,C,1,805020205020,20201119,4,115
15551,6,C,0,805020204020,20201119,4,116
15552,5,C,0,805020204016,20201119,4,117
15553,1,A,0,805020205020,20201119,4,118
15554,2,A,0,645020205020,20201119,4,119
15555,1,A,1,644020205020,20201119,4,120
15556,2,A,1,514020205020,20201119,4,121
15557,1,A,1,513220205020,20201119,4,122
15558,2,A,1,403220205020,20201119,4,123
15559,1,A,0,402520205020,20201119,4,124
15560,2,A,0,322520205020,20201119,4,125
15561,5,C,1,805020205020,20201119,4,126
15562,6,C,1,805020204020,20201119,4,127
15563,5,C,0,805020204016,20201119,4,128
15564,6,C,0,805020203216,20201119,4,129
15565,5,C,0,805020203212,20201119,4,130
15566,1,A,0,805020205020,20201119,4,131
15567,2,A,0,645020205020,20201119,4,132
15568,1,A,0,644020205020,20201119,4,133
15569,5,C,0,805020205020,20201119,4,134
15570,2,A,1,805020205020,20201119,4,135
15571,1,A,0,804020205020,20201119,4,136
15572,2,A,0,644020205020,20201119,4,137
15573,5,C,0,805020205020,20201119,4,138
15574,1,A,1,805020205020,20201119,4,139
15575,2,A,1,645020205020,20201119,4,140
15576,1,A,1,644020205020,20201119,4,141
15577,2,A,0,514020205020,20201119,4,142
15578,1,A,1,513220205020,20201119,4,143
15579,5,C,1,805020205020,20201119,4,144
15580,1,A,0,805020205020,20201119,4,145
15581,2,A,0,645020205020,20201119,4,146
15582,1,A,1,644020205020,20201119,4,147
15583,2,A,0,514020205020,20201119,4,148
15584,1,A,0,513220205020,20201119,4,149
15585,5,C,0,805020205020,20201119,4,150
15586,6,C,0,805020204020,20201119,4,151
15587,5,C,1,805020204016,20201119,4,152
15588,1,A,1,805020205020,20201119,4,153
15589,2,A,0,645020205020,20201119,4,154
15590,1,A,0,644020205020,20201119,4,155
15591,2,A,1,514020205020,20201119,4,156
15592,1,A,0,513220205020,20201119,4,157
15593,2,A,1,403220205020,20201119,4,158
15594,1,A,1,402520205020,20201119,4,159
15595,2,A,0,322520205020,20201119,4,160
15596,1,A,1,322020205020,20201119,4,161
15597,5,C,0,805020205020,20201119,4,162
15598,6,C,1,805020204020,20201119,4,163
15599,5,C,1,805020204016,20201119,4,164
15600,1,A,1,805020205020,20201119,4,165
15601,2,A,0,645020205020,20201119,4,166
15602,1,A,0,644020205020,20201119,4,167
15603,2,A,1,514020205020,20201119,4,168
15604,1,A,1,513220205020,20201119,4,169
15605,2,A,0,403220205020,20201119,4,170
15606,1,A,0,402520205020,20201119,4,171
15607,2,A,1,322520205020,20201119,4,172
15608,5,C,0,805020205020,20201119,4,173
15609,1,A,1,805020205020,20201119,4,174
15610,2,A,1,645020205020,20201119,4,175
15611,1,A,0,644020205020,20201119,4,176
15612,2,A,0,514020205020,20201119,4,177
15613,1,A,1,513220205020,20201119,4,178
15614,2,A,1,403220205020,20201119,4,179
15615,5,C,1,805020205020,20201119,4,180
15616,1,A,1,805020205020,20201119,4,181
15617,2,A,1,645020205020,20201119,4,182
15618,1,A,1,644020205020,20201119,4,183
15619,2,A,0,514020205020,20201119,4,184
15620,1,A,0,513220205020,20201119,4,185
15621,2,A,1,403220205020,20201119,4,186
15622,1,A,1,402520205020,20201119,4,187
15623,2,A,0,322520205020,20201119,4,188
15624,1,A,1,322020205020,20201119,4,189
15625,2,A,0,262020205020,20201119,4,190
15626,1,A,0,261620205020,20201119,4,191
15627,2,A,1,201620205020,20201119,4,192
15628,5,C,0,805020205020,20201119,4,193
15629,1,A,1,805020205020,20201119,4,194
15630,2,A,1,645020205020,20201119,4,195
15631,1,A,1,644020205020,20201119,4,196
15632,2,A,0,514020205020,20201119,4,197
15633,1,A,1,513220205020,20201119,4,198
15634,2,A,0,403220205020,20201119,4,199
15635,1,A,1,402520205020,20201119,4,200
15636,2,A,0,322520205020,20201119,4,201
15637,1,A,0,322020205020,20201119,4,202
15638,2,A,0,262020205020,20201119,4,203
15639,1,A,0,261620205020,20201119,4,204
15640,5,C,1,805020205020,20201119,4,205
15641,1,A,1,805020205020,20201119,4,206
15642,2,A,0,645020205020,20201119,4,207
15643,1,A,1,644020205020,20201119,4,208
15644,2,A,1,514020205020,20201119,4,209
15645,1,A,0,513220205020,20201119,4,210
15646,2,A,0,403220205020,20201119,4,211
15647,1,A,0,402520205020,20201119,4,212
15648,2,A,0,322520205020,20201119,4,213
15649,5,C,1,805020205020,20201119,4,214
15650,6,C,0,805020204020,20201119,4,215
15651,5,C,0,805020204016,20201119,4,216
15652,1,A,1,805020205020,20201119,4,217
15653,2,A,1,645020205020,20201119,4,218
15654,1,A,0,644020205020,20201119,4,219
15655,2,A,0,514020205020,20201119,4,220
15656,1,A,0,513220205020,20201119,4,221
15657,2,A,0,403220205020,20201119,4,222
15658,5,C,0,805020205020,20201119,4,223
15659,1,A,1,805020205020,20201119,4,224
15660,2,A,1,645020205020,20201119,4,225
15661,1,A,1,644020205020,20201119,4,226
15662,2,A,0,514020205020,20201119,4,227
15663,1,A,1,513220205020,20201119,4,228
15664,2,A,0,403220205020,20201119,4,229
15665,1,A,1,402520205020,20201119,4,230
15666,5,C,1,805020205020,20201119,4,231
15667,6,C,0,805020204020,20201119,4,232
15668,5,C,1,805020204016,20201119,4,233
15669,1,A,1,805020205020,20201119,4,234
15670,2,A,1,645020205020,20201119,4,235
15671,1,A,1,644020205020,20201119,4,236
15672,2,A,0,514020205020,20201119,4,237
15673,1,A,1,513220205020,20201119,4,238
15674,2,A,1,403220205020,20201119,4,239
15675,1,A,0,402520205020,20201119,4,240
15676,2,A,0,322520205020,20201119,4,241
15677,5,C,0,805020205020,20201119,4,242
15678,6,C,0,805020204020,20201119,4,243
15679,5,C,0,805020204016,20201119,4,244
15680,1,A,1,805020205020,20201119,4,245
15681,2,A,0,645020205020,20201119,4,246
15682,1,A,1,644020205020,20201119,4,247
15683,2,A,1,514020205020,20201119,4,248
15684,1,A,1,513220205020,20201119,4,249
15685,2,A,0,403220205020,20201119,4,250
15686,1,A,0,402520205020,20201119,4,251
15687,2,A,0,322520205020,20201119,4,252
15688,1,A,0,322020205020,20201119,4,253
15689,5,C,1,805020205020,20201119,4,254
15690,1,A,1,805020205020,20201119,4,255
15691,2,A,0,645020205020,20201119,4,256
15692,1,A,0,644020205020,20201119,4,257
15693,2,A,0,514020205020,20201119,4,258
15694,1,A,0,513220205020,20201119,4,259
15695,5,C,1,805020205020,20201119,4,260
15696,1,A,1,805020205020,20201119,4,261
15697,2,A,0,645020205020,20201119,4,262
15698,1,A,0,644020205020,20201119,4,263
15699,2,A,1,514020205020,20201119,4,264
15700,1,A,1,513220205020,20201119,4,265
15701,2,A,1,403220205020,20201119,4,266
15702,1,A,1,402520205020,20201119,4,267
15703,5,C,0,805020205020,20201119,4,268
15704,1,A,1,805020205020,20201119,4,269
15705,2,A,0,645020205020,20201119,4,270
15706,1,A,1,644020205020,20201119,4,271
15707,2,A,1,514020205020,20201119,4,272
15708,1,A,1,513220205020,20201119,4,273
15709,2,A,1,403220205020,20201119,4,274
15710,1,A,0,402520205020,20201119,4,275
15711,2,A,1,322520205020,20201119,4,276
15712,5,C,1,805020205020,20201119,4,277
15713,1,A,1,805020205020,20201119,4,278
15714,2,A,1,645020205020,20201119,4,279
15715,1,A,0,644020205020,20201119,4,280
15716,2,A,1,514020205020,20201119,4,281
15717,1,A,0,513220205020,20201119,4,282
15718,2,A,0,403220205020,20201119,4,283
15719,1,A,1,402520205020,20201119,4,284
15720,2,A,0,322520205020,20201119,4,285
15721,1,A,0,322020205020,20201119,4,286
15722,2,A,0,262020205020,20201119,4,287
15723,1,A,1,261620205020,20201119,4,288
15724,2,A,0,201620205020,20201119,4,289
15725,1,A,0,201320205020,20201119,4,290
15726,5,C,0,805020205020,20201119,4,291
15727,1,A,0,805020205020,20201119,4,292
15728,2,A,0,645020205020,20201119,4,293
15729,1,A,0,644020205020,20201119,4,294
15730,2,A,0,514020205020,20201119,4,295
15731,1,A,1,513220205020,20201119,4,296
15732,2,A,0,403220205020,20201119,4,297
15733,1,A,0,402520205020,20201119,4,298
15734,5,C,1,805020205020,20201119,4,299
15735,4,B,1,502080202020,20201119,5,0
15736,3,B,1,502080162020,20201119,5,1
15737,4,B,1,502064162020,20201119,5,2
15738,1,A,1,502080202020,20201119,5,3
15739,2,A,0,402080202020,20201119,5,4
15740,1,A,1,401680202020,20201119,5,5
15741,2,A,0,321680202020,20201119,5,6
15742,5,C,0,502080202020,20201119,5,7
15743,6,C,0,502080201620,20201119,5,8
15744,5,C,0,502080201616,20201119,5,9
15745,4,B,0,502080202020,20201119,5,10
15746,3,B,0,502080162020,20201119,5,11
15747,4,B,0,502064162020,20201119,5,12
15748,1,A,1,502080202020,20201119,5,13
15749,2,A,0,402080202020,20201119,5,14
15750,1,A,1,401680202020,20201119,5,15
15751,5,C,0,502080202020,20201119,5,16
15752,6,C,0,502080201620,20201119,5,17
15753,5,C,0,502080201616,20201119,5,18
15754,4,B,0,502080202020,20201119,5,19
15755,3,B,1,502080162020,20201119,5,20
15756,4,B,0,502064162020,20201119,5,21
15757,3,B,1,502064122020,20201119,5,22
15758,1,A,0,502080202020,20201119,5,23
15759,2,A,0,402080202020,20201119,5,24
15760,1,A,0,401680202020,20201119,5,25
15761,5,C,0,502080202020,20201119,5,26
15762,1,A,1,502080202020,20201119,5,27
15763,2,A,0,402080202020,20201119,5,28
15764,1,A,0,401680202020,20201119,5,29
15765,4,B,0,502080202020,20201119,5,30
15766,3,B,0,502080162020,20201119,5,31
15767,4,B,0,502064162020,20201119,5,32
15768,3,B,1,502064122020,20201119,5,33
15769,1,A,0,502080202020,20201119,5,34
15770,2,A,0,402080202020,20201119,5,35
15771,1,A,0,401680202020,20201119,5,36
15772,4,B,0,502080202020,20201119,5,37
15773,3,B,1,502080162020,20201119,5,38
15774,4,B,0,502064162020,20201119,5,39
15775,3,B,1,502064122020,20201119,5,40
15776,4,B,0,502051122020,20201119,5,41
15777,3,B,1,502051102020,20201119,5,42
15778,4,B,1,502040102020,20201119,5,43
15779,3,B,0,502040082020,20201119,5,44
15780,4,B,1,502032082020,20201119,5,45
15781,3,B,1,502032062020,20201119,5,46
15782,4,B,0,502026062020,20201119,5,47
15783,3,B,0,502026052020,20201119,5,48
15784,1,A,0,502080202020,20201119,5,49
15785,2,A,0,402080202020,20201119,5,50
15786,1,A,0,401680202020,20201119,5,51
15787,4,B,0,502080202020,20201119,5,52
15788,3,B,0,502080162020,20201119,5,53
15789,4,B,0,502064162020,20201119,5,54
15790,3,B,0,502064122020,20201119,5,55
15791,6,C,0,502080202020,20201119,5,56
15792,5,C,0,502080202016,20201119,5,57
15793,1,A,1,502080202020,20201119,5,58
15794,2,A,0,402080202020,20201119,5,59
15795,1,A,0,401680202020,20201119,5,60
15796,4,B,0,502080202020,20201119,5,61
15797,3,B,1,502080162020,20201119,5,62
15798,4,B,0,502064162020,20201119,5,63
15799,3,B,1,502064122020,20201119,5,64
15800,4,B,0,502051122020,20201119,5,65
15801,3,B,1,502051102020,20201119,5,66
15802,4,B,0,502040102020,20201119,5,67
15803,3,B,0,502040082020,20201119,5,68
15804,1,A,0,502080202020,20201119,5,69
15805,2,A,0,402080202020,20201119,5,70
15806,1,A,0,401680202020,20201119,5,71
15807,4,B,0,502080202020,20201119,5,72
15808,3,B,0,502080162020,20201119,5,73
15809,4,B,0,502064162020,20201119,5,74
15810,3,B,1,502064122020,20201119,5,75
15811,4,B,0,502051122020,20201119,5,76
15812,3,B,0,502051102020,20201119,5,77
15813,1,A,1,502080202020,20201119,5,78
15814,2,A,0,402080202020,20201119,5,79
15815,1,A,0,401680202020,20201119,5,80
15816,4,B,0,502080202020,20201119,5,81
15817,3,B,1,502080162020,20201119,5,82
15818,4,B,0,502064162020,20201119,5,83
15819,3,B,1,502064122020,20201119,5,84
15820,4,B,0,502051122020,20201119,5,85
15821,3,B,1,502051102020,20201119,5,86
15822,4,B,1,502040102020,20201119,5,87
15823,3,B,0,502040082020,20201119,5,88
15824,4,B,0,502032082020,20201119,5,89
15825,3,B,0,502032062020,20201119,5,90
15826,4,B,0,502026062020,20201119,5,91
15827,3,B,0,502026052020,20201119,5,92
15828,5,C,0,502080202020,20201119,5,93
15829,1,A,0,502080202020,20201119,5,94
15830,2,A,0,402080202020,20201119,5,95
15831,1,A,0,401680202020,20201119,5,96
15832,4,B,0,502080202020,20201119,5,97
15833,3,B,0,502080162020,20201119,5,98
15834,4,B,1,502064162020,20201119,5,99
15835,3,B,1,502064122020,20201119,5,100
15836,4,B,0,502051122020,20201119,5,101
15837,3,B,0,502051102020,20201119,5,102
15838,4,B,0,502040102020,20201119,5,103
15839,3,B,0,502040082020,20201119,5,104
15840,1,A,0,502080202020,20201119,5,105
15841,2,A,1,402080202020,20201119,5,106
15842,1,A,0,401680202020,20201119,5,107
15843,2,A,0,321680202020,20201119,5,108
15844,1,A,0,321280202020,20201119,5,109
15845,5,C,1,502080202020,20201119,5,110
15846,6,C,0,502080201620,20201119,5,111
15847,5,C,0,502080201616,20201119,5,112
15848,1,A,0,502080202020,20201119,5,113
15849,2,A,0,402080202020,20201119,5,114
15850,1,A,1,401680202020,20201119,5,115
15851,2,A,0,321680202020,20201119,5,116
15852,1,A,1,321280202020,20201119,5,117
15853,2,A,0,251280202020,20201119,5,118
15854,1,A,0,251080202020,20201119,5,119
15855,5,C,0,502080202020,20201119,5,120
15856,1,A,1,502080202020,20201119,5,121
15857,2,A,0,402080202020,20201119,5,122
15858,1,A,0,401680202020,20201119,5,123
15859,5,C,0,502080202020,20201119,5,124
15860,6,C,1,502080201620,20201119,5,125
15861,5,C,0,502080201616,20201119,5,126
15862,6,C,0,502080201216,20201119,5,127
15863,4,B,1,502080202020,20201119,5,128
15864,3,B,1,502080162020,20201119,5,129
15865,4,B,0,502064162020,20201119,5,130
15866,3,B,1,502064122020,20201119,5,131
15867,4,B,0,502051122020,20201119,5,132
15868,3,B,1,502051102020,20201119,5,133
15869,4,B,0,502040102020,20201119,5,134
15870,3,B,0,502040082020,20201119,5,135
15871,4,B,0,502032082020,20201119,5,136
15872,3,B,1,502032062020,20201119,5,137
15873,4,B,0,502026062020,20201119,5,138
15874,3,B,0,502026052020,20201119,5,139
15875,1,A,0,502080202020,20201119,5,140
15876,2,A,0,402080202020,20201119,5,141
15877,1,A,0,401680202020,20201119,5,142
15878,4,B,0,502080202020,20201119,5,143
15879,3,B,1,502080162020,20201119,5,144
15880,4,B,0,502064162020,20201119,5,145
15881,3,B,0,502064122020,20201119,5,146
15882,4,B,0,502051122020,20201119,5,147
15883,3,B,0,502051102020,20201119,5,148
15884,1,A,1,502080202020,20201119,5,149
15885,2,A,0,402080202020,20201119,5,150
15886,1,A,0,401680202020,20201119,5,151
15887,4,B,0,502080202020,20201119,5,152
15888,3,B,1,502080162020,20201119,5,153
15889,4,B,0,502064162020,20201119,5,154
15890,3,B,0,502064122020,20201119,5,155
15891,1,A,0,502080202020,20201119,5,156
15892,2,A,0,402080202020,20201119,5,157
15893,1,A,0,401680202020,20201119,5,158
15894,4,B,0,502080202020,20201119,5,159
15895,3,B,1,502080162020,20201119,5,160
15896,4,B,0,502064162020,20201119,5,161
15897,3,B,0,502064122020,20201119,5,162
15898,1,A,0,502080202020,20201119,5,163
15899,2,A,0,402080202020,20201119,5,164
15900,1,A,1,401680202020,20201119,5,165
15901,2,A,0,321680202020,20201119,5,166
15902,1,A,0,321280202020,20201119,5,167
15903,4,B,0,502080202020,20201119,5,168
15904,3,B,1,502080162020,20201119,5,169
15905,4,B,1,502064162020,20201119,5,170
15906,3,B,0,502064122020,20201119,5,171
15907,4,B,0,502051122020,20201119,5,172
15908,3,B,1,502051102020,20201119,5,173
15909,4,B,0,502040102020,20201119,5,174
15910,3,B,1,502040082020,20201119,5,175
15911,4,B,0,502032082020,20201119,5,176
15912,3,B,0,502032062020,20201119,5,177
15913,1,A,1,502080202020,20201119,5,178
15914,2,A,1,402080202020,20201119,5,179
15915,1,A,1,401680202020,20201119,5,180
15916,2,A,0,321680202020,20201119,5,181
15917,1,A,0,321280202020,20201119,5,182
15918,5,C,0,502080202020,20201119,5,183
15919,6,C,0,502080201620,20201119,5,184
15920,5,C,0,502080201616,20201119,5,185
15921,1,A,1,502080202020,20201119,5,186
15922,2,A,0,402080202020,20201119,5,187
15923,1,A,0,401680202020,20201119,5,188
15924,2,A,0,321680202020,20201119,5,189
15925,1,A,1,321280202020,20201119,5,190
15926,3,B,1,502080202020,20201119,5,191
15927,4,B,1,502064202020,20201119,5,192
15928,3,B,1,502064162020,20201119,5,193
15929,4,B,1,502051162020,20201119,5,194
15930,3,B,1,502051122020,20201119,5,195
15931,4,B,0,502040122020,20201119,5,196
15932,3,B,0,502040102020,20201119,5,197
15933,4,B,0,502032102020,20201119,5,198
15934,3,B,0,502032082020,20201119,5,199
15935,1,A,1,502080202020,20201119,5,200
15936,2,A,0,402080202020,20201119,5,201
15937,1,A,0,401680202020,20201119,5,202
15938,4,B,1,502080202020,20201119,5,203
15939,3,B,1,502080162020,20201119,5,204
15940,4,B,0,502064162020,20201119,5,205
15941,3,B,1,502064122020,20201119,5,206
15942,4,B,0,502051122020,20201119,5,207
15943,3,B,1,502051102020,20201119,5,208
15944,4,B,0,502040102020,20201119,5,209
15945,3,B,0,502040082020,20201119,5,210
15946,1,A,0,502080202020,20201119,5,211
15947,2,A,0,402080202020,20201119,5,212
15948,1,A,1,401680202020,20201119,5,213
15949,2,A,0,321680202020,20201119,5,214
15950,1,A,0,321280202020,20201119,5,215
15951,4,B,0,502080202020,20201119,5,216
15952,3,B,1,502080162020,20201119,5,217
15953,4,B,0,502064162020,20201119,5,218
15954,3,B,1,502064122020,20201119,5,219
15955,4,B,0,502051122020,20201119,5,220
15956,3,B,0,502051102020,20201119,5,221
15957,1,A,1,502080202020,20201119,5,222
15958,2,A,0,402080202020,20201119,5,223
15959,1,A,1,401680202020,20201119,5,224
15960,4,B,1,502080202020,20201119,5,225
15961,3,B,1,502080162020,20201119,5,226
15962,4,B,0,502064162020,20201119,5,227
15963,3,B,1,502064122020,20201119,5,228
15964,4,B,0,502051122020,20201119,5,229
15965,3,B,1,502051102020,20201119,5,230
15966,4,B,0,502040102020,20201119,5,231
15967,3,B,0,502040082020,20201119,5,232
15968,1,A,0,502080202020,20201119,5,233
15969,2,A,0,402080202020,20201119,5,234
15970,1,A,0,401680202020,20201119,5,235
15971,3,B,1,502080202020,20201119,5,236
15972,4,B,1,502064202020,20201119,5,237
15973,3,B,0,502064162020,20201119,5,238
15974,4,B,0,502051162020,20201119,5,239
15975,3,B,0,502051122020,20201119,5,240
15976,1,A,1,502080202020,20201119,5,241
15977,2,A,0,402080202020,20201119,5,242
15978,1,A,0,401680202020,20201119,5,243
15979,4,B,1,502080202020,20201119,5,244
15980,3,B,0,502080162020,20201119,5,245
15981,4,B,0,502064162020,20201119,5,246
15982,3,B,1,502064122020,20201119,5,247
15983,4,B,0,502051122020,20201119,5,248
15984,3,B,0,502051102020,20201119,5,249
15985,1,A,1,502080202020,20201119,5,250
15986,3,B,0,502080202020,20201119,5,251
15987,4,B,0,502064202020,20201119,5,252
15988,3,B,0,502064162020,20201119,5,253
15989,4,B,1,502051162020,20201119,5,254
15990,3,B,0,502051122020,20201119,5,255
15991,4,B,0,502040122020,20201119,5,256
15992,3,B,0,502040102020,20201119,5,257
15993,1,A,1,502080202020,20201119,5,258
15994,2,A,0,402080202020,20201119,5,259
15995,1,A,0,401680202020,20201119,5,260
15996,3,B,1,502080202020,20201119,5,261
15997,4,B,0,502064202020,20201119,5,262
15998,3,B,1,502064162020,20201119,5,263
15999,4,B,0,502051162020,20201119,5,264
16000,3,B,0,502051122020,20201119,5,265
16001,1,A,0,502080202020,20201119,5,266
16002,2,A,0,402080202020,20201119,5,267
16003,1,A,1,401680202020,20201119,5,268
16004,2,A,0,321680202020,20201119,5,269
16005,1,A,1,321280202020,20201119,5,270
16006,5,C,0,502080202020,20201119,5,271
16007,6,C,0,502080201620,20201119,5,272
16008,1,A,1,502080202020,20201119,5,273
16009,2,A,0,402080202020,20201119,5,274
16010,1,A,1,401680202020,20201119,5,275
16011,3,B,1,502080202020,20201119,5,276
16012,4,B,1,502064202020,20201119,5,277
16013,3,B,1,502064162020,20201119,5,278
16014,4,B,1,502051162020,20201119,5,279
16015,3,B,1,502051122020,20201119,5,280
16016,4,B,0,502040122020,20201119,5,281
16017,3,B,1,502040102020,20201119,5,282
16018,4,B,0,502032102020,20201119,5,283
16019,3,B,0,502032082020,20201119,5,284
16020,1,A,1,502080202020,20201119,5,285
16021,2,A,1,402080202020,20201119,5,286
16022,1,A,1,401680202020,20201119,5,287
16023,2,A,0,321680202020,20201119,5,288
16024,1,A,1,321280202020,20201119,5,289
16025,2,A,0,251280202020,20201119,5,290
16026,1,A,1,251080202020,20201119,5,291
16027,3,B,0,502080202020,20201119,5,292
16028,4,B,0,502064202020,20201119,5,293
16029,3,B,1,502064162020,20201119,5,294
16030,4,B,0,502051162020,20201119,5,295
16031,3,B,0,502051122020,20201119,5,296
16032,1,A,0,502080202020,20201119,5,297
16033,2,A,1,402080202020,20201119,5,298
16034,1,A,0,401680202020,20201119,5,299
16035,4,B,0,502020202080,20201120,1,0
16036,3,B,0,502020162080,20201120,1,1
16037,4,B,0,502016162080,20201120,1,2
16038,1,A,1,502020202080,20201120,1,3
16039,2,A,1,402020202080,20201120,1,4
16040,1,A,1,401620202080,20201120,1,5
16041,2,A,0,321620202080,20201120,1,6
16042,5,C,0,502020202080,20201120,1,7
16043,6,C,1,502020201680,20201120,1,8
16044,5,C,0,502020201664,20201120,1,9
16045,4,B,0,502020202080,20201120,1,10
16046,3,B,0,502020162080,20201120,1,11
16047,4,B,0,502016162080,20201120,1,12
16048,1,A,1,502020202080,20201120,1,13
16049,2,A,0,402020202080,20201120,1,14
16050,1,A,1,401620202080,20201120,1,15
16051,2,A,0,321620202080,20201120,1,16
16052,1,A,0,321220202080,20201120,1,17
16053,5,C,0,502020202080,20201120,1,18
16054,6,C,1,502020201680,20201120,1,19
16055,5,C,0,502020201664,20201120,1,20
16056,6,C,0,502020201264,20201120,1,21
16057,5,C,1,502020201251,20201120,1,22
16058,4,B,0,502020202080,20201120,1,23
16059,3,B,1,502020162080,20201120,1,24
16060,4,B,0,502016162080,20201120,1,25
16061,3,B,0,502016122080,20201120,1,26
16062,1,A,0,502020202080,20201120,1,27
16063,2,A,0,402020202080,20201120,1,28
16064,1,A,1,401620202080,20201120,1,29
16065,5,C,0,502020202080,20201120,1,30
16066,6,C,1,502020201680,20201120,1,31
16067,5,C,0,502020201664,20201120,1,32
16068,6,C,0,502020201264,20201120,1,33
16069,1,A,1,502020202080,20201120,1,34
16070,2,A,0,402020202080,20201120,1,35
16071,1,A,0,401620202080,20201120,1,36
16072,3,B,0,502020202080,20201120,1,37
16073,4,B,0,502016202080,20201120,1,38
16074,3,B,0,502016162080,20201120,1,39
16075,1,A,0,502020202080,20201120,1,40
16076,2,A,0,402020202080,20201120,1,41
16077,5,C,0,502020202080,20201120,1,42
16078,6,C,1,502020201680,20201120,1,43
16079,5,C,1,502020201664,20201120,1,44
16080,6,C,0,502020201264,20201120,1,45
16081,5,C,1,502020201251,20201120,1,46
16082,6,C,1,502020201051,20201120,1,47
16083,5,C,0,502020201040,20201120,1,48
16084,6,C,1,502020200840,20201120,1,49
16085,5,C,0,502020200832,20201120,1,50
16086,6,C,0,502020200632,20201120,1,51
16087,4,B,0,502020202080,20201120,1,52
16088,3,B,1,502020162080,20201120,1,53
16089,5,C,0,502020202080,20201120,1,54
16090,6,C,1,502020201680,20201120,1,55
16091,5,C,0,502020201664,20201120,1,56
16092,6,C,1,502020201264,20201120,1,57
16093,5,C,0,502020201251,20201120,1,58
16094,6,C,0,502020201051,20201120,1,59
16095,5,C,0,502020201040,20201120,1,60
16096,6,C,1,502020200840,20201120,1,61
16097,1,A,0,502020202080,20201120,1,62
16098,2,A,0,402020202080,20201120,1,63
16099,1,A,0,401620202080,20201120,1,64
16100,5,C,0,502020202080,20201120,1,65
16101,6,C,1,502020201680,20201120,1,66
16102,5,C,0,502020201664,20201120,1,67
16103,6,C,1,502020201264,20201120,1,68
16104,5,C,0,502020201251,20201120,1,69
16105,6,C,0,502020201051,20201120,1,70
16106,5,C,0,502020201040,20201120,1,71
16107,6,C,1,502020200840,20201120,1,72
16108,1,A,1,502020202080,20201120,1,73
16109,2,A,1,402020202080,20201120,1,74
16110,1,A,0,401620202080,20201120,1,75
16111,2,A,1,321620202080,20201120,1,76
16112,5,C,0,502020202080,20201120,1,77
16113,6,C,1,502020201680,20201120,1,78
16114,5,C,0,502020201664,20201120,1,79
16115,6,C,1,502020201264,20201120,1,80
16116,5,C,0,502020201251,20201120,1,81
16117,6,C,0,502020201051,20201120,1,82
16118,5,C,0,502020201040,20201120,1,83
16119,6,C,1,502020200840,20201120,1,84
16120,3,B,0,502020202080,20201120,1,85
16121,4,B,0,502016202080,20201120,1,86
16122,1,A,0,502020202080,20201120,1,87
16123,2,A,0,402020202080,20201120,1,88
16124,1,A,0,401620202080,20201120,1,89
16125,6,C,1,502020202080,20201120,1,90
16126,5,C,0,502020202064,20201120,1,91
16127,6,C,1,502020201664,20201120,1,92
16128,5,C,0,502020201651,20201120,1,93
16129,6,C,0,502020201251,20201120,1,94
16130,5,C,0,502020201240,20201120,1,95
16131,6,C,0,502020201040,20201120,1,96
16132,5,C,0,502020201032,20201120,1,97
16133,6,C,0,502020200832,20201120,1,98
16134,2,A,0,502020202080,20201120,1,99
16135,1,A,1,501620202080,20201120,1,100
16136,2,A,0,401620202080,20201120,1,101
16137,1,A,0,401220202080,20201120,1,102
16138,6,C,1,502020202080,20201120,1,103
16139,1,A,0,502020202080,20201120,1,104
16140,2,A,0,402020202080,20201120,1,105
16141,1,A,1,401620202080,20201120,1,106
16142,6,C,1,502020202080,20201120,1,107
16143,1,A,1,502020202080,20201120,1,108
16144,2,A,0,402020202080,20201120,1,109
16145,1,A,0,401620202080,20201120,1,110
16146,6,C,1,502020202080,20201120,1,111
16147,5,C,0,502020202064,20201120,1,112
16148,6,C,0,502020201664,20201120,1,113
16149,1,A,0,502020202080,20201120,1,114
16150,2,A,0,402020202080,20201120,1,115
16151,1,A,0,401620202080,20201120,1,116
16152,6,C,0,502020202080,20201120,1,117
16153,5,C,0,502020202064,20201120,1,118
16154,6,C,1,502020201664,20201120,1,119
16155,1,A,0,502020202080,20201120,1,120
16156,6,C,1,502020202080,20201120,1,121
16157,5,C,0,502020202064,20201120,1,122
16158,6,C,0,502020201664,20201120,1,123
16159,3,B,0,502020202080,20201120,1,124
16160,6,C,1,502020202080,20201120,1,125
16161,5,C,1,502020202064,20201120,1,126
16162,6,C,0,502020201664,20201120,1,127
16163,5,C,0,502020201651,20201120,1,128
16164,6,C,1,502020201251,20201120,1,129
16165,1,A,0,502020202080,20201120,1,130
16166,6,C,1,502020202080,20201120,1,131
16167,5,C,0,502020202064,20201120,1,132
16168,6,C,1,502020201664,20201120,1,133
16169,2,A,1,502020202080,20201120,1,134
16170,1,A,1,501620202080,20201120,1,135
16171,2,A,0,401620202080,20201120,1,136
16172,1,A,0,401220202080,20201120,1,137
16173,6,C,1,502020202080,20201120,1,138
16174,5,C,1,502020202064,20201120,1,139
16175,6,C,1,502020201664,20201120,1,140
16176,5,C,0,502020201651,20201120,1,141
16177,6,C,0,502020201251,20201120,1,142
16178,5,C,0,502020201240,20201120,1,143
16179,6,C,1,502020201040,20201120,1,144
16180,1,A,1,502020202080,20201120,1,145
16181,2,A,0,402020202080,20201120,1,146
16182,1,A,0,401620202080,20201120,1,147
16183,6,C,0,502020202080,20201120,1,148
16184,5,C,0,502020202064,20201120,1,149
16185,6,C,1,502020201664,20201120,1,150
16186,2,A,0,502020202080,20201120,1,151
16187,1,A,1,501620202080,20201120,1,152
16188,6,C,1,502020202080,20201120,1,153
16189,5,C,0,502020202064,20201120,1,154
16190,6,C,1,502020201664,20201120,1,155
16191,1,A,0,502020202080,20201120,1,156
16192,6,C,1,502020202080,20201120,1,157
16193,5,C,0,502020202064,20201120,1,158
16194,6,C,1,502020201664,20201120,1,159
16195,1,A,1,502020202080,20201120,1,160
16196,6,C,1,502020202080,20201120,1,161
16197,5,C,1,502020202064,20201120,1,162
16198,6,C,1,502020201664,20201120,1,163
16199,5,C,0,502020201651,20201120,1,164
16200,6,C,1,502020201251,20201120,1,165
16201,1,A,1,502020202080,20201120,1,166
16202,6,C,1,502020202080,20201120,1,167
16203,5,C,0,502020202064,20201120,1,168
16204,6,C,1,502020201664,20201120,1,169
16205,5,C,0,502020201651,20201120,1,170
16206,6,C,1,502020201251,20201120,1,171
16207,1,A,1,502020202080,20201120,1,172
16208,6,C,1,502020202080,20201120,1,173
16209,5,C,0,502020202064,20201120,1,174
16210,6,C,1,502020201664,20201120,1,175
16211,5,C,0,502020201651,20201120,1,176
16212,6,C,1,502020201251,20201120,1,177
16213,5,C,0,502020201240,20201120,1,178
16214,6,C,1,502020201040,20201120,1,179
16215,1,A,0,502020202080,20201120,1,180
16216,6,C,1,502020202080,20201120,1,181
16217,5,C,0,502020202064,20201120,1,182
16218,6,C,0,502020201664,20201120,1,183
16219,3,B,0,502020202080,20201120,1,184
16220,6,C,1,502020202080,20201120,1,185
16221,1,A,1,502020202080,20201120,1,186
16222,6,C,1,502020202080,20201120,1,187
16223,5,C,0,502020202064,20201120,1,188
16224,6,C,0,502020201664,20201120,1,189
16225,1,A,0,502020202080,20201120,1,190
16226,6,C,1,502020202080,20201120,1,191
16227,1,A,1,502020202080,20201120,1,192
16228,6,C,0,502020202080,20201120,1,193
16229,5,C,0,502020202064,20201120,1,194
16230,6,C,0,502020201664,20201120,1,195
16231,1,A,0,502020202080,20201120,1,196
16232,6,C,1,502020202080,20201120,1,197
16233,1,A,1,502020202080,20201120,1,198
16234,6,C,1,502020202080,20201120,1,199
16235,1,A,0,502020202080,20201120,1,200
16236,6,C,1,502020202080,20201120,1,201
16237,1,A,0,502020202080,20201120,1,202
16238,2,A,0,402020202080,20201120,1,203
16239,1,A,1,401620202080,20201120,1,204
16240,6,C,0,502020202080,20201120,1,205
16241,5,C,1,502020202064,20201120,1,206
16242,6,C,0,502020201664,20201120,1,207
16243,5,C,0,502020201651,20201120,1,208
16244,6,C,1,502020201251,20201120,1,209
16245,5,C,0,502020201240,20201120,1,210
16246,6,C,0,502020201040,20201120,1,211
16247,1,A,1,502020202080,20201120,1,212
16248,2,A,1,402020202080,20201120,1,213
16249,1,A,1,401620202080,20201120,1,214
16250,2,A,0,321620202080,20201120,1,215
16251,1,A,1,321220202080,20201120,1,216
16252,6,C,1,502020202080,20201120,1,217
16253,5,C,0,502020202064,20201120,1,218
16254,6,C,0,502020201664,20201120,1,219
16255,1,A,1,502020202080,20201120,1,220
16256,2,A,0,402020202080,20201120,1,221
16257,1,A,0,401620202080,20201120,1,222
16258,6,C,0,502020202080,20201120,1,223
16259,5,C,0,502020202064,20201120,1,224
16260,6,C,0,502020201664,20201120,1,225
16261,5,C,0,502020201651,20201120,1,226
16262,6,C,0,502020201251,20201120,1,227
16263,1,A,0,502020202080,20201120,1,228
16264,2,A,1,402020202080,20201120,1,229
16265,1,A,0,401620202080,20201120,1,230
16266,2,A,1,321620202080,20201120,1,231
16267,1,A,1,321220202080,20201120,1,232
16268,2,A,0,251220202080,20201120,1,233
16269,1,A,1,251020202080,20201120,1,234
16270,2,A,0,201020202080,20201120,1,235
16271,1,A,0,200820202080,20201120,1,236
16272,6,C,1,502020202080,20201120,1,237
16273,5,C,0,502020202064,20201120,1,238
16274,6,C,0,502020201664,20201120,1,239
16275,1,A,1,502020202080,20201120,1,240
16276,2,A,0,402020202080,20201120,1,241
16277,1,A,1,401620202080,20201120,1,242
16278,6,C,1,502020202080,20201120,1,243
16279,1,A,0,502020202080,20201120,1,244
16280,2,A,0,402020202080,20201120,1,245
16281,1,A,0,401620202080,20201120,1,246
16282,2,A,0,321620202080,20201120,1,247
16283,1,A,0,321220202080,20201120,1,248
16284,6,C,0,502020202080,20201120,1,249
16285,1,A,1,502020202080,20201120,1,250
16286,2,A,1,402020202080,20201120,1,251
16287,1,A,0,401620202080,20201120,1,252
16288,2,A,0,321620202080,20201120,1,253
16289,1,A,1,321220202080,20201120,1,254
16290,6,C,1,502020202080,20201120,1,255
16291,5,C,0,502020202064,20201120,1,256
16292,6,C,1,502020201664,20201120,1,257
16293,1,A,0,502020202080,20201120,1,258
16294,2,A,1,402020202080,20201120,1,259
16295,1,A,0,401620202080,20201120,1,260
16296,2,A,0,321620202080,20201120,1,261
16297,1,A,1,321220202080,20201120,1,262
16298,6,C,1,502020202080,20201120,1,263
16299,5,C,0,502020202064,20201120,1,264
16300,6,C,1,502020201664,20201120,1,265
16301,1,A,1,502020202080,20201120,1,266
16302,2,A,0,402020202080,20201120,1,267
16303,1,A,0,401620202080,20201120,1,268
16304,6,C,1,502020202080,20201120,1,269
16305,1,A,0,502020202080,20201120,1,270
16306,2,A,0,402020202080,20201120,1,271
16307,1,A,0,401620202080,20201120,1,272
16308,6,C,1,502020202080,20201120,1,273
16309,1,A,1,502020202080,20201120,1,274
16310,2,A,0,402020202080,20201120,1,275
16311,1,A,0,401620202080,20201120,1,276
16312,6,C,1,502020202080,20201120,1,277
16313,5,C,0,502020202064,20201120,1,278
16314,6,C,0,502020201664,20201120,1,279
16315,1,A,0,502020202080,20201120,1,280
16316,2,A,0,402020202080,20201120,1,281
16317,1,A,1,401620202080,20201120,1,282
16318,6,C,0,502020202080,20201120,1,283
16319,5,C,0,502020202064,20201120,1,284
16320,6,C,1,502020201664,20201120,1,285
16321,1,A,1,502020202080,20201120,1,286
16322,2,A,0,402020202080,20201120,1,287
16323,1,A,1,401620202080,20201120,1,288
16324,6,C,1,502020202080,20201120,1,289
16325,1,A,0,502020202080,20201120,1,290
16326,2,A,0,402020202080,20201120,1,291
16327,1,A,1,401620202080,20201120,1,292
16328,6,C,1,502020202080,20201120,1,293
16329,1,A,0,502020202080,20201120,1,294
16330,2,A,0,402020202080,20201120,1,295
16331,1,A,0,401620202080,20201120,1,296
16332,6,C,1,502020202080,20201120,1,297
16333,5,C,0,502020202064,20201120,1,298
16334,6,C,1,502020201664,20201120,1,299
16335,4,B,0,202080502050,20201120,2,0
16336,3,B,1,202080402050,20201120,2,1
16337,4,B,0,202064402050,20201120,2,2
16338,1,A,0,202080502050,20201120,2,3
16339,2,A,0,162080502050,20201120,2,4
16340,1,A,0,161680502050,20201120,2,5
16341,5,C,0,202080502050,20201120,2,6
16342,6,C,0,202080501650,20201120,2,7
16343,5,C,0,202080501640,20201120,2,8
16344,6,C,0,202080501240,20201120,2,9
16345,3,B,1,202080502050,20201120,2,10
16346,4,B,0,202064502050,20201120,2,11
16347,3,B,1,202064402050,20201120,2,12
16348,4,B,1,202051402050,20201120,2,13
16349,3,B,0,202051322050,20201120,2,14
16350,4,B,1,202040322050,20201120,2,15
16351,1,A,1,202080502050,20201120,2,16
16352,2,A,0,162080502050,20201120,2,17
16353,1,A,0,161680502050,20201120,2,18
16354,3,B,1,202080502050,20201120,2,19
16355,4,B,1,202064502050,20201120,2,20
16356,3,B,0,202064402050,20201120,2,21
16357,4,B,0,202051402050,20201120,2,22
16358,3,B,0,202051322050,20201120,2,23
16359,4,B,1,202040322050,20201120,2,24
16360,3,B,0,202040252050,20201120,2,25
16361,4,B,1,202032252050,20201120,2,26
16362,6,C,0,202080502050,20201120,2,27
16363,5,C,0,202080502040,20201120,2,28
16364,3,B,1,202080502050,20201120,2,29
16365,4,B,0,202064502050,20201120,2,30
16366,3,B,0,202064402050,20201120,2,31
16367,4,B,0,202051402050,20201120,2,32
16368,5,C,0,202080502050,20201120,2,33
16369,6,C,0,202080501650,20201120,2,34
16370,1,A,0,202080502050,20201120,2,35
16371,2,A,0,162080502050,20201120,2,36
16372,1,A,1,161680502050,20201120,2,37
16373,4,B,1,202080502050,20201120,2,38
16374,3,B,0,202080402050,20201120,2,39
16375,4,B,0,202064402050,20201120,2,40
16376,3,B,1,202064322050,20201120,2,41
16377,4,B,0,202051322050,20201120,2,42
16378,3,B,1,202051252050,20201120,2,43
16379,6,C,0,202080502050,20201120,2,44
16380,5,C,1,202080502040,20201120,2,45
16381,6,C,1,202080501640,20201120,2,46
16382,5,C,0,202080501632,20201120,2,47
16383,6,C,0,202080501232,20201120,2,48
16384,3,B,1,202080502050,20201120,2,49
16385,4,B,0,202064502050,20201120,2,50
16386,3,B,1,202064402050,20201120,2,51
16387,4,B,1,202051402050,20201120,2,52
16388,3,B,0,202051322050,20201120,2,53
16389,4,B,0,202040322050,20201120,2,54
16390,3,B,0,202040252050,20201120,2,55
16391,6,C,1,202080502050,20201120,2,56
16392,5,C,1,202080502040,20201120,2,57
16393,6,C,0,202080501640,20201120,2,58
16394,5,C,1,202080501632,20201120,2,59
16395,6,C,0,202080501232,20201120,2,60
16396,5,C,0,202080501225,20201120,2,61
16397,3,B,1,202080502050,20201120,2,62
16398,4,B,1,202064502050,20201120,2,63
16399,3,B,0,202064402050,20201120,2,64
16400,4,B,0,202051402050,20201120,2,65
16401,3,B,1,202051322050,20201120,2,66
16402,4,B,1,202040322050,20201120,2,67
16403,3,B,0,202040252050,20201120,2,68
16404,4,B,0,202032252050,20201120,2,69
16405,3,B,0,202032202050,20201120,2,70
16406,6,C,0,202080502050,20201120,2,71
16407,5,C,0,202080502040,20201120,2,72
16408,6,C,0,202080501640,20201120,2,73
16409,5,C,0,202080501632,20201120,2,74
16410,4,B,0,202080502050,20201120,2,75
16411,3,B,1,202080402050,20201120,2,76
16412,4,B,1,202064402050,20201120,2,77
16413,3,B,0,202064322050,20201120,2,78
16414,4,B,0,202051322050,20201120,2,79
16415,3,B,1,202051252050,20201120,2,80
16416,1,A,1,202080502050,20201120,2,81
16417,2,A,1,162080502050,20201120,2,82
16418,1,A,0,161680502050,20201120,2,83
16419,2,A,1,121680502050,20201120,2,84
16420,1,A,0,121280502050,20201120,2,85
16421,2,A,1,101280502050,20201120,2,86
16422,1,A,0,101080502050,20201120,2,87
16423,2,A,0,081080502050,20201120,2,88
16424,4,B,0,202080502050,20201120,2,89
16425,3,B,1,202080402050,20201120,2,90
16426,4,B,0,202064402050,20201120,2,91
16427,3,B,1,202064322050,20201120,2,92
16428,4,B,0,202051322050,20201120,2,93
16429,3,B,0,202051252050,20201120,2,94
16430,1,A,0,202080502050,20201120,2,95
16431,2,A,1,162080502050,20201120,2,96
16432,1,A,0,161680502050,20201120,2,97
16433,2,A,0,121680502050,20201120,2,98
16434,3,B,1,202080502050,20201120,2,99
16435,4,B,1,202064502050,20201120,2,100
16436,3,B,1,202064402050,20201120,2,101
16437,4,B,0,202051402050,20201120,2,102
16438,3,B,1,202051322050,20201120,2,103
16439,4,B,0,202040322050,20201120,2,104
16440,3,B,0,202040252050,20201120,2,105
16441,2,A,0,202080502050,20201120,2,106
16442,1,A,1,201680502050,20201120,2,107
16443,2,A,1,161680502050,20201120,2,108
16444,1,A,0,161280502050,20201120,2,109
16445,2,A,0,121280502050,20201120,2,110
16446,4,B,0,202080502050,20201120,2,111
16447,3,B,1,202080402050,20201120,2,112
16448,4,B,0,202064402050,20201120,2,113
16449,3,B,1,202064322050,20201120,2,114
16450,4,B,0,202051322050,20201120,2,115
16451,3,B,0,202051252050,20201120,2,116
16452,2,A,0,202080502050,20201120,2,117
16453,1,A,1,201680502050,20201120,2,118
16454,2,A,0,161680502050,20201120,2,119
16455,1,A,0,161280502050,20201120,2,120
16456,4,B,0,202080502050,20201120,2,121
16457,3,B,1,202080402050,20201120,2,122
16458,4,B,1,202064402050,20201120,2,123
16459,3,B,1,202064322050,20201120,2,124
16460,4,B,0,202051322050,20201120,2,125
16461,3,B,1,202051252050,20201120,2,126
16462,4,B,1,202040252050,20201120,2,127
16463,3,B,0,202040202050,20201120,2,128
16464,4,B,0,202032202050,20201120,2,129
16465,3,B,0,202032162050,20201120,2,130
16466,1,A,0,202080502050,20201120,2,131
16467,2,A,0,162080502050,20201120,2,132
16468,1,A,0,161680502050,20201120,2,133
16469,2,A,0,121680502050,20201120,2,134
16470,4,B,1,202080502050,20201120,2,135
16471,3,B,0,202080402050,20201120,2,136
16472,4,B,0,202064402050,20201120,2,137
16473,3,B,0,202064322050,20201120,2,138
16474,4,B,1,202051322050,20201120,2,139
16475,3,B,1,202051252050,20201120,2,140
16476,4,B,1,202040252050,20201120,2,141
16477,3,B,1,202040202050,20201120,2,142
16478,4,B,0,202032202050,20201120,2,143
16479,3,B,1,202032162050,20201120,2,144
16480,4,B,0,202026162050,20201120,2,145
16481,3,B,0,202026132050,20201120,2,146
16482,6,C,1,202080502050,20201120,2,147
16483,5,C,0,202080502040,20201120,2,148
16484,6,C,1,202080501640,20201120,2,149
16485,3,B,1,202080502050,20201120,2,150
16486,4,B,0,202064502050,20201120,2,151
16487,3,B,0,202064402050,20201120,2,152
16488,4,B,0,202051402050,20201120,2,153
16489,3,B,1,202051322050,20201120,2,154
16490,4,B,0,202040322050,20201120,2,155
16491,3,B,0,202040252050,20201120,2,156
16492,1,A,0,202080502050,20201120,2,157
16493,2,A,0,162080502050,20201120,2,158
16494,1,A,0,161680502050,20201120,2,159
16495,4,B,1,202080502050,20201120,2,160
16496,3,B,0,202080402050,20201120,2,161
16497,4,B,0,202064402050,20201120,2,162
16498,3,B,0,202064322050,20201120,2,163
16499,4,B,0,202051322050,20201120,2,164
16500,3,B,1,202051252050,20201120,2,165
16501,4,B,0,202040252050,20201120,2,166
16502,3,B,0,202040202050,20201120,2,167
16503,1,A,1,202080502050,20201120,2,168
16504,2,A,0,162080502050,20201120,2,169
16505,1,A,0,161680502050,20201120,2,170
16506,4,B,1,202080502050,20201120,2,171
16507,3,B,1,202080402050,20201120,2,172
16508,4,B,0,202064402050,20201120,2,173
16509,3,B,1,202064322050,20201120,2,174
16510,4,B,0,202051322050,20201120,2,175
16511,3,B,0,202051252050,20201120,2,176
16512,4,B,1,202040252050,20201120,2,177
16513,3,B,1,202040202050,20201120,2,178
16514,4,B,0,202032202050,20201120,2,179
16515,3,B,0,202032162050,20201120,2,180
16516,4,B,1,202026162050,20201120,2,181
16517,3,B,1,202026132050,20201120,2,182
16518,4,B,1,202020132050,20201120,2,183
16519,3,B,0,202020102050,20201120,2,184
16520,4,B,0,202016102050,20201120,2,185
16521,3,B,1,202016082050,20201120,2,186
16522,6,C,1,202080502050,20201120,2,187
16523,5,C,0,202080502040,20201120,2,188
16524,6,C,0,202080501640,20201120,2,189
16525,3,B,1,202080502050,20201120,2,190
16526,4,B,1,202064502050,20201120,2,191
16527,3,B,1,202064402050,20201120,2,192
16528,4,B,0,202051402050,20201120,2,193
16529,3,B,0,202051322050,20201120,2,194
16530,4,B,0,202040322050,20201120,2,195
16531,3,B,1,202040252050,20201120,2,196
16532,4,B,0,202032252050,20201120,2,197
16533,3,B,0,202032202050,20201120,2,198
16534,4,B,1,202026202050,20201120,2,199
16535,3,B,1,202026162050,20201120,2,200
16536,4,B,0,202020162050,20201120,2,201
16537,3,B,0,202020132050,20201120,2,202
16538,6,C,0,202080502050,20201120,2,203
16539,5,C,1,202080502040,20201120,2,204
16540,6,C,1,202080501640,20201120,2,205
16541,5,C,0,202080501632,20201120,2,206
16542,6,C,1,202080501232,20201120,2,207
16543,3,B,0,202080502050,20201120,2,208
16544,4,B,0,202064502050,20201120,2,209
16545,3,B,1,202064402050,20201120,2,210
16546,4,B,0,202051402050,20201120,2,211
16547,3,B,1,202051322050,20201120,2,212
16548,4,B,0,202040322050,20201120,2,213
16549,3,B,0,202040252050,20201120,2,214
16550,4,B,0,202032252050,20201120,2,215
16551,3,B,0,202032202050,20201120,2,216
16552,6,C,1,202080502050,20201120,2,217
16553,5,C,0,202080502040,20201120,2,218
16554,6,C,0,202080501640,20201120,2,219
16555,5,C,0,202080501632,20201120,2,220
16556,6,C,0,202080501232,20201120,2,221
16557,3,B,1,202080502050,20201120,2,222
16558,4,B,0,202064502050,20201120,2,223
16559,3,B,0,202064402050,20201120,2,224
16560,4,B,1,202051402050,20201120,2,225
16561,3,B,1,202051322050,20201120,2,226
16562,4,B,0,202040322050,20201120,2,227
16563,3,B,0,202040252050,20201120,2,228
16564,4,B,0,202032252050,20201120,2,229
16565,3,B,1,202032202050,20201120,2,230
16566,6,C,1,202080502050,20201120,2,231
16567,5,C,1,202080502040,20201120,2,232
16568,6,C,1,202080501640,20201120,2,233
16569,5,C,0,202080501632,20201120,2,234
16570,6,C,0,202080501232,20201120,2,235
16571,4,B,1,202080502050,20201120,2,236
16572,3,B,1,202080402050,20201120,2,237
16573,4,B,1,202064402050,20201120,2,238
16574,3,B,1,202064322050,20201120,2,239
16575,4,B,0,202051322050,20201120,2,240
16576,3,B,0,202051252050,20201120,2,241
16577,4,B,0,202040252050,20201120,2,242
16578,3,B,1,202040202050,20201120,2,243
16579,4,B,0,202032202050,20201120,2,244
16580,3,B,0,202032162050,20201120,2,245
16581,6,C,0,202080502050,20201120,2,246
16582,5,C,0,202080502040,20201120,2,247
16583,6,C,0,202080501640,20201120,2,248
16584,4,B,1,202080502050,20201120,2,249
16585,3,B,1,202080402050,20201120,2,250
16586,4,B,1,202064402050,20201120,2,251
16587,3,B,1,202064322050,20201120,2,252
16588,4,B,0,202051322050,20201120,2,253
16589,3,B,1,202051252050,20201120,2,254
16590,4,B,0,202040252050,20201120,2,255
16591,3,B,0,202040202050,20201120,2,256
16592,6,C,1,202080502050,20201120,2,257
16593,5,C,0,202080502040,20201120,2,258
16594,6,C,0,202080501640,20201120,2,259
16595,4,B,1,202080502050,20201120,2,260
16596,6,C,1,202080502050,20201120,2,261
16597,5,C,0,202080502040,20201120,2,262
16598,6,C,1,202080501640,20201120,2,263
16599,4,B,1,202080502050,20201120,2,264
16600,3,B,1,202080402050,20201120,2,265
16601,4,B,1,202064402050,20201120,2,266
16602,3,B,1,202064322050,20201120,2,267
16603,4,B,0,202051322050,20201120,2,268
16604,6,C,1,202080502050,20201120,2,269
16605,3,B,1,202080502050,20201120,2,270
16606,4,B,1,202064502050,20201120,2,271
16607,3,B,1,202064402050,20201120,2,272
16608,4,B,1,202051402050,20201120,2,273
16609,6,C,1,202080502050,20201120,2,274
16610,4,B,1,202080502050,20201120,2,275
16611,3,B,1,202080402050,20201120,2,276
16612,4,B,1,202064402050,20201120,2,277
16613,3,B,1,202064322050,20201120,2,278
16614,4,B,0,202051322050,20201120,2,279
16615,3,B,0,202051252050,20201120,2,280
16616,4,B,1,202040252050,20201120,2,281
16617,6,C,1,202080502050,20201120,2,282
16618,5,C,1,202080502040,20201120,2,283
16619,6,C,1,202080501640,20201120,2,284
16620,4,B,1,202080502050,20201120,2,285
16621,3,B,0,202080402050,20201120,2,286
16622,4,B,0,202064402050,20201120,2,287
16623,3,B,1,202064322050,20201120,2,288
16624,4,B,0,202051322050,20201120,2,289
16625,3,B,0,202051252050,20201120,2,290
16626,6,C,0,202080502050,20201120,2,291
16627,5,C,0,202080502040,20201120,2,292
16628,6,C,0,202080501640,20201120,2,293
16629,4,B,1,202080502050,20201120,2,294
16630,3,B,1,202080402050,20201120,2,295
16631,4,B,0,202064402050,20201120,2,296
16632,3,B,1,202064322050,20201120,2,297
16633,4,B,0,202051322050,20201120,2,298
16634,3,B,1,202051252050,20201120,2,299
16635,4,B,0,508020208020,20201120,3,0
16636,3,B,0,508020168020,20201120,3,1
16637,4,B,0,508016168020,20201120,3,2
16638,1,A,1,508020208020,20201120,3,3
16639,2,A,0,408020208020,20201120,3,4
16640,1,A,0,406420208020,20201120,3,5
16641,5,C,0,508020208020,20201120,3,6
16642,6,C,0,508020206420,20201120,3,7
16643,5,C,1,508020206416,20201120,3,8
16644,6,C,1,508020205116,20201120,3,9
16645,5,C,0,508020205112,20201120,3,10
16646,6,C,0,508020204012,20201120,3,11
16647,5,C,0,508020204010,20201120,3,12
16648,6,C,0,508020203210,20201120,3,13
16649,4,B,0,508020208020,20201120,3,14
16650,3,B,0,508020168020,20201120,3,15
16651,2,A,1,508020208020,20201120,3,16
16652,1,A,1,506420208020,20201120,3,17
16653,2,A,1,406420208020,20201120,3,18
16654,1,A,0,405120208020,20201120,3,19
16655,2,A,1,325120208020,20201120,3,20
16656,1,A,0,324020208020,20201120,3,21
16657,2,A,0,254020208020,20201120,3,22
16658,5,C,0,508020208020,20201120,3,23
16659,6,C,0,508020206420,20201120,3,24
16660,4,B,0,508020208020,20201120,3,25
16661,3,B,0,508020168020,20201120,3,26
16662,1,A,0,508020208020,20201120,3,27
16663,2,A,1,408020208020,20201120,3,28
16664,1,A,1,406420208020,20201120,3,29
16665,2,A,0,326420208020,20201120,3,30
16666,1,A,1,325120208020,20201120,3,31
16667,2,A,0,255120208020,20201120,3,32
16668,1,A,0,254020208020,20201120,3,33
16669,3,B,0,508020208020,20201120,4,0
16670,4,B,1,508016208020,20201120,4,1
16671,3,B,0,508016168020,20201120,4,2
16672,4,B,0,508012168020,20201120,4,3
16673,5,C,0,508020208020,20201120,4,4
16674,6,C,1,508020206420,20201120,4,5
16675,5,C,0,508020206416,20201120,4,6
16676,6,C,0,508020205116,20201120,4,7
16677,1,A,0,508020208020,20201120,4,8
16678,2,A,1,408020208020,20201120,4,9
16679,1,A,0,406420208020,20201120,4,10
16680,2,A,1,326420208020,20201120,4,11
16681,1,A,0,325120208020,20201120,4,12
16682,2,A,1,255120208020,20201120,4,13
16683,4,B,0,508020208020,20201120,4,14
16684,3,B,1,508020168020,20201120,4,15
16685,4,B,1,508016168020,20201120,4,16
16686,6,C,1,508020208020,20201120,4,17
16687,5,C,1,508020208016,20201120,4,18
16688,6,C,0,508020206416,20201120,4,19
16689,5,C,0,508020206412,20201120,4,20
16690,1,A,1,508020208020,20201120,4,21
16691,2,A,1,408020208020,20201120,4,22
16692,1,A,0,406420208020,20201120,4,23
16693,2,A,1,326420208020,20201120,4,24
16694,6,C,0,508020208020,20201120,4,25
16695,5,C,1,508020208016,20201120,4,26
16696,6,C,1,508020206416,20201120,4,27
16697,5,C,0,508020206412,20201120,4,28
16698,3,B,0,508020208020,20201120,4,29
16699,4,B,0,508016208020,20201120,4,30
16700,3,B,0,508016168020,20201120,4,31
16701,2,A,0,508020208020,20201120,4,32
16702,1,A,0,506420208020,20201120,4,33
16703,2,A,1,406420208020,20201120,4,34
16704,6,C,1,508020208020,20201120,4,35
16705,5,C,1,508020208016,20201120,4,36
16706,6,C,0,508020206416,20201120,4,37
16707,5,C,1,508020206412,20201120,4,38
16708,6,C,0,508020205112,20201120,4,39
16709,5,C,1,508020205110,20201120,4,40
16710,1,A,0,508020208020,20201120,4,41
16711,2,A,1,408020208020,20201120,4,42
16712,1,A,0,406420208020,20201120,4,43
16713,2,A,0,326420208020,20201120,4,44
16714,6,C,0,508020208020,20201120,4,45
16715,5,C,0,508020208016,20201120,4,46
16716,6,C,1,508020206416,20201120,4,47
16717,5,C,0,508020206412,20201120,4,48
16718,6,C,1,508020205112,20201120,4,49
16719,2,A,1,508020208020,20201120,4,50
16720,1,A,1,506420208020,20201120,4,51
16721,2,A,0,406420208020,20201120,4,52
16722,1,A,1,405120208020,20201120,4,53
16723,2,A,0,325120208020,20201120,4,54
16724,1,A,1,324020208020,20201120,4,55
16725,2,A,0,254020208020,20201120,4,56
16726,1,A,0,253220208020,20201120,4,57
16727,6,C,0,508020208020,20201120,4,58
16728,5,C,0,508020208016,20201120,4,59
16729,6,C,1,508020206416,20201120,4,60
16730,2,A,1,508020208020,20201120,4,61
16731,1,A,0,506420208020,20201120,4,62
16732,2,A,0,406420208020,20201120,4,63
16733,6,C,0,508020208020,20201120,4,64
16734,5,C,1,508020208016,20201120,4,65
16735,6,C,0,508020206416,20201120,4,66
16736,5,C,1,508020206412,20201120,4,67
16737,6,C,0,508020205112,20201120,4,68
16738,5,C,1,508020205110,20201120,4,69
16739,2,A,1,508020208020,20201120,4,70
16740,1,A,0,506420208020,20201120,4,71
16741,2,A,1,406420208020,20201120,4,72
16742,6,C,1,508020208020,20201120,4,73
16743,5,C,1,508020208016,20201120,4,74
16744,6,C,0,508020206416,20201120,4,75
16745,5,C,0,508020206412,20201120,4,76
16746,1,A,1,508020208020,20201120,4,77
16747,2,A,1,408020208020,20201120,4,78
16748,1,A,0,406420208020,20201120,4,79
16749,2,A,0,326420208020,20201120,4,80
16750,6,C,0,508020208020,20201120,4,81
16751,5,C,1,508020208016,20201120,4,82
16752,6,C,0,508020206416,20201120,4,83
16753,5,C,1,508020206412,20201120,4,84
16754,2,A,1,508020208020,20201120,4,85
16755,1,A,0,506420208020,20201120,4,86
16756,2,A,1,406420208020,20201120,4,87
16757,5,C,1,508020208020,20201120,4,88
16758,6,C,0,508020206420,20201120,4,89
16759,5,C,0,508020206416,20201120,4,90
16760,6,C,1,508020205116,20201120,4,91
16761,5,C,0,508020205112,20201120,4,92
16762,2,A,0,508020208020,20201120,4,93
16763,1,A,1,506420208020,20201120,4,94
16764,2,A,1,406420208020,20201120,4,95
16765,1,A,0,405120208020,20201120,4,96
16766,2,A,1,325120208020,20201120,4,97
16767,5,C,1,508020208020,20201120,4,98
16768,6,C,0,508020206420,20201120,4,99
16769,5,C,0,508020206416,20201120,4,100
16770,2,A,1,508020208020,20201120,4,101
16771,1,A,0,506420208020,20201120,4,102
16772,2,A,1,406420208020,20201120,4,103
16773,6,C,0,508020208020,20201120,4,104
16774,5,C,1,508020208016,20201120,4,105
16775,6,C,0,508020206416,20201120,4,106
16776,5,C,0,508020206412,20201120,4,107
16777,6,C,0,508020205112,20201120,4,108
16778,5,C,1,508020205110,20201120,4,109
16779,2,A,1,508020208020,20201120,4,110
16780,1,A,1,506420208020,20201120,4,111
16781,2,A,1,406420208020,20201120,4,112
16782,6,C,0,508020208020,20201120,4,113
16783,5,C,1,508020208016,20201120,4,114
16784,6,C,0,508020206416,20201120,4,115
16785,5,C,1,508020206412,20201120,4,116
16786,2,A,0,508020208020,20201120,4,117
16787,1,A,0,506420208020,20201120,4,118
16788,2,A,1,406420208020,20201120,4,119
16789,5,C,1,508020208020,20201120,4,120
16790,6,C,0,508020206420,20201120,4,121
16791,5,C,1,508020206416,20201120,4,122
16792,2,A,1,508020208020,20201120,4,123
16793,1,A,1,506420208020,20201120,4,124
16794,2,A,1,406420208020,20201120,4,125
16795,1,A,0,405120208020,20201120,4,126
16796,2,A,0,325120208020,20201120,4,127
16797,5,C,1,508020208020,20201120,4,128
16798,6,C,0,508020206420,20201120,4,129
16799,5,C,0,508020206416,20201120,4,130
16800,2,A,1,508020208020,20201120,4,131
16801,1,A,0,506420208020,20201120,4,132
16802,2,A,1,406420208020,20201120,4,133
16803,5,C,0,508020208020,20201120,4,134
16804,6,C,0,508020206420,20201120,4,135
16805,5,C,1,508020206416,20201120,4,136
16806,6,C,0,508020205116,20201120,4,137
16807,5,C,1,508020205112,20201120,4,138
16808,2,A,1,508020208020,20201120,4,139
16809,1,A,0,506420208020,20201120,4,140
16810,2,A,0,406420208020,20201120,4,141
16811,6,C,0,508020208020,20201120,4,142
16812,5,C,1,508020208016,20201120,4,143
16813,6,C,0,508020206416,20201120,4,144
16814,5,C,1,508020206412,20201120,4,145
16815,2,A,1,508020208020,20201120,4,146
16816,1,A,1,506420208020,20201120,4,147
16817,2,A,0,406420208020,20201120,4,148
16818,1,A,1,405120208020,20201120,4,149
16819,2,A,0,325120208020,20201120,4,150
16820,5,C,1,508020208020,20201120,4,151
16821,6,C,1,508020206420,20201120,4,152
16822,5,C,0,508020206416,20201120,4,153
16823,6,C,0,508020205116,20201120,4,154
16824,5,C,0,508020205112,20201120,4,155
16825,2,A,1,508020208020,20201120,4,156
16826,1,A,1,506420208020,20201120,4,157
16827,2,A,1,406420208020,20201120,4,158
16828,1,A,1,405120208020,20201120,4,159
16829,2,A,0,325120208020,20201120,4,160
16830,1,A,0,324020208020,20201120,4,161
16831,2,A,0,254020208020,20201120,4,162
16832,1,A,0,253220208020,20201120,4,163
16833,2,A,0,203220208020,20201120,4,164
16834,4,B,0,508020208020,20201120,4,165
16835,3,B,0,508020168020,20201120,4,166
16836,6,C,0,508020208020,20201120,4,167
16837,5,C,1,508020208016,20201120,4,168
16838,6,C,0,508020206416,20201120,4,169
16839,5,C,0,508020206412,20201120,4,170
16840,2,A,0,508020208020,20201120,4,171
16841,1,A,1,506420208020,20201120,4,172
16842,2,A,0,406420208020,20201120,4,173
16843,1,A,1,405120208020,20201120,4,174
16844,2,A,1,325120208020,20201120,4,175
16845,1,A,0,324020208020,20201120,4,176
16846,2,A,0,254020208020,20201120,4,177
16847,5,C,1,508020208020,20201120,4,178
16848,6,C,0,508020206420,20201120,4,179
16849,5,C,0,508020206416,20201120,4,180
16850,2,A,1,508020208020,20201120,4,181
16851,1,A,0,506420208020,20201120,4,182
16852,2,A,1,406420208020,20201120,4,183
16853,5,C,1,508020208020,20201120,4,184
16854,6,C,0,508020206420,20201120,4,185
16855,5,C,1,508020206416,20201120,4,186
16856,6,C,1,508020205116,20201120,4,187
16857,5,C,1,508020205112,20201120,4,188
16858,6,C,0,508020204012,20201120,4,189
16859,5,C,1,508020204010,20201120,4,190
16860,2,A,1,508020208020,20201120,4,191
16861,1,A,0,506420208020,20201120,4,192
16862,2,A,0,406420208020,20201120,4,193
16863,1,A,1,405120208020,20201120,4,194
16864,2,A,0,325120208020,20201120,4,195
16865,1,A,1,324020208020,20201120,4,196
16866,2,A,0,254020208020,20201120,4,197
16867,1,A,1,253220208020,20201120,4,198
16868,2,A,0,203220208020,20201120,4,199
16869,1,A,0,202620208020,20201120,4,200
16870,5,C,1,508020208020,20201120,4,201
16871,6,C,0,508020206420,20201120,4,202
16872,5,C,0,508020206416,20201120,4,203
16873,2,A,0,508020208020,20201120,4,204
16874,1,A,1,506420208020,20201120,4,205
16875,2,A,0,406420208020,20201120,4,206
16876,1,A,1,405120208020,20201120,4,207
16877,2,A,1,325120208020,20201120,4,208
16878,1,A,1,324020208020,20201120,4,209
16879,2,A,1,254020208020,20201120,4,210
16880,1,A,0,253220208020,20201120,4,211
16881,2,A,0,203220208020,20201120,4,212
16882,5,C,0,508020208020,20201120,4,213
16883,6,C,0,508020206420,20201120,4,214
16884,5,C,0,508020206416,20201120,4,215
16885,2,A,0,508020208020,20201120,4,216
16886,1,A,0,506420208020,20201120,4,217
16887,2,A,1,406420208020,20201120,4,218
16888,1,A,1,405120208020,20201120,4,219
16889,2,A,1,325120208020,20201120,4,220
16890,1,A,0,324020208020,20201120,4,221
16891,2,A,1,254020208020,20201120,4,222
16892,5,C,1,508020208020,20201120,4,223
16893,6,C,0,508020206420,20201120,4,224
16894,5,C,1,508020206416,20201120,4,225
16895,6,C,0,508020205116,20201120,4,226
16896,5,C,0,508020205112,20201120,4,227
16897,2,A,1,508020208020,20201120,4,228
16898,1,A,0,506420208020,20201120,4,229
16899,2,A,0,406420208020,20201120,4,230
16900,1,A,0,405120208020,20201120,4,231
16901,2,A,1,325120208020,20201120,4,232
16902,5,C,1,508020208020,20201120,4,233
16903,6,C,0,508020206420,20201120,4,234
16904,5,C,1,508020206416,20201120,4,235
16905,2,A,1,508020208020,20201120,4,236
16906,1,A,0,506420208020,20201120,4,237
16907,2,A,0,406420208020,20201120,4,238
16908,1,A,1,405120208020,20201120,4,239
16909,2,A,1,325120208020,20201120,4,240
16910,1,A,0,324020208020,20201120,4,241
16911,2,A,0,254020208020,20201120,4,242
16912,5,C,1,508020208020,20201120,4,243
16913,6,C,0,508020206420,20201120,4,244
16914,5,C,1,508020206416,20201120,4,245
16915,2,A,1,508020208020,20201120,4,246
16916,1,A,0,506420208020,20201120,4,247
16917,2,A,1,406420208020,20201120,4,248
16918,1,A,1,405120208020,20201120,4,249
16919,4,B,1,202080208050,20201120,5,0
16920,3,B,1,202080168050,20201120,5,1
16921,4,B,0,202064168050,20201120,5,2
16922,3,B,0,202064128050,20201120,5,3
16923,4,B,0,202051128050,20201120,5,4
16924,1,A,0,202080208050,20201120,5,5
16925,2,A,1,162080208050,20201120,5,6
16926,1,A,1,161680208050,20201120,5,7
16927,2,A,1,121680208050,20201120,5,8
16928,5,C,1,202080208050,20201120,5,9
16929,6,C,1,202080206450,20201120,5,10
16930,5,C,1,202080206440,20201120,5,11
16931,6,C,1,202080205140,20201120,5,12
16932,5,C,1,202080205132,20201120,5,13
16933,6,C,0,202080204032,20201120,5,14
16934,5,C,0,202080204025,20201120,5,15
16935,2,A,0,202080208050,20201120,5,16
16936,1,A,1,201680208050,20201120,5,17
16937,2,A,1,161680208050,20201120,5,18
16938,1,A,0,161280208050,20201120,5,19
16939,2,A,0,121280208050,20201120,5,20
16940,3,B,1,202080208050,20201120,5,21
16941,4,B,0,202064208050,20201120,5,22
16942,3,B,1,202064168050,20201120,5,23
16943,4,B,0,202051168050,20201120,5,24
16944,3,B,0,202051128050,20201120,5,25
16945,2,A,1,202080208050,20201120,5,26
16946,1,A,0,201680208050,20201120,5,27
16947,2,A,0,161680208050,20201120,5,28
16948,5,C,1,202080208050,20201120,5,29
16949,6,C,1,202080206450,20201120,5,30
16950,5,C,1,202080206440,20201120,5,31
16951,6,C,1,202080205140,20201120,5,32
16952,5,C,1,202080205132,20201120,5,33
16953,6,C,1,202080204032,20201120,5,34
16954,5,C,0,202080204025,20201120,5,35
16955,6,C,0,202080203225,20201120,5,36
16956,5,C,1,202080203220,20201120,5,37
16957,6,C,0,202080202620,20201120,5,38
16958,5,C,0,202080202616,20201120,5,39
16959,1,A,0,202080208050,20201120,5,40
16960,2,A,0,162080208050,20201120,5,41
16961,1,A,0,161680208050,20201120,5,42
16962,2,A,0,121680208050,20201120,5,43
16963,5,C,1,202080208050,20201120,5,44
16964,6,C,0,202080206450,20201120,5,45
16965,5,C,1,202080206440,20201120,5,46
16966,6,C,1,202080205140,20201120,5,47
16967,5,C,0,202080205132,20201120,5,48
16968,6,C,1,202080204032,20201120,5,49
16969,4,B,1,202080208050,20201120,5,50
16970,3,B,0,202080168050,20201120,5,51
16971,4,B,0,202064168050,20201120,5,52
16972,1,A,0,202080208050,20201120,5,53
16973,2,A,0,162080208050,20201120,5,54
16974,5,C,1,202080208050,20201120,5,55
16975,6,C,0,202080206450,20201120,5,56
16976,5,C,1,202080206440,20201120,5,57
16977,6,C,0,202080205140,20201120,5,58
16978,5,C,1,202080205132,20201120,5,59
16979,6,C,0,202080204032,20201120,5,60
16980,5,C,1,202080204025,20201120,5,61
16981,6,C,1,202080203225,20201120,5,62
16982,5,C,1,202080203220,20201120,5,63
16983,6,C,0,202080202620,20201120,5,64
16984,5,C,0,202080202616,20201120,5,65
16985,3,B,1,202080208050,20201120,5,66
16986,4,B,0,202064208050,20201120,5,67
16987,3,B,1,202064168050,20201120,5,68
16988,4,B,0,202051168050,20201120,5,69
16989,3,B,1,202051128050,20201120,5,70
16990,4,B,0,202040128050,20201120,5,71
16991,3,B,1,202040108050,20201120,5,72
16992,5,C,1,202080208050,20201120,5,73
16993,6,C,0,202080206450,20201120,5,74
16994,5,C,1,202080206440,20201120,5,75
16995,6,C,0,202080205140,20201120,5,76
16996,5,C,1,202080205132,20201120,5,77
16997,6,C,0,202080204032,20201120,5,78
16998,5,C,0,202080204025,20201120,5,79
16999,6,C,0,202080203225,20201120,5,80
17000,5,C,1,202080203220,20201120,5,81
17001,1,A,1,202080208050,20201120,5,82
17002,2,A,0,162080208050,20201120,5,83
17003,5,C,1,202080208050,20201120,5,84
17004,6,C,0,202080206450,20201120,5,85
17005,5,C,1,202080206440,20201120,5,86
17006,3,B,0,202080208050,20201120,5,87
17007,4,B,1,202064208050,20201120,5,88
17008,3,B,1,202064168050,20201120,5,89
17009,4,B,1,202051168050,20201120,5,90
17010,3,B,1,202051128050,20201120,5,91
17011,4,B,0,202040128050,20201120,5,92
17012,3,B,0,202040108050,20201120,5,93
17013,5,C,1,202080208050,20201120,5,94
17014,6,C,0,202080206450,20201120,5,95
17015,5,C,1,202080206440,20201120,5,96
17016,1,A,0,202080208050,20201120,5,97
17017,5,C,1,202080208050,20201120,5,98
17018,6,C,1,202080206450,20201120,5,99
17019,5,C,1,202080206440,20201120,5,100
17020,6,C,0,202080205140,20201120,5,101
17021,5,C,1,202080205132,20201120,5,102
17022,6,C,0,202080204032,20201120,5,103
17023,5,C,0,202080204025,20201120,5,104
17024,6,C,0,202080203225,20201120,5,105
17025,5,C,1,202080203220,20201120,5,106
17026,3,B,1,202080208050,20201120,5,107
17027,4,B,0,202064208050,20201120,5,108
17028,3,B,0,202064168050,20201120,5,109
17029,5,C,1,202080208050,20201120,5,110
17030,6,C,0,202080206450,20201120,5,111
17031,5,C,1,202080206440,20201120,5,112
17032,1,A,0,202080208050,20201120,5,113
17033,5,C,1,202080208050,20201120,5,114
17034,6,C,0,202080206450,20201120,5,115
17035,5,C,1,202080206440,20201120,5,116
17036,6,C,1,202080205140,20201120,5,117
17037,5,C,1,202080205132,20201120,5,118
17038,6,C,0,202080204032,20201120,5,119
17039,5,C,0,202080204025,20201120,5,120
17040,3,B,1,202080208050,20201120,5,121
17041,4,B,0,202064208050,20201120,5,122
17042,3,B,1,202064168050,20201120,5,123
17043,5,C,1,202080208050,20201120,5,124
17044,6,C,1,202080206450,20201120,5,125
17045,5,C,1,202080206440,20201120,5,126
17046,6,C,0,202080205140,20201120,5,127
17047,5,C,0,202080205132,20201120,5,128
17048,6,C,0,202080204032,20201120,5,129
17049,5,C,1,202080204025,20201120,5,130
17050,6,C,0,202080203225,20201120,5,131
17051,5,C,0,202080203220,20201120,5,132
17052,3,B,1,202080208050,20201120,5,133
17053,4,B,0,202064208050,20201120,5,134
17054,3,B,0,202064168050,20201120,5,135
17055,5,C,0,202080208050,20201120,5,136
17056,6,C,0,202080206450,20201120,5,137
17057,5,C,1,202080206440,20201120,5,138
17058,3,B,1,202080208050,20201120,5,139
17059,4,B,0,202064208050,20201120,5,140
17060,3,B,1,202064168050,20201120,5,141
17061,5,C,1,202080208050,20201120,5,142
17062,6,C,0,202080206450,20201120,5,143
17063,5,C,1,202080206440,20201120,5,144
17064,6,C,0,202080205140,20201120,5,145
17065,5,C,1,202080205132,20201120,5,146
17066,3,B,1,202080208050,20201120,5,147
17067,4,B,0,202064208050,20201120,5,148
17068,3,B,1,202064168050,20201120,5,149
17069,5,C,1,202080208050,20201120,5,150
17070,6,C,1,202080206450,20201120,5,151
17071,5,C,1,202080206440,20201120,5,152
17072,6,C,0,202080205140,20201120,5,153
17073,5,C,0,202080205132,20201120,5,154
17074,1,A,0,202080208050,20201120,5,155
17075,5,C,1,202080208050,20201120,5,156
17076,6,C,0,202080206450,20201120,5,157
17077,5,C,0,202080206440,20201120,5,158
17078,6,C,1,202080205140,20201120,5,159
17079,5,C,1,202080205132,20201120,5,160
17080,6,C,0,202080204032,20201120,5,161
17081,5,C,1,202080204025,20201120,5,162
17082,3,B,0,202080208050,20201120,5,163
17083,4,B,0,202064208050,20201120,5,164
17084,3,B,0,202064168050,20201120,5,165
17085,5,C,1,202080208050,20201120,5,166
17086,6,C,1,202080206450,20201120,5,167
17087,5,C,1,202080206440,20201120,5,168
17088,6,C,1,202080205140,20201120,5,169
17089,5,C,0,202080205132,20201120,5,170
17090,6,C,0,202080204032,20201120,5,171
17091,5,C,0,202080204025,20201120,5,172
17092,6,C,0,202080203225,20201120,5,173
17093,5,C,0,202080203220,20201120,5,174
17094,3,B,1,202080208050,20201120,5,175
17095,5,C,1,202080208050,20201120,5,176
17096,6,C,1,202080206450,20201120,5,177
17097,5,C,1,202080206440,20201120,5,178
17098,6,C,0,202080205140,20201120,5,179
17099,5,C,1,202080205132,20201120,5,180
17100,6,C,0,202080204032,20201120,5,181
17101,5,C,0,202080204025,20201120,5,182
17102,3,B,0,202080208050,20201120,5,183
17103,5,C,0,202080208050,20201120,5,184
17104,6,C,0,202080206450,20201120,5,185
17105,5,C,1,202080206440,20201120,5,186
17106,6,C,0,202080205140,20201120,5,187
17107,5,C,0,202080205132,20201120,5,188
17108,6,C,0,202080204032,20201120,5,189
17109,5,C,0,202080204025,20201120,5,190
17110,3,B,0,202080208050,20201120,5,191
17111,4,B,0,202064208050,20201120,5,192
17112,3,B,0,202064168050,20201120,5,193
17113,5,C,1,202080208050,20201120,5,194
17114,6,C,0,202080206450,20201120,5,195
17115,5,C,0,202080206440,20201120,5,196
17116,6,C,0,202080205140,20201120,5,197
17117,5,C,0,202080205132,20201120,5,198
17118,2,A,0,202080208050,20201120,5,199
17119,1,A,1,201680208050,20201120,5,200
17120,2,A,0,161680208050,20201120,5,201
17121,1,A,0,161280208050,20201120,5,202
17122,2,A,1,121280208050,20201120,5,203
17123,1,A,0,121080208050,20201120,5,204
17124,2,A,0,101080208050,20201120,5,205
17125,5,C,1,202080208050,20201120,5,206
17126,6,C,1,202080206450,20201120,5,207
17127,5,C,0,202080206440,20201120,5,208
17128,6,C,0,202080205140,20201120,5,209
17129,5,C,0,202080205132,20201120,5,210
17130,6,C,0,202080204032,20201120,5,211
17131,5,C,0,202080204025,20201120,5,212
17132,1,A,0,202080208050,20201120,5,213
17133,2,A,0,162080208050,20201120,5,214
17134,1,A,0,161680208050,20201120,5,215
17135,5,C,1,202080208050,20201120,5,216
17136,6,C,1,202080206450,20201120,5,217
17137,5,C,0,202080206440,20201120,5,218
17138,6,C,0,202080205140,20201120,5,219
17139,5,C,0,202080205132,20201120,5,220
17140,6,C,1,202080204032,20201120,5,221
17141,1,A,0,202080208050,20201120,5,222
17142,2,A,1,162080208050,20201120,5,223
17143,3,B,1,202080208050,20201120,5,224
17144,4,B,1,202064208050,20201120,5,225
17145,3,B,1,202064168050,20201120,5,226
17146,4,B,0,202051168050,20201120,5,227
17147,3,B,0,202051128050,20201120,5,228
17148,5,C,1,202080208050,20201120,5,229
17149,6,C,0,202080206450,20201120,5,230
17150,5,C,1,202080206440,20201120,5,231
17151,6,C,0,202080205140,20201120,5,232
17152,5,C,1,202080205132,20201120,5,233
17153,6,C,1,202080204032,20201120,5,234
17154,5,C,0,202080204025,20201120,5,235
17155,6,C,0,202080203225,20201120,5,236
17156,5,C,0,202080203220,20201120,5,237
17157,3,B,1,202080208050,20201120,5,238
17158,4,B,0,202064208050,20201120,5,239
17159,3,B,1,202064168050,20201120,5,240
17160,5,C,1,202080208050,20201120,5,241
17161,6,C,0,202080206450,20201120,5,242
17162,5,C,1,202080206440,20201120,5,243
17163,6,C,1,202080205140,20201120,5,244
17164,5,C,0,202080205132,20201120,5,245
17165,6,C,1,202080204032,20201120,5,246
17166,5,C,0,202080204025,20201120,5,247
17167,6,C,0,202080203225,20201120,5,248
17168,3,B,1,202080208050,20201120,5,249
17169,5,C,1,202080208050,20201120,5,250
17170,6,C,0,202080206450,20201120,5,251
17171,5,C,1,202080206440,20201120,5,252
17172,6,C,0,202080205140,20201120,5,253
17173,5,C,0,202080205132,20201120,5,254
17174,6,C,1,202080204032,20201120,5,255
17175,3,B,1,202080208050,20201120,5,256
17176,4,B,0,202064208050,20201120,5,257
17177,3,B,0,202064168050,20201120,5,258
17178,5,C,1,202080208050,20201120,5,259
17179,6,C,0,202080206450,20201120,5,260
17180,5,C,0,202080206440,20201120,5,261
17181,6,C,0,202080205140,20201120,5,262
17182,5,C,0,202080205132,20201120,5,263
17183,2,A,0,202080208050,20201120,5,264
17184,1,A,0,201680208050,20201120,5,265
17185,2,A,0,161680208050,20201120,5,266
17186,5,C,1,202080208050,20201120,5,267
17187,6,C,0,202080206450,20201120,5,268
17188,5,C,1,202080206440,20201120,5,269
17189,6,C,0,202080205140,20201120,5,270
17190,5,C,0,202080205132,20201120,5,271
17191,6,C,0,202080204032,20201120,5,272
17192,5,C,0,202080204025,20201120,5,273
17193,6,C,0,202080203225,20201120,5,274
17194,3,B,1,202080208050,20201120,5,275
17195,5,C,1,202080208050,20201120,5,276
17196,6,C,1,202080206450,20201120,5,277
17197,5,C,0,202080206440,20201120,5,278
17198,6,C,1,202080205140,20201120,5,279
17199,5,C,1,202080205132,20201120,5,280
17200,6,C,0,202080204032,20201120,5,281
17201,5,C,0,202080204025,20201120,5,282
17202,6,C,0,202080203225,20201120,5,283
17203,1,A,1,202080208050,20201120,5,284
17204,4,B,0,802020202050,20201120,6,0
17205,3,B,0,802020162050,20201120,6,1
17206,4,B,0,802016162050,20201120,6,2
17207,1,A,1,802020202050,20201120,6,3
17208,2,A,0,642020202050,20201120,6,4
17209,1,A,0,641620202050,20201120,6,5
17210,2,A,0,511620202050,20201120,6,6
17211,5,C,0,802020202050,20201120,6,7
17212,6,C,0,802020201650,20201120,6,8
17213,5,C,0,802020201640,20201120,6,9
17214,6,C,0,802020201240,20201120,6,10
17215,5,C,0,802020201232,20201120,6,11
17216,3,B,0,802020202050,20201120,6,12
17217,1,A,0,802020202050,20201120,6,13
17218,2,A,0,642020202050,20201120,6,14
17219,1,A,1,641620202050,20201120,6,15
17220,3,B,0,802020202050,20201120,6,16
17221,4,B,0,802016202050,20201120,6,17
17222,3,B,0,802016162050,20201120,6,18
17223,4,B,0,802012162050,20201120,6,19
17224,6,C,1,802020202050,20201120,6,20
17225,5,C,1,802020202040,20201120,6,21
17226,6,C,1,802020201640,20201120,6,22
17227,5,C,0,802020201632,20201120,6,23
17228,6,C,1,802020201232,20201120,6,24
17229,5,C,0,802020201225,20201120,6,25
17230,6,C,0,802020201025,20201120,6,26
17231,1,A,1,802020202050,20201120,6,27
17232,2,A,0,642020202050,20201120,6,28
17233,1,A,1,641620202050,20201120,6,29
17234,2,A,0,511620202050,20201120,6,30
17235,1,A,1,511220202050,20201120,6,31
17236,2,A,0,401220202050,20201120,6,32
17237,1,A,1,401020202050,20201120,6,33
17238,5,C,0,802020202050,20201120,6,34
17239,6,C,1,802020201650,20201120,6,35
17240,5,C,0,802020201640,20201120,6,36
17241,6,C,1,802020201240,20201120,6,37
17242,1,A,1,802020202050,20201120,6,38
17243,2,A,0,642020202050,20201120,6,39
17244,1,A,1,641620202050,20201120,6,40
17245,2,A,1,511620202050,20201120,6,41
17246,1,A,1,511220202050,20201120,6,42
17247,2,A,0,401220202050,20201120,6,43
17248,1,A,1,401020202050,20201120,6,44
17249,2,A,0,321020202050,20201120,6,45
17250,1,A,1,320820202050,20201120,6,46
17251,5,C,1,802020202050,20201120,6,47
17252,6,C,0,802020201650,20201120,6,48
17253,5,C,0,802020201640,20201120,6,49
17254,6,C,0,802020201240,20201120,6,50
17255,1,A,1,802020202050,20201120,6,51
17256,2,A,1,642020202050,20201120,6,52
17257,1,A,0,641620202050,20201120,6,53
17258,2,A,0,511620202050,20201120,6,54
17259,1,A,1,511220202050,20201120,6,55
17260,2,A,0,401220202050,20201120,6,56
17261,1,A,0,401020202050,20201120,6,57
17262,5,C,1,802020202050,20201120,6,58
17263,6,C,0,802020201650,20201120,6,59
17264,5,C,0,802020201640,20201120,6,60
17265,6,C,1,802020201240,20201120,6,61
17266,1,A,0,802020202050,20201120,6,62
17267,2,A,1,642020202050,20201120,6,63
17268,1,A,1,641620202050,20201120,6,64
17269,2,A,0,511620202050,20201120,6,65
17270,1,A,0,511220202050,20201120,6,66
17271,5,C,0,802020202050,20201120,6,67
17272,6,C,1,802020201650,20201120,6,68
17273,1,A,0,802020202050,20201120,6,69
17274,2,A,0,642020202050,20201120,6,70
17275,1,A,1,641620202050,20201120,6,71
17276,6,C,1,802020202050,20201120,6,72
17277,5,C,1,802020202040,20201120,6,73
17278,6,C,0,802020201640,20201120,6,74
17279,5,C,0,802020201632,20201120,6,75
17280,6,C,1,802020201232,20201120,6,76
17281,1,A,1,802020202050,20201120,6,77
17282,6,C,1,802020202050,20201120,6,78
17283,5,C,1,802020202040,20201120,6,79
17284,6,C,1,802020201640,20201120,6,80
17285,5,C,0,802020201632,20201120,6,81
17286,6,C,0,802020201232,20201120,6,82
17287,1,A,1,802020202050,20201120,6,83
17288,6,C,1,802020202050,20201120,6,84
17289,5,C,0,802020202040,20201120,6,85
17290,6,C,0,802020201640,20201120,6,86
17291,1,A,1,802020202050,20201120,6,87
17292,6,C,1,802020202050,20201120,6,88
17293,5,C,0,802020202040,20201120,6,89
17294,6,C,1,802020201640,20201120,6,90
17295,1,A,1,802020202050,20201120,6,91
17296,2,A,0,642020202050,20201120,6,92
17297,1,A,1,641620202050,20201120,6,93
17298,6,C,0,802020202050,20201120,6,94
17299,5,C,0,802020202040,20201120,6,95
17300,6,C,0,802020201640,20201120,6,96
17301,1,A,1,802020202050,20201120,6,97
17302,6,C,1,802020202050,20201120,6,98
17303,5,C,0,802020202040,20201120,6,99
17304,6,C,0,802020201640,20201120,6,100
17305,1,A,1,802020202050,20201120,6,101
17306,6,C,1,802020202050,20201120,6,102
17307,1,A,1,802020202050,20201120,6,103
17308,2,A,0,642020202050,20201120,6,104
17309,1,A,0,641620202050,20201120,6,105
17310,6,C,1,802020202050,20201120,6,106
17311,5,C,0,802020202040,20201120,6,107
17312,6,C,1,802020201640,20201120,6,108
17313,1,A,0,802020202050,20201120,6,109
17314,2,A,1,642020202050,20201120,6,110
17315,1,A,0,641620202050,20201120,6,111
17316,2,A,0,511620202050,20201120,6,112
17317,1,A,1,511220202050,20201120,6,113
17318,6,C,0,802020202050,20201120,6,114
17319,5,C,0,802020202040,20201120,6,115
17320,6,C,0,802020201640,20201120,6,116
17321,1,A,1,802020202050,20201120,6,117
17322,6,C,1,802020202050,20201120,6,118
17323,1,A,1,802020202050,20201120,6,119
17324,6,C,0,802020202050,20201120,6,120
17325,5,C,0,802020202040,20201120,6,121
17326,6,C,0,802020201640,20201120,6,122
17327,1,A,1,802020202050,20201120,6,123
17328,6,C,1,802020202050,20201120,6,124
17329,5,C,0,802020202040,20201120,6,125
17330,6,C,0,802020201640,20201120,6,126
17331,1,A,1,802020202050,20201120,6,127
17332,6,C,1,802020202050,20201120,6,128
17333,5,C,0,802020202040,20201120,6,129
17334,6,C,1,802020201640,20201120,6,130
17335,1,A,1,802020202050,20201120,6,131
17336,6,C,1,802020202050,20201120,6,132
17337,1,A,1,802020202050,20201120,6,133
17338,6,C,0,802020202050,20201120,6,134
17339,5,C,0,802020202040,20201120,6,135
17340,6,C,0,802020201640,20201120,6,136
17341,1,A,1,802020202050,20201120,6,137
17342,6,C,0,802020202050,20201120,6,138
17343,5,C,0,802020202040,20201120,6,139
17344,6,C,1,802020201640,20201120,6,140
17345,1,A,1,802020202050,20201120,6,141
17346,2,A,1,642020202050,20201120,6,142
17347,1,A,1,641620202050,20201120,6,143
17348,2,A,1,511620202050,20201120,6,144
17349,1,A,0,511220202050,20201120,6,145
17350,2,A,0,401220202050,20201120,6,146
17351,1,A,0,401020202050,20201120,6,147
17352,2,A,0,321020202050,20201120,6,148
17353,1,A,0,320820202050,20201120,6,149
17354,3,B,0,802020202050,20201120,6,150
17355,4,B,0,802016202050,20201120,6,151
17356,3,B,0,802016162050,20201120,6,152
17357,6,C,1,802020202050,20201120,6,153
17358,5,C,1,802020202040,20201120,6,154
17359,6,C,0,802020201640,20201120,6,155
17360,5,C,1,802020201632,20201120,6,156
17361,6,C,0,802020201232,20201120,6,157
17362,5,C,0,802020201225,20201120,6,158
17363,6,C,0,802020201025,20201120,6,159
17364,1,A,1,802020202050,20201120,6,160
17365,6,C,0,802020202050,20201120,6,161
17366,5,C,0,802020202040,20201120,6,162
17367,6,C,1,802020201640,20201120,6,163
17368,1,A,1,802020202050,20201120,6,164
17369,2,A,0,642020202050,20201120,6,165
17370,1,A,1,641620202050,20201120,6,166
17371,6,C,1,802020202050,20201120,6,167
17372,5,C,1,802020202040,20201120,6,168
17373,6,C,0,802020201640,20201120,6,169
17374,5,C,0,802020201632,20201120,6,170
17375,6,C,1,802020201232,20201120,6,171
17376,1,A,1,802020202050,20201120,6,172
17377,2,A,0,642020202050,20201120,6,173
17378,1,A,0,641620202050,20201120,6,174
17379,6,C,1,802020202050,20201120,6,175
17380,5,C,0,802020202040,20201120,6,176
17381,6,C,1,802020201640,20201120,6,177
17382,1,A,1,802020202050,20201120,6,178
17383,2,A,0,642020202050,20201120,6,179
17384,1,A,1,641620202050,20201120,6,180
17385,6,C,1,802020202050,20201120,6,181
17386,5,C,0,802020202040,20201120,6,182
17387,6,C,1,802020201640,20201120,6,183
17388,1,A,1,802020202050,20201120,6,184
17389,6,C,0,802020202050,20201120,6,185
17390,5,C,0,802020202040,20201120,6,186
17391,6,C,0,802020201640,20201120,6,187
17392,1,A,1,802020202050,20201120,6,188
17393,6,C,0,802020202050,20201120,6,189
17394,5,C,0,802020202040,20201120,6,190
17395,6,C,0,802020201640,20201120,6,191
17396,1,A,1,802020202050,20201120,6,192
17397,2,A,0,642020202050,20201120,6,193
17398,1,A,0,641620202050,20201120,6,194
17399,6,C,1,802020202050,20201120,6,195
17400,5,C,0,802020202040,20201120,6,196
17401,6,C,0,802020201640,20201120,6,197
17402,1,A,1,802020202050,20201120,6,198
17403,6,C,1,802020202050,20201120,6,199
17404,1,A,1,802020202050,20201120,6,200
17405,2,A,0,642020202050,20201120,6,201
17406,1,A,1,641620202050,20201120,6,202
17407,6,C,1,802020202050,20201120,6,203
17408,5,C,0,802020202040,20201120,6,204
17409,6,C,1,802020201640,20201120,6,205
17410,1,A,0,802020202050,20201120,6,206
17411,2,A,1,642020202050,20201120,6,207
17412,1,A,1,641620202050,20201120,6,208
17413,6,C,0,802020202050,20201120,6,209
17414,1,A,1,802020202050,20201120,6,210
17415,6,C,0,802020202050,20201120,6,211
17416,5,C,1,802020202040,20201120,6,212
17417,6,C,1,802020201640,20201120,6,213
17418,5,C,0,802020201632,20201120,6,214
17419,6,C,1,802020201232,20201120,6,215
17420,1,A,1,802020202050,20201120,6,216
17421,6,C,1,802020202050,20201120,6,217
17422,5,C,0,802020202040,20201120,6,218
17423,6,C,1,802020201640,20201120,6,219
17424,1,A,0,802020202050,20201120,6,220
17425,6,C,0,802020202050,20201120,6,221
17426,1,A,1,802020202050,20201120,6,222
17427,2,A,1,642020202050,20201120,6,223
17428,1,A,1,641620202050,20201120,6,224
17429,2,A,1,511620202050,20201120,6,225
17430,1,A,0,511220202050,20201120,6,226
17431,2,A,1,401220202050,20201120,6,227
17432,1,A,0,401020202050,20201120,6,228
17433,2,A,0,321020202050,20201120,6,229
17434,1,A,1,320820202050,20201120,6,230
17435,2,A,0,260820202050,20201120,6,231
17436,1,A,0,260620202050,20201120,6,232
17437,6,C,1,802020202050,20201120,6,233
17438,5,C,0,802020202040,20201120,6,234
17439,6,C,1,802020201640,20201120,6,235
17440,1,A,1,802020202050,20201120,6,236
17441,2,A,0,642020202050,20201120,6,237
17442,1,A,1,641620202050,20201120,6,238
17443,6,C,1,802020202050,20201120,6,239
17444,5,C,0,802020202040,20201120,6,240
17445,6,C,0,802020201640,20201120,6,241
17446,1,A,1,802020202050,20201120,6,242
17447,6,C,1,802020202050,20201120,6,243
17448,5,C,0,802020202040,20201120,6,244
17449,6,C,0,802020201640,20201120,6,245
17450,1,A,1,802020202050,20201120,6,246
17451,2,A,0,642020202050,20201120,6,247
17452,1,A,1,641620202050,20201120,6,248
17453,6,C,1,802020202050,20201120,6,249
17454,5,C,0,802020202040,20201120,6,250
17455,6,C,1,802020201640,20201120,6,251
17456,1,A,1,802020202050,20201120,6,252
17457,6,C,1,802020202050,20201120,6,253
17458,5,C,0,802020202040,20201120,6,254
17459,6,C,0,802020201640,20201120,6,255
17460,1,A,1,802020202050,20201120,6,256
17461,2,A,0,642020202050,20201120,6,257
17462,1,A,0,641620202050,20201120,6,258
17463,6,C,1,802020202050,20201120,6,259
17464,5,C,0,802020202040,20201120,6,260
17465,6,C,1,802020201640,20201120,6,261
17466,1,A,0,802020202050,20201120,6,262
17467,2,A,0,642020202050,20201120,6,263
17468,1,A,0,641620202050,20201120,6,264
17469,6,C,0,802020202050,20201120,6,265
17470,1,A,1,802020202050,20201120,6,266
17471,6,C,0,802020202050,20201120,6,267
17472,5,C,1,802020202040,20201120,6,268
17473,6,C,0,802020201640,20201120,6,269
17474,5,C,1,802020201632,20201120,6,270
17475,6,C,1,802020201232,20201120,6,271
17476,1,A,1,802020202050,20201120,6,272
17477,2,A,0,642020202050,20201120,6,273
17478,1,A,1,641620202050,20201120,6,274
17479,6,C,1,802020202050,20201120,6,275
17480,5,C,0,802020202040,20201120,6,276
17481,6,C,0,802020201640,20201120,6,277
17482,5,C,1,802020201632,20201120,6,278
17483,6,C,1,802020201232,20201120,6,279
17484,1,A,0,802020202050,20201120,6,280
17485,2,A,0,642020202050,20201120,6,281
17486,1,A,0,641620202050,20201120,6,282
17487,6,C,0,802020202050,20201120,6,283
17488,5,C,0,802020202040,20201120,6,284
17489,6,C,1,802020201640,20201120,6,285
17490,1,A,1,802020202050,20201120,6,286
17491,6,C,0,802020202050,20201120,6,287
17492,5,C,1,802020202040,20201120,6,288
17493,6,C,1,802020201640,20201120,6,289
17494,5,C,1,802020201632,20201120,6,290
17495,6,C,1,802020201232,20201120,6,291
17496,5,C,1,802020201225,20201120,6,292
17497,6,C,1,802020201025,20201120,6,293
17498,5,C,0,802020201020,20201120,6,294
17499,6,C,0,802020200820,20201120,6,295
17500,5,C,0,802020200816,20201120,6,296
17501,6,C,0,802020200616,20201120,6,297
17502,1,A,1,802020202050,20201120,6,298
17503,6,C,0,802020202050,20201120,6,299
17504,4,B,0,508020502020,20201121,1,0
17505,3,B,0,508020402020,20201121,1,1
17506,4,B,0,508016402020,20201121,1,2
17507,1,A,0,508020502020,20201121,1,3
17508,2,A,1,408020502020,20201121,1,4
17509,1,A,0,406420502020,20201121,1,5
17510,6,C,0,508020502020,20201121,1,6
17511,5,C,0,508020502016,20201121,1,7
17512,3,B,0,508020502020,20201121,1,8
17513,4,B,1,508016502020,20201121,1,9
17514,3,B,0,508016402020,20201121,1,10
17515,4,B,1,508012402020,20201121,1,11
17516,2,A,1,508020502020,20201121,1,12
17517,1,A,0,506420502020,20201121,1,13
17518,2,A,1,406420502020,20201121,1,14
17519,1,A,1,405120502020,20201121,1,15
17520,2,A,1,325120502020,20201121,1,16
17521,6,C,1,508020502020,20201121,1,17
17522,5,C,0,508020502016,20201121,1,18
17523,6,C,1,508020501616,20201121,1,19
17524,5,C,0,508020501612,20201121,1,20
17525,6,C,1,508020501212,20201121,1,21
17526,4,B,0,508020502020,20201121,1,22
17527,3,B,0,508020402020,20201121,1,23
17528,4,B,0,508016402020,20201121,1,24
17529,2,A,1,508020502020,20201121,1,25
17530,1,A,1,506420502020,20201121,1,26
17531,2,A,0,406420502020,20201121,1,27
17532,1,A,0,405120502020,20201121,1,28
17533,2,A,1,325120502020,20201121,1,29
17534,1,A,0,324020502020,20201121,1,30
17535,2,A,0,254020502020,20201121,1,31
17536,6,C,0,508020502020,20201121,1,32
17537,5,C,0,508020502016,20201121,1,33
17538,6,C,0,508020501616,20201121,1,34
17539,4,B,1,508020502020,20201121,1,35
17540,3,B,0,508020402020,20201121,1,36
17541,4,B,0,508016402020,20201121,1,37
17542,2,A,1,508020502020,20201121,1,38
17543,1,A,1,506420502020,20201121,1,39
17544,2,A,1,406420502020,20201121,1,40
17545,1,A,0,405120502020,20201121,1,41
17546,2,A,0,325120502020,20201121,1,42
17547,1,A,0,324020502020,20201121,1,43
17548,2,A,0,254020502020,20201121,1,44
17549,5,C,0,508020502020,20201121,1,45
17550,6,C,1,508020501620,20201121,1,46
17551,5,C,0,508020501616,20201121,1,47
17552,6,C,0,508020501216,20201121,1,48
17553,2,A,0,508020502020,20201121,1,49
17554,1,A,1,506420502020,20201121,1,50
17555,2,A,1,406420502020,20201121,1,51
17556,3,B,0,508020502020,20201121,1,52
17557,4,B,0,508016502020,20201121,1,53
17558,2,A,1,508020502020,20201121,1,54
17559,1,A,0,506420502020,20201121,1,55
17560,2,A,1,406420502020,20201121,1,56
17561,5,C,0,508020502020,20201121,1,57
17562,6,C,0,508020501620,20201121,1,58
17563,2,A,1,508020502020,20201121,1,59
17564,1,A,1,506420502020,20201121,1,60
17565,2,A,1,406420502020,20201121,1,61
17566,5,C,1,508020502020,20201121,1,62
17567,6,C,0,508020501620,20201121,1,63
17568,5,C,0,508020501616,20201121,1,64
17569,2,A,1,508020502020,20201121,1,65
17570,1,A,1,506420502020,20201121,1,66
17571,2,A,1,406420502020,20201121,1,67
17572,4,B,1,508020502020,20201121,1,68
17573,3,B,0,508020402020,20201121,1,69
17574,2,A,1,508020502020,20201121,1,70
17575,1,A,1,506420502020,20201121,1,71
17576,2,A,1,406420502020,20201121,1,72
17577,1,A,0,405120502020,20201121,1,73
17578,2,A,1,325120502020,20201121,1,74
17579,6,C,1,508020502020,20201121,1,75
17580,5,C,0,508020502016,20201121,1,76
17581,6,C,0,508020501616,20201121,1,77
17582,2,A,0,508020502020,20201121,1,78
17583,1,A,0,506420502020,20201121,1,79
17584,2,A,1,406420502020,20201121,1,80
17585,4,B,0,508020502020,20201121,1,81
17586,3,B,1,508020402020,20201121,1,82
17587,4,B,0,508016402020,20201121,1,83
17588,3,B,0,508016322020,20201121,1,84
17589,2,A,1,508020502020,20201121,1,85
17590,1,A,1,506420502020,20201121,1,86
17591,2,A,1,406420502020,20201121,1,87
17592,1,A,0,405120502020,20201121,1,88
17593,2,A,1,325120502020,20201121,1,89
17594,1,A,0,324020502020,20201121,1,90
17595,2,A,1,254020502020,20201121,1,91
17596,6,C,0,508020502020,20201121,1,92
17597,5,C,1,508020502016,20201121,1,93
17598,6,C,0,508020501616,20201121,1,94
17599,5,C,0,508020501612,20201121,1,95
17600,2,A,0,508020502020,20201121,1,96
17601,1,A,1,506420502020,20201121,1,97
17602,2,A,1,406420502020,20201121,1,98
17603,1,A,0,405120502020,20201121,1,99
17604,2,A,0,325120502020,20201121,1,100
17605,4,B,0,508020502020,20201121,1,101
17606,3,B,0,508020402020,20201121,1,102
17607,4,B,1,508016402020,20201121,1,103
17608,2,A,1,508020502020,20201121,1,104
17609,1,A,1,506420502020,20201121,1,105
17610,2,A,1,406420502020,20201121,1,106
17611,1,A,0,405120502020,20201121,1,107
17612,2,A,0,325120502020,20201121,1,108
17613,1,A,1,324020502020,20201121,1,109
17614,2,A,1,254020502020,20201121,1,110
17615,1,A,0,253220502020,20201121,1,111
17616,2,A,0,203220502020,20201121,1,112
17617,6,C,1,508020502020,20201121,1,113
17618,5,C,0,508020502016,20201121,1,114
17619,6,C,0,508020501616,20201121,1,115
17620,2,A,1,508020502020,20201121,1,116
17621,1,A,0,506420502020,20201121,1,117
17622,2,A,1,406420502020,20201121,1,118
17623,1,A,0,405120502020,20201121,1,119
17624,2,A,0,325120502020,20201121,1,120
17625,5,C,0,508020502020,20201121,1,121
17626,6,C,0,508020501620,20201121,1,122
17627,2,A,1,508020502020,20201121,1,123
17628,1,A,1,506420502020,20201121,1,124
17629,2,A,1,406420502020,20201121,1,125
17630,1,A,1,405120502020,20201121,1,126
17631,2,A,0,325120502020,20201121,1,127
17632,1,A,0,324020502020,20201121,1,128
17633,2,A,0,254020502020,20201121,1,129
17634,1,A,0,253220502020,20201121,1,130
17635,2,A,0,203220502020,20201121,1,131
17636,1,A,0,202620502020,20201121,1,132
17637,2,A,1,162620502020,20201121,1,133
17638,1,A,0,162020502020,20201121,1,134
17639,2,A,0,132020502020,20201121,1,135
17640,4,B,0,508020502020,20201121,1,136
17641,2,A,1,508020502020,20201121,1,137
17642,1,A,0,506420502020,20201121,1,138
17643,2,A,0,406420502020,20201121,1,139
17644,1,A,1,405120502020,20201121,1,140
17645,2,A,1,325120502020,20201121,1,141
17646,1,A,0,324020502020,20201121,1,142
17647,2,A,1,254020502020,20201121,1,143
17648,6,C,0,508020502020,20201121,1,144
17649,5,C,0,508020502016,20201121,1,145
17650,6,C,0,508020501616,20201121,1,146
17651,2,A,1,508020502020,20201121,1,147
17652,1,A,0,506420502020,20201121,1,148
17653,2,A,0,406420502020,20201121,1,149
17654,3,B,0,508020502020,20201121,1,150
17655,4,B,1,508016502020,20201121,1,151
17656,3,B,0,508016402020,20201121,1,152
17657,4,B,1,508012402020,20201121,1,153
17658,3,B,0,508012322020,20201121,1,154
17659,4,B,1,508010322020,20201121,1,155
17660,3,B,0,508010252020,20201121,1,156
17661,4,B,0,508008252020,20201121,1,157
17662,2,A,1,508020502020,20201121,1,158
17663,1,A,1,506420502020,20201121,1,159
17664,2,A,1,406420502020,20201121,1,160
17665,1,A,1,405120502020,20201121,1,161
17666,2,A,0,325120502020,20201121,1,162
17667,1,A,0,324020502020,20201121,1,163
17668,2,A,0,254020502020,20201121,1,164
17669,1,A,0,253220502020,20201121,1,165
17670,2,A,0,203220502020,20201121,1,166
17671,6,C,0,508020502020,20201121,1,167
17672,5,C,0,508020502016,20201121,1,168
17673,6,C,0,508020501616,20201121,1,169
17674,5,C,0,508020501612,20201121,1,170
17675,4,B,1,508020502020,20201121,1,171
17676,3,B,1,508020402020,20201121,1,172
17677,4,B,1,508016402020,20201121,1,173
17678,3,B,0,508016322020,20201121,1,174
17679,4,B,0,508012322020,20201121,1,175
17680,2,A,1,508020502020,20201121,1,176
17681,1,A,1,506420502020,20201121,1,177
17682,2,A,0,406420502020,20201121,1,178
17683,1,A,1,405120502020,20201121,1,179
17684,2,A,0,325120502020,20201121,1,180
17685,1,A,0,324020502020,20201121,1,181
17686,2,A,0,254020502020,20201121,1,182
17687,6,C,0,508020502020,20201121,1,183
17688,5,C,0,508020502016,20201121,1,184
17689,2,A,1,508020502020,20201121,1,185
17690,1,A,1,506420502020,20201121,1,186
17691,2,A,1,406420502020,20201121,1,187
17692,1,A,1,405120502020,20201121,1,188
17693,2,A,0,325120502020,20201121,1,189
17694,1,A,0,324020502020,20201121,1,190
17695,2,A,1,254020502020,20201121,1,191
17696,1,A,0,253220502020,20201121,1,192
17697,2,A,0,203220502020,20201121,1,193
17698,4,B,1,508020502020,20201121,1,194
17699,3,B,0,508020402020,20201121,1,195
17700,4,B,0,508016402020,20201121,1,196
17701,2,A,1,508020502020,20201121,1,197
17702,1,A,0,506420502020,20201121,1,198
17703,2,A,1,406420502020,20201121,1,199
17704,1,A,0,405120502020,20201121,1,200
17705,2,A,1,325120502020,20201121,1,201
17706,1,A,0,324020502020,20201121,1,202
17707,2,A,1,254020502020,20201121,1,203
17708,4,B,0,508020502020,20201121,1,204
17709,3,B,0,508020402020,20201121,1,205
17710,4,B,0,508016402020,20201121,1,206
17711,2,A,1,508020502020,20201121,1,207
17712,1,A,0,506420502020,20201121,1,208
17713,2,A,0,406420502020,20201121,1,209
17714,6,C,1,508020502020,20201121,1,210
17715,2,A,1,508020502020,20201121,1,211
17716,1,A,0,506420502020,20201121,1,212
17717,2,A,0,406420502020,20201121,1,213
17718,1,A,0,405120502020,20201121,1,214
17719,2,A,1,325120502020,20201121,1,215
17720,4,B,1,508020502020,20201121,1,216
17721,3,B,0,508020402020,20201121,1,217
17722,4,B,1,508016402020,20201121,1,218
17723,2,A,1,508020502020,20201121,1,219
17724,1,A,1,506420502020,20201121,1,220
17725,2,A,1,406420502020,20201121,1,221
17726,1,A,0,405120502020,20201121,1,222
17727,2,A,1,325120502020,20201121,1,223
17728,1,A,0,324020502020,20201121,1,224
17729,2,A,0,254020502020,20201121,1,225
17730,4,B,1,508020502020,20201121,1,226
17731,2,A,1,508020502020,20201121,1,227
17732,1,A,0,506420502020,20201121,1,228
17733,2,A,1,406420502020,20201121,1,229
17734,1,A,0,405120502020,20201121,1,230
17735,2,A,1,325120502020,20201121,1,231
17736,4,B,1,508020502020,20201121,1,232
17737,2,A,1,508020502020,20201121,1,233
17738,1,A,1,506420502020,20201121,1,234
17739,2,A,1,406420502020,20201121,1,235
17740,1,A,0,405120502020,20201121,1,236
17741,2,A,1,325120502020,20201121,1,237
17742,4,B,1,508020502020,20201121,1,238
17743,2,A,1,508020502020,20201121,1,239
17744,1,A,0,506420502020,20201121,1,240
17745,2,A,1,406420502020,20201121,1,241
17746,4,B,0,508020502020,20201121,1,242
17747,2,A,1,508020502020,20201121,1,243
17748,1,A,1,506420502020,20201121,1,244
17749,2,A,1,406420502020,20201121,1,245
17750,1,A,0,405120502020,20201121,1,246
17751,2,A,1,325120502020,20201121,1,247
17752,4,B,1,508020502020,20201121,1,248
17753,2,A,1,508020502020,20201121,1,249
17754,1,A,1,506420502020,20201121,1,250
17755,2,A,0,406420502020,20201121,1,251
17756,1,A,0,405120502020,20201121,1,252
17757,2,A,0,325120502020,20201121,1,253
17758,4,B,1,508020502020,20201121,1,254
17759,2,A,1,508020502020,20201121,1,255
17760,1,A,1,506420502020,20201121,1,256
17761,2,A,0,406420502020,20201121,1,257
17762,1,A,0,405120502020,20201121,1,258
17763,2,A,0,325120502020,20201121,1,259
17764,4,B,0,508020502020,20201121,1,260
17765,2,A,1,508020502020,20201121,1,261
17766,1,A,1,506420502020,20201121,1,262
17767,2,A,1,406420502020,20201121,1,263
17768,1,A,1,405120502020,20201121,1,264
17769,2,A,1,325120502020,20201121,1,265
17770,1,A,1,324020502020,20201121,1,266
17771,2,A,0,254020502020,20201121,1,267
17772,4,B,1,508020502020,20201121,1,268
17773,2,A,1,508020502020,20201121,1,269
17774,1,A,0,506420502020,20201121,1,270
17775,2,A,1,406420502020,20201121,1,271
17776,1,A,0,405120502020,20201121,1,272
17777,2,A,1,325120502020,20201121,1,273
17778,4,B,0,508020502020,20201121,1,274
17779,2,A,1,508020502020,20201121,1,275
17780,1,A,1,506420502020,20201121,1,276
17781,2,A,0,406420502020,20201121,1,277
17782,1,A,0,405120502020,20201121,1,278
17783,2,A,0,325120502020,20201121,1,279
17784,4,B,0,508020502020,20201121,1,280
17785,2,A,1,508020502020,20201121,1,281
17786,1,A,0,506420502020,20201121,1,282
17787,2,A,1,406420502020,20201121,1,283
17788,4,B,1,508020502020,20201121,1,284
17789,2,A,0,508020502020,20201121,1,285
17790,1,A,0,506420502020,20201121,1,286
17791,2,A,0,406420502020,20201121,1,287
17792,1,A,1,405120502020,20201121,1,288
17793,2,A,1,325120502020,20201121,1,289
17794,1,A,0,324020502020,20201121,1,290
17795,2,A,1,254020502020,20201121,1,291
17796,4,B,0,508020502020,20201121,1,292
17797,2,A,1,508020502020,20201121,1,293
17798,1,A,0,506420502020,20201121,1,294
17799,2,A,0,406420502020,20201121,1,295
17800,5,C,0,508020502020,20201121,1,296
17801,6,C,0,508020501620,20201121,1,297
17802,2,A,1,508020502020,20201121,1,298
17803,1,A,1,506420502020,20201121,1,299
17804,4,B,1,502020802020,20201121,2,0
17805,3,B,1,502020642020,20201121,2,1
17806,4,B,0,502016642020,20201121,2,2
17807,2,A,0,502020802020,20201121,2,3
17808,1,A,1,501620802020,20201121,2,4
17809,2,A,0,401620802020,20201121,2,5
17810,5,C,0,502020802020,20201121,2,6
17811,6,C,0,502020801620,20201121,2,7
17812,5,C,0,502020801616,20201121,2,8
17813,6,C,0,502020801216,20201121,2,9
17814,4,B,1,502020802020,20201121,2,10
17815,3,B,0,502020642020,20201121,2,11
17816,4,B,1,502016642020,20201121,2,12
17817,2,A,1,502020802020,20201121,2,13
17818,1,A,0,501620802020,20201121,2,14
17819,2,A,0,401620802020,20201121,2,15
17820,4,B,0,502020802020,20201121,2,16
17821,3,B,1,502020642020,20201121,2,17
17822,4,B,1,502016642020,20201121,2,18
17823,3,B,0,502016512020,20201121,2,19
17824,4,B,0,502012512020,20201121,2,20
17825,2,A,0,502020802020,20201121,2,21
17826,1,A,1,501620802020,20201121,2,22
17827,2,A,0,401620802020,20201121,2,23
17828,1,A,1,401220802020,20201121,2,24
17829,2,A,0,321220802020,20201121,2,25
17830,1,A,0,321020802020,20201121,2,26
17831,5,C,1,502020802020,20201121,2,27
17832,6,C,0,502020801620,20201121,2,28
17833,5,C,0,502020801616,20201121,2,29
17834,1,A,1,502020802020,20201121,2,30
17835,2,A,0,402020802020,20201121,2,31
17836,1,A,0,401620802020,20201121,2,32
17837,4,B,1,502020802020,20201121,2,33
17838,3,B,0,502020642020,20201121,2,34
17839,4,B,1,502016642020,20201121,2,35
17840,1,A,0,502020802020,20201121,2,36
17841,2,A,0,402020802020,20201121,2,37
17842,1,A,0,401620802020,20201121,2,38
17843,4,B,1,502020802020,20201121,2,39
17844,2,A,0,502020802020,20201121,2,40
17845,1,A,1,501620802020,20201121,2,41
17846,2,A,0,401620802020,20201121,2,42
17847,1,A,0,401220802020,20201121,2,43
17848,4,B,1,502020802020,20201121,2,44
17849,3,B,0,502020642020,20201121,2,45
17850,4,B,0,502016642020,20201121,2,46
17851,6,C,0,502020802020,20201121,2,47
17852,5,C,0,502020802016,20201121,2,48
17853,2,A,0,502020802020,20201121,2,49
17854,1,A,1,501620802020,20201121,2,50
17855,2,A,1,401620802020,20201121,2,51
17856,1,A,1,401220802020,20201121,2,52
17857,2,A,0,321220802020,20201121,2,53
17858,1,A,0,321020802020,20201121,2,54
17859,4,B,1,502020802020,20201121,2,55
17860,3,B,0,502020642020,20201121,2,56
17861,4,B,0,502016642020,20201121,2,57
17862,1,A,0,502020802020,20201121,2,58
17863,2,A,0,402020802020,20201121,2,59
17864,1,A,0,401620802020,20201121,2,60
17865,4,B,1,502020802020,20201121,2,61
17866,2,A,0,502020802020,20201121,2,62
17867,1,A,1,501620802020,20201121,2,63
17868,5,C,0,502020802020,20201121,2,64
17869,6,C,1,502020801620,20201121,2,65
17870,4,B,1,502020802020,20201121,2,66
17871,3,B,0,502020642020,20201121,2,67
17872,4,B,0,502016642020,20201121,2,68
17873,3,B,1,502016512020,20201121,2,69
17874,4,B,1,502012512020,20201121,2,70
17875,3,B,0,502012402020,20201121,2,71
17876,4,B,0,502010402020,20201121,2,72
17877,1,A,0,502020802020,20201121,2,73
17878,2,A,0,402020802020,20201121,2,74
17879,1,A,0,401620802020,20201121,2,75
17880,4,B,1,502020802020,20201121,2,76
17881,1,A,1,502020802020,20201121,2,77
17882,2,A,0,402020802020,20201121,2,78
17883,1,A,1,401620802020,20201121,2,79
17884,4,B,1,502020802020,20201121,2,80
17885,3,B,1,502020642020,20201121,2,81
17886,4,B,0,502016642020,20201121,2,82
17887,3,B,0,502016512020,20201121,2,83
17888,4,B,1,502012512020,20201121,2,84
17889,6,C,0,502020802020,20201121,2,85
17890,5,C,1,502020802016,20201121,2,86
17891,4,B,0,502020802020,20201121,2,87
17892,3,B,0,502020642020,20201121,2,88
17893,4,B,1,502016642020,20201121,2,89
17894,3,B,0,502016512020,20201121,2,90
17895,4,B,1,502012512020,20201121,2,91
17896,3,B,0,502012402020,20201121,2,92
17897,4,B,1,502010402020,20201121,2,93
17898,1,A,0,502020802020,20201121,2,94
17899,2,A,0,402020802020,20201121,2,95
17900,1,A,0,401620802020,20201121,2,96
17901,2,A,0,321620802020,20201121,2,97
17902,4,B,1,502020802020,20201121,2,98
17903,3,B,0,502020642020,20201121,2,99
17904,4,B,1,502016642020,20201121,2,100
17905,6,C,0,502020802020,20201121,2,101
17906,5,C,1,502020802016,20201121,2,102
17907,4,B,1,502020802020,20201121,2,103
17908,3,B,1,502020642020,20201121,2,104
17909,4,B,1,502016642020,20201121,2,105
17910,3,B,1,502016512020,20201121,2,106
17911,4,B,1,502012512020,20201121,2,107
17912,1,A,0,502020802020,20201121,2,108
17913,2,A,0,402020802020,20201121,2,109
17914,1,A,0,401620802020,20201121,2,110
17915,4,B,1,502020802020,20201121,2,111
17916,2,A,1,502020802020,20201121,2,112
17917,1,A,1,501620802020,20201121,2,113
17918,2,A,0,401620802020,20201121,2,114
17919,1,A,1,401220802020,20201121,2,115
17920,4,B,1,502020802020,20201121,2,116
17921,3,B,0,502020642020,20201121,2,117
17922,4,B,1,502016642020,20201121,2,118
17923,3,B,0,502016512020,20201121,2,119
17924,4,B,0,502012512020,20201121,2,120
17925,1,A,0,502020802020,20201121,2,121
17926,2,A,0,402020802020,20201121,2,122
17927,1,A,1,401620802020,20201121,2,123
17928,4,B,1,502020802020,20201121,2,124
17929,3,B,0,502020642020,20201121,2,125
17930,4,B,1,502016642020,20201121,2,126
17931,1,A,1,502020802020,20201121,2,127
17932,2,A,0,402020802020,20201121,2,128
17933,1,A,1,401620802020,20201121,2,129
17934,4,B,0,502020802020,20201121,2,130
17935,3,B,0,502020642020,20201121,2,131
17936,4,B,1,502016642020,20201121,2,132
17937,3,B,0,502016512020,20201121,2,133
17938,4,B,0,502012512020,20201121,2,134
17939,6,C,0,502020802020,20201121,2,135
17940,5,C,0,502020802016,20201121,2,136
17941,1,A,0,502020802020,20201121,2,137
17942,2,A,0,402020802020,20201121,2,138
17943,1,A,1,401620802020,20201121,2,139
17944,2,A,0,321620802020,20201121,2,140
17945,1,A,0,321220802020,20201121,2,141
17946,4,B,1,502020802020,20201121,2,142
17947,3,B,0,502020642020,20201121,2,143
17948,4,B,1,502016642020,20201121,2,144
17949,1,A,1,502020802020,20201121,2,145
17950,2,A,0,402020802020,20201121,2,146
17951,1,A,1,401620802020,20201121,2,147
17952,4,B,0,502020802020,20201121,2,148
17953,3,B,0,502020642020,20201121,2,149
17954,4,B,0,502016642020,20201121,2,150
17955,1,A,0,502020802020,20201121,2,151
17956,2,A,0,402020802020,20201121,2,152
17957,1,A,1,401620802020,20201121,2,153
17958,4,B,1,502020802020,20201121,2,154
17959,3,B,1,502020642020,20201121,2,155
17960,4,B,0,502016642020,20201121,2,156
17961,1,A,1,502020802020,20201121,2,157
17962,2,A,0,402020802020,20201121,2,158
17963,1,A,0,401620802020,20201121,2,159
17964,5,C,0,502020802020,20201121,2,160
17965,6,C,0,502020801620,20201121,2,161
17966,5,C,0,502020801616,20201121,2,162
17967,4,B,1,502020802020,20201121,2,163
17968,3,B,0,502020642020,20201121,2,164
17969,4,B,1,502016642020,20201121,2,165
17970,1,A,0,502020802020,20201121,2,166
17971,2,A,1,402020802020,20201121,2,167
17972,1,A,1,401620802020,20201121,2,168
17973,2,A,0,321620802020,20201121,2,169
17974,1,A,1,321220802020,20201121,2,170
17975,4,B,0,502020802020,20201121,2,171
17976,3,B,1,502020642020,20201121,2,172
17977,4,B,0,502016642020,20201121,2,173
17978,1,A,1,502020802020,20201121,2,174
17979,2,A,0,402020802020,20201121,2,175
17980,1,A,1,401620802020,20201121,2,176
17981,4,B,1,502020802020,20201121,2,177
17982,1,A,1,502020802020,20201121,2,178
17983,2,A,0,402020802020,20201121,2,179
17984,1,A,1,401620802020,20201121,2,180
17985,2,A,1,321620802020,20201121,2,181
17986,1,A,0,321220802020,20201121,2,182
17987,2,A,0,251220802020,20201121,2,183
17988,1,A,0,251020802020,20201121,2,184
17989,4,B,1,502020802020,20201121,2,185
17990,3,B,0,502020642020,20201121,2,186
17991,4,B,0,502016642020,20201121,2,187
17992,1,A,1,502020802020,20201121,2,188
17993,2,A,0,402020802020,20201121,2,189
17994,1,A,0,401620802020,20201121,2,190
17995,4,B,1,502020802020,20201121,2,191
17996,1,A,0,502020802020,20201121,2,192
17997,2,A,0,402020802020,20201121,2,193
17998,1,A,1,401620802020,20201121,2,194
17999,2,A,0,321620802020,20201121,2,195
18000,1,A,0,321220802020,20201121,2,196
18001,4,B,1,502020802020,20201121,2,197
18002,3,B,1,502020642020,20201121,2,198
18003,4,B,1,502016642020,20201121,2,199
18004,3,B,0,502016512020,20201121,2,200
18005,4,B,1,502012512020,20201121,2,201
18006,1,A,1,502020802020,20201121,2,202
18007,2,A,0,402020802020,20201121,2,203
18008,1,A,1,401620802020,20201121,2,204
18009,4,B,1,502020802020,20201121,2,205
18010,3,B,0,502020642020,20201121,2,206
18011,4,B,1,502016642020,20201121,2,207
18012,1,A,0,502020802020,20201121,2,208
18013,2,A,0,402020802020,20201121,2,209
18014,1,A,1,401620802020,20201121,2,210
18015,2,A,0,321620802020,20201121,2,211
18016,1,A,0,321220802020,20201121,2,212
18017,2,A,0,251220802020,20201121,2,213
18018,1,A,0,251020802020,20201121,2,214
18019,2,A,0,201020802020,20201121,2,215
18020,1,A,0,200820802020,20201121,2,216
18021,2,A,0,160820802020,20201121,2,217
18022,1,A,0,160620802020,20201121,2,218
18023,4,B,1,502020802020,20201121,2,219
18024,3,B,1,502020642020,20201121,2,220
18025,4,B,0,502016642020,20201121,2,221
18026,3,B,0,502016512020,20201121,2,222
18027,4,B,1,502012512020,20201121,2,223
18028,1,A,0,502020802020,20201121,2,224
18029,2,A,0,402020802020,20201121,2,225
18030,1,A,1,401620802020,20201121,2,226
18031,2,A,1,321620802020,20201121,2,227
18032,1,A,0,321220802020,20201121,2,228
18033,2,A,0,251220802020,20201121,2,229
18034,1,A,0,251020802020,20201121,2,230
18035,4,B,0,502020802020,20201121,2,231
18036,1,A,1,502020802020,20201121,2,232
18037,2,A,0,402020802020,20201121,2,233
18038,1,A,0,401620802020,20201121,2,234
18039,4,B,1,502020802020,20201121,2,235
18040,3,B,0,502020642020,20201121,2,236
18041,4,B,1,502016642020,20201121,2,237
18042,1,A,1,502020802020,20201121,2,238
18043,2,A,1,402020802020,20201121,2,239
18044,1,A,0,401620802020,20201121,2,240
18045,4,B,1,502020802020,20201121,2,241
18046,3,B,0,502020642020,20201121,2,242
18047,4,B,1,502016642020,20201121,2,243
18048,1,A,1,502020802020,20201121,2,244
18049,2,A,0,402020802020,20201121,2,245
18050,1,A,0,401620802020,20201121,2,246
18051,4,B,1,502020802020,20201121,2,247
18052,3,B,0,502020642020,20201121,2,248
18053,4,B,1,502016642020,20201121,2,249
18054,1,A,1,502020802020,20201121,2,250
18055,2,A,0,402020802020,20201121,2,251
18056,1,A,1,401620802020,20201121,2,252
18057,4,B,0,502020802020,20201121,2,253
18058,3,B,0,502020642020,20201121,2,254
18059,4,B,1,502016642020,20201121,2,255
18060,3,B,0,502016512020,20201121,2,256
18061,4,B,1,502012512020,20201121,2,257
18062,1,A,1,502020802020,20201121,2,258
18063,2,A,0,402020802020,20201121,2,259
18064,1,A,0,401620802020,20201121,2,260
18065,4,B,1,502020802020,20201121,2,261
18066,3,B,0,502020642020,20201121,2,262
18067,4,B,0,502016642020,20201121,2,263
18068,1,A,0,502020802020,20201121,2,264
18069,2,A,0,402020802020,20201121,2,265
18070,1,A,1,401620802020,20201121,2,266
18071,4,B,0,502020802020,20201121,2,267
18072,3,B,0,502020642020,20201121,2,268
18073,4,B,1,502016642020,20201121,2,269
18074,1,A,0,502020802020,20201121,2,270
18075,2,A,1,402020802020,20201121,2,271
18076,1,A,0,401620802020,20201121,2,272
18077,2,A,0,321620802020,20201121,2,273
18078,1,A,0,321220802020,20201121,2,274
18079,4,B,1,502020802020,20201121,2,275
18080,3,B,0,502020642020,20201121,2,276
18081,4,B,1,502016642020,20201121,2,277
18082,1,A,0,502020802020,20201121,2,278
18083,2,A,0,402020802020,20201121,2,279
18084,1,A,0,401620802020,20201121,2,280
18085,4,B,0,502020802020,20201121,2,281
18086,3,B,0,502020642020,20201121,2,282
18087,4,B,1,502016642020,20201121,2,283
18088,1,A,1,502020802020,20201121,2,284
18089,2,A,0,402020802020,20201121,2,285
18090,1,A,0,401620802020,20201121,2,286
18091,4,B,1,502020802020,20201121,2,287
18092,3,B,0,502020642020,20201121,2,288
18093,4,B,0,502016642020,20201121,2,289
18094,1,A,1,502020802020,20201121,2,290
18095,2,A,0,402020802020,20201121,2,291
18096,1,A,1,401620802020,20201121,2,292
18097,4,B,0,502020802020,20201121,2,293
18098,3,B,0,502020642020,20201121,2,294
18099,4,B,0,502016642020,20201121,2,295
18100,1,A,1,502020802020,20201121,2,296
18101,4,B,1,502020802020,20201121,2,297
18102,3,B,0,502020642020,20201121,2,298
18103,4,B,1,502016642020,20201121,2,299
18104,4,B,0,805050202080,20201121,3,0
18105,3,B,1,805050162080,20201121,3,1
18106,1,A,1,805050202080,20201121,3,2
18107,5,C,0,805050202080,20201121,3,3
18108,6,C,1,805050201680,20201121,3,4
18109,5,C,0,805050201664,20201121,3,5
18110,4,B,0,805050202080,20201121,3,6
18111,3,B,1,805050162080,20201121,3,7
18112,4,B,0,805040162080,20201121,3,8
18113,2,A,0,805050202080,20201121,3,9
18114,1,A,1,804050202080,20201121,3,10
18115,2,A,1,644050202080,20201121,3,11
18116,1,A,1,643250202080,20201121,3,12
18117,2,A,0,513250202080,20201121,3,13
18118,1,A,0,512550202080,20201121,3,14
18119,4,B,0,805050202080,20201121,3,15
18120,3,B,1,805050162080,20201121,3,16
18121,4,B,0,805040162080,20201121,3,17
18122,3,B,0,805040122080,20201121,3,18
18123,1,A,1,805050202080,20201121,3,19
18124,2,A,0,645050202080,20201121,3,20
18125,1,A,0,644050202080,20201121,3,21
18126,3,B,0,805050202080,20201121,3,22
18127,4,B,0,805040202080,20201121,3,23
18128,6,C,1,805050202080,20201121,3,24
18129,5,C,0,805050202064,20201121,3,25
18130,6,C,1,805050201664,20201121,3,26
18131,5,C,0,805050201651,20201121,3,27
18132,6,C,1,805050201251,20201121,3,28
18133,1,A,1,805050202080,20201121,3,29
18134,2,A,1,645050202080,20201121,3,30
18135,1,A,0,644050202080,20201121,3,31
18136,2,A,0,514050202080,20201121,3,32
18137,4,B,0,805050202080,20201121,3,33
18138,3,B,1,805050162080,20201121,3,34
18139,4,B,1,805040162080,20201121,3,35
18140,3,B,0,805040122080,20201121,3,36
18141,4,B,0,805032122080,20201121,3,37
18142,1,A,1,805050202080,20201121,3,38
18143,2,A,0,645050202080,20201121,3,39
18144,1,A,1,644050202080,20201121,3,40
18145,6,C,0,805050202080,20201121,3,41
18146,5,C,0,805050202064,20201121,3,42
18147,6,C,1,805050201664,20201121,3,43
18148,1,A,1,805050202080,20201121,3,44
18149,2,A,1,645050202080,20201121,3,45
18150,1,A,1,644050202080,20201121,3,46
18151,2,A,0,514050202080,20201121,3,47
18152,1,A,0,513250202080,20201121,3,48
18153,5,C,0,805050202080,20201121,3,49
18154,6,C,0,805050201680,20201121,3,50
18155,1,A,1,805050202080,20201121,3,51
18156,4,B,0,805050202080,20201121,3,52
18157,3,B,1,805050162080,20201121,3,53
18158,4,B,0,805040162080,20201121,3,54
18159,3,B,0,805040122080,20201121,3,55
18160,1,A,1,805050202080,20201121,3,56
18161,2,A,0,645050202080,20201121,3,57
18162,1,A,1,644050202080,20201121,3,58
18163,6,C,0,805050202080,20201121,3,59
18164,5,C,0,805050202064,20201121,3,60
18165,6,C,1,805050201664,20201121,3,61
18166,1,A,1,805050202080,20201121,3,62
18167,2,A,1,645050202080,20201121,3,63
18168,1,A,1,644050202080,20201121,3,64
18169,4,B,0,805050202080,20201121,3,65
18170,3,B,1,805050162080,20201121,3,66
18171,4,B,0,805040162080,20201121,3,67
18172,3,B,1,805040122080,20201121,3,68
18173,1,A,0,805050202080,20201121,3,69
18174,2,A,0,645050202080,20201121,3,70
18175,1,A,1,644050202080,20201121,3,71
18176,2,A,1,514050202080,20201121,3,72
18177,1,A,1,513250202080,20201121,3,73
18178,2,A,0,403250202080,20201121,3,74
18179,1,A,0,402550202080,20201121,3,75
18180,6,C,0,805050202080,20201121,3,76
18181,5,C,0,805050202064,20201121,3,77
18182,6,C,0,805050201664,20201121,3,78
18183,1,A,0,805050202080,20201121,3,79
18184,2,A,1,645050202080,20201121,3,80
18185,1,A,1,644050202080,20201121,3,81
18186,2,A,0,514050202080,20201121,3,82
18187,1,A,0,513250202080,20201121,3,83
18188,4,B,0,805050202080,20201121,3,84
18189,3,B,0,805050162080,20201121,3,85
18190,4,B,0,805040162080,20201121,3,86
18191,1,A,1,805050202080,20201121,3,87
18192,2,A,1,645050202080,20201121,3,88
18193,1,A,1,644050202080,20201121,3,89
18194,2,A,1,514050202080,20201121,3,90
18195,1,A,0,513250202080,20201121,3,91
18196,2,A,0,403250202080,20201121,3,92
18197,1,A,1,402550202080,20201121,3,93
18198,6,C,1,805050202080,20201121,3,94
18199,5,C,0,805050202064,20201121,3,95
18200,6,C,0,805050201664,20201121,3,96
18201,1,A,1,805050202080,20201121,3,97
18202,2,A,0,645050202080,20201121,3,98
18203,1,A,1,644050202080,20201121,3,99
18204,2,A,1,514050202080,20201121,3,100
18205,1,A,0,513250202080,20201121,3,101
18206,2,A,1,403250202080,20201121,3,102
18207,1,A,0,402550202080,20201121,3,103
18208,2,A,0,322550202080,20201121,3,104
18209,1,A,0,322050202080,20201121,3,105
18210,2,A,0,262050202080,20201121,3,106
18211,1,A,0,261650202080,20201121,3,107
18212,2,A,1,201650202080,20201121,3,108
18213,1,A,1,201350202080,20201121,3,109
18214,2,A,0,161350202080,20201121,3,110
18215,1,A,1,161050202080,20201121,3,111
18216,2,A,0,131050202080,20201121,3,112
18217,1,A,0,130850202080,20201121,3,113
18218,3,B,0,805050202080,20201121,3,114
18219,4,B,0,805040202080,20201121,3,115
18220,3,B,0,805040162080,20201121,3,116
18221,1,A,1,805050202080,20201121,3,117
18222,2,A,1,645050202080,20201121,3,118
18223,1,A,1,644050202080,20201121,3,119
18224,2,A,0,514050202080,20201121,3,120
18225,1,A,0,513250202080,20201121,3,121
18226,4,B,0,805050202080,20201121,3,122
18227,3,B,0,805050162080,20201121,3,123
18228,1,A,1,805050202080,20201121,3,124
18229,2,A,1,645050202080,20201121,3,125
18230,1,A,1,644050202080,20201121,3,126
18231,2,A,1,514050202080,20201121,3,127
18232,1,A,1,513250202080,20201121,3,128
18233,2,A,1,403250202080,20201121,3,129
18234,1,A,0,402550202080,20201121,3,130
18235,2,A,1,322550202080,20201121,3,131
18236,1,A,0,322050202080,20201121,3,132
18237,2,A,0,262050202080,20201121,3,133
18238,1,A,0,261650202080,20201121,3,134
18239,2,A,0,201650202080,20201121,3,135
18240,6,C,1,805050202080,20201121,3,136
18241,1,A,1,805050202080,20201121,3,137
18242,2,A,1,645050202080,20201121,3,138
18243,1,A,0,644050202080,20201121,3,139
18244,2,A,0,514050202080,20201121,3,140
18245,1,A,0,513250202080,20201121,3,141
18246,3,B,0,805050202080,20201121,3,142
18247,4,B,1,805040202080,20201121,3,143
18248,3,B,0,805040162080,20201121,3,144
18249,4,B,0,805032162080,20201121,3,145
18250,1,A,0,805050202080,20201121,3,146
18251,2,A,1,645050202080,20201121,3,147
18252,1,A,1,644050202080,20201121,3,148
18253,2,A,1,514050202080,20201121,3,149
18254,1,A,1,513250202080,20201121,3,150
18255,2,A,1,403250202080,20201121,3,151
18256,1,A,0,402550202080,20201121,3,152
18257,2,A,0,322550202080,20201121,3,153
18258,4,B,0,805050202080,20201121,3,154
18259,3,B,1,805050162080,20201121,3,155
18260,1,A,1,805050202080,20201121,3,156
18261,2,A,1,645050202080,20201121,3,157
18262,1,A,1,644050202080,20201121,3,158
18263,2,A,1,514050202080,20201121,3,159
18264,1,A,0,513250202080,20201121,3,160
18265,2,A,1,403250202080,20201121,3,161
18266,1,A,0,402550202080,20201121,3,162
18267,2,A,0,322550202080,20201121,3,163
18268,6,C,1,805050202080,20201121,3,164
18269,1,A,1,805050202080,20201121,3,165
18270,2,A,0,645050202080,20201121,3,166
18271,1,A,1,644050202080,20201121,3,167
18272,2,A,0,514050202080,20201121,3,168
18273,1,A,1,513250202080,20201121,3,169
18274,2,A,0,403250202080,20201121,3,170
18275,1,A,1,402550202080,20201121,3,171
18276,2,A,0,322550202080,20201121,3,172
18277,1,A,1,322050202080,20201121,3,173
18278,2,A,1,262050202080,20201121,3,174
18279,1,A,0,261650202080,20201121,3,175
18280,2,A,0,201650202080,20201121,3,176
18281,1,A,0,201350202080,20201121,3,177
18282,2,A,0,161350202080,20201121,3,178
18283,1,A,0,161050202080,20201121,3,179
18284,2,A,0,131050202080,20201121,3,180
18285,1,A,0,130850202080,20201121,3,181
18286,4,B,0,805050202080,20201121,3,182
18287,3,B,1,805050162080,20201121,3,183
18288,1,A,1,805050202080,20201121,3,184
18289,2,A,0,645050202080,20201121,3,185
18290,1,A,1,644050202080,20201121,3,186
18291,2,A,0,514050202080,20201121,3,187
18292,1,A,0,513250202080,20201121,3,188
18293,2,A,0,403250202080,20201121,3,189
18294,1,A,0,402550202080,20201121,3,190
18295,6,C,1,805050202080,20201121,3,191
18296,1,A,1,805050202080,20201121,3,192
18297,2,A,0,645050202080,20201121,3,193
18298,1,A,1,644050202080,20201121,3,194
18299,2,A,0,514050202080,20201121,3,195
18300,1,A,1,513250202080,20201121,3,196
18301,2,A,1,403250202080,20201121,3,197
18302,1,A,0,402550202080,20201121,3,198
18303,2,A,0,322550202080,20201121,3,199
18304,1,A,1,322050202080,20201121,3,200
18305,2,A,0,262050202080,20201121,3,201
18306,1,A,0,261650202080,20201121,3,202
18307,6,C,0,805050202080,20201121,3,203
18308,5,C,0,805050202064,20201121,3,204
18309,6,C,1,805050201664,20201121,3,205
18310,1,A,1,805050202080,20201121,3,206
18311,2,A,1,645050202080,20201121,3,207
18312,1,A,1,644050202080,20201121,3,208
18313,2,A,1,514050202080,20201121,3,209
18314,1,A,0,513250202080,20201121,3,210
18315,2,A,0,403250202080,20201121,3,211
18316,1,A,0,402550202080,20201121,3,212
18317,4,B,1,805050202080,20201121,3,213
18318,3,B,0,805050162080,20201121,3,214
18319,4,B,0,805040162080,20201121,3,215
18320,1,A,1,805050202080,20201121,3,216
18321,2,A,0,645050202080,20201121,3,217
18322,1,A,1,644050202080,20201121,3,218
18323,2,A,1,514050202080,20201121,3,219
18324,1,A,0,513250202080,20201121,3,220
18325,2,A,1,403250202080,20201121,3,221
18326,1,A,0,402550202080,20201121,3,222
18327,2,A,0,322550202080,20201121,3,223
18328,1,A,1,322050202080,20201121,3,224
18329,6,C,1,805050202080,20201121,3,225
18330,5,C,1,805050202064,20201121,3,226
18331,6,C,1,805050201664,20201121,3,227
18332,2,A,1,805050202080,20201121,3,228
18333,1,A,0,804050202080,20201121,3,229
18334,2,A,1,644050202080,20201121,3,230
18335,1,A,1,643250202080,20201121,3,231
18336,2,A,0,513250202080,20201121,3,232
18337,1,A,0,512550202080,20201121,3,233
18338,2,A,1,402550202080,20201121,3,234
18339,1,A,1,402050202080,20201121,3,235
18340,2,A,0,322050202080,20201121,3,236
18341,1,A,1,321650202080,20201121,3,237
18342,6,C,0,805050202080,20201121,3,238
18343,2,A,0,805050202080,20201121,3,239
18344,1,A,1,804050202080,20201121,3,240
18345,2,A,0,644050202080,20201121,3,241
18346,1,A,0,643250202080,20201121,3,242
18347,2,A,0,513250202080,20201121,3,243
18348,1,A,0,512550202080,20201121,3,244
18349,4,B,0,805050202080,20201121,3,245
18350,3,B,1,805050162080,20201121,3,246
18351,1,A,1,805050202080,20201121,3,247
18352,2,A,0,645050202080,20201121,3,248
18353,1,A,1,644050202080,20201121,3,249
18354,2,A,0,514050202080,20201121,3,250
18355,1,A,0,513250202080,20201121,3,251
18356,2,A,0,403250202080,20201121,3,252
18357,1,A,0,402550202080,20201121,3,253
18358,6,C,1,805050202080,20201121,3,254
18359,5,C,1,805050202064,20201121,3,255
18360,6,C,0,805050201664,20201121,3,256
18361,5,C,1,805050201651,20201121,3,257
18362,6,C,1,805050201251,20201121,3,258
18363,5,C,0,805050201240,20201121,3,259
18364,6,C,1,805050201040,20201121,3,260
18365,2,A,1,805050202080,20201121,3,261
18366,1,A,0,804050202080,20201121,3,262
18367,2,A,1,644050202080,20201121,3,263
18368,1,A,1,643250202080,20201121,3,264
18369,2,A,0,513250202080,20201121,3,265
18370,1,A,0,512550202080,20201121,3,266
18371,2,A,0,402550202080,20201121,3,267
18372,1,A,0,402050202080,20201121,3,268
18373,6,C,1,805050202080,20201121,3,269
18374,5,C,0,805050202064,20201121,3,270
18375,6,C,1,805050201664,20201121,3,271
18376,5,C,0,805050201651,20201121,3,272
18377,6,C,1,805050201251,20201121,3,273
18378,1,A,1,805050202080,20201121,3,274
18379,2,A,0,645050202080,20201121,3,275
18380,1,A,1,644050202080,20201121,3,276
18381,2,A,0,514050202080,20201121,3,277
18382,1,A,0,513250202080,20201121,3,278
18383,6,C,0,805050202080,20201121,3,279
18384,5,C,0,805050202064,20201121,3,280
18385,6,C,1,805050201664,20201121,3,281
18386,5,C,0,805050201651,20201121,3,282
18387,6,C,0,805050201251,20201121,3,283
18388,2,A,1,805050202080,20201121,3,284
18389,1,A,1,804050202080,20201121,3,285
18390,2,A,1,644050202080,20201121,3,286
18391,1,A,0,643250202080,20201121,3,287
18392,2,A,1,513250202080,20201121,3,288
18393,6,C,0,805050202080,20201121,3,289
18394,5,C,0,805050202064,20201121,3,290
18395,6,C,1,805050201664,20201121,3,291
18396,1,A,1,805050202080,20201121,3,292
18397,2,A,0,645050202080,20201121,3,293
18398,1,A,0,644050202080,20201121,3,294
18399,2,A,0,514050202080,20201121,3,295
18400,1,A,1,513250202080,20201121,3,296
18401,6,C,1,805050202080,20201121,3,297
18402,5,C,0,805050202064,20201121,3,298
18403,6,C,0,805050201664,20201121,3,299
18404,4,B,0,205050808020,20201121,4,0
18405,3,B,1,205050648020,20201121,4,1
18406,1,A,0,205050808020,20201121,4,2
18407,2,A,1,165050808020,20201121,4,3
18408,1,A,0,164050808020,20201121,4,4
18409,5,C,1,205050808020,20201121,4,5
18410,6,C,0,205050806420,20201121,4,6
18411,5,C,0,205050806416,20201121,4,7
18412,6,C,1,205050805116,20201121,4,8
18413,5,C,0,205050805112,20201121,4,9
18414,6,C,0,205050804012,20201121,4,10
18415,3,B,1,205050808020,20201121,4,11
18416,4,B,1,205040808020,20201121,4,12
18417,3,B,1,205040648020,20201121,4,13
18418,4,B,0,205032648020,20201121,4,14
18419,3,B,1,205032518020,20201121,4,15
18420,1,A,0,205050808020,20201121,4,16
18421,2,A,1,165050808020,20201121,4,17
18422,1,A,0,164050808020,20201121,4,18
18423,2,A,1,124050808020,20201121,4,19
18424,1,A,0,123250808020,20201121,4,20
18425,2,A,0,103250808020,20201121,4,21
18426,4,B,1,205050808020,20201121,4,22
18427,3,B,0,205050648020,20201121,4,23
18428,4,B,0,205040648020,20201121,4,24
18429,1,A,0,205050808020,20201121,4,25
18430,2,A,0,165050808020,20201121,4,26
18431,6,C,1,205050808020,20201121,4,27
18432,5,C,0,205050808016,20201121,4,28
18433,6,C,0,205050806416,20201121,4,29
18434,2,A,1,205050808020,20201121,4,30
18435,1,A,0,204050808020,20201121,4,31
18436,2,A,0,164050808020,20201121,4,32
18437,4,B,1,205050808020,20201121,4,33
18438,3,B,0,205050648020,20201121,4,34
18439,4,B,1,205040648020,20201121,4,35
18440,3,B,1,205040518020,20201121,4,36
18441,4,B,0,205032518020,20201121,4,37
18442,3,B,0,205032408020,20201121,4,38
18443,1,A,1,205050808020,20201121,4,39
18444,2,A,1,165050808020,20201121,4,40
18445,1,A,0,164050808020,20201121,4,41
18446,2,A,1,124050808020,20201121,4,42
18447,6,C,0,205050808020,20201121,4,43
18448,5,C,1,205050808016,20201121,4,44
18449,6,C,1,205050806416,20201121,4,45
18450,5,C,1,205050806412,20201121,4,46
18451,6,C,0,205050805112,20201121,4,47
18452,5,C,1,205050805110,20201121,4,48
18453,4,B,1,205050808020,20201121,4,49
18454,3,B,0,205050648020,20201121,4,50
18455,4,B,0,205040648020,20201121,4,51
18456,3,B,1,205040518020,20201121,4,52
18457,1,A,0,205050808020,20201121,4,53
18458,2,A,1,165050808020,20201121,4,54
18459,1,A,0,164050808020,20201121,4,55
18460,2,A,1,124050808020,20201121,4,56
18461,4,B,1,205050808020,20201121,4,57
18462,3,B,1,205050648020,20201121,4,58
18463,4,B,1,205040648020,20201121,4,59
18464,3,B,0,205040518020,20201121,4,60
18465,4,B,0,205032518020,20201121,4,61
18466,3,B,0,205032408020,20201121,4,62
18467,2,A,0,205050808020,20201121,4,63
18468,1,A,0,204050808020,20201121,4,64
18469,2,A,0,164050808020,20201121,4,65
18470,4,B,1,205050808020,20201121,4,66
18471,3,B,1,205050648020,20201121,4,67
18472,4,B,0,205040648020,20201121,4,68
18473,3,B,0,205040518020,20201121,4,69
18474,4,B,1,205032518020,20201121,4,70
18475,1,A,0,205050808020,20201121,4,71
18476,2,A,0,165050808020,20201121,4,72
18477,1,A,0,164050808020,20201121,4,73
18478,2,A,0,124050808020,20201121,4,74
18479,5,C,1,205050808020,20201121,4,75
18480,6,C,0,205050806420,20201121,4,76
18481,5,C,1,205050806416,20201121,4,77
18482,6,C,0,205050805116,20201121,4,78
18483,5,C,0,205050805112,20201121,4,79
18484,6,C,0,205050804012,20201121,4,80
18485,5,C,0,205050804010,20201121,4,81
18486,6,C,0,205050803210,20201121,4,82
18487,2,A,1,205050808020,20201121,4,83
18488,1,A,0,204050808020,20201121,4,84
18489,2,A,0,164050808020,20201121,4,85
18490,4,B,0,205050808020,20201121,4,86
18491,3,B,0,205050648020,20201121,4,87
18492,4,B,1,205040648020,20201121,4,88
18493,2,A,1,205050808020,20201121,4,89
18494,1,A,0,204050808020,20201121,4,90
18495,2,A,1,164050808020,20201121,4,91
18496,5,C,1,205050808020,20201121,4,92
18497,6,C,0,205050806420,20201121,4,93
18498,5,C,0,205050806416,20201121,4,94
18499,4,B,1,205050808020,20201121,4,95
18500,3,B,1,205050648020,20201121,4,96
18501,4,B,1,205040648020,20201121,4,97
18502,3,B,0,205040518020,20201121,4,98
18503,4,B,0,205032518020,20201121,4,99
18504,2,A,1,205050808020,20201121,4,100
18505,1,A,0,204050808020,20201121,4,101
18506,2,A,0,164050808020,20201121,4,102
18507,5,C,1,205050808020,20201121,4,103
18508,6,C,0,205050806420,20201121,4,104
18509,5,C,1,205050806416,20201121,4,105
18510,4,B,1,205050808020,20201121,4,106
18511,3,B,1,205050648020,20201121,4,107
18512,4,B,1,205040648020,20201121,4,108
18513,3,B,0,205040518020,20201121,4,109
18514,4,B,0,205032518020,20201121,4,110
18515,1,A,0,205050808020,20201121,4,111
18516,2,A,1,165050808020,20201121,4,112
18517,1,A,0,164050808020,20201121,4,113
18518,2,A,1,124050808020,20201121,4,114
18519,5,C,1,205050808020,20201121,4,115
18520,6,C,0,205050806420,20201121,4,116
18521,5,C,1,205050806416,20201121,4,117
18522,4,B,0,205050808020,20201121,4,118
18523,3,B,1,205050648020,20201121,4,119
18524,4,B,1,205040648020,20201121,4,120
18525,3,B,0,205040518020,20201121,4,121
18526,2,A,1,205050808020,20201121,4,122
18527,1,A,0,204050808020,20201121,4,123
18528,2,A,0,164050808020,20201121,4,124
18529,4,B,1,205050808020,20201121,4,125
18530,3,B,1,205050648020,20201121,4,126
18531,4,B,1,205040648020,20201121,4,127
18532,3,B,1,205040518020,20201121,4,128
18533,4,B,1,205032518020,20201121,4,129
18534,3,B,0,205032408020,20201121,4,130
18535,4,B,0,205025408020,20201121,4,131
18536,2,A,0,205050808020,20201121,4,132
18537,1,A,0,204050808020,20201121,4,133
18538,2,A,1,164050808020,20201121,4,134
18539,5,C,1,205050808020,20201121,4,135
18540,4,B,1,205050808020,20201121,4,136
18541,3,B,1,205050648020,20201121,4,137
18542,4,B,1,205040648020,20201121,4,138
18543,3,B,0,205040518020,20201121,4,139
18544,4,B,1,205032518020,20201121,4,140
18545,2,A,0,205050808020,20201121,4,141
18546,1,A,1,204050808020,20201121,4,142
18547,2,A,0,164050808020,20201121,4,143
18548,5,C,1,205050808020,20201121,4,144
18549,4,B,0,205050808020,20201121,4,145
18550,3,B,0,205050648020,20201121,4,146
18551,4,B,1,205040648020,20201121,4,147
18552,3,B,1,205040518020,20201121,4,148
18553,4,B,1,205032518020,20201121,4,149
18554,3,B,1,205032408020,20201121,4,150
18555,4,B,0,205025408020,20201121,4,151
18556,3,B,0,205025328020,20201121,4,152
18557,2,A,0,205050808020,20201121,4,153
18558,1,A,0,204050808020,20201121,4,154
18559,2,A,0,164050808020,20201121,4,155
18560,4,B,0,205050808020,20201121,4,156
18561,3,B,0,205050648020,20201121,4,157
18562,4,B,1,205040648020,20201121,4,158
18563,5,C,1,205050808020,20201121,4,159
18564,6,C,0,205050806420,20201121,4,160
18565,5,C,1,205050806416,20201121,4,161
18566,4,B,1,205050808020,20201121,4,162
18567,3,B,0,205050648020,20201121,4,163
18568,4,B,0,205040648020,20201121,4,164
18569,3,B,0,205040518020,20201121,4,165
18570,4,B,1,205032518020,20201121,4,166
18571,5,C,1,205050808020,20201121,4,167
18572,6,C,1,205050806420,20201121,4,168
18573,5,C,1,205050806416,20201121,4,169
18574,6,C,0,205050805116,20201121,4,170
18575,5,C,1,205050805112,20201121,4,171
18576,4,B,1,205050808020,20201121,4,172
18577,3,B,1,205050648020,20201121,4,173
18578,4,B,1,205040648020,20201121,4,174
18579,3,B,0,205040518020,20201121,4,175
18580,4,B,0,205032518020,20201121,4,176
18581,5,C,0,205050808020,20201121,4,177
18582,6,C,0,205050806420,20201121,4,178
18583,5,C,1,205050806416,20201121,4,179
18584,6,C,0,205050805116,20201121,4,180
18585,5,C,1,205050805112,20201121,4,181
18586,4,B,1,205050808020,20201121,4,182
18587,3,B,1,205050648020,20201121,4,183
18588,4,B,1,205040648020,20201121,4,184
18589,3,B,1,205040518020,20201121,4,185
18590,4,B,1,205032518020,20201121,4,186
18591,3,B,0,205032408020,20201121,4,187
18592,4,B,0,205025408020,20201121,4,188
18593,5,C,1,205050808020,20201121,4,189
18594,6,C,0,205050806420,20201121,4,190
18595,5,C,0,205050806416,20201121,4,191
18596,4,B,1,205050808020,20201121,4,192
18597,3,B,0,205050648020,20201121,4,193
18598,4,B,0,205040648020,20201121,4,194
18599,5,C,1,205050808020,20201121,4,195
18600,2,A,0,205050808020,20201121,4,196
18601,1,A,0,204050808020,20201121,4,197
18602,2,A,0,164050808020,20201121,4,198
18603,4,B,1,205050808020,20201121,4,199
18604,3,B,0,205050648020,20201121,4,200
18605,4,B,0,205040648020,20201121,4,201
18606,3,B,0,205040518020,20201121,4,202
18607,4,B,0,205032518020,20201121,4,203
18608,6,C,0,205050808020,20201121,4,204
18609,5,C,1,205050808016,20201121,4,205
18610,6,C,0,205050806416,20201121,4,206
18611,5,C,1,205050806412,20201121,4,207
18612,4,B,1,205050808020,20201121,4,208
18613,3,B,1,205050648020,20201121,4,209
18614,4,B,1,205040648020,20201121,4,210
18615,3,B,0,205040518020,20201121,4,211
18616,4,B,0,205032518020,20201121,4,212
18617,5,C,0,205050808020,20201121,4,213
18618,6,C,0,205050806420,20201121,4,214
18619,5,C,0,205050806416,20201121,4,215
18620,4,B,1,205050808020,20201121,4,216
18621,3,B,0,205050648020,20201121,4,217
18622,4,B,0,205040648020,20201121,4,218
18623,3,B,0,205040518020,20201121,4,219
18624,4,B,1,205032518020,20201121,4,220
18625,2,A,1,205050808020,20201121,4,221
18626,1,A,0,204050808020,20201121,4,222
18627,2,A,1,164050808020,20201121,4,223
18628,6,C,1,205050808020,20201121,4,224
18629,5,C,1,205050808016,20201121,4,225
18630,6,C,0,205050806416,20201121,4,226
18631,5,C,1,205050806412,20201121,4,227
18632,4,B,1,205050808020,20201121,4,228
18633,3,B,0,205050648020,20201121,4,229
18634,4,B,1,205040648020,20201121,4,230
18635,2,A,0,205050808020,20201121,4,231
18636,1,A,0,204050808020,20201121,4,232
18637,2,A,1,164050808020,20201121,4,233
18638,5,C,1,205050808020,20201121,4,234
18639,6,C,0,205050806420,20201121,4,235
18640,5,C,0,205050806416,20201121,4,236
18641,4,B,1,205050808020,20201121,4,237
18642,3,B,0,205050648020,20201121,4,238
18643,4,B,1,205040648020,20201121,4,239
18644,5,C,1,205050808020,20201121,4,240
18645,6,C,1,205050806420,20201121,4,241
18646,5,C,1,205050806416,20201121,4,242
18647,6,C,0,205050805116,20201121,4,243
18648,5,C,0,205050805112,20201121,4,244
18649,4,B,1,205050808020,20201121,4,245
18650,3,B,0,205050648020,20201121,4,246
18651,4,B,1,205040648020,20201121,4,247
18652,3,B,0,205040518020,20201121,4,248
18653,4,B,1,205032518020,20201121,4,249
18654,1,A,0,205050808020,20201121,4,250
18655,2,A,0,165050808020,20201121,4,251
18656,5,C,1,205050808020,20201121,4,252
18657,4,B,1,205050808020,20201121,4,253
18658,3,B,1,205050648020,20201121,4,254
18659,4,B,0,205040648020,20201121,4,255
18660,3,B,0,205040518020,20201121,4,256
18661,4,B,1,205032518020,20201121,4,257
18662,5,C,1,205050808020,20201121,4,258
18663,4,B,1,205050808020,20201121,4,259
18664,3,B,0,205050648020,20201121,4,260
18665,4,B,0,205040648020,20201121,4,261
18666,3,B,1,205040518020,20201121,4,262
18667,4,B,1,205032518020,20201121,4,263
18668,2,A,1,205050808020,20201121,4,264
18669,1,A,0,204050808020,20201121,4,265
18670,2,A,0,164050808020,20201121,4,266
18671,4,B,1,205050808020,20201121,4,267
18672,3,B,0,205050648020,20201121,4,268
18673,4,B,0,205040648020,20201121,4,269
18674,3,B,0,205040518020,20201121,4,270
18675,4,B,0,205032518020,20201121,4,271
18676,5,C,1,205050808020,20201121,4,272
18677,4,B,1,205050808020,20201121,4,273
18678,3,B,0,205050648020,20201121,4,274
18679,4,B,0,205040648020,20201121,4,275
18680,2,A,0,205050808020,20201121,4,276
18681,1,A,0,204050808020,20201121,4,277
18682,2,A,0,164050808020,20201121,4,278
18683,4,B,0,205050808020,20201121,4,279
18684,5,C,1,205050808020,20201121,4,280
18685,6,C,0,205050806420,20201121,4,281
18686,5,C,0,205050806416,20201121,4,282
18687,6,C,0,205050805116,20201121,4,283
18688,5,C,1,205050805112,20201121,4,284
18689,4,B,1,205050808020,20201121,4,285
18690,3,B,0,205050648020,20201121,4,286
18691,4,B,1,205040648020,20201121,4,287
18692,2,A,0,205050808020,20201121,4,288
18693,1,A,0,204050808020,20201121,4,289
18694,2,A,1,164050808020,20201121,4,290
18695,1,A,0,163250808020,20201121,4,291
18696,2,A,0,123250808020,20201121,4,292
18697,4,B,1,205050808020,20201121,4,293
18698,3,B,0,205050648020,20201121,4,294
18699,4,B,1,205040648020,20201121,4,295
18700,5,C,1,205050808020,20201121,4,296
18701,6,C,0,205050806420,20201121,4,297
18702,5,C,1,205050806416,20201121,4,298
18703,4,B,0,205050808020,20201121,4,299
18704,4,B,0,202080205080,20201121,5,0
18705,3,B,1,202080165080,20201121,5,1
18706,1,A,0,202080205080,20201121,5,2
18707,2,A,0,162080205080,20201121,5,3
18708,1,A,0,161680205080,20201121,5,4
18709,5,C,1,202080205080,20201121,5,5
18710,6,C,1,202080204080,20201121,5,6
18711,5,C,0,202080204064,20201121,5,7
18712,6,C,0,202080203264,20201121,5,8
18713,5,C,1,202080203251,20201121,5,9
18714,4,B,0,202080205080,20201121,5,10
18715,3,B,1,202080165080,20201121,5,11
18716,4,B,0,202064165080,20201121,5,12
18717,3,B,0,202064125080,20201121,5,13
18718,4,B,1,202051125080,20201121,5,14
18719,2,A,0,202080205080,20201121,5,15
18720,1,A,0,201680205080,20201121,5,16
18721,2,A,0,161680205080,20201121,5,17
18722,1,A,0,161280205080,20201121,5,18
18723,5,C,1,202080205080,20201121,5,19
18724,6,C,1,202080204080,20201121,5,20
18725,5,C,1,202080204064,20201121,5,21
18726,6,C,1,202080203264,20201121,5,22
18727,5,C,0,202080203251,20201121,5,23
18728,6,C,0,202080202551,20201121,5,24
18729,5,C,0,202080202540,20201121,5,25
18730,4,B,0,202080205080,20201121,5,26
18731,3,B,0,202080165080,20201121,5,27
18732,4,B,0,202064165080,20201121,5,28
18733,3,B,0,202064125080,20201121,5,29
18734,1,A,0,202080205080,20201121,5,30
18735,2,A,0,162080205080,20201121,5,31
18736,1,A,0,161680205080,20201121,5,32
18737,2,A,0,121680205080,20201121,5,33
18738,5,C,0,202080205080,20201121,5,34
18739,6,C,1,202080204080,20201121,5,35
18740,5,C,0,202080204064,20201121,5,36
18741,6,C,1,202080203264,20201121,5,37
18742,5,C,0,202080203251,20201121,5,38
18743,6,C,1,202080202551,20201121,5,39
18744,4,B,1,202080205080,20201121,5,40
18745,3,B,1,202080165080,20201121,5,41
18746,4,B,0,202064165080,20201121,5,42
18747,3,B,0,202064125080,20201121,5,43
18748,5,C,0,202080205080,20201121,5,44
18749,6,C,1,202080204080,20201121,5,45
18750,5,C,0,202080204064,20201121,5,46
18751,6,C,1,202080203264,20201121,5,47
18752,5,C,1,202080203251,20201121,5,48
18753,6,C,0,202080202551,20201121,5,49
18754,5,C,1,202080202540,20201121,5,50
18755,6,C,1,202080202040,20201121,5,51
18756,5,C,0,202080202032,20201121,5,52
18757,6,C,1,202080201632,20201121,5,53
18758,5,C,0,202080201626,20201121,5,54
18759,6,C,1,202080201326,20201121,5,55
18760,5,C,1,202080201320,20201121,5,56
18761,6,C,0,202080201020,20201121,5,57
18762,5,C,0,202080201016,20201121,5,58
18763,6,C,0,202080200816,20201121,5,59
18764,2,A,1,202080205080,20201121,5,60
18765,1,A,0,201680205080,20201121,5,61
18766,2,A,0,161680205080,20201121,5,62
18767,5,C,1,202080205080,20201121,5,63
18768,6,C,1,202080204080,20201121,5,64
18769,5,C,0,202080204064,20201121,5,65
18770,6,C,1,202080203264,20201121,5,66
18771,5,C,0,202080203251,20201121,5,67
18772,6,C,1,202080202551,20201121,5,68
18773,5,C,0,202080202540,20201121,5,69
18774,6,C,0,202080202040,20201121,5,70
18775,5,C,0,202080202032,20201121,5,71
18776,6,C,0,202080201632,20201121,5,72
18777,4,B,0,202080205080,20201121,5,73
18778,3,B,1,202080165080,20201121,5,74
18779,4,B,0,202064165080,20201121,5,75
18780,3,B,1,202064125080,20201121,5,76
18781,5,C,0,202080205080,20201121,5,77
18782,6,C,1,202080204080,20201121,5,78
18783,5,C,0,202080204064,20201121,5,79
18784,6,C,1,202080203264,20201121,5,80
18785,5,C,1,202080203251,20201121,5,81
18786,6,C,1,202080202551,20201121,5,82
18787,5,C,0,202080202540,20201121,5,83
18788,6,C,0,202080202040,20201121,5,84
18789,5,C,0,202080202032,20201121,5,85
18790,6,C,1,202080201632,20201121,5,86
18791,4,B,0,202080205080,20201121,5,87
18792,3,B,1,202080165080,20201121,5,88
18793,4,B,0,202064165080,20201121,5,89
18794,3,B,0,202064125080,20201121,5,90
18795,6,C,1,202080205080,20201121,5,91
18796,5,C,0,202080205064,20201121,5,92
18797,6,C,0,202080204064,20201121,5,93
18798,5,C,0,202080204051,20201121,5,94
18799,6,C,0,202080203251,20201121,5,95
18800,2,A,0,202080205080,20201121,5,96
18801,1,A,0,201680205080,20201121,5,97
18802,2,A,0,161680205080,20201121,5,98
18803,5,C,0,202080205080,20201121,5,99
18804,6,C,1,202080204080,20201121,5,100
18805,5,C,0,202080204064,20201121,5,101
18806,6,C,0,202080203264,20201121,5,102
18807,5,C,0,202080203251,20201121,5,103
18808,6,C,1,202080202551,20201121,5,104
18809,4,B,1,202080205080,20201121,5,105
18810,3,B,1,202080165080,20201121,5,106
18811,4,B,1,202064165080,20201121,5,107
18812,3,B,1,202064125080,20201121,5,108
18813,4,B,0,202051125080,20201121,5,109
18814,3,B,0,202051105080,20201121,5,110
18815,6,C,1,202080205080,20201121,5,111
18816,5,C,0,202080205064,20201121,5,112
18817,6,C,0,202080204064,20201121,5,113
18818,5,C,1,202080204051,20201121,5,114
18819,6,C,0,202080203251,20201121,5,115
18820,5,C,0,202080203240,20201121,5,116
18821,4,B,0,202080205080,20201121,5,117
18822,3,B,1,202080165080,20201121,5,118
18823,4,B,0,202064165080,20201121,5,119
18824,3,B,1,202064125080,20201121,5,120
18825,6,C,1,202080205080,20201121,5,121
18826,5,C,1,202080205064,20201121,5,122
18827,6,C,0,202080204064,20201121,5,123
18828,5,C,0,202080204051,20201121,5,124
18829,6,C,1,202080203251,20201121,5,125
18830,5,C,0,202080203240,20201121,5,126
18831,6,C,1,202080202540,20201121,5,127
18832,3,B,1,202080205080,20201121,5,128
18833,4,B,0,202064205080,20201121,5,129
18834,3,B,1,202064165080,20201121,5,130
18835,6,C,1,202080205080,20201121,5,131
18836,5,C,0,202080205064,20201121,5,132
18837,6,C,0,202080204064,20201121,5,133
18838,5,C,0,202080204051,20201121,5,134
18839,6,C,0,202080203251,20201121,5,135
18840,4,B,0,202080205080,20201121,5,136
18841,3,B,1,202080165080,20201121,5,137
18842,4,B,0,202064165080,20201121,5,138
18843,3,B,1,202064125080,20201121,5,139
18844,6,C,1,202080205080,20201121,5,140
18845,5,C,1,202080205064,20201121,5,141
18846,6,C,0,202080204064,20201121,5,142
18847,5,C,0,202080204051,20201121,5,143
18848,6,C,1,202080203251,20201121,5,144
18849,5,C,1,202080203240,20201121,5,145
18850,6,C,0,202080202540,20201121,5,146
18851,5,C,0,202080202532,20201121,5,147
18852,6,C,0,202080202032,20201121,5,148
18853,3,B,1,202080205080,20201121,5,149
18854,4,B,1,202064205080,20201121,5,150
18855,3,B,0,202064165080,20201121,5,151
18856,4,B,0,202051165080,20201121,5,152
18857,3,B,1,202051125080,20201121,5,153
18858,6,C,0,202080205080,20201121,5,154
18859,5,C,0,202080205064,20201121,5,155
18860,6,C,1,202080204064,20201121,5,156
18861,5,C,0,202080204051,20201121,5,157
18862,6,C,0,202080203251,20201121,5,158
18863,5,C,1,202080203240,20201121,5,159
18864,6,C,0,202080202540,20201121,5,160
18865,5,C,0,202080202532,20201121,5,161
18866,3,B,1,202080205080,20201121,5,162
18867,4,B,0,202064205080,20201121,5,163
18868,3,B,1,202064165080,20201121,5,164
18869,6,C,1,202080205080,20201121,5,165
18870,5,C,1,202080205064,20201121,5,166
18871,6,C,1,202080204064,20201121,5,167
18872,5,C,0,202080204051,20201121,5,168
18873,6,C,1,202080203251,20201121,5,169
18874,3,B,0,202080205080,20201121,5,170
18875,4,B,0,202064205080,20201121,5,171
18876,3,B,1,202064165080,20201121,5,172
18877,4,B,0,202051165080,20201121,5,173
18878,3,B,0,202051125080,20201121,5,174
18879,4,B,0,202040125080,20201121,5,175
18880,3,B,1,202040105080,20201121,5,176
18881,5,C,1,202080205080,20201121,5,177
18882,6,C,1,202080204080,20201121,5,178
18883,5,C,0,202080204064,20201121,5,179
18884,6,C,0,202080203264,20201121,5,180
18885,5,C,1,202080203251,20201121,5,181
18886,3,B,1,202080205080,20201121,5,182
18887,4,B,1,202064205080,20201121,5,183
18888,3,B,0,202064165080,20201121,5,184
18889,4,B,1,202051165080,20201121,5,185
18890,3,B,0,202051125080,20201121,5,186
18891,4,B,0,202040125080,20201121,5,187
18892,3,B,1,202040105080,20201121,5,188
18893,6,C,1,202080205080,20201121,5,189
18894,5,C,0,202080205064,20201121,5,190
18895,6,C,0,202080204064,20201121,5,191
18896,5,C,0,202080204051,20201121,5,192
18897,6,C,0,202080203251,20201121,5,193
18898,3,B,1,202080205080,20201121,5,194
18899,4,B,0,202064205080,20201121,5,195
18900,3,B,1,202064165080,20201121,5,196
18901,4,B,0,202051165080,20201121,5,197
18902,3,B,1,202051125080,20201121,5,198
18903,5,C,1,202080205080,20201121,5,199
18904,6,C,1,202080204080,20201121,5,200
18905,5,C,0,202080204064,20201121,5,201
18906,6,C,0,202080203264,20201121,5,202
18907,5,C,0,202080203251,20201121,5,203
18908,6,C,0,202080202551,20201121,5,204
18909,3,B,1,202080205080,20201121,5,205
18910,4,B,0,202064205080,20201121,5,206
18911,3,B,0,202064165080,20201121,5,207
18912,4,B,0,202051165080,20201121,5,208
18913,3,B,0,202051125080,20201121,5,209
18914,5,C,0,202080205080,20201121,5,210
18915,6,C,0,202080204080,20201121,5,211
18916,5,C,1,202080204064,20201121,5,212
18917,3,B,1,202080205080,20201121,5,213
18918,4,B,0,202064205080,20201121,5,214
18919,3,B,1,202064165080,20201121,5,215
18920,5,C,0,202080205080,20201121,5,216
18921,6,C,1,202080204080,20201121,5,217
18922,5,C,1,202080204064,20201121,5,218
18923,6,C,1,202080203264,20201121,5,219
18924,5,C,1,202080203251,20201121,5,220
18925,3,B,1,202080205080,20201121,5,221
18926,4,B,0,202064205080,20201121,5,222
18927,3,B,1,202064165080,20201121,5,223
18928,6,C,1,202080205080,20201121,5,224
18929,5,C,1,202080205064,20201121,5,225
18930,6,C,0,202080204064,20201121,5,226
18931,5,C,0,202080204051,20201121,5,227
18932,3,B,0,202080205080,20201121,5,228
18933,4,B,0,202064205080,20201121,5,229
18934,3,B,0,202064165080,20201121,5,230
18935,4,B,0,202051165080,20201121,5,231
18936,3,B,0,202051125080,20201121,5,232
18937,6,C,1,202080205080,20201121,5,233
18938,5,C,0,202080205064,20201121,5,234
18939,6,C,1,202080204064,20201121,5,235
18940,5,C,1,202080204051,20201121,5,236
18941,3,B,1,202080205080,20201121,5,237
18942,4,B,1,202064205080,20201121,5,238
18943,3,B,0,202064165080,20201121,5,239
18944,4,B,1,202051165080,20201121,5,240
18945,3,B,1,202051125080,20201121,5,241
18946,5,C,0,202080205080,20201121,5,242
18947,6,C,1,202080204080,20201121,5,243
18948,5,C,0,202080204064,20201121,5,244
18949,6,C,1,202080203264,20201121,5,245
18950,5,C,0,202080203251,20201121,5,246
18951,6,C,0,202080202551,20201121,5,247
18952,3,B,1,202080205080,20201121,5,248
18953,4,B,1,202064205080,20201121,5,249
18954,3,B,0,202064165080,20201121,5,250
18955,4,B,0,202051165080,20201121,5,251
18956,3,B,1,202051125080,20201121,5,252
18957,6,C,1,202080205080,20201121,5,253
18958,5,C,0,202080205064,20201121,5,254
18959,6,C,1,202080204064,20201121,5,255
18960,5,C,1,202080204051,20201121,5,256
18961,6,C,1,202080203251,20201121,5,257
18962,5,C,0,202080203240,20201121,5,258
18963,6,C,1,202080202540,20201121,5,259
18964,5,C,0,202080202532,20201121,5,260
18965,6,C,0,202080202032,20201121,5,261
18966,3,B,1,202080205080,20201121,5,262
18967,4,B,1,202064205080,20201121,5,263
18968,3,B,0,202064165080,20201121,5,264
18969,4,B,0,202051165080,20201121,5,265
18970,3,B,0,202051125080,20201121,5,266
18971,4,B,0,202040125080,20201121,5,267
18972,3,B,1,202040105080,20201121,5,268
18973,6,C,1,202080205080,20201121,5,269
18974,5,C,0,202080205064,20201121,5,270
18975,6,C,1,202080204064,20201121,5,271
18976,5,C,1,202080204051,20201121,5,272
18977,6,C,0,202080203251,20201121,5,273
18978,5,C,0,202080203240,20201121,5,274
18979,6,C,0,202080202540,20201121,5,275
18980,3,B,0,202080205080,20201121,5,276
18981,4,B,1,202064205080,20201121,5,277
18982,3,B,1,202064165080,20201121,5,278
18983,4,B,0,202051165080,20201121,5,279
18984,3,B,0,202051125080,20201121,5,280
18985,4,B,0,202040125080,20201121,5,281
18986,3,B,0,202040105080,20201121,5,282
18987,6,C,1,202080205080,20201121,5,283
18988,5,C,1,202080205064,20201121,5,284
18989,6,C,1,202080204064,20201121,5,285
18990,5,C,1,202080204051,20201121,5,286
18991,6,C,0,202080203251,20201121,5,287
18992,5,C,0,202080203240,20201121,5,288
18993,3,B,0,202080205080,20201121,5,289
18994,4,B,0,202064205080,20201121,5,290
18995,3,B,1,202064165080,20201121,5,291
18996,4,B,0,202051165080,20201121,5,292
18997,3,B,0,202051125080,20201121,5,293
18998,6,C,1,202080205080,20201121,5,294
18999,5,C,1,202080205064,20201121,5,295
19000,6,C,1,202080204064,20201121,5,296
19001,5,C,1,202080204051,20201121,5,297
19002,6,C,0,202080203251,20201121,5,298
19003,5,C,0,202080203240,20201121,5,299
