,leaf,stem,reward,contingency,date,session,trial
0,4,B,1,805020202050,20201028,1,0
1,1,A,0,805020202050,20201028,1,1
2,2,A,0,805020202050,20201028,1,2
3,3,B,1,805020202050,20201028,1,3
4,4,B,0,805020202050,20201028,1,4
5,5,C,0,805020202050,20201028,1,5
6,6,C,1,805020202050,20201028,1,6
7,1,A,1,805020202050,20201028,1,7
8,2,A,1,805020202050,20201028,1,8
9,3,B,0,805020202050,20201028,1,9
10,4,B,0,805020202050,20201028,1,10
11,3,B,0,805020202050,20201028,1,11
12,5,C,0,805020202050,20201028,1,12
13,6,C,0,805020202050,20201028,1,13
14,1,A,1,805020202050,20201028,1,14
15,2,A,0,805020202050,20201028,1,15
16,3,B,0,805020202050,20201028,1,16
17,4,B,0,805020202050,20201028,1,17
18,3,B,0,805020202050,20201028,1,18
19,4,B,0,805020202050,20201028,1,19
20,3,B,0,805020202050,20201028,1,20
21,4,B,0,805020202050,20201028,1,21
22,6,C,1,805020202050,20201028,1,22
23,5,C,0,805020202050,20201028,1,23
24,6,C,0,805020202050,20201028,1,24
25,1,A,1,805020202050,20201028,1,25
26,2,A,0,805020202050,20201028,1,26
27,1,A,1,805020202050,20201028,1,27
28,2,A,0,805020202050,20201028,1,28
29,1,A,1,805020202050,20201028,1,29
30,2,A,1,805020202050,20201028,1,30
31,1,A,0,805020202050,20201028,1,31
32,3,B,0,805020202050,20201028,1,32
33,4,B,0,805020202050,20201028,1,33
34,5,C,0,805020202050,20201028,1,34
35,6,C,1,805020202050,20201028,1,35
36,5,C,0,805020202050,20201028,1,36
37,6,C,1,805020202050,20201028,1,37
38,5,C,1,805020202050,20201028,1,38
39,6,C,0,805020202050,20201028,1,39
40,5,C,0,805020202050,20201028,1,40
41,6,C,0,805020202050,20201028,1,41
42,4,B,0,805020202050,20201028,1,42
43,3,B,1,805020202050,20201028,1,43
44,1,A,1,805020202050,20201028,1,44
45,2,A,0,805020202050,20201028,1,45
46,1,A,1,805020202050,20201028,1,46
47,2,A,1,805020202050,20201028,1,47
48,1,A,0,805020202050,20201028,1,48
49,2,A,0,805020202050,20201028,1,49
50,1,A,1,805020202050,20201028,1,50
51,2,A,0,805020202050,20201028,1,51
52,1,A,1,805020202050,20201028,1,52
53,2,A,0,805020202050,20201028,1,53
54,1,A,1,805020202050,20201028,1,54
55,2,A,1,805020202050,20201028,1,55
56,1,A,1,805020202050,20201028,1,56
57,2,A,0,805020202050,20201028,1,57
58,1,A,1,805020202050,20201028,1,58
59,2,A,1,805020202050,20201028,1,59
60,1,A,0,202050205080,20201028,1,60
61,2,A,0,202050205080,20201028,1,61
62,1,A,1,202050205080,20201028,1,62
63,2,A,0,202050205080,20201028,1,63
64,1,A,0,202050205080,20201028,1,64
65,2,A,0,202050205080,20201028,1,65
66,1,A,0,202050205080,20201028,1,66
67,2,A,0,202050205080,20201028,1,67
68,1,A,0,202050205080,20201028,1,68
69,5,C,0,202050205080,20201028,1,69
70,6,C,1,202050205080,20201028,1,70
71,5,C,1,202050205080,20201028,1,71
72,6,C,1,202050205080,20201028,1,72
73,4,B,0,202050205080,20201028,1,73
74,3,B,1,202050205080,20201028,1,74
75,4,B,1,202050205080,20201028,1,75
76,3,B,0,202050205080,20201028,1,76
77,1,A,0,202050205080,20201028,1,77
78,2,A,0,202050205080,20201028,1,78
79,1,A,0,202050205080,20201028,1,79
80,2,A,0,202050205080,20201028,1,80
81,1,A,1,202050205080,20201028,1,81
82,2,A,0,202050205080,20201028,1,82
83,1,A,0,202050205080,20201028,1,83
84,2,A,1,202050205080,20201028,1,84
85,1,A,1,202050205080,20201028,1,85
86,2,A,0,202050205080,20201028,1,86
87,1,A,0,202050205080,20201028,1,87
88,5,C,1,202050205080,20201028,1,88
89,6,C,1,202050205080,20201028,1,89
90,5,C,1,202050205080,20201028,1,90
91,6,C,1,202050205080,20201028,1,91
92,5,C,0,202050205080,20201028,1,92
93,6,C,1,202050205080,20201028,1,93
94,5,C,1,202050205080,20201028,1,94
95,6,C,1,202050205080,20201028,1,95
96,5,C,0,202050205080,20201028,1,96
97,6,C,1,202050205080,20201028,1,97
98,5,C,0,202050205080,20201028,1,98
99,6,C,0,202050205080,20201028,1,99
100,5,C,0,202050205080,20201028,1,100
101,6,C,1,202050205080,20201028,1,101
102,5,C,0,202050205080,20201028,1,102
103,6,C,1,202050205080,20201028,1,103
104,5,C,0,202050205080,20201028,1,104
105,6,C,1,202050205080,20201028,1,105
106,1,A,1,202050205080,20201028,1,106
107,2,A,0,202050205080,20201028,1,107
108,1,A,0,202050205080,20201028,1,108
109,2,A,0,202050205080,20201028,1,109
110,1,A,0,202050205080,20201028,1,110
111,2,A,0,202050205080,20201028,1,111
112,1,A,0,202050205080,20201028,1,112
113,3,B,1,202050205080,20201028,1,113
114,4,B,0,202050205080,20201028,1,114
115,3,B,0,202050205080,20201028,1,115
116,4,B,0,202050205080,20201028,1,116
117,3,B,1,202050205080,20201028,1,117
118,6,C,1,202050205080,20201028,1,118
119,5,C,0,202050205080,20201028,1,119
120,6,C,0,208050802020,20201028,1,120
121,5,C,0,208050802020,20201028,1,121
122,6,C,0,208050802020,20201028,1,122
123,5,C,0,208050802020,20201028,1,123
124,6,C,0,208050802020,20201028,1,124
125,1,A,0,208050802020,20201028,1,125
126,2,A,1,208050802020,20201028,1,126
127,1,A,0,208050802020,20201028,1,127
128,2,A,1,208050802020,20201028,1,128
129,1,A,0,208050802020,20201028,1,129
130,2,A,1,208050802020,20201028,1,130
131,1,A,0,208050802020,20201028,1,131
132,2,A,1,208050802020,20201028,1,132
133,1,A,1,208050802020,20201028,1,133
134,2,A,1,208050802020,20201028,1,134
135,1,A,0,208050802020,20201028,1,135
136,2,A,1,208050802020,20201028,1,136
137,1,A,0,208050802020,20201028,1,137
138,2,A,0,208050802020,20201028,1,138
139,1,A,0,208050802020,20201028,1,139
140,2,A,1,208050802020,20201028,1,140
141,3,B,1,208050802020,20201028,1,141
142,4,B,1,208050802020,20201028,1,142
143,3,B,1,208050802020,20201028,1,143
144,4,B,1,208050802020,20201028,1,144
145,3,B,0,208050802020,20201028,1,145
146,4,B,1,208050802020,20201028,1,146
147,3,B,1,208050802020,20201028,1,147
148,4,B,1,208050802020,20201028,1,148
149,3,B,1,208050802020,20201028,1,149
150,4,B,1,208050802020,20201028,1,150
151,3,B,1,208050802020,20201028,1,151
152,4,B,0,208050802020,20201028,1,152
153,3,B,1,208050802020,20201028,1,153
154,4,B,1,208050802020,20201028,1,154
155,5,C,0,208050802020,20201028,1,155
156,6,C,0,208050802020,20201028,1,156
157,5,C,0,208050802020,20201028,1,157
158,6,C,0,208050802020,20201028,1,158
159,5,C,0,208050802020,20201028,1,159
160,6,C,0,208050802020,20201028,1,160
161,1,A,0,208050802020,20201028,1,161
162,2,A,1,208050802020,20201028,1,162
163,1,A,1,208050802020,20201028,1,163
164,2,A,1,208050802020,20201028,1,164
165,1,A,1,208050802020,20201028,1,165
166,2,A,1,208050802020,20201028,1,166
167,1,A,1,208050802020,20201028,1,167
168,2,A,1,208050802020,20201028,1,168
169,1,A,1,208050802020,20201028,1,169
170,2,A,0,208050802020,20201028,1,170
171,1,A,0,208050802020,20201028,1,171
172,2,A,1,208050802020,20201028,1,172
173,1,A,0,208050802020,20201028,1,173
174,2,A,0,208050802020,20201028,1,174
175,1,A,0,208050802020,20201028,1,175
176,2,A,0,208050802020,20201028,1,176
177,1,A,0,208050802020,20201028,1,177
178,2,A,1,208050802020,20201028,1,178
179,1,A,0,208050802020,20201028,1,179
180,5,C,0,502020805080,20201028,2,0
181,6,C,0,502020805080,20201028,2,1
182,1,A,1,502020805080,20201028,2,2
183,2,A,0,502020805080,20201028,2,3
184,1,A,0,502020805080,20201028,2,4
185,2,A,0,502020805080,20201028,2,5
186,3,B,0,502020805080,20201028,2,6
187,4,B,1,502020805080,20201028,2,7
188,5,C,0,502020805080,20201028,2,8
189,6,C,1,502020805080,20201028,2,9
190,3,B,0,502020805080,20201028,2,10
191,4,B,1,502020805080,20201028,2,11
192,1,A,1,502020805080,20201028,2,12
193,2,A,0,502020805080,20201028,2,13
194,1,A,0,502020805080,20201028,2,14
195,2,A,0,502020805080,20201028,2,15
196,4,B,1,502020805080,20201028,2,16
197,3,B,0,502020805080,20201028,2,17
198,2,A,0,502020805080,20201028,2,18
199,1,A,0,502020805080,20201028,2,19
200,6,C,0,502020805080,20201028,2,20
201,5,C,1,502020805080,20201028,2,21
202,6,C,1,502020805080,20201028,2,22
203,1,A,1,502020805080,20201028,2,23
204,2,A,0,502020805080,20201028,2,24
205,1,A,0,502020805080,20201028,2,25
206,2,A,0,502020805080,20201028,2,26
207,1,A,0,502020805080,20201028,2,27
208,3,B,0,502020805080,20201028,2,28
209,4,B,1,502020805080,20201028,2,29
210,3,B,0,502020805080,20201028,2,30
211,1,A,0,502020805080,20201028,2,31
212,2,A,0,502020805080,20201028,2,32
213,5,C,1,502020805080,20201028,2,33
214,6,C,1,502020805080,20201028,2,34
215,5,C,0,502020805080,20201028,2,35
216,6,C,1,502020805080,20201028,2,36
217,5,C,1,502020805080,20201028,2,37
218,6,C,1,502020805080,20201028,2,38
219,1,A,1,502020805080,20201028,2,39
220,2,A,0,502020805080,20201028,2,40
221,1,A,0,502020805080,20201028,2,41
222,3,B,0,502020805080,20201028,2,42
223,4,B,1,502020805080,20201028,2,43
224,3,B,0,502020805080,20201028,2,44
225,4,B,1,502020805080,20201028,2,45
226,3,B,0,502020805080,20201028,2,46
227,4,B,1,502020805080,20201028,2,47
228,3,B,0,502020805080,20201028,2,48
229,5,C,1,502020805080,20201028,2,49
230,6,C,1,502020805080,20201028,2,50
231,5,C,0,502020805080,20201028,2,51
232,6,C,1,502020805080,20201028,2,52
233,5,C,1,502020805080,20201028,2,53
234,6,C,0,502020805080,20201028,2,54
235,5,C,1,502020805080,20201028,2,55
236,6,C,1,502020805080,20201028,2,56
237,5,C,0,502020805080,20201028,2,57
238,6,C,1,502020805080,20201028,2,58
239,5,C,1,502020805080,20201028,2,59
240,6,C,0,505050202020,20201028,2,60
241,5,C,0,505050202020,20201028,2,61
242,6,C,0,505050202020,20201028,2,62
243,1,A,0,505050202020,20201028,2,63
244,2,A,0,505050202020,20201028,2,64
245,1,A,0,505050202020,20201028,2,65
246,4,B,0,505050202020,20201028,2,66
247,3,B,1,505050202020,20201028,2,67
248,4,B,0,505050202020,20201028,2,68
249,3,B,0,505050202020,20201028,2,69
250,5,C,0,505050202020,20201028,2,70
251,6,C,0,505050202020,20201028,2,71
252,5,C,0,505050202020,20201028,2,72
253,1,A,1,505050202020,20201028,2,73
254,2,A,0,505050202020,20201028,2,74
255,1,A,0,505050202020,20201028,2,75
256,2,A,0,505050202020,20201028,2,76
257,3,B,0,505050202020,20201028,2,77
258,4,B,0,505050202020,20201028,2,78
259,3,B,0,505050202020,20201028,2,79
260,4,B,0,505050202020,20201028,2,80
261,5,C,0,505050202020,20201028,2,81
262,6,C,0,505050202020,20201028,2,82
263,5,C,0,505050202020,20201028,2,83
264,6,C,0,505050202020,20201028,2,84
265,1,A,0,505050202020,20201028,2,85
266,2,A,1,505050202020,20201028,2,86
267,1,A,1,505050202020,20201028,2,87
268,2,A,0,505050202020,20201028,2,88
269,1,A,1,505050202020,20201028,2,89
270,2,A,0,505050202020,20201028,2,90
271,1,A,0,505050202020,20201028,2,91
272,2,A,1,505050202020,20201028,2,92
273,1,A,0,505050202020,20201028,2,93
274,2,A,0,505050202020,20201028,2,94
275,1,A,1,505050202020,20201028,2,95
276,2,A,0,505050202020,20201028,2,96
277,1,A,0,505050202020,20201028,2,97
278,2,A,1,505050202020,20201028,2,98
279,1,A,1,505050202020,20201028,2,99
280,2,A,0,505050202020,20201028,2,100
281,1,A,1,505050202020,20201028,2,101
282,2,A,0,505050202020,20201028,2,102
283,1,A,1,505050202020,20201028,2,103
284,2,A,1,505050202020,20201028,2,104
285,1,A,1,505050202020,20201028,2,105
286,2,A,1,505050202020,20201028,2,106
287,1,A,0,505050202020,20201028,2,107
288,2,A,1,505050202020,20201028,2,108
289,1,A,0,505050202020,20201028,2,109
290,2,A,0,505050202020,20201028,2,110
291,1,A,1,505050202020,20201028,2,111
292,2,A,0,505050202020,20201028,2,112
293,1,A,0,505050202020,20201028,2,113
294,2,A,1,505050202020,20201028,2,114
295,1,A,1,505050202020,20201028,2,115
296,2,A,1,505050202020,20201028,2,116
297,1,A,1,505050202020,20201028,2,117
298,2,A,1,505050202020,20201028,2,118
299,1,A,1,505050202020,20201028,2,119
300,2,A,1,205080502020,20201028,2,120
301,1,A,0,205080502020,20201028,2,121
302,2,A,0,205080502020,20201028,2,122
303,1,A,0,205080502020,20201028,2,123
304,2,A,0,205080502020,20201028,2,124
305,1,A,1,205080502020,20201028,2,125
306,2,A,1,205080502020,20201028,2,126
307,1,A,0,205080502020,20201028,2,127
308,2,A,0,205080502020,20201028,2,128
309,1,A,0,205080502020,20201028,2,129
310,2,A,0,205080502020,20201028,2,130
311,3,B,1,205080502020,20201028,2,131
312,4,B,0,205080502020,20201028,2,132
313,3,B,1,205080502020,20201028,2,133
314,4,B,1,205080502020,20201028,2,134
315,3,B,1,205080502020,20201028,2,135
316,4,B,1,205080502020,20201028,2,136
317,3,B,1,205080502020,20201028,2,137
318,4,B,1,205080502020,20201028,2,138
319,3,B,1,205080502020,20201028,2,139
320,4,B,0,205080502020,20201028,2,140
321,3,B,1,205080502020,20201028,2,141
322,4,B,0,205080502020,20201028,2,142
323,3,B,1,205080502020,20201028,2,143
324,4,B,1,205080502020,20201028,2,144
325,3,B,1,205080502020,20201028,2,145
326,4,B,0,205080502020,20201028,2,146
327,3,B,1,205080502020,20201028,2,147
328,4,B,0,205080502020,20201028,2,148
329,3,B,1,205080502020,20201028,2,149
330,4,B,1,205080502020,20201028,2,150
331,3,B,1,205080502020,20201028,2,151
332,4,B,1,205080502020,20201028,2,152
333,3,B,1,205080502020,20201028,2,153
334,4,B,1,205080502020,20201028,2,154
335,3,B,1,205080502020,20201028,2,155
336,4,B,0,205080502020,20201028,2,156
337,3,B,0,205080502020,20201028,2,157
338,4,B,1,205080502020,20201028,2,158
339,3,B,1,205080502020,20201028,2,159
340,4,B,1,205080502020,20201028,2,160
341,3,B,1,205080502020,20201028,2,161
342,4,B,1,205080502020,20201028,2,162
343,3,B,1,205080502020,20201028,2,163
344,4,B,1,205080502020,20201028,2,164
345,3,B,0,205080502020,20201028,2,165
346,4,B,0,205080502020,20201028,2,166
347,3,B,1,205080502020,20201028,2,167
348,4,B,0,205080502020,20201028,2,168
349,3,B,1,205080502020,20201028,2,169
350,4,B,0,205080502020,20201028,2,170
351,3,B,0,205080502020,20201028,2,171
352,4,B,0,205080502020,20201028,2,172
353,5,C,1,205080502020,20201028,2,173
354,6,C,0,205080502020,20201028,2,174
355,5,C,0,205080502020,20201028,2,175
356,6,C,0,205080502020,20201028,2,176
357,5,C,0,205080502020,20201028,2,177
358,6,C,0,205080502020,20201028,2,178
359,1,A,1,205080502020,20201028,2,179
360,6,C,1,202080502080,20201028,3,0
361,5,C,0,202080502080,20201028,3,1
362,1,A,0,202080502080,20201028,3,2
363,2,A,0,202080502080,20201028,3,3
364,1,A,0,202080502080,20201028,3,4
365,2,A,0,202080502080,20201028,3,5
366,3,B,1,202080502080,20201028,3,6
367,4,B,0,202080502080,20201028,3,7
368,3,B,1,202080502080,20201028,3,8
369,4,B,0,202080502080,20201028,3,9
370,5,C,0,202080502080,20201028,3,10
371,6,C,1,202080502080,20201028,3,11
372,5,C,0,202080502080,20201028,3,12
373,6,C,1,202080502080,20201028,3,13
374,3,B,1,202080502080,20201028,3,14
375,4,B,1,202080502080,20201028,3,15
376,3,B,0,202080502080,20201028,3,16
377,4,B,1,202080502080,20201028,3,17
378,3,B,1,202080502080,20201028,3,18
379,4,B,0,202080502080,20201028,3,19
380,1,A,1,202080502080,20201028,3,20
381,2,A,0,202080502080,20201028,3,21
382,1,A,0,202080502080,20201028,3,22
383,2,A,0,202080502080,20201028,3,23
384,3,B,1,202080502080,20201028,3,24
385,4,B,0,202080502080,20201028,3,25
386,3,B,0,202080502080,20201028,3,26
387,5,C,1,202080502080,20201028,3,27
388,6,C,1,202080502080,20201028,3,28
389,5,C,0,202080502080,20201028,3,29
390,6,C,1,202080502080,20201028,3,30
391,5,C,0,202080502080,20201028,3,31
392,6,C,1,202080502080,20201028,3,32
393,5,C,0,202080502080,20201028,3,33
394,6,C,1,202080502080,20201028,3,34
395,5,C,0,202080502080,20201028,3,35
396,6,C,1,202080502080,20201028,3,36
397,5,C,0,202080502080,20201028,3,37
398,6,C,1,202080502080,20201028,3,38
399,5,C,0,202080502080,20201028,3,39
400,6,C,0,202080502080,20201028,3,40
401,1,A,0,202080502080,20201028,3,41
402,2,A,0,202080502080,20201028,3,42
403,1,A,0,202080502080,20201028,3,43
404,2,A,0,202080502080,20201028,3,44
405,3,B,0,202080502080,20201028,3,45
406,4,B,0,202080502080,20201028,3,46
407,3,B,1,202080502080,20201028,3,47
408,4,B,1,202080502080,20201028,3,48
409,3,B,1,202080502080,20201028,3,49
410,4,B,0,202080502080,20201028,3,50
411,3,B,1,202080502080,20201028,3,51
412,4,B,0,202080502080,20201028,3,52
413,3,B,1,202080502080,20201028,3,53
414,4,B,0,202080502080,20201028,3,54
415,3,B,1,202080502080,20201028,3,55
416,4,B,1,202080502080,20201028,3,56
417,3,B,1,202080502080,20201028,3,57
418,4,B,0,202080502080,20201028,3,58
419,3,B,0,202080502080,20201028,3,59
420,4,B,0,805020502020,20201028,3,60
421,3,B,1,805020502020,20201028,3,61
422,4,B,1,805020502020,20201028,3,62
423,3,B,0,805020502020,20201028,3,63
424,4,B,0,805020502020,20201028,3,64
425,3,B,0,805020502020,20201028,3,65
426,5,C,0,805020502020,20201028,3,66
427,6,C,0,805020502020,20201028,3,67
428,1,A,0,805020502020,20201028,3,68
429,2,A,1,805020502020,20201028,3,69
430,1,A,0,805020502020,20201028,3,70
431,2,A,1,805020502020,20201028,3,71
432,1,A,1,805020502020,20201028,3,72
433,2,A,1,805020502020,20201028,3,73
434,1,A,1,805020502020,20201028,3,74
435,2,A,1,805020502020,20201028,3,75
436,1,A,1,805020502020,20201028,3,76
437,2,A,1,805020502020,20201028,3,77
438,1,A,1,805020502020,20201028,3,78
439,2,A,0,805020502020,20201028,3,79
440,1,A,1,805020502020,20201028,3,80
441,2,A,1,805020502020,20201028,3,81
442,1,A,1,805020502020,20201028,3,82
443,2,A,1,805020502020,20201028,3,83
444,1,A,1,805020502020,20201028,3,84
445,2,A,0,805020502020,20201028,3,85
446,1,A,1,805020502020,20201028,3,86
447,2,A,0,805020502020,20201028,3,87
448,1,A,1,805020502020,20201028,3,88
449,2,A,0,805020502020,20201028,3,89
450,1,A,1,805020502020,20201028,3,90
451,2,A,0,805020502020,20201028,3,91
452,1,A,0,805020502020,20201028,3,92
453,2,A,1,805020502020,20201028,3,93
454,1,A,1,805020502020,20201028,3,94
455,2,A,0,805020502020,20201028,3,95
456,1,A,1,805020502020,20201028,3,96
457,2,A,1,805020502020,20201028,3,97
458,1,A,1,805020502020,20201028,3,98
459,2,A,0,805020502020,20201028,3,99
460,1,A,0,805020502020,20201028,3,100
461,2,A,1,805020502020,20201028,3,101
462,1,A,1,805020502020,20201028,3,102
463,2,A,0,805020502020,20201028,3,103
464,1,A,1,805020502020,20201028,3,104
465,2,A,0,805020502020,20201028,3,105
466,1,A,0,805020502020,20201028,3,106
467,2,A,0,805020502020,20201028,3,107
468,3,B,0,805020502020,20201028,3,108
469,4,B,1,805020502020,20201028,3,109
470,3,B,0,805020502020,20201028,3,110
471,4,B,0,805020502020,20201028,3,111
472,3,B,0,805020502020,20201028,3,112
473,4,B,0,805020502020,20201028,3,113
474,3,B,0,805020502020,20201028,3,114
475,5,C,1,805020502020,20201028,3,115
476,6,C,0,805020502020,20201028,3,116
477,5,C,0,805020502020,20201028,3,117
478,6,C,0,805020502020,20201028,3,118
479,1,A,1,805020502020,20201028,3,119
480,2,A,0,205020508050,20201028,3,120
481,1,A,0,205020508050,20201028,3,121
482,2,A,0,205020508050,20201028,3,122
483,1,A,0,205020508050,20201028,3,123
484,2,A,0,205020508050,20201028,3,124
485,1,A,0,205020508050,20201028,3,125
486,2,A,0,205020508050,20201028,3,126
487,1,A,0,205020508050,20201028,3,127
488,2,A,1,205020508050,20201028,3,128
489,1,A,0,205020508050,20201028,3,129
490,3,B,1,205020508050,20201028,3,130
491,4,B,1,205020508050,20201028,3,131
492,3,B,0,205020508050,20201028,3,132
493,4,B,1,205020508050,20201028,3,133
494,3,B,0,205020508050,20201028,3,134
495,4,B,1,205020508050,20201028,3,135
496,3,B,0,205020508050,20201028,3,136
497,4,B,0,205020508050,20201028,3,137
498,3,B,0,205020508050,20201028,3,138
499,4,B,1,205020508050,20201028,3,139
500,3,B,0,205020508050,20201028,3,140
501,4,B,0,205020508050,20201028,3,141
502,5,C,1,205020508050,20201028,3,142
503,6,C,0,205020508050,20201028,3,143
504,5,C,1,205020508050,20201028,3,144
505,6,C,1,205020508050,20201028,3,145
506,5,C,1,205020508050,20201028,3,146
507,6,C,1,205020508050,20201028,3,147
508,5,C,1,205020508050,20201028,3,148
509,6,C,0,205020508050,20201028,3,149
510,5,C,1,205020508050,20201028,3,150
511,6,C,1,205020508050,20201028,3,151
512,5,C,1,205020508050,20201028,3,152
513,6,C,0,205020508050,20201028,3,153
514,5,C,1,205020508050,20201028,3,154
515,6,C,1,205020508050,20201028,3,155
516,5,C,1,205020508050,20201028,3,156
517,6,C,1,205020508050,20201028,3,157
518,5,C,1,205020508050,20201028,3,158
519,6,C,1,205020508050,20201028,3,159
520,5,C,1,205020508050,20201028,3,160
521,6,C,0,205020508050,20201028,3,161
522,5,C,0,205020508050,20201028,3,162
523,6,C,0,205020508050,20201028,3,163
524,5,C,1,205020508050,20201028,3,164
525,6,C,1,205020508050,20201028,3,165
526,5,C,1,205020508050,20201028,3,166
527,6,C,1,205020508050,20201028,3,167
528,5,C,1,205020508050,20201028,3,168
529,6,C,0,205020508050,20201028,3,169
530,5,C,1,205020508050,20201028,3,170
531,6,C,0,205020508050,20201028,3,171
532,5,C,1,205020508050,20201028,3,172
533,6,C,1,205020508050,20201028,3,173
534,5,C,1,205020508050,20201028,3,174
535,6,C,0,205020508050,20201028,3,175
536,5,C,1,205020508050,20201028,3,176
537,6,C,0,205020508050,20201028,3,177
538,5,C,1,205020508050,20201028,3,178
539,6,C,1,205020508050,20201028,3,179
540,6,C,0,508050208020,20201028,4,0
541,5,C,1,508050208020,20201028,4,1
542,6,C,0,508050208020,20201028,4,2
543,1,A,0,508050208020,20201028,4,3
544,3,B,0,508050208020,20201028,4,4
545,4,B,0,508050208020,20201028,4,5
546,3,B,0,508050208020,20201028,4,6
547,4,B,0,508050208020,20201028,4,7
548,5,C,1,508050208020,20201028,4,8
549,6,C,1,508050208020,20201028,4,9
550,5,C,1,508050208020,20201028,4,10
551,6,C,0,508050208020,20201028,4,11
552,5,C,0,508050208020,20201028,4,12
553,6,C,0,508050208020,20201028,4,13
554,5,C,1,508050208020,20201028,4,14
555,1,A,0,508050208020,20201028,4,15
556,2,A,1,508050208020,20201028,4,16
557,1,A,1,508050208020,20201028,4,17
558,2,A,1,508050208020,20201028,4,18
559,1,A,1,508050208020,20201028,4,19
560,2,A,1,508050208020,20201028,4,20
561,1,A,0,508050208020,20201028,4,21
562,3,B,0,508050208020,20201028,4,22
563,4,B,0,508050208020,20201028,4,23
564,5,C,1,508050208020,20201028,4,24
565,6,C,1,508050208020,20201028,4,25
566,5,C,1,508050208020,20201028,4,26
567,6,C,0,508050208020,20201028,4,27
568,5,C,1,508050208020,20201028,4,28
569,6,C,1,508050208020,20201028,4,29
570,5,C,1,508050208020,20201028,4,30
571,6,C,0,508050208020,20201028,4,31
572,5,C,1,508050208020,20201028,4,32
573,6,C,1,508050208020,20201028,4,33
574,5,C,1,508050208020,20201028,4,34
575,6,C,0,508050208020,20201028,4,35
576,5,C,1,508050208020,20201028,4,36
577,6,C,0,508050208020,20201028,4,37
578,5,C,1,508050208020,20201028,4,38
579,6,C,0,508050208020,20201028,4,39
580,5,C,1,508050208020,20201028,4,40
581,1,A,0,508050208020,20201028,4,41
582,2,A,0,508050208020,20201028,4,42
583,1,A,1,508050208020,20201028,4,43
584,2,A,1,508050208020,20201028,4,44
585,1,A,0,508050208020,20201028,4,45
586,2,A,1,508050208020,20201028,4,46
587,1,A,0,508050208020,20201028,4,47
588,2,A,1,508050208020,20201028,4,48
589,1,A,1,508050208020,20201028,4,49
590,2,A,0,508050208020,20201028,4,50
591,1,A,0,508050208020,20201028,4,51
592,2,A,1,508050208020,20201028,4,52
593,1,A,1,508050208020,20201028,4,53
594,2,A,1,508050208020,20201028,4,54
595,1,A,1,508050208020,20201028,4,55
596,2,A,0,508050208020,20201028,4,56
597,1,A,1,508050208020,20201028,4,57
598,2,A,0,508050208020,20201028,4,58
599,1,A,1,508050208020,20201028,4,59
600,2,A,0,502050802080,20201028,4,60
601,1,A,0,502050802080,20201028,4,61
602,2,A,1,502050802080,20201028,4,62
603,1,A,1,502050802080,20201028,4,63
604,2,A,1,502050802080,20201028,4,64
605,1,A,1,502050802080,20201028,4,65
606,2,A,0,502050802080,20201028,4,66
607,1,A,1,502050802080,20201028,4,67
608,2,A,0,502050802080,20201028,4,68
609,1,A,1,502050802080,20201028,4,69
610,2,A,0,502050802080,20201028,4,70
611,1,A,1,502050802080,20201028,4,71
612,3,B,1,502050802080,20201028,4,72
613,4,B,1,502050802080,20201028,4,73
614,3,B,1,502050802080,20201028,4,74
615,4,B,1,502050802080,20201028,4,75
616,3,B,1,502050802080,20201028,4,76
617,4,B,0,502050802080,20201028,4,77
618,3,B,1,502050802080,20201028,4,78
619,5,C,1,502050802080,20201028,4,79
620,6,C,1,502050802080,20201028,4,80
621,5,C,0,502050802080,20201028,4,81
622,6,C,1,502050802080,20201028,4,82
623,5,C,0,502050802080,20201028,4,83
624,6,C,1,502050802080,20201028,4,84
625,5,C,1,502050802080,20201028,4,85
626,6,C,1,502050802080,20201028,4,86
627,5,C,1,502050802080,20201028,4,87
628,6,C,1,502050802080,20201028,4,88
629,5,C,1,502050802080,20201028,4,89
630,6,C,0,502050802080,20201028,4,90
631,5,C,0,502050802080,20201028,4,91
632,6,C,1,502050802080,20201028,4,92
633,5,C,0,502050802080,20201028,4,93
634,6,C,1,502050802080,20201028,4,94
635,5,C,0,502050802080,20201028,4,95
636,6,C,1,502050802080,20201028,4,96
637,5,C,0,502050802080,20201028,4,97
638,6,C,0,502050802080,20201028,4,98
639,5,C,1,502050802080,20201028,4,99
640,6,C,1,502050802080,20201028,4,100
641,5,C,0,502050802080,20201028,4,101
642,6,C,0,502050802080,20201028,4,102
643,5,C,0,502050802080,20201028,4,103
644,1,A,0,502050802080,20201028,4,104
645,2,A,0,502050802080,20201028,4,105
646,1,A,1,502050802080,20201028,4,106
647,2,A,0,502050802080,20201028,4,107
648,1,A,1,502050802080,20201028,4,108
649,2,A,0,502050802080,20201028,4,109
650,1,A,1,502050802080,20201028,4,110
651,2,A,0,502050802080,20201028,4,111
652,1,A,0,502050802080,20201028,4,112
653,3,B,0,502050802080,20201028,4,113
654,4,B,1,502050802080,20201028,4,114
655,3,B,0,502050802080,20201028,4,115
656,4,B,1,502050802080,20201028,4,116
657,3,B,1,502050802080,20201028,4,117
658,4,B,1,502050802080,20201028,4,118
659,3,B,1,502050802080,20201028,4,119
660,4,B,1,802050202020,20201028,4,120
661,3,B,1,802050202020,20201028,4,121
662,4,B,0,802050202020,20201028,4,122
663,3,B,0,802050202020,20201028,4,123
664,4,B,1,802050202020,20201028,4,124
665,3,B,0,802050202020,20201028,4,125
666,4,B,0,802050202020,20201028,4,126
667,3,B,1,802050202020,20201028,4,127
668,5,C,0,802050202020,20201028,4,128
669,6,C,0,802050202020,20201028,4,129
670,5,C,0,802050202020,20201028,4,130
671,6,C,0,802050202020,20201028,4,131
672,5,C,1,802050202020,20201028,4,132
673,6,C,1,802050202020,20201028,4,133
674,5,C,1,802050202020,20201028,4,134
675,6,C,0,802050202020,20201028,4,135
676,5,C,0,802050202020,20201028,4,136
677,6,C,0,802050202020,20201028,4,137
678,5,C,0,802050202020,20201028,4,138
679,6,C,0,802050202020,20201028,4,139
680,5,C,0,802050202020,20201028,4,140
681,1,A,1,802050202020,20201028,4,141
682,2,A,1,802050202020,20201028,4,142
683,1,A,1,802050202020,20201028,4,143
684,2,A,0,802050202020,20201028,4,144
685,1,A,1,802050202020,20201028,4,145
686,2,A,0,802050202020,20201028,4,146
687,1,A,0,802050202020,20201028,4,147
688,2,A,1,802050202020,20201028,4,148
689,1,A,1,802050202020,20201028,4,149
690,2,A,1,802050202020,20201028,4,150
691,1,A,1,802050202020,20201028,4,151
692,2,A,1,802050202020,20201028,4,152
693,1,A,1,802050202020,20201028,4,153
694,2,A,0,802050202020,20201028,4,154
695,1,A,1,802050202020,20201028,4,155
696,2,A,1,802050202020,20201028,4,156
697,1,A,1,802050202020,20201028,4,157
698,2,A,0,802050202020,20201028,4,158
699,1,A,1,802050202020,20201028,4,159
700,2,A,0,802050202020,20201028,4,160
701,1,A,1,802050202020,20201028,4,161
702,2,A,0,802050202020,20201028,4,162
703,1,A,0,802050202020,20201028,4,163
704,2,A,0,802050202020,20201028,4,164
705,1,A,1,802050202020,20201028,4,165
706,2,A,0,802050202020,20201028,4,166
707,1,A,1,802050202020,20201028,4,167
708,2,A,0,802050202020,20201028,4,168
709,1,A,1,802050202020,20201028,4,169
710,2,A,0,802050202020,20201028,4,170
711,1,A,1,802050202020,20201028,4,171
712,2,A,0,802050202020,20201028,4,172
713,1,A,1,802050202020,20201028,4,173
714,2,A,1,802050202020,20201028,4,174
715,1,A,1,802050202020,20201028,4,175
716,2,A,1,802050202020,20201028,4,176
717,1,A,0,802050202020,20201028,4,177
718,2,A,0,802050202020,20201028,4,178
719,1,A,0,802050202020,20201028,4,179
720,3,B,0,202020505080,20201029,1,0
721,4,B,1,202020505080,20201029,1,1
722,5,C,1,202020505080,20201029,1,2
723,6,C,1,202020505080,20201029,1,3
724,5,C,0,202020505080,20201029,1,4
725,6,C,1,202020505080,20201029,1,5
726,1,A,0,202020505080,20201029,1,6
727,2,A,0,202020505080,20201029,1,7
728,1,A,1,202020505080,20201029,1,8
729,2,A,0,202020505080,20201029,1,9
730,3,B,0,202020505080,20201029,1,10
731,4,B,1,202020505080,20201029,1,11
732,5,C,1,202020505080,20201029,1,12
733,6,C,1,202020505080,20201029,1,13
734,1,A,0,202020505080,20201029,1,14
735,2,A,1,202020505080,20201029,1,15
736,1,A,0,202020505080,20201029,1,16
737,2,A,1,202020505080,20201029,1,17
738,1,A,0,202020505080,20201029,1,18
739,2,A,0,202020505080,20201029,1,19
740,3,B,0,202020505080,20201029,1,20
741,4,B,1,202020505080,20201029,1,21
742,3,B,0,202020505080,20201029,1,22
743,4,B,0,202020505080,20201029,1,23
744,5,C,1,202020505080,20201029,1,24
745,6,C,1,202020505080,20201029,1,25
746,5,C,0,202020505080,20201029,1,26
747,6,C,1,202020505080,20201029,1,27
748,5,C,0,202020505080,20201029,1,28
749,6,C,1,202020505080,20201029,1,29
750,5,C,0,202020505080,20201029,1,30
751,6,C,1,202020505080,20201029,1,31
752,1,A,0,202020505080,20201029,1,32
753,2,A,0,202020505080,20201029,1,33
754,1,A,0,202020505080,20201029,1,34
755,2,A,0,202020505080,20201029,1,35
756,1,A,1,202020505080,20201029,1,36
757,2,A,0,202020505080,20201029,1,37
758,3,B,1,202020505080,20201029,1,38
759,4,B,0,202020505080,20201029,1,39
760,3,B,0,202020505080,20201029,1,40
761,4,B,1,202020505080,20201029,1,41
762,3,B,1,202020505080,20201029,1,42
763,4,B,1,202020505080,20201029,1,43
764,3,B,0,202020505080,20201029,1,44
765,4,B,1,202020505080,20201029,1,45
766,3,B,1,202020505080,20201029,1,46
767,4,B,1,202020505080,20201029,1,47
768,3,B,0,202020505080,20201029,1,48
769,4,B,0,202020505080,20201029,1,49
770,3,B,0,202020505080,20201029,1,50
771,4,B,0,202020505080,20201029,1,51
772,5,C,0,202020505080,20201029,1,52
773,6,C,0,202020505080,20201029,1,53
774,5,C,0,202020505080,20201029,1,54
775,6,C,1,202020505080,20201029,1,55
776,1,A,0,202020505080,20201029,1,56
777,2,A,0,202020505080,20201029,1,57
778,1,A,0,202020505080,20201029,1,58
779,2,A,0,202020505080,20201029,1,59
780,1,A,1,502080502020,20201029,1,60
781,2,A,0,502080502020,20201029,1,61
782,3,B,1,502080502020,20201029,1,62
783,4,B,1,502080502020,20201029,1,63
784,3,B,1,502080502020,20201029,1,64
785,4,B,1,502080502020,20201029,1,65
786,3,B,1,502080502020,20201029,1,66
787,4,B,1,502080502020,20201029,1,67
788,3,B,1,502080502020,20201029,1,68
789,4,B,1,502080502020,20201029,1,69
790,3,B,0,502080502020,20201029,1,70
791,4,B,0,502080502020,20201029,1,71
792,3,B,1,502080502020,20201029,1,72
793,4,B,1,502080502020,20201029,1,73
794,3,B,1,502080502020,20201029,1,74
795,4,B,1,502080502020,20201029,1,75
796,3,B,0,502080502020,20201029,1,76
797,4,B,0,502080502020,20201029,1,77
798,3,B,1,502080502020,20201029,1,78
799,4,B,0,502080502020,20201029,1,79
800,3,B,1,502080502020,20201029,1,80
801,4,B,0,502080502020,20201029,1,81
802,3,B,1,502080502020,20201029,1,82
803,4,B,0,502080502020,20201029,1,83
804,3,B,1,502080502020,20201029,1,84
805,4,B,1,502080502020,20201029,1,85
806,3,B,0,502080502020,20201029,1,86
807,4,B,0,502080502020,20201029,1,87
808,3,B,1,502080502020,20201029,1,88
809,4,B,1,502080502020,20201029,1,89
810,3,B,1,502080502020,20201029,1,90
811,4,B,0,502080502020,20201029,1,91
812,3,B,1,502080502020,20201029,1,92
813,4,B,0,502080502020,20201029,1,93
814,3,B,1,502080502020,20201029,1,94
815,4,B,1,502080502020,20201029,1,95
816,3,B,1,502080502020,20201029,1,96
817,4,B,1,502080502020,20201029,1,97
818,3,B,1,502080502020,20201029,1,98
819,4,B,1,502080502020,20201029,1,99
820,3,B,1,502080502020,20201029,1,100
821,4,B,0,502080502020,20201029,1,101
822,3,B,1,502080502020,20201029,1,102
823,4,B,1,502080502020,20201029,1,103
824,3,B,0,502080502020,20201029,1,104
825,4,B,0,502080502020,20201029,1,105
826,3,B,1,502080502020,20201029,1,106
827,4,B,0,502080502020,20201029,1,107
828,3,B,1,502080502020,20201029,1,108
829,4,B,0,502080502020,20201029,1,109
830,3,B,1,502080502020,20201029,1,110
831,4,B,0,502080502020,20201029,1,111
832,3,B,1,502080502020,20201029,1,112
833,4,B,0,502080502020,20201029,1,113
834,3,B,0,502080502020,20201029,1,114
835,4,B,0,502080502020,20201029,1,115
836,3,B,1,502080502020,20201029,1,116
837,4,B,1,502080502020,20201029,1,117
838,3,B,1,502080502020,20201029,1,118
839,4,B,1,502080502020,20201029,1,119
840,3,B,1,508020208020,20201029,1,120
841,4,B,0,508020208020,20201029,1,121
842,3,B,0,508020208020,20201029,1,122
843,4,B,0,508020208020,20201029,1,123
844,3,B,0,508020208020,20201029,1,124
845,4,B,0,508020208020,20201029,1,125
846,3,B,0,508020208020,20201029,1,126
847,5,C,1,508020208020,20201029,1,127
848,6,C,0,508020208020,20201029,1,128
849,5,C,1,508020208020,20201029,1,129
850,6,C,0,508020208020,20201029,1,130
851,5,C,1,508020208020,20201029,1,131
852,6,C,0,508020208020,20201029,1,132
853,5,C,1,508020208020,20201029,1,133
854,6,C,0,508020208020,20201029,1,134
855,5,C,1,508020208020,20201029,1,135
856,6,C,1,508020208020,20201029,1,136
857,5,C,1,508020208020,20201029,1,137
858,6,C,1,508020208020,20201029,1,138
859,5,C,1,508020208020,20201029,1,139
860,6,C,1,508020208020,20201029,1,140
861,5,C,1,508020208020,20201029,1,141
862,6,C,0,508020208020,20201029,1,142
863,5,C,1,508020208020,20201029,1,143
864,6,C,0,508020208020,20201029,1,144
865,5,C,0,508020208020,20201029,1,145
866,1,A,0,508020208020,20201029,1,146
867,2,A,1,508020208020,20201029,1,147
868,1,A,0,508020208020,20201029,1,148
869,2,A,0,508020208020,20201029,1,149
870,3,B,0,508020208020,20201029,1,150
871,4,B,0,508020208020,20201029,1,151
872,3,B,0,508020208020,20201029,1,152
873,4,B,0,508020208020,20201029,1,153
874,3,B,1,508020208020,20201029,1,154
875,4,B,1,508020208020,20201029,1,155
876,3,B,0,508020208020,20201029,1,156
877,4,B,1,508020208020,20201029,1,157
878,3,B,1,508020208020,20201029,1,158
879,4,B,0,508020208020,20201029,1,159
880,3,B,0,508020208020,20201029,1,160
881,4,B,0,508020208020,20201029,1,161
882,3,B,0,508020208020,20201029,1,162
883,4,B,0,508020208020,20201029,1,163
884,5,C,1,508020208020,20201029,1,164
885,6,C,1,508020208020,20201029,1,165
886,5,C,1,508020208020,20201029,1,166
887,6,C,0,508020208020,20201029,1,167
888,5,C,1,508020208020,20201029,1,168
889,6,C,0,508020208020,20201029,1,169
890,5,C,1,508020208020,20201029,1,170
891,6,C,0,508020208020,20201029,1,171
892,5,C,1,508020208020,20201029,1,172
893,6,C,0,508020208020,20201029,1,173
894,5,C,1,508020208020,20201029,1,174
895,6,C,0,508020208020,20201029,1,175
896,5,C,1,508020208020,20201029,1,176
897,6,C,0,508020208020,20201029,1,177
898,5,C,0,508020208020,20201029,1,178
899,6,C,1,508020208020,20201029,1,179
900,4,B,1,502020808050,20201029,2,0
901,3,B,0,502020808050,20201029,2,1
902,5,C,1,502020808050,20201029,2,2
903,6,C,1,502020808050,20201029,2,3
904,1,A,0,502020808050,20201029,2,4
905,2,A,0,502020808050,20201029,2,5
906,1,A,1,502020808050,20201029,2,6
907,3,B,0,502020808050,20201029,2,7
908,4,B,0,502020808050,20201029,2,8
909,3,B,0,502020808050,20201029,2,9
910,4,B,1,502020808050,20201029,2,10
911,5,C,1,502020808050,20201029,2,11
912,6,C,1,502020808050,20201029,2,12
913,5,C,0,502020808050,20201029,2,13
914,6,C,1,502020808050,20201029,2,14
915,5,C,1,502020808050,20201029,2,15
916,6,C,1,502020808050,20201029,2,16
917,1,A,1,502020808050,20201029,2,17
918,2,A,0,502020808050,20201029,2,18
919,1,A,1,502020808050,20201029,2,19
920,2,A,0,502020808050,20201029,2,20
921,1,A,1,502020808050,20201029,2,21
922,2,A,0,502020808050,20201029,2,22
923,1,A,1,502020808050,20201029,2,23
924,2,A,0,502020808050,20201029,2,24
925,1,A,1,502020808050,20201029,2,25
926,3,B,0,502020808050,20201029,2,26
927,4,B,1,502020808050,20201029,2,27
928,3,B,1,502020808050,20201029,2,28
929,4,B,1,502020808050,20201029,2,29
930,3,B,0,502020808050,20201029,2,30
931,4,B,1,502020808050,20201029,2,31
932,3,B,0,502020808050,20201029,2,32
933,4,B,1,502020808050,20201029,2,33
934,3,B,0,502020808050,20201029,2,34
935,4,B,1,502020808050,20201029,2,35
936,3,B,0,502020808050,20201029,2,36
937,4,B,1,502020808050,20201029,2,37
938,3,B,1,502020808050,20201029,2,38
939,4,B,1,502020808050,20201029,2,39
940,3,B,1,502020808050,20201029,2,40
941,4,B,0,502020808050,20201029,2,41
942,3,B,0,502020808050,20201029,2,42
943,4,B,1,502020808050,20201029,2,43
944,5,C,1,502020808050,20201029,2,44
945,6,C,1,502020808050,20201029,2,45
946,5,C,1,502020808050,20201029,2,46
947,6,C,0,502020808050,20201029,2,47
948,5,C,1,502020808050,20201029,2,48
949,6,C,0,502020808050,20201029,2,49
950,5,C,0,502020808050,20201029,2,50
951,6,C,0,502020808050,20201029,2,51
952,5,C,1,502020808050,20201029,2,52
953,1,A,1,502020808050,20201029,2,53
954,2,A,0,502020808050,20201029,2,54
955,1,A,1,502020808050,20201029,2,55
956,2,A,0,502020808050,20201029,2,56
957,1,A,1,502020808050,20201029,2,57
958,3,B,0,502020808050,20201029,2,58
959,4,B,0,502020808050,20201029,2,59
960,3,B,0,508080202050,20201029,2,60
961,4,B,0,508080202050,20201029,2,61
962,3,B,1,508080202050,20201029,2,62
963,4,B,0,508080202050,20201029,2,63
964,3,B,1,508080202050,20201029,2,64
965,4,B,0,508080202050,20201029,2,65
966,3,B,1,508080202050,20201029,2,66
967,4,B,0,508080202050,20201029,2,67
968,3,B,1,508080202050,20201029,2,68
969,4,B,0,508080202050,20201029,2,69
970,3,B,1,508080202050,20201029,2,70
971,4,B,0,508080202050,20201029,2,71
972,3,B,1,508080202050,20201029,2,72
973,4,B,0,508080202050,20201029,2,73
974,3,B,1,508080202050,20201029,2,74
975,5,C,0,508080202050,20201029,2,75
976,6,C,0,508080202050,20201029,2,76
977,5,C,1,508080202050,20201029,2,77
978,6,C,1,508080202050,20201029,2,78
979,5,C,0,508080202050,20201029,2,79
980,6,C,0,508080202050,20201029,2,80
981,5,C,0,508080202050,20201029,2,81
982,6,C,0,508080202050,20201029,2,82
983,5,C,0,508080202050,20201029,2,83
984,3,B,1,508080202050,20201029,2,84
985,4,B,0,508080202050,20201029,2,85
986,3,B,1,508080202050,20201029,2,86
987,5,C,0,508080202050,20201029,2,87
988,6,C,0,508080202050,20201029,2,88
989,5,C,0,508080202050,20201029,2,89
990,1,A,0,508080202050,20201029,2,90
991,2,A,1,508080202050,20201029,2,91
992,1,A,0,508080202050,20201029,2,92
993,4,B,1,502020202080,20201029,3,0
994,3,B,0,502020202080,20201029,3,1
995,1,A,0,502020202080,20201029,3,2
996,2,A,0,502020202080,20201029,3,3
997,5,C,0,502020202080,20201029,3,4
998,6,C,1,502020202080,20201029,3,5
999,5,C,0,502020202080,20201029,3,6
1000,6,C,1,502020202080,20201029,3,7
1001,1,A,1,502020202080,20201029,3,8
1002,2,A,0,502020202080,20201029,3,9
1003,1,A,1,502020202080,20201029,3,10
1004,2,A,0,502020202080,20201029,3,11
1005,1,A,1,502020202080,20201029,3,12
1006,3,B,0,502020202080,20201029,3,13
1007,4,B,0,502020202080,20201029,3,14
1008,3,B,0,502020202080,20201029,3,15
1009,4,B,0,502020202080,20201029,3,16
1010,3,B,0,502020202080,20201029,3,17
1011,5,C,0,502020202080,20201029,3,18
1012,6,C,0,502020202080,20201029,3,19
1013,5,C,0,502020202080,20201029,3,20
1014,6,C,1,502020202080,20201029,3,21
1015,5,C,0,502020202080,20201029,3,22
1016,6,C,1,502020202080,20201029,3,23
1017,5,C,0,502020202080,20201029,3,24
1018,6,C,1,502020202080,20201029,3,25
1019,5,C,1,502020202080,20201029,3,26
1020,6,C,1,502020202080,20201029,3,27
1021,5,C,0,502020202080,20201029,3,28
1022,6,C,1,502020202080,20201029,3,29
1023,5,C,0,502020202080,20201029,3,30
1024,6,C,1,502020202080,20201029,3,31
1025,1,A,0,502020202080,20201029,3,32
1026,2,A,0,502020202080,20201029,3,33
1027,1,A,1,502020202080,20201029,3,34
1028,2,A,0,502020202080,20201029,3,35
1029,1,A,0,502020202080,20201029,3,36
1030,2,A,0,502020202080,20201029,3,37
1031,1,A,0,502020202080,20201029,3,38
1032,2,A,0,502020202080,20201029,3,39
1033,1,A,1,502020202080,20201029,3,40
1034,2,A,0,502020202080,20201029,3,41
1035,1,A,0,502020202080,20201029,3,42
1036,3,B,0,502020202080,20201029,3,43
1037,4,B,1,502020202080,20201029,3,44
1038,3,B,0,502020202080,20201029,3,45
1039,4,B,0,502020202080,20201029,3,46
1040,3,B,0,502020202080,20201029,3,47
1041,4,B,0,502020202080,20201029,3,48
1042,3,B,0,502020202080,20201029,3,49
1043,5,C,0,502020202080,20201029,3,50
1044,6,C,1,502020202080,20201029,3,51
1045,5,C,1,502020202080,20201029,3,52
1046,6,C,0,502020202080,20201029,3,53
1047,5,C,0,502020202080,20201029,3,54
1048,6,C,1,502020202080,20201029,3,55
1049,5,C,0,502020202080,20201029,3,56
1050,6,C,1,502020202080,20201029,3,57
1051,5,C,0,502020202080,20201029,3,58
1052,6,C,0,502020202080,20201029,3,59
1053,5,C,0,208080502050,20201029,3,60
1054,6,C,1,208080502050,20201029,3,61
1055,5,C,0,208080502050,20201029,3,62
1056,6,C,1,208080502050,20201029,3,63
1057,5,C,1,208080502050,20201029,3,64
1058,6,C,0,208080502050,20201029,3,65
1059,5,C,1,208080502050,20201029,3,66
1060,6,C,1,208080502050,20201029,3,67
1061,5,C,0,208080502050,20201029,3,68
1062,6,C,1,208080502050,20201029,3,69
1063,5,C,0,208080502050,20201029,3,70
1064,6,C,0,208080502050,20201029,3,71
1065,5,C,0,208080502050,20201029,3,72
1066,6,C,0,208080502050,20201029,3,73
1067,5,C,1,208080502050,20201029,3,74
1068,6,C,0,208080502050,20201029,3,75
1069,5,C,0,208080502050,20201029,3,76
1070,6,C,0,208080502050,20201029,3,77
1071,5,C,0,208080502050,20201029,3,78
1072,6,C,0,208080502050,20201029,3,79
1073,5,C,0,208080502050,20201029,3,80
1074,6,C,1,208080502050,20201029,3,81
1075,5,C,0,208080502050,20201029,3,82
1076,6,C,1,208080502050,20201029,3,83
1077,5,C,0,208080502050,20201029,3,84
1078,6,C,0,208080502050,20201029,3,85
1079,5,C,0,208080502050,20201029,3,86
1080,6,C,0,208080502050,20201029,3,87
1081,1,A,0,208080502050,20201029,3,88
1082,2,A,1,208080502050,20201029,3,89
1083,1,A,0,208080502050,20201029,3,90
1084,2,A,1,208080502050,20201029,3,91
1085,1,A,1,208080502050,20201029,3,92
1086,2,A,1,208080502050,20201029,3,93
1087,1,A,0,208080502050,20201029,3,94
1088,2,A,0,208080502050,20201029,3,95
1089,1,A,1,208080502050,20201029,3,96
1090,2,A,0,208080502050,20201029,3,97
1091,1,A,1,208080502050,20201029,3,98
1092,2,A,1,208080502050,20201029,3,99
1093,1,A,0,208080502050,20201029,3,100
1094,2,A,1,208080502050,20201029,3,101
1095,1,A,0,208080502050,20201029,3,102
1096,2,A,0,208080502050,20201029,3,103
1097,1,A,0,208080502050,20201029,3,104
1098,2,A,1,208080502050,20201029,3,105
1099,1,A,0,208080502050,20201029,3,106
1100,2,A,1,208080502050,20201029,3,107
1101,1,A,1,208080502050,20201029,3,108
1102,2,A,1,208080502050,20201029,3,109
1103,1,A,0,208080502050,20201029,3,110
1104,2,A,1,208080502050,20201029,3,111
1105,1,A,0,208080502050,20201029,3,112
1106,2,A,1,208080502050,20201029,3,113
1107,1,A,0,208080502050,20201029,3,114
1108,2,A,1,208080502050,20201029,3,115
1109,1,A,0,208080502050,20201029,3,116
1110,2,A,1,208080502050,20201029,3,117
1111,1,A,0,208080502050,20201029,3,118
1112,2,A,1,208080502050,20201029,3,119
1113,1,A,0,502020205050,20201029,3,120
1114,2,A,0,502020205050,20201029,3,121
1115,1,A,0,502020205050,20201029,3,122
1116,2,A,1,502020205050,20201029,3,123
1117,1,A,0,502020205050,20201029,3,124
1118,2,A,0,502020205050,20201029,3,125
1119,1,A,0,502020205050,20201029,3,126
1120,2,A,0,502020205050,20201029,3,127
1121,1,A,0,502020205050,20201029,3,128
1122,2,A,1,502020205050,20201029,3,129
1123,1,A,1,502020205050,20201029,3,130
1124,2,A,0,502020205050,20201029,3,131
1125,1,A,0,502020205050,20201029,3,132
1126,2,A,1,502020205050,20201029,3,133
1127,1,A,1,502020205050,20201029,3,134
1128,2,A,0,502020205050,20201029,3,135
1129,3,B,0,502020205050,20201029,3,136
1130,4,B,0,502020205050,20201029,3,137
1131,3,B,0,502020205050,20201029,3,138
1132,4,B,0,502020205050,20201029,3,139
1133,5,C,0,502020205050,20201029,3,140
1134,6,C,1,502020205050,20201029,3,141
1135,5,C,0,502020205050,20201029,3,142
1136,6,C,0,502020205050,20201029,3,143
1137,5,C,1,502020205050,20201029,3,144
1138,6,C,0,502020205050,20201029,3,145
1139,5,C,0,502020205050,20201029,3,146
1140,6,C,0,502020205050,20201029,3,147
1141,5,C,1,502020205050,20201029,3,148
1142,6,C,0,502020205050,20201029,3,149
1143,5,C,0,502020205050,20201029,3,150
1144,6,C,0,502020205050,20201029,3,151
1145,1,A,0,502020205050,20201029,3,152
1146,2,A,0,502020205050,20201029,3,153
1147,1,A,1,502020205050,20201029,3,154
1148,2,A,0,502020205050,20201029,3,155
1149,1,A,0,502020205050,20201029,3,156
1150,2,A,1,502020205050,20201029,3,157
1151,1,A,0,502020205050,20201029,3,158
1152,2,A,1,502020205050,20201029,3,159
1153,1,A,1,502020205050,20201029,3,160
1154,2,A,0,502020205050,20201029,3,161
1155,1,A,1,502020205050,20201029,3,162
1156,2,A,1,502020205050,20201029,3,163
1157,1,A,0,502020205050,20201029,3,164
1158,2,A,0,502020205050,20201029,3,165
1159,1,A,1,502020205050,20201029,3,166
1160,2,A,0,502020205050,20201029,3,167
1161,1,A,1,502020205050,20201029,3,168
1162,2,A,0,502020205050,20201029,3,169
1163,1,A,1,502020205050,20201029,3,170
1164,2,A,1,502020205050,20201029,3,171
1165,1,A,0,502020205050,20201029,3,172
1166,2,A,0,502020205050,20201029,3,173
1167,1,A,0,502020205050,20201029,3,174
1168,2,A,0,502020205050,20201029,3,175
1169,1,A,0,502020205050,20201029,3,176
1170,2,A,0,502020205050,20201029,3,177
1171,1,A,0,502020205050,20201029,3,178
1172,2,A,0,502020205050,20201029,3,179
1173,6,C,1,805020205020,20201029,4,0
1174,5,C,1,805020205020,20201029,4,1
1175,6,C,1,805020205020,20201029,4,2
1176,1,A,0,805020205020,20201029,4,3
1177,2,A,1,805020205020,20201029,4,4
1178,1,A,1,805020205020,20201029,4,5
1179,2,A,0,805020205020,20201029,4,6
1180,1,A,1,805020205020,20201029,4,7
1181,4,B,0,805020205020,20201029,4,8
1182,3,B,0,805020205020,20201029,4,9
1183,4,B,1,805020205020,20201029,4,10
1184,5,C,0,805020205020,20201029,4,11
1185,6,C,1,805020205020,20201029,4,12
1186,5,C,0,805020205020,20201029,4,13
1187,6,C,0,805020205020,20201029,4,14
1188,5,C,1,805020205020,20201029,4,15
1189,6,C,0,805020205020,20201029,4,16
1190,5,C,0,805020205020,20201029,4,17
1191,6,C,0,805020205020,20201029,4,18
1192,5,C,0,805020205020,20201029,4,19
1193,1,A,0,805020205020,20201029,4,20
1194,2,A,1,805020205020,20201029,4,21
1195,1,A,1,805020205020,20201029,4,22
1196,2,A,0,805020205020,20201029,4,23
1197,1,A,1,805020205020,20201029,4,24
1198,2,A,0,805020205020,20201029,4,25
1199,1,A,1,805020205020,20201029,4,26
1200,2,A,0,805020205020,20201029,4,27
1201,1,A,1,805020205020,20201029,4,28
1202,2,A,0,805020205020,20201029,4,29
1203,1,A,0,805020205020,20201029,4,30
1204,2,A,0,805020205020,20201029,4,31
1205,1,A,0,805020205020,20201029,4,32
1206,4,B,1,805020205020,20201029,4,33
1207,3,B,0,805020205020,20201029,4,34
1208,4,B,0,805020205020,20201029,4,35
1209,3,B,0,805020205020,20201029,4,36
1210,4,B,0,805020205020,20201029,4,37
1211,3,B,0,805020205020,20201029,4,38
1212,4,B,0,805020205020,20201029,4,39
1213,5,C,0,805020205020,20201029,4,40
1214,6,C,0,805020205020,20201029,4,41
1215,5,C,0,805020205020,20201029,4,42
1216,6,C,1,805020205020,20201029,4,43
1217,5,C,0,805020205020,20201029,4,44
1218,6,C,0,805020205020,20201029,4,45
1219,5,C,1,805020205020,20201029,4,46
1220,6,C,0,805020205020,20201029,4,47
1221,5,C,0,805020205020,20201029,4,48
1222,1,A,1,805020205020,20201029,4,49
1223,2,A,1,805020205020,20201029,4,50
1224,1,A,1,805020205020,20201029,4,51
1225,2,A,0,805020205020,20201029,4,52
1226,1,A,0,805020205020,20201029,4,53
1227,2,A,0,805020205020,20201029,4,54
1228,1,A,1,805020205020,20201029,4,55
1229,2,A,0,805020205020,20201029,4,56
1230,1,A,0,805020205020,20201029,4,57
1231,2,A,0,805020205020,20201029,4,58
1232,1,A,1,805020205020,20201029,4,59
1233,2,A,0,502080502080,20201029,4,60
1234,1,A,1,502080502080,20201029,4,61
1235,2,A,0,502080502080,20201029,4,62
1236,1,A,1,502080502080,20201029,4,63
1237,2,A,0,502080502080,20201029,4,64
1238,1,A,0,502080502080,20201029,4,65
1239,2,A,0,502080502080,20201029,4,66
1240,1,A,1,502080502080,20201029,4,67
1241,2,A,0,502080502080,20201029,4,68
1242,1,A,0,502080502080,20201029,4,69
1243,2,A,0,502080502080,20201029,4,70
1244,1,A,0,502080502080,20201029,4,71
1245,4,B,1,502080502080,20201029,4,72
1246,3,B,1,502080502080,20201029,4,73
1247,4,B,0,502080502080,20201029,4,74
1248,3,B,1,502080502080,20201029,4,75
1249,4,B,1,502080502080,20201029,4,76
1250,3,B,1,502080502080,20201029,4,77
1251,4,B,1,502080502080,20201029,4,78
1252,3,B,0,502080502080,20201029,4,79
1253,4,B,1,502080502080,20201029,4,80
1254,3,B,1,502080502080,20201029,4,81
1255,4,B,0,502080502080,20201029,4,82
1256,3,B,1,502080502080,20201029,4,83
1257,4,B,1,502080502080,20201029,4,84
1258,3,B,1,502080502080,20201029,4,85
1259,4,B,1,502080502080,20201029,4,86
1260,3,B,1,502080502080,20201029,4,87
1261,4,B,1,502080502080,20201029,4,88
1262,3,B,1,502080502080,20201029,4,89
1263,4,B,1,502080502080,20201029,4,90
1264,3,B,1,502080502080,20201029,4,91
1265,4,B,0,502080502080,20201029,4,92
1266,3,B,1,502080502080,20201029,4,93
1267,4,B,1,502080502080,20201029,4,94
1268,3,B,1,502080502080,20201029,4,95
1269,4,B,0,502080502080,20201029,4,96
1270,3,B,1,502080502080,20201029,4,97
1271,4,B,0,502080502080,20201029,4,98
1272,3,B,1,502080502080,20201029,4,99
1273,4,B,0,502080502080,20201029,4,100
1274,3,B,0,502080502080,20201029,4,101
1275,5,C,0,502080502080,20201029,4,102
1276,6,C,1,502080502080,20201029,4,103
1277,5,C,0,502080502080,20201029,4,104
1278,6,C,1,502080502080,20201029,4,105
1279,5,C,0,502080502080,20201029,4,106
1280,6,C,1,502080502080,20201029,4,107
1281,5,C,0,502080502080,20201029,4,108
1282,6,C,0,502080502080,20201029,4,109
1283,5,C,1,502080502080,20201029,4,110
1284,6,C,1,502080502080,20201029,4,111
1285,5,C,0,502080502080,20201029,4,112
1286,6,C,1,502080502080,20201029,4,113
1287,5,C,0,502080502080,20201029,4,114
1288,6,C,0,502080502080,20201029,4,115
1289,5,C,0,502080502080,20201029,4,116
1290,6,C,1,502080502080,20201029,4,117
1291,4,B,1,502080502080,20201029,4,118
1292,3,B,1,502080502080,20201029,4,119
1293,4,B,0,508020508020,20201029,4,120
1294,3,B,0,508020508020,20201029,4,121
1295,4,B,0,508020508020,20201029,4,122
1296,3,B,0,508020508020,20201029,4,123
1297,4,B,1,508020508020,20201029,4,124
1298,3,B,0,508020508020,20201029,4,125
1299,4,B,1,508020508020,20201029,4,126
1300,3,B,1,508020508020,20201029,4,127
1301,4,B,0,508020508020,20201029,4,128
1302,3,B,0,508020508020,20201029,4,129
1303,4,B,1,508020508020,20201029,4,130
1304,3,B,0,508020508020,20201029,4,131
1305,4,B,1,508020508020,20201029,4,132
1306,3,B,0,508020508020,20201029,4,133
1307,4,B,0,508020508020,20201029,4,134
1308,3,B,0,508020508020,20201029,4,135
1309,4,B,0,508020508020,20201029,4,136
1310,3,B,1,508020508020,20201029,4,137
1311,4,B,0,508020508020,20201029,4,138
1312,3,B,0,508020508020,20201029,4,139
1313,4,B,0,508020508020,20201029,4,140
1314,1,A,1,508020508020,20201029,4,141
1315,2,A,1,508020508020,20201029,4,142
1316,1,A,0,508020508020,20201029,4,143
1317,2,A,1,508020508020,20201029,4,144
1318,1,A,0,508020508020,20201029,4,145
1319,2,A,0,508020508020,20201029,4,146
1320,1,A,0,508020508020,20201029,4,147
1321,2,A,1,508020508020,20201029,4,148
1322,1,A,1,508020508020,20201029,4,149
1323,2,A,1,508020508020,20201029,4,150
1324,1,A,0,508020508020,20201029,4,151
1325,2,A,1,508020508020,20201029,4,152
1326,1,A,1,508020508020,20201029,4,153
1327,2,A,0,508020508020,20201029,4,154
1328,1,A,0,508020508020,20201029,4,155
1329,2,A,1,508020508020,20201029,4,156
1330,1,A,1,508020508020,20201029,4,157
1331,2,A,0,508020508020,20201029,4,158
1332,1,A,1,508020508020,20201029,4,159
1333,2,A,1,508020508020,20201029,4,160
1334,1,A,0,508020508020,20201029,4,161
1335,2,A,1,508020508020,20201029,4,162
1336,1,A,0,508020508020,20201029,4,163
1337,2,A,1,508020508020,20201029,4,164
1338,1,A,1,508020508020,20201029,4,165
1339,2,A,1,508020508020,20201029,4,166
1340,1,A,0,508020508020,20201029,4,167
1341,2,A,0,508020508020,20201029,4,168
1342,1,A,1,508020508020,20201029,4,169
1343,2,A,1,508020508020,20201029,4,170
1344,1,A,0,508020508020,20201029,4,171
1345,2,A,1,508020508020,20201029,4,172
1346,1,A,0,508020508020,20201029,4,173
1347,2,A,1,508020508020,20201029,4,174
1348,1,A,0,508020508020,20201029,4,175
1349,2,A,1,508020508020,20201029,4,176
1350,1,A,0,508020508020,20201029,4,177
1351,2,A,0,508020508020,20201029,4,178
1352,1,A,0,508020508020,20201029,4,179
1353,4,B,1,502020802020,20201029,5,0
1354,3,B,0,502020802020,20201029,5,1
1355,5,C,0,502020802020,20201029,5,2
1356,6,C,0,502020802020,20201029,5,3
1357,1,A,0,502020802020,20201029,5,4
1358,2,A,0,502020802020,20201029,5,5
1359,1,A,1,502020802020,20201029,5,6
1360,2,A,1,502020802020,20201029,5,7
1361,1,A,1,502020802020,20201029,5,8
1362,2,A,0,502020802020,20201029,5,9
1363,1,A,0,502020802020,20201029,5,10
1364,2,A,0,502020802020,20201029,5,11
1365,1,A,0,502020802020,20201029,5,12
1366,4,B,0,502020802020,20201029,5,13
1367,3,B,0,502020802020,20201029,5,14
1368,4,B,1,502020802020,20201029,5,15
1369,5,C,0,502020802020,20201029,5,16
1370,6,C,0,502020802020,20201029,5,17
1371,5,C,0,502020802020,20201029,5,18
1372,6,C,0,502020802020,20201029,5,19
1373,5,C,0,502020802020,20201029,5,20
1374,6,C,0,502020802020,20201029,5,21
1375,3,B,0,502020802020,20201029,5,22
1376,6,C,0,502020802020,20201029,5,23
1377,5,C,0,502020802020,20201029,5,24
1378,4,B,1,502020802020,20201029,5,25
1379,3,B,0,502020802020,20201029,5,26
1380,4,B,0,502020802020,20201029,5,27
1381,3,B,0,502020802020,20201029,5,28
1382,4,B,1,502020802020,20201029,5,29
1383,3,B,0,502020802020,20201029,5,30
1384,4,B,1,502020802020,20201029,5,31
1385,3,B,0,502020802020,20201029,5,32
1386,4,B,1,502020802020,20201029,5,33
1387,3,B,1,502020802020,20201029,5,34
1388,4,B,1,502020802020,20201029,5,35
1389,3,B,0,502020802020,20201029,5,36
1390,4,B,1,502020802020,20201029,5,37
1391,1,A,1,502020802020,20201029,5,38
1392,2,A,0,502020802020,20201029,5,39
1393,1,A,1,502020802020,20201029,5,40
1394,2,A,1,502020802020,20201029,5,41
1395,1,A,0,502020802020,20201029,5,42
1396,2,A,0,502020802020,20201029,5,43
1397,1,A,0,502020802020,20201029,5,44
1398,2,A,0,502020802020,20201029,5,45
1399,1,A,1,502020802020,20201029,5,46
1400,2,A,1,502020802020,20201029,5,47
1401,1,A,0,502020802020,20201029,5,48
1402,2,A,1,502020802020,20201029,5,49
1403,1,A,0,502020802020,20201029,5,50
1404,2,A,0,502020802020,20201029,5,51
1405,1,A,0,502020802020,20201029,5,52
1406,2,A,0,502020802020,20201029,5,53
1407,1,A,1,502020802020,20201029,5,54
1408,2,A,1,502020802020,20201029,5,55
1409,1,A,0,502020802020,20201029,5,56
1410,2,A,0,502020802020,20201029,5,57
1411,1,A,1,502020802020,20201029,5,58
1412,2,A,1,502020802020,20201029,5,59
1413,1,A,0,805080202020,20201029,5,60
1414,2,A,1,805080202020,20201029,5,61
1415,1,A,1,805080202020,20201029,5,62
1416,2,A,1,805080202020,20201029,5,63
1417,1,A,1,805080202020,20201029,5,64
1418,2,A,1,805080202020,20201029,5,65
1419,1,A,1,805080202020,20201029,5,66
1420,2,A,1,805080202020,20201029,5,67
1421,1,A,1,805080202020,20201029,5,68
1422,2,A,0,805080202020,20201029,5,69
1423,1,A,1,805080202020,20201029,5,70
1424,2,A,0,805080202020,20201029,5,71
1425,1,A,1,805080202020,20201029,5,72
1426,2,A,0,805080202020,20201029,5,73
1427,1,A,1,805080202020,20201029,5,74
1428,2,A,0,805080202020,20201029,5,75
1429,1,A,0,805080202020,20201029,5,76
1430,2,A,0,805080202020,20201029,5,77
1431,1,A,1,805080202020,20201029,5,78
1432,2,A,0,805080202020,20201029,5,79
1433,1,A,1,805080202020,20201029,5,80
1434,2,A,0,805080202020,20201029,5,81
1435,1,A,0,805080202020,20201029,5,82
1436,2,A,1,805080202020,20201029,5,83
1437,1,A,0,805080202020,20201029,5,84
1438,2,A,0,805080202020,20201029,5,85
1439,1,A,1,805080202020,20201029,5,86
1440,2,A,1,805080202020,20201029,5,87
1441,1,A,1,805080202020,20201029,5,88
1442,2,A,0,805080202020,20201029,5,89
1443,1,A,1,805080202020,20201029,5,90
1444,2,A,0,805080202020,20201029,5,91
1445,1,A,1,805080202020,20201029,5,92
1446,2,A,1,805080202020,20201029,5,93
1447,1,A,1,805080202020,20201029,5,94
1448,2,A,0,805080202020,20201029,5,95
1449,1,A,1,805080202020,20201029,5,96
1450,2,A,0,805080202020,20201029,5,97
1451,1,A,1,805080202020,20201029,5,98
1452,2,A,1,805080202020,20201029,5,99
1453,1,A,1,805080202020,20201029,5,100
1454,2,A,0,805080202020,20201029,5,101
1455,1,A,1,805080202020,20201029,5,102
1456,2,A,0,805080202020,20201029,5,103
1457,1,A,1,805080202020,20201029,5,104
1458,2,A,1,805080202020,20201029,5,105
1459,1,A,1,805080202020,20201029,5,106
1460,2,A,1,805080202020,20201029,5,107
1461,1,A,1,805080202020,20201029,5,108
1462,2,A,0,805080202020,20201029,5,109
1463,1,A,1,805080202020,20201029,5,110
1464,2,A,1,805080202020,20201029,5,111
1465,1,A,1,805080202020,20201029,5,112
1466,2,A,1,805080202020,20201029,5,113
1467,1,A,1,805080202020,20201029,5,114
1468,2,A,1,805080202020,20201029,5,115
1469,1,A,1,805080202020,20201029,5,116
1470,2,A,1,805080202020,20201029,5,117
1471,1,A,1,805080202020,20201029,5,118
1472,2,A,1,805080202020,20201029,5,119
1473,1,A,0,205020205080,20201029,5,120
1474,2,A,1,205020205080,20201029,5,121
1475,1,A,1,205020205080,20201029,5,122
1476,2,A,0,205020205080,20201029,5,123
1477,1,A,0,205020205080,20201029,5,124
1478,2,A,0,205020205080,20201029,5,125
1479,1,A,0,205020205080,20201029,5,126
1480,2,A,1,205020205080,20201029,5,127
1481,1,A,0,205020205080,20201029,5,128
1482,2,A,1,205020205080,20201029,5,129
1483,1,A,0,205020205080,20201029,5,130
1484,2,A,1,205020205080,20201029,5,131
1485,1,A,0,205020205080,20201029,5,132
1486,2,A,0,205020205080,20201029,5,133
1487,1,A,0,205020205080,20201029,5,134
1488,2,A,0,205020205080,20201029,5,135
1489,1,A,0,205020205080,20201029,5,136
1490,2,A,0,205020205080,20201029,5,137
1491,1,A,0,205020205080,20201029,5,138
1492,2,A,1,205020205080,20201029,5,139
1493,1,A,0,205020205080,20201029,5,140
1494,2,A,0,205020205080,20201029,5,141
1495,1,A,0,205020205080,20201029,5,142
1496,2,A,1,205020205080,20201029,5,143
1497,1,A,1,205020205080,20201029,5,144
1498,2,A,0,205020205080,20201029,5,145
1499,1,A,0,205020205080,20201029,5,146
1500,2,A,0,205020205080,20201029,5,147
1501,1,A,0,205020205080,20201029,5,148
1502,2,A,0,205020205080,20201029,5,149
1503,1,A,0,205020205080,20201029,5,150
1504,2,A,1,205020205080,20201029,5,151
1505,1,A,1,205020205080,20201029,5,152
1506,2,A,0,205020205080,20201029,5,153
1507,1,A,0,205020205080,20201029,5,154
1508,2,A,1,205020205080,20201029,5,155
1509,4,B,0,205020205080,20201029,5,156
1510,3,B,1,205020205080,20201029,5,157
1511,4,B,0,205020205080,20201029,5,158
1512,3,B,1,205020205080,20201029,5,159
1513,4,B,0,205020205080,20201029,5,160
1514,3,B,0,205020205080,20201029,5,161
1515,4,B,1,205020205080,20201029,5,162
1516,3,B,0,205020205080,20201029,5,163
1517,4,B,0,205020205080,20201029,5,164
1518,5,C,0,205020205080,20201029,5,165
1519,6,C,1,205020205080,20201029,5,166
1520,5,C,1,205020205080,20201029,5,167
1521,6,C,1,205020205080,20201029,5,168
1522,5,C,1,205020205080,20201029,5,169
1523,6,C,1,205020205080,20201029,5,170
1524,5,C,1,205020205080,20201029,5,171
1525,6,C,1,205020205080,20201029,5,172
1526,5,C,0,205020205080,20201029,5,173
1527,6,C,1,205020205080,20201029,5,174
1528,5,C,0,205020205080,20201029,5,175
1529,6,C,1,205020205080,20201029,5,176
1530,5,C,0,205020205080,20201029,5,177
1531,6,C,0,205020205080,20201029,5,178
1532,5,C,1,205020205080,20201029,5,179
1533,6,C,0,205050805020,20201029,5,180
1534,5,C,0,205050805020,20201029,5,181
1535,6,C,0,205050805020,20201029,5,182
1536,5,C,1,205050805020,20201029,5,183
1537,6,C,0,205050805020,20201029,5,184
1538,5,C,1,205050805020,20201029,5,185
1539,6,C,0,205050805020,20201029,5,186
1540,5,C,0,205050805020,20201029,5,187
1541,6,C,0,205050805020,20201029,5,188
1542,5,C,1,205050805020,20201029,5,189
1543,6,C,0,205050805020,20201029,5,190
1544,5,C,1,205050805020,20201029,5,191
1545,6,C,0,205050805020,20201029,5,192
1546,5,C,1,205050805020,20201029,5,193
1547,4,B,1,205050805020,20201029,5,194
1548,3,B,1,205050805020,20201029,5,195
1549,4,B,1,205050805020,20201029,5,196
1550,3,B,0,205050805020,20201029,5,197
1551,4,B,1,205050805020,20201029,5,198
1552,3,B,1,205050805020,20201029,5,199
1553,4,B,1,205050805020,20201029,5,200
1554,3,B,0,205050805020,20201029,5,201
1555,4,B,1,205050805020,20201029,5,202
1556,3,B,0,205050805020,20201029,5,203
1557,4,B,1,205050805020,20201029,5,204
1558,3,B,0,205050805020,20201029,5,205
1559,4,B,0,205050805020,20201029,5,206
1560,3,B,1,205050805020,20201029,5,207
1561,4,B,1,205050805020,20201029,5,208
1562,3,B,1,205050805020,20201029,5,209
1563,4,B,1,205050805020,20201029,5,210
1564,3,B,1,205050805020,20201029,5,211
1565,4,B,1,205050805020,20201029,5,212
1566,3,B,1,205050805020,20201029,5,213
1567,4,B,1,205050805020,20201029,5,214
1568,3,B,1,205050805020,20201029,5,215
1569,4,B,0,205050805020,20201029,5,216
1570,3,B,1,205050805020,20201029,5,217
1571,4,B,1,205050805020,20201029,5,218
1572,3,B,1,205050805020,20201029,5,219
1573,4,B,1,205050805020,20201029,5,220
1574,3,B,1,205050805020,20201029,5,221
1575,4,B,1,205050805020,20201029,5,222
1576,3,B,1,205050805020,20201029,5,223
1577,4,B,1,205050805020,20201029,5,224
1578,3,B,1,205050805020,20201029,5,225
1579,4,B,1,205050805020,20201029,5,226
1580,3,B,1,205050805020,20201029,5,227
1581,4,B,1,205050805020,20201029,5,228
1582,3,B,0,205050805020,20201029,5,229
1583,4,B,1,205050805020,20201029,5,230
1584,3,B,1,205050805020,20201029,5,231
1585,4,B,0,205050805020,20201029,5,232
1586,3,B,1,205050805020,20201029,5,233
1587,4,B,0,205050805020,20201029,5,234
1588,3,B,0,205050805020,20201029,5,235
1589,4,B,1,205050805020,20201029,5,236
1590,3,B,0,205050805020,20201029,5,237
1591,4,B,1,205050805020,20201029,5,238
1592,3,B,1,205050805020,20201029,5,239
1593,4,B,0,805020202080,20201030,1,0
1594,3,B,0,805020202080,20201030,1,1
1595,2,A,0,805020202080,20201030,1,2
1596,1,A,1,805020202080,20201030,1,3
1597,2,A,1,805020202080,20201030,1,4
1598,1,A,1,805020202080,20201030,1,5
1599,2,A,0,805020202080,20201030,1,6
1600,1,A,1,805020202080,20201030,1,7
1601,4,B,0,805020202080,20201030,1,8
1602,3,B,0,805020202080,20201030,1,9
1603,5,C,0,805020202080,20201030,1,10
1604,6,C,1,805020202080,20201030,1,11
1605,5,C,1,805020202080,20201030,1,12
1606,1,A,1,805020202080,20201030,1,13
1607,2,A,0,805020202080,20201030,1,14
1608,1,A,1,805020202080,20201030,1,15
1609,2,A,0,805020202080,20201030,1,16
1610,1,A,1,805020202080,20201030,1,17
1611,2,A,1,805020202080,20201030,1,18
1612,1,A,1,805020202080,20201030,1,19
1613,2,A,0,805020202080,20201030,1,20
1614,1,A,1,805020202080,20201030,1,21
1615,2,A,1,805020202080,20201030,1,22
1616,1,A,1,805020202080,20201030,1,23
1617,2,A,1,805020202080,20201030,1,24
1618,1,A,1,805020202080,20201030,1,25
1619,2,A,0,805020202080,20201030,1,26
1620,1,A,0,805020202080,20201030,1,27
1621,2,A,0,805020202080,20201030,1,28
1622,1,A,1,805020202080,20201030,1,29
1623,4,B,0,805020202080,20201030,1,30
1624,3,B,1,805020202080,20201030,1,31
1625,4,B,0,805020202080,20201030,1,32
1626,3,B,0,805020202080,20201030,1,33
1627,4,B,0,805020202080,20201030,1,34
1628,3,B,0,805020202080,20201030,1,35
1629,4,B,0,805020202080,20201030,1,36
1630,5,C,0,805020202080,20201030,1,37
1631,6,C,1,805020202080,20201030,1,38
1632,5,C,0,805020202080,20201030,1,39
1633,6,C,1,805020202080,20201030,1,40
1634,1,A,1,805020202080,20201030,1,41
1635,2,A,0,805020202080,20201030,1,42
1636,1,A,0,805020202080,20201030,1,43
1637,2,A,0,805020202080,20201030,1,44
1638,1,A,1,805020202080,20201030,1,45
1639,2,A,0,805020202080,20201030,1,46
1640,1,A,1,805020202080,20201030,1,47
1641,4,B,0,805020202080,20201030,1,48
1642,3,B,0,805020202080,20201030,1,49
1643,4,B,0,805020202080,20201030,1,50
1644,3,B,0,805020202080,20201030,1,51
1645,4,B,1,805020202080,20201030,1,52
1646,5,C,0,805020202080,20201030,1,53
1647,6,C,1,805020202080,20201030,1,54
1648,5,C,0,805020202080,20201030,1,55
1649,6,C,1,805020202080,20201030,1,56
1650,5,C,0,805020202080,20201030,1,57
1651,6,C,0,805020202080,20201030,1,58
1652,5,C,0,805020202080,20201030,1,59
1653,6,C,1,205050802020,20201030,1,60
1654,5,C,0,205050802020,20201030,1,61
1655,6,C,0,205050802020,20201030,1,62
1656,5,C,0,205050802020,20201030,1,63
1657,6,C,0,205050802020,20201030,1,64
1658,1,A,1,205050802020,20201030,1,65
1659,2,A,0,205050802020,20201030,1,66
1660,1,A,0,205050802020,20201030,1,67
1661,2,A,0,205050802020,20201030,1,68
1662,1,A,0,205050802020,20201030,1,69
1663,4,B,1,205050802020,20201030,1,70
1664,3,B,1,205050802020,20201030,1,71
1665,4,B,1,205050802020,20201030,1,72
1666,3,B,0,205050802020,20201030,1,73
1667,4,B,1,205050802020,20201030,1,74
1668,3,B,0,205050802020,20201030,1,75
1669,4,B,1,205050802020,20201030,1,76
1670,3,B,0,205050802020,20201030,1,77
1671,4,B,1,205050802020,20201030,1,78
1672,3,B,1,205050802020,20201030,1,79
1673,4,B,1,205050802020,20201030,1,80
1674,3,B,1,205050802020,20201030,1,81
1675,4,B,1,205050802020,20201030,1,82
1676,3,B,0,205050802020,20201030,1,83
1677,4,B,0,205050802020,20201030,1,84
1678,3,B,1,205050802020,20201030,1,85
1679,4,B,1,205050802020,20201030,1,86
1680,3,B,0,205050802020,20201030,1,87
1681,4,B,1,205050802020,20201030,1,88
1682,3,B,0,205050802020,20201030,1,89
1683,4,B,0,205050802020,20201030,1,90
1684,3,B,0,205050802020,20201030,1,91
1685,4,B,1,205050802020,20201030,1,92
1686,3,B,0,205050802020,20201030,1,93
1687,4,B,1,205050802020,20201030,1,94
1688,3,B,0,205050802020,20201030,1,95
1689,4,B,1,205050802020,20201030,1,96
1690,3,B,1,205050802020,20201030,1,97
1691,4,B,1,205050802020,20201030,1,98
1692,3,B,0,205050802020,20201030,1,99
1693,4,B,1,205050802020,20201030,1,100
1694,3,B,0,205050802020,20201030,1,101
1695,4,B,1,205050802020,20201030,1,102
1696,5,C,0,205050802020,20201030,1,103
1697,6,C,0,205050802020,20201030,1,104
1698,5,C,0,205050802020,20201030,1,105
1699,6,C,0,205050802020,20201030,1,106
1700,5,C,0,205050802020,20201030,1,107
1701,6,C,0,205050802020,20201030,1,108
1702,1,A,0,205050802020,20201030,1,109
1703,2,A,1,205050802020,20201030,1,110
1704,1,A,0,205050802020,20201030,1,111
1705,2,A,1,205050802020,20201030,1,112
1706,1,A,0,205050802020,20201030,1,113
1707,2,A,0,205050802020,20201030,1,114
1708,1,A,0,205050802020,20201030,1,115
1709,2,A,0,205050802020,20201030,1,116
1710,1,A,0,205050802020,20201030,1,117
1711,2,A,1,205050802020,20201030,1,118
1712,1,A,1,205050802020,20201030,1,119
1713,2,A,0,502020508050,20201030,1,120
1714,1,A,1,502020508050,20201030,1,121
1715,2,A,0,502020508050,20201030,1,122
1716,1,A,0,502020508050,20201030,1,123
1717,2,A,0,502020508050,20201030,1,124
1718,1,A,0,502020508050,20201030,1,125
1719,2,A,0,502020508050,20201030,1,126
1720,4,B,0,502020508050,20201030,1,127
1721,3,B,0,502020508050,20201030,1,128
1722,4,B,0,502020508050,20201030,1,129
1723,3,B,0,502020508050,20201030,1,130
1724,4,B,0,502020508050,20201030,1,131
1725,3,B,1,502020508050,20201030,1,132
1726,4,B,0,502020508050,20201030,1,133
1727,3,B,0,502020508050,20201030,1,134
1728,4,B,0,502020508050,20201030,1,135
1729,3,B,0,502020508050,20201030,1,136
1730,4,B,1,502020508050,20201030,1,137
1731,3,B,0,502020508050,20201030,1,138
1732,4,B,1,502020508050,20201030,1,139
1733,3,B,1,502020508050,20201030,1,140
1734,4,B,1,502020508050,20201030,1,141
1735,3,B,0,502020508050,20201030,1,142
1736,4,B,1,502020508050,20201030,1,143
1737,3,B,0,502020508050,20201030,1,144
1738,4,B,0,502020508050,20201030,1,145
1739,3,B,1,502020508050,20201030,1,146
1740,4,B,0,502020508050,20201030,1,147
1741,3,B,0,502020508050,20201030,1,148
1742,4,B,0,502020508050,20201030,1,149
1743,5,C,1,502020508050,20201030,1,150
1744,6,C,1,502020508050,20201030,1,151
1745,5,C,0,502020508050,20201030,1,152
1746,6,C,1,502020508050,20201030,1,153
1747,5,C,1,502020508050,20201030,1,154
1748,6,C,1,502020508050,20201030,1,155
1749,5,C,1,502020508050,20201030,1,156
1750,6,C,0,502020508050,20201030,1,157
1751,5,C,0,502020508050,20201030,1,158
1752,6,C,0,502020508050,20201030,1,159
1753,5,C,1,502020508050,20201030,1,160
1754,6,C,0,502020508050,20201030,1,161
1755,5,C,1,502020508050,20201030,1,162
1756,6,C,1,502020508050,20201030,1,163
1757,5,C,1,502020508050,20201030,1,164
1758,6,C,0,502020508050,20201030,1,165
1759,5,C,1,502020508050,20201030,1,166
1760,6,C,1,502020508050,20201030,1,167
1761,5,C,0,502020508050,20201030,1,168
1762,6,C,0,502020508050,20201030,1,169
1763,5,C,1,502020508050,20201030,1,170
1764,6,C,1,502020508050,20201030,1,171
1765,5,C,1,502020508050,20201030,1,172
1766,6,C,1,502020508050,20201030,1,173
1767,5,C,0,502020508050,20201030,1,174
1768,6,C,0,502020508050,20201030,1,175
1769,5,C,1,502020508050,20201030,1,176
1770,6,C,1,502020508050,20201030,1,177
1771,5,C,1,502020508050,20201030,1,178
1772,6,C,0,502020508050,20201030,1,179
1773,4,B,1,502020805020,20201030,2,0
1774,3,B,0,502020805020,20201030,2,1
1775,1,A,1,502020805020,20201030,2,2
1776,2,A,0,502020805020,20201030,2,3
1777,1,A,0,502020805020,20201030,2,4
1778,2,A,1,502020805020,20201030,2,5
1779,1,A,0,502020805020,20201030,2,6
1780,2,A,0,502020805020,20201030,2,7
1781,5,C,0,502020805020,20201030,2,8
1782,6,C,0,502020805020,20201030,2,9
1783,5,C,0,502020805020,20201030,2,10
1784,6,C,0,502020805020,20201030,2,11
1785,4,B,1,502020805020,20201030,2,12
1786,3,B,0,502020805020,20201030,2,13
1787,4,B,0,502020805020,20201030,2,14
1788,1,A,1,502020805020,20201030,2,15
1789,2,A,0,502020805020,20201030,2,16
1790,1,A,0,502020805020,20201030,2,17
1791,2,A,0,502020805020,20201030,2,18
1792,1,A,1,502020805020,20201030,2,19
1793,5,C,1,502020805020,20201030,2,20
1794,6,C,0,502020805020,20201030,2,21
1795,5,C,1,502020805020,20201030,2,22
1796,6,C,0,502020805020,20201030,2,23
1797,5,C,1,502020805020,20201030,2,24
1798,6,C,0,502020805020,20201030,2,25
1799,5,C,0,502020805020,20201030,2,26
1800,6,C,1,502020805020,20201030,2,27
1801,5,C,1,502020805020,20201030,2,28
1802,6,C,0,502020805020,20201030,2,29
1803,5,C,1,502020805020,20201030,2,30
1804,6,C,0,502020805020,20201030,2,31
1805,5,C,1,502020805020,20201030,2,32
1806,6,C,0,502020805020,20201030,2,33
1807,5,C,1,502020805020,20201030,2,34
1808,6,C,0,502020805020,20201030,2,35
1809,5,C,0,502020805020,20201030,2,36
1810,6,C,0,502020805020,20201030,2,37
1811,5,C,0,502020805020,20201030,2,38
1812,6,C,0,502020805020,20201030,2,39
1813,5,C,1,502020805020,20201030,2,40
1814,4,B,1,502020805020,20201030,2,41
1815,3,B,0,502020805020,20201030,2,42
1816,4,B,1,502020805020,20201030,2,43
1817,3,B,1,502020805020,20201030,2,44
1818,4,B,1,502020805020,20201030,2,45
1819,3,B,0,502020805020,20201030,2,46
1820,4,B,1,502020805020,20201030,2,47
1821,3,B,0,502020805020,20201030,2,48
1822,4,B,1,502020805020,20201030,2,49
1823,3,B,1,502020805020,20201030,2,50
1824,4,B,1,502020805020,20201030,2,51
1825,3,B,0,502020805020,20201030,2,52
1826,4,B,1,502020805020,20201030,2,53
1827,3,B,0,502020805020,20201030,2,54
1828,4,B,1,502020805020,20201030,2,55
1829,3,B,0,502020805020,20201030,2,56
1830,4,B,1,502020805020,20201030,2,57
1831,3,B,1,502020805020,20201030,2,58
1832,4,B,1,502020805020,20201030,2,59
1833,3,B,0,505020202050,20201030,2,60
1834,4,B,1,505020202050,20201030,2,61
1835,3,B,0,505020202050,20201030,2,62
1836,4,B,0,505020202050,20201030,2,63
1837,3,B,1,505020202050,20201030,2,64
1838,4,B,0,505020202050,20201030,2,65
1839,3,B,0,505020202050,20201030,2,66
1840,4,B,0,505020202050,20201030,2,67
1841,3,B,0,505020202050,20201030,2,68
1842,4,B,0,505020202050,20201030,2,69
1843,1,A,0,505020202050,20201030,2,70
1844,2,A,1,505020202050,20201030,2,71
1845,1,A,1,505020202050,20201030,2,72
1846,2,A,0,505020202050,20201030,2,73
1847,1,A,1,505020202050,20201030,2,74
1848,2,A,1,505020202050,20201030,2,75
1849,1,A,1,505020202050,20201030,2,76
1850,2,A,1,505020202050,20201030,2,77
1851,1,A,1,505020202050,20201030,2,78
1852,2,A,0,505020202050,20201030,2,79
1853,1,A,0,505020202050,20201030,2,80
1854,2,A,1,505020202050,20201030,2,81
1855,1,A,0,505020202050,20201030,2,82
1856,2,A,1,505020202050,20201030,2,83
1857,1,A,1,505020202050,20201030,2,84
1858,2,A,0,505020202050,20201030,2,85
1859,1,A,1,505020202050,20201030,2,86
1860,2,A,0,505020202050,20201030,2,87
1861,1,A,0,505020202050,20201030,2,88
1862,2,A,1,505020202050,20201030,2,89
1863,1,A,0,505020202050,20201030,2,90
1864,2,A,1,505020202050,20201030,2,91
1865,1,A,0,505020202050,20201030,2,92
1866,2,A,1,505020202050,20201030,2,93
1867,1,A,1,505020202050,20201030,2,94
1868,2,A,1,505020202050,20201030,2,95
1869,1,A,0,505020202050,20201030,2,96
1870,2,A,0,505020202050,20201030,2,97
1871,1,A,0,505020202050,20201030,2,98
1872,2,A,0,505020202050,20201030,2,99
1873,5,C,0,505020202050,20201030,2,100
1874,6,C,1,505020202050,20201030,2,101
1875,5,C,0,505020202050,20201030,2,102
1876,6,C,0,505020202050,20201030,2,103
1877,5,C,0,505020202050,20201030,2,104
1878,6,C,1,505020202050,20201030,2,105
1879,5,C,0,505020202050,20201030,2,106
1880,6,C,1,505020202050,20201030,2,107
1881,4,B,0,505020202050,20201030,2,108
1882,3,B,0,505020202050,20201030,2,109
1883,4,B,0,505020202050,20201030,2,110
1884,3,B,0,505020202050,20201030,2,111
1885,4,B,0,505020202050,20201030,2,112
1886,3,B,0,505020202050,20201030,2,113
1887,4,B,0,505020202050,20201030,2,114
1888,1,A,1,505020202050,20201030,2,115
1889,2,A,0,505020202050,20201030,2,116
1890,1,A,0,505020202050,20201030,2,117
1891,2,A,0,505020202050,20201030,2,118
1892,5,C,0,505020202050,20201030,2,119
1893,6,C,0,202080202020,20201030,2,120
1894,5,C,0,202080202020,20201030,2,121
1895,6,C,0,202080202020,20201030,2,122
1896,4,B,1,202080202020,20201030,2,123
1897,3,B,1,202080202020,20201030,2,124
1898,4,B,0,202080202020,20201030,2,125
1899,3,B,1,202080202020,20201030,2,126
1900,4,B,0,202080202020,20201030,2,127
1901,3,B,1,202080202020,20201030,2,128
1902,4,B,1,202080202020,20201030,2,129
1903,3,B,0,202080202020,20201030,2,130
1904,4,B,0,202080202020,20201030,2,131
1905,3,B,1,202080202020,20201030,2,132
1906,4,B,0,202080202020,20201030,2,133
1907,3,B,1,202080202020,20201030,2,134
1908,4,B,0,202080202020,20201030,2,135
1909,3,B,1,202080202020,20201030,2,136
1910,4,B,0,202080202020,20201030,2,137
1911,3,B,1,202080202020,20201030,2,138
1912,4,B,0,202080202020,20201030,2,139
1913,3,B,1,202080202020,20201030,2,140
1914,4,B,0,202080202020,20201030,2,141
1915,3,B,0,202080202020,20201030,2,142
1916,4,B,0,202080202020,20201030,2,143
1917,3,B,1,202080202020,20201030,2,144
1918,4,B,0,202080202020,20201030,2,145
1919,3,B,1,202080202020,20201030,2,146
1920,4,B,0,202080202020,20201030,2,147
1921,3,B,1,202080202020,20201030,2,148
1922,4,B,0,202080202020,20201030,2,149
1923,3,B,1,202080202020,20201030,2,150
1924,1,A,0,202080202020,20201030,2,151
1925,2,A,0,202080202020,20201030,2,152
1926,1,A,0,202080202020,20201030,2,153
1927,2,A,0,202080202020,20201030,2,154
1928,1,A,1,202080202020,20201030,2,155
1929,2,A,0,202080202020,20201030,2,156
1930,1,A,0,202080202020,20201030,2,157
1931,5,C,0,202080202020,20201030,2,158
1932,6,C,0,202080202020,20201030,2,159
1933,5,C,0,202080202020,20201030,2,160
1934,4,B,0,202080202020,20201030,2,161
1935,3,B,1,202080202020,20201030,2,162
1936,4,B,0,202080202020,20201030,2,163
1937,3,B,1,202080202020,20201030,2,164
1938,4,B,0,202080202020,20201030,2,165
1939,3,B,1,202080202020,20201030,2,166
1940,4,B,1,202080202020,20201030,2,167
1941,3,B,1,202080202020,20201030,2,168
1942,4,B,1,202080202020,20201030,2,169
1943,3,B,1,202080202020,20201030,2,170
1944,4,B,1,202080202020,20201030,2,171
1945,3,B,1,202080202020,20201030,2,172
1946,4,B,0,202080202020,20201030,2,173
1947,3,B,1,202080202020,20201030,2,174
1948,4,B,0,202080202020,20201030,2,175
1949,3,B,1,202080202020,20201030,2,176
1950,4,B,0,202080202020,20201030,2,177
1951,3,B,1,202080202020,20201030,2,178
1952,4,B,0,202080202020,20201030,2,179
1953,4,B,1,202050508050,20201030,3,0
1954,3,B,1,202050508050,20201030,3,1
1955,2,A,0,202050508050,20201030,3,2
1956,1,A,0,202050508050,20201030,3,3
1957,2,A,1,202050508050,20201030,3,4
1958,1,A,0,202050508050,20201030,3,5
1959,2,A,0,202050508050,20201030,3,6
1960,5,C,1,202050508050,20201030,3,7
1961,6,C,1,202050508050,20201030,3,8
1962,5,C,1,202050508050,20201030,3,9
1963,6,C,0,202050508050,20201030,3,10
1964,5,C,1,202050508050,20201030,3,11
1965,4,B,0,202050508050,20201030,3,12
1966,3,B,0,202050508050,20201030,3,13
1967,4,B,1,202050508050,20201030,3,14
1968,3,B,1,202050508050,20201030,3,15
1969,4,B,0,202050508050,20201030,3,16
1970,3,B,1,202050508050,20201030,3,17
1971,4,B,0,202050508050,20201030,3,18
1972,3,B,0,202050508050,20201030,3,19
1973,4,B,0,202050508050,20201030,3,20
1974,1,A,0,202050508050,20201030,3,21
1975,2,A,0,202050508050,20201030,3,22
1976,1,A,0,202050508050,20201030,3,23
1977,2,A,0,202050508050,20201030,3,24
1978,1,A,0,202050508050,20201030,3,25
1979,2,A,0,202050508050,20201030,3,26
1980,5,C,1,202050508050,20201030,3,27
1981,6,C,1,202050508050,20201030,3,28
1982,5,C,1,202050508050,20201030,3,29
1983,6,C,0,202050508050,20201030,3,30
1984,5,C,1,202050508050,20201030,3,31
1985,6,C,1,202050508050,20201030,3,32
1986,5,C,1,202050508050,20201030,3,33
1987,6,C,0,202050508050,20201030,3,34
1988,5,C,0,202050508050,20201030,3,35
1989,6,C,0,202050508050,20201030,3,36
1990,5,C,1,202050508050,20201030,3,37
1991,6,C,0,202050508050,20201030,3,38
1992,5,C,1,202050508050,20201030,3,39
1993,6,C,1,202050508050,20201030,3,40
1994,5,C,1,202050508050,20201030,3,41
1995,6,C,0,202050508050,20201030,3,42
1996,5,C,1,202050508050,20201030,3,43
1997,6,C,1,202050508050,20201030,3,44
1998,5,C,1,202050508050,20201030,3,45
1999,6,C,1,202050508050,20201030,3,46
2000,5,C,1,202050508050,20201030,3,47
2001,6,C,1,202050508050,20201030,3,48
2002,5,C,1,202050508050,20201030,3,49
2003,6,C,1,202050508050,20201030,3,50
2004,5,C,1,202050508050,20201030,3,51
2005,6,C,0,202050508050,20201030,3,52
2006,5,C,1,202050508050,20201030,3,53
2007,6,C,1,202050508050,20201030,3,54
2008,5,C,1,202050508050,20201030,3,55
2009,6,C,1,202050508050,20201030,3,56
2010,5,C,1,202050508050,20201030,3,57
2011,6,C,0,202050508050,20201030,3,58
2012,5,C,1,202050508050,20201030,3,59
2013,6,C,1,508020202080,20201030,3,60
2014,5,C,0,508020202080,20201030,3,61
2015,6,C,1,508020202080,20201030,3,62
2016,5,C,1,508020202080,20201030,3,63
2017,6,C,1,508020202080,20201030,3,64
2018,5,C,0,508020202080,20201030,3,65
2019,6,C,1,508020202080,20201030,3,66
2020,5,C,0,508020202080,20201030,3,67
2021,6,C,1,508020202080,20201030,3,68
2022,5,C,0,508020202080,20201030,3,69
2023,6,C,1,508020202080,20201030,3,70
2024,5,C,1,508020202080,20201030,3,71
2025,6,C,1,508020202080,20201030,3,72
2026,5,C,0,508020202080,20201030,3,73
2027,6,C,0,508020202080,20201030,3,74
2028,5,C,0,508020202080,20201030,3,75
2029,6,C,0,508020202080,20201030,3,76
2030,5,C,1,508020202080,20201030,3,77
2031,6,C,1,508020202080,20201030,3,78
2032,5,C,0,508020202080,20201030,3,79
2033,6,C,1,508020202080,20201030,3,80
2034,5,C,0,508020202080,20201030,3,81
2035,6,C,1,508020202080,20201030,3,82
2036,5,C,0,508020202080,20201030,3,83
2037,6,C,1,508020202080,20201030,3,84
2038,5,C,0,508020202080,20201030,3,85
2039,6,C,0,508020202080,20201030,3,86
2040,5,C,0,508020202080,20201030,3,87
2041,6,C,1,508020202080,20201030,3,88
2042,4,B,0,508020202080,20201030,3,89
2043,3,B,0,508020202080,20201030,3,90
2044,4,B,0,508020202080,20201030,3,91
2045,3,B,1,508020202080,20201030,3,92
2046,4,B,0,508020202080,20201030,3,93
2047,3,B,1,508020202080,20201030,3,94
2048,4,B,0,508020202080,20201030,3,95
2049,3,B,0,508020202080,20201030,3,96
2050,4,B,0,508020202080,20201030,3,97
2051,3,B,0,508020202080,20201030,3,98
2052,4,B,0,508020202080,20201030,3,99
2053,3,B,0,508020202080,20201030,3,100
2054,4,B,0,508020202080,20201030,3,101
2055,1,A,0,508020202080,20201030,3,102
2056,2,A,1,508020202080,20201030,3,103
2057,1,A,1,508020202080,20201030,3,104
2058,2,A,1,508020202080,20201030,3,105
2059,1,A,1,508020202080,20201030,3,106
2060,2,A,1,508020202080,20201030,3,107
2061,1,A,1,508020202080,20201030,3,108
2062,2,A,0,508020202080,20201030,3,109
2063,1,A,1,508020202080,20201030,3,110
2064,2,A,1,508020202080,20201030,3,111
2065,1,A,0,508020202080,20201030,3,112
2066,2,A,1,508020202080,20201030,3,113
2067,1,A,0,508020202080,20201030,3,114
2068,2,A,1,508020202080,20201030,3,115
2069,1,A,1,508020202080,20201030,3,116
2070,2,A,1,508020202080,20201030,3,117
2071,1,A,0,508020202080,20201030,3,118
2072,2,A,0,508020202080,20201030,3,119
2073,1,A,0,502050802020,20201030,3,120
2074,2,A,1,502050802020,20201030,3,121
2075,1,A,1,502050802020,20201030,3,122
2076,2,A,0,502050802020,20201030,3,123
2077,1,A,1,502050802020,20201030,3,124
2078,2,A,0,502050802020,20201030,3,125
2079,1,A,0,502050802020,20201030,3,126
2080,2,A,1,502050802020,20201030,3,127
2081,1,A,1,502050802020,20201030,3,128
2082,2,A,0,502050802020,20201030,3,129
2083,1,A,0,502050802020,20201030,3,130
2084,2,A,0,502050802020,20201030,3,131
2085,1,A,1,502050802020,20201030,3,132
2086,2,A,0,502050802020,20201030,3,133
2087,1,A,0,502050802020,20201030,3,134
2088,2,A,0,502050802020,20201030,3,135
2089,5,C,1,502050802020,20201030,3,136
2090,6,C,1,502050802020,20201030,3,137
2091,5,C,0,502050802020,20201030,3,138
2092,6,C,1,502050802020,20201030,3,139
2093,5,C,1,502050802020,20201030,3,140
2094,6,C,0,502050802020,20201030,3,141
2095,5,C,0,502050802020,20201030,3,142
2096,6,C,0,502050802020,20201030,3,143
2097,5,C,0,502050802020,20201030,3,144
2098,6,C,1,502050802020,20201030,3,145
2099,5,C,0,502050802020,20201030,3,146
2100,6,C,0,502050802020,20201030,3,147
2101,5,C,0,502050802020,20201030,3,148
2102,6,C,0,502050802020,20201030,3,149
2103,4,B,1,502050802020,20201030,3,150
2104,3,B,0,502050802020,20201030,3,151
2105,4,B,1,502050802020,20201030,3,152
2106,3,B,0,502050802020,20201030,3,153
2107,4,B,1,502050802020,20201030,3,154
2108,3,B,0,502050802020,20201030,3,155
2109,4,B,1,502050802020,20201030,3,156
2110,3,B,1,502050802020,20201030,3,157
2111,4,B,1,502050802020,20201030,3,158
2112,3,B,1,502050802020,20201030,3,159
2113,4,B,1,502050802020,20201030,3,160
2114,3,B,0,502050802020,20201030,3,161
2115,4,B,1,502050802020,20201030,3,162
2116,3,B,1,502050802020,20201030,3,163
2117,4,B,1,502050802020,20201030,3,164
2118,3,B,1,502050802020,20201030,3,165
2119,4,B,1,502050802020,20201030,3,166
2120,3,B,1,502050802020,20201030,3,167
2121,4,B,1,502050802020,20201030,3,168
2122,3,B,1,502050802020,20201030,3,169
2123,4,B,1,502050802020,20201030,3,170
2124,3,B,0,502050802020,20201030,3,171
2125,4,B,1,502050802020,20201030,3,172
2126,3,B,1,502050802020,20201030,3,173
2127,4,B,0,502050802020,20201030,3,174
2128,3,B,1,502050802020,20201030,3,175
2129,4,B,0,502050802020,20201030,3,176
2130,3,B,0,502050802020,20201030,3,177
2131,4,B,1,502050802020,20201030,3,178
2132,3,B,1,502050802020,20201030,3,179
2133,4,B,1,205020205050,20201030,4,0
2134,5,C,1,205020205050,20201030,4,1
2135,6,C,1,205020205050,20201030,4,2
2136,5,C,1,205020205050,20201030,4,3
2137,6,C,1,205020205050,20201030,4,4
2138,1,A,0,205020205050,20201030,4,5
2139,2,A,0,205020205050,20201030,4,6
2140,1,A,1,205020205050,20201030,4,7
2141,2,A,0,205020205050,20201030,4,8
2142,1,A,1,205020205050,20201030,4,9
2143,2,A,0,205020205050,20201030,4,10
2144,1,A,0,205020205050,20201030,4,11
2145,2,A,1,205020205050,20201030,4,12
2146,4,B,0,205020205050,20201030,4,13
2147,3,B,0,205020205050,20201030,4,14
2148,4,B,0,205020205050,20201030,4,15
2149,3,B,0,205020205050,20201030,4,16
2150,4,B,0,205020205050,20201030,4,17
2151,5,C,1,205020205050,20201030,4,18
2152,6,C,1,205020205050,20201030,4,19
2153,5,C,1,205020205050,20201030,4,20
2154,6,C,0,205020205050,20201030,4,21
2155,5,C,1,205020205050,20201030,4,22
2156,6,C,1,205020205050,20201030,4,23
2157,5,C,1,205020205050,20201030,4,24
2158,6,C,0,205020205050,20201030,4,25
2159,5,C,1,205020205050,20201030,4,26
2160,6,C,0,205020205050,20201030,4,27
2161,5,C,0,205020205050,20201030,4,28
2162,6,C,1,205020205050,20201030,4,29
2163,5,C,0,205020205050,20201030,4,30
2164,6,C,0,205020205050,20201030,4,31
2165,5,C,0,205020205050,20201030,4,32
2166,6,C,0,205020205050,20201030,4,33
2167,4,B,0,205020205050,20201030,4,34
2168,3,B,0,205020205050,20201030,4,35
2169,4,B,1,205020205050,20201030,4,36
2170,1,A,0,205020205050,20201030,4,37
2171,2,A,1,205020205050,20201030,4,38
2172,1,A,0,205020205050,20201030,4,39
2173,2,A,1,205020205050,20201030,4,40
2174,1,A,0,205020205050,20201030,4,41
2175,2,A,0,205020205050,20201030,4,42
2176,1,A,0,205020205050,20201030,4,43
2177,2,A,0,205020205050,20201030,4,44
2178,5,C,1,205020205050,20201030,4,45
2179,6,C,0,205020205050,20201030,4,46
2180,5,C,0,205020205050,20201030,4,47
2181,6,C,1,205020205050,20201030,4,48
2182,5,C,1,205020205050,20201030,4,49
2183,6,C,1,205020205050,20201030,4,50
2184,5,C,0,205020205050,20201030,4,51
2185,6,C,1,205020205050,20201030,4,52
2186,5,C,0,205020205050,20201030,4,53
2187,6,C,0,205020205050,20201030,4,54
2188,5,C,0,205020205050,20201030,4,55
2189,6,C,1,205020205050,20201030,4,56
2190,5,C,0,205020205050,20201030,4,57
2191,6,C,0,205020205050,20201030,4,58
2192,5,C,1,205020205050,20201030,4,59
2193,6,C,0,508020202050,20201030,4,60
2194,5,C,0,508020202050,20201030,4,61
2195,6,C,1,508020202050,20201030,4,62
2196,5,C,1,508020202050,20201030,4,63
2197,6,C,0,508020202050,20201030,4,64
2198,5,C,0,508020202050,20201030,4,65
2199,6,C,1,508020202050,20201030,4,66
2200,5,C,0,508020202050,20201030,4,67
2201,6,C,1,508020202050,20201030,4,68
2202,4,B,0,508020202050,20201030,4,69
2203,3,B,0,508020202050,20201030,4,70
2204,4,B,0,508020202050,20201030,4,71
2205,3,B,0,508020202050,20201030,4,72
2206,4,B,0,508020202050,20201030,4,73
2207,3,B,0,508020202050,20201030,4,74
2208,4,B,1,508020202050,20201030,4,75
2209,3,B,1,508020202050,20201030,4,76
2210,4,B,0,508020202050,20201030,4,77
2211,3,B,0,508020202050,20201030,4,78
2212,4,B,1,508020202050,20201030,4,79
2213,3,B,0,508020202050,20201030,4,80
2214,4,B,1,508020202050,20201030,4,81
2215,3,B,0,508020202050,20201030,4,82
2216,4,B,0,508020202050,20201030,4,83
2217,3,B,1,508020202050,20201030,4,84
2218,4,B,0,508020202050,20201030,4,85
2219,3,B,0,508020202050,20201030,4,86
2220,4,B,0,508020202050,20201030,4,87
2221,5,C,0,508020202050,20201030,4,88
2222,6,C,0,508020202050,20201030,4,89
2223,5,C,0,508020202050,20201030,4,90
2224,6,C,0,508020202050,20201030,4,91
2225,5,C,0,508020202050,20201030,4,92
2226,6,C,0,508020202050,20201030,4,93
2227,5,C,1,508020202050,20201030,4,94
2228,6,C,1,508020202050,20201030,4,95
2229,5,C,0,508020202050,20201030,4,96
2230,6,C,1,508020202050,20201030,4,97
2231,5,C,0,508020202050,20201030,4,98
2232,6,C,0,508020202050,20201030,4,99
2233,5,C,0,508020202050,20201030,4,100
2234,6,C,1,508020202050,20201030,4,101
2235,5,C,0,508020202050,20201030,4,102
2236,6,C,1,508020202050,20201030,4,103
2237,5,C,0,508020202050,20201030,4,104
2238,6,C,0,508020202050,20201030,4,105
2239,5,C,0,508020202050,20201030,4,106
2240,6,C,1,508020202050,20201030,4,107
2241,4,B,1,508020202050,20201030,4,108
2242,3,B,0,508020202050,20201030,4,109
2243,4,B,0,508020202050,20201030,4,110
2244,3,B,0,508020202050,20201030,4,111
2245,4,B,0,508020202050,20201030,4,112
2246,1,A,1,508020202050,20201030,4,113
2247,2,A,1,508020202050,20201030,4,114
2248,1,A,1,508020202050,20201030,4,115
2249,2,A,1,508020202050,20201030,4,116
2250,1,A,1,508020202050,20201030,4,117
2251,2,A,1,508020202050,20201030,4,118
2252,1,A,1,508020202050,20201030,4,119
2253,2,A,0,202050202080,20201030,4,120
2254,1,A,0,202050202080,20201030,4,121
2255,2,A,0,202050202080,20201030,4,122
2256,1,A,0,202050202080,20201030,4,123
2257,2,A,0,202050202080,20201030,4,124
2258,4,B,1,202050202080,20201030,4,125
2259,3,B,1,202050202080,20201030,4,126
2260,4,B,0,202050202080,20201030,4,127
2261,3,B,1,202050202080,20201030,4,128
2262,4,B,0,202050202080,20201030,4,129
2263,3,B,0,202050202080,20201030,4,130
2264,4,B,0,202050202080,20201030,4,131
2265,3,B,0,202050202080,20201030,4,132
2266,4,B,0,202050202080,20201030,4,133
2267,5,C,1,202050202080,20201030,4,134
2268,6,C,1,202050202080,20201030,4,135
2269,5,C,0,202050202080,20201030,4,136
2270,6,C,1,202050202080,20201030,4,137
2271,5,C,0,202050202080,20201030,4,138
2272,6,C,1,202050202080,20201030,4,139
2273,5,C,0,202050202080,20201030,4,140
2274,6,C,1,202050202080,20201030,4,141
2275,5,C,0,202050202080,20201030,4,142
2276,6,C,1,202050202080,20201030,4,143
2277,5,C,0,202050202080,20201030,4,144
2278,6,C,0,202050202080,20201030,4,145
2279,5,C,0,202050202080,20201030,4,146
2280,6,C,1,202050202080,20201030,4,147
2281,5,C,1,202050202080,20201030,4,148
2282,6,C,1,202050202080,20201030,4,149
2283,5,C,1,202050202080,20201030,4,150
2284,6,C,1,202050202080,20201030,4,151
2285,5,C,1,202050202080,20201030,4,152
2286,6,C,1,202050202080,20201030,4,153
2287,5,C,0,202050202080,20201030,4,154
2288,6,C,1,202050202080,20201030,4,155
2289,5,C,0,202050202080,20201030,4,156
2290,6,C,1,202050202080,20201030,4,157
2291,5,C,0,202050202080,20201030,4,158
2292,6,C,1,202050202080,20201030,4,159
2293,5,C,0,202050202080,20201030,4,160
2294,6,C,1,202050202080,20201030,4,161
2295,5,C,0,202050202080,20201030,4,162
2296,6,C,0,202050202080,20201030,4,163
2297,5,C,0,202050202080,20201030,4,164
2298,6,C,1,202050202080,20201030,4,165
2299,4,B,1,202050202080,20201030,4,166
2300,3,B,1,202050202080,20201030,4,167
2301,4,B,0,202050202080,20201030,4,168
2302,3,B,0,202050202080,20201030,4,169
2303,4,B,0,202050202080,20201030,4,170
2304,3,B,0,202050202080,20201030,4,171
2305,4,B,0,202050202080,20201030,4,172
2306,1,A,1,202050202080,20201030,4,173
2307,2,A,1,202050202080,20201030,4,174
2308,1,A,0,202050202080,20201030,4,175
2309,2,A,0,202050202080,20201030,4,176
2310,1,A,0,202050202080,20201030,4,177
2311,2,A,0,202050202080,20201030,4,178
2312,4,B,0,202050202080,20201030,4,179
2313,4,B,0,502080505020,20201030,5,0
2314,3,B,0,502080505020,20201030,5,1
2315,5,C,1,502080505020,20201030,5,2
2316,6,C,1,502080505020,20201030,5,3
2317,5,C,1,502080505020,20201030,5,4
2318,6,C,0,502080505020,20201030,5,5
2319,5,C,0,502080505020,20201030,5,6
2320,6,C,1,502080505020,20201030,5,7
2321,5,C,0,502080505020,20201030,5,8
2322,6,C,0,502080505020,20201030,5,9
2323,1,A,0,502080505020,20201030,5,10
2324,2,A,0,502080505020,20201030,5,11
2325,1,A,1,502080505020,20201030,5,12
2326,2,A,0,502080505020,20201030,5,13
2327,1,A,1,502080505020,20201030,5,14
2328,4,B,1,502080505020,20201030,5,15
2329,3,B,1,502080505020,20201030,5,16
2330,4,B,1,502080505020,20201030,5,17
2331,3,B,1,502080505020,20201030,5,18
2332,4,B,0,502080505020,20201030,5,19
2333,3,B,1,502080505020,20201030,5,20
2334,4,B,1,502080505020,20201030,5,21
2335,3,B,1,502080505020,20201030,5,22
2336,4,B,1,502080505020,20201030,5,23
2337,3,B,1,502080505020,20201030,5,24
2338,4,B,0,502080505020,20201030,5,25
2339,3,B,1,502080505020,20201030,5,26
2340,4,B,1,502080505020,20201030,5,27
2341,3,B,0,502080505020,20201030,5,28
2342,4,B,0,502080505020,20201030,5,29
2343,3,B,1,502080505020,20201030,5,30
2344,4,B,1,502080505020,20201030,5,31
2345,3,B,1,502080505020,20201030,5,32
2346,4,B,0,502080505020,20201030,5,33
2347,3,B,1,502080505020,20201030,5,34
2348,4,B,0,502080505020,20201030,5,35
2349,3,B,1,502080505020,20201030,5,36
2350,4,B,0,502080505020,20201030,5,37
2351,3,B,0,502080505020,20201030,5,38
2352,4,B,0,502080505020,20201030,5,39
2353,5,C,0,502080505020,20201030,5,40
2354,6,C,0,502080505020,20201030,5,41
2355,5,C,1,502080505020,20201030,5,42
2356,6,C,0,502080505020,20201030,5,43
2357,5,C,1,502080505020,20201030,5,44
2358,6,C,0,502080505020,20201030,5,45
2359,5,C,1,502080505020,20201030,5,46
2360,6,C,0,502080505020,20201030,5,47
2361,5,C,0,502080505020,20201030,5,48
2362,6,C,0,502080505020,20201030,5,49
2363,5,C,1,502080505020,20201030,5,50
2364,6,C,0,502080505020,20201030,5,51
2365,5,C,1,502080505020,20201030,5,52
2366,6,C,0,502080505020,20201030,5,53
2367,5,C,1,502080505020,20201030,5,54
2368,1,A,1,502080505020,20201030,5,55
2369,2,A,0,502080505020,20201030,5,56
2370,1,A,1,502080505020,20201030,5,57
2371,2,A,0,502080505020,20201030,5,58
2372,1,A,1,502080505020,20201030,5,59
2373,2,A,1,502020202020,20201030,5,60
2374,1,A,0,502020202020,20201030,5,61
2375,2,A,0,502020202020,20201030,5,62
2376,1,A,1,502020202020,20201030,5,63
2377,2,A,0,502020202020,20201030,5,64
2378,1,A,0,502020202020,20201030,5,65
2379,2,A,1,502020202020,20201030,5,66
2380,1,A,1,502020202020,20201030,5,67
2381,2,A,0,502020202020,20201030,5,68
2382,1,A,0,502020202020,20201030,5,69
2383,2,A,0,502020202020,20201030,5,70
2384,4,B,0,502020202020,20201030,5,71
2385,3,B,0,502020202020,20201030,5,72
2386,4,B,1,502020202020,20201030,5,73
2387,3,B,1,502020202020,20201030,5,74
2388,4,B,0,502020202020,20201030,5,75
2389,3,B,0,502020202020,20201030,5,76
2390,4,B,1,502020202020,20201030,5,77
2391,3,B,0,502020202020,20201030,5,78
2392,4,B,0,502020202020,20201030,5,79
2393,3,B,0,502020202020,20201030,5,80
2394,4,B,0,502020202020,20201030,5,81
2395,1,A,1,502020202020,20201030,5,82
2396,2,A,1,502020202020,20201030,5,83
2397,1,A,0,502020202020,20201030,5,84
2398,2,A,0,502020202020,20201030,5,85
2399,5,C,0,502020202020,20201030,5,86
2400,6,C,0,502020202020,20201030,5,87
2401,5,C,0,502020202020,20201030,5,88
2402,6,C,1,502020202020,20201030,5,89
2403,5,C,1,502020202020,20201030,5,90
2404,6,C,0,502020202020,20201030,5,91
2405,5,C,0,502020202020,20201030,5,92
2406,6,C,0,502020202020,20201030,5,93
2407,5,C,0,502020202020,20201030,5,94
2408,6,C,1,502020202020,20201030,5,95
2409,5,C,0,502020202020,20201030,5,96
2410,6,C,0,502020202020,20201030,5,97
2411,5,C,0,502020202020,20201030,5,98
2412,6,C,0,502020202020,20201030,5,99
2413,4,B,0,502020202020,20201030,5,100
2414,3,B,1,502020202020,20201030,5,101
2415,4,B,0,502020202020,20201030,5,102
2416,3,B,0,502020202020,20201030,5,103
2417,4,B,0,502020202020,20201030,5,104
2418,3,B,0,502020202020,20201030,5,105
2419,4,B,0,502020202020,20201030,5,106
2420,1,A,1,502020202020,20201030,5,107
2421,2,A,1,502020202020,20201030,5,108
2422,1,A,0,502020202020,20201030,5,109
2423,2,A,0,502020202020,20201030,5,110
2424,1,A,0,502020202020,20201030,5,111
2425,2,A,0,502020202020,20201030,5,112
2426,4,B,0,502020202020,20201030,5,113
2427,3,B,0,502020202020,20201030,5,114
2428,4,B,0,502020202020,20201030,5,115
2429,5,C,0,502020202020,20201030,5,116
2430,6,C,0,502020202020,20201030,5,117
2431,5,C,0,502020202020,20201030,5,118
2432,6,C,1,502020202020,20201030,5,119
2433,5,C,1,205050805020,20201030,5,120
2434,6,C,0,205050805020,20201030,5,121
2435,5,C,1,205050805020,20201030,5,122
2436,6,C,1,205050805020,20201030,5,123
2437,5,C,1,205050805020,20201030,5,124
2438,6,C,0,205050805020,20201030,5,125
2439,5,C,0,205050805020,20201030,5,126
2440,6,C,0,205050805020,20201030,5,127
2441,5,C,0,205050805020,20201030,5,128
2442,6,C,0,205050805020,20201030,5,129
2443,1,A,1,205050805020,20201030,5,130
2444,2,A,1,205050805020,20201030,5,131
2445,1,A,0,205050805020,20201030,5,132
2446,2,A,1,205050805020,20201030,5,133
2447,1,A,0,205050805020,20201030,5,134
2448,2,A,0,205050805020,20201030,5,135
2449,1,A,0,205050805020,20201030,5,136
2450,2,A,0,205050805020,20201030,5,137
2451,4,B,0,205050805020,20201030,5,138
2452,3,B,0,205050805020,20201030,5,139
2453,4,B,1,205050805020,20201030,5,140
2454,3,B,1,205050805020,20201030,5,141
2455,4,B,1,205050805020,20201030,5,142
2456,3,B,0,205050805020,20201030,5,143
2457,4,B,1,205050805020,20201030,5,144
2458,3,B,0,205050805020,20201030,5,145
2459,4,B,1,205050805020,20201030,5,146
2460,3,B,0,205050805020,20201030,5,147
2461,4,B,0,205050805020,20201030,5,148
2462,3,B,0,205050805020,20201030,5,149
2463,4,B,1,205050805020,20201030,5,150
2464,3,B,0,205050805020,20201030,5,151
2465,4,B,1,205050805020,20201030,5,152
2466,3,B,1,205050805020,20201030,5,153
2467,4,B,1,205050805020,20201030,5,154
2468,3,B,1,205050805020,20201030,5,155
2469,4,B,1,205050805020,20201030,5,156
2470,3,B,1,205050805020,20201030,5,157
2471,4,B,1,205050805020,20201030,5,158
2472,3,B,0,205050805020,20201030,5,159
2473,4,B,1,205050805020,20201030,5,160
2474,3,B,0,205050805020,20201030,5,161
2475,4,B,1,205050805020,20201030,5,162
2476,3,B,0,205050805020,20201030,5,163
2477,4,B,1,205050805020,20201030,5,164
2478,3,B,1,205050805020,20201030,5,165
2479,4,B,1,205050805020,20201030,5,166
2480,3,B,1,205050805020,20201030,5,167
2481,4,B,0,205050805020,20201030,5,168
2482,3,B,1,205050805020,20201030,5,169
2483,4,B,1,205050805020,20201030,5,170
2484,3,B,1,205050805020,20201030,5,171
2485,4,B,1,205050805020,20201030,5,172
2486,3,B,0,205050805020,20201030,5,173
2487,4,B,0,205050805020,20201030,5,174
2488,3,B,0,205050805020,20201030,5,175
2489,4,B,1,205050805020,20201030,5,176
2490,3,B,0,205050805020,20201030,5,177
2491,4,B,1,205050805020,20201030,5,178
2492,3,B,0,205050805020,20201030,5,179
2493,4,B,0,205080208050,20201030,6,0
2494,3,B,0,205080208050,20201030,6,1
2495,1,A,0,205080208050,20201030,6,2
2496,2,A,1,205080208050,20201030,6,3
2497,1,A,0,205080208050,20201030,6,4
2498,2,A,1,205080208050,20201030,6,5
2499,5,C,1,205080208050,20201030,6,6
2500,6,C,0,205080208050,20201030,6,7
2501,5,C,1,205080208050,20201030,6,8
2502,6,C,0,205080208050,20201030,6,9
2503,5,C,0,205080208050,20201030,6,10
2504,6,C,0,205080208050,20201030,6,11
2505,5,C,1,205080208050,20201030,6,12
2506,4,B,0,205080208050,20201030,6,13
2507,3,B,1,205080208050,20201030,6,14
2508,4,B,0,205080208050,20201030,6,15
2509,3,B,1,205080208050,20201030,6,16
2510,4,B,0,205080208050,20201030,6,17
2511,3,B,0,205080208050,20201030,6,18
2512,4,B,0,205080208050,20201030,6,19
2513,1,A,1,205080208050,20201030,6,20
2514,2,A,0,205080208050,20201030,6,21
2515,1,A,0,205080208050,20201030,6,22
2516,2,A,1,205080208050,20201030,6,23
2517,1,A,0,205080208050,20201030,6,24
2518,2,A,1,205080208050,20201030,6,25
2519,1,A,0,205080208050,20201030,6,26
2520,2,A,1,205080208050,20201030,6,27
2521,1,A,0,205080208050,20201030,6,28
2522,2,A,1,205080208050,20201030,6,29
2523,6,C,1,205080208050,20201030,6,30
2524,5,C,1,205080208050,20201030,6,31
2525,6,C,0,205080208050,20201030,6,32
2526,5,C,0,205080208050,20201030,6,33
2527,6,C,0,205080208050,20201030,6,34
2528,5,C,1,205080208050,20201030,6,35
2529,6,C,1,205080208050,20201030,6,36
2530,5,C,1,205080208050,20201030,6,37
2531,6,C,1,205080208050,20201030,6,38
2532,5,C,1,205080208050,20201030,6,39
2533,6,C,0,205080208050,20201030,6,40
2534,5,C,1,205080208050,20201030,6,41
2535,6,C,1,205080208050,20201030,6,42
2536,5,C,1,205080208050,20201030,6,43
2537,6,C,0,205080208050,20201030,6,44
2538,5,C,1,205080208050,20201030,6,45
2539,6,C,0,205080208050,20201030,6,46
2540,5,C,1,205080208050,20201030,6,47
2541,6,C,0,205080208050,20201030,6,48
2542,5,C,1,205080208050,20201030,6,49
2543,6,C,1,205080208050,20201030,6,50
2544,5,C,1,205080208050,20201030,6,51
2545,6,C,1,205080208050,20201030,6,52
2546,5,C,1,205080208050,20201030,6,53
2547,6,C,1,205080208050,20201030,6,54
2548,5,C,0,205080208050,20201030,6,55
2549,6,C,1,205080208050,20201030,6,56
2550,5,C,1,205080208050,20201030,6,57
2551,6,C,1,205080208050,20201030,6,58
2552,5,C,1,205080208050,20201030,6,59
2553,6,C,1,805050202050,20201030,6,60
2554,5,C,0,805050202050,20201030,6,61
2555,6,C,1,805050202050,20201030,6,62
2556,5,C,0,805050202050,20201030,6,63
2557,6,C,1,805050202050,20201030,6,64
2558,5,C,0,805050202050,20201030,6,65
2559,6,C,0,805050202050,20201030,6,66
2560,5,C,0,805050202050,20201030,6,67
2561,6,C,1,805050202050,20201030,6,68
2562,5,C,1,805050202050,20201030,6,69
2563,6,C,1,805050202050,20201030,6,70
2564,5,C,0,805050202050,20201030,6,71
2565,6,C,1,805050202050,20201030,6,72
2566,5,C,0,805050202050,20201030,6,73
2567,6,C,1,805050202050,20201030,6,74
2568,4,B,1,805050202050,20201030,6,75
2569,3,B,1,805050202050,20201030,6,76
2570,4,B,1,805050202050,20201030,6,77
2571,3,B,0,805050202050,20201030,6,78
2572,4,B,0,805050202050,20201030,6,79
2573,3,B,1,805050202050,20201030,6,80
2574,4,B,1,805050202050,20201030,6,81
2575,3,B,1,805050202050,20201030,6,82
2576,4,B,0,805050202050,20201030,6,83
2577,3,B,1,805050202050,20201030,6,84
2578,4,B,0,805050202050,20201030,6,85
2579,3,B,0,805050202050,20201030,6,86
2580,4,B,1,805050202050,20201030,6,87
2581,3,B,0,805050202050,20201030,6,88
2582,4,B,0,805050202050,20201030,6,89
2583,3,B,0,805050202050,20201030,6,90
2584,4,B,0,805050202050,20201030,6,91
2585,1,A,1,805050202050,20201030,6,92
2586,2,A,1,805050202050,20201030,6,93
2587,1,A,0,805050202050,20201030,6,94
2588,2,A,0,805050202050,20201030,6,95
2589,1,A,1,805050202050,20201030,6,96
2590,2,A,1,805050202050,20201030,6,97
2591,1,A,1,805050202050,20201030,6,98
2592,2,A,1,805050202050,20201030,6,99
2593,1,A,1,805050202050,20201030,6,100
2594,2,A,1,805050202050,20201030,6,101
2595,1,A,0,805050202050,20201030,6,102
2596,2,A,1,805050202050,20201030,6,103
2597,1,A,1,805050202050,20201030,6,104
2598,2,A,1,805050202050,20201030,6,105
2599,1,A,1,805050202050,20201030,6,106
2600,2,A,0,805050202050,20201030,6,107
2601,1,A,1,805050202050,20201030,6,108
2602,2,A,0,805050202050,20201030,6,109
2603,1,A,1,805050202050,20201030,6,110
2604,2,A,0,805050202050,20201030,6,111
2605,1,A,1,805050202050,20201030,6,112
2606,2,A,1,805050202050,20201030,6,113
2607,1,A,1,805050202050,20201030,6,114
2608,2,A,1,805050202050,20201030,6,115
2609,1,A,1,805050202050,20201030,6,116
2610,2,A,1,805050202050,20201030,6,117
2611,1,A,1,805050202050,20201030,6,118
2612,2,A,0,805050202050,20201030,6,119
2613,1,A,1,205050508020,20201030,6,120
2614,2,A,0,205050508020,20201030,6,121
2615,1,A,0,205050508020,20201030,6,122
2616,2,A,1,205050508020,20201030,6,123
2617,1,A,0,205050508020,20201030,6,124
2618,2,A,0,205050508020,20201030,6,125
2619,1,A,0,205050508020,20201030,6,126
2620,2,A,0,205050508020,20201030,6,127
2621,5,C,0,205050508020,20201030,6,128
2622,6,C,0,205050508020,20201030,6,129
2623,5,C,1,205050508020,20201030,6,130
2624,6,C,0,205050508020,20201030,6,131
2625,5,C,0,205050508020,20201030,6,132
2626,6,C,0,205050508020,20201030,6,133
2627,5,C,1,205050508020,20201030,6,134
2628,6,C,1,205050508020,20201030,6,135
2629,5,C,1,205050508020,20201030,6,136
2630,6,C,1,205050508020,20201030,6,137
2631,5,C,1,205050508020,20201030,6,138
2632,6,C,0,205050508020,20201030,6,139
2633,5,C,1,205050508020,20201030,6,140
2634,6,C,1,205050508020,20201030,6,141
2635,5,C,1,205050508020,20201030,6,142
2636,6,C,0,205050508020,20201030,6,143
2637,5,C,1,205050508020,20201030,6,144
2638,6,C,1,205050508020,20201030,6,145
2639,5,C,1,205050508020,20201030,6,146
2640,6,C,0,205050508020,20201030,6,147
2641,5,C,1,205050508020,20201030,6,148
2642,6,C,0,205050508020,20201030,6,149
2643,5,C,1,205050508020,20201030,6,150
2644,6,C,0,205050508020,20201030,6,151
2645,5,C,1,205050508020,20201030,6,152
2646,6,C,0,205050508020,20201030,6,153
2647,5,C,0,205050508020,20201030,6,154
2648,6,C,0,205050508020,20201030,6,155
2649,5,C,1,205050508020,20201030,6,156
2650,6,C,1,205050508020,20201030,6,157
2651,5,C,1,205050508020,20201030,6,158
2652,6,C,0,205050508020,20201030,6,159
2653,5,C,1,205050508020,20201030,6,160
2654,6,C,0,205050508020,20201030,6,161
2655,5,C,0,205050508020,20201030,6,162
2656,6,C,0,205050508020,20201030,6,163
2657,5,C,0,205050508020,20201030,6,164
2658,6,C,0,205050508020,20201030,6,165
2659,5,C,1,205050508020,20201030,6,166
2660,6,C,1,205050508020,20201030,6,167
2661,5,C,0,205050508020,20201030,6,168
2662,6,C,0,205050508020,20201030,6,169
2663,5,C,1,205050508020,20201030,6,170
2664,6,C,1,205050508020,20201030,6,171
2665,5,C,1,205050508020,20201030,6,172
2666,6,C,0,205050508020,20201030,6,173
2667,5,C,1,205050508020,20201030,6,174
2668,6,C,0,205050508020,20201030,6,175
2669,5,C,0,205050508020,20201030,6,176
2670,6,C,0,205050508020,20201030,6,177
2671,5,C,1,205050508020,20201030,6,178
2672,6,C,1,205050508020,20201030,6,179
2673,4,B,1,205080205020,20201030,7,0
2674,3,B,1,205080205020,20201030,7,1
2675,4,B,0,205080205020,20201030,7,2
2676,1,A,0,205080205020,20201030,7,3
2677,2,A,1,205080205020,20201030,7,4
2678,1,A,0,205080205020,20201030,7,5
2679,2,A,0,205080205020,20201030,7,6
2680,5,C,1,205080205020,20201030,7,7
2681,6,C,0,205080205020,20201030,7,8
2682,5,C,0,205080205020,20201030,7,9
2683,6,C,0,205080205020,20201030,7,10
2684,5,C,1,205080205020,20201030,7,11
2685,6,C,0,205080205020,20201030,7,12
2686,5,C,1,205080205020,20201030,7,13
2687,6,C,0,205080205020,20201030,7,14
2688,5,C,0,205080205020,20201030,7,15
2689,4,B,1,205080205020,20201030,7,16
2690,3,B,0,205080205020,20201030,7,17
2691,4,B,0,205080205020,20201030,7,18
2692,1,A,0,205080205020,20201030,7,19
2693,2,A,0,205080205020,20201030,7,20
2694,1,A,0,205080205020,20201030,7,21
2695,2,A,0,205080205020,20201030,7,22
2696,5,C,1,205080205020,20201030,7,23
2697,6,C,0,205080205020,20201030,7,24
2698,5,C,0,205080205020,20201030,7,25
2699,6,C,0,205080205020,20201030,7,26
2700,5,C,0,205080205020,20201030,7,27
2701,4,B,0,205080205020,20201030,7,28
2702,3,B,1,205080205020,20201030,7,29
2703,4,B,0,205080205020,20201030,7,30
2704,3,B,1,205080205020,20201030,7,31
2705,4,B,0,205080205020,20201030,7,32
2706,3,B,1,205080205020,20201030,7,33
2707,4,B,0,205080205020,20201030,7,34
2708,3,B,1,205080205020,20201030,7,35
2709,4,B,0,205080205020,20201030,7,36
2710,3,B,1,205080205020,20201030,7,37
2711,4,B,0,205080205020,20201030,7,38
2712,3,B,1,205080205020,20201030,7,39
2713,4,B,0,205080205020,20201030,7,40
2714,3,B,1,205080205020,20201030,7,41
2715,4,B,0,205080205020,20201030,7,42
2716,3,B,0,205080205020,20201030,7,43
2717,4,B,1,205080205020,20201030,7,44
2718,3,B,1,205080205020,20201030,7,45
2719,4,B,0,205080205020,20201030,7,46
2720,3,B,0,205080205020,20201030,7,47
2721,4,B,1,205080205020,20201030,7,48
2722,3,B,1,205080205020,20201030,7,49
2723,4,B,0,205080205020,20201030,7,50
2724,3,B,1,205080205020,20201030,7,51
2725,4,B,0,205080205020,20201030,7,52
2726,3,B,1,205080205020,20201030,7,53
2727,4,B,0,205080205020,20201030,7,54
2728,3,B,1,205080205020,20201030,7,55
2729,1,A,0,205080205020,20201030,7,56
2730,2,A,1,205080205020,20201030,7,57
2731,1,A,0,205080205020,20201030,7,58
2732,2,A,1,205080205020,20201030,7,59
2733,1,A,1,508050502080,20201030,7,60
2734,2,A,1,508050502080,20201030,7,61
2735,1,A,0,508050502080,20201030,7,62
2736,2,A,1,508050502080,20201030,7,63
2737,1,A,1,508050502080,20201030,7,64
2738,2,A,1,508050502080,20201030,7,65
2739,1,A,1,508050502080,20201030,7,66
2740,2,A,1,508050502080,20201030,7,67
2741,1,A,0,508050502080,20201030,7,68
2742,2,A,0,508050502080,20201030,7,69
2743,1,A,0,508050502080,20201030,7,70
2744,2,A,1,508050502080,20201030,7,71
2745,1,A,0,508050502080,20201030,7,72
2746,2,A,0,508050502080,20201030,7,73
2747,1,A,1,508050502080,20201030,7,74
2748,2,A,1,508050502080,20201030,7,75
2749,1,A,1,508050502080,20201030,7,76
2750,2,A,1,508050502080,20201030,7,77
2751,1,A,0,508050502080,20201030,7,78
2752,2,A,1,508050502080,20201030,7,79
2753,5,C,0,508050502080,20201030,7,80
2754,6,C,0,508050502080,20201030,7,81
2755,5,C,1,508050502080,20201030,7,82
2756,6,C,1,508050502080,20201030,7,83
2757,5,C,0,508050502080,20201030,7,84
2758,6,C,1,508050502080,20201030,7,85
2759,5,C,1,508050502080,20201030,7,86
2760,6,C,1,508050502080,20201030,7,87
2761,5,C,0,508050502080,20201030,7,88
2762,6,C,1,508050502080,20201030,7,89
2763,5,C,0,508050502080,20201030,7,90
2764,6,C,0,508050502080,20201030,7,91
2765,5,C,0,508050502080,20201030,7,92
2766,6,C,1,508050502080,20201030,7,93
2767,5,C,0,508050502080,20201030,7,94
2768,6,C,1,508050502080,20201030,7,95
2769,5,C,1,508050502080,20201030,7,96
2770,6,C,1,508050502080,20201030,7,97
2771,5,C,0,508050502080,20201030,7,98
2772,6,C,0,508050502080,20201030,7,99
2773,5,C,0,508050502080,20201030,7,100
2774,6,C,1,508050502080,20201030,7,101
2775,5,C,0,508050502080,20201030,7,102
2776,6,C,1,508050502080,20201030,7,103
2777,5,C,0,508050502080,20201030,7,104
2778,6,C,1,508050502080,20201030,7,105
2779,5,C,1,508050502080,20201030,7,106
2780,6,C,1,508050502080,20201030,7,107
2781,5,C,0,508050502080,20201030,7,108
2782,6,C,1,508050502080,20201030,7,109
2783,5,C,0,508050502080,20201030,7,110
2784,6,C,0,508050502080,20201030,7,111
2785,5,C,0,508050502080,20201030,7,112
2786,6,C,1,508050502080,20201030,7,113
2787,1,A,0,508050502080,20201030,7,114
2788,2,A,0,508050502080,20201030,7,115
2789,1,A,1,508050502080,20201030,7,116
2790,2,A,0,508050502080,20201030,7,117
2791,1,A,1,508050502080,20201030,7,118
2792,2,A,0,508050502080,20201030,7,119
2793,1,A,1,505020502050,20201030,7,120
2794,2,A,1,505020502050,20201030,7,121
2795,1,A,1,505020502050,20201030,7,122
2796,2,A,1,505020502050,20201030,7,123
2797,1,A,0,505020502050,20201030,7,124
2798,2,A,0,505020502050,20201030,7,125
2799,1,A,0,505020502050,20201030,7,126
2800,2,A,0,505020502050,20201030,7,127
2801,1,A,0,505020502050,20201030,7,128
2802,2,A,0,505020502050,20201030,7,129
2803,4,B,0,505020502050,20201030,7,130
2804,3,B,1,505020502050,20201030,7,131
2805,4,B,0,505020502050,20201030,7,132
2806,3,B,1,505020502050,20201030,7,133
2807,4,B,0,505020502050,20201030,7,134
2808,3,B,0,505020502050,20201030,7,135
2809,4,B,1,505020502050,20201030,7,136
2810,3,B,0,505020502050,20201030,7,137
2811,4,B,0,505020502050,20201030,7,138
2812,3,B,0,505020502050,20201030,7,139
2813,4,B,0,505020502050,20201030,7,140
2814,3,B,0,505020502050,20201030,7,141
2815,4,B,0,505020502050,20201030,7,142
2816,5,C,0,505020502050,20201030,7,143
2817,6,C,1,505020502050,20201030,7,144
2818,5,C,0,505020502050,20201030,7,145
2819,6,C,1,505020502050,20201030,7,146
2820,5,C,0,505020502050,20201030,7,147
2821,6,C,0,505020502050,20201030,7,148
2822,5,C,0,505020502050,20201030,7,149
2823,6,C,1,505020502050,20201030,7,150
2824,5,C,0,505020502050,20201030,7,151
2825,6,C,0,505020502050,20201030,7,152
2826,5,C,0,505020502050,20201030,7,153
2827,6,C,1,505020502050,20201030,7,154
2828,5,C,0,505020502050,20201030,7,155
2829,6,C,1,505020502050,20201030,7,156
2830,5,C,0,505020502050,20201030,7,157
2831,6,C,0,505020502050,20201030,7,158
2832,5,C,1,505020502050,20201030,7,159
2833,6,C,0,505020502050,20201030,7,160
2834,5,C,0,505020502050,20201030,7,161
2835,6,C,1,505020502050,20201030,7,162
2836,5,C,0,505020502050,20201030,7,163
2837,6,C,1,505020502050,20201030,7,164
2838,5,C,0,505020502050,20201030,7,165
2839,6,C,1,505020502050,20201030,7,166
2840,5,C,0,505020502050,20201030,7,167
2841,6,C,1,505020502050,20201030,7,168
2842,1,A,1,505020502050,20201030,7,169
2843,2,A,0,505020502050,20201030,7,170
2844,1,A,1,505020502050,20201030,7,171
2845,2,A,0,505020502050,20201030,7,172
2846,1,A,1,505020502050,20201030,7,173
2847,2,A,0,505020502050,20201030,7,174
2848,1,A,0,505020502050,20201030,7,175
2849,2,A,1,505020502050,20201030,7,176
2850,1,A,1,505020502050,20201030,7,177
2851,2,A,1,505020502050,20201030,7,178
2852,1,A,0,505020502050,20201030,7,179
2853,4,B,0,502020508020,20201031,1,0
2854,3,B,0,502020508020,20201031,1,1
2855,1,A,1,502020508020,20201031,1,2
2856,2,A,0,502020508020,20201031,1,3
2857,1,A,0,502020508020,20201031,1,4
2858,5,C,0,502020508020,20201031,1,5
2859,6,C,0,502020508020,20201031,1,6
2860,5,C,1,502020508020,20201031,1,7
2861,6,C,0,502020508020,20201031,1,8
2862,4,B,0,502020508020,20201031,1,9
2863,3,B,0,502020508020,20201031,1,10
2864,4,B,0,502020508020,20201031,1,11
2865,1,A,1,502020508020,20201031,1,12
2866,2,A,0,502020508020,20201031,1,13
2867,1,A,1,502020508020,20201031,1,14
2868,4,B,1,502020508020,20201031,1,15
2869,3,B,0,502020508020,20201031,1,16
2870,4,B,0,502020508020,20201031,1,17
2871,3,B,0,502020508020,20201031,1,18
2872,4,B,1,502020508020,20201031,1,19
2873,5,C,0,502020508020,20201031,1,20
2874,6,C,0,502020508020,20201031,1,21
2875,5,C,1,502020508020,20201031,1,22
2876,6,C,0,502020508020,20201031,1,23
2877,5,C,1,502020508020,20201031,1,24
2878,6,C,0,502020508020,20201031,1,25
2879,5,C,0,502020508020,20201031,1,26
2880,6,C,0,502020508020,20201031,1,27
2881,5,C,0,502020508020,20201031,1,28
2882,1,A,1,502020508020,20201031,1,29
2883,2,A,1,502020508020,20201031,1,30
2884,1,A,1,502020508020,20201031,1,31
2885,2,A,0,502020508020,20201031,1,32
2886,1,A,1,502020508020,20201031,1,33
2887,2,A,1,502020508020,20201031,1,34
2888,1,A,1,502020508020,20201031,1,35
2889,2,A,0,502020508020,20201031,1,36
2890,1,A,1,502020508020,20201031,1,37
2891,4,B,0,502020508020,20201031,1,38
2892,3,B,0,502020508020,20201031,1,39
2893,4,B,1,502020508020,20201031,1,40
2894,3,B,0,502020508020,20201031,1,41
2895,4,B,0,502020508020,20201031,1,42
2896,3,B,1,502020508020,20201031,1,43
2897,4,B,0,502020508020,20201031,1,44
2898,3,B,0,502020508020,20201031,1,45
2899,4,B,1,502020508020,20201031,1,46
2900,5,C,1,502020508020,20201031,1,47
2901,6,C,1,502020508020,20201031,1,48
2902,5,C,1,502020508020,20201031,1,49
2903,6,C,0,502020508020,20201031,1,50
2904,5,C,1,502020508020,20201031,1,51
2905,6,C,0,502020508020,20201031,1,52
2906,5,C,1,502020508020,20201031,1,53
2907,6,C,0,502020508020,20201031,1,54
2908,5,C,1,502020508020,20201031,1,55
2909,6,C,0,502020508020,20201031,1,56
2910,5,C,1,502020508020,20201031,1,57
2911,1,A,0,502020508020,20201031,1,58
2912,2,A,0,502020508020,20201031,1,59
2913,1,A,0,208080505020,20201031,1,60
2914,2,A,1,208080505020,20201031,1,61
2915,1,A,0,208080505020,20201031,1,62
2916,2,A,1,208080505020,20201031,1,63
2917,1,A,1,208080505020,20201031,1,64
2918,2,A,1,208080505020,20201031,1,65
2919,1,A,0,208080505020,20201031,1,66
2920,2,A,1,208080505020,20201031,1,67
2921,1,A,1,208080505020,20201031,1,68
2922,2,A,1,208080505020,20201031,1,69
2923,1,A,0,208080505020,20201031,1,70
2924,2,A,1,208080505020,20201031,1,71
2925,4,B,0,208080505020,20201031,1,72
2926,3,B,1,208080505020,20201031,1,73
2927,4,B,1,208080505020,20201031,1,74
2928,3,B,1,208080505020,20201031,1,75
2929,4,B,1,208080505020,20201031,1,76
2930,3,B,1,208080505020,20201031,1,77
2931,4,B,1,208080505020,20201031,1,78
2932,3,B,1,208080505020,20201031,1,79
2933,4,B,1,208080505020,20201031,1,80
2934,3,B,1,208080505020,20201031,1,81
2935,4,B,1,208080505020,20201031,1,82
2936,3,B,0,208080505020,20201031,1,83
2937,4,B,1,208080505020,20201031,1,84
2938,3,B,1,208080505020,20201031,1,85
2939,4,B,1,208080505020,20201031,1,86
2940,3,B,1,208080505020,20201031,1,87
2941,4,B,1,208080505020,20201031,1,88
2942,3,B,1,208080505020,20201031,1,89
2943,4,B,0,208080505020,20201031,1,90
2944,3,B,1,208080505020,20201031,1,91
2945,4,B,0,208080505020,20201031,1,92
2946,3,B,1,208080505020,20201031,1,93
2947,4,B,0,208080505020,20201031,1,94
2948,3,B,1,208080505020,20201031,1,95
2949,4,B,0,208080505020,20201031,1,96
2950,3,B,1,208080505020,20201031,1,97
2951,4,B,1,208080505020,20201031,1,98
2952,3,B,1,208080505020,20201031,1,99
2953,4,B,0,208080505020,20201031,1,100
2954,3,B,1,208080505020,20201031,1,101
2955,4,B,1,208080505020,20201031,1,102
2956,3,B,1,208080505020,20201031,1,103
2957,4,B,1,208080505020,20201031,1,104
2958,3,B,1,208080505020,20201031,1,105
2959,4,B,0,208080505020,20201031,1,106
2960,3,B,1,208080505020,20201031,1,107
2961,4,B,1,208080505020,20201031,1,108
2962,3,B,1,208080505020,20201031,1,109
2963,4,B,0,208080505020,20201031,1,110
2964,3,B,1,208080505020,20201031,1,111
2965,4,B,1,208080505020,20201031,1,112
2966,3,B,1,208080505020,20201031,1,113
2967,4,B,1,208080505020,20201031,1,114
2968,3,B,1,208080505020,20201031,1,115
2969,4,B,1,208080505020,20201031,1,116
2970,3,B,1,208080505020,20201031,1,117
2971,4,B,0,208080505020,20201031,1,118
2972,3,B,1,208080505020,20201031,1,119
2973,4,B,0,508020205020,20201031,1,120
2974,3,B,1,508020205020,20201031,1,121
2975,4,B,0,508020205020,20201031,1,122
2976,3,B,0,508020205020,20201031,1,123
2977,4,B,0,508020205020,20201031,1,124
2978,3,B,0,508020205020,20201031,1,125
2979,5,C,0,508020205020,20201031,1,126
2980,6,C,0,508020205020,20201031,1,127
2981,5,C,1,508020205020,20201031,1,128
2982,6,C,0,508020205020,20201031,1,129
2983,5,C,1,508020205020,20201031,1,130
2984,6,C,0,508020205020,20201031,1,131
2985,5,C,0,508020205020,20201031,1,132
2986,6,C,1,508020205020,20201031,1,133
2987,5,C,1,508020205020,20201031,1,134
2988,6,C,0,508020205020,20201031,1,135
2989,5,C,0,508020205020,20201031,1,136
2990,6,C,0,508020205020,20201031,1,137
2991,5,C,0,508020205020,20201031,1,138
2992,6,C,1,508020205020,20201031,1,139
2993,5,C,1,508020205020,20201031,1,140
2994,6,C,0,508020205020,20201031,1,141
2995,5,C,0,508020205020,20201031,1,142
2996,1,A,0,508020205020,20201031,1,143
2997,2,A,1,508020205020,20201031,1,144
2998,1,A,0,508020205020,20201031,1,145
2999,2,A,1,508020205020,20201031,1,146
3000,1,A,1,508020205020,20201031,1,147
3001,2,A,0,508020205020,20201031,1,148
3002,1,A,0,508020205020,20201031,1,149
3003,2,A,1,508020205020,20201031,1,150
3004,1,A,1,508020205020,20201031,1,151
3005,2,A,1,508020205020,20201031,1,152
3006,1,A,0,508020205020,20201031,1,153
3007,2,A,1,508020205020,20201031,1,154
3008,1,A,1,508020205020,20201031,1,155
3009,2,A,1,508020205020,20201031,1,156
3010,1,A,0,508020205020,20201031,1,157
3011,2,A,1,508020205020,20201031,1,158
3012,4,B,0,508020205020,20201031,1,159
3013,3,B,0,508020205020,20201031,1,160
3014,4,B,0,508020205020,20201031,1,161
3015,3,B,0,508020205020,20201031,1,162
3016,4,B,1,508020205020,20201031,1,163
3017,3,B,0,508020205020,20201031,1,164
3018,4,B,0,508020205020,20201031,1,165
3019,3,B,0,508020205020,20201031,1,166
3020,4,B,1,508020205020,20201031,1,167
3021,3,B,1,508020205020,20201031,1,168
3022,4,B,0,508020205020,20201031,1,169
3023,3,B,0,508020205020,20201031,1,170
3024,4,B,0,508020205020,20201031,1,171
3025,3,B,0,508020205020,20201031,1,172
3026,4,B,1,508020205020,20201031,1,173
3027,3,B,0,508020205020,20201031,1,174
3028,4,B,0,508020205020,20201031,1,175
3029,3,B,0,508020205020,20201031,1,176
3030,4,B,0,508020205020,20201031,1,177
3031,1,A,1,508020205020,20201031,1,178
3032,2,A,1,508020205020,20201031,1,179
3033,4,B,0,802050802020,20201031,2,0
3034,3,B,1,802050802020,20201031,2,1
3035,1,A,0,802050802020,20201031,2,2
3036,2,A,0,802050802020,20201031,2,3
3037,1,A,0,802050802020,20201031,2,4
3038,2,A,1,802050802020,20201031,2,5
3039,5,C,0,802050802020,20201031,2,6
3040,6,C,0,802050802020,20201031,2,7
3041,5,C,1,802050802020,20201031,2,8
3042,6,C,0,802050802020,20201031,2,9
3043,5,C,0,802050802020,20201031,2,10
3044,6,C,0,802050802020,20201031,2,11
3045,5,C,0,802050802020,20201031,2,12
3046,4,B,1,802050802020,20201031,2,13
3047,3,B,0,802050802020,20201031,2,14
3048,4,B,1,802050802020,20201031,2,15
3049,3,B,1,802050802020,20201031,2,16
3050,4,B,1,802050802020,20201031,2,17
3051,3,B,1,802050802020,20201031,2,18
3052,4,B,1,802050802020,20201031,2,19
3053,3,B,1,802050802020,20201031,2,20
3054,4,B,1,802050802020,20201031,2,21
3055,3,B,1,802050802020,20201031,2,22
3056,4,B,1,802050802020,20201031,2,23
3057,3,B,0,802050802020,20201031,2,24
3058,4,B,1,802050802020,20201031,2,25
3059,3,B,0,802050802020,20201031,2,26
3060,4,B,1,802050802020,20201031,2,27
3061,3,B,0,802050802020,20201031,2,28
3062,4,B,0,802050802020,20201031,2,29
3063,3,B,1,802050802020,20201031,2,30
3064,4,B,1,802050802020,20201031,2,31
3065,3,B,0,802050802020,20201031,2,32
3066,4,B,1,802050802020,20201031,2,33
3067,1,A,1,802050802020,20201031,2,34
3068,2,A,0,802050802020,20201031,2,35
3069,1,A,1,802050802020,20201031,2,36
3070,2,A,0,802050802020,20201031,2,37
3071,1,A,1,802050802020,20201031,2,38
3072,2,A,0,802050802020,20201031,2,39
3073,1,A,0,802050802020,20201031,2,40
3074,2,A,1,802050802020,20201031,2,41
3075,1,A,0,802050802020,20201031,2,42
3076,2,A,1,802050802020,20201031,2,43
3077,1,A,1,802050802020,20201031,2,44
3078,2,A,0,802050802020,20201031,2,45
3079,1,A,1,802050802020,20201031,2,46
3080,2,A,0,802050802020,20201031,2,47
3081,1,A,1,802050802020,20201031,2,48
3082,2,A,0,802050802020,20201031,2,49
3083,1,A,0,802050802020,20201031,2,50
3084,4,B,0,802050802020,20201031,2,51
3085,3,B,1,802050802020,20201031,2,52
3086,4,B,1,802050802020,20201031,2,53
3087,3,B,0,802050802020,20201031,2,54
3088,4,B,1,802050802020,20201031,2,55
3089,3,B,1,802050802020,20201031,2,56
3090,4,B,1,802050802020,20201031,2,57
3091,3,B,0,802050802020,20201031,2,58
3092,4,B,0,802050802020,20201031,2,59
3093,3,B,0,205020505080,20201031,2,60
3094,4,B,0,205020505080,20201031,2,61
3095,5,C,1,205020505080,20201031,2,62
3096,6,C,1,205020505080,20201031,2,63
3097,5,C,1,205020505080,20201031,2,64
3098,6,C,1,205020505080,20201031,2,65
3099,5,C,0,205020505080,20201031,2,66
3100,6,C,0,205020505080,20201031,2,67
3101,5,C,1,205020505080,20201031,2,68
3102,4,B,0,205020505080,20201031,2,69
3103,3,B,0,205020505080,20201031,2,70
3104,4,B,1,205020505080,20201031,2,71
3105,3,B,0,205020505080,20201031,2,72
3106,4,B,0,205020505080,20201031,2,73
3107,3,B,0,205020505080,20201031,2,74
3108,4,B,1,205020505080,20201031,2,75
3109,3,B,1,205020505080,20201031,2,76
3110,4,B,1,205020505080,20201031,2,77
3111,3,B,0,205020505080,20201031,2,78
3112,4,B,1,205020505080,20201031,2,79
3113,3,B,0,205020505080,20201031,2,80
3114,4,B,0,205020505080,20201031,2,81
3115,3,B,0,205020505080,20201031,2,82
3116,4,B,1,205020505080,20201031,2,83
3117,1,A,0,205020505080,20201031,2,84
3118,2,A,1,205020505080,20201031,2,85
3119,1,A,0,205020505080,20201031,2,86
3120,2,A,0,205020505080,20201031,2,87
3121,1,A,0,205020505080,20201031,2,88
3122,2,A,0,205020505080,20201031,2,89
3123,1,A,1,205020505080,20201031,2,90
3124,2,A,1,205020505080,20201031,2,91
3125,1,A,0,205020505080,20201031,2,92
3126,2,A,1,205020505080,20201031,2,93
3127,1,A,0,205020505080,20201031,2,94
3128,2,A,0,205020505080,20201031,2,95
3129,4,B,1,205020505080,20201031,2,96
3130,3,B,0,205020505080,20201031,2,97
3131,4,B,1,205020505080,20201031,2,98
3132,3,B,0,205020505080,20201031,2,99
3133,4,B,1,205020505080,20201031,2,100
3134,3,B,0,205020505080,20201031,2,101
3135,4,B,0,205020505080,20201031,2,102
3136,3,B,0,205020505080,20201031,2,103
3137,4,B,0,205020505080,20201031,2,104
3138,3,B,0,205020505080,20201031,2,105
3139,4,B,1,205020505080,20201031,2,106
3140,3,B,1,205020505080,20201031,2,107
3141,4,B,0,205020505080,20201031,2,108
3142,3,B,0,205020505080,20201031,2,109
3143,4,B,1,205020505080,20201031,2,110
3144,3,B,0,205020505080,20201031,2,111
3145,4,B,0,205020505080,20201031,2,112
3146,3,B,0,205020505080,20201031,2,113
3147,4,B,1,205020505080,20201031,2,114
3148,3,B,0,205020505080,20201031,2,115
3149,4,B,0,205020505080,20201031,2,116
3150,3,B,1,205020505080,20201031,2,117
3151,4,B,0,205020505080,20201031,2,118
3152,3,B,0,205020505080,20201031,2,119
3153,4,B,1,508020205020,20201031,2,120
3154,3,B,0,508020205020,20201031,2,121
3155,4,B,0,508020205020,20201031,2,122
3156,3,B,1,508020205020,20201031,2,123
3157,4,B,0,508020205020,20201031,2,124
3158,3,B,0,508020205020,20201031,2,125
3159,4,B,0,508020205020,20201031,2,126
3160,3,B,0,508020205020,20201031,2,127
3161,4,B,1,508020205020,20201031,2,128
3162,5,C,1,508020205020,20201031,2,129
3163,6,C,0,508020205020,20201031,2,130
3164,5,C,0,508020205020,20201031,2,131
3165,6,C,0,508020205020,20201031,2,132
3166,5,C,1,508020205020,20201031,2,133
3167,6,C,1,508020205020,20201031,2,134
3168,5,C,1,508020205020,20201031,2,135
3169,6,C,0,508020205020,20201031,2,136
3170,5,C,1,508020205020,20201031,2,137
3171,6,C,0,508020205020,20201031,2,138
3172,5,C,1,508020205020,20201031,2,139
3173,6,C,0,508020205020,20201031,2,140
3174,5,C,0,508020205020,20201031,2,141
3175,6,C,0,508020205020,20201031,2,142
3176,5,C,0,508020205020,20201031,2,143
3177,6,C,0,508020205020,20201031,2,144
3178,5,C,0,508020205020,20201031,2,145
3179,4,B,0,508020205020,20201031,2,146
3180,3,B,1,508020205020,20201031,2,147
3181,4,B,0,508020205020,20201031,2,148
3182,3,B,0,508020205020,20201031,2,149
3183,4,B,0,508020205020,20201031,2,150
3184,3,B,0,508020205020,20201031,2,151
3185,4,B,0,508020205020,20201031,2,152
3186,3,B,0,508020205020,20201031,2,153
3187,4,B,0,508020205020,20201031,2,154
3188,1,A,1,508020205020,20201031,2,155
3189,2,A,1,508020205020,20201031,2,156
3190,1,A,1,508020205020,20201031,2,157
3191,2,A,1,508020205020,20201031,2,158
3192,1,A,0,508020205020,20201031,2,159
3193,2,A,0,508020205020,20201031,2,160
3194,1,A,1,508020205020,20201031,2,161
3195,2,A,1,508020205020,20201031,2,162
3196,1,A,1,508020205020,20201031,2,163
3197,2,A,1,508020205020,20201031,2,164
3198,1,A,0,508020205020,20201031,2,165
3199,2,A,1,508020205020,20201031,2,166
3200,4,B,0,508020205020,20201031,2,167
3201,3,B,0,508020205020,20201031,2,168
3202,4,B,0,508020205020,20201031,2,169
3203,3,B,0,508020205020,20201031,2,170
3204,4,B,0,508020205020,20201031,2,171
3205,5,C,1,508020205020,20201031,2,172
3206,6,C,0,508020205020,20201031,2,173
3207,5,C,1,508020205020,20201031,2,174
3208,6,C,1,508020205020,20201031,2,175
3209,5,C,0,508020205020,20201031,2,176
3210,6,C,0,508020205020,20201031,2,177
3211,5,C,0,508020205020,20201031,2,178
3212,6,C,0,508020205020,20201031,2,179
3213,4,B,0,205050802020,20201031,3,0
3214,1,A,0,205050802020,20201031,3,1
3215,2,A,0,205050802020,20201031,3,2
3216,1,A,0,205050802020,20201031,3,3
3217,2,A,1,205050802020,20201031,3,4
3218,5,C,0,205050802020,20201031,3,5
3219,6,C,1,205050802020,20201031,3,6
3220,5,C,0,205050802020,20201031,3,7
3221,6,C,1,205050802020,20201031,3,8
3222,5,C,0,205050802020,20201031,3,9
3223,6,C,0,205050802020,20201031,3,10
3224,4,B,1,205050802020,20201031,3,11
3225,3,B,1,205050802020,20201031,3,12
3226,4,B,1,205050802020,20201031,3,13
3227,3,B,0,205050802020,20201031,3,14
3228,4,B,1,205050802020,20201031,3,15
3229,3,B,0,205050802020,20201031,3,16
3230,4,B,1,205050802020,20201031,3,17
3231,3,B,1,205050802020,20201031,3,18
3232,4,B,1,205050802020,20201031,3,19
3233,3,B,0,205050802020,20201031,3,20
3234,4,B,1,205050802020,20201031,3,21
3235,1,A,1,205050802020,20201031,3,22
3236,2,A,1,205050802020,20201031,3,23
3237,1,A,0,205050802020,20201031,3,24
3238,2,A,0,205050802020,20201031,3,25
3239,1,A,0,205050802020,20201031,3,26
3240,2,A,0,205050802020,20201031,3,27
3241,1,A,0,205050802020,20201031,3,28
3242,2,A,1,205050802020,20201031,3,29
3243,4,B,0,205050802020,20201031,3,30
3244,3,B,1,205050802020,20201031,3,31
3245,4,B,1,205050802020,20201031,3,32
3246,3,B,0,205050802020,20201031,3,33
3247,4,B,1,205050802020,20201031,3,34
3248,3,B,1,205050802020,20201031,3,35
3249,4,B,0,205050802020,20201031,3,36
3250,3,B,0,205050802020,20201031,3,37
3251,4,B,1,205050802020,20201031,3,38
3252,3,B,0,205050802020,20201031,3,39
3253,4,B,1,205050802020,20201031,3,40
3254,3,B,1,205050802020,20201031,3,41
3255,4,B,0,205050802020,20201031,3,42
3256,3,B,0,205050802020,20201031,3,43
3257,4,B,1,205050802020,20201031,3,44
3258,5,C,1,205050802020,20201031,3,45
3259,6,C,0,205050802020,20201031,3,46
3260,5,C,0,205050802020,20201031,3,47
3261,6,C,1,205050802020,20201031,3,48
3262,5,C,0,205050802020,20201031,3,49
3263,6,C,0,205050802020,20201031,3,50
3264,5,C,0,205050802020,20201031,3,51
3265,6,C,0,205050802020,20201031,3,52
3266,2,A,1,205050802020,20201031,3,53
3267,1,A,0,205050802020,20201031,3,54
3268,2,A,1,205050802020,20201031,3,55
3269,1,A,0,205050802020,20201031,3,56
3270,2,A,0,205050802020,20201031,3,57
3271,1,A,0,205050802020,20201031,3,58
3272,2,A,1,205050802020,20201031,3,59
3273,4,B,0,202020502020,20201031,3,60
3274,3,B,1,202020502020,20201031,3,61
3275,4,B,0,202020502020,20201031,3,62
3276,3,B,0,202020502020,20201031,3,63
3277,4,B,0,202020502020,20201031,3,64
3278,5,C,0,202020502020,20201031,3,65
3279,6,C,0,202020502020,20201031,3,66
3280,5,C,1,202020502020,20201031,3,67
3281,6,C,0,202020502020,20201031,3,68
3282,5,C,0,202020502020,20201031,3,69
3283,1,A,0,202020502020,20201031,3,70
3284,2,A,0,202020502020,20201031,3,71
3285,1,A,0,202020502020,20201031,3,72
3286,2,A,0,202020502020,20201031,3,73
3287,4,B,0,202020502020,20201031,3,74
3288,3,B,0,202020502020,20201031,3,75
3289,4,B,0,202020502020,20201031,3,76
3290,3,B,0,202020502020,20201031,3,77
3291,4,B,1,202020502020,20201031,3,78
3292,3,B,0,202020502020,20201031,3,79
3293,4,B,1,202020502020,20201031,3,80
3294,3,B,0,202020502020,20201031,3,81
3295,4,B,1,202020502020,20201031,3,82
3296,3,B,0,202020502020,20201031,3,83
3297,4,B,1,202020502020,20201031,3,84
3298,3,B,0,202020502020,20201031,3,85
3299,4,B,0,202020502020,20201031,3,86
3300,3,B,1,202020502020,20201031,3,87
3301,4,B,0,202020502020,20201031,3,88
3302,3,B,0,202020502020,20201031,3,89
3303,4,B,0,202020502020,20201031,3,90
3304,3,B,0,202020502020,20201031,3,91
3305,4,B,0,202020502020,20201031,3,92
3306,2,A,1,202020502020,20201031,3,93
3307,1,A,0,202020502020,20201031,3,94
3308,2,A,1,202020502020,20201031,3,95
3309,1,A,1,202020502020,20201031,3,96
3310,2,A,0,202020502020,20201031,3,97
3311,1,A,0,202020502020,20201031,3,98
3312,2,A,0,202020502020,20201031,3,99
3313,4,B,1,202020502020,20201031,3,100
3314,3,B,1,202020502020,20201031,3,101
3315,4,B,1,202020502020,20201031,3,102
3316,3,B,0,202020502020,20201031,3,103
3317,4,B,0,202020502020,20201031,3,104
3318,3,B,1,202020502020,20201031,3,105
3319,4,B,0,202020502020,20201031,3,106
3320,3,B,0,202020502020,20201031,3,107
3321,4,B,0,202020502020,20201031,3,108
3322,3,B,0,202020502020,20201031,3,109
3323,4,B,0,202020502020,20201031,3,110
3324,3,B,0,202020502020,20201031,3,111
3325,4,B,1,202020502020,20201031,3,112
3326,5,C,0,202020502020,20201031,3,113
3327,6,C,0,202020502020,20201031,3,114
3328,5,C,0,202020502020,20201031,3,115
3329,6,C,0,202020502020,20201031,3,116
3330,5,C,0,202020502020,20201031,3,117
3331,6,C,1,202020502020,20201031,3,118
3332,1,A,0,202020502020,20201031,3,119
3333,2,A,1,505020205020,20201031,3,120
3334,1,A,1,505020205020,20201031,3,121
3335,2,A,1,505020205020,20201031,3,122
3336,1,A,1,505020205020,20201031,3,123
3337,2,A,1,505020205020,20201031,3,124
3338,1,A,1,505020205020,20201031,3,125
3339,2,A,0,505020205020,20201031,3,126
3340,1,A,0,505020205020,20201031,3,127
3341,2,A,1,505020205020,20201031,3,128
3342,1,A,0,505020205020,20201031,3,129
3343,2,A,1,505020205020,20201031,3,130
3344,4,B,1,505020205020,20201031,3,131
3345,3,B,1,505020205020,20201031,3,132
3346,4,B,0,505020205020,20201031,3,133
3347,3,B,0,505020205020,20201031,3,134
3348,4,B,1,505020205020,20201031,3,135
3349,3,B,0,505020205020,20201031,3,136
3350,4,B,0,505020205020,20201031,3,137
3351,3,B,0,505020205020,20201031,3,138
3352,4,B,0,505020205020,20201031,3,139
3353,3,B,0,505020205020,20201031,3,140
3354,4,B,1,505020205020,20201031,3,141
3355,3,B,1,505020205020,20201031,3,142
3356,4,B,0,505020205020,20201031,3,143
3357,3,B,1,505020205020,20201031,3,144
3358,4,B,0,505020205020,20201031,3,145
3359,3,B,0,505020205020,20201031,3,146
3360,4,B,1,505020205020,20201031,3,147
3361,3,B,1,505020205020,20201031,3,148
3362,4,B,0,505020205020,20201031,3,149
3363,3,B,0,505020205020,20201031,3,150
3364,4,B,0,505020205020,20201031,3,151
3365,3,B,0,505020205020,20201031,3,152
3366,4,B,0,505020205020,20201031,3,153
3367,3,B,0,505020205020,20201031,3,154
3368,4,B,0,505020205020,20201031,3,155
3369,2,A,0,505020205020,20201031,3,156
3370,1,A,1,505020205020,20201031,3,157
3371,2,A,1,505020205020,20201031,3,158
3372,1,A,0,505020205020,20201031,3,159
3373,2,A,0,505020205020,20201031,3,160
3374,1,A,0,505020205020,20201031,3,161
3375,2,A,1,505020205020,20201031,3,162
3376,1,A,1,505020205020,20201031,3,163
3377,2,A,0,505020205020,20201031,3,164
3378,1,A,0,505020205020,20201031,3,165
3379,2,A,1,505020205020,20201031,3,166
3380,1,A,1,505020205020,20201031,3,167
3381,2,A,1,505020205020,20201031,3,168
3382,1,A,0,505020205020,20201031,3,169
3383,2,A,0,505020205020,20201031,3,170
3384,1,A,0,505020205020,20201031,3,171
3385,2,A,1,505020205020,20201031,3,172
3386,4,B,0,505020205020,20201031,3,173
3387,3,B,1,505020205020,20201031,3,174
3388,4,B,1,505020205020,20201031,3,175
3389,3,B,0,505020205020,20201031,3,176
3390,4,B,1,505020205020,20201031,3,177
3391,3,B,0,505020205020,20201031,3,178
3392,4,B,0,505020205020,20201031,3,179
3393,1,A,1,508020202080,20201031,5,0
3394,2,A,1,508020202080,20201031,5,1
3395,1,A,0,508020202080,20201031,5,2
3396,2,A,1,508020202080,20201031,5,3
3397,5,C,0,508020202080,20201031,5,4
3398,6,C,1,508020202080,20201031,5,5
3399,5,C,0,508020202080,20201031,5,6
3400,6,C,1,508020202080,20201031,5,7
3401,5,C,1,508020202080,20201031,5,8
3402,6,C,1,508020202080,20201031,5,9
3403,5,C,1,508020202080,20201031,5,10
3404,4,B,0,508020202080,20201031,5,11
3405,3,B,0,508020202080,20201031,5,12
3406,4,B,1,508020202080,20201031,5,13
3407,3,B,0,508020202080,20201031,5,14
3408,4,B,1,508020202080,20201031,5,15
3409,3,B,0,508020202080,20201031,5,16
3410,4,B,0,508020202080,20201031,5,17
3411,5,C,0,508020202080,20201031,5,18
3412,6,C,1,508020202080,20201031,5,19
3413,5,C,0,508020202080,20201031,5,20
3414,6,C,1,508020202080,20201031,5,21
3415,2,A,1,508020202080,20201031,5,22
3416,1,A,1,508020202080,20201031,5,23
3417,2,A,0,508020202080,20201031,5,24
3418,1,A,1,508020202080,20201031,5,25
3419,2,A,1,508020202080,20201031,5,26
3420,1,A,0,508020202080,20201031,5,27
3421,2,A,1,508020202080,20201031,5,28
3422,1,A,1,508020202080,20201031,5,29
3423,2,A,1,508020202080,20201031,5,30
3424,1,A,1,508020202080,20201031,5,31
3425,2,A,1,508020202080,20201031,5,32
3426,1,A,1,508020202080,20201031,5,33
3427,2,A,1,508020202080,20201031,5,34
3428,1,A,1,508020202080,20201031,5,35
3429,2,A,1,508020202080,20201031,5,36
3430,1,A,1,508020202080,20201031,5,37
3431,2,A,1,508020202080,20201031,5,38
3432,1,A,1,508020202080,20201031,5,39
3433,2,A,1,508020202080,20201031,5,40
3434,1,A,1,508020202080,20201031,5,41
3435,2,A,0,508020202080,20201031,5,42
3436,1,A,0,508020202080,20201031,5,43
3437,2,A,1,508020202080,20201031,5,44
3438,1,A,0,508020202080,20201031,5,45
3439,2,A,0,508020202080,20201031,5,46
3440,1,A,1,508020202080,20201031,5,47
3441,2,A,1,508020202080,20201031,5,48
3442,1,A,0,508020202080,20201031,5,49
3443,2,A,1,508020202080,20201031,5,50
3444,1,A,0,508020202080,20201031,5,51
3445,2,A,1,508020202080,20201031,5,52
3446,1,A,1,508020202080,20201031,5,53
3447,2,A,1,508020202080,20201031,5,54
3448,1,A,1,508020202080,20201031,5,55
3449,2,A,1,508020202080,20201031,5,56
3450,1,A,1,508020202080,20201031,5,57
3451,2,A,1,508020202080,20201031,5,58
3452,1,A,1,508020202080,20201031,5,59
3453,2,A,1,202050208050,20201031,5,60
3454,1,A,1,202050208050,20201031,5,61
3455,2,A,1,202050208050,20201031,5,62
3456,1,A,0,202050208050,20201031,5,63
3457,2,A,0,202050208050,20201031,5,64
3458,1,A,1,202050208050,20201031,5,65
3459,2,A,0,202050208050,20201031,5,66
3460,1,A,1,202050208050,20201031,5,67
3461,2,A,1,202050208050,20201031,5,68
3462,1,A,0,202050208050,20201031,5,69
3463,2,A,0,202050208050,20201031,5,70
3464,1,A,0,202050208050,20201031,5,71
3465,2,A,0,202050208050,20201031,5,72
3466,4,B,1,202050208050,20201031,5,73
3467,3,B,1,202050208050,20201031,5,74
3468,4,B,0,202050208050,20201031,5,75
3469,3,B,1,202050208050,20201031,5,76
3470,4,B,0,202050208050,20201031,5,77
3471,3,B,1,202050208050,20201031,5,78
3472,4,B,0,202050208050,20201031,5,79
3473,3,B,1,202050208050,20201031,5,80
3474,4,B,0,202050208050,20201031,5,81
3475,3,B,0,202050208050,20201031,5,82
3476,4,B,1,202050208050,20201031,5,83
3477,3,B,1,202050208050,20201031,5,84
3478,4,B,0,202050208050,20201031,5,85
3479,3,B,1,202050208050,20201031,5,86
3480,4,B,0,202050208050,20201031,5,87
3481,3,B,1,202050208050,20201031,5,88
3482,4,B,0,202050208050,20201031,5,89
3483,3,B,1,202050208050,20201031,5,90
3484,4,B,0,202050208050,20201031,5,91
3485,3,B,1,202050208050,20201031,5,92
3486,4,B,0,202050208050,20201031,5,93
3487,3,B,0,202050208050,20201031,5,94
3488,4,B,0,202050208050,20201031,5,95
3489,3,B,0,202050208050,20201031,5,96
3490,4,B,1,202050208050,20201031,5,97
3491,3,B,1,202050208050,20201031,5,98
3492,4,B,0,202050208050,20201031,5,99
3493,3,B,1,202050208050,20201031,5,100
3494,4,B,0,202050208050,20201031,5,101
3495,3,B,1,202050208050,20201031,5,102
3496,4,B,1,202050208050,20201031,5,103
3497,3,B,1,202050208050,20201031,5,104
3498,4,B,0,202050208050,20201031,5,105
3499,3,B,1,202050208050,20201031,5,106
3500,4,B,0,202050208050,20201031,5,107
3501,3,B,0,202050208050,20201031,5,108
3502,4,B,0,202050208050,20201031,5,109
3503,3,B,1,202050208050,20201031,5,110
3504,4,B,0,202050208050,20201031,5,111
3505,3,B,0,202050208050,20201031,5,112
3506,4,B,1,202050208050,20201031,5,113
3507,3,B,0,202050208050,20201031,5,114
3508,4,B,0,202050208050,20201031,5,115
3509,3,B,0,202050208050,20201031,5,116
3510,2,A,0,202050208050,20201031,5,117
3511,1,A,0,202050208050,20201031,5,118
3512,2,A,0,202050208050,20201031,5,119
3513,1,A,0,205080202020,20201031,5,120
3514,2,A,1,205080202020,20201031,5,121
3515,1,A,0,205080202020,20201031,5,122
3516,2,A,1,205080202020,20201031,5,123
3517,1,A,1,205080202020,20201031,5,124
3518,2,A,1,205080202020,20201031,5,125
3519,1,A,0,205080202020,20201031,5,126
3520,2,A,1,205080202020,20201031,5,127
3521,1,A,0,205080202020,20201031,5,128
3522,2,A,1,205080202020,20201031,5,129
3523,1,A,0,205080202020,20201031,5,130
3524,2,A,1,205080202020,20201031,5,131
3525,1,A,0,205080202020,20201031,5,132
3526,2,A,0,205080202020,20201031,5,133
3527,1,A,0,205080202020,20201031,5,134
3528,2,A,0,205080202020,20201031,5,135
3529,4,B,0,205080202020,20201031,5,136
3530,3,B,1,205080202020,20201031,5,137
3531,4,B,0,205080202020,20201031,5,138
3532,3,B,0,205080202020,20201031,5,139
3533,4,B,0,205080202020,20201031,5,140
3534,3,B,1,205080202020,20201031,5,141
3535,4,B,0,205080202020,20201031,5,142
3536,3,B,1,205080202020,20201031,5,143
3537,4,B,0,205080202020,20201031,5,144
3538,3,B,1,205080202020,20201031,5,145
3539,4,B,0,205080202020,20201031,5,146
3540,3,B,1,205080202020,20201031,5,147
3541,4,B,0,205080202020,20201031,5,148
3542,3,B,0,205080202020,20201031,5,149
3543,4,B,0,205080202020,20201031,5,150
3544,3,B,0,205080202020,20201031,5,151
3545,4,B,0,205080202020,20201031,5,152
3546,3,B,1,205080202020,20201031,5,153
3547,5,C,0,205080202020,20201031,5,154
3548,6,C,0,205080202020,20201031,5,155
3549,5,C,0,205080202020,20201031,5,156
3550,6,C,1,205080202020,20201031,5,157
3551,5,C,0,205080202020,20201031,5,158
3552,6,C,0,205080202020,20201031,5,159
3553,5,C,0,205080202020,20201031,5,160
3554,6,C,0,205080202020,20201031,5,161
3555,5,C,0,205080202020,20201031,5,162
3556,2,A,1,205080202020,20201031,5,163
3557,1,A,1,205080202020,20201031,5,164
3558,2,A,1,205080202020,20201031,5,165
3559,1,A,0,205080202020,20201031,5,166
3560,2,A,1,205080202020,20201031,5,167
3561,1,A,0,205080202020,20201031,5,168
3562,2,A,1,205080202020,20201031,5,169
3563,1,A,1,205080202020,20201031,5,170
3564,2,A,1,205080202020,20201031,5,171
3565,1,A,0,205080202020,20201031,5,172
3566,2,A,0,205080202020,20201031,5,173
3567,1,A,0,205080202020,20201031,5,174
3568,2,A,0,205080202020,20201031,5,175
3569,4,B,1,205080202020,20201031,5,176
3570,3,B,0,205080202020,20201031,5,177
3571,4,B,1,205080202020,20201031,5,178
3572,3,B,0,205080202020,20201031,5,179
3573,4,B,0,202020508050,20201031,6,0
3574,3,B,0,202020508050,20201031,6,1
3575,2,A,0,202020508050,20201031,6,2
3576,1,A,0,202020508050,20201031,6,3
3577,2,A,0,202020508050,20201031,6,4
3578,1,A,0,202020508050,20201031,6,5
3579,2,A,0,202020508050,20201031,6,6
3580,5,C,1,202020508050,20201031,6,7
3581,6,C,1,202020508050,20201031,6,8
3582,5,C,1,202020508050,20201031,6,9
3583,6,C,1,202020508050,20201031,6,10
3584,5,C,1,202020508050,20201031,6,11
3585,6,C,1,202020508050,20201031,6,12
3586,5,C,1,202020508050,20201031,6,13
3587,6,C,1,202020508050,20201031,6,14
3588,5,C,0,202020508050,20201031,6,15
3589,6,C,1,202020508050,20201031,6,16
3590,5,C,1,202020508050,20201031,6,17
3591,6,C,1,202020508050,20201031,6,18
3592,5,C,1,202020508050,20201031,6,19
3593,6,C,0,202020508050,20201031,6,20
3594,5,C,1,202020508050,20201031,6,21
3595,6,C,1,202020508050,20201031,6,22
3596,5,C,1,202020508050,20201031,6,23
3597,6,C,1,202020508050,20201031,6,24
3598,5,C,1,202020508050,20201031,6,25
3599,6,C,0,202020508050,20201031,6,26
3600,5,C,1,202020508050,20201031,6,27
3601,6,C,0,202020508050,20201031,6,28
3602,5,C,0,202020508050,20201031,6,29
3603,6,C,0,202020508050,20201031,6,30
3604,5,C,1,202020508050,20201031,6,31
3605,2,A,1,202020508050,20201031,6,32
3606,1,A,1,202020508050,20201031,6,33
3607,2,A,0,202020508050,20201031,6,34
3608,1,A,1,202020508050,20201031,6,35
3609,2,A,0,202020508050,20201031,6,36
3610,1,A,0,202020508050,20201031,6,37
3611,2,A,0,202020508050,20201031,6,38
3612,1,A,0,202020508050,20201031,6,39
3613,2,A,0,202020508050,20201031,6,40
3614,4,B,0,202020508050,20201031,6,41
3615,3,B,0,202020508050,20201031,6,42
3616,4,B,1,202020508050,20201031,6,43
3617,3,B,0,202020508050,20201031,6,44
3618,4,B,0,202020508050,20201031,6,45
3619,3,B,0,202020508050,20201031,6,46
3620,4,B,1,202020508050,20201031,6,47
3621,3,B,0,202020508050,20201031,6,48
3622,4,B,1,202020508050,20201031,6,49
3623,3,B,0,202020508050,20201031,6,50
3624,4,B,1,202020508050,20201031,6,51
3625,3,B,0,202020508050,20201031,6,52
3626,4,B,0,202020508050,20201031,6,53
3627,5,C,1,202020508050,20201031,6,54
3628,6,C,1,202020508050,20201031,6,55
3629,5,C,1,202020508050,20201031,6,56
3630,6,C,0,202020508050,20201031,6,57
3631,5,C,1,202020508050,20201031,6,58
3632,6,C,1,202020508050,20201031,6,59
3633,5,C,0,508050202050,20201031,6,60
3634,6,C,0,508050202050,20201031,6,61
3635,5,C,0,508050202050,20201031,6,62
3636,6,C,0,508050202050,20201031,6,63
3637,2,A,1,508050202050,20201031,6,64
3638,1,A,0,508050202050,20201031,6,65
3639,2,A,1,508050202050,20201031,6,66
3640,1,A,1,508050202050,20201031,6,67
3641,2,A,1,508050202050,20201031,6,68
3642,1,A,1,508050202050,20201031,6,69
3643,2,A,1,508050202050,20201031,6,70
3644,1,A,0,508050202050,20201031,6,71
3645,2,A,1,508050202050,20201031,6,72
3646,1,A,1,508050202050,20201031,6,73
3647,2,A,0,508050202050,20201031,6,74
3648,1,A,1,508050202050,20201031,6,75
3649,2,A,1,508050202050,20201031,6,76
3650,1,A,0,508050202050,20201031,6,77
3651,2,A,1,508050202050,20201031,6,78
3652,1,A,0,508050202050,20201031,6,79
3653,2,A,0,508050202050,20201031,6,80
3654,1,A,1,508050202050,20201031,6,81
3655,2,A,1,508050202050,20201031,6,82
3656,1,A,1,508050202050,20201031,6,83
3657,2,A,1,508050202050,20201031,6,84
3658,1,A,1,508050202050,20201031,6,85
3659,2,A,1,508050202050,20201031,6,86
3660,1,A,0,508050202050,20201031,6,87
3661,2,A,1,508050202050,20201031,6,88
3662,1,A,1,508050202050,20201031,6,89
3663,2,A,1,508050202050,20201031,6,90
3664,1,A,0,508050202050,20201031,6,91
3665,2,A,0,508050202050,20201031,6,92
3666,1,A,0,508050202050,20201031,6,93
3667,2,A,1,508050202050,20201031,6,94
3668,1,A,1,508050202050,20201031,6,95
3669,2,A,1,508050202050,20201031,6,96
3670,1,A,0,508050202050,20201031,6,97
3671,2,A,1,508050202050,20201031,6,98
3672,1,A,1,508050202050,20201031,6,99
3673,2,A,1,508050202050,20201031,6,100
3674,1,A,1,508050202050,20201031,6,101
3675,2,A,0,508050202050,20201031,6,102
3676,1,A,0,508050202050,20201031,6,103
3677,2,A,1,508050202050,20201031,6,104
3678,1,A,0,508050202050,20201031,6,105
3679,2,A,1,508050202050,20201031,6,106
3680,1,A,1,508050202050,20201031,6,107
3681,2,A,1,508050202050,20201031,6,108
3682,1,A,0,508050202050,20201031,6,109
3683,2,A,1,508050202050,20201031,6,110
3684,1,A,0,508050202050,20201031,6,111
3685,2,A,1,508050202050,20201031,6,112
3686,1,A,1,508050202050,20201031,6,113
3687,2,A,1,508050202050,20201031,6,114
3688,1,A,1,508050202050,20201031,6,115
3689,2,A,1,508050202050,20201031,6,116
3690,1,A,1,508050202050,20201031,6,117
3691,2,A,1,508050202050,20201031,6,118
3692,1,A,0,508050202050,20201031,6,119
3693,2,A,0,502050205080,20201031,6,120
3694,1,A,0,502050205080,20201031,6,121
3695,2,A,0,502050205080,20201031,6,122
3696,4,B,0,502050205080,20201031,6,123
3697,3,B,0,502050205080,20201031,6,124
3698,4,B,0,502050205080,20201031,6,125
3699,3,B,0,502050205080,20201031,6,126
3700,4,B,1,502050205080,20201031,6,127
3701,5,C,0,502050205080,20201031,6,128
3702,6,C,1,502050205080,20201031,6,129
3703,5,C,1,502050205080,20201031,6,130
3704,6,C,1,502050205080,20201031,6,131
3705,5,C,0,502050205080,20201031,6,132
3706,6,C,1,502050205080,20201031,6,133
3707,5,C,1,502050205080,20201031,6,134
3708,6,C,1,502050205080,20201031,6,135
3709,5,C,0,502050205080,20201031,6,136
3710,6,C,0,502050205080,20201031,6,137
3711,5,C,1,502050205080,20201031,6,138
3712,6,C,1,502050205080,20201031,6,139
3713,5,C,0,502050205080,20201031,6,140
3714,6,C,1,502050205080,20201031,6,141
3715,5,C,1,502050205080,20201031,6,142
3716,6,C,0,502050205080,20201031,6,143
3717,5,C,1,502050205080,20201031,6,144
3718,6,C,1,502050205080,20201031,6,145
3719,5,C,0,502050205080,20201031,6,146
3720,6,C,1,502050205080,20201031,6,147
3721,5,C,1,502050205080,20201031,6,148
3722,6,C,0,502050205080,20201031,6,149
3723,5,C,1,502050205080,20201031,6,150
3724,6,C,1,502050205080,20201031,6,151
3725,5,C,1,502050205080,20201031,6,152
3726,6,C,1,502050205080,20201031,6,153
3727,5,C,0,502050205080,20201031,6,154
3728,6,C,1,502050205080,20201031,6,155
3729,5,C,1,502050205080,20201031,6,156
3730,6,C,0,502050205080,20201031,6,157
3731,5,C,1,502050205080,20201031,6,158
3732,6,C,1,502050205080,20201031,6,159
3733,5,C,0,502050205080,20201031,6,160
3734,6,C,1,502050205080,20201031,6,161
3735,5,C,0,502050205080,20201031,6,162
3736,6,C,1,502050205080,20201031,6,163
3737,5,C,1,502050205080,20201031,6,164
3738,6,C,1,502050205080,20201031,6,165
3739,5,C,1,502050205080,20201031,6,166
3740,6,C,1,502050205080,20201031,6,167
3741,5,C,1,502050205080,20201031,6,168
3742,6,C,1,502050205080,20201031,6,169
3743,5,C,0,502050205080,20201031,6,170
3744,6,C,1,502050205080,20201031,6,171
3745,5,C,1,502050205080,20201031,6,172
3746,6,C,1,502050205080,20201031,6,173
3747,5,C,0,502050205080,20201031,6,174
3748,6,C,1,502050205080,20201031,6,175
3749,5,C,1,502050205080,20201031,6,176
3750,6,C,1,502050205080,20201031,6,177
3751,5,C,0,502050205080,20201031,6,178
3752,6,C,1,502050205080,20201031,6,179
3753,4,B,1,502080508020,20201031,7,0
3754,3,B,1,502080508020,20201031,7,1
3755,4,B,1,502080508020,20201031,7,2
3756,3,B,1,502080508020,20201031,7,3
3757,4,B,0,502080508020,20201031,7,4
3758,3,B,1,502080508020,20201031,7,5
3759,4,B,1,502080508020,20201031,7,6
3760,3,B,1,502080508020,20201031,7,7
3761,4,B,0,502080508020,20201031,7,8
3762,3,B,1,502080508020,20201031,7,9
3763,4,B,0,502080508020,20201031,7,10
3764,5,C,1,502080508020,20201031,7,11
3765,6,C,0,502080508020,20201031,7,12
3766,5,C,1,502080508020,20201031,7,13
3767,6,C,0,502080508020,20201031,7,14
3768,5,C,1,502080508020,20201031,7,15
3769,1,A,0,502080508020,20201031,7,16
3770,2,A,0,502080508020,20201031,7,17
3771,1,A,0,502080508020,20201031,7,18
3772,2,A,1,502080508020,20201031,7,19
3773,1,A,0,502080508020,20201031,7,20
3774,2,A,0,502080508020,20201031,7,21
3775,1,A,0,502080508020,20201031,7,22
3776,2,A,0,502080508020,20201031,7,23
3777,4,B,0,502080508020,20201031,7,24
3778,3,B,1,502080508020,20201031,7,25
3779,4,B,1,502080508020,20201031,7,26
3780,3,B,1,502080508020,20201031,7,27
3781,4,B,1,502080508020,20201031,7,28
3782,3,B,1,502080508020,20201031,7,29
3783,4,B,0,502080508020,20201031,7,30
3784,3,B,1,502080508020,20201031,7,31
3785,4,B,0,502080508020,20201031,7,32
3786,3,B,1,502080508020,20201031,7,33
3787,4,B,0,502080508020,20201031,7,34
3788,3,B,1,502080508020,20201031,7,35
3789,4,B,1,502080508020,20201031,7,36
3790,3,B,0,502080508020,20201031,7,37
3791,4,B,0,502080508020,20201031,7,38
3792,3,B,1,502080508020,20201031,7,39
3793,4,B,1,502080508020,20201031,7,40
3794,3,B,1,502080508020,20201031,7,41
3795,4,B,1,502080508020,20201031,7,42
3796,3,B,0,502080508020,20201031,7,43
3797,4,B,1,502080508020,20201031,7,44
3798,3,B,1,502080508020,20201031,7,45
3799,4,B,0,502080508020,20201031,7,46
3800,3,B,0,502080508020,20201031,7,47
3801,4,B,0,502080508020,20201031,7,48
3802,3,B,1,502080508020,20201031,7,49
3803,4,B,1,502080508020,20201031,7,50
3804,3,B,1,502080508020,20201031,7,51
3805,4,B,1,502080508020,20201031,7,52
3806,3,B,1,502080508020,20201031,7,53
3807,4,B,1,502080508020,20201031,7,54
3808,3,B,0,502080508020,20201031,7,55
3809,4,B,0,502080508020,20201031,7,56
3810,3,B,0,502080508020,20201031,7,57
3811,4,B,1,502080508020,20201031,7,58
3812,3,B,1,502080508020,20201031,7,59
3813,4,B,0,802020505050,20201031,7,60
3814,3,B,0,802020505050,20201031,7,61
3815,4,B,0,802020505050,20201031,7,62
3816,3,B,0,802020505050,20201031,7,63
3817,4,B,0,802020505050,20201031,7,64
3818,3,B,0,802020505050,20201031,7,65
3819,4,B,0,802020505050,20201031,7,66
3820,5,C,0,802020505050,20201031,7,67
3821,6,C,1,802020505050,20201031,7,68
3822,5,C,1,802020505050,20201031,7,69
3823,6,C,0,802020505050,20201031,7,70
3824,5,C,0,802020505050,20201031,7,71
3825,6,C,1,802020505050,20201031,7,72
3826,5,C,0,802020505050,20201031,7,73
3827,6,C,1,802020505050,20201031,7,74
3828,5,C,0,802020505050,20201031,7,75
3829,6,C,0,802020505050,20201031,7,76
3830,2,A,0,802020505050,20201031,7,77
3831,1,A,1,802020505050,20201031,7,78
3832,2,A,0,802020505050,20201031,7,79
3833,1,A,0,802020505050,20201031,7,80
3834,2,A,0,802020505050,20201031,7,81
3835,1,A,1,802020505050,20201031,7,82
3836,2,A,0,802020505050,20201031,7,83
3837,1,A,1,802020505050,20201031,7,84
3838,2,A,0,802020505050,20201031,7,85
3839,1,A,1,802020505050,20201031,7,86
3840,2,A,1,802020505050,20201031,7,87
3841,1,A,1,802020505050,20201031,7,88
3842,2,A,0,802020505050,20201031,7,89
3843,1,A,1,802020505050,20201031,7,90
3844,2,A,0,802020505050,20201031,7,91
3845,1,A,1,802020505050,20201031,7,92
3846,2,A,0,802020505050,20201031,7,93
3847,1,A,0,802020505050,20201031,7,94
3848,2,A,1,802020505050,20201031,7,95
3849,1,A,1,802020505050,20201031,7,96
3850,2,A,0,802020505050,20201031,7,97
3851,1,A,1,802020505050,20201031,7,98
3852,2,A,0,802020505050,20201031,7,99
3853,1,A,0,802020505050,20201031,7,100
3854,2,A,0,802020505050,20201031,7,101
3855,1,A,1,802020505050,20201031,7,102
3856,2,A,1,802020505050,20201031,7,103
3857,1,A,1,802020505050,20201031,7,104
3858,2,A,0,802020505050,20201031,7,105
3859,1,A,1,802020505050,20201031,7,106
3860,2,A,0,802020505050,20201031,7,107
3861,1,A,1,802020505050,20201031,7,108
3862,2,A,0,802020505050,20201031,7,109
3863,1,A,1,802020505050,20201031,7,110
3864,2,A,0,802020505050,20201031,7,111
3865,1,A,1,802020505050,20201031,7,112
3866,2,A,0,802020505050,20201031,7,113
3867,1,A,0,802020505050,20201031,7,114
3868,2,A,0,802020505050,20201031,7,115
3869,1,A,1,802020505050,20201031,7,116
3870,2,A,0,802020505050,20201031,7,117
3871,1,A,1,802020505050,20201031,7,118
3872,2,A,0,802020505050,20201031,7,119
3873,1,A,1,202050802020,20201031,7,120
3874,2,A,0,202050802020,20201031,7,121
3875,1,A,0,202050802020,20201031,7,122
3876,2,A,0,202050802020,20201031,7,123
3877,1,A,0,202050802020,20201031,7,124
3878,2,A,0,202050802020,20201031,7,125
3879,4,B,1,202050802020,20201031,7,126
3880,3,B,1,202050802020,20201031,7,127
3881,4,B,0,202050802020,20201031,7,128
3882,3,B,0,202050802020,20201031,7,129
3883,4,B,0,202050802020,20201031,7,130
3884,3,B,0,202050802020,20201031,7,131
3885,4,B,1,202050802020,20201031,7,132
3886,5,C,1,202050802020,20201031,7,133
3887,6,C,0,202050802020,20201031,7,134
3888,5,C,1,202050802020,20201031,7,135
3889,6,C,0,202050802020,20201031,7,136
3890,5,C,0,202050802020,20201031,7,137
3891,6,C,1,202050802020,20201031,7,138
3892,5,C,0,202050802020,20201031,7,139
3893,6,C,1,202050802020,20201031,7,140
3894,5,C,0,202050802020,20201031,7,141
3895,6,C,0,202050802020,20201031,7,142
3896,5,C,0,202050802020,20201031,7,143
3897,6,C,0,202050802020,20201031,7,144
3898,5,C,0,202050802020,20201031,7,145
3899,6,C,0,202050802020,20201031,7,146
3900,2,A,0,202050802020,20201031,7,147
3901,1,A,1,202050802020,20201031,7,148
3902,2,A,0,202050802020,20201031,7,149
3903,1,A,0,202050802020,20201031,7,150
3904,2,A,0,202050802020,20201031,7,151
3905,1,A,1,202050802020,20201031,7,152
3906,2,A,0,202050802020,20201031,7,153
3907,1,A,0,202050802020,20201031,7,154
3908,2,A,0,202050802020,20201031,7,155
3909,1,A,0,202050802020,20201031,7,156
3910,2,A,0,202050802020,20201031,7,157
3911,4,B,1,202050802020,20201031,7,158
3912,3,B,1,202050802020,20201031,7,159
3913,4,B,0,202050802020,20201031,7,160
3914,3,B,0,202050802020,20201031,7,161
3915,4,B,1,202050802020,20201031,7,162
3916,3,B,1,202050802020,20201031,7,163
3917,4,B,0,202050802020,20201031,7,164
3918,3,B,1,202050802020,20201031,7,165
3919,4,B,0,202050802020,20201031,7,166
3920,3,B,0,202050802020,20201031,7,167
3921,4,B,1,202050802020,20201031,7,168
3922,3,B,0,202050802020,20201031,7,169
3923,4,B,1,202050802020,20201031,7,170
3924,3,B,0,202050802020,20201031,7,171
3925,4,B,1,202050802020,20201031,7,172
3926,3,B,0,202050802020,20201031,7,173
3927,4,B,1,202050802020,20201031,7,174
3928,3,B,1,202050802020,20201031,7,175
3929,4,B,1,202050802020,20201031,7,176
3930,3,B,1,202050802020,20201031,7,177
3931,4,B,1,202050802020,20201031,7,178
3932,3,B,1,202050802020,20201031,7,179
3933,4,B,1,505080202050,20201101,1,0
3934,3,B,0,505080202050,20201101,1,1
3935,2,A,0,505080202050,20201101,1,2
3936,1,A,1,505080202050,20201101,1,3
3937,2,A,0,505080202050,20201101,1,4
3938,1,A,1,505080202050,20201101,1,5
3939,5,C,0,505080202050,20201101,1,6
3940,6,C,0,505080202050,20201101,1,7
3941,5,C,0,505080202050,20201101,1,8
3942,6,C,0,505080202050,20201101,1,9
3943,4,B,0,505080202050,20201101,1,10
3944,3,B,1,505080202050,20201101,1,11
3945,4,B,0,505080202050,20201101,1,12
3946,3,B,1,505080202050,20201101,1,13
3947,4,B,0,505080202050,20201101,1,14
3948,3,B,0,505080202050,20201101,1,15
3949,4,B,0,505080202050,20201101,1,16
3950,2,A,1,505080202050,20201101,1,17
3951,1,A,0,505080202050,20201101,1,18
3952,2,A,1,505080202050,20201101,1,19
3953,1,A,0,505080202050,20201101,1,20
3954,2,A,0,505080202050,20201101,1,21
3955,4,B,0,505080202050,20201101,1,22
3956,3,B,1,505080202050,20201101,1,23
3957,4,B,1,505080202050,20201101,1,24
3958,3,B,1,505080202050,20201101,1,25
3959,4,B,0,505080202050,20201101,1,26
3960,3,B,0,505080202050,20201101,1,27
3961,4,B,0,505080202050,20201101,1,28
3962,3,B,0,505080202050,20201101,1,29
3963,5,C,1,505080202050,20201101,1,30
3964,6,C,1,505080202050,20201101,1,31
3965,5,C,0,505080202050,20201101,1,32
3966,6,C,0,505080202050,20201101,1,33
3967,2,A,0,505080202050,20201101,1,34
3968,1,A,1,505080202050,20201101,1,35
3969,2,A,0,505080202050,20201101,1,36
3970,1,A,0,505080202050,20201101,1,37
3971,4,B,0,505080202050,20201101,1,38
3972,3,B,1,505080202050,20201101,1,39
3973,4,B,0,505080202050,20201101,1,40
3974,3,B,1,505080202050,20201101,1,41
3975,5,C,0,505080202050,20201101,1,42
3976,6,C,1,505080202050,20201101,1,43
3977,5,C,0,505080202050,20201101,1,44
3978,6,C,0,505080202050,20201101,1,45
3979,2,A,1,505080202050,20201101,1,46
3980,1,A,1,505080202050,20201101,1,47
3981,2,A,0,505080202050,20201101,1,48
3982,1,A,0,505080202050,20201101,1,49
3983,6,C,1,505080202050,20201101,1,50
3984,4,B,0,505080202050,20201101,1,51
3985,3,B,1,505080202050,20201101,1,52
3986,4,B,0,505080202050,20201101,1,53
3987,3,B,1,505080202050,20201101,1,54
3988,4,B,1,505080202050,20201101,1,55
3989,3,B,1,505080202050,20201101,1,56
3990,4,B,1,505080202050,20201101,1,57
3991,3,B,0,505080202050,20201101,1,58
3992,4,B,0,505080202050,20201101,1,59
3993,3,B,0,202020202050,20201101,1,60
3994,4,B,0,202020202050,20201101,1,61
3995,2,A,0,202020202050,20201101,1,62
3996,1,A,0,202020202050,20201101,1,63
3997,2,A,0,202020202050,20201101,1,64
3998,1,A,1,202020202050,20201101,1,65
3999,4,B,0,202020202050,20201101,1,66
4000,3,B,0,202020202050,20201101,1,67
4001,4,B,0,202020202050,20201101,1,68
4002,3,B,0,202020202050,20201101,1,69
4003,4,B,0,202020202050,20201101,1,70
4004,2,A,0,202020202050,20201101,1,71
4005,1,A,0,202020202050,20201101,1,72
4006,5,C,0,202020202050,20201101,1,73
4007,6,C,1,202020202050,20201101,1,74
4008,5,C,0,202020202050,20201101,1,75
4009,6,C,0,202020202050,20201101,1,76
4010,1,A,0,202020202050,20201101,1,77
4011,2,A,0,202020202050,20201101,1,78
4012,1,A,0,202020202050,20201101,1,79
4013,4,B,0,202020202050,20201101,1,80
4014,3,B,0,202020202050,20201101,1,81
4015,4,B,0,202020202050,20201101,1,82
4016,3,B,1,202020202050,20201101,1,83
4017,4,B,0,202020202050,20201101,1,84
4018,3,B,0,202020202050,20201101,1,85
4019,4,B,0,202020202050,20201101,1,86
4020,3,B,0,202020202050,20201101,1,87
4021,4,B,0,202020202050,20201101,1,88
4022,6,C,1,202020202050,20201101,1,89
4023,5,C,0,202020202050,20201101,1,90
4024,6,C,1,202020202050,20201101,1,91
4025,5,C,0,202020202050,20201101,1,92
4026,4,B,0,202020202050,20201101,1,93
4027,3,B,1,202020202050,20201101,1,94
4028,4,B,0,202020202050,20201101,1,95
4029,3,B,0,202020202050,20201101,1,96
4030,4,B,0,202020202050,20201101,1,97
4031,3,B,0,202020202050,20201101,1,98
4032,4,B,0,202020202050,20201101,1,99
4033,3,B,0,202020202050,20201101,1,100
4034,2,A,0,202020202050,20201101,1,101
4035,1,A,0,202020202050,20201101,1,102
4036,2,A,1,202020202050,20201101,1,103
4037,1,A,0,202020202050,20201101,1,104
4038,2,A,0,202020202050,20201101,1,105
4039,4,B,1,202020202050,20201101,1,106
4040,3,B,1,202020202050,20201101,1,107
4041,4,B,1,202020202050,20201101,1,108
4042,3,B,0,202020202050,20201101,1,109
4043,4,B,0,202020202050,20201101,1,110
4044,3,B,0,202020202050,20201101,1,111
4045,4,B,0,202020202050,20201101,1,112
4046,3,B,0,202020202050,20201101,1,113
4047,4,B,0,202020202050,20201101,1,114
4048,3,B,0,202020202050,20201101,1,115
4049,5,C,0,202020202050,20201101,1,116
4050,6,C,0,202020202050,20201101,1,117
4051,5,C,0,202020202050,20201101,1,118
4052,6,C,1,202020202050,20201101,1,119
4053,5,C,0,508050202020,20201101,1,120
4054,6,C,0,508050202020,20201101,1,121
4055,2,A,1,508050202020,20201101,1,122
4056,1,A,1,508050202020,20201101,1,123
4057,2,A,1,508050202020,20201101,1,124
4058,1,A,0,508050202020,20201101,1,125
4059,2,A,1,508050202020,20201101,1,126
4060,1,A,1,508050202020,20201101,1,127
4061,2,A,1,508050202020,20201101,1,128
4062,1,A,0,508050202020,20201101,1,129
4063,2,A,1,508050202020,20201101,1,130
4064,1,A,0,508050202020,20201101,1,131
4065,2,A,1,508050202020,20201101,1,132
4066,1,A,0,508050202020,20201101,1,133
4067,2,A,1,508050202020,20201101,1,134
4068,1,A,0,508050202020,20201101,1,135
4069,2,A,0,508050202020,20201101,1,136
4070,1,A,0,508050202020,20201101,1,137
4071,2,A,0,508050202020,20201101,1,138
4072,1,A,0,508050202020,20201101,1,139
4073,2,A,1,508050202020,20201101,1,140
4074,1,A,1,508050202020,20201101,1,141
4075,2,A,1,508050202020,20201101,1,142
4076,1,A,1,508050202020,20201101,1,143
4077,2,A,1,508050202020,20201101,1,144
4078,1,A,0,508050202020,20201101,1,145
4079,2,A,0,508050202020,20201101,1,146
4080,1,A,1,508050202020,20201101,1,147
4081,2,A,1,508050202020,20201101,1,148
4082,1,A,0,508050202020,20201101,1,149
4083,2,A,1,508050202020,20201101,1,150
4084,1,A,0,508050202020,20201101,1,151
4085,2,A,0,508050202020,20201101,1,152
4086,1,A,1,508050202020,20201101,1,153
4087,2,A,1,508050202020,20201101,1,154
4088,1,A,1,508050202020,20201101,1,155
4089,2,A,1,508050202020,20201101,1,156
4090,1,A,1,508050202020,20201101,1,157
4091,2,A,0,508050202020,20201101,1,158
4092,1,A,0,508050202020,20201101,1,159
4093,2,A,1,508050202020,20201101,1,160
4094,1,A,0,508050202020,20201101,1,161
4095,2,A,1,508050202020,20201101,1,162
4096,1,A,1,508050202020,20201101,1,163
4097,2,A,1,508050202020,20201101,1,164
4098,1,A,0,508050202020,20201101,1,165
4099,2,A,1,508050202020,20201101,1,166
4100,1,A,1,508050202020,20201101,1,167
4101,2,A,1,508050202020,20201101,1,168
4102,1,A,1,508050202020,20201101,1,169
4103,2,A,1,508050202020,20201101,1,170
4104,1,A,0,508050202020,20201101,1,171
4105,2,A,1,508050202020,20201101,1,172
4106,1,A,1,508050202020,20201101,1,173
4107,2,A,1,508050202020,20201101,1,174
4108,1,A,0,508050202020,20201101,1,175
4109,2,A,1,508050202020,20201101,1,176
4110,1,A,1,508050202020,20201101,1,177
4111,2,A,1,508050202020,20201101,1,178
4112,1,A,1,508050202020,20201101,1,179
4113,2,A,0,205020808050,20201101,2,0
4114,1,A,0,205020808050,20201101,2,1
4115,2,A,0,205020808050,20201101,2,2
4116,1,A,1,205020808050,20201101,2,3
4117,4,B,1,205020808050,20201101,2,4
4118,3,B,0,205020808050,20201101,2,5
4119,4,B,1,205020808050,20201101,2,6
4120,3,B,1,205020808050,20201101,2,7
4121,5,C,1,205020808050,20201101,2,8
4122,6,C,0,205020808050,20201101,2,9
4123,5,C,1,205020808050,20201101,2,10
4124,6,C,0,205020808050,20201101,2,11
4125,5,C,1,205020808050,20201101,2,12
4126,2,A,0,205020808050,20201101,2,13
4127,1,A,0,205020808050,20201101,2,14
4128,2,A,0,205020808050,20201101,2,15
4129,1,A,0,205020808050,20201101,2,16
4130,2,A,0,205020808050,20201101,2,17
4131,4,B,1,205020808050,20201101,2,18
4132,3,B,0,205020808050,20201101,2,19
4133,4,B,0,205020808050,20201101,2,20
4134,3,B,0,205020808050,20201101,2,21
4135,4,B,1,205020808050,20201101,2,22
4136,3,B,0,205020808050,20201101,2,23
4137,4,B,1,205020808050,20201101,2,24
4138,3,B,0,205020808050,20201101,2,25
4139,4,B,0,205020808050,20201101,2,26
4140,6,C,0,205020808050,20201101,2,27
4141,5,C,0,205020808050,20201101,2,28
4142,6,C,0,205020808050,20201101,2,29
4143,5,C,1,205020808050,20201101,2,30
4144,1,A,1,205020808050,20201101,2,31
4145,2,A,0,205020808050,20201101,2,32
4146,1,A,0,205020808050,20201101,2,33
4147,2,A,0,205020808050,20201101,2,34
4148,1,A,0,205020808050,20201101,2,35
4149,2,A,0,205020808050,20201101,2,36
4150,4,B,1,205020808050,20201101,2,37
4151,3,B,0,205020808050,20201101,2,38
4152,4,B,1,205020808050,20201101,2,39
4153,3,B,1,205020808050,20201101,2,40
4154,4,B,1,205020808050,20201101,2,41
4155,3,B,0,205020808050,20201101,2,42
4156,4,B,1,205020808050,20201101,2,43
4157,3,B,0,205020808050,20201101,2,44
4158,4,B,1,205020808050,20201101,2,45
4159,3,B,0,205020808050,20201101,2,46
4160,4,B,1,205020808050,20201101,2,47
4161,3,B,0,205020808050,20201101,2,48
4162,4,B,1,205020808050,20201101,2,49
4163,3,B,0,205020808050,20201101,2,50
4164,4,B,1,205020808050,20201101,2,51
4165,3,B,0,205020808050,20201101,2,52
4166,4,B,1,205020808050,20201101,2,53
4167,3,B,0,205020808050,20201101,2,54
4168,4,B,1,205020808050,20201101,2,55
4169,3,B,0,205020808050,20201101,2,56
4170,4,B,0,205020808050,20201101,2,57
4171,3,B,0,205020808050,20201101,2,58
4172,4,B,1,205020808050,20201101,2,59
4173,3,B,0,205050802020,20201101,2,60
4174,4,B,0,205050802020,20201101,2,61
4175,2,A,1,205050802020,20201101,2,62
4176,1,A,0,205050802020,20201101,2,63
4177,2,A,1,205050802020,20201101,2,64
4178,1,A,1,205050802020,20201101,2,65
4179,2,A,0,205050802020,20201101,2,66
4180,1,A,0,205050802020,20201101,2,67
4181,2,A,0,205050802020,20201101,2,68
4182,1,A,1,205050802020,20201101,2,69
4183,2,A,1,205050802020,20201101,2,70
4184,1,A,0,205050802020,20201101,2,71
4185,2,A,0,205050802020,20201101,2,72
4186,4,B,1,205050802020,20201101,2,73
4187,3,B,1,205050802020,20201101,2,74
4188,4,B,1,205050802020,20201101,2,75
4189,3,B,0,205050802020,20201101,2,76
4190,4,B,0,205050802020,20201101,2,77
4191,3,B,0,205050802020,20201101,2,78
4192,4,B,1,205050802020,20201101,2,79
4193,3,B,0,205050802020,20201101,2,80
4194,4,B,1,205050802020,20201101,2,81
4195,3,B,0,205050802020,20201101,2,82
4196,4,B,1,205050802020,20201101,2,83
4197,3,B,1,205050802020,20201101,2,84
4198,4,B,1,205050802020,20201101,2,85
4199,3,B,1,205050802020,20201101,2,86
4200,4,B,0,205050802020,20201101,2,87
4201,3,B,0,205050802020,20201101,2,88
4202,4,B,1,205050802020,20201101,2,89
4203,3,B,0,205050802020,20201101,2,90
4204,4,B,1,205050802020,20201101,2,91
4205,3,B,0,205050802020,20201101,2,92
4206,4,B,1,205050802020,20201101,2,93
4207,3,B,0,205050802020,20201101,2,94
4208,4,B,1,205050802020,20201101,2,95
4209,3,B,0,205050802020,20201101,2,96
4210,4,B,1,205050802020,20201101,2,97
4211,2,A,1,205050802020,20201101,2,98
4212,1,A,0,205050802020,20201101,2,99
4213,2,A,1,205050802020,20201101,2,100
4214,1,A,0,205050802020,20201101,2,101
4215,2,A,1,205050802020,20201101,2,102
4216,1,A,0,205050802020,20201101,2,103
4217,2,A,1,205050802020,20201101,2,104
4218,1,A,0,205050802020,20201101,2,105
4219,2,A,0,205050802020,20201101,2,106
4220,1,A,0,205050802020,20201101,2,107
4221,2,A,1,205050802020,20201101,2,108
4222,4,B,1,205050802020,20201101,2,109
4223,3,B,0,205050802020,20201101,2,110
4224,4,B,1,205050802020,20201101,2,111
4225,3,B,1,205050802020,20201101,2,112
4226,4,B,1,205050802020,20201101,2,113
4227,3,B,0,205050802020,20201101,2,114
4228,4,B,0,205050802020,20201101,2,115
4229,3,B,1,205050802020,20201101,2,116
4230,4,B,1,205050802020,20201101,2,117
4231,3,B,1,205050802020,20201101,2,118
4232,4,B,1,205050802020,20201101,2,119
4233,3,B,0,202050205080,20201101,2,120
4234,4,B,0,202050205080,20201101,2,121
4235,2,A,0,202050205080,20201101,2,122
4236,1,A,0,202050205080,20201101,2,123
4237,2,A,0,202050205080,20201101,2,124
4238,4,B,1,202050205080,20201101,2,125
4239,3,B,1,202050205080,20201101,2,126
4240,4,B,0,202050205080,20201101,2,127
4241,3,B,1,202050205080,20201101,2,128
4242,4,B,1,202050205080,20201101,2,129
4243,3,B,1,202050205080,20201101,2,130
4244,4,B,0,202050205080,20201101,2,131
4245,3,B,0,202050205080,20201101,2,132
4246,4,B,1,202050205080,20201101,2,133
4247,3,B,1,202050205080,20201101,2,134
4248,4,B,0,202050205080,20201101,2,135
4249,3,B,1,202050205080,20201101,2,136
4250,4,B,0,202050205080,20201101,2,137
4251,3,B,1,202050205080,20201101,2,138
4252,4,B,0,202050205080,20201101,2,139
4253,3,B,1,202050205080,20201101,2,140
4254,4,B,0,202050205080,20201101,2,141
4255,3,B,0,202050205080,20201101,2,142
4256,4,B,1,202050205080,20201101,2,143
4257,3,B,0,202050205080,20201101,2,144
4258,4,B,0,202050205080,20201101,2,145
4259,3,B,0,202050205080,20201101,2,146
4260,4,B,0,202050205080,20201101,2,147
4261,3,B,1,202050205080,20201101,2,148
4262,4,B,0,202050205080,20201101,2,149
4263,3,B,1,202050205080,20201101,2,150
4264,4,B,0,202050205080,20201101,2,151
4265,3,B,0,202050205080,20201101,2,152
4266,4,B,0,202050205080,20201101,2,153
4267,3,B,1,202050205080,20201101,2,154
4268,4,B,0,202050205080,20201101,2,155
4269,3,B,0,202050205080,20201101,2,156
4270,6,C,0,202050205080,20201101,2,157
4271,5,C,1,202050205080,20201101,2,158
4272,6,C,1,202050205080,20201101,2,159
4273,5,C,0,202050205080,20201101,2,160
4274,6,C,1,202050205080,20201101,2,161
4275,5,C,1,202050205080,20201101,2,162
4276,6,C,1,202050205080,20201101,2,163
4277,5,C,1,202050205080,20201101,2,164
4278,6,C,1,202050205080,20201101,2,165
4279,5,C,1,202050205080,20201101,2,166
4280,6,C,1,202050205080,20201101,2,167
4281,5,C,1,202050205080,20201101,2,168
4282,6,C,1,202050205080,20201101,2,169
4283,5,C,0,202050205080,20201101,2,170
4284,6,C,0,202050205080,20201101,2,171
4285,5,C,1,202050205080,20201101,2,172
4286,6,C,1,202050205080,20201101,2,173
4287,5,C,0,202050205080,20201101,2,174
4288,6,C,1,202050205080,20201101,2,175
4289,5,C,1,202050205080,20201101,2,176
4290,6,C,0,202050205080,20201101,2,177
4291,5,C,1,202050205080,20201101,2,178
4292,6,C,0,202050205080,20201101,2,179
4293,2,A,0,805020502050,20201101,3,0
4294,1,A,1,805020502050,20201101,3,1
4295,2,A,0,805020502050,20201101,3,2
4296,1,A,0,805020502050,20201101,3,3
4297,2,A,1,805020502050,20201101,3,4
4298,4,B,0,805020502050,20201101,3,5
4299,3,B,0,805020502050,20201101,3,6
4300,4,B,1,805020502050,20201101,3,7
4301,3,B,0,805020502050,20201101,3,8
4302,4,B,1,805020502050,20201101,3,9
4303,6,C,0,805020502050,20201101,3,10
4304,5,C,0,805020502050,20201101,3,11
4305,6,C,0,805020502050,20201101,3,12
4306,5,C,0,805020502050,20201101,3,13
4307,6,C,0,805020502050,20201101,3,14
4308,5,C,0,805020502050,20201101,3,15
4309,6,C,0,805020502050,20201101,3,16
4310,5,C,0,805020502050,20201101,3,17
4311,2,A,0,805020502050,20201101,3,18
4312,1,A,1,805020502050,20201101,3,19
4313,2,A,1,805020502050,20201101,3,20
4314,1,A,0,805020502050,20201101,3,21
4315,2,A,1,805020502050,20201101,3,22
4316,1,A,1,805020502050,20201101,3,23
4317,2,A,1,805020502050,20201101,3,24
4318,1,A,0,805020502050,20201101,3,25
4319,2,A,1,805020502050,20201101,3,26
4320,4,B,1,805020502050,20201101,3,27
4321,3,B,0,805020502050,20201101,3,28
4322,4,B,0,805020502050,20201101,3,29
4323,3,B,0,805020502050,20201101,3,30
4324,4,B,1,805020502050,20201101,3,31
4325,3,B,0,805020502050,20201101,3,32
4326,4,B,0,805020502050,20201101,3,33
4327,3,B,0,805020502050,20201101,3,34
4328,4,B,0,805020502050,20201101,3,35
4329,2,A,0,805020502050,20201101,3,36
4330,1,A,1,805020502050,20201101,3,37
4331,2,A,0,805020502050,20201101,3,38
4332,1,A,0,805020502050,20201101,3,39
4333,2,A,1,805020502050,20201101,3,40
4334,1,A,1,805020502050,20201101,3,41
4335,2,A,1,805020502050,20201101,3,42
4336,1,A,1,805020502050,20201101,3,43
4337,2,A,0,805020502050,20201101,3,44
4338,1,A,1,805020502050,20201101,3,45
4339,2,A,0,805020502050,20201101,3,46
4340,1,A,1,805020502050,20201101,3,47
4341,2,A,0,805020502050,20201101,3,48
4342,1,A,0,805020502050,20201101,3,49
4343,2,A,0,805020502050,20201101,3,50
4344,4,B,1,805020502050,20201101,3,51
4345,3,B,0,805020502050,20201101,3,52
4346,4,B,0,805020502050,20201101,3,53
4347,3,B,1,805020502050,20201101,3,54
4348,4,B,1,805020502050,20201101,3,55
4349,3,B,0,805020502050,20201101,3,56
4350,4,B,0,805020502050,20201101,3,57
4351,5,C,0,805020502050,20201101,3,58
4352,6,C,0,805020502050,20201101,3,59
4353,5,C,0,205050802020,20201101,3,60
4354,6,C,0,205050802020,20201101,3,61
4355,2,A,0,205050802020,20201101,3,62
4356,1,A,0,205050802020,20201101,3,63
4357,2,A,0,205050802020,20201101,3,64
4358,1,A,0,205050802020,20201101,3,65
4359,2,A,0,205050802020,20201101,3,66
4360,4,B,1,205050802020,20201101,3,67
4361,3,B,0,205050802020,20201101,3,68
4362,4,B,1,205050802020,20201101,3,69
4363,3,B,0,205050802020,20201101,3,70
4364,4,B,1,205050802020,20201101,3,71
4365,3,B,0,205050802020,20201101,3,72
4366,4,B,1,205050802020,20201101,3,73
4367,3,B,0,205050802020,20201101,3,74
4368,4,B,1,205050802020,20201101,3,75
4369,3,B,0,205050802020,20201101,3,76
4370,4,B,1,205050802020,20201101,3,77
4371,3,B,0,205050802020,20201101,3,78
4372,4,B,1,205050802020,20201101,3,79
4373,3,B,0,205050802020,20201101,3,80
4374,4,B,1,205050802020,20201101,3,81
4375,3,B,1,205050802020,20201101,3,82
4376,4,B,1,205050802020,20201101,3,83
4377,3,B,0,205050802020,20201101,3,84
4378,4,B,0,205050802020,20201101,3,85
4379,5,C,0,205050802020,20201101,3,86
4380,6,C,0,205050802020,20201101,3,87
4381,5,C,0,205050802020,20201101,3,88
4382,6,C,1,205050802020,20201101,3,89
4383,5,C,0,205050802020,20201101,3,90
4384,6,C,0,205050802020,20201101,3,91
4385,2,A,0,205050802020,20201101,3,92
4386,1,A,0,205050802020,20201101,3,93
4387,2,A,0,205050802020,20201101,3,94
4388,4,B,1,205050802020,20201101,3,95
4389,3,B,0,205050802020,20201101,3,96
4390,4,B,0,205050802020,20201101,3,97
4391,3,B,1,205050802020,20201101,3,98
4392,4,B,1,205050802020,20201101,3,99
4393,3,B,0,205050802020,20201101,3,100
4394,4,B,1,205050802020,20201101,3,101
4395,3,B,1,205050802020,20201101,3,102
4396,4,B,1,205050802020,20201101,3,103
4397,3,B,1,205050802020,20201101,3,104
4398,4,B,1,205050802020,20201101,3,105
4399,3,B,1,205050802020,20201101,3,106
4400,4,B,1,205050802020,20201101,3,107
4401,3,B,0,205050802020,20201101,3,108
4402,4,B,0,205050802020,20201101,3,109
4403,3,B,1,205050802020,20201101,3,110
4404,4,B,1,205050802020,20201101,3,111
4405,3,B,0,205050802020,20201101,3,112
4406,4,B,1,205050802020,20201101,3,113
4407,3,B,1,205050802020,20201101,3,114
4408,4,B,1,205050802020,20201101,3,115
4409,3,B,0,205050802020,20201101,3,116
4410,4,B,0,205050802020,20201101,3,117
4411,3,B,1,205050802020,20201101,3,118
4412,4,B,1,205050802020,20201101,3,119
4413,3,B,0,202020505080,20201101,3,120
4414,4,B,0,202020505080,20201101,3,121
4415,3,B,0,202020505080,20201101,3,122
4416,4,B,1,202020505080,20201101,3,123
4417,3,B,0,202020505080,20201101,3,124
4418,4,B,0,202020505080,20201101,3,125
4419,3,B,1,202020505080,20201101,3,126
4420,4,B,1,202020505080,20201101,3,127
4421,3,B,0,202020505080,20201101,3,128
4422,4,B,1,202020505080,20201101,3,129
4423,3,B,0,202020505080,20201101,3,130
4424,4,B,0,202020505080,20201101,3,131
4425,3,B,1,202020505080,20201101,3,132
4426,4,B,0,202020505080,20201101,3,133
4427,3,B,0,202020505080,20201101,3,134
4428,4,B,1,202020505080,20201101,3,135
4429,3,B,0,202020505080,20201101,3,136
4430,4,B,1,202020505080,20201101,3,137
4431,3,B,0,202020505080,20201101,3,138
4432,4,B,1,202020505080,20201101,3,139
4433,3,B,0,202020505080,20201101,3,140
4434,4,B,0,202020505080,20201101,3,141
4435,3,B,0,202020505080,20201101,3,142
4436,4,B,1,202020505080,20201101,3,143
4437,3,B,0,202020505080,20201101,3,144
4438,4,B,1,202020505080,20201101,3,145
4439,3,B,0,202020505080,20201101,3,146
4440,4,B,0,202020505080,20201101,3,147
4441,3,B,0,202020505080,20201101,3,148
4442,4,B,1,202020505080,20201101,3,149
4443,3,B,0,202020505080,20201101,3,150
4444,4,B,1,202020505080,20201101,3,151
4445,3,B,0,202020505080,20201101,3,152
4446,4,B,1,202020505080,20201101,3,153
4447,3,B,0,202020505080,20201101,3,154
4448,4,B,0,202020505080,20201101,3,155
4449,3,B,0,202020505080,20201101,3,156
4450,4,B,0,202020505080,20201101,3,157
4451,3,B,1,202020505080,20201101,3,158
4452,4,B,0,202020505080,20201101,3,159
4453,3,B,0,202020505080,20201101,3,160
4454,4,B,0,202020505080,20201101,3,161
4455,3,B,0,202020505080,20201101,3,162
4456,4,B,0,202020505080,20201101,3,163
4457,2,A,1,202020505080,20201101,3,164
4458,1,A,1,202020505080,20201101,3,165
4459,2,A,0,202020505080,20201101,3,166
4460,1,A,0,202020505080,20201101,3,167
4461,2,A,0,202020505080,20201101,3,168
4462,1,A,0,202020505080,20201101,3,169
4463,2,A,0,202020505080,20201101,3,170
4464,4,B,0,202020505080,20201101,3,171
4465,3,B,0,202020505080,20201101,3,172
4466,4,B,0,202020505080,20201101,3,173
4467,6,C,1,202020505080,20201101,3,174
4468,5,C,0,202020505080,20201101,3,175
4469,4,B,0,202020505080,20201101,3,176
4470,3,B,0,202020505080,20201101,3,177
4471,4,B,1,202020505080,20201101,3,178
4472,3,B,0,202020505080,20201101,3,179
4473,2,A,0,202050805020,20201101,4,0
4474,1,A,0,202050805020,20201101,4,1
4475,2,A,0,202050805020,20201101,4,2
4476,5,C,1,202050805020,20201101,4,3
4477,6,C,0,202050805020,20201101,4,4
4478,5,C,0,202050805020,20201101,4,5
4479,6,C,0,202050805020,20201101,4,6
4480,4,B,0,202050805020,20201101,4,7
4481,3,B,1,202050805020,20201101,4,8
4482,4,B,0,202050805020,20201101,4,9
4483,3,B,0,202050805020,20201101,4,10
4484,4,B,1,202050805020,20201101,4,11
4485,3,B,0,202050805020,20201101,4,12
4486,4,B,1,202050805020,20201101,4,13
4487,2,A,0,202050805020,20201101,4,14
4488,1,A,1,202050805020,20201101,4,15
4489,2,A,1,202050805020,20201101,4,16
4490,1,A,0,202050805020,20201101,4,17
4491,2,A,0,202050805020,20201101,4,18
4492,1,A,0,202050805020,20201101,4,19
4493,2,A,1,202050805020,20201101,4,20
4494,4,B,1,202050805020,20201101,4,21
4495,3,B,1,202050805020,20201101,4,22
4496,4,B,1,202050805020,20201101,4,23
4497,3,B,0,202050805020,20201101,4,24
4498,4,B,1,202050805020,20201101,4,25
4499,3,B,0,202050805020,20201101,4,26
4500,4,B,1,202050805020,20201101,4,27
4501,3,B,0,202050805020,20201101,4,28
4502,4,B,1,202050805020,20201101,4,29
4503,3,B,0,202050805020,20201101,4,30
4504,4,B,1,202050805020,20201101,4,31
4505,3,B,0,202050805020,20201101,4,32
4506,4,B,0,202050805020,20201101,4,33
4507,3,B,1,202050805020,20201101,4,34
4508,4,B,1,202050805020,20201101,4,35
4509,3,B,0,202050805020,20201101,4,36
4510,4,B,1,202050805020,20201101,4,37
4511,3,B,1,202050805020,20201101,4,38
4512,4,B,0,202050805020,20201101,4,39
4513,3,B,0,202050805020,20201101,4,40
4514,4,B,0,202050805020,20201101,4,41
4515,3,B,1,202050805020,20201101,4,42
4516,4,B,1,202050805020,20201101,4,43
4517,3,B,0,202050805020,20201101,4,44
4518,4,B,1,202050805020,20201101,4,45
4519,3,B,0,202050805020,20201101,4,46
4520,4,B,1,202050805020,20201101,4,47
4521,3,B,0,202050805020,20201101,4,48
4522,4,B,1,202050805020,20201101,4,49
4523,3,B,1,202050805020,20201101,4,50
4524,4,B,1,202050805020,20201101,4,51
4525,3,B,1,202050805020,20201101,4,52
4526,4,B,1,202050805020,20201101,4,53
4527,3,B,1,202050805020,20201101,4,54
4528,4,B,1,202050805020,20201101,4,55
4529,3,B,0,202050805020,20201101,4,56
4530,4,B,1,202050805020,20201101,4,57
4531,3,B,1,202050805020,20201101,4,58
4532,4,B,0,202050805020,20201101,4,59
4533,3,B,0,208050208050,20201101,4,60
4534,4,B,0,208050208050,20201101,4,61
4535,3,B,1,208050208050,20201101,4,62
4536,4,B,0,208050208050,20201101,4,63
4537,3,B,0,208050208050,20201101,4,64
4538,4,B,0,208050208050,20201101,4,65
4539,3,B,0,208050208050,20201101,4,66
4540,4,B,0,208050208050,20201101,4,67
4541,2,A,0,208050208050,20201101,4,68
4542,1,A,1,208050208050,20201101,4,69
4543,2,A,0,208050208050,20201101,4,70
4544,1,A,0,208050208050,20201101,4,71
4545,2,A,0,208050208050,20201101,4,72
4546,4,B,0,208050208050,20201101,4,73
4547,3,B,0,208050208050,20201101,4,74
4548,4,B,0,208050208050,20201101,4,75
4549,3,B,1,208050208050,20201101,4,76
4550,4,B,0,208050208050,20201101,4,77
4551,3,B,1,208050208050,20201101,4,78
4552,4,B,1,208050208050,20201101,4,79
4553,3,B,0,208050208050,20201101,4,80
4554,4,B,0,208050208050,20201101,4,81
4555,3,B,0,208050208050,20201101,4,82
4556,4,B,0,208050208050,20201101,4,83
4557,3,B,0,208050208050,20201101,4,84
4558,4,B,0,208050208050,20201101,4,85
4559,6,C,0,208050208050,20201101,4,86
4560,5,C,1,208050208050,20201101,4,87
4561,6,C,1,208050208050,20201101,4,88
4562,5,C,1,208050208050,20201101,4,89
4563,6,C,1,208050208050,20201101,4,90
4564,5,C,1,208050208050,20201101,4,91
4565,6,C,1,208050208050,20201101,4,92
4566,5,C,0,208050208050,20201101,4,93
4567,6,C,0,208050208050,20201101,4,94
4568,5,C,1,208050208050,20201101,4,95
4569,6,C,0,208050208050,20201101,4,96
4570,5,C,1,208050208050,20201101,4,97
4571,6,C,0,208050208050,20201101,4,98
4572,5,C,1,208050208050,20201101,4,99
4573,6,C,0,208050208050,20201101,4,100
4574,5,C,1,208050208050,20201101,4,101
4575,6,C,0,208050208050,20201101,4,102
4576,5,C,1,208050208050,20201101,4,103
4577,6,C,1,208050208050,20201101,4,104
4578,5,C,1,208050208050,20201101,4,105
4579,6,C,1,208050208050,20201101,4,106
4580,5,C,1,208050208050,20201101,4,107
4581,6,C,0,208050208050,20201101,4,108
4582,5,C,0,208050208050,20201101,4,109
4583,6,C,0,208050208050,20201101,4,110
4584,5,C,1,208050208050,20201101,4,111
4585,6,C,1,208050208050,20201101,4,112
4586,5,C,1,208050208050,20201101,4,113
4587,6,C,0,208050208050,20201101,4,114
4588,5,C,0,208050208050,20201101,4,115
4589,6,C,1,208050208050,20201101,4,116
4590,5,C,1,208050208050,20201101,4,117
4591,6,C,0,208050208050,20201101,4,118
4592,5,C,1,208050208050,20201101,4,119
4593,6,C,0,805050205020,20201101,4,120
4594,5,C,1,805050205020,20201101,4,121
4595,6,C,1,805050205020,20201101,4,122
4596,5,C,1,805050205020,20201101,4,123
4597,6,C,1,805050205020,20201101,4,124
4598,5,C,1,805050205020,20201101,4,125
4599,6,C,0,805050205020,20201101,4,126
4600,5,C,0,805050205020,20201101,4,127
4601,6,C,0,805050205020,20201101,4,128
4602,5,C,1,805050205020,20201101,4,129
4603,6,C,0,805050205020,20201101,4,130
4604,5,C,1,805050205020,20201101,4,131
4605,6,C,1,805050205020,20201101,4,132
4606,5,C,0,805050205020,20201101,4,133
4607,6,C,0,805050205020,20201101,4,134
4608,5,C,0,805050205020,20201101,4,135
4609,6,C,1,805050205020,20201101,4,136
4610,5,C,0,805050205020,20201101,4,137
4611,6,C,0,805050205020,20201101,4,138
4612,5,C,0,805050205020,20201101,4,139
4613,6,C,0,805050205020,20201101,4,140
4614,4,B,0,805050205020,20201101,4,141
4615,3,B,1,805050205020,20201101,4,142
4616,4,B,0,805050205020,20201101,4,143
4617,3,B,1,805050205020,20201101,4,144
4618,4,B,1,805050205020,20201101,4,145
4619,3,B,0,805050205020,20201101,4,146
4620,4,B,1,805050205020,20201101,4,147
4621,3,B,0,805050205020,20201101,4,148
4622,4,B,0,805050205020,20201101,4,149
4623,3,B,1,805050205020,20201101,4,150
4624,4,B,0,805050205020,20201101,4,151
4625,3,B,0,805050205020,20201101,4,152
4626,4,B,0,805050205020,20201101,4,153
4627,3,B,0,805050205020,20201101,4,154
4628,4,B,1,805050205020,20201101,4,155
4629,3,B,0,805050205020,20201101,4,156
4630,4,B,0,805050205020,20201101,4,157
4631,3,B,0,805050205020,20201101,4,158
4632,4,B,0,805050205020,20201101,4,159
4633,3,B,1,805050205020,20201101,4,160
4634,4,B,0,805050205020,20201101,4,161
4635,3,B,1,805050205020,20201101,4,162
4636,4,B,0,805050205020,20201101,4,163
4637,3,B,1,805050205020,20201101,4,164
4638,4,B,0,805050205020,20201101,4,165
4639,3,B,1,805050205020,20201101,4,166
4640,4,B,0,805050205020,20201101,4,167
4641,3,B,1,805050205020,20201101,4,168
4642,4,B,0,805050205020,20201101,4,169
4643,3,B,0,805050205020,20201101,4,170
4644,4,B,1,805050205020,20201101,4,171
4645,3,B,1,805050205020,20201101,4,172
4646,4,B,0,805050205020,20201101,4,173
4647,3,B,1,805050205020,20201101,4,174
4648,4,B,0,805050205020,20201101,4,175
4649,3,B,1,805050205020,20201101,4,176
4650,4,B,0,805050205020,20201101,4,177
4651,3,B,0,805050205020,20201101,4,178
4652,4,B,0,805050205020,20201101,4,179
4653,6,C,1,508020202080,20201101,5,0
4654,5,C,0,508020202080,20201101,5,1
4655,6,C,0,508020202080,20201101,5,2
4656,5,C,0,508020202080,20201101,5,3
4657,4,B,0,508020202080,20201101,5,4
4658,3,B,0,508020202080,20201101,5,5
4659,4,B,0,508020202080,20201101,5,6
4660,3,B,0,508020202080,20201101,5,7
4661,2,A,1,508020202080,20201101,5,8
4662,1,A,1,508020202080,20201101,5,9
4663,2,A,1,508020202080,20201101,5,10
4664,1,A,0,508020202080,20201101,5,11
4665,2,A,1,508020202080,20201101,5,12
4666,1,A,0,508020202080,20201101,5,13
4667,2,A,1,508020202080,20201101,5,14
4668,1,A,0,508020202080,20201101,5,15
4669,2,A,1,508020202080,20201101,5,16
4670,4,B,0,508020202080,20201101,5,17
4671,3,B,0,508020202080,20201101,5,18
4672,4,B,1,508020202080,20201101,5,19
4673,3,B,1,508020202080,20201101,5,20
4674,4,B,0,508020202080,20201101,5,21
4675,3,B,0,508020202080,20201101,5,22
4676,4,B,0,508020202080,20201101,5,23
4677,2,A,0,508020202080,20201101,5,24
4678,1,A,0,508020202080,20201101,5,25
4679,2,A,1,508020202080,20201101,5,26
4680,4,B,0,508020202080,20201101,5,27
4681,3,B,0,508020202080,20201101,5,28
4682,4,B,1,508020202080,20201101,5,29
4683,3,B,0,508020202080,20201101,5,30
4684,4,B,0,508020202080,20201101,5,31
4685,6,C,1,508020202080,20201101,5,32
4686,5,C,0,508020202080,20201101,5,33
4687,6,C,1,508020202080,20201101,5,34
4688,5,C,0,508020202080,20201101,5,35
4689,6,C,1,508020202080,20201101,5,36
4690,5,C,0,508020202080,20201101,5,37
4691,6,C,0,508020202080,20201101,5,38
4692,5,C,1,508020202080,20201101,5,39
4693,6,C,1,508020202080,20201101,5,40
4694,5,C,1,508020202080,20201101,5,41
4695,6,C,1,508020202080,20201101,5,42
4696,5,C,1,508020202080,20201101,5,43
4697,6,C,1,508020202080,20201101,5,44
4698,5,C,0,508020202080,20201101,5,45
4699,6,C,0,508020202080,20201101,5,46
4700,5,C,0,508020202080,20201101,5,47
4701,6,C,1,508020202080,20201101,5,48
4702,5,C,0,508020202080,20201101,5,49
4703,6,C,1,508020202080,20201101,5,50
4704,5,C,0,508020202080,20201101,5,51
4705,6,C,1,508020202080,20201101,5,52
4706,4,B,0,508020202080,20201101,5,53
4707,3,B,0,508020202080,20201101,5,54
4708,4,B,1,508020202080,20201101,5,55
4709,3,B,0,508020202080,20201101,5,56
4710,4,B,0,508020202080,20201101,5,57
4711,3,B,0,508020202080,20201101,5,58
4712,4,B,0,508020202080,20201101,5,59
4713,2,A,1,202050208050,20201101,5,60
4714,1,A,1,202050208050,20201101,5,61
4715,2,A,0,202050208050,20201101,5,62
4716,1,A,0,202050208050,20201101,5,63
4717,2,A,0,202050208050,20201101,5,64
4718,1,A,0,202050208050,20201101,5,65
4719,2,A,1,202050208050,20201101,5,66
4720,1,A,0,202050208050,20201101,5,67
4721,2,A,0,202050208050,20201101,5,68
4722,1,A,1,202050208050,20201101,5,69
4723,2,A,0,202050208050,20201101,5,70
4724,1,A,1,202050208050,20201101,5,71
4725,2,A,0,202050208050,20201101,5,72
4726,4,B,0,202050208050,20201101,5,73
4727,3,B,1,202050208050,20201101,5,74
4728,4,B,0,202050208050,20201101,5,75
4729,3,B,1,202050208050,20201101,5,76
4730,4,B,1,202050208050,20201101,5,77
4731,3,B,0,202050208050,20201101,5,78
4732,4,B,0,202050208050,20201101,5,79
4733,3,B,0,202050208050,20201101,5,80
4734,4,B,0,202050208050,20201101,5,81
4735,3,B,0,202050208050,20201101,5,82
4736,4,B,0,202050208050,20201101,5,83
4737,3,B,1,202050208050,20201101,5,84
4738,4,B,1,202050208050,20201101,5,85
4739,3,B,1,202050208050,20201101,5,86
4740,4,B,0,202050208050,20201101,5,87
4741,3,B,0,202050208050,20201101,5,88
4742,4,B,1,202050208050,20201101,5,89
4743,3,B,0,202050208050,20201101,5,90
4744,4,B,1,202050208050,20201101,5,91
4745,3,B,1,202050208050,20201101,5,92
4746,4,B,1,202050208050,20201101,5,93
4747,3,B,1,202050208050,20201101,5,94
4748,4,B,0,202050208050,20201101,5,95
4749,3,B,1,202050208050,20201101,5,96
4750,4,B,0,202050208050,20201101,5,97
4751,3,B,0,202050208050,20201101,5,98
4752,4,B,0,202050208050,20201101,5,99
4753,3,B,0,202050208050,20201101,5,100
4754,4,B,0,202050208050,20201101,5,101
4755,6,C,0,202050208050,20201101,5,102
4756,5,C,0,202050208050,20201101,5,103
4757,6,C,1,202050208050,20201101,5,104
4758,5,C,0,202050208050,20201101,5,105
4759,6,C,0,202050208050,20201101,5,106
4760,5,C,1,202050208050,20201101,5,107
4761,6,C,1,202050208050,20201101,5,108
4762,5,C,1,202050208050,20201101,5,109
4763,6,C,0,202050208050,20201101,5,110
4764,5,C,1,202050208050,20201101,5,111
4765,6,C,0,202050208050,20201101,5,112
4766,5,C,1,202050208050,20201101,5,113
4767,6,C,1,202050208050,20201101,5,114
4768,5,C,0,202050208050,20201101,5,115
4769,6,C,1,202050208050,20201101,5,116
4770,5,C,1,202050208050,20201101,5,117
4771,6,C,0,202050208050,20201101,5,118
4772,5,C,1,202050208050,20201101,5,119
4773,6,C,0,802050802020,20201101,5,120
4774,5,C,0,802050802020,20201101,5,121
4775,6,C,0,802050802020,20201101,5,122
4776,5,C,0,802050802020,20201101,5,123
4777,6,C,0,802050802020,20201101,5,124
4778,5,C,1,802050802020,20201101,5,125
4779,4,B,1,802050802020,20201101,5,126
4780,3,B,1,802050802020,20201101,5,127
4781,4,B,1,802050802020,20201101,5,128
4782,3,B,1,802050802020,20201101,5,129
4783,4,B,0,802050802020,20201101,5,130
4784,3,B,0,802050802020,20201101,5,131
4785,4,B,1,802050802020,20201101,5,132
4786,3,B,0,802050802020,20201101,5,133
4787,4,B,1,802050802020,20201101,5,134
4788,3,B,1,802050802020,20201101,5,135
4789,4,B,0,802050802020,20201101,5,136
4790,3,B,0,802050802020,20201101,5,137
4791,4,B,0,802050802020,20201101,5,138
4792,3,B,1,802050802020,20201101,5,139
4793,4,B,0,802050802020,20201101,5,140
4794,3,B,0,802050802020,20201101,5,141
4795,4,B,1,802050802020,20201101,5,142
4796,3,B,0,802050802020,20201101,5,143
4797,4,B,1,802050802020,20201101,5,144
4798,3,B,1,802050802020,20201101,5,145
4799,4,B,1,802050802020,20201101,5,146
4800,3,B,1,802050802020,20201101,5,147
4801,4,B,1,802050802020,20201101,5,148
4802,3,B,1,802050802020,20201101,5,149
4803,4,B,1,802050802020,20201101,5,150
4804,3,B,1,802050802020,20201101,5,151
4805,4,B,1,802050802020,20201101,5,152
4806,3,B,0,802050802020,20201101,5,153
4807,4,B,1,802050802020,20201101,5,154
4808,3,B,1,802050802020,20201101,5,155
4809,4,B,0,802050802020,20201101,5,156
4810,3,B,0,802050802020,20201101,5,157
4811,4,B,1,802050802020,20201101,5,158
4812,3,B,0,802050802020,20201101,5,159
4813,4,B,1,802050802020,20201101,5,160
4814,3,B,1,802050802020,20201101,5,161
4815,4,B,1,802050802020,20201101,5,162
4816,3,B,0,802050802020,20201101,5,163
4817,4,B,1,802050802020,20201101,5,164
4818,3,B,0,802050802020,20201101,5,165
4819,4,B,1,802050802020,20201101,5,166
4820,3,B,0,802050802020,20201101,5,167
4821,4,B,1,802050802020,20201101,5,168
4822,3,B,0,802050802020,20201101,5,169
4823,4,B,1,802050802020,20201101,5,170
4824,3,B,0,802050802020,20201101,5,171
4825,4,B,1,802050802020,20201101,5,172
4826,3,B,0,802050802020,20201101,5,173
4827,4,B,0,802050802020,20201101,5,174
4828,3,B,0,802050802020,20201101,5,175
4829,4,B,1,802050802020,20201101,5,176
4830,3,B,1,802050802020,20201101,5,177
4831,4,B,1,802050802020,20201101,5,178
4832,3,B,0,802050802020,20201101,5,179
4833,4,B,0,805020205020,20201101,6,0
4834,3,B,1,805020205020,20201101,6,1
4835,4,B,0,805020205020,20201101,6,2
4836,2,A,0,805020205020,20201101,6,3
4837,1,A,1,805020205020,20201101,6,4
4838,2,A,1,805020205020,20201101,6,5
4839,1,A,1,805020205020,20201101,6,6
4840,2,A,1,805020205020,20201101,6,7
4841,1,A,1,805020205020,20201101,6,8
4842,2,A,1,805020205020,20201101,6,9
4843,1,A,1,805020205020,20201101,6,10
4844,2,A,0,805020205020,20201101,6,11
4845,1,A,1,805020205020,20201101,6,12
4846,2,A,0,805020205020,20201101,6,13
4847,1,A,0,805020205020,20201101,6,14
4848,2,A,0,805020205020,20201101,6,15
4849,5,C,1,805020205020,20201101,6,16
4850,6,C,1,805020205020,20201101,6,17
4851,5,C,0,805020205020,20201101,6,18
4852,6,C,0,805020205020,20201101,6,19
4853,5,C,0,805020205020,20201101,6,20
4854,6,C,0,805020205020,20201101,6,21
4855,5,C,1,805020205020,20201101,6,22
4856,6,C,0,805020205020,20201101,6,23
4857,5,C,0,805020205020,20201101,6,24
4858,4,B,1,805020205020,20201101,6,25
4859,3,B,0,805020205020,20201101,6,26
4860,4,B,0,805020205020,20201101,6,27
4861,3,B,0,805020205020,20201101,6,28
4862,4,B,1,805020205020,20201101,6,29
4863,3,B,0,805020205020,20201101,6,30
4864,4,B,0,805020205020,20201101,6,31
4865,3,B,0,805020205020,20201101,6,32
4866,4,B,0,805020205020,20201101,6,33
4867,2,A,1,805020205020,20201101,6,34
4868,1,A,1,805020205020,20201101,6,35
4869,2,A,0,805020205020,20201101,6,36
4870,1,A,1,805020205020,20201101,6,37
4871,2,A,0,805020205020,20201101,6,38
4872,1,A,1,805020205020,20201101,6,39
4873,2,A,1,805020205020,20201101,6,40
4874,1,A,1,805020205020,20201101,6,41
4875,2,A,0,805020205020,20201101,6,42
4876,1,A,1,805020205020,20201101,6,43
4877,2,A,0,805020205020,20201101,6,44
4878,1,A,1,805020205020,20201101,6,45
4879,2,A,0,805020205020,20201101,6,46
4880,1,A,1,805020205020,20201101,6,47
4881,2,A,1,805020205020,20201101,6,48
4882,1,A,1,805020205020,20201101,6,49
4883,2,A,0,805020205020,20201101,6,50
4884,1,A,1,805020205020,20201101,6,51
4885,2,A,0,805020205020,20201101,6,52
4886,1,A,0,805020205020,20201101,6,53
4887,2,A,1,805020205020,20201101,6,54
4888,1,A,1,805020205020,20201101,6,55
4889,2,A,1,805020205020,20201101,6,56
4890,1,A,1,805020205020,20201101,6,57
4891,2,A,1,805020205020,20201101,6,58
4892,1,A,1,805020205020,20201101,6,59
4893,2,A,0,202020508020,20201101,6,60
4894,1,A,1,202020508020,20201101,6,61
4895,2,A,1,202020508020,20201101,6,62
4896,1,A,0,202020508020,20201101,6,63
4897,2,A,0,202020508020,20201101,6,64
4898,1,A,0,202020508020,20201101,6,65
4899,2,A,0,202020508020,20201101,6,66
4900,4,B,1,202020508020,20201101,6,67
4901,3,B,0,202020508020,20201101,6,68
4902,4,B,1,202020508020,20201101,6,69
4903,3,B,1,202020508020,20201101,6,70
4904,4,B,0,202020508020,20201101,6,71
4905,3,B,0,202020508020,20201101,6,72
4906,4,B,0,202020508020,20201101,6,73
4907,2,A,0,202020508020,20201101,6,74
4908,1,A,1,202020508020,20201101,6,75
4909,2,A,1,202020508020,20201101,6,76
4910,1,A,1,202020508020,20201101,6,77
4911,2,A,0,202020508020,20201101,6,78
4912,1,A,1,202020508020,20201101,6,79
4913,2,A,0,202020508020,20201101,6,80
4914,1,A,0,202020508020,20201101,6,81
4915,2,A,0,202020508020,20201101,6,82
4916,1,A,1,202020508020,20201101,6,83
4917,2,A,1,202020508020,20201101,6,84
4918,1,A,1,202020508020,20201101,6,85
4919,2,A,0,202020508020,20201101,6,86
4920,1,A,0,202020508020,20201101,6,87
4921,2,A,0,202020508020,20201101,6,88
4922,1,A,0,202020508020,20201101,6,89
4923,2,A,0,202020508020,20201101,6,90
4924,4,B,0,202020508020,20201101,6,91
4925,3,B,0,202020508020,20201101,6,92
4926,4,B,1,202020508020,20201101,6,93
4927,3,B,0,202020508020,20201101,6,94
4928,4,B,0,202020508020,20201101,6,95
4929,6,C,0,202020508020,20201101,6,96
4930,5,C,1,202020508020,20201101,6,97
4931,6,C,0,202020508020,20201101,6,98
4932,5,C,1,202020508020,20201101,6,99
4933,6,C,0,202020508020,20201101,6,100
4934,5,C,1,202020508020,20201101,6,101
4935,6,C,0,202020508020,20201101,6,102
4936,5,C,1,202020508020,20201101,6,103
4937,6,C,0,202020508020,20201101,6,104
4938,5,C,1,202020508020,20201101,6,105
4939,6,C,0,202020508020,20201101,6,106
4940,5,C,0,202020508020,20201101,6,107
4941,6,C,0,202020508020,20201101,6,108
4942,5,C,1,202020508020,20201101,6,109
4943,6,C,0,202020508020,20201101,6,110
4944,5,C,1,202020508020,20201101,6,111
4945,6,C,0,202020508020,20201101,6,112
4946,5,C,1,202020508020,20201101,6,113
4947,6,C,0,202020508020,20201101,6,114
4948,5,C,0,202020508020,20201101,6,115
4949,6,C,0,202020508020,20201101,6,116
4950,5,C,1,202020508020,20201101,6,117
4951,6,C,0,202020508020,20201101,6,118
4952,5,C,1,202020508020,20201101,6,119
4953,6,C,1,502020202020,20201101,6,120
4954,5,C,0,502020202020,20201101,6,121
4955,6,C,0,502020202020,20201101,6,122
4956,5,C,0,502020202020,20201101,6,123
4957,6,C,0,502020202020,20201101,6,124
4958,5,C,0,502020202020,20201101,6,125
4959,4,B,0,502020202020,20201101,6,126
4960,3,B,0,502020202020,20201101,6,127
4961,4,B,0,502020202020,20201101,6,128
4962,3,B,0,502020202020,20201101,6,129
4963,4,B,1,502020202020,20201101,6,130
4964,3,B,1,502020202020,20201101,6,131
4965,4,B,0,502020202020,20201101,6,132
4966,3,B,0,502020202020,20201101,6,133
4967,4,B,0,502020202020,20201101,6,134
4968,3,B,1,502020202020,20201101,6,135
4969,4,B,1,502020202020,20201101,6,136
4970,3,B,0,502020202020,20201101,6,137
4971,4,B,0,502020202020,20201101,6,138
4972,3,B,0,502020202020,20201101,6,139
4973,4,B,1,502020202020,20201101,6,140
4974,3,B,1,502020202020,20201101,6,141
4975,4,B,0,502020202020,20201101,6,142
4976,3,B,1,502020202020,20201101,6,143
4977,4,B,0,502020202020,20201101,6,144
4978,3,B,0,502020202020,20201101,6,145
4979,4,B,0,502020202020,20201101,6,146
4980,3,B,1,502020202020,20201101,6,147
4981,4,B,1,502020202020,20201101,6,148
4982,3,B,0,502020202020,20201101,6,149
4983,4,B,0,502020202020,20201101,6,150
4984,3,B,0,502020202020,20201101,6,151
4985,4,B,1,502020202020,20201101,6,152
4986,3,B,0,502020202020,20201101,6,153
4987,4,B,0,502020202020,20201101,6,154
4988,3,B,1,502020202020,20201101,6,155
4989,4,B,1,502020202020,20201101,6,156
4990,3,B,1,502020202020,20201101,6,157
4991,4,B,0,502020202020,20201101,6,158
4992,3,B,0,502020202020,20201101,6,159
4993,4,B,0,502020202020,20201101,6,160
4994,2,A,0,502020202020,20201101,6,161
4995,1,A,1,502020202020,20201101,6,162
4996,2,A,1,502020202020,20201101,6,163
4997,1,A,1,502020202020,20201101,6,164
4998,2,A,0,502020202020,20201101,6,165
4999,1,A,0,502020202020,20201101,6,166
5000,2,A,1,502020202020,20201101,6,167
5001,1,A,1,502020202020,20201101,6,168
5002,2,A,0,502020202020,20201101,6,169
5003,1,A,1,502020202020,20201101,6,170
5004,2,A,0,502020202020,20201101,6,171
5005,1,A,0,502020202020,20201101,6,172
5006,2,A,0,502020202020,20201101,6,173
5007,1,A,1,502020202020,20201101,6,174
5008,2,A,0,502020202020,20201101,6,175
5009,1,A,0,502020202020,20201101,6,176
5010,2,A,0,502020202020,20201101,6,177
5011,1,A,0,502020202020,20201101,6,178
5012,2,A,1,502020202020,20201101,6,179
5013,4,B,0,205020205080,20201101,7,0
5014,3,B,1,205020205080,20201101,7,1
5015,4,B,0,205020205080,20201101,7,2
5016,2,A,1,205020205080,20201101,7,3
5017,1,A,0,205020205080,20201101,7,4
5018,2,A,0,205020205080,20201101,7,5
5019,5,C,0,205020205080,20201101,7,6
5020,6,C,0,205020205080,20201101,7,7
5021,5,C,1,205020205080,20201101,7,8
5022,6,C,1,205020205080,20201101,7,9
5023,5,C,1,205020205080,20201101,7,10
5024,6,C,1,205020205080,20201101,7,11
5025,5,C,1,205020205080,20201101,7,12
5026,6,C,1,205020205080,20201101,7,13
5027,5,C,0,205020205080,20201101,7,14
5028,6,C,1,205020205080,20201101,7,15
5029,5,C,1,205020205080,20201101,7,16
5030,6,C,1,205020205080,20201101,7,17
5031,5,C,1,205020205080,20201101,7,18
5032,6,C,1,205020205080,20201101,7,19
5033,5,C,0,205020205080,20201101,7,20
5034,6,C,1,205020205080,20201101,7,21
5035,5,C,0,205020205080,20201101,7,22
5036,6,C,1,205020205080,20201101,7,23
5037,5,C,0,205020205080,20201101,7,24
5038,6,C,1,205020205080,20201101,7,25
5039,5,C,0,205020205080,20201101,7,26
5040,6,C,1,205020205080,20201101,7,27
5041,5,C,1,205020205080,20201101,7,28
5042,6,C,1,205020205080,20201101,7,29
5043,5,C,0,205020205080,20201101,7,30
5044,6,C,0,205020205080,20201101,7,31
5045,5,C,1,205020205080,20201101,7,32
5046,4,B,0,205020205080,20201101,7,33
5047,3,B,0,205020205080,20201101,7,34
5048,4,B,1,205020205080,20201101,7,35
5049,3,B,0,205020205080,20201101,7,36
5050,4,B,0,205020205080,20201101,7,37
5051,3,B,0,205020205080,20201101,7,38
5052,4,B,0,205020205080,20201101,7,39
5053,2,A,0,205020205080,20201101,7,40
5054,1,A,0,205020205080,20201101,7,41
5055,2,A,1,205020205080,20201101,7,42
5056,1,A,0,205020205080,20201101,7,43
5057,2,A,1,205020205080,20201101,7,44
5058,1,A,0,205020205080,20201101,7,45
5059,2,A,0,205020205080,20201101,7,46
5060,1,A,0,205020205080,20201101,7,47
5061,2,A,0,205020205080,20201101,7,48
5062,4,B,0,205020205080,20201101,7,49
5063,3,B,0,205020205080,20201101,7,50
5064,4,B,1,205020205080,20201101,7,51
5065,3,B,0,205020205080,20201101,7,52
5066,4,B,0,205020205080,20201101,7,53
5067,6,C,1,205020205080,20201101,7,54
5068,5,C,0,205020205080,20201101,7,55
5069,6,C,0,205020205080,20201101,7,56
5070,5,C,0,205020205080,20201101,7,57
5071,6,C,1,205020205080,20201101,7,58
5072,5,C,0,205020205080,20201101,7,59
5073,6,C,0,205050502020,20201101,7,60
5074,5,C,0,205050502020,20201101,7,61
5075,6,C,0,205050502020,20201101,7,62
5076,5,C,0,205050502020,20201101,7,63
5077,6,C,0,205050502020,20201101,7,64
5078,5,C,0,205050502020,20201101,7,65
5079,2,A,1,205050502020,20201101,7,66
5080,1,A,0,205050502020,20201101,7,67
5081,2,A,0,205050502020,20201101,7,68
5082,1,A,1,205050502020,20201101,7,69
5083,2,A,0,205050502020,20201101,7,70
5084,1,A,0,205050502020,20201101,7,71
5085,2,A,0,205050502020,20201101,7,72
5086,4,B,0,205050502020,20201101,7,73
5087,3,B,1,205050502020,20201101,7,74
5088,4,B,0,205050502020,20201101,7,75
5089,3,B,1,205050502020,20201101,7,76
5090,4,B,0,205050502020,20201101,7,77
5091,3,B,1,205050502020,20201101,7,78
5092,4,B,1,205050502020,20201101,7,79
5093,3,B,1,205050502020,20201101,7,80
5094,4,B,0,205050502020,20201101,7,81
5095,3,B,1,205050502020,20201101,7,82
5096,4,B,0,205050502020,20201101,7,83
5097,3,B,0,205050502020,20201101,7,84
5098,4,B,0,205050502020,20201101,7,85
5099,3,B,0,205050502020,20201101,7,86
5100,4,B,1,205050502020,20201101,7,87
5101,3,B,1,205050502020,20201101,7,88
5102,4,B,1,205050502020,20201101,7,89
5103,3,B,1,205050502020,20201101,7,90
5104,4,B,1,205050502020,20201101,7,91
5105,3,B,0,205050502020,20201101,7,92
5106,4,B,1,205050502020,20201101,7,93
5107,3,B,1,205050502020,20201101,7,94
5108,4,B,1,205050502020,20201101,7,95
5109,3,B,0,205050502020,20201101,7,96
5110,4,B,1,205050502020,20201101,7,97
5111,3,B,0,205050502020,20201101,7,98
5112,4,B,1,205050502020,20201101,7,99
5113,3,B,1,205050502020,20201101,7,100
5114,4,B,1,205050502020,20201101,7,101
5115,3,B,0,205050502020,20201101,7,102
5116,4,B,0,205050502020,20201101,7,103
5117,3,B,0,205050502020,20201101,7,104
5118,4,B,1,205050502020,20201101,7,105
5119,3,B,0,205050502020,20201101,7,106
5120,4,B,1,205050502020,20201101,7,107
5121,3,B,1,205050502020,20201101,7,108
5122,4,B,1,205050502020,20201101,7,109
5123,3,B,1,205050502020,20201101,7,110
5124,4,B,0,205050502020,20201101,7,111
5125,3,B,0,205050502020,20201101,7,112
5126,4,B,1,205050502020,20201101,7,113
5127,3,B,0,205050502020,20201101,7,114
5128,4,B,1,205050502020,20201101,7,115
5129,3,B,0,205050502020,20201101,7,116
5130,4,B,1,205050502020,20201101,7,117
5131,3,B,0,205050502020,20201101,7,118
5132,4,B,0,205050502020,20201101,7,119
5133,3,B,0,802020205080,20201101,7,120
5134,4,B,0,802020205080,20201101,7,121
5135,3,B,0,802020205080,20201101,7,122
5136,4,B,1,802020205080,20201101,7,123
5137,3,B,0,802020205080,20201101,7,124
5138,4,B,0,802020205080,20201101,7,125
5139,3,B,0,802020205080,20201101,7,126
5140,4,B,0,802020205080,20201101,7,127
5141,2,A,0,802020205080,20201101,7,128
5142,1,A,1,802020205080,20201101,7,129
5143,2,A,0,802020205080,20201101,7,130
5144,1,A,1,802020205080,20201101,7,131
5145,2,A,0,802020205080,20201101,7,132
5146,1,A,1,802020205080,20201101,7,133
5147,2,A,0,802020205080,20201101,7,134
5148,1,A,1,802020205080,20201101,7,135
5149,2,A,1,802020205080,20201101,7,136
5150,1,A,0,802020205080,20201101,7,137
5151,2,A,1,802020205080,20201101,7,138
5152,1,A,1,802020205080,20201101,7,139
5153,2,A,0,802020205080,20201101,7,140
5154,1,A,0,802020205080,20201101,7,141
5155,2,A,0,802020205080,20201101,7,142
5156,1,A,1,802020205080,20201101,7,143
5157,2,A,0,802020205080,20201101,7,144
5158,1,A,1,802020205080,20201101,7,145
5159,2,A,0,802020205080,20201101,7,146
5160,1,A,1,802020205080,20201101,7,147
5161,2,A,0,802020205080,20201101,7,148
5162,1,A,1,802020205080,20201101,7,149
5163,2,A,0,802020205080,20201101,7,150
5164,1,A,1,802020205080,20201101,7,151
5165,2,A,0,802020205080,20201101,7,152
5166,1,A,1,802020205080,20201101,7,153
5167,2,A,0,802020205080,20201101,7,154
5168,1,A,0,802020205080,20201101,7,155
5169,2,A,1,802020205080,20201101,7,156
5170,1,A,1,802020205080,20201101,7,157
5171,2,A,0,802020205080,20201101,7,158
5172,1,A,1,802020205080,20201101,7,159
5173,2,A,0,802020205080,20201101,7,160
5174,1,A,1,802020205080,20201101,7,161
5175,2,A,0,802020205080,20201101,7,162
5176,1,A,1,802020205080,20201101,7,163
5177,2,A,0,802020205080,20201101,7,164
5178,1,A,1,802020205080,20201101,7,165
5179,2,A,0,802020205080,20201101,7,166
5180,1,A,1,802020205080,20201101,7,167
5181,2,A,0,802020205080,20201101,7,168
5182,1,A,1,802020205080,20201101,7,169
5183,2,A,0,802020205080,20201101,7,170
5184,1,A,1,802020205080,20201101,7,171
5185,2,A,0,802020205080,20201101,7,172
5186,1,A,1,802020205080,20201101,7,173
5187,2,A,0,802020205080,20201101,7,174
5188,1,A,0,802020205080,20201101,7,175
5189,2,A,1,802020205080,20201101,7,176
5190,1,A,1,802020205080,20201101,7,177
5191,2,A,1,802020205080,20201101,7,178
5192,1,A,1,802020205080,20201101,7,179
5193,4,B,1,205080508020,20201101,8,0
5194,3,B,0,205080508020,20201101,8,1
5195,4,B,0,205080508020,20201101,8,2
5196,2,A,0,205080508020,20201101,8,3
5197,1,A,0,205080508020,20201101,8,4
5198,2,A,1,205080508020,20201101,8,5
5199,1,A,0,205080508020,20201101,8,6
5200,2,A,1,205080508020,20201101,8,7
5201,1,A,0,205080508020,20201101,8,8
5202,2,A,1,205080508020,20201101,8,9
5203,1,A,0,205080508020,20201101,8,10
5204,2,A,0,205080508020,20201101,8,11
5205,5,C,0,205080508020,20201101,8,12
5206,6,C,0,205080508020,20201101,8,13
5207,5,C,0,205080508020,20201101,8,14
5208,6,C,0,205080508020,20201101,8,15
5209,5,C,1,205080508020,20201101,8,16
5210,6,C,0,205080508020,20201101,8,17
5211,5,C,0,205080508020,20201101,8,18
5212,4,B,0,205080508020,20201101,8,19
5213,3,B,0,205080508020,20201101,8,20
5214,4,B,0,205080508020,20201101,8,21
5215,3,B,1,205080508020,20201101,8,22
5216,4,B,0,205080508020,20201101,8,23
5217,3,B,1,205080508020,20201101,8,24
5218,4,B,0,205080508020,20201101,8,25
5219,3,B,1,205080508020,20201101,8,26
5220,4,B,1,205080508020,20201101,8,27
5221,3,B,0,205080508020,20201101,8,28
5222,4,B,1,205080508020,20201101,8,29
5223,3,B,1,205080508020,20201101,8,30
5224,4,B,1,205080508020,20201101,8,31
5225,3,B,1,205080508020,20201101,8,32
5226,4,B,0,205080508020,20201101,8,33
5227,3,B,1,205080508020,20201101,8,34
5228,4,B,0,205080508020,20201101,8,35
5229,3,B,1,205080508020,20201101,8,36
5230,4,B,1,205080508020,20201101,8,37
5231,3,B,1,205080508020,20201101,8,38
5232,4,B,0,205080508020,20201101,8,39
5233,3,B,0,205080508020,20201101,8,40
5234,4,B,0,205080508020,20201101,8,41
5235,3,B,0,205080508020,20201101,8,42
5236,4,B,1,205080508020,20201101,8,43
5237,3,B,1,205080508020,20201101,8,44
5238,4,B,0,205080508020,20201101,8,45
5239,3,B,1,205080508020,20201101,8,46
5240,4,B,1,205080508020,20201101,8,47
5241,3,B,1,205080508020,20201101,8,48
5242,4,B,1,205080508020,20201101,8,49
5243,3,B,0,205080508020,20201101,8,50
5244,4,B,0,205080508020,20201101,8,51
5245,3,B,1,205080508020,20201101,8,52
5246,4,B,1,205080508020,20201101,8,53
5247,3,B,0,205080508020,20201101,8,54
5248,4,B,1,205080508020,20201101,8,55
5249,3,B,0,205080508020,20201101,8,56
5250,4,B,1,205080508020,20201101,8,57
5251,3,B,1,205080508020,20201101,8,58
5252,4,B,1,205080508020,20201101,8,59
5253,3,B,0,502020505080,20201101,8,60
5254,4,B,0,502020505080,20201101,8,61
5255,3,B,0,502020505080,20201101,8,62
5256,4,B,1,502020505080,20201101,8,63
5257,3,B,0,502020505080,20201101,8,64
5258,4,B,1,502020505080,20201101,8,65
5259,3,B,0,502020505080,20201101,8,66
5260,4,B,0,502020505080,20201101,8,67
5261,3,B,0,502020505080,20201101,8,68
5262,4,B,0,502020505080,20201101,8,69
5263,3,B,0,502020505080,20201101,8,70
5264,4,B,0,502020505080,20201101,8,71
5265,2,A,1,502020505080,20201101,8,72
5266,1,A,1,502020505080,20201101,8,73
5267,2,A,0,502020505080,20201101,8,74
5268,1,A,1,502020505080,20201101,8,75
5269,2,A,1,502020505080,20201101,8,76
5270,1,A,1,502020505080,20201101,8,77
5271,2,A,0,502020505080,20201101,8,78
5272,1,A,1,502020505080,20201101,8,79
5273,2,A,0,502020505080,20201101,8,80
5274,1,A,0,502020505080,20201101,8,81
5275,2,A,0,502020505080,20201101,8,82
5276,1,A,0,502020505080,20201101,8,83
5277,2,A,0,502020505080,20201101,8,84
5278,1,A,1,502020505080,20201101,8,85
5279,2,A,1,502020505080,20201101,8,86
5280,1,A,1,502020505080,20201101,8,87
5281,2,A,0,502020505080,20201101,8,88
5282,1,A,0,502020505080,20201101,8,89
5283,2,A,0,502020505080,20201101,8,90
5284,1,A,1,502020505080,20201101,8,91
5285,2,A,0,502020505080,20201101,8,92
5286,1,A,0,502020505080,20201101,8,93
5287,4,B,1,502020505080,20201101,8,94
5288,3,B,0,502020505080,20201101,8,95
5289,4,B,0,502020505080,20201101,8,96
5290,3,B,0,502020505080,20201101,8,97
5291,4,B,0,502020505080,20201101,8,98
5292,3,B,1,502020505080,20201101,8,99
5293,4,B,1,502020505080,20201101,8,100
5294,3,B,0,502020505080,20201101,8,101
5295,4,B,0,502020505080,20201101,8,102
5296,3,B,1,502020505080,20201101,8,103
5297,4,B,0,502020505080,20201101,8,104
5298,3,B,0,502020505080,20201101,8,105
5299,4,B,1,502020505080,20201101,8,106
5300,3,B,0,502020505080,20201101,8,107
5301,4,B,0,502020505080,20201101,8,108
5302,3,B,0,502020505080,20201101,8,109
5303,4,B,0,502020505080,20201101,8,110
5304,3,B,0,502020505080,20201101,8,111
5305,4,B,0,502020505080,20201101,8,112
5306,2,A,1,502020505080,20201101,8,113
5307,1,A,1,502020505080,20201101,8,114
5308,2,A,1,502020505080,20201101,8,115
5309,1,A,0,502020505080,20201101,8,116
5310,2,A,0,502020505080,20201101,8,117
5311,1,A,1,502020505080,20201101,8,118
5312,2,A,0,502020505080,20201101,8,119
5313,1,A,1,205080202020,20201101,8,120
5314,2,A,1,205080202020,20201101,8,121
5315,1,A,0,205080202020,20201101,8,122
5316,2,A,0,205080202020,20201101,8,123
5317,1,A,1,205080202020,20201101,8,124
5318,2,A,0,205080202020,20201101,8,125
5319,1,A,1,205080202020,20201101,8,126
5320,2,A,0,205080202020,20201101,8,127
5321,1,A,0,205080202020,20201101,8,128
5322,2,A,0,205080202020,20201101,8,129
5323,1,A,1,205080202020,20201101,8,130
5324,2,A,0,205080202020,20201101,8,131
5325,1,A,0,205080202020,20201101,8,132
5326,2,A,0,205080202020,20201101,8,133
5327,1,A,0,205080202020,20201101,8,134
5328,2,A,0,205080202020,20201101,8,135
5329,5,C,0,205080202020,20201101,8,136
5330,6,C,0,205080202020,20201101,8,137
5331,5,C,1,205080202020,20201101,8,138
5332,6,C,1,205080202020,20201101,8,139
5333,5,C,0,205080202020,20201101,8,140
5334,6,C,1,205080202020,20201101,8,141
5335,5,C,0,205080202020,20201101,8,142
5336,6,C,0,205080202020,20201101,8,143
5337,5,C,0,205080202020,20201101,8,144
5338,6,C,0,205080202020,20201101,8,145
5339,5,C,0,205080202020,20201101,8,146
5340,4,B,0,205080202020,20201101,8,147
5341,3,B,1,205080202020,20201101,8,148
5342,4,B,0,205080202020,20201101,8,149
5343,3,B,1,205080202020,20201101,8,150
5344,4,B,0,205080202020,20201101,8,151
5345,3,B,0,205080202020,20201101,8,152
5346,4,B,0,205080202020,20201101,8,153
5347,3,B,1,205080202020,20201101,8,154
5348,4,B,0,205080202020,20201101,8,155
5349,3,B,1,205080202020,20201101,8,156
5350,4,B,1,205080202020,20201101,8,157
5351,3,B,1,205080202020,20201101,8,158
5352,4,B,0,205080202020,20201101,8,159
5353,3,B,1,205080202020,20201101,8,160
5354,4,B,0,205080202020,20201101,8,161
5355,3,B,1,205080202020,20201101,8,162
5356,4,B,0,205080202020,20201101,8,163
5357,3,B,0,205080202020,20201101,8,164
5358,4,B,0,205080202020,20201101,8,165
5359,3,B,1,205080202020,20201101,8,166
5360,4,B,0,205080202020,20201101,8,167
5361,3,B,1,205080202020,20201101,8,168
5362,4,B,0,205080202020,20201101,8,169
5363,3,B,1,205080202020,20201101,8,170
5364,4,B,0,205080202020,20201101,8,171
5365,3,B,1,205080202020,20201101,8,172
5366,4,B,1,205080202020,20201101,8,173
5367,3,B,1,205080202020,20201101,8,174
5368,4,B,0,205080202020,20201101,8,175
5369,3,B,0,205080202020,20201101,8,176
5370,4,B,0,205080202020,20201101,8,177
5371,3,B,0,205080202020,20201101,8,178
5372,4,B,0,205080202020,20201101,8,179
5373,4,B,0,508020502080,20201102,1,0
5374,3,B,0,508020502080,20201102,1,1
5375,2,A,1,508020502080,20201102,1,2
5376,1,A,1,508020502080,20201102,1,3
5377,2,A,1,508020502080,20201102,1,4
5378,1,A,0,508020502080,20201102,1,5
5379,2,A,1,508020502080,20201102,1,6
5380,5,C,0,508020502080,20201102,1,7
5381,6,C,1,508020502080,20201102,1,8
5382,5,C,0,508020502080,20201102,1,9
5383,6,C,1,508020502080,20201102,1,10
5384,5,C,0,508020502080,20201102,1,11
5385,6,C,1,508020502080,20201102,1,12
5386,4,B,1,508020502080,20201102,1,13
5387,3,B,0,508020502080,20201102,1,14
5388,4,B,0,508020502080,20201102,1,15
5389,3,B,0,508020502080,20201102,1,16
5390,4,B,0,508020502080,20201102,1,17
5391,3,B,1,508020502080,20201102,1,18
5392,4,B,0,508020502080,20201102,1,19
5393,3,B,0,508020502080,20201102,1,20
5394,4,B,0,508020502080,20201102,1,21
5395,2,A,1,508020502080,20201102,1,22
5396,1,A,1,508020502080,20201102,1,23
5397,2,A,1,508020502080,20201102,1,24
5398,1,A,1,508020502080,20201102,1,25
5399,2,A,1,508020502080,20201102,1,26
5400,1,A,0,508020502080,20201102,1,27
5401,2,A,1,508020502080,20201102,1,28
5402,1,A,1,508020502080,20201102,1,29
5403,2,A,1,508020502080,20201102,1,30
5404,1,A,1,508020502080,20201102,1,31
5405,2,A,1,508020502080,20201102,1,32
5406,1,A,1,508020502080,20201102,1,33
5407,2,A,1,508020502080,20201102,1,34
5408,1,A,0,508020502080,20201102,1,35
5409,2,A,1,508020502080,20201102,1,36
5410,1,A,1,508020502080,20201102,1,37
5411,2,A,1,508020502080,20201102,1,38
5412,1,A,1,508020502080,20201102,1,39
5413,2,A,1,508020502080,20201102,1,40
5414,1,A,1,508020502080,20201102,1,41
5415,2,A,1,508020502080,20201102,1,42
5416,1,A,0,508020502080,20201102,1,43
5417,2,A,0,508020502080,20201102,1,44
5418,4,B,0,508020502080,20201102,1,45
5419,3,B,0,508020502080,20201102,1,46
5420,4,B,1,508020502080,20201102,1,47
5421,3,B,0,508020502080,20201102,1,48
5422,4,B,1,508020502080,20201102,1,49
5423,3,B,0,508020502080,20201102,1,50
5424,4,B,0,508020502080,20201102,1,51
5425,3,B,1,508020502080,20201102,1,52
5426,4,B,0,508020502080,20201102,1,53
5427,3,B,0,508020502080,20201102,1,54
5428,6,C,1,508020502080,20201102,1,55
5429,5,C,0,508020502080,20201102,1,56
5430,6,C,1,508020502080,20201102,1,57
5431,5,C,0,508020502080,20201102,1,58
5432,6,C,0,508020502080,20201102,1,59
5433,5,C,0,202080505020,20201102,1,60
5434,6,C,0,202080505020,20201102,1,61
5435,4,B,0,202080505020,20201102,1,62
5436,3,B,1,202080505020,20201102,1,63
5437,4,B,0,202080505020,20201102,1,64
5438,3,B,1,202080505020,20201102,1,65
5439,4,B,0,202080505020,20201102,1,66
5440,3,B,1,202080505020,20201102,1,67
5441,4,B,1,202080505020,20201102,1,68
5442,3,B,0,202080505020,20201102,1,69
5443,4,B,1,202080505020,20201102,1,70
5444,3,B,0,202080505020,20201102,1,71
5445,4,B,1,202080505020,20201102,1,72
5446,3,B,1,202080505020,20201102,1,73
5447,4,B,0,202080505020,20201102,1,74
5448,3,B,0,202080505020,20201102,1,75
5449,4,B,0,202080505020,20201102,1,76
5450,3,B,1,202080505020,20201102,1,77
5451,4,B,1,202080505020,20201102,1,78
5452,3,B,0,202080505020,20201102,1,79
5453,4,B,1,202080505020,20201102,1,80
5454,3,B,1,202080505020,20201102,1,81
5455,4,B,1,202080505020,20201102,1,82
5456,3,B,1,202080505020,20201102,1,83
5457,4,B,0,202080505020,20201102,1,84
5458,3,B,1,202080505020,20201102,1,85
5459,4,B,0,202080505020,20201102,1,86
5460,3,B,1,202080505020,20201102,1,87
5461,4,B,0,202080505020,20201102,1,88
5462,3,B,1,202080505020,20201102,1,89
5463,4,B,1,202080505020,20201102,1,90
5464,3,B,0,202080505020,20201102,1,91
5465,4,B,1,202080505020,20201102,1,92
5466,3,B,1,202080505020,20201102,1,93
5467,4,B,1,202080505020,20201102,1,94
5468,3,B,1,202080505020,20201102,1,95
5469,4,B,0,202080505020,20201102,1,96
5470,3,B,1,202080505020,20201102,1,97
5471,4,B,0,202080505020,20201102,1,98
5472,3,B,1,202080505020,20201102,1,99
5473,4,B,0,202080505020,20201102,1,100
5474,3,B,1,202080505020,20201102,1,101
5475,4,B,1,202080505020,20201102,1,102
5476,3,B,1,202080505020,20201102,1,103
5477,4,B,0,202080505020,20201102,1,104
5478,3,B,1,202080505020,20201102,1,105
5479,4,B,0,202080505020,20201102,1,106
5480,3,B,1,202080505020,20201102,1,107
5481,4,B,0,202080505020,20201102,1,108
5482,3,B,0,202080505020,20201102,1,109
5483,4,B,1,202080505020,20201102,1,110
5484,3,B,1,202080505020,20201102,1,111
5485,4,B,1,202080505020,20201102,1,112
5486,3,B,0,202080505020,20201102,1,113
5487,4,B,1,202080505020,20201102,1,114
5488,3,B,1,202080505020,20201102,1,115
5489,4,B,0,202080505020,20201102,1,116
5490,3,B,1,202080505020,20201102,1,117
5491,4,B,0,202080505020,20201102,1,118
5492,3,B,0,202080505020,20201102,1,119
5493,4,B,0,202050208050,20201102,1,120
5494,3,B,0,202050208050,20201102,1,121
5495,4,B,0,202050208050,20201102,1,122
5496,2,A,0,202050208050,20201102,1,123
5497,1,A,0,202050208050,20201102,1,124
5498,2,A,0,202050208050,20201102,1,125
5499,1,A,0,202050208050,20201102,1,126
5500,2,A,0,202050208050,20201102,1,127
5501,6,C,1,202050208050,20201102,1,128
5502,5,C,1,202050208050,20201102,1,129
5503,6,C,0,202050208050,20201102,1,130
5504,5,C,1,202050208050,20201102,1,131
5505,6,C,0,202050208050,20201102,1,132
5506,5,C,1,202050208050,20201102,1,133
5507,6,C,0,202050208050,20201102,1,134
5508,5,C,1,202050208050,20201102,1,135
5509,6,C,1,202050208050,20201102,1,136
5510,5,C,1,202050208050,20201102,1,137
5511,6,C,0,202050208050,20201102,1,138
5512,5,C,1,202050208050,20201102,1,139
5513,6,C,1,202050208050,20201102,1,140
5514,5,C,1,202050208050,20201102,1,141
5515,6,C,0,202050208050,20201102,1,142
5516,5,C,1,202050208050,20201102,1,143
5517,6,C,1,202050208050,20201102,1,144
5518,5,C,0,202050208050,20201102,1,145
5519,6,C,1,202050208050,20201102,1,146
5520,5,C,1,202050208050,20201102,1,147
5521,6,C,0,202050208050,20201102,1,148
5522,5,C,1,202050208050,20201102,1,149
5523,6,C,0,202050208050,20201102,1,150
5524,5,C,1,202050208050,20201102,1,151
5525,6,C,1,202050208050,20201102,1,152
5526,5,C,1,202050208050,20201102,1,153
5527,6,C,1,202050208050,20201102,1,154
5528,5,C,0,202050208050,20201102,1,155
5529,6,C,1,202050208050,20201102,1,156
5530,5,C,1,202050208050,20201102,1,157
5531,6,C,1,202050208050,20201102,1,158
5532,5,C,1,202050208050,20201102,1,159
5533,6,C,0,202050208050,20201102,1,160
5534,5,C,0,202050208050,20201102,1,161
5535,6,C,1,202050208050,20201102,1,162
5536,5,C,1,202050208050,20201102,1,163
5537,6,C,0,202050208050,20201102,1,164
5538,5,C,0,202050208050,20201102,1,165
5539,6,C,1,202050208050,20201102,1,166
5540,5,C,0,202050208050,20201102,1,167
5541,6,C,0,202050208050,20201102,1,168
5542,4,B,0,202050208050,20201102,1,169
5543,3,B,1,202050208050,20201102,1,170
5544,4,B,0,202050208050,20201102,1,171
5545,3,B,0,202050208050,20201102,1,172
5546,4,B,1,202050208050,20201102,1,173
5547,3,B,0,202050208050,20201102,1,174
5548,4,B,0,202050208050,20201102,1,175
5549,3,B,0,202050208050,20201102,1,176
5550,4,B,1,202050208050,20201102,1,177
5551,3,B,0,202050208050,20201102,1,178
5552,4,B,0,202050208050,20201102,1,179
5553,4,B,1,205080205080,20201102,2,0
5554,3,B,1,205080205080,20201102,2,1
5555,4,B,0,205080205080,20201102,2,2
5556,2,A,0,205080205080,20201102,2,3
5557,1,A,1,205080205080,20201102,2,4
5558,2,A,1,205080205080,20201102,2,5
5559,1,A,0,205080205080,20201102,2,6
5560,2,A,0,205080205080,20201102,2,7
5561,5,C,0,205080205080,20201102,2,8
5562,6,C,1,205080205080,20201102,2,9
5563,5,C,1,205080205080,20201102,2,10
5564,6,C,1,205080205080,20201102,2,11
5565,5,C,0,205080205080,20201102,2,12
5566,6,C,1,205080205080,20201102,2,13
5567,5,C,0,205080205080,20201102,2,14
5568,6,C,1,205080205080,20201102,2,15
5569,5,C,1,205080205080,20201102,2,16
5570,6,C,1,205080205080,20201102,2,17
5571,5,C,1,205080205080,20201102,2,18
5572,6,C,1,205080205080,20201102,2,19
5573,5,C,1,205080205080,20201102,2,20
5574,6,C,1,205080205080,20201102,2,21
5575,5,C,1,205080205080,20201102,2,22
5576,6,C,1,205080205080,20201102,2,23
5577,5,C,0,205080205080,20201102,2,24
5578,6,C,1,205080205080,20201102,2,25
5579,5,C,1,205080205080,20201102,2,26
5580,6,C,0,205080205080,20201102,2,27
5581,5,C,0,205080205080,20201102,2,28
5582,6,C,1,205080205080,20201102,2,29
5583,5,C,1,205080205080,20201102,2,30
5584,6,C,1,205080205080,20201102,2,31
5585,5,C,0,205080205080,20201102,2,32
5586,6,C,1,205080205080,20201102,2,33
5587,5,C,1,205080205080,20201102,2,34
5588,6,C,0,205080205080,20201102,2,35
5589,5,C,1,205080205080,20201102,2,36
5590,6,C,1,205080205080,20201102,2,37
5591,5,C,0,205080205080,20201102,2,38
5592,6,C,1,205080205080,20201102,2,39
5593,5,C,0,205080205080,20201102,2,40
5594,6,C,1,205080205080,20201102,2,41
5595,5,C,0,205080205080,20201102,2,42
5596,6,C,1,205080205080,20201102,2,43
5597,4,B,0,205080205080,20201102,2,44
5598,3,B,1,205080205080,20201102,2,45
5599,4,B,0,205080205080,20201102,2,46
5600,3,B,1,205080205080,20201102,2,47
5601,4,B,0,205080205080,20201102,2,48
5602,3,B,1,205080205080,20201102,2,49
5603,4,B,0,205080205080,20201102,2,50
5604,3,B,0,205080205080,20201102,2,51
5605,4,B,1,205080205080,20201102,2,52
5606,3,B,1,205080205080,20201102,2,53
5607,4,B,0,205080205080,20201102,2,54
5608,3,B,1,205080205080,20201102,2,55
5609,4,B,0,205080205080,20201102,2,56
5610,3,B,1,205080205080,20201102,2,57
5611,4,B,0,205080205080,20201102,2,58
5612,3,B,1,205080205080,20201102,2,59
5613,4,B,1,805020505020,20201102,2,60
5614,3,B,0,805020505020,20201102,2,61
5615,4,B,0,805020505020,20201102,2,62
5616,3,B,1,805020505020,20201102,2,63
5617,4,B,1,805020505020,20201102,2,64
5618,3,B,0,805020505020,20201102,2,65
5619,4,B,1,805020505020,20201102,2,66
5620,3,B,1,805020505020,20201102,2,67
5621,4,B,1,805020505020,20201102,2,68
5622,3,B,0,805020505020,20201102,2,69
5623,4,B,1,805020505020,20201102,2,70
5624,3,B,1,805020505020,20201102,2,71
5625,4,B,1,805020505020,20201102,2,72
5626,3,B,0,805020505020,20201102,2,73
5627,4,B,0,805020505020,20201102,2,74
5628,2,A,0,805020505020,20201102,2,75
5629,1,A,1,805020505020,20201102,2,76
5630,2,A,1,805020505020,20201102,2,77
5631,1,A,1,805020505020,20201102,2,78
5632,2,A,1,805020505020,20201102,2,79
5633,1,A,1,805020505020,20201102,2,80
5634,2,A,0,805020505020,20201102,2,81
5635,1,A,1,805020505020,20201102,2,82
5636,2,A,0,805020505020,20201102,2,83
5637,1,A,1,805020505020,20201102,2,84
5638,2,A,0,805020505020,20201102,2,85
5639,1,A,1,805020505020,20201102,2,86
5640,2,A,0,805020505020,20201102,2,87
5641,1,A,1,805020505020,20201102,2,88
5642,2,A,1,805020505020,20201102,2,89
5643,1,A,1,805020505020,20201102,2,90
5644,2,A,1,805020505020,20201102,2,91
5645,1,A,1,805020505020,20201102,2,92
5646,2,A,0,805020505020,20201102,2,93
5647,1,A,1,805020505020,20201102,2,94
5648,2,A,1,805020505020,20201102,2,95
5649,1,A,1,805020505020,20201102,2,96
5650,2,A,0,805020505020,20201102,2,97
5651,1,A,0,805020505020,20201102,2,98
5652,2,A,1,805020505020,20201102,2,99
5653,1,A,0,805020505020,20201102,2,100
5654,2,A,0,805020505020,20201102,2,101
5655,1,A,1,805020505020,20201102,2,102
5656,2,A,0,805020505020,20201102,2,103
5657,1,A,1,805020505020,20201102,2,104
5658,2,A,0,805020505020,20201102,2,105
5659,1,A,1,805020505020,20201102,2,106
5660,2,A,0,805020505020,20201102,2,107
5661,1,A,0,805020505020,20201102,2,108
5662,2,A,1,805020505020,20201102,2,109
5663,1,A,1,805020505020,20201102,2,110
5664,2,A,1,805020505020,20201102,2,111
5665,1,A,0,805020505020,20201102,2,112
5666,2,A,1,805020505020,20201102,2,113
5667,1,A,0,805020505020,20201102,2,114
5668,2,A,0,805020505020,20201102,2,115
5669,1,A,1,805020505020,20201102,2,116
5670,2,A,0,805020505020,20201102,2,117
5671,1,A,1,805020505020,20201102,2,118
5672,2,A,1,805020505020,20201102,2,119
5673,1,A,0,205020202020,20201102,2,120
5674,2,A,0,205020202020,20201102,2,121
5675,1,A,0,205020202020,20201102,2,122
5676,2,A,1,205020202020,20201102,2,123
5677,1,A,0,205020202020,20201102,2,124
5678,2,A,0,205020202020,20201102,2,125
5679,1,A,0,205020202020,20201102,2,126
5680,2,A,0,205020202020,20201102,2,127
5681,4,B,0,205020202020,20201102,2,128
5682,3,B,1,205020202020,20201102,2,129
5683,4,B,0,205020202020,20201102,2,130
5684,3,B,1,205020202020,20201102,2,131
5685,4,B,1,205020202020,20201102,2,132
5686,3,B,0,205020202020,20201102,2,133
5687,4,B,0,205020202020,20201102,2,134
5688,3,B,1,205020202020,20201102,2,135
5689,4,B,0,205020202020,20201102,2,136
5690,3,B,0,205020202020,20201102,2,137
5691,4,B,0,205020202020,20201102,2,138
5692,3,B,0,205020202020,20201102,2,139
5693,4,B,0,205020202020,20201102,2,140
5694,3,B,0,205020202020,20201102,2,141
5695,4,B,1,205020202020,20201102,2,142
5696,3,B,0,205020202020,20201102,2,143
5697,4,B,0,205020202020,20201102,2,144
5698,3,B,0,205020202020,20201102,2,145
5699,4,B,0,205020202020,20201102,2,146
5700,3,B,0,205020202020,20201102,2,147
5701,4,B,0,205020202020,20201102,2,148
5702,2,A,1,205020202020,20201102,2,149
5703,1,A,0,205020202020,20201102,2,150
5704,2,A,1,205020202020,20201102,2,151
5705,1,A,0,205020202020,20201102,2,152
5706,2,A,0,205020202020,20201102,2,153
5707,1,A,0,205020202020,20201102,2,154
5708,2,A,0,205020202020,20201102,2,155
5709,1,A,0,205020202020,20201102,2,156
5710,2,A,0,205020202020,20201102,2,157
5711,4,B,0,205020202020,20201102,2,158
5712,3,B,1,205020202020,20201102,2,159
5713,4,B,0,205020202020,20201102,2,160
5714,3,B,0,205020202020,20201102,2,161
5715,4,B,0,205020202020,20201102,2,162
5716,3,B,1,205020202020,20201102,2,163
5717,4,B,1,205020202020,20201102,2,164
5718,3,B,0,205020202020,20201102,2,165
5719,4,B,0,205020202020,20201102,2,166
5720,3,B,0,205020202020,20201102,2,167
5721,4,B,0,205020202020,20201102,2,168
5722,3,B,0,205020202020,20201102,2,169
5723,4,B,1,205020202020,20201102,2,170
5724,3,B,0,205020202020,20201102,2,171
5725,1,A,0,205020202020,20201102,2,172
5726,2,A,1,205020202020,20201102,2,173
5727,1,A,0,205020202020,20201102,2,174
5728,2,A,1,205020202020,20201102,2,175
5729,1,A,0,205020202020,20201102,2,176
5730,2,A,1,205020202020,20201102,2,177
5731,1,A,0,205020202020,20201102,2,178
5732,2,A,0,205020202020,20201102,2,179
5733,4,B,0,502020208050,20201102,3,0
5734,3,B,0,502020208050,20201102,3,1
5735,2,A,0,502020208050,20201102,3,2
5736,1,A,0,502020208050,20201102,3,3
5737,2,A,0,502020208050,20201102,3,4
5738,1,A,0,502020208050,20201102,3,5
5739,2,A,0,502020208050,20201102,3,6
5740,5,C,1,502020208050,20201102,3,7
5741,6,C,0,502020208050,20201102,3,8
5742,5,C,1,502020208050,20201102,3,9
5743,6,C,1,502020208050,20201102,3,10
5744,5,C,1,502020208050,20201102,3,11
5745,6,C,0,502020208050,20201102,3,12
5746,5,C,1,502020208050,20201102,3,13
5747,6,C,0,502020208050,20201102,3,14
5748,5,C,1,502020208050,20201102,3,15
5749,6,C,0,502020208050,20201102,3,16
5750,5,C,1,502020208050,20201102,3,17
5751,6,C,0,502020208050,20201102,3,18
5752,5,C,1,502020208050,20201102,3,19
5753,4,B,0,502020208050,20201102,3,20
5754,3,B,0,502020208050,20201102,3,21
5755,4,B,0,502020208050,20201102,3,22
5756,3,B,0,502020208050,20201102,3,23
5757,4,B,1,502020208050,20201102,3,24
5758,3,B,0,502020208050,20201102,3,25
5759,4,B,0,502020208050,20201102,3,26
5760,3,B,0,502020208050,20201102,3,27
5761,4,B,0,502020208050,20201102,3,28
5762,2,A,0,502020208050,20201102,3,29
5763,1,A,0,502020208050,20201102,3,30
5764,2,A,0,502020208050,20201102,3,31
5765,1,A,1,502020208050,20201102,3,32
5766,2,A,0,502020208050,20201102,3,33
5767,1,A,0,502020208050,20201102,3,34
5768,4,B,0,502020208050,20201102,3,35
5769,3,B,0,502020208050,20201102,3,36
5770,4,B,0,502020208050,20201102,3,37
5771,3,B,1,502020208050,20201102,3,38
5772,4,B,0,502020208050,20201102,3,39
5773,3,B,0,502020208050,20201102,3,40
5774,4,B,0,502020208050,20201102,3,41
5775,6,C,0,502020208050,20201102,3,42
5776,5,C,1,502020208050,20201102,3,43
5777,6,C,0,502020208050,20201102,3,44
5778,5,C,1,502020208050,20201102,3,45
5779,6,C,1,502020208050,20201102,3,46
5780,5,C,1,502020208050,20201102,3,47
5781,6,C,1,502020208050,20201102,3,48
5782,5,C,1,502020208050,20201102,3,49
5783,6,C,0,502020208050,20201102,3,50
5784,5,C,1,502020208050,20201102,3,51
5785,6,C,1,502020208050,20201102,3,52
5786,5,C,0,502020208050,20201102,3,53
5787,6,C,1,502020208050,20201102,3,54
5788,5,C,1,502020208050,20201102,3,55
5789,6,C,1,502020208050,20201102,3,56
5790,5,C,1,502020208050,20201102,3,57
5791,6,C,0,502020208050,20201102,3,58
5792,5,C,1,502020208050,20201102,3,59
5793,6,C,0,202050802050,20201102,3,60
5794,5,C,0,202050802050,20201102,3,61
5795,6,C,1,202050802050,20201102,3,62
5796,5,C,0,202050802050,20201102,3,63
5797,6,C,1,202050802050,20201102,3,64
5798,5,C,0,202050802050,20201102,3,65
5799,6,C,0,202050802050,20201102,3,66
5800,5,C,1,202050802050,20201102,3,67
5801,6,C,0,202050802050,20201102,3,68
5802,5,C,0,202050802050,20201102,3,69
5803,6,C,1,202050802050,20201102,3,70
5804,5,C,1,202050802050,20201102,3,71
5805,6,C,1,202050802050,20201102,3,72
5806,5,C,0,202050802050,20201102,3,73
5807,6,C,1,202050802050,20201102,3,74
5808,5,C,0,202050802050,20201102,3,75
5809,6,C,0,202050802050,20201102,3,76
5810,5,C,1,202050802050,20201102,3,77
5811,6,C,1,202050802050,20201102,3,78
5812,5,C,0,202050802050,20201102,3,79
5813,6,C,0,202050802050,20201102,3,80
5814,5,C,0,202050802050,20201102,3,81
5815,6,C,0,202050802050,20201102,3,82
5816,4,B,1,202050802050,20201102,3,83
5817,3,B,1,202050802050,20201102,3,84
5818,4,B,1,202050802050,20201102,3,85
5819,3,B,1,202050802050,20201102,3,86
5820,4,B,0,202050802050,20201102,3,87
5821,3,B,1,202050802050,20201102,3,88
5822,4,B,1,202050802050,20201102,3,89
5823,3,B,0,202050802050,20201102,3,90
5824,4,B,1,202050802050,20201102,3,91
5825,3,B,1,202050802050,20201102,3,92
5826,4,B,1,202050802050,20201102,3,93
5827,3,B,0,202050802050,20201102,3,94
5828,4,B,1,202050802050,20201102,3,95
5829,3,B,1,202050802050,20201102,3,96
5830,4,B,1,202050802050,20201102,3,97
5831,3,B,1,202050802050,20201102,3,98
5832,4,B,1,202050802050,20201102,3,99
5833,3,B,0,202050802050,20201102,3,100
5834,4,B,0,202050802050,20201102,3,101
5835,3,B,0,202050802050,20201102,3,102
5836,4,B,1,202050802050,20201102,3,103
5837,3,B,1,202050802050,20201102,3,104
5838,4,B,1,202050802050,20201102,3,105
5839,3,B,0,202050802050,20201102,3,106
5840,4,B,1,202050802050,20201102,3,107
5841,3,B,1,202050802050,20201102,3,108
5842,4,B,1,202050802050,20201102,3,109
5843,3,B,1,202050802050,20201102,3,110
5844,4,B,1,202050802050,20201102,3,111
5845,3,B,0,202050802050,20201102,3,112
5846,4,B,0,202050802050,20201102,3,113
5847,3,B,0,202050802050,20201102,3,114
5848,4,B,1,202050802050,20201102,3,115
5849,3,B,1,202050802050,20201102,3,116
5850,4,B,1,202050802050,20201102,3,117
5851,3,B,0,202050802050,20201102,3,118
5852,4,B,1,202050802050,20201102,3,119
5853,3,B,0,802020508050,20201102,3,120
5854,4,B,1,802020508050,20201102,3,121
5855,3,B,0,802020508050,20201102,3,122
5856,4,B,0,802020508050,20201102,3,123
5857,3,B,0,802020508050,20201102,3,124
5858,4,B,1,802020508050,20201102,3,125
5859,3,B,1,802020508050,20201102,3,126
5860,4,B,0,802020508050,20201102,3,127
5861,3,B,0,802020508050,20201102,3,128
5862,4,B,1,802020508050,20201102,3,129
5863,3,B,0,802020508050,20201102,3,130
5864,4,B,0,802020508050,20201102,3,131
5865,3,B,0,802020508050,20201102,3,132
5866,4,B,1,802020508050,20201102,3,133
5867,3,B,0,802020508050,20201102,3,134
5868,4,B,1,802020508050,20201102,3,135
5869,3,B,1,802020508050,20201102,3,136
5870,4,B,0,802020508050,20201102,3,137
5871,3,B,0,802020508050,20201102,3,138
5872,4,B,1,802020508050,20201102,3,139
5873,3,B,0,802020508050,20201102,3,140
5874,4,B,0,802020508050,20201102,3,141
5875,3,B,0,802020508050,20201102,3,142
5876,4,B,0,802020508050,20201102,3,143
5877,2,A,0,802020508050,20201102,3,144
5878,1,A,1,802020508050,20201102,3,145
5879,2,A,1,802020508050,20201102,3,146
5880,1,A,0,802020508050,20201102,3,147
5881,2,A,0,802020508050,20201102,3,148
5882,1,A,1,802020508050,20201102,3,149
5883,2,A,0,802020508050,20201102,3,150
5884,1,A,0,802020508050,20201102,3,151
5885,2,A,1,802020508050,20201102,3,152
5886,1,A,0,802020508050,20201102,3,153
5887,2,A,0,802020508050,20201102,3,154
5888,4,B,0,802020508050,20201102,3,155
5889,3,B,0,802020508050,20201102,3,156
5890,4,B,1,802020508050,20201102,3,157
5891,3,B,0,802020508050,20201102,3,158
5892,4,B,0,802020508050,20201102,3,159
5893,3,B,0,802020508050,20201102,3,160
5894,4,B,0,802020508050,20201102,3,161
5895,3,B,0,802020508050,20201102,3,162
5896,4,B,0,802020508050,20201102,3,163
5897,6,C,1,802020508050,20201102,3,164
5898,5,C,0,802020508050,20201102,3,165
5899,6,C,1,802020508050,20201102,3,166
5900,5,C,1,802020508050,20201102,3,167
5901,6,C,1,802020508050,20201102,3,168
5902,5,C,1,802020508050,20201102,3,169
5903,6,C,1,802020508050,20201102,3,170
5904,5,C,1,802020508050,20201102,3,171
5905,6,C,1,802020508050,20201102,3,172
5906,5,C,1,802020508050,20201102,3,173
5907,6,C,0,802020508050,20201102,3,174
5908,5,C,0,802020508050,20201102,3,175
5909,6,C,1,802020508050,20201102,3,176
5910,5,C,1,802020508050,20201102,3,177
5911,6,C,1,802020508050,20201102,3,178
5912,5,C,1,802020508050,20201102,3,179
5913,4,B,1,208080502020,20201102,4,0
5914,3,B,0,208080502020,20201102,4,1
5915,4,B,1,208080502020,20201102,4,2
5916,3,B,1,208080502020,20201102,4,3
5917,4,B,1,208080502020,20201102,4,4
5918,3,B,1,208080502020,20201102,4,5
5919,4,B,1,208080502020,20201102,4,6
5920,3,B,1,208080502020,20201102,4,7
5921,4,B,1,208080502020,20201102,4,8
5922,2,A,1,208080502020,20201102,4,9
5923,1,A,1,208080502020,20201102,4,10
5924,2,A,1,208080502020,20201102,4,11
5925,1,A,1,208080502020,20201102,4,12
5926,2,A,1,208080502020,20201102,4,13
5927,1,A,0,208080502020,20201102,4,14
5928,2,A,1,208080502020,20201102,4,15
5929,5,C,0,208080502020,20201102,4,16
5930,6,C,0,208080502020,20201102,4,17
5931,5,C,0,208080502020,20201102,4,18
5932,6,C,0,208080502020,20201102,4,19
5933,5,C,0,208080502020,20201102,4,20
5934,6,C,0,208080502020,20201102,4,21
5935,5,C,0,208080502020,20201102,4,22
5936,4,B,1,208080502020,20201102,4,23
5937,3,B,1,208080502020,20201102,4,24
5938,4,B,1,208080502020,20201102,4,25
5939,3,B,1,208080502020,20201102,4,26
5940,4,B,1,208080502020,20201102,4,27
5941,3,B,1,208080502020,20201102,4,28
5942,4,B,0,208080502020,20201102,4,29
5943,3,B,1,208080502020,20201102,4,30
5944,4,B,1,208080502020,20201102,4,31
5945,3,B,1,208080502020,20201102,4,32
5946,4,B,1,208080502020,20201102,4,33
5947,3,B,0,208080502020,20201102,4,34
5948,4,B,0,208080502020,20201102,4,35
5949,3,B,1,208080502020,20201102,4,36
5950,4,B,1,208080502020,20201102,4,37
5951,3,B,1,208080502020,20201102,4,38
5952,4,B,1,208080502020,20201102,4,39
5953,3,B,1,208080502020,20201102,4,40
5954,4,B,1,208080502020,20201102,4,41
5955,3,B,1,208080502020,20201102,4,42
5956,4,B,0,208080502020,20201102,4,43
5957,3,B,1,208080502020,20201102,4,44
5958,4,B,0,208080502020,20201102,4,45
5959,3,B,1,208080502020,20201102,4,46
5960,4,B,1,208080502020,20201102,4,47
5961,3,B,1,208080502020,20201102,4,48
5962,4,B,1,208080502020,20201102,4,49
5963,3,B,1,208080502020,20201102,4,50
5964,4,B,1,208080502020,20201102,4,51
5965,3,B,1,208080502020,20201102,4,52
5966,4,B,0,208080502020,20201102,4,53
5967,3,B,1,208080502020,20201102,4,54
5968,4,B,1,208080502020,20201102,4,55
5969,3,B,1,208080502020,20201102,4,56
5970,4,B,1,208080502020,20201102,4,57
5971,3,B,1,208080502020,20201102,4,58
5972,4,B,1,208080502020,20201102,4,59
5973,3,B,0,202020202080,20201102,4,60
5974,4,B,0,202020202080,20201102,4,61
5975,3,B,0,202020202080,20201102,4,62
5976,4,B,0,202020202080,20201102,4,63
5977,2,A,1,202020202080,20201102,4,64
5978,1,A,0,202020202080,20201102,4,65
5979,2,A,0,202020202080,20201102,4,66
5980,1,A,0,202020202080,20201102,4,67
5981,2,A,0,202020202080,20201102,4,68
5982,4,B,1,202020202080,20201102,4,69
5983,3,B,0,202020202080,20201102,4,70
5984,4,B,0,202020202080,20201102,4,71
5985,3,B,0,202020202080,20201102,4,72
5986,4,B,1,202020202080,20201102,4,73
5987,3,B,0,202020202080,20201102,4,74
5988,4,B,0,202020202080,20201102,4,75
5989,3,B,0,202020202080,20201102,4,76
5990,4,B,0,202020202080,20201102,4,77
5991,6,C,1,202020202080,20201102,4,78
5992,5,C,0,202020202080,20201102,4,79
5993,6,C,1,202020202080,20201102,4,80
5994,5,C,0,202020202080,20201102,4,81
5995,6,C,1,202020202080,20201102,4,82
5996,5,C,0,202020202080,20201102,4,83
5997,6,C,1,202020202080,20201102,4,84
5998,5,C,0,202020202080,20201102,4,85
5999,6,C,1,202020202080,20201102,4,86
6000,5,C,0,202020202080,20201102,4,87
6001,6,C,1,202020202080,20201102,4,88
6002,5,C,0,202020202080,20201102,4,89
6003,6,C,1,202020202080,20201102,4,90
6004,5,C,0,202020202080,20201102,4,91
6005,6,C,0,202020202080,20201102,4,92
6006,5,C,1,202020202080,20201102,4,93
6007,6,C,1,202020202080,20201102,4,94
6008,5,C,0,202020202080,20201102,4,95
6009,6,C,1,202020202080,20201102,4,96
6010,5,C,1,202020202080,20201102,4,97
6011,6,C,1,202020202080,20201102,4,98
6012,5,C,0,202020202080,20201102,4,99
6013,6,C,1,202020202080,20201102,4,100
6014,5,C,1,202020202080,20201102,4,101
6015,6,C,1,202020202080,20201102,4,102
6016,5,C,0,202020202080,20201102,4,103
6017,6,C,1,202020202080,20201102,4,104
6018,5,C,0,202020202080,20201102,4,105
6019,6,C,1,202020202080,20201102,4,106
6020,5,C,0,202020202080,20201102,4,107
6021,6,C,1,202020202080,20201102,4,108
6022,5,C,1,202020202080,20201102,4,109
6023,6,C,1,202020202080,20201102,4,110
6024,5,C,0,202020202080,20201102,4,111
6025,6,C,1,202020202080,20201102,4,112
6026,5,C,0,202020202080,20201102,4,113
6027,6,C,1,202020202080,20201102,4,114
6028,5,C,0,202020202080,20201102,4,115
6029,6,C,0,202020202080,20201102,4,116
6030,5,C,0,202020202080,20201102,4,117
6031,6,C,1,202020202080,20201102,4,118
6032,4,B,0,202020202080,20201102,4,119
6033,3,B,0,805020502050,20201102,4,120
6034,4,B,0,805020502050,20201102,4,121
6035,3,B,0,805020502050,20201102,4,122
6036,4,B,0,805020502050,20201102,4,123
6037,2,A,0,805020502050,20201102,4,124
6038,1,A,0,805020502050,20201102,4,125
6039,2,A,1,805020502050,20201102,4,126
6040,1,A,0,805020502050,20201102,4,127
6041,2,A,1,805020502050,20201102,4,128
6042,1,A,1,805020502050,20201102,4,129
6043,2,A,1,805020502050,20201102,4,130
6044,1,A,0,805020502050,20201102,4,131
6045,2,A,0,805020502050,20201102,4,132
6046,1,A,1,805020502050,20201102,4,133
6047,2,A,0,805020502050,20201102,4,134
6048,1,A,1,805020502050,20201102,4,135
6049,2,A,0,805020502050,20201102,4,136
6050,1,A,0,805020502050,20201102,4,137
6051,2,A,1,805020502050,20201102,4,138
6052,1,A,1,805020502050,20201102,4,139
6053,2,A,0,805020502050,20201102,4,140
6054,1,A,1,805020502050,20201102,4,141
6055,2,A,1,805020502050,20201102,4,142
6056,1,A,1,805020502050,20201102,4,143
6057,2,A,0,805020502050,20201102,4,144
6058,1,A,1,805020502050,20201102,4,145
6059,2,A,0,805020502050,20201102,4,146
6060,1,A,1,805020502050,20201102,4,147
6061,2,A,0,805020502050,20201102,4,148
6062,1,A,1,805020502050,20201102,4,149
6063,2,A,1,805020502050,20201102,4,150
6064,1,A,1,805020502050,20201102,4,151
6065,2,A,0,805020502050,20201102,4,152
6066,1,A,1,805020502050,20201102,4,153
6067,2,A,0,805020502050,20201102,4,154
6068,1,A,1,805020502050,20201102,4,155
6069,2,A,1,805020502050,20201102,4,156
6070,1,A,0,805020502050,20201102,4,157
6071,2,A,0,805020502050,20201102,4,158
6072,1,A,0,805020502050,20201102,4,159
6073,2,A,1,805020502050,20201102,4,160
6074,1,A,1,805020502050,20201102,4,161
6075,2,A,0,805020502050,20201102,4,162
6076,1,A,0,805020502050,20201102,4,163
6077,2,A,1,805020502050,20201102,4,164
6078,1,A,1,805020502050,20201102,4,165
6079,2,A,1,805020502050,20201102,4,166
6080,1,A,0,805020502050,20201102,4,167
6081,2,A,0,805020502050,20201102,4,168
6082,1,A,1,805020502050,20201102,4,169
6083,2,A,0,805020502050,20201102,4,170
6084,1,A,1,805020502050,20201102,4,171
6085,2,A,0,805020502050,20201102,4,172
6086,1,A,0,805020502050,20201102,4,173
6087,2,A,1,805020502050,20201102,4,174
6088,1,A,1,805020502050,20201102,4,175
6089,2,A,0,805020502050,20201102,4,176
6090,1,A,1,805020502050,20201102,4,177
6091,2,A,0,805020502050,20201102,4,178
6092,1,A,1,805020502050,20201102,4,179
6093,4,B,0,502050202080,20201102,5,0
6094,3,B,1,502050202080,20201102,5,1
6095,4,B,0,502050202080,20201102,5,2
6096,3,B,0,502050202080,20201102,5,3
6097,4,B,0,502050202080,20201102,5,4
6098,2,A,0,502050202080,20201102,5,5
6099,1,A,0,502050202080,20201102,5,6
6100,2,A,0,502050202080,20201102,5,7
6101,5,C,1,502050202080,20201102,5,8
6102,6,C,1,502050202080,20201102,5,9
6103,5,C,0,502050202080,20201102,5,10
6104,6,C,0,502050202080,20201102,5,11
6105,5,C,0,502050202080,20201102,5,12
6106,6,C,0,502050202080,20201102,5,13
6107,4,B,0,502050202080,20201102,5,14
6108,3,B,0,502050202080,20201102,5,15
6109,4,B,1,502050202080,20201102,5,16
6110,3,B,0,502050202080,20201102,5,17
6111,4,B,0,502050202080,20201102,5,18
6112,3,B,0,502050202080,20201102,5,19
6113,4,B,0,502050202080,20201102,5,20
6114,2,A,0,502050202080,20201102,5,21
6115,1,A,0,502050202080,20201102,5,22
6116,2,A,0,502050202080,20201102,5,23
6117,4,B,0,502050202080,20201102,5,24
6118,3,B,0,502050202080,20201102,5,25
6119,4,B,1,502050202080,20201102,5,26
6120,3,B,1,502050202080,20201102,5,27
6121,4,B,0,502050202080,20201102,5,28
6122,3,B,0,502050202080,20201102,5,29
6123,4,B,0,502050202080,20201102,5,30
6124,3,B,0,502050202080,20201102,5,31
6125,4,B,0,502050202080,20201102,5,32
6126,5,C,0,502050202080,20201102,5,33
6127,6,C,1,502050202080,20201102,5,34
6128,5,C,0,502050202080,20201102,5,35
6129,6,C,1,502050202080,20201102,5,36
6130,5,C,0,502050202080,20201102,5,37
6131,6,C,1,502050202080,20201102,5,38
6132,5,C,0,502050202080,20201102,5,39
6133,6,C,1,502050202080,20201102,5,40
6134,5,C,0,502050202080,20201102,5,41
6135,6,C,1,502050202080,20201102,5,42
6136,5,C,0,502050202080,20201102,5,43
6137,6,C,1,502050202080,20201102,5,44
6138,5,C,0,502050202080,20201102,5,45
6139,6,C,1,502050202080,20201102,5,46
6140,5,C,0,502050202080,20201102,5,47
6141,6,C,0,502050202080,20201102,5,48
6142,5,C,1,502050202080,20201102,5,49
6143,6,C,1,502050202080,20201102,5,50
6144,5,C,0,502050202080,20201102,5,51
6145,6,C,1,502050202080,20201102,5,52
6146,5,C,0,502050202080,20201102,5,53
6147,6,C,0,502050202080,20201102,5,54
6148,5,C,0,502050202080,20201102,5,55
6149,6,C,1,502050202080,20201102,5,56
6150,5,C,0,502050202080,20201102,5,57
6151,6,C,1,502050202080,20201102,5,58
6152,4,B,1,502050202080,20201102,5,59
6153,3,B,0,202020205020,20201102,5,60
6154,4,B,1,202020205020,20201102,5,61
6155,3,B,0,202020205020,20201102,5,62
6156,4,B,0,202020205020,20201102,5,63
6157,3,B,0,202020205020,20201102,5,64
6158,4,B,0,202020205020,20201102,5,65
6159,2,A,0,202020205020,20201102,5,66
6160,1,A,0,202020205020,20201102,5,67
6161,2,A,0,202020205020,20201102,5,68
6162,1,A,0,202020205020,20201102,5,69
6163,2,A,0,202020205020,20201102,5,70
6164,4,B,0,202020205020,20201102,5,71
6165,3,B,0,202020205020,20201102,5,72
6166,4,B,1,202020205020,20201102,5,73
6167,3,B,0,202020205020,20201102,5,74
6168,4,B,0,202020205020,20201102,5,75
6169,6,C,0,202020205020,20201102,5,76
6170,5,C,1,202020205020,20201102,5,77
6171,6,C,0,202020205020,20201102,5,78
6172,5,C,0,202020205020,20201102,5,79
6173,6,C,0,202020205020,20201102,5,80
6174,5,C,1,202020205020,20201102,5,81
6175,6,C,0,202020205020,20201102,5,82
6176,5,C,0,202020205020,20201102,5,83
6177,6,C,1,202020205020,20201102,5,84
6178,5,C,0,202020205020,20201102,5,85
6179,6,C,0,202020205020,20201102,5,86
6180,5,C,1,202020205020,20201102,5,87
6181,6,C,1,202020205020,20201102,5,88
6182,5,C,0,202020205020,20201102,5,89
6183,6,C,0,202020205020,20201102,5,90
6184,5,C,1,202020205020,20201102,5,91
6185,6,C,0,202020205020,20201102,5,92
6186,5,C,0,202020205020,20201102,5,93
6187,6,C,0,202020205020,20201102,5,94
6188,1,A,0,202020205020,20201102,5,95
6189,2,A,1,202020205020,20201102,5,96
6190,1,A,0,202020205020,20201102,5,97
6191,2,A,0,202020205020,20201102,5,98
6192,1,A,1,202020205020,20201102,5,99
6193,2,A,0,202020205020,20201102,5,100
6194,1,A,0,202020205020,20201102,5,101
6195,2,A,1,202020205020,20201102,5,102
6196,1,A,0,202020205020,20201102,5,103
6197,2,A,1,202020205020,20201102,5,104
6198,1,A,0,202020205020,20201102,5,105
6199,2,A,0,202020205020,20201102,5,106
6200,1,A,0,202020205020,20201102,5,107
6201,2,A,0,202020205020,20201102,5,108
6202,4,B,0,202020205020,20201102,5,109
6203,3,B,0,202020205020,20201102,5,110
6204,4,B,0,202020205020,20201102,5,111
6205,3,B,0,202020205020,20201102,5,112
6206,4,B,0,202020205020,20201102,5,113
6207,6,C,1,202020205020,20201102,5,114
6208,5,C,0,202020205020,20201102,5,115
6209,6,C,0,202020205020,20201102,5,116
6210,5,C,0,202020205020,20201102,5,117
6211,6,C,0,202020205020,20201102,5,118
6212,5,C,1,202020205020,20201102,5,119
6213,6,C,0,805080202020,20201102,5,120
6214,5,C,0,805080202020,20201102,5,121
6215,6,C,0,805080202020,20201102,5,122
6216,5,C,0,805080202020,20201102,5,123
6217,6,C,1,805080202020,20201102,5,124
6218,5,C,0,805080202020,20201102,5,125
6219,6,C,1,805080202020,20201102,5,126
6220,5,C,0,805080202020,20201102,5,127
6221,6,C,0,805080202020,20201102,5,128
6222,5,C,0,805080202020,20201102,5,129
6223,6,C,0,805080202020,20201102,5,130
6224,2,A,0,805080202020,20201102,5,131
6225,1,A,0,805080202020,20201102,5,132
6226,2,A,1,805080202020,20201102,5,133
6227,1,A,0,805080202020,20201102,5,134
6228,2,A,0,805080202020,20201102,5,135
6229,1,A,1,805080202020,20201102,5,136
6230,2,A,0,805080202020,20201102,5,137
6231,1,A,1,805080202020,20201102,5,138
6232,2,A,1,805080202020,20201102,5,139
6233,1,A,0,805080202020,20201102,5,140
6234,2,A,0,805080202020,20201102,5,141
6235,1,A,1,805080202020,20201102,5,142
6236,2,A,1,805080202020,20201102,5,143
6237,1,A,0,805080202020,20201102,5,144
6238,2,A,1,805080202020,20201102,5,145
6239,1,A,1,805080202020,20201102,5,146
6240,2,A,0,805080202020,20201102,5,147
6241,1,A,1,805080202020,20201102,5,148
6242,2,A,1,805080202020,20201102,5,149
6243,1,A,1,805080202020,20201102,5,150
6244,2,A,0,805080202020,20201102,5,151
6245,1,A,1,805080202020,20201102,5,152
6246,2,A,0,805080202020,20201102,5,153
6247,1,A,1,805080202020,20201102,5,154
6248,2,A,0,805080202020,20201102,5,155
6249,1,A,1,805080202020,20201102,5,156
6250,2,A,0,805080202020,20201102,5,157
6251,1,A,1,805080202020,20201102,5,158
6252,2,A,0,805080202020,20201102,5,159
6253,1,A,1,805080202020,20201102,5,160
6254,2,A,0,805080202020,20201102,5,161
6255,1,A,0,805080202020,20201102,5,162
6256,2,A,1,805080202020,20201102,5,163
6257,1,A,1,805080202020,20201102,5,164
6258,2,A,0,805080202020,20201102,5,165
6259,1,A,0,805080202020,20201102,5,166
6260,2,A,1,805080202020,20201102,5,167
6261,1,A,1,805080202020,20201102,5,168
6262,2,A,1,805080202020,20201102,5,169
6263,1,A,1,805080202020,20201102,5,170
6264,2,A,1,805080202020,20201102,5,171
6265,1,A,1,805080202020,20201102,5,172
6266,2,A,0,805080202020,20201102,5,173
6267,1,A,1,805080202020,20201102,5,174
6268,2,A,0,805080202020,20201102,5,175
6269,1,A,1,805080202020,20201102,5,176
6270,2,A,1,805080202020,20201102,5,177
6271,1,A,1,805080202020,20201102,5,178
6272,2,A,1,805080202020,20201102,5,179
6273,4,B,0,505080502020,20201102,6,0
6274,3,B,1,505080502020,20201102,6,1
6275,4,B,1,505080502020,20201102,6,2
6276,3,B,1,505080502020,20201102,6,3
6277,4,B,1,505080502020,20201102,6,4
6278,3,B,0,505080502020,20201102,6,5
6279,4,B,1,505080502020,20201102,6,6
6280,2,A,0,505080502020,20201102,6,7
6281,1,A,1,505080502020,20201102,6,8
6282,2,A,1,505080502020,20201102,6,9
6283,1,A,0,505080502020,20201102,6,10
6284,2,A,0,505080502020,20201102,6,11
6285,1,A,0,505080502020,20201102,6,12
6286,2,A,1,505080502020,20201102,6,13
6287,5,C,1,505080502020,20201102,6,14
6288,6,C,0,505080502020,20201102,6,15
6289,5,C,0,505080502020,20201102,6,16
6290,6,C,1,505080502020,20201102,6,17
6291,5,C,0,505080502020,20201102,6,18
6292,6,C,0,505080502020,20201102,6,19
6293,5,C,0,505080502020,20201102,6,20
6294,4,B,1,505080502020,20201102,6,21
6295,3,B,1,505080502020,20201102,6,22
6296,4,B,0,505080502020,20201102,6,23
6297,3,B,1,505080502020,20201102,6,24
6298,4,B,0,505080502020,20201102,6,25
6299,3,B,0,505080502020,20201102,6,26
6300,4,B,0,505080502020,20201102,6,27
6301,3,B,0,505080502020,20201102,6,28
6302,4,B,1,505080502020,20201102,6,29
6303,3,B,1,505080502020,20201102,6,30
6304,4,B,1,505080502020,20201102,6,31
6305,3,B,1,505080502020,20201102,6,32
6306,4,B,1,505080502020,20201102,6,33
6307,3,B,1,505080502020,20201102,6,34
6308,4,B,0,505080502020,20201102,6,35
6309,3,B,1,505080502020,20201102,6,36
6310,4,B,1,505080502020,20201102,6,37
6311,3,B,1,505080502020,20201102,6,38
6312,4,B,1,505080502020,20201102,6,39
6313,3,B,1,505080502020,20201102,6,40
6314,4,B,1,505080502020,20201102,6,41
6315,3,B,1,505080502020,20201102,6,42
6316,4,B,0,505080502020,20201102,6,43
6317,3,B,0,505080502020,20201102,6,44
6318,4,B,0,505080502020,20201102,6,45
6319,3,B,1,505080502020,20201102,6,46
6320,4,B,1,505080502020,20201102,6,47
6321,3,B,1,505080502020,20201102,6,48
6322,4,B,0,505080502020,20201102,6,49
6323,3,B,1,505080502020,20201102,6,50
6324,4,B,1,505080502020,20201102,6,51
6325,3,B,1,505080502020,20201102,6,52
6326,4,B,1,505080502020,20201102,6,53
6327,3,B,1,505080502020,20201102,6,54
6328,4,B,0,505080502020,20201102,6,55
6329,3,B,1,505080502020,20201102,6,56
6330,4,B,0,505080502020,20201102,6,57
6331,3,B,1,505080502020,20201102,6,58
6332,4,B,1,505080502020,20201102,6,59
6333,3,B,0,202020805080,20201102,6,60
6334,4,B,1,202020805080,20201102,6,61
6335,3,B,1,202020805080,20201102,6,62
6336,4,B,0,202020805080,20201102,6,63
6337,3,B,0,202020805080,20201102,6,64
6338,4,B,1,202020805080,20201102,6,65
6339,3,B,0,202020805080,20201102,6,66
6340,4,B,0,202020805080,20201102,6,67
6341,3,B,0,202020805080,20201102,6,68
6342,4,B,1,202020805080,20201102,6,69
6343,3,B,0,202020805080,20201102,6,70
6344,4,B,1,202020805080,20201102,6,71
6345,3,B,0,202020805080,20201102,6,72
6346,4,B,1,202020805080,20201102,6,73
6347,3,B,0,202020805080,20201102,6,74
6348,4,B,1,202020805080,20201102,6,75
6349,3,B,0,202020805080,20201102,6,76
6350,4,B,1,202020805080,20201102,6,77
6351,3,B,0,202020805080,20201102,6,78
6352,4,B,1,202020805080,20201102,6,79
6353,3,B,0,202020805080,20201102,6,80
6354,4,B,1,202020805080,20201102,6,81
6355,3,B,0,202020805080,20201102,6,82
6356,4,B,0,202020805080,20201102,6,83
6357,3,B,0,202020805080,20201102,6,84
6358,4,B,1,202020805080,20201102,6,85
6359,3,B,0,202020805080,20201102,6,86
6360,4,B,1,202020805080,20201102,6,87
6361,2,A,0,202020805080,20201102,6,88
6362,1,A,0,202020805080,20201102,6,89
6363,2,A,1,202020805080,20201102,6,90
6364,1,A,0,202020805080,20201102,6,91
6365,2,A,0,202020805080,20201102,6,92
6366,1,A,0,202020805080,20201102,6,93
6367,2,A,0,202020805080,20201102,6,94
6368,1,A,0,202020805080,20201102,6,95
6369,2,A,0,202020805080,20201102,6,96
6370,4,B,0,202020805080,20201102,6,97
6371,3,B,0,202020805080,20201102,6,98
6372,4,B,1,202020805080,20201102,6,99
6373,3,B,0,202020805080,20201102,6,100
6374,4,B,0,202020805080,20201102,6,101
6375,3,B,0,202020805080,20201102,6,102
6376,4,B,1,202020805080,20201102,6,103
6377,3,B,0,202020805080,20201102,6,104
6378,4,B,0,202020805080,20201102,6,105
6379,3,B,0,202020805080,20201102,6,106
6380,4,B,1,202020805080,20201102,6,107
6381,3,B,1,202020805080,20201102,6,108
6382,4,B,1,202020805080,20201102,6,109
6383,3,B,0,202020805080,20201102,6,110
6384,4,B,1,202020805080,20201102,6,111
6385,3,B,0,202020805080,20201102,6,112
6386,4,B,0,202020805080,20201102,6,113
6387,3,B,0,202020805080,20201102,6,114
6388,4,B,1,202020805080,20201102,6,115
6389,3,B,0,202020805080,20201102,6,116
6390,4,B,1,202020805080,20201102,6,117
6391,3,B,1,202020805080,20201102,6,118
6392,4,B,1,202020805080,20201102,6,119
6393,3,B,0,508020205020,20201102,6,120
6394,4,B,0,508020205020,20201102,6,121
6395,3,B,0,508020205020,20201102,6,122
6396,4,B,0,508020205020,20201102,6,123
6397,3,B,1,508020205020,20201102,6,124
6398,4,B,0,508020205020,20201102,6,125
6399,3,B,0,508020205020,20201102,6,126
6400,4,B,1,508020205020,20201102,6,127
6401,3,B,0,508020205020,20201102,6,128
6402,4,B,0,508020205020,20201102,6,129
6403,3,B,0,508020205020,20201102,6,130
6404,4,B,1,508020205020,20201102,6,131
6405,3,B,1,508020205020,20201102,6,132
6406,4,B,0,508020205020,20201102,6,133
6407,3,B,0,508020205020,20201102,6,134
6408,4,B,0,508020205020,20201102,6,135
6409,3,B,0,508020205020,20201102,6,136
6410,4,B,1,508020205020,20201102,6,137
6411,3,B,0,508020205020,20201102,6,138
6412,4,B,0,508020205020,20201102,6,139
6413,3,B,0,508020205020,20201102,6,140
6414,4,B,0,508020205020,20201102,6,141
6415,3,B,0,508020205020,20201102,6,142
6416,4,B,0,508020205020,20201102,6,143
6417,2,A,1,508020205020,20201102,6,144
6418,1,A,1,508020205020,20201102,6,145
6419,2,A,1,508020205020,20201102,6,146
6420,1,A,0,508020205020,20201102,6,147
6421,2,A,0,508020205020,20201102,6,148
6422,1,A,1,508020205020,20201102,6,149
6423,2,A,1,508020205020,20201102,6,150
6424,1,A,0,508020205020,20201102,6,151
6425,2,A,1,508020205020,20201102,6,152
6426,1,A,0,508020205020,20201102,6,153
6427,2,A,1,508020205020,20201102,6,154
6428,1,A,1,508020205020,20201102,6,155
6429,2,A,0,508020205020,20201102,6,156
6430,1,A,0,508020205020,20201102,6,157
6431,2,A,0,508020205020,20201102,6,158
6432,1,A,0,508020205020,20201102,6,159
6433,2,A,1,508020205020,20201102,6,160
6434,1,A,0,508020205020,20201102,6,161
6435,2,A,1,508020205020,20201102,6,162
6436,1,A,0,508020205020,20201102,6,163
6437,2,A,1,508020205020,20201102,6,164
6438,1,A,1,508020205020,20201102,6,165
6439,2,A,1,508020205020,20201102,6,166
6440,1,A,1,508020205020,20201102,6,167
6441,2,A,1,508020205020,20201102,6,168
6442,1,A,0,508020205020,20201102,6,169
6443,2,A,0,508020205020,20201102,6,170
6444,1,A,0,508020205020,20201102,6,171
6445,2,A,1,508020205020,20201102,6,172
6446,1,A,0,508020205020,20201102,6,173
6447,2,A,1,508020205020,20201102,6,174
6448,1,A,1,508020205020,20201102,6,175
6449,2,A,0,508020205020,20201102,6,176
6450,1,A,0,508020205020,20201102,6,177
6451,2,A,1,508020205020,20201102,6,178
6452,1,A,0,508020205020,20201102,6,179
6453,4,B,0,202050502050,20201102,7,0
6454,3,B,0,202050502050,20201102,7,1
6455,4,B,0,202050502050,20201102,7,2
6456,2,A,0,202050502050,20201102,7,3
6457,1,A,0,202050502050,20201102,7,4
6458,2,A,0,202050502050,20201102,7,5
6459,5,C,0,202050502050,20201102,7,6
6460,6,C,0,202050502050,20201102,7,7
6461,5,C,0,202050502050,20201102,7,8
6462,4,B,1,202050502050,20201102,7,9
6463,3,B,0,202050502050,20201102,7,10
6464,4,B,0,202050502050,20201102,7,11
6465,3,B,0,202050502050,20201102,7,12
6466,4,B,1,202050502050,20201102,7,13
6467,3,B,1,202050502050,20201102,7,14
6468,4,B,1,202050502050,20201102,7,15
6469,3,B,1,202050502050,20201102,7,16
6470,4,B,0,202050502050,20201102,7,17
6471,3,B,0,202050502050,20201102,7,18
6472,4,B,0,202050502050,20201102,7,19
6473,3,B,0,202050502050,20201102,7,20
6474,4,B,0,202050502050,20201102,7,21
6475,2,A,1,202050502050,20201102,7,22
6476,1,A,0,202050502050,20201102,7,23
6477,2,A,0,202050502050,20201102,7,24
6478,1,A,0,202050502050,20201102,7,25
6479,2,A,0,202050502050,20201102,7,26
6480,4,B,1,202050502050,20201102,7,27
6481,3,B,1,202050502050,20201102,7,28
6482,4,B,1,202050502050,20201102,7,29
6483,3,B,0,202050502050,20201102,7,30
6484,4,B,1,202050502050,20201102,7,31
6485,3,B,0,202050502050,20201102,7,32
6486,4,B,1,202050502050,20201102,7,33
6487,3,B,0,202050502050,20201102,7,34
6488,4,B,0,202050502050,20201102,7,35
6489,3,B,1,202050502050,20201102,7,36
6490,4,B,1,202050502050,20201102,7,37
6491,3,B,1,202050502050,20201102,7,38
6492,4,B,1,202050502050,20201102,7,39
6493,3,B,0,202050502050,20201102,7,40
6494,4,B,1,202050502050,20201102,7,41
6495,3,B,1,202050502050,20201102,7,42
6496,4,B,1,202050502050,20201102,7,43
6497,3,B,0,202050502050,20201102,7,44
6498,4,B,1,202050502050,20201102,7,45
6499,3,B,1,202050502050,20201102,7,46
6500,4,B,0,202050502050,20201102,7,47
6501,3,B,1,202050502050,20201102,7,48
6502,4,B,0,202050502050,20201102,7,49
6503,3,B,1,202050502050,20201102,7,50
6504,4,B,0,202050502050,20201102,7,51
6505,3,B,0,202050502050,20201102,7,52
6506,4,B,0,202050502050,20201102,7,53
6507,3,B,1,202050502050,20201102,7,54
6508,4,B,1,202050502050,20201102,7,55
6509,3,B,0,202050502050,20201102,7,56
6510,4,B,1,202050502050,20201102,7,57
6511,3,B,1,202050502050,20201102,7,58
6512,4,B,0,202050502050,20201102,7,59
6513,3,B,0,805020208020,20201102,7,60
6514,4,B,0,805020208020,20201102,7,61
6515,3,B,0,805020208020,20201102,7,62
6516,4,B,1,805020208020,20201102,7,63
6517,3,B,0,805020208020,20201102,7,64
6518,4,B,0,805020208020,20201102,7,65
6519,3,B,1,805020208020,20201102,7,66
6520,4,B,0,805020208020,20201102,7,67
6521,3,B,0,805020208020,20201102,7,68
6522,4,B,0,805020208020,20201102,7,69
6523,3,B,0,805020208020,20201102,7,70
6524,4,B,0,805020208020,20201102,7,71
6525,2,A,0,805020208020,20201102,7,72
6526,1,A,1,805020208020,20201102,7,73
6527,2,A,0,805020208020,20201102,7,74
6528,1,A,1,805020208020,20201102,7,75
6529,2,A,0,805020208020,20201102,7,76
6530,1,A,1,805020208020,20201102,7,77
6531,2,A,0,805020208020,20201102,7,78
6532,1,A,1,805020208020,20201102,7,79
6533,2,A,0,805020208020,20201102,7,80
6534,1,A,1,805020208020,20201102,7,81
6535,2,A,0,805020208020,20201102,7,82
6536,1,A,1,805020208020,20201102,7,83
6537,2,A,1,805020208020,20201102,7,84
6538,1,A,1,805020208020,20201102,7,85
6539,2,A,1,805020208020,20201102,7,86
6540,1,A,0,805020208020,20201102,7,87
6541,2,A,0,805020208020,20201102,7,88
6542,1,A,1,805020208020,20201102,7,89
6543,2,A,1,805020208020,20201102,7,90
6544,1,A,0,805020208020,20201102,7,91
6545,2,A,1,805020208020,20201102,7,92
6546,1,A,1,805020208020,20201102,7,93
6547,2,A,1,805020208020,20201102,7,94
6548,1,A,1,805020208020,20201102,7,95
6549,2,A,1,805020208020,20201102,7,96
6550,1,A,1,805020208020,20201102,7,97
6551,2,A,1,805020208020,20201102,7,98
6552,1,A,0,805020208020,20201102,7,99
6553,2,A,0,805020208020,20201102,7,100
6554,1,A,1,805020208020,20201102,7,101
6555,2,A,1,805020208020,20201102,7,102
6556,1,A,1,805020208020,20201102,7,103
6557,2,A,0,805020208020,20201102,7,104
6558,1,A,1,805020208020,20201102,7,105
6559,2,A,1,805020208020,20201102,7,106
6560,1,A,1,805020208020,20201102,7,107
6561,2,A,0,805020208020,20201102,7,108
6562,1,A,1,805020208020,20201102,7,109
6563,2,A,0,805020208020,20201102,7,110
6564,1,A,1,805020208020,20201102,7,111
6565,2,A,0,805020208020,20201102,7,112
6566,1,A,1,805020208020,20201102,7,113
6567,2,A,1,805020208020,20201102,7,114
6568,1,A,1,805020208020,20201102,7,115
6569,2,A,1,805020208020,20201102,7,116
6570,1,A,1,805020208020,20201102,7,117
6571,2,A,1,805020208020,20201102,7,118
6572,1,A,1,805020208020,20201102,7,119
6573,2,A,0,502080202020,20201102,7,120
6574,1,A,1,502080202020,20201102,7,121
6575,2,A,0,502080202020,20201102,7,122
6576,1,A,0,502080202020,20201102,7,123
6577,2,A,0,502080202020,20201102,7,124
6578,1,A,0,502080202020,20201102,7,125
6579,2,A,0,502080202020,20201102,7,126
6580,1,A,0,502080202020,20201102,7,127
6581,2,A,0,502080202020,20201102,7,128
6582,4,B,0,502080202020,20201102,7,129
6583,3,B,0,502080202020,20201102,7,130
6584,4,B,0,502080202020,20201102,7,131
6585,3,B,1,502080202020,20201102,7,132
6586,4,B,0,502080202020,20201102,7,133
6587,3,B,1,502080202020,20201102,7,134
6588,4,B,0,502080202020,20201102,7,135
6589,3,B,0,502080202020,20201102,7,136
6590,4,B,0,502080202020,20201102,7,137
6591,3,B,1,502080202020,20201102,7,138
6592,4,B,0,502080202020,20201102,7,139
6593,3,B,1,502080202020,20201102,7,140
6594,4,B,0,502080202020,20201102,7,141
6595,3,B,1,502080202020,20201102,7,142
6596,4,B,0,502080202020,20201102,7,143
6597,3,B,1,502080202020,20201102,7,144
6598,4,B,0,502080202020,20201102,7,145
6599,3,B,0,502080202020,20201102,7,146
6600,4,B,0,502080202020,20201102,7,147
6601,3,B,1,502080202020,20201102,7,148
6602,4,B,0,502080202020,20201102,7,149
6603,3,B,1,502080202020,20201102,7,150
6604,4,B,0,502080202020,20201102,7,151
6605,3,B,1,502080202020,20201102,7,152
6606,4,B,0,502080202020,20201102,7,153
6607,3,B,1,502080202020,20201102,7,154
6608,4,B,0,502080202020,20201102,7,155
6609,3,B,1,502080202020,20201102,7,156
6610,4,B,1,502080202020,20201102,7,157
6611,3,B,0,502080202020,20201102,7,158
6612,4,B,0,502080202020,20201102,7,159
6613,3,B,1,502080202020,20201102,7,160
6614,4,B,0,502080202020,20201102,7,161
6615,3,B,1,502080202020,20201102,7,162
6616,4,B,0,502080202020,20201102,7,163
6617,3,B,0,502080202020,20201102,7,164
6618,4,B,0,502080202020,20201102,7,165
6619,3,B,0,502080202020,20201102,7,166
6620,4,B,1,502080202020,20201102,7,167
6621,3,B,1,502080202020,20201102,7,168
6622,4,B,0,502080202020,20201102,7,169
6623,3,B,1,502080202020,20201102,7,170
6624,4,B,1,502080202020,20201102,7,171
6625,3,B,1,502080202020,20201102,7,172
6626,4,B,0,502080202020,20201102,7,173
6627,3,B,0,502080202020,20201102,7,174
6628,4,B,0,502080202020,20201102,7,175
6629,3,B,1,502080202020,20201102,7,176
6630,4,B,0,502080202020,20201102,7,177
6631,3,B,1,502080202020,20201102,7,178
6632,4,B,0,502080202020,20201102,7,179
6633,4,B,0,805020205020,20201102,8,0
6634,3,B,1,805020205020,20201102,8,1
6635,4,B,0,805020205020,20201102,8,2
6636,3,B,0,805020205020,20201102,8,3
6637,6,C,1,805020205020,20201102,8,4
6638,5,C,0,805020205020,20201102,8,5
6639,6,C,0,805020205020,20201102,8,6
6640,5,C,0,805020205020,20201102,8,7
6641,6,C,1,805020205020,20201102,8,8
6642,5,C,0,805020205020,20201102,8,9
6643,6,C,0,805020205020,20201102,8,10
6644,2,A,1,805020205020,20201102,8,11
6645,1,A,1,805020205020,20201102,8,12
6646,2,A,1,805020205020,20201102,8,13
6647,1,A,0,805020205020,20201102,8,14
6648,2,A,1,805020205020,20201102,8,15
6649,1,A,0,805020205020,20201102,8,16
6650,2,A,0,805020205020,20201102,8,17
6651,1,A,1,805020205020,20201102,8,18
6652,2,A,1,805020205020,20201102,8,19
6653,1,A,0,805020205020,20201102,8,20
6654,2,A,0,805020205020,20201102,8,21
6655,1,A,1,805020205020,20201102,8,22
6656,2,A,1,805020205020,20201102,8,23
6657,1,A,1,805020205020,20201102,8,24
6658,2,A,0,805020205020,20201102,8,25
6659,1,A,1,805020205020,20201102,8,26
6660,2,A,0,805020205020,20201102,8,27
6661,1,A,1,805020205020,20201102,8,28
6662,2,A,0,805020205020,20201102,8,29
6663,1,A,1,805020205020,20201102,8,30
6664,2,A,0,805020205020,20201102,8,31
6665,1,A,0,805020205020,20201102,8,32
6666,2,A,0,805020205020,20201102,8,33
6667,1,A,1,805020205020,20201102,8,34
6668,2,A,1,805020205020,20201102,8,35
6669,1,A,1,805020205020,20201102,8,36
6670,2,A,0,805020205020,20201102,8,37
6671,1,A,1,805020205020,20201102,8,38
6672,2,A,0,805020205020,20201102,8,39
6673,1,A,1,805020205020,20201102,8,40
6674,2,A,1,805020205020,20201102,8,41
6675,1,A,0,805020205020,20201102,8,42
6676,2,A,1,805020205020,20201102,8,43
6677,1,A,1,805020205020,20201102,8,44
6678,2,A,0,805020205020,20201102,8,45
6679,1,A,1,805020205020,20201102,8,46
6680,2,A,1,805020205020,20201102,8,47
6681,1,A,1,805020205020,20201102,8,48
6682,2,A,0,805020205020,20201102,8,49
6683,1,A,0,805020205020,20201102,8,50
6684,2,A,1,805020205020,20201102,8,51
6685,1,A,1,805020205020,20201102,8,52
6686,2,A,0,805020205020,20201102,8,53
6687,1,A,1,805020205020,20201102,8,54
6688,2,A,1,805020205020,20201102,8,55
6689,1,A,1,805020205020,20201102,8,56
6690,2,A,0,805020205020,20201102,8,57
6691,1,A,1,805020205020,20201102,8,58
6692,2,A,0,805020205020,20201102,8,59
6693,1,A,0,202020208050,20201102,8,60
6694,2,A,0,202020208050,20201102,8,61
6695,1,A,1,202020208050,20201102,8,62
6696,2,A,0,202020208050,20201102,8,63
6697,1,A,0,202020208050,20201102,8,64
6698,2,A,1,202020208050,20201102,8,65
6699,1,A,0,202020208050,20201102,8,66
6700,2,A,1,202020208050,20201102,8,67
6701,1,A,0,202020208050,20201102,8,68
6702,2,A,0,202020208050,20201102,8,69
6703,1,A,0,202020208050,20201102,8,70
6704,2,A,0,202020208050,20201102,8,71
6705,4,B,0,202020208050,20201102,8,72
6706,3,B,0,202020208050,20201102,8,73
6707,4,B,0,202020208050,20201102,8,74
6708,3,B,0,202020208050,20201102,8,75
6709,4,B,1,202020208050,20201102,8,76
6710,3,B,1,202020208050,20201102,8,77
6711,4,B,1,202020208050,20201102,8,78
6712,3,B,0,202020208050,20201102,8,79
6713,4,B,0,202020208050,20201102,8,80
6714,3,B,1,202020208050,20201102,8,81
6715,4,B,0,202020208050,20201102,8,82
6716,3,B,0,202020208050,20201102,8,83
6717,4,B,0,202020208050,20201102,8,84
6718,3,B,1,202020208050,20201102,8,85
6719,4,B,0,202020208050,20201102,8,86
6720,3,B,1,202020208050,20201102,8,87
6721,4,B,0,202020208050,20201102,8,88
6722,3,B,0,202020208050,20201102,8,89
6723,4,B,0,202020208050,20201102,8,90
6724,3,B,0,202020208050,20201102,8,91
6725,4,B,0,202020208050,20201102,8,92
6726,5,C,1,202020208050,20201102,8,93
6727,6,C,0,202020208050,20201102,8,94
6728,5,C,1,202020208050,20201102,8,95
6729,6,C,1,202020208050,20201102,8,96
6730,5,C,1,202020208050,20201102,8,97
6731,6,C,0,202020208050,20201102,8,98
6732,5,C,0,202020208050,20201102,8,99
6733,6,C,1,202020208050,20201102,8,100
6734,5,C,1,202020208050,20201102,8,101
6735,6,C,0,202020208050,20201102,8,102
6736,5,C,1,202020208050,20201102,8,103
6737,6,C,1,202020208050,20201102,8,104
6738,5,C,0,202020208050,20201102,8,105
6739,6,C,1,202020208050,20201102,8,106
6740,5,C,1,202020208050,20201102,8,107
6741,6,C,1,202020208050,20201102,8,108
6742,5,C,1,202020208050,20201102,8,109
6743,6,C,0,202020208050,20201102,8,110
6744,5,C,1,202020208050,20201102,8,111
6745,6,C,0,202020208050,20201102,8,112
6746,5,C,1,202020208050,20201102,8,113
6747,6,C,0,202020208050,20201102,8,114
6748,5,C,1,202020208050,20201102,8,115
6749,6,C,0,202020208050,20201102,8,116
6750,5,C,1,202020208050,20201102,8,117
6751,6,C,1,202020208050,20201102,8,118
6752,5,C,1,202020208050,20201102,8,119
6753,6,C,1,505020502050,20201102,8,120
6754,5,C,0,505020502050,20201102,8,121
6755,6,C,1,505020502050,20201102,8,122
6756,5,C,0,505020502050,20201102,8,123
6757,6,C,0,505020502050,20201102,8,124
6758,5,C,0,505020502050,20201102,8,125
6759,6,C,0,505020502050,20201102,8,126
6760,5,C,0,505020502050,20201102,8,127
6761,6,C,1,505020502050,20201102,8,128
6762,5,C,0,505020502050,20201102,8,129
6763,6,C,0,505020502050,20201102,8,130
6764,5,C,0,505020502050,20201102,8,131
6765,6,C,1,505020502050,20201102,8,132
6766,5,C,0,505020502050,20201102,8,133
6767,6,C,0,505020502050,20201102,8,134
6768,5,C,0,505020502050,20201102,8,135
6769,6,C,1,505020502050,20201102,8,136
6770,5,C,1,505020502050,20201102,8,137
6771,6,C,1,505020502050,20201102,8,138
6772,5,C,0,505020502050,20201102,8,139
6773,6,C,0,505020502050,20201102,8,140
6774,5,C,0,505020502050,20201102,8,141
6775,6,C,0,505020502050,20201102,8,142
6776,5,C,0,505020502050,20201102,8,143
6777,6,C,1,505020502050,20201102,8,144
6778,5,C,0,505020502050,20201102,8,145
6779,6,C,0,505020502050,20201102,8,146
6780,2,A,1,505020502050,20201102,8,147
6781,1,A,1,505020502050,20201102,8,148
6782,2,A,0,505020502050,20201102,8,149
6783,1,A,0,505020502050,20201102,8,150
6784,2,A,0,505020502050,20201102,8,151
6785,1,A,1,505020502050,20201102,8,152
6786,2,A,0,505020502050,20201102,8,153
6787,1,A,1,505020502050,20201102,8,154
6788,2,A,1,505020502050,20201102,8,155
6789,1,A,0,505020502050,20201102,8,156
6790,2,A,1,505020502050,20201102,8,157
6791,1,A,1,505020502050,20201102,8,158
6792,2,A,0,505020502050,20201102,8,159
6793,1,A,1,505020502050,20201102,8,160
6794,2,A,0,505020502050,20201102,8,161
6795,1,A,1,505020502050,20201102,8,162
6796,2,A,0,505020502050,20201102,8,163
6797,1,A,1,505020502050,20201102,8,164
6798,2,A,0,505020502050,20201102,8,165
6799,1,A,0,505020502050,20201102,8,166
6800,2,A,0,505020502050,20201102,8,167
6801,1,A,0,505020502050,20201102,8,168
6802,2,A,1,505020502050,20201102,8,169
6803,1,A,1,505020502050,20201102,8,170
6804,2,A,0,505020502050,20201102,8,171
6805,1,A,1,505020502050,20201102,8,172
6806,2,A,0,505020502050,20201102,8,173
6807,1,A,0,505020502050,20201102,8,174
6808,2,A,1,505020502050,20201102,8,175
6809,1,A,1,505020502050,20201102,8,176
6810,2,A,1,505020502050,20201102,8,177
6811,1,A,1,505020502050,20201102,8,178
6812,2,A,0,505020502050,20201102,8,179
6813,4,B,1,508050208020,20201103,1,0
6814,3,B,1,508050208020,20201103,1,1
6815,4,B,1,508050208020,20201103,1,2
6816,2,A,0,508050208020,20201103,1,3
6817,1,A,1,508050208020,20201103,1,4
6818,2,A,1,508050208020,20201103,1,5
6819,5,C,1,508050208020,20201103,1,6
6820,6,C,0,508050208020,20201103,1,7
6821,5,C,1,508050208020,20201103,1,8
6822,6,C,0,508050208020,20201103,1,9
6823,5,C,1,508050208020,20201103,1,10
6824,4,B,0,508050208020,20201103,1,11
6825,3,B,1,508050208020,20201103,1,12
6826,4,B,0,508050208020,20201103,1,13
6827,3,B,0,508050208020,20201103,1,14
6828,4,B,0,508050208020,20201103,1,15
6829,3,B,1,508050208020,20201103,1,16
6830,2,A,1,508050208020,20201103,1,17
6831,1,A,1,508050208020,20201103,1,18
6832,2,A,1,508050208020,20201103,1,19
6833,1,A,0,508050208020,20201103,1,20
6834,2,A,1,508050208020,20201103,1,21
6835,1,A,1,508050208020,20201103,1,22
6836,2,A,0,508050208020,20201103,1,23
6837,1,A,1,508050208020,20201103,1,24
6838,2,A,1,508050208020,20201103,1,25
6839,5,C,1,508050208020,20201103,1,26
6840,6,C,0,508050208020,20201103,1,27
6841,5,C,1,508050208020,20201103,1,28
6842,6,C,0,508050208020,20201103,1,29
6843,5,C,1,508050208020,20201103,1,30
6844,6,C,0,508050208020,20201103,1,31
6845,5,C,1,508050208020,20201103,1,32
6846,4,B,0,508050208020,20201103,1,33
6847,3,B,1,508050208020,20201103,1,34
6848,4,B,0,508050208020,20201103,1,35
6849,3,B,0,508050208020,20201103,1,36
6850,4,B,0,508050208020,20201103,1,37
6851,3,B,1,508050208020,20201103,1,38
6852,2,A,1,508050208020,20201103,1,39
6853,1,A,0,508050208020,20201103,1,40
6854,2,A,1,508050208020,20201103,1,41
6855,1,A,0,508050208020,20201103,1,42
6856,2,A,1,508050208020,20201103,1,43
6857,1,A,0,508050208020,20201103,1,44
6858,2,A,1,508050208020,20201103,1,45
6859,1,A,0,508050208020,20201103,1,46
6860,2,A,0,508050208020,20201103,1,47
6861,6,C,0,508050208020,20201103,1,48
6862,5,C,0,508050208020,20201103,1,49
6863,6,C,1,508050208020,20201103,1,50
6864,5,C,0,508050208020,20201103,1,51
6865,6,C,1,508050208020,20201103,1,52
6866,5,C,1,508050208020,20201103,1,53
6867,6,C,0,508050208020,20201103,1,54
6868,5,C,1,508050208020,20201103,1,55
6869,6,C,0,508050208020,20201103,1,56
6870,5,C,1,508050208020,20201103,1,57
6871,6,C,1,508050208020,20201103,1,58
6872,5,C,1,508050208020,20201103,1,59
6873,6,C,1,502020205080,20201103,1,60
6874,5,C,1,502020205080,20201103,1,61
6875,6,C,0,502020205080,20201103,1,62
6876,5,C,1,502020205080,20201103,1,63
6877,6,C,1,502020205080,20201103,1,64
6878,5,C,0,502020205080,20201103,1,65
6879,6,C,0,502020205080,20201103,1,66
6880,5,C,0,502020205080,20201103,1,67
6881,6,C,1,502020205080,20201103,1,68
6882,5,C,1,502020205080,20201103,1,69
6883,6,C,1,502020205080,20201103,1,70
6884,5,C,0,502020205080,20201103,1,71
6885,6,C,0,502020205080,20201103,1,72
6886,5,C,0,502020205080,20201103,1,73
6887,6,C,0,502020205080,20201103,1,74
6888,5,C,0,502020205080,20201103,1,75
6889,6,C,1,502020205080,20201103,1,76
6890,2,A,0,502020205080,20201103,1,77
6891,1,A,1,502020205080,20201103,1,78
6892,2,A,1,502020205080,20201103,1,79
6893,1,A,0,502020205080,20201103,1,80
6894,2,A,0,502020205080,20201103,1,81
6895,1,A,1,502020205080,20201103,1,82
6896,2,A,0,502020205080,20201103,1,83
6897,1,A,1,502020205080,20201103,1,84
6898,2,A,1,502020205080,20201103,1,85
6899,1,A,0,502020205080,20201103,1,86
6900,2,A,0,502020205080,20201103,1,87
6901,4,B,0,502020205080,20201103,1,88
6902,3,B,0,502020205080,20201103,1,89
6903,4,B,0,502020205080,20201103,1,90
6904,3,B,0,502020205080,20201103,1,91
6905,4,B,0,502020205080,20201103,1,92
6906,6,C,1,502020205080,20201103,1,93
6907,5,C,1,502020205080,20201103,1,94
6908,6,C,1,502020205080,20201103,1,95
6909,5,C,1,502020205080,20201103,1,96
6910,6,C,1,502020205080,20201103,1,97
6911,5,C,1,502020205080,20201103,1,98
6912,6,C,1,502020205080,20201103,1,99
6913,5,C,1,502020205080,20201103,1,100
6914,6,C,1,502020205080,20201103,1,101
6915,5,C,1,502020205080,20201103,1,102
6916,6,C,0,502020205080,20201103,1,103
6917,5,C,1,502020205080,20201103,1,104
6918,6,C,1,502020205080,20201103,1,105
6919,5,C,0,502020205080,20201103,1,106
6920,6,C,0,502020205080,20201103,1,107
6921,5,C,0,502020205080,20201103,1,108
6922,6,C,1,502020205080,20201103,1,109
6923,5,C,0,502020205080,20201103,1,110
6924,6,C,1,502020205080,20201103,1,111
6925,5,C,1,502020205080,20201103,1,112
6926,6,C,0,502020205080,20201103,1,113
6927,5,C,0,502020205080,20201103,1,114
6928,6,C,1,502020205080,20201103,1,115
6929,5,C,0,502020205080,20201103,1,116
6930,6,C,0,502020205080,20201103,1,117
6931,5,C,1,502020205080,20201103,1,118
6932,6,C,0,502020205080,20201103,1,119
6933,5,C,0,202050502050,20201103,1,120
6934,6,C,1,202050502050,20201103,1,121
6935,5,C,0,202050502050,20201103,1,122
6936,6,C,0,202050502050,20201103,1,123
6937,5,C,0,202050502050,20201103,1,124
6938,6,C,1,202050502050,20201103,1,125
6939,5,C,0,202050502050,20201103,1,126
6940,6,C,1,202050502050,20201103,1,127
6941,5,C,0,202050502050,20201103,1,128
6942,6,C,0,202050502050,20201103,1,129
6943,5,C,0,202050502050,20201103,1,130
6944,6,C,1,202050502050,20201103,1,131
6945,2,A,0,202050502050,20201103,1,132
6946,1,A,0,202050502050,20201103,1,133
6947,2,A,0,202050502050,20201103,1,134
6948,1,A,0,202050502050,20201103,1,135
6949,2,A,0,202050502050,20201103,1,136
6950,4,B,1,202050502050,20201103,1,137
6951,3,B,1,202050502050,20201103,1,138
6952,4,B,0,202050502050,20201103,1,139
6953,3,B,0,202050502050,20201103,1,140
6954,4,B,0,202050502050,20201103,1,141
6955,3,B,1,202050502050,20201103,1,142
6956,4,B,0,202050502050,20201103,1,143
6957,3,B,1,202050502050,20201103,1,144
6958,4,B,1,202050502050,20201103,1,145
6959,3,B,0,202050502050,20201103,1,146
6960,4,B,0,202050502050,20201103,1,147
6961,3,B,1,202050502050,20201103,1,148
6962,4,B,1,202050502050,20201103,1,149
6963,3,B,1,202050502050,20201103,1,150
6964,4,B,0,202050502050,20201103,1,151
6965,3,B,0,202050502050,20201103,1,152
6966,4,B,0,202050502050,20201103,1,153
6967,3,B,1,202050502050,20201103,1,154
6968,4,B,1,202050502050,20201103,1,155
6969,3,B,0,202050502050,20201103,1,156
6970,4,B,0,202050502050,20201103,1,157
6971,3,B,1,202050502050,20201103,1,158
6972,4,B,1,202050502050,20201103,1,159
6973,3,B,1,202050502050,20201103,1,160
6974,4,B,1,202050502050,20201103,1,161
6975,3,B,1,202050502050,20201103,1,162
6976,4,B,1,202050502050,20201103,1,163
6977,3,B,1,202050502050,20201103,1,164
6978,4,B,1,202050502050,20201103,1,165
6979,3,B,1,202050502050,20201103,1,166
6980,4,B,0,202050502050,20201103,1,167
6981,3,B,1,202050502050,20201103,1,168
6982,4,B,1,202050502050,20201103,1,169
6983,3,B,1,202050502050,20201103,1,170
6984,4,B,0,202050502050,20201103,1,171
6985,3,B,1,202050502050,20201103,1,172
6986,4,B,0,202050502050,20201103,1,173
6987,3,B,0,202050502050,20201103,1,174
6988,4,B,1,202050502050,20201103,1,175
6989,3,B,1,202050502050,20201103,1,176
6990,4,B,1,202050502050,20201103,1,177
6991,3,B,0,202050502050,20201103,1,178
6992,4,B,1,202050502050,20201103,1,179
6993,4,B,1,205080508020,20201103,2,0
6994,3,B,1,205080508020,20201103,2,1
6995,4,B,1,205080508020,20201103,2,2
6996,2,A,0,205080508020,20201103,2,3
6997,1,A,0,205080508020,20201103,2,4
6998,2,A,1,205080508020,20201103,2,5
6999,5,C,1,205080508020,20201103,2,6
7000,6,C,0,205080508020,20201103,2,7
7001,5,C,1,205080508020,20201103,2,8
7002,6,C,0,205080508020,20201103,2,9
7003,5,C,1,205080508020,20201103,2,10
7004,6,C,0,205080508020,20201103,2,11
7005,5,C,1,205080508020,20201103,2,12
7006,6,C,1,205080508020,20201103,2,13
7007,5,C,1,205080508020,20201103,2,14
7008,6,C,0,205080508020,20201103,2,15
7009,5,C,1,205080508020,20201103,2,16
7010,6,C,0,205080508020,20201103,2,17
7011,5,C,1,205080508020,20201103,2,18
7012,6,C,0,205080508020,20201103,2,19
7013,5,C,1,205080508020,20201103,2,20
7014,6,C,1,205080508020,20201103,2,21
7015,5,C,1,205080508020,20201103,2,22
7016,6,C,0,205080508020,20201103,2,23
7017,5,C,0,205080508020,20201103,2,24
7018,6,C,0,205080508020,20201103,2,25
7019,5,C,1,205080508020,20201103,2,26
7020,6,C,0,205080508020,20201103,2,27
7021,5,C,1,205080508020,20201103,2,28
7022,6,C,1,205080508020,20201103,2,29
7023,5,C,1,205080508020,20201103,2,30
7024,6,C,1,205080508020,20201103,2,31
7025,5,C,1,205080508020,20201103,2,32
7026,6,C,0,205080508020,20201103,2,33
7027,5,C,1,205080508020,20201103,2,34
7028,6,C,0,205080508020,20201103,2,35
7029,5,C,1,205080508020,20201103,2,36
7030,6,C,0,205080508020,20201103,2,37
7031,5,C,1,205080508020,20201103,2,38
7032,6,C,0,205080508020,20201103,2,39
7033,5,C,1,205080508020,20201103,2,40
7034,6,C,0,205080508020,20201103,2,41
7035,5,C,1,205080508020,20201103,2,42
7036,6,C,0,205080508020,20201103,2,43
7037,5,C,1,205080508020,20201103,2,44
7038,6,C,0,205080508020,20201103,2,45
7039,5,C,1,205080508020,20201103,2,46
7040,6,C,0,205080508020,20201103,2,47
7041,5,C,1,205080508020,20201103,2,48
7042,6,C,0,205080508020,20201103,2,49
7043,5,C,1,205080508020,20201103,2,50
7044,6,C,0,205080508020,20201103,2,51
7045,5,C,1,205080508020,20201103,2,52
7046,6,C,0,205080508020,20201103,2,53
7047,5,C,1,205080508020,20201103,2,54
7048,6,C,0,205080508020,20201103,2,55
7049,5,C,1,205080508020,20201103,2,56
7050,6,C,1,205080508020,20201103,2,57
7051,5,C,1,205080508020,20201103,2,58
7052,6,C,0,205080508020,20201103,2,59
7053,5,C,1,208020508050,20201103,2,60
7054,6,C,0,208020508050,20201103,2,61
7055,5,C,1,208020508050,20201103,2,62
7056,6,C,0,208020508050,20201103,2,63
7057,5,C,0,208020508050,20201103,2,64
7058,6,C,0,208020508050,20201103,2,65
7059,5,C,0,208020508050,20201103,2,66
7060,6,C,1,208020508050,20201103,2,67
7061,5,C,1,208020508050,20201103,2,68
7062,6,C,0,208020508050,20201103,2,69
7063,5,C,0,208020508050,20201103,2,70
7064,6,C,0,208020508050,20201103,2,71
7065,5,C,1,208020508050,20201103,2,72
7066,6,C,1,208020508050,20201103,2,73
7067,5,C,1,208020508050,20201103,2,74
7068,6,C,1,208020508050,20201103,2,75
7069,5,C,1,208020508050,20201103,2,76
7070,6,C,1,208020508050,20201103,2,77
7071,5,C,1,208020508050,20201103,2,78
7072,6,C,0,208020508050,20201103,2,79
7073,5,C,1,208020508050,20201103,2,80
7074,6,C,1,208020508050,20201103,2,81
7075,5,C,0,208020508050,20201103,2,82
7076,6,C,0,208020508050,20201103,2,83
7077,5,C,1,208020508050,20201103,2,84
7078,6,C,1,208020508050,20201103,2,85
7079,5,C,1,208020508050,20201103,2,86
7080,6,C,1,208020508050,20201103,2,87
7081,5,C,1,208020508050,20201103,2,88
7082,6,C,1,208020508050,20201103,2,89
7083,5,C,1,208020508050,20201103,2,90
7084,6,C,0,208020508050,20201103,2,91
7085,5,C,1,208020508050,20201103,2,92
7086,6,C,1,208020508050,20201103,2,93
7087,5,C,1,208020508050,20201103,2,94
7088,6,C,0,208020508050,20201103,2,95
7089,5,C,1,208020508050,20201103,2,96
7090,6,C,1,208020508050,20201103,2,97
7091,5,C,1,208020508050,20201103,2,98
7092,6,C,0,208020508050,20201103,2,99
7093,5,C,1,208020508050,20201103,2,100
7094,6,C,1,208020508050,20201103,2,101
7095,5,C,1,208020508050,20201103,2,102
7096,6,C,0,208020508050,20201103,2,103
7097,5,C,1,208020508050,20201103,2,104
7098,6,C,0,208020508050,20201103,2,105
7099,5,C,1,208020508050,20201103,2,106
7100,6,C,1,208020508050,20201103,2,107
7101,5,C,1,208020508050,20201103,2,108
7102,6,C,1,208020508050,20201103,2,109
7103,5,C,1,208020508050,20201103,2,110
7104,6,C,1,208020508050,20201103,2,111
7105,5,C,1,208020508050,20201103,2,112
7106,6,C,1,208020508050,20201103,2,113
7107,5,C,1,208020508050,20201103,2,114
7108,6,C,1,208020508050,20201103,2,115
7109,5,C,0,208020508050,20201103,2,116
7110,6,C,0,208020508050,20201103,2,117
7111,5,C,1,208020508050,20201103,2,118
7112,6,C,0,208020508050,20201103,2,119
7113,5,C,0,805050205050,20201103,2,120
7114,6,C,1,805050205050,20201103,2,121
7115,5,C,0,805050205050,20201103,2,122
7116,6,C,0,805050205050,20201103,2,123
7117,5,C,0,805050205050,20201103,2,124
7118,6,C,0,805050205050,20201103,2,125
7119,5,C,0,805050205050,20201103,2,126
7120,6,C,1,805050205050,20201103,2,127
7121,5,C,0,805050205050,20201103,2,128
7122,6,C,0,805050205050,20201103,2,129
7123,5,C,0,805050205050,20201103,2,130
7124,6,C,0,805050205050,20201103,2,131
7125,5,C,0,805050205050,20201103,2,132
7126,6,C,0,805050205050,20201103,2,133
7127,5,C,0,805050205050,20201103,2,134
7128,6,C,1,805050205050,20201103,2,135
7129,5,C,1,805050205050,20201103,2,136
7130,6,C,1,805050205050,20201103,2,137
7131,5,C,0,805050205050,20201103,2,138
7132,6,C,1,805050205050,20201103,2,139
7133,5,C,1,805050205050,20201103,2,140
7134,6,C,0,805050205050,20201103,2,141
7135,5,C,1,805050205050,20201103,2,142
7136,6,C,0,805050205050,20201103,2,143
7137,5,C,0,805050205050,20201103,2,144
7138,6,C,0,805050205050,20201103,2,145
7139,5,C,1,805050205050,20201103,2,146
7140,6,C,0,805050205050,20201103,2,147
7141,5,C,1,805050205050,20201103,2,148
7142,6,C,1,805050205050,20201103,2,149
7143,5,C,1,805050205050,20201103,2,150
7144,6,C,0,805050205050,20201103,2,151
7145,5,C,0,805050205050,20201103,2,152
7146,6,C,1,805050205050,20201103,2,153
7147,5,C,1,805050205050,20201103,2,154
7148,6,C,0,805050205050,20201103,2,155
7149,5,C,0,805050205050,20201103,2,156
7150,6,C,0,805050205050,20201103,2,157
7151,5,C,0,805050205050,20201103,2,158
7152,6,C,1,805050205050,20201103,2,159
7153,5,C,1,805050205050,20201103,2,160
7154,6,C,1,805050205050,20201103,2,161
7155,5,C,1,805050205050,20201103,2,162
7156,6,C,1,805050205050,20201103,2,163
7157,5,C,1,805050205050,20201103,2,164
7158,6,C,1,805050205050,20201103,2,165
7159,5,C,1,805050205050,20201103,2,166
7160,6,C,1,805050205050,20201103,2,167
7161,5,C,0,805050205050,20201103,2,168
7162,6,C,1,805050205050,20201103,2,169
7163,5,C,1,805050205050,20201103,2,170
7164,6,C,0,805050205050,20201103,2,171
7165,5,C,1,805050205050,20201103,2,172
7166,6,C,1,805050205050,20201103,2,173
7167,5,C,1,805050205050,20201103,2,174
7168,6,C,0,805050205050,20201103,2,175
7169,5,C,0,805050205050,20201103,2,176
7170,6,C,1,805050205050,20201103,2,177
7171,5,C,1,805050205050,20201103,2,178
7172,6,C,1,805050205050,20201103,2,179
7173,4,B,0,202020508020,20201103,3,0
7174,3,B,0,202020508020,20201103,3,1
7175,4,B,1,202020508020,20201103,3,2
7176,2,A,0,202020508020,20201103,3,3
7177,1,A,0,202020508020,20201103,3,4
7178,2,A,0,202020508020,20201103,3,5
7179,1,A,0,202020508020,20201103,3,6
7180,6,C,0,202020508020,20201103,3,7
7181,5,C,1,202020508020,20201103,3,8
7182,6,C,1,202020508020,20201103,3,9
7183,5,C,1,202020508020,20201103,3,10
7184,6,C,0,202020508020,20201103,3,11
7185,5,C,1,202020508020,20201103,3,12
7186,6,C,0,202020508020,20201103,3,13
7187,5,C,1,202020508020,20201103,3,14
7188,6,C,0,202020508020,20201103,3,15
7189,5,C,1,202020508020,20201103,3,16
7190,6,C,0,202020508020,20201103,3,17
7191,5,C,1,202020508020,20201103,3,18
7192,6,C,0,202020508020,20201103,3,19
7193,5,C,1,202020508020,20201103,3,20
7194,6,C,0,202020508020,20201103,3,21
7195,5,C,1,202020508020,20201103,3,22
7196,6,C,0,202020508020,20201103,3,23
7197,5,C,1,202020508020,20201103,3,24
7198,6,C,0,202020508020,20201103,3,25
7199,5,C,1,202020508020,20201103,3,26
7200,6,C,0,202020508020,20201103,3,27
7201,5,C,1,202020508020,20201103,3,28
7202,6,C,0,202020508020,20201103,3,29
7203,5,C,0,202020508020,20201103,3,30
7204,6,C,0,202020508020,20201103,3,31
7205,5,C,0,202020508020,20201103,3,32
7206,6,C,0,202020508020,20201103,3,33
7207,5,C,1,202020508020,20201103,3,34
7208,4,B,1,202020508020,20201103,3,35
7209,3,B,0,202020508020,20201103,3,36
7210,4,B,1,202020508020,20201103,3,37
7211,3,B,0,202020508020,20201103,3,38
7212,4,B,0,202020508020,20201103,3,39
7213,3,B,0,202020508020,20201103,3,40
7214,4,B,0,202020508020,20201103,3,41
7215,2,A,0,202020508020,20201103,3,42
7216,1,A,1,202020508020,20201103,3,43
7217,2,A,0,202020508020,20201103,3,44
7218,1,A,0,202020508020,20201103,3,45
7219,2,A,0,202020508020,20201103,3,46
7220,1,A,0,202020508020,20201103,3,47
7221,5,C,1,202020508020,20201103,3,48
7222,6,C,0,202020508020,20201103,3,49
7223,5,C,1,202020508020,20201103,3,50
7224,6,C,0,202020508020,20201103,3,51
7225,5,C,1,202020508020,20201103,3,52
7226,6,C,0,202020508020,20201103,3,53
7227,5,C,1,202020508020,20201103,3,54
7228,6,C,1,202020508020,20201103,3,55
7229,5,C,1,202020508020,20201103,3,56
7230,6,C,0,202020508020,20201103,3,57
7231,5,C,0,202020508020,20201103,3,58
7232,6,C,0,202020508020,20201103,3,59
7233,5,C,1,502020205050,20201103,3,60
7234,6,C,0,502020205050,20201103,3,61
7235,5,C,0,502020205050,20201103,3,62
7236,6,C,0,502020205050,20201103,3,63
7237,5,C,1,502020205050,20201103,3,64
7238,6,C,0,502020205050,20201103,3,65
7239,5,C,1,502020205050,20201103,3,66
7240,6,C,1,502020205050,20201103,3,67
7241,5,C,1,502020205050,20201103,3,68
7242,6,C,0,502020205050,20201103,3,69
7243,5,C,0,502020205050,20201103,3,70
7244,6,C,1,502020205050,20201103,3,71
7245,5,C,1,502020205050,20201103,3,72
7246,6,C,0,502020205050,20201103,3,73
7247,5,C,1,502020205050,20201103,3,74
7248,6,C,1,502020205050,20201103,3,75
7249,5,C,1,502020205050,20201103,3,76
7250,6,C,1,502020205050,20201103,3,77
7251,5,C,0,502020205050,20201103,3,78
7252,6,C,1,502020205050,20201103,3,79
7253,5,C,0,502020205050,20201103,3,80
7254,6,C,1,502020205050,20201103,3,81
7255,5,C,1,502020205050,20201103,3,82
7256,6,C,0,502020205050,20201103,3,83
7257,5,C,0,502020205050,20201103,3,84
7258,6,C,0,502020205050,20201103,3,85
7259,5,C,0,502020205050,20201103,3,86
7260,6,C,1,502020205050,20201103,3,87
7261,5,C,0,502020205050,20201103,3,88
7262,6,C,1,502020205050,20201103,3,89
7263,5,C,1,502020205050,20201103,3,90
7264,6,C,1,502020205050,20201103,3,91
7265,5,C,1,502020205050,20201103,3,92
7266,6,C,1,502020205050,20201103,3,93
7267,5,C,1,502020205050,20201103,3,94
7268,6,C,0,502020205050,20201103,3,95
7269,5,C,1,502020205050,20201103,3,96
7270,6,C,1,502020205050,20201103,3,97
7271,5,C,0,502020205050,20201103,3,98
7272,6,C,0,502020205050,20201103,3,99
7273,5,C,0,502020205050,20201103,3,100
7274,6,C,1,502020205050,20201103,3,101
7275,5,C,1,502020205050,20201103,3,102
7276,6,C,1,502020205050,20201103,3,103
7277,5,C,0,502020205050,20201103,3,104
7278,6,C,1,502020205050,20201103,3,105
7279,5,C,0,502020205050,20201103,3,106
7280,6,C,0,502020205050,20201103,3,107
7281,5,C,0,502020205050,20201103,3,108
7282,6,C,1,502020205050,20201103,3,109
7283,5,C,1,502020205050,20201103,3,110
7284,6,C,1,502020205050,20201103,3,111
7285,5,C,0,502020205050,20201103,3,112
7286,6,C,0,502020205050,20201103,3,113
7287,5,C,1,502020205050,20201103,3,114
7288,6,C,1,502020205050,20201103,3,115
7289,5,C,1,502020205050,20201103,3,116
7290,6,C,0,502020205050,20201103,3,117
7291,5,C,0,502020205050,20201103,3,118
7292,6,C,1,502020205050,20201103,3,119
7293,5,C,0,205080502020,20201103,3,120
7294,6,C,0,205080502020,20201103,3,121
7295,5,C,0,205080502020,20201103,3,122
7296,6,C,0,205080502020,20201103,3,123
7297,5,C,0,205080502020,20201103,3,124
7298,6,C,1,205080502020,20201103,3,125
7299,5,C,0,205080502020,20201103,3,126
7300,6,C,0,205080502020,20201103,3,127
7301,5,C,0,205080502020,20201103,3,128
7302,6,C,0,205080502020,20201103,3,129
7303,2,A,1,205080502020,20201103,3,130
7304,1,A,0,205080502020,20201103,3,131
7305,2,A,0,205080502020,20201103,3,132
7306,4,B,1,205080502020,20201103,3,133
7307,3,B,1,205080502020,20201103,3,134
7308,4,B,0,205080502020,20201103,3,135
7309,3,B,1,205080502020,20201103,3,136
7310,4,B,1,205080502020,20201103,3,137
7311,3,B,1,205080502020,20201103,3,138
7312,4,B,1,205080502020,20201103,3,139
7313,3,B,1,205080502020,20201103,3,140
7314,4,B,0,205080502020,20201103,3,141
7315,3,B,1,205080502020,20201103,3,142
7316,4,B,0,205080502020,20201103,3,143
7317,3,B,1,205080502020,20201103,3,144
7318,4,B,1,205080502020,20201103,3,145
7319,3,B,1,205080502020,20201103,3,146
7320,4,B,1,205080502020,20201103,3,147
7321,3,B,1,205080502020,20201103,3,148
7322,4,B,0,205080502020,20201103,3,149
7323,3,B,1,205080502020,20201103,3,150
7324,4,B,0,205080502020,20201103,3,151
7325,3,B,0,205080502020,20201103,3,152
7326,4,B,0,205080502020,20201103,3,153
7327,3,B,1,205080502020,20201103,3,154
7328,4,B,0,205080502020,20201103,3,155
7329,3,B,1,205080502020,20201103,3,156
7330,4,B,1,205080502020,20201103,3,157
7331,3,B,1,205080502020,20201103,3,158
7332,4,B,1,205080502020,20201103,3,159
7333,3,B,0,205080502020,20201103,3,160
7334,4,B,0,205080502020,20201103,3,161
7335,3,B,1,205080502020,20201103,3,162
7336,4,B,0,205080502020,20201103,3,163
7337,3,B,1,205080502020,20201103,3,164
7338,4,B,0,205080502020,20201103,3,165
7339,3,B,1,205080502020,20201103,3,166
7340,4,B,1,205080502020,20201103,3,167
7341,3,B,0,205080502020,20201103,3,168
7342,4,B,1,205080502020,20201103,3,169
7343,3,B,1,205080502020,20201103,3,170
7344,4,B,0,205080502020,20201103,3,171
7345,3,B,0,205080502020,20201103,3,172
7346,4,B,0,205080502020,20201103,3,173
7347,3,B,1,205080502020,20201103,3,174
7348,4,B,1,205080502020,20201103,3,175
7349,3,B,1,205080502020,20201103,3,176
7350,4,B,0,205080502020,20201103,3,177
7351,3,B,1,205080502020,20201103,3,178
7352,4,B,0,205080502020,20201103,3,179
7353,4,B,0,805020508020,20201103,4,0
7354,3,B,0,805020508020,20201103,4,1
7355,4,B,1,805020508020,20201103,4,2
7356,2,A,1,805020508020,20201103,4,3
7357,1,A,1,805020508020,20201103,4,4
7358,2,A,0,805020508020,20201103,4,5
7359,5,C,1,805020508020,20201103,4,6
7360,6,C,0,805020508020,20201103,4,7
7361,5,C,1,805020508020,20201103,4,8
7362,6,C,0,805020508020,20201103,4,9
7363,5,C,1,805020508020,20201103,4,10
7364,6,C,0,805020508020,20201103,4,11
7365,5,C,1,805020508020,20201103,4,12
7366,6,C,0,805020508020,20201103,4,13
7367,5,C,1,805020508020,20201103,4,14
7368,6,C,0,805020508020,20201103,4,15
7369,2,A,0,805020508020,20201103,4,16
7370,1,A,0,805020508020,20201103,4,17
7371,2,A,0,805020508020,20201103,4,18
7372,4,B,1,805020508020,20201103,4,19
7373,3,B,0,805020508020,20201103,4,20
7374,4,B,1,805020508020,20201103,4,21
7375,3,B,0,805020508020,20201103,4,22
7376,4,B,1,805020508020,20201103,4,23
7377,3,B,0,805020508020,20201103,4,24
7378,4,B,0,805020508020,20201103,4,25
7379,3,B,0,805020508020,20201103,4,26
7380,4,B,0,805020508020,20201103,4,27
7381,2,A,1,805020508020,20201103,4,28
7382,1,A,1,805020508020,20201103,4,29
7383,2,A,0,805020508020,20201103,4,30
7384,1,A,0,805020508020,20201103,4,31
7385,2,A,1,805020508020,20201103,4,32
7386,5,C,1,805020508020,20201103,4,33
7387,6,C,0,805020508020,20201103,4,34
7388,5,C,1,805020508020,20201103,4,35
7389,6,C,0,805020508020,20201103,4,36
7390,5,C,1,805020508020,20201103,4,37
7391,6,C,1,805020508020,20201103,4,38
7392,5,C,0,805020508020,20201103,4,39
7393,6,C,1,805020508020,20201103,4,40
7394,5,C,1,805020508020,20201103,4,41
7395,6,C,0,805020508020,20201103,4,42
7396,5,C,1,805020508020,20201103,4,43
7397,6,C,0,805020508020,20201103,4,44
7398,5,C,1,805020508020,20201103,4,45
7399,6,C,0,805020508020,20201103,4,46
7400,5,C,1,805020508020,20201103,4,47
7401,6,C,0,805020508020,20201103,4,48
7402,5,C,0,805020508020,20201103,4,49
7403,6,C,0,805020508020,20201103,4,50
7404,5,C,0,805020508020,20201103,4,51
7405,6,C,0,805020508020,20201103,4,52
7406,5,C,1,805020508020,20201103,4,53
7407,6,C,0,805020508020,20201103,4,54
7408,5,C,1,805020508020,20201103,4,55
7409,6,C,0,805020508020,20201103,4,56
7410,5,C,1,805020508020,20201103,4,57
7411,6,C,0,805020508020,20201103,4,58
7412,5,C,1,805020508020,20201103,4,59
7413,6,C,0,502020202020,20201103,4,60
7414,5,C,0,502020202020,20201103,4,61
7415,6,C,0,502020202020,20201103,4,62
7416,5,C,1,502020202020,20201103,4,63
7417,6,C,1,502020202020,20201103,4,64
7418,5,C,1,502020202020,20201103,4,65
7419,6,C,0,502020202020,20201103,4,66
7420,5,C,0,502020202020,20201103,4,67
7421,6,C,0,502020202020,20201103,4,68
7422,5,C,0,502020202020,20201103,4,69
7423,6,C,1,502020202020,20201103,4,70
7424,5,C,0,502020202020,20201103,4,71
7425,6,C,1,502020202020,20201103,4,72
7426,5,C,1,502020202020,20201103,4,73
7427,6,C,1,502020202020,20201103,4,74
7428,5,C,0,502020202020,20201103,4,75
7429,6,C,1,502020202020,20201103,4,76
7430,5,C,1,502020202020,20201103,4,77
7431,6,C,0,502020202020,20201103,4,78
7432,5,C,1,502020202020,20201103,4,79
7433,6,C,0,502020202020,20201103,4,80
7434,5,C,0,502020202020,20201103,4,81
7435,6,C,0,502020202020,20201103,4,82
7436,5,C,0,502020202020,20201103,4,83
7437,6,C,1,502020202020,20201103,4,84
7438,5,C,0,502020202020,20201103,4,85
7439,6,C,0,502020202020,20201103,4,86
7440,1,A,1,502020202020,20201103,4,87
7441,2,A,0,502020202020,20201103,4,88
7442,1,A,0,502020202020,20201103,4,89
7443,4,B,0,502020202020,20201103,4,90
7444,3,B,0,502020202020,20201103,4,91
7445,4,B,0,502020202020,20201103,4,92
7446,3,B,0,502020202020,20201103,4,93
7447,4,B,0,502020202020,20201103,4,94
7448,6,C,1,502020202020,20201103,4,95
7449,5,C,0,502020202020,20201103,4,96
7450,6,C,1,502020202020,20201103,4,97
7451,5,C,0,502020202020,20201103,4,98
7452,6,C,1,502020202020,20201103,4,99
7453,5,C,0,502020202020,20201103,4,100
7454,6,C,0,502020202020,20201103,4,101
7455,5,C,1,502020202020,20201103,4,102
7456,6,C,0,502020202020,20201103,4,103
7457,5,C,0,502020202020,20201103,4,104
7458,6,C,0,502020202020,20201103,4,105
7459,5,C,0,502020202020,20201103,4,106
7460,6,C,0,502020202020,20201103,4,107
7461,5,C,0,502020202020,20201103,4,108
7462,6,C,1,502020202020,20201103,4,109
7463,5,C,0,502020202020,20201103,4,110
7464,6,C,0,502020202020,20201103,4,111
7465,5,C,0,502020202020,20201103,4,112
7466,6,C,0,502020202020,20201103,4,113
7467,5,C,1,502020202020,20201103,4,114
7468,6,C,0,502020202020,20201103,4,115
7469,5,C,0,502020202020,20201103,4,116
7470,6,C,0,502020202020,20201103,4,117
7471,5,C,0,502020202020,20201103,4,118
7472,6,C,0,502020202020,20201103,4,119
7473,5,C,0,202020502020,20201103,4,120
7474,1,A,0,202020502020,20201103,4,121
7475,2,A,0,202020502020,20201103,4,122
7476,1,A,0,202020502020,20201103,4,123
7477,2,A,0,202020502020,20201103,4,124
7478,4,B,1,202020502020,20201103,4,125
7479,3,B,0,202020502020,20201103,4,126
7480,4,B,0,202020502020,20201103,4,127
7481,3,B,0,202020502020,20201103,4,128
7482,4,B,1,202020502020,20201103,4,129
7483,5,C,1,202020502020,20201103,4,130
7484,6,C,0,202020502020,20201103,4,131
7485,5,C,0,202020502020,20201103,4,132
7486,6,C,0,202020502020,20201103,4,133
7487,5,C,0,202020502020,20201103,4,134
7488,6,C,1,202020502020,20201103,4,135
7489,5,C,0,202020502020,20201103,4,136
7490,6,C,0,202020502020,20201103,4,137
7491,5,C,0,202020502020,20201103,4,138
7492,6,C,0,202020502020,20201103,4,139
7493,2,A,1,202020502020,20201103,4,140
7494,1,A,1,202020502020,20201103,4,141
7495,2,A,0,202020502020,20201103,4,142
7496,1,A,0,202020502020,20201103,4,143
7497,2,A,1,202020502020,20201103,4,144
7498,1,A,0,202020502020,20201103,4,145
7499,2,A,0,202020502020,20201103,4,146
7500,4,B,0,202020502020,20201103,4,147
7501,3,B,0,202020502020,20201103,4,148
7502,4,B,1,202020502020,20201103,4,149
7503,3,B,0,202020502020,20201103,4,150
7504,4,B,1,202020502020,20201103,4,151
7505,3,B,0,202020502020,20201103,4,152
7506,4,B,0,202020502020,20201103,4,153
7507,3,B,0,202020502020,20201103,4,154
7508,4,B,1,202020502020,20201103,4,155
7509,3,B,0,202020502020,20201103,4,156
7510,4,B,0,202020502020,20201103,4,157
7511,3,B,0,202020502020,20201103,4,158
7512,4,B,0,202020502020,20201103,4,159
7513,3,B,0,202020502020,20201103,4,160
7514,4,B,1,202020502020,20201103,4,161
7515,3,B,1,202020502020,20201103,4,162
7516,4,B,1,202020502020,20201103,4,163
7517,3,B,1,202020502020,20201103,4,164
7518,4,B,0,202020502020,20201103,4,165
7519,3,B,0,202020502020,20201103,4,166
7520,4,B,0,202020502020,20201103,4,167
7521,3,B,0,202020502020,20201103,4,168
7522,4,B,0,202020502020,20201103,4,169
7523,3,B,0,202020502020,20201103,4,170
7524,4,B,0,202020502020,20201103,4,171
7525,3,B,1,202020502020,20201103,4,172
7526,4,B,1,202020502020,20201103,4,173
7527,3,B,0,202020502020,20201103,4,174
7528,4,B,1,202020502020,20201103,4,175
7529,3,B,1,202020502020,20201103,4,176
7530,4,B,0,202020502020,20201103,4,177
7531,3,B,0,202020502020,20201103,4,178
7532,4,B,0,202020502020,20201103,4,179
7533,4,B,1,805020202080,20201103,5,0
7534,3,B,0,805020202080,20201103,5,1
7535,4,B,0,805020202080,20201103,5,2
7536,2,A,1,805020202080,20201103,5,3
7537,1,A,1,805020202080,20201103,5,4
7538,2,A,0,805020202080,20201103,5,5
7539,5,C,0,805020202080,20201103,5,6
7540,6,C,1,805020202080,20201103,5,7
7541,5,C,1,805020202080,20201103,5,8
7542,6,C,1,805020202080,20201103,5,9
7543,5,C,1,805020202080,20201103,5,10
7544,6,C,1,805020202080,20201103,5,11
7545,5,C,1,805020202080,20201103,5,12
7546,6,C,1,805020202080,20201103,5,13
7547,5,C,1,805020202080,20201103,5,14
7548,6,C,1,805020202080,20201103,5,15
7549,5,C,0,805020202080,20201103,5,16
7550,6,C,0,805020202080,20201103,5,17
7551,5,C,0,805020202080,20201103,5,18
7552,6,C,0,805020202080,20201103,5,19
7553,4,B,0,805020202080,20201103,5,20
7554,3,B,0,805020202080,20201103,5,21
7555,4,B,0,805020202080,20201103,5,22
7556,2,A,1,805020202080,20201103,5,23
7557,1,A,1,805020202080,20201103,5,24
7558,2,A,1,805020202080,20201103,5,25
7559,1,A,1,805020202080,20201103,5,26
7560,2,A,0,805020202080,20201103,5,27
7561,1,A,1,805020202080,20201103,5,28
7562,2,A,0,805020202080,20201103,5,29
7563,1,A,0,805020202080,20201103,5,30
7564,2,A,1,805020202080,20201103,5,31
7565,1,A,1,805020202080,20201103,5,32
7566,2,A,0,805020202080,20201103,5,33
7567,1,A,1,805020202080,20201103,5,34
7568,2,A,1,805020202080,20201103,5,35
7569,1,A,1,805020202080,20201103,5,36
7570,2,A,0,805020202080,20201103,5,37
7571,5,C,0,805020202080,20201103,5,38
7572,6,C,1,805020202080,20201103,5,39
7573,5,C,0,805020202080,20201103,5,40
7574,6,C,1,805020202080,20201103,5,41
7575,5,C,0,805020202080,20201103,5,42
7576,6,C,1,805020202080,20201103,5,43
7577,5,C,1,805020202080,20201103,5,44
7578,6,C,1,805020202080,20201103,5,45
7579,5,C,0,805020202080,20201103,5,46
7580,6,C,0,805020202080,20201103,5,47
7581,5,C,0,805020202080,20201103,5,48
7582,6,C,1,805020202080,20201103,5,49
7583,5,C,0,805020202080,20201103,5,50
7584,6,C,1,805020202080,20201103,5,51
7585,5,C,0,805020202080,20201103,5,52
7586,6,C,1,805020202080,20201103,5,53
7587,5,C,1,805020202080,20201103,5,54
7588,6,C,1,805020202080,20201103,5,55
7589,5,C,0,805020202080,20201103,5,56
7590,6,C,1,805020202080,20201103,5,57
7591,5,C,0,805020202080,20201103,5,58
7592,6,C,1,805020202080,20201103,5,59
7593,5,C,0,205050805050,20201103,5,60
7594,6,C,1,205050805050,20201103,5,61
7595,5,C,1,205050805050,20201103,5,62
7596,6,C,0,205050805050,20201103,5,63
7597,5,C,0,205050805050,20201103,5,64
7598,6,C,0,205050805050,20201103,5,65
7599,5,C,1,205050805050,20201103,5,66
7600,6,C,0,205050805050,20201103,5,67
7601,5,C,1,205050805050,20201103,5,68
7602,6,C,0,205050805050,20201103,5,69
7603,5,C,1,205050805050,20201103,5,70
7604,6,C,0,205050805050,20201103,5,71
7605,5,C,1,205050805050,20201103,5,72
7606,6,C,0,205050805050,20201103,5,73
7607,5,C,1,205050805050,20201103,5,74
7608,6,C,1,205050805050,20201103,5,75
7609,5,C,0,205050805050,20201103,5,76
7610,6,C,0,205050805050,20201103,5,77
7611,5,C,1,205050805050,20201103,5,78
7612,6,C,0,205050805050,20201103,5,79
7613,5,C,1,205050805050,20201103,5,80
7614,6,C,0,205050805050,20201103,5,81
7615,5,C,1,205050805050,20201103,5,82
7616,6,C,0,205050805050,20201103,5,83
7617,5,C,0,205050805050,20201103,5,84
7618,6,C,0,205050805050,20201103,5,85
7619,5,C,0,205050805050,20201103,5,86
7620,6,C,1,205050805050,20201103,5,87
7621,5,C,1,205050805050,20201103,5,88
7622,6,C,1,205050805050,20201103,5,89
7623,5,C,0,205050805050,20201103,5,90
7624,6,C,0,205050805050,20201103,5,91
7625,5,C,0,205050805050,20201103,5,92
7626,6,C,0,205050805050,20201103,5,93
7627,5,C,0,205050805050,20201103,5,94
7628,6,C,1,205050805050,20201103,5,95
7629,5,C,0,205050805050,20201103,5,96
7630,6,C,0,205050805050,20201103,5,97
7631,5,C,1,205050805050,20201103,5,98
7632,6,C,0,205050805050,20201103,5,99
7633,5,C,1,205050805050,20201103,5,100
7634,6,C,0,205050805050,20201103,5,101
7635,5,C,0,205050805050,20201103,5,102
7636,6,C,1,205050805050,20201103,5,103
7637,5,C,1,205050805050,20201103,5,104
7638,6,C,1,205050805050,20201103,5,105
7639,5,C,0,205050805050,20201103,5,106
7640,6,C,0,205050805050,20201103,5,107
7641,5,C,0,205050805050,20201103,5,108
7642,6,C,1,205050805050,20201103,5,109
7643,5,C,0,205050805050,20201103,5,110
7644,6,C,1,205050805050,20201103,5,111
7645,5,C,1,205050805050,20201103,5,112
7646,6,C,1,205050805050,20201103,5,113
7647,5,C,0,205050805050,20201103,5,114
7648,6,C,1,205050805050,20201103,5,115
7649,5,C,1,205050805050,20201103,5,116
7650,6,C,0,205050805050,20201103,5,117
7651,5,C,0,205050805050,20201103,5,118
7652,6,C,0,205050805050,20201103,5,119
7653,5,C,0,502020202080,20201103,5,120
7654,6,C,1,502020202080,20201103,5,121
7655,5,C,0,502020202080,20201103,5,122
7656,6,C,1,502020202080,20201103,5,123
7657,5,C,0,502020202080,20201103,5,124
7658,6,C,1,502020202080,20201103,5,125
7659,5,C,1,502020202080,20201103,5,126
7660,6,C,0,502020202080,20201103,5,127
7661,5,C,0,502020202080,20201103,5,128
7662,6,C,1,502020202080,20201103,5,129
7663,5,C,0,502020202080,20201103,5,130
7664,6,C,1,502020202080,20201103,5,131
7665,5,C,0,502020202080,20201103,5,132
7666,6,C,0,502020202080,20201103,5,133
7667,5,C,0,502020202080,20201103,5,134
7668,6,C,1,502020202080,20201103,5,135
7669,5,C,0,502020202080,20201103,5,136
7670,6,C,0,502020202080,20201103,5,137
7671,5,C,0,502020202080,20201103,5,138
7672,6,C,1,502020202080,20201103,5,139
7673,5,C,0,502020202080,20201103,5,140
7674,6,C,0,502020202080,20201103,5,141
7675,5,C,0,502020202080,20201103,5,142
7676,6,C,1,502020202080,20201103,5,143
7677,5,C,1,502020202080,20201103,5,144
7678,6,C,1,502020202080,20201103,5,145
7679,5,C,0,502020202080,20201103,5,146
7680,6,C,1,502020202080,20201103,5,147
7681,5,C,0,502020202080,20201103,5,148
7682,6,C,1,502020202080,20201103,5,149
7683,5,C,0,502020202080,20201103,5,150
7684,6,C,1,502020202080,20201103,5,151
7685,5,C,1,502020202080,20201103,5,152
7686,6,C,1,502020202080,20201103,5,153
7687,5,C,0,502020202080,20201103,5,154
7688,6,C,1,502020202080,20201103,5,155
7689,5,C,0,502020202080,20201103,5,156
7690,6,C,1,502020202080,20201103,5,157
7691,5,C,1,502020202080,20201103,5,158
7692,6,C,1,502020202080,20201103,5,159
7693,5,C,0,502020202080,20201103,5,160
7694,6,C,1,502020202080,20201103,5,161
7695,5,C,0,502020202080,20201103,5,162
7696,6,C,1,502020202080,20201103,5,163
7697,5,C,1,502020202080,20201103,5,164
7698,6,C,1,502020202080,20201103,5,165
7699,5,C,0,502020202080,20201103,5,166
7700,6,C,0,502020202080,20201103,5,167
7701,5,C,0,502020202080,20201103,5,168
7702,6,C,1,502020202080,20201103,5,169
7703,5,C,0,502020202080,20201103,5,170
7704,6,C,1,502020202080,20201103,5,171
7705,5,C,0,502020202080,20201103,5,172
7706,6,C,1,502020202080,20201103,5,173
7707,5,C,0,502020202080,20201103,5,174
7708,6,C,1,502020202080,20201103,5,175
7709,5,C,0,502020202080,20201103,5,176
7710,6,C,1,502020202080,20201103,5,177
7711,5,C,0,502020202080,20201103,5,178
7712,6,C,1,502020202080,20201103,5,179
7713,4,B,0,205020808050,20201103,6,0
7714,3,B,0,205020808050,20201103,6,1
7715,4,B,0,205020808050,20201103,6,2
7716,1,A,0,205020808050,20201103,6,3
7717,2,A,1,205020808050,20201103,6,4
7718,1,A,0,205020808050,20201103,6,5
7719,2,A,0,205020808050,20201103,6,6
7720,5,C,0,205020808050,20201103,6,7
7721,6,C,0,205020808050,20201103,6,8
7722,5,C,1,205020808050,20201103,6,9
7723,6,C,0,205020808050,20201103,6,10
7724,5,C,0,205020808050,20201103,6,11
7725,6,C,1,205020808050,20201103,6,12
7726,5,C,0,205020808050,20201103,6,13
7727,6,C,1,205020808050,20201103,6,14
7728,5,C,1,205020808050,20201103,6,15
7729,6,C,1,205020808050,20201103,6,16
7730,5,C,1,205020808050,20201103,6,17
7731,6,C,0,205020808050,20201103,6,18
7732,5,C,0,205020808050,20201103,6,19
7733,6,C,1,205020808050,20201103,6,20
7734,5,C,0,205020808050,20201103,6,21
7735,6,C,1,205020808050,20201103,6,22
7736,5,C,1,205020808050,20201103,6,23
7737,6,C,1,205020808050,20201103,6,24
7738,5,C,1,205020808050,20201103,6,25
7739,6,C,1,205020808050,20201103,6,26
7740,5,C,1,205020808050,20201103,6,27
7741,6,C,0,205020808050,20201103,6,28
7742,5,C,0,205020808050,20201103,6,29
7743,6,C,1,205020808050,20201103,6,30
7744,5,C,0,205020808050,20201103,6,31
7745,6,C,0,205020808050,20201103,6,32
7746,5,C,1,205020808050,20201103,6,33
7747,6,C,0,205020808050,20201103,6,34
7748,5,C,1,205020808050,20201103,6,35
7749,6,C,0,205020808050,20201103,6,36
7750,5,C,1,205020808050,20201103,6,37
7751,6,C,0,205020808050,20201103,6,38
7752,5,C,1,205020808050,20201103,6,39
7753,6,C,1,205020808050,20201103,6,40
7754,5,C,1,205020808050,20201103,6,41
7755,6,C,0,205020808050,20201103,6,42
7756,5,C,1,205020808050,20201103,6,43
7757,6,C,0,205020808050,20201103,6,44
7758,5,C,1,205020808050,20201103,6,45
7759,6,C,1,205020808050,20201103,6,46
7760,5,C,1,205020808050,20201103,6,47
7761,6,C,1,205020808050,20201103,6,48
7762,5,C,0,205020808050,20201103,6,49
7763,6,C,1,205020808050,20201103,6,50
7764,5,C,1,205020808050,20201103,6,51
7765,6,C,1,205020808050,20201103,6,52
7766,5,C,1,205020808050,20201103,6,53
7767,6,C,1,205020808050,20201103,6,54
7768,5,C,1,205020808050,20201103,6,55
7769,6,C,1,205020808050,20201103,6,56
7770,5,C,1,205020808050,20201103,6,57
7771,6,C,1,205020808050,20201103,6,58
7772,5,C,1,205020808050,20201103,6,59
7773,6,C,0,508050202020,20201103,6,60
7774,5,C,1,508050202020,20201103,6,61
7775,6,C,0,508050202020,20201103,6,62
7776,5,C,1,508050202020,20201103,6,63
7777,6,C,0,508050202020,20201103,6,64
7778,5,C,0,508050202020,20201103,6,65
7779,6,C,0,508050202020,20201103,6,66
7780,5,C,0,508050202020,20201103,6,67
7781,6,C,0,508050202020,20201103,6,68
7782,5,C,0,508050202020,20201103,6,69
7783,6,C,0,508050202020,20201103,6,70
7784,5,C,1,508050202020,20201103,6,71
7785,6,C,0,508050202020,20201103,6,72
7786,5,C,0,508050202020,20201103,6,73
7787,6,C,0,508050202020,20201103,6,74
7788,5,C,1,508050202020,20201103,6,75
7789,6,C,0,508050202020,20201103,6,76
7790,5,C,0,508050202020,20201103,6,77
7791,6,C,0,508050202020,20201103,6,78
7792,4,B,0,508050202020,20201103,6,79
7793,3,B,1,508050202020,20201103,6,80
7794,4,B,0,508050202020,20201103,6,81
7795,3,B,0,508050202020,20201103,6,82
7796,4,B,0,508050202020,20201103,6,83
7797,3,B,1,508050202020,20201103,6,84
7798,4,B,1,508050202020,20201103,6,85
7799,3,B,1,508050202020,20201103,6,86
7800,4,B,0,508050202020,20201103,6,87
7801,3,B,0,508050202020,20201103,6,88
7802,4,B,0,508050202020,20201103,6,89
7803,3,B,0,508050202020,20201103,6,90
7804,4,B,0,508050202020,20201103,6,91
7805,3,B,1,508050202020,20201103,6,92
7806,4,B,0,508050202020,20201103,6,93
7807,3,B,1,508050202020,20201103,6,94
7808,4,B,0,508050202020,20201103,6,95
7809,3,B,1,508050202020,20201103,6,96
7810,4,B,0,508050202020,20201103,6,97
7811,3,B,1,508050202020,20201103,6,98
7812,4,B,0,508050202020,20201103,6,99
7813,3,B,1,508050202020,20201103,6,100
7814,4,B,1,508050202020,20201103,6,101
7815,3,B,0,508050202020,20201103,6,102
7816,4,B,0,508050202020,20201103,6,103
7817,3,B,0,508050202020,20201103,6,104
7818,4,B,0,508050202020,20201103,6,105
7819,3,B,0,508050202020,20201103,6,106
7820,4,B,1,508050202020,20201103,6,107
7821,3,B,1,508050202020,20201103,6,108
7822,4,B,0,508050202020,20201103,6,109
7823,3,B,0,508050202020,20201103,6,110
7824,4,B,0,508050202020,20201103,6,111
7825,3,B,0,508050202020,20201103,6,112
7826,4,B,1,508050202020,20201103,6,113
7827,3,B,0,508050202020,20201103,6,114
7828,4,B,1,508050202020,20201103,6,115
7829,3,B,1,508050202020,20201103,6,116
7830,4,B,0,508050202020,20201103,6,117
7831,3,B,0,508050202020,20201103,6,118
7832,4,B,0,508050202020,20201103,6,119
7833,3,B,0,202020502020,20201103,6,120
7834,4,B,1,202020502020,20201103,6,121
7835,3,B,0,202020502020,20201103,6,122
7836,4,B,0,202020502020,20201103,6,123
7837,3,B,1,202020502020,20201103,6,124
7838,4,B,1,202020502020,20201103,6,125
7839,3,B,0,202020502020,20201103,6,126
7840,4,B,1,202020502020,20201103,6,127
7841,3,B,0,202020502020,20201103,6,128
7842,4,B,1,202020502020,20201103,6,129
7843,3,B,0,202020502020,20201103,6,130
7844,4,B,0,202020502020,20201103,6,131
7845,1,A,0,202020502020,20201103,6,132
7846,2,A,0,202020502020,20201103,6,133
7847,1,A,1,202020502020,20201103,6,134
7848,2,A,0,202020502020,20201103,6,135
7849,1,A,0,202020502020,20201103,6,136
7850,2,A,1,202020502020,20201103,6,137
7851,1,A,1,202020502020,20201103,6,138
7852,2,A,0,202020502020,20201103,6,139
7853,1,A,0,202020502020,20201103,6,140
7854,2,A,0,202020502020,20201103,6,141
7855,5,C,0,202020502020,20201103,6,142
7856,6,C,0,202020502020,20201103,6,143
7857,5,C,1,202020502020,20201103,6,144
7858,6,C,0,202020502020,20201103,6,145
7859,5,C,1,202020502020,20201103,6,146
7860,6,C,0,202020502020,20201103,6,147
7861,5,C,0,202020502020,20201103,6,148
7862,6,C,1,202020502020,20201103,6,149
7863,5,C,0,202020502020,20201103,6,150
7864,6,C,0,202020502020,20201103,6,151
7865,5,C,0,202020502020,20201103,6,152
7866,6,C,0,202020502020,20201103,6,153
7867,5,C,0,202020502020,20201103,6,154
7868,6,C,0,202020502020,20201103,6,155
7869,5,C,1,202020502020,20201103,6,156
7870,6,C,0,202020502020,20201103,6,157
7871,5,C,0,202020502020,20201103,6,158
7872,6,C,0,202020502020,20201103,6,159
7873,5,C,0,202020502020,20201103,6,160
7874,6,C,0,202020502020,20201103,6,161
7875,5,C,0,202020502020,20201103,6,162
7876,4,B,1,202020502020,20201103,6,163
7877,3,B,1,202020502020,20201103,6,164
7878,4,B,1,202020502020,20201103,6,165
7879,3,B,0,202020502020,20201103,6,166
7880,4,B,1,202020502020,20201103,6,167
7881,3,B,0,202020502020,20201103,6,168
7882,4,B,1,202020502020,20201103,6,169
7883,3,B,0,202020502020,20201103,6,170
7884,4,B,0,202020502020,20201103,6,171
7885,3,B,1,202020502020,20201103,6,172
7886,4,B,1,202020502020,20201103,6,173
7887,3,B,0,202020502020,20201103,6,174
7888,4,B,1,202020502020,20201103,6,175
7889,3,B,0,202020502020,20201103,6,176
7890,4,B,1,202020502020,20201103,6,177
7891,3,B,1,202020502020,20201103,6,178
7892,4,B,1,202020502020,20201103,6,179
7893,4,B,0,802020202050,20201103,7,0
7894,3,B,1,802020202050,20201103,7,1
7895,4,B,0,802020202050,20201103,7,2
7896,2,A,0,802020202050,20201103,7,3
7897,1,A,1,802020202050,20201103,7,4
7898,2,A,0,802020202050,20201103,7,5
7899,1,A,1,802020202050,20201103,7,6
7900,5,C,1,802020202050,20201103,7,7
7901,6,C,0,802020202050,20201103,7,8
7902,5,C,0,802020202050,20201103,7,9
7903,6,C,0,802020202050,20201103,7,10
7904,5,C,0,802020202050,20201103,7,11
7905,6,C,0,802020202050,20201103,7,12
7906,5,C,1,802020202050,20201103,7,13
7907,6,C,0,802020202050,20201103,7,14
7908,5,C,1,802020202050,20201103,7,15
7909,1,A,0,802020202050,20201103,7,16
7910,2,A,1,802020202050,20201103,7,17
7911,1,A,1,802020202050,20201103,7,18
7912,2,A,1,802020202050,20201103,7,19
7913,1,A,1,802020202050,20201103,7,20
7914,2,A,0,802020202050,20201103,7,21
7915,1,A,1,802020202050,20201103,7,22
7916,2,A,0,802020202050,20201103,7,23
7917,1,A,1,802020202050,20201103,7,24
7918,2,A,0,802020202050,20201103,7,25
7919,1,A,0,802020202050,20201103,7,26
7920,2,A,1,802020202050,20201103,7,27
7921,1,A,1,802020202050,20201103,7,28
7922,2,A,1,802020202050,20201103,7,29
7923,1,A,1,802020202050,20201103,7,30
7924,2,A,0,802020202050,20201103,7,31
7925,1,A,1,802020202050,20201103,7,32
7926,2,A,0,802020202050,20201103,7,33
7927,1,A,1,802020202050,20201103,7,34
7928,2,A,0,802020202050,20201103,7,35
7929,1,A,1,802020202050,20201103,7,36
7930,2,A,0,802020202050,20201103,7,37
7931,1,A,1,802020202050,20201103,7,38
7932,2,A,1,802020202050,20201103,7,39
7933,1,A,1,802020202050,20201103,7,40
7934,2,A,0,802020202050,20201103,7,41
7935,1,A,1,802020202050,20201103,7,42
7936,2,A,0,802020202050,20201103,7,43
7937,1,A,1,802020202050,20201103,7,44
7938,2,A,0,802020202050,20201103,7,45
7939,1,A,1,802020202050,20201103,7,46
7940,2,A,0,802020202050,20201103,7,47
7941,1,A,0,802020202050,20201103,7,48
7942,2,A,0,802020202050,20201103,7,49
7943,1,A,1,802020202050,20201103,7,50
7944,2,A,0,802020202050,20201103,7,51
7945,1,A,0,802020202050,20201103,7,52
7946,2,A,0,802020202050,20201103,7,53
7947,1,A,1,802020202050,20201103,7,54
7948,2,A,0,802020202050,20201103,7,55
7949,1,A,0,802020202050,20201103,7,56
7950,2,A,0,802020202050,20201103,7,57
7951,1,A,1,802020202050,20201103,7,58
7952,2,A,0,802020202050,20201103,7,59
7953,1,A,0,205050508050,20201103,7,60
7954,2,A,0,205050508050,20201103,7,61
7955,1,A,0,205050508050,20201103,7,62
7956,2,A,0,205050508050,20201103,7,63
7957,5,C,1,205050508050,20201103,7,64
7958,6,C,0,205050508050,20201103,7,65
7959,5,C,0,205050508050,20201103,7,66
7960,6,C,0,205050508050,20201103,7,67
7961,5,C,1,205050508050,20201103,7,68
7962,6,C,0,205050508050,20201103,7,69
7963,5,C,1,205050508050,20201103,7,70
7964,6,C,0,205050508050,20201103,7,71
7965,5,C,0,205050508050,20201103,7,72
7966,6,C,1,205050508050,20201103,7,73
7967,5,C,1,205050508050,20201103,7,74
7968,6,C,0,205050508050,20201103,7,75
7969,5,C,1,205050508050,20201103,7,76
7970,6,C,1,205050508050,20201103,7,77
7971,5,C,1,205050508050,20201103,7,78
7972,6,C,0,205050508050,20201103,7,79
7973,5,C,1,205050508050,20201103,7,80
7974,6,C,1,205050508050,20201103,7,81
7975,5,C,1,205050508050,20201103,7,82
7976,6,C,0,205050508050,20201103,7,83
7977,5,C,1,205050508050,20201103,7,84
7978,6,C,0,205050508050,20201103,7,85
7979,5,C,1,205050508050,20201103,7,86
7980,6,C,1,205050508050,20201103,7,87
7981,5,C,1,205050508050,20201103,7,88
7982,6,C,1,205050508050,20201103,7,89
7983,5,C,1,205050508050,20201103,7,90
7984,6,C,0,205050508050,20201103,7,91
7985,5,C,1,205050508050,20201103,7,92
7986,6,C,1,205050508050,20201103,7,93
7987,5,C,0,205050508050,20201103,7,94
7988,6,C,0,205050508050,20201103,7,95
7989,5,C,1,205050508050,20201103,7,96
7990,6,C,1,205050508050,20201103,7,97
7991,5,C,1,205050508050,20201103,7,98
7992,6,C,1,205050508050,20201103,7,99
7993,5,C,1,205050508050,20201103,7,100
7994,6,C,0,205050508050,20201103,7,101
7995,5,C,1,205050508050,20201103,7,102
7996,6,C,1,205050508050,20201103,7,103
7997,5,C,1,205050508050,20201103,7,104
7998,6,C,0,205050508050,20201103,7,105
7999,5,C,1,205050508050,20201103,7,106
8000,6,C,1,205050508050,20201103,7,107
8001,5,C,1,205050508050,20201103,7,108
8002,6,C,0,205050508050,20201103,7,109
8003,5,C,1,205050508050,20201103,7,110
8004,6,C,1,205050508050,20201103,7,111
8005,5,C,1,205050508050,20201103,7,112
8006,6,C,0,205050508050,20201103,7,113
8007,5,C,1,205050508050,20201103,7,114
8008,6,C,1,205050508050,20201103,7,115
8009,5,C,1,205050508050,20201103,7,116
8010,6,C,0,205050508050,20201103,7,117
8011,5,C,1,205050508050,20201103,7,118
8012,6,C,1,205050508050,20201103,7,119
8013,5,C,0,502050502050,20201103,7,120
8014,6,C,1,502050502050,20201103,7,121
8015,5,C,0,502050502050,20201103,7,122
8016,6,C,1,502050502050,20201103,7,123
8017,5,C,0,502050502050,20201103,7,124
8018,6,C,1,502050502050,20201103,7,125
8019,5,C,0,502050502050,20201103,7,126
8020,6,C,1,502050502050,20201103,7,127
8021,5,C,1,502050502050,20201103,7,128
8022,6,C,0,502050502050,20201103,7,129
8023,5,C,0,502050502050,20201103,7,130
8024,6,C,0,502050502050,20201103,7,131
8025,5,C,0,502050502050,20201103,7,132
8026,6,C,1,502050502050,20201103,7,133
8027,5,C,0,502050502050,20201103,7,134
8028,6,C,0,502050502050,20201103,7,135
8029,5,C,0,502050502050,20201103,7,136
8030,6,C,0,502050502050,20201103,7,137
8031,5,C,0,502050502050,20201103,7,138
8032,6,C,0,502050502050,20201103,7,139
8033,5,C,0,502050502050,20201103,7,140
8034,6,C,1,502050502050,20201103,7,141
8035,5,C,0,502050502050,20201103,7,142
8036,6,C,1,502050502050,20201103,7,143
8037,5,C,0,502050502050,20201103,7,144
8038,6,C,0,502050502050,20201103,7,145
8039,5,C,1,502050502050,20201103,7,146
8040,6,C,1,502050502050,20201103,7,147
8041,5,C,1,502050502050,20201103,7,148
8042,6,C,1,502050502050,20201103,7,149
8043,5,C,0,502050502050,20201103,7,150
8044,6,C,0,502050502050,20201103,7,151
8045,5,C,0,502050502050,20201103,7,152
8046,6,C,0,502050502050,20201103,7,153
8047,5,C,1,502050502050,20201103,7,154
8048,6,C,1,502050502050,20201103,7,155
8049,5,C,0,502050502050,20201103,7,156
8050,6,C,0,502050502050,20201103,7,157
8051,5,C,0,502050502050,20201103,7,158
8052,6,C,0,502050502050,20201103,7,159
8053,5,C,1,502050502050,20201103,7,160
8054,6,C,1,502050502050,20201103,7,161
8055,5,C,0,502050502050,20201103,7,162
8056,6,C,1,502050502050,20201103,7,163
8057,5,C,0,502050502050,20201103,7,164
8058,6,C,1,502050502050,20201103,7,165
8059,5,C,0,502050502050,20201103,7,166
8060,6,C,0,502050502050,20201103,7,167
8061,5,C,0,502050502050,20201103,7,168
8062,6,C,0,502050502050,20201103,7,169
8063,5,C,0,502050502050,20201103,7,170
8064,6,C,1,502050502050,20201103,7,171
8065,5,C,0,502050502050,20201103,7,172
8066,6,C,1,502050502050,20201103,7,173
8067,5,C,0,502050502050,20201103,7,174
8068,6,C,0,502050502050,20201103,7,175
8069,5,C,1,502050502050,20201103,7,176
8070,6,C,1,502050502050,20201103,7,177
8071,5,C,1,502050502050,20201103,7,178
8072,6,C,1,502050502050,20201103,7,179
8073,4,B,0,205080205020,20201104,1,0
8074,3,B,0,205080205020,20201104,1,1
8075,1,A,0,205080205020,20201104,1,2
8076,2,A,0,205080205020,20201104,1,3
8077,1,A,0,205080205020,20201104,1,4
8078,2,A,0,205080205020,20201104,1,5
8079,5,C,0,205080205020,20201104,1,6
8080,6,C,0,205080205020,20201104,1,7
8081,5,C,0,205080205020,20201104,1,8
8082,6,C,1,205080205020,20201104,1,9
8083,5,C,1,205080205020,20201104,1,10
8084,6,C,0,205080205020,20201104,1,11
8085,5,C,1,205080205020,20201104,1,12
8086,6,C,1,205080205020,20201104,1,13
8087,5,C,1,205080205020,20201104,1,14
8088,6,C,0,205080205020,20201104,1,15
8089,5,C,0,205080205020,20201104,1,16
8090,6,C,0,205080205020,20201104,1,17
8091,5,C,0,205080205020,20201104,1,18
8092,2,A,0,205080205020,20201104,1,19
8093,1,A,0,205080205020,20201104,1,20
8094,2,A,1,205080205020,20201104,1,21
8095,4,B,0,205080205020,20201104,1,22
8096,3,B,0,205080205020,20201104,1,23
8097,4,B,0,205080205020,20201104,1,24
8098,3,B,1,205080205020,20201104,1,25
8099,4,B,0,205080205020,20201104,1,26
8100,2,A,1,205080205020,20201104,1,27
8101,1,A,0,205080205020,20201104,1,28
8102,2,A,0,205080205020,20201104,1,29
8103,5,C,0,205080205020,20201104,1,30
8104,6,C,0,205080205020,20201104,1,31
8105,5,C,0,205080205020,20201104,1,32
8106,6,C,0,205080205020,20201104,1,33
8107,5,C,1,205080205020,20201104,1,34
8108,6,C,0,205080205020,20201104,1,35
8109,5,C,0,205080205020,20201104,1,36
8110,6,C,1,205080205020,20201104,1,37
8111,5,C,1,205080205020,20201104,1,38
8112,6,C,0,205080205020,20201104,1,39
8113,5,C,1,205080205020,20201104,1,40
8114,6,C,1,205080205020,20201104,1,41
8115,5,C,0,205080205020,20201104,1,42
8116,6,C,0,205080205020,20201104,1,43
8117,5,C,0,205080205020,20201104,1,44
8118,6,C,0,205080205020,20201104,1,45
8119,5,C,0,205080205020,20201104,1,46
8120,6,C,0,205080205020,20201104,1,47
8121,4,B,0,205080205020,20201104,1,48
8122,3,B,1,205080205020,20201104,1,49
8123,4,B,0,205080205020,20201104,1,50
8124,3,B,1,205080205020,20201104,1,51
8125,4,B,0,205080205020,20201104,1,52
8126,3,B,1,205080205020,20201104,1,53
8127,4,B,0,205080205020,20201104,1,54
8128,3,B,1,205080205020,20201104,1,55
8129,4,B,0,205080205020,20201104,1,56
8130,3,B,1,205080205020,20201104,1,57
8131,4,B,0,205080205020,20201104,1,58
8132,3,B,0,205080205020,20201104,1,59
8133,4,B,0,505020202020,20201104,1,60
8134,3,B,0,505020202020,20201104,1,61
8135,4,B,0,505020202020,20201104,1,62
8136,3,B,0,505020202020,20201104,1,63
8137,2,A,1,505020202020,20201104,1,64
8138,1,A,1,505020202020,20201104,1,65
8139,2,A,0,505020202020,20201104,1,66
8140,1,A,0,505020202020,20201104,1,67
8141,5,C,0,505020202020,20201104,1,68
8142,6,C,0,505020202020,20201104,1,69
8143,5,C,1,505020202020,20201104,1,70
8144,6,C,0,505020202020,20201104,1,71
8145,5,C,0,505020202020,20201104,1,72
8146,6,C,0,505020202020,20201104,1,73
8147,5,C,1,505020202020,20201104,1,74
8148,6,C,0,505020202020,20201104,1,75
8149,5,C,0,505020202020,20201104,1,76
8150,6,C,0,505020202020,20201104,1,77
8151,5,C,0,505020202020,20201104,1,78
8152,4,B,0,505020202020,20201104,1,79
8153,3,B,1,505020202020,20201104,1,80
8154,4,B,0,505020202020,20201104,1,81
8155,3,B,0,505020202020,20201104,1,82
8156,4,B,0,505020202020,20201104,1,83
8157,3,B,0,505020202020,20201104,1,84
8158,4,B,0,505020202020,20201104,1,85
8159,3,B,1,505020202020,20201104,1,86
8160,4,B,0,505020202020,20201104,1,87
8161,3,B,1,505020202020,20201104,1,88
8162,4,B,1,505020202020,20201104,1,89
8163,3,B,0,505020202020,20201104,1,90
8164,4,B,0,505020202020,20201104,1,91
8165,3,B,0,505020202020,20201104,1,92
8166,4,B,0,505020202020,20201104,1,93
8167,2,A,1,505020202020,20201104,1,94
8168,1,A,0,505020202020,20201104,1,95
8169,2,A,0,505020202020,20201104,1,96
8170,1,A,0,505020202020,20201104,1,97
8171,2,A,0,505020202020,20201104,1,98
8172,5,C,0,505020202020,20201104,1,99
8173,6,C,0,505020202020,20201104,1,100
8174,5,C,0,505020202020,20201104,1,101
8175,4,B,0,505020202020,20201104,1,102
8176,3,B,0,505020202020,20201104,1,103
8177,4,B,1,505020202020,20201104,1,104
8178,3,B,0,505020202020,20201104,1,105
8179,4,B,0,505020202020,20201104,1,106
8180,3,B,1,505020202020,20201104,1,107
8181,4,B,0,505020202020,20201104,1,108
8182,3,B,1,505020202020,20201104,1,109
8183,4,B,0,505020202020,20201104,1,110
8184,3,B,0,505020202020,20201104,1,111
8185,4,B,0,505020202020,20201104,1,112
8186,3,B,0,505020202020,20201104,1,113
8187,4,B,0,505020202020,20201104,1,114
8188,3,B,0,505020202020,20201104,1,115
8189,4,B,0,505020202020,20201104,1,116
8190,3,B,1,505020202020,20201104,1,117
8191,4,B,1,505020202020,20201104,1,118
8192,3,B,0,505020202020,20201104,1,119
8193,4,B,0,202020202050,20201104,1,120
8194,3,B,0,202020202050,20201104,1,121
8195,4,B,0,202020202050,20201104,1,122
8196,3,B,0,202020202050,20201104,1,123
8197,4,B,0,202020202050,20201104,1,124
8198,3,B,0,202020202050,20201104,1,125
8199,4,B,1,202020202050,20201104,1,126
8200,3,B,0,202020202050,20201104,1,127
8201,4,B,1,202020202050,20201104,1,128
8202,3,B,0,202020202050,20201104,1,129
8203,4,B,0,202020202050,20201104,1,130
8204,3,B,0,202020202050,20201104,1,131
8205,4,B,0,202020202050,20201104,1,132
8206,3,B,1,202020202050,20201104,1,133
8207,4,B,0,202020202050,20201104,1,134
8208,3,B,0,202020202050,20201104,1,135
8209,4,B,0,202020202050,20201104,1,136
8210,3,B,1,202020202050,20201104,1,137
8211,4,B,0,202020202050,20201104,1,138
8212,3,B,0,202020202050,20201104,1,139
8213,4,B,1,202020202050,20201104,1,140
8214,3,B,0,202020202050,20201104,1,141
8215,4,B,0,202020202050,20201104,1,142
8216,3,B,0,202020202050,20201104,1,143
8217,4,B,0,202020202050,20201104,1,144
8218,3,B,1,202020202050,20201104,1,145
8219,4,B,0,202020202050,20201104,1,146
8220,3,B,0,202020202050,20201104,1,147
8221,4,B,0,202020202050,20201104,1,148
8222,3,B,0,202020202050,20201104,1,149
8223,4,B,0,202020202050,20201104,1,150
8224,3,B,1,202020202050,20201104,1,151
8225,4,B,0,202020202050,20201104,1,152
8226,3,B,1,202020202050,20201104,1,153
8227,4,B,1,202020202050,20201104,1,154
8228,3,B,0,202020202050,20201104,1,155
8229,4,B,0,202020202050,20201104,1,156
8230,3,B,0,202020202050,20201104,1,157
8231,4,B,0,202020202050,20201104,1,158
8232,3,B,1,202020202050,20201104,1,159
8233,4,B,0,202020202050,20201104,1,160
8234,3,B,0,202020202050,20201104,1,161
8235,4,B,0,202020202050,20201104,1,162
8236,3,B,0,202020202050,20201104,1,163
8237,4,B,0,202020202050,20201104,1,164
8238,3,B,0,202020202050,20201104,1,165
8239,4,B,0,202020202050,20201104,1,166
8240,3,B,0,202020202050,20201104,1,167
8241,4,B,0,202020202050,20201104,1,168
8242,3,B,0,202020202050,20201104,1,169
8243,4,B,0,202020202050,20201104,1,170
8244,2,A,0,202020202050,20201104,1,171
8245,1,A,0,202020202050,20201104,1,172
8246,2,A,0,202020202050,20201104,1,173
8247,5,C,0,202020202050,20201104,1,174
8248,6,C,0,202020202050,20201104,1,175
8249,5,C,0,202020202050,20201104,1,176
8250,6,C,0,202020202050,20201104,1,177
8251,5,C,0,202020202050,20201104,1,178
8252,4,B,1,202020202050,20201104,1,179
8253,4,B,1,508050202020,20201104,2,0
8254,3,B,1,508050202020,20201104,2,1
8255,2,A,1,508050202020,20201104,2,2
8256,1,A,0,508050202020,20201104,2,3
8257,2,A,1,508050202020,20201104,2,4
8258,5,C,0,508050202020,20201104,2,5
8259,6,C,1,508050202020,20201104,2,6
8260,5,C,0,508050202020,20201104,2,7
8261,6,C,0,508050202020,20201104,2,8
8262,5,C,0,508050202020,20201104,2,9
8263,6,C,0,508050202020,20201104,2,10
8264,5,C,1,508050202020,20201104,2,11
8265,4,B,0,508050202020,20201104,2,12
8266,3,B,0,508050202020,20201104,2,13
8267,4,B,0,508050202020,20201104,2,14
8268,3,B,0,508050202020,20201104,2,15
8269,4,B,0,508050202020,20201104,2,16
8270,2,A,1,508050202020,20201104,2,17
8271,1,A,0,508050202020,20201104,2,18
8272,2,A,1,508050202020,20201104,2,19
8273,1,A,1,508050202020,20201104,2,20
8274,2,A,0,508050202020,20201104,2,21
8275,1,A,0,508050202020,20201104,2,22
8276,2,A,1,508050202020,20201104,2,23
8277,1,A,0,508050202020,20201104,2,24
8278,2,A,1,508050202020,20201104,2,25
8279,1,A,1,508050202020,20201104,2,26
8280,2,A,1,508050202020,20201104,2,27
8281,1,A,0,508050202020,20201104,2,28
8282,2,A,1,508050202020,20201104,2,29
8283,1,A,1,508050202020,20201104,2,30
8284,2,A,1,508050202020,20201104,2,31
8285,1,A,1,508050202020,20201104,2,32
8286,2,A,1,508050202020,20201104,2,33
8287,1,A,1,508050202020,20201104,2,34
8288,2,A,1,508050202020,20201104,2,35
8289,1,A,0,508050202020,20201104,2,36
8290,2,A,0,508050202020,20201104,2,37
8291,1,A,1,508050202020,20201104,2,38
8292,2,A,1,508050202020,20201104,2,39
8293,1,A,0,508050202020,20201104,2,40
8294,2,A,1,508050202020,20201104,2,41
8295,1,A,1,508050202020,20201104,2,42
8296,2,A,1,508050202020,20201104,2,43
8297,1,A,1,508050202020,20201104,2,44
8298,2,A,1,508050202020,20201104,2,45
8299,1,A,1,508050202020,20201104,2,46
8300,2,A,0,508050202020,20201104,2,47
8301,1,A,0,508050202020,20201104,2,48
8302,2,A,1,508050202020,20201104,2,49
8303,1,A,1,508050202020,20201104,2,50
8304,2,A,0,508050202020,20201104,2,51
8305,1,A,0,508050202020,20201104,2,52
8306,2,A,1,508050202020,20201104,2,53
8307,1,A,1,508050202020,20201104,2,54
8308,2,A,1,508050202020,20201104,2,55
8309,1,A,0,508050202020,20201104,2,56
8310,2,A,1,508050202020,20201104,2,57
8311,1,A,1,508050202020,20201104,2,58
8312,2,A,1,508050202020,20201104,2,59
8313,1,A,0,502020208020,20201104,2,60
8314,2,A,1,502020208020,20201104,2,61
8315,1,A,0,502020208020,20201104,2,62
8316,2,A,0,502020208020,20201104,2,63
8317,1,A,1,502020208020,20201104,2,64
8318,2,A,1,502020208020,20201104,2,65
8319,1,A,1,502020208020,20201104,2,66
8320,2,A,0,502020208020,20201104,2,67
8321,1,A,0,502020208020,20201104,2,68
8322,2,A,1,502020208020,20201104,2,69
8323,1,A,0,502020208020,20201104,2,70
8324,2,A,1,502020208020,20201104,2,71
8325,1,A,0,502020208020,20201104,2,72
8326,2,A,1,502020208020,20201104,2,73
8327,1,A,1,502020208020,20201104,2,74
8328,2,A,0,502020208020,20201104,2,75
8329,1,A,0,502020208020,20201104,2,76
8330,2,A,0,502020208020,20201104,2,77
8331,1,A,0,502020208020,20201104,2,78
8332,2,A,0,502020208020,20201104,2,79
8333,1,A,0,502020208020,20201104,2,80
8334,2,A,0,502020208020,20201104,2,81
8335,1,A,0,502020208020,20201104,2,82
8336,2,A,0,502020208020,20201104,2,83
8337,5,C,1,502020208020,20201104,2,84
8338,6,C,0,502020208020,20201104,2,85
8339,5,C,1,502020208020,20201104,2,86
8340,6,C,0,502020208020,20201104,2,87
8341,5,C,0,502020208020,20201104,2,88
8342,6,C,0,502020208020,20201104,2,89
8343,5,C,1,502020208020,20201104,2,90
8344,6,C,0,502020208020,20201104,2,91
8345,5,C,1,502020208020,20201104,2,92
8346,6,C,1,502020208020,20201104,2,93
8347,5,C,1,502020208020,20201104,2,94
8348,6,C,0,502020208020,20201104,2,95
8349,5,C,1,502020208020,20201104,2,96
8350,6,C,0,502020208020,20201104,2,97
8351,5,C,1,502020208020,20201104,2,98
8352,6,C,0,502020208020,20201104,2,99
8353,5,C,1,502020208020,20201104,2,100
8354,6,C,0,502020208020,20201104,2,101
8355,5,C,1,502020208020,20201104,2,102
8356,6,C,0,502020208020,20201104,2,103
8357,5,C,1,502020208020,20201104,2,104
8358,6,C,0,502020208020,20201104,2,105
8359,5,C,0,502020208020,20201104,2,106
8360,6,C,0,502020208020,20201104,2,107
8361,5,C,1,502020208020,20201104,2,108
8362,6,C,0,502020208020,20201104,2,109
8363,5,C,1,502020208020,20201104,2,110
8364,6,C,0,502020208020,20201104,2,111
8365,5,C,1,502020208020,20201104,2,112
8366,6,C,0,502020208020,20201104,2,113
8367,5,C,1,502020208020,20201104,2,114
8368,6,C,0,502020208020,20201104,2,115
8369,5,C,1,502020208020,20201104,2,116
8370,6,C,0,502020208020,20201104,2,117
8371,5,C,1,502020208020,20201104,2,118
8372,6,C,0,502020208020,20201104,2,119
8373,5,C,0,202050802020,20201104,2,120
8374,6,C,0,202050802020,20201104,2,121
8375,5,C,0,202050802020,20201104,2,122
8376,6,C,0,202050802020,20201104,2,123
8377,5,C,0,202050802020,20201104,2,124
8378,6,C,0,202050802020,20201104,2,125
8379,5,C,0,202050802020,20201104,2,126
8380,6,C,0,202050802020,20201104,2,127
8381,5,C,1,202050802020,20201104,2,128
8382,2,A,0,202050802020,20201104,2,129
8383,1,A,0,202050802020,20201104,2,130
8384,2,A,0,202050802020,20201104,2,131
8385,4,B,0,202050802020,20201104,2,132
8386,3,B,0,202050802020,20201104,2,133
8387,4,B,1,202050802020,20201104,2,134
8388,3,B,1,202050802020,20201104,2,135
8389,4,B,0,202050802020,20201104,2,136
8390,3,B,0,202050802020,20201104,2,137
8391,4,B,1,202050802020,20201104,2,138
8392,3,B,1,202050802020,20201104,2,139
8393,4,B,1,202050802020,20201104,2,140
8394,3,B,1,202050802020,20201104,2,141
8395,4,B,0,202050802020,20201104,2,142
8396,3,B,1,202050802020,20201104,2,143
8397,4,B,1,202050802020,20201104,2,144
8398,3,B,1,202050802020,20201104,2,145
8399,4,B,1,202050802020,20201104,2,146
8400,3,B,0,202050802020,20201104,2,147
8401,4,B,0,202050802020,20201104,2,148
8402,3,B,0,202050802020,20201104,2,149
8403,4,B,1,202050802020,20201104,2,150
8404,3,B,0,202050802020,20201104,2,151
8405,4,B,1,202050802020,20201104,2,152
8406,3,B,0,202050802020,20201104,2,153
8407,4,B,1,202050802020,20201104,2,154
8408,3,B,1,202050802020,20201104,2,155
8409,4,B,0,202050802020,20201104,2,156
8410,3,B,1,202050802020,20201104,2,157
8411,4,B,1,202050802020,20201104,2,158
8412,3,B,0,202050802020,20201104,2,159
8413,4,B,1,202050802020,20201104,2,160
8414,3,B,0,202050802020,20201104,2,161
8415,4,B,1,202050802020,20201104,2,162
8416,3,B,0,202050802020,20201104,2,163
8417,4,B,1,202050802020,20201104,2,164
8418,3,B,0,202050802020,20201104,2,165
8419,4,B,0,202050802020,20201104,2,166
8420,3,B,1,202050802020,20201104,2,167
8421,4,B,1,202050802020,20201104,2,168
8422,3,B,1,202050802020,20201104,2,169
8423,4,B,1,202050802020,20201104,2,170
8424,3,B,0,202050802020,20201104,2,171
8425,4,B,1,202050802020,20201104,2,172
8426,3,B,1,202050802020,20201104,2,173
8427,4,B,1,202050802020,20201104,2,174
8428,3,B,0,202050802020,20201104,2,175
8429,4,B,1,202050802020,20201104,2,176
8430,3,B,0,202050802020,20201104,2,177
8431,4,B,0,202050802020,20201104,2,178
8432,3,B,1,202050802020,20201104,2,179
8433,2,A,0,202020808050,20201104,3,0
8434,1,A,1,202020808050,20201104,3,1
8435,2,A,0,202020808050,20201104,3,2
8436,5,C,1,202020808050,20201104,3,3
8437,6,C,1,202020808050,20201104,3,4
8438,5,C,0,202020808050,20201104,3,5
8439,6,C,0,202020808050,20201104,3,6
8440,5,C,0,202020808050,20201104,3,7
8441,4,B,1,202020808050,20201104,3,8
8442,3,B,0,202020808050,20201104,3,9
8443,4,B,1,202020808050,20201104,3,10
8444,3,B,1,202020808050,20201104,3,11
8445,4,B,1,202020808050,20201104,3,12
8446,3,B,1,202020808050,20201104,3,13
8447,4,B,1,202020808050,20201104,3,14
8448,3,B,0,202020808050,20201104,3,15
8449,4,B,1,202020808050,20201104,3,16
8450,3,B,0,202020808050,20201104,3,17
8451,4,B,1,202020808050,20201104,3,18
8452,6,C,0,202020808050,20201104,3,19
8453,5,C,1,202020808050,20201104,3,20
8454,6,C,0,202020808050,20201104,3,21
8455,5,C,1,202020808050,20201104,3,22
8456,6,C,0,202020808050,20201104,3,23
8457,5,C,1,202020808050,20201104,3,24
8458,4,B,0,202020808050,20201104,3,25
8459,3,B,0,202020808050,20201104,3,26
8460,4,B,1,202020808050,20201104,3,27
8461,3,B,0,202020808050,20201104,3,28
8462,4,B,1,202020808050,20201104,3,29
8463,3,B,1,202020808050,20201104,3,30
8464,4,B,1,202020808050,20201104,3,31
8465,3,B,0,202020808050,20201104,3,32
8466,4,B,0,202020808050,20201104,3,33
8467,3,B,0,202020808050,20201104,3,34
8468,4,B,1,202020808050,20201104,3,35
8469,3,B,0,202020808050,20201104,3,36
8470,4,B,1,202020808050,20201104,3,37
8471,3,B,0,202020808050,20201104,3,38
8472,4,B,1,202020808050,20201104,3,39
8473,3,B,0,202020808050,20201104,3,40
8474,4,B,1,202020808050,20201104,3,41
8475,3,B,0,202020808050,20201104,3,42
8476,4,B,1,202020808050,20201104,3,43
8477,3,B,0,202020808050,20201104,3,44
8478,4,B,1,202020808050,20201104,3,45
8479,3,B,0,202020808050,20201104,3,46
8480,4,B,1,202020808050,20201104,3,47
8481,3,B,0,202020808050,20201104,3,48
8482,4,B,1,202020808050,20201104,3,49
8483,3,B,0,202020808050,20201104,3,50
8484,4,B,1,202020808050,20201104,3,51
8485,3,B,1,202020808050,20201104,3,52
8486,4,B,1,202020808050,20201104,3,53
8487,3,B,0,202020808050,20201104,3,54
8488,4,B,0,202020808050,20201104,3,55
8489,3,B,0,202020808050,20201104,3,56
8490,4,B,0,202020808050,20201104,3,57
8491,2,A,0,202020808050,20201104,3,58
8492,1,A,0,202020808050,20201104,3,59
8493,2,A,0,802050802020,20201104,3,60
8494,1,A,0,802050802020,20201104,3,61
8495,2,A,0,802050802020,20201104,3,62
8496,5,C,0,802050802020,20201104,3,63
8497,6,C,0,802050802020,20201104,3,64
8498,5,C,0,802050802020,20201104,3,65
8499,6,C,0,802050802020,20201104,3,66
8500,5,C,0,802050802020,20201104,3,67
8501,6,C,1,802050802020,20201104,3,68
8502,5,C,0,802050802020,20201104,3,69
8503,6,C,1,802050802020,20201104,3,70
8504,5,C,1,802050802020,20201104,3,71
8505,6,C,0,802050802020,20201104,3,72
8506,5,C,1,802050802020,20201104,3,73
8507,6,C,0,802050802020,20201104,3,74
8508,5,C,0,802050802020,20201104,3,75
8509,6,C,1,802050802020,20201104,3,76
8510,5,C,0,802050802020,20201104,3,77
8511,6,C,0,802050802020,20201104,3,78
8512,5,C,0,802050802020,20201104,3,79
8513,6,C,0,802050802020,20201104,3,80
8514,5,C,1,802050802020,20201104,3,81
8515,6,C,0,802050802020,20201104,3,82
8516,5,C,1,802050802020,20201104,3,83
8517,6,C,0,802050802020,20201104,3,84
8518,5,C,0,802050802020,20201104,3,85
8519,6,C,0,802050802020,20201104,3,86
8520,5,C,1,802050802020,20201104,3,87
8521,4,B,0,802050802020,20201104,3,88
8522,3,B,1,802050802020,20201104,3,89
8523,4,B,1,802050802020,20201104,3,90
8524,3,B,0,802050802020,20201104,3,91
8525,4,B,1,802050802020,20201104,3,92
8526,3,B,0,802050802020,20201104,3,93
8527,4,B,1,802050802020,20201104,3,94
8528,3,B,1,802050802020,20201104,3,95
8529,4,B,1,802050802020,20201104,3,96
8530,3,B,1,802050802020,20201104,3,97
8531,4,B,1,802050802020,20201104,3,98
8532,3,B,0,802050802020,20201104,3,99
8533,4,B,1,802050802020,20201104,3,100
8534,3,B,1,802050802020,20201104,3,101
8535,4,B,1,802050802020,20201104,3,102
8536,3,B,0,802050802020,20201104,3,103
8537,4,B,1,802050802020,20201104,3,104
8538,3,B,1,802050802020,20201104,3,105
8539,4,B,1,802050802020,20201104,3,106
8540,3,B,0,802050802020,20201104,3,107
8541,4,B,1,802050802020,20201104,3,108
8542,3,B,1,802050802020,20201104,3,109
8543,4,B,1,802050802020,20201104,3,110
8544,3,B,1,802050802020,20201104,3,111
8545,4,B,1,802050802020,20201104,3,112
8546,3,B,1,802050802020,20201104,3,113
8547,4,B,1,802050802020,20201104,3,114
8548,3,B,0,802050802020,20201104,3,115
8549,4,B,1,802050802020,20201104,3,116
8550,3,B,1,802050802020,20201104,3,117
8551,4,B,1,802050802020,20201104,3,118
8552,3,B,0,802050802020,20201104,3,119
8553,4,B,1,502020202020,20201104,3,120
8554,3,B,0,502020202020,20201104,3,121
8555,4,B,0,502020202020,20201104,3,122
8556,3,B,0,502020202020,20201104,3,123
8557,4,B,0,502020202020,20201104,3,124
8558,3,B,0,502020202020,20201104,3,125
8559,4,B,0,502020202020,20201104,3,126
8560,2,A,1,502020202020,20201104,3,127
8561,1,A,0,502020202020,20201104,3,128
8562,2,A,0,502020202020,20201104,3,129
8563,1,A,1,502020202020,20201104,3,130
8564,2,A,1,502020202020,20201104,3,131
8565,1,A,1,502020202020,20201104,3,132
8566,2,A,0,502020202020,20201104,3,133
8567,1,A,1,502020202020,20201104,3,134
8568,2,A,0,502020202020,20201104,3,135
8569,1,A,1,502020202020,20201104,3,136
8570,2,A,0,502020202020,20201104,3,137
8571,1,A,1,502020202020,20201104,3,138
8572,2,A,0,502020202020,20201104,3,139
8573,1,A,0,502020202020,20201104,3,140
8574,2,A,1,502020202020,20201104,3,141
8575,1,A,1,502020202020,20201104,3,142
8576,2,A,0,502020202020,20201104,3,143
8577,1,A,0,502020202020,20201104,3,144
8578,2,A,0,502020202020,20201104,3,145
8579,1,A,1,502020202020,20201104,3,146
8580,2,A,0,502020202020,20201104,3,147
8581,1,A,1,502020202020,20201104,3,148
8582,2,A,0,502020202020,20201104,3,149
8583,1,A,0,502020202020,20201104,3,150
8584,2,A,0,502020202020,20201104,3,151
8585,1,A,1,502020202020,20201104,3,152
8586,2,A,0,502020202020,20201104,3,153
8587,1,A,0,502020202020,20201104,3,154
8588,2,A,0,502020202020,20201104,3,155
8589,1,A,0,502020202020,20201104,3,156
8590,4,B,0,502020202020,20201104,3,157
8591,3,B,0,502020202020,20201104,3,158
8592,4,B,1,502020202020,20201104,3,159
8593,3,B,0,502020202020,20201104,3,160
8594,4,B,0,502020202020,20201104,3,161
8595,3,B,0,502020202020,20201104,3,162
8596,4,B,0,502020202020,20201104,3,163
8597,3,B,0,502020202020,20201104,3,164
8598,4,B,0,502020202020,20201104,3,165
8599,3,B,0,502020202020,20201104,3,166
8600,4,B,1,502020202020,20201104,3,167
8601,3,B,0,502020202020,20201104,3,168
8602,4,B,0,502020202020,20201104,3,169
8603,3,B,0,502020202020,20201104,3,170
8604,4,B,0,502020202020,20201104,3,171
8605,3,B,0,502020202020,20201104,3,172
8606,2,A,0,502020202020,20201104,3,173
8607,1,A,0,502020202020,20201104,3,174
8608,2,A,0,502020202020,20201104,3,175
8609,5,C,0,502020202020,20201104,3,176
8610,6,C,1,502020202020,20201104,3,177
8611,5,C,0,502020202020,20201104,3,178
8612,6,C,0,502020202020,20201104,3,179
8613,4,B,0,208050802020,20201104,4,0
8614,3,B,0,208050802020,20201104,4,1
8615,2,A,1,208050802020,20201104,4,2
8616,1,A,1,208050802020,20201104,4,3
8617,2,A,1,208050802020,20201104,4,4
8618,1,A,0,208050802020,20201104,4,5
8619,2,A,1,208050802020,20201104,4,6
8620,5,C,1,208050802020,20201104,4,7
8621,6,C,0,208050802020,20201104,4,8
8622,5,C,0,208050802020,20201104,4,9
8623,6,C,0,208050802020,20201104,4,10
8624,5,C,0,208050802020,20201104,4,11
8625,4,B,1,208050802020,20201104,4,12
8626,3,B,0,208050802020,20201104,4,13
8627,4,B,1,208050802020,20201104,4,14
8628,3,B,0,208050802020,20201104,4,15
8629,4,B,1,208050802020,20201104,4,16
8630,3,B,0,208050802020,20201104,4,17
8631,4,B,1,208050802020,20201104,4,18
8632,3,B,0,208050802020,20201104,4,19
8633,4,B,0,208050802020,20201104,4,20
8634,2,A,1,208050802020,20201104,4,21
8635,1,A,0,208050802020,20201104,4,22
8636,2,A,1,208050802020,20201104,4,23
8637,1,A,0,208050802020,20201104,4,24
8638,2,A,1,208050802020,20201104,4,25
8639,1,A,1,208050802020,20201104,4,26
8640,2,A,1,208050802020,20201104,4,27
8641,1,A,1,208050802020,20201104,4,28
8642,2,A,0,208050802020,20201104,4,29
8643,1,A,0,208050802020,20201104,4,30
8644,2,A,1,208050802020,20201104,4,31
8645,1,A,0,208050802020,20201104,4,32
8646,2,A,1,208050802020,20201104,4,33
8647,1,A,0,208050802020,20201104,4,34
8648,2,A,1,208050802020,20201104,4,35
8649,1,A,0,208050802020,20201104,4,36
8650,2,A,1,208050802020,20201104,4,37
8651,1,A,1,208050802020,20201104,4,38
8652,2,A,0,208050802020,20201104,4,39
8653,1,A,0,208050802020,20201104,4,40
8654,2,A,0,208050802020,20201104,4,41
8655,1,A,1,208050802020,20201104,4,42
8656,2,A,1,208050802020,20201104,4,43
8657,1,A,0,208050802020,20201104,4,44
8658,2,A,0,208050802020,20201104,4,45
8659,1,A,0,208050802020,20201104,4,46
8660,2,A,1,208050802020,20201104,4,47
8661,1,A,0,208050802020,20201104,4,48
8662,2,A,0,208050802020,20201104,4,49
8663,1,A,0,208050802020,20201104,4,50
8664,2,A,1,208050802020,20201104,4,51
8665,1,A,0,208050802020,20201104,4,52
8666,2,A,0,208050802020,20201104,4,53
8667,1,A,0,208050802020,20201104,4,54
8668,2,A,1,208050802020,20201104,4,55
8669,1,A,0,208050802020,20201104,4,56
8670,2,A,1,208050802020,20201104,4,57
8671,1,A,0,208050802020,20201104,4,58
8672,2,A,0,208050802020,20201104,4,59
8673,1,A,1,202020202080,20201104,4,60
8674,2,A,1,202020202080,20201104,4,61
8675,1,A,1,202020202080,20201104,4,62
8676,2,A,0,202020202080,20201104,4,63
8677,1,A,1,202020202080,20201104,4,64
8678,2,A,0,202020202080,20201104,4,65
8679,1,A,0,202020202080,20201104,4,66
8680,2,A,0,202020202080,20201104,4,67
8681,1,A,0,202020202080,20201104,4,68
8682,2,A,1,202020202080,20201104,4,69
8683,1,A,0,202020202080,20201104,4,70
8684,2,A,0,202020202080,20201104,4,71
8685,1,A,1,202020202080,20201104,4,72
8686,2,A,0,202020202080,20201104,4,73
8687,1,A,1,202020202080,20201104,4,74
8688,2,A,0,202020202080,20201104,4,75
8689,1,A,0,202020202080,20201104,4,76
8690,2,A,0,202020202080,20201104,4,77
8691,1,A,0,202020202080,20201104,4,78
8692,2,A,0,202020202080,20201104,4,79
8693,1,A,0,202020202080,20201104,4,80
8694,2,A,0,202020202080,20201104,4,81
8695,4,B,0,202020202080,20201104,4,82
8696,3,B,0,202020202080,20201104,4,83
8697,4,B,0,202020202080,20201104,4,84
8698,3,B,0,202020202080,20201104,4,85
8699,4,B,0,202020202080,20201104,4,86
8700,3,B,0,202020202080,20201104,4,87
8701,4,B,0,202020202080,20201104,4,88
8702,3,B,0,202020202080,20201104,4,89
8703,4,B,1,202020202080,20201104,4,90
8704,3,B,1,202020202080,20201104,4,91
8705,4,B,0,202020202080,20201104,4,92
8706,3,B,0,202020202080,20201104,4,93
8707,4,B,1,202020202080,20201104,4,94
8708,3,B,0,202020202080,20201104,4,95
8709,4,B,0,202020202080,20201104,4,96
8710,3,B,0,202020202080,20201104,4,97
8711,4,B,0,202020202080,20201104,4,98
8712,2,A,0,202020202080,20201104,4,99
8713,1,A,1,202020202080,20201104,4,100
8714,2,A,0,202020202080,20201104,4,101
8715,1,A,0,202020202080,20201104,4,102
8716,2,A,1,202020202080,20201104,4,103
8717,1,A,0,202020202080,20201104,4,104
8718,2,A,0,202020202080,20201104,4,105
8719,1,A,0,202020202080,20201104,4,106
8720,2,A,0,202020202080,20201104,4,107
8721,1,A,1,202020202080,20201104,4,108
8722,2,A,0,202020202080,20201104,4,109
8723,1,A,0,202020202080,20201104,4,110
8724,2,A,0,202020202080,20201104,4,111
8725,1,A,0,202020202080,20201104,4,112
8726,2,A,0,202020202080,20201104,4,113
8727,1,A,0,202020202080,20201104,4,114
8728,5,C,0,202020202080,20201104,4,115
8729,6,C,1,202020202080,20201104,4,116
8730,5,C,0,202020202080,20201104,4,117
8731,6,C,1,202020202080,20201104,4,118
8732,5,C,0,202020202080,20201104,4,119
8733,6,C,1,805050205020,20201104,4,120
8734,5,C,0,805050205020,20201104,4,121
8735,6,C,1,805050205020,20201104,4,122
8736,5,C,1,805050205020,20201104,4,123
8737,6,C,0,805050205020,20201104,4,124
8738,5,C,0,805050205020,20201104,4,125
8739,6,C,0,805050205020,20201104,4,126
8740,5,C,1,805050205020,20201104,4,127
8741,6,C,1,805050205020,20201104,4,128
8742,5,C,1,805050205020,20201104,4,129
8743,6,C,1,805050205020,20201104,4,130
8744,5,C,0,805050205020,20201104,4,131
8745,6,C,0,805050205020,20201104,4,132
8746,5,C,0,805050205020,20201104,4,133
8747,6,C,0,805050205020,20201104,4,134
8748,5,C,1,805050205020,20201104,4,135
8749,6,C,0,805050205020,20201104,4,136
8750,5,C,1,805050205020,20201104,4,137
8751,6,C,0,805050205020,20201104,4,138
8752,5,C,1,805050205020,20201104,4,139
8753,6,C,0,805050205020,20201104,4,140
8754,5,C,0,805050205020,20201104,4,141
8755,6,C,0,805050205020,20201104,4,142
8756,5,C,1,805050205020,20201104,4,143
8757,6,C,0,805050205020,20201104,4,144
8758,5,C,1,805050205020,20201104,4,145
8759,6,C,0,805050205020,20201104,4,146
8760,5,C,0,805050205020,20201104,4,147
8761,6,C,0,805050205020,20201104,4,148
8762,5,C,1,805050205020,20201104,4,149
8763,6,C,1,805050205020,20201104,4,150
8764,5,C,0,805050205020,20201104,4,151
8765,6,C,0,805050205020,20201104,4,152
8766,5,C,1,805050205020,20201104,4,153
8767,6,C,0,805050205020,20201104,4,154
8768,5,C,0,805050205020,20201104,4,155
8769,6,C,0,805050205020,20201104,4,156
8770,5,C,0,805050205020,20201104,4,157
8771,6,C,0,805050205020,20201104,4,158
8772,4,B,0,805050205020,20201104,4,159
8773,3,B,0,805050205020,20201104,4,160
8774,4,B,0,805050205020,20201104,4,161
8775,3,B,1,805050205020,20201104,4,162
8776,4,B,0,805050205020,20201104,4,163
8777,3,B,0,805050205020,20201104,4,164
8778,4,B,0,805050205020,20201104,4,165
8779,3,B,0,805050205020,20201104,4,166
8780,4,B,0,805050205020,20201104,4,167
8781,2,A,1,805050205020,20201104,4,168
8782,1,A,1,805050205020,20201104,4,169
8783,2,A,1,805050205020,20201104,4,170
8784,1,A,1,805050205020,20201104,4,171
8785,2,A,1,805050205020,20201104,4,172
8786,1,A,1,805050205020,20201104,4,173
8787,2,A,1,805050205020,20201104,4,174
8788,1,A,1,805050205020,20201104,4,175
8789,2,A,0,805050205020,20201104,4,176
8790,1,A,1,805050205020,20201104,4,177
8791,2,A,0,805050205020,20201104,4,178
8792,1,A,0,805050205020,20201104,4,179
8793,4,B,1,508020505050,20201104,5,0
8794,3,B,0,508020505050,20201104,5,1
8795,4,B,1,508020505050,20201104,5,2
8796,2,A,1,508020505050,20201104,5,3
8797,1,A,1,508020505050,20201104,5,4
8798,2,A,1,508020505050,20201104,5,5
8799,1,A,1,508020505050,20201104,5,6
8800,2,A,1,508020505050,20201104,5,7
8801,1,A,1,508020505050,20201104,5,8
8802,2,A,1,508020505050,20201104,5,9
8803,1,A,1,508020505050,20201104,5,10
8804,2,A,0,508020505050,20201104,5,11
8805,1,A,1,508020505050,20201104,5,12
8806,2,A,0,508020505050,20201104,5,13
8807,1,A,1,508020505050,20201104,5,14
8808,2,A,1,508020505050,20201104,5,15
8809,1,A,1,508020505050,20201104,5,16
8810,2,A,1,508020505050,20201104,5,17
8811,1,A,0,508020505050,20201104,5,18
8812,2,A,0,508020505050,20201104,5,19
8813,1,A,1,508020505050,20201104,5,20
8814,2,A,0,508020505050,20201104,5,21
8815,1,A,0,508020505050,20201104,5,22
8816,2,A,1,508020505050,20201104,5,23
8817,5,C,1,508020505050,20201104,5,24
8818,6,C,1,508020505050,20201104,5,25
8819,5,C,0,508020505050,20201104,5,26
8820,6,C,1,508020505050,20201104,5,27
8821,5,C,0,508020505050,20201104,5,28
8822,6,C,1,508020505050,20201104,5,29
8823,5,C,1,508020505050,20201104,5,30
8824,6,C,1,508020505050,20201104,5,31
8825,5,C,1,508020505050,20201104,5,32
8826,6,C,1,508020505050,20201104,5,33
8827,5,C,1,508020505050,20201104,5,34
8828,6,C,1,508020505050,20201104,5,35
8829,5,C,0,508020505050,20201104,5,36
8830,6,C,0,508020505050,20201104,5,37
8831,5,C,0,508020505050,20201104,5,38
8832,6,C,0,508020505050,20201104,5,39
8833,5,C,0,508020505050,20201104,5,40
8834,6,C,0,508020505050,20201104,5,41
8835,5,C,1,508020505050,20201104,5,42
8836,6,C,1,508020505050,20201104,5,43
8837,5,C,1,508020505050,20201104,5,44
8838,6,C,1,508020505050,20201104,5,45
8839,5,C,0,508020505050,20201104,5,46
8840,6,C,0,508020505050,20201104,5,47
8841,5,C,1,508020505050,20201104,5,48
8842,6,C,0,508020505050,20201104,5,49
8843,5,C,1,508020505050,20201104,5,50
8844,6,C,1,508020505050,20201104,5,51
8845,5,C,0,508020505050,20201104,5,52
8846,6,C,1,508020505050,20201104,5,53
8847,5,C,0,508020505050,20201104,5,54
8848,6,C,0,508020505050,20201104,5,55
8849,5,C,0,508020505050,20201104,5,56
8850,6,C,1,508020505050,20201104,5,57
8851,5,C,0,508020505050,20201104,5,58
8852,6,C,1,508020505050,20201104,5,59
8853,5,C,1,202050208050,20201104,5,60
8854,6,C,0,202050208050,20201104,5,61
8855,5,C,1,202050208050,20201104,5,62
8856,6,C,1,202050208050,20201104,5,63
8857,5,C,1,202050208050,20201104,5,64
8858,6,C,0,202050208050,20201104,5,65
8859,5,C,1,202050208050,20201104,5,66
8860,6,C,1,202050208050,20201104,5,67
8861,5,C,1,202050208050,20201104,5,68
8862,6,C,0,202050208050,20201104,5,69
8863,5,C,1,202050208050,20201104,5,70
8864,6,C,1,202050208050,20201104,5,71
8865,5,C,0,202050208050,20201104,5,72
8866,6,C,0,202050208050,20201104,5,73
8867,5,C,1,202050208050,20201104,5,74
8868,6,C,1,202050208050,20201104,5,75
8869,5,C,0,202050208050,20201104,5,76
8870,6,C,0,202050208050,20201104,5,77
8871,5,C,1,202050208050,20201104,5,78
8872,6,C,1,202050208050,20201104,5,79
8873,5,C,0,202050208050,20201104,5,80
8874,6,C,0,202050208050,20201104,5,81
8875,5,C,1,202050208050,20201104,5,82
8876,6,C,1,202050208050,20201104,5,83
8877,5,C,1,202050208050,20201104,5,84
8878,6,C,0,202050208050,20201104,5,85
8879,5,C,1,202050208050,20201104,5,86
8880,6,C,1,202050208050,20201104,5,87
8881,5,C,0,202050208050,20201104,5,88
8882,6,C,1,202050208050,20201104,5,89
8883,5,C,1,202050208050,20201104,5,90
8884,6,C,1,202050208050,20201104,5,91
8885,5,C,1,202050208050,20201104,5,92
8886,6,C,1,202050208050,20201104,5,93
8887,5,C,1,202050208050,20201104,5,94
8888,6,C,0,202050208050,20201104,5,95
8889,5,C,1,202050208050,20201104,5,96
8890,6,C,0,202050208050,20201104,5,97
8891,5,C,0,202050208050,20201104,5,98
8892,6,C,0,202050208050,20201104,5,99
8893,5,C,1,202050208050,20201104,5,100
8894,6,C,0,202050208050,20201104,5,101
8895,5,C,1,202050208050,20201104,5,102
8896,6,C,1,202050208050,20201104,5,103
8897,5,C,0,202050208050,20201104,5,104
8898,6,C,0,202050208050,20201104,5,105
8899,5,C,1,202050208050,20201104,5,106
8900,6,C,1,202050208050,20201104,5,107
8901,5,C,1,202050208050,20201104,5,108
8902,6,C,0,202050208050,20201104,5,109
8903,5,C,0,202050208050,20201104,5,110
8904,6,C,0,202050208050,20201104,5,111
8905,5,C,0,202050208050,20201104,5,112
8906,6,C,0,202050208050,20201104,5,113
8907,5,C,1,202050208050,20201104,5,114
8908,6,C,0,202050208050,20201104,5,115
8909,5,C,1,202050208050,20201104,5,116
8910,6,C,1,202050208050,20201104,5,117
8911,5,C,1,202050208050,20201104,5,118
8912,6,C,1,202050208050,20201104,5,119
8913,5,C,0,805020502050,20201104,5,120
8914,6,C,0,805020502050,20201104,5,121
8915,5,C,0,805020502050,20201104,5,122
8916,6,C,1,805020502050,20201104,5,123
8917,5,C,1,805020502050,20201104,5,124
8918,6,C,1,805020502050,20201104,5,125
8919,5,C,0,805020502050,20201104,5,126
8920,6,C,0,805020502050,20201104,5,127
8921,5,C,0,805020502050,20201104,5,128
8922,6,C,1,805020502050,20201104,5,129
8923,5,C,0,805020502050,20201104,5,130
8924,6,C,1,805020502050,20201104,5,131
8925,5,C,0,805020502050,20201104,5,132
8926,6,C,1,805020502050,20201104,5,133
8927,5,C,1,805020502050,20201104,5,134
8928,6,C,0,805020502050,20201104,5,135
8929,5,C,0,805020502050,20201104,5,136
8930,6,C,1,805020502050,20201104,5,137
8931,5,C,0,805020502050,20201104,5,138
8932,6,C,0,805020502050,20201104,5,139
8933,5,C,0,805020502050,20201104,5,140
8934,6,C,1,805020502050,20201104,5,141
8935,5,C,1,805020502050,20201104,5,142
8936,6,C,1,805020502050,20201104,5,143
8937,5,C,0,805020502050,20201104,5,144
8938,6,C,0,805020502050,20201104,5,145
8939,5,C,0,805020502050,20201104,5,146
8940,6,C,0,805020502050,20201104,5,147
8941,2,A,1,805020502050,20201104,5,148
8942,1,A,1,805020502050,20201104,5,149
8943,2,A,0,805020502050,20201104,5,150
8944,1,A,1,805020502050,20201104,5,151
8945,2,A,0,805020502050,20201104,5,152
8946,1,A,0,805020502050,20201104,5,153
8947,2,A,0,805020502050,20201104,5,154
8948,1,A,1,805020502050,20201104,5,155
8949,2,A,0,805020502050,20201104,5,156
8950,1,A,1,805020502050,20201104,5,157
8951,2,A,1,805020502050,20201104,5,158
8952,1,A,0,805020502050,20201104,5,159
8953,2,A,1,805020502050,20201104,5,160
8954,1,A,1,805020502050,20201104,5,161
8955,2,A,1,805020502050,20201104,5,162
8956,1,A,0,805020502050,20201104,5,163
8957,2,A,1,805020502050,20201104,5,164
8958,1,A,1,805020502050,20201104,5,165
8959,2,A,0,805020502050,20201104,5,166
8960,1,A,1,805020502050,20201104,5,167
8961,2,A,1,805020502050,20201104,5,168
8962,1,A,0,805020502050,20201104,5,169
8963,2,A,1,805020502050,20201104,5,170
8964,1,A,0,805020502050,20201104,5,171
8965,2,A,1,805020502050,20201104,5,172
8966,1,A,1,805020502050,20201104,5,173
8967,2,A,1,805020502050,20201104,5,174
8968,1,A,1,805020502050,20201104,5,175
8969,2,A,0,805020502050,20201104,5,176
8970,1,A,1,805020502050,20201104,5,177
8971,2,A,1,805020502050,20201104,5,178
8972,1,A,1,805020502050,20201104,5,179
8973,4,B,1,208080505020,20201104,6,0
8974,3,B,1,208080505020,20201104,6,1
8975,4,B,0,208080505020,20201104,6,2
8976,3,B,1,208080505020,20201104,6,3
8977,4,B,0,208080505020,20201104,6,4
8978,2,A,1,208080505020,20201104,6,5
8979,1,A,0,208080505020,20201104,6,6
8980,2,A,1,208080505020,20201104,6,7
8981,1,A,0,208080505020,20201104,6,8
8982,2,A,0,208080505020,20201104,6,9
8983,5,C,1,208080505020,20201104,6,10
8984,6,C,0,208080505020,20201104,6,11
8985,5,C,0,208080505020,20201104,6,12
8986,6,C,1,208080505020,20201104,6,13
8987,5,C,0,208080505020,20201104,6,14
8988,6,C,0,208080505020,20201104,6,15
8989,5,C,1,208080505020,20201104,6,16
8990,6,C,0,208080505020,20201104,6,17
8991,5,C,0,208080505020,20201104,6,18
8992,6,C,0,208080505020,20201104,6,19
8993,5,C,1,208080505020,20201104,6,20
8994,4,B,1,208080505020,20201104,6,21
8995,3,B,1,208080505020,20201104,6,22
8996,4,B,1,208080505020,20201104,6,23
8997,3,B,1,208080505020,20201104,6,24
8998,4,B,1,208080505020,20201104,6,25
8999,3,B,1,208080505020,20201104,6,26
9000,4,B,0,208080505020,20201104,6,27
9001,3,B,1,208080505020,20201104,6,28
9002,4,B,0,208080505020,20201104,6,29
9003,3,B,0,208080505020,20201104,6,30
9004,4,B,1,208080505020,20201104,6,31
9005,3,B,1,208080505020,20201104,6,32
9006,4,B,1,208080505020,20201104,6,33
9007,3,B,1,208080505020,20201104,6,34
9008,4,B,1,208080505020,20201104,6,35
9009,3,B,1,208080505020,20201104,6,36
9010,4,B,1,208080505020,20201104,6,37
9011,3,B,1,208080505020,20201104,6,38
9012,4,B,1,208080505020,20201104,6,39
9013,3,B,1,208080505020,20201104,6,40
9014,4,B,1,208080505020,20201104,6,41
9015,3,B,1,208080505020,20201104,6,42
9016,4,B,0,208080505020,20201104,6,43
9017,3,B,0,208080505020,20201104,6,44
9018,4,B,0,208080505020,20201104,6,45
9019,3,B,1,208080505020,20201104,6,46
9020,4,B,1,208080505020,20201104,6,47
9021,3,B,1,208080505020,20201104,6,48
9022,4,B,0,208080505020,20201104,6,49
9023,3,B,1,208080505020,20201104,6,50
9024,4,B,0,208080505020,20201104,6,51
9025,3,B,1,208080505020,20201104,6,52
9026,4,B,0,208080505020,20201104,6,53
9027,3,B,1,208080505020,20201104,6,54
9028,4,B,0,208080505020,20201104,6,55
9029,3,B,1,208080505020,20201104,6,56
9030,4,B,1,208080505020,20201104,6,57
9031,3,B,0,208080505020,20201104,6,58
9032,4,B,1,208080505020,20201104,6,59
9033,3,B,0,205020205080,20201104,6,60
9034,4,B,1,205020205080,20201104,6,61
9035,3,B,0,205020205080,20201104,6,62
9036,4,B,1,205020205080,20201104,6,63
9037,3,B,0,205020205080,20201104,6,64
9038,4,B,0,205020205080,20201104,6,65
9039,3,B,0,205020205080,20201104,6,66
9040,4,B,0,205020205080,20201104,6,67
9041,6,C,1,205020205080,20201104,6,68
9042,5,C,1,205020205080,20201104,6,69
9043,6,C,1,205020205080,20201104,6,70
9044,5,C,0,205020205080,20201104,6,71
9045,6,C,0,205020205080,20201104,6,72
9046,5,C,1,205020205080,20201104,6,73
9047,6,C,0,205020205080,20201104,6,74
9048,5,C,1,205020205080,20201104,6,75
9049,6,C,1,205020205080,20201104,6,76
9050,5,C,0,205020205080,20201104,6,77
9051,6,C,1,205020205080,20201104,6,78
9052,5,C,0,205020205080,20201104,6,79
9053,6,C,1,205020205080,20201104,6,80
9054,5,C,1,205020205080,20201104,6,81
9055,6,C,1,205020205080,20201104,6,82
9056,5,C,1,205020205080,20201104,6,83
9057,6,C,1,205020205080,20201104,6,84
9058,5,C,0,205020205080,20201104,6,85
9059,6,C,1,205020205080,20201104,6,86
9060,5,C,0,205020205080,20201104,6,87
9061,6,C,0,205020205080,20201104,6,88
9062,5,C,1,205020205080,20201104,6,89
9063,6,C,0,205020205080,20201104,6,90
9064,5,C,0,205020205080,20201104,6,91
9065,6,C,0,205020205080,20201104,6,92
9066,5,C,1,205020205080,20201104,6,93
9067,6,C,1,205020205080,20201104,6,94
9068,5,C,1,205020205080,20201104,6,95
9069,6,C,1,205020205080,20201104,6,96
9070,5,C,0,205020205080,20201104,6,97
9071,6,C,1,205020205080,20201104,6,98
9072,5,C,0,205020205080,20201104,6,99
9073,6,C,1,205020205080,20201104,6,100
9074,5,C,1,205020205080,20201104,6,101
9075,6,C,1,205020205080,20201104,6,102
9076,5,C,0,205020205080,20201104,6,103
9077,6,C,1,205020205080,20201104,6,104
9078,5,C,0,205020205080,20201104,6,105
9079,6,C,0,205020205080,20201104,6,106
9080,5,C,1,205020205080,20201104,6,107
9081,6,C,0,205020205080,20201104,6,108
9082,5,C,1,205020205080,20201104,6,109
9083,6,C,0,205020205080,20201104,6,110
9084,5,C,1,205020205080,20201104,6,111
9085,6,C,1,205020205080,20201104,6,112
9086,5,C,1,205020205080,20201104,6,113
9087,6,C,1,205020205080,20201104,6,114
9088,5,C,0,205020205080,20201104,6,115
9089,6,C,1,205020205080,20201104,6,116
9090,5,C,1,205020205080,20201104,6,117
9091,6,C,1,205020205080,20201104,6,118
9092,5,C,0,205020205080,20201104,6,119
9093,6,C,0,202080205020,20201104,6,120
9094,5,C,0,202080205020,20201104,6,121
9095,6,C,0,202080205020,20201104,6,122
9096,5,C,1,202080205020,20201104,6,123
9097,6,C,0,202080205020,20201104,6,124
9098,5,C,0,202080205020,20201104,6,125
9099,6,C,0,202080205020,20201104,6,126
9100,5,C,1,202080205020,20201104,6,127
9101,6,C,1,202080205020,20201104,6,128
9102,5,C,1,202080205020,20201104,6,129
9103,6,C,0,202080205020,20201104,6,130
9104,5,C,0,202080205020,20201104,6,131
9105,6,C,0,202080205020,20201104,6,132
9106,5,C,1,202080205020,20201104,6,133
9107,6,C,0,202080205020,20201104,6,134
9108,5,C,1,202080205020,20201104,6,135
9109,6,C,0,202080205020,20201104,6,136
9110,5,C,0,202080205020,20201104,6,137
9111,6,C,1,202080205020,20201104,6,138
9112,5,C,0,202080205020,20201104,6,139
9113,6,C,0,202080205020,20201104,6,140
9114,5,C,0,202080205020,20201104,6,141
9115,6,C,0,202080205020,20201104,6,142
9116,5,C,0,202080205020,20201104,6,143
9117,6,C,0,202080205020,20201104,6,144
9118,2,A,0,202080205020,20201104,6,145
9119,1,A,0,202080205020,20201104,6,146
9120,2,A,1,202080205020,20201104,6,147
9121,1,A,0,202080205020,20201104,6,148
9122,2,A,1,202080205020,20201104,6,149
9123,1,A,0,202080205020,20201104,6,150
9124,2,A,0,202080205020,20201104,6,151
9125,1,A,1,202080205020,20201104,6,152
9126,2,A,0,202080205020,20201104,6,153
9127,1,A,0,202080205020,20201104,6,154
9128,2,A,0,202080205020,20201104,6,155
9129,1,A,0,202080205020,20201104,6,156
9130,2,A,0,202080205020,20201104,6,157
9131,4,B,0,202080205020,20201104,6,158
9132,3,B,1,202080205020,20201104,6,159
9133,4,B,0,202080205020,20201104,6,160
9134,3,B,0,202080205020,20201104,6,161
9135,4,B,0,202080205020,20201104,6,162
9136,3,B,1,202080205020,20201104,6,163
9137,4,B,0,202080205020,20201104,6,164
9138,3,B,1,202080205020,20201104,6,165
9139,4,B,0,202080205020,20201104,6,166
9140,3,B,1,202080205020,20201104,6,167
9141,4,B,0,202080205020,20201104,6,168
9142,3,B,1,202080205020,20201104,6,169
9143,4,B,0,202080205020,20201104,6,170
9144,3,B,1,202080205020,20201104,6,171
9145,4,B,1,202080205020,20201104,6,172
9146,3,B,1,202080205020,20201104,6,173
9147,4,B,0,202080205020,20201104,6,174
9148,3,B,1,202080205020,20201104,6,175
9149,4,B,0,202080205020,20201104,6,176
9150,3,B,1,202080205020,20201104,6,177
9151,4,B,0,202080205020,20201104,6,178
9152,3,B,0,202080205020,20201104,6,179
9153,2,A,0,502020202080,20201104,7,0
9154,1,A,1,502020202080,20201104,7,1
9155,2,A,0,502020202080,20201104,7,2
9156,1,A,0,502020202080,20201104,7,3
9157,2,A,0,502020202080,20201104,7,4
9158,5,C,0,502020202080,20201104,7,5
9159,6,C,0,502020202080,20201104,7,6
9160,5,C,0,502020202080,20201104,7,7
9161,6,C,1,502020202080,20201104,7,8
9162,5,C,1,502020202080,20201104,7,9
9163,6,C,1,502020202080,20201104,7,10
9164,5,C,0,502020202080,20201104,7,11
9165,6,C,0,502020202080,20201104,7,12
9166,5,C,0,502020202080,20201104,7,13
9167,6,C,1,502020202080,20201104,7,14
9168,4,B,0,502020202080,20201104,7,15
9169,3,B,0,502020202080,20201104,7,16
9170,4,B,0,502020202080,20201104,7,17
9171,3,B,0,502020202080,20201104,7,18
9172,4,B,0,502020202080,20201104,7,19
9173,3,B,0,502020202080,20201104,7,20
9174,4,B,1,502020202080,20201104,7,21
9175,2,A,0,502020202080,20201104,7,22
9176,1,A,1,502020202080,20201104,7,23
9177,2,A,0,502020202080,20201104,7,24
9178,1,A,1,502020202080,20201104,7,25
9179,2,A,0,502020202080,20201104,7,26
9180,1,A,0,502020202080,20201104,7,27
9181,2,A,0,502020202080,20201104,7,28
9182,1,A,1,502020202080,20201104,7,29
9183,2,A,0,502020202080,20201104,7,30
9184,1,A,0,502020202080,20201104,7,31
9185,2,A,1,502020202080,20201104,7,32
9186,1,A,0,502020202080,20201104,7,33
9187,2,A,0,502020202080,20201104,7,34
9188,1,A,1,502020202080,20201104,7,35
9189,2,A,1,502020202080,20201104,7,36
9190,1,A,0,502020202080,20201104,7,37
9191,2,A,0,502020202080,20201104,7,38
9192,1,A,0,502020202080,20201104,7,39
9193,2,A,1,502020202080,20201104,7,40
9194,1,A,1,502020202080,20201104,7,41
9195,2,A,0,502020202080,20201104,7,42
9196,1,A,0,502020202080,20201104,7,43
9197,2,A,0,502020202080,20201104,7,44
9198,1,A,0,502020202080,20201104,7,45
9199,2,A,0,502020202080,20201104,7,46
9200,1,A,0,502020202080,20201104,7,47
9201,2,A,0,502020202080,20201104,7,48
9202,5,C,0,502020202080,20201104,7,49
9203,6,C,1,502020202080,20201104,7,50
9204,5,C,0,502020202080,20201104,7,51
9205,6,C,1,502020202080,20201104,7,52
9206,5,C,0,502020202080,20201104,7,53
9207,6,C,1,502020202080,20201104,7,54
9208,5,C,0,502020202080,20201104,7,55
9209,6,C,1,502020202080,20201104,7,56
9210,5,C,0,502020202080,20201104,7,57
9211,6,C,1,502020202080,20201104,7,58
9212,5,C,0,502020202080,20201104,7,59
9213,6,C,1,802050202020,20201104,7,60
9214,5,C,1,802050202020,20201104,7,61
9215,6,C,0,802050202020,20201104,7,62
9216,5,C,0,802050202020,20201104,7,63
9217,6,C,0,802050202020,20201104,7,64
9218,5,C,0,802050202020,20201104,7,65
9219,6,C,0,802050202020,20201104,7,66
9220,5,C,0,802050202020,20201104,7,67
9221,6,C,1,802050202020,20201104,7,68
9222,5,C,1,802050202020,20201104,7,69
9223,6,C,0,802050202020,20201104,7,70
9224,5,C,1,802050202020,20201104,7,71
9225,6,C,0,802050202020,20201104,7,72
9226,5,C,0,802050202020,20201104,7,73
9227,6,C,0,802050202020,20201104,7,74
9228,5,C,0,802050202020,20201104,7,75
9229,6,C,0,802050202020,20201104,7,76
9230,5,C,0,802050202020,20201104,7,77
9231,6,C,1,802050202020,20201104,7,78
9232,5,C,0,802050202020,20201104,7,79
9233,6,C,0,802050202020,20201104,7,80
9234,2,A,0,802050202020,20201104,7,81
9235,1,A,1,802050202020,20201104,7,82
9236,2,A,0,802050202020,20201104,7,83
9237,1,A,1,802050202020,20201104,7,84
9238,2,A,0,802050202020,20201104,7,85
9239,1,A,0,802050202020,20201104,7,86
9240,2,A,0,802050202020,20201104,7,87
9241,1,A,1,802050202020,20201104,7,88
9242,2,A,0,802050202020,20201104,7,89
9243,1,A,0,802050202020,20201104,7,90
9244,2,A,0,802050202020,20201104,7,91
9245,1,A,1,802050202020,20201104,7,92
9246,2,A,1,802050202020,20201104,7,93
9247,1,A,1,802050202020,20201104,7,94
9248,2,A,0,802050202020,20201104,7,95
9249,1,A,0,802050202020,20201104,7,96
9250,2,A,0,802050202020,20201104,7,97
9251,1,A,1,802050202020,20201104,7,98
9252,2,A,0,802050202020,20201104,7,99
9253,1,A,1,802050202020,20201104,7,100
9254,2,A,0,802050202020,20201104,7,101
9255,1,A,1,802050202020,20201104,7,102
9256,2,A,0,802050202020,20201104,7,103
9257,1,A,1,802050202020,20201104,7,104
9258,2,A,1,802050202020,20201104,7,105
9259,1,A,1,802050202020,20201104,7,106
9260,2,A,0,802050202020,20201104,7,107
9261,1,A,1,802050202020,20201104,7,108
9262,2,A,1,802050202020,20201104,7,109
9263,1,A,1,802050202020,20201104,7,110
9264,2,A,0,802050202020,20201104,7,111
9265,1,A,1,802050202020,20201104,7,112
9266,2,A,0,802050202020,20201104,7,113
9267,1,A,1,802050202020,20201104,7,114
9268,2,A,1,802050202020,20201104,7,115
9269,1,A,1,802050202020,20201104,7,116
9270,2,A,0,802050202020,20201104,7,117
9271,1,A,1,802050202020,20201104,7,118
9272,2,A,1,802050202020,20201104,7,119
9273,1,A,1,202050202020,20201104,7,120
9274,2,A,0,202050202020,20201104,7,121
9275,1,A,0,202050202020,20201104,7,122
9276,2,A,0,202050202020,20201104,7,123
9277,1,A,0,202050202020,20201104,7,124
9278,2,A,1,202050202020,20201104,7,125
9279,1,A,0,202050202020,20201104,7,126
9280,2,A,0,202050202020,20201104,7,127
9281,1,A,0,202050202020,20201104,7,128
9282,2,A,0,202050202020,20201104,7,129
9283,1,A,0,202050202020,20201104,7,130
9284,2,A,0,202050202020,20201104,7,131
9285,1,A,1,202050202020,20201104,7,132
9286,2,A,0,202050202020,20201104,7,133
9287,1,A,1,202050202020,20201104,7,134
9288,2,A,1,202050202020,20201104,7,135
9289,1,A,1,202050202020,20201104,7,136
9290,2,A,0,202050202020,20201104,7,137
9291,1,A,0,202050202020,20201104,7,138
9292,2,A,0,202050202020,20201104,7,139
9293,1,A,0,202050202020,20201104,7,140
9294,2,A,0,202050202020,20201104,7,141
9295,1,A,1,202050202020,20201104,7,142
9296,2,A,0,202050202020,20201104,7,143
9297,1,A,0,202050202020,20201104,7,144
9298,2,A,0,202050202020,20201104,7,145
9299,1,A,0,202050202020,20201104,7,146
9300,2,A,1,202050202020,20201104,7,147
9301,1,A,0,202050202020,20201104,7,148
9302,2,A,0,202050202020,20201104,7,149
9303,1,A,0,202050202020,20201104,7,150
9304,2,A,0,202050202020,20201104,7,151
9305,1,A,0,202050202020,20201104,7,152
9306,2,A,0,202050202020,20201104,7,153
9307,5,C,1,202050202020,20201104,7,154
9308,6,C,0,202050202020,20201104,7,155
9309,5,C,1,202050202020,20201104,7,156
9310,6,C,0,202050202020,20201104,7,157
9311,5,C,1,202050202020,20201104,7,158
9312,6,C,0,202050202020,20201104,7,159
9313,5,C,0,202050202020,20201104,7,160
9314,6,C,0,202050202020,20201104,7,161
9315,5,C,0,202050202020,20201104,7,162
9316,6,C,0,202050202020,20201104,7,163
9317,5,C,0,202050202020,20201104,7,164
9318,6,C,0,202050202020,20201104,7,165
9319,5,C,0,202050202020,20201104,7,166
9320,4,B,0,202050202020,20201104,7,167
9321,3,B,1,202050202020,20201104,7,168
9322,4,B,1,202050202020,20201104,7,169
9323,3,B,0,202050202020,20201104,7,170
9324,4,B,0,202050202020,20201104,7,171
9325,3,B,1,202050202020,20201104,7,172
9326,4,B,0,202050202020,20201104,7,173
9327,3,B,0,202050202020,20201104,7,174
9328,4,B,0,202050202020,20201104,7,175
9329,3,B,0,202050202020,20201104,7,176
9330,4,B,1,202050202020,20201104,7,177
9331,3,B,1,202050202020,20201104,7,178
9332,4,B,0,202050202020,20201104,7,179
9333,4,B,0,802050205080,20201104,8,0
9334,3,B,1,802050205080,20201104,8,1
9335,4,B,0,802050205080,20201104,8,2
9336,2,A,0,802050205080,20201104,8,3
9337,1,A,1,802050205080,20201104,8,4
9338,2,A,0,802050205080,20201104,8,5
9339,1,A,1,802050205080,20201104,8,6
9340,2,A,0,802050205080,20201104,8,7
9341,1,A,0,802050205080,20201104,8,8
9342,2,A,0,802050205080,20201104,8,9
9343,5,C,0,802050205080,20201104,8,10
9344,6,C,1,802050205080,20201104,8,11
9345,5,C,0,802050205080,20201104,8,12
9346,6,C,1,802050205080,20201104,8,13
9347,5,C,1,802050205080,20201104,8,14
9348,6,C,1,802050205080,20201104,8,15
9349,5,C,0,802050205080,20201104,8,16
9350,6,C,1,802050205080,20201104,8,17
9351,5,C,1,802050205080,20201104,8,18
9352,6,C,1,802050205080,20201104,8,19
9353,5,C,1,802050205080,20201104,8,20
9354,6,C,0,802050205080,20201104,8,21
9355,5,C,0,802050205080,20201104,8,22
9356,6,C,0,802050205080,20201104,8,23
9357,5,C,0,802050205080,20201104,8,24
9358,6,C,1,802050205080,20201104,8,25
9359,5,C,1,802050205080,20201104,8,26
9360,6,C,0,802050205080,20201104,8,27
9361,5,C,1,802050205080,20201104,8,28
9362,6,C,1,802050205080,20201104,8,29
9363,5,C,1,802050205080,20201104,8,30
9364,6,C,1,802050205080,20201104,8,31
9365,5,C,1,802050205080,20201104,8,32
9366,6,C,1,802050205080,20201104,8,33
9367,5,C,0,802050205080,20201104,8,34
9368,6,C,1,802050205080,20201104,8,35
9369,5,C,1,802050205080,20201104,8,36
9370,6,C,1,802050205080,20201104,8,37
9371,5,C,1,802050205080,20201104,8,38
9372,6,C,1,802050205080,20201104,8,39
9373,5,C,1,802050205080,20201104,8,40
9374,6,C,1,802050205080,20201104,8,41
9375,5,C,1,802050205080,20201104,8,42
9376,6,C,1,802050205080,20201104,8,43
9377,5,C,1,802050205080,20201104,8,44
9378,6,C,1,802050205080,20201104,8,45
9379,5,C,1,802050205080,20201104,8,46
9380,6,C,1,802050205080,20201104,8,47
9381,5,C,1,802050205080,20201104,8,48
9382,6,C,1,802050205080,20201104,8,49
9383,5,C,1,802050205080,20201104,8,50
9384,6,C,1,802050205080,20201104,8,51
9385,5,C,0,802050205080,20201104,8,52
9386,6,C,1,802050205080,20201104,8,53
9387,5,C,1,802050205080,20201104,8,54
9388,6,C,1,802050205080,20201104,8,55
9389,5,C,1,802050205080,20201104,8,56
9390,6,C,0,802050205080,20201104,8,57
9391,5,C,0,802050205080,20201104,8,58
9392,6,C,1,802050205080,20201104,8,59
9393,5,C,0,202050802020,20201104,8,60
9394,6,C,1,202050802020,20201104,8,61
9395,5,C,0,202050802020,20201104,8,62
9396,6,C,1,202050802020,20201104,8,63
9397,5,C,0,202050802020,20201104,8,64
9398,6,C,0,202050802020,20201104,8,65
9399,5,C,0,202050802020,20201104,8,66
9400,6,C,0,202050802020,20201104,8,67
9401,5,C,0,202050802020,20201104,8,68
9402,6,C,0,202050802020,20201104,8,69
9403,5,C,0,202050802020,20201104,8,70
9404,6,C,1,202050802020,20201104,8,71
9405,2,A,1,202050802020,20201104,8,72
9406,1,A,0,202050802020,20201104,8,73
9407,2,A,0,202050802020,20201104,8,74
9408,1,A,0,202050802020,20201104,8,75
9409,2,A,0,202050802020,20201104,8,76
9410,1,A,1,202050802020,20201104,8,77
9411,2,A,0,202050802020,20201104,8,78
9412,1,A,0,202050802020,20201104,8,79
9413,2,A,0,202050802020,20201104,8,80
9414,1,A,0,202050802020,20201104,8,81
9415,4,B,1,202050802020,20201104,8,82
9416,3,B,1,202050802020,20201104,8,83
9417,4,B,0,202050802020,20201104,8,84
9418,3,B,1,202050802020,20201104,8,85
9419,4,B,0,202050802020,20201104,8,86
9420,3,B,0,202050802020,20201104,8,87
9421,4,B,1,202050802020,20201104,8,88
9422,3,B,0,202050802020,20201104,8,89
9423,4,B,1,202050802020,20201104,8,90
9424,3,B,1,202050802020,20201104,8,91
9425,4,B,1,202050802020,20201104,8,92
9426,3,B,1,202050802020,20201104,8,93
9427,4,B,1,202050802020,20201104,8,94
9428,3,B,0,202050802020,20201104,8,95
9429,4,B,1,202050802020,20201104,8,96
9430,3,B,0,202050802020,20201104,8,97
9431,4,B,1,202050802020,20201104,8,98
9432,3,B,1,202050802020,20201104,8,99
9433,4,B,0,202050802020,20201104,8,100
9434,3,B,0,202050802020,20201104,8,101
9435,4,B,1,202050802020,20201104,8,102
9436,3,B,0,202050802020,20201104,8,103
9437,4,B,1,202050802020,20201104,8,104
9438,3,B,0,202050802020,20201104,8,105
9439,4,B,0,202050802020,20201104,8,106
9440,3,B,0,202050802020,20201104,8,107
9441,4,B,1,202050802020,20201104,8,108
9442,3,B,0,202050802020,20201104,8,109
9443,4,B,1,202050802020,20201104,8,110
9444,3,B,0,202050802020,20201104,8,111
9445,4,B,1,202050802020,20201104,8,112
9446,3,B,0,202050802020,20201104,8,113
9447,4,B,0,202050802020,20201104,8,114
9448,3,B,1,202050802020,20201104,8,115
9449,4,B,1,202050802020,20201104,8,116
9450,3,B,0,202050802020,20201104,8,117
9451,4,B,0,202050802020,20201104,8,118
9452,3,B,0,202050802020,20201104,8,119
9453,4,B,0,505050202050,20201104,8,120
9454,3,B,1,505050202050,20201104,8,121
9455,4,B,0,505050202050,20201104,8,122
9456,3,B,0,505050202050,20201104,8,123
9457,4,B,0,505050202050,20201104,8,124
9458,2,A,0,505050202050,20201104,8,125
9459,1,A,1,505050202050,20201104,8,126
9460,2,A,0,505050202050,20201104,8,127
9461,1,A,0,505050202050,20201104,8,128
9462,2,A,1,505050202050,20201104,8,129
9463,1,A,0,505050202050,20201104,8,130
9464,2,A,1,505050202050,20201104,8,131
9465,1,A,0,505050202050,20201104,8,132
9466,2,A,0,505050202050,20201104,8,133
9467,1,A,0,505050202050,20201104,8,134
9468,2,A,1,505050202050,20201104,8,135
9469,1,A,1,505050202050,20201104,8,136
9470,2,A,1,505050202050,20201104,8,137
9471,1,A,1,505050202050,20201104,8,138
9472,2,A,1,505050202050,20201104,8,139
9473,1,A,0,505050202050,20201104,8,140
9474,2,A,0,505050202050,20201104,8,141
9475,1,A,0,505050202050,20201104,8,142
9476,2,A,0,505050202050,20201104,8,143
9477,1,A,1,505050202050,20201104,8,144
9478,2,A,0,505050202050,20201104,8,145
9479,1,A,1,505050202050,20201104,8,146
9480,2,A,1,505050202050,20201104,8,147
9481,1,A,1,505050202050,20201104,8,148
9482,2,A,0,505050202050,20201104,8,149
9483,1,A,1,505050202050,20201104,8,150
9484,2,A,0,505050202050,20201104,8,151
9485,1,A,0,505050202050,20201104,8,152
9486,2,A,1,505050202050,20201104,8,153
9487,1,A,1,505050202050,20201104,8,154
9488,2,A,1,505050202050,20201104,8,155
9489,1,A,0,505050202050,20201104,8,156
9490,2,A,0,505050202050,20201104,8,157
9491,1,A,0,505050202050,20201104,8,158
9492,2,A,1,505050202050,20201104,8,159
9493,1,A,1,505050202050,20201104,8,160
9494,2,A,1,505050202050,20201104,8,161
9495,1,A,0,505050202050,20201104,8,162
9496,2,A,1,505050202050,20201104,8,163
9497,1,A,1,505050202050,20201104,8,164
9498,2,A,1,505050202050,20201104,8,165
9499,1,A,0,505050202050,20201104,8,166
9500,2,A,0,505050202050,20201104,8,167
9501,1,A,1,505050202050,20201104,8,168
9502,2,A,1,505050202050,20201104,8,169
9503,1,A,0,505050202050,20201104,8,170
9504,2,A,1,505050202050,20201104,8,171
9505,1,A,0,505050202050,20201104,8,172
9506,2,A,1,505050202050,20201104,8,173
9507,1,A,1,505050202050,20201104,8,174
9508,2,A,0,505050202050,20201104,8,175
9509,1,A,0,505050202050,20201104,8,176
9510,2,A,0,505050202050,20201104,8,177
9511,1,A,1,505050202050,20201104,8,178
9512,2,A,1,505050202050,20201104,8,179
9513,4,B,1,802050805020,20201105,1,0
9514,3,B,0,802050805020,20201105,1,1
9515,4,B,1,802050805020,20201105,1,2
9516,2,A,1,802050805020,20201105,1,3
9517,1,A,1,802050805020,20201105,1,4
9518,2,A,0,802050805020,20201105,1,5
9519,1,A,1,802050805020,20201105,1,6
9520,2,A,0,802050805020,20201105,1,7
9521,5,C,1,802050805020,20201105,1,8
9522,6,C,0,802050805020,20201105,1,9
9523,5,C,1,802050805020,20201105,1,10
9524,6,C,1,802050805020,20201105,1,11
9525,5,C,1,802050805020,20201105,1,12
9526,6,C,1,802050805020,20201105,1,13
9527,5,C,0,802050805020,20201105,1,14
9528,6,C,0,802050805020,20201105,1,15
9529,5,C,0,802050805020,20201105,1,16
9530,6,C,0,802050805020,20201105,1,17
9531,5,C,0,802050805020,20201105,1,18
9532,4,B,1,802050805020,20201105,1,19
9533,3,B,0,802050805020,20201105,1,20
9534,4,B,1,802050805020,20201105,1,21
9535,3,B,1,802050805020,20201105,1,22
9536,4,B,1,802050805020,20201105,1,23
9537,3,B,0,802050805020,20201105,1,24
9538,4,B,1,802050805020,20201105,1,25
9539,3,B,0,802050805020,20201105,1,26
9540,4,B,1,802050805020,20201105,1,27
9541,3,B,1,802050805020,20201105,1,28
9542,4,B,1,802050805020,20201105,1,29
9543,3,B,0,802050805020,20201105,1,30
9544,4,B,0,802050805020,20201105,1,31
9545,3,B,1,802050805020,20201105,1,32
9546,4,B,0,802050805020,20201105,1,33
9547,3,B,0,802050805020,20201105,1,34
9548,4,B,0,802050805020,20201105,1,35
9549,2,A,1,802050805020,20201105,1,36
9550,1,A,0,802050805020,20201105,1,37
9551,2,A,0,802050805020,20201105,1,38
9552,1,A,1,802050805020,20201105,1,39
9553,2,A,0,802050805020,20201105,1,40
9554,1,A,1,802050805020,20201105,1,41
9555,2,A,1,802050805020,20201105,1,42
9556,1,A,1,802050805020,20201105,1,43
9557,2,A,0,802050805020,20201105,1,44
9558,1,A,1,802050805020,20201105,1,45
9559,2,A,0,802050805020,20201105,1,46
9560,1,A,0,802050805020,20201105,1,47
9561,2,A,0,802050805020,20201105,1,48
9562,1,A,1,802050805020,20201105,1,49
9563,2,A,0,802050805020,20201105,1,50
9564,1,A,1,802050805020,20201105,1,51
9565,2,A,0,802050805020,20201105,1,52
9566,1,A,1,802050805020,20201105,1,53
9567,2,A,0,802050805020,20201105,1,54
9568,1,A,1,802050805020,20201105,1,55
9569,2,A,0,802050805020,20201105,1,56
9570,1,A,1,802050805020,20201105,1,57
9571,2,A,0,802050805020,20201105,1,58
9572,1,A,1,802050805020,20201105,1,59
9573,2,A,0,205020202020,20201105,1,60
9574,1,A,1,205020202020,20201105,1,61
9575,2,A,0,205020202020,20201105,1,62
9576,1,A,0,205020202020,20201105,1,63
9577,2,A,0,205020202020,20201105,1,64
9578,1,A,0,205020202020,20201105,1,65
9579,2,A,1,205020202020,20201105,1,66
9580,1,A,0,205020202020,20201105,1,67
9581,2,A,0,205020202020,20201105,1,68
9582,1,A,0,205020202020,20201105,1,69
9583,2,A,0,205020202020,20201105,1,70
9584,6,C,0,205020202020,20201105,1,71
9585,5,C,0,205020202020,20201105,1,72
9586,6,C,0,205020202020,20201105,1,73
9587,5,C,1,205020202020,20201105,1,74
9588,6,C,0,205020202020,20201105,1,75
9589,5,C,0,205020202020,20201105,1,76
9590,6,C,0,205020202020,20201105,1,77
9591,1,A,0,205020202020,20201105,1,78
9592,2,A,1,205020202020,20201105,1,79
9593,1,A,0,205020202020,20201105,1,80
9594,2,A,1,205020202020,20201105,1,81
9595,1,A,1,205020202020,20201105,1,82
9596,2,A,1,205020202020,20201105,1,83
9597,1,A,0,205020202020,20201105,1,84
9598,2,A,1,205020202020,20201105,1,85
9599,1,A,1,205020202020,20201105,1,86
9600,2,A,0,205020202020,20201105,1,87
9601,1,A,0,205020202020,20201105,1,88
9602,2,A,1,205020202020,20201105,1,89
9603,1,A,0,205020202020,20201105,1,90
9604,2,A,0,205020202020,20201105,1,91
9605,1,A,0,205020202020,20201105,1,92
9606,2,A,1,205020202020,20201105,1,93
9607,1,A,1,205020202020,20201105,1,94
9608,2,A,0,205020202020,20201105,1,95
9609,1,A,1,205020202020,20201105,1,96
9610,2,A,0,205020202020,20201105,1,97
9611,1,A,0,205020202020,20201105,1,98
9612,2,A,0,205020202020,20201105,1,99
9613,1,A,0,205020202020,20201105,1,100
9614,2,A,1,205020202020,20201105,1,101
9615,1,A,1,205020202020,20201105,1,102
9616,2,A,0,205020202020,20201105,1,103
9617,1,A,0,205020202020,20201105,1,104
9618,2,A,0,205020202020,20201105,1,105
9619,1,A,0,205020202020,20201105,1,106
9620,2,A,1,205020202020,20201105,1,107
9621,1,A,0,205020202020,20201105,1,108
9622,2,A,0,205020202020,20201105,1,109
9623,1,A,0,205020202020,20201105,1,110
9624,2,A,1,205020202020,20201105,1,111
9625,1,A,0,205020202020,20201105,1,112
9626,2,A,0,205020202020,20201105,1,113
9627,1,A,1,205020202020,20201105,1,114
9628,2,A,0,205020202020,20201105,1,115
9629,1,A,0,205020202020,20201105,1,116
9630,2,A,1,205020202020,20201105,1,117
9631,1,A,0,205020202020,20201105,1,118
9632,2,A,1,205020202020,20201105,1,119
9633,1,A,0,202050205080,20201105,1,120
9634,2,A,0,202050205080,20201105,1,121
9635,1,A,0,202050205080,20201105,1,122
9636,2,A,1,202050205080,20201105,1,123
9637,1,A,0,202050205080,20201105,1,124
9638,2,A,0,202050205080,20201105,1,125
9639,1,A,0,202050205080,20201105,1,126
9640,2,A,0,202050205080,20201105,1,127
9641,1,A,0,202050205080,20201105,1,128
9642,2,A,1,202050205080,20201105,1,129
9643,1,A,1,202050205080,20201105,1,130
9644,2,A,1,202050205080,20201105,1,131
9645,1,A,0,202050205080,20201105,1,132
9646,2,A,0,202050205080,20201105,1,133
9647,1,A,0,202050205080,20201105,1,134
9648,2,A,0,202050205080,20201105,1,135
9649,1,A,0,202050205080,20201105,1,136
9650,2,A,0,202050205080,20201105,1,137
9651,4,B,0,202050205080,20201105,1,138
9652,3,B,1,202050205080,20201105,1,139
9653,4,B,0,202050205080,20201105,1,140
9654,3,B,0,202050205080,20201105,1,141
9655,4,B,0,202050205080,20201105,1,142
9656,3,B,0,202050205080,20201105,1,143
9657,4,B,0,202050205080,20201105,1,144
9658,3,B,1,202050205080,20201105,1,145
9659,4,B,0,202050205080,20201105,1,146
9660,3,B,0,202050205080,20201105,1,147
9661,4,B,0,202050205080,20201105,1,148
9662,3,B,0,202050205080,20201105,1,149
9663,4,B,0,202050205080,20201105,1,150
9664,3,B,1,202050205080,20201105,1,151
9665,4,B,0,202050205080,20201105,1,152
9666,3,B,0,202050205080,20201105,1,153
9667,4,B,1,202050205080,20201105,1,154
9668,3,B,0,202050205080,20201105,1,155
9669,4,B,0,202050205080,20201105,1,156
9670,3,B,1,202050205080,20201105,1,157
9671,4,B,0,202050205080,20201105,1,158
9672,3,B,0,202050205080,20201105,1,159
9673,4,B,0,202050205080,20201105,1,160
9674,3,B,1,202050205080,20201105,1,161
9675,4,B,0,202050205080,20201105,1,162
9676,3,B,1,202050205080,20201105,1,163
9677,4,B,0,202050205080,20201105,1,164
9678,3,B,1,202050205080,20201105,1,165
9679,4,B,0,202050205080,20201105,1,166
9680,3,B,0,202050205080,20201105,1,167
9681,4,B,0,202050205080,20201105,1,168
9682,3,B,0,202050205080,20201105,1,169
9683,4,B,0,202050205080,20201105,1,170
9684,3,B,0,202050205080,20201105,1,171
9685,4,B,0,202050205080,20201105,1,172
9686,3,B,1,202050205080,20201105,1,173
9687,4,B,1,202050205080,20201105,1,174
9688,3,B,1,202050205080,20201105,1,175
9689,4,B,0,202050205080,20201105,1,176
9690,3,B,1,202050205080,20201105,1,177
9691,4,B,0,202050205080,20201105,1,178
9692,3,B,0,202050205080,20201105,1,179
9693,4,B,0,205080502050,20201105,2,0
9694,3,B,1,205080502050,20201105,2,1
9695,4,B,1,205080502050,20201105,2,2
9696,3,B,1,205080502050,20201105,2,3
9697,4,B,1,205080502050,20201105,2,4
9698,3,B,0,205080502050,20201105,2,5
9699,4,B,0,205080502050,20201105,2,6
9700,2,A,0,205080502050,20201105,2,7
9701,1,A,0,205080502050,20201105,2,8
9702,2,A,0,205080502050,20201105,2,9
9703,1,A,0,205080502050,20201105,2,10
9704,2,A,0,205080502050,20201105,2,11
9705,5,C,0,205080502050,20201105,2,12
9706,6,C,1,205080502050,20201105,2,13
9707,5,C,0,205080502050,20201105,2,14
9708,6,C,0,205080502050,20201105,2,15
9709,5,C,0,205080502050,20201105,2,16
9710,6,C,0,205080502050,20201105,2,17
9711,5,C,0,205080502050,20201105,2,18
9712,6,C,0,205080502050,20201105,2,19
9713,4,B,0,205080502050,20201105,2,20
9714,3,B,1,205080502050,20201105,2,21
9715,4,B,1,205080502050,20201105,2,22
9716,3,B,1,205080502050,20201105,2,23
9717,4,B,0,205080502050,20201105,2,24
9718,3,B,0,205080502050,20201105,2,25
9719,4,B,0,205080502050,20201105,2,26
9720,3,B,1,205080502050,20201105,2,27
9721,4,B,0,205080502050,20201105,2,28
9722,3,B,1,205080502050,20201105,2,29
9723,4,B,0,205080502050,20201105,2,30
9724,3,B,1,205080502050,20201105,2,31
9725,4,B,1,205080502050,20201105,2,32
9726,3,B,1,205080502050,20201105,2,33
9727,4,B,0,205080502050,20201105,2,34
9728,3,B,1,205080502050,20201105,2,35
9729,4,B,1,205080502050,20201105,2,36
9730,3,B,1,205080502050,20201105,2,37
9731,4,B,0,205080502050,20201105,2,38
9732,3,B,1,205080502050,20201105,2,39
9733,4,B,0,205080502050,20201105,2,40
9734,3,B,1,205080502050,20201105,2,41
9735,4,B,1,205080502050,20201105,2,42
9736,3,B,0,205080502050,20201105,2,43
9737,4,B,0,205080502050,20201105,2,44
9738,3,B,1,205080502050,20201105,2,45
9739,4,B,0,205080502050,20201105,2,46
9740,3,B,1,205080502050,20201105,2,47
9741,4,B,0,205080502050,20201105,2,48
9742,3,B,1,205080502050,20201105,2,49
9743,4,B,0,205080502050,20201105,2,50
9744,3,B,1,205080502050,20201105,2,51
9745,4,B,0,205080502050,20201105,2,52
9746,3,B,1,205080502050,20201105,2,53
9747,4,B,1,205080502050,20201105,2,54
9748,3,B,1,205080502050,20201105,2,55
9749,4,B,0,205080502050,20201105,2,56
9750,3,B,1,205080502050,20201105,2,57
9751,4,B,0,205080502050,20201105,2,58
9752,3,B,1,205080502050,20201105,2,59
9753,4,B,1,505020508050,20201105,2,60
9754,3,B,0,505020508050,20201105,2,61
9755,4,B,0,505020508050,20201105,2,62
9756,3,B,0,505020508050,20201105,2,63
9757,4,B,0,505020508050,20201105,2,64
9758,3,B,1,505020508050,20201105,2,65
9759,4,B,1,505020508050,20201105,2,66
9760,3,B,0,505020508050,20201105,2,67
9761,4,B,1,505020508050,20201105,2,68
9762,3,B,0,505020508050,20201105,2,69
9763,4,B,0,505020508050,20201105,2,70
9764,3,B,1,505020508050,20201105,2,71
9765,4,B,1,505020508050,20201105,2,72
9766,3,B,0,505020508050,20201105,2,73
9767,4,B,0,505020508050,20201105,2,74
9768,3,B,0,505020508050,20201105,2,75
9769,4,B,1,505020508050,20201105,2,76
9770,3,B,0,505020508050,20201105,2,77
9771,4,B,1,505020508050,20201105,2,78
9772,2,A,1,505020508050,20201105,2,79
9773,1,A,0,505020508050,20201105,2,80
9774,2,A,1,505020508050,20201105,2,81
9775,1,A,1,505020508050,20201105,2,82
9776,2,A,1,505020508050,20201105,2,83
9777,1,A,0,505020508050,20201105,2,84
9778,2,A,1,505020508050,20201105,2,85
9779,1,A,1,505020508050,20201105,2,86
9780,2,A,1,505020508050,20201105,2,87
9781,1,A,1,505020508050,20201105,2,88
9782,2,A,1,505020508050,20201105,2,89
9783,1,A,1,505020508050,20201105,2,90
9784,2,A,1,505020508050,20201105,2,91
9785,1,A,1,505020508050,20201105,2,92
9786,2,A,0,505020508050,20201105,2,93
9787,1,A,0,505020508050,20201105,2,94
9788,2,A,0,505020508050,20201105,2,95
9789,1,A,0,505020508050,20201105,2,96
9790,2,A,0,505020508050,20201105,2,97
9791,1,A,0,505020508050,20201105,2,98
9792,2,A,1,505020508050,20201105,2,99
9793,1,A,1,505020508050,20201105,2,100
9794,2,A,0,505020508050,20201105,2,101
9795,1,A,0,505020508050,20201105,2,102
9796,2,A,0,505020508050,20201105,2,103
9797,1,A,0,505020508050,20201105,2,104
9798,2,A,0,505020508050,20201105,2,105
9799,1,A,1,505020508050,20201105,2,106
9800,2,A,0,505020508050,20201105,2,107
9801,1,A,0,505020508050,20201105,2,108
9802,2,A,1,505020508050,20201105,2,109
9803,1,A,0,505020508050,20201105,2,110
9804,2,A,1,505020508050,20201105,2,111
9805,1,A,1,505020508050,20201105,2,112
9806,2,A,1,505020508050,20201105,2,113
9807,1,A,1,505020508050,20201105,2,114
9808,2,A,0,505020508050,20201105,2,115
9809,1,A,0,505020508050,20201105,2,116
9810,2,A,1,505020508050,20201105,2,117
9811,1,A,1,505020508050,20201105,2,118
9812,2,A,0,505020508050,20201105,2,119
9813,1,A,0,205080202020,20201105,2,120
9814,2,A,1,205080202020,20201105,2,121
9815,1,A,0,205080202020,20201105,2,122
9816,2,A,1,205080202020,20201105,2,123
9817,1,A,0,205080202020,20201105,2,124
9818,2,A,0,205080202020,20201105,2,125
9819,1,A,1,205080202020,20201105,2,126
9820,2,A,0,205080202020,20201105,2,127
9821,1,A,0,205080202020,20201105,2,128
9822,2,A,0,205080202020,20201105,2,129
9823,1,A,0,205080202020,20201105,2,130
9824,2,A,1,205080202020,20201105,2,131
9825,1,A,0,205080202020,20201105,2,132
9826,2,A,0,205080202020,20201105,2,133
9827,1,A,0,205080202020,20201105,2,134
9828,2,A,0,205080202020,20201105,2,135
9829,1,A,0,205080202020,20201105,2,136
9830,2,A,1,205080202020,20201105,2,137
9831,1,A,0,205080202020,20201105,2,138
9832,2,A,1,205080202020,20201105,2,139
9833,1,A,0,205080202020,20201105,2,140
9834,2,A,1,205080202020,20201105,2,141
9835,1,A,0,205080202020,20201105,2,142
9836,2,A,1,205080202020,20201105,2,143
9837,1,A,0,205080202020,20201105,2,144
9838,2,A,1,205080202020,20201105,2,145
9839,1,A,0,205080202020,20201105,2,146
9840,2,A,0,205080202020,20201105,2,147
9841,1,A,1,205080202020,20201105,2,148
9842,2,A,1,205080202020,20201105,2,149
9843,1,A,0,205080202020,20201105,2,150
9844,2,A,0,205080202020,20201105,2,151
9845,1,A,0,205080202020,20201105,2,152
9846,2,A,1,205080202020,20201105,2,153
9847,1,A,0,205080202020,20201105,2,154
9848,2,A,0,205080202020,20201105,2,155
9849,1,A,1,205080202020,20201105,2,156
9850,2,A,0,205080202020,20201105,2,157
9851,1,A,0,205080202020,20201105,2,158
9852,2,A,0,205080202020,20201105,2,159
9853,5,C,0,205080202020,20201105,2,160
9854,6,C,1,205080202020,20201105,2,161
9855,5,C,0,205080202020,20201105,2,162
9856,6,C,0,205080202020,20201105,2,163
9857,5,C,1,205080202020,20201105,2,164
9858,6,C,0,205080202020,20201105,2,165
9859,5,C,0,205080202020,20201105,2,166
9860,6,C,0,205080202020,20201105,2,167
9861,5,C,0,205080202020,20201105,2,168
9862,6,C,0,205080202020,20201105,2,169
9863,5,C,0,205080202020,20201105,2,170
9864,6,C,1,205080202020,20201105,2,171
9865,5,C,0,205080202020,20201105,2,172
9866,6,C,0,205080202020,20201105,2,173
9867,4,B,0,205080202020,20201105,2,174
9868,3,B,1,205080202020,20201105,2,175
9869,4,B,1,205080202020,20201105,2,176
9870,3,B,1,205080202020,20201105,2,177
9871,4,B,0,205080202020,20201105,2,178
9872,3,B,1,205080202020,20201105,2,179
9873,4,B,0,202020505080,20201105,3,0
9874,3,B,0,202020505080,20201105,3,1
9875,4,B,1,202020505080,20201105,3,2
9876,2,A,0,202020505080,20201105,3,3
9877,1,A,0,202020505080,20201105,3,4
9878,2,A,0,202020505080,20201105,3,5
9879,1,A,1,202020505080,20201105,3,6
9880,2,A,0,202020505080,20201105,3,7
9881,5,C,1,202020505080,20201105,3,8
9882,6,C,1,202020505080,20201105,3,9
9883,5,C,0,202020505080,20201105,3,10
9884,6,C,0,202020505080,20201105,3,11
9885,5,C,1,202020505080,20201105,3,12
9886,6,C,1,202020505080,20201105,3,13
9887,5,C,0,202020505080,20201105,3,14
9888,6,C,1,202020505080,20201105,3,15
9889,5,C,1,202020505080,20201105,3,16
9890,6,C,1,202020505080,20201105,3,17
9891,5,C,1,202020505080,20201105,3,18
9892,6,C,1,202020505080,20201105,3,19
9893,5,C,1,202020505080,20201105,3,20
9894,6,C,0,202020505080,20201105,3,21
9895,5,C,1,202020505080,20201105,3,22
9896,6,C,1,202020505080,20201105,3,23
9897,5,C,1,202020505080,20201105,3,24
9898,6,C,0,202020505080,20201105,3,25
9899,5,C,1,202020505080,20201105,3,26
9900,6,C,0,202020505080,20201105,3,27
9901,5,C,1,202020505080,20201105,3,28
9902,6,C,1,202020505080,20201105,3,29
9903,5,C,0,202020505080,20201105,3,30
9904,6,C,1,202020505080,20201105,3,31
9905,5,C,1,202020505080,20201105,3,32
9906,6,C,1,202020505080,20201105,3,33
9907,5,C,0,202020505080,20201105,3,34
9908,6,C,1,202020505080,20201105,3,35
9909,5,C,1,202020505080,20201105,3,36
9910,6,C,1,202020505080,20201105,3,37
9911,5,C,0,202020505080,20201105,3,38
9912,6,C,1,202020505080,20201105,3,39
9913,5,C,1,202020505080,20201105,3,40
9914,6,C,1,202020505080,20201105,3,41
9915,5,C,0,202020505080,20201105,3,42
9916,6,C,0,202020505080,20201105,3,43
9917,5,C,0,202020505080,20201105,3,44
9918,6,C,1,202020505080,20201105,3,45
9919,5,C,0,202020505080,20201105,3,46
9920,6,C,1,202020505080,20201105,3,47
9921,5,C,0,202020505080,20201105,3,48
9922,6,C,1,202020505080,20201105,3,49
9923,5,C,1,202020505080,20201105,3,50
9924,6,C,1,202020505080,20201105,3,51
9925,5,C,0,202020505080,20201105,3,52
9926,6,C,1,202020505080,20201105,3,53
9927,5,C,0,202020505080,20201105,3,54
9928,6,C,1,202020505080,20201105,3,55
9929,5,C,0,202020505080,20201105,3,56
9930,6,C,1,202020505080,20201105,3,57
9931,5,C,0,202020505080,20201105,3,58
9932,6,C,0,202020505080,20201105,3,59
9933,5,C,1,805050202020,20201105,3,60
9934,6,C,0,805050202020,20201105,3,61
9935,5,C,0,805050202020,20201105,3,62
9936,6,C,0,805050202020,20201105,3,63
9937,5,C,0,805050202020,20201105,3,64
9938,6,C,0,805050202020,20201105,3,65
9939,5,C,0,805050202020,20201105,3,66
9940,6,C,0,805050202020,20201105,3,67
9941,5,C,0,805050202020,20201105,3,68
9942,6,C,0,805050202020,20201105,3,69
9943,4,B,0,805050202020,20201105,3,70
9944,3,B,1,805050202020,20201105,3,71
9945,4,B,1,805050202020,20201105,3,72
9946,3,B,1,805050202020,20201105,3,73
9947,4,B,0,805050202020,20201105,3,74
9948,3,B,1,805050202020,20201105,3,75
9949,4,B,0,805050202020,20201105,3,76
9950,3,B,0,805050202020,20201105,3,77
9951,4,B,0,805050202020,20201105,3,78
9952,3,B,1,805050202020,20201105,3,79
9953,4,B,0,805050202020,20201105,3,80
9954,3,B,1,805050202020,20201105,3,81
9955,4,B,0,805050202020,20201105,3,82
9956,3,B,1,805050202020,20201105,3,83
9957,4,B,0,805050202020,20201105,3,84
9958,3,B,0,805050202020,20201105,3,85
9959,4,B,0,805050202020,20201105,3,86
9960,3,B,1,805050202020,20201105,3,87
9961,4,B,0,805050202020,20201105,3,88
9962,3,B,1,805050202020,20201105,3,89
9963,4,B,0,805050202020,20201105,3,90
9964,3,B,1,805050202020,20201105,3,91
9965,4,B,0,805050202020,20201105,3,92
9966,3,B,0,805050202020,20201105,3,93
9967,4,B,0,805050202020,20201105,3,94
9968,3,B,1,805050202020,20201105,3,95
9969,1,A,1,805050202020,20201105,3,96
9970,2,A,1,805050202020,20201105,3,97
9971,1,A,1,805050202020,20201105,3,98
9972,2,A,1,805050202020,20201105,3,99
9973,1,A,1,805050202020,20201105,3,100
9974,2,A,1,805050202020,20201105,3,101
9975,1,A,1,805050202020,20201105,3,102
9976,2,A,0,805050202020,20201105,3,103
9977,1,A,1,805050202020,20201105,3,104
9978,2,A,1,805050202020,20201105,3,105
9979,1,A,1,805050202020,20201105,3,106
9980,2,A,1,805050202020,20201105,3,107
9981,1,A,1,805050202020,20201105,3,108
9982,2,A,1,805050202020,20201105,3,109
9983,1,A,1,805050202020,20201105,3,110
9984,2,A,0,805050202020,20201105,3,111
9985,1,A,1,805050202020,20201105,3,112
9986,2,A,0,805050202020,20201105,3,113
9987,1,A,1,805050202020,20201105,3,114
9988,2,A,0,805050202020,20201105,3,115
9989,1,A,0,805050202020,20201105,3,116
9990,2,A,0,805050202020,20201105,3,117
9991,1,A,0,805050202020,20201105,3,118
9992,2,A,0,805050202020,20201105,3,119
9993,1,A,0,205020202020,20201105,3,120
9994,2,A,0,205020202020,20201105,3,121
9995,1,A,1,205020202020,20201105,3,122
9996,2,A,0,205020202020,20201105,3,123
9997,1,A,1,205020202020,20201105,3,124
9998,2,A,1,205020202020,20201105,3,125
9999,1,A,1,205020202020,20201105,3,126
10000,2,A,0,205020202020,20201105,3,127
10001,1,A,0,205020202020,20201105,3,128
10002,2,A,1,205020202020,20201105,3,129
10003,1,A,0,205020202020,20201105,3,130
10004,2,A,1,205020202020,20201105,3,131
10005,1,A,0,205020202020,20201105,3,132
10006,2,A,0,205020202020,20201105,3,133
10007,1,A,0,205020202020,20201105,3,134
10008,2,A,0,205020202020,20201105,3,135
10009,1,A,0,205020202020,20201105,3,136
10010,2,A,1,205020202020,20201105,3,137
10011,1,A,1,205020202020,20201105,3,138
10012,2,A,1,205020202020,20201105,3,139
10013,1,A,1,205020202020,20201105,3,140
10014,2,A,0,205020202020,20201105,3,141
10015,1,A,0,205020202020,20201105,3,142
10016,2,A,1,205020202020,20201105,3,143
10017,1,A,0,205020202020,20201105,3,144
10018,2,A,0,205020202020,20201105,3,145
10019,1,A,0,205020202020,20201105,3,146
10020,2,A,1,205020202020,20201105,3,147
10021,1,A,0,205020202020,20201105,3,148
10022,2,A,1,205020202020,20201105,3,149
10023,1,A,0,205020202020,20201105,3,150
10024,2,A,1,205020202020,20201105,3,151
10025,1,A,0,205020202020,20201105,3,152
10026,2,A,0,205020202020,20201105,3,153
10027,1,A,0,205020202020,20201105,3,154
10028,2,A,0,205020202020,20201105,3,155
10029,1,A,0,205020202020,20201105,3,156
10030,2,A,0,205020202020,20201105,3,157
10031,1,A,0,205020202020,20201105,3,158
10032,2,A,0,205020202020,20201105,3,159
10033,5,C,0,205020202020,20201105,3,160
10034,6,C,1,205020202020,20201105,3,161
10035,5,C,0,205020202020,20201105,3,162
10036,6,C,0,205020202020,20201105,3,163
10037,5,C,0,205020202020,20201105,3,164
10038,6,C,0,205020202020,20201105,3,165
10039,5,C,0,205020202020,20201105,3,166
10040,6,C,0,205020202020,20201105,3,167
10041,4,B,1,205020202020,20201105,3,168
10042,3,B,0,205020202020,20201105,3,169
10043,4,B,0,205020202020,20201105,3,170
10044,3,B,0,205020202020,20201105,3,171
10045,4,B,0,205020202020,20201105,3,172
10046,3,B,0,205020202020,20201105,3,173
10047,4,B,0,205020202020,20201105,3,174
10048,3,B,0,205020202020,20201105,3,175
10049,4,B,0,205020202020,20201105,3,176
10050,2,A,1,205020202020,20201105,3,177
10051,1,A,1,205020202020,20201105,3,178
10052,2,A,0,205020202020,20201105,3,179
10053,4,B,0,202020208020,20201105,4,0
10054,3,B,0,202020208020,20201105,4,1
10055,4,B,0,202020208020,20201105,4,2
10056,2,A,0,202020208020,20201105,4,3
10057,1,A,1,202020208020,20201105,4,4
10058,2,A,0,202020208020,20201105,4,5
10059,1,A,1,202020208020,20201105,4,6
10060,2,A,0,202020208020,20201105,4,7
10061,5,C,1,202020208020,20201105,4,8
10062,6,C,0,202020208020,20201105,4,9
10063,5,C,1,202020208020,20201105,4,10
10064,6,C,0,202020208020,20201105,4,11
10065,5,C,0,202020208020,20201105,4,12
10066,6,C,0,202020208020,20201105,4,13
10067,5,C,0,202020208020,20201105,4,14
10068,6,C,0,202020208020,20201105,4,15
10069,4,B,0,202020208020,20201105,4,16
10070,3,B,1,202020208020,20201105,4,17
10071,4,B,0,202020208020,20201105,4,18
10072,3,B,1,202020208020,20201105,4,19
10073,4,B,0,202020208020,20201105,4,20
10074,3,B,0,202020208020,20201105,4,21
10075,4,B,0,202020208020,20201105,4,22
10076,3,B,0,202020208020,20201105,4,23
10077,4,B,0,202020208020,20201105,4,24
10078,3,B,0,202020208020,20201105,4,25
10079,1,A,1,202020208020,20201105,4,26
10080,2,A,0,202020208020,20201105,4,27
10081,1,A,0,202020208020,20201105,4,28
10082,2,A,1,202020208020,20201105,4,29
10083,1,A,0,202020208020,20201105,4,30
10084,2,A,0,202020208020,20201105,4,31
10085,1,A,1,202020208020,20201105,4,32
10086,2,A,0,202020208020,20201105,4,33
10087,1,A,0,202020208020,20201105,4,34
10088,4,B,0,202020208020,20201105,4,35
10089,3,B,0,202020208020,20201105,4,36
10090,4,B,0,202020208020,20201105,4,37
10091,3,B,0,202020208020,20201105,4,38
10092,4,B,1,202020208020,20201105,4,39
10093,3,B,0,202020208020,20201105,4,40
10094,4,B,1,202020208020,20201105,4,41
10095,3,B,0,202020208020,20201105,4,42
10096,4,B,0,202020208020,20201105,4,43
10097,5,C,1,202020208020,20201105,4,44
10098,6,C,0,202020208020,20201105,4,45
10099,5,C,0,202020208020,20201105,4,46
10100,6,C,0,202020208020,20201105,4,47
10101,5,C,1,202020208020,20201105,4,48
10102,6,C,0,202020208020,20201105,4,49
10103,5,C,1,202020208020,20201105,4,50
10104,6,C,1,202020208020,20201105,4,51
10105,5,C,1,202020208020,20201105,4,52
10106,6,C,0,202020208020,20201105,4,53
10107,5,C,0,202020208020,20201105,4,54
10108,6,C,1,202020208020,20201105,4,55
10109,5,C,1,202020208020,20201105,4,56
10110,6,C,0,202020208020,20201105,4,57
10111,5,C,1,202020208020,20201105,4,58
10112,6,C,0,202020208020,20201105,4,59
10113,5,C,0,205050802020,20201105,4,60
10114,6,C,0,205050802020,20201105,4,61
10115,5,C,0,205050802020,20201105,4,62
10116,6,C,1,205050802020,20201105,4,63
10117,5,C,0,205050802020,20201105,4,64
10118,6,C,0,205050802020,20201105,4,65
10119,5,C,0,205050802020,20201105,4,66
10120,6,C,0,205050802020,20201105,4,67
10121,4,B,1,205050802020,20201105,4,68
10122,3,B,1,205050802020,20201105,4,69
10123,4,B,1,205050802020,20201105,4,70
10124,3,B,1,205050802020,20201105,4,71
10125,4,B,1,205050802020,20201105,4,72
10126,3,B,1,205050802020,20201105,4,73
10127,4,B,1,205050802020,20201105,4,74
10128,3,B,1,205050802020,20201105,4,75
10129,4,B,1,205050802020,20201105,4,76
10130,3,B,0,205050802020,20201105,4,77
10131,4,B,1,205050802020,20201105,4,78
10132,3,B,1,205050802020,20201105,4,79
10133,4,B,1,205050802020,20201105,4,80
10134,3,B,0,205050802020,20201105,4,81
10135,4,B,1,205050802020,20201105,4,82
10136,3,B,1,205050802020,20201105,4,83
10137,4,B,0,205050802020,20201105,4,84
10138,3,B,0,205050802020,20201105,4,85
10139,4,B,1,205050802020,20201105,4,86
10140,3,B,1,205050802020,20201105,4,87
10141,4,B,1,205050802020,20201105,4,88
10142,3,B,1,205050802020,20201105,4,89
10143,4,B,1,205050802020,20201105,4,90
10144,3,B,0,205050802020,20201105,4,91
10145,4,B,1,205050802020,20201105,4,92
10146,3,B,0,205050802020,20201105,4,93
10147,4,B,1,205050802020,20201105,4,94
10148,3,B,0,205050802020,20201105,4,95
10149,4,B,0,205050802020,20201105,4,96
10150,3,B,1,205050802020,20201105,4,97
10151,4,B,1,205050802020,20201105,4,98
10152,3,B,0,205050802020,20201105,4,99
10153,4,B,1,205050802020,20201105,4,100
10154,3,B,1,205050802020,20201105,4,101
10155,4,B,0,205050802020,20201105,4,102
10156,3,B,0,205050802020,20201105,4,103
10157,4,B,1,205050802020,20201105,4,104
10158,3,B,0,205050802020,20201105,4,105
10159,4,B,1,205050802020,20201105,4,106
10160,3,B,0,205050802020,20201105,4,107
10161,4,B,1,205050802020,20201105,4,108
10162,3,B,0,205050802020,20201105,4,109
10163,4,B,0,205050802020,20201105,4,110
10164,3,B,1,205050802020,20201105,4,111
10165,4,B,1,205050802020,20201105,4,112
10166,3,B,1,205050802020,20201105,4,113
10167,4,B,0,205050802020,20201105,4,114
10168,3,B,0,205050802020,20201105,4,115
10169,4,B,1,205050802020,20201105,4,116
10170,3,B,1,205050802020,20201105,4,117
10171,4,B,1,205050802020,20201105,4,118
10172,3,B,1,205050802020,20201105,4,119
10173,4,B,0,505050202050,20201105,4,120
10174,3,B,0,505050202050,20201105,4,121
10175,4,B,0,505050202050,20201105,4,122
10176,3,B,0,505050202050,20201105,4,123
10177,4,B,0,505050202050,20201105,4,124
10178,3,B,0,505050202050,20201105,4,125
10179,4,B,0,505050202050,20201105,4,126
10180,2,A,1,505050202050,20201105,4,127
10181,1,A,0,505050202050,20201105,4,128
10182,2,A,1,505050202050,20201105,4,129
10183,1,A,1,505050202050,20201105,4,130
10184,2,A,1,505050202050,20201105,4,131
10185,1,A,1,505050202050,20201105,4,132
10186,2,A,1,505050202050,20201105,4,133
10187,1,A,1,505050202050,20201105,4,134
10188,2,A,0,505050202050,20201105,4,135
10189,1,A,0,505050202050,20201105,4,136
10190,2,A,0,505050202050,20201105,4,137
10191,1,A,1,505050202050,20201105,4,138
10192,2,A,0,505050202050,20201105,4,139
10193,1,A,1,505050202050,20201105,4,140
10194,2,A,0,505050202050,20201105,4,141
10195,1,A,1,505050202050,20201105,4,142
10196,2,A,0,505050202050,20201105,4,143
10197,1,A,1,505050202050,20201105,4,144
10198,2,A,1,505050202050,20201105,4,145
10199,1,A,0,505050202050,20201105,4,146
10200,2,A,1,505050202050,20201105,4,147
10201,1,A,1,505050202050,20201105,4,148
10202,2,A,1,505050202050,20201105,4,149
10203,1,A,1,505050202050,20201105,4,150
10204,2,A,0,505050202050,20201105,4,151
10205,1,A,0,505050202050,20201105,4,152
10206,2,A,1,505050202050,20201105,4,153
10207,1,A,1,505050202050,20201105,4,154
10208,2,A,0,505050202050,20201105,4,155
10209,1,A,1,505050202050,20201105,4,156
10210,2,A,0,505050202050,20201105,4,157
10211,1,A,1,505050202050,20201105,4,158
10212,2,A,1,505050202050,20201105,4,159
10213,1,A,1,505050202050,20201105,4,160
10214,2,A,1,505050202050,20201105,4,161
10215,1,A,1,505050202050,20201105,4,162
10216,2,A,0,505050202050,20201105,4,163
10217,1,A,0,505050202050,20201105,4,164
10218,2,A,0,505050202050,20201105,4,165
10219,1,A,0,505050202050,20201105,4,166
10220,2,A,0,505050202050,20201105,4,167
10221,1,A,1,505050202050,20201105,4,168
10222,2,A,1,505050202050,20201105,4,169
10223,1,A,1,505050202050,20201105,4,170
10224,2,A,1,505050202050,20201105,4,171
10225,1,A,1,505050202050,20201105,4,172
10226,2,A,1,505050202050,20201105,4,173
10227,1,A,1,505050202050,20201105,4,174
10228,2,A,1,505050202050,20201105,4,175
10229,1,A,0,505050202050,20201105,4,176
10230,2,A,0,505050202050,20201105,4,177
10231,1,A,1,505050202050,20201105,4,178
10232,2,A,0,505050202050,20201105,4,179
10233,4,B,1,502020208020,20201105,5,0
10234,3,B,0,502020208020,20201105,5,1
10235,4,B,0,502020208020,20201105,5,2
10236,2,A,0,502020208020,20201105,5,3
10237,1,A,0,502020208020,20201105,5,4
10238,2,A,0,502020208020,20201105,5,5
10239,1,A,1,502020208020,20201105,5,6
10240,2,A,0,502020208020,20201105,5,7
10241,1,A,0,502020208020,20201105,5,8
10242,2,A,0,502020208020,20201105,5,9
10243,5,C,1,502020208020,20201105,5,10
10244,6,C,0,502020208020,20201105,5,11
10245,5,C,0,502020208020,20201105,5,12
10246,6,C,0,502020208020,20201105,5,13
10247,5,C,1,502020208020,20201105,5,14
10248,6,C,0,502020208020,20201105,5,15
10249,5,C,1,502020208020,20201105,5,16
10250,6,C,0,502020208020,20201105,5,17
10251,5,C,1,502020208020,20201105,5,18
10252,6,C,0,502020208020,20201105,5,19
10253,5,C,0,502020208020,20201105,5,20
10254,6,C,0,502020208020,20201105,5,21
10255,5,C,0,502020208020,20201105,5,22
10256,6,C,0,502020208020,20201105,5,23
10257,5,C,1,502020208020,20201105,5,24
10258,4,B,0,502020208020,20201105,5,25
10259,3,B,0,502020208020,20201105,5,26
10260,4,B,0,502020208020,20201105,5,27
10261,3,B,0,502020208020,20201105,5,28
10262,4,B,1,502020208020,20201105,5,29
10263,3,B,0,502020208020,20201105,5,30
10264,4,B,0,502020208020,20201105,5,31
10265,2,A,1,502020208020,20201105,5,32
10266,1,A,1,502020208020,20201105,5,33
10267,2,A,1,502020208020,20201105,5,34
10268,1,A,0,502020208020,20201105,5,35
10269,2,A,0,502020208020,20201105,5,36
10270,1,A,1,502020208020,20201105,5,37
10271,2,A,1,502020208020,20201105,5,38
10272,1,A,1,502020208020,20201105,5,39
10273,2,A,0,502020208020,20201105,5,40
10274,1,A,1,502020208020,20201105,5,41
10275,2,A,0,502020208020,20201105,5,42
10276,1,A,1,502020208020,20201105,5,43
10277,2,A,0,502020208020,20201105,5,44
10278,1,A,1,502020208020,20201105,5,45
10279,2,A,0,502020208020,20201105,5,46
10280,1,A,1,502020208020,20201105,5,47
10281,2,A,0,502020208020,20201105,5,48
10282,1,A,0,502020208020,20201105,5,49
10283,2,A,0,502020208020,20201105,5,50
10284,1,A,1,502020208020,20201105,5,51
10285,2,A,0,502020208020,20201105,5,52
10286,1,A,1,502020208020,20201105,5,53
10287,2,A,0,502020208020,20201105,5,54
10288,1,A,0,502020208020,20201105,5,55
10289,2,A,0,502020208020,20201105,5,56
10290,1,A,0,502020208020,20201105,5,57
10291,2,A,1,502020208020,20201105,5,58
10292,1,A,0,502020208020,20201105,5,59
10293,2,A,1,508080202020,20201105,5,60
10294,1,A,1,508080202020,20201105,5,61
10295,2,A,0,508080202020,20201105,5,62
10296,1,A,0,508080202020,20201105,5,63
10297,2,A,1,508080202020,20201105,5,64
10298,1,A,0,508080202020,20201105,5,65
10299,2,A,1,508080202020,20201105,5,66
10300,1,A,1,508080202020,20201105,5,67
10301,2,A,1,508080202020,20201105,5,68
10302,1,A,0,508080202020,20201105,5,69
10303,2,A,1,508080202020,20201105,5,70
10304,1,A,1,508080202020,20201105,5,71
10305,2,A,1,508080202020,20201105,5,72
10306,1,A,1,508080202020,20201105,5,73
10307,2,A,0,508080202020,20201105,5,74
10308,1,A,0,508080202020,20201105,5,75
10309,2,A,1,508080202020,20201105,5,76
10310,1,A,1,508080202020,20201105,5,77
10311,2,A,0,508080202020,20201105,5,78
10312,1,A,0,508080202020,20201105,5,79
10313,2,A,1,508080202020,20201105,5,80
10314,1,A,0,508080202020,20201105,5,81
10315,2,A,0,508080202020,20201105,5,82
10316,1,A,1,508080202020,20201105,5,83
10317,2,A,1,508080202020,20201105,5,84
10318,1,A,0,508080202020,20201105,5,85
10319,2,A,1,508080202020,20201105,5,86
10320,1,A,0,508080202020,20201105,5,87
10321,2,A,0,508080202020,20201105,5,88
10322,1,A,0,508080202020,20201105,5,89
10323,2,A,1,508080202020,20201105,5,90
10324,1,A,0,508080202020,20201105,5,91
10325,2,A,1,508080202020,20201105,5,92
10326,1,A,0,508080202020,20201105,5,93
10327,2,A,1,508080202020,20201105,5,94
10328,1,A,0,508080202020,20201105,5,95
10329,2,A,1,508080202020,20201105,5,96
10330,1,A,0,508080202020,20201105,5,97
10331,2,A,0,508080202020,20201105,5,98
10332,1,A,0,508080202020,20201105,5,99
10333,2,A,1,508080202020,20201105,5,100
10334,1,A,1,508080202020,20201105,5,101
10335,2,A,0,508080202020,20201105,5,102
10336,1,A,0,508080202020,20201105,5,103
10337,2,A,1,508080202020,20201105,5,104
10338,1,A,0,508080202020,20201105,5,105
10339,2,A,1,508080202020,20201105,5,106
10340,1,A,1,508080202020,20201105,5,107
10341,2,A,1,508080202020,20201105,5,108
10342,1,A,0,508080202020,20201105,5,109
10343,2,A,1,508080202020,20201105,5,110
10344,1,A,0,508080202020,20201105,5,111
10345,2,A,1,508080202020,20201105,5,112
10346,1,A,0,508080202020,20201105,5,113
10347,2,A,1,508080202020,20201105,5,114
10348,1,A,0,508080202020,20201105,5,115
10349,2,A,1,508080202020,20201105,5,116
10350,1,A,0,508080202020,20201105,5,117
10351,2,A,1,508080202020,20201105,5,118
10352,1,A,1,508080202020,20201105,5,119
10353,2,A,0,502080502020,20201105,5,120
10354,1,A,0,502080502020,20201105,5,121
10355,2,A,0,502080502020,20201105,5,122
10356,1,A,0,502080502020,20201105,5,123
10357,2,A,0,502080502020,20201105,5,124
10358,1,A,1,502080502020,20201105,5,125
10359,2,A,0,502080502020,20201105,5,126
10360,1,A,0,502080502020,20201105,5,127
10361,2,A,0,502080502020,20201105,5,128
10362,1,A,1,502080502020,20201105,5,129
10363,2,A,0,502080502020,20201105,5,130
10364,1,A,1,502080502020,20201105,5,131
10365,2,A,0,502080502020,20201105,5,132
10366,1,A,0,502080502020,20201105,5,133
10367,2,A,1,502080502020,20201105,5,134
10368,1,A,0,502080502020,20201105,5,135
10369,2,A,0,502080502020,20201105,5,136
10370,1,A,1,502080502020,20201105,5,137
10371,2,A,0,502080502020,20201105,5,138
10372,1,A,1,502080502020,20201105,5,139
10373,2,A,0,502080502020,20201105,5,140
10374,1,A,1,502080502020,20201105,5,141
10375,2,A,1,502080502020,20201105,5,142
10376,1,A,0,502080502020,20201105,5,143
10377,2,A,0,502080502020,20201105,5,144
10378,1,A,0,502080502020,20201105,5,145
10379,2,A,0,502080502020,20201105,5,146
10380,1,A,1,502080502020,20201105,5,147
10381,2,A,0,502080502020,20201105,5,148
10382,1,A,1,502080502020,20201105,5,149
10383,2,A,0,502080502020,20201105,5,150
10384,1,A,0,502080502020,20201105,5,151
10385,2,A,0,502080502020,20201105,5,152
10386,1,A,0,502080502020,20201105,5,153
10387,2,A,0,502080502020,20201105,5,154
10388,1,A,1,502080502020,20201105,5,155
10389,2,A,1,502080502020,20201105,5,156
10390,1,A,1,502080502020,20201105,5,157
10391,2,A,0,502080502020,20201105,5,158
10392,1,A,0,502080502020,20201105,5,159
10393,2,A,0,502080502020,20201105,5,160
10394,1,A,1,502080502020,20201105,5,161
10395,2,A,0,502080502020,20201105,5,162
10396,1,A,1,502080502020,20201105,5,163
10397,2,A,0,502080502020,20201105,5,164
10398,1,A,1,502080502020,20201105,5,165
10399,2,A,0,502080502020,20201105,5,166
10400,1,A,1,502080502020,20201105,5,167
10401,2,A,0,502080502020,20201105,5,168
10402,1,A,0,502080502020,20201105,5,169
10403,2,A,0,502080502020,20201105,5,170
10404,1,A,1,502080502020,20201105,5,171
10405,2,A,1,502080502020,20201105,5,172
10406,1,A,0,502080502020,20201105,5,173
10407,2,A,1,502080502020,20201105,5,174
10408,1,A,1,502080502020,20201105,5,175
10409,2,A,0,502080502020,20201105,5,176
10410,1,A,0,502080502020,20201105,5,177
10411,2,A,0,502080502020,20201105,5,178
10412,1,A,1,502080502020,20201105,5,179
10413,4,B,1,502020205050,20201105,6,0
10414,3,B,0,502020205050,20201105,6,1
10415,4,B,0,502020205050,20201105,6,2
10416,2,A,0,502020205050,20201105,6,3
10417,1,A,1,502020205050,20201105,6,4
10418,2,A,1,502020205050,20201105,6,5
10419,1,A,0,502020205050,20201105,6,6
10420,2,A,0,502020205050,20201105,6,7
10421,5,C,0,502020205050,20201105,6,8
10422,6,C,1,502020205050,20201105,6,9
10423,5,C,1,502020205050,20201105,6,10
10424,6,C,1,502020205050,20201105,6,11
10425,5,C,0,502020205050,20201105,6,12
10426,6,C,1,502020205050,20201105,6,13
10427,5,C,1,502020205050,20201105,6,14
10428,6,C,0,502020205050,20201105,6,15
10429,5,C,1,502020205050,20201105,6,16
10430,6,C,0,502020205050,20201105,6,17
10431,5,C,1,502020205050,20201105,6,18
10432,6,C,0,502020205050,20201105,6,19
10433,5,C,1,502020205050,20201105,6,20
10434,6,C,0,502020205050,20201105,6,21
10435,5,C,1,502020205050,20201105,6,22
10436,6,C,1,502020205050,20201105,6,23
10437,5,C,0,502020205050,20201105,6,24
10438,6,C,1,502020205050,20201105,6,25
10439,5,C,0,502020205050,20201105,6,26
10440,6,C,1,502020205050,20201105,6,27
10441,5,C,0,502020205050,20201105,6,28
10442,6,C,1,502020205050,20201105,6,29
10443,5,C,1,502020205050,20201105,6,30
10444,6,C,1,502020205050,20201105,6,31
10445,5,C,1,502020205050,20201105,6,32
10446,6,C,1,502020205050,20201105,6,33
10447,5,C,1,502020205050,20201105,6,34
10448,6,C,0,502020205050,20201105,6,35
10449,5,C,1,502020205050,20201105,6,36
10450,6,C,0,502020205050,20201105,6,37
10451,5,C,1,502020205050,20201105,6,38
10452,6,C,1,502020205050,20201105,6,39
10453,5,C,0,502020205050,20201105,6,40
10454,6,C,0,502020205050,20201105,6,41
10455,5,C,1,502020205050,20201105,6,42
10456,6,C,1,502020205050,20201105,6,43
10457,5,C,0,502020205050,20201105,6,44
10458,6,C,0,502020205050,20201105,6,45
10459,5,C,1,502020205050,20201105,6,46
10460,6,C,0,502020205050,20201105,6,47
10461,5,C,0,502020205050,20201105,6,48
10462,6,C,0,502020205050,20201105,6,49
10463,5,C,0,502020205050,20201105,6,50
10464,6,C,0,502020205050,20201105,6,51
10465,5,C,1,502020205050,20201105,6,52
10466,6,C,1,502020205050,20201105,6,53
10467,5,C,1,502020205050,20201105,6,54
10468,6,C,0,502020205050,20201105,6,55
10469,5,C,1,502020205050,20201105,6,56
10470,6,C,0,502020205050,20201105,6,57
10471,5,C,1,502020205050,20201105,6,58
10472,6,C,1,502020205050,20201105,6,59
10473,5,C,0,805020502020,20201105,6,60
10474,6,C,0,805020502020,20201105,6,61
10475,5,C,0,805020502020,20201105,6,62
10476,6,C,1,805020502020,20201105,6,63
10477,5,C,0,805020502020,20201105,6,64
10478,6,C,0,805020502020,20201105,6,65
10479,5,C,1,805020502020,20201105,6,66
10480,6,C,0,805020502020,20201105,6,67
10481,5,C,0,805020502020,20201105,6,68
10482,4,B,1,805020502020,20201105,6,69
10483,3,B,0,805020502020,20201105,6,70
10484,4,B,1,805020502020,20201105,6,71
10485,3,B,0,805020502020,20201105,6,72
10486,4,B,1,805020502020,20201105,6,73
10487,3,B,0,805020502020,20201105,6,74
10488,4,B,0,805020502020,20201105,6,75
10489,3,B,0,805020502020,20201105,6,76
10490,4,B,1,805020502020,20201105,6,77
10491,3,B,0,805020502020,20201105,6,78
10492,4,B,0,805020502020,20201105,6,79
10493,2,A,0,805020502020,20201105,6,80
10494,1,A,1,805020502020,20201105,6,81
10495,2,A,0,805020502020,20201105,6,82
10496,1,A,1,805020502020,20201105,6,83
10497,2,A,1,805020502020,20201105,6,84
10498,1,A,1,805020502020,20201105,6,85
10499,2,A,1,805020502020,20201105,6,86
10500,1,A,0,805020502020,20201105,6,87
10501,2,A,1,805020502020,20201105,6,88
10502,1,A,1,805020502020,20201105,6,89
10503,2,A,1,805020502020,20201105,6,90
10504,1,A,1,805020502020,20201105,6,91
10505,2,A,1,805020502020,20201105,6,92
10506,1,A,1,805020502020,20201105,6,93
10507,2,A,1,805020502020,20201105,6,94
10508,1,A,0,805020502020,20201105,6,95
10509,2,A,0,805020502020,20201105,6,96
10510,1,A,1,805020502020,20201105,6,97
10511,2,A,1,805020502020,20201105,6,98
10512,1,A,0,805020502020,20201105,6,99
10513,2,A,1,805020502020,20201105,6,100
10514,1,A,1,805020502020,20201105,6,101
10515,2,A,0,805020502020,20201105,6,102
10516,1,A,1,805020502020,20201105,6,103
10517,2,A,0,805020502020,20201105,6,104
10518,1,A,1,805020502020,20201105,6,105
10519,2,A,0,805020502020,20201105,6,106
10520,1,A,1,805020502020,20201105,6,107
10521,2,A,0,805020502020,20201105,6,108
10522,1,A,1,805020502020,20201105,6,109
10523,2,A,0,805020502020,20201105,6,110
10524,1,A,1,805020502020,20201105,6,111
10525,2,A,1,805020502020,20201105,6,112
10526,1,A,1,805020502020,20201105,6,113
10527,2,A,0,805020502020,20201105,6,114
10528,1,A,1,805020502020,20201105,6,115
10529,2,A,0,805020502020,20201105,6,116
10530,1,A,1,805020502020,20201105,6,117
10531,2,A,0,805020502020,20201105,6,118
10532,1,A,1,805020502020,20201105,6,119
10533,2,A,1,202020202080,20201105,6,120
10534,1,A,0,202020202080,20201105,6,121
10535,2,A,0,202020202080,20201105,6,122
10536,1,A,0,202020202080,20201105,6,123
10537,2,A,0,202020202080,20201105,6,124
10538,1,A,0,202020202080,20201105,6,125
10539,2,A,0,202020202080,20201105,6,126
10540,1,A,0,202020202080,20201105,6,127
10541,2,A,1,202020202080,20201105,6,128
10542,1,A,1,202020202080,20201105,6,129
10543,2,A,0,202020202080,20201105,6,130
10544,1,A,0,202020202080,20201105,6,131
10545,2,A,0,202020202080,20201105,6,132
10546,1,A,0,202020202080,20201105,6,133
10547,2,A,0,202020202080,20201105,6,134
10548,1,A,0,202020202080,20201105,6,135
10549,2,A,0,202020202080,20201105,6,136
10550,1,A,0,202020202080,20201105,6,137
10551,2,A,0,202020202080,20201105,6,138
10552,5,C,0,202020202080,20201105,6,139
10553,6,C,0,202020202080,20201105,6,140
10554,5,C,0,202020202080,20201105,6,141
10555,6,C,1,202020202080,20201105,6,142
10556,5,C,1,202020202080,20201105,6,143
10557,6,C,1,202020202080,20201105,6,144
10558,5,C,0,202020202080,20201105,6,145
10559,6,C,1,202020202080,20201105,6,146
10560,5,C,0,202020202080,20201105,6,147
10561,6,C,1,202020202080,20201105,6,148
10562,5,C,0,202020202080,20201105,6,149
10563,6,C,1,202020202080,20201105,6,150
10564,5,C,0,202020202080,20201105,6,151
10565,6,C,1,202020202080,20201105,6,152
10566,5,C,0,202020202080,20201105,6,153
10567,6,C,1,202020202080,20201105,6,154
10568,5,C,0,202020202080,20201105,6,155
10569,6,C,0,202020202080,20201105,6,156
10570,5,C,0,202020202080,20201105,6,157
10571,6,C,1,202020202080,20201105,6,158
10572,5,C,1,202020202080,20201105,6,159
10573,6,C,0,202020202080,20201105,6,160
10574,5,C,0,202020202080,20201105,6,161
10575,6,C,1,202020202080,20201105,6,162
10576,5,C,0,202020202080,20201105,6,163
10577,6,C,1,202020202080,20201105,6,164
10578,5,C,1,202020202080,20201105,6,165
10579,6,C,1,202020202080,20201105,6,166
10580,5,C,0,202020202080,20201105,6,167
10581,6,C,1,202020202080,20201105,6,168
10582,5,C,0,202020202080,20201105,6,169
10583,6,C,1,202020202080,20201105,6,170
10584,5,C,0,202020202080,20201105,6,171
10585,6,C,1,202020202080,20201105,6,172
10586,5,C,0,202020202080,20201105,6,173
10587,6,C,1,202020202080,20201105,6,174
10588,5,C,0,202020202080,20201105,6,175
10589,6,C,1,202020202080,20201105,6,176
10590,5,C,0,202020202080,20201105,6,177
10591,6,C,1,202020202080,20201105,6,178
10592,5,C,0,202020202080,20201105,6,179
10593,4,B,0,505020502050,20201105,7,0
10594,3,B,0,505020502050,20201105,7,1
10595,2,A,0,505020502050,20201105,7,2
10596,1,A,1,505020502050,20201105,7,3
10597,2,A,1,505020502050,20201105,7,4
10598,1,A,0,505020502050,20201105,7,5
10599,5,C,0,505020502050,20201105,7,6
10600,6,C,1,505020502050,20201105,7,7
10601,5,C,0,505020502050,20201105,7,8
10602,6,C,1,505020502050,20201105,7,9
10603,5,C,0,505020502050,20201105,7,10
10604,6,C,0,505020502050,20201105,7,11
10605,5,C,1,505020502050,20201105,7,12
10606,6,C,0,505020502050,20201105,7,13
10607,5,C,0,505020502050,20201105,7,14
10608,6,C,0,505020502050,20201105,7,15
10609,4,B,1,505020502050,20201105,7,16
10610,3,B,0,505020502050,20201105,7,17
10611,4,B,1,505020502050,20201105,7,18
10612,3,B,0,505020502050,20201105,7,19
10613,4,B,1,505020502050,20201105,7,20
10614,3,B,0,505020502050,20201105,7,21
10615,4,B,0,505020502050,20201105,7,22
10616,2,A,0,505020502050,20201105,7,23
10617,1,A,0,505020502050,20201105,7,24
10618,2,A,0,505020502050,20201105,7,25
10619,1,A,1,505020502050,20201105,7,26
10620,2,A,0,505020502050,20201105,7,27
10621,1,A,0,505020502050,20201105,7,28
10622,2,A,0,505020502050,20201105,7,29
10623,1,A,0,505020502050,20201105,7,30
10624,2,A,0,505020502050,20201105,7,31
10625,1,A,0,505020502050,20201105,7,32
10626,2,A,1,505020502050,20201105,7,33
10627,1,A,0,505020502050,20201105,7,34
10628,2,A,0,505020502050,20201105,7,35
10629,1,A,1,505020502050,20201105,7,36
10630,2,A,1,505020502050,20201105,7,37
10631,1,A,1,505020502050,20201105,7,38
10632,2,A,0,505020502050,20201105,7,39
10633,1,A,1,505020502050,20201105,7,40
10634,2,A,0,505020502050,20201105,7,41
10635,1,A,0,505020502050,20201105,7,42
10636,2,A,1,505020502050,20201105,7,43
10637,1,A,1,505020502050,20201105,7,44
10638,2,A,1,505020502050,20201105,7,45
10639,1,A,0,505020502050,20201105,7,46
10640,2,A,0,505020502050,20201105,7,47
10641,1,A,0,505020502050,20201105,7,48
10642,2,A,1,505020502050,20201105,7,49
10643,1,A,1,505020502050,20201105,7,50
10644,2,A,1,505020502050,20201105,7,51
10645,1,A,1,505020502050,20201105,7,52
10646,2,A,1,505020502050,20201105,7,53
10647,1,A,0,505020502050,20201105,7,54
10648,2,A,0,505020502050,20201105,7,55
10649,1,A,1,505020502050,20201105,7,56
10650,2,A,1,505020502050,20201105,7,57
10651,1,A,0,505020502050,20201105,7,58
10652,2,A,1,505020502050,20201105,7,59
10653,1,A,0,202020502020,20201105,7,60
10654,2,A,1,202020502020,20201105,7,61
10655,1,A,0,202020502020,20201105,7,62
10656,2,A,0,202020502020,20201105,7,63
10657,1,A,0,202020502020,20201105,7,64
10658,2,A,0,202020502020,20201105,7,65
10659,1,A,0,202020502020,20201105,7,66
10660,2,A,0,202020502020,20201105,7,67
10661,1,A,0,202020502020,20201105,7,68
10662,2,A,0,202020502020,20201105,7,69
10663,5,C,0,202020502020,20201105,7,70
10664,6,C,0,202020502020,20201105,7,71
10665,5,C,0,202020502020,20201105,7,72
10666,6,C,0,202020502020,20201105,7,73
10667,5,C,1,202020502020,20201105,7,74
10668,6,C,1,202020502020,20201105,7,75
10669,5,C,0,202020502020,20201105,7,76
10670,6,C,0,202020502020,20201105,7,77
10671,5,C,0,202020502020,20201105,7,78
10672,6,C,0,202020502020,20201105,7,79
10673,5,C,0,202020502020,20201105,7,80
10674,6,C,0,202020502020,20201105,7,81
10675,5,C,0,202020502020,20201105,7,82
10676,4,B,1,202020502020,20201105,7,83
10677,3,B,0,202020502020,20201105,7,84
10678,4,B,0,202020502020,20201105,7,85
10679,3,B,0,202020502020,20201105,7,86
10680,4,B,1,202020502020,20201105,7,87
10681,3,B,0,202020502020,20201105,7,88
10682,4,B,0,202020502020,20201105,7,89
10683,2,A,0,202020502020,20201105,7,90
10684,1,A,0,202020502020,20201105,7,91
10685,2,A,0,202020502020,20201105,7,92
10686,1,A,0,202020502020,20201105,7,93
10687,2,A,0,202020502020,20201105,7,94
10688,1,A,0,202020502020,20201105,7,95
10689,2,A,0,202020502020,20201105,7,96
10690,1,A,0,202020502020,20201105,7,97
10691,2,A,0,202020502020,20201105,7,98
10692,1,A,1,202020502020,20201105,7,99
10693,2,A,0,202020502020,20201105,7,100
10694,1,A,0,202020502020,20201105,7,101
10695,2,A,0,202020502020,20201105,7,102
10696,1,A,0,202020502020,20201105,7,103
10697,2,A,0,202020502020,20201105,7,104
10698,1,A,0,202020502020,20201105,7,105
10699,4,B,1,202020502020,20201105,7,106
10700,3,B,0,202020502020,20201105,7,107
10701,4,B,0,202020502020,20201105,7,108
10702,3,B,1,202020502020,20201105,7,109
10703,4,B,0,202020502020,20201105,7,110
10704,3,B,0,202020502020,20201105,7,111
10705,4,B,0,202020502020,20201105,7,112
10706,3,B,0,202020502020,20201105,7,113
10707,4,B,1,202020502020,20201105,7,114
10708,3,B,0,202020502020,20201105,7,115
10709,4,B,1,202020502020,20201105,7,116
10710,3,B,0,202020502020,20201105,7,117
10711,4,B,0,202020502020,20201105,7,118
10712,2,A,1,202020502020,20201105,7,119
10713,1,A,0,205020208050,20201105,7,120
10714,2,A,1,205020208050,20201105,7,121
10715,1,A,0,205020208050,20201105,7,122
10716,2,A,1,205020208050,20201105,7,123
10717,1,A,1,205020208050,20201105,7,124
10718,2,A,0,205020208050,20201105,7,125
10719,1,A,0,205020208050,20201105,7,126
10720,2,A,1,205020208050,20201105,7,127
10721,1,A,1,205020208050,20201105,7,128
10722,2,A,1,205020208050,20201105,7,129
10723,1,A,0,205020208050,20201105,7,130
10724,2,A,1,205020208050,20201105,7,131
10725,1,A,0,205020208050,20201105,7,132
10726,2,A,0,205020208050,20201105,7,133
10727,1,A,0,205020208050,20201105,7,134
10728,2,A,1,205020208050,20201105,7,135
10729,1,A,0,205020208050,20201105,7,136
10730,2,A,1,205020208050,20201105,7,137
10731,1,A,0,205020208050,20201105,7,138
10732,2,A,1,205020208050,20201105,7,139
10733,1,A,0,205020208050,20201105,7,140
10734,2,A,1,205020208050,20201105,7,141
10735,1,A,1,205020208050,20201105,7,142
10736,2,A,0,205020208050,20201105,7,143
10737,1,A,0,205020208050,20201105,7,144
10738,2,A,0,205020208050,20201105,7,145
10739,1,A,0,205020208050,20201105,7,146
10740,2,A,1,205020208050,20201105,7,147
10741,1,A,0,205020208050,20201105,7,148
10742,2,A,1,205020208050,20201105,7,149
10743,1,A,0,205020208050,20201105,7,150
10744,2,A,1,205020208050,20201105,7,151
10745,1,A,0,205020208050,20201105,7,152
10746,2,A,0,205020208050,20201105,7,153
10747,1,A,0,205020208050,20201105,7,154
10748,2,A,1,205020208050,20201105,7,155
10749,1,A,0,205020208050,20201105,7,156
10750,2,A,1,205020208050,20201105,7,157
10751,1,A,0,205020208050,20201105,7,158
10752,2,A,0,205020208050,20201105,7,159
10753,1,A,1,205020208050,20201105,7,160
10754,2,A,0,205020208050,20201105,7,161
10755,1,A,0,205020208050,20201105,7,162
10756,2,A,1,205020208050,20201105,7,163
10757,1,A,0,205020208050,20201105,7,164
10758,2,A,1,205020208050,20201105,7,165
10759,1,A,1,205020208050,20201105,7,166
10760,2,A,0,205020208050,20201105,7,167
10761,1,A,0,205020208050,20201105,7,168
10762,2,A,1,205020208050,20201105,7,169
10763,1,A,0,205020208050,20201105,7,170
10764,2,A,0,205020208050,20201105,7,171
10765,1,A,1,205020208050,20201105,7,172
10766,2,A,1,205020208050,20201105,7,173
10767,1,A,0,205020208050,20201105,7,174
10768,2,A,1,205020208050,20201105,7,175
10769,1,A,0,205020208050,20201105,7,176
10770,2,A,1,205020208050,20201105,7,177
10771,1,A,0,205020208050,20201105,7,178
10772,2,A,1,205020208050,20201105,7,179
10773,4,B,0,508020508020,20201106,1,0
10774,3,B,0,508020508020,20201106,1,1
10775,2,A,1,508020508020,20201106,1,2
10776,1,A,0,508020508020,20201106,1,3
10777,2,A,1,508020508020,20201106,1,4
10778,5,C,1,508020508020,20201106,1,5
10779,6,C,0,508020508020,20201106,1,6
10780,5,C,1,508020508020,20201106,1,7
10781,6,C,1,508020508020,20201106,1,8
10782,5,C,1,508020508020,20201106,1,9
10783,6,C,0,508020508020,20201106,1,10
10784,5,C,1,508020508020,20201106,1,11
10785,4,B,1,508020508020,20201106,1,12
10786,3,B,0,508020508020,20201106,1,13
10787,4,B,0,508020508020,20201106,1,14
10788,3,B,1,508020508020,20201106,1,15
10789,4,B,1,508020508020,20201106,1,16
10790,3,B,0,508020508020,20201106,1,17
10791,4,B,0,508020508020,20201106,1,18
10792,2,A,1,508020508020,20201106,1,19
10793,1,A,1,508020508020,20201106,1,20
10794,2,A,1,508020508020,20201106,1,21
10795,1,A,1,508020508020,20201106,1,22
10796,2,A,1,508020508020,20201106,1,23
10797,1,A,0,508020508020,20201106,1,24
10798,2,A,1,508020508020,20201106,1,25
10799,5,C,1,508020508020,20201106,1,26
10800,6,C,0,508020508020,20201106,1,27
10801,5,C,1,508020508020,20201106,1,28
10802,6,C,1,508020508020,20201106,1,29
10803,5,C,1,508020508020,20201106,1,30
10804,6,C,0,508020508020,20201106,1,31
10805,5,C,1,508020508020,20201106,1,32
10806,4,B,0,508020508020,20201106,1,33
10807,3,B,0,508020508020,20201106,1,34
10808,4,B,0,508020508020,20201106,1,35
10809,3,B,0,508020508020,20201106,1,36
10810,4,B,1,508020508020,20201106,1,37
10811,2,A,0,508020508020,20201106,1,38
10812,1,A,1,508020508020,20201106,1,39
10813,2,A,0,508020508020,20201106,1,40
10814,1,A,0,508020508020,20201106,1,41
10815,2,A,0,508020508020,20201106,1,42
10816,1,A,0,508020508020,20201106,1,43
10817,2,A,0,508020508020,20201106,1,44
10818,4,B,0,508020508020,20201106,1,45
10819,3,B,0,508020508020,20201106,1,46
10820,4,B,0,508020508020,20201106,1,47
10821,2,A,1,508020508020,20201106,1,48
10822,1,A,0,508020508020,20201106,1,49
10823,2,A,1,508020508020,20201106,1,50
10824,1,A,1,508020508020,20201106,1,51
10825,2,A,1,508020508020,20201106,1,52
10826,1,A,0,508020508020,20201106,1,53
10827,2,A,1,508020508020,20201106,1,54
10828,1,A,0,508020508020,20201106,1,55
10829,2,A,0,508020508020,20201106,1,56
10830,1,A,1,508020508020,20201106,1,57
10831,2,A,1,508020508020,20201106,1,58
10832,1,A,1,508020508020,20201106,1,59
10833,2,A,0,502050205050,20201106,1,60
10834,1,A,0,502050205050,20201106,1,61
10835,2,A,0,502050205050,20201106,1,62
10836,5,C,1,502050205050,20201106,1,63
10837,6,C,0,502050205050,20201106,1,64
10838,5,C,0,502050205050,20201106,1,65
10839,6,C,0,502050205050,20201106,1,66
10840,5,C,1,502050205050,20201106,1,67
10841,6,C,0,502050205050,20201106,1,68
10842,5,C,0,502050205050,20201106,1,69
10843,6,C,1,502050205050,20201106,1,70
10844,5,C,1,502050205050,20201106,1,71
10845,6,C,0,502050205050,20201106,1,72
10846,5,C,0,502050205050,20201106,1,73
10847,6,C,1,502050205050,20201106,1,74
10848,5,C,1,502050205050,20201106,1,75
10849,6,C,1,502050205050,20201106,1,76
10850,5,C,1,502050205050,20201106,1,77
10851,6,C,0,502050205050,20201106,1,78
10852,5,C,0,502050205050,20201106,1,79
10853,6,C,0,502050205050,20201106,1,80
10854,5,C,1,502050205050,20201106,1,81
10855,4,B,0,502050205050,20201106,1,82
10856,3,B,0,502050205050,20201106,1,83
10857,4,B,0,502050205050,20201106,1,84
10858,3,B,0,502050205050,20201106,1,85
10859,4,B,0,502050205050,20201106,1,86
10860,2,A,0,502050205050,20201106,1,87
10861,1,A,1,502050205050,20201106,1,88
10862,2,A,0,502050205050,20201106,1,89
10863,1,A,1,502050205050,20201106,1,90
10864,2,A,0,502050205050,20201106,1,91
10865,1,A,0,502050205050,20201106,1,92
10866,2,A,0,502050205050,20201106,1,93
10867,1,A,0,502050205050,20201106,1,94
10868,2,A,1,502050205050,20201106,1,95
10869,1,A,1,502050205050,20201106,1,96
10870,2,A,0,502050205050,20201106,1,97
10871,1,A,0,502050205050,20201106,1,98
10872,2,A,0,502050205050,20201106,1,99
10873,1,A,0,502050205050,20201106,1,100
10874,5,C,1,502050205050,20201106,1,101
10875,6,C,1,502050205050,20201106,1,102
10876,5,C,0,502050205050,20201106,1,103
10877,6,C,0,502050205050,20201106,1,104
10878,5,C,0,502050205050,20201106,1,105
10879,6,C,1,502050205050,20201106,1,106
10880,5,C,1,502050205050,20201106,1,107
10881,6,C,0,502050205050,20201106,1,108
10882,5,C,0,502050205050,20201106,1,109
10883,6,C,1,502050205050,20201106,1,110
10884,5,C,1,502050205050,20201106,1,111
10885,6,C,0,502050205050,20201106,1,112
10886,5,C,1,502050205050,20201106,1,113
10887,6,C,0,502050205050,20201106,1,114
10888,5,C,1,502050205050,20201106,1,115
10889,6,C,0,502050205050,20201106,1,116
10890,5,C,0,502050205050,20201106,1,117
10891,6,C,1,502050205050,20201106,1,118
10892,5,C,1,502050205050,20201106,1,119
10893,6,C,0,202020502020,20201106,1,120
10894,5,C,0,202020502020,20201106,1,121
10895,6,C,0,202020502020,20201106,1,122
10896,5,C,1,202020502020,20201106,1,123
10897,6,C,0,202020502020,20201106,1,124
10898,5,C,1,202020502020,20201106,1,125
10899,6,C,0,202020502020,20201106,1,126
10900,5,C,0,202020502020,20201106,1,127
10901,6,C,1,202020502020,20201106,1,128
10902,5,C,0,202020502020,20201106,1,129
10903,6,C,0,202020502020,20201106,1,130
10904,5,C,0,202020502020,20201106,1,131
10905,6,C,0,202020502020,20201106,1,132
10906,5,C,0,202020502020,20201106,1,133
10907,6,C,0,202020502020,20201106,1,134
10908,5,C,0,202020502020,20201106,1,135
10909,4,B,1,202020502020,20201106,1,136
10910,3,B,0,202020502020,20201106,1,137
10911,4,B,0,202020502020,20201106,1,138
10912,2,A,0,202020502020,20201106,1,139
10913,1,A,1,202020502020,20201106,1,140
10914,2,A,0,202020502020,20201106,1,141
10915,1,A,0,202020502020,20201106,1,142
10916,2,A,0,202020502020,20201106,1,143
10917,1,A,1,202020502020,20201106,1,144
10918,2,A,0,202020502020,20201106,1,145
10919,1,A,1,202020502020,20201106,1,146
10920,2,A,0,202020502020,20201106,1,147
10921,1,A,0,202020502020,20201106,1,148
10922,2,A,1,202020502020,20201106,1,149
10923,1,A,1,202020502020,20201106,1,150
10924,2,A,1,202020502020,20201106,1,151
10925,1,A,1,202020502020,20201106,1,152
10926,2,A,0,202020502020,20201106,1,153
10927,1,A,0,202020502020,20201106,1,154
10928,2,A,0,202020502020,20201106,1,155
10929,1,A,0,202020502020,20201106,1,156
10930,2,A,0,202020502020,20201106,1,157
10931,5,C,0,202020502020,20201106,1,158
10932,6,C,0,202020502020,20201106,1,159
10933,5,C,0,202020502020,20201106,1,160
10934,6,C,0,202020502020,20201106,1,161
10935,5,C,0,202020502020,20201106,1,162
10936,6,C,0,202020502020,20201106,1,163
10937,5,C,0,202020502020,20201106,1,164
10938,4,B,0,202020502020,20201106,1,165
10939,3,B,0,202020502020,20201106,1,166
10940,4,B,1,202020502020,20201106,1,167
10941,3,B,0,202020502020,20201106,1,168
10942,4,B,1,202020502020,20201106,1,169
10943,2,A,0,202020502020,20201106,1,170
10944,1,A,0,202020502020,20201106,1,171
10945,2,A,0,202020502020,20201106,1,172
10946,1,A,0,202020502020,20201106,1,173
10947,2,A,0,202020502020,20201106,1,174
10948,5,C,0,202020502020,20201106,1,175
10949,6,C,0,202020502020,20201106,1,176
10950,5,C,0,202020502020,20201106,1,177
10951,6,C,0,202020502020,20201106,1,178
10952,5,C,0,202020502020,20201106,1,179
10953,6,C,1,202050502050,20201106,2,0
10954,5,C,0,202050502050,20201106,2,1
10955,4,B,1,202050502050,20201106,2,2
10956,3,B,0,202050502050,20201106,2,3
10957,4,B,1,202050502050,20201106,2,4
10958,2,A,0,202050502050,20201106,2,5
10959,1,A,0,202050502050,20201106,2,6
10960,2,A,0,202050502050,20201106,2,7
10961,1,A,0,202050502050,20201106,2,8
10962,2,A,1,202050502050,20201106,2,9
10963,1,A,1,202050502050,20201106,2,10
10964,2,A,1,202050502050,20201106,2,11
10965,1,A,0,202050502050,20201106,2,12
10966,2,A,0,202050502050,20201106,2,13
10967,1,A,0,202050502050,20201106,2,14
10968,2,A,1,202050502050,20201106,2,15
10969,5,C,1,202050502050,20201106,2,16
10970,6,C,0,202050502050,20201106,2,17
10971,5,C,1,202050502050,20201106,2,18
10972,6,C,1,202050502050,20201106,2,19
10973,5,C,1,202050502050,20201106,2,20
10974,6,C,0,202050502050,20201106,2,21
10975,5,C,1,202050502050,20201106,2,22
10976,6,C,1,202050502050,20201106,2,23
10977,5,C,1,202050502050,20201106,2,24
10978,6,C,1,202050502050,20201106,2,25
10979,5,C,0,202050502050,20201106,2,26
10980,6,C,1,202050502050,20201106,2,27
10981,5,C,1,202050502050,20201106,2,28
10982,6,C,0,202050502050,20201106,2,29
10983,5,C,0,202050502050,20201106,2,30
10984,6,C,1,202050502050,20201106,2,31
10985,5,C,0,202050502050,20201106,2,32
10986,6,C,0,202050502050,20201106,2,33
10987,5,C,0,202050502050,20201106,2,34
10988,6,C,0,202050502050,20201106,2,35
10989,5,C,0,202050502050,20201106,2,36
10990,6,C,0,202050502050,20201106,2,37
10991,4,B,0,202050502050,20201106,2,38
10992,3,B,0,202050502050,20201106,2,39
10993,4,B,0,202050502050,20201106,2,40
10994,2,A,0,202050502050,20201106,2,41
10995,1,A,0,202050502050,20201106,2,42
10996,2,A,1,202050502050,20201106,2,43
10997,1,A,1,202050502050,20201106,2,44
10998,2,A,0,202050502050,20201106,2,45
10999,1,A,0,202050502050,20201106,2,46
11000,2,A,1,202050502050,20201106,2,47
11001,1,A,0,202050502050,20201106,2,48
11002,2,A,0,202050502050,20201106,2,49
11003,1,A,0,202050502050,20201106,2,50
11004,2,A,1,202050502050,20201106,2,51
11005,1,A,0,202050502050,20201106,2,52
11006,2,A,0,202050502050,20201106,2,53
11007,1,A,0,202050502050,20201106,2,54
11008,2,A,1,202050502050,20201106,2,55
11009,1,A,0,202050502050,20201106,2,56
11010,2,A,0,202050502050,20201106,2,57
11011,1,A,1,202050502050,20201106,2,58
11012,2,A,0,202050502050,20201106,2,59
11013,1,A,1,208020208050,20201106,2,60
11014,2,A,1,208020208050,20201106,2,61
11015,1,A,0,208020208050,20201106,2,62
11016,2,A,1,208020208050,20201106,2,63
11017,1,A,0,208020208050,20201106,2,64
11018,2,A,1,208020208050,20201106,2,65
11019,1,A,1,208020208050,20201106,2,66
11020,2,A,0,208020208050,20201106,2,67
11021,1,A,0,208020208050,20201106,2,68
11022,2,A,0,208020208050,20201106,2,69
11023,1,A,0,208020208050,20201106,2,70
11024,2,A,0,208020208050,20201106,2,71
11025,1,A,0,208020208050,20201106,2,72
11026,2,A,1,208020208050,20201106,2,73
11027,1,A,1,208020208050,20201106,2,74
11028,2,A,1,208020208050,20201106,2,75
11029,1,A,0,208020208050,20201106,2,76
11030,2,A,1,208020208050,20201106,2,77
11031,1,A,1,208020208050,20201106,2,78
11032,2,A,0,208020208050,20201106,2,79
11033,1,A,0,208020208050,20201106,2,80
11034,2,A,1,208020208050,20201106,2,81
11035,1,A,0,208020208050,20201106,2,82
11036,2,A,1,208020208050,20201106,2,83
11037,1,A,0,208020208050,20201106,2,84
11038,2,A,1,208020208050,20201106,2,85
11039,1,A,0,208020208050,20201106,2,86
11040,2,A,1,208020208050,20201106,2,87
11041,1,A,1,208020208050,20201106,2,88
11042,2,A,1,208020208050,20201106,2,89
11043,1,A,0,208020208050,20201106,2,90
11044,2,A,1,208020208050,20201106,2,91
11045,1,A,0,208020208050,20201106,2,92
11046,2,A,1,208020208050,20201106,2,93
11047,1,A,0,208020208050,20201106,2,94
11048,2,A,1,208020208050,20201106,2,95
11049,1,A,0,208020208050,20201106,2,96
11050,2,A,1,208020208050,20201106,2,97
11051,1,A,0,208020208050,20201106,2,98
11052,2,A,1,208020208050,20201106,2,99
11053,1,A,0,208020208050,20201106,2,100
11054,2,A,1,208020208050,20201106,2,101
11055,1,A,0,208020208050,20201106,2,102
11056,2,A,1,208020208050,20201106,2,103
11057,1,A,0,208020208050,20201106,2,104
11058,2,A,1,208020208050,20201106,2,105
11059,1,A,0,208020208050,20201106,2,106
11060,2,A,1,208020208050,20201106,2,107
11061,5,C,1,208020208050,20201106,2,108
11062,6,C,1,208020208050,20201106,2,109
11063,5,C,0,208020208050,20201106,2,110
11064,6,C,0,208020208050,20201106,2,111
11065,5,C,1,208020208050,20201106,2,112
11066,6,C,0,208020208050,20201106,2,113
11067,5,C,0,208020208050,20201106,2,114
11068,4,B,1,208020208050,20201106,2,115
11069,3,B,0,208020208050,20201106,2,116
11070,4,B,0,208020208050,20201106,2,117
11071,3,B,0,208020208050,20201106,2,118
11072,4,B,0,208020208050,20201106,2,119
11073,2,A,1,508020202050,20201106,2,120
11074,1,A,1,508020202050,20201106,2,121
11075,2,A,0,508020202050,20201106,2,122
11076,1,A,0,508020202050,20201106,2,123
11077,2,A,1,508020202050,20201106,2,124
11078,1,A,0,508020202050,20201106,2,125
11079,2,A,1,508020202050,20201106,2,126
11080,1,A,0,508020202050,20201106,2,127
11081,2,A,1,508020202050,20201106,2,128
11082,1,A,1,508020202050,20201106,2,129
11083,2,A,1,508020202050,20201106,2,130
11084,1,A,1,508020202050,20201106,2,131
11085,2,A,1,508020202050,20201106,2,132
11086,1,A,1,508020202050,20201106,2,133
11087,2,A,1,508020202050,20201106,2,134
11088,1,A,0,508020202050,20201106,2,135
11089,2,A,1,508020202050,20201106,2,136
11090,1,A,1,508020202050,20201106,2,137
11091,2,A,1,508020202050,20201106,2,138
11092,1,A,0,508020202050,20201106,2,139
11093,2,A,0,508020202050,20201106,2,140
11094,1,A,0,508020202050,20201106,2,141
11095,2,A,1,508020202050,20201106,2,142
11096,1,A,1,508020202050,20201106,2,143
11097,2,A,1,508020202050,20201106,2,144
11098,1,A,1,508020202050,20201106,2,145
11099,2,A,1,508020202050,20201106,2,146
11100,1,A,0,508020202050,20201106,2,147
11101,2,A,1,508020202050,20201106,2,148
11102,1,A,1,508020202050,20201106,2,149
11103,2,A,1,508020202050,20201106,2,150
11104,1,A,1,508020202050,20201106,2,151
11105,2,A,1,508020202050,20201106,2,152
11106,1,A,0,508020202050,20201106,2,153
11107,2,A,1,508020202050,20201106,2,154
11108,1,A,0,508020202050,20201106,2,155
11109,2,A,0,508020202050,20201106,2,156
11110,1,A,1,508020202050,20201106,2,157
11111,2,A,1,508020202050,20201106,2,158
11112,1,A,0,508020202050,20201106,2,159
11113,2,A,1,508020202050,20201106,2,160
11114,1,A,0,508020202050,20201106,2,161
11115,2,A,1,508020202050,20201106,2,162
11116,1,A,1,508020202050,20201106,2,163
11117,2,A,1,508020202050,20201106,2,164
11118,1,A,0,508020202050,20201106,2,165
11119,2,A,1,508020202050,20201106,2,166
11120,1,A,1,508020202050,20201106,2,167
11121,2,A,1,508020202050,20201106,2,168
11122,1,A,0,508020202050,20201106,2,169
11123,2,A,1,508020202050,20201106,2,170
11124,1,A,1,508020202050,20201106,2,171
11125,2,A,1,508020202050,20201106,2,172
11126,1,A,0,508020202050,20201106,2,173
11127,2,A,1,508020202050,20201106,2,174
11128,1,A,0,508020202050,20201106,2,175
11129,2,A,1,508020202050,20201106,2,176
11130,1,A,1,508020202050,20201106,2,177
11131,2,A,1,508020202050,20201106,2,178
11132,1,A,0,508020202050,20201106,2,179
11133,4,B,1,208020202050,20201106,3,0
11134,3,B,0,208020202050,20201106,3,1
11135,4,B,0,208020202050,20201106,3,2
11136,2,A,1,208020202050,20201106,3,3
11137,1,A,0,208020202050,20201106,3,4
11138,2,A,0,208020202050,20201106,3,5
11139,1,A,0,208020202050,20201106,3,6
11140,2,A,1,208020202050,20201106,3,7
11141,5,C,0,208020202050,20201106,3,8
11142,6,C,1,208020202050,20201106,3,9
11143,5,C,0,208020202050,20201106,3,10
11144,6,C,0,208020202050,20201106,3,11
11145,5,C,0,208020202050,20201106,3,12
11146,6,C,1,208020202050,20201106,3,13
11147,4,B,0,208020202050,20201106,3,14
11148,3,B,0,208020202050,20201106,3,15
11149,4,B,0,208020202050,20201106,3,16
11150,2,A,1,208020202050,20201106,3,17
11151,1,A,0,208020202050,20201106,3,18
11152,2,A,1,208020202050,20201106,3,19
11153,1,A,1,208020202050,20201106,3,20
11154,2,A,1,208020202050,20201106,3,21
11155,1,A,0,208020202050,20201106,3,22
11156,2,A,1,208020202050,20201106,3,23
11157,1,A,1,208020202050,20201106,3,24
11158,2,A,1,208020202050,20201106,3,25
11159,1,A,0,208020202050,20201106,3,26
11160,2,A,1,208020202050,20201106,3,27
11161,1,A,0,208020202050,20201106,3,28
11162,2,A,1,208020202050,20201106,3,29
11163,1,A,1,208020202050,20201106,3,30
11164,2,A,1,208020202050,20201106,3,31
11165,1,A,0,208020202050,20201106,3,32
11166,2,A,1,208020202050,20201106,3,33
11167,1,A,0,208020202050,20201106,3,34
11168,2,A,1,208020202050,20201106,3,35
11169,1,A,0,208020202050,20201106,3,36
11170,2,A,1,208020202050,20201106,3,37
11171,1,A,0,208020202050,20201106,3,38
11172,2,A,1,208020202050,20201106,3,39
11173,1,A,0,208020202050,20201106,3,40
11174,2,A,1,208020202050,20201106,3,41
11175,1,A,0,208020202050,20201106,3,42
11176,2,A,1,208020202050,20201106,3,43
11177,1,A,0,208020202050,20201106,3,44
11178,2,A,1,208020202050,20201106,3,45
11179,1,A,1,208020202050,20201106,3,46
11180,2,A,1,208020202050,20201106,3,47
11181,1,A,0,208020202050,20201106,3,48
11182,2,A,1,208020202050,20201106,3,49
11183,1,A,0,208020202050,20201106,3,50
11184,2,A,0,208020202050,20201106,3,51
11185,1,A,0,208020202050,20201106,3,52
11186,2,A,1,208020202050,20201106,3,53
11187,5,C,0,208020202050,20201106,3,54
11188,6,C,1,208020202050,20201106,3,55
11189,5,C,0,208020202050,20201106,3,56
11190,6,C,0,208020202050,20201106,3,57
11191,5,C,1,208020202050,20201106,3,58
11192,6,C,0,208020202050,20201106,3,59
11193,5,C,0,202080502020,20201106,3,60
11194,6,C,0,202080502020,20201106,3,61
11195,5,C,0,202080502020,20201106,3,62
11196,4,B,0,202080502020,20201106,3,63
11197,3,B,1,202080502020,20201106,3,64
11198,4,B,0,202080502020,20201106,3,65
11199,3,B,1,202080502020,20201106,3,66
11200,4,B,1,202080502020,20201106,3,67
11201,3,B,1,202080502020,20201106,3,68
11202,4,B,0,202080502020,20201106,3,69
11203,2,A,0,202080502020,20201106,3,70
11204,1,A,1,202080502020,20201106,3,71
11205,2,A,0,202080502020,20201106,3,72
11206,1,A,0,202080502020,20201106,3,73
11207,2,A,0,202080502020,20201106,3,74
11208,5,C,1,202080502020,20201106,3,75
11209,6,C,0,202080502020,20201106,3,76
11210,5,C,0,202080502020,20201106,3,77
11211,6,C,1,202080502020,20201106,3,78
11212,5,C,0,202080502020,20201106,3,79
11213,4,B,0,202080502020,20201106,3,80
11214,3,B,0,202080502020,20201106,3,81
11215,4,B,1,202080502020,20201106,3,82
11216,3,B,1,202080502020,20201106,3,83
11217,4,B,1,202080502020,20201106,3,84
11218,3,B,0,202080502020,20201106,3,85
11219,4,B,1,202080502020,20201106,3,86
11220,3,B,1,202080502020,20201106,3,87
11221,4,B,1,202080502020,20201106,3,88
11222,3,B,1,202080502020,20201106,3,89
11223,4,B,0,202080502020,20201106,3,90
11224,3,B,1,202080502020,20201106,3,91
11225,4,B,0,202080502020,20201106,3,92
11226,3,B,1,202080502020,20201106,3,93
11227,4,B,1,202080502020,20201106,3,94
11228,3,B,1,202080502020,20201106,3,95
11229,4,B,1,202080502020,20201106,3,96
11230,3,B,1,202080502020,20201106,3,97
11231,4,B,0,202080502020,20201106,3,98
11232,3,B,1,202080502020,20201106,3,99
11233,4,B,1,202080502020,20201106,3,100
11234,3,B,1,202080502020,20201106,3,101
11235,4,B,0,202080502020,20201106,3,102
11236,3,B,1,202080502020,20201106,3,103
11237,4,B,1,202080502020,20201106,3,104
11238,3,B,1,202080502020,20201106,3,105
11239,4,B,1,202080502020,20201106,3,106
11240,3,B,0,202080502020,20201106,3,107
11241,4,B,0,202080502020,20201106,3,108
11242,3,B,1,202080502020,20201106,3,109
11243,4,B,0,202080502020,20201106,3,110
11244,3,B,0,202080502020,20201106,3,111
11245,4,B,0,202080502020,20201106,3,112
11246,3,B,0,202080502020,20201106,3,113
11247,4,B,0,202080502020,20201106,3,114
11248,3,B,1,202080502020,20201106,3,115
11249,4,B,0,202080502020,20201106,3,116
11250,3,B,1,202080502020,20201106,3,117
11251,4,B,0,202080502020,20201106,3,118
11252,3,B,1,202080502020,20201106,3,119
11253,4,B,0,802020508050,20201106,3,120
11254,3,B,1,802020508050,20201106,3,121
11255,4,B,1,802020508050,20201106,3,122
11256,3,B,0,802020508050,20201106,3,123
11257,4,B,1,802020508050,20201106,3,124
11258,3,B,0,802020508050,20201106,3,125
11259,4,B,0,802020508050,20201106,3,126
11260,3,B,0,802020508050,20201106,3,127
11261,4,B,1,802020508050,20201106,3,128
11262,3,B,0,802020508050,20201106,3,129
11263,4,B,1,802020508050,20201106,3,130
11264,3,B,1,802020508050,20201106,3,131
11265,4,B,1,802020508050,20201106,3,132
11266,3,B,0,802020508050,20201106,3,133
11267,4,B,1,802020508050,20201106,3,134
11268,3,B,1,802020508050,20201106,3,135
11269,4,B,1,802020508050,20201106,3,136
11270,3,B,0,802020508050,20201106,3,137
11271,4,B,0,802020508050,20201106,3,138
11272,3,B,0,802020508050,20201106,3,139
11273,4,B,0,802020508050,20201106,3,140
11274,3,B,1,802020508050,20201106,3,141
11275,4,B,0,802020508050,20201106,3,142
11276,3,B,0,802020508050,20201106,3,143
11277,4,B,0,802020508050,20201106,3,144
11278,3,B,0,802020508050,20201106,3,145
11279,4,B,0,802020508050,20201106,3,146
11280,2,A,0,802020508050,20201106,3,147
11281,1,A,1,802020508050,20201106,3,148
11282,2,A,1,802020508050,20201106,3,149
11283,1,A,1,802020508050,20201106,3,150
11284,2,A,0,802020508050,20201106,3,151
11285,1,A,1,802020508050,20201106,3,152
11286,2,A,0,802020508050,20201106,3,153
11287,1,A,0,802020508050,20201106,3,154
11288,2,A,0,802020508050,20201106,3,155
11289,1,A,1,802020508050,20201106,3,156
11290,2,A,0,802020508050,20201106,3,157
11291,1,A,1,802020508050,20201106,3,158
11292,2,A,1,802020508050,20201106,3,159
11293,1,A,1,802020508050,20201106,3,160
11294,2,A,0,802020508050,20201106,3,161
11295,1,A,1,802020508050,20201106,3,162
11296,2,A,0,802020508050,20201106,3,163
11297,1,A,1,802020508050,20201106,3,164
11298,2,A,0,802020508050,20201106,3,165
11299,1,A,0,802020508050,20201106,3,166
11300,2,A,1,802020508050,20201106,3,167
11301,1,A,1,802020508050,20201106,3,168
11302,2,A,0,802020508050,20201106,3,169
11303,1,A,1,802020508050,20201106,3,170
11304,2,A,0,802020508050,20201106,3,171
11305,1,A,1,802020508050,20201106,3,172
11306,2,A,0,802020508050,20201106,3,173
11307,1,A,0,802020508050,20201106,3,174
11308,2,A,0,802020508050,20201106,3,175
11309,1,A,1,802020508050,20201106,3,176
11310,2,A,0,802020508050,20201106,3,177
11311,1,A,1,802020508050,20201106,3,178
11312,2,A,0,802020508050,20201106,3,179
11313,6,C,0,805020502020,20201106,4,0
11314,5,C,0,805020502020,20201106,4,1
11315,4,B,0,805020502020,20201106,4,2
11316,3,B,0,805020502020,20201106,4,3
11317,4,B,1,805020502020,20201106,4,4
11318,2,A,0,805020502020,20201106,4,5
11319,1,A,1,805020502020,20201106,4,6
11320,2,A,0,805020502020,20201106,4,7
11321,1,A,1,805020502020,20201106,4,8
11322,2,A,0,805020502020,20201106,4,9
11323,1,A,1,805020502020,20201106,4,10
11324,2,A,1,805020502020,20201106,4,11
11325,1,A,0,805020502020,20201106,4,12
11326,2,A,0,805020502020,20201106,4,13
11327,5,C,1,805020502020,20201106,4,14
11328,6,C,0,805020502020,20201106,4,15
11329,5,C,0,805020502020,20201106,4,16
11330,6,C,0,805020502020,20201106,4,17
11331,5,C,0,805020502020,20201106,4,18
11332,2,A,0,805020502020,20201106,4,19
11333,1,A,1,805020502020,20201106,4,20
11334,2,A,1,805020502020,20201106,4,21
11335,1,A,0,805020502020,20201106,4,22
11336,2,A,1,805020502020,20201106,4,23
11337,1,A,1,805020502020,20201106,4,24
11338,2,A,0,805020502020,20201106,4,25
11339,1,A,1,805020502020,20201106,4,26
11340,2,A,0,805020502020,20201106,4,27
11341,1,A,1,805020502020,20201106,4,28
11342,2,A,0,805020502020,20201106,4,29
11343,1,A,1,805020502020,20201106,4,30
11344,2,A,1,805020502020,20201106,4,31
11345,1,A,1,805020502020,20201106,4,32
11346,2,A,0,805020502020,20201106,4,33
11347,1,A,1,805020502020,20201106,4,34
11348,2,A,0,805020502020,20201106,4,35
11349,1,A,1,805020502020,20201106,4,36
11350,2,A,0,805020502020,20201106,4,37
11351,1,A,1,805020502020,20201106,4,38
11352,2,A,0,805020502020,20201106,4,39
11353,1,A,1,805020502020,20201106,4,40
11354,2,A,0,805020502020,20201106,4,41
11355,1,A,0,805020502020,20201106,4,42
11356,2,A,1,805020502020,20201106,4,43
11357,1,A,1,805020502020,20201106,4,44
11358,2,A,1,805020502020,20201106,4,45
11359,1,A,0,805020502020,20201106,4,46
11360,2,A,1,805020502020,20201106,4,47
11361,1,A,1,805020502020,20201106,4,48
11362,2,A,0,805020502020,20201106,4,49
11363,1,A,1,805020502020,20201106,4,50
11364,2,A,0,805020502020,20201106,4,51
11365,1,A,1,805020502020,20201106,4,52
11366,2,A,0,805020502020,20201106,4,53
11367,1,A,1,805020502020,20201106,4,54
11368,2,A,1,805020502020,20201106,4,55
11369,1,A,0,805020502020,20201106,4,56
11370,2,A,0,805020502020,20201106,4,57
11371,1,A,1,805020502020,20201106,4,58
11372,2,A,0,805020502020,20201106,4,59
11373,1,A,0,202020208020,20201106,4,60
11374,2,A,0,202020208020,20201106,4,61
11375,1,A,0,202020208020,20201106,4,62
11376,2,A,1,202020208020,20201106,4,63
11377,1,A,0,202020208020,20201106,4,64
11378,2,A,0,202020208020,20201106,4,65
11379,1,A,1,202020208020,20201106,4,66
11380,2,A,0,202020208020,20201106,4,67
11381,1,A,0,202020208020,20201106,4,68
11382,2,A,0,202020208020,20201106,4,69
11383,5,C,1,202020208020,20201106,4,70
11384,6,C,0,202020208020,20201106,4,71
11385,5,C,1,202020208020,20201106,4,72
11386,6,C,0,202020208020,20201106,4,73
11387,5,C,1,202020208020,20201106,4,74
11388,6,C,0,202020208020,20201106,4,75
11389,5,C,0,202020208020,20201106,4,76
11390,4,B,1,202020208020,20201106,4,77
11391,3,B,0,202020208020,20201106,4,78
11392,4,B,0,202020208020,20201106,4,79
11393,3,B,0,202020208020,20201106,4,80
11394,4,B,0,202020208020,20201106,4,81
11395,2,A,0,202020208020,20201106,4,82
11396,1,A,0,202020208020,20201106,4,83
11397,2,A,0,202020208020,20201106,4,84
11398,1,A,0,202020208020,20201106,4,85
11399,2,A,0,202020208020,20201106,4,86
11400,5,C,1,202020208020,20201106,4,87
11401,6,C,1,202020208020,20201106,4,88
11402,5,C,1,202020208020,20201106,4,89
11403,6,C,0,202020208020,20201106,4,90
11404,5,C,1,202020208020,20201106,4,91
11405,6,C,0,202020208020,20201106,4,92
11406,5,C,1,202020208020,20201106,4,93
11407,6,C,1,202020208020,20201106,4,94
11408,5,C,1,202020208020,20201106,4,95
11409,6,C,0,202020208020,20201106,4,96
11410,5,C,1,202020208020,20201106,4,97
11411,6,C,0,202020208020,20201106,4,98
11412,5,C,1,202020208020,20201106,4,99
11413,6,C,1,202020208020,20201106,4,100
11414,5,C,1,202020208020,20201106,4,101
11415,6,C,0,202020208020,20201106,4,102
11416,5,C,1,202020208020,20201106,4,103
11417,6,C,1,202020208020,20201106,4,104
11418,5,C,1,202020208020,20201106,4,105
11419,6,C,0,202020208020,20201106,4,106
11420,5,C,1,202020208020,20201106,4,107
11421,6,C,0,202020208020,20201106,4,108
11422,5,C,1,202020208020,20201106,4,109
11423,6,C,0,202020208020,20201106,4,110
11424,5,C,1,202020208020,20201106,4,111
11425,6,C,0,202020208020,20201106,4,112
11426,5,C,1,202020208020,20201106,4,113
11427,6,C,0,202020208020,20201106,4,114
11428,5,C,1,202020208020,20201106,4,115
11429,6,C,1,202020208020,20201106,4,116
11430,5,C,1,202020208020,20201106,4,117
11431,6,C,0,202020208020,20201106,4,118
11432,5,C,1,202020208020,20201106,4,119
11433,6,C,0,805020802020,20201106,4,120
11434,5,C,0,805020802020,20201106,4,121
11435,6,C,0,805020802020,20201106,4,122
11436,5,C,0,805020802020,20201106,4,123
11437,6,C,1,805020802020,20201106,4,124
11438,5,C,0,805020802020,20201106,4,125
11439,6,C,0,805020802020,20201106,4,126
11440,5,C,0,805020802020,20201106,4,127
11441,4,B,0,805020802020,20201106,4,128
11442,3,B,0,805020802020,20201106,4,129
11443,4,B,1,805020802020,20201106,4,130
11444,3,B,1,805020802020,20201106,4,131
11445,4,B,1,805020802020,20201106,4,132
11446,3,B,1,805020802020,20201106,4,133
11447,4,B,1,805020802020,20201106,4,134
11448,3,B,1,805020802020,20201106,4,135
11449,4,B,0,805020802020,20201106,4,136
11450,3,B,0,805020802020,20201106,4,137
11451,4,B,1,805020802020,20201106,4,138
11452,3,B,0,805020802020,20201106,4,139
11453,4,B,1,805020802020,20201106,4,140
11454,3,B,0,805020802020,20201106,4,141
11455,4,B,1,805020802020,20201106,4,142
11456,3,B,0,805020802020,20201106,4,143
11457,4,B,1,805020802020,20201106,4,144
11458,3,B,0,805020802020,20201106,4,145
11459,4,B,1,805020802020,20201106,4,146
11460,3,B,1,805020802020,20201106,4,147
11461,4,B,1,805020802020,20201106,4,148
11462,3,B,0,805020802020,20201106,4,149
11463,4,B,1,805020802020,20201106,4,150
11464,3,B,0,805020802020,20201106,4,151
11465,4,B,1,805020802020,20201106,4,152
11466,3,B,0,805020802020,20201106,4,153
11467,4,B,0,805020802020,20201106,4,154
11468,3,B,0,805020802020,20201106,4,155
11469,4,B,1,805020802020,20201106,4,156
11470,3,B,1,805020802020,20201106,4,157
11471,4,B,1,805020802020,20201106,4,158
11472,3,B,0,805020802020,20201106,4,159
11473,4,B,1,805020802020,20201106,4,160
11474,3,B,0,805020802020,20201106,4,161
11475,4,B,0,805020802020,20201106,4,162
11476,3,B,0,805020802020,20201106,4,163
11477,4,B,1,805020802020,20201106,4,164
11478,3,B,0,805020802020,20201106,4,165
11479,4,B,0,805020802020,20201106,4,166
11480,3,B,0,805020802020,20201106,4,167
11481,4,B,1,805020802020,20201106,4,168
11482,3,B,0,805020802020,20201106,4,169
11483,4,B,1,805020802020,20201106,4,170
11484,3,B,0,805020802020,20201106,4,171
11485,4,B,1,805020802020,20201106,4,172
11486,3,B,0,805020802020,20201106,4,173
11487,4,B,1,805020802020,20201106,4,174
11488,3,B,0,805020802020,20201106,4,175
11489,4,B,0,805020802020,20201106,4,176
11490,2,A,1,805020802020,20201106,4,177
11491,1,A,1,805020802020,20201106,4,178
11492,2,A,0,805020802020,20201106,4,179
11493,1,A,0,205050808020,20201106,5,0
11494,2,A,1,205050808020,20201106,5,1
11495,1,A,1,205050808020,20201106,5,2
11496,2,A,0,205050808020,20201106,5,3
11497,1,A,0,205050808020,20201106,5,4
11498,6,C,0,205050808020,20201106,5,5
11499,5,C,1,205050808020,20201106,5,6
11500,6,C,0,205050808020,20201106,5,7
11501,5,C,1,205050808020,20201106,5,8
11502,4,B,1,205050808020,20201106,5,9
11503,3,B,0,205050808020,20201106,5,10
11504,4,B,1,205050808020,20201106,5,11
11505,3,B,0,205050808020,20201106,5,12
11506,4,B,0,205050808020,20201106,5,13
11507,2,A,1,205050808020,20201106,5,14
11508,1,A,0,205050808020,20201106,5,15
11509,2,A,1,205050808020,20201106,5,16
11510,1,A,0,205050808020,20201106,5,17
11511,2,A,1,205050808020,20201106,5,18
11512,1,A,0,205050808020,20201106,5,19
11513,2,A,1,205050808020,20201106,5,20
11514,1,A,0,205050808020,20201106,5,21
11515,2,A,1,205050808020,20201106,5,22
11516,5,C,1,205050808020,20201106,5,23
11517,6,C,1,205050808020,20201106,5,24
11518,5,C,1,205050808020,20201106,5,25
11519,6,C,0,205050808020,20201106,5,26
11520,5,C,1,205050808020,20201106,5,27
11521,6,C,0,205050808020,20201106,5,28
11522,5,C,1,205050808020,20201106,5,29
11523,2,A,0,205050808020,20201106,5,30
11524,1,A,0,205050808020,20201106,5,31
11525,2,A,1,205050808020,20201106,5,32
11526,1,A,0,205050808020,20201106,5,33
11527,2,A,0,205050808020,20201106,5,34
11528,1,A,0,205050808020,20201106,5,35
11529,2,A,1,205050808020,20201106,5,36
11530,1,A,0,205050808020,20201106,5,37
11531,2,A,1,205050808020,20201106,5,38
11532,1,A,0,205050808020,20201106,5,39
11533,2,A,0,205050808020,20201106,5,40
11534,5,C,0,205050808020,20201106,5,41
11535,6,C,0,205050808020,20201106,5,42
11536,5,C,1,205050808020,20201106,5,43
11537,4,B,0,205050808020,20201106,5,44
11538,3,B,1,205050808020,20201106,5,45
11539,4,B,0,205050808020,20201106,5,46
11540,3,B,1,205050808020,20201106,5,47
11541,4,B,0,205050808020,20201106,5,48
11542,3,B,1,205050808020,20201106,5,49
11543,4,B,1,205050808020,20201106,5,50
11544,3,B,1,205050808020,20201106,5,51
11545,4,B,1,205050808020,20201106,5,52
11546,3,B,0,205050808020,20201106,5,53
11547,4,B,1,205050808020,20201106,5,54
11548,3,B,0,205050808020,20201106,5,55
11549,4,B,0,205050808020,20201106,5,56
11550,3,B,1,205050808020,20201106,5,57
11551,4,B,1,205050808020,20201106,5,58
11552,3,B,0,205050808020,20201106,5,59
11553,4,B,0,202050202020,20201106,5,60
11554,3,B,0,202050202020,20201106,5,61
11555,4,B,0,202050202020,20201106,5,62
11556,3,B,1,202050202020,20201106,5,63
11557,4,B,0,202050202020,20201106,5,64
11558,3,B,1,202050202020,20201106,5,65
11559,4,B,0,202050202020,20201106,5,66
11560,3,B,1,202050202020,20201106,5,67
11561,4,B,0,202050202020,20201106,5,68
11562,3,B,0,202050202020,20201106,5,69
11563,4,B,0,202050202020,20201106,5,70
11564,3,B,0,202050202020,20201106,5,71
11565,4,B,1,202050202020,20201106,5,72
11566,3,B,1,202050202020,20201106,5,73
11567,4,B,0,202050202020,20201106,5,74
11568,3,B,0,202050202020,20201106,5,75
11569,4,B,0,202050202020,20201106,5,76
11570,3,B,0,202050202020,20201106,5,77
11571,4,B,0,202050202020,20201106,5,78
11572,2,A,0,202050202020,20201106,5,79
11573,1,A,0,202050202020,20201106,5,80
11574,2,A,0,202050202020,20201106,5,81
11575,1,A,0,202050202020,20201106,5,82
11576,2,A,0,202050202020,20201106,5,83
11577,4,B,0,202050202020,20201106,5,84
11578,3,B,0,202050202020,20201106,5,85
11579,4,B,0,202050202020,20201106,5,86
11580,3,B,1,202050202020,20201106,5,87
11581,4,B,0,202050202020,20201106,5,88
11582,3,B,1,202050202020,20201106,5,89
11583,4,B,0,202050202020,20201106,5,90
11584,2,A,0,202050202020,20201106,5,91
11585,1,A,0,202050202020,20201106,5,92
11586,2,A,0,202050202020,20201106,5,93
11587,5,C,0,202050202020,20201106,5,94
11588,6,C,0,202050202020,20201106,5,95
11589,5,C,0,202050202020,20201106,5,96
11590,6,C,0,202050202020,20201106,5,97
11591,5,C,1,202050202020,20201106,5,98
11592,2,A,0,202050202020,20201106,5,99
11593,1,A,1,202050202020,20201106,5,100
11594,2,A,0,202050202020,20201106,5,101
11595,1,A,0,202050202020,20201106,5,102
11596,2,A,0,202050202020,20201106,5,103
11597,1,A,0,202050202020,20201106,5,104
11598,2,A,0,202050202020,20201106,5,105
11599,4,B,0,202050202020,20201106,5,106
11600,3,B,0,202050202020,20201106,5,107
11601,4,B,0,202050202020,20201106,5,108
11602,3,B,1,202050202020,20201106,5,109
11603,4,B,0,202050202020,20201106,5,110
11604,3,B,1,202050202020,20201106,5,111
11605,4,B,0,202050202020,20201106,5,112
11606,3,B,1,202050202020,20201106,5,113
11607,4,B,0,202050202020,20201106,5,114
11608,3,B,1,202050202020,20201106,5,115
11609,4,B,0,202050202020,20201106,5,116
11610,3,B,1,202050202020,20201106,5,117
11611,4,B,1,202050202020,20201106,5,118
11612,3,B,1,202050202020,20201106,5,119
11613,4,B,0,205020202080,20201106,5,120
11614,3,B,0,205020202080,20201106,5,121
11615,4,B,0,205020202080,20201106,5,122
11616,3,B,0,205020202080,20201106,5,123
11617,4,B,1,205020202080,20201106,5,124
11618,3,B,0,205020202080,20201106,5,125
11619,4,B,0,205020202080,20201106,5,126
11620,3,B,0,205020202080,20201106,5,127
11621,4,B,0,205020202080,20201106,5,128
11622,3,B,0,205020202080,20201106,5,129
11623,4,B,1,205020202080,20201106,5,130
11624,3,B,1,205020202080,20201106,5,131
11625,4,B,0,205020202080,20201106,5,132
11626,3,B,0,205020202080,20201106,5,133
11627,4,B,0,205020202080,20201106,5,134
11628,3,B,0,205020202080,20201106,5,135
11629,4,B,0,205020202080,20201106,5,136
11630,3,B,0,205020202080,20201106,5,137
11631,4,B,0,205020202080,20201106,5,138
11632,3,B,0,205020202080,20201106,5,139
11633,4,B,1,205020202080,20201106,5,140
11634,3,B,0,205020202080,20201106,5,141
11635,4,B,1,205020202080,20201106,5,142
11636,3,B,0,205020202080,20201106,5,143
11637,4,B,0,205020202080,20201106,5,144
11638,3,B,0,205020202080,20201106,5,145
11639,4,B,0,205020202080,20201106,5,146
11640,3,B,1,205020202080,20201106,5,147
11641,4,B,1,205020202080,20201106,5,148
11642,3,B,0,205020202080,20201106,5,149
11643,4,B,0,205020202080,20201106,5,150
11644,3,B,1,205020202080,20201106,5,151
11645,4,B,0,205020202080,20201106,5,152
11646,3,B,0,205020202080,20201106,5,153
11647,4,B,0,205020202080,20201106,5,154
11648,3,B,0,205020202080,20201106,5,155
11649,4,B,0,205020202080,20201106,5,156
11650,3,B,0,205020202080,20201106,5,157
11651,4,B,0,205020202080,20201106,5,158
11652,3,B,0,205020202080,20201106,5,159
11653,4,B,0,205020202080,20201106,5,160
11654,3,B,0,205020202080,20201106,5,161
11655,4,B,1,205020202080,20201106,5,162
11656,3,B,1,205020202080,20201106,5,163
11657,4,B,0,205020202080,20201106,5,164
11658,3,B,0,205020202080,20201106,5,165
11659,4,B,0,205020202080,20201106,5,166
11660,3,B,1,205020202080,20201106,5,167
11661,4,B,0,205020202080,20201106,5,168
11662,3,B,0,205020202080,20201106,5,169
11663,4,B,0,205020202080,20201106,5,170
11664,3,B,0,205020202080,20201106,5,171
11665,4,B,0,205020202080,20201106,5,172
11666,3,B,1,205020202080,20201106,5,173
11667,4,B,0,205020202080,20201106,5,174
11668,3,B,0,205020202080,20201106,5,175
11669,4,B,0,205020202080,20201106,5,176
11670,3,B,0,205020202080,20201106,5,177
11671,4,B,0,205020202080,20201106,5,178
11672,3,B,0,205020202080,20201106,5,179
11673,4,B,1,502020205050,20201106,6,0
11674,3,B,1,502020205050,20201106,6,1
11675,4,B,0,502020205050,20201106,6,2
11676,2,A,0,502020205050,20201106,6,3
11677,1,A,1,502020205050,20201106,6,4
11678,2,A,0,502020205050,20201106,6,5
11679,1,A,0,502020205050,20201106,6,6
11680,2,A,0,502020205050,20201106,6,7
11681,5,C,1,502020205050,20201106,6,8
11682,6,C,1,502020205050,20201106,6,9
11683,5,C,0,502020205050,20201106,6,10
11684,6,C,1,502020205050,20201106,6,11
11685,5,C,0,502020205050,20201106,6,12
11686,6,C,1,502020205050,20201106,6,13
11687,5,C,0,502020205050,20201106,6,14
11688,6,C,1,502020205050,20201106,6,15
11689,5,C,1,502020205050,20201106,6,16
11690,6,C,1,502020205050,20201106,6,17
11691,5,C,1,502020205050,20201106,6,18
11692,6,C,1,502020205050,20201106,6,19
11693,5,C,0,502020205050,20201106,6,20
11694,6,C,0,502020205050,20201106,6,21
11695,5,C,1,502020205050,20201106,6,22
11696,6,C,0,502020205050,20201106,6,23
11697,5,C,1,502020205050,20201106,6,24
11698,6,C,0,502020205050,20201106,6,25
11699,5,C,0,502020205050,20201106,6,26
11700,6,C,0,502020205050,20201106,6,27
11701,5,C,0,502020205050,20201106,6,28
11702,6,C,0,502020205050,20201106,6,29
11703,5,C,0,502020205050,20201106,6,30
11704,2,A,1,502020205050,20201106,6,31
11705,1,A,0,502020205050,20201106,6,32
11706,2,A,0,502020205050,20201106,6,33
11707,1,A,0,502020205050,20201106,6,34
11708,2,A,0,502020205050,20201106,6,35
11709,4,B,1,502020205050,20201106,6,36
11710,3,B,0,502020205050,20201106,6,37
11711,4,B,0,502020205050,20201106,6,38
11712,3,B,0,502020205050,20201106,6,39
11713,4,B,0,502020205050,20201106,6,40
11714,3,B,0,502020205050,20201106,6,41
11715,4,B,0,502020205050,20201106,6,42
11716,3,B,0,502020205050,20201106,6,43
11717,4,B,0,502020205050,20201106,6,44
11718,3,B,1,502020205050,20201106,6,45
11719,4,B,0,502020205050,20201106,6,46
11720,3,B,0,502020205050,20201106,6,47
11721,4,B,0,502020205050,20201106,6,48
11722,3,B,0,502020205050,20201106,6,49
11723,4,B,0,502020205050,20201106,6,50
11724,2,A,1,502020205050,20201106,6,51
11725,1,A,1,502020205050,20201106,6,52
11726,2,A,1,502020205050,20201106,6,53
11727,1,A,0,502020205050,20201106,6,54
11728,2,A,0,502020205050,20201106,6,55
11729,1,A,0,502020205050,20201106,6,56
11730,2,A,0,502020205050,20201106,6,57
11731,1,A,0,502020205050,20201106,6,58
11732,2,A,1,502020205050,20201106,6,59
11733,1,A,0,508050202020,20201106,6,60
11734,2,A,0,508050202020,20201106,6,61
11735,5,C,1,508050202020,20201106,6,62
11736,6,C,0,508050202020,20201106,6,63
11737,5,C,1,508050202020,20201106,6,64
11738,6,C,1,508050202020,20201106,6,65
11739,5,C,0,508050202020,20201106,6,66
11740,6,C,0,508050202020,20201106,6,67
11741,5,C,0,508050202020,20201106,6,68
11742,4,B,0,508050202020,20201106,6,69
11743,3,B,0,508050202020,20201106,6,70
11744,4,B,0,508050202020,20201106,6,71
11745,3,B,1,508050202020,20201106,6,72
11746,4,B,1,508050202020,20201106,6,73
11747,3,B,0,508050202020,20201106,6,74
11748,4,B,0,508050202020,20201106,6,75
11749,3,B,1,508050202020,20201106,6,76
11750,4,B,1,508050202020,20201106,6,77
11751,3,B,1,508050202020,20201106,6,78
11752,4,B,1,508050202020,20201106,6,79
11753,3,B,1,508050202020,20201106,6,80
11754,4,B,0,508050202020,20201106,6,81
11755,3,B,0,508050202020,20201106,6,82
11756,4,B,0,508050202020,20201106,6,83
11757,3,B,1,508050202020,20201106,6,84
11758,4,B,0,508050202020,20201106,6,85
11759,3,B,1,508050202020,20201106,6,86
11760,4,B,0,508050202020,20201106,6,87
11761,3,B,0,508050202020,20201106,6,88
11762,4,B,0,508050202020,20201106,6,89
11763,3,B,0,508050202020,20201106,6,90
11764,4,B,1,508050202020,20201106,6,91
11765,3,B,0,508050202020,20201106,6,92
11766,4,B,0,508050202020,20201106,6,93
11767,3,B,1,508050202020,20201106,6,94
11768,4,B,0,508050202020,20201106,6,95
11769,3,B,0,508050202020,20201106,6,96
11770,4,B,0,508050202020,20201106,6,97
11771,3,B,1,508050202020,20201106,6,98
11772,4,B,0,508050202020,20201106,6,99
11773,3,B,0,508050202020,20201106,6,100
11774,4,B,0,508050202020,20201106,6,101
11775,3,B,1,508050202020,20201106,6,102
11776,4,B,0,508050202020,20201106,6,103
11777,3,B,1,508050202020,20201106,6,104
11778,4,B,1,508050202020,20201106,6,105
11779,3,B,0,508050202020,20201106,6,106
11780,4,B,0,508050202020,20201106,6,107
11781,3,B,1,508050202020,20201106,6,108
11782,4,B,0,508050202020,20201106,6,109
11783,3,B,1,508050202020,20201106,6,110
11784,4,B,0,508050202020,20201106,6,111
11785,3,B,0,508050202020,20201106,6,112
11786,4,B,1,508050202020,20201106,6,113
11787,3,B,0,508050202020,20201106,6,114
11788,4,B,1,508050202020,20201106,6,115
11789,3,B,1,508050202020,20201106,6,116
11790,4,B,0,508050202020,20201106,6,117
11791,3,B,0,508050202020,20201106,6,118
11792,4,B,0,508050202020,20201106,6,119
11793,3,B,0,502080502020,20201106,6,120
11794,4,B,1,502080502020,20201106,6,121
11795,3,B,0,502080502020,20201106,6,122
11796,4,B,0,502080502020,20201106,6,123
11797,3,B,0,502080502020,20201106,6,124
11798,4,B,0,502080502020,20201106,6,125
11799,2,A,0,502080502020,20201106,6,126
11800,1,A,0,502080502020,20201106,6,127
11801,2,A,0,502080502020,20201106,6,128
11802,1,A,1,502080502020,20201106,6,129
11803,2,A,0,502080502020,20201106,6,130
11804,1,A,1,502080502020,20201106,6,131
11805,2,A,0,502080502020,20201106,6,132
11806,1,A,1,502080502020,20201106,6,133
11807,2,A,0,502080502020,20201106,6,134
11808,1,A,1,502080502020,20201106,6,135
11809,2,A,0,502080502020,20201106,6,136
11810,1,A,1,502080502020,20201106,6,137
11811,2,A,0,502080502020,20201106,6,138
11812,1,A,1,502080502020,20201106,6,139
11813,2,A,1,502080502020,20201106,6,140
11814,1,A,0,502080502020,20201106,6,141
11815,2,A,0,502080502020,20201106,6,142
11816,1,A,1,502080502020,20201106,6,143
11817,2,A,0,502080502020,20201106,6,144
11818,1,A,1,502080502020,20201106,6,145
11819,2,A,0,502080502020,20201106,6,146
11820,1,A,0,502080502020,20201106,6,147
11821,2,A,0,502080502020,20201106,6,148
11822,1,A,1,502080502020,20201106,6,149
11823,2,A,0,502080502020,20201106,6,150
11824,1,A,0,502080502020,20201106,6,151
11825,2,A,0,502080502020,20201106,6,152
11826,1,A,0,502080502020,20201106,6,153
11827,2,A,0,502080502020,20201106,6,154
11828,1,A,0,502080502020,20201106,6,155
11829,2,A,0,502080502020,20201106,6,156
11830,1,A,0,502080502020,20201106,6,157
11831,2,A,0,502080502020,20201106,6,158
11832,4,B,1,502080502020,20201106,6,159
11833,3,B,1,502080502020,20201106,6,160
11834,4,B,0,502080502020,20201106,6,161
11835,3,B,1,502080502020,20201106,6,162
11836,4,B,1,502080502020,20201106,6,163
11837,3,B,0,502080502020,20201106,6,164
11838,4,B,0,502080502020,20201106,6,165
11839,3,B,1,502080502020,20201106,6,166
11840,4,B,0,502080502020,20201106,6,167
11841,3,B,1,502080502020,20201106,6,168
11842,4,B,1,502080502020,20201106,6,169
11843,3,B,1,502080502020,20201106,6,170
11844,4,B,0,502080502020,20201106,6,171
11845,3,B,1,502080502020,20201106,6,172
11846,4,B,1,502080502020,20201106,6,173
11847,3,B,1,502080502020,20201106,6,174
11848,4,B,0,502080502020,20201106,6,175
11849,3,B,1,502080502020,20201106,6,176
11850,4,B,1,502080502020,20201106,6,177
11851,3,B,1,502080502020,20201106,6,178
11852,4,B,1,502080502020,20201106,6,179
11853,6,C,1,205080205080,20201106,7,0
11854,5,C,1,205080205080,20201106,7,1
11855,2,A,1,205080205080,20201106,7,2
11856,1,A,0,205080205080,20201106,7,3
11857,2,A,1,205080205080,20201106,7,4
11858,1,A,0,205080205080,20201106,7,5
11859,2,A,0,205080205080,20201106,7,6
11860,4,B,1,205080205080,20201106,7,7
11861,3,B,1,205080205080,20201106,7,8
11862,4,B,1,205080205080,20201106,7,9
11863,3,B,1,205080205080,20201106,7,10
11864,4,B,0,205080205080,20201106,7,11
11865,3,B,1,205080205080,20201106,7,12
11866,4,B,0,205080205080,20201106,7,13
11867,3,B,0,205080205080,20201106,7,14
11868,4,B,0,205080205080,20201106,7,15
11869,3,B,1,205080205080,20201106,7,16
11870,4,B,0,205080205080,20201106,7,17
11871,3,B,1,205080205080,20201106,7,18
11872,4,B,0,205080205080,20201106,7,19
11873,3,B,1,205080205080,20201106,7,20
11874,4,B,0,205080205080,20201106,7,21
11875,3,B,1,205080205080,20201106,7,22
11876,4,B,1,205080205080,20201106,7,23
11877,3,B,1,205080205080,20201106,7,24
11878,4,B,1,205080205080,20201106,7,25
11879,3,B,1,205080205080,20201106,7,26
11880,4,B,0,205080205080,20201106,7,27
11881,3,B,1,205080205080,20201106,7,28
11882,4,B,0,205080205080,20201106,7,29
11883,3,B,1,205080205080,20201106,7,30
11884,4,B,0,205080205080,20201106,7,31
11885,3,B,1,205080205080,20201106,7,32
11886,4,B,0,205080205080,20201106,7,33
11887,3,B,1,205080205080,20201106,7,34
11888,2,A,1,205080205080,20201106,7,35
11889,1,A,1,205080205080,20201106,7,36
11890,2,A,0,205080205080,20201106,7,37
11891,1,A,0,205080205080,20201106,7,38
11892,2,A,0,205080205080,20201106,7,39
11893,1,A,0,205080205080,20201106,7,40
11894,2,A,0,205080205080,20201106,7,41
11895,5,C,1,205080205080,20201106,7,42
11896,6,C,1,205080205080,20201106,7,43
11897,5,C,0,205080205080,20201106,7,44
11898,6,C,1,205080205080,20201106,7,45
11899,5,C,0,205080205080,20201106,7,46
11900,6,C,1,205080205080,20201106,7,47
11901,5,C,0,205080205080,20201106,7,48
11902,6,C,1,205080205080,20201106,7,49
11903,5,C,1,205080205080,20201106,7,50
11904,6,C,1,205080205080,20201106,7,51
11905,5,C,1,205080205080,20201106,7,52
11906,6,C,1,205080205080,20201106,7,53
11907,5,C,1,205080205080,20201106,7,54
11908,6,C,0,205080205080,20201106,7,55
11909,5,C,1,205080205080,20201106,7,56
11910,6,C,1,205080205080,20201106,7,57
11911,5,C,1,205080205080,20201106,7,58
11912,6,C,1,205080205080,20201106,7,59
11913,5,C,0,805020202020,20201106,7,60
11914,6,C,0,805020202020,20201106,7,61
11915,5,C,0,805020202020,20201106,7,62
11916,6,C,0,805020202020,20201106,7,63
11917,5,C,0,805020202020,20201106,7,64
11918,6,C,0,805020202020,20201106,7,65
11919,5,C,0,805020202020,20201106,7,66
11920,2,A,1,805020202020,20201106,7,67
11921,1,A,1,805020202020,20201106,7,68
11922,2,A,1,805020202020,20201106,7,69
11923,1,A,0,805020202020,20201106,7,70
11924,2,A,0,805020202020,20201106,7,71
11925,1,A,0,805020202020,20201106,7,72
11926,2,A,1,805020202020,20201106,7,73
11927,1,A,0,805020202020,20201106,7,74
11928,2,A,1,805020202020,20201106,7,75
11929,1,A,0,805020202020,20201106,7,76
11930,2,A,1,805020202020,20201106,7,77
11931,1,A,1,805020202020,20201106,7,78
11932,2,A,0,805020202020,20201106,7,79
11933,1,A,1,805020202020,20201106,7,80
11934,2,A,1,805020202020,20201106,7,81
11935,1,A,1,805020202020,20201106,7,82
11936,2,A,1,805020202020,20201106,7,83
11937,1,A,1,805020202020,20201106,7,84
11938,2,A,0,805020202020,20201106,7,85
11939,1,A,1,805020202020,20201106,7,86
11940,2,A,0,805020202020,20201106,7,87
11941,1,A,1,805020202020,20201106,7,88
11942,2,A,1,805020202020,20201106,7,89
11943,1,A,0,805020202020,20201106,7,90
11944,2,A,0,805020202020,20201106,7,91
11945,1,A,1,805020202020,20201106,7,92
11946,2,A,1,805020202020,20201106,7,93
11947,1,A,1,805020202020,20201106,7,94
11948,2,A,0,805020202020,20201106,7,95
11949,1,A,1,805020202020,20201106,7,96
11950,2,A,0,805020202020,20201106,7,97
11951,1,A,1,805020202020,20201106,7,98
11952,2,A,1,805020202020,20201106,7,99
11953,1,A,1,805020202020,20201106,7,100
11954,2,A,1,805020202020,20201106,7,101
11955,1,A,1,805020202020,20201106,7,102
11956,2,A,1,805020202020,20201106,7,103
11957,1,A,0,805020202020,20201106,7,104
11958,2,A,1,805020202020,20201106,7,105
11959,1,A,1,805020202020,20201106,7,106
11960,2,A,0,805020202020,20201106,7,107
11961,1,A,1,805020202020,20201106,7,108
11962,2,A,0,805020202020,20201106,7,109
11963,1,A,1,805020202020,20201106,7,110
11964,2,A,0,805020202020,20201106,7,111
11965,1,A,1,805020202020,20201106,7,112
11966,2,A,0,805020202020,20201106,7,113
11967,1,A,1,805020202020,20201106,7,114
11968,2,A,0,805020202020,20201106,7,115
11969,1,A,1,805020202020,20201106,7,116
11970,2,A,1,805020202020,20201106,7,117
11971,1,A,1,805020202020,20201106,7,118
11972,2,A,0,805020202020,20201106,7,119
11973,1,A,0,202020505080,20201106,7,120
11974,2,A,0,202020505080,20201106,7,121
11975,1,A,0,202020505080,20201106,7,122
11976,2,A,0,202020505080,20201106,7,123
11977,1,A,0,202020505080,20201106,7,124
11978,2,A,0,202020505080,20201106,7,125
11979,1,A,0,202020505080,20201106,7,126
11980,2,A,0,202020505080,20201106,7,127
11981,4,B,1,202020505080,20201106,7,128
11982,3,B,0,202020505080,20201106,7,129
11983,4,B,0,202020505080,20201106,7,130
11984,3,B,0,202020505080,20201106,7,131
11985,4,B,0,202020505080,20201106,7,132
11986,3,B,0,202020505080,20201106,7,133
11987,4,B,1,202020505080,20201106,7,134
11988,3,B,0,202020505080,20201106,7,135
11989,4,B,0,202020505080,20201106,7,136
11990,3,B,1,202020505080,20201106,7,137
11991,4,B,1,202020505080,20201106,7,138
11992,3,B,0,202020505080,20201106,7,139
11993,4,B,0,202020505080,20201106,7,140
11994,3,B,0,202020505080,20201106,7,141
11995,2,A,0,202020505080,20201106,7,142
11996,1,A,0,202020505080,20201106,7,143
11997,2,A,0,202020505080,20201106,7,144
11998,5,C,0,202020505080,20201106,7,145
11999,6,C,1,202020505080,20201106,7,146
12000,5,C,1,202020505080,20201106,7,147
12001,6,C,1,202020505080,20201106,7,148
12002,5,C,1,202020505080,20201106,7,149
12003,6,C,0,202020505080,20201106,7,150
12004,5,C,1,202020505080,20201106,7,151
12005,6,C,0,202020505080,20201106,7,152
12006,5,C,1,202020505080,20201106,7,153
12007,6,C,1,202020505080,20201106,7,154
12008,5,C,0,202020505080,20201106,7,155
12009,6,C,1,202020505080,20201106,7,156
12010,5,C,1,202020505080,20201106,7,157
12011,6,C,1,202020505080,20201106,7,158
12012,5,C,0,202020505080,20201106,7,159
12013,6,C,1,202020505080,20201106,7,160
12014,5,C,1,202020505080,20201106,7,161
12015,6,C,0,202020505080,20201106,7,162
12016,5,C,0,202020505080,20201106,7,163
12017,6,C,1,202020505080,20201106,7,164
12018,5,C,0,202020505080,20201106,7,165
12019,6,C,1,202020505080,20201106,7,166
12020,5,C,0,202020505080,20201106,7,167
12021,6,C,1,202020505080,20201106,7,168
12022,5,C,0,202020505080,20201106,7,169
12023,6,C,0,202020505080,20201106,7,170
12024,5,C,0,202020505080,20201106,7,171
12025,6,C,1,202020505080,20201106,7,172
12026,5,C,1,202020505080,20201106,7,173
12027,6,C,1,202020505080,20201106,7,174
12028,5,C,0,202020505080,20201106,7,175
12029,6,C,1,202020505080,20201106,7,176
12030,5,C,0,202020505080,20201106,7,177
12031,6,C,0,202020505080,20201106,7,178
12032,5,C,0,202020505080,20201106,7,179
12033,4,B,0,802050802050,20201106,8,0
12034,3,B,0,802050802050,20201106,8,1
12035,2,A,1,802050802050,20201106,8,2
12036,1,A,1,802050802050,20201106,8,3
12037,2,A,0,802050802050,20201106,8,4
12038,1,A,1,802050802050,20201106,8,5
12039,2,A,0,802050802050,20201106,8,6
12040,1,A,1,802050802050,20201106,8,7
12041,2,A,0,802050802050,20201106,8,8
12042,5,C,0,802050802050,20201106,8,9
12043,6,C,1,802050802050,20201106,8,10
12044,5,C,1,802050802050,20201106,8,11
12045,6,C,1,802050802050,20201106,8,12
12046,5,C,0,802050802050,20201106,8,13
12047,6,C,1,802050802050,20201106,8,14
12048,5,C,0,802050802050,20201106,8,15
12049,6,C,0,802050802050,20201106,8,16
12050,5,C,0,802050802050,20201106,8,17
12051,4,B,1,802050802050,20201106,8,18
12052,3,B,0,802050802050,20201106,8,19
12053,4,B,1,802050802050,20201106,8,20
12054,3,B,1,802050802050,20201106,8,21
12055,4,B,1,802050802050,20201106,8,22
12056,3,B,0,802050802050,20201106,8,23
12057,4,B,1,802050802050,20201106,8,24
12058,3,B,1,802050802050,20201106,8,25
12059,4,B,1,802050802050,20201106,8,26
12060,3,B,1,802050802050,20201106,8,27
12061,4,B,1,802050802050,20201106,8,28
12062,3,B,0,802050802050,20201106,8,29
12063,4,B,1,802050802050,20201106,8,30
12064,3,B,1,802050802050,20201106,8,31
12065,4,B,1,802050802050,20201106,8,32
12066,3,B,1,802050802050,20201106,8,33
12067,4,B,1,802050802050,20201106,8,34
12068,3,B,0,802050802050,20201106,8,35
12069,4,B,1,802050802050,20201106,8,36
12070,3,B,0,802050802050,20201106,8,37
12071,4,B,0,802050802050,20201106,8,38
12072,3,B,1,802050802050,20201106,8,39
12073,4,B,1,802050802050,20201106,8,40
12074,3,B,0,802050802050,20201106,8,41
12075,4,B,1,802050802050,20201106,8,42
12076,3,B,0,802050802050,20201106,8,43
12077,4,B,1,802050802050,20201106,8,44
12078,3,B,1,802050802050,20201106,8,45
12079,4,B,1,802050802050,20201106,8,46
12080,3,B,0,802050802050,20201106,8,47
12081,4,B,1,802050802050,20201106,8,48
12082,3,B,1,802050802050,20201106,8,49
12083,4,B,1,802050802050,20201106,8,50
12084,3,B,0,802050802050,20201106,8,51
12085,4,B,1,802050802050,20201106,8,52
12086,3,B,0,802050802050,20201106,8,53
12087,4,B,1,802050802050,20201106,8,54
12088,3,B,0,802050802050,20201106,8,55
12089,4,B,0,802050802050,20201106,8,56
12090,3,B,1,802050802050,20201106,8,57
12091,4,B,1,802050802050,20201106,8,58
12092,3,B,0,802050802050,20201106,8,59
12093,4,B,0,508020202020,20201106,8,60
12094,3,B,0,508020202020,20201106,8,61
12095,4,B,0,508020202020,20201106,8,62
12096,3,B,0,508020202020,20201106,8,63
12097,2,A,1,508020202020,20201106,8,64
12098,1,A,0,508020202020,20201106,8,65
12099,2,A,1,508020202020,20201106,8,66
12100,1,A,1,508020202020,20201106,8,67
12101,2,A,1,508020202020,20201106,8,68
12102,1,A,0,508020202020,20201106,8,69
12103,2,A,0,508020202020,20201106,8,70
12104,1,A,0,508020202020,20201106,8,71
12105,2,A,1,508020202020,20201106,8,72
12106,1,A,0,508020202020,20201106,8,73
12107,2,A,1,508020202020,20201106,8,74
12108,1,A,0,508020202020,20201106,8,75
12109,2,A,1,508020202020,20201106,8,76
12110,1,A,1,508020202020,20201106,8,77
12111,2,A,1,508020202020,20201106,8,78
12112,1,A,1,508020202020,20201106,8,79
12113,2,A,1,508020202020,20201106,8,80
12114,1,A,0,508020202020,20201106,8,81
12115,2,A,1,508020202020,20201106,8,82
12116,1,A,1,508020202020,20201106,8,83
12117,2,A,1,508020202020,20201106,8,84
12118,1,A,0,508020202020,20201106,8,85
12119,2,A,1,508020202020,20201106,8,86
12120,1,A,1,508020202020,20201106,8,87
12121,2,A,1,508020202020,20201106,8,88
12122,1,A,1,508020202020,20201106,8,89
12123,2,A,1,508020202020,20201106,8,90
12124,1,A,1,508020202020,20201106,8,91
12125,2,A,0,508020202020,20201106,8,92
12126,1,A,0,508020202020,20201106,8,93
12127,2,A,1,508020202020,20201106,8,94
12128,1,A,1,508020202020,20201106,8,95
12129,2,A,1,508020202020,20201106,8,96
12130,1,A,0,508020202020,20201106,8,97
12131,2,A,1,508020202020,20201106,8,98
12132,1,A,1,508020202020,20201106,8,99
12133,2,A,0,508020202020,20201106,8,100
12134,1,A,1,508020202020,20201106,8,101
12135,2,A,1,508020202020,20201106,8,102
12136,1,A,0,508020202020,20201106,8,103
12137,2,A,1,508020202020,20201106,8,104
12138,1,A,0,508020202020,20201106,8,105
12139,2,A,1,508020202020,20201106,8,106
12140,1,A,0,508020202020,20201106,8,107
12141,2,A,1,508020202020,20201106,8,108
12142,1,A,1,508020202020,20201106,8,109
12143,2,A,1,508020202020,20201106,8,110
12144,1,A,1,508020202020,20201106,8,111
12145,2,A,1,508020202020,20201106,8,112
12146,1,A,0,508020202020,20201106,8,113
12147,2,A,1,508020202020,20201106,8,114
12148,1,A,0,508020202020,20201106,8,115
12149,2,A,1,508020202020,20201106,8,116
12150,1,A,1,508020202020,20201106,8,117
12151,2,A,0,508020202020,20201106,8,118
12152,1,A,1,508020202020,20201106,8,119
12153,2,A,0,202020805020,20201106,8,120
12154,1,A,0,202020805020,20201106,8,121
12155,2,A,0,202020805020,20201106,8,122
12156,1,A,0,202020805020,20201106,8,123
12157,2,A,1,202020805020,20201106,8,124
12158,1,A,0,202020805020,20201106,8,125
12159,2,A,0,202020805020,20201106,8,126
12160,1,A,0,202020805020,20201106,8,127
12161,2,A,0,202020805020,20201106,8,128
12162,1,A,0,202020805020,20201106,8,129
12163,2,A,0,202020805020,20201106,8,130
12164,5,C,0,202020805020,20201106,8,131
12165,6,C,0,202020805020,20201106,8,132
12166,5,C,0,202020805020,20201106,8,133
12167,6,C,1,202020805020,20201106,8,134
12168,5,C,0,202020805020,20201106,8,135
12169,6,C,0,202020805020,20201106,8,136
12170,5,C,1,202020805020,20201106,8,137
12171,6,C,0,202020805020,20201106,8,138
12172,5,C,0,202020805020,20201106,8,139
12173,6,C,0,202020805020,20201106,8,140
12174,5,C,1,202020805020,20201106,8,141
12175,6,C,0,202020805020,20201106,8,142
12176,5,C,0,202020805020,20201106,8,143
12177,4,B,1,202020805020,20201106,8,144
12178,3,B,0,202020805020,20201106,8,145
12179,4,B,1,202020805020,20201106,8,146
12180,3,B,0,202020805020,20201106,8,147
12181,4,B,1,202020805020,20201106,8,148
12182,3,B,0,202020805020,20201106,8,149
12183,4,B,0,202020805020,20201106,8,150
12184,3,B,0,202020805020,20201106,8,151
12185,4,B,1,202020805020,20201106,8,152
12186,3,B,0,202020805020,20201106,8,153
12187,4,B,0,202020805020,20201106,8,154
12188,3,B,1,202020805020,20201106,8,155
12189,4,B,1,202020805020,20201106,8,156
12190,3,B,0,202020805020,20201106,8,157
12191,4,B,1,202020805020,20201106,8,158
12192,3,B,0,202020805020,20201106,8,159
12193,4,B,1,202020805020,20201106,8,160
12194,3,B,0,202020805020,20201106,8,161
12195,4,B,1,202020805020,20201106,8,162
12196,3,B,0,202020805020,20201106,8,163
12197,4,B,1,202020805020,20201106,8,164
12198,3,B,0,202020805020,20201106,8,165
12199,4,B,1,202020805020,20201106,8,166
12200,3,B,0,202020805020,20201106,8,167
12201,4,B,1,202020805020,20201106,8,168
12202,3,B,0,202020805020,20201106,8,169
12203,4,B,1,202020805020,20201106,8,170
12204,3,B,0,202020805020,20201106,8,171
12205,4,B,1,202020805020,20201106,8,172
12206,3,B,0,202020805020,20201106,8,173
12207,4,B,1,202020805020,20201106,8,174
12208,3,B,0,202020805020,20201106,8,175
12209,4,B,1,202020805020,20201106,8,176
12210,3,B,0,202020805020,20201106,8,177
12211,4,B,0,202020805020,20201106,8,178
12212,3,B,1,202020805020,20201106,8,179
12213,4,B,0,805020202080,20201107,1,0
12214,3,B,0,805020202080,20201107,1,1
12215,2,A,0,805020202080,20201107,1,2
12216,1,A,0,805020202080,20201107,1,3
12217,2,A,0,805020202080,20201107,1,4
12218,1,A,1,805020202080,20201107,1,5
12219,2,A,1,805020202080,20201107,1,6
12220,1,A,1,805020202080,20201107,1,7
12221,2,A,1,805020202080,20201107,1,8
12222,1,A,1,805020202080,20201107,1,9
12223,2,A,1,805020202080,20201107,1,10
12224,1,A,1,805020202080,20201107,1,11
12225,2,A,1,805020202080,20201107,1,12
12226,1,A,1,805020202080,20201107,1,13
12227,2,A,0,805020202080,20201107,1,14
12228,1,A,1,805020202080,20201107,1,15
12229,2,A,0,805020202080,20201107,1,16
12230,1,A,1,805020202080,20201107,1,17
12231,5,C,1,805020202080,20201107,1,18
12232,6,C,0,805020202080,20201107,1,19
12233,5,C,1,805020202080,20201107,1,20
12234,6,C,1,805020202080,20201107,1,21
12235,5,C,0,805020202080,20201107,1,22
12236,6,C,1,805020202080,20201107,1,23
12237,5,C,0,805020202080,20201107,1,24
12238,6,C,0,805020202080,20201107,1,25
12239,5,C,0,805020202080,20201107,1,26
12240,4,B,0,805020202080,20201107,1,27
12241,3,B,0,805020202080,20201107,1,28
12242,4,B,0,805020202080,20201107,1,29
12243,3,B,0,805020202080,20201107,1,30
12244,4,B,0,805020202080,20201107,1,31
12245,2,A,1,805020202080,20201107,1,32
12246,1,A,1,805020202080,20201107,1,33
12247,2,A,1,805020202080,20201107,1,34
12248,1,A,1,805020202080,20201107,1,35
12249,2,A,0,805020202080,20201107,1,36
12250,1,A,1,805020202080,20201107,1,37
12251,2,A,1,805020202080,20201107,1,38
12252,1,A,1,805020202080,20201107,1,39
12253,2,A,1,805020202080,20201107,1,40
12254,1,A,1,805020202080,20201107,1,41
12255,2,A,1,805020202080,20201107,1,42
12256,1,A,1,805020202080,20201107,1,43
12257,2,A,0,805020202080,20201107,1,44
12258,1,A,0,805020202080,20201107,1,45
12259,2,A,1,805020202080,20201107,1,46
12260,1,A,0,805020202080,20201107,1,47
12261,2,A,1,805020202080,20201107,1,48
12262,1,A,1,805020202080,20201107,1,49
12263,2,A,0,805020202080,20201107,1,50
12264,1,A,1,805020202080,20201107,1,51
12265,2,A,1,805020202080,20201107,1,52
12266,1,A,1,805020202080,20201107,1,53
12267,2,A,1,805020202080,20201107,1,54
12268,1,A,0,805020202080,20201107,1,55
12269,2,A,1,805020202080,20201107,1,56
12270,1,A,1,805020202080,20201107,1,57
12271,2,A,0,805020202080,20201107,1,58
12272,1,A,0,805020202080,20201107,1,59
12273,2,A,1,205050802020,20201107,1,60
12274,1,A,0,205050802020,20201107,1,61
12275,2,A,1,205050802020,20201107,1,62
12276,1,A,0,205050802020,20201107,1,63
12277,2,A,1,205050802020,20201107,1,64
12278,1,A,0,205050802020,20201107,1,65
12279,2,A,0,205050802020,20201107,1,66
12280,1,A,0,205050802020,20201107,1,67
12281,2,A,1,205050802020,20201107,1,68
12282,1,A,0,205050802020,20201107,1,69
12283,2,A,0,205050802020,20201107,1,70
12284,5,C,0,205050802020,20201107,1,71
12285,6,C,1,205050802020,20201107,1,72
12286,5,C,0,205050802020,20201107,1,73
12287,4,B,1,205050802020,20201107,1,74
12288,3,B,0,205050802020,20201107,1,75
12289,4,B,1,205050802020,20201107,1,76
12290,3,B,0,205050802020,20201107,1,77
12291,4,B,1,205050802020,20201107,1,78
12292,3,B,0,205050802020,20201107,1,79
12293,4,B,0,205050802020,20201107,1,80
12294,3,B,1,205050802020,20201107,1,81
12295,4,B,1,205050802020,20201107,1,82
12296,3,B,1,205050802020,20201107,1,83
12297,4,B,1,205050802020,20201107,1,84
12298,3,B,1,205050802020,20201107,1,85
12299,4,B,1,205050802020,20201107,1,86
12300,3,B,0,205050802020,20201107,1,87
12301,4,B,0,205050802020,20201107,1,88
12302,3,B,1,205050802020,20201107,1,89
12303,4,B,1,205050802020,20201107,1,90
12304,3,B,1,205050802020,20201107,1,91
12305,4,B,0,205050802020,20201107,1,92
12306,3,B,1,205050802020,20201107,1,93
12307,4,B,1,205050802020,20201107,1,94
12308,3,B,1,205050802020,20201107,1,95
12309,4,B,0,205050802020,20201107,1,96
12310,3,B,0,205050802020,20201107,1,97
12311,4,B,1,205050802020,20201107,1,98
12312,3,B,1,205050802020,20201107,1,99
12313,4,B,0,205050802020,20201107,1,100
12314,3,B,0,205050802020,20201107,1,101
12315,4,B,1,205050802020,20201107,1,102
12316,3,B,1,205050802020,20201107,1,103
12317,4,B,1,205050802020,20201107,1,104
12318,3,B,0,205050802020,20201107,1,105
12319,4,B,1,205050802020,20201107,1,106
12320,3,B,1,205050802020,20201107,1,107
12321,4,B,0,205050802020,20201107,1,108
12322,3,B,0,205050802020,20201107,1,109
12323,4,B,0,205050802020,20201107,1,110
12324,3,B,1,205050802020,20201107,1,111
12325,4,B,1,205050802020,20201107,1,112
12326,3,B,0,205050802020,20201107,1,113
12327,4,B,1,205050802020,20201107,1,114
12328,3,B,0,205050802020,20201107,1,115
12329,4,B,1,205050802020,20201107,1,116
12330,3,B,1,205050802020,20201107,1,117
12331,4,B,1,205050802020,20201107,1,118
12332,3,B,1,205050802020,20201107,1,119
12333,4,B,1,502020508050,20201107,1,120
12334,3,B,1,502020508050,20201107,1,121
12335,4,B,1,502020508050,20201107,1,122
12336,3,B,0,502020508050,20201107,1,123
12337,4,B,1,502020508050,20201107,1,124
12338,3,B,0,502020508050,20201107,1,125
12339,4,B,0,502020508050,20201107,1,126
12340,3,B,1,502020508050,20201107,1,127
12341,4,B,1,502020508050,20201107,1,128
12342,3,B,0,502020508050,20201107,1,129
12343,4,B,0,502020508050,20201107,1,130
12344,3,B,0,502020508050,20201107,1,131
12345,4,B,0,502020508050,20201107,1,132
12346,3,B,0,502020508050,20201107,1,133
12347,4,B,1,502020508050,20201107,1,134
12348,3,B,1,502020508050,20201107,1,135
12349,4,B,1,502020508050,20201107,1,136
12350,3,B,0,502020508050,20201107,1,137
12351,4,B,0,502020508050,20201107,1,138
12352,3,B,0,502020508050,20201107,1,139
12353,4,B,1,502020508050,20201107,1,140
12354,3,B,0,502020508050,20201107,1,141
12355,4,B,1,502020508050,20201107,1,142
12356,3,B,0,502020508050,20201107,1,143
12357,4,B,0,502020508050,20201107,1,144
12358,3,B,0,502020508050,20201107,1,145
12359,4,B,0,502020508050,20201107,1,146
12360,3,B,0,502020508050,20201107,1,147
12361,2,A,1,502020508050,20201107,1,148
12362,1,A,1,502020508050,20201107,1,149
12363,2,A,0,502020508050,20201107,1,150
12364,1,A,0,502020508050,20201107,1,151
12365,2,A,0,502020508050,20201107,1,152
12366,1,A,0,502020508050,20201107,1,153
12367,2,A,1,502020508050,20201107,1,154
12368,1,A,1,502020508050,20201107,1,155
12369,2,A,0,502020508050,20201107,1,156
12370,1,A,1,502020508050,20201107,1,157
12371,2,A,0,502020508050,20201107,1,158
12372,1,A,0,502020508050,20201107,1,159
12373,2,A,1,502020508050,20201107,1,160
12374,1,A,1,502020508050,20201107,1,161
12375,2,A,1,502020508050,20201107,1,162
12376,1,A,1,502020508050,20201107,1,163
12377,2,A,0,502020508050,20201107,1,164
12378,1,A,1,502020508050,20201107,1,165
12379,2,A,0,502020508050,20201107,1,166
12380,1,A,0,502020508050,20201107,1,167
12381,2,A,1,502020508050,20201107,1,168
12382,1,A,0,502020508050,20201107,1,169
12383,2,A,0,502020508050,20201107,1,170
12384,1,A,1,502020508050,20201107,1,171
12385,2,A,0,502020508050,20201107,1,172
12386,1,A,1,502020508050,20201107,1,173
12387,2,A,0,502020508050,20201107,1,174
12388,1,A,1,502020508050,20201107,1,175
12389,2,A,0,502020508050,20201107,1,176
12390,1,A,0,502020508050,20201107,1,177
12391,2,A,0,502020508050,20201107,1,178
12392,1,A,1,502020508050,20201107,1,179
12393,4,B,1,205080205020,20201107,2,0
12394,3,B,1,205080205020,20201107,2,1
12395,4,B,0,205080205020,20201107,2,2
12396,3,B,0,205080205020,20201107,2,3
12397,2,A,1,205080205020,20201107,2,4
12398,1,A,0,205080205020,20201107,2,5
12399,2,A,0,205080205020,20201107,2,6
12400,1,A,0,205080205020,20201107,2,7
12401,2,A,1,205080205020,20201107,2,8
12402,5,C,0,205080205020,20201107,2,9
12403,6,C,0,205080205020,20201107,2,10
12404,5,C,0,205080205020,20201107,2,11
12405,6,C,1,205080205020,20201107,2,12
12406,5,C,0,205080205020,20201107,2,13
12407,6,C,0,205080205020,20201107,2,14
12408,5,C,0,205080205020,20201107,2,15
12409,4,B,1,205080205020,20201107,2,16
12410,3,B,1,205080205020,20201107,2,17
12411,4,B,0,205080205020,20201107,2,18
12412,3,B,1,205080205020,20201107,2,19
12413,4,B,0,205080205020,20201107,2,20
12414,3,B,1,205080205020,20201107,2,21
12415,4,B,1,205080205020,20201107,2,22
12416,3,B,1,205080205020,20201107,2,23
12417,4,B,0,205080205020,20201107,2,24
12418,3,B,1,205080205020,20201107,2,25
12419,4,B,0,205080205020,20201107,2,26
12420,3,B,1,205080205020,20201107,2,27
12421,4,B,0,205080205020,20201107,2,28
12422,3,B,1,205080205020,20201107,2,29
12423,4,B,0,205080205020,20201107,2,30
12424,3,B,0,205080205020,20201107,2,31
12425,4,B,1,205080205020,20201107,2,32
12426,3,B,1,205080205020,20201107,2,33
12427,4,B,0,205080205020,20201107,2,34
12428,3,B,1,205080205020,20201107,2,35
12429,4,B,0,205080205020,20201107,2,36
12430,3,B,1,205080205020,20201107,2,37
12431,4,B,0,205080205020,20201107,2,38
12432,3,B,1,205080205020,20201107,2,39
12433,4,B,1,205080205020,20201107,2,40
12434,3,B,0,205080205020,20201107,2,41
12435,4,B,0,205080205020,20201107,2,42
12436,3,B,1,205080205020,20201107,2,43
12437,4,B,0,205080205020,20201107,2,44
12438,3,B,0,205080205020,20201107,2,45
12439,4,B,0,205080205020,20201107,2,46
12440,3,B,1,205080205020,20201107,2,47
12441,4,B,0,205080205020,20201107,2,48
12442,3,B,1,205080205020,20201107,2,49
12443,4,B,1,205080205020,20201107,2,50
12444,3,B,1,205080205020,20201107,2,51
12445,4,B,0,205080205020,20201107,2,52
12446,3,B,1,205080205020,20201107,2,53
12447,4,B,0,205080205020,20201107,2,54
12448,3,B,1,205080205020,20201107,2,55
12449,4,B,0,205080205020,20201107,2,56
12450,3,B,1,205080205020,20201107,2,57
12451,4,B,1,205080205020,20201107,2,58
12452,3,B,1,205080205020,20201107,2,59
12453,4,B,0,505020202020,20201107,2,60
12454,3,B,1,505020202020,20201107,2,61
12455,4,B,0,505020202020,20201107,2,62
12456,3,B,1,505020202020,20201107,2,63
12457,4,B,0,505020202020,20201107,2,64
12458,3,B,1,505020202020,20201107,2,65
12459,4,B,1,505020202020,20201107,2,66
12460,3,B,0,505020202020,20201107,2,67
12461,4,B,0,505020202020,20201107,2,68
12462,3,B,0,505020202020,20201107,2,69
12463,4,B,1,505020202020,20201107,2,70
12464,3,B,0,505020202020,20201107,2,71
12465,4,B,0,505020202020,20201107,2,72
12466,3,B,0,505020202020,20201107,2,73
12467,4,B,0,505020202020,20201107,2,74
12468,3,B,0,505020202020,20201107,2,75
12469,4,B,0,505020202020,20201107,2,76
12470,2,A,1,505020202020,20201107,2,77
12471,1,A,0,505020202020,20201107,2,78
12472,2,A,1,505020202020,20201107,2,79
12473,1,A,1,505020202020,20201107,2,80
12474,2,A,1,505020202020,20201107,2,81
12475,1,A,1,505020202020,20201107,2,82
12476,2,A,0,505020202020,20201107,2,83
12477,1,A,1,505020202020,20201107,2,84
12478,2,A,1,505020202020,20201107,2,85
12479,1,A,0,505020202020,20201107,2,86
12480,2,A,0,505020202020,20201107,2,87
12481,1,A,1,505020202020,20201107,2,88
12482,2,A,1,505020202020,20201107,2,89
12483,1,A,1,505020202020,20201107,2,90
12484,2,A,0,505020202020,20201107,2,91
12485,1,A,0,505020202020,20201107,2,92
12486,2,A,0,505020202020,20201107,2,93
12487,1,A,0,505020202020,20201107,2,94
12488,2,A,0,505020202020,20201107,2,95
12489,1,A,0,505020202020,20201107,2,96
12490,2,A,0,505020202020,20201107,2,97
12491,5,C,0,505020202020,20201107,2,98
12492,6,C,1,505020202020,20201107,2,99
12493,5,C,0,505020202020,20201107,2,100
12494,6,C,0,505020202020,20201107,2,101
12495,5,C,0,505020202020,20201107,2,102
12496,6,C,0,505020202020,20201107,2,103
12497,5,C,1,505020202020,20201107,2,104
12498,4,B,1,505020202020,20201107,2,105
12499,3,B,0,505020202020,20201107,2,106
12500,4,B,0,505020202020,20201107,2,107
12501,3,B,0,505020202020,20201107,2,108
12502,4,B,0,505020202020,20201107,2,109
12503,3,B,1,505020202020,20201107,2,110
12504,4,B,0,505020202020,20201107,2,111
12505,3,B,1,505020202020,20201107,2,112
12506,4,B,0,505020202020,20201107,2,113
12507,3,B,1,505020202020,20201107,2,114
12508,4,B,0,505020202020,20201107,2,115
12509,3,B,1,505020202020,20201107,2,116
12510,4,B,0,505020202020,20201107,2,117
12511,3,B,0,505020202020,20201107,2,118
12512,4,B,0,505020202020,20201107,2,119
12513,3,B,0,202020202080,20201107,2,120
12514,4,B,0,202020202080,20201107,2,121
12515,3,B,1,202020202080,20201107,2,122
12516,4,B,1,202020202080,20201107,2,123
12517,3,B,0,202020202080,20201107,2,124
12518,4,B,0,202020202080,20201107,2,125
12519,3,B,0,202020202080,20201107,2,126
12520,4,B,1,202020202080,20201107,2,127
12521,3,B,0,202020202080,20201107,2,128
12522,4,B,0,202020202080,20201107,2,129
12523,3,B,0,202020202080,20201107,2,130
12524,4,B,0,202020202080,20201107,2,131
12525,3,B,1,202020202080,20201107,2,132
12526,4,B,1,202020202080,20201107,2,133
12527,3,B,0,202020202080,20201107,2,134
12528,4,B,0,202020202080,20201107,2,135
12529,3,B,0,202020202080,20201107,2,136
12530,4,B,0,202020202080,20201107,2,137
12531,3,B,0,202020202080,20201107,2,138
12532,2,A,0,202020202080,20201107,2,139
12533,1,A,0,202020202080,20201107,2,140
12534,2,A,0,202020202080,20201107,2,141
12535,5,C,0,202020202080,20201107,2,142
12536,6,C,1,202020202080,20201107,2,143
12537,5,C,0,202020202080,20201107,2,144
12538,6,C,0,202020202080,20201107,2,145
12539,5,C,0,202020202080,20201107,2,146
12540,4,B,0,202020202080,20201107,2,147
12541,3,B,0,202020202080,20201107,2,148
12542,4,B,0,202020202080,20201107,2,149
12543,3,B,0,202020202080,20201107,2,150
12544,4,B,0,202020202080,20201107,2,151
12545,3,B,1,202020202080,20201107,2,152
12546,4,B,0,202020202080,20201107,2,153
12547,3,B,0,202020202080,20201107,2,154
12548,4,B,0,202020202080,20201107,2,155
12549,3,B,0,202020202080,20201107,2,156
12550,4,B,0,202020202080,20201107,2,157
12551,3,B,0,202020202080,20201107,2,158
12552,4,B,1,202020202080,20201107,2,159
12553,3,B,0,202020202080,20201107,2,160
12554,4,B,0,202020202080,20201107,2,161
12555,3,B,0,202020202080,20201107,2,162
12556,4,B,0,202020202080,20201107,2,163
12557,3,B,0,202020202080,20201107,2,164
12558,4,B,0,202020202080,20201107,2,165
12559,3,B,0,202020202080,20201107,2,166
12560,2,A,0,202020202080,20201107,2,167
12561,1,A,0,202020202080,20201107,2,168
12562,2,A,0,202020202080,20201107,2,169
12563,1,A,0,202020202080,20201107,2,170
12564,2,A,0,202020202080,20201107,2,171
12565,4,B,1,202020202080,20201107,2,172
12566,3,B,0,202020202080,20201107,2,173
12567,4,B,0,202020202080,20201107,2,174
12568,3,B,0,202020202080,20201107,2,175
12569,4,B,0,202020202080,20201107,2,176
12570,3,B,0,202020202080,20201107,2,177
12571,4,B,0,202020202080,20201107,2,178
12572,3,B,0,202020202080,20201107,2,179
12573,4,B,0,208080505020,20201107,3,0
12574,3,B,1,208080505020,20201107,3,1
12575,2,A,1,208080505020,20201107,3,2
12576,1,A,0,208080505020,20201107,3,3
12577,2,A,1,208080505020,20201107,3,4
12578,1,A,0,208080505020,20201107,3,5
12579,2,A,1,208080505020,20201107,3,6
12580,5,C,0,208080505020,20201107,3,7
12581,6,C,1,208080505020,20201107,3,8
12582,5,C,0,208080505020,20201107,3,9
12583,6,C,0,208080505020,20201107,3,10
12584,5,C,0,208080505020,20201107,3,11
12585,4,B,0,208080505020,20201107,3,12
12586,3,B,1,208080505020,20201107,3,13
12587,4,B,0,208080505020,20201107,3,14
12588,3,B,1,208080505020,20201107,3,15
12589,4,B,0,208080505020,20201107,3,16
12590,3,B,1,208080505020,20201107,3,17
12591,4,B,1,208080505020,20201107,3,18
12592,3,B,1,208080505020,20201107,3,19
12593,4,B,0,208080505020,20201107,3,20
12594,3,B,1,208080505020,20201107,3,21
12595,4,B,0,208080505020,20201107,3,22
12596,3,B,1,208080505020,20201107,3,23
12597,4,B,0,208080505020,20201107,3,24
12598,3,B,0,208080505020,20201107,3,25
12599,4,B,1,208080505020,20201107,3,26
12600,3,B,1,208080505020,20201107,3,27
12601,4,B,0,208080505020,20201107,3,28
12602,3,B,1,208080505020,20201107,3,29
12603,4,B,0,208080505020,20201107,3,30
12604,3,B,1,208080505020,20201107,3,31
12605,4,B,0,208080505020,20201107,3,32
12606,3,B,1,208080505020,20201107,3,33
12607,4,B,0,208080505020,20201107,3,34
12608,3,B,1,208080505020,20201107,3,35
12609,4,B,1,208080505020,20201107,3,36
12610,3,B,1,208080505020,20201107,3,37
12611,4,B,1,208080505020,20201107,3,38
12612,3,B,1,208080505020,20201107,3,39
12613,4,B,0,208080505020,20201107,3,40
12614,3,B,0,208080505020,20201107,3,41
12615,4,B,0,208080505020,20201107,3,42
12616,3,B,1,208080505020,20201107,3,43
12617,4,B,1,208080505020,20201107,3,44
12618,3,B,1,208080505020,20201107,3,45
12619,4,B,1,208080505020,20201107,3,46
12620,3,B,1,208080505020,20201107,3,47
12621,4,B,0,208080505020,20201107,3,48
12622,3,B,1,208080505020,20201107,3,49
12623,4,B,0,208080505020,20201107,3,50
12624,3,B,1,208080505020,20201107,3,51
12625,4,B,0,208080505020,20201107,3,52
12626,3,B,1,208080505020,20201107,3,53
12627,4,B,0,208080505020,20201107,3,54
12628,3,B,1,208080505020,20201107,3,55
12629,4,B,1,208080505020,20201107,3,56
12630,3,B,1,208080505020,20201107,3,57
12631,4,B,1,208080505020,20201107,3,58
12632,3,B,0,208080505020,20201107,3,59
12633,4,B,0,205020205080,20201107,3,60
12634,3,B,0,205020205080,20201107,3,61
12635,4,B,0,205020205080,20201107,3,62
12636,3,B,0,205020205080,20201107,3,63
12637,4,B,1,205020205080,20201107,3,64
12638,3,B,0,205020205080,20201107,3,65
12639,4,B,0,205020205080,20201107,3,66
12640,3,B,0,205020205080,20201107,3,67
12641,2,A,0,205020205080,20201107,3,68
12642,1,A,0,205020205080,20201107,3,69
12643,2,A,0,205020205080,20201107,3,70
12644,1,A,0,205020205080,20201107,3,71
12645,2,A,1,205020205080,20201107,3,72
12646,1,A,0,205020205080,20201107,3,73
12647,2,A,1,205020205080,20201107,3,74
12648,1,A,0,205020205080,20201107,3,75
12649,2,A,1,205020205080,20201107,3,76
12650,1,A,0,205020205080,20201107,3,77
12651,2,A,0,205020205080,20201107,3,78
12652,1,A,0,205020205080,20201107,3,79
12653,2,A,1,205020205080,20201107,3,80
12654,1,A,0,205020205080,20201107,3,81
12655,2,A,1,205020205080,20201107,3,82
12656,1,A,0,205020205080,20201107,3,83
12657,2,A,0,205020205080,20201107,3,84
12658,1,A,0,205020205080,20201107,3,85
12659,2,A,0,205020205080,20201107,3,86
12660,1,A,0,205020205080,20201107,3,87
12661,2,A,1,205020205080,20201107,3,88
12662,4,B,0,205020205080,20201107,3,89
12663,3,B,0,205020205080,20201107,3,90
12664,4,B,0,205020205080,20201107,3,91
12665,3,B,1,205020205080,20201107,3,92
12666,4,B,0,205020205080,20201107,3,93
12667,3,B,0,205020205080,20201107,3,94
12668,4,B,0,205020205080,20201107,3,95
12669,3,B,0,205020205080,20201107,3,96
12670,4,B,0,205020205080,20201107,3,97
12671,3,B,0,205020205080,20201107,3,98
12672,4,B,0,205020205080,20201107,3,99
12673,3,B,0,205020205080,20201107,3,100
12674,2,A,1,205020205080,20201107,3,101
12675,1,A,0,205020205080,20201107,3,102
12676,2,A,0,205020205080,20201107,3,103
12677,1,A,0,205020205080,20201107,3,104
12678,2,A,1,205020205080,20201107,3,105
12679,1,A,0,205020205080,20201107,3,106
12680,2,A,0,205020205080,20201107,3,107
12681,1,A,0,205020205080,20201107,3,108
12682,2,A,0,205020205080,20201107,3,109
12683,4,B,0,205020205080,20201107,3,110
12684,3,B,0,205020205080,20201107,3,111
12685,4,B,0,205020205080,20201107,3,112
12686,3,B,0,205020205080,20201107,3,113
12687,4,B,0,205020205080,20201107,3,114
12688,3,B,0,205020205080,20201107,3,115
12689,4,B,0,205020205080,20201107,3,116
12690,3,B,0,205020205080,20201107,3,117
12691,2,A,1,205020205080,20201107,3,118
12692,5,C,1,205020205080,20201107,3,119
12693,6,C,0,202080205020,20201107,3,120
12694,5,C,1,202080205020,20201107,3,121
12695,6,C,0,202080205020,20201107,3,122
12696,5,C,0,202080205020,20201107,3,123
12697,6,C,1,202080205020,20201107,3,124
12698,5,C,0,202080205020,20201107,3,125
12699,6,C,1,202080205020,20201107,3,126
12700,5,C,0,202080205020,20201107,3,127
12701,6,C,0,202080205020,20201107,3,128
12702,5,C,0,202080205020,20201107,3,129
12703,6,C,0,202080205020,20201107,3,130
12704,5,C,0,202080205020,20201107,3,131
12705,2,A,1,202080205020,20201107,3,132
12706,1,A,0,202080205020,20201107,3,133
12707,2,A,0,202080205020,20201107,3,134
12708,1,A,0,202080205020,20201107,3,135
12709,2,A,0,202080205020,20201107,3,136
12710,4,B,0,202080205020,20201107,3,137
12711,3,B,1,202080205020,20201107,3,138
12712,4,B,1,202080205020,20201107,3,139
12713,3,B,1,202080205020,20201107,3,140
12714,4,B,0,202080205020,20201107,3,141
12715,3,B,0,202080205020,20201107,3,142
12716,4,B,1,202080205020,20201107,3,143
12717,3,B,1,202080205020,20201107,3,144
12718,4,B,1,202080205020,20201107,3,145
12719,3,B,1,202080205020,20201107,3,146
12720,4,B,0,202080205020,20201107,3,147
12721,3,B,0,202080205020,20201107,3,148
12722,4,B,0,202080205020,20201107,3,149
12723,3,B,1,202080205020,20201107,3,150
12724,4,B,0,202080205020,20201107,3,151
12725,3,B,1,202080205020,20201107,3,152
12726,4,B,0,202080205020,20201107,3,153
12727,3,B,1,202080205020,20201107,3,154
12728,4,B,0,202080205020,20201107,3,155
12729,3,B,1,202080205020,20201107,3,156
12730,4,B,0,202080205020,20201107,3,157
12731,3,B,1,202080205020,20201107,3,158
12732,4,B,0,202080205020,20201107,3,159
12733,3,B,1,202080205020,20201107,3,160
12734,4,B,0,202080205020,20201107,3,161
12735,3,B,0,202080205020,20201107,3,162
12736,4,B,0,202080205020,20201107,3,163
12737,3,B,0,202080205020,20201107,3,164
12738,4,B,0,202080205020,20201107,3,165
12739,3,B,1,202080205020,20201107,3,166
12740,4,B,0,202080205020,20201107,3,167
12741,3,B,1,202080205020,20201107,3,168
12742,4,B,0,202080205020,20201107,3,169
12743,3,B,0,202080205020,20201107,3,170
12744,4,B,0,202080205020,20201107,3,171
12745,3,B,1,202080205020,20201107,3,172
12746,4,B,1,202080205020,20201107,3,173
12747,3,B,1,202080205020,20201107,3,174
12748,4,B,0,202080205020,20201107,3,175
12749,3,B,1,202080205020,20201107,3,176
12750,4,B,0,202080205020,20201107,3,177
12751,3,B,1,202080205020,20201107,3,178
12752,4,B,0,202080205020,20201107,3,179
12753,4,B,1,502020505080,20201107,4,0
12754,3,B,0,502020505080,20201107,4,1
12755,4,B,1,502020505080,20201107,4,2
12756,3,B,0,502020505080,20201107,4,3
12757,4,B,1,502020505080,20201107,4,4
12758,2,A,0,502020505080,20201107,4,5
12759,1,A,1,502020505080,20201107,4,6
12760,2,A,0,502020505080,20201107,4,7
12761,1,A,0,502020505080,20201107,4,8
12762,2,A,0,502020505080,20201107,4,9
12763,5,C,1,502020505080,20201107,4,10
12764,6,C,1,502020505080,20201107,4,11
12765,5,C,1,502020505080,20201107,4,12
12766,6,C,1,502020505080,20201107,4,13
12767,5,C,0,502020505080,20201107,4,14
12768,6,C,1,502020505080,20201107,4,15
12769,5,C,1,502020505080,20201107,4,16
12770,6,C,0,502020505080,20201107,4,17
12771,5,C,1,502020505080,20201107,4,18
12772,6,C,1,502020505080,20201107,4,19
12773,5,C,0,502020505080,20201107,4,20
12774,6,C,1,502020505080,20201107,4,21
12775,5,C,1,502020505080,20201107,4,22
12776,6,C,1,502020505080,20201107,4,23
12777,5,C,1,502020505080,20201107,4,24
12778,6,C,1,502020505080,20201107,4,25
12779,5,C,0,502020505080,20201107,4,26
12780,6,C,1,502020505080,20201107,4,27
12781,5,C,0,502020505080,20201107,4,28
12782,6,C,1,502020505080,20201107,4,29
12783,5,C,1,502020505080,20201107,4,30
12784,6,C,1,502020505080,20201107,4,31
12785,5,C,0,502020505080,20201107,4,32
12786,6,C,1,502020505080,20201107,4,33
12787,5,C,1,502020505080,20201107,4,34
12788,6,C,1,502020505080,20201107,4,35
12789,5,C,1,502020505080,20201107,4,36
12790,6,C,1,502020505080,20201107,4,37
12791,5,C,0,502020505080,20201107,4,38
12792,6,C,1,502020505080,20201107,4,39
12793,5,C,0,502020505080,20201107,4,40
12794,6,C,1,502020505080,20201107,4,41
12795,5,C,1,502020505080,20201107,4,42
12796,6,C,1,502020505080,20201107,4,43
12797,5,C,0,502020505080,20201107,4,44
12798,6,C,1,502020505080,20201107,4,45
12799,5,C,0,502020505080,20201107,4,46
12800,6,C,1,502020505080,20201107,4,47
12801,5,C,1,502020505080,20201107,4,48
12802,6,C,0,502020505080,20201107,4,49
12803,5,C,0,502020505080,20201107,4,50
12804,6,C,0,502020505080,20201107,4,51
12805,5,C,1,502020505080,20201107,4,52
12806,2,A,0,502020505080,20201107,4,53
12807,1,A,0,502020505080,20201107,4,54
12808,2,A,0,502020505080,20201107,4,55
12809,1,A,0,502020505080,20201107,4,56
12810,2,A,0,502020505080,20201107,4,57
12811,4,B,0,502020505080,20201107,4,58
12812,3,B,1,502020505080,20201107,4,59
12813,4,B,0,505050202050,20201107,4,60
12814,3,B,1,505050202050,20201107,4,61
12815,4,B,0,505050202050,20201107,4,62
12816,3,B,1,505050202050,20201107,4,63
12817,4,B,0,505050202050,20201107,4,64
12818,3,B,0,505050202050,20201107,4,65
12819,4,B,0,505050202050,20201107,4,66
12820,3,B,0,505050202050,20201107,4,67
12821,4,B,0,505050202050,20201107,4,68
12822,3,B,0,505050202050,20201107,4,69
12823,4,B,0,505050202050,20201107,4,70
12824,3,B,0,505050202050,20201107,4,71
12825,2,A,0,505050202050,20201107,4,72
12826,1,A,1,505050202050,20201107,4,73
12827,2,A,0,505050202050,20201107,4,74
12828,1,A,1,505050202050,20201107,4,75
12829,2,A,0,505050202050,20201107,4,76
12830,1,A,0,505050202050,20201107,4,77
12831,2,A,1,505050202050,20201107,4,78
12832,1,A,1,505050202050,20201107,4,79
12833,2,A,1,505050202050,20201107,4,80
12834,1,A,1,505050202050,20201107,4,81
12835,2,A,1,505050202050,20201107,4,82
12836,1,A,1,505050202050,20201107,4,83
12837,2,A,0,505050202050,20201107,4,84
12838,1,A,1,505050202050,20201107,4,85
12839,2,A,0,505050202050,20201107,4,86
12840,1,A,0,505050202050,20201107,4,87
12841,2,A,1,505050202050,20201107,4,88
12842,1,A,0,505050202050,20201107,4,89
12843,2,A,1,505050202050,20201107,4,90
12844,1,A,1,505050202050,20201107,4,91
12845,2,A,1,505050202050,20201107,4,92
12846,1,A,0,505050202050,20201107,4,93
12847,2,A,0,505050202050,20201107,4,94
12848,1,A,0,505050202050,20201107,4,95
12849,2,A,0,505050202050,20201107,4,96
12850,4,B,1,505050202050,20201107,4,97
12851,3,B,1,505050202050,20201107,4,98
12852,4,B,1,505050202050,20201107,4,99
12853,3,B,0,505050202050,20201107,4,100
12854,4,B,1,505050202050,20201107,4,101
12855,3,B,1,505050202050,20201107,4,102
12856,4,B,0,505050202050,20201107,4,103
12857,3,B,1,505050202050,20201107,4,104
12858,4,B,0,505050202050,20201107,4,105
12859,3,B,0,505050202050,20201107,4,106
12860,4,B,0,505050202050,20201107,4,107
12861,3,B,1,505050202050,20201107,4,108
12862,4,B,1,505050202050,20201107,4,109
12863,3,B,0,505050202050,20201107,4,110
12864,4,B,1,505050202050,20201107,4,111
12865,3,B,1,505050202050,20201107,4,112
12866,4,B,0,505050202050,20201107,4,113
12867,3,B,0,505050202050,20201107,4,114
12868,4,B,0,505050202050,20201107,4,115
12869,3,B,0,505050202050,20201107,4,116
12870,4,B,0,505050202050,20201107,4,117
12871,3,B,0,505050202050,20201107,4,118
12872,4,B,0,505050202050,20201107,4,119
12873,3,B,0,202050802020,20201107,4,120
12874,4,B,0,202050802020,20201107,4,121
12875,3,B,0,202050802020,20201107,4,122
12876,2,A,0,202050802020,20201107,4,123
12877,1,A,0,202050802020,20201107,4,124
12878,2,A,0,202050802020,20201107,4,125
12879,1,A,0,202050802020,20201107,4,126
12880,2,A,1,202050802020,20201107,4,127
12881,1,A,0,202050802020,20201107,4,128
12882,2,A,0,202050802020,20201107,4,129
12883,5,C,1,202050802020,20201107,4,130
12884,6,C,0,202050802020,20201107,4,131
12885,5,C,1,202050802020,20201107,4,132
12886,6,C,0,202050802020,20201107,4,133
12887,5,C,0,202050802020,20201107,4,134
12888,6,C,1,202050802020,20201107,4,135
12889,5,C,0,202050802020,20201107,4,136
12890,6,C,0,202050802020,20201107,4,137
12891,5,C,0,202050802020,20201107,4,138
12892,2,A,0,202050802020,20201107,4,139
12893,1,A,0,202050802020,20201107,4,140
12894,2,A,0,202050802020,20201107,4,141
12895,4,B,0,202050802020,20201107,4,142
12896,3,B,0,202050802020,20201107,4,143
12897,4,B,1,202050802020,20201107,4,144
12898,3,B,1,202050802020,20201107,4,145
12899,4,B,1,202050802020,20201107,4,146
12900,3,B,1,202050802020,20201107,4,147
12901,4,B,1,202050802020,20201107,4,148
12902,3,B,0,202050802020,20201107,4,149
12903,4,B,1,202050802020,20201107,4,150
12904,3,B,1,202050802020,20201107,4,151
12905,4,B,1,202050802020,20201107,4,152
12906,3,B,1,202050802020,20201107,4,153
12907,4,B,0,202050802020,20201107,4,154
12908,3,B,0,202050802020,20201107,4,155
12909,4,B,1,202050802020,20201107,4,156
12910,3,B,1,202050802020,20201107,4,157
12911,4,B,1,202050802020,20201107,4,158
12912,3,B,1,202050802020,20201107,4,159
12913,4,B,1,202050802020,20201107,4,160
12914,3,B,0,202050802020,20201107,4,161
12915,4,B,1,202050802020,20201107,4,162
12916,3,B,0,202050802020,20201107,4,163
12917,4,B,0,202050802020,20201107,4,164
12918,3,B,0,202050802020,20201107,4,165
12919,4,B,1,202050802020,20201107,4,166
12920,3,B,0,202050802020,20201107,4,167
12921,4,B,1,202050802020,20201107,4,168
12922,3,B,0,202050802020,20201107,4,169
12923,4,B,1,202050802020,20201107,4,170
12924,3,B,0,202050802020,20201107,4,171
12925,4,B,1,202050802020,20201107,4,172
12926,3,B,1,202050802020,20201107,4,173
12927,4,B,1,202050802020,20201107,4,174
12928,3,B,0,202050802020,20201107,4,175
12929,4,B,0,202050802020,20201107,4,176
12930,3,B,0,202050802020,20201107,4,177
12931,4,B,1,202050802020,20201107,4,178
12932,3,B,1,202050802020,20201107,4,179
12933,4,B,0,805020205020,20201107,5,0
12934,3,B,1,805020205020,20201107,5,1
12935,4,B,0,805020205020,20201107,5,2
12936,3,B,1,805020205020,20201107,5,3
12937,2,A,0,805020205020,20201107,5,4
12938,1,A,1,805020205020,20201107,5,5
12939,2,A,1,805020205020,20201107,5,6
12940,1,A,1,805020205020,20201107,5,7
12941,2,A,1,805020205020,20201107,5,8
12942,1,A,1,805020205020,20201107,5,9
12943,2,A,1,805020205020,20201107,5,10
12944,1,A,1,805020205020,20201107,5,11
12945,2,A,0,805020205020,20201107,5,12
12946,1,A,1,805020205020,20201107,5,13
12947,2,A,0,805020205020,20201107,5,14
12948,1,A,0,805020205020,20201107,5,15
12949,2,A,0,805020205020,20201107,5,16
12950,5,C,1,805020205020,20201107,5,17
12951,6,C,0,805020205020,20201107,5,18
12952,5,C,1,805020205020,20201107,5,19
12953,6,C,0,805020205020,20201107,5,20
12954,5,C,0,805020205020,20201107,5,21
12955,6,C,0,805020205020,20201107,5,22
12956,5,C,0,805020205020,20201107,5,23
12957,4,B,0,805020205020,20201107,5,24
12958,3,B,0,805020205020,20201107,5,25
12959,4,B,0,805020205020,20201107,5,26
12960,3,B,0,805020205020,20201107,5,27
12961,4,B,0,805020205020,20201107,5,28
12962,3,B,0,805020205020,20201107,5,29
12963,2,A,0,805020205020,20201107,5,30
12964,1,A,1,805020205020,20201107,5,31
12965,2,A,1,805020205020,20201107,5,32
12966,1,A,1,805020205020,20201107,5,33
12967,2,A,0,805020205020,20201107,5,34
12968,1,A,1,805020205020,20201107,5,35
12969,2,A,0,805020205020,20201107,5,36
12970,1,A,1,805020205020,20201107,5,37
12971,2,A,1,805020205020,20201107,5,38
12972,1,A,1,805020205020,20201107,5,39
12973,2,A,1,805020205020,20201107,5,40
12974,1,A,1,805020205020,20201107,5,41
12975,2,A,1,805020205020,20201107,5,42
12976,1,A,1,805020205020,20201107,5,43
12977,2,A,1,805020205020,20201107,5,44
12978,1,A,1,805020205020,20201107,5,45
12979,2,A,0,805020205020,20201107,5,46
12980,1,A,1,805020205020,20201107,5,47
12981,2,A,1,805020205020,20201107,5,48
12982,1,A,0,805020205020,20201107,5,49
12983,2,A,1,805020205020,20201107,5,50
12984,1,A,0,805020205020,20201107,5,51
12985,2,A,1,805020205020,20201107,5,52
12986,1,A,1,805020205020,20201107,5,53
12987,2,A,0,805020205020,20201107,5,54
12988,1,A,1,805020205020,20201107,5,55
12989,2,A,0,805020205020,20201107,5,56
12990,1,A,1,805020205020,20201107,5,57
12991,2,A,1,805020205020,20201107,5,58
12992,1,A,1,805020205020,20201107,5,59
12993,2,A,0,202020808050,20201107,5,60
12994,1,A,0,202020808050,20201107,5,61
12995,2,A,1,202020808050,20201107,5,62
12996,1,A,0,202020808050,20201107,5,63
12997,2,A,0,202020808050,20201107,5,64
12998,1,A,0,202020808050,20201107,5,65
12999,2,A,0,202020808050,20201107,5,66
13000,5,C,1,202020808050,20201107,5,67
13001,6,C,1,202020808050,20201107,5,68
13002,5,C,1,202020808050,20201107,5,69
13003,6,C,0,202020808050,20201107,5,70
13004,5,C,1,202020808050,20201107,5,71
13005,6,C,1,202020808050,20201107,5,72
13006,5,C,1,202020808050,20201107,5,73
13007,6,C,0,202020808050,20201107,5,74
13008,5,C,1,202020808050,20201107,5,75
13009,6,C,0,202020808050,20201107,5,76
13010,5,C,1,202020808050,20201107,5,77
13011,6,C,0,202020808050,20201107,5,78
13012,5,C,1,202020808050,20201107,5,79
13013,6,C,0,202020808050,20201107,5,80
13014,5,C,1,202020808050,20201107,5,81
13015,6,C,1,202020808050,20201107,5,82
13016,5,C,1,202020808050,20201107,5,83
13017,6,C,1,202020808050,20201107,5,84
13018,5,C,0,202020808050,20201107,5,85
13019,6,C,1,202020808050,20201107,5,86
13020,5,C,1,202020808050,20201107,5,87
13021,6,C,0,202020808050,20201107,5,88
13022,5,C,1,202020808050,20201107,5,89
13023,6,C,0,202020808050,20201107,5,90
13024,5,C,1,202020808050,20201107,5,91
13025,6,C,1,202020808050,20201107,5,92
13026,5,C,1,202020808050,20201107,5,93
13027,6,C,1,202020808050,20201107,5,94
13028,5,C,1,202020808050,20201107,5,95
13029,6,C,1,202020808050,20201107,5,96
13030,5,C,1,202020808050,20201107,5,97
13031,6,C,0,202020808050,20201107,5,98
13032,5,C,1,202020808050,20201107,5,99
13033,6,C,0,202020808050,20201107,5,100
13034,5,C,1,202020808050,20201107,5,101
13035,6,C,0,202020808050,20201107,5,102
13036,5,C,1,202020808050,20201107,5,103
13037,6,C,1,202020808050,20201107,5,104
13038,5,C,1,202020808050,20201107,5,105
13039,6,C,1,202020808050,20201107,5,106
13040,5,C,0,202020808050,20201107,5,107
13041,6,C,0,202020808050,20201107,5,108
13042,5,C,1,202020808050,20201107,5,109
13043,6,C,1,202020808050,20201107,5,110
13044,5,C,1,202020808050,20201107,5,111
13045,6,C,0,202020808050,20201107,5,112
13046,5,C,1,202020808050,20201107,5,113
13047,6,C,1,202020808050,20201107,5,114
13048,5,C,1,202020808050,20201107,5,115
13049,6,C,1,202020808050,20201107,5,116
13050,5,C,1,202020808050,20201107,5,117
13051,6,C,1,202020808050,20201107,5,118
13052,5,C,1,202020808050,20201107,5,119
13053,6,C,0,505020202050,20201107,5,120
13054,5,C,0,505020202050,20201107,5,121
13055,6,C,1,505020202050,20201107,5,122
13056,5,C,0,505020202050,20201107,5,123
13057,6,C,1,505020202050,20201107,5,124
13058,5,C,0,505020202050,20201107,5,125
13059,6,C,0,505020202050,20201107,5,126
13060,5,C,0,505020202050,20201107,5,127
13061,6,C,1,505020202050,20201107,5,128
13062,5,C,0,505020202050,20201107,5,129
13063,6,C,0,505020202050,20201107,5,130
13064,5,C,1,505020202050,20201107,5,131
13065,6,C,1,505020202050,20201107,5,132
13066,5,C,1,505020202050,20201107,5,133
13067,6,C,0,505020202050,20201107,5,134
13068,5,C,0,505020202050,20201107,5,135
13069,6,C,1,505020202050,20201107,5,136
13070,5,C,1,505020202050,20201107,5,137
13071,6,C,1,505020202050,20201107,5,138
13072,5,C,0,505020202050,20201107,5,139
13073,6,C,1,505020202050,20201107,5,140
13074,5,C,0,505020202050,20201107,5,141
13075,6,C,0,505020202050,20201107,5,142
13076,5,C,0,505020202050,20201107,5,143
13077,6,C,0,505020202050,20201107,5,144
13078,5,C,1,505020202050,20201107,5,145
13079,6,C,0,505020202050,20201107,5,146
13080,5,C,0,505020202050,20201107,5,147
13081,2,A,1,505020202050,20201107,5,148
13082,1,A,1,505020202050,20201107,5,149
13083,2,A,0,505020202050,20201107,5,150
13084,1,A,1,505020202050,20201107,5,151
13085,2,A,1,505020202050,20201107,5,152
13086,1,A,1,505020202050,20201107,5,153
13087,2,A,0,505020202050,20201107,5,154
13088,1,A,0,505020202050,20201107,5,155
13089,2,A,1,505020202050,20201107,5,156
13090,1,A,0,505020202050,20201107,5,157
13091,2,A,0,505020202050,20201107,5,158
13092,1,A,0,505020202050,20201107,5,159
13093,2,A,0,505020202050,20201107,5,160
13094,1,A,0,505020202050,20201107,5,161
13095,2,A,0,505020202050,20201107,5,162
13096,4,B,0,505020202050,20201107,5,163
13097,3,B,1,505020202050,20201107,5,164
13098,4,B,0,505020202050,20201107,5,165
13099,3,B,1,505020202050,20201107,5,166
13100,4,B,0,505020202050,20201107,5,167
13101,3,B,0,505020202050,20201107,5,168
13102,4,B,0,505020202050,20201107,5,169
13103,3,B,0,505020202050,20201107,5,170
13104,4,B,0,505020202050,20201107,5,171
13105,3,B,0,505020202050,20201107,5,172
13106,2,A,0,505020202050,20201107,5,173
13107,1,A,1,505020202050,20201107,5,174
13108,2,A,1,505020202050,20201107,5,175
13109,1,A,1,505020202050,20201107,5,176
13110,2,A,0,505020202050,20201107,5,177
13111,1,A,0,505020202050,20201107,5,178
13112,2,A,1,505020202050,20201107,5,179
13113,4,B,1,202020505080,20201107,6,0
13114,3,B,0,202020505080,20201107,6,1
13115,4,B,1,202020505080,20201107,6,2
13116,3,B,1,202020505080,20201107,6,3
13117,4,B,0,202020505080,20201107,6,4
13118,3,B,0,202020505080,20201107,6,5
13119,2,A,0,202020505080,20201107,6,6
13120,1,A,0,202020505080,20201107,6,7
13121,2,A,0,202020505080,20201107,6,8
13122,1,A,0,202020505080,20201107,6,9
13123,2,A,1,202020505080,20201107,6,10
13124,1,A,0,202020505080,20201107,6,11
13125,2,A,1,202020505080,20201107,6,12
13126,5,C,0,202020505080,20201107,6,13
13127,6,C,1,202020505080,20201107,6,14
13128,5,C,1,202020505080,20201107,6,15
13129,6,C,1,202020505080,20201107,6,16
13130,5,C,1,202020505080,20201107,6,17
13131,6,C,1,202020505080,20201107,6,18
13132,5,C,0,202020505080,20201107,6,19
13133,6,C,0,202020505080,20201107,6,20
13134,5,C,0,202020505080,20201107,6,21
13135,6,C,1,202020505080,20201107,6,22
13136,5,C,1,202020505080,20201107,6,23
13137,6,C,0,202020505080,20201107,6,24
13138,5,C,1,202020505080,20201107,6,25
13139,6,C,1,202020505080,20201107,6,26
13140,5,C,0,202020505080,20201107,6,27
13141,6,C,1,202020505080,20201107,6,28
13142,5,C,1,202020505080,20201107,6,29
13143,6,C,1,202020505080,20201107,6,30
13144,5,C,1,202020505080,20201107,6,31
13145,6,C,1,202020505080,20201107,6,32
13146,5,C,1,202020505080,20201107,6,33
13147,6,C,0,202020505080,20201107,6,34
13148,5,C,1,202020505080,20201107,6,35
13149,6,C,1,202020505080,20201107,6,36
13150,5,C,0,202020505080,20201107,6,37
13151,6,C,1,202020505080,20201107,6,38
13152,5,C,1,202020505080,20201107,6,39
13153,6,C,1,202020505080,20201107,6,40
13154,5,C,0,202020505080,20201107,6,41
13155,6,C,1,202020505080,20201107,6,42
13156,5,C,1,202020505080,20201107,6,43
13157,6,C,0,202020505080,20201107,6,44
13158,5,C,1,202020505080,20201107,6,45
13159,6,C,1,202020505080,20201107,6,46
13160,5,C,1,202020505080,20201107,6,47
13161,6,C,1,202020505080,20201107,6,48
13162,5,C,0,202020505080,20201107,6,49
13163,6,C,1,202020505080,20201107,6,50
13164,5,C,1,202020505080,20201107,6,51
13165,6,C,0,202020505080,20201107,6,52
13166,5,C,1,202020505080,20201107,6,53
13167,6,C,1,202020505080,20201107,6,54
13168,5,C,1,202020505080,20201107,6,55
13169,6,C,1,202020505080,20201107,6,56
13170,5,C,0,202020505080,20201107,6,57
13171,6,C,0,202020505080,20201107,6,58
13172,5,C,0,202020505080,20201107,6,59
13173,6,C,1,502080502020,20201107,6,60
13174,5,C,0,502080502020,20201107,6,61
13175,6,C,0,502080502020,20201107,6,62
13176,5,C,1,502080502020,20201107,6,63
13177,6,C,0,502080502020,20201107,6,64
13178,5,C,0,502080502020,20201107,6,65
13179,6,C,0,502080502020,20201107,6,66
13180,5,C,1,502080502020,20201107,6,67
13181,6,C,1,502080502020,20201107,6,68
13182,5,C,0,502080502020,20201107,6,69
13183,6,C,0,502080502020,20201107,6,70
13184,5,C,0,502080502020,20201107,6,71
13185,3,B,1,502080502020,20201107,6,72
13186,4,B,1,502080502020,20201107,6,73
13187,3,B,1,502080502020,20201107,6,74
13188,4,B,1,502080502020,20201107,6,75
13189,3,B,1,502080502020,20201107,6,76
13190,4,B,0,502080502020,20201107,6,77
13191,3,B,0,502080502020,20201107,6,78
13192,4,B,1,502080502020,20201107,6,79
13193,3,B,1,502080502020,20201107,6,80
13194,4,B,0,502080502020,20201107,6,81
13195,3,B,1,502080502020,20201107,6,82
13196,4,B,0,502080502020,20201107,6,83
13197,3,B,0,502080502020,20201107,6,84
13198,4,B,0,502080502020,20201107,6,85
13199,3,B,1,502080502020,20201107,6,86
13200,4,B,0,502080502020,20201107,6,87
13201,3,B,0,502080502020,20201107,6,88
13202,4,B,0,502080502020,20201107,6,89
13203,3,B,1,502080502020,20201107,6,90
13204,4,B,1,502080502020,20201107,6,91
13205,3,B,1,502080502020,20201107,6,92
13206,4,B,0,502080502020,20201107,6,93
13207,3,B,1,502080502020,20201107,6,94
13208,4,B,0,502080502020,20201107,6,95
13209,3,B,1,502080502020,20201107,6,96
13210,4,B,1,502080502020,20201107,6,97
13211,3,B,0,502080502020,20201107,6,98
13212,4,B,1,502080502020,20201107,6,99
13213,3,B,1,502080502020,20201107,6,100
13214,4,B,0,502080502020,20201107,6,101
13215,3,B,1,502080502020,20201107,6,102
13216,4,B,0,502080502020,20201107,6,103
13217,3,B,1,502080502020,20201107,6,104
13218,4,B,1,502080502020,20201107,6,105
13219,3,B,1,502080502020,20201107,6,106
13220,4,B,0,502080502020,20201107,6,107
13221,3,B,1,502080502020,20201107,6,108
13222,4,B,1,502080502020,20201107,6,109
13223,3,B,1,502080502020,20201107,6,110
13224,4,B,0,502080502020,20201107,6,111
13225,3,B,1,502080502020,20201107,6,112
13226,4,B,0,502080502020,20201107,6,113
13227,3,B,1,502080502020,20201107,6,114
13228,4,B,1,502080502020,20201107,6,115
13229,3,B,1,502080502020,20201107,6,116
13230,4,B,1,502080502020,20201107,6,117
13231,3,B,1,502080502020,20201107,6,118
13232,4,B,0,502080502020,20201107,6,119
13233,3,B,0,508020208020,20201107,6,120
13234,4,B,0,508020208020,20201107,6,121
13235,3,B,0,508020208020,20201107,6,122
13236,4,B,0,508020208020,20201107,6,123
13237,3,B,1,508020208020,20201107,6,124
13238,4,B,0,508020208020,20201107,6,125
13239,3,B,0,508020208020,20201107,6,126
13240,4,B,0,508020208020,20201107,6,127
13241,3,B,1,508020208020,20201107,6,128
13242,4,B,0,508020208020,20201107,6,129
13243,3,B,1,508020208020,20201107,6,130
13244,4,B,0,508020208020,20201107,6,131
13245,3,B,0,508020208020,20201107,6,132
13246,4,B,0,508020208020,20201107,6,133
13247,3,B,0,508020208020,20201107,6,134
13248,4,B,0,508020208020,20201107,6,135
13249,3,B,0,508020208020,20201107,6,136
13250,2,A,1,508020208020,20201107,6,137
13251,1,A,1,508020208020,20201107,6,138
13252,2,A,0,508020208020,20201107,6,139
13253,1,A,1,508020208020,20201107,6,140
13254,2,A,1,508020208020,20201107,6,141
13255,1,A,0,508020208020,20201107,6,142
13256,2,A,1,508020208020,20201107,6,143
13257,1,A,1,508020208020,20201107,6,144
13258,2,A,1,508020208020,20201107,6,145
13259,1,A,1,508020208020,20201107,6,146
13260,2,A,1,508020208020,20201107,6,147
13261,1,A,0,508020208020,20201107,6,148
13262,2,A,1,508020208020,20201107,6,149
13263,1,A,1,508020208020,20201107,6,150
13264,2,A,0,508020208020,20201107,6,151
13265,1,A,0,508020208020,20201107,6,152
13266,2,A,1,508020208020,20201107,6,153
13267,1,A,1,508020208020,20201107,6,154
13268,2,A,1,508020208020,20201107,6,155
13269,1,A,1,508020208020,20201107,6,156
13270,2,A,0,508020208020,20201107,6,157
13271,1,A,1,508020208020,20201107,6,158
13272,2,A,1,508020208020,20201107,6,159
13273,1,A,0,508020208020,20201107,6,160
13274,2,A,0,508020208020,20201107,6,161
13275,1,A,0,508020208020,20201107,6,162
13276,2,A,1,508020208020,20201107,6,163
13277,1,A,1,508020208020,20201107,6,164
13278,2,A,0,508020208020,20201107,6,165
13279,1,A,1,508020208020,20201107,6,166
13280,2,A,1,508020208020,20201107,6,167
13281,1,A,0,508020208020,20201107,6,168
13282,2,A,1,508020208020,20201107,6,169
13283,1,A,0,508020208020,20201107,6,170
13284,2,A,1,508020208020,20201107,6,171
13285,1,A,1,508020208020,20201107,6,172
13286,2,A,1,508020208020,20201107,6,173
13287,1,A,0,508020208020,20201107,6,174
13288,2,A,1,508020208020,20201107,6,175
13289,1,A,0,508020208020,20201107,6,176
13290,2,A,0,508020208020,20201107,6,177
13291,1,A,1,508020208020,20201107,6,178
13292,2,A,1,508020208020,20201107,6,179
