,leaf,stem,reward,contingency,date,session,trial
0,1,A,1,805020802050,20200303,1,0
1,2,A,0,645020802050,20200303,1,1
2,1,A,1,644020802050,20200303,1,2
3,2,A,1,514020802050,20200303,1,3
4,1,A,0,513220802050,20200303,1,4
5,2,A,0,403220802050,20200303,1,5
6,1,A,1,402520802050,20200303,1,6
7,2,A,0,322520802050,20200303,1,7
8,5,C,0,805020802050,20200303,1,8
9,6,C,0,805020801650,20200303,1,9
10,5,C,0,805020801640,20200303,1,10
11,6,C,0,805020801240,20200303,1,11
12,5,C,0,805020801232,20200303,1,12
13,4,B,1,805020802050,20200303,1,13
14,3,B,0,805020642050,20200303,1,14
15,4,B,1,805016642050,20200303,1,15
16,3,B,0,805016512050,20200303,1,16
17,4,B,0,805012512050,20200303,1,17
18,1,A,1,805020802050,20200303,1,18
19,2,A,0,645020802050,20200303,1,19
20,1,A,0,644020802050,20200303,1,20
21,2,A,1,514020802050,20200303,1,21
22,1,A,1,513220802050,20200303,1,22
23,2,A,0,403220802050,20200303,1,23
24,1,A,0,402520802050,20200303,1,24
25,2,A,0,322520802050,20200303,1,25
26,1,A,1,322020802050,20200303,1,26
27,2,A,1,262020802050,20200303,1,27
28,1,A,0,261620802050,20200303,1,28
29,2,A,0,201620802050,20200303,1,29
30,5,C,1,805020802050,20200303,1,30
31,6,C,1,805020801650,20200303,1,31
32,5,C,0,805020801640,20200303,1,32
33,6,C,1,805020801240,20200303,1,33
34,5,C,0,805020801232,20200303,1,34
35,6,C,0,805020801032,20200303,1,35
36,5,C,1,805020801025,20200303,1,36
37,6,C,1,805020800825,20200303,1,37
38,5,C,0,805020800820,20200303,1,38
39,6,C,0,805020800620,20200303,1,39
40,5,C,0,805020800616,20200303,1,40
41,6,C,0,805020800516,20200303,1,41
42,5,C,0,805020800513,20200303,1,42
43,6,C,0,805020800413,20200303,1,43
44,5,C,0,805020800410,20200303,1,44
45,6,C,0,805020800310,20200303,1,45
46,4,B,1,805020802050,20200303,1,46
47,3,B,0,805020642050,20200303,1,47
48,4,B,1,805016642050,20200303,1,48
49,3,B,0,805016512050,20200303,1,49
50,4,B,1,805012512050,20200303,1,50
51,3,B,0,805012402050,20200303,1,51
52,4,B,0,805010402050,20200303,1,52
53,3,B,0,805010322050,20200303,1,53
54,4,B,0,805008322050,20200303,1,54
55,3,B,0,805008262050,20200303,1,55
56,4,B,0,805006262050,20200303,1,56
57,1,A,1,805020802050,20200303,1,57
58,2,A,1,645020802050,20200303,1,58
59,1,A,1,644020802050,20200303,1,59
60,2,A,1,514020802050,20200303,1,60
61,1,A,1,513220802050,20200303,1,61
62,2,A,0,403220802050,20200303,1,62
63,1,A,0,402520802050,20200303,1,63
64,2,A,1,322520802050,20200303,1,64
65,1,A,1,322020802050,20200303,1,65
66,2,A,0,262020802050,20200303,1,66
67,1,A,0,261620802050,20200303,1,67
68,2,A,0,201620802050,20200303,1,68
69,1,A,1,201320802050,20200303,1,69
70,2,A,0,161320802050,20200303,1,70
71,1,A,1,161020802050,20200303,1,71
72,2,A,0,131020802050,20200303,1,72
73,1,A,0,130820802050,20200303,1,73
74,2,A,0,100820802050,20200303,1,74
75,1,A,1,100620802050,20200303,1,75
76,2,A,0,080620802050,20200303,1,76
77,5,C,0,805020802050,20200303,1,77
78,6,C,1,805020801650,20200303,1,78
79,5,C,0,805020801640,20200303,1,79
80,6,C,1,805020801240,20200303,1,80
81,5,C,0,805020801232,20200303,1,81
82,6,C,0,805020801032,20200303,1,82
83,5,C,0,805020801025,20200303,1,83
84,6,C,0,805020800825,20200303,1,84
85,5,C,0,805020800820,20200303,1,85
86,6,C,0,805020800620,20200303,1,86
87,4,B,1,805020802050,20200303,1,87
88,3,B,0,805020642050,20200303,1,88
89,4,B,0,805016642050,20200303,1,89
90,1,A,1,805020802050,20200303,1,90
91,2,A,0,645020802050,20200303,1,91
92,1,A,1,644020802050,20200303,1,92
93,2,A,0,514020802050,20200303,1,93
94,1,A,1,513220802050,20200303,1,94
95,2,A,1,403220802050,20200303,1,95
96,1,A,0,402520802050,20200303,1,96
97,2,A,0,322520802050,20200303,1,97
98,1,A,1,322020802050,20200303,1,98
99,2,A,0,262020802050,20200303,1,99
100,1,A,0,261620802050,20200303,1,100
101,2,A,0,201620802050,20200303,1,101
102,1,A,0,201320802050,20200303,1,102
103,2,A,0,161320802050,20200303,1,103
104,1,A,0,161020802050,20200303,1,104
105,2,A,0,131020802050,20200303,1,105
106,1,A,0,130820802050,20200303,1,106
107,2,A,0,100820802050,20200303,1,107
108,5,C,0,805020802050,20200303,1,108
109,6,C,1,805020801650,20200303,1,109
110,5,C,1,805020801640,20200303,1,110
111,6,C,0,805020801240,20200303,1,111
112,5,C,1,805020801232,20200303,1,112
113,6,C,0,805020801032,20200303,1,113
114,5,C,1,805020801025,20200303,1,114
115,6,C,0,805020800825,20200303,1,115
116,5,C,0,805020800820,20200303,1,116
117,6,C,1,805020800620,20200303,1,117
118,5,C,0,805020800616,20200303,1,118
119,6,C,0,805020800516,20200303,1,119
120,5,C,0,805020800513,20200303,1,120
121,6,C,0,805020800413,20200303,1,121
122,5,C,0,805020800410,20200303,1,122
123,6,C,0,805020800310,20200303,1,123
124,4,B,1,805020802050,20200303,1,124
125,3,B,1,805020642050,20200303,1,125
126,4,B,1,805016642050,20200303,1,126
127,3,B,1,805016512050,20200303,1,127
128,4,B,1,805012512050,20200303,1,128
129,3,B,0,805012402050,20200303,1,129
130,4,B,0,805010402050,20200303,1,130
131,3,B,0,805010322050,20200303,1,131
132,4,B,1,805008322050,20200303,1,132
133,3,B,0,805008262050,20200303,1,133
134,4,B,0,805006262050,20200303,1,134
135,3,B,0,805006202050,20200303,1,135
136,4,B,1,805005202050,20200303,1,136
137,3,B,0,805005162050,20200303,1,137
138,4,B,0,805004162050,20200303,1,138
139,3,B,0,805004132050,20200303,1,139
140,4,B,0,805003132050,20200303,1,140
141,1,A,1,805020802050,20200303,1,141
142,2,A,0,645020802050,20200303,1,142
143,1,A,1,644020802050,20200303,1,143
144,2,A,1,514020802050,20200303,1,144
145,1,A,1,513220802050,20200303,1,145
146,2,A,0,403220802050,20200303,1,146
147,1,A,0,402520802050,20200303,1,147
148,2,A,1,322520802050,20200303,1,148
149,1,A,0,322020802050,20200303,1,149
150,2,A,0,262020802050,20200303,1,150
151,1,A,1,261620802050,20200303,1,151
152,2,A,0,201620802050,20200303,1,152
153,1,A,0,201320802050,20200303,1,153
154,2,A,0,161320802050,20200303,1,154
155,1,A,0,161020802050,20200303,1,155
156,2,A,0,131020802050,20200303,1,156
157,1,A,0,130820802050,20200303,1,157
158,2,A,0,100820802050,20200303,1,158
159,1,A,0,100620802050,20200303,1,159
160,2,A,0,080620802050,20200303,1,160
161,5,C,1,805020802050,20200303,1,161
162,6,C,1,805020801650,20200303,1,162
163,5,C,0,805020801640,20200303,1,163
164,6,C,0,805020801240,20200303,1,164
165,5,C,0,805020801232,20200303,1,165
166,6,C,0,805020801032,20200303,1,166
167,5,C,0,805020801025,20200303,1,167
168,6,C,0,805020800825,20200303,1,168
169,5,C,0,805020800820,20200303,1,169
170,6,C,1,805020800620,20200303,1,170
171,5,C,0,805020800616,20200303,1,171
172,6,C,0,805020800516,20200303,1,172
173,5,C,0,805020800513,20200303,1,173
174,6,C,0,805020800413,20200303,1,174
175,5,C,0,805020800410,20200303,1,175
176,6,C,0,805020800310,20200303,1,176
177,4,B,1,805020802050,20200303,1,177
178,3,B,0,805020642050,20200303,1,178
179,4,B,1,805016642050,20200303,1,179
180,3,B,1,805016512050,20200303,1,180
181,4,B,0,805012512050,20200303,1,181
182,3,B,1,805012402050,20200303,1,182
183,4,B,1,805010402050,20200303,1,183
184,3,B,0,805010322050,20200303,1,184
185,4,B,0,805008322050,20200303,1,185
186,3,B,1,805008262050,20200303,1,186
187,4,B,0,805006262050,20200303,1,187
188,3,B,0,805006202050,20200303,1,188
189,4,B,0,805005202050,20200303,1,189
190,3,B,0,805005162050,20200303,1,190
191,4,B,0,805004162050,20200303,1,191
192,3,B,0,805004132050,20200303,1,192
193,4,B,0,805003132050,20200303,1,193
194,1,A,1,805020802050,20200303,1,194
195,2,A,0,645020802050,20200303,1,195
196,1,A,1,644020802050,20200303,1,196
197,2,A,1,514020802050,20200303,1,197
198,1,A,1,513220802050,20200303,1,198
199,2,A,1,403220802050,20200303,1,199
200,1,A,1,402520802050,20200303,1,200
201,2,A,0,322520802050,20200303,1,201
202,1,A,0,322020802050,20200303,1,202
203,2,A,0,262020802050,20200303,1,203
204,1,A,0,261620802050,20200303,1,204
205,2,A,0,201620802050,20200303,1,205
206,1,A,0,201320802050,20200303,1,206
207,2,A,0,161320802050,20200303,1,207
208,1,A,0,161020802050,20200303,1,208
209,2,A,1,131020802050,20200303,1,209
210,1,A,0,130820802050,20200303,1,210
211,2,A,0,100820802050,20200303,1,211
212,1,A,0,100620802050,20200303,1,212
213,2,A,1,080620802050,20200303,1,213
214,1,A,0,080520802050,20200303,1,214
215,2,A,0,060520802050,20200303,1,215
216,1,A,0,060420802050,20200303,1,216
217,2,A,0,050420802050,20200303,1,217
218,5,C,1,805020802050,20200303,1,218
219,6,C,0,805020801650,20200303,1,219
220,5,C,0,805020801640,20200303,1,220
221,6,C,0,805020801240,20200303,1,221
222,5,C,0,805020801232,20200303,1,222
223,6,C,0,805020801032,20200303,1,223
224,5,C,0,805020801025,20200303,1,224
225,6,C,0,805020800825,20200303,1,225
226,5,C,0,805020800820,20200303,1,226
227,6,C,0,805020800620,20200303,1,227
228,4,B,1,805020802050,20200303,1,228
229,3,B,0,805020642050,20200303,1,229
230,4,B,0,805016642050,20200303,1,230
231,3,B,1,805016512050,20200303,1,231
232,4,B,0,805012512050,20200303,1,232
233,3,B,0,805012402050,20200303,1,233
234,4,B,0,805010402050,20200303,1,234
235,3,B,0,805010322050,20200303,1,235
236,4,B,1,805008322050,20200303,1,236
237,3,B,0,805008262050,20200303,1,237
238,4,B,0,805006262050,20200303,1,238
239,3,B,0,805006202050,20200303,1,239
240,4,B,0,805005202050,20200303,1,240
241,3,B,0,805005162050,20200303,1,241
242,4,B,0,805004162050,20200303,1,242
243,1,A,1,805020802050,20200303,1,243
244,2,A,1,645020802050,20200303,1,244
245,1,A,1,644020802050,20200303,1,245
246,2,A,0,514020802050,20200303,1,246
247,1,A,1,513220802050,20200303,1,247
248,2,A,1,403220802050,20200303,1,248
249,1,A,1,402520802050,20200303,1,249
250,2,A,0,322520802050,20200303,1,250
251,1,A,0,322020802050,20200303,1,251
252,2,A,1,262020802050,20200303,1,252
253,1,A,0,261620802050,20200303,1,253
254,2,A,0,201620802050,20200303,1,254
255,1,A,1,201320802050,20200303,1,255
256,2,A,1,161320802050,20200303,1,256
257,1,A,0,161020802050,20200303,1,257
258,2,A,0,131020802050,20200303,1,258
259,1,A,0,130820802050,20200303,1,259
260,2,A,0,100820802050,20200303,1,260
261,1,A,0,100620802050,20200303,1,261
262,2,A,0,080620802050,20200303,1,262
263,5,C,0,805020802050,20200303,1,263
264,6,C,0,805020801650,20200303,1,264
265,5,C,0,805020801640,20200303,1,265
266,6,C,0,805020801240,20200303,1,266
267,5,C,0,805020801232,20200303,1,267
268,6,C,0,805020801032,20200303,1,268
269,5,C,0,805020801025,20200303,1,269
270,6,C,0,805020800825,20200303,1,270
271,4,B,0,805020802050,20200303,1,271
272,3,B,0,805020642050,20200303,1,272
273,4,B,1,805016642050,20200303,1,273
274,3,B,0,805016512050,20200303,1,274
275,4,B,0,805012512050,20200303,1,275
276,3,B,0,805012402050,20200303,1,276
277,4,B,0,805010402050,20200303,1,277
278,3,B,0,805010322050,20200303,1,278
279,4,B,0,805008322050,20200303,1,279
280,3,B,0,805008262050,20200303,1,280
281,4,B,1,805006262050,20200303,1,281
282,3,B,0,805006202050,20200303,1,282
283,4,B,0,805005202050,20200303,1,283
284,3,B,0,805005162050,20200303,1,284
285,4,B,0,805004162050,20200303,1,285
286,3,B,0,805004132050,20200303,1,286
287,4,B,1,805003132050,20200303,1,287
288,3,B,0,805003102050,20200303,1,288
289,4,B,0,805002102050,20200303,1,289
290,3,B,0,805002082050,20200303,1,290
291,4,B,0,805002082050,20200303,1,291
292,3,B,0,805002062050,20200303,1,292
293,4,B,1,805001062050,20200303,1,293
294,3,B,0,805001052050,20200303,1,294
295,4,B,0,805001052050,20200303,1,295
296,3,B,0,805001042050,20200303,1,296
297,4,B,0,805001042050,20200303,1,297
298,3,B,0,805001032050,20200303,1,298
299,4,B,0,805000032050,20200303,1,299
300,1,A,1,805020802050,20200303,1,300
301,2,A,1,645020802050,20200303,1,301
302,1,A,1,644020802050,20200303,1,302
303,2,A,0,514020802050,20200303,1,303
304,1,A,0,513220802050,20200303,1,304
305,2,A,0,403220802050,20200303,1,305
306,1,A,1,402520802050,20200303,1,306
307,2,A,0,322520802050,20200303,1,307
308,1,A,1,322020802050,20200303,1,308
309,2,A,0,262020802050,20200303,1,309
310,1,A,0,261620802050,20200303,1,310
311,2,A,0,201620802050,20200303,1,311
312,1,A,0,201320802050,20200303,1,312
313,2,A,0,161320802050,20200303,1,313
314,5,C,0,805020802050,20200303,1,314
315,6,C,1,805020801650,20200303,1,315
316,5,C,0,805020801640,20200303,1,316
317,6,C,0,805020801240,20200303,1,317
318,5,C,0,805020801232,20200303,1,318
319,6,C,0,805020801032,20200303,1,319
320,4,B,1,805020802050,20200303,1,320
321,3,B,0,805020642050,20200303,1,321
322,4,B,1,805016642050,20200303,1,322
323,3,B,0,805016512050,20200303,1,323
324,4,B,0,805012512050,20200303,1,324
325,3,B,0,805012402050,20200303,1,325
326,4,B,1,805010402050,20200303,1,326
327,3,B,0,805010322050,20200303,1,327
328,4,B,1,805008322050,20200303,1,328
329,3,B,1,805008262050,20200303,1,329
330,4,B,0,805006262050,20200303,1,330
331,3,B,0,805006202050,20200303,1,331
332,4,B,0,805005202050,20200303,1,332
333,3,B,0,805005162050,20200303,1,333
334,4,B,0,805004162050,20200303,1,334
335,1,A,1,805020802050,20200303,1,335
336,2,A,0,645020802050,20200303,1,336
337,1,A,1,644020802050,20200303,1,337
338,2,A,0,514020802050,20200303,1,338
339,1,A,0,513220802050,20200303,1,339
340,2,A,1,403220802050,20200303,1,340
341,1,A,0,402520802050,20200303,1,341
342,2,A,0,322520802050,20200303,1,342
343,1,A,0,322020802050,20200303,1,343
344,2,A,0,262020802050,20200303,1,344
345,1,A,0,261620802050,20200303,1,345
346,2,A,0,201620802050,20200303,1,346
347,4,B,1,805020802050,20200303,1,347
348,4,B,1,205080508020,20200303,2,0
349,1,A,0,205080508020,20200303,2,1
350,2,A,0,165080508020,20200303,2,2
351,5,C,1,205080508020,20200303,2,3
352,6,C,0,205080506420,20200303,2,4
353,4,B,0,205080508020,20200303,2,5
354,3,B,1,205080408020,20200303,2,6
355,4,B,1,205064408020,20200303,2,7
356,1,A,0,205080508020,20200303,2,8
357,2,A,1,165080508020,20200303,2,9
358,5,C,1,205080508020,20200303,2,10
359,6,C,0,205080506420,20200303,2,11
360,5,C,1,205080506416,20200303,2,12
361,4,B,1,205080508020,20200303,2,13
362,3,B,1,205080408020,20200303,2,14
363,4,B,0,205064408020,20200303,2,15
364,3,B,0,205064328020,20200303,2,16
365,4,B,0,205051328020,20200303,2,17
366,1,A,0,205080508020,20200303,2,18
367,2,A,1,165080508020,20200303,2,19
368,1,A,0,164080508020,20200303,2,20
369,2,A,0,124080508020,20200303,2,21
370,1,A,0,123280508020,20200303,2,22
371,5,C,1,205080508020,20200303,2,23
372,6,C,0,205080506420,20200303,2,24
373,5,C,1,205080506416,20200303,2,25
374,4,B,0,205080508020,20200303,2,26
375,3,B,1,205080408020,20200303,2,27
376,4,B,1,205064408020,20200303,2,28
377,3,B,0,205064328020,20200303,2,29
378,4,B,0,205051328020,20200303,2,30
379,3,B,1,205051258020,20200303,2,31
380,4,B,0,205040258020,20200303,2,32
381,3,B,1,205040208020,20200303,2,33
382,4,B,1,205032208020,20200303,2,34
383,3,B,1,205032168020,20200303,2,35
384,4,B,1,205026168020,20200303,2,36
385,3,B,1,205026138020,20200303,2,37
386,4,B,0,205020138020,20200303,2,38
387,3,B,1,205020108020,20200303,2,39
388,4,B,0,205016108020,20200303,2,40
389,3,B,0,205016088020,20200303,2,41
390,3,B,1,205080508020,20200303,2,42
391,4,B,0,205064508020,20200303,2,43
392,3,B,1,205064408020,20200303,2,44
393,4,B,1,205051408020,20200303,2,45
394,3,B,1,205051328020,20200303,2,46
395,4,B,0,205040328020,20200303,2,47
396,3,B,1,205040258020,20200303,2,48
397,4,B,1,205032258020,20200303,2,49
398,3,B,1,205032208020,20200303,2,50
399,4,B,1,205026208020,20200303,2,51
400,3,B,0,205026168020,20200303,2,52
401,4,B,0,205020168020,20200303,2,53
402,3,B,0,205020138020,20200303,2,54
403,4,B,0,205016138020,20200303,2,55
404,3,B,0,205016108020,20200303,2,56
405,4,B,0,205013108020,20200303,2,57
406,1,A,1,205080508020,20200303,2,58
407,2,A,0,165080508020,20200303,2,59
408,1,A,0,164080508020,20200303,2,60
409,2,A,0,124080508020,20200303,2,61
410,1,A,0,123280508020,20200303,2,62
411,2,A,0,103280508020,20200303,2,63
412,5,C,1,205080508020,20200303,2,64
413,6,C,0,205080506420,20200303,2,65
414,5,C,1,205080506416,20200303,2,66
415,6,C,0,205080505116,20200303,2,67
416,5,C,1,205080505112,20200303,2,68
417,4,B,0,205080508020,20200303,2,69
418,3,B,1,205080408020,20200303,2,70
419,4,B,1,205064408020,20200303,2,71
420,3,B,0,205064328020,20200303,2,72
421,4,B,0,205051328020,20200303,2,73
422,3,B,0,205051258020,20200303,2,74
423,4,B,0,205040258020,20200303,2,75
424,3,B,1,205040208020,20200303,2,76
425,4,B,1,205032208020,20200303,2,77
426,3,B,0,205032168020,20200303,2,78
427,4,B,0,205026168020,20200303,2,79
428,3,B,1,205026138020,20200303,2,80
429,4,B,0,205020138020,20200303,2,81
430,3,B,1,205020108020,20200303,2,82
431,4,B,1,205016108020,20200303,2,83
432,3,B,0,205016088020,20200303,2,84
433,4,B,1,205013088020,20200303,2,85
434,3,B,0,205013068020,20200303,2,86
435,4,B,0,205010068020,20200303,2,87
436,3,B,0,205010058020,20200303,2,88
437,4,B,0,205008058020,20200303,2,89
438,3,B,0,205008048020,20200303,2,90
439,4,B,1,205006048020,20200303,2,91
440,3,B,1,205006038020,20200303,2,92
441,4,B,0,205005038020,20200303,2,93
442,3,B,0,205005028020,20200303,2,94
443,4,B,0,205004028020,20200303,2,95
444,3,B,0,205004028020,20200303,2,96
445,4,B,0,205003028020,20200303,2,97
446,3,B,0,205003018020,20200303,2,98
447,4,B,0,205002018020,20200303,2,99
448,1,A,1,205080508020,20200303,2,100
449,2,A,0,165080508020,20200303,2,101
450,1,A,0,164080508020,20200303,2,102
451,2,A,1,124080508020,20200303,2,103
452,1,A,0,123280508020,20200303,2,104
453,2,A,0,103280508020,20200303,2,105
454,5,C,1,205080508020,20200303,2,106
455,6,C,0,205080506420,20200303,2,107
456,5,C,1,205080506416,20200303,2,108
457,6,C,0,205080505116,20200303,2,109
458,5,C,1,205080505112,20200303,2,110
459,6,C,0,205080504012,20200303,2,111
460,5,C,1,205080504010,20200303,2,112
461,6,C,0,205080503210,20200303,2,113
462,5,C,1,205080503208,20200303,2,114
463,4,B,0,205080508020,20200303,2,115
464,3,B,1,205080408020,20200303,2,116
465,4,B,0,205064408020,20200303,2,117
466,3,B,0,205064328020,20200303,2,118
467,4,B,0,205051328020,20200303,2,119
468,3,B,1,205051258020,20200303,2,120
469,4,B,0,205040258020,20200303,2,121
470,3,B,1,205040208020,20200303,2,122
471,4,B,0,205032208020,20200303,2,123
472,3,B,1,205032168020,20200303,2,124
473,4,B,0,205026168020,20200303,2,125
474,3,B,0,205026138020,20200303,2,126
475,4,B,0,205020138020,20200303,2,127
476,3,B,1,205020108020,20200303,2,128
477,4,B,0,205016108020,20200303,2,129
478,3,B,0,205016088020,20200303,2,130
479,4,B,0,205013088020,20200303,2,131
480,3,B,0,205013068020,20200303,2,132
481,4,B,0,205010068020,20200303,2,133
482,1,A,0,205080508020,20200303,2,134
483,2,A,0,165080508020,20200303,2,135
484,1,A,1,164080508020,20200303,2,136
485,2,A,0,124080508020,20200303,2,137
486,1,A,0,123280508020,20200303,2,138
487,2,A,0,103280508020,20200303,2,139
488,5,C,1,205080508020,20200303,2,140
489,6,C,0,205080506420,20200303,2,141
490,5,C,1,205080506416,20200303,2,142
491,6,C,0,205080505116,20200303,2,143
492,5,C,0,205080505112,20200303,2,144
493,6,C,0,205080504012,20200303,2,145
494,5,C,0,205080504010,20200303,2,146
495,4,B,0,205080508020,20200303,2,147
496,3,B,0,205080408020,20200303,2,148
497,4,B,0,205064408020,20200303,2,149
498,3,B,1,205064328020,20200303,2,150
499,4,B,0,205051328020,20200303,2,151
500,3,B,0,205051258020,20200303,2,152
501,4,B,0,205040258020,20200303,2,153
502,3,B,0,205040208020,20200303,2,154
503,4,B,0,205032208020,20200303,2,155
504,1,A,0,205080508020,20200303,2,156
505,2,A,0,165080508020,20200303,2,157
506,1,A,0,164080508020,20200303,2,158
507,2,A,0,124080508020,20200303,2,159
508,1,A,0,123280508020,20200303,2,160
509,5,C,1,205080508020,20200303,2,161
510,6,C,0,205080506420,20200303,2,162
511,5,C,0,205080506416,20200303,2,163
512,6,C,0,205080505116,20200303,2,164
513,5,C,0,205080505112,20200303,2,165
514,4,B,1,205080508020,20200303,2,166
515,3,B,1,205080408020,20200303,2,167
516,4,B,0,205064408020,20200303,2,168
517,3,B,1,205064328020,20200303,2,169
518,4,B,0,205051328020,20200303,2,170
519,3,B,1,205051258020,20200303,2,171
520,4,B,1,205040258020,20200303,2,172
521,3,B,0,205040208020,20200303,2,173
522,4,B,0,205032208020,20200303,2,174
523,3,B,0,205032168020,20200303,2,175
524,4,B,1,205026168020,20200303,2,176
525,3,B,0,205026138020,20200303,2,177
526,4,B,0,205020138020,20200303,2,178
527,3,B,0,205020108020,20200303,2,179
528,4,B,0,205016108020,20200303,2,180
529,3,B,0,205016088020,20200303,2,181
530,1,A,0,205080508020,20200303,2,182
531,2,A,0,165080508020,20200303,2,183
532,1,A,0,164080508020,20200303,2,184
533,2,A,0,124080508020,20200303,2,185
534,4,B,1,205080508020,20200303,2,186
535,3,B,1,205080408020,20200303,2,187
536,4,B,1,205064408020,20200303,2,188
537,3,B,1,205064328020,20200303,2,189
538,4,B,1,205051328020,20200303,2,190
539,3,B,1,205051258020,20200303,2,191
540,4,B,1,205040258020,20200303,2,192
541,3,B,1,205040208020,20200303,2,193
542,4,B,0,205032208020,20200303,2,194
543,3,B,1,205032168020,20200303,2,195
544,4,B,0,205026168020,20200303,2,196
545,3,B,1,205026138020,20200303,2,197
546,4,B,0,205020138020,20200303,2,198
547,3,B,0,205020108020,20200303,2,199
548,4,B,0,205016108020,20200303,2,200
549,3,B,0,205016088020,20200303,2,201
550,4,B,0,205013088020,20200303,2,202
551,3,B,0,205013068020,20200303,2,203
552,4,B,0,205010068020,20200303,2,204
553,3,B,0,205010058020,20200303,2,205
554,4,B,0,205008058020,20200303,2,206
555,3,B,0,205008048020,20200303,2,207
556,4,B,0,205006048020,20200303,2,208
557,1,A,0,205080508020,20200303,2,209
558,2,A,0,165080508020,20200303,2,210
559,1,A,0,164080508020,20200303,2,211
560,5,C,1,205080508020,20200303,2,212
561,6,C,1,205080506420,20200303,2,213
562,5,C,1,205080506416,20200303,2,214
563,6,C,0,205080505116,20200303,2,215
564,5,C,0,205080505112,20200303,2,216
565,6,C,0,205080504012,20200303,2,217
566,5,C,1,205080504010,20200303,2,218
567,6,C,0,205080503210,20200303,2,219
568,5,C,1,205080503208,20200303,2,220
569,6,C,0,205080502608,20200303,2,221
570,5,C,1,205080502606,20200303,2,222
571,6,C,0,205080502006,20200303,2,223
572,5,C,0,205080502005,20200303,2,224
573,6,C,0,205080501605,20200303,2,225
574,5,C,0,205080501604,20200303,2,226
575,4,B,1,205080508020,20200303,2,227
576,3,B,1,205080408020,20200303,2,228
577,4,B,1,205064408020,20200303,2,229
578,3,B,1,205064328020,20200303,2,230
579,4,B,0,205051328020,20200303,2,231
580,3,B,1,205051258020,20200303,2,232
581,4,B,0,205040258020,20200303,2,233
582,3,B,0,205040208020,20200303,2,234
583,4,B,1,205032208020,20200303,2,235
584,3,B,0,205032168020,20200303,2,236
585,4,B,1,205026168020,20200303,2,237
586,3,B,0,205026138020,20200303,2,238
587,4,B,0,205020138020,20200303,2,239
588,3,B,0,205020108020,20200303,2,240
589,4,B,0,205016108020,20200303,2,241
590,3,B,1,205016088020,20200303,2,242
591,4,B,0,205013088020,20200303,2,243
592,3,B,1,205013068020,20200303,2,244
593,4,B,0,205010068020,20200303,2,245
594,3,B,0,205010058020,20200303,2,246
595,4,B,0,205008058020,20200303,2,247
596,3,B,0,205008048020,20200303,2,248
597,4,B,0,205006048020,20200303,2,249
598,3,B,0,205006038020,20200303,2,250
599,4,B,0,205005038020,20200303,2,251
600,1,A,0,205080508020,20200303,2,252
601,2,A,1,165080508020,20200303,2,253
602,1,A,0,164080508020,20200303,2,254
603,2,A,0,124080508020,20200303,2,255
604,5,C,1,205080508020,20200303,2,256
605,6,C,0,205080506420,20200303,2,257
606,5,C,1,205080506416,20200303,2,258
607,6,C,0,205080505116,20200303,2,259
608,5,C,0,205080505112,20200303,2,260
609,6,C,0,205080504012,20200303,2,261
610,5,C,0,205080504010,20200303,2,262
611,6,C,0,205080503210,20200303,2,263
612,5,C,0,205080503208,20200303,2,264
613,4,B,0,205080508020,20200303,2,265
614,3,B,1,205080408020,20200303,2,266
615,4,B,1,205064408020,20200303,2,267
616,3,B,0,205064328020,20200303,2,268
617,4,B,0,205051328020,20200303,2,269
618,3,B,0,205051258020,20200303,2,270
619,4,B,0,205040258020,20200303,2,271
620,3,B,0,205040208020,20200303,2,272
621,4,B,0,205032208020,20200303,2,273
622,1,A,0,205080508020,20200303,2,274
623,2,A,1,165080508020,20200303,2,275
624,1,A,0,164080508020,20200303,2,276
625,2,A,1,124080508020,20200303,2,277
626,1,A,0,123280508020,20200303,2,278
627,2,A,0,103280508020,20200303,2,279
628,5,C,0,205080508020,20200303,2,280
629,6,C,0,205080506420,20200303,2,281
630,5,C,0,205080506416,20200303,2,282
631,6,C,0,205080505116,20200303,2,283
632,5,C,1,205080505112,20200303,2,284
633,4,B,1,205080508020,20200303,2,285
634,3,B,1,205080408020,20200303,2,286
635,4,B,1,205064408020,20200303,2,287
636,3,B,1,205064328020,20200303,2,288
637,4,B,1,205051328020,20200303,2,289
638,3,B,1,205051258020,20200303,2,290
639,4,B,0,205040258020,20200303,2,291
640,3,B,1,205040208020,20200303,2,292
641,4,B,0,205032208020,20200303,2,293
642,3,B,0,205032168020,20200303,2,294
643,4,B,0,205026168020,20200303,2,295
644,3,B,0,205026138020,20200303,2,296
645,4,B,0,205020138020,20200303,2,297
646,3,B,0,205020108020,20200303,2,298
647,4,B,0,205016108020,20200303,2,299
648,3,B,0,205016088020,20200303,2,300
649,4,B,0,205013088020,20200303,2,301
650,2,A,1,205080508020,20200303,2,302
651,1,A,0,204080508020,20200303,2,303
652,2,A,0,164080508020,20200303,2,304
653,5,C,1,205080508020,20200303,2,305
654,6,C,0,205080506420,20200303,2,306
655,5,C,1,205080506416,20200303,2,307
656,6,C,0,205080505116,20200303,2,308
657,5,C,0,205080505112,20200303,2,309
658,4,B,1,205080508020,20200303,2,310
659,3,B,1,205080408020,20200303,2,311
660,4,B,0,205064408020,20200303,2,312
661,3,B,1,205064328020,20200303,2,313
662,4,B,1,205051328020,20200303,2,314
663,3,B,1,205051258020,20200303,2,315
664,4,B,0,205040258020,20200303,2,316
665,3,B,1,205040208020,20200303,2,317
666,4,B,0,205032208020,20200303,2,318
667,3,B,0,205032168020,20200303,2,319
668,4,B,0,205026168020,20200303,2,320
669,3,B,1,205026138020,20200303,2,321
670,4,B,0,205020138020,20200303,2,322
671,3,B,0,205020108020,20200303,2,323
672,4,B,0,205016108020,20200303,2,324
673,3,B,0,205016088020,20200303,2,325
674,4,B,0,205013088020,20200303,2,326
675,2,A,0,205080508020,20200303,2,327
676,1,A,0,204080508020,20200303,2,328
677,2,A,0,164080508020,20200303,2,329
678,5,C,1,205080508020,20200303,2,330
679,6,C,0,205080506420,20200303,2,331
680,5,C,1,205080506416,20200303,2,332
681,4,B,0,205080508020,20200303,2,333
682,3,B,1,205080408020,20200303,2,334
683,4,B,0,205064408020,20200303,2,335
684,3,B,1,205064328020,20200303,2,336
685,4,B,0,205051328020,20200303,2,337
686,3,B,1,205051258020,20200303,2,338
687,4,B,0,205040258020,20200303,2,339
688,3,B,0,205040208020,20200303,2,340
689,4,B,0,205032208020,20200303,2,341
690,3,B,0,205032168020,20200303,2,342
691,4,B,1,205026168020,20200303,2,343
692,3,B,0,205026138020,20200303,2,344
693,4,B,1,205020138020,20200303,2,345
694,3,B,0,205020108020,20200303,2,346
695,4,B,0,205016108020,20200303,2,347
696,3,B,1,205016088020,20200303,2,348
697,4,B,0,205013088020,20200303,2,349
698,3,B,0,205013068020,20200303,2,350
699,4,B,1,205010068020,20200303,2,351
700,3,B,0,205010058020,20200303,2,352
701,4,B,0,205008058020,20200303,2,353
702,3,B,0,205008048020,20200303,2,354
703,4,B,0,205006048020,20200303,2,355
704,3,B,0,205006038020,20200303,2,356
705,4,B,0,205005038020,20200303,2,357
706,2,A,0,205080508020,20200303,2,358
707,1,A,0,204080508020,20200303,2,359
708,2,A,0,164080508020,20200303,2,360
709,5,C,1,205080508020,20200303,2,361
710,6,C,0,205080506420,20200303,2,362
711,5,C,0,205080506416,20200303,2,363
712,4,B,0,205080508020,20200303,2,364
713,3,B,0,205080408020,20200303,2,365
714,4,B,0,205064408020,20200303,2,366
715,3,B,0,205064328020,20200303,2,367
716,4,B,1,205051328020,20200303,2,368
717,3,B,0,205051258020,20200303,2,369
718,4,B,0,205040258020,20200303,2,370
719,3,B,0,205040208020,20200303,2,371
720,4,B,0,205032208020,20200303,2,372
721,3,B,0,205032168020,20200303,2,373
722,4,B,1,205026168020,20200303,2,374
723,3,B,0,205026138020,20200303,2,375
724,4,B,0,205020138020,20200303,2,376
725,3,B,0,205020108020,20200303,2,377
726,4,B,0,205016108020,20200303,2,378
727,2,A,0,205080508020,20200303,2,379
728,1,A,1,204080508020,20200303,2,380
729,2,A,0,164080508020,20200303,2,381
730,1,A,0,163280508020,20200303,2,382
731,2,A,0,123280508020,20200303,2,383
732,5,C,0,205080508020,20200303,2,384
733,6,C,1,205080506420,20200303,2,385
734,5,C,1,205080506416,20200303,2,386
735,6,C,0,205080505116,20200303,2,387
736,5,C,0,205080505112,20200303,2,388
737,4,B,0,205080508020,20200303,2,389
738,3,B,1,205080408020,20200303,2,390
739,4,B,1,205064408020,20200303,2,391
740,3,B,0,205064328020,20200303,2,392
741,4,B,1,205051328020,20200303,2,393
742,3,B,0,205051258020,20200303,2,394
743,4,B,0,205040258020,20200303,2,395
744,3,B,0,205040208020,20200303,2,396
745,4,B,1,205032208020,20200303,2,397
746,3,B,0,205032168020,20200303,2,398
747,4,B,1,205026168020,20200303,2,399
748,3,B,1,205026138020,20200303,2,400
749,4,B,0,205020138020,20200303,2,401
750,3,B,0,205020108020,20200303,2,402
751,4,B,0,205016108020,20200303,2,403
752,3,B,0,205016088020,20200303,2,404
753,4,B,0,205013088020,20200303,2,405
754,3,B,0,205013068020,20200303,2,406
755,4,B,0,205010068020,20200303,2,407
756,2,A,0,205080508020,20200303,2,408
757,1,A,0,204080508020,20200303,2,409
758,2,A,1,164080508020,20200303,2,410
759,1,A,0,163280508020,20200303,2,411
760,6,C,1,802050205080,20200303,3,0
761,5,C,0,802050205064,20200303,3,1
762,1,A,1,802050205080,20200303,3,2
763,2,A,1,642050205080,20200303,3,3
764,1,A,1,641650205080,20200303,3,4
765,2,A,0,511650205080,20200303,3,5
766,1,A,0,511250205080,20200303,3,6
767,2,A,0,401250205080,20200303,3,7
768,6,C,1,802050205080,20200303,3,8
769,5,C,0,802050205064,20200303,3,9
770,6,C,1,802050204064,20200303,3,10
771,4,B,0,802050205080,20200303,3,11
772,3,B,0,802050165080,20200303,3,12
773,4,B,0,802040165080,20200303,3,13
774,1,A,0,802050205080,20200303,3,14
775,2,A,0,642050205080,20200303,3,15
776,1,A,1,641650205080,20200303,3,16
777,2,A,1,511650205080,20200303,3,17
778,1,A,1,511250205080,20200303,3,18
779,2,A,0,401250205080,20200303,3,19
780,1,A,1,401050205080,20200303,3,20
781,2,A,0,321050205080,20200303,3,21
782,1,A,0,320850205080,20200303,3,22
783,2,A,0,260850205080,20200303,3,23
784,1,A,0,260650205080,20200303,3,24
785,2,A,0,200650205080,20200303,3,25
786,1,A,1,200550205080,20200303,3,26
787,2,A,0,160550205080,20200303,3,27
788,1,A,1,160450205080,20200303,3,28
789,2,A,0,130450205080,20200303,3,29
790,1,A,0,130350205080,20200303,3,30
791,5,C,0,802050205080,20200303,3,31
792,6,C,1,802050204080,20200303,3,32
793,5,C,0,802050204064,20200303,3,33
794,6,C,1,802050203264,20200303,3,34
795,5,C,1,802050203251,20200303,3,35
796,6,C,1,802050202551,20200303,3,36
797,5,C,1,802050202540,20200303,3,37
798,6,C,1,802050202040,20200303,3,38
799,5,C,0,802050202032,20200303,3,39
800,6,C,0,802050201632,20200303,3,40
801,5,C,0,802050201626,20200303,3,41
802,6,C,1,802050201326,20200303,3,42
803,5,C,0,802050201320,20200303,3,43
804,6,C,0,802050201020,20200303,3,44
805,4,B,0,802050205080,20200303,3,45
806,3,B,0,802050165080,20200303,3,46
807,4,B,0,802040165080,20200303,3,47
808,3,B,1,802040125080,20200303,3,48
809,4,B,1,802032125080,20200303,3,49
810,3,B,1,802032105080,20200303,3,50
811,4,B,0,802025105080,20200303,3,51
812,3,B,1,802025085080,20200303,3,52
813,4,B,0,802020085080,20200303,3,53
814,3,B,0,802020065080,20200303,3,54
815,4,B,0,802016065080,20200303,3,55
816,3,B,0,802016055080,20200303,3,56
817,4,B,0,802013055080,20200303,3,57
818,3,B,1,802013045080,20200303,3,58
819,4,B,0,802010045080,20200303,3,59
820,3,B,0,802010035080,20200303,3,60
821,4,B,0,802008035080,20200303,3,61
822,1,A,1,802050205080,20200303,3,62
823,2,A,1,642050205080,20200303,3,63
824,1,A,0,641650205080,20200303,3,64
825,2,A,1,511650205080,20200303,3,65
826,1,A,0,511250205080,20200303,3,66
827,2,A,0,401250205080,20200303,3,67
828,1,A,0,401050205080,20200303,3,68
829,2,A,0,321050205080,20200303,3,69
830,1,A,0,320850205080,20200303,3,70
831,2,A,0,260850205080,20200303,3,71
832,1,A,0,260650205080,20200303,3,72
833,2,A,0,200650205080,20200303,3,73
834,1,A,0,200550205080,20200303,3,74
835,4,B,1,202050805020,20200304,1,0
836,3,B,0,202050645020,20200304,1,1
837,4,B,1,202040645020,20200304,1,2
838,1,A,1,202050805020,20200304,1,3
839,2,A,0,162050805020,20200304,1,4
840,5,C,1,202050805020,20200304,1,5
841,6,C,0,202050804020,20200304,1,6
842,5,C,1,202050804016,20200304,1,7
843,4,B,1,202050805020,20200304,1,8
844,3,B,1,202050645020,20200304,1,9
845,4,B,0,202040645020,20200304,1,10
846,3,B,1,202040515020,20200304,1,11
847,4,B,1,202032515020,20200304,1,12
848,1,A,0,202050805020,20200304,1,13
849,2,A,1,162050805020,20200304,1,14
850,1,A,0,161650805020,20200304,1,15
851,2,A,0,121650805020,20200304,1,16
852,5,C,1,202050805020,20200304,1,17
853,6,C,1,202050804020,20200304,1,18
854,5,C,0,202050804016,20200304,1,19
855,6,C,1,202050803216,20200304,1,20
856,4,B,0,202050805020,20200304,1,21
857,3,B,1,202050645020,20200304,1,22
858,4,B,0,202040645020,20200304,1,23
859,3,B,1,202040515020,20200304,1,24
860,4,B,0,202032515020,20200304,1,25
861,3,B,1,202032405020,20200304,1,26
862,4,B,1,202025405020,20200304,1,27
863,3,B,1,202025325020,20200304,1,28
864,4,B,0,202020325020,20200304,1,29
865,3,B,0,202020265020,20200304,1,30
866,4,B,0,202016265020,20200304,1,31
867,5,C,1,202050805020,20200304,1,32
868,6,C,0,202050804020,20200304,1,33
869,5,C,0,202050804016,20200304,1,34
870,6,C,1,202050803216,20200304,1,35
871,2,A,0,202050805020,20200304,1,36
872,1,A,0,201650805020,20200304,1,37
873,2,A,0,161650805020,20200304,1,38
874,5,C,0,202050805020,20200304,1,39
875,6,C,0,202050804020,20200304,1,40
876,5,C,1,202050804016,20200304,1,41
877,4,B,1,202050805020,20200304,1,42
878,3,B,1,202050645020,20200304,1,43
879,4,B,1,202040645020,20200304,1,44
880,3,B,0,202040515020,20200304,1,45
881,4,B,0,202032515020,20200304,1,46
882,3,B,0,202032405020,20200304,1,47
883,4,B,0,202025405020,20200304,1,48
884,1,A,0,202050805020,20200304,1,49
885,2,A,1,162050805020,20200304,1,50
886,1,A,0,161650805020,20200304,1,51
887,2,A,0,121650805020,20200304,1,52
888,5,C,1,202050805020,20200304,1,53
889,6,C,0,202050804020,20200304,1,54
890,5,C,1,202050804016,20200304,1,55
891,6,C,0,202050803216,20200304,1,56
892,5,C,0,202050803212,20200304,1,57
893,4,B,1,202050805020,20200304,1,58
894,3,B,0,202050645020,20200304,1,59
895,4,B,1,202040645020,20200304,1,60
896,3,B,0,202040515020,20200304,1,61
897,4,B,0,202032515020,20200304,1,62
898,3,B,0,202032405020,20200304,1,63
899,4,B,0,202025405020,20200304,1,64
900,3,B,0,202025325020,20200304,1,65
901,4,B,1,202020325020,20200304,1,66
902,2,A,1,202050805020,20200304,1,67
903,1,A,1,201650805020,20200304,1,68
904,2,A,0,161650805020,20200304,1,69
905,1,A,0,161250805020,20200304,1,70
906,2,A,0,121250805020,20200304,1,71
907,5,C,0,202050805020,20200304,1,72
908,6,C,0,202050804020,20200304,1,73
909,5,C,1,202050804016,20200304,1,74
910,4,B,1,202050805020,20200304,1,75
911,3,B,0,202050645020,20200304,1,76
912,4,B,1,202040645020,20200304,1,77
913,3,B,0,202040515020,20200304,1,78
914,4,B,1,202032515020,20200304,1,79
915,3,B,0,202032405020,20200304,1,80
916,4,B,1,202025405020,20200304,1,81
917,3,B,0,202025325020,20200304,1,82
918,4,B,0,202020325020,20200304,1,83
919,3,B,1,202020265020,20200304,1,84
920,4,B,1,202016265020,20200304,1,85
921,3,B,0,202016205020,20200304,1,86
922,4,B,0,202013205020,20200304,1,87
923,3,B,0,202013165020,20200304,1,88
924,4,B,0,202010165020,20200304,1,89
925,5,C,1,202050805020,20200304,1,90
926,6,C,0,202050804020,20200304,1,91
927,5,C,1,202050804016,20200304,1,92
928,6,C,0,202050803216,20200304,1,93
929,5,C,0,202050803212,20200304,1,94
930,4,B,0,202050805020,20200304,1,95
931,3,B,0,202050645020,20200304,1,96
932,4,B,0,202040645020,20200304,1,97
933,3,B,0,202040515020,20200304,1,98
934,4,B,0,202032515020,20200304,1,99
935,2,A,0,202050805020,20200304,1,100
936,1,A,0,201650805020,20200304,1,101
937,2,A,0,161650805020,20200304,1,102
938,5,C,0,202050805020,20200304,1,103
939,6,C,0,202050804020,20200304,1,104
940,5,C,0,202050804016,20200304,1,105
941,4,B,1,202050805020,20200304,1,106
942,3,B,0,202050645020,20200304,1,107
943,4,B,0,202040645020,20200304,1,108
944,3,B,0,202040515020,20200304,1,109
945,4,B,1,202032515020,20200304,1,110
946,3,B,0,202032405020,20200304,1,111
947,4,B,0,202025405020,20200304,1,112
948,3,B,0,202025325020,20200304,1,113
949,4,B,0,202020325020,20200304,1,114
950,5,C,1,202050805020,20200304,1,115
951,6,C,0,202050804020,20200304,1,116
952,5,C,0,202050804016,20200304,1,117
953,6,C,0,202050803216,20200304,1,118
954,5,C,0,202050803212,20200304,1,119
955,4,B,1,202050805020,20200304,1,120
956,3,B,0,202050645020,20200304,1,121
957,4,B,0,202040645020,20200304,1,122
958,3,B,1,202040515020,20200304,1,123
959,4,B,1,202032515020,20200304,1,124
960,3,B,0,202032405020,20200304,1,125
961,4,B,0,202025405020,20200304,1,126
962,3,B,1,202025325020,20200304,1,127
963,4,B,0,202020325020,20200304,1,128
964,3,B,1,202020265020,20200304,1,129
965,4,B,0,202016265020,20200304,1,130
966,3,B,0,202016205020,20200304,1,131
967,4,B,1,202013205020,20200304,1,132
968,3,B,0,202013165020,20200304,1,133
969,4,B,1,202010165020,20200304,1,134
970,3,B,0,202010135020,20200304,1,135
971,4,B,0,202008135020,20200304,1,136
972,3,B,0,202008105020,20200304,1,137
973,4,B,0,202006105020,20200304,1,138
974,3,B,0,202006085020,20200304,1,139
975,4,B,0,202005085020,20200304,1,140
976,2,A,0,202050805020,20200304,1,141
977,1,A,0,201650805020,20200304,1,142
978,2,A,0,161650805020,20200304,1,143
979,5,C,0,202050805020,20200304,1,144
980,6,C,1,202050804020,20200304,1,145
981,5,C,1,202050804016,20200304,1,146
982,6,C,0,202050803216,20200304,1,147
983,5,C,1,202050803212,20200304,1,148
984,6,C,0,202050802512,20200304,1,149
985,5,C,0,202050802510,20200304,1,150
986,4,B,1,202050805020,20200304,1,151
987,3,B,0,202050645020,20200304,1,152
988,4,B,1,202040645020,20200304,1,153
989,3,B,0,202040515020,20200304,1,154
990,4,B,1,202032515020,20200304,1,155
991,3,B,1,202032405020,20200304,1,156
992,4,B,1,202025405020,20200304,1,157
993,3,B,0,202025325020,20200304,1,158
994,4,B,0,202020325020,20200304,1,159
995,3,B,1,202020265020,20200304,1,160
996,4,B,1,202016265020,20200304,1,161
997,3,B,0,202016205020,20200304,1,162
998,4,B,1,202013205020,20200304,1,163
999,3,B,1,202013165020,20200304,1,164
1000,4,B,1,202010165020,20200304,1,165
1001,3,B,0,202010135020,20200304,1,166
1002,4,B,0,202008135020,20200304,1,167
1003,3,B,0,202008105020,20200304,1,168
1004,4,B,0,202006105020,20200304,1,169
1005,3,B,0,202006085020,20200304,1,170
1006,4,B,0,202005085020,20200304,1,171
1007,3,B,0,202005065020,20200304,1,172
1008,4,B,0,202004065020,20200304,1,173
1009,3,B,0,202004055020,20200304,1,174
1010,4,B,1,202003055020,20200304,1,175
1011,5,C,0,202050805020,20200304,1,176
1012,6,C,1,202050804020,20200304,1,177
1013,5,C,0,202050804016,20200304,1,178
1014,6,C,0,202050803216,20200304,1,179
1015,5,C,0,202050803212,20200304,1,180
1016,4,B,0,202050805020,20200304,1,181
1017,3,B,1,202050645020,20200304,1,182
1018,4,B,1,202040645020,20200304,1,183
1019,3,B,1,202040515020,20200304,1,184
1020,4,B,1,202032515020,20200304,1,185
1021,3,B,0,202032405020,20200304,1,186
1022,4,B,0,202025405020,20200304,1,187
1023,3,B,0,202025325020,20200304,1,188
1024,4,B,0,202020325020,20200304,1,189
1025,3,B,0,202020265020,20200304,1,190
1026,4,B,0,202016265020,20200304,1,191
1027,1,A,1,202050805020,20200304,1,192
1028,2,A,0,162050805020,20200304,1,193
1029,1,A,0,161650805020,20200304,1,194
1030,2,A,0,121650805020,20200304,1,195
1031,5,C,0,202050805020,20200304,1,196
1032,6,C,0,202050804020,20200304,1,197
1033,5,C,0,202050804016,20200304,1,198
1034,4,B,0,202050805020,20200304,1,199
1035,3,B,1,202050645020,20200304,1,200
1036,4,B,0,202040645020,20200304,1,201
1037,3,B,1,202040515020,20200304,1,202
1038,4,B,1,202032515020,20200304,1,203
1039,3,B,1,202032405020,20200304,1,204
1040,4,B,0,202025405020,20200304,1,205
1041,3,B,1,202025325020,20200304,1,206
1042,4,B,0,202020325020,20200304,1,207
1043,3,B,0,202020265020,20200304,1,208
1044,4,B,0,202016265020,20200304,1,209
1045,3,B,0,202016205020,20200304,1,210
1046,4,B,0,202013205020,20200304,1,211
1047,3,B,0,202013165020,20200304,1,212
1048,4,B,1,202010165020,20200304,1,213
1049,5,C,0,202050805020,20200304,1,214
1050,6,C,0,202050804020,20200304,1,215
1051,5,C,0,202050804016,20200304,1,216
1052,4,B,1,202050805020,20200304,1,217
1053,3,B,1,202050645020,20200304,1,218
1054,4,B,0,202040645020,20200304,1,219
1055,3,B,1,202040515020,20200304,1,220
1056,4,B,1,202032515020,20200304,1,221
1057,3,B,1,202032405020,20200304,1,222
1058,4,B,0,202025405020,20200304,1,223
1059,3,B,1,202025325020,20200304,1,224
1060,4,B,0,202020325020,20200304,1,225
1061,3,B,0,202020265020,20200304,1,226
1062,4,B,0,202016265020,20200304,1,227
1063,3,B,0,202016205020,20200304,1,228
1064,4,B,0,202013205020,20200304,1,229
1065,3,B,0,202013165020,20200304,1,230
1066,4,B,0,202010165020,20200304,1,231
1067,3,B,0,202010135020,20200304,1,232
1068,4,B,0,202008135020,20200304,1,233
1069,5,C,0,202050805020,20200304,1,234
1070,6,C,0,202050804020,20200304,1,235
1071,5,C,0,202050804016,20200304,1,236
1072,4,B,1,202050805020,20200304,1,237
1073,3,B,0,202050645020,20200304,1,238
1074,4,B,1,202040645020,20200304,1,239
1075,3,B,1,202040515020,20200304,1,240
1076,4,B,1,202032515020,20200304,1,241
1077,3,B,0,202032405020,20200304,1,242
1078,4,B,0,202025405020,20200304,1,243
1079,3,B,1,202025325020,20200304,1,244
1080,4,B,0,202020325020,20200304,1,245
1081,3,B,1,202020265020,20200304,1,246
1082,4,B,0,202016265020,20200304,1,247
1083,3,B,0,202016205020,20200304,1,248
1084,4,B,1,202013205020,20200304,1,249
1085,3,B,0,202013165020,20200304,1,250
1086,4,B,0,202010165020,20200304,1,251
1087,3,B,0,202010135020,20200304,1,252
1088,4,B,0,202008135020,20200304,1,253
1089,3,B,0,202008105020,20200304,1,254
1090,4,B,0,202006105020,20200304,1,255
1091,5,C,1,202050805020,20200304,1,256
1092,6,C,0,202050804020,20200304,1,257
1093,5,C,0,202050804016,20200304,1,258
1094,6,C,0,202050803216,20200304,1,259
1095,5,C,0,202050803212,20200304,1,260
1096,4,B,1,202050805020,20200304,1,261
1097,3,B,0,202050645020,20200304,1,262
1098,4,B,1,202040645020,20200304,1,263
1099,3,B,0,202040515020,20200304,1,264
1100,4,B,0,202032515020,20200304,1,265
1101,3,B,0,202032405020,20200304,1,266
1102,4,B,0,202025405020,20200304,1,267
1103,3,B,0,202025325020,20200304,1,268
1104,4,B,0,202020325020,20200304,1,269
1105,3,B,0,202020265020,20200304,1,270
1106,4,B,0,202016265020,20200304,1,271
1107,3,B,0,202016205020,20200304,1,272
1108,4,B,0,202013205020,20200304,1,273
1109,5,C,0,202050805020,20200304,1,274
1110,6,C,0,202050804020,20200304,1,275
1111,5,C,0,202050804016,20200304,1,276
1112,6,C,1,202050803216,20200304,1,277
1113,5,C,0,202050803212,20200304,1,278
1114,6,C,0,202050802512,20200304,1,279
1115,5,C,0,202050802510,20200304,1,280
1116,4,B,1,202050805020,20200304,1,281
1117,3,B,0,202050645020,20200304,1,282
1118,4,B,0,202040645020,20200304,1,283
1119,3,B,1,202040515020,20200304,1,284
1120,4,B,0,202032515020,20200304,1,285
1121,3,B,0,202032405020,20200304,1,286
1122,4,B,0,202025405020,20200304,1,287
1123,3,B,1,202025325020,20200304,1,288
1124,4,B,0,202020325020,20200304,1,289
1125,3,B,0,202020265020,20200304,1,290
1126,4,B,0,202016265020,20200304,1,291
1127,3,B,0,202016205020,20200304,1,292
1128,4,B,0,202013205020,20200304,1,293
1129,2,A,0,202050805020,20200304,1,294
1130,1,A,1,201650805020,20200304,1,295
1131,2,A,0,161650805020,20200304,1,296
1132,1,A,0,161250805020,20200304,1,297
1133,2,A,1,121250805020,20200304,1,298
1134,1,A,0,121050805020,20200304,1,299
1135,2,A,0,101050805020,20200304,1,300
1136,1,A,0,100850805020,20200304,1,301
1137,2,A,0,080850805020,20200304,1,302
1138,1,A,0,080650805020,20200304,1,303
1139,2,A,0,060650805020,20200304,1,304
1140,1,A,0,060550805020,20200304,1,305
1141,2,A,0,050550805020,20200304,1,306
1142,1,A,0,050450805020,20200304,1,307
1143,2,A,0,040450805020,20200304,1,308
1144,1,A,0,040350805020,20200304,1,309
1145,2,A,0,030350805020,20200304,1,310
1146,4,B,0,202050805020,20200304,1,311
1147,3,B,0,202050645020,20200304,1,312
1148,4,B,0,202040645020,20200304,1,313
1149,3,B,1,202040515020,20200304,1,314
1150,4,B,1,202032515020,20200304,1,315
1151,3,B,0,202032405020,20200304,1,316
1152,4,B,0,202025405020,20200304,1,317
1153,3,B,0,202025325020,20200304,1,318
1154,4,B,0,202020325020,20200304,1,319
1155,3,B,0,202020265020,20200304,1,320
1156,4,B,1,202016265020,20200304,1,321
1157,3,B,0,202016205020,20200304,1,322
1158,4,B,0,202013205020,20200304,1,323
1159,3,B,0,202013165020,20200304,1,324
1160,4,B,0,202010165020,20200304,1,325
1161,3,B,0,202010135020,20200304,1,326
1162,4,B,0,202008135020,20200304,1,327
1163,3,B,0,202008105020,20200304,1,328
1164,4,B,0,202006105020,20200304,1,329
1165,3,B,0,202006085020,20200304,1,330
1166,4,B,0,202005085020,20200304,1,331
1167,5,C,0,202050805020,20200304,1,332
1168,3,B,1,805050502020,20200304,2,0
1169,4,B,0,805040502020,20200304,2,1
1170,5,C,1,805050502020,20200304,2,2
1171,6,C,0,805050501620,20200304,2,3
1172,1,A,1,805050502020,20200304,2,4
1173,2,A,1,645050502020,20200304,2,5
1174,1,A,0,644050502020,20200304,2,6
1175,4,B,0,805050502020,20200304,2,7
1176,3,B,0,805050402020,20200304,2,8
1177,5,C,0,805050502020,20200304,2,9
1178,6,C,1,805050501620,20200304,2,10
1179,5,C,1,805050501616,20200304,2,11
1180,6,C,0,805050501216,20200304,2,12
1181,5,C,0,805050501212,20200304,2,13
1182,6,C,0,805050501012,20200304,2,14
1183,5,C,0,805050501010,20200304,2,15
1184,2,A,0,805050502020,20200304,2,16
1185,1,A,1,804050502020,20200304,2,17
1186,2,A,0,644050502020,20200304,2,18
1187,1,A,0,643250502020,20200304,2,19
1188,2,A,1,513250502020,20200304,2,20
1189,4,B,1,805050502020,20200304,2,21
1190,3,B,1,805050402020,20200304,2,22
1191,4,B,0,805040402020,20200304,2,23
1192,3,B,0,805040322020,20200304,2,24
1193,4,B,1,805032322020,20200304,2,25
1194,3,B,1,805032252020,20200304,2,26
1195,4,B,1,805025252020,20200304,2,27
1196,3,B,0,805025202020,20200304,2,28
1197,4,B,0,805020202020,20200304,2,29
1198,3,B,0,805020162020,20200304,2,30
1199,4,B,0,805016162020,20200304,2,31
1200,5,C,0,805050502020,20200304,2,32
1201,6,C,1,805050501620,20200304,2,33
1202,5,C,0,805050501616,20200304,2,34
1203,6,C,0,805050501216,20200304,2,35
1204,5,C,0,805050501212,20200304,2,36
1205,2,A,1,805050502020,20200304,2,37
1206,1,A,0,804050502020,20200304,2,38
1207,2,A,1,644050502020,20200304,2,39
1208,4,B,1,805050502020,20200304,2,40
1209,3,B,1,805050402020,20200304,2,41
1210,4,B,0,805040402020,20200304,2,42
1211,3,B,1,805040322020,20200304,2,43
1212,4,B,0,805032322020,20200304,2,44
1213,3,B,0,805032252020,20200304,2,45
1214,4,B,0,805025252020,20200304,2,46
1215,5,C,0,805050502020,20200304,2,47
1216,6,C,0,805050501620,20200304,2,48
1217,5,C,0,805050501616,20200304,2,49
1218,6,C,0,805050501216,20200304,2,50
1219,2,A,0,805050502020,20200304,2,51
1220,1,A,0,804050502020,20200304,2,52
1221,2,A,1,644050502020,20200304,2,53
1222,4,B,1,805050502020,20200304,2,54
1223,3,B,1,805050402020,20200304,2,55
1224,4,B,0,805040402020,20200304,2,56
1225,3,B,0,805040322020,20200304,2,57
1226,4,B,0,805032322020,20200304,2,58
1227,3,B,1,805032252020,20200304,2,59
1228,4,B,1,805025252020,20200304,2,60
1229,3,B,0,805025202020,20200304,2,61
1230,4,B,0,805020202020,20200304,2,62
1231,3,B,0,805020162020,20200304,2,63
1232,4,B,0,805016162020,20200304,2,64
1233,5,C,0,805050502020,20200304,2,65
1234,6,C,0,805050501620,20200304,2,66
1235,5,C,0,805050501616,20200304,2,67
1236,2,A,1,805050502020,20200304,2,68
1237,1,A,1,804050502020,20200304,2,69
1238,2,A,0,644050502020,20200304,2,70
1239,1,A,0,643250502020,20200304,2,71
1240,2,A,0,513250502020,20200304,2,72
1241,4,B,1,805050502020,20200304,2,73
1242,3,B,0,805050402020,20200304,2,74
1243,4,B,0,805040402020,20200304,2,75
1244,3,B,1,805040322020,20200304,2,76
1245,4,B,1,805032322020,20200304,2,77
1246,3,B,0,805032252020,20200304,2,78
1247,4,B,0,805025252020,20200304,2,79
1248,3,B,1,805025202020,20200304,2,80
1249,4,B,0,805020202020,20200304,2,81
1250,3,B,1,805020162020,20200304,2,82
1251,4,B,0,805016162020,20200304,2,83
1252,3,B,0,805016132020,20200304,2,84
1253,4,B,0,805013132020,20200304,2,85
1254,5,C,1,805050502020,20200304,2,86
1255,6,C,0,805050501620,20200304,2,87
1256,5,C,0,805050501616,20200304,2,88
1257,6,C,0,805050501216,20200304,2,89
1258,5,C,1,805050501212,20200304,2,90
1259,2,A,1,805050502020,20200304,2,91
1260,1,A,1,804050502020,20200304,2,92
1261,2,A,0,644050502020,20200304,2,93
1262,1,A,0,643250502020,20200304,2,94
1263,2,A,0,513250502020,20200304,2,95
1264,4,B,0,805050502020,20200304,2,96
1265,3,B,0,805050402020,20200304,2,97
1266,4,B,0,805040402020,20200304,2,98
1267,3,B,0,805040322020,20200304,2,99
1268,4,B,1,805032322020,20200304,2,100
1269,3,B,0,805032252020,20200304,2,101
1270,4,B,0,805025252020,20200304,2,102
1271,3,B,0,805025202020,20200304,2,103
1272,4,B,0,805020202020,20200304,2,104
1273,5,C,0,805050502020,20200304,2,105
1274,6,C,0,805050501620,20200304,2,106
1275,5,C,0,805050501616,20200304,2,107
1276,2,A,1,805050502020,20200304,2,108
1277,1,A,1,804050502020,20200304,2,109
1278,2,A,0,644050502020,20200304,2,110
1279,4,B,0,805050502020,20200304,2,111
1280,3,B,1,805050402020,20200304,2,112
1281,4,B,0,805040402020,20200304,2,113
1282,3,B,1,805040322020,20200304,2,114
1283,4,B,0,805032322020,20200304,2,115
1284,3,B,0,805032252020,20200304,2,116
1285,4,B,1,805025252020,20200304,2,117
1286,3,B,0,805025202020,20200304,2,118
1287,4,B,0,805020202020,20200304,2,119
1288,3,B,0,805020162020,20200304,2,120
1289,4,B,0,805016162020,20200304,2,121
1290,3,B,0,805016132020,20200304,2,122
1291,5,C,0,805050502020,20200304,2,123
1292,6,C,0,805050501620,20200304,2,124
1293,5,C,1,805050501616,20200304,2,125
1294,6,C,1,805050501216,20200304,2,126
1295,5,C,0,805050501212,20200304,2,127
1296,6,C,0,805050501012,20200304,2,128
1297,5,C,0,805050501010,20200304,2,129
1298,4,B,0,805050502020,20200304,2,130
1299,3,B,0,805050402020,20200304,2,131
1300,4,B,1,805040402020,20200304,2,132
1301,3,B,1,805040322020,20200304,2,133
1302,4,B,1,805032322020,20200304,2,134
1303,3,B,0,805032252020,20200304,2,135
1304,4,B,1,805025252020,20200304,2,136
1305,3,B,0,805025202020,20200304,2,137
1306,4,B,0,805020202020,20200304,2,138
1307,3,B,1,805020162020,20200304,2,139
1308,4,B,0,805016162020,20200304,2,140
1309,3,B,0,805016132020,20200304,2,141
1310,4,B,0,805013132020,20200304,2,142
1311,3,B,0,805013102020,20200304,2,143
1312,4,B,0,805010102020,20200304,2,144
1313,5,C,0,805050502020,20200304,2,145
1314,6,C,0,805050501620,20200304,2,146
1315,5,C,0,805050501616,20200304,2,147
1316,2,A,0,805050502020,20200304,2,148
1317,1,A,0,804050502020,20200304,2,149
1318,2,A,1,644050502020,20200304,2,150
1319,1,A,1,643250502020,20200304,2,151
1320,2,A,0,513250502020,20200304,2,152
1321,1,A,1,512550502020,20200304,2,153
1322,2,A,0,402550502020,20200304,2,154
1323,1,A,0,402050502020,20200304,2,155
1324,2,A,1,322050502020,20200304,2,156
1325,4,B,0,805050502020,20200304,2,157
1326,3,B,1,805050402020,20200304,2,158
1327,4,B,0,805040402020,20200304,2,159
1328,3,B,0,805040322020,20200304,2,160
1329,4,B,0,805032322020,20200304,2,161
1330,3,B,0,805032252020,20200304,2,162
1331,4,B,0,805025252020,20200304,2,163
1332,3,B,0,805025202020,20200304,2,164
1333,4,B,0,805020202020,20200304,2,165
1334,2,A,0,805050502020,20200304,2,166
1335,1,A,1,804050502020,20200304,2,167
1336,2,A,0,644050502020,20200304,2,168
1337,1,A,1,643250502020,20200304,2,169
1338,2,A,0,513250502020,20200304,2,170
1339,1,A,0,512550502020,20200304,2,171
1340,2,A,0,402550502020,20200304,2,172
1341,4,B,1,805050502020,20200304,2,173
1342,3,B,1,805050402020,20200304,2,174
1343,4,B,0,805040402020,20200304,2,175
1344,3,B,0,805040322020,20200304,2,176
1345,4,B,1,805032322020,20200304,2,177
1346,3,B,1,805032252020,20200304,2,178
1347,4,B,1,805025252020,20200304,2,179
1348,3,B,0,805025202020,20200304,2,180
1349,4,B,0,805020202020,20200304,2,181
1350,3,B,0,805020162020,20200304,2,182
1351,4,B,0,805016162020,20200304,2,183
1352,3,B,0,805016132020,20200304,2,184
1353,4,B,0,805013132020,20200304,2,185
1354,5,C,0,805050502020,20200304,2,186
1355,6,C,0,805050501620,20200304,2,187
1356,5,C,0,805050501616,20200304,2,188
1357,6,C,0,805050501216,20200304,2,189
1358,5,C,0,805050501212,20200304,2,190
1359,6,C,0,805050501012,20200304,2,191
1360,5,C,0,805050501010,20200304,2,192
1361,2,A,0,805050502020,20200304,2,193
1362,1,A,0,804050502020,20200304,2,194
1363,2,A,0,644050502020,20200304,2,195
1364,1,A,1,643250502020,20200304,2,196
1365,2,A,1,513250502020,20200304,2,197
1366,1,A,0,512550502020,20200304,2,198
1367,2,A,0,402550502020,20200304,2,199
1368,1,A,1,402050502020,20200304,2,200
1369,2,A,0,322050502020,20200304,2,201
1370,1,A,0,321650502020,20200304,2,202
1371,2,A,0,261650502020,20200304,2,203
1372,4,B,1,805050502020,20200304,2,204
1373,3,B,1,805050402020,20200304,2,205
1374,4,B,0,805040402020,20200304,2,206
1375,3,B,0,805040322020,20200304,2,207
1376,4,B,0,805032322020,20200304,2,208
1377,3,B,0,805032252020,20200304,2,209
1378,4,B,1,805025252020,20200304,2,210
1379,3,B,0,805025202020,20200304,2,211
1380,4,B,0,805020202020,20200304,2,212
1381,3,B,1,805020162020,20200304,2,213
1382,4,B,0,805016162020,20200304,2,214
1383,3,B,0,805016132020,20200304,2,215
1384,4,B,0,805013132020,20200304,2,216
1385,3,B,1,805013102020,20200304,2,217
1386,4,B,0,805010102020,20200304,2,218
1387,3,B,1,805010082020,20200304,2,219
1388,4,B,0,805008082020,20200304,2,220
1389,3,B,0,805008062020,20200304,2,221
1390,4,B,0,805006062020,20200304,2,222
1391,3,B,1,805006052020,20200304,2,223
1392,4,B,0,805005052020,20200304,2,224
1393,3,B,0,805005042020,20200304,2,225
1394,4,B,0,805004042020,20200304,2,226
1395,3,B,0,805004032020,20200304,2,227
1396,4,B,0,805003032020,20200304,2,228
1397,2,A,0,805050502020,20200304,2,229
1398,1,A,1,804050502020,20200304,2,230
1399,2,A,0,644050502020,20200304,2,231
1400,1,A,1,643250502020,20200304,2,232
1401,2,A,0,513250502020,20200304,2,233
1402,1,A,0,512550502020,20200304,2,234
1403,2,A,0,402550502020,20200304,2,235
1404,1,A,0,402050502020,20200304,2,236
1405,2,A,0,322050502020,20200304,2,237
1406,1,A,1,321650502020,20200304,2,238
1407,2,A,0,261650502020,20200304,2,239
1408,1,A,0,261350502020,20200304,2,240
1409,4,B,1,208020808050,20200305,1,0
1410,3,B,1,208020648050,20200305,1,1
1411,1,A,0,208020808050,20200305,1,2
1412,2,A,1,168020808050,20200305,1,3
1413,1,A,0,166420808050,20200305,1,4
1414,5,C,1,208020808050,20200305,1,5
1415,6,C,1,208020806450,20200305,1,6
1416,5,C,0,208020806440,20200305,1,7
1417,4,B,1,208020808050,20200305,1,8
1418,3,B,0,208020648050,20200305,1,9
1419,4,B,1,208016648050,20200305,1,10
1420,2,A,0,208020808050,20200305,1,11
1421,1,A,0,206420808050,20200305,1,12
1422,2,A,1,166420808050,20200305,1,13
1423,5,C,1,208020808050,20200305,1,14
1424,6,C,1,208020806450,20200305,1,15
1425,5,C,1,208020806440,20200305,1,16
1426,6,C,1,208020805140,20200305,1,17
1427,5,C,1,208020805132,20200305,1,18
1428,6,C,0,208020804032,20200305,1,19
1429,5,C,0,208020804025,20200305,1,20
1430,2,A,1,208020808050,20200305,1,21
1431,1,A,1,206420808050,20200305,1,22
1432,2,A,0,166420808050,20200305,1,23
1433,1,A,0,165120808050,20200305,1,24
1434,2,A,1,125120808050,20200305,1,25
1435,4,B,0,208020808050,20200305,1,26
1436,3,B,0,208020648050,20200305,1,27
1437,4,B,1,208016648050,20200305,1,28
1438,3,B,0,208016518050,20200305,1,29
1439,4,B,1,208012518050,20200305,1,30
1440,2,A,1,208020808050,20200305,1,31
1441,1,A,0,206420808050,20200305,1,32
1442,2,A,0,166420808050,20200305,1,33
1443,1,A,0,165120808050,20200305,1,34
1444,2,A,1,125120808050,20200305,1,35
1445,5,C,1,208020808050,20200305,1,36
1446,6,C,0,208020806450,20200305,1,37
1447,5,C,0,208020806440,20200305,1,38
1448,6,C,1,208020805140,20200305,1,39
1449,5,C,0,208020805132,20200305,1,40
1450,6,C,1,208020804032,20200305,1,41
1451,5,C,0,208020804025,20200305,1,42
1452,6,C,0,208020803225,20200305,1,43
1453,5,C,1,208020803220,20200305,1,44
1454,2,A,1,208020808050,20200305,1,45
1455,1,A,1,206420808050,20200305,1,46
1456,2,A,1,166420808050,20200305,1,47
1457,1,A,0,165120808050,20200305,1,48
1458,2,A,1,125120808050,20200305,1,49
1459,5,C,1,208020808050,20200305,1,50
1460,6,C,0,208020806450,20200305,1,51
1461,5,C,1,208020806440,20200305,1,52
1462,6,C,0,208020805140,20200305,1,53
1463,5,C,0,208020805132,20200305,1,54
1464,4,B,1,208020808050,20200305,1,55
1465,3,B,1,208020648050,20200305,1,56
1466,4,B,1,208016648050,20200305,1,57
1467,3,B,0,208016518050,20200305,1,58
1468,4,B,1,208012518050,20200305,1,59
1469,3,B,0,208012408050,20200305,1,60
1470,4,B,0,208010408050,20200305,1,61
1471,3,B,0,208010328050,20200305,1,62
1472,4,B,0,208008328050,20200305,1,63
1473,2,A,1,208020808050,20200305,1,64
1474,1,A,1,206420808050,20200305,1,65
1475,2,A,1,166420808050,20200305,1,66
1476,1,A,0,165120808050,20200305,1,67
1477,2,A,1,125120808050,20200305,1,68
1478,1,A,1,124020808050,20200305,1,69
1479,2,A,0,104020808050,20200305,1,70
1480,5,C,1,208020808050,20200305,1,71
1481,6,C,1,208020806450,20200305,1,72
1482,5,C,1,208020806440,20200305,1,73
1483,6,C,0,208020805140,20200305,1,74
1484,5,C,0,208020805132,20200305,1,75
1485,6,C,0,208020804032,20200305,1,76
1486,5,C,0,208020804025,20200305,1,77
1487,2,A,1,208020808050,20200305,1,78
1488,1,A,0,206420808050,20200305,1,79
1489,2,A,1,166420808050,20200305,1,80
1490,4,B,0,208020808050,20200305,1,81
1491,3,B,0,208020648050,20200305,1,82
1492,4,B,1,208016648050,20200305,1,83
1493,2,A,1,208020808050,20200305,1,84
1494,1,A,0,206420808050,20200305,1,85
1495,2,A,1,166420808050,20200305,1,86
1496,1,A,1,165120808050,20200305,1,87
1497,2,A,1,125120808050,20200305,1,88
1498,1,A,1,124020808050,20200305,1,89
1499,2,A,0,104020808050,20200305,1,90
1500,1,A,1,103220808050,20200305,1,91
1501,2,A,1,083220808050,20200305,1,92
1502,1,A,0,082620808050,20200305,1,93
1503,2,A,0,062620808050,20200305,1,94
1504,5,C,0,208020808050,20200305,1,95
1505,6,C,1,208020806450,20200305,1,96
1506,5,C,1,208020806440,20200305,1,97
1507,6,C,1,208020805140,20200305,1,98
1508,5,C,1,208020805132,20200305,1,99
1509,6,C,0,208020804032,20200305,1,100
1510,5,C,0,208020804025,20200305,1,101
1511,6,C,1,208020803225,20200305,1,102
1512,5,C,0,208020803220,20200305,1,103
1513,6,C,0,208020802620,20200305,1,104
1514,5,C,0,208020802616,20200305,1,105
1515,2,A,1,208020808050,20200305,1,106
1516,1,A,1,206420808050,20200305,1,107
1517,2,A,1,166420808050,20200305,1,108
1518,1,A,0,165120808050,20200305,1,109
1519,2,A,0,125120808050,20200305,1,110
1520,1,A,0,124020808050,20200305,1,111
1521,2,A,1,104020808050,20200305,1,112
1522,5,C,1,208020808050,20200305,1,113
1523,6,C,0,208020806450,20200305,1,114
1524,5,C,0,208020806440,20200305,1,115
1525,6,C,0,208020805140,20200305,1,116
1526,5,C,1,208020805132,20200305,1,117
1527,2,A,1,208020808050,20200305,1,118
1528,1,A,0,206420808050,20200305,1,119
1529,2,A,1,166420808050,20200305,1,120
1530,1,A,0,165120808050,20200305,1,121
1531,2,A,0,125120808050,20200305,1,122
1532,1,A,1,124020808050,20200305,1,123
1533,2,A,0,104020808050,20200305,1,124
1534,1,A,0,103220808050,20200305,1,125
1535,2,A,0,083220808050,20200305,1,126
1536,4,B,1,208020808050,20200305,1,127
1537,3,B,1,208020648050,20200305,1,128
1538,4,B,0,208016648050,20200305,1,129
1539,3,B,0,208016518050,20200305,1,130
1540,4,B,0,208012518050,20200305,1,131
1541,3,B,0,208012408050,20200305,1,132
1542,4,B,0,208010408050,20200305,1,133
1543,2,A,1,208020808050,20200305,1,134
1544,1,A,0,206420808050,20200305,1,135
1545,2,A,1,166420808050,20200305,1,136
1546,1,A,0,165120808050,20200305,1,137
1547,2,A,0,125120808050,20200305,1,138
1548,1,A,0,124020808050,20200305,1,139
1549,2,A,1,104020808050,20200305,1,140
1550,5,C,0,208020808050,20200305,1,141
1551,6,C,0,208020806450,20200305,1,142
1552,5,C,1,208020806440,20200305,1,143
1553,6,C,1,208020805140,20200305,1,144
1554,5,C,0,208020805132,20200305,1,145
1555,6,C,1,208020804032,20200305,1,146
1556,5,C,0,208020804025,20200305,1,147
1557,6,C,0,208020803225,20200305,1,148
1558,5,C,0,208020803220,20200305,1,149
1559,6,C,0,208020802620,20200305,1,150
1560,2,A,1,208020808050,20200305,1,151
1561,1,A,0,206420808050,20200305,1,152
1562,2,A,1,166420808050,20200305,1,153
1563,1,A,0,165120808050,20200305,1,154
1564,2,A,0,125120808050,20200305,1,155
1565,1,A,0,124020808050,20200305,1,156
1566,2,A,0,104020808050,20200305,1,157
1567,4,B,1,208020808050,20200305,1,158
1568,3,B,0,208020648050,20200305,1,159
1569,4,B,0,208016648050,20200305,1,160
1570,3,B,0,208016518050,20200305,1,161
1571,4,B,1,208012518050,20200305,1,162
1572,3,B,0,208012408050,20200305,1,163
1573,4,B,1,208010408050,20200305,1,164
1574,3,B,0,208010328050,20200305,1,165
1575,4,B,0,208008328050,20200305,1,166
1576,3,B,0,208008268050,20200305,1,167
1577,4,B,0,208006268050,20200305,1,168
1578,2,A,1,208020808050,20200305,1,169
1579,1,A,0,206420808050,20200305,1,170
1580,2,A,0,166420808050,20200305,1,171
1581,5,C,1,208020808050,20200305,1,172
1582,6,C,0,208020806450,20200305,1,173
1583,5,C,0,208020806440,20200305,1,174
1584,6,C,1,208020805140,20200305,1,175
1585,5,C,0,208020805132,20200305,1,176
1586,6,C,0,208020804032,20200305,1,177
1587,5,C,0,208020804025,20200305,1,178
1588,6,C,1,208020803225,20200305,1,179
1589,5,C,0,208020803220,20200305,1,180
1590,6,C,0,208020802620,20200305,1,181
1591,5,C,1,208020802616,20200305,1,182
1592,6,C,0,208020802016,20200305,1,183
1593,5,C,0,208020802013,20200305,1,184
1594,6,C,0,208020801613,20200305,1,185
1595,2,A,0,208020808050,20200305,1,186
1596,1,A,0,206420808050,20200305,1,187
1597,2,A,1,166420808050,20200305,1,188
1598,4,B,1,208020808050,20200305,1,189
1599,3,B,0,208020648050,20200305,1,190
1600,4,B,1,208016648050,20200305,1,191
1601,3,B,0,208016518050,20200305,1,192
1602,4,B,0,208012518050,20200305,1,193
1603,3,B,0,208012408050,20200305,1,194
1604,4,B,0,208010408050,20200305,1,195
1605,2,A,1,208020808050,20200305,1,196
1606,1,A,0,206420808050,20200305,1,197
1607,2,A,1,166420808050,20200305,1,198
1608,1,A,1,165120808050,20200305,1,199
1609,2,A,1,125120808050,20200305,1,200
1610,1,A,0,124020808050,20200305,1,201
1611,2,A,0,104020808050,20200305,1,202
1612,5,C,1,208020808050,20200305,1,203
1613,6,C,0,208020806450,20200305,1,204
1614,5,C,1,208020806440,20200305,1,205
1615,6,C,0,208020805140,20200305,1,206
1616,5,C,0,208020805132,20200305,1,207
1617,6,C,1,208020804032,20200305,1,208
1618,5,C,0,208020804025,20200305,1,209
1619,6,C,0,208020803225,20200305,1,210
1620,5,C,0,208020803220,20200305,1,211
1621,6,C,0,208020802620,20200305,1,212
1622,5,C,0,208020802616,20200305,1,213
1623,2,A,1,208020808050,20200305,1,214
1624,4,B,1,505020505080,20200305,2,0
1625,3,B,0,505020405080,20200305,2,1
1626,5,C,0,505020505080,20200305,2,2
1627,6,C,1,505020504080,20200305,2,3
1628,2,A,0,505020505080,20200305,2,4
1629,1,A,0,504020505080,20200305,2,5
1630,2,A,0,404020505080,20200305,2,6
1631,4,B,1,505020505080,20200305,2,7
1632,3,B,0,505020405080,20200305,2,8
1633,4,B,1,505016405080,20200305,2,9
1634,2,A,0,505020505080,20200305,2,10
1635,1,A,1,504020505080,20200305,2,11
1636,2,A,0,404020505080,20200305,2,12
1637,5,C,0,505020505080,20200305,2,13
1638,6,C,1,505020504080,20200305,2,14
1639,5,C,1,505020504064,20200305,2,15
1640,2,A,1,505020505080,20200305,2,16
1641,1,A,1,504020505080,20200305,2,17
1642,2,A,0,404020505080,20200305,2,18
1643,4,B,0,505020505080,20200305,2,19
1644,3,B,0,505020405080,20200305,2,20
1645,4,B,0,505016405080,20200305,2,21
1646,3,B,0,505016325080,20200305,2,22
1647,4,B,0,505012325080,20200305,2,23
1648,5,C,1,505020505080,20200305,2,24
1649,6,C,1,505020504080,20200305,2,25
1650,5,C,0,505020504064,20200305,2,26
1651,6,C,1,505020503264,20200305,2,27
1652,2,A,1,505020505080,20200305,2,28
1653,1,A,0,504020505080,20200305,2,29
1654,2,A,1,404020505080,20200305,2,30
1655,4,B,1,505020505080,20200305,2,31
1656,3,B,0,505020405080,20200305,2,32
1657,4,B,1,505016405080,20200305,2,33
1658,5,C,0,505020505080,20200305,2,34
1659,6,C,1,505020504080,20200305,2,35
1660,5,C,0,505020504064,20200305,2,36
1661,6,C,0,505020503264,20200305,2,37
1662,5,C,0,505020503251,20200305,2,38
1663,6,C,0,505020502551,20200305,2,39
1664,5,C,0,505020502540,20200305,2,40
1665,2,A,0,505020505080,20200305,2,41
1666,1,A,1,504020505080,20200305,2,42
1667,2,A,1,404020505080,20200305,2,43
1668,4,B,1,505020505080,20200305,2,44
1669,3,B,0,505020405080,20200305,2,45
1670,4,B,0,505016405080,20200305,2,46
1671,2,A,0,505020505080,20200305,2,47
1672,1,A,1,504020505080,20200305,2,48
1673,2,A,1,404020505080,20200305,2,49
1674,1,A,0,403220505080,20200305,2,50
1675,2,A,1,323220505080,20200305,2,51
1676,5,C,0,505020505080,20200305,2,52
1677,6,C,1,505020504080,20200305,2,53
1678,5,C,0,505020504064,20200305,2,54
1679,6,C,1,505020503264,20200305,2,55
1680,5,C,0,505020503251,20200305,2,56
1681,6,C,0,505020502551,20200305,2,57
1682,5,C,0,505020502540,20200305,2,58
1683,4,B,1,505020505080,20200305,2,59
1684,3,B,0,505020405080,20200305,2,60
1685,4,B,1,505016405080,20200305,2,61
1686,3,B,0,505016325080,20200305,2,62
1687,4,B,0,505012325080,20200305,2,63
1688,2,A,1,505020505080,20200305,2,64
1689,1,A,0,504020505080,20200305,2,65
1690,2,A,0,404020505080,20200305,2,66
1691,5,C,1,505020505080,20200305,2,67
1692,6,C,0,505020504080,20200305,2,68
1693,5,C,0,505020504064,20200305,2,69
1694,6,C,0,505020503264,20200305,2,70
1695,5,C,0,505020503251,20200305,2,71
1696,2,A,1,505020505080,20200305,2,72
1697,1,A,0,504020505080,20200305,2,73
1698,2,A,1,404020505080,20200305,2,74
1699,4,B,0,505020505080,20200305,2,75
1700,3,B,1,505020405080,20200305,2,76
1701,4,B,0,505016405080,20200305,2,77
1702,3,B,0,505016325080,20200305,2,78
1703,4,B,0,505012325080,20200305,2,79
1704,2,A,0,505020505080,20200305,2,80
1705,1,A,0,504020505080,20200305,2,81
1706,2,A,0,404020505080,20200305,2,82
1707,5,C,1,505020505080,20200305,2,83
1708,6,C,1,505020504080,20200305,2,84
1709,5,C,1,505020504064,20200305,2,85
1710,6,C,1,505020503264,20200305,2,86
1711,5,C,0,505020503251,20200305,2,87
1712,6,C,0,505020502551,20200305,2,88
1713,5,C,0,505020502540,20200305,2,89
1714,6,C,1,505020502040,20200305,2,90
1715,5,C,0,505020502032,20200305,2,91
1716,6,C,0,505020501632,20200305,2,92
1717,4,B,1,505020505080,20200305,2,93
1718,3,B,0,505020405080,20200305,2,94
1719,4,B,0,505016405080,20200305,2,95
1720,3,B,0,505016325080,20200305,2,96
1721,4,B,0,505012325080,20200305,2,97
1722,2,A,1,505020505080,20200305,2,98
1723,1,A,1,504020505080,20200305,2,99
1724,2,A,0,404020505080,20200305,2,100
1725,1,A,0,403220505080,20200305,2,101
1726,2,A,0,323220505080,20200305,2,102
1727,5,C,1,505020505080,20200305,2,103
1728,6,C,1,505020504080,20200305,2,104
1729,5,C,1,505020504064,20200305,2,105
1730,6,C,0,505020503264,20200305,2,106
1731,5,C,0,505020503251,20200305,2,107
1732,6,C,0,505020502551,20200305,2,108
1733,5,C,0,505020502540,20200305,2,109
1734,4,B,0,505020505080,20200305,2,110
1735,3,B,0,505020405080,20200305,2,111
1736,4,B,1,505016405080,20200305,2,112
1737,3,B,0,505016325080,20200305,2,113
1738,4,B,1,505012325080,20200305,2,114
1739,3,B,0,505012255080,20200305,2,115
1740,4,B,0,505010255080,20200305,2,116
1741,2,A,1,505020505080,20200305,2,117
1742,1,A,1,504020505080,20200305,2,118
1743,2,A,1,404020505080,20200305,2,119
1744,1,A,0,403220505080,20200305,2,120
1745,2,A,0,323220505080,20200305,2,121
1746,5,C,0,505020505080,20200305,2,122
1747,6,C,1,505020504080,20200305,2,123
1748,5,C,1,505020504064,20200305,2,124
1749,6,C,1,505020503264,20200305,2,125
1750,5,C,1,505020503251,20200305,2,126
1751,6,C,1,505020502551,20200305,2,127
1752,5,C,1,505020502540,20200305,2,128
1753,6,C,0,505020502040,20200305,2,129
1754,5,C,0,505020502032,20200305,2,130
1755,6,C,1,505020501632,20200305,2,131
1756,5,C,0,505020501626,20200305,2,132
1757,6,C,1,505020501326,20200305,2,133
1758,5,C,0,505020501320,20200305,2,134
1759,6,C,0,505020501020,20200305,2,135
1760,4,B,1,505020505080,20200305,2,136
1761,3,B,1,505020405080,20200305,2,137
1762,4,B,0,505016405080,20200305,2,138
1763,3,B,0,505016325080,20200305,2,139
1764,4,B,0,505012325080,20200305,2,140
1765,2,A,1,505020505080,20200305,2,141
1766,1,A,1,504020505080,20200305,2,142
1767,2,A,0,404020505080,20200305,2,143
1768,1,A,1,403220505080,20200305,2,144
1769,2,A,0,323220505080,20200305,2,145
1770,1,A,0,322520505080,20200305,2,146
1771,2,A,0,252520505080,20200305,2,147
1772,5,C,1,505020505080,20200305,2,148
1773,6,C,0,505020504080,20200305,2,149
1774,5,C,0,505020504064,20200305,2,150
1775,6,C,1,505020503264,20200305,2,151
1776,5,C,0,505020503251,20200305,2,152
1777,6,C,0,505020502551,20200305,2,153
1778,5,C,1,505020502540,20200305,2,154
1779,6,C,1,505020502040,20200305,2,155
1780,5,C,0,505020502032,20200305,2,156
1781,6,C,0,505020501632,20200305,2,157
1782,5,C,0,505020501626,20200305,2,158
1783,6,C,0,505020501326,20200305,2,159
1784,4,B,1,505020505080,20200305,2,160
1785,1,A,1,505020505080,20200305,2,161
1786,2,A,0,405020505080,20200305,2,162
1787,1,A,0,404020505080,20200305,2,163
1788,2,A,1,324020505080,20200305,2,164
1789,1,A,1,323220505080,20200305,2,165
1790,2,A,0,253220505080,20200305,2,166
1791,1,A,0,252520505080,20200305,2,167
1792,2,A,0,202520505080,20200305,2,168
1793,1,A,1,202020505080,20200305,2,169
1794,2,A,0,162020505080,20200305,2,170
1795,1,A,0,161620505080,20200305,2,171
1796,2,A,0,131620505080,20200305,2,172
1797,5,C,0,505020505080,20200305,2,173
1798,6,C,1,505020504080,20200305,2,174
1799,5,C,0,505020504064,20200305,2,175
1800,6,C,1,505020503264,20200305,2,176
1801,5,C,0,505020503251,20200305,2,177
1802,6,C,1,505020502551,20200305,2,178
1803,5,C,0,505020502540,20200305,2,179
1804,6,C,1,505020502040,20200305,2,180
1805,5,C,0,505020502032,20200305,2,181
1806,6,C,0,505020501632,20200305,2,182
1807,5,C,0,505020501626,20200305,2,183
1808,6,C,0,505020501326,20200305,2,184
1809,4,B,1,505020505080,20200305,2,185
1810,3,B,0,505020405080,20200305,2,186
1811,4,B,0,505016405080,20200305,2,187
1812,3,B,1,505016325080,20200305,2,188
1813,4,B,1,505012325080,20200305,2,189
1814,3,B,0,505012255080,20200305,2,190
1815,4,B,0,505010255080,20200305,2,191
1816,3,B,0,505010205080,20200305,2,192
1817,4,B,0,505008205080,20200305,2,193
1818,2,A,1,505020505080,20200305,2,194
1819,1,A,1,504020505080,20200305,2,195
1820,2,A,0,404020505080,20200305,2,196
1821,1,A,1,403220505080,20200305,2,197
1822,2,A,1,323220505080,20200305,2,198
1823,1,A,1,322520505080,20200305,2,199
1824,2,A,1,252520505080,20200305,2,200
1825,1,A,0,252020505080,20200305,2,201
1826,2,A,0,202020505080,20200305,2,202
1827,5,C,0,505020505080,20200305,2,203
1828,6,C,1,505020504080,20200305,2,204
1829,5,C,0,505020504064,20200305,2,205
1830,6,C,0,505020503264,20200305,2,206
1831,5,C,0,505020503251,20200305,2,207
1832,6,C,0,505020502551,20200305,2,208
1833,5,C,1,505020502540,20200305,2,209
1834,6,C,0,505020502040,20200305,2,210
1835,5,C,0,505020502032,20200305,2,211
1836,6,C,0,505020501632,20200305,2,212
1837,4,B,1,505020505080,20200305,2,213
1838,3,B,0,505020405080,20200305,2,214
1839,4,B,1,505016405080,20200305,2,215
1840,3,B,0,505016325080,20200305,2,216
1841,4,B,0,505012325080,20200305,2,217
1842,3,B,0,505012255080,20200305,2,218
1843,4,B,0,505010255080,20200305,2,219
1844,2,A,1,505020505080,20200305,2,220
1845,4,B,0,505050205020,20200305,3,0
1846,3,B,0,505050165020,20200305,3,1
1847,1,A,0,505050205020,20200305,3,2
1848,2,A,1,405050205020,20200305,3,3
1849,5,C,0,505050205020,20200305,3,4
1850,6,C,0,505050204020,20200305,3,5
1851,5,C,1,505050204016,20200305,3,6
1852,2,A,0,505050205020,20200305,3,7
1853,1,A,0,504050205020,20200305,3,8
1854,2,A,0,404050205020,20200305,3,9
1855,4,B,0,505050205020,20200305,3,10
1856,3,B,1,505050165020,20200305,3,11
1857,4,B,0,505040165020,20200305,3,12
1858,3,B,1,505040125020,20200305,3,13
1859,4,B,0,505032125020,20200305,3,14
1860,5,C,1,505050205020,20200305,3,15
1861,6,C,0,505050204020,20200305,3,16
1862,5,C,1,505050204016,20200305,3,17
1863,2,A,0,505050205020,20200305,3,18
1864,1,A,0,504050205020,20200305,3,19
1865,2,A,0,404050205020,20200305,3,20
1866,5,C,1,505050205020,20200305,3,21
1867,6,C,0,505050204020,20200305,3,22
1868,5,C,0,505050204016,20200305,3,23
1869,4,B,0,505050205020,20200305,3,24
1870,3,B,0,505050165020,20200305,3,25
1871,4,B,1,505040165020,20200305,3,26
1872,3,B,0,505040125020,20200305,3,27
1873,4,B,0,505032125020,20200305,3,28
1874,3,B,0,505032105020,20200305,3,29
1875,4,B,0,505025105020,20200305,3,30
1876,2,A,1,505050205020,20200305,3,31
1877,1,A,1,504050205020,20200305,3,32
1878,2,A,0,404050205020,20200305,3,33
1879,1,A,1,403250205020,20200305,3,34
1880,2,A,0,323250205020,20200305,3,35
1881,5,C,0,505050205020,20200305,3,36
1882,6,C,1,505050204020,20200305,3,37
1883,5,C,0,505050204016,20200305,3,38
1884,6,C,0,505050203216,20200305,3,39
1885,5,C,0,505050203212,20200305,3,40
1886,4,B,1,505050205020,20200305,3,41
1887,3,B,1,505050165020,20200305,3,42
1888,4,B,1,505040165020,20200305,3,43
1889,3,B,0,505040125020,20200305,3,44
1890,4,B,0,505032125020,20200305,3,45
1891,3,B,0,505032105020,20200305,3,46
1892,4,B,0,505025105020,20200305,3,47
1893,2,A,0,505050205020,20200305,3,48
1894,1,A,0,504050205020,20200305,3,49
1895,2,A,0,404050205020,20200305,3,50
1896,1,A,0,403250205020,20200305,3,51
1897,2,A,1,323250205020,20200305,3,52
1898,5,C,0,505050205020,20200305,3,53
1899,6,C,1,505050204020,20200305,3,54
1900,5,C,0,505050204016,20200305,3,55
1901,6,C,0,505050203216,20200305,3,56
1902,5,C,1,505050203212,20200305,3,57
1903,4,B,0,505050205020,20200305,3,58
1904,3,B,0,505050165020,20200305,3,59
1905,4,B,1,505040165020,20200305,3,60
1906,3,B,1,505040125020,20200305,3,61
1907,4,B,0,505032125020,20200305,3,62
1908,3,B,1,505032105020,20200305,3,63
1909,4,B,0,505025105020,20200305,3,64
1910,3,B,0,505025085020,20200305,3,65
1911,4,B,0,505020085020,20200305,3,66
1912,3,B,0,505020065020,20200305,3,67
1913,2,A,1,505050205020,20200305,3,68
1914,1,A,0,504050205020,20200305,3,69
1915,2,A,1,404050205020,20200305,3,70
1916,5,C,1,505050205020,20200305,3,71
1917,6,C,0,505050204020,20200305,3,72
1918,5,C,1,505050204016,20200305,3,73
1919,6,C,0,505050203216,20200305,3,74
1920,5,C,0,505050203212,20200305,3,75
1921,6,C,0,505050202512,20200305,3,76
1922,5,C,0,505050202510,20200305,3,77
1923,6,C,0,505050202010,20200305,3,78
1924,4,B,0,505050205020,20200305,3,79
1925,3,B,0,505050165020,20200305,3,80
1926,4,B,0,505040165020,20200305,3,81
1927,3,B,0,505040125020,20200305,3,82
1928,4,B,0,505032125020,20200305,3,83
1929,2,A,1,505050205020,20200305,3,84
1930,1,A,0,504050205020,20200305,3,85
1931,2,A,0,404050205020,20200305,3,86
1932,5,C,0,505050205020,20200305,3,87
1933,6,C,0,505050204020,20200305,3,88
1934,5,C,1,505050204016,20200305,3,89
1935,6,C,0,505050203216,20200305,3,90
1936,5,C,0,505050203212,20200305,3,91
1937,4,B,0,505050205020,20200305,3,92
1938,3,B,1,505050165020,20200305,3,93
1939,4,B,0,505040165020,20200305,3,94
1940,3,B,0,505040125020,20200305,3,95
1941,4,B,0,505032125020,20200305,3,96
1942,3,B,1,505032105020,20200305,3,97
1943,4,B,1,505025105020,20200305,3,98
1944,3,B,0,505025085020,20200305,3,99
1945,4,B,0,505020085020,20200305,3,100
1946,3,B,1,505020065020,20200305,3,101
1947,4,B,0,505016065020,20200305,3,102
1948,3,B,0,505016055020,20200305,3,103
1949,4,B,0,505013055020,20200305,3,104
1950,2,A,1,505050205020,20200305,3,105
1951,1,A,0,504050205020,20200305,3,106
1952,2,A,1,404050205020,20200305,3,107
1953,1,A,1,403250205020,20200305,3,108
1954,2,A,1,323250205020,20200305,3,109
1955,1,A,0,322550205020,20200305,3,110
1956,2,A,0,252550205020,20200305,3,111
1957,1,A,0,252050205020,20200305,3,112
1958,2,A,0,202050205020,20200305,3,113
1959,5,C,1,505050205020,20200305,3,114
1960,6,C,1,505050204020,20200305,3,115
1961,5,C,0,505050204016,20200305,3,116
1962,6,C,0,505050203216,20200305,3,117
1963,5,C,0,505050203212,20200305,3,118
1964,6,C,0,505050202512,20200305,3,119
1965,5,C,0,505050202510,20200305,3,120
1966,6,C,0,505050202010,20200305,3,121
1967,4,B,0,505050205020,20200305,3,122
1968,3,B,0,505050165020,20200305,3,123
1969,4,B,1,505040165020,20200305,3,124
1970,3,B,0,505040125020,20200305,3,125
1971,4,B,0,505032125020,20200305,3,126
1972,3,B,0,505032105020,20200305,3,127
1973,4,B,0,505025105020,20200305,3,128
1974,2,A,1,505050205020,20200305,3,129
1975,1,A,1,504050205020,20200305,3,130
1976,2,A,1,404050205020,20200305,3,131
1977,1,A,1,403250205020,20200305,3,132
1978,2,A,0,323250205020,20200305,3,133
1979,1,A,0,322550205020,20200305,3,134
1980,2,A,0,252550205020,20200305,3,135
1981,5,C,1,505050205020,20200305,3,136
1982,6,C,0,505050204020,20200305,3,137
1983,5,C,0,505050204016,20200305,3,138
1984,6,C,0,505050203216,20200305,3,139
1985,5,C,1,505050203212,20200305,3,140
1986,2,A,1,505050205020,20200305,3,141
1987,1,A,1,504050205020,20200305,3,142
1988,2,A,1,404050205020,20200305,3,143
1989,1,A,1,403250205020,20200305,3,144
1990,2,A,0,323250205020,20200305,3,145
1991,1,A,1,322550205020,20200305,3,146
1992,2,A,1,252550205020,20200305,3,147
1993,1,A,0,252050205020,20200305,3,148
1994,2,A,0,202050205020,20200305,3,149
1995,1,A,0,201650205020,20200305,3,150
1996,2,A,0,161650205020,20200305,3,151
1997,4,B,0,505050205020,20200305,3,152
1998,3,B,0,505050165020,20200305,3,153
1999,4,B,0,505040165020,20200305,3,154
2000,3,B,1,505040125020,20200305,3,155
2001,4,B,0,505032125020,20200305,3,156
2002,3,B,0,505032105020,20200305,3,157
2003,4,B,1,505025105020,20200305,3,158
2004,3,B,1,505025085020,20200305,3,159
2005,4,B,0,505020085020,20200305,3,160
2006,3,B,0,505020065020,20200305,3,161
2007,4,B,0,505016065020,20200305,3,162
2008,3,B,0,505016055020,20200305,3,163
2009,5,C,1,505050205020,20200305,3,164
2010,6,C,0,505050204020,20200305,3,165
2011,5,C,0,505050204016,20200305,3,166
2012,6,C,0,505050203216,20200305,3,167
2013,5,C,1,505050203212,20200305,3,168
2014,2,A,1,505050205020,20200305,3,169
2015,1,A,1,504050205020,20200305,3,170
2016,2,A,1,404050205020,20200305,3,171
2017,1,A,0,403250205020,20200305,3,172
2018,2,A,0,323250205020,20200305,3,173
2019,1,A,0,322550205020,20200305,3,174
2020,2,A,1,252550205020,20200305,3,175
2021,1,A,0,252050205020,20200305,3,176
2022,2,A,1,202050205020,20200305,3,177
2023,5,C,0,505050205020,20200305,3,178
2024,6,C,0,505050204020,20200305,3,179
2025,5,C,0,505050204016,20200305,3,180
2026,6,C,0,505050203216,20200305,3,181
2027,5,C,1,505050203212,20200305,3,182
2028,6,C,0,505050202512,20200305,3,183
2029,5,C,0,505050202510,20200305,3,184
2030,6,C,0,505050202010,20200305,3,185
2031,5,C,0,505050202008,20200305,3,186
2032,4,B,0,505050205020,20200305,3,187
2033,3,B,0,505050165020,20200305,3,188
2034,4,B,0,505040165020,20200305,3,189
2035,2,A,1,505050205020,20200305,3,190
2036,1,A,0,504050205020,20200305,3,191
2037,2,A,0,404050205020,20200305,3,192
2038,1,A,1,403250205020,20200305,3,193
2039,2,A,1,323250205020,20200305,3,194
2040,1,A,0,322550205020,20200305,3,195
2041,2,A,0,252550205020,20200305,3,196
2042,1,A,0,252050205020,20200305,3,197
2043,2,A,0,202050205020,20200305,3,198
2044,5,C,1,505050205020,20200305,3,199
2045,6,C,0,505050204020,20200305,3,200
2046,5,C,0,505050204016,20200305,3,201
2047,6,C,0,505050203216,20200305,3,202
2048,5,C,1,505050203212,20200305,3,203
2049,4,B,0,505050205020,20200305,3,204
2050,3,B,0,505050165020,20200305,3,205
2051,4,B,0,505040165020,20200305,3,206
2052,3,B,1,505040125020,20200305,3,207
2053,4,B,0,505032125020,20200305,3,208
2054,3,B,0,505032105020,20200305,3,209
2055,4,B,0,505025105020,20200305,3,210
2056,3,B,0,505025085020,20200305,3,211
2057,4,B,0,505020085020,20200305,3,212
2058,1,A,0,505050205020,20200305,3,213
2059,2,A,1,405050205020,20200305,3,214
2060,1,A,0,404050205020,20200305,3,215
2061,3,B,0,505050205020,20200305,3,216
2062,3,B,1,205080502080,20200306,1,0
2063,4,B,1,205064502080,20200306,1,1
2064,1,A,1,205080502080,20200306,1,2
2065,2,A,1,165080502080,20200306,1,3
2066,5,C,0,205080502080,20200306,1,4
2067,6,C,1,205080501680,20200306,1,5
2068,5,C,0,205080501664,20200306,1,6
2069,6,C,0,205080501264,20200306,1,7
2070,4,B,1,205080502080,20200306,1,8
2071,3,B,0,205080402080,20200306,1,9
2072,4,B,1,205064402080,20200306,1,10
2073,1,A,0,205080502080,20200306,1,11
2074,2,A,1,165080502080,20200306,1,12
2075,5,C,0,205080502080,20200306,1,13
2076,6,C,1,205080501680,20200306,1,14
2077,5,C,1,205080501664,20200306,1,15
2078,6,C,0,205080501264,20200306,1,16
2079,5,C,1,205080501251,20200306,1,17
2080,4,B,0,205080502080,20200306,1,18
2081,3,B,1,205080402080,20200306,1,19
2082,4,B,0,205064402080,20200306,1,20
2083,3,B,1,205064322080,20200306,1,21
2084,4,B,0,205051322080,20200306,1,22
2085,2,A,0,205080502080,20200306,1,23
2086,1,A,0,204080502080,20200306,1,24
2087,2,A,0,164080502080,20200306,1,25
2088,5,C,0,205080502080,20200306,1,26
2089,6,C,1,205080501680,20200306,1,27
2090,5,C,0,205080501664,20200306,1,28
2091,6,C,0,205080501264,20200306,1,29
2092,5,C,0,205080501251,20200306,1,30
2093,2,A,0,205080502080,20200306,1,31
2094,1,A,0,204080502080,20200306,1,32
2095,2,A,1,164080502080,20200306,1,33
2096,1,A,0,163280502080,20200306,1,34
2097,2,A,0,123280502080,20200306,1,35
2098,4,B,0,205080502080,20200306,1,36
2099,3,B,1,205080402080,20200306,1,37
2100,4,B,0,205064402080,20200306,1,38
2101,3,B,0,205064322080,20200306,1,39
2102,4,B,0,205051322080,20200306,1,40
2103,5,C,0,205080502080,20200306,1,41
2104,6,C,0,205080501680,20200306,1,42
2105,5,C,0,205080501664,20200306,1,43
2106,6,C,1,205080501264,20200306,1,44
2107,1,A,0,205080502080,20200306,1,45
2108,2,A,0,165080502080,20200306,1,46
2109,4,B,1,205080502080,20200306,1,47
2110,3,B,1,205080402080,20200306,1,48
2111,4,B,0,205064402080,20200306,1,49
2112,3,B,1,205064322080,20200306,1,50
2113,4,B,0,205051322080,20200306,1,51
2114,3,B,1,205051252080,20200306,1,52
2115,2,A,1,205080502080,20200306,1,53
2116,1,A,1,204080502080,20200306,1,54
2117,2,A,0,164080502080,20200306,1,55
2118,5,C,0,205080502080,20200306,1,56
2119,6,C,1,205080501680,20200306,1,57
2120,5,C,0,205080501664,20200306,1,58
2121,6,C,1,205080501264,20200306,1,59
2122,5,C,0,205080501251,20200306,1,60
2123,6,C,0,205080501051,20200306,1,61
2124,4,B,0,205080502080,20200306,1,62
2125,3,B,0,205080402080,20200306,1,63
2126,4,B,0,205064402080,20200306,1,64
2127,3,B,1,205064322080,20200306,1,65
2128,4,B,0,205051322080,20200306,1,66
2129,3,B,0,205051252080,20200306,1,67
2130,2,A,1,205080502080,20200306,1,68
2131,1,A,0,204080502080,20200306,1,69
2132,2,A,1,164080502080,20200306,1,70
2133,1,A,0,163280502080,20200306,1,71
2134,2,A,0,123280502080,20200306,1,72
2135,5,C,0,205080502080,20200306,1,73
2136,6,C,1,205080501680,20200306,1,74
2137,5,C,0,205080501664,20200306,1,75
2138,6,C,1,205080501264,20200306,1,76
2139,4,B,1,205080502080,20200306,1,77
2140,3,B,1,205080402080,20200306,1,78
2141,4,B,0,205064402080,20200306,1,79
2142,3,B,0,205064322080,20200306,1,80
2143,4,B,0,205051322080,20200306,1,81
2144,3,B,0,205051252080,20200306,1,82
2145,2,A,1,205080502080,20200306,1,83
2146,1,A,0,204080502080,20200306,1,84
2147,2,A,0,164080502080,20200306,1,85
2148,5,C,0,205080502080,20200306,1,86
2149,6,C,0,205080501680,20200306,1,87
2150,5,C,0,205080501664,20200306,1,88
2151,6,C,0,205080501264,20200306,1,89
2152,4,B,0,205080502080,20200306,1,90
2153,3,B,1,205080402080,20200306,1,91
2154,4,B,1,205064402080,20200306,1,92
2155,3,B,1,205064322080,20200306,1,93
2156,4,B,0,205051322080,20200306,1,94
2157,3,B,1,205051252080,20200306,1,95
2158,4,B,1,205040252080,20200306,1,96
2159,3,B,1,205040202080,20200306,1,97
2160,4,B,0,205032202080,20200306,1,98
2161,3,B,1,205032162080,20200306,1,99
2162,4,B,0,205026162080,20200306,1,100
2163,3,B,0,205026132080,20200306,1,101
2164,2,A,0,205080502080,20200306,1,102
2165,1,A,1,204080502080,20200306,1,103
2166,2,A,0,164080502080,20200306,1,104
2167,1,A,0,163280502080,20200306,1,105
2168,2,A,0,123280502080,20200306,1,106
2169,5,C,0,205080502080,20200306,1,107
2170,6,C,1,205080501680,20200306,1,108
2171,5,C,0,205080501664,20200306,1,109
2172,6,C,1,205080501264,20200306,1,110
2173,5,C,0,205080501251,20200306,1,111
2174,6,C,0,205080501051,20200306,1,112
2175,5,C,0,205080501040,20200306,1,113
2176,6,C,0,205080500840,20200306,1,114
2177,4,B,0,205080502080,20200306,1,115
2178,3,B,1,205080402080,20200306,1,116
2179,4,B,0,205064402080,20200306,1,117
2180,3,B,1,205064322080,20200306,1,118
2181,4,B,1,205051322080,20200306,1,119
2182,3,B,0,205051252080,20200306,1,120
2183,4,B,0,205040252080,20200306,1,121
2184,3,B,0,205040202080,20200306,1,122
2185,4,B,0,205032202080,20200306,1,123
2186,2,A,1,205080502080,20200306,1,124
2187,1,A,1,204080502080,20200306,1,125
2188,2,A,1,164080502080,20200306,1,126
2189,1,A,0,163280502080,20200306,1,127
2190,2,A,0,123280502080,20200306,1,128
2191,5,C,1,205080502080,20200306,1,129
2192,6,C,1,205080501680,20200306,1,130
2193,5,C,0,205080501664,20200306,1,131
2194,6,C,1,205080501264,20200306,1,132
2195,5,C,0,205080501251,20200306,1,133
2196,6,C,1,205080501051,20200306,1,134
2197,5,C,0,205080501040,20200306,1,135
2198,6,C,0,205080500840,20200306,1,136
2199,4,B,1,205080502080,20200306,1,137
2200,3,B,1,205080402080,20200306,1,138
2201,4,B,1,205064402080,20200306,1,139
2202,3,B,1,205064322080,20200306,1,140
2203,4,B,0,205051322080,20200306,1,141
2204,3,B,1,205051252080,20200306,1,142
2205,4,B,0,205040252080,20200306,1,143
2206,3,B,0,205040202080,20200306,1,144
2207,4,B,1,205032202080,20200306,1,145
2208,3,B,0,205032162080,20200306,1,146
2209,4,B,1,205026162080,20200306,1,147
2210,3,B,0,205026132080,20200306,1,148
2211,4,B,1,205020132080,20200306,1,149
2212,3,B,0,205020102080,20200306,1,150
2213,4,B,0,205016102080,20200306,1,151
2214,3,B,1,205016082080,20200306,1,152
2215,4,B,0,205013082080,20200306,1,153
2216,3,B,0,205013062080,20200306,1,154
2217,4,B,0,205010062080,20200306,1,155
2218,2,A,0,205080502080,20200306,1,156
2219,1,A,0,204080502080,20200306,1,157
2220,2,A,0,164080502080,20200306,1,158
2221,5,C,0,205080502080,20200306,1,159
2222,6,C,1,205080501680,20200306,1,160
2223,5,C,1,205080501664,20200306,1,161
2224,6,C,1,205080501264,20200306,1,162
2225,5,C,0,205080501251,20200306,1,163
2226,6,C,0,205080501051,20200306,1,164
2227,5,C,0,205080501040,20200306,1,165
2228,6,C,0,205080500840,20200306,1,166
2229,4,B,0,205080502080,20200306,1,167
2230,3,B,1,205080402080,20200306,1,168
2231,4,B,1,205064402080,20200306,1,169
2232,3,B,1,205064322080,20200306,1,170
2233,4,B,0,205051322080,20200306,1,171
2234,3,B,1,205051252080,20200306,1,172
2235,4,B,0,205040252080,20200306,1,173
2236,3,B,0,205040202080,20200306,1,174
2237,4,B,0,205032202080,20200306,1,175
2238,3,B,0,205032162080,20200306,1,176
2239,4,B,0,205026162080,20200306,1,177
2240,3,B,1,205026132080,20200306,1,178
2241,2,A,0,205080502080,20200306,1,179
2242,1,A,1,204080502080,20200306,1,180
2243,2,A,0,164080502080,20200306,1,181
2244,1,A,0,163280502080,20200306,1,182
2245,2,A,0,123280502080,20200306,1,183
2246,5,C,0,205080502080,20200306,1,184
2247,6,C,1,205080501680,20200306,1,185
2248,5,C,0,205080501664,20200306,1,186
2249,6,C,1,205080501264,20200306,1,187
2250,5,C,0,205080501251,20200306,1,188
2251,6,C,0,205080501051,20200306,1,189
2252,5,C,0,205080501040,20200306,1,190
2253,6,C,0,205080500840,20200306,1,191
2254,4,B,1,205080502080,20200306,1,192
2255,3,B,1,205080402080,20200306,1,193
2256,4,B,0,205064402080,20200306,1,194
2257,3,B,0,205064322080,20200306,1,195
2258,4,B,0,205051322080,20200306,1,196
2259,3,B,0,205051252080,20200306,1,197
2260,4,B,0,205040252080,20200306,1,198
2261,3,B,1,205040202080,20200306,1,199
2262,4,B,0,205032202080,20200306,1,200
2263,3,B,1,205032162080,20200306,1,201
2264,4,B,0,205026162080,20200306,1,202
2265,3,B,0,205026132080,20200306,1,203
2266,4,B,0,205020132080,20200306,1,204
2267,2,A,1,205080502080,20200306,1,205
2268,1,A,0,204080502080,20200306,1,206
2269,2,A,1,164080502080,20200306,1,207
2270,1,A,0,163280502080,20200306,1,208
2271,2,A,0,123280502080,20200306,1,209
2272,5,C,0,205080502080,20200306,1,210
2273,6,C,1,205080501680,20200306,1,211
2274,5,C,0,205080501664,20200306,1,212
2275,6,C,1,205080501264,20200306,1,213
2276,5,C,0,205080501251,20200306,1,214
2277,6,C,1,205080501051,20200306,1,215
2278,5,C,0,205080501040,20200306,1,216
2279,3,B,1,502050508050,20200306,2,0
2280,4,B,0,502040508050,20200306,2,1
2281,5,C,1,502050508050,20200306,2,2
2282,6,C,1,502050506450,20200306,2,3
2283,2,A,1,502050508050,20200306,2,4
2284,1,A,0,501650508050,20200306,2,5
2285,2,A,0,401650508050,20200306,2,6
2286,4,B,1,502050508050,20200306,2,7
2287,3,B,1,502050408050,20200306,2,8
2288,4,B,0,502040408050,20200306,2,9
2289,3,B,0,502040328050,20200306,2,10
2290,5,C,0,502050508050,20200306,2,11
2291,6,C,1,502050506450,20200306,2,12
2292,4,B,1,502050508050,20200306,2,13
2293,3,B,0,502050408050,20200306,2,14
2294,4,B,1,502040408050,20200306,2,15
2295,2,A,1,502050508050,20200306,2,16
2296,1,A,1,501650508050,20200306,2,17
2297,2,A,0,401650508050,20200306,2,18
2298,5,C,1,502050508050,20200306,2,19
2299,6,C,0,502050506450,20200306,2,20
2300,5,C,0,502050506440,20200306,2,21
2301,4,B,0,502050508050,20200306,2,22
2302,3,B,0,502050408050,20200306,2,23
2303,4,B,0,502040408050,20200306,2,24
2304,2,A,0,502050508050,20200306,2,25
2305,1,A,1,501650508050,20200306,2,26
2306,2,A,0,401650508050,20200306,2,27
2307,1,A,1,401250508050,20200306,2,28
2308,4,B,0,502050508050,20200306,2,29
2309,3,B,1,502050408050,20200306,2,30
2310,4,B,1,502040408050,20200306,2,31
2311,3,B,0,502040328050,20200306,2,32
2312,4,B,1,502032328050,20200306,2,33
2313,3,B,0,502032258050,20200306,2,34
2314,4,B,0,502025258050,20200306,2,35
2315,5,C,1,502050508050,20200306,2,36
2316,6,C,1,502050506450,20200306,2,37
2317,5,C,0,502050506440,20200306,2,38
2318,6,C,0,502050505140,20200306,2,39
2319,4,B,0,502050508050,20200306,2,40
2320,3,B,0,502050408050,20200306,2,41
2321,4,B,0,502040408050,20200306,2,42
2322,3,B,1,502040328050,20200306,2,43
2323,2,A,1,502050508050,20200306,2,44
2324,1,A,0,501650508050,20200306,2,45
2325,2,A,0,401650508050,20200306,2,46
2326,1,A,1,401250508050,20200306,2,47
2327,2,A,0,321250508050,20200306,2,48
2328,5,C,1,502050508050,20200306,2,49
2329,6,C,1,502050506450,20200306,2,50
2330,5,C,1,502050506440,20200306,2,51
2331,6,C,1,502050505140,20200306,2,52
2332,5,C,0,502050505132,20200306,2,53
2333,4,B,0,502050508050,20200306,2,54
2334,3,B,1,502050408050,20200306,2,55
2335,4,B,0,502040408050,20200306,2,56
2336,3,B,0,502040328050,20200306,2,57
2337,4,B,1,502032328050,20200306,2,58
2338,2,A,0,502050508050,20200306,2,59
2339,1,A,1,501650508050,20200306,2,60
2340,2,A,0,401650508050,20200306,2,61
2341,1,A,1,401250508050,20200306,2,62
2342,2,A,0,321250508050,20200306,2,63
2343,5,C,1,502050508050,20200306,2,64
2344,6,C,1,502050506450,20200306,2,65
2345,5,C,0,502050506440,20200306,2,66
2346,6,C,0,502050505140,20200306,2,67
2347,4,B,0,502050508050,20200306,2,68
2348,3,B,0,502050408050,20200306,2,69
2349,4,B,1,502040408050,20200306,2,70
2350,3,B,1,502040328050,20200306,2,71
2351,4,B,1,502032328050,20200306,2,72
2352,3,B,0,502032258050,20200306,2,73
2353,4,B,0,502025258050,20200306,2,74
2354,3,B,0,502025208050,20200306,2,75
2355,4,B,0,502020208050,20200306,2,76
2356,2,A,0,502050508050,20200306,2,77
2357,1,A,0,501650508050,20200306,2,78
2358,2,A,0,401650508050,20200306,2,79
2359,1,A,1,401250508050,20200306,2,80
2360,2,A,0,321250508050,20200306,2,81
2361,5,C,1,502050508050,20200306,2,82
2362,6,C,0,502050506450,20200306,2,83
2363,5,C,1,502050506440,20200306,2,84
2364,6,C,1,502050505140,20200306,2,85
2365,5,C,1,502050505132,20200306,2,86
2366,6,C,1,502050504032,20200306,2,87
2367,5,C,0,502050504025,20200306,2,88
2368,6,C,1,502050503225,20200306,2,89
2369,5,C,0,502050503220,20200306,2,90
2370,6,C,0,502050502620,20200306,2,91
2371,4,B,1,502050508050,20200306,2,92
2372,3,B,0,502050408050,20200306,2,93
2373,4,B,1,502040408050,20200306,2,94
2374,3,B,0,502040328050,20200306,2,95
2375,4,B,0,502032328050,20200306,2,96
2376,3,B,0,502032258050,20200306,2,97
2377,4,B,0,502025258050,20200306,2,98
2378,3,B,0,502025208050,20200306,2,99
2379,4,B,0,502020208050,20200306,2,100
2380,3,B,0,502020168050,20200306,2,101
2381,2,A,1,502050508050,20200306,2,102
2382,1,A,0,501650508050,20200306,2,103
2383,2,A,0,401650508050,20200306,2,104
2384,1,A,0,401250508050,20200306,2,105
2385,2,A,0,321250508050,20200306,2,106
2386,5,C,0,502050508050,20200306,2,107
2387,6,C,0,502050506450,20200306,2,108
2388,5,C,0,502050506440,20200306,2,109
2389,6,C,1,502050505140,20200306,2,110
2390,5,C,1,502050505132,20200306,2,111
2391,6,C,1,502050504032,20200306,2,112
2392,5,C,1,502050504025,20200306,2,113
2393,6,C,0,502050503225,20200306,2,114
2394,5,C,0,502050503220,20200306,2,115
2395,6,C,0,502050502620,20200306,2,116
2396,5,C,0,502050502616,20200306,2,117
2397,4,B,1,502050508050,20200306,2,118
2398,3,B,0,502050408050,20200306,2,119
2399,4,B,0,502040408050,20200306,2,120
2400,3,B,1,502040328050,20200306,2,121
2401,4,B,1,502032328050,20200306,2,122
2402,3,B,1,502032258050,20200306,2,123
2403,4,B,0,502025258050,20200306,2,124
2404,3,B,1,502025208050,20200306,2,125
2405,4,B,1,502020208050,20200306,2,126
2406,3,B,0,502020168050,20200306,2,127
2407,4,B,0,502016168050,20200306,2,128
2408,3,B,1,502016138050,20200306,2,129
2409,4,B,1,502013138050,20200306,2,130
2410,3,B,0,502013108050,20200306,2,131
2411,4,B,0,502010108050,20200306,2,132
2412,3,B,0,502010088050,20200306,2,133
2413,4,B,0,502008088050,20200306,2,134
2414,2,A,0,502050508050,20200306,2,135
2415,1,A,1,501650508050,20200306,2,136
2416,2,A,0,401650508050,20200306,2,137
2417,1,A,0,401250508050,20200306,2,138
2418,2,A,0,321250508050,20200306,2,139
2419,1,A,0,321050508050,20200306,2,140
2420,2,A,0,251050508050,20200306,2,141
2421,5,C,1,502050508050,20200306,2,142
2422,6,C,0,502050506450,20200306,2,143
2423,5,C,1,502050506440,20200306,2,144
2424,6,C,0,502050505140,20200306,2,145
2425,5,C,1,502050505132,20200306,2,146
2426,6,C,0,502050504032,20200306,2,147
2427,5,C,0,502050504025,20200306,2,148
2428,6,C,1,502050503225,20200306,2,149
2429,5,C,0,502050503220,20200306,2,150
2430,6,C,0,502050502620,20200306,2,151
2431,5,C,0,502050502616,20200306,2,152
2432,6,C,0,502050502016,20200306,2,153
2433,4,B,1,502050508050,20200306,2,154
2434,3,B,1,502050408050,20200306,2,155
2435,4,B,0,502040408050,20200306,2,156
2436,3,B,0,502040328050,20200306,2,157
2437,4,B,1,502032328050,20200306,2,158
2438,3,B,1,502032258050,20200306,2,159
2439,4,B,0,502025258050,20200306,2,160
2440,3,B,0,502025208050,20200306,2,161
2441,4,B,0,502020208050,20200306,2,162
2442,3,B,1,502020168050,20200306,2,163
2443,4,B,0,502016168050,20200306,2,164
2444,3,B,0,502016138050,20200306,2,165
2445,4,B,0,502013138050,20200306,2,166
2446,3,B,0,502013108050,20200306,2,167
2447,4,B,0,502010108050,20200306,2,168
2448,2,A,1,502050508050,20200306,2,169
2449,1,A,1,501650508050,20200306,2,170
2450,2,A,0,401650508050,20200306,2,171
2451,1,A,1,401250508050,20200306,2,172
2452,2,A,0,321250508050,20200306,2,173
2453,1,A,0,321050508050,20200306,2,174
2454,2,A,0,251050508050,20200306,2,175
2455,5,C,1,502050508050,20200306,2,176
2456,6,C,0,502050506450,20200306,2,177
2457,5,C,0,502050506440,20200306,2,178
2458,6,C,0,502050505140,20200306,2,179
2459,4,B,1,502050508050,20200306,2,180
2460,3,B,0,502050408050,20200306,2,181
2461,4,B,1,502040408050,20200306,2,182
2462,3,B,0,502040328050,20200306,2,183
2463,4,B,0,502032328050,20200306,2,184
2464,3,B,0,502032258050,20200306,2,185
2465,4,B,1,502025258050,20200306,2,186
2466,3,B,0,502025208050,20200306,2,187
2467,4,B,0,502020208050,20200306,2,188
2468,3,B,1,502020168050,20200306,2,189
2469,4,B,1,502016168050,20200306,2,190
2470,3,B,0,502016138050,20200306,2,191
2471,4,B,0,502013138050,20200306,2,192
2472,3,B,0,502013108050,20200306,2,193
2473,4,B,0,502010108050,20200306,2,194
2474,2,A,0,502050508050,20200306,2,195
2475,1,A,1,501650508050,20200306,2,196
2476,2,A,0,401650508050,20200306,2,197
2477,1,A,0,401250508050,20200306,2,198
2478,2,A,0,321250508050,20200306,2,199
2479,1,A,1,321050508050,20200306,2,200
2480,2,A,0,251050508050,20200306,2,201
2481,1,A,0,250850508050,20200306,2,202
2482,4,B,1,502050508050,20200306,2,203
2483,3,B,0,502050408050,20200306,2,204
2484,4,B,0,502040408050,20200306,2,205
2485,3,B,0,502040328050,20200306,2,206
2486,4,B,0,502032328050,20200306,2,207
2487,3,B,0,502032258050,20200306,2,208
2488,4,B,1,502025258050,20200306,2,209
2489,3,B,0,502025208050,20200306,2,210
2490,4,B,0,502020208050,20200306,2,211
2491,5,C,1,502050508050,20200306,2,212
2492,6,C,1,502050506450,20200306,2,213
2493,5,C,1,502050506440,20200306,2,214
2494,6,C,1,502050505140,20200306,2,215
2495,5,C,1,502050505132,20200306,2,216
2496,6,C,1,502050504032,20200306,2,217
2497,5,C,0,502050504025,20200306,2,218
2498,6,C,1,502050503225,20200306,2,219
2499,5,C,0,502050503220,20200306,2,220
2500,6,C,0,502050502620,20200306,2,221
2501,5,C,1,502050502616,20200306,2,222
2502,6,C,0,502050502016,20200306,2,223
2503,5,C,0,502050502013,20200306,2,224
2504,6,C,0,502050501613,20200306,2,225
2505,4,B,1,502050508050,20200306,2,226
2506,3,B,1,502050408050,20200306,2,227
2507,4,B,0,502040408050,20200306,2,228
2508,3,B,0,502040328050,20200306,2,229
2509,4,B,1,502032328050,20200306,2,230
2510,3,B,0,502032258050,20200306,2,231
2511,4,B,0,502025258050,20200306,2,232
2512,3,B,0,502025208050,20200306,2,233
2513,4,B,1,502020208050,20200306,2,234
2514,4,B,0,208080505050,20200306,3,0
2515,3,B,0,208080405050,20200306,3,1
2516,5,C,1,208080505050,20200306,3,2
2517,6,C,1,208080504050,20200306,3,3
2518,5,C,1,208080504040,20200306,3,4
2519,2,A,1,208080505050,20200306,3,5
2520,1,A,0,206480505050,20200306,3,6
2521,2,A,1,166480505050,20200306,3,7
2522,4,B,0,208080505050,20200306,3,8
2523,3,B,1,208080405050,20200306,3,9
2524,4,B,1,208064405050,20200306,3,10
2525,3,B,0,208064325050,20200306,3,11
2526,4,B,1,208051325050,20200306,3,12
2527,2,A,0,208080505050,20200306,3,13
2528,1,A,0,206480505050,20200306,3,14
2529,2,A,1,166480505050,20200306,3,15
2530,5,C,1,208080505050,20200306,3,16
2531,6,C,0,208080504050,20200306,3,17
2532,5,C,1,208080504040,20200306,3,18
2533,6,C,0,208080503240,20200306,3,19
2534,5,C,0,208080503232,20200306,3,20
2535,4,B,1,208080505050,20200306,3,21
2536,3,B,0,208080405050,20200306,3,22
2537,4,B,0,208064405050,20200306,3,23
2538,3,B,0,208064325050,20200306,3,24
2539,4,B,1,208051325050,20200306,3,25
2540,2,A,1,208080505050,20200306,3,26
2541,1,A,0,206480505050,20200306,3,27
2542,2,A,1,166480505050,20200306,3,28
2543,5,C,0,208080505050,20200306,3,29
2544,6,C,1,208080504050,20200306,3,30
2545,5,C,1,208080504040,20200306,3,31
2546,6,C,0,208080503240,20200306,3,32
2547,5,C,1,208080503232,20200306,3,33
2548,4,B,1,208080505050,20200306,3,34
2549,3,B,1,208080405050,20200306,3,35
2550,4,B,0,208064405050,20200306,3,36
2551,3,B,0,208064325050,20200306,3,37
2552,4,B,0,208051325050,20200306,3,38
2553,3,B,1,208051255050,20200306,3,39
2554,4,B,0,208040255050,20200306,3,40
2555,3,B,1,208040205050,20200306,3,41
2556,4,B,0,208032205050,20200306,3,42
2557,3,B,0,208032165050,20200306,3,43
2558,4,B,0,208026165050,20200306,3,44
2559,2,A,0,208080505050,20200306,3,45
2560,1,A,0,206480505050,20200306,3,46
2561,2,A,0,166480505050,20200306,3,47
2562,1,A,0,165180505050,20200306,3,48
2563,2,A,1,125180505050,20200306,3,49
2564,5,C,1,208080505050,20200306,3,50
2565,6,C,0,208080504050,20200306,3,51
2566,5,C,1,208080504040,20200306,3,52
2567,6,C,1,208080503240,20200306,3,53
2568,5,C,1,208080503232,20200306,3,54
2569,6,C,0,208080502532,20200306,3,55
2570,5,C,0,208080502525,20200306,3,56
2571,4,B,1,208080505050,20200306,3,57
2572,3,B,1,208080405050,20200306,3,58
2573,4,B,0,208064405050,20200306,3,59
2574,3,B,0,208064325050,20200306,3,60
2575,4,B,1,208051325050,20200306,3,61
2576,3,B,1,208051255050,20200306,3,62
2577,4,B,1,208040255050,20200306,3,63
2578,3,B,0,208040205050,20200306,3,64
2579,4,B,0,208032205050,20200306,3,65
2580,3,B,1,208032165050,20200306,3,66
2581,4,B,0,208026165050,20200306,3,67
2582,3,B,1,208026135050,20200306,3,68
2583,4,B,0,208020135050,20200306,3,69
2584,3,B,0,208020105050,20200306,3,70
2585,4,B,0,208016105050,20200306,3,71
2586,2,A,1,208080505050,20200306,3,72
2587,1,A,1,206480505050,20200306,3,73
2588,2,A,1,166480505050,20200306,3,74
2589,1,A,0,165180505050,20200306,3,75
2590,2,A,0,125180505050,20200306,3,76
2591,1,A,0,124080505050,20200306,3,77
2592,2,A,1,104080505050,20200306,3,78
2593,5,C,1,208080505050,20200306,3,79
2594,6,C,0,208080504050,20200306,3,80
2595,5,C,0,208080504040,20200306,3,81
2596,6,C,1,208080503240,20200306,3,82
2597,5,C,1,208080503232,20200306,3,83
2598,6,C,0,208080502532,20200306,3,84
2599,5,C,0,208080502525,20200306,3,85
2600,4,B,0,208080505050,20200306,3,86
2601,3,B,1,208080405050,20200306,3,87
2602,4,B,0,208064405050,20200306,3,88
2603,3,B,0,208064325050,20200306,3,89
2604,4,B,0,208051325050,20200306,3,90
2605,3,B,0,208051255050,20200306,3,91
2606,4,B,0,208040255050,20200306,3,92
2607,2,A,1,208080505050,20200306,3,93
2608,1,A,0,206480505050,20200306,3,94
2609,2,A,1,166480505050,20200306,3,95
2610,1,A,0,165180505050,20200306,3,96
2611,2,A,0,125180505050,20200306,3,97
2612,5,C,0,208080505050,20200306,3,98
2613,6,C,0,208080504050,20200306,3,99
2614,5,C,1,208080504040,20200306,3,100
2615,6,C,1,208080503240,20200306,3,101
2616,5,C,1,208080503232,20200306,3,102
2617,6,C,0,208080502532,20200306,3,103
2618,5,C,0,208080502525,20200306,3,104
2619,4,B,1,208080505050,20200306,3,105
2620,3,B,1,208080405050,20200306,3,106
2621,4,B,0,208064405050,20200306,3,107
2622,3,B,1,208064325050,20200306,3,108
2623,4,B,0,208051325050,20200306,3,109
2624,3,B,0,208051255050,20200306,3,110
2625,4,B,0,208040255050,20200306,3,111
2626,3,B,0,208040205050,20200306,3,112
2627,4,B,0,208032205050,20200306,3,113
2628,2,A,1,208080505050,20200306,3,114
2629,1,A,0,206480505050,20200306,3,115
2630,2,A,0,166480505050,20200306,3,116
2631,1,A,0,165180505050,20200306,3,117
2632,2,A,1,125180505050,20200306,3,118
2633,5,C,0,208080505050,20200306,3,119
2634,6,C,1,208080504050,20200306,3,120
2635,5,C,0,208080504040,20200306,3,121
2636,6,C,1,208080503240,20200306,3,122
2637,5,C,0,208080503232,20200306,3,123
2638,6,C,0,208080502532,20200306,3,124
2639,5,C,0,208080502525,20200306,3,125
2640,6,C,0,208080502025,20200306,3,126
2641,4,B,0,208080505050,20200306,3,127
2642,3,B,1,208080405050,20200306,3,128
2643,4,B,0,208064405050,20200306,3,129
2644,3,B,1,208064325050,20200306,3,130
2645,4,B,0,208051325050,20200306,3,131
2646,3,B,1,208051255050,20200306,3,132
2647,4,B,1,208040255050,20200306,3,133
2648,3,B,1,208040205050,20200306,3,134
2649,4,B,1,208032205050,20200306,3,135
2650,3,B,0,208032165050,20200306,3,136
2651,4,B,1,208026165050,20200306,3,137
2652,3,B,0,208026135050,20200306,3,138
2653,4,B,0,208020135050,20200306,3,139
2654,3,B,0,208020105050,20200306,3,140
2655,4,B,0,208016105050,20200306,3,141
2656,2,A,1,208080505050,20200306,3,142
2657,1,A,0,206480505050,20200306,3,143
2658,2,A,1,166480505050,20200306,3,144
2659,1,A,1,165180505050,20200306,3,145
2660,2,A,1,125180505050,20200306,3,146
2661,1,A,0,124080505050,20200306,3,147
2662,2,A,0,104080505050,20200306,3,148
2663,5,C,0,208080505050,20200306,3,149
2664,6,C,0,208080504050,20200306,3,150
2665,5,C,1,208080504040,20200306,3,151
2666,6,C,0,208080503240,20200306,3,152
2667,5,C,0,208080503232,20200306,3,153
2668,6,C,0,208080502532,20200306,3,154
2669,5,C,0,208080502525,20200306,3,155
2670,4,B,0,208080505050,20200306,3,156
2671,3,B,1,208080405050,20200306,3,157
2672,4,B,0,208064405050,20200306,3,158
2673,3,B,1,208064325050,20200306,3,159
2674,4,B,1,208051325050,20200306,3,160
2675,3,B,0,208051255050,20200306,3,161
2676,4,B,1,208040255050,20200306,3,162
2677,3,B,0,208040205050,20200306,3,163
2678,4,B,1,208032205050,20200306,3,164
2679,3,B,0,208032165050,20200306,3,165
2680,4,B,1,208026165050,20200306,3,166
2681,3,B,0,208026135050,20200306,3,167
2682,4,B,0,208020135050,20200306,3,168
2683,3,B,0,208020105050,20200306,3,169
2684,4,B,0,208016105050,20200306,3,170
2685,2,A,1,208080505050,20200306,3,171
2686,1,A,0,206480505050,20200306,3,172
2687,2,A,0,166480505050,20200306,3,173
2688,1,A,0,165180505050,20200306,3,174
2689,2,A,1,125180505050,20200306,3,175
2690,5,C,0,208080505050,20200306,3,176
2691,6,C,1,208080504050,20200306,3,177
2692,5,C,1,208080504040,20200306,3,178
2693,6,C,1,208080503240,20200306,3,179
2694,5,C,0,208080503232,20200306,3,180
2695,6,C,1,208080502532,20200306,3,181
2696,5,C,0,208080502525,20200306,3,182
2697,6,C,0,208080502025,20200306,3,183
2698,5,C,1,208080502020,20200306,3,184
2699,6,C,0,208080501620,20200306,3,185
2700,5,C,0,208080501616,20200306,3,186
2701,4,B,1,208080505050,20200306,3,187
2702,3,B,1,208080405050,20200306,3,188
2703,4,B,1,208064405050,20200306,3,189
2704,3,B,0,208064325050,20200306,3,190
2705,4,B,0,208051325050,20200306,3,191
2706,3,B,0,208051255050,20200306,3,192
2707,4,B,1,208040255050,20200306,3,193
2708,3,B,0,208040205050,20200306,3,194
2709,4,B,0,208032205050,20200306,3,195
2710,3,B,1,208032165050,20200306,3,196
2711,4,B,1,208026165050,20200306,3,197
2712,3,B,1,208026135050,20200306,3,198
2713,4,B,0,208020135050,20200306,3,199
2714,3,B,0,208020105050,20200306,3,200
2715,4,B,0,208016105050,20200306,3,201
2716,3,B,1,208016085050,20200306,3,202
2717,4,B,0,208013085050,20200306,3,203
2718,3,B,0,208013065050,20200306,3,204
2719,4,B,0,208010065050,20200306,3,205
2720,3,B,0,208010055050,20200306,3,206
2721,4,B,0,208008055050,20200306,3,207
2722,3,B,0,208008045050,20200306,3,208
2723,4,B,0,208006045050,20200306,3,209
2724,3,B,0,208006035050,20200306,3,210
2725,4,B,0,208005035050,20200306,3,211
2726,2,A,1,208080505050,20200306,3,212
2727,1,A,0,206480505050,20200306,3,213
2728,2,A,1,166480505050,20200306,3,214
2729,1,A,0,165180505050,20200306,3,215
2730,2,A,0,125180505050,20200306,3,216
2731,5,C,0,208080505050,20200306,3,217
2732,6,C,0,208080504050,20200306,3,218
2733,5,C,0,208080504040,20200306,3,219
2734,6,C,0,208080503240,20200306,3,220
2735,5,C,0,208080503232,20200306,3,221
2736,6,C,0,208080502532,20200306,3,222
2737,4,B,1,208080505050,20200306,3,223
2738,3,B,1,208080405050,20200306,3,224
2739,4,B,0,208064405050,20200306,3,225
2740,3,B,0,208064325050,20200306,3,226
2741,4,B,1,208051325050,20200306,3,227
2742,3,B,0,208051255050,20200306,3,228
2743,4,B,0,208040255050,20200306,3,229
2744,3,B,1,208040205050,20200306,3,230
2745,3,B,0,502050808020,20200307,1,0
2746,4,B,1,502040808020,20200307,1,1
2747,2,A,0,502050808020,20200307,1,2
2748,1,A,1,501650808020,20200307,1,3
2749,2,A,0,401650808020,20200307,1,4
2750,5,C,1,502050808020,20200307,1,5
2751,6,C,0,502050806420,20200307,1,6
2752,5,C,1,502050806416,20200307,1,7
2753,6,C,0,502050805116,20200307,1,8
2754,4,B,1,502050808020,20200307,1,9
2755,3,B,1,502050648020,20200307,1,10
2756,4,B,1,502040648020,20200307,1,11
2757,3,B,1,502040518020,20200307,1,12
2758,2,A,0,502050808020,20200307,1,13
2759,1,A,1,501650808020,20200307,1,14
2760,2,A,0,401650808020,20200307,1,15
2761,5,C,0,502050808020,20200307,1,16
2762,6,C,0,502050806420,20200307,1,17
2763,5,C,0,502050806416,20200307,1,18
2764,4,B,0,502050808020,20200307,1,19
2765,3,B,1,502050648020,20200307,1,20
2766,4,B,1,502040648020,20200307,1,21
2767,3,B,0,502040518020,20200307,1,22
2768,4,B,0,502032518020,20200307,1,23
2769,2,A,0,502050808020,20200307,1,24
2770,1,A,1,501650808020,20200307,1,25
2771,2,A,0,401650808020,20200307,1,26
2772,1,A,0,401250808020,20200307,1,27
2773,5,C,1,502050808020,20200307,1,28
2774,6,C,1,502050806420,20200307,1,29
2775,5,C,0,502050806416,20200307,1,30
2776,6,C,0,502050805116,20200307,1,31
2777,5,C,1,502050805112,20200307,1,32
2778,4,B,1,502050808020,20200307,1,33
2779,3,B,1,502050648020,20200307,1,34
2780,4,B,1,502040648020,20200307,1,35
2781,3,B,1,502040518020,20200307,1,36
2782,4,B,0,502032518020,20200307,1,37
2783,3,B,0,502032408020,20200307,1,38
2784,4,B,0,502025408020,20200307,1,39
2785,2,A,0,502050808020,20200307,1,40
2786,1,A,0,501650808020,20200307,1,41
2787,2,A,0,401650808020,20200307,1,42
2788,5,C,1,502050808020,20200307,1,43
2789,6,C,0,502050806420,20200307,1,44
2790,5,C,1,502050806416,20200307,1,45
2791,4,B,0,502050808020,20200307,1,46
2792,3,B,1,502050648020,20200307,1,47
2793,4,B,1,502040648020,20200307,1,48
2794,3,B,1,502040518020,20200307,1,49
2795,4,B,1,502032518020,20200307,1,50
2796,3,B,1,502032408020,20200307,1,51
2797,4,B,1,502025408020,20200307,1,52
2798,3,B,0,502025328020,20200307,1,53
2799,4,B,1,502020328020,20200307,1,54
2800,1,A,1,502050808020,20200307,1,55
2801,2,A,0,402050808020,20200307,1,56
2802,1,A,0,401650808020,20200307,1,57
2803,2,A,0,321650808020,20200307,1,58
2804,5,C,1,502050808020,20200307,1,59
2805,6,C,0,502050806420,20200307,1,60
2806,5,C,1,502050806416,20200307,1,61
2807,4,B,1,502050808020,20200307,1,62
2808,3,B,0,502050648020,20200307,1,63
2809,4,B,1,502040648020,20200307,1,64
2810,3,B,0,502040518020,20200307,1,65
2811,4,B,0,502032518020,20200307,1,66
2812,3,B,0,502032408020,20200307,1,67
2813,4,B,0,502025408020,20200307,1,68
2814,2,A,0,502050808020,20200307,1,69
2815,1,A,0,501650808020,20200307,1,70
2816,2,A,0,401650808020,20200307,1,71
2817,5,C,1,502050808020,20200307,1,72
2818,6,C,0,502050806420,20200307,1,73
2819,5,C,0,502050806416,20200307,1,74
2820,4,B,1,502050808020,20200307,1,75
2821,3,B,1,502050648020,20200307,1,76
2822,4,B,1,502040648020,20200307,1,77
2823,3,B,0,502040518020,20200307,1,78
2824,4,B,1,502032518020,20200307,1,79
2825,3,B,0,502032408020,20200307,1,80
2826,4,B,1,502025408020,20200307,1,81
2827,3,B,1,502025328020,20200307,1,82
2828,4,B,1,502020328020,20200307,1,83
2829,3,B,0,502020268020,20200307,1,84
2830,4,B,1,502016268020,20200307,1,85
2831,3,B,0,502016208020,20200307,1,86
2832,4,B,0,502013208020,20200307,1,87
2833,5,C,1,502050808020,20200307,1,88
2834,6,C,0,502050806420,20200307,1,89
2835,5,C,1,502050806416,20200307,1,90
2836,6,C,0,502050805116,20200307,1,91
2837,5,C,1,502050805112,20200307,1,92
2838,4,B,0,502050808020,20200307,1,93
2839,3,B,0,502050648020,20200307,1,94
2840,4,B,1,502040648020,20200307,1,95
2841,3,B,1,502040518020,20200307,1,96
2842,4,B,0,502032518020,20200307,1,97
2843,3,B,1,502032408020,20200307,1,98
2844,4,B,0,502025408020,20200307,1,99
2845,3,B,0,502025328020,20200307,1,100
2846,4,B,1,502020328020,20200307,1,101
2847,3,B,0,502020268020,20200307,1,102
2848,4,B,0,502016268020,20200307,1,103
2849,2,A,0,502050808020,20200307,1,104
2850,1,A,1,501650808020,20200307,1,105
2851,2,A,0,401650808020,20200307,1,106
2852,1,A,0,401250808020,20200307,1,107
2853,5,C,1,502050808020,20200307,1,108
2854,6,C,0,502050806420,20200307,1,109
2855,5,C,1,502050806416,20200307,1,110
2856,4,B,1,502050808020,20200307,1,111
2857,3,B,0,502050648020,20200307,1,112
2858,4,B,0,502040648020,20200307,1,113
2859,3,B,1,502040518020,20200307,1,114
2860,4,B,1,502032518020,20200307,1,115
2861,3,B,1,502032408020,20200307,1,116
2862,4,B,0,502025408020,20200307,1,117
2863,3,B,0,502025328020,20200307,1,118
2864,4,B,1,502020328020,20200307,1,119
2865,3,B,0,502020268020,20200307,1,120
2866,4,B,0,502016268020,20200307,1,121
2867,3,B,0,502016208020,20200307,1,122
2868,4,B,0,502013208020,20200307,1,123
2869,5,C,1,502050808020,20200307,1,124
2870,6,C,0,502050806420,20200307,1,125
2871,5,C,1,502050806416,20200307,1,126
2872,6,C,1,502050805116,20200307,1,127
2873,5,C,1,502050805112,20200307,1,128
2874,6,C,0,502050804012,20200307,1,129
2875,5,C,0,502050804010,20200307,1,130
2876,4,B,1,502050808020,20200307,1,131
2877,3,B,0,502050648020,20200307,1,132
2878,4,B,1,502040648020,20200307,1,133
2879,3,B,0,502040518020,20200307,1,134
2880,4,B,0,502032518020,20200307,1,135
2881,3,B,0,502032408020,20200307,1,136
2882,4,B,0,502025408020,20200307,1,137
2883,5,C,1,502050808020,20200307,1,138
2884,6,C,0,502050806420,20200307,1,139
2885,5,C,1,502050806416,20200307,1,140
2886,6,C,0,502050805116,20200307,1,141
2887,5,C,0,502050805112,20200307,1,142
2888,4,B,1,502050808020,20200307,1,143
2889,3,B,1,502050648020,20200307,1,144
2890,4,B,1,502040648020,20200307,1,145
2891,3,B,0,502040518020,20200307,1,146
2892,4,B,0,502032518020,20200307,1,147
2893,3,B,0,502032408020,20200307,1,148
2894,4,B,0,502025408020,20200307,1,149
2895,3,B,0,502025328020,20200307,1,150
2896,4,B,0,502020328020,20200307,1,151
2897,5,C,1,502050808020,20200307,1,152
2898,6,C,0,502050806420,20200307,1,153
2899,5,C,1,502050806416,20200307,1,154
2900,4,B,1,502050808020,20200307,1,155
2901,3,B,0,502050648020,20200307,1,156
2902,4,B,1,502040648020,20200307,1,157
2903,3,B,1,502040518020,20200307,1,158
2904,4,B,0,502032518020,20200307,1,159
2905,3,B,0,502032408020,20200307,1,160
2906,4,B,0,502025408020,20200307,1,161
2907,5,C,1,502050808020,20200307,1,162
2908,6,C,0,502050806420,20200307,1,163
2909,5,C,1,502050806416,20200307,1,164
2910,6,C,0,502050805116,20200307,1,165
2911,5,C,0,502050805112,20200307,1,166
2912,6,C,0,502050804012,20200307,1,167
2913,5,C,0,502050804010,20200307,1,168
2914,4,B,1,502050808020,20200307,1,169
2915,3,B,1,502050648020,20200307,1,170
2916,4,B,0,502040648020,20200307,1,171
2917,3,B,0,502040518020,20200307,1,172
2918,4,B,1,502032518020,20200307,1,173
2919,3,B,0,502032408020,20200307,1,174
2920,4,B,1,502025408020,20200307,1,175
2921,3,B,0,502025328020,20200307,1,176
2922,4,B,0,502020328020,20200307,1,177
2923,5,C,0,502050808020,20200307,1,178
2924,6,C,0,502050806420,20200307,1,179
2925,5,C,0,502050806416,20200307,1,180
2926,4,B,0,502050808020,20200307,1,181
2927,3,B,1,502050648020,20200307,1,182
2928,4,B,1,502040648020,20200307,1,183
2929,3,B,0,502040518020,20200307,1,184
2930,4,B,1,502032518020,20200307,1,185
2931,3,B,0,502032408020,20200307,1,186
2932,4,B,0,502025408020,20200307,1,187
2933,5,C,1,502050808020,20200307,1,188
2934,6,C,0,502050806420,20200307,1,189
2935,5,C,1,502050806416,20200307,1,190
2936,6,C,0,502050805116,20200307,1,191
2937,5,C,1,502050805112,20200307,1,192
2938,6,C,0,502050804012,20200307,1,193
2939,5,C,0,502050804010,20200307,1,194
2940,4,B,1,502050808020,20200307,1,195
2941,3,B,1,502050648020,20200307,1,196
2942,4,B,1,502040648020,20200307,1,197
2943,3,B,1,502040518020,20200307,1,198
2944,4,B,1,502032518020,20200307,1,199
2945,3,B,0,502032408020,20200307,1,200
2946,4,B,0,502025408020,20200307,1,201
2947,3,B,1,502025328020,20200307,1,202
2948,4,B,0,502020328020,20200307,1,203
2949,3,B,0,502020268020,20200307,1,204
2950,4,B,0,502016268020,20200307,1,205
2951,3,B,0,502016208020,20200307,1,206
2952,4,B,0,502013208020,20200307,1,207
2953,5,C,1,502050808020,20200307,1,208
2954,6,C,0,502050806420,20200307,1,209
2955,5,C,0,502050806416,20200307,1,210
2956,4,B,1,502050808020,20200307,1,211
2957,3,B,0,502050648020,20200307,1,212
2958,4,B,1,502040648020,20200307,1,213
2959,3,B,0,502040518020,20200307,1,214
2960,4,B,1,502032518020,20200307,1,215
2961,3,B,0,502032408020,20200307,1,216
2962,4,B,0,502025408020,20200307,1,217
2963,3,B,0,805020202050,20200307,2,0
2964,4,B,0,805016202050,20200307,2,1
2965,5,C,1,805020202050,20200307,2,2
2966,6,C,0,805020201650,20200307,2,3
2967,2,A,0,805020202050,20200307,2,4
2968,1,A,1,804020202050,20200307,2,5
2969,2,A,1,644020202050,20200307,2,6
2970,4,B,0,805020202050,20200307,2,7
2971,3,B,1,805020162050,20200307,2,8
2972,4,B,0,805016162050,20200307,2,9
2973,3,B,0,805016122050,20200307,2,10
2974,4,B,0,805012122050,20200307,2,11
2975,5,C,0,805020202050,20200307,2,12
2976,6,C,1,805020201650,20200307,2,13
2977,2,A,1,805020202050,20200307,2,14
2978,1,A,1,804020202050,20200307,2,15
2979,2,A,0,644020202050,20200307,2,16
2980,1,A,0,643220202050,20200307,2,17
2981,4,B,0,805020202050,20200307,2,18
2982,3,B,1,805020162050,20200307,2,19
2983,4,B,0,805016162050,20200307,2,20
2984,3,B,0,805016122050,20200307,2,21
2985,4,B,0,805012122050,20200307,2,22
2986,5,C,0,805020202050,20200307,2,23
2987,6,C,0,805020201650,20200307,2,24
2988,5,C,0,805020201640,20200307,2,25
2989,6,C,1,805020201240,20200307,2,26
2990,4,B,0,805020202050,20200307,2,27
2991,3,B,0,805020162050,20200307,2,28
2992,4,B,0,805016162050,20200307,2,29
2993,3,B,0,805016122050,20200307,2,30
2994,2,A,1,805020202050,20200307,2,31
2995,1,A,1,804020202050,20200307,2,32
2996,2,A,0,644020202050,20200307,2,33
2997,1,A,1,643220202050,20200307,2,34
2998,5,C,0,805020202050,20200307,2,35
2999,6,C,0,805020201650,20200307,2,36
3000,5,C,0,805020201640,20200307,2,37
3001,6,C,1,805020201240,20200307,2,38
3002,4,B,0,805020202050,20200307,2,39
3003,3,B,0,805020162050,20200307,2,40
3004,4,B,0,805016162050,20200307,2,41
3005,3,B,0,805016122050,20200307,2,42
3006,2,A,0,805020202050,20200307,2,43
3007,1,A,1,804020202050,20200307,2,44
3008,2,A,0,644020202050,20200307,2,45
3009,1,A,1,643220202050,20200307,2,46
3010,4,B,0,805020202050,20200307,2,47
3011,3,B,0,805020162050,20200307,2,48
3012,4,B,0,805016162050,20200307,2,49
3013,3,B,1,805016122050,20200307,2,50
3014,5,C,1,805020202050,20200307,2,51
3015,6,C,1,805020201650,20200307,2,52
3016,5,C,0,805020201640,20200307,2,53
3017,6,C,1,805020201240,20200307,2,54
3018,5,C,0,805020201232,20200307,2,55
3019,6,C,0,805020201032,20200307,2,56
3020,3,B,0,805020202050,20200307,2,57
3021,4,B,0,805016202050,20200307,2,58
3022,3,B,0,805016162050,20200307,2,59
3023,2,A,1,805020202050,20200307,2,60
3024,1,A,1,804020202050,20200307,2,61
3025,2,A,1,644020202050,20200307,2,62
3026,1,A,1,643220202050,20200307,2,63
3027,2,A,0,513220202050,20200307,2,64
3028,1,A,1,512520202050,20200307,2,65
3029,2,A,1,402520202050,20200307,2,66
3030,1,A,0,402020202050,20200307,2,67
3031,2,A,0,322020202050,20200307,2,68
3032,5,C,0,805020202050,20200307,2,69
3033,6,C,0,805020201650,20200307,2,70
3034,5,C,0,805020201640,20200307,2,71
3035,4,B,1,805020202050,20200307,2,72
3036,3,B,0,805020162050,20200307,2,73
3037,4,B,1,805016162050,20200307,2,74
3038,3,B,0,805016122050,20200307,2,75
3039,4,B,0,805012122050,20200307,2,76
3040,3,B,0,805012102050,20200307,2,77
3041,4,B,0,805010102050,20200307,2,78
3042,3,B,1,805010082050,20200307,2,79
3043,5,C,0,805020202050,20200307,2,80
3044,6,C,1,805020201650,20200307,2,81
3045,5,C,0,805020201640,20200307,2,82
3046,6,C,1,805020201240,20200307,2,83
3047,2,A,0,805020202050,20200307,2,84
3048,1,A,1,804020202050,20200307,2,85
3049,2,A,1,644020202050,20200307,2,86
3050,1,A,0,643220202050,20200307,2,87
3051,2,A,1,513220202050,20200307,2,88
3052,1,A,0,512520202050,20200307,2,89
3053,2,A,1,402520202050,20200307,2,90
3054,1,A,0,402020202050,20200307,2,91
3055,2,A,0,322020202050,20200307,2,92
3056,1,A,1,321620202050,20200307,2,93
3057,2,A,0,261620202050,20200307,2,94
3058,1,A,0,261320202050,20200307,2,95
3059,2,A,0,201320202050,20200307,2,96
3060,4,B,1,805020202050,20200307,2,97
3061,3,B,0,805020162050,20200307,2,98
3062,4,B,0,805016162050,20200307,2,99
3063,3,B,0,805016122050,20200307,2,100
3064,4,B,0,805012122050,20200307,2,101
3065,5,C,0,805020202050,20200307,2,102
3066,6,C,0,805020201650,20200307,2,103
3067,5,C,0,805020201640,20200307,2,104
3068,6,C,0,805020201240,20200307,2,105
3069,3,B,0,805020202050,20200307,2,106
3070,4,B,0,805016202050,20200307,2,107
3071,3,B,0,805016162050,20200307,2,108
3072,4,B,0,805012162050,20200307,2,109
3073,3,B,0,805012122050,20200307,2,110
3074,4,B,0,805010122050,20200307,2,111
3075,2,A,1,805020202050,20200307,2,112
3076,1,A,1,804020202050,20200307,2,113
3077,2,A,0,644020202050,20200307,2,114
3078,1,A,1,643220202050,20200307,2,115
3079,2,A,1,513220202050,20200307,2,116
3080,1,A,0,512520202050,20200307,2,117
3081,2,A,0,402520202050,20200307,2,118
3082,1,A,1,402020202050,20200307,2,119
3083,2,A,0,322020202050,20200307,2,120
3084,1,A,1,321620202050,20200307,2,121
3085,2,A,0,261620202050,20200307,2,122
3086,1,A,0,261320202050,20200307,2,123
3087,2,A,0,201320202050,20200307,2,124
3088,5,C,0,805020202050,20200307,2,125
3089,6,C,0,805020201650,20200307,2,126
3090,5,C,0,805020201640,20200307,2,127
3091,6,C,1,805020201240,20200307,2,128
3092,5,C,0,805020201232,20200307,2,129
3093,6,C,0,805020201032,20200307,2,130
3094,5,C,0,805020201025,20200307,2,131
3095,2,A,0,805020202050,20200307,2,132
3096,1,A,1,804020202050,20200307,2,133
3097,2,A,1,644020202050,20200307,2,134
3098,1,A,1,643220202050,20200307,2,135
3099,2,A,0,513220202050,20200307,2,136
3100,1,A,0,512520202050,20200307,2,137
3101,2,A,0,402520202050,20200307,2,138
3102,1,A,1,402020202050,20200307,2,139
3103,2,A,1,322020202050,20200307,2,140
3104,1,A,0,321620202050,20200307,2,141
3105,2,A,0,261620202050,20200307,2,142
3106,1,A,0,261320202050,20200307,2,143
3107,2,A,0,201320202050,20200307,2,144
3108,4,B,0,805020202050,20200307,2,145
3109,3,B,1,805020162050,20200307,2,146
3110,4,B,1,805016162050,20200307,2,147
3111,3,B,0,805016122050,20200307,2,148
3112,4,B,0,805012122050,20200307,2,149
3113,3,B,1,805012102050,20200307,2,150
3114,4,B,1,805010102050,20200307,2,151
3115,3,B,0,805010082050,20200307,2,152
3116,4,B,0,805008082050,20200307,2,153
3117,3,B,0,805008062050,20200307,2,154
3118,2,A,0,805020202050,20200307,2,155
3119,1,A,1,804020202050,20200307,2,156
3120,2,A,0,644020202050,20200307,2,157
3121,1,A,1,643220202050,20200307,2,158
3122,2,A,0,513220202050,20200307,2,159
3123,1,A,0,512520202050,20200307,2,160
3124,2,A,1,402520202050,20200307,2,161
3125,1,A,0,402020202050,20200307,2,162
3126,2,A,0,322020202050,20200307,2,163
3127,1,A,0,321620202050,20200307,2,164
3128,2,A,1,261620202050,20200307,2,165
3129,1,A,0,261320202050,20200307,2,166
3130,2,A,0,201320202050,20200307,2,167
3131,5,C,0,805020202050,20200307,2,168
3132,6,C,1,805020201650,20200307,2,169
3133,5,C,0,805020201640,20200307,2,170
3134,6,C,0,805020201240,20200307,2,171
3135,5,C,0,805020201232,20200307,2,172
3136,6,C,0,805020201032,20200307,2,173
3137,4,B,0,805020202050,20200307,2,174
3138,3,B,0,805020162050,20200307,2,175
3139,4,B,0,805016162050,20200307,2,176
3140,3,B,0,805016122050,20200307,2,177
3141,4,B,0,805012122050,20200307,2,178
3142,2,A,0,805020202050,20200307,2,179
3143,1,A,1,804020202050,20200307,2,180
3144,2,A,1,644020202050,20200307,2,181
3145,1,A,0,643220202050,20200307,2,182
3146,2,A,0,513220202050,20200307,2,183
3147,1,A,0,512520202050,20200307,2,184
3148,2,A,1,402520202050,20200307,2,185
3149,1,A,1,402020202050,20200307,2,186
3150,2,A,0,322020202050,20200307,2,187
3151,1,A,1,321620202050,20200307,2,188
3152,2,A,0,261620202050,20200307,2,189
3153,1,A,0,261320202050,20200307,2,190
3154,2,A,0,201320202050,20200307,2,191
3155,4,B,1,805020202050,20200307,2,192
3156,3,B,0,805020162050,20200307,2,193
3157,4,B,0,805016162050,20200307,2,194
3158,3,B,0,805016122050,20200307,2,195
3159,4,B,0,805012122050,20200307,2,196
3160,3,B,0,805012102050,20200307,2,197
3161,2,A,0,805020202050,20200307,2,198
3162,1,A,1,804020202050,20200307,2,199
3163,2,A,1,644020202050,20200307,2,200
3164,1,A,1,643220202050,20200307,2,201
3165,2,A,0,513220202050,20200307,2,202
3166,1,A,0,512520202050,20200307,2,203
3167,2,A,0,402520202050,20200307,2,204
3168,1,A,1,402020202050,20200307,2,205
3169,2,A,0,322020202050,20200307,2,206
3170,1,A,0,321620202050,20200307,2,207
3171,2,A,1,261620202050,20200307,2,208
3172,1,A,1,261320202050,20200307,2,209
3173,2,A,0,201320202050,20200307,2,210
3174,1,A,1,201020202050,20200307,2,211
3175,2,A,0,161020202050,20200307,2,212
3176,1,A,0,160820202050,20200307,2,213
3177,2,A,0,130820202050,20200307,2,214
3178,1,A,1,130620202050,20200307,2,215
3179,2,A,0,100620202050,20200307,2,216
3180,1,A,0,100520202050,20200307,2,217
3181,2,A,0,080520202050,20200307,2,218
3182,1,A,0,080420202050,20200307,2,219
3183,2,A,0,060420202050,20200307,2,220
3184,4,B,0,805020202050,20200307,2,221
3185,3,B,0,805020162050,20200307,2,222
3186,4,B,0,805016162050,20200307,2,223
3187,3,B,0,805016122050,20200307,2,224
3188,4,B,0,805012122050,20200307,2,225
3189,3,B,0,805012102050,20200307,2,226
3190,2,A,0,805020202050,20200307,2,227
3191,1,A,1,804020202050,20200307,2,228
3192,2,A,0,644020202050,20200307,2,229
3193,1,A,1,643220202050,20200307,2,230
3194,2,A,0,513220202050,20200307,2,231
3195,1,A,0,512520202050,20200307,2,232
3196,3,B,0,208020508050,20200307,3,0
3197,5,C,1,208020508050,20200307,3,1
3198,6,C,0,208020506450,20200307,3,2
3199,2,A,0,208020508050,20200307,3,3
3200,1,A,0,206420508050,20200307,3,4
3201,2,A,1,166420508050,20200307,3,5
3202,4,B,1,208020508050,20200307,3,6
3203,3,B,0,208020408050,20200307,3,7
3204,4,B,0,208016408050,20200307,3,8
3205,3,B,0,208016328050,20200307,3,9
3206,5,C,1,208020508050,20200307,3,10
3207,6,C,0,208020506450,20200307,3,11
3208,5,C,1,208020506440,20200307,3,12
3209,2,A,1,208020508050,20200307,3,13
3210,1,A,0,206420508050,20200307,3,14
3211,2,A,0,166420508050,20200307,3,15
3212,1,A,0,165120508050,20200307,3,16
3213,4,B,1,208020508050,20200307,3,17
3214,3,B,0,208020408050,20200307,3,18
3215,4,B,1,208016408050,20200307,3,19
3216,3,B,0,208016328050,20200307,3,20
3217,4,B,1,208012328050,20200307,3,21
3218,3,B,0,208012258050,20200307,3,22
3219,4,B,0,208010258050,20200307,3,23
3220,2,A,1,208020508050,20200307,3,24
3221,1,A,0,206420508050,20200307,3,25
3222,2,A,1,166420508050,20200307,3,26
3223,1,A,1,165120508050,20200307,3,27
3224,2,A,1,125120508050,20200307,3,28
3225,1,A,1,124020508050,20200307,3,29
3226,2,A,0,104020508050,20200307,3,30
3227,5,C,1,208020508050,20200307,3,31
3228,6,C,1,208020506450,20200307,3,32
3229,5,C,0,208020506440,20200307,3,33
3230,6,C,0,208020505140,20200307,3,34
3231,5,C,0,208020505132,20200307,3,35
3232,4,B,0,208020508050,20200307,3,36
3233,3,B,0,208020408050,20200307,3,37
3234,4,B,0,208016408050,20200307,3,38
3235,3,B,0,208016328050,20200307,3,39
3236,4,B,0,208012328050,20200307,3,40
3237,2,A,1,208020508050,20200307,3,41
3238,1,A,0,206420508050,20200307,3,42
3239,2,A,1,166420508050,20200307,3,43
3240,1,A,0,165120508050,20200307,3,44
3241,2,A,0,125120508050,20200307,3,45
3242,5,C,1,208020508050,20200307,3,46
3243,6,C,0,208020506450,20200307,3,47
3244,5,C,1,208020506440,20200307,3,48
3245,4,B,0,208020508050,20200307,3,49
3246,3,B,0,208020408050,20200307,3,50
3247,4,B,0,208016408050,20200307,3,51
3248,3,B,0,208016328050,20200307,3,52
3249,4,B,1,208012328050,20200307,3,53
3250,2,A,1,208020508050,20200307,3,54
3251,1,A,0,206420508050,20200307,3,55
3252,2,A,0,166420508050,20200307,3,56
3253,1,A,0,165120508050,20200307,3,57
3254,2,A,1,125120508050,20200307,3,58
3255,5,C,1,208020508050,20200307,3,59
3256,6,C,1,208020506450,20200307,3,60
3257,5,C,0,208020506440,20200307,3,61
3258,6,C,0,208020505140,20200307,3,62
3259,5,C,0,208020505132,20200307,3,63
3260,4,B,1,208020508050,20200307,3,64
3261,3,B,0,208020408050,20200307,3,65
3262,4,B,0,208016408050,20200307,3,66
3263,1,A,0,208020508050,20200307,3,67
3264,5,C,1,208020508050,20200307,3,68
3265,5,C,1,208020508050,20200307,3,69
3266,4,B,0,208020508050,20200307,3,70
3267,3,B,0,208020408050,20200307,3,71
3268,4,B,1,208016408050,20200307,3,72
3269,3,B,0,208016328050,20200307,3,73
3270,4,B,0,208012328050,20200307,3,74
3271,2,A,0,208020508050,20200307,3,75
3272,1,A,0,206420508050,20200307,3,76
3273,2,A,0,166420508050,20200307,3,77
3274,1,A,1,165120508050,20200307,3,78
3275,2,A,0,125120508050,20200307,3,79
3276,5,C,1,208020508050,20200307,3,80
3277,6,C,0,208020506450,20200307,3,81
3278,5,C,0,208020506440,20200307,3,82
3279,4,B,1,208020508050,20200307,3,83
3280,3,B,0,208020408050,20200307,3,84
3281,4,B,1,208016408050,20200307,3,85
3282,3,B,0,208016328050,20200307,3,86
3283,4,B,1,208012328050,20200307,3,87
3284,3,B,0,208012258050,20200307,3,88
3285,4,B,0,208010258050,20200307,3,89
3286,5,C,1,208020508050,20200307,3,90
3287,6,C,0,208020506450,20200307,3,91
3288,5,C,1,208020506440,20200307,3,92
3289,6,C,0,208020505140,20200307,3,93
3290,5,C,1,208020505132,20200307,3,94
3291,6,C,1,208020504032,20200307,3,95
3292,5,C,0,208020504025,20200307,3,96
3293,6,C,0,208020503225,20200307,3,97
3294,5,C,1,208020503220,20200307,3,98
3295,2,A,1,208020508050,20200307,3,99
3296,1,A,0,206420508050,20200307,3,100
3297,2,A,1,166420508050,20200307,3,101
3298,1,A,0,165120508050,20200307,3,102
3299,2,A,1,125120508050,20200307,3,103
3300,4,B,0,208020508050,20200307,3,104
3301,3,B,1,208020408050,20200307,3,105
3302,4,B,0,208016408050,20200307,3,106
3303,3,B,0,208016328050,20200307,3,107
3304,4,B,0,208012328050,20200307,3,108
3305,5,C,1,208020508050,20200307,3,109
3306,6,C,1,208020506450,20200307,3,110
3307,5,C,0,208020506440,20200307,3,111
3308,6,C,0,208020505140,20200307,3,112
3309,5,C,1,208020505132,20200307,3,113
3310,6,C,0,208020504032,20200307,3,114
3311,5,C,0,208020504025,20200307,3,115
3312,2,A,1,208020508050,20200307,3,116
3313,1,A,1,206420508050,20200307,3,117
3314,2,A,1,166420508050,20200307,3,118
3315,1,A,0,165120508050,20200307,3,119
3316,2,A,1,125120508050,20200307,3,120
3317,4,B,0,208020508050,20200307,3,121
3318,3,B,0,208020408050,20200307,3,122
3319,4,B,1,208016408050,20200307,3,123
3320,3,B,0,208016328050,20200307,3,124
3321,4,B,0,208012328050,20200307,3,125
3322,3,B,0,208012258050,20200307,3,126
3323,4,B,0,208010258050,20200307,3,127
3324,5,C,1,208020508050,20200307,3,128
3325,6,C,1,208020506450,20200307,3,129
3326,5,C,1,208020506440,20200307,3,130
3327,6,C,0,208020505140,20200307,3,131
3328,5,C,1,208020505132,20200307,3,132
3329,6,C,0,208020504032,20200307,3,133
3330,5,C,0,208020504025,20200307,3,134
3331,6,C,1,208020503225,20200307,3,135
3332,5,C,1,208020503220,20200307,3,136
3333,6,C,0,208020502620,20200307,3,137
3334,5,C,0,208020502616,20200307,3,138
3335,6,C,0,208020502016,20200307,3,139
3336,5,C,1,208020502013,20200307,3,140
3337,2,A,1,208020508050,20200307,3,141
3338,1,A,0,206420508050,20200307,3,142
3339,2,A,1,166420508050,20200307,3,143
3340,1,A,0,165120508050,20200307,3,144
3341,2,A,0,125120508050,20200307,3,145
3342,1,A,0,124020508050,20200307,3,146
3343,2,A,0,104020508050,20200307,3,147
3344,4,B,1,208020508050,20200307,3,148
3345,3,B,0,208020408050,20200307,3,149
3346,4,B,0,208016408050,20200307,3,150
3347,3,B,0,208016328050,20200307,3,151
3348,4,B,0,208012328050,20200307,3,152
3349,5,C,1,208020508050,20200307,3,153
3350,6,C,1,208020506450,20200307,3,154
3351,5,C,1,208020506440,20200307,3,155
3352,6,C,1,208020505140,20200307,3,156
3353,5,C,0,208020505132,20200307,3,157
3354,6,C,0,208020504032,20200307,3,158
3355,5,C,1,208020504025,20200307,3,159
3356,6,C,1,208020503225,20200307,3,160
3357,5,C,1,208020503220,20200307,3,161
3358,6,C,0,208020502620,20200307,3,162
3359,5,C,0,208020502616,20200307,3,163
3360,6,C,0,208020502016,20200307,3,164
3361,5,C,0,208020502013,20200307,3,165
3362,6,C,0,208020501613,20200307,3,166
3363,2,A,0,208020508050,20200307,3,167
3364,1,A,0,206420508050,20200307,3,168
3365,2,A,1,166420508050,20200307,3,169
3366,1,A,0,165120508050,20200307,3,170
3367,2,A,1,125120508050,20200307,3,171
3368,1,A,0,124020508050,20200307,3,172
3369,2,A,0,104020508050,20200307,3,173
3370,1,A,0,103220508050,20200307,3,174
3371,2,A,0,083220508050,20200307,3,175
3372,4,B,0,208020508050,20200307,3,176
3373,3,B,1,208020408050,20200307,3,177
3374,4,B,1,208016408050,20200307,3,178
3375,3,B,0,208016328050,20200307,3,179
3376,4,B,1,208012328050,20200307,3,180
3377,3,B,0,208012258050,20200307,3,181
3378,4,B,0,208010258050,20200307,3,182
3379,5,C,1,208020508050,20200307,3,183
3380,6,C,0,208020506450,20200307,3,184
3381,5,C,1,208020506440,20200307,3,185
3382,6,C,0,208020505140,20200307,3,186
3383,5,C,0,208020505132,20200307,3,187
3384,6,C,0,208020504032,20200307,3,188
3385,5,C,1,208020504025,20200307,3,189
3386,6,C,0,208020503225,20200307,3,190
3387,5,C,1,208020503220,20200307,3,191
3388,6,C,0,208020502620,20200307,3,192
3389,5,C,0,208020502616,20200307,3,193
3390,6,C,0,208020502016,20200307,3,194
3391,5,C,0,208020502013,20200307,3,195
3392,2,A,1,208020508050,20200307,3,196
3393,1,A,0,206420508050,20200307,3,197
3394,2,A,1,166420508050,20200307,3,198
3395,1,A,0,165120508050,20200307,3,199
3396,2,A,1,125120508050,20200307,3,200
3397,4,B,0,208020508050,20200307,3,201
3398,3,B,0,208020408050,20200307,3,202
3399,4,B,0,208016408050,20200307,3,203
3400,3,B,0,208016328050,20200307,3,204
3401,4,B,0,208012328050,20200307,3,205
3402,5,C,1,208020508050,20200307,3,206
3403,6,C,0,208020506450,20200307,3,207
3404,5,C,0,208020506440,20200307,3,208
3405,6,C,0,208020505140,20200307,3,209
3406,5,C,1,208020505132,20200307,3,210
3407,6,C,0,208020504032,20200307,3,211
3408,5,C,1,208020504025,20200307,3,212
3409,6,C,0,208020503225,20200307,3,213
3410,5,C,1,208020503220,20200307,3,214
3411,6,C,0,208020502620,20200307,3,215
3412,5,C,0,208020502616,20200307,3,216
3413,2,A,1,208020508050,20200307,3,217
3414,1,A,1,206420508050,20200307,3,218
3415,2,A,1,166420508050,20200307,3,219
3416,1,A,0,165120508050,20200307,3,220
3417,2,A,1,125120508050,20200307,3,221
3418,1,A,0,124020508050,20200307,3,222
3419,2,A,1,104020508050,20200307,3,223
3420,1,A,0,103220508050,20200307,3,224
3421,2,A,0,083220508050,20200307,3,225
3422,1,A,0,082620508050,20200307,3,226
3423,2,A,0,062620508050,20200307,3,227
3424,1,A,0,062020508050,20200307,3,228
3425,2,A,1,052020508050,20200307,3,229
3426,4,B,0,208020508050,20200307,3,230
3427,3,B,0,208020408050,20200307,3,231
3428,4,B,1,208016408050,20200307,3,232
3429,3,B,1,208016328050,20200307,3,233
3430,4,B,1,208012328050,20200307,3,234
3431,3,B,0,208012258050,20200307,3,235
3432,4,B,0,208010258050,20200307,3,236
3433,3,B,0,208010208050,20200307,3,237
3434,4,B,0,208008208050,20200307,3,238
3435,5,C,1,208020508050,20200307,3,239
3436,6,C,1,208020506450,20200307,3,240
3437,5,C,1,208020506440,20200307,3,241
3438,6,C,0,208020505140,20200307,3,242
3439,5,C,0,208020505132,20200307,3,243
3440,6,C,0,208020504032,20200307,3,244
3441,5,C,0,208020504025,20200307,3,245
3442,6,C,0,208020503225,20200307,3,246
3443,5,C,0,208020503220,20200307,3,247
3444,6,C,0,208020502620,20200307,3,248
3445,5,C,0,208020502616,20200307,3,249
3446,2,A,1,208020508050,20200307,3,250
3447,1,A,0,206420508050,20200307,3,251
3448,2,A,1,166420508050,20200307,3,252
3449,1,A,0,165120508050,20200307,3,253
3450,2,A,0,125120508050,20200307,3,254
3451,1,A,0,124020508050,20200307,3,255
3452,2,A,0,104020508050,20200307,3,256
3453,4,B,0,208020508050,20200307,3,257
3454,3,B,0,208020408050,20200307,3,258
3455,4,B,0,208016408050,20200307,3,259
3456,3,B,0,208016328050,20200307,3,260
3457,4,B,1,208012328050,20200307,3,261
3458,5,C,0,208020508050,20200307,3,262
3459,6,C,1,208020506450,20200307,3,263
3460,5,C,1,208020506440,20200307,3,264
3461,6,C,0,208020505140,20200307,3,265
3462,5,C,1,208020505132,20200307,3,266
3463,6,C,1,208020504032,20200307,3,267
3464,5,C,1,208020504025,20200307,3,268
3465,6,C,0,208020503225,20200307,3,269
3466,5,C,0,208020503220,20200307,3,270
3467,6,C,1,208020502620,20200307,3,271
3468,5,C,0,208020502616,20200307,3,272
3469,6,C,0,208020502016,20200307,3,273
3470,2,A,1,208020508050,20200307,3,274
3471,1,A,0,206420508050,20200307,3,275
3472,2,A,1,166420508050,20200307,3,276
3473,3,B,1,508080202020,20200308,1,0
3474,4,B,0,508064202020,20200308,1,1
3475,5,C,0,508080202020,20200308,1,2
3476,6,C,0,508080201620,20200308,1,3
3477,5,C,1,508080201616,20200308,1,4
3478,6,C,0,508080201216,20200308,1,5
3479,2,A,1,508080202020,20200308,1,6
3480,1,A,0,506480202020,20200308,1,7
3481,2,A,1,406480202020,20200308,1,8
3482,5,C,0,508080202020,20200308,1,9
3483,6,C,0,508080201620,20200308,1,10
3484,5,C,0,508080201616,20200308,1,11
3485,4,B,1,508080202020,20200308,1,12
3486,3,B,1,508080162020,20200308,1,13
3487,4,B,0,508064162020,20200308,1,14
3488,3,B,1,508064122020,20200308,1,15
3489,1,A,0,508080202020,20200308,1,16
3490,2,A,1,408080202020,20200308,1,17
3491,1,A,1,406480202020,20200308,1,18
3492,2,A,0,326480202020,20200308,1,19
3493,1,A,1,325180202020,20200308,1,20
3494,2,A,1,255180202020,20200308,1,21
3495,1,A,0,254080202020,20200308,1,22
3496,2,A,1,204080202020,20200308,1,23
3497,5,C,0,508080202020,20200308,1,24
3498,6,C,0,508080201620,20200308,1,25
3499,5,C,0,508080201616,20200308,1,26
3500,6,C,0,508080201216,20200308,1,27
3501,5,C,0,508080201212,20200308,1,28
3502,4,B,0,508080202020,20200308,1,29
3503,3,B,1,508080162020,20200308,1,30
3504,4,B,0,508064162020,20200308,1,31
3505,3,B,1,508064122020,20200308,1,32
3506,2,A,1,508080202020,20200308,1,33
3507,1,A,0,506480202020,20200308,1,34
3508,2,A,1,406480202020,20200308,1,35
3509,1,A,0,405180202020,20200308,1,36
3510,2,A,1,325180202020,20200308,1,37
3511,5,C,0,508080202020,20200308,1,38
3512,6,C,0,508080201620,20200308,1,39
3513,5,C,0,508080201616,20200308,1,40
3514,6,C,0,508080201216,20200308,1,41
3515,2,A,1,508080202020,20200308,1,42
3516,1,A,0,506480202020,20200308,1,43
3517,2,A,0,406480202020,20200308,1,44
3518,1,A,0,405180202020,20200308,1,45
3519,2,A,0,325180202020,20200308,1,46
3520,4,B,1,508080202020,20200308,1,47
3521,3,B,0,508080162020,20200308,1,48
3522,4,B,0,508064162020,20200308,1,49
3523,3,B,1,508064122020,20200308,1,50
3524,4,B,0,508051122020,20200308,1,51
3525,3,B,0,508051102020,20200308,1,52
3526,2,A,0,508080202020,20200308,1,53
3527,1,A,1,506480202020,20200308,1,54
3528,2,A,1,406480202020,20200308,1,55
3529,1,A,0,405180202020,20200308,1,56
3530,2,A,1,325180202020,20200308,1,57
3531,5,C,0,508080202020,20200308,1,58
3532,6,C,0,508080201620,20200308,1,59
3533,5,C,0,508080201616,20200308,1,60
3534,2,A,1,508080202020,20200308,1,61
3535,1,A,0,506480202020,20200308,1,62
3536,2,A,0,406480202020,20200308,1,63
3537,4,B,0,508080202020,20200308,1,64
3538,3,B,1,508080162020,20200308,1,65
3539,4,B,0,508064162020,20200308,1,66
3540,3,B,1,508064122020,20200308,1,67
3541,4,B,0,508051122020,20200308,1,68
3542,3,B,1,508051102020,20200308,1,69
3543,2,A,1,508080202020,20200308,1,70
3544,1,A,0,506480202020,20200308,1,71
3545,2,A,1,406480202020,20200308,1,72
3546,1,A,0,405180202020,20200308,1,73
3547,2,A,0,325180202020,20200308,1,74
3548,5,C,0,508080202020,20200308,1,75
3549,6,C,0,508080201620,20200308,1,76
3550,5,C,0,508080201616,20200308,1,77
3551,6,C,0,508080201216,20200308,1,78
3552,2,A,1,508080202020,20200308,1,79
3553,1,A,1,506480202020,20200308,1,80
3554,2,A,0,406480202020,20200308,1,81
3555,1,A,0,405180202020,20200308,1,82
3556,2,A,1,325180202020,20200308,1,83
3557,1,A,0,324080202020,20200308,1,84
3558,2,A,1,254080202020,20200308,1,85
3559,1,A,1,253280202020,20200308,1,86
3560,2,A,0,203280202020,20200308,1,87
3561,1,A,0,202680202020,20200308,1,88
3562,2,A,1,162680202020,20200308,1,89
3563,1,A,1,162080202020,20200308,1,90
3564,2,A,1,132080202020,20200308,1,91
3565,1,A,0,131680202020,20200308,1,92
3566,2,A,0,101680202020,20200308,1,93
3567,1,A,0,101380202020,20200308,1,94
3568,2,A,0,081380202020,20200308,1,95
3569,4,B,0,508080202020,20200308,1,96
3570,3,B,1,508080162020,20200308,1,97
3571,4,B,0,508064162020,20200308,1,98
3572,3,B,1,508064122020,20200308,1,99
3573,4,B,1,508051122020,20200308,1,100
3574,3,B,1,508051102020,20200308,1,101
3575,4,B,0,508040102020,20200308,1,102
3576,3,B,0,508040082020,20200308,1,103
3577,4,B,0,508032082020,20200308,1,104
3578,3,B,1,508032062020,20200308,1,105
3579,4,B,0,508026062020,20200308,1,106
3580,3,B,0,508026052020,20200308,1,107
3581,4,B,0,508020052020,20200308,1,108
3582,3,B,0,508020042020,20200308,1,109
3583,4,B,1,508016042020,20200308,1,110
3584,3,B,0,508016032020,20200308,1,111
3585,4,B,0,508013032020,20200308,1,112
3586,3,B,0,508013022020,20200308,1,113
3587,4,B,0,508010022020,20200308,1,114
3588,3,B,0,508010022020,20200308,1,115
3589,4,B,0,508008022020,20200308,1,116
3590,3,B,0,508008012020,20200308,1,117
3591,2,A,1,508080202020,20200308,1,118
3592,1,A,1,506480202020,20200308,1,119
3593,2,A,0,406480202020,20200308,1,120
3594,1,A,0,405180202020,20200308,1,121
3595,2,A,1,325180202020,20200308,1,122
3596,1,A,0,324080202020,20200308,1,123
3597,2,A,0,254080202020,20200308,1,124
3598,1,A,0,253280202020,20200308,1,125
3599,2,A,0,203280202020,20200308,1,126
3600,1,A,0,202680202020,20200308,1,127
3601,2,A,0,162680202020,20200308,1,128
3602,1,A,0,162080202020,20200308,1,129
3603,2,A,0,132080202020,20200308,1,130
3604,4,B,0,508080202020,20200308,1,131
3605,3,B,1,508080162020,20200308,1,132
3606,4,B,1,508064162020,20200308,1,133
3607,3,B,1,508064122020,20200308,1,134
3608,4,B,0,508051122020,20200308,1,135
3609,3,B,1,508051102020,20200308,1,136
3610,4,B,0,508040102020,20200308,1,137
3611,3,B,0,508040082020,20200308,1,138
3612,4,B,0,508032082020,20200308,1,139
3613,3,B,0,508032062020,20200308,1,140
3614,4,B,0,508026062020,20200308,1,141
3615,3,B,0,508026052020,20200308,1,142
3616,2,A,1,508080202020,20200308,1,143
3617,1,A,0,506480202020,20200308,1,144
3618,2,A,1,406480202020,20200308,1,145
3619,1,A,0,405180202020,20200308,1,146
3620,2,A,0,325180202020,20200308,1,147
3621,1,A,1,324080202020,20200308,1,148
3622,2,A,1,254080202020,20200308,1,149
3623,1,A,0,253280202020,20200308,1,150
3624,2,A,0,203280202020,20200308,1,151
3625,1,A,0,202680202020,20200308,1,152
3626,2,A,0,162680202020,20200308,1,153
3627,4,B,0,508080202020,20200308,1,154
3628,3,B,1,508080162020,20200308,1,155
3629,4,B,0,508064162020,20200308,1,156
3630,3,B,0,508064122020,20200308,1,157
3631,4,B,0,508051122020,20200308,1,158
3632,3,B,0,508051102020,20200308,1,159
3633,4,B,0,508040102020,20200308,1,160
3634,2,A,1,508080202020,20200308,1,161
3635,1,A,1,506480202020,20200308,1,162
3636,2,A,1,406480202020,20200308,1,163
3637,1,A,0,405180202020,20200308,1,164
3638,2,A,0,325180202020,20200308,1,165
3639,1,A,0,324080202020,20200308,1,166
3640,2,A,0,254080202020,20200308,1,167
3641,1,A,0,253280202020,20200308,1,168
3642,2,A,0,203280202020,20200308,1,169
3643,5,C,1,508080202020,20200308,1,170
3644,6,C,0,508080201620,20200308,1,171
3645,5,C,1,508080201616,20200308,1,172
3646,6,C,1,508080201216,20200308,1,173
3647,5,C,0,508080201212,20200308,1,174
3648,6,C,1,508080201012,20200308,1,175
3649,5,C,0,508080201010,20200308,1,176
3650,6,C,0,508080200810,20200308,1,177
3651,5,C,0,508080200808,20200308,1,178
3652,2,A,1,508080202020,20200308,1,179
3653,1,A,1,506480202020,20200308,1,180
3654,2,A,1,406480202020,20200308,1,181
3655,1,A,0,405180202020,20200308,1,182
3656,2,A,0,325180202020,20200308,1,183
3657,1,A,0,324080202020,20200308,1,184
3658,2,A,0,254080202020,20200308,1,185
3659,4,B,0,508080202020,20200308,1,186
3660,3,B,0,508080162020,20200308,1,187
3661,4,B,0,508064162020,20200308,1,188
3662,3,B,1,508064122020,20200308,1,189
3663,4,B,0,508051122020,20200308,1,190
3664,3,B,0,508051102020,20200308,1,191
3665,4,B,0,508040102020,20200308,1,192
3666,3,B,1,508040082020,20200308,1,193
3667,4,B,0,508032082020,20200308,1,194
3668,3,B,0,508032062020,20200308,1,195
3669,2,A,1,508080202020,20200308,1,196
3670,1,A,0,506480202020,20200308,1,197
3671,2,A,1,406480202020,20200308,1,198
3672,1,A,0,405180202020,20200308,1,199
3673,2,A,0,325180202020,20200308,1,200
3674,1,A,0,324080202020,20200308,1,201
3675,2,A,0,254080202020,20200308,1,202
3676,5,C,0,508080202020,20200308,1,203
3677,6,C,0,508080201620,20200308,1,204
3678,5,C,1,508080201616,20200308,1,205
3679,6,C,0,508080201216,20200308,1,206
3680,5,C,0,508080201212,20200308,1,207
3681,6,C,0,508080201012,20200308,1,208
3682,5,C,1,508080201010,20200308,1,209
3683,2,A,0,508080202020,20200308,1,210
3684,1,A,1,506480202020,20200308,1,211
3685,2,A,1,406480202020,20200308,1,212
3686,1,A,0,405180202020,20200308,1,213
3687,2,A,1,325180202020,20200308,1,214
3688,1,A,0,324080202020,20200308,1,215
3689,2,A,1,254080202020,20200308,1,216
3690,4,B,0,508080202020,20200308,1,217
3691,3,B,0,508080162020,20200308,1,218
3692,4,B,0,508064162020,20200308,1,219
3693,3,B,0,508064122020,20200308,1,220
3694,4,B,0,508051122020,20200308,1,221
3695,3,B,0,508051102020,20200308,1,222
3696,4,B,0,508040102020,20200308,1,223
3697,3,B,0,508040082020,20200308,1,224
3698,2,A,1,508080202020,20200308,1,225
3699,4,B,1,502050805050,20200308,2,0
3700,3,B,0,502050645050,20200308,2,1
3701,1,A,0,502050805050,20200308,2,2
3702,2,A,0,402050805050,20200308,2,3
3703,1,A,0,401650805050,20200308,2,4
3704,2,A,0,321650805050,20200308,2,5
3705,5,C,1,502050805050,20200308,2,6
3706,6,C,1,502050804050,20200308,2,7
3707,5,C,0,502050804040,20200308,2,8
3708,4,B,1,502050805050,20200308,2,9
3709,3,B,0,502050645050,20200308,2,10
3710,2,A,0,502050805050,20200308,2,11
3711,1,A,0,501650805050,20200308,2,12
3712,2,A,1,401650805050,20200308,2,13
3713,4,B,1,502050805050,20200308,2,14
3714,3,B,1,502050645050,20200308,2,15
3715,4,B,0,502040645050,20200308,2,16
3716,3,B,0,502040515050,20200308,2,17
3717,5,C,1,502050805050,20200308,2,18
3718,6,C,1,502050804050,20200308,2,19
3719,5,C,0,502050804040,20200308,2,20
3720,6,C,1,502050803240,20200308,2,21
3721,2,A,0,502050805050,20200308,2,22
3722,1,A,0,501650805050,20200308,2,23
3723,2,A,0,401650805050,20200308,2,24
3724,4,B,1,502050805050,20200308,2,25
3725,3,B,1,502050645050,20200308,2,26
3726,4,B,0,502040645050,20200308,2,27
3727,3,B,0,502040515050,20200308,2,28
3728,2,A,0,502050805050,20200308,2,29
3729,1,A,0,501650805050,20200308,2,30
3730,2,A,1,401650805050,20200308,2,31
3731,5,C,1,502050805050,20200308,2,32
3732,6,C,0,502050804050,20200308,2,33
3733,5,C,1,502050804040,20200308,2,34
3734,2,A,0,502050805050,20200308,2,35
3735,1,A,0,501650805050,20200308,2,36
3736,2,A,1,401650805050,20200308,2,37
3737,4,B,1,502050805050,20200308,2,38
3738,3,B,1,502050645050,20200308,2,39
3739,4,B,1,502040645050,20200308,2,40
3740,3,B,1,502040515050,20200308,2,41
3741,4,B,1,502032515050,20200308,2,42
3742,3,B,0,502032405050,20200308,2,43
3743,4,B,1,502025405050,20200308,2,44
3744,3,B,1,502025325050,20200308,2,45
3745,4,B,0,502020325050,20200308,2,46
3746,3,B,0,502020265050,20200308,2,47
3747,5,C,1,502050805050,20200308,2,48
3748,6,C,1,502050804050,20200308,2,49
3749,5,C,0,502050804040,20200308,2,50
3750,6,C,1,502050803240,20200308,2,51
3751,2,A,0,502050805050,20200308,2,52
3752,1,A,1,501650805050,20200308,2,53
3753,2,A,0,401650805050,20200308,2,54
3754,1,A,0,401250805050,20200308,2,55
3755,2,A,0,321250805050,20200308,2,56
3756,4,B,0,502050805050,20200308,2,57
3757,3,B,0,502050645050,20200308,2,58
3758,4,B,0,502040645050,20200308,2,59
3759,3,B,1,502040515050,20200308,2,60
3760,4,B,1,502032515050,20200308,2,61
3761,3,B,0,502032405050,20200308,2,62
3762,4,B,0,502025405050,20200308,2,63
3763,3,B,1,502025325050,20200308,2,64
3764,4,B,0,502020325050,20200308,2,65
3765,3,B,0,502020265050,20200308,2,66
3766,5,C,1,502050805050,20200308,2,67
3767,6,C,0,502050804050,20200308,2,68
3768,5,C,1,502050804040,20200308,2,69
3769,6,C,0,502050803240,20200308,2,70
3770,5,C,0,502050803232,20200308,2,71
3771,2,A,0,502050805050,20200308,2,72
3772,1,A,1,501650805050,20200308,2,73
3773,2,A,0,401650805050,20200308,2,74
3774,1,A,0,401250805050,20200308,2,75
3775,2,A,0,321250805050,20200308,2,76
3776,4,B,1,502050805050,20200308,2,77
3777,3,B,0,502050645050,20200308,2,78
3778,4,B,1,502040645050,20200308,2,79
3779,3,B,0,502040515050,20200308,2,80
3780,4,B,0,502032515050,20200308,2,81
3781,3,B,0,502032405050,20200308,2,82
3782,4,B,0,502025405050,20200308,2,83
3783,5,C,0,502050805050,20200308,2,84
3784,6,C,0,502050804050,20200308,2,85
3785,5,C,1,502050804040,20200308,2,86
3786,6,C,0,502050803240,20200308,2,87
3787,5,C,0,502050803232,20200308,2,88
3788,2,A,1,502050805050,20200308,2,89
3789,1,A,1,501650805050,20200308,2,90
3790,2,A,1,401650805050,20200308,2,91
3791,1,A,0,401250805050,20200308,2,92
3792,2,A,0,321250805050,20200308,2,93
3793,4,B,0,502050805050,20200308,2,94
3794,3,B,0,502050645050,20200308,2,95
3795,4,B,1,502040645050,20200308,2,96
3796,3,B,0,502040515050,20200308,2,97
3797,4,B,1,502032515050,20200308,2,98
3798,3,B,0,502032405050,20200308,2,99
3799,4,B,0,502025405050,20200308,2,100
3800,3,B,0,502025325050,20200308,2,101
3801,4,B,1,502020325050,20200308,2,102
3802,2,A,0,502050805050,20200308,2,103
3803,1,A,1,501650805050,20200308,2,104
3804,2,A,0,401650805050,20200308,2,105
3805,1,A,1,401250805050,20200308,2,106
3806,2,A,0,321250805050,20200308,2,107
3807,1,A,0,321050805050,20200308,2,108
3808,2,A,0,251050805050,20200308,2,109
3809,5,C,0,502050805050,20200308,2,110
3810,6,C,1,502050804050,20200308,2,111
3811,5,C,1,502050804040,20200308,2,112
3812,6,C,0,502050803240,20200308,2,113
3813,5,C,0,502050803232,20200308,2,114
3814,4,B,1,502050805050,20200308,2,115
3815,3,B,1,502050645050,20200308,2,116
3816,4,B,1,502040645050,20200308,2,117
3817,3,B,1,502040515050,20200308,2,118
3818,4,B,1,502032515050,20200308,2,119
3819,3,B,0,502032405050,20200308,2,120
3820,4,B,0,502025405050,20200308,2,121
3821,3,B,0,502025325050,20200308,2,122
3822,4,B,0,502020325050,20200308,2,123
3823,2,A,0,502050805050,20200308,2,124
3824,1,A,1,501650805050,20200308,2,125
3825,2,A,0,401650805050,20200308,2,126
3826,1,A,1,401250805050,20200308,2,127
3827,2,A,0,321250805050,20200308,2,128
3828,1,A,1,321050805050,20200308,2,129
3829,2,A,0,251050805050,20200308,2,130
3830,1,A,1,250850805050,20200308,2,131
3831,4,B,0,502050805050,20200308,2,132
3832,3,B,1,502050645050,20200308,2,133
3833,4,B,1,502040645050,20200308,2,134
3834,3,B,0,502040515050,20200308,2,135
3835,4,B,1,502032515050,20200308,2,136
3836,3,B,0,502032405050,20200308,2,137
3837,4,B,1,502025405050,20200308,2,138
3838,3,B,0,502025325050,20200308,2,139
3839,4,B,0,502020325050,20200308,2,140
3840,3,B,1,502020265050,20200308,2,141
3841,4,B,0,502016265050,20200308,2,142
3842,3,B,0,502016205050,20200308,2,143
3843,4,B,0,502013205050,20200308,2,144
3844,5,C,0,502050805050,20200308,2,145
3845,6,C,0,502050804050,20200308,2,146
3846,5,C,0,502050804040,20200308,2,147
3847,6,C,0,502050803240,20200308,2,148
3848,5,C,1,502050803232,20200308,2,149
3849,4,B,1,502050805050,20200308,2,150
3850,3,B,0,502050645050,20200308,2,151
3851,4,B,0,502040645050,20200308,2,152
3852,3,B,1,502040515050,20200308,2,153
3853,4,B,1,502032515050,20200308,2,154
3854,3,B,1,502032405050,20200308,2,155
3855,4,B,0,502025405050,20200308,2,156
3856,3,B,1,502025325050,20200308,2,157
3857,4,B,1,502020325050,20200308,2,158
3858,3,B,1,502020265050,20200308,2,159
3859,4,B,1,502016265050,20200308,2,160
3860,3,B,0,502016205050,20200308,2,161
3861,4,B,0,502013205050,20200308,2,162
3862,3,B,0,502013165050,20200308,2,163
3863,4,B,0,502010165050,20200308,2,164
3864,2,A,0,502050805050,20200308,2,165
3865,1,A,1,501650805050,20200308,2,166
3866,2,A,0,401650805050,20200308,2,167
3867,1,A,1,401250805050,20200308,2,168
3868,2,A,0,321250805050,20200308,2,169
3869,1,A,1,321050805050,20200308,2,170
3870,2,A,1,251050805050,20200308,2,171
3871,1,A,1,250850805050,20200308,2,172
3872,2,A,0,200850805050,20200308,2,173
3873,1,A,0,200650805050,20200308,2,174
3874,2,A,0,160650805050,20200308,2,175
3875,4,B,1,502050805050,20200308,2,176
3876,3,B,1,502050645050,20200308,2,177
3877,4,B,1,502040645050,20200308,2,178
3878,3,B,0,502040515050,20200308,2,179
3879,4,B,1,502032515050,20200308,2,180
3880,3,B,1,502032405050,20200308,2,181
3881,4,B,0,502025405050,20200308,2,182
3882,3,B,0,502025325050,20200308,2,183
3883,4,B,0,502020325050,20200308,2,184
3884,3,B,0,502020265050,20200308,2,185
3885,4,B,0,502016265050,20200308,2,186
3886,3,B,0,502016205050,20200308,2,187
3887,4,B,0,502013205050,20200308,2,188
3888,3,B,0,502013165050,20200308,2,189
3889,4,B,0,502010165050,20200308,2,190
3890,5,C,0,502050805050,20200308,2,191
3891,6,C,0,502050804050,20200308,2,192
3892,5,C,0,502050804040,20200308,2,193
3893,6,C,0,502050803240,20200308,2,194
3894,5,C,0,502050803232,20200308,2,195
3895,6,C,0,502050802532,20200308,2,196
3896,5,C,0,502050802525,20200308,2,197
3897,4,B,0,502050805050,20200308,2,198
3898,3,B,0,502050645050,20200308,2,199
3899,4,B,0,502040645050,20200308,2,200
3900,3,B,0,502040515050,20200308,2,201
3901,4,B,0,502032515050,20200308,2,202
3902,3,B,0,502032405050,20200308,2,203
3903,2,A,0,502050805050,20200308,2,204
3904,1,A,0,501650805050,20200308,2,205
3905,2,A,1,401650805050,20200308,2,206
3906,1,A,1,401250805050,20200308,2,207
3907,2,A,1,321250805050,20200308,2,208
3908,1,A,1,321050805050,20200308,2,209
3909,2,A,0,251050805050,20200308,2,210
3910,1,A,1,250850805050,20200308,2,211
3911,2,A,0,200850805050,20200308,2,212
3912,1,A,0,200650805050,20200308,2,213
3913,2,A,0,160650805050,20200308,2,214
3914,1,A,1,160550805050,20200308,2,215
3915,2,A,0,130550805050,20200308,2,216
3916,1,A,0,130450805050,20200308,2,217
3917,2,A,0,100450805050,20200308,2,218
3918,4,B,1,502050805050,20200308,2,219
3919,3,B,0,502050645050,20200308,2,220
3920,4,B,1,502040645050,20200308,2,221
3921,3,B,0,502040515050,20200308,2,222
3922,4,B,0,502032515050,20200308,2,223
3923,3,B,1,502032405050,20200308,2,224
3924,4,B,1,502025405050,20200308,2,225
3925,3,B,0,502025325050,20200308,2,226
3926,4,B,0,502020325050,20200308,2,227
3927,3,B,0,202050208020,20200308,3,0
3928,4,B,0,202040208020,20200308,3,1
3929,5,C,1,202050208020,20200308,3,2
3930,6,C,0,202050206420,20200308,3,3
3931,5,C,0,202050206416,20200308,3,4
3932,2,A,0,202050208020,20200308,3,5
3933,1,A,0,201650208020,20200308,3,6
3934,2,A,0,161650208020,20200308,3,7
3935,1,A,0,161250208020,20200308,3,8
3936,4,B,0,202050208020,20200308,3,9
3937,3,B,1,202050168020,20200308,3,10
3938,4,B,0,202040168020,20200308,3,11
3939,3,B,1,202040128020,20200308,3,12
3940,5,C,0,202050208020,20200308,3,13
3941,6,C,0,202050206420,20200308,3,14
3942,5,C,1,202050206416,20200308,3,15
3943,2,A,0,202050208020,20200308,3,16
3944,1,A,0,201650208020,20200308,3,17
3945,2,A,1,161650208020,20200308,3,18
3946,1,A,0,161250208020,20200308,3,19
3947,2,A,0,121250208020,20200308,3,20
3948,4,B,1,202050208020,20200308,3,21
3949,3,B,1,202050168020,20200308,3,22
3950,4,B,0,202040168020,20200308,3,23
3951,3,B,1,202040128020,20200308,3,24
3952,4,B,0,202032128020,20200308,3,25
3953,3,B,0,202032108020,20200308,3,26
3954,5,C,1,202050208020,20200308,3,27
3955,6,C,0,202050206420,20200308,3,28
3956,5,C,1,202050206416,20200308,3,29
3957,2,A,0,202050208020,20200308,3,30
3958,1,A,0,201650208020,20200308,3,31
3959,2,A,0,161650208020,20200308,3,32
3960,4,B,0,202050208020,20200308,3,33
3961,3,B,0,202050168020,20200308,3,34
3962,4,B,0,202040168020,20200308,3,35
3963,3,B,1,202040128020,20200308,3,36
3964,5,C,1,202050208020,20200308,3,37
3965,6,C,0,202050206420,20200308,3,38
3966,5,C,0,202050206416,20200308,3,39
3967,4,B,0,202050208020,20200308,3,40
3968,3,B,1,202050168020,20200308,3,41
3969,4,B,0,202040168020,20200308,3,42
3970,3,B,0,202040128020,20200308,3,43
3971,4,B,0,202032128020,20200308,3,44
3972,3,B,0,202032108020,20200308,3,45
3973,5,C,1,202050208020,20200308,3,46
3974,6,C,0,202050206420,20200308,3,47
3975,5,C,1,202050206416,20200308,3,48
3976,4,B,0,202050208020,20200308,3,49
3977,3,B,1,202050168020,20200308,3,50
3978,4,B,0,202040168020,20200308,3,51
3979,3,B,1,202040128020,20200308,3,52
3980,4,B,0,202032128020,20200308,3,53
3981,3,B,1,202032108020,20200308,3,54
3982,4,B,0,202025108020,20200308,3,55
3983,3,B,0,202025088020,20200308,3,56
3984,4,B,0,202020088020,20200308,3,57
3985,2,A,0,202050208020,20200308,3,58
3986,1,A,0,201650208020,20200308,3,59
3987,2,A,0,161650208020,20200308,3,60
3988,1,A,0,161250208020,20200308,3,61
3989,2,A,0,121250208020,20200308,3,62
3990,5,C,1,202050208020,20200308,3,63
3991,6,C,0,202050206420,20200308,3,64
3992,5,C,1,202050206416,20200308,3,65
3993,4,B,1,202050208020,20200308,3,66
3994,3,B,1,202050168020,20200308,3,67
3995,4,B,0,202040168020,20200308,3,68
3996,3,B,0,202040128020,20200308,3,69
3997,4,B,1,202032128020,20200308,3,70
3998,3,B,0,202032108020,20200308,3,71
3999,4,B,1,202025108020,20200308,3,72
4000,3,B,0,202025088020,20200308,3,73
4001,4,B,0,202020088020,20200308,3,74
4002,3,B,0,202020068020,20200308,3,75
4003,5,C,1,202050208020,20200308,3,76
4004,6,C,0,202050206420,20200308,3,77
4005,5,C,1,202050206416,20200308,3,78
4006,4,B,0,202050208020,20200308,3,79
4007,3,B,1,202050168020,20200308,3,80
4008,4,B,0,202040168020,20200308,3,81
4009,3,B,0,202040128020,20200308,3,82
4010,4,B,0,202032128020,20200308,3,83
4011,3,B,0,202032108020,20200308,3,84
4012,5,C,1,202050208020,20200308,3,85
4013,6,C,1,202050206420,20200308,3,86
4014,5,C,0,202050206416,20200308,3,87
4015,6,C,0,202050205116,20200308,3,88
4016,5,C,0,202050205112,20200308,3,89
4017,2,A,0,202050208020,20200308,3,90
4018,1,A,1,201650208020,20200308,3,91
4019,2,A,0,161650208020,20200308,3,92
4020,1,A,0,161250208020,20200308,3,93
4021,2,A,0,121250208020,20200308,3,94
4022,4,B,0,202050208020,20200308,3,95
4023,3,B,1,202050168020,20200308,3,96
4024,4,B,0,202040168020,20200308,3,97
4025,3,B,0,202040128020,20200308,3,98
4026,4,B,0,202032128020,20200308,3,99
4027,3,B,1,202032108020,20200308,3,100
4028,4,B,0,202025108020,20200308,3,101
4029,3,B,0,202025088020,20200308,3,102
4030,4,B,0,202020088020,20200308,3,103
4031,3,B,0,202020068020,20200308,3,104
4032,5,C,1,202050208020,20200308,3,105
4033,6,C,1,202050206420,20200308,3,106
4034,5,C,1,202050206416,20200308,3,107
4035,6,C,0,202050205116,20200308,3,108
4036,5,C,0,202050205112,20200308,3,109
4037,4,B,0,202050208020,20200308,3,110
4038,3,B,1,202050168020,20200308,3,111
4039,4,B,0,202040168020,20200308,3,112
4040,3,B,1,202040128020,20200308,3,113
4041,4,B,0,202032128020,20200308,3,114
4042,3,B,0,202032108020,20200308,3,115
4043,4,B,1,202025108020,20200308,3,116
4044,3,B,0,202025088020,20200308,3,117
4045,4,B,0,202020088020,20200308,3,118
4046,3,B,0,202020068020,20200308,3,119
4047,5,C,1,202050208020,20200308,3,120
4048,6,C,1,202050206420,20200308,3,121
4049,5,C,0,202050206416,20200308,3,122
4050,6,C,0,202050205116,20200308,3,123
4051,5,C,1,202050205112,20200308,3,124
4052,6,C,0,202050204012,20200308,3,125
4053,5,C,1,202050204010,20200308,3,126
4054,4,B,1,202050208020,20200308,3,127
4055,3,B,0,202050168020,20200308,3,128
4056,4,B,0,202040168020,20200308,3,129
4057,3,B,1,202040128020,20200308,3,130
4058,4,B,0,202032128020,20200308,3,131
4059,3,B,1,202032108020,20200308,3,132
4060,4,B,1,202025108020,20200308,3,133
4061,3,B,0,202025088020,20200308,3,134
4062,4,B,0,202020088020,20200308,3,135
4063,3,B,0,202020068020,20200308,3,136
4064,4,B,0,202016068020,20200308,3,137
4065,3,B,0,202016058020,20200308,3,138
4066,5,C,1,202050208020,20200308,3,139
4067,6,C,1,202050206420,20200308,3,140
4068,5,C,0,202050206416,20200308,3,141
4069,6,C,0,202050205116,20200308,3,142
4070,5,C,0,202050205112,20200308,3,143
4071,6,C,0,202050204012,20200308,3,144
4072,5,C,0,202050204010,20200308,3,145
4073,2,A,0,202050208020,20200308,3,146
4074,1,A,0,201650208020,20200308,3,147
4075,2,A,0,161650208020,20200308,3,148
4076,1,A,0,161250208020,20200308,3,149
4077,4,B,1,202050208020,20200308,3,150
4078,3,B,1,202050168020,20200308,3,151
4079,4,B,0,202040168020,20200308,3,152
4080,3,B,1,202040128020,20200308,3,153
4081,4,B,0,202032128020,20200308,3,154
4082,3,B,1,202032108020,20200308,3,155
4083,4,B,0,202025108020,20200308,3,156
4084,3,B,0,202025088020,20200308,3,157
4085,4,B,0,202020088020,20200308,3,158
4086,3,B,0,202020068020,20200308,3,159
4087,5,C,0,202050208020,20200308,3,160
4088,6,C,0,202050206420,20200308,3,161
4089,5,C,1,202050206416,20200308,3,162
4090,6,C,0,202050205116,20200308,3,163
4091,5,C,0,202050205112,20200308,3,164
4092,6,C,0,202050204012,20200308,3,165
4093,5,C,1,202050204010,20200308,3,166
4094,4,B,0,202050208020,20200308,3,167
4095,3,B,0,202050168020,20200308,3,168
4096,4,B,0,202040168020,20200308,3,169
4097,3,B,1,202040128020,20200308,3,170
4098,4,B,0,202032128020,20200308,3,171
4099,3,B,1,202032108020,20200308,3,172
4100,4,B,0,202025108020,20200308,3,173
4101,3,B,0,202025088020,20200308,3,174
4102,4,B,0,202020088020,20200308,3,175
4103,2,A,0,202050208020,20200308,3,176
4104,1,A,0,201650208020,20200308,3,177
4105,2,A,0,161650208020,20200308,3,178
4106,5,C,0,202050208020,20200308,3,179
4107,6,C,0,202050206420,20200308,3,180
4108,5,C,0,202050206416,20200308,3,181
4109,4,B,0,202050208020,20200308,3,182
4110,3,B,0,202050168020,20200308,3,183
4111,4,B,0,202040168020,20200308,3,184
4112,3,B,1,202040128020,20200308,3,185
4113,4,B,0,202032128020,20200308,3,186
4114,3,B,0,202032108020,20200308,3,187
4115,4,B,1,202025108020,20200308,3,188
4116,3,B,0,202025088020,20200308,3,189
4117,4,B,0,202020088020,20200308,3,190
4118,3,B,0,202020068020,20200308,3,191
4119,4,B,0,202016068020,20200308,3,192
4120,5,C,0,202050208020,20200308,3,193
4121,6,C,0,202050206420,20200308,3,194
4122,5,C,0,202050206416,20200308,3,195
4123,6,C,1,202050205116,20200308,3,196
4124,5,C,0,202050205112,20200308,3,197
4125,6,C,0,202050204012,20200308,3,198
4126,5,C,1,202050204010,20200308,3,199
4127,6,C,0,202050203210,20200308,3,200
4128,5,C,0,202050203208,20200308,3,201
4129,4,B,0,202050208020,20200308,3,202
4130,3,B,1,202050168020,20200308,3,203
4131,4,B,0,202040168020,20200308,3,204
4132,3,B,1,202040128020,20200308,3,205
4133,4,B,0,202032128020,20200308,3,206
4134,3,B,0,202032108020,20200308,3,207
4135,4,B,0,202025108020,20200308,3,208
4136,3,B,0,202025088020,20200308,3,209
4137,4,B,0,202020088020,20200308,3,210
4138,3,B,1,202020068020,20200308,3,211
4139,4,B,0,202016068020,20200308,3,212
4140,3,B,0,202016058020,20200308,3,213
4141,4,B,0,202013058020,20200308,3,214
4142,3,B,0,202013048020,20200308,3,215
4143,4,B,0,202010048020,20200308,3,216
4144,3,B,0,202010038020,20200308,3,217
4145,4,B,0,202008038020,20200308,3,218
4146,5,C,1,202050208020,20200308,3,219
4147,6,C,0,202050206420,20200308,3,220
4148,5,C,1,202050206416,20200308,3,221
4149,6,C,0,202050205116,20200308,3,222
4150,5,C,1,202050205112,20200308,3,223
4151,6,C,0,202050204012,20200308,3,224
4152,5,C,1,202050204010,20200308,3,225
4153,6,C,0,202050203210,20200308,3,226
4154,5,C,0,202050203208,20200308,3,227
4155,4,B,1,202050208020,20200308,3,228
4156,3,B,1,202050168020,20200308,3,229
4157,4,B,0,202040168020,20200308,3,230
4158,3,B,0,202040128020,20200308,3,231
4159,4,B,0,202032128020,20200308,3,232
4160,3,B,0,202032108020,20200308,3,233
4161,4,B,0,202025108020,20200308,3,234
4162,3,B,0,202025088020,20200308,3,235
4163,4,B,0,202020088020,20200308,3,236
4164,3,B,0,202020068020,20200308,3,237
4165,4,B,0,202016068020,20200308,3,238
4166,5,C,1,202050208020,20200308,3,239
4167,6,C,0,202050206420,20200308,3,240
4168,5,C,0,202050206416,20200308,3,241
4169,6,C,1,202050205116,20200308,3,242
4170,3,B,0,508020202080,20200310,1,0
4171,4,B,0,508016202080,20200310,1,1
4172,5,C,0,508020202080,20200310,1,2
4173,6,C,1,508020201680,20200310,1,3
4174,5,C,1,508020201664,20200310,1,4
4175,2,A,0,508020202080,20200310,1,5
4176,1,A,1,506420202080,20200310,1,6
4177,2,A,0,406420202080,20200310,1,7
4178,1,A,1,405120202080,20200310,1,8
4179,5,C,1,508020202080,20200310,1,9
4180,6,C,1,508020201680,20200310,1,10
4181,5,C,0,508020201664,20200310,1,11
4182,6,C,0,508020201264,20200310,1,12
4183,5,C,0,508020201251,20200310,1,13
4184,4,B,0,508020202080,20200310,1,14
4185,3,B,0,508020162080,20200310,1,15
4186,4,B,0,508016162080,20200310,1,16
4187,3,B,0,508016122080,20200310,1,17
4188,2,A,1,508020202080,20200310,1,18
4189,1,A,0,506420202080,20200310,1,19
4190,2,A,1,406420202080,20200310,1,20
4191,1,A,0,405120202080,20200310,1,21
4192,2,A,1,325120202080,20200310,1,22
4193,5,C,0,508020202080,20200310,1,23
4194,6,C,1,508020201680,20200310,1,24
4195,5,C,0,508020201664,20200310,1,25
4196,6,C,1,508020201264,20200310,1,26
4197,4,B,0,508020202080,20200310,1,27
4198,3,B,0,508020162080,20200310,1,28
4199,4,B,0,508016162080,20200310,1,29
4200,2,A,1,508020202080,20200310,1,30
4201,1,A,0,506420202080,20200310,1,31
4202,2,A,1,406420202080,20200310,1,32
4203,1,A,0,405120202080,20200310,1,33
4204,2,A,0,325120202080,20200310,1,34
4205,5,C,0,508020202080,20200310,1,35
4206,6,C,1,508020201680,20200310,1,36
4207,5,C,0,508020201664,20200310,1,37
4208,6,C,1,508020201264,20200310,1,38
4209,5,C,0,508020201251,20200310,1,39
4210,6,C,1,508020201051,20200310,1,40
4211,4,B,0,508020202080,20200310,1,41
4212,3,B,0,508020162080,20200310,1,42
4213,4,B,0,508016162080,20200310,1,43
4214,2,A,1,508020202080,20200310,1,44
4215,1,A,0,506420202080,20200310,1,45
4216,2,A,1,406420202080,20200310,1,46
4217,1,A,1,405120202080,20200310,1,47
4218,2,A,0,325120202080,20200310,1,48
4219,1,A,0,324020202080,20200310,1,49
4220,2,A,0,254020202080,20200310,1,50
4221,5,C,0,508020202080,20200310,1,51
4222,6,C,0,508020201680,20200310,1,52
4223,5,C,0,508020201664,20200310,1,53
4224,6,C,0,508020201264,20200310,1,54
4225,4,B,0,508020202080,20200310,1,55
4226,3,B,1,508020162080,20200310,1,56
4227,4,B,0,508016162080,20200310,1,57
4228,3,B,0,508016122080,20200310,1,58
4229,2,A,1,508020202080,20200310,1,59
4230,1,A,0,506420202080,20200310,1,60
4231,2,A,1,406420202080,20200310,1,61
4232,1,A,1,405120202080,20200310,1,62
4233,2,A,0,325120202080,20200310,1,63
4234,1,A,0,324020202080,20200310,1,64
4235,2,A,0,254020202080,20200310,1,65
4236,5,C,0,508020202080,20200310,1,66
4237,6,C,1,508020201680,20200310,1,67
4238,5,C,0,508020201664,20200310,1,68
4239,6,C,1,508020201264,20200310,1,69
4240,5,C,0,508020201251,20200310,1,70
4241,6,C,1,508020201051,20200310,1,71
4242,5,C,0,508020201040,20200310,1,72
4243,6,C,0,508020200840,20200310,1,73
4244,2,A,1,508020202080,20200310,1,74
4245,1,A,1,506420202080,20200310,1,75
4246,2,A,0,406420202080,20200310,1,76
4247,1,A,0,405120202080,20200310,1,77
4248,2,A,0,325120202080,20200310,1,78
4249,1,A,1,324020202080,20200310,1,79
4250,2,A,1,254020202080,20200310,1,80
4251,1,A,0,253220202080,20200310,1,81
4252,2,A,0,203220202080,20200310,1,82
4253,1,A,0,202620202080,20200310,1,83
4254,2,A,0,162620202080,20200310,1,84
4255,4,B,0,508020202080,20200310,1,85
4256,3,B,0,508020162080,20200310,1,86
4257,4,B,0,508016162080,20200310,1,87
4258,3,B,0,508016122080,20200310,1,88
4259,2,A,1,508020202080,20200310,1,89
4260,1,A,1,506420202080,20200310,1,90
4261,2,A,1,406420202080,20200310,1,91
4262,1,A,1,405120202080,20200310,1,92
4263,2,A,0,325120202080,20200310,1,93
4264,1,A,1,324020202080,20200310,1,94
4265,2,A,0,254020202080,20200310,1,95
4266,1,A,0,253220202080,20200310,1,96
4267,2,A,1,203220202080,20200310,1,97
4268,1,A,0,202620202080,20200310,1,98
4269,2,A,0,162620202080,20200310,1,99
4270,1,A,0,162020202080,20200310,1,100
4271,5,C,0,508020202080,20200310,1,101
4272,6,C,1,508020201680,20200310,1,102
4273,5,C,0,508020201664,20200310,1,103
4274,6,C,0,508020201264,20200310,1,104
4275,5,C,0,508020201251,20200310,1,105
4276,6,C,0,508020201051,20200310,1,106
4277,2,A,1,508020202080,20200310,1,107
4278,1,A,0,506420202080,20200310,1,108
4279,2,A,1,406420202080,20200310,1,109
4280,1,A,1,405120202080,20200310,1,110
4281,2,A,1,325120202080,20200310,1,111
4282,1,A,1,324020202080,20200310,1,112
4283,2,A,1,254020202080,20200310,1,113
4284,1,A,0,253220202080,20200310,1,114
4285,2,A,0,203220202080,20200310,1,115
4286,1,A,0,202620202080,20200310,1,116
4287,2,A,1,162620202080,20200310,1,117
4288,1,A,0,162020202080,20200310,1,118
4289,2,A,0,132020202080,20200310,1,119
4290,1,A,0,131620202080,20200310,1,120
4291,2,A,0,101620202080,20200310,1,121
4292,1,A,0,101320202080,20200310,1,122
4293,2,A,0,081320202080,20200310,1,123
4294,4,B,0,508020202080,20200310,1,124
4295,3,B,0,508020162080,20200310,1,125
4296,4,B,0,508016162080,20200310,1,126
4297,3,B,0,508016122080,20200310,1,127
4298,2,A,1,508020202080,20200310,1,128
4299,1,A,1,506420202080,20200310,1,129
4300,2,A,1,406420202080,20200310,1,130
4301,1,A,0,405120202080,20200310,1,131
4302,2,A,1,325120202080,20200310,1,132
4303,1,A,0,324020202080,20200310,1,133
4304,2,A,0,254020202080,20200310,1,134
4305,1,A,1,253220202080,20200310,1,135
4306,2,A,1,203220202080,20200310,1,136
4307,1,A,1,202620202080,20200310,1,137
4308,2,A,0,162620202080,20200310,1,138
4309,1,A,0,162020202080,20200310,1,139
4310,2,A,1,132020202080,20200310,1,140
4311,1,A,1,131620202080,20200310,1,141
4312,2,A,1,101620202080,20200310,1,142
4313,1,A,0,101320202080,20200310,1,143
4314,2,A,1,081320202080,20200310,1,144
4315,1,A,0,081020202080,20200310,1,145
4316,2,A,0,061020202080,20200310,1,146
4317,1,A,0,060820202080,20200310,1,147
4318,2,A,0,050820202080,20200310,1,148
4319,1,A,0,050620202080,20200310,1,149
4320,2,A,0,040620202080,20200310,1,150
4321,1,A,0,040520202080,20200310,1,151
4322,2,A,0,030520202080,20200310,1,152
4323,1,A,0,030420202080,20200310,1,153
4324,2,A,0,020420202080,20200310,1,154
4325,1,A,0,020320202080,20200310,1,155
4326,2,A,0,020320202080,20200310,1,156
4327,5,C,0,508020202080,20200310,1,157
4328,6,C,1,508020201680,20200310,1,158
4329,5,C,0,508020201664,20200310,1,159
4330,6,C,1,508020201264,20200310,1,160
4331,5,C,0,508020201251,20200310,1,161
4332,6,C,1,508020201051,20200310,1,162
4333,5,C,0,508020201040,20200310,1,163
4334,6,C,0,508020200840,20200310,1,164
4335,2,A,1,508020202080,20200310,1,165
4336,1,A,0,506420202080,20200310,1,166
4337,2,A,1,406420202080,20200310,1,167
4338,1,A,0,405120202080,20200310,1,168
4339,2,A,1,325120202080,20200310,1,169
4340,1,A,0,324020202080,20200310,1,170
4341,2,A,0,254020202080,20200310,1,171
4342,1,A,0,253220202080,20200310,1,172
4343,2,A,0,203220202080,20200310,1,173
4344,1,A,0,202620202080,20200310,1,174
4345,2,A,0,162620202080,20200310,1,175
4346,1,A,0,162020202080,20200310,1,176
4347,2,A,0,132020202080,20200310,1,177
4348,4,B,0,508020202080,20200310,1,178
4349,3,B,0,508020162080,20200310,1,179
4350,4,B,0,508016162080,20200310,1,180
4351,2,A,1,508020202080,20200310,1,181
4352,1,A,1,506420202080,20200310,1,182
4353,2,A,1,406420202080,20200310,1,183
4354,1,A,1,405120202080,20200310,1,184
4355,2,A,1,325120202080,20200310,1,185
4356,1,A,0,324020202080,20200310,1,186
4357,2,A,0,254020202080,20200310,1,187
4358,1,A,1,253220202080,20200310,1,188
4359,2,A,1,203220202080,20200310,1,189
4360,1,A,0,202620202080,20200310,1,190
4361,2,A,0,162620202080,20200310,1,191
4362,1,A,0,162020202080,20200310,1,192
4363,2,A,0,132020202080,20200310,1,193
4364,1,A,0,131620202080,20200310,1,194
4365,2,A,1,101620202080,20200310,1,195
4366,1,A,1,101320202080,20200310,1,196
4367,2,A,0,081320202080,20200310,1,197
4368,1,A,0,081020202080,20200310,1,198
4369,2,A,1,061020202080,20200310,1,199
4370,1,A,0,060820202080,20200310,1,200
4371,2,A,0,050820202080,20200310,1,201
4372,1,A,0,050620202080,20200310,1,202
4373,2,A,0,040620202080,20200310,1,203
4374,5,C,0,508020202080,20200310,1,204
4375,6,C,1,508020201680,20200310,1,205
4376,5,C,0,508020201664,20200310,1,206
4377,6,C,1,508020201264,20200310,1,207
4378,5,C,0,508020201251,20200310,1,208
4379,6,C,1,508020201051,20200310,1,209
4380,5,C,0,508020201040,20200310,1,210
4381,6,C,0,508020200840,20200310,1,211
4382,2,A,1,508020202080,20200310,1,212
4383,1,A,1,506420202080,20200310,1,213
4384,2,A,1,406420202080,20200310,1,214
4385,1,A,1,405120202080,20200310,1,215
4386,2,A,0,325120202080,20200310,1,216
4387,1,A,0,324020202080,20200310,1,217
4388,2,A,0,254020202080,20200310,1,218
4389,1,A,0,253220202080,20200310,1,219
4390,2,A,0,203220202080,20200310,1,220
4391,1,A,0,202620202080,20200310,1,221
4392,2,A,1,162620202080,20200310,1,222
4393,1,A,0,162020202080,20200310,1,223
4394,2,A,0,132020202080,20200310,1,224
4395,1,A,0,131620202080,20200310,1,225
4396,2,A,0,101620202080,20200310,1,226
4397,4,B,0,508020202080,20200310,1,227
4398,3,B,0,508020162080,20200310,1,228
4399,4,B,0,508016162080,20200310,1,229
4400,2,A,0,508020202080,20200310,1,230
4401,1,A,1,506420202080,20200310,1,231
4402,2,A,1,406420202080,20200310,1,232
4403,1,A,0,405120202080,20200310,1,233
4404,2,A,0,325120202080,20200310,1,234
4405,1,A,0,324020202080,20200310,1,235
4406,2,A,1,254020202080,20200310,1,236
4407,1,A,1,253220202080,20200310,1,237
4408,2,A,0,203220202080,20200310,1,238
4409,1,A,0,202620202080,20200310,1,239
4410,2,A,1,162620202080,20200310,1,240
4411,1,A,0,162020202080,20200310,1,241
4412,2,A,0,132020202080,20200310,1,242
4413,1,A,0,131620202080,20200310,1,243
4414,3,B,0,805020202050,20200307,2,0
4415,4,B,0,805016202050,20200307,2,1
4416,5,C,1,805020202050,20200307,2,2
4417,6,C,0,805020201650,20200307,2,3
4418,2,A,0,805020202050,20200307,2,4
4419,1,A,1,804020202050,20200307,2,5
4420,2,A,1,644020202050,20200307,2,6
4421,4,B,0,805020202050,20200307,2,7
4422,3,B,1,805020162050,20200307,2,8
4423,4,B,0,805016162050,20200307,2,9
4424,3,B,0,805016122050,20200307,2,10
4425,4,B,0,805012122050,20200307,2,11
4426,5,C,0,805020202050,20200307,2,12
4427,6,C,1,805020201650,20200307,2,13
4428,2,A,1,805020202050,20200307,2,14
4429,1,A,1,804020202050,20200307,2,15
4430,2,A,0,644020202050,20200307,2,16
4431,1,A,0,643220202050,20200307,2,17
4432,4,B,0,805020202050,20200307,2,18
4433,3,B,1,805020162050,20200307,2,19
4434,4,B,0,805016162050,20200307,2,20
4435,3,B,0,805016122050,20200307,2,21
4436,4,B,0,805012122050,20200307,2,22
4437,5,C,0,805020202050,20200307,2,23
4438,6,C,0,805020201650,20200307,2,24
4439,5,C,0,805020201640,20200307,2,25
4440,6,C,1,805020201240,20200307,2,26
4441,4,B,0,805020202050,20200307,2,27
4442,3,B,0,805020162050,20200307,2,28
4443,4,B,0,805016162050,20200307,2,29
4444,3,B,0,805016122050,20200307,2,30
4445,2,A,1,805020202050,20200307,2,31
4446,1,A,1,804020202050,20200307,2,32
4447,2,A,0,644020202050,20200307,2,33
4448,1,A,1,643220202050,20200307,2,34
4449,5,C,0,805020202050,20200307,2,35
4450,6,C,0,805020201650,20200307,2,36
4451,5,C,0,805020201640,20200307,2,37
4452,6,C,1,805020201240,20200307,2,38
4453,4,B,0,805020202050,20200307,2,39
4454,3,B,0,805020162050,20200307,2,40
4455,4,B,0,805016162050,20200307,2,41
4456,3,B,0,805016122050,20200307,2,42
4457,2,A,0,805020202050,20200307,2,43
4458,1,A,1,804020202050,20200307,2,44
4459,2,A,0,644020202050,20200307,2,45
4460,1,A,1,643220202050,20200307,2,46
4461,4,B,0,805020202050,20200307,2,47
4462,3,B,0,805020162050,20200307,2,48
4463,4,B,0,805016162050,20200307,2,49
4464,3,B,1,805016122050,20200307,2,50
4465,5,C,1,805020202050,20200307,2,51
4466,6,C,1,805020201650,20200307,2,52
4467,5,C,0,805020201640,20200307,2,53
4468,6,C,1,805020201240,20200307,2,54
4469,5,C,0,805020201232,20200307,2,55
4470,6,C,0,805020201032,20200307,2,56
4471,3,B,0,805020202050,20200307,2,57
4472,4,B,0,805016202050,20200307,2,58
4473,3,B,0,805016162050,20200307,2,59
4474,2,A,1,805020202050,20200307,2,60
4475,1,A,1,804020202050,20200307,2,61
4476,2,A,1,644020202050,20200307,2,62
4477,1,A,1,643220202050,20200307,2,63
4478,2,A,0,513220202050,20200307,2,64
4479,1,A,1,512520202050,20200307,2,65
4480,2,A,1,402520202050,20200307,2,66
4481,1,A,0,402020202050,20200307,2,67
4482,2,A,0,322020202050,20200307,2,68
4483,5,C,0,805020202050,20200307,2,69
4484,6,C,0,805020201650,20200307,2,70
4485,5,C,0,805020201640,20200307,2,71
4486,4,B,1,805020202050,20200307,2,72
4487,3,B,0,805020162050,20200307,2,73
4488,4,B,1,805016162050,20200307,2,74
4489,3,B,0,805016122050,20200307,2,75
4490,4,B,0,805012122050,20200307,2,76
4491,3,B,0,805012102050,20200307,2,77
4492,4,B,0,805010102050,20200307,2,78
4493,3,B,1,805010082050,20200307,2,79
4494,5,C,0,805020202050,20200307,2,80
4495,6,C,1,805020201650,20200307,2,81
4496,5,C,0,805020201640,20200307,2,82
4497,6,C,1,805020201240,20200307,2,83
4498,2,A,0,805020202050,20200307,2,84
4499,1,A,1,804020202050,20200307,2,85
4500,2,A,1,644020202050,20200307,2,86
4501,1,A,0,643220202050,20200307,2,87
4502,2,A,1,513220202050,20200307,2,88
4503,1,A,0,512520202050,20200307,2,89
4504,2,A,1,402520202050,20200307,2,90
4505,1,A,0,402020202050,20200307,2,91
4506,2,A,0,322020202050,20200307,2,92
4507,1,A,1,321620202050,20200307,2,93
4508,2,A,0,261620202050,20200307,2,94
4509,1,A,0,261320202050,20200307,2,95
4510,2,A,0,201320202050,20200307,2,96
4511,4,B,1,805020202050,20200307,2,97
4512,3,B,0,805020162050,20200307,2,98
4513,4,B,0,805016162050,20200307,2,99
4514,3,B,0,805016122050,20200307,2,100
4515,4,B,0,805012122050,20200307,2,101
4516,5,C,0,805020202050,20200307,2,102
4517,6,C,0,805020201650,20200307,2,103
4518,5,C,0,805020201640,20200307,2,104
4519,6,C,0,805020201240,20200307,2,105
4520,3,B,0,805020202050,20200307,2,106
4521,4,B,0,805016202050,20200307,2,107
4522,3,B,0,805016162050,20200307,2,108
4523,4,B,0,805012162050,20200307,2,109
4524,3,B,0,805012122050,20200307,2,110
4525,4,B,0,805010122050,20200307,2,111
4526,2,A,1,805020202050,20200307,2,112
4527,1,A,1,804020202050,20200307,2,113
4528,2,A,0,644020202050,20200307,2,114
4529,1,A,1,643220202050,20200307,2,115
4530,2,A,1,513220202050,20200307,2,116
4531,1,A,0,512520202050,20200307,2,117
4532,2,A,0,402520202050,20200307,2,118
4533,1,A,1,402020202050,20200307,2,119
4534,2,A,0,322020202050,20200307,2,120
4535,1,A,1,321620202050,20200307,2,121
4536,2,A,0,261620202050,20200307,2,122
4537,1,A,0,261320202050,20200307,2,123
4538,2,A,0,201320202050,20200307,2,124
4539,5,C,0,805020202050,20200307,2,125
4540,6,C,0,805020201650,20200307,2,126
4541,5,C,0,805020201640,20200307,2,127
4542,6,C,1,805020201240,20200307,2,128
4543,5,C,0,805020201232,20200307,2,129
4544,6,C,0,805020201032,20200307,2,130
4545,5,C,0,805020201025,20200307,2,131
4546,2,A,0,805020202050,20200307,2,132
4547,1,A,1,804020202050,20200307,2,133
4548,2,A,1,644020202050,20200307,2,134
4549,1,A,1,643220202050,20200307,2,135
4550,2,A,0,513220202050,20200307,2,136
4551,1,A,0,512520202050,20200307,2,137
4552,2,A,0,402520202050,20200307,2,138
4553,1,A,1,402020202050,20200307,2,139
4554,2,A,1,322020202050,20200307,2,140
4555,1,A,0,321620202050,20200307,2,141
4556,2,A,0,261620202050,20200307,2,142
4557,1,A,0,261320202050,20200307,2,143
4558,2,A,0,201320202050,20200307,2,144
4559,4,B,0,805020202050,20200307,2,145
4560,3,B,1,805020162050,20200307,2,146
4561,4,B,1,805016162050,20200307,2,147
4562,3,B,0,805016122050,20200307,2,148
4563,4,B,0,805012122050,20200307,2,149
4564,3,B,1,805012102050,20200307,2,150
4565,4,B,1,805010102050,20200307,2,151
4566,3,B,0,805010082050,20200307,2,152
4567,4,B,0,805008082050,20200307,2,153
4568,3,B,0,805008062050,20200307,2,154
4569,2,A,0,805020202050,20200307,2,155
4570,1,A,1,804020202050,20200307,2,156
4571,2,A,0,644020202050,20200307,2,157
4572,1,A,1,643220202050,20200307,2,158
4573,2,A,0,513220202050,20200307,2,159
4574,1,A,0,512520202050,20200307,2,160
4575,2,A,1,402520202050,20200307,2,161
4576,1,A,0,402020202050,20200307,2,162
4577,2,A,0,322020202050,20200307,2,163
4578,1,A,0,321620202050,20200307,2,164
4579,2,A,1,261620202050,20200307,2,165
4580,1,A,0,261320202050,20200307,2,166
4581,2,A,0,201320202050,20200307,2,167
4582,5,C,0,805020202050,20200307,2,168
4583,6,C,1,805020201650,20200307,2,169
4584,5,C,0,805020201640,20200307,2,170
4585,6,C,0,805020201240,20200307,2,171
4586,5,C,0,805020201232,20200307,2,172
4587,6,C,0,805020201032,20200307,2,173
4588,4,B,0,805020202050,20200307,2,174
4589,3,B,0,805020162050,20200307,2,175
4590,4,B,0,805016162050,20200307,2,176
4591,3,B,0,805016122050,20200307,2,177
4592,4,B,0,805012122050,20200307,2,178
4593,2,A,0,805020202050,20200307,2,179
4594,1,A,1,804020202050,20200307,2,180
4595,2,A,1,644020202050,20200307,2,181
4596,1,A,0,643220202050,20200307,2,182
4597,2,A,0,513220202050,20200307,2,183
4598,1,A,0,512520202050,20200307,2,184
4599,2,A,1,402520202050,20200307,2,185
4600,1,A,1,402020202050,20200307,2,186
4601,2,A,0,322020202050,20200307,2,187
4602,1,A,1,321620202050,20200307,2,188
4603,2,A,0,261620202050,20200307,2,189
4604,1,A,0,261320202050,20200307,2,190
4605,2,A,0,201320202050,20200307,2,191
4606,4,B,1,805020202050,20200307,2,192
4607,3,B,0,805020162050,20200307,2,193
4608,4,B,0,805016162050,20200307,2,194
4609,3,B,0,805016122050,20200307,2,195
4610,4,B,0,805012122050,20200307,2,196
4611,3,B,0,805012102050,20200307,2,197
4612,2,A,0,805020202050,20200307,2,198
4613,1,A,1,804020202050,20200307,2,199
4614,2,A,1,644020202050,20200307,2,200
4615,1,A,1,643220202050,20200307,2,201
4616,2,A,0,513220202050,20200307,2,202
4617,1,A,0,512520202050,20200307,2,203
4618,2,A,0,402520202050,20200307,2,204
4619,1,A,1,402020202050,20200307,2,205
4620,2,A,0,322020202050,20200307,2,206
4621,1,A,0,321620202050,20200307,2,207
4622,2,A,1,261620202050,20200307,2,208
4623,1,A,1,261320202050,20200307,2,209
4624,2,A,0,201320202050,20200307,2,210
4625,1,A,1,201020202050,20200307,2,211
4626,2,A,0,161020202050,20200307,2,212
4627,1,A,0,160820202050,20200307,2,213
4628,2,A,0,130820202050,20200307,2,214
4629,1,A,1,130620202050,20200307,2,215
4630,2,A,0,100620202050,20200307,2,216
4631,1,A,0,100520202050,20200307,2,217
4632,2,A,0,080520202050,20200307,2,218
4633,1,A,0,080420202050,20200307,2,219
4634,2,A,0,060420202050,20200307,2,220
4635,4,B,0,805020202050,20200307,2,221
4636,3,B,0,805020162050,20200307,2,222
4637,4,B,0,805016162050,20200307,2,223
4638,3,B,0,805016122050,20200307,2,224
4639,4,B,0,805012122050,20200307,2,225
4640,3,B,0,805012102050,20200307,2,226
4641,2,A,0,805020202050,20200307,2,227
4642,1,A,1,804020202050,20200307,2,228
4643,2,A,0,644020202050,20200307,2,229
4644,1,A,1,643220202050,20200307,2,230
4645,2,A,0,513220202050,20200307,2,231
4646,1,A,0,512520202050,20200307,2,232
4647,3,B,0,609080400010,20200311,1,0
4648,4,B,1,609064400010,20200311,1,1
4649,1,A,1,609080400010,20200311,1,2
4650,2,A,1,489080400010,20200311,1,3
4651,1,A,0,487280400010,20200311,1,4
4652,2,A,1,387280400010,20200311,1,5
4653,5,C,0,609080400010,20200311,1,6
4654,6,C,0,609080400010,20200311,1,7
4655,5,C,0,609080400008,20200311,1,8
4656,6,C,0,609080400008,20200311,1,9
4657,5,C,0,609080400006,20200311,1,10
4658,4,B,1,609080400010,20200311,1,11
4659,3,B,1,609080320010,20200311,1,12
4660,4,B,1,609064320010,20200311,1,13
4661,3,B,1,609064250010,20200311,1,14
4662,4,B,0,609051250010,20200311,1,15
4663,3,B,1,609051200010,20200311,1,16
4664,1,A,1,609080400010,20200311,1,17
4665,2,A,1,489080400010,20200311,1,18
4666,1,A,1,487280400010,20200311,1,19
4667,2,A,1,387280400010,20200311,1,20
4668,1,A,0,385780400010,20200311,1,21
4669,2,A,1,305780400010,20200311,1,22
4670,5,C,0,609080400010,20200311,1,23
4671,6,C,0,609080400010,20200311,1,24
4672,5,C,0,609080400008,20200311,1,25
4673,6,C,0,609080400008,20200311,1,26
4674,4,B,1,609080400010,20200311,1,27
4675,3,B,1,609080320010,20200311,1,28
4676,4,B,1,609064320010,20200311,1,29
4677,3,B,1,609064250010,20200311,1,30
4678,4,B,0,609051250010,20200311,1,31
4679,3,B,1,609051200010,20200311,1,32
4680,4,B,1,609040200010,20200311,1,33
4681,3,B,1,609040160010,20200311,1,34
4682,4,B,0,609032160010,20200311,1,35
4683,3,B,0,609032130010,20200311,1,36
4684,1,A,0,609080400010,20200311,1,37
4685,2,A,0,489080400010,20200311,1,38
4686,1,A,1,487280400010,20200311,1,39
4687,2,A,1,387280400010,20200311,1,40
4688,5,C,0,609080400010,20200311,1,41
4689,6,C,0,609080400010,20200311,1,42
4690,5,C,0,609080400008,20200311,1,43
4691,6,C,0,609080400008,20200311,1,44
4692,4,B,0,609080400010,20200311,1,45
4693,3,B,1,609080320010,20200311,1,46
4694,4,B,1,609064320010,20200311,1,47
4695,3,B,0,609064250010,20200311,1,48
4696,4,B,0,609051250010,20200311,1,49
4697,3,B,1,609051200010,20200311,1,50
4698,4,B,0,609040200010,20200311,1,51
4699,3,B,0,609040160010,20200311,1,52
4700,4,B,0,609032160010,20200311,1,53
4701,2,A,1,609080400010,20200311,1,54
4702,1,A,1,607280400010,20200311,1,55
4703,2,A,1,487280400010,20200311,1,56
4704,1,A,1,485780400010,20200311,1,57
4705,2,A,1,385780400010,20200311,1,58
4706,1,A,0,384680400010,20200311,1,59
4707,2,A,0,304680400010,20200311,1,60
4708,4,B,1,609080400010,20200311,1,61
4709,3,B,1,609080320010,20200311,1,62
4710,4,B,1,609064320010,20200311,1,63
4711,3,B,1,609064250010,20200311,1,64
4712,4,B,0,609051250010,20200311,1,65
4713,3,B,1,609051200010,20200311,1,66
4714,4,B,0,609040200010,20200311,1,67
4715,3,B,0,609040160010,20200311,1,68
4716,4,B,0,609032160010,20200311,1,69
4717,2,A,1,609080400010,20200311,1,70
4718,1,A,0,607280400010,20200311,1,71
4719,2,A,0,487280400010,20200311,1,72
4720,4,B,1,609080400010,20200311,1,73
4721,3,B,1,609080320010,20200311,1,74
4722,4,B,1,609064320010,20200311,1,75
4723,3,B,0,609064250010,20200311,1,76
4724,4,B,0,609051250010,20200311,1,77
4725,3,B,1,609051200010,20200311,1,78
4726,4,B,0,609040200010,20200311,1,79
4727,3,B,1,609040160010,20200311,1,80
4728,4,B,1,609032160010,20200311,1,81
4729,3,B,0,609032130010,20200311,1,82
4730,4,B,0,609026130010,20200311,1,83
4731,3,B,0,609026100010,20200311,1,84
4732,1,A,1,609080400010,20200311,1,85
4733,2,A,0,489080400010,20200311,1,86
4734,1,A,1,487280400010,20200311,1,87
4735,2,A,1,387280400010,20200311,1,88
4736,1,A,0,385780400010,20200311,1,89
4737,2,A,0,305780400010,20200311,1,90
4738,4,B,0,609080400010,20200311,1,91
4739,3,B,1,609080320010,20200311,1,92
4740,4,B,0,609064320010,20200311,1,93
4741,3,B,0,609064250010,20200311,1,94
4742,4,B,0,609051250010,20200311,1,95
4743,3,B,1,609051200010,20200311,1,96
4744,4,B,0,609040200010,20200311,1,97
4745,3,B,0,609040160010,20200311,1,98
4746,4,B,0,609032160010,20200311,1,99
4747,3,B,0,609032130010,20200311,1,100
4748,5,C,0,609080400010,20200311,1,101
4749,6,C,0,609080400010,20200311,1,102
4750,5,C,0,609080400008,20200311,1,103
4751,2,A,1,609080400010,20200311,1,104
4752,1,A,0,607280400010,20200311,1,105
4753,2,A,0,487280400010,20200311,1,106
4754,4,B,1,609080400010,20200311,1,107
4755,3,B,1,609080320010,20200311,1,108
4756,4,B,1,609064320010,20200311,1,109
4757,3,B,1,609064250010,20200311,1,110
4758,4,B,0,609051250010,20200311,1,111
4759,3,B,0,609051200010,20200311,1,112
4760,4,B,0,609040200010,20200311,1,113
4761,2,A,1,609080400010,20200311,1,114
4762,1,A,0,607280400010,20200311,1,115
4763,2,A,1,487280400010,20200311,1,116
4764,1,A,0,485780400010,20200311,1,117
4765,2,A,0,385780400010,20200311,1,118
4766,4,B,0,609080400010,20200311,1,119
4767,3,B,0,609080320010,20200311,1,120
4768,4,B,0,609064320010,20200311,1,121
4769,3,B,1,609064250010,20200311,1,122
4770,4,B,1,609051250010,20200311,1,123
4771,3,B,1,609051200010,20200311,1,124
4772,4,B,1,609040200010,20200311,1,125
4773,3,B,0,609040160010,20200311,1,126
4774,4,B,0,609032160010,20200311,1,127
4775,3,B,0,609032130010,20200311,1,128
4776,2,A,1,609080400010,20200311,1,129
4777,1,A,1,607280400010,20200311,1,130
4778,2,A,1,487280400010,20200311,1,131
4779,1,A,0,485780400010,20200311,1,132
4780,2,A,0,385780400010,20200311,1,133
4781,4,B,1,609080400010,20200311,1,134
4782,3,B,1,609080320010,20200311,1,135
4783,4,B,0,609064320010,20200311,1,136
4784,3,B,1,609064250010,20200311,1,137
4785,4,B,0,609051250010,20200311,1,138
4786,3,B,1,609051200010,20200311,1,139
4787,4,B,0,609040200010,20200311,1,140
4788,3,B,1,609040160010,20200311,1,141
4789,4,B,1,609032160010,20200311,1,142
4790,3,B,0,609032130010,20200311,1,143
4791,4,B,1,609026130010,20200311,1,144
4792,3,B,0,609026100010,20200311,1,145
4793,4,B,0,609020100010,20200311,1,146
4794,3,B,0,609020080010,20200311,1,147
4795,4,B,0,609016080010,20200311,1,148
4796,2,A,1,609080400010,20200311,1,149
4797,1,A,1,607280400010,20200311,1,150
4798,2,A,1,487280400010,20200311,1,151
4799,1,A,0,485780400010,20200311,1,152
4800,2,A,0,385780400010,20200311,1,153
4801,4,B,0,609080400010,20200311,1,154
4802,3,B,1,609080320010,20200311,1,155
4803,4,B,0,609064320010,20200311,1,156
4804,3,B,1,609064250010,20200311,1,157
4805,4,B,1,609051250010,20200311,1,158
4806,3,B,0,609051200010,20200311,1,159
4807,4,B,0,609040200010,20200311,1,160
4808,3,B,0,609040160010,20200311,1,161
4809,4,B,0,609032160010,20200311,1,162
4810,3,B,0,609032130010,20200311,1,163
4811,2,A,1,609080400010,20200311,1,164
4812,1,A,0,607280400010,20200311,1,165
4813,2,A,0,487280400010,20200311,1,166
4814,4,B,0,609080400010,20200311,1,167
4815,3,B,1,609080320010,20200311,1,168
4816,4,B,0,609064320010,20200311,1,169
4817,3,B,1,609064250010,20200311,1,170
4818,4,B,0,609051250010,20200311,1,171
4819,3,B,0,609051200010,20200311,1,172
4820,4,B,0,609040200010,20200311,1,173
4821,3,B,0,609040160010,20200311,1,174
4822,2,A,1,609080400010,20200311,1,175
4823,1,A,0,607280400010,20200311,1,176
4824,2,A,0,487280400010,20200311,1,177
4825,4,B,0,609080400010,20200311,1,178
4826,3,B,1,609080320010,20200311,1,179
4827,4,B,1,609064320010,20200311,1,180
4828,3,B,1,609064250010,20200311,1,181
4829,4,B,0,609051250010,20200311,1,182
4830,3,B,1,609051200010,20200311,1,183
4831,4,B,0,609040200010,20200311,1,184
4832,3,B,0,609040160010,20200311,1,185
4833,4,B,0,609032160010,20200311,1,186
4834,3,B,0,609032130010,20200311,1,187
4835,2,A,1,609080400010,20200311,1,188
4836,1,A,1,607280400010,20200311,1,189
4837,2,A,1,487280400010,20200311,1,190
4838,1,A,0,485780400010,20200311,1,191
4839,2,A,1,385780400010,20200311,1,192
4840,1,A,0,384680400010,20200311,1,193
4841,2,A,1,304680400010,20200311,1,194
4842,1,A,0,303680400010,20200311,1,195
4843,2,A,0,243680400010,20200311,1,196
4844,4,B,0,609080400010,20200311,1,197
4845,3,B,0,609080320010,20200311,1,198
4846,4,B,1,609064320010,20200311,1,199
4847,3,B,1,609064250010,20200311,1,200
4848,4,B,0,609051250010,20200311,1,201
4849,3,B,0,609051200010,20200311,1,202
4850,4,B,0,609040200010,20200311,1,203
4851,3,B,0,609040160010,20200311,1,204
4852,4,B,0,609032160010,20200311,1,205
4853,3,B,0,609032130010,20200311,1,206
4854,2,A,1,609080400010,20200311,1,207
4855,1,A,1,607280400010,20200311,1,208
4856,4,B,1,100040809060,20200311,2,0
4857,3,B,1,100040649060,20200311,2,1
4858,5,C,1,100040809060,20200311,2,2
4859,6,C,1,100040807260,20200311,2,3
4860,5,C,0,100040807248,20200311,2,4
4861,2,A,0,100040809060,20200311,2,5
4862,1,A,0,100040809060,20200311,2,6
4863,2,A,0,080040809060,20200311,2,7
4864,4,B,0,100040809060,20200311,2,8
4865,3,B,0,100040649060,20200311,2,9
4866,4,B,0,100032649060,20200311,2,10
4867,5,C,1,100040809060,20200311,2,11
4868,6,C,0,100040807260,20200311,2,12
4869,5,C,1,100040807248,20200311,2,13
4870,4,B,1,100040809060,20200311,2,14
4871,3,B,0,100040649060,20200311,2,15
4872,4,B,0,100032649060,20200311,2,16
4873,3,B,0,100032519060,20200311,2,17
4874,2,A,0,100040809060,20200311,2,18
4875,1,A,0,100040809060,20200311,2,19
4876,2,A,0,080040809060,20200311,2,20
4877,5,C,1,100040809060,20200311,2,21
4878,6,C,0,100040807260,20200311,2,22
4879,5,C,1,100040807248,20200311,2,23
4880,4,B,1,100040809060,20200311,2,24
4881,3,B,0,100040649060,20200311,2,25
4882,4,B,1,100032649060,20200311,2,26
4883,2,A,0,100040809060,20200311,2,27
4884,1,A,0,100040809060,20200311,2,28
4885,2,A,0,080040809060,20200311,2,29
4886,5,C,1,100040809060,20200311,2,30
4887,6,C,1,100040807260,20200311,2,31
4888,5,C,1,100040807248,20200311,2,32
4889,4,B,1,100040809060,20200311,2,33
4890,3,B,0,100040649060,20200311,2,34
4891,4,B,1,100032649060,20200311,2,35
4892,3,B,0,100032519060,20200311,2,36
4893,4,B,1,100025519060,20200311,2,37
4894,2,A,0,100040809060,20200311,2,38
4895,1,A,0,100040809060,20200311,2,39
4896,2,A,0,080040809060,20200311,2,40
4897,5,C,0,100040809060,20200311,2,41
4898,6,C,0,100040807260,20200311,2,42
4899,5,C,1,100040807248,20200311,2,43
4900,6,C,0,100040805748,20200311,2,44
4901,5,C,1,100040805738,20200311,2,45
4902,4,B,1,100040809060,20200311,2,46
4903,3,B,0,100040649060,20200311,2,47
4904,4,B,0,100032649060,20200311,2,48
4905,3,B,0,100032519060,20200311,2,49
4906,4,B,0,100025519060,20200311,2,50
4907,1,A,0,100040809060,20200311,2,51
4908,2,A,0,080040809060,20200311,2,52
4909,5,C,1,100040809060,20200311,2,53
4910,6,C,1,100040807260,20200311,2,54
4911,5,C,0,100040807248,20200311,2,55
4912,6,C,0,100040805748,20200311,2,56
4913,5,C,0,100040805738,20200311,2,57
4914,4,B,1,100040809060,20200311,2,58
4915,3,B,1,100040649060,20200311,2,59
4916,4,B,1,100032649060,20200311,2,60
4917,3,B,0,100032519060,20200311,2,61
4918,4,B,1,100025519060,20200311,2,62
4919,3,B,0,100025409060,20200311,2,63
4920,4,B,1,100020409060,20200311,2,64
4921,5,C,1,100040809060,20200311,2,65
4922,6,C,1,100040807260,20200311,2,66
4923,5,C,1,100040807248,20200311,2,67
4924,6,C,1,100040805748,20200311,2,68
4925,5,C,0,100040805738,20200311,2,69
4926,6,C,1,100040804638,20200311,2,70
4927,5,C,0,100040804630,20200311,2,71
4928,6,C,0,100040803630,20200311,2,72
4929,4,B,1,100040809060,20200311,2,73
4930,3,B,1,100040649060,20200311,2,74
4931,4,B,1,100032649060,20200311,2,75
4932,3,B,0,100032519060,20200311,2,76
4933,4,B,0,100025519060,20200311,2,77
4934,3,B,0,100025409060,20200311,2,78
4935,4,B,1,100020409060,20200311,2,79
4936,5,C,1,100040809060,20200311,2,80
4937,6,C,0,100040807260,20200311,2,81
4938,5,C,0,100040807248,20200311,2,82
4939,2,A,0,100040809060,20200311,2,83
4940,1,A,0,100040809060,20200311,2,84
4941,4,B,1,100040809060,20200311,2,85
4942,3,B,0,100040649060,20200311,2,86
4943,4,B,0,100032649060,20200311,2,87
4944,3,B,1,100032519060,20200311,2,88
4945,4,B,0,100025519060,20200311,2,89
4946,3,B,0,100025409060,20200311,2,90
4947,4,B,0,100020409060,20200311,2,91
4948,5,C,1,100040809060,20200311,2,92
4949,6,C,1,100040807260,20200311,2,93
4950,5,C,0,100040807248,20200311,2,94
4951,6,C,1,100040805748,20200311,2,95
4952,5,C,1,100040805738,20200311,2,96
4953,6,C,0,100040804638,20200311,2,97
4954,5,C,1,100040804630,20200311,2,98
4955,4,B,1,100040809060,20200311,2,99
4956,3,B,0,100040649060,20200311,2,100
4957,4,B,1,100032649060,20200311,2,101
4958,3,B,1,100032519060,20200311,2,102
4959,4,B,1,100025519060,20200311,2,103
4960,3,B,0,100025409060,20200311,2,104
4961,4,B,1,100020409060,20200311,2,105
4962,3,B,0,100020329060,20200311,2,106
4963,4,B,1,100016329060,20200311,2,107
4964,3,B,0,100016269060,20200311,2,108
4965,4,B,0,100013269060,20200311,2,109
4966,3,B,0,100013209060,20200311,2,110
4967,4,B,0,100010209060,20200311,2,111
4968,1,A,0,100040809060,20200311,2,112
4969,2,A,0,080040809060,20200311,2,113
4970,5,C,1,100040809060,20200311,2,114
4971,6,C,1,100040807260,20200311,2,115
4972,5,C,1,100040807248,20200311,2,116
4973,6,C,0,100040805748,20200311,2,117
4974,5,C,1,100040805738,20200311,2,118
4975,4,B,0,100040809060,20200311,2,119
4976,3,B,0,100040649060,20200311,2,120
4977,4,B,1,100032649060,20200311,2,121
4978,3,B,1,100032519060,20200311,2,122
4979,4,B,0,100025519060,20200311,2,123
4980,3,B,0,100025409060,20200311,2,124
4981,4,B,1,100020409060,20200311,2,125
4982,3,B,0,100020329060,20200311,2,126
4983,4,B,0,100016329060,20200311,2,127
4984,3,B,0,100016269060,20200311,2,128
4985,4,B,1,100013269060,20200311,2,129
4986,3,B,0,100013209060,20200311,2,130
4987,4,B,0,100010209060,20200311,2,131
4988,3,B,0,100010169060,20200311,2,132
4989,4,B,0,100008169060,20200311,2,133
4990,5,C,1,100040809060,20200311,2,134
4991,6,C,1,100040807260,20200311,2,135
4992,5,C,0,100040807248,20200311,2,136
4993,6,C,0,100040805748,20200311,2,137
4994,5,C,0,100040805738,20200311,2,138
4995,6,C,0,100040804638,20200311,2,139
4996,5,C,0,100040804630,20200311,2,140
4997,4,B,1,100040809060,20200311,2,141
4998,3,B,0,100040649060,20200311,2,142
4999,4,B,0,100032649060,20200311,2,143
5000,3,B,1,100032519060,20200311,2,144
5001,4,B,1,100025519060,20200311,2,145
5002,3,B,0,100025409060,20200311,2,146
5003,4,B,0,100020409060,20200311,2,147
5004,3,B,0,100020329060,20200311,2,148
5005,4,B,0,100016329060,20200311,2,149
5006,5,C,1,100040809060,20200311,2,150
5007,6,C,1,100040807260,20200311,2,151
5008,5,C,1,100040807248,20200311,2,152
5009,6,C,0,100040805748,20200311,2,153
5010,5,C,0,100040805738,20200311,2,154
5011,4,B,1,100040809060,20200311,2,155
5012,3,B,0,100040649060,20200311,2,156
5013,4,B,0,100032649060,20200311,2,157
5014,3,B,1,100032519060,20200311,2,158
5015,4,B,0,100025519060,20200311,2,159
5016,3,B,0,100025409060,20200311,2,160
5017,4,B,0,100020409060,20200311,2,161
5018,5,C,1,100040809060,20200311,2,162
5019,6,C,1,100040807260,20200311,2,163
5020,5,C,1,100040807248,20200311,2,164
5021,6,C,0,100040805748,20200311,2,165
5022,5,C,1,100040805738,20200311,2,166
5023,6,C,0,100040804638,20200311,2,167
5024,5,C,0,100040804630,20200311,2,168
5025,4,B,1,100040809060,20200311,2,169
5026,3,B,0,100040649060,20200311,2,170
5027,4,B,1,100032649060,20200311,2,171
5028,3,B,0,100032519060,20200311,2,172
5029,4,B,1,100025519060,20200311,2,173
5030,3,B,0,100025409060,20200311,2,174
5031,4,B,0,100020409060,20200311,2,175
5032,3,B,0,100020329060,20200311,2,176
5033,4,B,0,100016329060,20200311,2,177
5034,5,C,1,100040809060,20200311,2,178
5035,6,C,1,100040807260,20200311,2,179
5036,5,C,1,100040807248,20200311,2,180
5037,6,C,1,100040805748,20200311,2,181
5038,5,C,0,100040805738,20200311,2,182
5039,6,C,1,100040804638,20200311,2,183
5040,5,C,1,100040804630,20200311,2,184
5041,6,C,1,100040803630,20200311,2,185
5042,5,C,1,100040803624,20200311,2,186
5043,6,C,0,100040802924,20200311,2,187
5044,5,C,1,100040802919,20200311,2,188
5045,6,C,0,100040802319,20200311,2,189
5046,5,C,0,100040802315,20200311,2,190
5047,4,B,1,100040809060,20200311,2,191
5048,3,B,0,100040649060,20200311,2,192
5049,4,B,1,100032649060,20200311,2,193
5050,3,B,1,100032519060,20200311,2,194
5051,4,B,0,100025519060,20200311,2,195
5052,3,B,0,100025409060,20200311,2,196
5053,4,B,1,100020409060,20200311,2,197
5054,3,B,0,100020329060,20200311,2,198
5055,4,B,0,100016329060,20200311,2,199
5056,3,B,0,100016269060,20200311,2,200
5057,4,B,1,100013269060,20200311,2,201
5058,3,B,0,100013209060,20200311,2,202
5059,4,B,0,100010209060,20200311,2,203
5060,5,C,1,100040809060,20200311,2,204
5061,6,C,1,100040807260,20200311,2,205
5062,5,C,1,100040807248,20200311,2,206
5063,6,C,1,100040805748,20200311,2,207
5064,5,C,0,100040805738,20200311,2,208
5065,6,C,0,100040804638,20200311,2,209
5066,5,C,1,100040804630,20200311,2,210
5067,6,C,0,100040803630,20200311,2,211
5068,5,C,1,100040803624,20200311,2,212
5069,4,B,0,606000100060,20200311,3,0
5070,3,B,0,606000080060,20200311,3,1
5071,5,C,0,606000100060,20200311,3,2
5072,6,C,0,606000100060,20200311,3,3
5073,2,A,0,606000100060,20200311,3,4
5074,1,A,1,604800100060,20200311,3,5
5075,4,B,0,606000100060,20200311,3,6
5076,3,B,0,606000080060,20200311,3,7
5077,4,B,0,606000080060,20200311,3,8
5078,5,C,0,606000100060,20200311,3,9
5079,6,C,0,606000100060,20200311,3,10
5080,5,C,0,606000100048,20200311,3,11
5081,4,B,0,606000100060,20200311,3,12
5082,3,B,0,606000080060,20200311,3,13
5083,1,A,1,606000100060,20200311,3,14
5084,2,A,0,486000100060,20200311,3,15
5085,1,A,1,484800100060,20200311,3,16
5086,5,C,0,606000100060,20200311,3,17
5087,6,C,0,606000100060,20200311,3,18
5088,5,C,0,606000100048,20200311,3,19
5089,4,B,0,606000100060,20200311,3,20
5090,3,B,0,606000080060,20200311,3,21
5091,5,C,0,606000100060,20200311,3,22
5092,6,C,1,606000100060,20200311,3,23
5093,5,C,0,606000100048,20200311,3,24
5094,1,A,0,606000100060,20200311,3,25
5095,2,A,1,486000100060,20200311,3,26
5096,4,B,0,606000100060,20200311,3,27
5097,3,B,0,606000080060,20200311,3,28
5098,4,B,0,606000080060,20200311,3,29
5099,1,A,1,606000100060,20200311,3,30
5100,2,A,1,486000100060,20200311,3,31
5101,1,A,1,484800100060,20200311,3,32
5102,2,A,0,384800100060,20200311,3,33
5103,1,A,0,383800100060,20200311,3,34
5104,5,C,0,606000100060,20200311,3,35
5105,6,C,1,606000100060,20200311,3,36
5106,5,C,0,606000100048,20200311,3,37
5107,6,C,1,606000100048,20200311,3,38
5108,4,B,0,606000100060,20200311,3,39
5109,3,B,0,606000080060,20200311,3,40
5110,4,B,0,606000080060,20200311,3,41
5111,3,B,0,606000060060,20200311,3,42
5112,1,A,1,606000100060,20200311,3,43
5113,2,A,1,486000100060,20200311,3,44
5114,1,A,0,484800100060,20200311,3,45
5115,2,A,1,384800100060,20200311,3,46
5116,1,A,0,383800100060,20200311,3,47
5117,2,A,0,303800100060,20200311,3,48
5118,1,A,0,303000100060,20200311,3,49
5119,5,C,0,606000100060,20200311,3,50
5120,6,C,1,606000100060,20200311,3,51
5121,5,C,0,606000100048,20200311,3,52
5122,6,C,0,606000100048,20200311,3,53
5123,4,B,1,606000100060,20200311,3,54
5124,3,B,0,606000080060,20200311,3,55
5125,4,B,0,606000080060,20200311,3,56
5126,1,A,1,606000100060,20200311,3,57
5127,2,A,1,486000100060,20200311,3,58
5128,1,A,0,484800100060,20200311,3,59
5129,2,A,0,384800100060,20200311,3,60
5130,5,C,0,606000100060,20200311,3,61
5131,6,C,0,606000100060,20200311,3,62
5132,5,C,0,606000100048,20200311,3,63
5133,6,C,0,606000100048,20200311,3,64
5134,2,A,1,606000100060,20200311,3,65
5135,1,A,0,604800100060,20200311,3,66
5136,2,A,0,484800100060,20200311,3,67
5137,1,A,1,483800100060,20200311,3,68
5138,4,B,0,606000100060,20200311,3,69
5139,3,B,0,606000080060,20200311,3,70
5140,4,B,0,606000080060,20200311,3,71
5141,2,A,1,606000100060,20200311,3,72
5142,1,A,1,604800100060,20200311,3,73
5143,2,A,1,484800100060,20200311,3,74
5144,1,A,0,483800100060,20200311,3,75
5145,2,A,0,383800100060,20200311,3,76
5146,1,A,1,383000100060,20200311,3,77
5147,2,A,1,303000100060,20200311,3,78
5148,1,A,0,302400100060,20200311,3,79
5149,2,A,0,242400100060,20200311,3,80
5150,5,C,0,606000100060,20200311,3,81
5151,6,C,1,606000100060,20200311,3,82
5152,5,C,0,606000100048,20200311,3,83
5153,6,C,0,606000100048,20200311,3,84
5154,2,A,0,606000100060,20200311,3,85
5155,1,A,1,604800100060,20200311,3,86
5156,2,A,1,484800100060,20200311,3,87
5157,1,A,0,483800100060,20200311,3,88
5158,2,A,1,383800100060,20200311,3,89
5159,1,A,0,383000100060,20200311,3,90
5160,2,A,0,303000100060,20200311,3,91
5161,1,A,0,302400100060,20200311,3,92
5162,2,A,0,242400100060,20200311,3,93
5163,5,C,0,606000100060,20200311,3,94
5164,6,C,1,606000100060,20200311,3,95
5165,4,B,0,606000100060,20200311,3,96
5166,3,B,0,606000080060,20200311,3,97
5167,4,B,0,606000080060,20200311,3,98
5168,1,A,0,606000100060,20200311,3,99
5169,2,A,1,486000100060,20200311,3,100
5170,1,A,1,484800100060,20200311,3,101
5171,2,A,1,384800100060,20200311,3,102
5172,1,A,0,383800100060,20200311,3,103
5173,2,A,1,303800100060,20200311,3,104
5174,1,A,0,303000100060,20200311,3,105
5175,2,A,0,243000100060,20200311,3,106
5176,1,A,1,242400100060,20200311,3,107
5177,2,A,0,192400100060,20200311,3,108
5178,1,A,0,191900100060,20200311,3,109
5179,2,A,0,151900100060,20200311,3,110
5180,4,B,0,606000100060,20200311,3,111
5181,3,B,0,606000080060,20200311,3,112
5182,5,C,0,606000100060,20200311,3,113
5183,6,C,1,606000100060,20200311,3,114
5184,5,C,0,606000100048,20200311,3,115
5185,6,C,0,606000100048,20200311,3,116
5186,2,A,1,606000100060,20200311,3,117
5187,1,A,1,604800100060,20200311,3,118
5188,2,A,1,484800100060,20200311,3,119
5189,1,A,1,483800100060,20200311,3,120
5190,2,A,1,383800100060,20200311,3,121
5191,1,A,0,383000100060,20200311,3,122
5192,2,A,0,303000100060,20200311,3,123
5193,1,A,0,302400100060,20200311,3,124
5194,2,A,1,242400100060,20200311,3,125
5195,1,A,0,241900100060,20200311,3,126
5196,2,A,1,191900100060,20200311,3,127
5197,1,A,0,191500100060,20200311,3,128
5198,2,A,0,151500100060,20200311,3,129
5199,1,A,0,151200100060,20200311,3,130
5200,2,A,0,121200100060,20200311,3,131
5201,5,C,0,606000100060,20200311,3,132
5202,6,C,1,606000100060,20200311,3,133
5203,1,A,1,606000100060,20200311,3,134
5204,2,A,1,486000100060,20200311,3,135
5205,1,A,1,484800100060,20200311,3,136
5206,2,A,0,384800100060,20200311,3,137
5207,1,A,0,383800100060,20200311,3,138
5208,2,A,1,303800100060,20200311,3,139
5209,1,A,0,303000100060,20200311,3,140
5210,2,A,0,243000100060,20200311,3,141
5211,1,A,1,242400100060,20200311,3,142
5212,2,A,0,192400100060,20200311,3,143
5213,1,A,0,191900100060,20200311,3,144
5214,2,A,0,151900100060,20200311,3,145
5215,1,A,0,151500100060,20200311,3,146
5216,6,C,0,606000100060,20200311,3,147
5217,5,C,0,606000100048,20200311,3,148
5218,6,C,1,606000100048,20200311,3,149
5219,2,A,1,606000100060,20200311,3,150
5220,1,A,0,604800100060,20200311,3,151
5221,2,A,1,484800100060,20200311,3,152
5222,1,A,1,483800100060,20200311,3,153
5223,2,A,0,383800100060,20200311,3,154
5224,1,A,0,383000100060,20200311,3,155
5225,2,A,1,303000100060,20200311,3,156
5226,1,A,1,302400100060,20200311,3,157
5227,2,A,0,242400100060,20200311,3,158
5228,1,A,0,241900100060,20200311,3,159
5229,2,A,0,191900100060,20200311,3,160
5230,1,A,1,191500100060,20200311,3,161
5231,2,A,0,151500100060,20200311,3,162
5232,1,A,0,151200100060,20200311,3,163
5233,2,A,0,121200100060,20200311,3,164
5234,1,A,0,121000100060,20200311,3,165
5235,2,A,0,101000100060,20200311,3,166
5236,6,C,1,606000100060,20200311,3,167
5237,5,C,0,606000100048,20200311,3,168
5238,6,C,1,606000100048,20200311,3,169
5239,2,A,0,606000100060,20200311,3,170
5240,1,A,1,604800100060,20200311,3,171
5241,2,A,1,484800100060,20200311,3,172
5242,1,A,0,483800100060,20200311,3,173
5243,2,A,1,383800100060,20200311,3,174
5244,1,A,1,383000100060,20200311,3,175
5245,2,A,0,303000100060,20200311,3,176
5246,1,A,1,302400100060,20200311,3,177
5247,2,A,0,242400100060,20200311,3,178
5248,1,A,1,241900100060,20200311,3,179
5249,2,A,0,191900100060,20200311,3,180
5250,1,A,0,191500100060,20200311,3,181
5251,2,A,0,151500100060,20200311,3,182
5252,1,A,0,151200100060,20200311,3,183
5253,2,A,0,121200100060,20200311,3,184
5254,6,C,1,606000100060,20200311,3,185
5255,5,C,0,606000100048,20200311,3,186
5256,6,C,1,606000100048,20200311,3,187
5257,2,A,1,606000100060,20200311,3,188
5258,1,A,1,604800100060,20200311,3,189
5259,2,A,0,484800100060,20200311,3,190
5260,1,A,1,483800100060,20200311,3,191
5261,2,A,0,383800100060,20200311,3,192
5262,1,A,0,383000100060,20200311,3,193
5263,2,A,0,303000100060,20200311,3,194
5264,1,A,0,302400100060,20200311,3,195
5265,2,A,0,242400100060,20200311,3,196
5266,1,A,0,241900100060,20200311,3,197
5267,6,C,0,606000100060,20200311,3,198
5268,5,C,0,606000100048,20200311,3,199
5269,6,C,1,606000100048,20200311,3,200
5270,2,A,1,606000100060,20200311,3,201
5271,1,A,1,604800100060,20200311,3,202
5272,2,A,0,484800100060,20200311,3,203
5273,1,A,0,483800100060,20200311,3,204
5274,2,A,1,383800100060,20200311,3,205
5275,1,A,0,383000100060,20200311,3,206
5276,2,A,0,303000100060,20200311,3,207
5277,1,A,0,302400100060,20200311,3,208
5278,2,A,0,242400100060,20200311,3,209
5279,6,C,1,606000100060,20200311,3,210
5280,2,A,0,606000100060,20200311,3,211
5281,1,A,1,604800100060,20200311,3,212
5282,2,A,0,484800100060,20200311,3,213
5283,1,A,0,483800100060,20200311,3,214
5284,2,A,0,383800100060,20200311,3,215
5285,1,A,1,383000100060,20200311,3,216
5286,2,A,0,303000100060,20200311,3,217
5287,1,A,1,302400100060,20200311,3,218
5288,6,C,1,606000100060,20200311,3,219
5289,2,A,1,606000100060,20200311,3,220
5290,1,A,1,604800100060,20200311,3,221
5291,2,A,0,484800100060,20200311,3,222
5292,1,A,1,483800100060,20200311,3,223
5293,2,A,0,383800100060,20200311,3,224
5294,1,A,1,383000100060,20200311,3,225
5295,2,A,1,303000100060,20200311,3,226
5296,1,A,0,302400100060,20200311,3,227
5297,2,A,0,242400100060,20200311,3,228
5298,4,B,1,801050902020,20200311,4,0
5299,3,B,0,801050722020,20200311,4,1
5300,6,C,0,801050902020,20200311,4,2
5301,5,C,0,801050902016,20200311,4,3
5302,6,C,0,801050901616,20200311,4,4
5303,5,C,0,801050901612,20200311,4,5
5304,2,A,0,801050902020,20200311,4,6
5305,1,A,0,800850902020,20200311,4,7
5306,2,A,0,640850902020,20200311,4,8
5307,1,A,0,640650902020,20200311,4,9
5308,4,B,1,801050902020,20200311,4,10
5309,3,B,0,801050722020,20200311,4,11
5310,4,B,1,801040722020,20200311,4,12
5311,3,B,0,801040572020,20200311,4,13
5312,4,B,0,801032572020,20200311,4,14
5313,5,C,0,801050902020,20200311,4,15
5314,6,C,1,801050901620,20200311,4,16
5315,2,A,0,801050902020,20200311,4,17
5316,1,A,1,800850902020,20200311,4,18
5317,2,A,0,640850902020,20200311,4,19
5318,1,A,0,640650902020,20200311,4,20
5319,4,B,1,801050902020,20200311,4,21
5320,3,B,0,801050722020,20200311,4,22
5321,4,B,1,801040722020,20200311,4,23
5322,5,C,0,801050902020,20200311,4,24
5323,6,C,1,801050901620,20200311,4,25
5324,5,C,0,801050901616,20200311,4,26
5325,6,C,0,801050901216,20200311,4,27
5326,5,C,0,801050901212,20200311,4,28
5327,6,C,0,801050901012,20200311,4,29
5328,2,A,0,801050902020,20200311,4,30
5329,1,A,1,800850902020,20200311,4,31
5330,2,A,0,640850902020,20200311,4,32
5331,1,A,1,640650902020,20200311,4,33
5332,4,B,0,801050902020,20200311,4,34
5333,3,B,1,801050722020,20200311,4,35
5334,4,B,1,801040722020,20200311,4,36
5335,6,C,1,801050902020,20200311,4,37
5336,5,C,1,801050902016,20200311,4,38
5337,6,C,0,801050901616,20200311,4,39
5338,5,C,1,801050901612,20200311,4,40
5339,6,C,0,801050901212,20200311,4,41
5340,5,C,0,801050901210,20200311,4,42
5341,4,B,1,801050902020,20200311,4,43
5342,3,B,0,801050722020,20200311,4,44
5343,4,B,0,801040722020,20200311,4,45
5344,2,A,0,801050902020,20200311,4,46
5345,1,A,1,800850902020,20200311,4,47
5346,2,A,0,640850902020,20200311,4,48
5347,1,A,0,640650902020,20200311,4,49
5348,6,C,1,801050902020,20200311,4,50
5349,5,C,0,801050902016,20200311,4,51
5350,6,C,0,801050901616,20200311,4,52
5351,5,C,1,801050901612,20200311,4,53
5352,4,B,1,801050902020,20200311,4,54
5353,3,B,1,801050722020,20200311,4,55
5354,4,B,0,801040722020,20200311,4,56
5355,3,B,0,801040572020,20200311,4,57
5356,4,B,1,801032572020,20200311,4,58
5357,1,A,1,801050902020,20200311,4,59
5358,2,A,0,641050902020,20200311,4,60
5359,1,A,1,640850902020,20200311,4,61
5360,6,C,1,801050902020,20200311,4,62
5361,5,C,0,801050902016,20200311,4,63
5362,6,C,0,801050901616,20200311,4,64
5363,5,C,0,801050901612,20200311,4,65
5364,6,C,0,801050901212,20200311,4,66
5365,4,B,1,801050902020,20200311,4,67
5366,3,B,0,801050722020,20200311,4,68
5367,4,B,1,801040722020,20200311,4,69
5368,1,A,1,801050902020,20200311,4,70
5369,2,A,0,641050902020,20200311,4,71
5370,1,A,0,640850902020,20200311,4,72
5371,6,C,0,801050902020,20200311,4,73
5372,5,C,0,801050902016,20200311,4,74
5373,6,C,0,801050901616,20200311,4,75
5374,4,B,1,801050902020,20200311,4,76
5375,3,B,1,801050722020,20200311,4,77
5376,4,B,0,801040722020,20200311,4,78
5377,3,B,1,801040572020,20200311,4,79
5378,4,B,1,801032572020,20200311,4,80
5379,3,B,1,801032462020,20200311,4,81
5380,4,B,1,801025462020,20200311,4,82
5381,3,B,0,801025362020,20200311,4,83
5382,4,B,1,801020362020,20200311,4,84
5383,6,C,0,801050902020,20200311,4,85
5384,5,C,0,801050902016,20200311,4,86
5385,6,C,0,801050901616,20200311,4,87
5386,5,C,0,801050901612,20200311,4,88
5387,1,A,1,801050902020,20200311,4,89
5388,2,A,1,641050902020,20200311,4,90
5389,1,A,1,640850902020,20200311,4,91
5390,2,A,0,510850902020,20200311,4,92
5391,1,A,1,510650902020,20200311,4,93
5392,6,C,0,801050902020,20200311,4,94
5393,5,C,0,801050902016,20200311,4,95
5394,6,C,0,801050901616,20200311,4,96
5395,4,B,1,801050902020,20200311,4,97
5396,3,B,0,801050722020,20200311,4,98
5397,4,B,1,801040722020,20200311,4,99
5398,3,B,0,801040572020,20200311,4,100
5399,4,B,1,801032572020,20200311,4,101
5400,3,B,0,801032462020,20200311,4,102
5401,4,B,0,801025462020,20200311,4,103
5402,3,B,0,801025362020,20200311,4,104
5403,4,B,0,801020362020,20200311,4,105
5404,6,C,0,801050902020,20200311,4,106
5405,5,C,0,801050902016,20200311,4,107
5406,6,C,0,801050901616,20200311,4,108
5407,2,A,0,801050902020,20200311,4,109
5408,1,A,1,800850902020,20200311,4,110
5409,2,A,0,640850902020,20200311,4,111
5410,1,A,1,640650902020,20200311,4,112
5411,4,B,1,801050902020,20200311,4,113
5412,3,B,0,801050722020,20200311,4,114
5413,4,B,1,801040722020,20200311,4,115
5414,3,B,0,801040572020,20200311,4,116
5415,4,B,0,801032572020,20200311,4,117
5416,1,A,1,801050902020,20200311,4,118
5417,2,A,1,641050902020,20200311,4,119
5418,1,A,0,640850902020,20200311,4,120
5419,2,A,0,510850902020,20200311,4,121
5420,1,A,0,510650902020,20200311,4,122
5421,4,B,1,801050902020,20200311,4,123
5422,3,B,1,801050722020,20200311,4,124
5423,4,B,1,801040722020,20200311,4,125
5424,3,B,0,801040572020,20200311,4,126
5425,4,B,0,801032572020,20200311,4,127
5426,3,B,0,801032462020,20200311,4,128
5427,4,B,0,801025462020,20200311,4,129
5428,6,C,1,801050902020,20200311,4,130
5429,5,C,1,801050902016,20200311,4,131
5430,6,C,0,801050901616,20200311,4,132
5431,5,C,0,801050901612,20200311,4,133
5432,1,A,1,801050902020,20200311,4,134
5433,2,A,0,641050902020,20200311,4,135
5434,1,A,1,640850902020,20200311,4,136
5435,2,A,0,510850902020,20200311,4,137
5436,1,A,1,510650902020,20200311,4,138
5437,4,B,1,801050902020,20200311,4,139
5438,3,B,1,801050722020,20200311,4,140
5439,4,B,0,801040722020,20200311,4,141
5440,3,B,1,801040572020,20200311,4,142
5441,4,B,0,801032572020,20200311,4,143
5442,3,B,0,801032462020,20200311,4,144
5443,4,B,1,801025462020,20200311,4,145
5444,3,B,1,801025362020,20200311,4,146
5445,4,B,1,801020362020,20200311,4,147
5446,3,B,0,801020292020,20200311,4,148
5447,4,B,1,801016292020,20200311,4,149
5448,1,A,1,801050902020,20200311,4,150
5449,2,A,1,641050902020,20200311,4,151
5450,1,A,1,640850902020,20200311,4,152
5451,2,A,0,510850902020,20200311,4,153
5452,1,A,1,510650902020,20200311,4,154
5453,4,B,1,801050902020,20200311,4,155
5454,3,B,0,801050722020,20200311,4,156
5455,4,B,0,801040722020,20200311,4,157
5456,3,B,1,801040572020,20200311,4,158
5457,4,B,1,801032572020,20200311,4,159
5458,3,B,1,801032462020,20200311,4,160
5459,4,B,1,801025462020,20200311,4,161
5460,3,B,0,801025362020,20200311,4,162
5461,4,B,0,801020362020,20200311,4,163
5462,3,B,1,801020292020,20200311,4,164
5463,4,B,0,801016292020,20200311,4,165
5464,3,B,1,801016232020,20200311,4,166
5465,4,B,1,801013232020,20200311,4,167
5466,3,B,0,801013182020,20200311,4,168
5467,4,B,0,801010182020,20200311,4,169
5468,3,B,0,801010152020,20200311,4,170
5469,4,B,0,801008152020,20200311,4,171
5470,1,A,1,801050902020,20200311,4,172
5471,2,A,0,641050902020,20200311,4,173
5472,1,A,1,640850902020,20200311,4,174
5473,4,B,1,801050902020,20200311,4,175
5474,3,B,0,801050722020,20200311,4,176
5475,4,B,1,801040722020,20200311,4,177
5476,3,B,0,801040572020,20200311,4,178
5477,4,B,0,801032572020,20200311,4,179
5478,3,B,0,801032462020,20200311,4,180
5479,4,B,0,801025462020,20200311,4,181
5480,1,A,1,801050902020,20200311,4,182
5481,2,A,0,641050902020,20200311,4,183
5482,1,A,0,640850902020,20200311,4,184
5483,4,B,0,801050902020,20200311,4,185
5484,3,B,1,801050722020,20200311,4,186
5485,4,B,0,801040722020,20200311,4,187
5486,3,B,0,801040572020,20200311,4,188
5487,4,B,0,801032572020,20200311,4,189
5488,3,B,0,801032462020,20200311,4,190
5489,6,C,0,801050902020,20200311,4,191
5490,5,C,0,801050902016,20200311,4,192
5491,6,C,0,801050901616,20200311,4,193
5492,1,A,1,801050902020,20200311,4,194
5493,2,A,0,641050902020,20200311,4,195
5494,1,A,1,640850902020,20200311,4,196
5495,4,B,1,801050902020,20200311,4,197
5496,3,B,1,801050722020,20200311,4,198
5497,4,B,1,801040722020,20200311,4,199
5498,3,B,0,801040572020,20200311,4,200
5499,4,B,0,801032572020,20200311,4,201
5500,3,B,0,801032462020,20200311,4,202
5501,1,A,1,801050902020,20200311,4,203
5502,2,A,0,641050902020,20200311,4,204
5503,1,A,1,640850902020,20200311,4,205
5504,4,B,1,801050902020,20200311,4,206
5505,3,B,0,801050722020,20200311,4,207
5506,4,B,1,801040722020,20200311,4,208
5507,3,B,0,801040572020,20200311,4,209
5508,4,B,0,801032572020,20200311,4,210
5509,3,B,1,801032462020,20200311,4,211
5510,4,B,0,801025462020,20200311,4,212
5511,3,B,0,801025362020,20200311,4,213
5512,4,B,0,801020362020,20200311,4,214
5513,5,C,0,801050902020,20200311,4,215
5514,6,C,1,801050901620,20200311,4,216
5515,5,C,0,801050901616,20200311,4,217
5516,6,C,0,801050901216,20200311,4,218
5517,1,A,1,801050902020,20200311,4,219
5518,2,A,0,641050902020,20200311,4,220
5519,4,B,0,001080205020,20200312,1,0
5520,3,B,1,001080165020,20200312,1,1
5521,1,A,0,001080205020,20200312,1,2
5522,2,A,0,001080205020,20200312,1,3
5523,1,A,0,000880205020,20200312,1,4
5524,5,C,0,001080205020,20200312,1,5
5525,6,C,1,001080204020,20200312,1,6
5526,5,C,0,001080204016,20200312,1,7
5527,6,C,0,001080203216,20200312,1,8
5528,4,B,0,001080205020,20200312,1,9
5529,3,B,0,001080165020,20200312,1,10
5530,4,B,0,001064165020,20200312,1,11
5531,3,B,1,001064125020,20200312,1,12
5532,1,A,0,001080205020,20200312,1,13
5533,2,A,1,001080205020,20200312,1,14
5534,6,C,0,001080205020,20200312,1,15
5535,5,C,0,001080205016,20200312,1,16
5536,6,C,0,001080204016,20200312,1,17
5537,5,C,1,001080204012,20200312,1,18
5538,2,A,0,001080205020,20200312,1,19
5539,1,A,0,000880205020,20200312,1,20
5540,2,A,0,000880205020,20200312,1,21
5541,4,B,0,001080205020,20200312,1,22
5542,3,B,1,001080165020,20200312,1,23
5543,4,B,1,001064165020,20200312,1,24
5544,3,B,0,001064125020,20200312,1,25
5545,4,B,0,001051125020,20200312,1,26
5546,3,B,1,001051105020,20200312,1,27
5547,1,A,0,001080205020,20200312,1,28
5548,2,A,0,001080205020,20200312,1,29
5549,4,B,0,001080205020,20200312,1,30
5550,3,B,1,001080165020,20200312,1,31
5551,4,B,0,001064165020,20200312,1,32
5552,3,B,1,001064125020,20200312,1,33
5553,5,C,1,001080205020,20200312,1,34
5554,6,C,0,001080204020,20200312,1,35
5555,5,C,1,001080204016,20200312,1,36
5556,6,C,1,001080203216,20200312,1,37
5557,4,B,0,001080205020,20200312,1,38
5558,3,B,0,001080165020,20200312,1,39
5559,4,B,0,001064165020,20200312,1,40
5560,3,B,0,001064125020,20200312,1,41
5561,4,B,0,001051125020,20200312,1,42
5562,3,B,1,001051105020,20200312,1,43
5563,1,A,0,001080205020,20200312,1,44
5564,2,A,0,001080205020,20200312,1,45
5565,1,A,0,000880205020,20200312,1,46
5566,2,A,0,000880205020,20200312,1,47
5567,4,B,0,001080205020,20200312,1,48
5568,3,B,1,001080165020,20200312,1,49
5569,4,B,0,001064165020,20200312,1,50
5570,3,B,0,001064125020,20200312,1,51
5571,4,B,1,001051125020,20200312,1,52
5572,3,B,0,001051105020,20200312,1,53
5573,4,B,0,001040105020,20200312,1,54
5574,3,B,1,001040085020,20200312,1,55
5575,4,B,0,001032085020,20200312,1,56
5576,3,B,0,001032065020,20200312,1,57
5577,4,B,1,001026065020,20200312,1,58
5578,3,B,0,001026055020,20200312,1,59
5579,4,B,0,001020055020,20200312,1,60
5580,3,B,0,001020045020,20200312,1,61
5581,6,C,0,001080205020,20200312,1,62
5582,5,C,1,001080205016,20200312,1,63
5583,6,C,1,001080204016,20200312,1,64
5584,5,C,1,001080204012,20200312,1,65
5585,6,C,0,001080203212,20200312,1,66
5586,5,C,0,001080203210,20200312,1,67
5587,4,B,0,001080205020,20200312,1,68
5588,3,B,1,001080165020,20200312,1,69
5589,4,B,0,001064165020,20200312,1,70
5590,3,B,0,001064125020,20200312,1,71
5591,4,B,0,001051125020,20200312,1,72
5592,3,B,0,001051105020,20200312,1,73
5593,1,A,0,001080205020,20200312,1,74
5594,2,A,0,001080205020,20200312,1,75
5595,1,A,0,000880205020,20200312,1,76
5596,4,B,0,001080205020,20200312,1,77
5597,3,B,1,001080165020,20200312,1,78
5598,4,B,0,001064165020,20200312,1,79
5599,3,B,1,001064125020,20200312,1,80
5600,4,B,0,001051125020,20200312,1,81
5601,3,B,0,001051105020,20200312,1,82
5602,4,B,0,001040105020,20200312,1,83
5603,3,B,1,001040085020,20200312,1,84
5604,2,A,0,001080205020,20200312,1,85
5605,1,A,0,000880205020,20200312,1,86
5606,2,A,0,000880205020,20200312,1,87
5607,4,B,0,001080205020,20200312,1,88
5608,3,B,1,001080165020,20200312,1,89
5609,4,B,1,001064165020,20200312,1,90
5610,3,B,0,001064125020,20200312,1,91
5611,4,B,0,001051125020,20200312,1,92
5612,3,B,0,001051105020,20200312,1,93
5613,4,B,0,001040105020,20200312,1,94
5614,5,C,1,001080205020,20200312,1,95
5615,6,C,1,001080204020,20200312,1,96
5616,5,C,1,001080204016,20200312,1,97
5617,6,C,0,001080203216,20200312,1,98
5618,5,C,1,001080203212,20200312,1,99
5619,6,C,0,001080202512,20200312,1,100
5620,5,C,0,001080202510,20200312,1,101
5621,6,C,0,001080202010,20200312,1,102
5622,5,C,1,001080202008,20200312,1,103
5623,4,B,0,001080205020,20200312,1,104
5624,3,B,0,001080165020,20200312,1,105
5625,4,B,1,001064165020,20200312,1,106
5626,3,B,1,001064125020,20200312,1,107
5627,4,B,0,001051125020,20200312,1,108
5628,3,B,1,001051105020,20200312,1,109
5629,4,B,0,001040105020,20200312,1,110
5630,3,B,0,001040085020,20200312,1,111
5631,4,B,0,001032085020,20200312,1,112
5632,3,B,0,001032065020,20200312,1,113
5633,5,C,0,001080205020,20200312,1,114
5634,6,C,0,001080204020,20200312,1,115
5635,5,C,0,001080204016,20200312,1,116
5636,6,C,0,001080203216,20200312,1,117
5637,5,C,1,001080203212,20200312,1,118
5638,1,A,0,001080205020,20200312,1,119
5639,2,A,0,001080205020,20200312,1,120
5640,4,B,0,001080205020,20200312,1,121
5641,3,B,1,001080165020,20200312,1,122
5642,4,B,0,001064165020,20200312,1,123
5643,3,B,0,001064125020,20200312,1,124
5644,4,B,0,001051125020,20200312,1,125
5645,3,B,1,001051105020,20200312,1,126
5646,4,B,0,001040105020,20200312,1,127
5647,3,B,0,001040085020,20200312,1,128
5648,4,B,0,001032085020,20200312,1,129
5649,5,C,0,001080205020,20200312,1,130
5650,6,C,0,001080204020,20200312,1,131
5651,5,C,0,001080204016,20200312,1,132
5652,6,C,0,001080203216,20200312,1,133
5653,5,C,1,001080203212,20200312,1,134
5654,4,B,0,001080205020,20200312,1,135
5655,3,B,1,001080165020,20200312,1,136
5656,4,B,1,001064165020,20200312,1,137
5657,3,B,0,001064125020,20200312,1,138
5658,4,B,0,001051125020,20200312,1,139
5659,3,B,0,001051105020,20200312,1,140
5660,4,B,0,001040105020,20200312,1,141
5661,5,C,0,001080205020,20200312,1,142
5662,6,C,0,001080204020,20200312,1,143
5663,5,C,0,001080204016,20200312,1,144
5664,1,A,0,001080205020,20200312,1,145
5665,2,A,0,001080205020,20200312,1,146
5666,4,B,0,001080205020,20200312,1,147
5667,3,B,1,001080165020,20200312,1,148
5668,4,B,0,001064165020,20200312,1,149
5669,3,B,1,001064125020,20200312,1,150
5670,4,B,0,001051125020,20200312,1,151
5671,3,B,0,001051105020,20200312,1,152
5672,4,B,0,001040105020,20200312,1,153
5673,3,B,1,001040085020,20200312,1,154
5674,4,B,0,001032085020,20200312,1,155
5675,3,B,0,001032065020,20200312,1,156
5676,5,C,0,001080205020,20200312,1,157
5677,6,C,1,001080204020,20200312,1,158
5678,5,C,0,001080204016,20200312,1,159
5679,6,C,0,001080203216,20200312,1,160
5680,5,C,0,001080203212,20200312,1,161
5681,4,B,0,001080205020,20200312,1,162
5682,3,B,1,001080165020,20200312,1,163
5683,4,B,0,001064165020,20200312,1,164
5684,3,B,1,001064125020,20200312,1,165
5685,4,B,0,001051125020,20200312,1,166
5686,3,B,1,001051105020,20200312,1,167
5687,4,B,0,001040105020,20200312,1,168
5688,3,B,1,001040085020,20200312,1,169
5689,4,B,0,001032085020,20200312,1,170
5690,3,B,1,001032065020,20200312,1,171
5691,4,B,0,001026065020,20200312,1,172
5692,3,B,1,001026055020,20200312,1,173
5693,4,B,0,001020055020,20200312,1,174
5694,3,B,0,001020045020,20200312,1,175
5695,5,C,1,001080205020,20200312,1,176
5696,6,C,0,001080204020,20200312,1,177
5697,5,C,0,001080204016,20200312,1,178
5698,6,C,0,001080203216,20200312,1,179
5699,5,C,0,001080203212,20200312,1,180
5700,4,B,0,001080205020,20200312,1,181
5701,3,B,1,001080165020,20200312,1,182
5702,4,B,1,001064165020,20200312,1,183
5703,3,B,1,001064125020,20200312,1,184
5704,4,B,0,001051125020,20200312,1,185
5705,3,B,1,001051105020,20200312,1,186
5706,4,B,1,001040105020,20200312,1,187
5707,3,B,1,001040085020,20200312,1,188
5708,4,B,1,001032085020,20200312,1,189
5709,3,B,0,001032065020,20200312,1,190
5710,4,B,0,001026065020,20200312,1,191
5711,3,B,0,001026055020,20200312,1,192
5712,5,C,0,001080205020,20200312,1,193
5713,6,C,0,001080204020,20200312,1,194
5714,5,C,0,001080204016,20200312,1,195
5715,4,B,1,001080205020,20200312,1,196
5716,3,B,0,001080165020,20200312,1,197
5717,4,B,0,001064165020,20200312,1,198
5718,3,B,0,001064125020,20200312,1,199
5719,4,B,0,001051125020,20200312,1,200
5720,3,B,0,001051105020,20200312,1,201
5721,1,A,0,001080205020,20200312,1,202
5722,4,B,1,001080205020,20200312,1,203
5723,3,B,1,001080165020,20200312,1,204
5724,4,B,0,001064165020,20200312,1,205
5725,3,B,0,001064125020,20200312,1,206
5726,4,B,0,001051125020,20200312,1,207
5727,3,B,1,001051105020,20200312,1,208
5728,4,B,0,001040105020,20200312,1,209
5729,3,B,1,001040085020,20200312,1,210
5730,4,B,0,001032085020,20200312,1,211
5731,3,B,0,001032065020,20200312,1,212
5732,4,B,0,001026065020,20200312,1,213
5733,3,B,0,001026055020,20200312,1,214
5734,5,C,0,001080205020,20200312,1,215
5735,6,C,0,001080204020,20200312,1,216
5736,5,C,1,001080204016,20200312,1,217
5737,6,C,1,001080203216,20200312,1,218
5738,5,C,1,001080203212,20200312,1,219
5739,6,C,0,001080202512,20200312,1,220
5740,5,C,0,001080202510,20200312,1,221
5741,6,C,0,001080202010,20200312,1,222
5742,5,C,0,001080202008,20200312,1,223
5743,4,B,0,001080205020,20200312,1,224
5744,4,B,1,508050502080,20200312,2,0
5745,3,B,0,508050402080,20200312,2,1
5746,6,C,0,508050502080,20200312,2,2
5747,5,C,0,508050502064,20200312,2,3
5748,6,C,1,508050501664,20200312,2,4
5749,2,A,1,508050502080,20200312,2,5
5750,1,A,1,506450502080,20200312,2,6
5751,2,A,1,406450502080,20200312,2,7
5752,4,B,0,508050502080,20200312,2,8
5753,3,B,1,508050402080,20200312,2,9
5754,4,B,0,508040402080,20200312,2,10
5755,3,B,1,508040322080,20200312,2,11
5756,6,C,1,508050502080,20200312,2,12
5757,5,C,0,508050502064,20200312,2,13
5758,6,C,0,508050501664,20200312,2,14
5759,5,C,0,508050501651,20200312,2,15
5760,4,B,0,508050502080,20200312,2,16
5761,3,B,0,508050402080,20200312,2,17
5762,4,B,0,508040402080,20200312,2,18
5763,1,A,1,508050502080,20200312,2,19
5764,2,A,0,408050502080,20200312,2,20
5765,1,A,0,406450502080,20200312,2,21
5766,6,C,1,508050502080,20200312,2,22
5767,5,C,0,508050502064,20200312,2,23
5768,6,C,0,508050501664,20200312,2,24
5769,4,B,0,508050502080,20200312,2,25
5770,3,B,1,508050402080,20200312,2,26
5771,4,B,0,508040402080,20200312,2,27
5772,3,B,0,508040322080,20200312,2,28
5773,1,A,0,508050502080,20200312,2,29
5774,2,A,1,408050502080,20200312,2,30
5775,1,A,1,406450502080,20200312,2,31
5776,2,A,0,326450502080,20200312,2,32
5777,6,C,1,508050502080,20200312,2,33
5778,5,C,0,508050502064,20200312,2,34
5779,6,C,0,508050501664,20200312,2,35
5780,3,B,1,508050502080,20200312,2,36
5781,4,B,0,508040502080,20200312,2,37
5782,3,B,0,508040402080,20200312,2,38
5783,6,C,0,508050502080,20200312,2,39
5784,5,C,0,508050502064,20200312,2,40
5785,6,C,1,508050501664,20200312,2,41
5786,1,A,1,508050502080,20200312,2,42
5787,2,A,1,408050502080,20200312,2,43
5788,1,A,1,406450502080,20200312,2,44
5789,2,A,1,326450502080,20200312,2,45
5790,1,A,0,325150502080,20200312,2,46
5791,2,A,1,255150502080,20200312,2,47
5792,3,B,1,508050502080,20200312,2,48
5793,4,B,1,508040502080,20200312,2,49
5794,3,B,0,508040402080,20200312,2,50
5795,4,B,1,508032402080,20200312,2,51
5796,3,B,0,508032322080,20200312,2,52
5797,4,B,0,508025322080,20200312,2,53
5798,6,C,0,508050502080,20200312,2,54
5799,5,C,0,508050502064,20200312,2,55
5800,6,C,1,508050501664,20200312,2,56
5801,1,A,0,508050502080,20200312,2,57
5802,2,A,1,408050502080,20200312,2,58
5803,1,A,1,406450502080,20200312,2,59
5804,2,A,0,326450502080,20200312,2,60
5805,1,A,1,325150502080,20200312,2,61
5806,2,A,1,255150502080,20200312,2,62
5807,1,A,0,254050502080,20200312,2,63
5808,2,A,0,204050502080,20200312,2,64
5809,6,C,0,508050502080,20200312,2,65
5810,5,C,0,508050502064,20200312,2,66
5811,6,C,0,508050501664,20200312,2,67
5812,3,B,0,508050502080,20200312,2,68
5813,4,B,0,508040502080,20200312,2,69
5814,3,B,1,508040402080,20200312,2,70
5815,4,B,1,508032402080,20200312,2,71
5816,3,B,0,508032322080,20200312,2,72
5817,4,B,1,508025322080,20200312,2,73
5818,3,B,1,508025252080,20200312,2,74
5819,4,B,0,508020252080,20200312,2,75
5820,3,B,0,508020202080,20200312,2,76
5821,1,A,1,508050502080,20200312,2,77
5822,2,A,0,408050502080,20200312,2,78
5823,1,A,0,406450502080,20200312,2,79
5824,2,A,1,326450502080,20200312,2,80
5825,6,C,1,508050502080,20200312,2,81
5826,5,C,0,508050502064,20200312,2,82
5827,6,C,0,508050501664,20200312,2,83
5828,3,B,0,508050502080,20200312,2,84
5829,4,B,1,508040502080,20200312,2,85
5830,3,B,0,508040402080,20200312,2,86
5831,4,B,0,508032402080,20200312,2,87
5832,3,B,0,508032322080,20200312,2,88
5833,4,B,0,508025322080,20200312,2,89
5834,3,B,0,508025252080,20200312,2,90
5835,1,A,1,508050502080,20200312,2,91
5836,2,A,0,408050502080,20200312,2,92
5837,1,A,0,406450502080,20200312,2,93
5838,2,A,1,326450502080,20200312,2,94
5839,3,B,0,508050502080,20200312,2,95
5840,4,B,0,508040502080,20200312,2,96
5841,3,B,0,508040402080,20200312,2,97
5842,4,B,1,508032402080,20200312,2,98
5843,2,A,0,508050502080,20200312,2,99
5844,1,A,0,506450502080,20200312,2,100
5845,2,A,1,406450502080,20200312,2,101
5846,1,A,1,405150502080,20200312,2,102
5847,2,A,0,325150502080,20200312,2,103
5848,1,A,0,324050502080,20200312,2,104
5849,2,A,1,254050502080,20200312,2,105
5850,6,C,1,508050502080,20200312,2,106
5851,5,C,0,508050502064,20200312,2,107
5852,6,C,1,508050501664,20200312,2,108
5853,3,B,1,508050502080,20200312,2,109
5854,4,B,1,508040502080,20200312,2,110
5855,3,B,0,508040402080,20200312,2,111
5856,4,B,0,508032402080,20200312,2,112
5857,1,A,0,508050502080,20200312,2,113
5858,2,A,1,408050502080,20200312,2,114
5859,1,A,1,406450502080,20200312,2,115
5860,2,A,0,326450502080,20200312,2,116
5861,1,A,0,325150502080,20200312,2,117
5862,2,A,0,255150502080,20200312,2,118
5863,4,B,1,508050502080,20200312,2,119
5864,3,B,0,508050402080,20200312,2,120
5865,4,B,1,508040402080,20200312,2,121
5866,3,B,1,508040322080,20200312,2,122
5867,4,B,0,508032322080,20200312,2,123
5868,3,B,0,508032252080,20200312,2,124
5869,4,B,0,508025252080,20200312,2,125
5870,3,B,0,508025202080,20200312,2,126
5871,1,A,1,508050502080,20200312,2,127
5872,2,A,1,408050502080,20200312,2,128
5873,1,A,0,406450502080,20200312,2,129
5874,2,A,1,326450502080,20200312,2,130
5875,1,A,0,325150502080,20200312,2,131
5876,2,A,0,255150502080,20200312,2,132
5877,6,C,1,508050502080,20200312,2,133
5878,5,C,0,508050502064,20200312,2,134
5879,6,C,0,508050501664,20200312,2,135
5880,4,B,1,508050502080,20200312,2,136
5881,3,B,0,508050402080,20200312,2,137
5882,4,B,1,508040402080,20200312,2,138
5883,3,B,0,508040322080,20200312,2,139
5884,4,B,0,508032322080,20200312,2,140
5885,3,B,0,508032252080,20200312,2,141
5886,4,B,0,508025252080,20200312,2,142
5887,3,B,0,508025202080,20200312,2,143
5888,1,A,0,508050502080,20200312,2,144
5889,2,A,1,408050502080,20200312,2,145
5890,1,A,1,406450502080,20200312,2,146
5891,2,A,0,326450502080,20200312,2,147
5892,1,A,1,325150502080,20200312,2,148
5893,2,A,0,255150502080,20200312,2,149
5894,1,A,0,254050502080,20200312,2,150
5895,2,A,1,204050502080,20200312,2,151
5896,6,C,1,508050502080,20200312,2,152
5897,4,B,1,508050502080,20200312,2,153
5898,3,B,0,508050402080,20200312,2,154
5899,4,B,1,508040402080,20200312,2,155
5900,3,B,1,508040322080,20200312,2,156
5901,4,B,1,508032322080,20200312,2,157
5902,3,B,0,508032252080,20200312,2,158
5903,4,B,0,508025252080,20200312,2,159
5904,1,A,1,508050502080,20200312,2,160
5905,2,A,1,408050502080,20200312,2,161
5906,1,A,1,406450502080,20200312,2,162
5907,2,A,1,326450502080,20200312,2,163
5908,1,A,0,325150502080,20200312,2,164
5909,2,A,0,255150502080,20200312,2,165
5910,1,A,0,254050502080,20200312,2,166
5911,2,A,0,204050502080,20200312,2,167
5912,6,C,0,508050502080,20200312,2,168
5913,2,A,1,508050502080,20200312,2,169
5914,1,A,0,506450502080,20200312,2,170
5915,2,A,0,406450502080,20200312,2,171
5916,4,B,0,508050502080,20200312,2,172
5917,3,B,0,508050402080,20200312,2,173
5918,4,B,1,508040402080,20200312,2,174
5919,3,B,0,508040322080,20200312,2,175
5920,4,B,0,508032322080,20200312,2,176
5921,3,B,1,508032252080,20200312,2,177
5922,4,B,0,508025252080,20200312,2,178
5923,3,B,0,508025202080,20200312,2,179
5924,4,B,0,508020202080,20200312,2,180
5925,1,A,0,508050502080,20200312,2,181
5926,2,A,1,408050502080,20200312,2,182
5927,1,A,0,406450502080,20200312,2,183
5928,2,A,0,326450502080,20200312,2,184
5929,1,A,0,325150502080,20200312,2,185
5930,2,A,1,255150502080,20200312,2,186
5931,1,A,0,254050502080,20200312,2,187
5932,2,A,1,204050502080,20200312,2,188
5933,6,C,1,508050502080,20200312,2,189
5934,4,B,0,508050502080,20200312,2,190
5935,3,B,1,508050402080,20200312,2,191
5936,4,B,0,508040402080,20200312,2,192
5937,3,B,0,508040322080,20200312,2,193
5938,4,B,0,508032322080,20200312,2,194
5939,1,A,1,508050502080,20200312,2,195
5940,2,A,0,408050502080,20200312,2,196
5941,1,A,0,406450502080,20200312,2,197
5942,2,A,1,326450502080,20200312,2,198
5943,1,A,0,325150502080,20200312,2,199
5944,2,A,1,255150502080,20200312,2,200
5945,1,A,0,254050502080,20200312,2,201
5946,2,A,1,204050502080,20200312,2,202
5947,1,A,1,203250502080,20200312,2,203
5948,2,A,0,163250502080,20200312,2,204
5949,1,A,0,162650502080,20200312,2,205
5950,2,A,0,132650502080,20200312,2,206
5951,6,C,1,508050502080,20200312,2,207
5952,2,A,1,508050502080,20200312,2,208
5953,1,A,1,506450502080,20200312,2,209
5954,2,A,1,406450502080,20200312,2,210
5955,1,A,0,405150502080,20200312,2,211
5956,2,A,1,325150502080,20200312,2,212
5957,6,C,1,508050502080,20200312,2,213
5958,5,C,0,508050502064,20200312,2,214
5959,6,C,0,508050501664,20200312,2,215
5960,2,A,1,508050502080,20200312,2,216
5961,1,A,1,506450502080,20200312,2,217
5962,2,A,0,406450502080,20200312,2,218
5963,3,B,1,301080406090,20200312,3,0
5964,4,B,1,301064406090,20200312,3,1
5965,6,C,1,301080406090,20200312,3,2
5966,5,C,0,301080406072,20200312,3,3
5967,6,C,0,301080404872,20200312,3,4
5968,2,A,1,301080406090,20200312,3,5
5969,1,A,0,300880406090,20200312,3,6
5970,2,A,0,240880406090,20200312,3,7
5971,4,B,0,301080406090,20200312,3,8
5972,3,B,1,301080326090,20200312,3,9
5973,4,B,0,301064326090,20200312,3,10
5974,3,B,1,301064256090,20200312,3,11
5975,6,C,1,301080406090,20200312,3,12
5976,5,C,1,301080406072,20200312,3,13
5977,6,C,0,301080404872,20200312,3,14
5978,2,A,0,301080406090,20200312,3,15
5979,1,A,0,300880406090,20200312,3,16
5980,2,A,0,240880406090,20200312,3,17
5981,4,B,0,301080406090,20200312,3,18
5982,3,B,1,301080326090,20200312,3,19
5983,4,B,0,301064326090,20200312,3,20
5984,3,B,1,301064256090,20200312,3,21
5985,1,A,0,301080406090,20200312,3,22
5986,2,A,1,241080406090,20200312,3,23
5987,6,C,1,301080406090,20200312,3,24
5988,5,C,1,301080406072,20200312,3,25
5989,6,C,1,301080404872,20200312,3,26
5990,2,A,0,301080406090,20200312,3,27
5991,1,A,1,300880406090,20200312,3,28
5992,2,A,0,240880406090,20200312,3,29
5993,1,A,1,240680406090,20200312,3,30
5994,3,B,1,301080406090,20200312,3,31
5995,4,B,0,301064406090,20200312,3,32
5996,3,B,0,301064326090,20200312,3,33
5997,4,B,0,301051326090,20200312,3,34
5998,3,B,1,301051256090,20200312,3,35
5999,4,B,1,301040256090,20200312,3,36
6000,3,B,1,301040206090,20200312,3,37
6001,4,B,0,301032206090,20200312,3,38
6002,3,B,0,301032166090,20200312,3,39
6003,4,B,0,301026166090,20200312,3,40
6004,3,B,0,301026136090,20200312,3,41
6005,6,C,1,301080406090,20200312,3,42
6006,5,C,0,301080406072,20200312,3,43
6007,6,C,1,301080404872,20200312,3,44
6008,2,A,0,301080406090,20200312,3,45
6009,1,A,0,300880406090,20200312,3,46
6010,2,A,0,240880406090,20200312,3,47
6011,1,A,1,240680406090,20200312,3,48
6012,2,A,0,190680406090,20200312,3,49
6013,1,A,0,190580406090,20200312,3,50
6014,3,B,1,301080406090,20200312,3,51
6015,4,B,0,301064406090,20200312,3,52
6016,3,B,0,301064326090,20200312,3,53
6017,4,B,0,301051326090,20200312,3,54
6018,3,B,1,301051256090,20200312,3,55
6019,6,C,1,301080406090,20200312,3,56
6020,5,C,0,301080406072,20200312,3,57
6021,6,C,0,301080404872,20200312,3,58
6022,4,B,0,301080406090,20200312,3,59
6023,3,B,0,301080326090,20200312,3,60
6024,4,B,1,301064326090,20200312,3,61
6025,3,B,1,301064256090,20200312,3,62
6026,4,B,0,301051256090,20200312,3,63
6027,3,B,0,301051206090,20200312,3,64
6028,4,B,0,301040206090,20200312,3,65
6029,6,C,0,301080406090,20200312,3,66
6030,5,C,0,301080406072,20200312,3,67
6031,6,C,0,301080404872,20200312,3,68
6032,2,A,0,301080406090,20200312,3,69
6033,1,A,0,300880406090,20200312,3,70
6034,2,A,0,240880406090,20200312,3,71
6035,4,B,0,301080406090,20200312,3,72
6036,3,B,1,301080326090,20200312,3,73
6037,4,B,0,301064326090,20200312,3,74
6038,3,B,0,301064256090,20200312,3,75
6039,6,C,0,301080406090,20200312,3,76
6040,5,C,1,301080406072,20200312,3,77
6041,6,C,1,301080404872,20200312,3,78
6042,5,C,0,301080404857,20200312,3,79
6043,6,C,0,301080403857,20200312,3,80
6044,3,B,1,301080406090,20200312,3,81
6045,4,B,1,301064406090,20200312,3,82
6046,3,B,1,301064326090,20200312,3,83
6047,4,B,0,301051326090,20200312,3,84
6048,3,B,0,301051256090,20200312,3,85
6049,4,B,0,301040256090,20200312,3,86
6050,1,A,1,301080406090,20200312,3,87
6051,2,A,1,241080406090,20200312,3,88
6052,1,A,0,240880406090,20200312,3,89
6053,2,A,0,190880406090,20200312,3,90
6054,6,C,1,301080406090,20200312,3,91
6055,5,C,1,301080406072,20200312,3,92
6056,6,C,1,301080404872,20200312,3,93
6057,3,B,1,301080406090,20200312,3,94
6058,4,B,0,301064406090,20200312,3,95
6059,3,B,0,301064326090,20200312,3,96
6060,4,B,1,301051326090,20200312,3,97
6061,3,B,1,301051256090,20200312,3,98
6062,4,B,1,301040256090,20200312,3,99
6063,3,B,0,301040206090,20200312,3,100
6064,4,B,0,301032206090,20200312,3,101
6065,6,C,1,301080406090,20200312,3,102
6066,5,C,1,301080406072,20200312,3,103
6067,6,C,0,301080404872,20200312,3,104
6068,5,C,1,301080404857,20200312,3,105
6069,6,C,0,301080403857,20200312,3,106
6070,5,C,1,301080403846,20200312,3,107
6071,6,C,1,301080403046,20200312,3,108
6072,5,C,0,301080403036,20200312,3,109
6073,6,C,0,301080402436,20200312,3,110
6074,5,C,0,301080402429,20200312,3,111
6075,2,A,1,301080406090,20200312,3,112
6076,1,A,1,300880406090,20200312,3,113
6077,2,A,0,240880406090,20200312,3,114
6078,1,A,0,240680406090,20200312,3,115
6079,2,A,0,190680406090,20200312,3,116
6080,1,A,0,190580406090,20200312,3,117
6081,4,B,1,301080406090,20200312,3,118
6082,3,B,1,301080326090,20200312,3,119
6083,4,B,1,301064326090,20200312,3,120
6084,3,B,1,301064256090,20200312,3,121
6085,4,B,0,301051256090,20200312,3,122
6086,3,B,0,301051206090,20200312,3,123
6087,4,B,0,301040206090,20200312,3,124
6088,3,B,0,301040166090,20200312,3,125
6089,6,C,1,301080406090,20200312,3,126
6090,5,C,1,301080406072,20200312,3,127
6091,6,C,1,301080404872,20200312,3,128
6092,5,C,1,301080404857,20200312,3,129
6093,6,C,0,301080403857,20200312,3,130
6094,5,C,0,301080403846,20200312,3,131
6095,6,C,0,301080403046,20200312,3,132
6096,5,C,1,301080403036,20200312,3,133
6097,6,C,1,301080402436,20200312,3,134
6098,5,C,0,301080402429,20200312,3,135
6099,6,C,1,301080401929,20200312,3,136
6100,5,C,1,301080401923,20200312,3,137
6101,6,C,1,301080401523,20200312,3,138
6102,5,C,0,301080401518,20200312,3,139
6103,6,C,0,301080401218,20200312,3,140
6104,3,B,0,301080406090,20200312,3,141
6105,4,B,1,301064406090,20200312,3,142
6106,3,B,1,301064326090,20200312,3,143
6107,4,B,1,301051326090,20200312,3,144
6108,3,B,1,301051256090,20200312,3,145
6109,4,B,0,301040256090,20200312,3,146
6110,3,B,1,301040206090,20200312,3,147
6111,4,B,0,301032206090,20200312,3,148
6112,3,B,1,301032166090,20200312,3,149
6113,4,B,0,301026166090,20200312,3,150
6114,3,B,0,301026136090,20200312,3,151
6115,4,B,0,301020136090,20200312,3,152
6116,3,B,0,301020106090,20200312,3,153
6117,6,C,1,301080406090,20200312,3,154
6118,5,C,1,301080406072,20200312,3,155
6119,6,C,1,301080404872,20200312,3,156
6120,5,C,0,301080404857,20200312,3,157
6121,6,C,0,301080403857,20200312,3,158
6122,5,C,0,301080403846,20200312,3,159
6123,6,C,1,301080403046,20200312,3,160
6124,5,C,0,301080403036,20200312,3,161
6125,6,C,0,301080402436,20200312,3,162
6126,5,C,0,301080402429,20200312,3,163
6127,6,C,1,301080401929,20200312,3,164
6128,5,C,0,301080401923,20200312,3,165
6129,6,C,0,301080401523,20200312,3,166
6130,3,B,1,301080406090,20200312,3,167
6131,4,B,0,301064406090,20200312,3,168
6132,3,B,1,301064326090,20200312,3,169
6133,4,B,0,301051326090,20200312,3,170
6134,3,B,1,301051256090,20200312,3,171
6135,4,B,0,301040256090,20200312,3,172
6136,3,B,0,301040206090,20200312,3,173
6137,4,B,0,301032206090,20200312,3,174
6138,3,B,1,301032166090,20200312,3,175
6139,4,B,0,301026166090,20200312,3,176
6140,3,B,0,301026136090,20200312,3,177
6141,6,C,1,301080406090,20200312,3,178
6142,5,C,1,301080406072,20200312,3,179
6143,6,C,1,301080404872,20200312,3,180
6144,5,C,1,301080404857,20200312,3,181
6145,6,C,1,301080403857,20200312,3,182
6146,5,C,0,301080403846,20200312,3,183
6147,6,C,1,301080403046,20200312,3,184
6148,5,C,0,301080403036,20200312,3,185
6149,6,C,1,301080402436,20200312,3,186
6150,5,C,0,301080402429,20200312,3,187
6151,6,C,0,301080401929,20200312,3,188
6152,4,B,0,301080406090,20200312,3,189
6153,3,B,1,301080326090,20200312,3,190
6154,4,B,0,301064326090,20200312,3,191
6155,3,B,0,301064256090,20200312,3,192
6156,4,B,0,301051256090,20200312,3,193
6157,3,B,1,301051206090,20200312,3,194
6158,4,B,1,301040206090,20200312,3,195
6159,3,B,0,301040166090,20200312,3,196
6160,4,B,0,301032166090,20200312,3,197
6161,3,B,1,301032136090,20200312,3,198
6162,4,B,0,301026136090,20200312,3,199
6163,3,B,1,301026106090,20200312,3,200
6164,6,C,1,301080406090,20200312,3,201
6165,5,C,0,301080406072,20200312,3,202
6166,6,C,1,301080404872,20200312,3,203
6167,5,C,0,301080404857,20200312,3,204
6168,6,C,1,301080403857,20200312,3,205
6169,5,C,0,301080403846,20200312,3,206
6170,6,C,0,301080403046,20200312,3,207
6171,5,C,0,301080403036,20200312,3,208
6172,6,C,1,301080402436,20200312,3,209
6173,3,B,0,301080406090,20200312,3,210
6174,4,B,1,301064406090,20200312,3,211
6175,3,B,1,301064326090,20200312,3,212
6176,4,B,1,301051326090,20200312,3,213
6177,3,B,1,301051256090,20200312,3,214
6178,4,B,0,301040256090,20200312,3,215
6179,3,B,1,301040206090,20200312,3,216
6180,4,B,0,301032206090,20200312,3,217
6181,3,B,1,301032166090,20200312,3,218
6182,4,B,0,301026166090,20200312,3,219
6183,3,B,0,301026136090,20200312,3,220
6184,6,C,1,301080406090,20200312,3,221
6185,5,C,1,301080406072,20200312,3,222
6186,6,C,1,301080404872,20200312,3,223
6187,5,C,0,301080404857,20200312,3,224
6188,3,B,0,205060905050,20200312,4,0
6189,4,B,1,205048905050,20200312,4,1
6190,1,A,0,205060905050,20200312,4,2
6191,2,A,0,165060905050,20200312,4,3
6192,6,C,0,205060905050,20200312,4,4
6193,5,C,0,205060905040,20200312,4,5
6194,3,B,1,205060905050,20200312,4,6
6195,4,B,1,205048905050,20200312,4,7
6196,3,B,1,205048725050,20200312,4,8
6197,4,B,1,205038725050,20200312,4,9
6198,3,B,0,205038575050,20200312,4,10
6199,6,C,1,205060905050,20200312,4,11
6200,5,C,0,205060905040,20200312,4,12
6201,6,C,0,205060904040,20200312,4,13
6202,1,A,0,205060905050,20200312,4,14
6203,2,A,1,165060905050,20200312,4,15
6204,4,B,1,205060905050,20200312,4,16
6205,3,B,1,205060725050,20200312,4,17
6206,4,B,1,205048725050,20200312,4,18
6207,3,B,0,205048575050,20200312,4,19
6208,4,B,1,205038575050,20200312,4,20
6209,6,C,0,205060905050,20200312,4,21
6210,5,C,0,205060905040,20200312,4,22
6211,6,C,0,205060904040,20200312,4,23
6212,2,A,1,205060905050,20200312,4,24
6213,1,A,0,204060905050,20200312,4,25
6214,2,A,0,164060905050,20200312,4,26
6215,4,B,1,205060905050,20200312,4,27
6216,3,B,1,205060725050,20200312,4,28
6217,4,B,0,205048725050,20200312,4,29
6218,3,B,0,205048575050,20200312,4,30
6219,4,B,0,205038575050,20200312,4,31
6220,3,B,0,205038465050,20200312,4,32
6221,6,C,0,205060905050,20200312,4,33
6222,5,C,1,205060905040,20200312,4,34
6223,6,C,1,205060904040,20200312,4,35
6224,5,C,0,205060904032,20200312,4,36
6225,6,C,1,205060903232,20200312,4,37
6226,4,B,1,205060905050,20200312,4,38
6227,3,B,1,205060725050,20200312,4,39
6228,4,B,0,205048725050,20200312,4,40
6229,3,B,1,205048575050,20200312,4,41
6230,4,B,0,205038575050,20200312,4,42
6231,3,B,0,205038465050,20200312,4,43
6232,4,B,0,205030465050,20200312,4,44
6233,1,A,0,205060905050,20200312,4,45
6234,2,A,1,165060905050,20200312,4,46
6235,1,A,0,164060905050,20200312,4,47
6236,2,A,1,124060905050,20200312,4,48
6237,6,C,1,205060905050,20200312,4,49
6238,5,C,1,205060905040,20200312,4,50
6239,6,C,0,205060904040,20200312,4,51
6240,5,C,0,205060904032,20200312,4,52
6241,3,B,1,205060905050,20200312,4,53
6242,4,B,1,205048905050,20200312,4,54
6243,3,B,1,205048725050,20200312,4,55
6244,4,B,1,205038725050,20200312,4,56
6245,3,B,0,205038575050,20200312,4,57
6246,4,B,0,205030575050,20200312,4,58
6247,2,A,1,205060905050,20200312,4,59
6248,1,A,0,204060905050,20200312,4,60
6249,2,A,0,164060905050,20200312,4,61
6250,6,C,0,205060905050,20200312,4,62
6251,5,C,1,205060905040,20200312,4,63
6252,6,C,0,205060904040,20200312,4,64
6253,5,C,0,205060904032,20200312,4,65
6254,4,B,1,205060905050,20200312,4,66
6255,3,B,1,205060725050,20200312,4,67
6256,4,B,1,205048725050,20200312,4,68
6257,3,B,1,205048575050,20200312,4,69
6258,4,B,1,205038575050,20200312,4,70
6259,3,B,1,205038465050,20200312,4,71
6260,4,B,0,205030465050,20200312,4,72
6261,3,B,1,205030365050,20200312,4,73
6262,4,B,0,205024365050,20200312,4,74
6263,3,B,1,205024295050,20200312,4,75
6264,4,B,0,205019295050,20200312,4,76
6265,3,B,1,205019235050,20200312,4,77
6266,6,C,0,205060905050,20200312,4,78
6267,5,C,1,205060905040,20200312,4,79
6268,6,C,0,205060904040,20200312,4,80
6269,5,C,0,205060904032,20200312,4,81
6270,4,B,1,205060905050,20200312,4,82
6271,3,B,0,205060725050,20200312,4,83
6272,4,B,0,205048725050,20200312,4,84
6273,3,B,1,205048575050,20200312,4,85
6274,4,B,1,205038575050,20200312,4,86
6275,3,B,1,205038465050,20200312,4,87
6276,4,B,1,205030465050,20200312,4,88
6277,3,B,1,205030365050,20200312,4,89
6278,4,B,0,205024365050,20200312,4,90
6279,3,B,1,205024295050,20200312,4,91
6280,4,B,0,205019295050,20200312,4,92
6281,3,B,0,205019235050,20200312,4,93
6282,2,A,0,205060905050,20200312,4,94
6283,1,A,0,204060905050,20200312,4,95
6284,2,A,1,164060905050,20200312,4,96
6285,4,B,1,205060905050,20200312,4,97
6286,3,B,1,205060725050,20200312,4,98
6287,4,B,0,205048725050,20200312,4,99
6288,3,B,0,205048575050,20200312,4,100
6289,4,B,1,205038575050,20200312,4,101
6290,3,B,0,205038465050,20200312,4,102
6291,4,B,1,205030465050,20200312,4,103
6292,3,B,0,205030365050,20200312,4,104
6293,4,B,0,205024365050,20200312,4,105
6294,3,B,0,205024295050,20200312,4,106
6295,6,C,1,205060905050,20200312,4,107
6296,5,C,1,205060905040,20200312,4,108
6297,6,C,0,205060904040,20200312,4,109
6298,5,C,1,205060904032,20200312,4,110
6299,4,B,1,205060905050,20200312,4,111
6300,3,B,1,205060725050,20200312,4,112
6301,4,B,1,205048725050,20200312,4,113
6302,3,B,1,205048575050,20200312,4,114
6303,4,B,1,205038575050,20200312,4,115
6304,3,B,0,205038465050,20200312,4,116
6305,4,B,0,205030465050,20200312,4,117
6306,3,B,0,205030365050,20200312,4,118
6307,5,C,0,205060905050,20200312,4,119
6308,6,C,0,205060904050,20200312,4,120
6309,5,C,0,205060904040,20200312,4,121
6310,4,B,1,205060905050,20200312,4,122
6311,3,B,0,205060725050,20200312,4,123
6312,4,B,1,205048725050,20200312,4,124
6313,3,B,0,205048575050,20200312,4,125
6314,4,B,0,205038575050,20200312,4,126
6315,3,B,1,205038465050,20200312,4,127
6316,4,B,0,205030465050,20200312,4,128
6317,3,B,0,205030365050,20200312,4,129
6318,6,C,1,205060905050,20200312,4,130
6319,5,C,0,205060905040,20200312,4,131
6320,6,C,0,205060904040,20200312,4,132
6321,5,C,0,205060904032,20200312,4,133
6322,4,B,1,205060905050,20200312,4,134
6323,3,B,0,205060725050,20200312,4,135
6324,4,B,1,205048725050,20200312,4,136
6325,3,B,0,205048575050,20200312,4,137
6326,4,B,1,205038575050,20200312,4,138
6327,3,B,1,205038465050,20200312,4,139
6328,4,B,1,205030465050,20200312,4,140
6329,3,B,0,205030365050,20200312,4,141
6330,4,B,0,205024365050,20200312,4,142
6331,3,B,0,205024295050,20200312,4,143
6332,6,C,0,205060905050,20200312,4,144
6333,5,C,0,205060905040,20200312,4,145
6334,6,C,0,205060904040,20200312,4,146
6335,5,C,1,205060904032,20200312,4,147
6336,6,C,1,205060903232,20200312,4,148
6337,5,C,0,205060903225,20200312,4,149
6338,6,C,0,205060902525,20200312,4,150
6339,3,B,1,205060905050,20200312,4,151
6340,4,B,1,205048905050,20200312,4,152
6341,3,B,1,205048725050,20200312,4,153
6342,4,B,1,205038725050,20200312,4,154
6343,3,B,1,205038575050,20200312,4,155
6344,4,B,0,205030575050,20200312,4,156
6345,3,B,0,205030465050,20200312,4,157
6346,4,B,0,205024465050,20200312,4,158
6347,3,B,0,205024365050,20200312,4,159
6348,4,B,1,205019365050,20200312,4,160
6349,3,B,0,205019295050,20200312,4,161
6350,4,B,1,205015295050,20200312,4,162
6351,3,B,0,205015235050,20200312,4,163
6352,4,B,0,205012235050,20200312,4,164
6353,3,B,0,205012185050,20200312,4,165
6354,6,C,1,205060905050,20200312,4,166
6355,5,C,0,205060905040,20200312,4,167
6356,6,C,1,205060904040,20200312,4,168
6357,5,C,1,205060904032,20200312,4,169
6358,6,C,1,205060903232,20200312,4,170
6359,5,C,0,205060903225,20200312,4,171
6360,6,C,0,205060902525,20200312,4,172
6361,3,B,1,205060905050,20200312,4,173
6362,4,B,1,205048905050,20200312,4,174
6363,3,B,0,205048725050,20200312,4,175
6364,4,B,0,205038725050,20200312,4,176
6365,3,B,0,205038575050,20200312,4,177
6366,4,B,1,205030575050,20200312,4,178
6367,3,B,0,205030465050,20200312,4,179
6368,4,B,0,205024465050,20200312,4,180
6369,3,B,0,205024365050,20200312,4,181
6370,4,B,1,205019365050,20200312,4,182
6371,3,B,1,205019295050,20200312,4,183
6372,4,B,0,205015295050,20200312,4,184
6373,3,B,0,205015235050,20200312,4,185
6374,4,B,1,205012235050,20200312,4,186
6375,3,B,1,205012185050,20200312,4,187
6376,4,B,1,205010185050,20200312,4,188
6377,3,B,0,205010155050,20200312,4,189
6378,4,B,0,205008155050,20200312,4,190
6379,3,B,0,205008125050,20200312,4,191
6380,6,C,0,205060905050,20200312,4,192
6381,5,C,1,205060905040,20200312,4,193
6382,6,C,0,205060904040,20200312,4,194
6383,5,C,1,205060904032,20200312,4,195
6384,6,C,1,205060903232,20200312,4,196
6385,5,C,1,205060903225,20200312,4,197
6386,6,C,0,205060902525,20200312,4,198
6387,5,C,0,205060902520,20200312,4,199
6388,6,C,0,205060902020,20200312,4,200
6389,5,C,0,205060902016,20200312,4,201
6390,4,B,1,205060905050,20200312,4,202
6391,3,B,0,205060725050,20200312,4,203
6392,4,B,1,205048725050,20200312,4,204
6393,3,B,0,205048575050,20200312,4,205
6394,4,B,0,205038575050,20200312,4,206
6395,3,B,1,205038465050,20200312,4,207
6396,4,B,0,205030465050,20200312,4,208
6397,3,B,0,205030365050,20200312,4,209
6398,4,B,1,205024365050,20200312,4,210
6399,3,B,0,205024295050,20200312,4,211
6400,4,B,0,205019295050,20200312,4,212
6401,3,B,1,205019235050,20200312,4,213
6402,4,B,0,205015235050,20200312,4,214
6403,3,B,0,205015185050,20200312,4,215
6404,4,B,0,205012185050,20200312,4,216
6405,3,B,0,205012155050,20200312,4,217
6406,4,B,0,205010155050,20200312,4,218
6407,6,C,0,205060905050,20200312,4,219
6408,5,C,0,205060905040,20200312,4,220
6409,6,C,0,205060904040,20200312,4,221
6410,3,B,0,600000203090,20200313,1,0
6411,4,B,0,600000203090,20200313,1,1
6412,6,C,1,600000203090,20200313,1,2
6413,5,C,1,600000203072,20200313,1,3
6414,6,C,0,600000202472,20200313,1,4
6415,5,C,0,600000202457,20200313,1,5
6416,2,A,0,600000203090,20200313,1,6
6417,1,A,1,600000203090,20200313,1,7
6418,2,A,0,480000203090,20200313,1,8
6419,1,A,0,480000203090,20200313,1,9
6420,3,B,0,600000203090,20200313,1,10
6421,4,B,0,600000203090,20200313,1,11
6422,3,B,0,600000163090,20200313,1,12
6423,4,B,0,600000163090,20200313,1,13
6424,6,C,1,600000203090,20200313,1,14
6425,5,C,0,600000203072,20200313,1,15
6426,6,C,1,600000202472,20200313,1,16
6427,3,B,0,600000203090,20200313,1,17
6428,4,B,0,600000203090,20200313,1,18
6429,3,B,0,600000163090,20200313,1,19
6430,1,A,1,600000203090,20200313,1,20
6431,2,A,0,480000203090,20200313,1,21
6432,1,A,0,480000203090,20200313,1,22
6433,6,C,1,600000203090,20200313,1,23
6434,5,C,0,600000203072,20200313,1,24
6435,6,C,1,600000202472,20200313,1,25
6436,3,B,0,600000203090,20200313,1,26
6437,4,B,0,600000203090,20200313,1,27
6438,1,A,1,600000203090,20200313,1,28
6439,2,A,0,480000203090,20200313,1,29
6440,1,A,1,480000203090,20200313,1,30
6441,2,A,0,380000203090,20200313,1,31
6442,1,A,0,380000203090,20200313,1,32
6443,2,A,0,300000203090,20200313,1,33
6444,1,A,0,300000203090,20200313,1,34
6445,4,B,0,600000203090,20200313,1,35
6446,3,B,0,600000163090,20200313,1,36
6447,4,B,1,600000163090,20200313,1,37
6448,6,C,0,600000203090,20200313,1,38
6449,5,C,0,600000203072,20200313,1,39
6450,1,A,1,600000203090,20200313,1,40
6451,2,A,0,480000203090,20200313,1,41
6452,1,A,1,480000203090,20200313,1,42
6453,3,B,0,600000203090,20200313,1,43
6454,4,B,1,600000203090,20200313,1,44
6455,3,B,0,600000163090,20200313,1,45
6456,4,B,0,600000163090,20200313,1,46
6457,1,A,1,600000203090,20200313,1,47
6458,2,A,0,480000203090,20200313,1,48
6459,1,A,0,480000203090,20200313,1,49
6460,4,B,1,600000203090,20200313,1,50
6461,3,B,0,600000163090,20200313,1,51
6462,4,B,0,600000163090,20200313,1,52
6463,6,C,1,600000203090,20200313,1,53
6464,5,C,1,600000203072,20200313,1,54
6465,6,C,0,600000202472,20200313,1,55
6466,5,C,0,600000202457,20200313,1,56
6467,1,A,0,600000203090,20200313,1,57
6468,2,A,0,480000203090,20200313,1,58
6469,1,A,0,480000203090,20200313,1,59
6470,2,A,0,380000203090,20200313,1,60
6471,1,A,0,380000203090,20200313,1,61
6472,4,B,0,600000203090,20200313,1,62
6473,3,B,0,600000163090,20200313,1,63
6474,4,B,0,600000163090,20200313,1,64
6475,1,A,1,600000203090,20200313,1,65
6476,2,A,0,480000203090,20200313,1,66
6477,1,A,0,480000203090,20200313,1,67
6478,6,C,0,600000203090,20200313,1,68
6479,5,C,0,600000203072,20200313,1,69
6480,6,C,1,600000202472,20200313,1,70
6481,4,B,0,600000203090,20200313,1,71
6482,3,B,0,600000163090,20200313,1,72
6483,4,B,1,600000163090,20200313,1,73
6484,1,A,1,600000203090,20200313,1,74
6485,2,A,0,480000203090,20200313,1,75
6486,1,A,0,480000203090,20200313,1,76
6487,4,B,0,600000203090,20200313,1,77
6488,3,B,0,600000163090,20200313,1,78
6489,4,B,0,600000163090,20200313,1,79
6490,1,A,1,600000203090,20200313,1,80
6491,2,A,0,480000203090,20200313,1,81
6492,1,A,0,480000203090,20200313,1,82
6493,6,C,1,600000203090,20200313,1,83
6494,5,C,1,600000203072,20200313,1,84
6495,6,C,0,600000202472,20200313,1,85
6496,5,C,1,600000202457,20200313,1,86
6497,1,A,1,600000203090,20200313,1,87
6498,2,A,0,480000203090,20200313,1,88
6499,1,A,0,480000203090,20200313,1,89
6500,4,B,0,600000203090,20200313,1,90
6501,3,B,0,600000163090,20200313,1,91
6502,4,B,1,600000163090,20200313,1,92
6503,1,A,0,600000203090,20200313,1,93
6504,2,A,0,480000203090,20200313,1,94
6505,1,A,1,480000203090,20200313,1,95
6506,4,B,0,600000203090,20200313,1,96
6507,3,B,0,600000163090,20200313,1,97
6508,4,B,1,600000163090,20200313,1,98
6509,1,A,0,600000203090,20200313,1,99
6510,2,A,0,480000203090,20200313,1,100
6511,1,A,0,480000203090,20200313,1,101
6512,4,B,0,600000203090,20200313,1,102
6513,6,C,1,600000203090,20200313,1,103
6514,5,C,0,600000203072,20200313,1,104
6515,6,C,1,600000202472,20200313,1,105
6516,5,C,0,600000202457,20200313,1,106
6517,6,C,1,600000201957,20200313,1,107
6518,1,A,1,600000203090,20200313,1,108
6519,2,A,0,480000203090,20200313,1,109
6520,1,A,0,480000203090,20200313,1,110
6521,4,B,0,600000203090,20200313,1,111
6522,6,C,1,600000203090,20200313,1,112
6523,5,C,1,600000203072,20200313,1,113
6524,6,C,1,600000202472,20200313,1,114
6525,5,C,0,600000202457,20200313,1,115
6526,6,C,0,600000201957,20200313,1,116
6527,4,B,0,600000203090,20200313,1,117
6528,3,B,0,600000163090,20200313,1,118
6529,4,B,0,600000163090,20200313,1,119
6530,1,A,1,600000203090,20200313,1,120
6531,2,A,0,480000203090,20200313,1,121
6532,1,A,0,480000203090,20200313,1,122
6533,2,A,0,380000203090,20200313,1,123
6534,1,A,0,380000203090,20200313,1,124
6535,6,C,1,600000203090,20200313,1,125
6536,5,C,0,600000203072,20200313,1,126
6537,6,C,1,600000202472,20200313,1,127
6538,1,A,1,600000203090,20200313,1,128
6539,2,A,0,480000203090,20200313,1,129
6540,1,A,1,480000203090,20200313,1,130
6541,6,C,0,600000203090,20200313,1,131
6542,5,C,0,600000203072,20200313,1,132
6543,6,C,1,600000202472,20200313,1,133
6544,4,B,1,600000203090,20200313,1,134
6545,3,B,0,600000163090,20200313,1,135
6546,4,B,0,600000163090,20200313,1,136
6547,1,A,0,600000203090,20200313,1,137
6548,6,C,1,600000203090,20200313,1,138
6549,5,C,0,600000203072,20200313,1,139
6550,6,C,1,600000202472,20200313,1,140
6551,5,C,1,600000202457,20200313,1,141
6552,6,C,0,600000201957,20200313,1,142
6553,5,C,1,600000201946,20200313,1,143
6554,6,C,0,600000201546,20200313,1,144
6555,5,C,0,600000201536,20200313,1,145
6556,6,C,1,600000201236,20200313,1,146
6557,5,C,0,600000201229,20200313,1,147
6558,6,C,1,600000200929,20200313,1,148
6559,5,C,0,600000200923,20200313,1,149
6560,6,C,0,600000200723,20200313,1,150
6561,5,C,0,600000200718,20200313,1,151
6562,6,C,1,600000200618,20200313,1,152
6563,4,B,1,600000203090,20200313,1,153
6564,3,B,0,600000163090,20200313,1,154
6565,4,B,0,600000163090,20200313,1,155
6566,6,C,1,600000203090,20200313,1,156
6567,5,C,1,600000203072,20200313,1,157
6568,6,C,1,600000202472,20200313,1,158
6569,5,C,0,600000202457,20200313,1,159
6570,6,C,1,600000201957,20200313,1,160
6571,5,C,0,600000201946,20200313,1,161
6572,6,C,0,600000201546,20200313,1,162
6573,5,C,0,600000201536,20200313,1,163
6574,6,C,1,600000201236,20200313,1,164
6575,1,A,1,600000203090,20200313,1,165
6576,2,A,0,480000203090,20200313,1,166
6577,1,A,0,480000203090,20200313,1,167
6578,6,C,1,600000203090,20200313,1,168
6579,5,C,0,600000203072,20200313,1,169
6580,6,C,1,600000202472,20200313,1,170
6581,5,C,0,600000202457,20200313,1,171
6582,6,C,0,600000201957,20200313,1,172
6583,5,C,1,600000201946,20200313,1,173
6584,6,C,1,600000201546,20200313,1,174
6585,5,C,0,600000201536,20200313,1,175
6586,6,C,0,600000201236,20200313,1,176
6587,4,B,1,600000203090,20200313,1,177
6588,3,B,0,600000163090,20200313,1,178
6589,4,B,1,600000163090,20200313,1,179
6590,3,B,0,600000123090,20200313,1,180
6591,4,B,0,600000123090,20200313,1,181
6592,6,C,1,600000203090,20200313,1,182
6593,5,C,0,600000203072,20200313,1,183
6594,6,C,1,600000202472,20200313,1,184
6595,5,C,0,600000202457,20200313,1,185
6596,6,C,1,600000201957,20200313,1,186
6597,5,C,0,600000201946,20200313,1,187
6598,6,C,1,600000201546,20200313,1,188
6599,5,C,0,600000201536,20200313,1,189
6600,6,C,0,600000201236,20200313,1,190
6601,1,A,1,600000203090,20200313,1,191
6602,2,A,0,480000203090,20200313,1,192
6603,1,A,0,480000203090,20200313,1,193
6604,6,C,1,600000203090,20200313,1,194
6605,5,C,0,600000203072,20200313,1,195
6606,6,C,0,600000202472,20200313,1,196
6607,5,C,0,600000202457,20200313,1,197
6608,6,C,1,600000201957,20200313,1,198
6609,5,C,0,600000201946,20200313,1,199
6610,6,C,0,600000201546,20200313,1,200
6611,5,C,0,600000201536,20200313,1,201
6612,6,C,0,600000201236,20200313,1,202
6613,1,A,0,600000203090,20200313,1,203
6614,2,A,0,480000203090,20200313,1,204
6615,1,A,1,480000203090,20200313,1,205
6616,6,C,1,600000203090,20200313,1,206
6617,5,C,1,600000203072,20200313,1,207
6618,6,C,1,600000202472,20200313,1,208
6619,5,C,0,600000202457,20200313,1,209
6620,6,C,1,600000201957,20200313,1,210
6621,5,C,0,600000201946,20200313,1,211
6622,6,C,0,600000201546,20200313,1,212
6623,1,A,1,600000203090,20200313,1,213
6624,6,C,1,600000203090,20200313,1,214
6625,3,B,0,205020808050,20200313,2,0
6626,4,B,1,205016808050,20200313,2,1
6627,6,C,1,205020808050,20200313,2,2
6628,5,C,1,205020808040,20200313,2,3
6629,6,C,0,205020806440,20200313,2,4
6630,5,C,1,205020806432,20200313,2,5
6631,1,A,1,205020808050,20200313,2,6
6632,2,A,0,165020808050,20200313,2,7
6633,1,A,0,164020808050,20200313,2,8
6634,2,A,1,124020808050,20200313,2,9
6635,4,B,1,205020808050,20200313,2,10
6636,3,B,0,205020648050,20200313,2,11
6637,4,B,0,205016648050,20200313,2,12
6638,3,B,0,205016518050,20200313,2,13
6639,6,C,1,205020808050,20200313,2,14
6640,5,C,1,205020808040,20200313,2,15
6641,6,C,1,205020806440,20200313,2,16
6642,5,C,1,205020806432,20200313,2,17
6643,1,A,0,205020808050,20200313,2,18
6644,2,A,1,165020808050,20200313,2,19
6645,1,A,0,164020808050,20200313,2,20
6646,2,A,0,124020808050,20200313,2,21
6647,6,C,1,205020808050,20200313,2,22
6648,5,C,1,205020808040,20200313,2,23
6649,6,C,0,205020806440,20200313,2,24
6650,5,C,1,205020806432,20200313,2,25
6651,4,B,1,205020808050,20200313,2,26
6652,3,B,0,205020648050,20200313,2,27
6653,4,B,1,205016648050,20200313,2,28
6654,5,C,1,205020808050,20200313,2,29
6655,6,C,1,205020806450,20200313,2,30
6656,5,C,1,205020806440,20200313,2,31
6657,6,C,0,205020805140,20200313,2,32
6658,5,C,1,205020805132,20200313,2,33
6659,1,A,0,205020808050,20200313,2,34
6660,2,A,0,165020808050,20200313,2,35
6661,1,A,0,164020808050,20200313,2,36
6662,4,B,1,205020808050,20200313,2,37
6663,3,B,0,205020648050,20200313,2,38
6664,4,B,0,205016648050,20200313,2,39
6665,5,C,0,205020808050,20200313,2,40
6666,6,C,0,205020806450,20200313,2,41
6667,5,C,1,205020806440,20200313,2,42
6668,6,C,0,205020805140,20200313,2,43
6669,5,C,0,205020805132,20200313,2,44
6670,4,B,1,205020808050,20200313,2,45
6671,3,B,0,205020648050,20200313,2,46
6672,4,B,1,205016648050,20200313,2,47
6673,6,C,1,205020808050,20200313,2,48
6674,5,C,1,205020808040,20200313,2,49
6675,6,C,1,205020806440,20200313,2,50
6676,5,C,1,205020806432,20200313,2,51
6677,6,C,1,205020805132,20200313,2,52
6678,5,C,1,205020805125,20200313,2,53
6679,6,C,1,205020804025,20200313,2,54
6680,5,C,0,205020804020,20200313,2,55
6681,6,C,0,205020803220,20200313,2,56
6682,1,A,0,205020808050,20200313,2,57
6683,2,A,1,165020808050,20200313,2,58
6684,4,B,0,205020808050,20200313,2,59
6685,3,B,0,205020648050,20200313,2,60
6686,4,B,1,205016648050,20200313,2,61
6687,5,C,0,205020808050,20200313,2,62
6688,6,C,1,205020806450,20200313,2,63
6689,5,C,0,205020806440,20200313,2,64
6690,6,C,1,205020805140,20200313,2,65
6691,5,C,1,205020805132,20200313,2,66
6692,6,C,1,205020804032,20200313,2,67
6693,5,C,0,205020804025,20200313,2,68
6694,6,C,0,205020803225,20200313,2,69
6695,5,C,0,205020803220,20200313,2,70
6696,4,B,1,205020808050,20200313,2,71
6697,3,B,0,205020648050,20200313,2,72
6698,4,B,1,205016648050,20200313,2,73
6699,5,C,0,205020808050,20200313,2,74
6700,6,C,1,205020806450,20200313,2,75
6701,5,C,1,205020806440,20200313,2,76
6702,6,C,0,205020805140,20200313,2,77
6703,5,C,1,205020805132,20200313,2,78
6704,2,A,1,205020808050,20200313,2,79
6705,1,A,0,204020808050,20200313,2,80
6706,2,A,0,164020808050,20200313,2,81
6707,1,A,0,163220808050,20200313,2,82
6708,4,B,1,205020808050,20200313,2,83
6709,3,B,0,205020648050,20200313,2,84
6710,4,B,1,205016648050,20200313,2,85
6711,6,C,1,205020808050,20200313,2,86
6712,5,C,1,205020808040,20200313,2,87
6713,6,C,1,205020806440,20200313,2,88
6714,5,C,1,205020806432,20200313,2,89
6715,6,C,0,205020805132,20200313,2,90
6716,5,C,0,205020805125,20200313,2,91
6717,6,C,0,205020804025,20200313,2,92
6718,5,C,1,205020804020,20200313,2,93
6719,4,B,1,205020808050,20200313,2,94
6720,3,B,0,205020648050,20200313,2,95
6721,4,B,1,205016648050,20200313,2,96
6722,5,C,1,205020808050,20200313,2,97
6723,6,C,1,205020806450,20200313,2,98
6724,5,C,1,205020806440,20200313,2,99
6725,6,C,1,205020805140,20200313,2,100
6726,5,C,1,205020805132,20200313,2,101
6727,6,C,0,205020804032,20200313,2,102
6728,5,C,0,205020804025,20200313,2,103
6729,6,C,1,205020803225,20200313,2,104
6730,5,C,1,205020803220,20200313,2,105
6731,6,C,0,205020802620,20200313,2,106
6732,5,C,0,205020802616,20200313,2,107
6733,4,B,1,205020808050,20200313,2,108
6734,3,B,0,205020648050,20200313,2,109
6735,4,B,0,205016648050,20200313,2,110
6736,6,C,1,205020808050,20200313,2,111
6737,5,C,1,205020808040,20200313,2,112
6738,6,C,0,205020806440,20200313,2,113
6739,5,C,1,205020806432,20200313,2,114
6740,6,C,0,205020805132,20200313,2,115
6741,5,C,1,205020805125,20200313,2,116
6742,6,C,0,205020804025,20200313,2,117
6743,5,C,1,205020804020,20200313,2,118
6744,6,C,0,205020803220,20200313,2,119
6745,5,C,0,205020803216,20200313,2,120
6746,1,A,0,205020808050,20200313,2,121
6747,2,A,0,165020808050,20200313,2,122
6748,6,C,0,205020808050,20200313,2,123
6749,5,C,1,205020808040,20200313,2,124
6750,6,C,1,205020806440,20200313,2,125
6751,5,C,0,205020806432,20200313,2,126
6752,6,C,1,205020805132,20200313,2,127
6753,5,C,1,205020805125,20200313,2,128
6754,6,C,0,205020804025,20200313,2,129
6755,5,C,0,205020804020,20200313,2,130
6756,6,C,0,205020803220,20200313,2,131
6757,5,C,1,205020803216,20200313,2,132
6758,6,C,0,205020802616,20200313,2,133
6759,5,C,0,205020802613,20200313,2,134
6760,4,B,0,205020808050,20200313,2,135
6761,6,C,0,205020808050,20200313,2,136
6762,5,C,1,205020808040,20200313,2,137
6763,6,C,0,205020806440,20200313,2,138
6764,5,C,0,205020806432,20200313,2,139
6765,6,C,0,205020805132,20200313,2,140
6766,5,C,1,205020805125,20200313,2,141
6767,6,C,0,205020804025,20200313,2,142
6768,5,C,1,205020804020,20200313,2,143
6769,6,C,0,205020803220,20200313,2,144
6770,5,C,0,205020803216,20200313,2,145
6771,4,B,1,205020808050,20200313,2,146
6772,6,C,1,205020808050,20200313,2,147
6773,5,C,1,205020808040,20200313,2,148
6774,6,C,0,205020806440,20200313,2,149
6775,5,C,1,205020806432,20200313,2,150
6776,6,C,0,205020805132,20200313,2,151
6777,5,C,0,205020805125,20200313,2,152
6778,6,C,0,205020804025,20200313,2,153
6779,5,C,0,205020804020,20200313,2,154
6780,6,C,0,205020803220,20200313,2,155
6781,5,C,1,205020803216,20200313,2,156
6782,6,C,0,205020802616,20200313,2,157
6783,5,C,0,205020802613,20200313,2,158
6784,4,B,0,205020808050,20200313,2,159
6785,6,C,1,205020808050,20200313,2,160
6786,5,C,1,205020808040,20200313,2,161
6787,6,C,0,205020806440,20200313,2,162
6788,5,C,1,205020806432,20200313,2,163
6789,6,C,1,205020805132,20200313,2,164
6790,5,C,0,205020805125,20200313,2,165
6791,6,C,0,205020804025,20200313,2,166
6792,5,C,1,205020804020,20200313,2,167
6793,6,C,1,205020803220,20200313,2,168
6794,5,C,1,205020803216,20200313,2,169
6795,6,C,0,205020802616,20200313,2,170
6796,5,C,0,205020802613,20200313,2,171
6797,6,C,0,205020802013,20200313,2,172
6798,5,C,0,205020802010,20200313,2,173
6799,4,B,1,205020808050,20200313,2,174
6800,3,B,0,205020648050,20200313,2,175
6801,4,B,1,205016648050,20200313,2,176
6802,6,C,0,205020808050,20200313,2,177
6803,5,C,1,205020808040,20200313,2,178
6804,6,C,0,205020806440,20200313,2,179
6805,5,C,0,205020806432,20200313,2,180
6806,6,C,1,205020805132,20200313,2,181
6807,5,C,0,205020805125,20200313,2,182
6808,6,C,0,205020804025,20200313,2,183
6809,5,C,0,205020804020,20200313,2,184
6810,6,C,0,205020803220,20200313,2,185
6811,5,C,1,205020803216,20200313,2,186
6812,6,C,0,205020802616,20200313,2,187
6813,5,C,0,205020802613,20200313,2,188
6814,6,C,0,205020802013,20200313,2,189
6815,5,C,1,205020802010,20200313,2,190
6816,6,C,0,205020801610,20200313,2,191
6817,5,C,0,205020801608,20200313,2,192
6818,6,C,0,205020801308,20200313,2,193
6819,5,C,0,205020801306,20200313,2,194
6820,4,B,1,205020808050,20200313,2,195
6821,3,B,0,205020648050,20200313,2,196
6822,4,B,0,205016648050,20200313,2,197
6823,6,C,1,205020808050,20200313,2,198
6824,5,C,0,205020808040,20200313,2,199
6825,6,C,0,205020806440,20200313,2,200
6826,5,C,1,205020806432,20200313,2,201
6827,6,C,1,205020805132,20200313,2,202
6828,5,C,0,205020805125,20200313,2,203
6829,6,C,0,205020804025,20200313,2,204
6830,5,C,1,205020804020,20200313,2,205
6831,6,C,0,205020803220,20200313,2,206
6832,4,B,0,408070102020,20200313,3,0
6833,3,B,1,408070082020,20200313,3,1
6834,6,C,0,408070102020,20200313,3,2
6835,5,C,0,408070102016,20200313,3,3
6836,6,C,0,408070101616,20200313,3,4
6837,5,C,0,408070101612,20200313,3,5
6838,1,A,0,408070102020,20200313,3,6
6839,2,A,1,328070102020,20200313,3,7
6840,1,A,1,326470102020,20200313,3,8
6841,2,A,1,256470102020,20200313,3,9
6842,4,B,0,408070102020,20200313,3,10
6843,3,B,1,408070082020,20200313,3,11
6844,4,B,0,408055082020,20200313,3,12
6845,3,B,0,408055062020,20200313,3,13
6846,6,C,0,408070102020,20200313,3,14
6847,5,C,0,408070102016,20200313,3,15
6848,6,C,0,408070101616,20200313,3,16
6849,2,A,1,408070102020,20200313,3,17
6850,1,A,0,406470102020,20200313,3,18
6851,2,A,0,326470102020,20200313,3,19
6852,4,B,0,408070102020,20200313,3,20
6853,3,B,0,408070082020,20200313,3,21
6854,4,B,0,408055082020,20200313,3,22
6855,3,B,0,408055062020,20200313,3,23
6856,5,C,0,408070102020,20200313,3,24
6857,6,C,0,408070101620,20200313,3,25
6858,5,C,1,408070101616,20200313,3,26
6859,2,A,1,408070102020,20200313,3,27
6860,1,A,0,406470102020,20200313,3,28
6861,2,A,0,326470102020,20200313,3,29
6862,3,B,1,408070102020,20200313,3,30
6863,4,B,0,408055102020,20200313,3,31
6864,3,B,1,408055082020,20200313,3,32
6865,4,B,0,408044082020,20200313,3,33
6866,3,B,1,408044062020,20200313,3,34
6867,4,B,1,408035062020,20200313,3,35
6868,3,B,1,408035052020,20200313,3,36
6869,4,B,0,408028052020,20200313,3,37
6870,3,B,0,408028042020,20200313,3,38
6871,6,C,0,408070102020,20200313,3,39
6872,5,C,0,408070102016,20200313,3,40
6873,6,C,0,408070101616,20200313,3,41
6874,5,C,0,408070101612,20200313,3,42
6875,2,A,1,408070102020,20200313,3,43
6876,1,A,0,406470102020,20200313,3,44
6877,2,A,0,326470102020,20200313,3,45
6878,4,B,0,408070102020,20200313,3,46
6879,3,B,0,408070082020,20200313,3,47
6880,4,B,0,408055082020,20200313,3,48
6881,3,B,0,408055062020,20200313,3,49
6882,5,C,0,408070102020,20200313,3,50
6883,6,C,0,408070101620,20200313,3,51
6884,5,C,0,408070101616,20200313,3,52
6885,2,A,1,408070102020,20200313,3,53
6886,1,A,0,406470102020,20200313,3,54
6887,2,A,1,326470102020,20200313,3,55
6888,4,B,0,408070102020,20200313,3,56
6889,3,B,1,408070082020,20200313,3,57
6890,4,B,0,408055082020,20200313,3,58
6891,3,B,1,408055062020,20200313,3,59
6892,4,B,0,408044062020,20200313,3,60
6893,3,B,1,408044052020,20200313,3,61
6894,4,B,0,408035052020,20200313,3,62
6895,3,B,1,408035042020,20200313,3,63
6896,4,B,0,408028042020,20200313,3,64
6897,3,B,0,408028032020,20200313,3,65
6898,6,C,0,408070102020,20200313,3,66
6899,5,C,0,408070102016,20200313,3,67
6900,6,C,0,408070101616,20200313,3,68
6901,2,A,1,408070102020,20200313,3,69
6902,1,A,1,406470102020,20200313,3,70
6903,2,A,1,326470102020,20200313,3,71
6904,1,A,0,325170102020,20200313,3,72
6905,2,A,1,255170102020,20200313,3,73
6906,5,C,0,408070102020,20200313,3,74
6907,6,C,1,408070101620,20200313,3,75
6908,5,C,0,408070101616,20200313,3,76
6909,6,C,0,408070101216,20200313,3,77
6910,5,C,0,408070101212,20200313,3,78
6911,2,A,1,408070102020,20200313,3,79
6912,1,A,1,406470102020,20200313,3,80
6913,2,A,1,326470102020,20200313,3,81
6914,1,A,1,325170102020,20200313,3,82
6915,2,A,0,255170102020,20200313,3,83
6916,1,A,0,254070102020,20200313,3,84
6917,2,A,1,204070102020,20200313,3,85
6918,3,B,1,408070102020,20200313,3,86
6919,4,B,0,408055102020,20200313,3,87
6920,3,B,0,408055082020,20200313,3,88
6921,4,B,0,408044082020,20200313,3,89
6922,3,B,0,408044062020,20200313,3,90
6923,4,B,0,408035062020,20200313,3,91
6924,2,A,1,408070102020,20200313,3,92
6925,1,A,0,406470102020,20200313,3,93
6926,2,A,0,326470102020,20200313,3,94
6927,1,A,0,325170102020,20200313,3,95
6928,2,A,1,255170102020,20200313,3,96
6929,6,C,0,408070102020,20200313,3,97
6930,5,C,0,408070102016,20200313,3,98
6931,6,C,0,408070101616,20200313,3,99
6932,2,A,1,408070102020,20200313,3,100
6933,1,A,0,406470102020,20200313,3,101
6934,2,A,0,326470102020,20200313,3,102
6935,1,A,0,325170102020,20200313,3,103
6936,2,A,0,255170102020,20200313,3,104
6937,3,B,0,408070102020,20200313,3,105
6938,4,B,0,408055102020,20200313,3,106
6939,3,B,1,408055082020,20200313,3,107
6940,4,B,0,408044082020,20200313,3,108
6941,3,B,0,408044062020,20200313,3,109
6942,4,B,0,408035062020,20200313,3,110
6943,3,B,1,408035052020,20200313,3,111
6944,6,C,0,408070102020,20200313,3,112
6945,5,C,0,408070102016,20200313,3,113
6946,6,C,0,408070101616,20200313,3,114
6947,2,A,1,408070102020,20200313,3,115
6948,1,A,0,406470102020,20200313,3,116
6949,2,A,1,326470102020,20200313,3,117
6950,1,A,0,325170102020,20200313,3,118
6951,2,A,1,255170102020,20200313,3,119
6952,3,B,0,408070102020,20200313,3,120
6953,4,B,0,408055102020,20200313,3,121
6954,3,B,0,408055082020,20200313,3,122
6955,6,C,0,408070102020,20200313,3,123
6956,5,C,1,408070102016,20200313,3,124
6957,6,C,0,408070101616,20200313,3,125
6958,5,C,0,408070101612,20200313,3,126
6959,6,C,0,408070101212,20200313,3,127
6960,2,A,1,408070102020,20200313,3,128
6961,1,A,0,406470102020,20200313,3,129
6962,2,A,0,326470102020,20200313,3,130
6963,1,A,1,325170102020,20200313,3,131
6964,2,A,1,255170102020,20200313,3,132
6965,1,A,0,254070102020,20200313,3,133
6966,2,A,1,204070102020,20200313,3,134
6967,6,C,0,408070102020,20200313,3,135
6968,5,C,0,408070102016,20200313,3,136
6969,6,C,0,408070101616,20200313,3,137
6970,5,C,1,408070101612,20200313,3,138
6971,2,A,1,408070102020,20200313,3,139
6972,1,A,1,406470102020,20200313,3,140
6973,2,A,0,326470102020,20200313,3,141
6974,1,A,0,325170102020,20200313,3,142
6975,2,A,0,255170102020,20200313,3,143
6976,1,A,1,254070102020,20200313,3,144
6977,2,A,1,204070102020,20200313,3,145
6978,1,A,0,203270102020,20200313,3,146
6979,2,A,0,163270102020,20200313,3,147
6980,3,B,1,408070102020,20200313,3,148
6981,4,B,1,408055102020,20200313,3,149
6982,3,B,0,408055082020,20200313,3,150
6983,4,B,0,408044082020,20200313,3,151
6984,3,B,1,408044062020,20200313,3,152
6985,4,B,0,408035062020,20200313,3,153
6986,3,B,0,408035052020,20200313,3,154
6987,4,B,0,408028052020,20200313,3,155
6988,3,B,0,408028042020,20200313,3,156
6989,4,B,0,408022042020,20200313,3,157
6990,2,A,1,408070102020,20200313,3,158
6991,1,A,0,406470102020,20200313,3,159
6992,2,A,0,326470102020,20200313,3,160
6993,1,A,0,325170102020,20200313,3,161
6994,2,A,0,255170102020,20200313,3,162
6995,1,A,0,254070102020,20200313,3,163
6996,2,A,0,204070102020,20200313,3,164
6997,1,A,1,203270102020,20200313,3,165
6998,2,A,0,163270102020,20200313,3,166
6999,1,A,0,162670102020,20200313,3,167
7000,2,A,0,132670102020,20200313,3,168
7001,1,A,1,132070102020,20200313,3,169
7002,2,A,0,102070102020,20200313,3,170
7003,1,A,0,101670102020,20200313,3,171
7004,2,A,0,081670102020,20200313,3,172
7005,3,B,1,408070102020,20200313,3,173
7006,4,B,0,408055102020,20200313,3,174
7007,3,B,1,408055082020,20200313,3,175
7008,4,B,0,408044082020,20200313,3,176
7009,3,B,1,408044062020,20200313,3,177
7010,4,B,0,408035062020,20200313,3,178
7011,3,B,0,408035052020,20200313,3,179
7012,4,B,0,408028052020,20200313,3,180
7013,3,B,0,408028042020,20200313,3,181
7014,4,B,0,408022042020,20200313,3,182
7015,3,B,0,408022032020,20200313,3,183
7016,4,B,0,408018032020,20200313,3,184
7017,3,B,0,408018022020,20200313,3,185
7018,1,A,0,408070102020,20200313,3,186
7019,2,A,0,328070102020,20200313,3,187
7020,1,A,0,326470102020,20200313,3,188
7021,2,A,1,256470102020,20200313,3,189
7022,1,A,1,255170102020,20200313,3,190
7023,2,A,0,205170102020,20200313,3,191
7024,1,A,0,204070102020,20200313,3,192
7025,2,A,0,164070102020,20200313,3,193
7026,1,A,0,163270102020,20200313,3,194
7027,2,A,0,133270102020,20200313,3,195
7028,6,C,0,408070102020,20200313,3,196
7029,5,C,0,408070102016,20200313,3,197
7030,6,C,1,408070101616,20200313,3,198
7031,5,C,0,408070101612,20200313,3,199
7032,6,C,0,408070101212,20200313,3,200
7033,2,A,1,408070102020,20200313,3,201
7034,1,A,0,406470102020,20200313,3,202
7035,2,A,0,326470102020,20200313,3,203
7036,1,A,0,325170102020,20200313,3,204
7037,2,A,1,255170102020,20200313,3,205
7038,1,A,0,254070102020,20200313,3,206
7039,2,A,0,204070102020,20200313,3,207
7040,1,A,0,203270102020,20200313,3,208
7041,2,A,1,163270102020,20200313,3,209
7042,3,B,0,408070102020,20200313,3,210
7043,4,B,0,408055102020,20200313,3,211
7044,3,B,0,408055082020,20200313,3,212
7045,4,B,0,408044082020,20200313,3,213
7046,3,B,0,408044062020,20200313,3,214
7047,2,A,1,408070102020,20200313,3,215
7048,1,A,0,406470102020,20200313,3,216
7049,2,A,1,326470102020,20200313,3,217
7050,1,A,0,325170102020,20200313,3,218
7051,2,A,1,255170102020,20200313,3,219
7052,1,A,0,254070102020,20200313,3,220
7053,2,A,0,204070102020,20200313,3,221
7054,1,A,0,203270102020,20200313,3,222
7055,2,A,1,163270102020,20200313,3,223
7056,1,A,0,162670102020,20200313,3,224
7057,2,A,1,132670102020,20200313,3,225
7058,1,A,0,132070102020,20200313,3,226
7059,2,A,0,102070102020,20200313,3,227
7060,3,B,1,408070102020,20200313,3,228
7061,4,B,0,408055102020,20200313,3,229
7062,3,B,0,408055082020,20200313,3,230
7063,4,B,0,408044082020,20200313,3,231
7064,3,B,1,408044062020,20200313,3,232
7065,4,B,0,408035062020,20200313,3,233
7066,3,B,1,408035052020,20200313,3,234
7067,4,B,0,408028052020,20200313,3,235
7068,3,B,0,408028042020,20200313,3,236
7069,4,B,0,408022042020,20200313,3,237
7070,3,B,0,408022032020,20200313,3,238
7071,6,C,0,408070102020,20200313,3,239
7072,5,C,1,408070102016,20200313,3,240
7073,6,C,0,408070101616,20200313,3,241
7074,5,C,0,408070101612,20200313,3,242
7075,6,C,0,408070101212,20200313,3,243
7076,5,C,0,408070101210,20200313,3,244
7077,2,A,1,408070102020,20200313,3,245
7078,1,A,1,406470102020,20200313,3,246
7079,3,B,0,101020906000,20200313,4,0
7080,4,B,1,101016906000,20200313,4,1
7081,6,C,0,101020906000,20200313,4,2
7082,5,C,1,101020906000,20200313,4,3
7083,6,C,0,101020904800,20200313,4,4
7084,5,C,0,101020904800,20200313,4,5
7085,2,A,0,101020906000,20200313,4,6
7086,1,A,0,100820906000,20200313,4,7
7087,2,A,0,080820906000,20200313,4,8
7088,4,B,1,101020906000,20200313,4,9
7089,3,B,0,101020726000,20200313,4,10
7090,4,B,1,101016726000,20200313,4,11
7091,3,B,0,101016576000,20200313,4,12
7092,4,B,1,101012576000,20200313,4,13
7093,5,C,1,101020906000,20200313,4,14
7094,6,C,0,101020904800,20200313,4,15
7095,5,C,0,101020904800,20200313,4,16
7096,4,B,1,101020906000,20200313,4,17
7097,3,B,1,101020726000,20200313,4,18
7098,4,B,1,101016726000,20200313,4,19
7099,3,B,0,101016576000,20200313,4,20
7100,4,B,1,101012576000,20200313,4,21
7101,3,B,0,101012466000,20200313,4,22
7102,4,B,0,101010466000,20200313,4,23
7103,1,A,0,101020906000,20200313,4,24
7104,2,A,0,081020906000,20200313,4,25
7105,5,C,1,101020906000,20200313,4,26
7106,6,C,0,101020904800,20200313,4,27
7107,5,C,1,101020904800,20200313,4,28
7108,4,B,1,101020906000,20200313,4,29
7109,3,B,0,101020726000,20200313,4,30
7110,4,B,1,101016726000,20200313,4,31
7111,3,B,0,101016576000,20200313,4,32
7112,4,B,1,101012576000,20200313,4,33
7113,3,B,0,101012466000,20200313,4,34
7114,4,B,1,101010466000,20200313,4,35
7115,3,B,0,101010366000,20200313,4,36
7116,4,B,0,101008366000,20200313,4,37
7117,2,A,0,101020906000,20200313,4,38
7118,1,A,0,100820906000,20200313,4,39
7119,2,A,0,080820906000,20200313,4,40
7120,4,B,1,101020906000,20200313,4,41
7121,3,B,0,101020726000,20200313,4,42
7122,4,B,1,101016726000,20200313,4,43
7123,5,C,0,101020906000,20200313,4,44
7124,6,C,0,101020904800,20200313,4,45
7125,5,C,1,101020904800,20200313,4,46
7126,4,B,1,101020906000,20200313,4,47
7127,3,B,0,101020726000,20200313,4,48
7128,4,B,0,101016726000,20200313,4,49
7129,3,B,0,101016576000,20200313,4,50
7130,4,B,1,101012576000,20200313,4,51
7131,2,A,0,101020906000,20200313,4,52
7132,1,A,0,100820906000,20200313,4,53
7133,2,A,0,080820906000,20200313,4,54
7134,4,B,1,101020906000,20200313,4,55
7135,3,B,0,101020726000,20200313,4,56
7136,4,B,1,101016726000,20200313,4,57
7137,5,C,1,101020906000,20200313,4,58
7138,6,C,0,101020904800,20200313,4,59
7139,5,C,0,101020904800,20200313,4,60
7140,4,B,1,101020906000,20200313,4,61
7141,3,B,0,101020726000,20200313,4,62
7142,4,B,1,101016726000,20200313,4,63
7143,5,C,0,101020906000,20200313,4,64
7144,6,C,0,101020904800,20200313,4,65
7145,5,C,1,101020904800,20200313,4,66
7146,4,B,1,101020906000,20200313,4,67
7147,3,B,0,101020726000,20200313,4,68
7148,4,B,0,101016726000,20200313,4,69
7149,5,C,1,101020906000,20200313,4,70
7150,4,B,1,101020906000,20200313,4,71
7151,3,B,0,101020726000,20200313,4,72
7152,4,B,0,101016726000,20200313,4,73
7153,2,A,0,101020906000,20200313,4,74
7154,1,A,0,100820906000,20200313,4,75
7155,4,B,1,101020906000,20200313,4,76
7156,3,B,1,101020726000,20200313,4,77
7157,4,B,0,101016726000,20200313,4,78
7158,3,B,0,101016576000,20200313,4,79
7159,4,B,0,101012576000,20200313,4,80
7160,3,B,0,101012466000,20200313,4,81
7161,4,B,0,101010466000,20200313,4,82
7162,5,C,1,101020906000,20200313,4,83
7163,6,C,0,101020904800,20200313,4,84
7164,5,C,0,101020904800,20200313,4,85
7165,4,B,1,101020906000,20200313,4,86
7166,3,B,1,101020726000,20200313,4,87
7167,4,B,0,101016726000,20200313,4,88
7168,3,B,0,101016576000,20200313,4,89
7169,4,B,0,101012576000,20200313,4,90
7170,3,B,1,101012466000,20200313,4,91
7171,4,B,1,101010466000,20200313,4,92
7172,3,B,0,101010366000,20200313,4,93
7173,4,B,1,101008366000,20200313,4,94
7174,3,B,0,101008296000,20200313,4,95
7175,4,B,0,101006296000,20200313,4,96
7176,3,B,0,101006236000,20200313,4,97
7177,4,B,0,101005236000,20200313,4,98
7178,5,C,1,101020906000,20200313,4,99
7179,6,C,0,101020904800,20200313,4,100
7180,5,C,0,101020904800,20200313,4,101
7181,4,B,1,101020906000,20200313,4,102
7182,3,B,0,101020726000,20200313,4,103
7183,4,B,0,101016726000,20200313,4,104
7184,3,B,0,101016576000,20200313,4,105
7185,4,B,1,101012576000,20200313,4,106
7186,3,B,1,101012466000,20200313,4,107
7187,4,B,0,101010466000,20200313,4,108
7188,3,B,0,101010366000,20200313,4,109
7189,4,B,0,101008366000,20200313,4,110
7190,3,B,1,101008296000,20200313,4,111
7191,4,B,0,101006296000,20200313,4,112
7192,3,B,0,101006236000,20200313,4,113
7193,4,B,0,101005236000,20200313,4,114
7194,3,B,0,101005186000,20200313,4,115
7195,4,B,0,101004186000,20200313,4,116
7196,5,C,0,101020906000,20200313,4,117
7197,6,C,0,101020904800,20200313,4,118
7198,5,C,0,101020904800,20200313,4,119
7199,4,B,1,101020906000,20200313,4,120
7200,3,B,0,101020726000,20200313,4,121
7201,4,B,1,101016726000,20200313,4,122
7202,3,B,0,101016576000,20200313,4,123
7203,4,B,1,101012576000,20200313,4,124
7204,3,B,0,101012466000,20200313,4,125
7205,4,B,1,101010466000,20200313,4,126
7206,3,B,0,101010366000,20200313,4,127
7207,4,B,0,101008366000,20200313,4,128
7208,3,B,0,101008296000,20200313,4,129
7209,4,B,0,101006296000,20200313,4,130
7210,3,B,0,101006236000,20200313,4,131
7211,4,B,0,101005236000,20200313,4,132
7212,5,C,1,101020906000,20200313,4,133
7213,6,C,0,101020904800,20200313,4,134
7214,5,C,1,101020904800,20200313,4,135
7215,4,B,0,101020906000,20200313,4,136
7216,3,B,0,101020726000,20200313,4,137
7217,4,B,1,101016726000,20200313,4,138
7218,3,B,0,101016576000,20200313,4,139
7219,4,B,1,101012576000,20200313,4,140
7220,3,B,0,101012466000,20200313,4,141
7221,4,B,0,101010466000,20200313,4,142
7222,3,B,0,101010366000,20200313,4,143
7223,4,B,1,101008366000,20200313,4,144
7224,3,B,0,101008296000,20200313,4,145
7225,4,B,1,101006296000,20200313,4,146
7226,3,B,0,101006236000,20200313,4,147
7227,4,B,0,101005236000,20200313,4,148
7228,3,B,0,101005186000,20200313,4,149
7229,4,B,1,101004186000,20200313,4,150
7230,3,B,0,101004156000,20200313,4,151
7231,4,B,0,101003156000,20200313,4,152
7232,3,B,0,101003126000,20200313,4,153
7233,4,B,0,101002126000,20200313,4,154
7234,5,C,1,101020906000,20200313,4,155
7235,6,C,0,101020904800,20200313,4,156
7236,5,C,1,101020904800,20200313,4,157
7237,4,B,1,101020906000,20200313,4,158
7238,3,B,0,101020726000,20200313,4,159
7239,4,B,1,101016726000,20200313,4,160
7240,3,B,0,101016576000,20200313,4,161
7241,4,B,1,101012576000,20200313,4,162
7242,3,B,0,101012466000,20200313,4,163
7243,4,B,1,101010466000,20200313,4,164
7244,3,B,0,101010366000,20200313,4,165
7245,4,B,0,101008366000,20200313,4,166
7246,3,B,1,101008296000,20200313,4,167
7247,4,B,0,101006296000,20200313,4,168
7248,3,B,0,101006236000,20200313,4,169
7249,4,B,0,101005236000,20200313,4,170
7250,3,B,0,101005186000,20200313,4,171
7251,4,B,0,101004186000,20200313,4,172
7252,3,B,0,101004156000,20200313,4,173
7253,4,B,0,101003156000,20200313,4,174
7254,5,C,1,101020906000,20200313,4,175
7255,6,C,0,101020904800,20200313,4,176
7256,5,C,1,101020904800,20200313,4,177
7257,6,C,0,101020903800,20200313,4,178
7258,5,C,1,101020903800,20200313,4,179
7259,4,B,1,101020906000,20200313,4,180
7260,3,B,0,101020726000,20200313,4,181
7261,4,B,1,101016726000,20200313,4,182
7262,3,B,0,101016576000,20200313,4,183
7263,4,B,1,101012576000,20200313,4,184
7264,5,C,0,101020906000,20200313,4,185
7265,6,C,0,101020904800,20200313,4,186
7266,5,C,1,101020904800,20200313,4,187
7267,4,B,1,101020906000,20200313,4,188
7268,3,B,0,101020726000,20200313,4,189
7269,4,B,1,101016726000,20200313,4,190
7270,3,B,1,101016576000,20200313,4,191
7271,4,B,1,101012576000,20200313,4,192
7272,3,B,1,101012466000,20200313,4,193
7273,4,B,1,101010466000,20200313,4,194
7274,3,B,0,101010366000,20200313,4,195
7275,4,B,0,101008366000,20200313,4,196
7276,3,B,0,101008296000,20200313,4,197
7277,4,B,0,101006296000,20200313,4,198
7278,5,C,0,101020906000,20200313,4,199
7279,6,C,0,101020904800,20200313,4,200
7280,5,C,0,101020904800,20200313,4,201
7281,4,B,1,101020906000,20200313,4,202
7282,3,B,0,101020726000,20200313,4,203
7283,4,B,1,101016726000,20200313,4,204
7284,3,B,0,101016576000,20200313,4,205
7285,4,B,0,101012576000,20200313,4,206
7286,3,B,1,101012466000,20200313,4,207
7287,4,B,1,101010466000,20200313,4,208
7288,3,B,1,101010366000,20200313,4,209
7289,4,B,0,101008366000,20200313,4,210
7290,3,B,0,101008296000,20200313,4,211
7291,4,B,0,101006296000,20200313,4,212
7292,3,B,0,101006236000,20200313,4,213
7293,4,B,0,101005236000,20200313,4,214
7294,3,B,0,101005186000,20200313,4,215
7295,5,C,1,101020906000,20200313,4,216
7296,6,C,0,101020904800,20200313,4,217
7297,5,C,0,101020904800,20200313,4,218
7298,4,B,1,101020906000,20200313,4,219
7299,3,B,0,101020726000,20200313,4,220
7300,4,B,1,101016726000,20200313,4,221
7301,3,B,1,101016576000,20200313,4,222
7302,4,B,0,101012576000,20200313,4,223
7303,3,B,1,101012466000,20200313,4,224
7304,4,B,1,101010466000,20200313,4,225
7305,3,B,0,101010366000,20200313,4,226
7306,4,B,0,101008366000,20200313,4,227
7307,3,B,0,101008296000,20200313,4,228
7308,4,B,0,101006296000,20200313,4,229
7309,3,B,0,101006236000,20200313,4,230
7310,4,B,0,101005236000,20200313,4,231
7311,5,C,1,101020906000,20200313,4,232
7312,4,B,1,101020906000,20200313,4,233
7313,3,B,0,101020726000,20200313,4,234
