,leaf,stem,reward,contingency,date,session,trial
0,4,B,1,805020802050,20200213,1,0
1,3,B,1,805020802050,20200213,1,1
2,1,A,1,805020802050,20200213,1,2
3,2,A,0,805020802050,20200213,1,3
4,1,A,1,805020802050,20200213,1,4
5,6,C,1,805020802050,20200213,1,5
6,5,C,0,805020802050,20200213,1,6
7,6,C,1,805020802050,20200213,1,7
8,5,C,0,805020802050,20200213,1,8
9,3,B,0,805020802050,20200213,1,9
10,4,B,1,805020802050,20200213,1,10
11,3,B,0,805020802050,20200213,1,11
12,4,B,1,805020802050,20200213,1,12
13,3,B,0,805020802050,20200213,1,13
14,4,B,1,805020802050,20200213,1,14
15,6,C,0,805020802050,20200213,1,15
16,5,C,0,805020802050,20200213,1,16
17,6,C,0,805020802050,20200213,1,17
18,2,A,1,805020802050,20200213,1,18
19,1,A,0,805020802050,20200213,1,19
20,2,A,1,805020802050,20200213,1,20
21,4,B,1,805020802050,20200213,1,21
22,3,B,0,805020802050,20200213,1,22
23,4,B,1,805020802050,20200213,1,23
24,2,A,0,805020802050,20200213,1,24
25,1,A,0,805020802050,20200213,1,25
26,2,A,0,805020802050,20200213,1,26
27,1,A,1,805020802050,20200213,1,27
28,2,A,0,805020802050,20200213,1,28
29,3,B,0,805020802050,20200213,1,29
30,4,B,0,805020802050,20200213,1,30
31,3,B,0,805020802050,20200213,1,31
32,6,C,1,805020802050,20200213,1,32
33,5,C,0,805020802050,20200213,1,33
34,6,C,0,805020802050,20200213,1,34
35,5,C,0,805020802050,20200213,1,35
36,6,C,1,805020802050,20200213,1,36
37,1,A,1,805020802050,20200213,1,37
38,2,A,1,805020802050,20200213,1,38
39,1,A,1,805020802050,20200213,1,39
40,2,A,1,805020802050,20200213,1,40
41,1,A,1,805020802050,20200213,1,41
42,2,A,1,805020802050,20200213,1,42
43,1,A,1,805020802050,20200213,1,43
44,2,A,0,805020802050,20200213,1,44
45,1,A,1,805020802050,20200213,1,45
46,2,A,0,805020802050,20200213,1,46
47,1,A,0,805020802050,20200213,1,47
48,2,A,0,805020802050,20200213,1,48
49,1,A,1,805020802050,20200213,1,49
50,2,A,0,805020802050,20200213,1,50
51,3,B,1,805020802050,20200213,1,51
52,4,B,1,805020802050,20200213,1,52
53,3,B,1,805020802050,20200213,1,53
54,4,B,1,805020802050,20200213,1,54
55,3,B,0,805020802050,20200213,1,55
56,4,B,1,805020802050,20200213,1,56
57,3,B,1,805020802050,20200213,1,57
58,4,B,1,805020802050,20200213,1,58
59,3,B,0,805020802050,20200213,1,59
60,4,B,1,805020802050,20200213,1,60
61,1,A,1,805020802050,20200213,1,61
62,2,A,0,805020802050,20200213,1,62
63,1,A,1,805020802050,20200213,1,63
64,2,A,1,805020802050,20200213,1,64
65,1,A,1,805020802050,20200213,1,65
66,2,A,0,805020802050,20200213,1,66
67,1,A,1,805020802050,20200213,1,67
68,2,A,0,805020802050,20200213,1,68
69,1,A,1,805020802050,20200213,1,69
70,2,A,0,805020802050,20200213,1,70
71,1,A,1,805020802050,20200213,1,71
72,2,A,1,805020802050,20200213,1,72
73,1,A,1,805020802050,20200213,1,73
74,2,A,1,805020802050,20200213,1,74
75,1,A,1,805020802050,20200213,1,75
76,2,A,1,805020802050,20200213,1,76
77,1,A,1,805020802050,20200213,1,77
78,2,A,0,805020802050,20200213,1,78
79,1,A,1,805020802050,20200213,1,79
80,2,A,0,805020802050,20200213,1,80
81,1,A,1,805020802050,20200213,1,81
82,2,A,0,805020802050,20200213,1,82
83,1,A,1,805020802050,20200213,1,83
84,2,A,0,805020802050,20200213,1,84
85,1,A,0,805020802050,20200213,1,85
86,2,A,1,805020802050,20200213,1,86
87,1,A,0,805020802050,20200213,1,87
88,2,A,0,805020802050,20200213,1,88
89,1,A,1,805020802050,20200213,1,89
90,2,A,1,805020802050,20200213,1,90
91,1,A,1,805020802050,20200213,1,91
92,2,A,0,805020802050,20200213,1,92
93,1,A,0,805020802050,20200213,1,93
94,2,A,0,805020802050,20200213,1,94
95,1,A,1,805020802050,20200213,1,95
96,2,A,1,805020802050,20200213,1,96
97,1,A,1,805020802050,20200213,1,97
98,2,A,0,805020802050,20200213,1,98
99,3,B,0,805020802050,20200213,1,99
100,4,B,1,805020802050,20200213,1,100
101,3,B,1,805020802050,20200213,1,101
102,4,B,1,805020802050,20200213,1,102
103,3,B,0,805020802050,20200213,1,103
104,4,B,1,805020802050,20200213,1,104
105,3,B,1,805020802050,20200213,1,105
106,4,B,1,805020802050,20200213,1,106
107,3,B,0,805020802050,20200213,1,107
108,4,B,0,805020802050,20200213,1,108
109,3,B,0,805020802050,20200213,1,109
110,4,B,1,805020802050,20200213,1,110
111,3,B,0,805020802050,20200213,1,111
112,4,B,1,805020802050,20200213,1,112
113,5,C,0,805020802050,20200213,1,113
114,6,C,1,805020802050,20200213,1,114
115,5,C,0,805020802050,20200213,1,115
116,6,C,1,805020802050,20200213,1,116
117,5,C,0,805020802050,20200213,1,117
118,6,C,0,805020802050,20200213,1,118
119,2,A,0,805020802050,20200213,1,119
120,1,A,1,805020802050,20200213,1,120
121,2,A,0,805020802050,20200213,1,121
122,1,A,1,805020802050,20200213,1,122
123,2,A,1,805020802050,20200213,1,123
124,1,A,0,805020802050,20200213,1,124
125,2,A,0,805020802050,20200213,1,125
126,3,B,0,805020802050,20200213,1,126
127,4,B,1,805020802050,20200213,1,127
128,3,B,0,805020802050,20200213,1,128
129,4,B,0,805020802050,20200213,1,129
130,3,B,0,805020802050,20200213,1,130
131,4,B,1,805020802050,20200213,1,131
132,1,A,1,805020802050,20200213,1,132
133,2,A,1,805020802050,20200213,1,133
134,1,A,1,805020802050,20200213,1,134
135,2,A,1,805020802050,20200213,1,135
136,1,A,0,805020802050,20200213,1,136
137,2,A,1,805020802050,20200213,1,137
138,1,A,1,805020802050,20200213,1,138
139,2,A,0,805020802050,20200213,1,139
140,1,A,0,205080508020,20200213,1,140
141,2,A,1,205080508020,20200213,1,141
142,1,A,1,205080508020,20200213,1,142
143,2,A,0,205080508020,20200213,1,143
144,1,A,0,205080508020,20200213,1,144
145,2,A,0,205080508020,20200213,1,145
146,1,A,0,205080508020,20200213,1,146
147,2,A,1,205080508020,20200213,1,147
148,1,A,0,205080508020,20200213,1,148
149,2,A,0,205080508020,20200213,1,149
150,1,A,0,205080508020,20200213,1,150
151,2,A,1,205080508020,20200213,1,151
152,1,A,0,205080508020,20200213,1,152
153,2,A,1,205080508020,20200213,1,153
154,1,A,0,205080508020,20200213,1,154
155,2,A,1,205080508020,20200213,1,155
156,1,A,0,205080508020,20200213,1,156
157,2,A,0,205080508020,20200213,1,157
158,3,B,1,205080508020,20200213,1,158
159,4,B,1,205080508020,20200213,1,159
160,3,B,1,205080508020,20200213,1,160
161,4,B,1,205080508020,20200213,1,161
162,3,B,1,205080508020,20200213,1,162
163,4,B,0,205080508020,20200213,1,163
164,3,B,1,205080508020,20200213,1,164
165,4,B,1,205080508020,20200213,1,165
166,3,B,1,205080508020,20200213,1,166
167,4,B,1,205080508020,20200213,1,167
168,3,B,0,205080508020,20200213,1,168
169,4,B,0,205080508020,20200213,1,169
170,3,B,1,205080508020,20200213,1,170
171,4,B,1,205080508020,20200213,1,171
172,3,B,1,205080508020,20200213,1,172
173,4,B,1,205080508020,20200213,1,173
174,3,B,1,205080508020,20200213,1,174
175,4,B,1,205080508020,20200213,1,175
176,3,B,1,205080508020,20200213,1,176
177,4,B,0,205080508020,20200213,1,177
178,3,B,1,205080508020,20200213,1,178
179,4,B,1,205080508020,20200213,1,179
180,3,B,1,205080508020,20200213,1,180
181,4,B,0,205080508020,20200213,1,181
182,3,B,0,205080508020,20200213,1,182
183,4,B,0,205080508020,20200213,1,183
184,5,C,1,205080508020,20200213,1,184
185,6,C,0,205080508020,20200213,1,185
186,5,C,1,205080508020,20200213,1,186
187,6,C,0,205080508020,20200213,1,187
188,1,A,1,205080508020,20200213,1,188
189,2,A,1,205080508020,20200213,1,189
190,1,A,0,205080508020,20200213,1,190
191,2,A,0,205080508020,20200213,1,191
192,3,B,1,205080508020,20200213,1,192
193,4,B,0,205080508020,20200213,1,193
194,3,B,1,205080508020,20200213,1,194
195,4,B,0,205080508020,20200213,1,195
196,3,B,0,205080508020,20200213,1,196
197,4,B,1,205080508020,20200213,1,197
198,3,B,1,205080508020,20200213,1,198
199,4,B,0,205080508020,20200213,1,199
200,3,B,1,205080508020,20200213,1,200
201,4,B,1,205080508020,20200213,1,201
202,3,B,1,205080508020,20200213,1,202
203,4,B,0,205080508020,20200213,1,203
204,3,B,1,205080508020,20200213,1,204
205,4,B,1,205080508020,20200213,1,205
206,3,B,1,205080508020,20200213,1,206
207,4,B,1,205080508020,20200213,1,207
208,3,B,0,205080508020,20200213,1,208
209,4,B,1,205080508020,20200213,1,209
210,3,B,1,205080508020,20200213,1,210
211,4,B,1,205080508020,20200213,1,211
212,3,B,1,205080508020,20200213,1,212
213,4,B,0,205080508020,20200213,1,213
214,3,B,1,205080508020,20200213,1,214
215,4,B,0,205080508020,20200213,1,215
216,3,B,1,205080508020,20200213,1,216
217,4,B,1,205080508020,20200213,1,217
218,3,B,1,205080508020,20200213,1,218
219,4,B,1,205080508020,20200213,1,219
220,3,B,1,205080508020,20200213,1,220
221,4,B,0,205080508020,20200213,1,221
222,3,B,1,205080508020,20200213,1,222
223,4,B,1,205080508020,20200213,1,223
224,3,B,1,205080508020,20200213,1,224
225,4,B,1,205080508020,20200213,1,225
226,3,B,0,205080508020,20200213,1,226
227,4,B,0,205080508020,20200213,1,227
228,3,B,1,205080508020,20200213,1,228
229,4,B,0,205080508020,20200213,1,229
230,3,B,0,205080508020,20200213,1,230
231,4,B,0,205080508020,20200213,1,231
232,3,B,1,205080508020,20200213,1,232
233,4,B,0,205080508020,20200213,1,233
234,3,B,1,205080508020,20200213,1,234
235,4,B,1,205080508020,20200213,1,235
236,3,B,1,205080508020,20200213,1,236
237,4,B,0,205080508020,20200213,1,237
238,3,B,1,205080508020,20200213,1,238
239,4,B,0,205080508020,20200213,1,239
240,3,B,0,205080508020,20200213,1,240
241,4,B,1,205080508020,20200213,1,241
242,3,B,1,205080508020,20200213,1,242
243,4,B,0,205080508020,20200213,1,243
244,3,B,1,205080508020,20200213,1,244
245,4,B,1,205080508020,20200213,1,245
246,3,B,0,205080508020,20200213,1,246
247,4,B,1,205080508020,20200213,1,247
248,3,B,1,205080508020,20200213,1,248
249,4,B,1,205080508020,20200213,1,249
250,3,B,1,205080508020,20200213,1,250
251,4,B,0,205080508020,20200213,1,251
252,3,B,1,205080508020,20200213,1,252
253,4,B,0,205080508020,20200213,1,253
254,3,B,1,205080508020,20200213,1,254
255,4,B,1,205080508020,20200213,1,255
256,3,B,1,205080508020,20200213,1,256
257,4,B,1,205080508020,20200213,1,257
258,3,B,1,205080508020,20200213,1,258
259,4,B,1,205080508020,20200213,1,259
260,3,B,1,205080508020,20200213,1,260
261,4,B,1,205080508020,20200213,1,261
262,3,B,1,205080508020,20200213,1,262
263,4,B,0,205080508020,20200213,1,263
264,3,B,1,205080508020,20200213,1,264
265,4,B,1,205080508020,20200213,1,265
266,3,B,1,205080508020,20200213,1,266
267,4,B,0,205080508020,20200213,1,267
268,3,B,1,205080508020,20200213,1,268
269,4,B,1,205080508020,20200213,1,269
270,3,B,1,205080508020,20200213,1,270
271,4,B,1,205080508020,20200213,1,271
272,3,B,0,205080508020,20200213,1,272
273,4,B,0,205080508020,20200213,1,273
274,3,B,1,205080508020,20200213,1,274
275,4,B,1,205080508020,20200213,1,275
276,3,B,0,205080508020,20200213,1,276
277,4,B,0,205080508020,20200213,1,277
278,3,B,1,205080508020,20200213,1,278
279,4,B,0,205080508020,20200213,1,279
280,4,B,0,802050205080,20200213,3,0
281,3,B,1,802050205080,20200213,3,1
282,4,B,0,802050205080,20200213,3,2
283,3,B,0,802050205080,20200213,3,3
284,5,C,0,802050205080,20200213,3,4
285,6,C,1,802050205080,20200213,3,5
286,2,A,1,802050205080,20200213,3,6
287,1,A,1,802050205080,20200213,3,7
288,2,A,0,802050205080,20200213,3,8
289,4,B,0,802050205080,20200213,3,9
290,3,B,0,802050205080,20200213,3,10
291,4,B,0,802050205080,20200213,3,11
292,3,B,1,802050205080,20200213,3,12
293,4,B,0,802050205080,20200213,3,13
294,3,B,0,802050205080,20200213,3,14
295,4,B,1,802050205080,20200213,3,15
296,3,B,1,802050205080,20200213,3,16
297,4,B,1,802050205080,20200213,3,17
298,3,B,0,802050205080,20200213,3,18
299,4,B,1,802050205080,20200213,3,19
300,3,B,1,802050205080,20200213,3,20
301,4,B,0,802050205080,20200213,3,21
302,3,B,0,802050205080,20200213,3,22
303,4,B,1,802050205080,20200213,3,23
304,3,B,1,802050205080,20200213,3,24
305,4,B,1,802050205080,20200213,3,25
306,3,B,0,802050205080,20200213,3,26
307,4,B,0,802050205080,20200213,3,27
308,3,B,0,802050205080,20200213,3,28
309,4,B,0,802050205080,20200213,3,29
310,3,B,1,802050205080,20200213,3,30
311,4,B,0,802050205080,20200213,3,31
312,3,B,1,802050205080,20200213,3,32
313,4,B,1,802050205080,20200213,3,33
314,3,B,0,802050205080,20200213,3,34
315,4,B,0,802050205080,20200213,3,35
316,3,B,1,802050205080,20200213,3,36
317,4,B,0,802050205080,20200213,3,37
318,3,B,0,802050205080,20200213,3,38
319,4,B,0,802050205080,20200213,3,39
320,3,B,0,802050205080,20200213,3,40
321,4,B,0,802050205080,20200213,3,41
322,3,B,1,802050205080,20200213,3,42
323,4,B,0,802050205080,20200213,3,43
324,3,B,0,802050205080,20200213,3,44
325,5,C,1,802050205080,20200213,3,45
326,6,C,1,802050205080,20200213,3,46
327,2,A,0,802050205080,20200213,3,47
328,1,A,1,802050205080,20200213,3,48
329,2,A,0,802050205080,20200213,3,49
330,1,A,1,802050205080,20200213,3,50
331,2,A,0,802050205080,20200213,3,51
332,1,A,1,802050205080,20200213,3,52
333,2,A,1,802050205080,20200213,3,53
334,1,A,1,802050205080,20200213,3,54
335,2,A,0,802050205080,20200213,3,55
336,6,C,1,802050205080,20200213,3,56
337,5,C,0,802050205080,20200213,3,57
338,6,C,0,802050205080,20200213,3,58
339,5,C,1,802050205080,20200213,3,59
340,6,C,1,802050205080,20200213,3,60
341,5,C,1,802050205080,20200213,3,61
342,6,C,0,802050205080,20200213,3,62
343,5,C,1,802050205080,20200213,3,63
344,6,C,0,802050205080,20200213,3,64
345,5,C,1,802050205080,20200213,3,65
346,6,C,1,802050205080,20200213,3,66
347,5,C,1,802050205080,20200213,3,67
348,6,C,1,802050205080,20200213,3,68
349,5,C,0,802050205080,20200213,3,69
350,6,C,1,802050205080,20200213,3,70
351,5,C,1,802050205080,20200213,3,71
352,6,C,1,802050205080,20200213,3,72
353,5,C,1,802050205080,20200213,3,73
354,6,C,1,802050205080,20200213,3,74
355,5,C,0,802050205080,20200213,3,75
356,6,C,1,802050205080,20200213,3,76
357,5,C,1,802050205080,20200213,3,77
358,6,C,1,802050205080,20200213,3,78
359,5,C,0,802050205080,20200213,3,79
360,6,C,0,802050205080,20200213,3,80
361,5,C,1,802050205080,20200213,3,81
362,6,C,1,802050205080,20200213,3,82
363,5,C,0,802050205080,20200213,3,83
364,6,C,0,802050205080,20200213,3,84
365,5,C,1,802050205080,20200213,3,85
366,6,C,1,802050205080,20200213,3,86
367,5,C,1,802050205080,20200213,3,87
368,6,C,0,802050205080,20200213,3,88
369,5,C,1,802050205080,20200213,3,89
370,6,C,1,802050205080,20200213,3,90
371,5,C,1,802050205080,20200213,3,91
372,6,C,1,802050205080,20200213,3,92
373,5,C,0,802050205080,20200213,3,93
374,6,C,1,802050205080,20200213,3,94
375,5,C,1,802050205080,20200213,3,95
376,6,C,1,802050205080,20200213,3,96
377,5,C,0,802050205080,20200213,3,97
378,6,C,1,802050205080,20200213,3,98
379,5,C,1,802050205080,20200213,3,99
380,6,C,1,802050205080,20200213,3,100
381,5,C,1,802050205080,20200213,3,101
382,6,C,0,802050205080,20200213,3,102
383,5,C,1,802050205080,20200213,3,103
384,6,C,1,802050205080,20200213,3,104
385,5,C,0,802050205080,20200213,3,105
386,6,C,1,802050205080,20200213,3,106
387,5,C,1,802050205080,20200213,3,107
388,6,C,1,802050205080,20200213,3,108
389,5,C,1,802050205080,20200213,3,109
390,6,C,1,802050205080,20200213,3,110
391,5,C,1,802050205080,20200213,3,111
392,6,C,1,802050205080,20200213,3,112
393,5,C,0,802050205080,20200213,3,113
394,6,C,0,802050205080,20200213,3,114
395,5,C,1,802050205080,20200213,3,115
396,6,C,1,802050205080,20200213,3,116
397,5,C,1,802050205080,20200213,3,117
398,6,C,1,802050205080,20200213,3,118
399,5,C,1,802050205080,20200213,3,119
400,6,C,0,802050205080,20200213,3,120
401,5,C,0,802050205080,20200213,3,121
402,6,C,1,802050205080,20200213,3,122
403,5,C,0,802050205080,20200213,3,123
404,6,C,0,802050205080,20200213,3,124
405,5,C,0,802050205080,20200213,3,125
406,6,C,1,802050205080,20200213,3,126
407,5,C,1,802050205080,20200213,3,127
408,6,C,0,802050205080,20200213,3,128
409,5,C,1,802050205080,20200213,3,129
410,6,C,0,802050205080,20200213,3,130
411,5,C,1,802050205080,20200213,3,131
412,6,C,1,802050205080,20200213,3,132
413,5,C,0,802050205080,20200213,3,133
414,6,C,1,802050205080,20200213,3,134
415,5,C,1,802050205080,20200213,3,135
416,6,C,1,802050205080,20200213,3,136
417,5,C,0,802050205080,20200213,3,137
418,6,C,1,802050205080,20200213,3,138
419,5,C,0,802050205080,20200213,3,139
420,6,C,0,202050805020,20200213,3,140
421,5,C,1,202050805020,20200213,3,141
422,6,C,0,202050805020,20200213,3,142
423,5,C,1,202050805020,20200213,3,143
424,6,C,0,202050805020,20200213,3,144
425,5,C,1,202050805020,20200213,3,145
426,6,C,1,202050805020,20200213,3,146
427,5,C,1,202050805020,20200213,3,147
428,6,C,0,202050805020,20200213,3,148
429,5,C,0,202050805020,20200213,3,149
430,6,C,0,202050805020,20200213,3,150
431,2,A,0,202050805020,20200213,3,151
432,1,A,0,202050805020,20200213,3,152
433,2,A,0,202050805020,20200213,3,153
434,4,B,1,202050805020,20200213,3,154
435,3,B,1,202050805020,20200213,3,155
436,4,B,1,202050805020,20200213,3,156
437,3,B,1,202050805020,20200213,3,157
438,4,B,0,202050805020,20200213,3,158
439,3,B,1,202050805020,20200213,3,159
440,4,B,1,202050805020,20200213,3,160
441,3,B,0,202050805020,20200213,3,161
442,4,B,1,202050805020,20200213,3,162
443,3,B,0,202050805020,20200213,3,163
444,4,B,1,202050805020,20200213,3,164
445,3,B,1,202050805020,20200213,3,165
446,4,B,1,202050805020,20200213,3,166
447,3,B,0,202050805020,20200213,3,167
448,4,B,1,202050805020,20200213,3,168
449,3,B,1,202050805020,20200213,3,169
450,4,B,1,202050805020,20200213,3,170
451,3,B,1,202050805020,20200213,3,171
452,4,B,1,202050805020,20200213,3,172
453,3,B,1,202050805020,20200213,3,173
454,4,B,1,202050805020,20200213,3,174
455,3,B,0,202050805020,20200213,3,175
456,4,B,1,202050805020,20200213,3,176
457,3,B,1,202050805020,20200213,3,177
458,4,B,1,202050805020,20200213,3,178
459,3,B,0,202050805020,20200213,3,179
460,4,B,1,202050805020,20200213,3,180
461,3,B,1,202050805020,20200213,3,181
462,4,B,1,202050805020,20200213,3,182
463,3,B,1,202050805020,20200213,3,183
464,4,B,1,202050805020,20200213,3,184
465,3,B,1,202050805020,20200213,3,185
466,4,B,0,202050805020,20200213,3,186
467,3,B,1,202050805020,20200213,3,187
468,4,B,1,202050805020,20200213,3,188
469,3,B,0,202050805020,20200213,3,189
470,4,B,1,202050805020,20200213,3,190
471,3,B,0,202050805020,20200213,3,191
472,4,B,1,202050805020,20200213,3,192
473,3,B,0,202050805020,20200213,3,193
474,4,B,1,202050805020,20200213,3,194
475,3,B,1,202050805020,20200213,3,195
476,4,B,1,202050805020,20200213,3,196
477,3,B,0,202050805020,20200213,3,197
478,4,B,1,202050805020,20200213,3,198
479,3,B,1,202050805020,20200213,3,199
480,4,B,1,202050805020,20200213,3,200
481,3,B,0,202050805020,20200213,3,201
482,4,B,1,202050805020,20200213,3,202
483,3,B,0,202050805020,20200213,3,203
484,4,B,1,202050805020,20200213,3,204
485,3,B,1,202050805020,20200213,3,205
486,4,B,1,202050805020,20200213,3,206
487,3,B,1,202050805020,20200213,3,207
488,4,B,1,202050805020,20200213,3,208
489,3,B,1,202050805020,20200213,3,209
490,4,B,1,202050805020,20200213,3,210
491,3,B,0,202050805020,20200213,3,211
492,4,B,1,202050805020,20200213,3,212
493,3,B,0,202050805020,20200213,3,213
494,4,B,1,202050805020,20200213,3,214
495,3,B,1,202050805020,20200213,3,215
496,4,B,1,202050805020,20200213,3,216
497,3,B,0,202050805020,20200213,3,217
498,4,B,1,202050805020,20200213,3,218
499,3,B,1,202050805020,20200213,3,219
500,4,B,1,202050805020,20200213,3,220
501,3,B,0,202050805020,20200213,3,221
502,4,B,0,202050805020,20200213,3,222
503,3,B,0,202050805020,20200213,3,223
504,4,B,0,202050805020,20200213,3,224
505,3,B,0,202050805020,20200213,3,225
506,4,B,1,202050805020,20200213,3,226
507,3,B,0,202050805020,20200213,3,227
508,4,B,1,202050805020,20200213,3,228
509,3,B,0,202050805020,20200213,3,229
510,4,B,1,202050805020,20200213,3,230
511,3,B,0,202050805020,20200213,3,231
512,4,B,1,202050805020,20200213,3,232
513,5,C,1,202050805020,20200213,3,233
514,6,C,0,202050805020,20200213,3,234
515,5,C,1,202050805020,20200213,3,235
516,6,C,0,202050805020,20200213,3,236
517,5,C,0,202050805020,20200213,3,237
518,2,A,0,202050805020,20200213,3,238
519,1,A,1,202050805020,20200213,3,239
520,6,C,0,202050805020,20200213,3,240
521,4,B,1,202050805020,20200214,1,0
522,3,B,1,202050805020,20200214,1,1
523,4,B,1,202050805020,20200214,1,2
524,3,B,1,202050805020,20200214,1,3
525,4,B,0,202050805020,20200214,1,4
526,3,B,1,202050805020,20200214,1,5
527,4,B,1,202050805020,20200214,1,6
528,3,B,0,202050805020,20200214,1,7
529,4,B,1,202050805020,20200214,1,8
530,3,B,0,202050805020,20200214,1,9
531,4,B,1,202050805020,20200214,1,10
532,3,B,1,202050805020,20200214,1,11
533,4,B,0,202050805020,20200214,1,12
534,3,B,1,202050805020,20200214,1,13
535,4,B,1,202050805020,20200214,1,14
536,3,B,0,202050805020,20200214,1,15
537,4,B,1,202050805020,20200214,1,16
538,5,C,0,202050805020,20200214,1,17
539,6,C,1,202050805020,20200214,1,18
540,5,C,0,202050805020,20200214,1,19
541,6,C,0,202050805020,20200214,1,20
542,5,C,1,202050805020,20200214,1,21
543,6,C,0,202050805020,20200214,1,22
544,2,A,0,202050805020,20200214,1,23
545,1,A,0,202050805020,20200214,1,24
546,2,A,1,202050805020,20200214,1,25
547,4,B,1,202050805020,20200214,1,26
548,3,B,1,202050805020,20200214,1,27
549,4,B,1,202050805020,20200214,1,28
550,3,B,0,202050805020,20200214,1,29
551,4,B,1,202050805020,20200214,1,30
552,3,B,0,202050805020,20200214,1,31
553,4,B,1,202050805020,20200214,1,32
554,3,B,0,202050805020,20200214,1,33
555,4,B,0,202050805020,20200214,1,34
556,3,B,1,202050805020,20200214,1,35
557,4,B,1,202050805020,20200214,1,36
558,3,B,0,202050805020,20200214,1,37
559,4,B,1,202050805020,20200214,1,38
560,5,C,1,202050805020,20200214,1,39
561,6,C,0,202050805020,20200214,1,40
562,5,C,1,202050805020,20200214,1,41
563,6,C,0,202050805020,20200214,1,42
564,5,C,0,202050805020,20200214,1,43
565,6,C,0,202050805020,20200214,1,44
566,5,C,1,202050805020,20200214,1,45
567,2,A,1,202050805020,20200214,1,46
568,1,A,1,202050805020,20200214,1,47
569,2,A,0,202050805020,20200214,1,48
570,1,A,0,202050805020,20200214,1,49
571,2,A,0,202050805020,20200214,1,50
572,4,B,1,202050805020,20200214,1,51
573,3,B,1,202050805020,20200214,1,52
574,4,B,1,202050805020,20200214,1,53
575,3,B,0,202050805020,20200214,1,54
576,4,B,1,202050805020,20200214,1,55
577,3,B,0,202050805020,20200214,1,56
578,4,B,0,202050805020,20200214,1,57
579,3,B,1,202050805020,20200214,1,58
580,4,B,1,202050805020,20200214,1,59
581,3,B,0,202050805020,20200214,1,60
582,4,B,1,202050805020,20200214,1,61
583,3,B,1,202050805020,20200214,1,62
584,4,B,1,202050805020,20200214,1,63
585,3,B,0,202050805020,20200214,1,64
586,4,B,1,202050805020,20200214,1,65
587,3,B,0,202050805020,20200214,1,66
588,4,B,1,202050805020,20200214,1,67
589,3,B,0,202050805020,20200214,1,68
590,4,B,1,202050805020,20200214,1,69
591,3,B,0,202050805020,20200214,1,70
592,4,B,0,202050805020,20200214,1,71
593,5,C,0,202050805020,20200214,1,72
594,6,C,0,202050805020,20200214,1,73
595,1,A,0,202050805020,20200214,1,74
596,2,A,0,202050805020,20200214,1,75
597,1,A,1,202050805020,20200214,1,76
598,2,A,0,202050805020,20200214,1,77
599,1,A,1,202050805020,20200214,1,78
600,2,A,0,202050805020,20200214,1,79
601,1,A,1,202050805020,20200214,1,80
602,5,C,0,202050805020,20200214,1,81
603,6,C,1,202050805020,20200214,1,82
604,4,B,1,202050805020,20200214,1,83
605,3,B,1,202050805020,20200214,1,84
606,4,B,1,202050805020,20200214,1,85
607,3,B,0,202050805020,20200214,1,86
608,4,B,1,202050805020,20200214,1,87
609,3,B,0,202050805020,20200214,1,88
610,4,B,1,202050805020,20200214,1,89
611,3,B,1,202050805020,20200214,1,90
612,4,B,1,202050805020,20200214,1,91
613,3,B,1,202050805020,20200214,1,92
614,4,B,1,202050805020,20200214,1,93
615,3,B,0,202050805020,20200214,1,94
616,4,B,1,202050805020,20200214,1,95
617,3,B,0,202050805020,20200214,1,96
618,4,B,1,202050805020,20200214,1,97
619,3,B,1,202050805020,20200214,1,98
620,4,B,1,202050805020,20200214,1,99
621,3,B,0,202050805020,20200214,1,100
622,4,B,1,202050805020,20200214,1,101
623,3,B,1,202050805020,20200214,1,102
624,4,B,1,202050805020,20200214,1,103
625,3,B,1,202050805020,20200214,1,104
626,4,B,1,202050805020,20200214,1,105
627,3,B,1,202050805020,20200214,1,106
628,4,B,0,202050805020,20200214,1,107
629,3,B,1,805050502020,20200214,1,108
630,4,B,0,805050502020,20200214,1,109
631,3,B,0,805050502020,20200214,1,110
632,4,B,1,805050502020,20200214,1,111
633,3,B,0,805050502020,20200214,1,112
634,4,B,1,805050502020,20200214,1,113
635,5,C,0,805050502020,20200214,1,114
636,6,C,0,805050502020,20200214,1,115
637,2,A,1,805050502020,20200214,1,116
638,1,A,0,805050502020,20200214,1,117
639,2,A,0,805050502020,20200214,1,118
640,1,A,1,805050502020,20200214,1,119
641,4,B,1,805050502020,20200214,1,120
642,3,B,0,805050502020,20200214,1,121
643,5,C,0,805050502020,20200214,1,122
644,6,C,0,805050502020,20200214,1,123
645,5,C,0,805050502020,20200214,1,124
646,6,C,0,805050502020,20200214,1,125
647,1,A,1,805050502020,20200214,1,126
648,3,B,0,805050502020,20200214,1,127
649,4,B,1,805050502020,20200214,1,128
650,3,B,1,805050502020,20200214,1,129
651,4,B,1,805050502020,20200214,1,130
652,3,B,1,805050502020,20200214,1,131
653,4,B,0,805050502020,20200214,1,132
654,3,B,0,805050502020,20200214,1,133
655,4,B,0,805050502020,20200214,1,134
656,3,B,1,805050502020,20200214,1,135
657,4,B,1,805050502020,20200214,1,136
658,3,B,1,805050502020,20200214,1,137
659,4,B,1,805050502020,20200214,1,138
660,3,B,1,805050502020,20200214,1,139
661,4,B,1,805050502020,20200214,1,140
662,3,B,0,805050502020,20200214,1,141
663,4,B,0,805050502020,20200214,1,142
664,3,B,1,805050502020,20200214,1,143
665,4,B,1,805050502020,20200214,1,144
666,3,B,1,805050502020,20200214,1,145
667,4,B,1,805050502020,20200214,1,146
668,3,B,1,805050502020,20200214,1,147
669,4,B,1,805050502020,20200214,1,148
670,3,B,1,805050502020,20200214,1,149
671,4,B,1,805050502020,20200214,1,150
672,3,B,1,805050502020,20200214,1,151
673,4,B,1,805050502020,20200214,1,152
674,3,B,0,805050502020,20200214,1,153
675,4,B,0,805050502020,20200214,1,154
676,1,A,1,805050502020,20200214,1,155
677,2,A,0,805050502020,20200214,1,156
678,1,A,1,805050502020,20200214,1,157
679,6,C,0,805050502020,20200214,1,158
680,1,A,1,805050502020,20200214,1,159
681,5,C,0,805050502020,20200214,1,160
682,6,C,1,805050502020,20200214,1,161
683,4,B,0,805050502020,20200214,1,162
684,3,B,0,805050502020,20200214,1,163
685,4,B,1,805050502020,20200214,1,164
686,1,A,1,805050502020,20200214,1,165
687,2,A,1,805050502020,20200214,1,166
688,1,A,1,805050502020,20200214,1,167
689,2,A,1,805050502020,20200214,1,168
690,1,A,0,805050502020,20200214,1,169
691,6,C,1,805050502020,20200214,1,170
692,5,C,0,805050502020,20200214,1,171
693,6,C,0,805050502020,20200214,1,172
694,1,A,1,805050502020,20200214,1,173
695,3,B,1,805050502020,20200214,2,0
696,4,B,0,805050502020,20200214,2,1
697,3,B,1,805050502020,20200214,2,2
698,4,B,0,805050502020,20200214,2,3
699,3,B,0,805050502020,20200214,2,4
700,4,B,1,805050502020,20200214,2,5
701,3,B,0,805050502020,20200214,2,6
702,4,B,1,805050502020,20200214,2,7
703,3,B,1,805050502020,20200214,2,8
704,4,B,1,805050502020,20200214,2,9
705,3,B,1,805050502020,20200214,2,10
706,4,B,0,805050502020,20200214,2,11
707,3,B,1,805050502020,20200214,2,12
708,4,B,0,805050502020,20200214,2,13
709,3,B,1,805050502020,20200214,2,14
710,4,B,1,805050502020,20200214,2,15
711,3,B,0,805050502020,20200214,2,16
712,4,B,0,805050502020,20200214,2,17
713,6,C,1,805050502020,20200214,2,18
714,5,C,0,805050502020,20200214,2,19
715,6,C,1,805050502020,20200214,2,20
716,5,C,1,805050502020,20200214,2,21
717,6,C,1,805050502020,20200214,2,22
718,5,C,1,805050502020,20200214,2,23
719,6,C,1,805050502020,20200214,2,24
720,5,C,0,805050502020,20200214,2,25
721,6,C,0,805050502020,20200214,2,26
722,5,C,0,805050502020,20200214,2,27
723,6,C,0,805050502020,20200214,2,28
724,5,C,1,805050502020,20200214,2,29
725,6,C,0,805050502020,20200214,2,30
726,5,C,0,805050502020,20200214,2,31
727,6,C,0,805050502020,20200214,2,32
728,4,B,1,805050502020,20200214,2,33
729,3,B,0,805050502020,20200214,2,34
730,4,B,1,805050502020,20200214,2,35
731,3,B,0,805050502020,20200214,2,36
732,4,B,1,805050502020,20200214,2,37
733,3,B,1,805050502020,20200214,2,38
734,4,B,0,805050502020,20200214,2,39
735,3,B,1,805050502020,20200214,2,40
736,4,B,1,805050502020,20200214,2,41
737,3,B,1,805050502020,20200214,2,42
738,4,B,1,805050502020,20200214,2,43
739,3,B,0,805050502020,20200214,2,44
740,4,B,1,805050502020,20200214,2,45
741,3,B,0,805050502020,20200214,2,46
742,4,B,0,805050502020,20200214,2,47
743,3,B,1,805050502020,20200214,2,48
744,4,B,1,805050502020,20200214,2,49
745,3,B,0,805050502020,20200214,2,50
746,4,B,1,805050502020,20200214,2,51
747,3,B,0,805050502020,20200214,2,52
748,4,B,0,805050502020,20200214,2,53
749,3,B,1,805050502020,20200214,2,54
750,4,B,0,805050502020,20200214,2,55
751,3,B,1,805050502020,20200214,2,56
752,4,B,0,805050502020,20200214,2,57
753,3,B,0,805050502020,20200214,2,58
754,4,B,0,805050502020,20200214,2,59
755,1,A,0,805050502020,20200214,2,60
756,2,A,0,805050502020,20200214,2,61
757,1,A,0,805050502020,20200214,2,62
758,2,A,1,805050502020,20200214,2,63
759,6,C,0,805050502020,20200214,2,64
760,5,C,0,805050502020,20200214,2,65
761,6,C,1,805050502020,20200214,2,66
762,4,B,0,805050502020,20200214,2,67
763,3,B,1,805050502020,20200214,2,68
764,4,B,1,805050502020,20200214,2,69
765,3,B,0,805050502020,20200214,2,70
766,4,B,0,805050502020,20200214,2,71
767,3,B,1,805050502020,20200214,2,72
768,4,B,1,805050502020,20200214,2,73
769,3,B,1,805050502020,20200214,2,74
770,4,B,1,805050502020,20200214,2,75
771,3,B,1,805050502020,20200214,2,76
772,4,B,1,805050502020,20200214,2,77
773,3,B,1,805050502020,20200214,2,78
774,4,B,0,805050502020,20200214,2,79
775,3,B,1,805050502020,20200214,2,80
776,4,B,1,805050502020,20200214,2,81
777,3,B,1,805050502020,20200214,2,82
778,4,B,0,805050502020,20200214,2,83
779,3,B,0,805050502020,20200214,2,84
780,4,B,0,805050502020,20200214,2,85
781,3,B,0,805050502020,20200214,2,86
782,4,B,1,805050502020,20200214,2,87
783,3,B,0,805050502020,20200214,2,88
784,4,B,1,805050502020,20200214,2,89
785,3,B,0,805050502020,20200214,2,90
786,4,B,1,805050502020,20200214,2,91
787,3,B,1,805050502020,20200214,2,92
788,4,B,1,805050502020,20200214,2,93
789,3,B,0,805050502020,20200214,2,94
790,4,B,1,805050502020,20200214,2,95
791,3,B,0,805050502020,20200214,2,96
792,4,B,1,805050502020,20200214,2,97
793,3,B,0,805050502020,20200214,2,98
794,4,B,0,805050502020,20200214,2,99
795,3,B,0,805050502020,20200214,2,100
796,4,B,0,805050502020,20200214,2,101
797,3,B,0,805050502020,20200214,2,102
798,4,B,0,805050502020,20200214,2,103
799,5,C,0,805050502020,20200214,2,104
800,6,C,1,805050502020,20200214,2,105
801,5,C,1,805050502020,20200214,2,106
802,6,C,0,805050502020,20200214,2,107
803,5,C,0,805050502020,20200214,2,108
804,6,C,1,805050502020,20200214,2,109
805,5,C,0,805050502020,20200214,2,110
806,6,C,1,805050502020,20200214,2,111
807,1,A,1,805050502020,20200214,2,112
808,2,A,0,805050502020,20200214,2,113
809,1,A,0,805050502020,20200214,2,114
810,2,A,1,805050502020,20200214,2,115
811,6,C,0,208020808050,20200214,2,116
812,5,C,0,208020808050,20200214,2,117
813,6,C,0,208020808050,20200214,2,118
814,1,A,0,208020808050,20200214,2,119
815,2,A,1,208020808050,20200214,2,120
816,1,A,0,208020808050,20200214,2,121
817,2,A,1,208020808050,20200214,2,122
818,1,A,0,208020808050,20200214,2,123
819,2,A,1,208020808050,20200214,2,124
820,6,C,0,208020808050,20200214,2,125
821,5,C,1,208020808050,20200214,2,126
822,3,B,0,208020808050,20200214,3,0
823,4,B,1,208020808050,20200214,3,1
824,3,B,0,208020808050,20200214,3,2
825,4,B,1,208020808050,20200214,3,3
826,3,B,1,208020808050,20200214,3,4
827,4,B,1,208020808050,20200214,3,5
828,3,B,1,208020808050,20200214,3,6
829,4,B,1,208020808050,20200214,3,7
830,3,B,0,208020808050,20200214,3,8
831,4,B,1,208020808050,20200214,3,9
832,3,B,0,208020808050,20200214,3,10
833,4,B,1,208020808050,20200214,3,11
834,3,B,0,208020808050,20200214,3,12
835,4,B,1,208020808050,20200214,3,13
836,3,B,0,208020808050,20200214,3,14
837,4,B,1,208020808050,20200214,3,15
838,3,B,0,208020808050,20200214,3,16
839,4,B,1,208020808050,20200214,3,17
840,3,B,1,208020808050,20200214,3,18
841,4,B,1,208020808050,20200214,3,19
842,3,B,0,208020808050,20200214,3,20
843,4,B,1,208020808050,20200214,3,21
844,3,B,0,208020808050,20200214,3,22
845,4,B,1,208020808050,20200214,3,23
846,3,B,0,208020808050,20200214,3,24
847,4,B,1,208020808050,20200214,3,25
848,3,B,0,208020808050,20200214,3,26
849,4,B,1,208020808050,20200214,3,27
850,3,B,1,208020808050,20200214,3,28
851,4,B,1,208020808050,20200214,3,29
852,3,B,0,208020808050,20200214,3,30
853,4,B,0,208020808050,20200214,3,31
854,3,B,0,208020808050,20200214,3,32
855,4,B,1,208020808050,20200214,3,33
856,3,B,0,208020808050,20200214,3,34
857,4,B,1,208020808050,20200214,3,35
858,3,B,0,208020808050,20200214,3,36
859,4,B,0,208020808050,20200214,3,37
860,3,B,0,208020808050,20200214,3,38
861,4,B,1,208020808050,20200214,3,39
862,3,B,1,208020808050,20200214,3,40
863,4,B,1,208020808050,20200214,3,41
864,3,B,0,208020808050,20200214,3,42
865,4,B,1,208020808050,20200214,3,43
866,3,B,0,208020808050,20200214,3,44
867,4,B,1,208020808050,20200214,3,45
868,3,B,0,208020808050,20200214,3,46
869,4,B,1,208020808050,20200214,3,47
870,6,C,0,208020808050,20200214,3,48
871,5,C,1,208020808050,20200214,3,49
872,6,C,1,208020808050,20200214,3,50
873,5,C,1,208020808050,20200214,3,51
874,6,C,0,208020808050,20200214,3,52
875,5,C,0,208020808050,20200214,3,53
876,6,C,0,208020808050,20200214,3,54
877,5,C,1,208020808050,20200214,3,55
878,6,C,1,208020808050,20200214,3,56
879,5,C,1,208020808050,20200214,3,57
880,6,C,0,208020808050,20200214,3,58
881,5,C,1,208020808050,20200214,3,59
882,6,C,0,208020808050,20200214,3,60
883,2,A,0,208020808050,20200214,3,61
884,1,A,0,208020808050,20200214,3,62
885,2,A,0,208020808050,20200214,3,63
886,1,A,0,208020808050,20200214,3,64
887,2,A,1,208020808050,20200214,3,65
888,1,A,0,208020808050,20200214,3,66
889,2,A,1,208020808050,20200214,3,67
890,1,A,1,208020808050,20200214,3,68
891,2,A,1,208020808050,20200214,3,69
892,1,A,0,208020808050,20200214,3,70
893,2,A,1,208020808050,20200214,3,71
894,1,A,1,208020808050,20200214,3,72
895,2,A,1,208020808050,20200214,3,73
896,1,A,1,208020808050,20200214,3,74
897,2,A,1,208020808050,20200214,3,75
898,1,A,0,208020808050,20200214,3,76
899,2,A,1,208020808050,20200214,3,77
900,1,A,0,208020808050,20200214,3,78
901,2,A,1,208020808050,20200214,3,79
902,1,A,0,208020808050,20200214,3,80
903,2,A,0,208020808050,20200214,3,81
904,4,B,1,208020808050,20200214,3,82
905,3,B,0,208020808050,20200214,3,83
906,4,B,1,208020808050,20200214,3,84
907,3,B,0,208020808050,20200214,3,85
908,4,B,1,208020808050,20200214,3,86
909,3,B,0,208020808050,20200214,3,87
910,4,B,1,208020808050,20200214,3,88
911,3,B,1,208020808050,20200214,3,89
912,4,B,1,208020808050,20200214,3,90
913,3,B,0,208020808050,20200214,3,91
914,4,B,1,208020808050,20200214,3,92
915,3,B,0,208020808050,20200214,3,93
916,4,B,1,208020808050,20200214,3,94
917,3,B,0,208020808050,20200214,3,95
918,4,B,1,208020808050,20200214,3,96
919,3,B,1,208020808050,20200214,3,97
920,4,B,1,208020808050,20200214,3,98
921,3,B,0,208020808050,20200214,3,99
922,4,B,0,208020808050,20200214,3,100
923,3,B,0,208020808050,20200214,3,101
924,4,B,0,208020808050,20200214,3,102
925,6,C,1,208020808050,20200214,3,103
926,5,C,1,208020808050,20200214,3,104
927,6,C,0,208020808050,20200214,3,105
928,5,C,1,208020808050,20200214,3,106
929,6,C,1,208020808050,20200214,3,107
930,5,C,1,208020808050,20200214,3,108
931,6,C,0,208020808050,20200214,3,109
932,5,C,1,208020808050,20200214,3,110
933,6,C,1,208020808050,20200214,3,111
934,5,C,1,208020808050,20200214,3,112
935,6,C,1,208020808050,20200214,3,113
936,5,C,1,208020808050,20200214,3,114
937,6,C,1,208020808050,20200214,3,115
938,5,C,1,208020808050,20200214,3,116
939,6,C,0,208020808050,20200214,3,117
940,5,C,1,208020808050,20200214,3,118
941,6,C,0,208020808050,20200214,3,119
942,5,C,1,505020505080,20200214,3,120
943,6,C,1,505020505080,20200214,3,121
944,5,C,1,505020505080,20200214,3,122
945,6,C,1,505020505080,20200214,3,123
946,5,C,1,505020505080,20200214,3,124
947,6,C,0,505020505080,20200214,3,125
948,5,C,1,505020505080,20200214,3,126
949,6,C,0,505020505080,20200214,3,127
950,5,C,0,505020505080,20200214,3,128
951,6,C,1,505020505080,20200214,3,129
952,5,C,1,505020505080,20200214,3,130
953,6,C,0,505020505080,20200214,3,131
954,5,C,0,505020505080,20200214,3,132
955,6,C,1,505020505080,20200214,3,133
956,5,C,1,505020505080,20200214,3,134
957,6,C,1,505020505080,20200214,3,135
958,5,C,1,505020505080,20200214,3,136
959,6,C,1,505020505080,20200214,3,137
960,5,C,0,505020505080,20200214,3,138
961,6,C,0,505020505080,20200214,3,139
962,5,C,0,505020505080,20200214,3,140
963,6,C,1,505020505080,20200214,3,141
964,5,C,1,505020505080,20200214,3,142
965,6,C,1,505020505080,20200214,3,143
966,5,C,1,505020505080,20200214,3,144
967,6,C,0,505020505080,20200214,3,145
968,5,C,0,505020505080,20200214,3,146
969,6,C,1,505020505080,20200214,3,147
970,5,C,1,505020505080,20200214,3,148
971,6,C,1,505020505080,20200214,3,149
972,5,C,1,505020505080,20200214,3,150
973,6,C,0,505020505080,20200214,3,151
974,5,C,0,505020505080,20200214,3,152
975,6,C,1,505020505080,20200214,3,153
976,5,C,0,505020505080,20200214,3,154
977,6,C,0,505020505080,20200214,3,155
978,5,C,0,505020505080,20200214,3,156
979,6,C,0,505020505080,20200214,3,157
980,4,B,0,505020505080,20200214,3,158
981,3,B,0,505020505080,20200214,3,159
982,4,B,1,505020505080,20200214,3,160
983,3,B,1,505020505080,20200214,3,161
984,4,B,1,505020505080,20200214,3,162
985,3,B,0,505020505080,20200214,3,163
986,4,B,1,505020505080,20200214,3,164
987,3,B,0,505020505080,20200214,3,165
988,4,B,0,505020505080,20200214,3,166
989,3,B,1,505020505080,20200214,3,167
990,4,B,0,505020505080,20200214,3,168
991,3,B,0,505020505080,20200214,3,169
992,4,B,0,505020505080,20200214,3,170
993,1,A,0,505020505080,20200214,3,171
994,2,A,0,505020505080,20200214,3,172
995,1,A,0,505020505080,20200214,3,173
996,2,A,0,505020505080,20200214,3,174
997,1,A,1,505020505080,20200214,3,175
998,4,B,0,505020505080,20200215,1,0
999,3,B,0,505020505080,20200215,1,1
1000,4,B,0,505020505080,20200215,1,2
1001,5,C,0,505020505080,20200215,1,3
1002,6,C,0,505020505080,20200215,1,4
1003,5,C,1,505020505080,20200215,1,5
1004,6,C,1,505020505080,20200215,1,6
1005,5,C,1,505020505080,20200215,1,7
1006,6,C,0,505020505080,20200215,1,8
1007,5,C,1,505020505080,20200215,1,9
1008,6,C,0,505020505080,20200215,1,10
1009,5,C,0,505020505080,20200215,1,11
1010,2,A,0,505020505080,20200215,1,12
1011,1,A,1,505020505080,20200215,1,13
1012,2,A,0,505020505080,20200215,1,14
1013,5,C,0,505020505080,20200215,1,15
1014,6,C,1,505020505080,20200215,1,16
1015,5,C,0,505020505080,20200215,1,17
1016,4,B,0,505020505080,20200215,1,18
1017,3,B,1,505020505080,20200215,1,19
1018,4,B,1,505020505080,20200215,1,20
1019,3,B,1,505020505080,20200215,1,21
1020,4,B,1,505020505080,20200215,1,22
1021,3,B,0,505020505080,20200215,1,23
1022,4,B,1,505020505080,20200215,1,24
1023,3,B,0,505020505080,20200215,1,25
1024,4,B,0,505020505080,20200215,1,26
1025,3,B,0,505020505080,20200215,1,27
1026,4,B,1,505020505080,20200215,1,28
1027,3,B,0,505020505080,20200215,1,29
1028,4,B,1,505020505080,20200215,1,30
1029,3,B,1,505020505080,20200215,1,31
1030,4,B,0,505020505080,20200215,1,32
1031,3,B,0,505020505080,20200215,1,33
1032,4,B,0,505020505080,20200215,1,34
1033,5,C,1,505020505080,20200215,1,35
1034,6,C,1,505020505080,20200215,1,36
1035,5,C,1,505020505080,20200215,1,37
1036,6,C,0,505020505080,20200215,1,38
1037,5,C,1,505020505080,20200215,1,39
1038,6,C,0,505020505080,20200215,1,40
1039,5,C,1,505020505080,20200215,1,41
1040,6,C,1,505020505080,20200215,1,42
1041,5,C,1,505020505080,20200215,1,43
1042,6,C,1,505020505080,20200215,1,44
1043,5,C,1,505020505080,20200215,1,45
1044,6,C,1,505020505080,20200215,1,46
1045,5,C,0,505020505080,20200215,1,47
1046,6,C,0,505020505080,20200215,1,48
1047,5,C,0,505020505080,20200215,1,49
1048,4,B,0,505020505080,20200215,1,50
1049,3,B,0,505020505080,20200215,1,51
1050,4,B,0,505020505080,20200215,1,52
1051,3,B,0,505020505080,20200215,1,53
1052,4,B,1,505020505080,20200215,1,54
1053,3,B,0,505020505080,20200215,1,55
1054,4,B,1,505020505080,20200215,1,56
1055,3,B,0,505020505080,20200215,1,57
1056,4,B,0,505020505080,20200215,1,58
1057,3,B,0,505020505080,20200215,1,59
1058,4,B,0,505020505080,20200215,1,60
1059,3,B,0,505020505080,20200215,1,61
1060,4,B,0,505020505080,20200215,1,62
1061,5,C,0,505020505080,20200215,1,63
1062,6,C,1,505020505080,20200215,1,64
1063,5,C,1,505020505080,20200215,1,65
1064,6,C,0,505020505080,20200215,1,66
1065,5,C,1,505020505080,20200215,1,67
1066,6,C,1,505020505080,20200215,1,68
1067,5,C,0,505020505080,20200215,1,69
1068,6,C,1,505020505080,20200215,1,70
1069,5,C,1,505020505080,20200215,1,71
1070,6,C,1,505020505080,20200215,1,72
1071,5,C,0,505020505080,20200215,1,73
1072,6,C,1,505020505080,20200215,1,74
1073,5,C,0,505020505080,20200215,1,75
1074,6,C,1,505020505080,20200215,1,76
1075,5,C,1,505020505080,20200215,1,77
1076,6,C,1,505020505080,20200215,1,78
1077,5,C,1,505020505080,20200215,1,79
1078,6,C,0,505020505080,20200215,1,80
1079,5,C,1,505020505080,20200215,1,81
1080,6,C,1,505020505080,20200215,1,82
1081,5,C,0,505020505080,20200215,1,83
1082,6,C,1,505020505080,20200215,1,84
1083,5,C,0,505020505080,20200215,1,85
1084,6,C,1,505020505080,20200215,1,86
1085,5,C,1,505020505080,20200215,1,87
1086,6,C,1,505020505080,20200215,1,88
1087,5,C,0,505020505080,20200215,1,89
1088,6,C,0,505050205020,20200215,1,90
1089,5,C,1,505050205020,20200215,1,91
1090,6,C,0,505050205020,20200215,1,92
1091,5,C,1,505050205020,20200215,1,93
1092,6,C,0,505050205020,20200215,1,94
1093,5,C,1,505050205020,20200215,1,95
1094,6,C,1,505050205020,20200215,1,96
1095,5,C,1,505050205020,20200215,1,97
1096,6,C,0,505050205020,20200215,1,98
1097,5,C,0,505050205020,20200215,1,99
1098,6,C,0,505050205020,20200215,1,100
1099,5,C,1,505050205020,20200215,1,101
1100,6,C,0,505050205020,20200215,1,102
1101,5,C,0,505050205020,20200215,1,103
1102,6,C,0,505050205020,20200215,1,104
1103,5,C,1,505050205020,20200215,1,105
1104,6,C,1,505050205020,20200215,1,106
1105,5,C,0,505050205020,20200215,1,107
1106,6,C,1,505050205020,20200215,1,108
1107,5,C,1,505050205020,20200215,1,109
1108,6,C,1,505050205020,20200215,1,110
1109,5,C,1,505050205020,20200215,1,111
1110,6,C,0,505050205020,20200215,1,112
1111,5,C,1,505050205020,20200215,1,113
1112,6,C,0,505050205020,20200215,1,114
1113,5,C,1,505050205020,20200215,1,115
1114,6,C,0,505050205020,20200215,1,116
1115,5,C,1,505050205020,20200215,1,117
1116,6,C,1,505050205020,20200215,1,118
1117,5,C,1,505050205020,20200215,1,119
1118,6,C,0,505050205020,20200215,1,120
1119,5,C,0,505050205020,20200215,1,121
1120,6,C,0,505050205020,20200215,1,122
1121,5,C,0,505050205020,20200215,1,123
1122,6,C,0,505050205020,20200215,1,124
1123,5,C,0,505050205020,20200215,1,125
1124,6,C,0,505050205020,20200215,1,126
1125,5,C,0,505050205020,20200215,1,127
1126,6,C,1,505050205020,20200215,1,128
1127,5,C,0,505050205020,20200215,1,129
1128,6,C,1,505050205020,20200215,1,130
1129,5,C,1,505050205020,20200215,1,131
1130,6,C,0,505050205020,20200215,1,132
1131,5,C,1,505050205020,20200215,1,133
1132,6,C,1,505050205020,20200215,1,134
1133,5,C,0,505050205020,20200215,1,135
1134,6,C,0,505050205020,20200215,1,136
1135,5,C,0,505050205020,20200215,1,137
1136,6,C,0,505050205020,20200215,1,138
1137,5,C,0,505050205020,20200215,1,139
1138,6,C,0,505050205020,20200215,1,140
1139,5,C,0,505050205020,20200215,1,141
1140,6,C,0,505050205020,20200215,1,142
1141,5,C,0,505050205020,20200215,1,143
1142,6,C,0,505050205020,20200215,1,144
1143,5,C,0,505050205020,20200215,1,145
1144,4,B,0,505050205020,20200215,1,146
1145,3,B,0,505050205020,20200215,1,147
1146,4,B,1,505050205020,20200215,1,148
1147,3,B,1,505050205020,20200215,1,149
1148,4,B,0,505050205020,20200215,1,150
1149,3,B,0,505050205020,20200215,1,151
1150,4,B,0,505050205020,20200215,1,152
1151,3,B,1,505050205020,20200215,1,153
1152,4,B,0,505050205020,20200215,1,154
1153,3,B,0,505050205020,20200215,1,155
1154,4,B,0,505050205020,20200215,1,156
1155,3,B,1,505050205020,20200215,1,157
1156,4,B,0,505050205020,20200215,1,158
1157,3,B,1,505050205020,20200215,1,159
1158,4,B,0,505050205020,20200215,1,160
1159,3,B,1,505050205020,20200215,1,161
1160,4,B,0,505050205020,20200215,1,162
1161,3,B,1,505050205020,20200215,1,163
1162,4,B,0,505050205020,20200215,1,164
1163,3,B,1,505050205020,20200215,1,165
1164,4,B,1,505050205020,20200215,1,166
1165,3,B,0,505050205020,20200215,1,167
1166,4,B,0,505050205020,20200215,1,168
1167,3,B,1,505050205020,20200215,1,169
1168,4,B,0,505050205020,20200215,1,170
1169,3,B,1,505050205020,20200215,1,171
1170,4,B,1,505050205020,20200215,1,172
1171,3,B,1,505050205020,20200215,1,173
1172,4,B,0,505050205020,20200215,1,174
1173,3,B,0,505050205020,20200215,1,175
1174,4,B,0,505050205020,20200215,1,176
1175,3,B,0,505050205020,20200215,1,177
1176,4,B,1,505050205020,20200215,1,178
1177,3,B,1,505050205020,20200215,1,179
1178,5,C,0,505050205020,20200215,2,0
1179,6,C,0,505050205020,20200215,2,1
1180,5,C,0,505050205020,20200215,2,2
1181,4,B,0,505050205020,20200215,2,3
1182,3,B,0,505050205020,20200215,2,4
1183,4,B,0,505050205020,20200215,2,5
1184,3,B,0,505050205020,20200215,2,6
1185,4,B,0,505050205020,20200215,2,7
1186,3,B,0,505050205020,20200215,2,8
1187,4,B,0,505050205020,20200215,2,9
1188,3,B,0,505050205020,20200215,2,10
1189,2,A,0,505050205020,20200215,2,11
1190,1,A,1,505050205020,20200215,2,12
1191,2,A,0,505050205020,20200215,2,13
1192,1,A,1,505050205020,20200215,2,14
1193,2,A,1,505050205020,20200215,2,15
1194,1,A,0,505050205020,20200215,2,16
1195,2,A,1,505050205020,20200215,2,17
1196,1,A,0,505050205020,20200215,2,18
1197,2,A,0,505050205020,20200215,2,19
1198,5,C,1,505050205020,20200215,2,20
1199,6,C,0,505050205020,20200215,2,21
1200,5,C,0,505050205020,20200215,2,22
1201,6,C,0,505050205020,20200215,2,23
1202,5,C,1,505050205020,20200215,2,24
1203,6,C,0,505050205020,20200215,2,25
1204,5,C,1,505050205020,20200215,2,26
1205,6,C,0,505050205020,20200215,2,27
1206,5,C,1,505050205020,20200215,2,28
1207,6,C,1,505050205020,20200215,2,29
1208,5,C,1,505050205020,20200215,2,30
1209,6,C,0,505050205020,20200215,2,31
1210,5,C,0,505050205020,20200215,2,32
1211,6,C,0,505050205020,20200215,2,33
1212,5,C,1,505050205020,20200215,2,34
1213,6,C,0,505050205020,20200215,2,35
1214,5,C,1,505050205020,20200215,2,36
1215,6,C,1,505050205020,20200215,2,37
1216,5,C,0,505050205020,20200215,2,38
1217,6,C,0,505050205020,20200215,2,39
1218,5,C,0,505050205020,20200215,2,40
1219,6,C,0,505050205020,20200215,2,41
1220,5,C,0,505050205020,20200215,2,42
1221,2,A,0,505050205020,20200215,2,43
1222,1,A,0,505050205020,20200215,2,44
1223,2,A,0,505050205020,20200215,2,45
1224,1,A,1,505050205020,20200215,2,46
1225,2,A,0,505050205020,20200215,2,47
1226,1,A,0,505050205020,20200215,2,48
1227,2,A,0,505050205020,20200215,2,49
1228,4,B,0,505050205020,20200215,2,50
1229,3,B,1,505050205020,20200215,2,51
1230,4,B,0,505050205020,20200215,2,52
1231,3,B,0,505050205020,20200215,2,53
1232,4,B,0,505050205020,20200215,2,54
1233,3,B,0,505050205020,20200215,2,55
1234,4,B,0,505050205020,20200215,2,56
1235,3,B,0,505050205020,20200215,2,57
1236,4,B,0,505050205020,20200215,2,58
1237,5,C,1,505050205020,20200215,2,59
1238,6,C,0,505050205020,20200215,2,60
1239,5,C,0,505050205020,20200215,2,61
1240,6,C,0,505050205020,20200215,2,62
1241,5,C,1,505050205020,20200215,2,63
1242,6,C,0,505050205020,20200215,2,64
1243,5,C,0,505050205020,20200215,2,65
1244,6,C,1,505050205020,20200215,2,66
1245,5,C,0,505050205020,20200215,2,67
1246,6,C,0,505050205020,20200215,2,68
1247,5,C,0,505050205020,20200215,2,69
1248,6,C,0,505050205020,20200215,2,70
1249,5,C,0,505050205020,20200215,2,71
1250,2,A,0,505050205020,20200215,2,72
1251,1,A,0,505050205020,20200215,2,73
1252,2,A,0,505050205020,20200215,2,74
1253,1,A,1,505050205020,20200215,2,75
1254,2,A,0,505050205020,20200215,2,76
1255,1,A,1,505050205020,20200215,2,77
1256,2,A,1,505050205020,20200215,2,78
1257,1,A,1,505050205020,20200215,2,79
1258,2,A,0,505050205020,20200215,2,80
1259,1,A,0,505050205020,20200215,2,81
1260,2,A,1,505050205020,20200215,2,82
1261,1,A,0,505050205020,20200215,2,83
1262,2,A,0,505050205020,20200215,2,84
1263,1,A,1,505050205020,20200215,2,85
1264,2,A,1,505050205020,20200215,2,86
1265,1,A,1,505050205020,20200215,2,87
1266,2,A,1,505050205020,20200215,2,88
1267,1,A,1,505050205020,20200215,2,89
1268,2,A,0,205080502080,20200215,2,90
1269,1,A,0,205080502080,20200215,2,91
1270,2,A,1,205080502080,20200215,2,92
1271,1,A,0,205080502080,20200215,2,93
1272,2,A,1,205080502080,20200215,2,94
1273,1,A,1,205080502080,20200215,2,95
1274,2,A,0,205080502080,20200215,2,96
1275,1,A,1,205080502080,20200215,2,97
1276,2,A,0,205080502080,20200215,2,98
1277,1,A,0,205080502080,20200215,2,99
1278,2,A,1,205080502080,20200215,2,100
1279,1,A,0,205080502080,20200215,2,101
1280,2,A,1,205080502080,20200215,2,102
1281,1,A,0,205080502080,20200215,2,103
1282,2,A,0,205080502080,20200215,2,104
1283,1,A,0,205080502080,20200215,2,105
1284,2,A,1,205080502080,20200215,2,106
1285,1,A,1,205080502080,20200215,2,107
1286,2,A,1,205080502080,20200215,2,108
1287,1,A,1,205080502080,20200215,2,109
1288,2,A,0,205080502080,20200215,2,110
1289,1,A,0,205080502080,20200215,2,111
1290,2,A,0,205080502080,20200215,2,112
1291,1,A,0,205080502080,20200215,2,113
1292,2,A,0,205080502080,20200215,2,114
1293,1,A,0,205080502080,20200215,2,115
1294,2,A,1,205080502080,20200215,2,116
1295,1,A,0,205080502080,20200215,2,117
1296,2,A,0,205080502080,20200215,2,118
1297,1,A,0,205080502080,20200215,2,119
1298,2,A,1,205080502080,20200215,2,120
1299,1,A,0,205080502080,20200215,2,121
1300,2,A,1,205080502080,20200215,2,122
1301,1,A,0,205080502080,20200215,2,123
1302,2,A,0,205080502080,20200215,2,124
1303,1,A,0,205080502080,20200215,2,125
1304,2,A,1,205080502080,20200215,2,126
1305,1,A,0,205080502080,20200215,2,127
1306,2,A,0,205080502080,20200215,2,128
1307,1,A,0,205080502080,20200215,2,129
1308,2,A,1,205080502080,20200215,2,130
1309,3,B,1,205080502080,20200215,2,131
1310,4,B,0,205080502080,20200215,2,132
1311,3,B,0,205080502080,20200215,2,133
1312,4,B,1,205080502080,20200215,2,134
1313,3,B,1,205080502080,20200215,2,135
1314,4,B,0,205080502080,20200215,2,136
1315,4,B,1,502050508050,20200216,1,0
1316,3,B,0,502050508050,20200216,1,1
1317,4,B,1,502050508050,20200216,1,2
1318,3,B,0,502050508050,20200216,1,3
1319,4,B,1,502050508050,20200216,1,4
1320,3,B,1,502050508050,20200216,1,5
1321,4,B,0,502050508050,20200216,1,6
1322,3,B,1,502050508050,20200216,1,7
1323,4,B,1,502050508050,20200216,1,8
1324,5,C,1,502050508050,20200216,1,9
1325,6,C,0,502050508050,20200216,1,10
1326,5,C,1,502050508050,20200216,1,11
1327,6,C,0,502050508050,20200216,1,12
1328,5,C,1,502050508050,20200216,1,13
1329,6,C,0,502050508050,20200216,1,14
1330,5,C,1,502050508050,20200216,1,15
1331,1,A,1,502050508050,20200216,1,16
1332,2,A,0,502050508050,20200216,1,17
1333,1,A,0,502050508050,20200216,1,18
1334,2,A,0,502050508050,20200216,1,19
1335,1,A,0,502050508050,20200216,1,20
1336,2,A,1,502050508050,20200216,1,21
1337,3,B,1,502050508050,20200216,1,22
1338,4,B,0,502050508050,20200216,1,23
1339,3,B,0,502050508050,20200216,1,24
1340,4,B,0,502050508050,20200216,1,25
1341,3,B,1,502050508050,20200216,1,26
1342,4,B,0,502050508050,20200216,1,27
1343,3,B,1,502050508050,20200216,1,28
1344,4,B,0,502050508050,20200216,1,29
1345,3,B,1,502050508050,20200216,1,30
1346,4,B,0,502050508050,20200216,1,31
1347,3,B,0,502050508050,20200216,1,32
1348,4,B,0,502050508050,20200216,1,33
1349,3,B,0,502050508050,20200216,1,34
1350,4,B,0,502050508050,20200216,1,35
1351,3,B,0,502050508050,20200216,1,36
1352,5,C,1,502050508050,20200216,1,37
1353,6,C,0,502050508050,20200216,1,38
1354,5,C,1,502050508050,20200216,1,39
1355,6,C,1,502050508050,20200216,1,40
1356,5,C,1,502050508050,20200216,1,41
1357,6,C,0,502050508050,20200216,1,42
1358,5,C,1,502050508050,20200216,1,43
1359,6,C,0,502050508050,20200216,1,44
1360,5,C,1,502050508050,20200216,1,45
1361,6,C,1,502050508050,20200216,1,46
1362,5,C,1,502050508050,20200216,1,47
1363,6,C,1,502050508050,20200216,1,48
1364,5,C,1,502050508050,20200216,1,49
1365,6,C,1,502050508050,20200216,1,50
1366,5,C,1,502050508050,20200216,1,51
1367,6,C,0,502050508050,20200216,1,52
1368,5,C,0,502050508050,20200216,1,53
1369,6,C,1,502050508050,20200216,1,54
1370,5,C,0,502050508050,20200216,1,55
1371,6,C,0,502050508050,20200216,1,56
1372,5,C,1,502050508050,20200216,1,57
1373,6,C,1,502050508050,20200216,1,58
1374,5,C,1,502050508050,20200216,1,59
1375,6,C,1,502050508050,20200216,1,60
1376,5,C,0,502050508050,20200216,1,61
1377,6,C,0,502050508050,20200216,1,62
1378,5,C,1,502050508050,20200216,1,63
1379,6,C,0,502050508050,20200216,1,64
1380,5,C,1,502050508050,20200216,1,65
1381,6,C,0,502050508050,20200216,1,66
1382,5,C,1,502050508050,20200216,1,67
1383,2,A,0,502050508050,20200216,1,68
1384,1,A,1,502050508050,20200216,1,69
1385,2,A,0,502050508050,20200216,1,70
1386,1,A,0,502050508050,20200216,1,71
1387,2,A,0,502050508050,20200216,1,72
1388,3,B,1,502050508050,20200216,1,73
1389,4,B,0,502050508050,20200216,1,74
1390,3,B,0,502050508050,20200216,1,75
1391,4,B,0,502050508050,20200216,1,76
1392,3,B,1,502050508050,20200216,1,77
1393,4,B,1,502050508050,20200216,1,78
1394,3,B,1,502050508050,20200216,1,79
1395,4,B,1,502050508050,20200216,1,80
1396,3,B,1,502050508050,20200216,1,81
1397,4,B,0,502050508050,20200216,1,82
1398,3,B,1,502050508050,20200216,1,83
1399,4,B,1,502050508050,20200216,1,84
1400,3,B,1,502050508050,20200216,1,85
1401,4,B,1,502050508050,20200216,1,86
1402,3,B,0,502050508050,20200216,1,87
1403,4,B,1,502050508050,20200216,1,88
1404,3,B,0,502050508050,20200216,1,89
1405,4,B,0,502050508050,20200216,1,90
1406,3,B,0,502050508050,20200216,1,91
1407,4,B,1,502050508050,20200216,1,92
1408,3,B,0,502050508050,20200216,1,93
1409,4,B,1,502050508050,20200216,1,94
1410,3,B,0,502050508050,20200216,1,95
1411,4,B,1,502050508050,20200216,1,96
1412,3,B,0,502050508050,20200216,1,97
1413,4,B,0,502050508050,20200216,1,98
1414,3,B,1,502050508050,20200216,1,99
1415,4,B,1,208080505050,20200216,1,100
1416,3,B,0,208080505050,20200216,1,101
1417,4,B,0,208080505050,20200216,1,102
1418,3,B,0,208080505050,20200216,1,103
1419,4,B,1,208080505050,20200216,1,104
1420,5,C,1,208080505050,20200216,1,105
1421,6,C,0,208080505050,20200216,1,106
1422,5,C,0,208080505050,20200216,1,107
1423,6,C,0,208080505050,20200216,1,108
1424,5,C,0,208080505050,20200216,1,109
1425,6,C,0,208080505050,20200216,1,110
1426,5,C,0,208080505050,20200216,1,111
1427,2,A,1,208080505050,20200216,1,112
1428,1,A,0,208080505050,20200216,1,113
1429,2,A,1,208080505050,20200216,1,114
1430,1,A,0,208080505050,20200216,1,115
1431,2,A,0,208080505050,20200216,1,116
1432,3,B,0,208080505050,20200216,1,117
1433,4,B,0,208080505050,20200216,1,118
1434,3,B,1,208080505050,20200216,1,119
1435,4,B,0,208080505050,20200216,1,120
1436,3,B,1,208080505050,20200216,1,121
1437,4,B,1,208080505050,20200216,1,122
1438,3,B,1,208080505050,20200216,1,123
1439,4,B,1,208080505050,20200216,1,124
1440,3,B,1,208080505050,20200216,1,125
1441,4,B,1,208080505050,20200216,1,126
1442,3,B,1,208080505050,20200216,1,127
1443,4,B,1,208080505050,20200216,1,128
1444,3,B,1,208080505050,20200216,1,129
1445,4,B,1,208080505050,20200216,1,130
1446,3,B,0,208080505050,20200216,1,131
1447,4,B,1,208080505050,20200216,1,132
1448,3,B,0,208080505050,20200216,1,133
1449,4,B,1,208080505050,20200216,1,134
1450,3,B,0,208080505050,20200216,1,135
1451,4,B,0,208080505050,20200216,1,136
1452,3,B,1,208080505050,20200216,1,137
1453,4,B,1,208080505050,20200216,1,138
1454,3,B,1,208080505050,20200216,1,139
1455,4,B,0,208080505050,20200216,1,140
1456,3,B,1,208080505050,20200216,1,141
1457,4,B,0,208080505050,20200216,1,142
1458,3,B,1,208080505050,20200216,1,143
1459,4,B,0,208080505050,20200216,1,144
1460,3,B,1,208080505050,20200216,1,145
1461,4,B,0,208080505050,20200216,1,146
1462,3,B,1,208080505050,20200216,1,147
1463,4,B,0,208080505050,20200216,1,148
1464,3,B,1,208080505050,20200216,1,149
1465,4,B,1,208080505050,20200216,1,150
1466,3,B,1,208080505050,20200216,1,151
1467,4,B,0,208080505050,20200216,1,152
1468,3,B,1,208080505050,20200216,1,153
1469,4,B,0,208080505050,20200216,1,154
1470,3,B,1,208080505050,20200216,1,155
1471,4,B,1,208080505050,20200216,1,156
1472,3,B,1,208080505050,20200216,1,157
1473,4,B,0,208080505050,20200216,1,158
1474,3,B,0,208080505050,20200216,1,159
1475,4,B,0,208080505050,20200216,1,160
1476,3,B,1,208080505050,20200216,1,161
1477,4,B,1,208080505050,20200216,1,162
1478,3,B,0,208080505050,20200216,1,163
1479,4,B,1,208080505050,20200216,1,164
1480,3,B,1,208080505050,20200216,1,165
1481,4,B,0,208080505050,20200216,1,166
1482,3,B,1,208080505050,20200216,1,167
1483,4,B,1,208080505050,20200216,1,168
1484,3,B,1,208080505050,20200216,1,169
1485,4,B,1,208080505050,20200216,1,170
1486,3,B,1,208080505050,20200216,1,171
1487,4,B,1,208080505050,20200216,1,172
1488,3,B,1,208080505050,20200216,1,173
1489,4,B,0,208080505050,20200216,1,174
1490,3,B,1,208080505050,20200216,1,175
1491,4,B,0,208080505050,20200216,1,176
1492,3,B,1,208080505050,20200216,1,177
1493,4,B,1,208080505050,20200216,1,178
1494,3,B,1,208080505050,20200216,1,179
1495,4,B,0,208080505050,20200216,1,180
1496,3,B,1,208080505050,20200216,1,181
1497,4,B,1,208080505050,20200216,1,182
1498,3,B,1,208080505050,20200216,1,183
1499,4,B,1,208080505050,20200216,1,184
1500,3,B,1,208080505050,20200216,1,185
1501,4,B,1,208080505050,20200216,1,186
1502,3,B,1,208080505050,20200216,1,187
1503,4,B,1,208080505050,20200216,1,188
1504,3,B,1,208080505050,20200216,1,189
1505,4,B,1,208080505050,20200216,1,190
1506,3,B,1,208080505050,20200216,1,191
1507,4,B,0,208080505050,20200216,1,192
1508,3,B,0,208080505050,20200216,1,193
1509,4,B,1,208080505050,20200216,1,194
1510,3,B,1,208080505050,20200216,1,195
1511,4,B,1,208080505050,20200216,1,196
1512,3,B,1,208080505050,20200216,1,197
1513,4,B,0,208080505050,20200216,1,198
1514,3,B,0,208080505050,20200216,1,199
1515,2,A,1,208080505050,20200216,2,0
1516,1,A,0,208080505050,20200216,2,1
1517,2,A,1,208080505050,20200216,2,2
1518,1,A,1,208080505050,20200216,2,3
1519,2,A,1,208080505050,20200216,2,4
1520,5,C,1,208080505050,20200216,2,5
1521,6,C,1,208080505050,20200216,2,6
1522,5,C,0,208080505050,20200216,2,7
1523,6,C,1,208080505050,20200216,2,8
1524,5,C,1,208080505050,20200216,2,9
1525,6,C,1,208080505050,20200216,2,10
1526,5,C,1,208080505050,20200216,2,11
1527,6,C,0,208080505050,20200216,2,12
1528,5,C,0,208080505050,20200216,2,13
1529,6,C,1,208080505050,20200216,2,14
1530,5,C,1,208080505050,20200216,2,15
1531,4,B,0,208080505050,20200216,2,16
1532,3,B,1,208080505050,20200216,2,17
1533,4,B,1,208080505050,20200216,2,18
1534,3,B,1,208080505050,20200216,2,19
1535,4,B,1,208080505050,20200216,2,20
1536,3,B,1,208080505050,20200216,2,21
1537,4,B,1,208080505050,20200216,2,22
1538,3,B,1,208080505050,20200216,2,23
1539,4,B,1,208080505050,20200216,2,24
1540,3,B,1,208080505050,20200216,2,25
1541,4,B,0,208080505050,20200216,2,26
1542,3,B,1,208080505050,20200216,2,27
1543,4,B,0,208080505050,20200216,2,28
1544,3,B,1,208080505050,20200216,2,29
1545,4,B,0,208080505050,20200216,2,30
1546,3,B,0,208080505050,20200216,2,31
1547,4,B,0,208080505050,20200216,2,32
1548,3,B,1,208080505050,20200216,2,33
1549,4,B,1,208080505050,20200216,2,34
1550,3,B,1,208080505050,20200216,2,35
1551,4,B,1,208080505050,20200216,2,36
1552,3,B,1,208080505050,20200216,2,37
1553,4,B,1,208080505050,20200216,2,38
1554,3,B,0,208080505050,20200216,2,39
1555,4,B,1,208080505050,20200216,2,40
1556,3,B,1,208080505050,20200216,2,41
1557,4,B,1,208080505050,20200216,2,42
1558,3,B,1,208080505050,20200216,2,43
1559,4,B,0,208080505050,20200216,2,44
1560,3,B,1,208080505050,20200216,2,45
1561,4,B,1,208080505050,20200216,2,46
1562,3,B,1,208080505050,20200216,2,47
1563,4,B,1,208080505050,20200216,2,48
1564,3,B,0,208080505050,20200216,2,49
1565,4,B,1,208080505050,20200216,2,50
1566,3,B,1,208080505050,20200216,2,51
1567,4,B,1,208080505050,20200216,2,52
1568,3,B,1,208080505050,20200216,2,53
1569,4,B,1,208080505050,20200216,2,54
1570,3,B,1,208080505050,20200216,2,55
1571,4,B,0,208080505050,20200216,2,56
1572,3,B,1,208080505050,20200216,2,57
1573,4,B,0,208080505050,20200216,2,58
1574,3,B,1,208080505050,20200216,2,59
1575,4,B,1,208080505050,20200216,2,60
1576,3,B,1,208080505050,20200216,2,61
1577,4,B,1,208080505050,20200216,2,62
1578,3,B,1,208080505050,20200216,2,63
1579,4,B,0,208080505050,20200216,2,64
1580,3,B,1,208080505050,20200216,2,65
1581,4,B,1,208080505050,20200216,2,66
1582,3,B,1,208080505050,20200216,2,67
1583,4,B,0,208080505050,20200216,2,68
1584,3,B,1,208080505050,20200216,2,69
1585,4,B,0,208080505050,20200216,2,70
1586,3,B,1,208080505050,20200216,2,71
1587,4,B,1,208080505050,20200216,2,72
1588,3,B,1,208080505050,20200216,2,73
1589,4,B,0,208080505050,20200216,2,74
1590,3,B,1,208080505050,20200216,2,75
1591,4,B,1,208080505050,20200216,2,76
1592,3,B,1,208080505050,20200216,2,77
1593,4,B,0,208080505050,20200216,2,78
1594,3,B,1,208080505050,20200216,2,79
1595,4,B,0,208080505050,20200216,2,80
1596,3,B,1,208080505050,20200216,2,81
1597,4,B,1,208080505050,20200216,2,82
1598,3,B,1,208080505050,20200216,2,83
1599,4,B,0,208080505050,20200216,2,84
1600,3,B,1,208080505050,20200216,2,85
1601,4,B,1,208080505050,20200216,2,86
1602,3,B,0,208080505050,20200216,2,87
1603,4,B,1,208080505050,20200216,2,88
1604,3,B,1,208080505050,20200216,2,89
1605,4,B,1,208080505050,20200216,2,90
1606,3,B,1,208080505050,20200216,2,91
1607,4,B,0,208080505050,20200216,2,92
1608,3,B,0,208080505050,20200216,2,93
1609,4,B,0,208080505050,20200216,2,94
1610,3,B,1,208080505050,20200216,2,95
1611,4,B,0,208080505050,20200216,2,96
1612,3,B,1,208080505050,20200216,2,97
1613,4,B,1,208080505050,20200216,2,98
1614,3,B,1,208080505050,20200216,2,99
1615,4,B,1,502050808020,20200216,2,100
1616,3,B,1,502050808020,20200216,2,101
1617,4,B,1,502050808020,20200216,2,102
1618,3,B,1,502050808020,20200216,2,103
1619,4,B,1,502050808020,20200216,2,104
1620,3,B,1,502050808020,20200216,2,105
1621,4,B,1,502050808020,20200216,2,106
1622,3,B,1,502050808020,20200216,2,107
1623,4,B,1,502050808020,20200216,2,108
1624,3,B,0,502050808020,20200216,2,109
1625,4,B,1,502050808020,20200216,2,110
1626,3,B,1,502050808020,20200216,2,111
1627,4,B,1,502050808020,20200216,2,112
1628,3,B,0,502050808020,20200216,2,113
1629,4,B,0,502050808020,20200216,2,114
1630,3,B,1,502050808020,20200216,2,115
1631,4,B,1,502050808020,20200216,2,116
1632,3,B,1,502050808020,20200216,2,117
1633,4,B,1,502050808020,20200216,2,118
1634,3,B,1,502050808020,20200216,2,119
1635,4,B,1,502050808020,20200216,2,120
1636,3,B,0,502050808020,20200216,2,121
1637,4,B,0,502050808020,20200216,2,122
1638,3,B,0,502050808020,20200216,2,123
1639,4,B,1,502050808020,20200216,2,124
1640,3,B,1,502050808020,20200216,2,125
1641,4,B,0,502050808020,20200216,2,126
1642,3,B,0,502050808020,20200216,2,127
1643,4,B,1,502050808020,20200216,2,128
1644,3,B,1,502050808020,20200216,2,129
1645,4,B,1,502050808020,20200216,2,130
1646,3,B,1,502050808020,20200216,2,131
1647,4,B,0,502050808020,20200216,2,132
1648,3,B,0,502050808020,20200216,2,133
1649,4,B,1,502050808020,20200216,2,134
1650,3,B,1,502050808020,20200216,2,135
1651,4,B,0,502050808020,20200216,2,136
1652,3,B,1,502050808020,20200216,2,137
1653,4,B,1,502050808020,20200216,2,138
1654,3,B,1,502050808020,20200216,2,139
1655,4,B,1,502050808020,20200216,2,140
1656,3,B,1,502050808020,20200216,2,141
1657,4,B,0,502050808020,20200216,2,142
1658,3,B,1,502050808020,20200216,2,143
1659,4,B,1,502050808020,20200216,2,144
1660,3,B,1,502050808020,20200216,2,145
1661,4,B,1,502050808020,20200216,2,146
1662,3,B,0,502050808020,20200216,2,147
1663,4,B,0,502050808020,20200216,2,148
1664,3,B,1,502050808020,20200216,2,149
1665,4,B,0,502050808020,20200216,2,150
1666,3,B,0,502050808020,20200216,2,151
1667,4,B,1,502050808020,20200216,2,152
1668,3,B,1,502050808020,20200216,2,153
1669,4,B,1,502050808020,20200216,2,154
1670,3,B,1,502050808020,20200216,2,155
1671,4,B,0,502050808020,20200216,2,156
1672,3,B,0,502050808020,20200216,2,157
1673,4,B,1,502050808020,20200216,2,158
1674,3,B,1,502050808020,20200216,2,159
1675,4,B,1,502050808020,20200216,2,160
1676,3,B,0,502050808020,20200216,2,161
1677,4,B,1,502050808020,20200216,2,162
1678,3,B,0,502050808020,20200216,2,163
1679,4,B,1,502050808020,20200216,2,164
1680,3,B,0,502050808020,20200216,2,165
1681,4,B,1,502050808020,20200216,2,166
1682,3,B,0,502050808020,20200216,2,167
1683,4,B,1,502050808020,20200216,2,168
1684,3,B,1,502050808020,20200216,2,169
1685,4,B,1,502050808020,20200216,2,170
1686,3,B,1,502050808020,20200216,2,171
1687,4,B,0,502050808020,20200216,2,172
1688,3,B,1,502050808020,20200216,2,173
1689,4,B,1,502050808020,20200216,2,174
1690,3,B,1,502050808020,20200216,2,175
1691,4,B,1,502050808020,20200216,2,176
1692,3,B,0,502050808020,20200216,2,177
1693,4,B,1,502050808020,20200216,2,178
1694,3,B,0,502050808020,20200216,2,179
1695,4,B,1,502050808020,20200216,2,180
1696,3,B,1,502050808020,20200216,2,181
1697,4,B,1,502050808020,20200216,2,182
1698,3,B,0,502050808020,20200216,2,183
1699,4,B,1,502050808020,20200216,2,184
1700,3,B,0,502050808020,20200216,2,185
1701,4,B,1,502050808020,20200216,2,186
1702,3,B,1,502050808020,20200216,2,187
1703,4,B,1,502050808020,20200216,2,188
1704,3,B,0,502050808020,20200216,2,189
1705,4,B,1,502050808020,20200216,2,190
1706,3,B,1,502050808020,20200216,2,191
1707,4,B,1,502050808020,20200216,2,192
1708,3,B,0,502050808020,20200216,2,193
1709,4,B,1,502050808020,20200216,2,194
1710,3,B,0,502050808020,20200216,2,195
1711,4,B,1,502050808020,20200216,2,196
1712,3,B,1,502050808020,20200216,2,197
1713,4,B,1,502050808020,20200216,2,198
1714,3,B,0,502050808020,20200216,2,199
1715,2,A,0,502050808020,20200216,3,0
1716,1,A,1,502050808020,20200216,3,1
1717,2,A,0,502050808020,20200216,3,2
1718,1,A,0,502050808020,20200216,3,3
1719,2,A,0,502050808020,20200216,3,4
1720,3,B,0,502050808020,20200216,3,5
1721,4,B,0,502050808020,20200216,3,6
1722,3,B,1,502050808020,20200216,3,7
1723,4,B,1,502050808020,20200216,3,8
1724,3,B,0,502050808020,20200216,3,9
1725,4,B,0,502050808020,20200216,3,10
1726,3,B,1,502050808020,20200216,3,11
1727,4,B,0,502050808020,20200216,3,12
1728,3,B,0,502050808020,20200216,3,13
1729,4,B,1,502050808020,20200216,3,14
1730,3,B,0,502050808020,20200216,3,15
1731,4,B,1,502050808020,20200216,3,16
1732,3,B,1,502050808020,20200216,3,17
1733,4,B,1,502050808020,20200216,3,18
1734,3,B,0,502050808020,20200216,3,19
1735,4,B,1,502050808020,20200216,3,20
1736,3,B,0,502050808020,20200216,3,21
1737,4,B,1,502050808020,20200216,3,22
1738,3,B,1,502050808020,20200216,3,23
1739,4,B,1,502050808020,20200216,3,24
1740,3,B,1,502050808020,20200216,3,25
1741,4,B,1,502050808020,20200216,3,26
1742,3,B,1,502050808020,20200216,3,27
1743,4,B,1,502050808020,20200216,3,28
1744,3,B,1,502050808020,20200216,3,29
1745,4,B,1,502050808020,20200216,3,30
1746,3,B,0,502050808020,20200216,3,31
1747,4,B,1,502050808020,20200216,3,32
1748,3,B,1,502050808020,20200216,3,33
1749,4,B,1,502050808020,20200216,3,34
1750,3,B,0,502050808020,20200216,3,35
1751,4,B,1,502050808020,20200216,3,36
1752,3,B,1,502050808020,20200216,3,37
1753,4,B,1,502050808020,20200216,3,38
1754,3,B,0,502050808020,20200216,3,39
1755,4,B,1,502050808020,20200216,3,40
1756,3,B,1,502050808020,20200216,3,41
1757,4,B,1,502050808020,20200216,3,42
1758,3,B,1,502050808020,20200216,3,43
1759,4,B,1,502050808020,20200216,3,44
1760,3,B,1,502050808020,20200216,3,45
1761,4,B,1,502050808020,20200216,3,46
1762,3,B,1,502050808020,20200216,3,47
1763,4,B,1,502050808020,20200216,3,48
1764,3,B,0,502050808020,20200216,3,49
1765,4,B,1,502050808020,20200216,3,50
1766,3,B,1,502050808020,20200216,3,51
1767,4,B,1,502050808020,20200216,3,52
1768,3,B,1,502050808020,20200216,3,53
1769,4,B,1,502050808020,20200216,3,54
1770,3,B,1,502050808020,20200216,3,55
1771,4,B,1,502050808020,20200216,3,56
1772,3,B,1,502050808020,20200216,3,57
1773,4,B,1,502050808020,20200216,3,58
1774,3,B,1,502050808020,20200216,3,59
1775,4,B,1,502050808020,20200216,3,60
1776,3,B,1,502050808020,20200216,3,61
1777,4,B,1,502050808020,20200216,3,62
1778,3,B,1,502050808020,20200216,3,63
1779,4,B,1,502050808020,20200216,3,64
1780,3,B,0,502050808020,20200216,3,65
1781,4,B,1,502050808020,20200216,3,66
1782,3,B,0,502050808020,20200216,3,67
1783,4,B,1,502050808020,20200216,3,68
1784,3,B,0,502050808020,20200216,3,69
1785,4,B,1,502050808020,20200216,3,70
1786,3,B,0,502050808020,20200216,3,71
1787,4,B,1,502050808020,20200216,3,72
1788,3,B,1,502050808020,20200216,3,73
1789,4,B,1,502050808020,20200216,3,74
1790,3,B,1,502050808020,20200216,3,75
1791,4,B,1,502050808020,20200216,3,76
1792,3,B,0,502050808020,20200216,3,77
1793,4,B,1,502050808020,20200216,3,78
1794,3,B,0,502050808020,20200216,3,79
1795,4,B,1,502050808020,20200216,3,80
1796,3,B,0,502050808020,20200216,3,81
1797,4,B,1,502050808020,20200216,3,82
1798,3,B,1,502050808020,20200216,3,83
1799,4,B,1,502050808020,20200216,3,84
1800,3,B,1,502050808020,20200216,3,85
1801,4,B,1,502050808020,20200216,3,86
1802,3,B,0,502050808020,20200216,3,87
1803,4,B,1,502050808020,20200216,3,88
1804,3,B,1,502050808020,20200216,3,89
1805,4,B,1,502050808020,20200216,3,90
1806,3,B,0,502050808020,20200216,3,91
1807,4,B,0,502050808020,20200216,3,92
1808,3,B,0,502050808020,20200216,3,93
1809,4,B,1,502050808020,20200216,3,94
1810,3,B,0,502050808020,20200216,3,95
1811,4,B,1,502050808020,20200216,3,96
1812,3,B,0,502050808020,20200216,3,97
1813,4,B,1,502050808020,20200216,3,98
1814,3,B,1,502050808020,20200216,3,99
1815,4,B,0,805020202050,20200216,3,100
1816,3,B,0,805020202050,20200216,3,101
1817,4,B,1,805020202050,20200216,3,102
1818,3,B,0,805020202050,20200216,3,103
1819,4,B,1,805020202050,20200216,3,104
1820,3,B,0,805020202050,20200216,3,105
1821,4,B,0,805020202050,20200216,3,106
1822,3,B,0,805020202050,20200216,3,107
1823,4,B,0,805020202050,20200216,3,108
1824,3,B,0,805020202050,20200216,3,109
1825,4,B,0,805020202050,20200216,3,110
1826,3,B,0,805020202050,20200216,3,111
1827,4,B,0,805020202050,20200216,3,112
1828,3,B,0,805020202050,20200216,3,113
1829,4,B,1,805020202050,20200216,3,114
1830,3,B,0,805020202050,20200216,3,115
1831,4,B,1,805020202050,20200216,3,116
1832,3,B,0,805020202050,20200216,3,117
1833,4,B,0,805020202050,20200216,3,118
1834,3,B,1,805020202050,20200216,3,119
1835,4,B,0,805020202050,20200216,3,120
1836,3,B,0,805020202050,20200216,3,121
1837,4,B,0,805020202050,20200216,3,122
1838,3,B,0,805020202050,20200216,3,123
1839,4,B,0,805020202050,20200216,3,124
1840,5,C,0,805020202050,20200216,3,125
1841,6,C,0,805020202050,20200216,3,126
1842,5,C,0,805020202050,20200216,3,127
1843,6,C,0,805020202050,20200216,3,128
1844,5,C,0,805020202050,20200216,3,129
1845,6,C,0,805020202050,20200216,3,130
1846,1,A,1,805020202050,20200216,3,131
1847,2,A,0,805020202050,20200216,3,132
1848,1,A,1,805020202050,20200216,3,133
1849,2,A,0,805020202050,20200216,3,134
1850,1,A,0,805020202050,20200216,3,135
1851,2,A,1,805020202050,20200216,3,136
1852,1,A,1,805020202050,20200216,3,137
1853,2,A,1,805020202050,20200216,3,138
1854,1,A,1,805020202050,20200216,3,139
1855,2,A,1,805020202050,20200216,3,140
1856,1,A,0,805020202050,20200216,3,141
1857,2,A,1,805020202050,20200216,3,142
1858,1,A,1,805020202050,20200216,3,143
1859,2,A,0,805020202050,20200216,3,144
1860,1,A,1,805020202050,20200216,3,145
1861,2,A,0,805020202050,20200216,3,146
1862,1,A,1,805020202050,20200216,3,147
1863,2,A,0,805020202050,20200216,3,148
1864,1,A,1,805020202050,20200216,3,149
1865,2,A,1,805020202050,20200216,3,150
1866,1,A,0,805020202050,20200216,3,151
1867,2,A,0,805020202050,20200216,3,152
1868,1,A,0,805020202050,20200216,3,153
1869,2,A,0,805020202050,20200216,3,154
1870,1,A,1,805020202050,20200216,3,155
1871,2,A,1,805020202050,20200216,3,156
1872,1,A,0,805020202050,20200216,3,157
1873,2,A,1,805020202050,20200216,3,158
1874,1,A,1,805020202050,20200216,3,159
1875,2,A,1,805020202050,20200216,3,160
1876,1,A,1,805020202050,20200216,3,161
1877,2,A,1,805020202050,20200216,3,162
1878,1,A,1,805020202050,20200216,3,163
1879,2,A,1,805020202050,20200216,3,164
1880,1,A,1,805020202050,20200216,3,165
1881,2,A,1,805020202050,20200216,3,166
1882,1,A,1,805020202050,20200216,3,167
1883,2,A,0,805020202050,20200216,3,168
1884,1,A,1,805020202050,20200216,3,169
1885,2,A,1,805020202050,20200216,3,170
1886,1,A,1,805020202050,20200216,3,171
1887,2,A,1,805020202050,20200216,3,172
1888,1,A,1,805020202050,20200216,3,173
1889,2,A,1,805020202050,20200216,3,174
1890,1,A,1,805020202050,20200216,3,175
1891,2,A,1,805020202050,20200216,3,176
1892,1,A,1,805020202050,20200216,3,177
1893,2,A,0,805020202050,20200216,3,178
1894,1,A,0,805020202050,20200216,3,179
1895,2,A,1,805020202050,20200216,3,180
1896,1,A,1,805020202050,20200216,3,181
1897,2,A,0,805020202050,20200216,3,182
1898,1,A,1,805020202050,20200216,3,183
1899,2,A,1,805020202050,20200216,3,184
1900,1,A,1,805020202050,20200216,3,185
1901,2,A,1,805020202050,20200216,3,186
1902,1,A,1,805020202050,20200216,3,187
1903,2,A,1,805020202050,20200216,3,188
1904,1,A,1,805020202050,20200216,3,189
1905,2,A,1,805020202050,20200216,3,190
1906,1,A,1,805020202050,20200216,3,191
1907,2,A,1,805020202050,20200216,3,192
1908,1,A,0,805020202050,20200216,3,193
1909,2,A,0,805020202050,20200216,3,194
1910,1,A,1,805020202050,20200216,3,195
1911,2,A,0,805020202050,20200216,3,196
1912,1,A,0,805020202050,20200216,3,197
1913,2,A,1,805020202050,20200216,3,198
1914,1,A,1,805020202050,20200216,3,199
1915,3,B,0,805020202050,20200217,1,0
1916,4,B,0,805020202050,20200217,1,1
1917,3,B,0,805020202050,20200217,1,2
1918,4,B,0,805020202050,20200217,1,3
1919,5,C,0,805020202050,20200217,1,4
1920,6,C,0,805020202050,20200217,1,5
1921,5,C,0,805020202050,20200217,1,6
1922,6,C,0,805020202050,20200217,1,7
1923,2,A,1,805020202050,20200217,1,8
1924,1,A,1,805020202050,20200217,1,9
1925,2,A,0,805020202050,20200217,1,10
1926,1,A,0,805020202050,20200217,1,11
1927,2,A,1,805020202050,20200217,1,12
1928,3,B,0,805020202050,20200217,1,13
1929,4,B,0,805020202050,20200217,1,14
1930,3,B,0,805020202050,20200217,1,15
1931,4,B,1,805020202050,20200217,1,16
1932,3,B,0,805020202050,20200217,1,17
1933,4,B,0,805020202050,20200217,1,18
1934,5,C,0,805020202050,20200217,1,19
1935,6,C,0,805020202050,20200217,1,20
1936,5,C,1,805020202050,20200217,1,21
1937,6,C,0,805020202050,20200217,1,22
1938,5,C,0,805020202050,20200217,1,23
1939,6,C,1,805020202050,20200217,1,24
1940,5,C,0,805020202050,20200217,1,25
1941,6,C,0,805020202050,20200217,1,26
1942,5,C,0,805020202050,20200217,1,27
1943,6,C,0,805020202050,20200217,1,28
1944,2,A,0,805020202050,20200217,1,29
1945,1,A,1,805020202050,20200217,1,30
1946,2,A,1,805020202050,20200217,1,31
1947,1,A,1,805020202050,20200217,1,32
1948,2,A,1,805020202050,20200217,1,33
1949,1,A,1,805020202050,20200217,1,34
1950,2,A,1,805020202050,20200217,1,35
1951,1,A,1,805020202050,20200217,1,36
1952,2,A,0,805020202050,20200217,1,37
1953,1,A,1,805020202050,20200217,1,38
1954,2,A,1,805020202050,20200217,1,39
1955,1,A,1,805020202050,20200217,1,40
1956,2,A,1,805020202050,20200217,1,41
1957,1,A,1,805020202050,20200217,1,42
1958,2,A,0,805020202050,20200217,1,43
1959,1,A,1,805020202050,20200217,1,44
1960,2,A,0,805020202050,20200217,1,45
1961,1,A,1,805020202050,20200217,1,46
1962,2,A,0,805020202050,20200217,1,47
1963,1,A,1,805020202050,20200217,1,48
1964,2,A,0,805020202050,20200217,1,49
1965,4,B,0,805020202050,20200217,1,50
1966,3,B,1,805020202050,20200217,1,51
1967,4,B,1,805020202050,20200217,1,52
1968,3,B,0,805020202050,20200217,1,53
1969,4,B,0,805020202050,20200217,1,54
1970,3,B,1,805020202050,20200217,1,55
1971,4,B,0,805020202050,20200217,1,56
1972,3,B,0,805020202050,20200217,1,57
1973,4,B,0,805020202050,20200217,1,58
1974,3,B,0,805020202050,20200217,1,59
1975,4,B,0,805020202050,20200217,1,60
1976,5,C,0,805020202050,20200217,1,61
1977,6,C,0,805020202050,20200217,1,62
1978,5,C,1,805020202050,20200217,1,63
1979,6,C,0,805020202050,20200217,1,64
1980,5,C,0,805020202050,20200217,1,65
1981,6,C,1,805020202050,20200217,1,66
1982,5,C,0,805020202050,20200217,1,67
1983,6,C,1,805020202050,20200217,1,68
1984,5,C,1,805020202050,20200217,1,69
1985,6,C,0,805020202050,20200217,1,70
1986,5,C,0,805020202050,20200217,1,71
1987,6,C,0,805020202050,20200217,1,72
1988,2,A,0,805020202050,20200217,1,73
1989,1,A,1,805020202050,20200217,1,74
1990,2,A,1,805020202050,20200217,1,75
1991,1,A,1,805020202050,20200217,1,76
1992,2,A,0,805020202050,20200217,1,77
1993,1,A,1,805020202050,20200217,1,78
1994,2,A,1,805020202050,20200217,1,79
1995,1,A,1,805020202050,20200217,1,80
1996,2,A,0,805020202050,20200217,1,81
1997,1,A,1,805020202050,20200217,1,82
1998,2,A,1,805020202050,20200217,1,83
1999,1,A,0,805020202050,20200217,1,84
2000,2,A,1,805020202050,20200217,1,85
2001,5,C,1,805020202050,20200217,1,86
2002,6,C,0,805020202050,20200217,1,87
2003,5,C,0,805020202050,20200217,1,88
2004,6,C,0,805020202050,20200217,1,89
2005,5,C,0,805020202050,20200217,1,90
2006,6,C,0,805020202050,20200217,1,91
2007,5,C,0,805020202050,20200217,1,92
2008,2,A,1,805020202050,20200217,1,93
2009,1,A,1,805020202050,20200217,1,94
2010,2,A,1,805020202050,20200217,1,95
2011,1,A,1,805020202050,20200217,1,96
2012,2,A,0,805020202050,20200217,1,97
2013,1,A,0,805020202050,20200217,1,98
2014,2,A,0,805020202050,20200217,1,99
2015,1,A,0,208020508050,20200217,1,100
2016,2,A,1,208020508050,20200217,1,101
2017,1,A,0,208020508050,20200217,1,102
2018,2,A,1,208020508050,20200217,1,103
2019,1,A,0,208020508050,20200217,1,104
2020,2,A,1,208020508050,20200217,1,105
2021,1,A,0,208020508050,20200217,1,106
2022,2,A,0,208020508050,20200217,1,107
2023,1,A,1,208020508050,20200217,1,108
2024,2,A,0,208020508050,20200217,1,109
2025,1,A,0,208020508050,20200217,1,110
2026,2,A,0,208020508050,20200217,1,111
2027,1,A,0,208020508050,20200217,1,112
2028,2,A,1,208020508050,20200217,1,113
2029,1,A,0,208020508050,20200217,1,114
2030,2,A,1,208020508050,20200217,1,115
2031,1,A,0,208020508050,20200217,1,116
2032,2,A,1,208020508050,20200217,1,117
2033,5,C,0,208020508050,20200217,1,118
2034,6,C,0,208020508050,20200217,1,119
2035,5,C,1,208020508050,20200217,1,120
2036,6,C,1,208020508050,20200217,1,121
2037,5,C,1,208020508050,20200217,1,122
2038,6,C,0,208020508050,20200217,1,123
2039,5,C,1,208020508050,20200217,1,124
2040,6,C,0,208020508050,20200217,1,125
2041,5,C,1,208020508050,20200217,1,126
2042,6,C,0,208020508050,20200217,1,127
2043,5,C,0,208020508050,20200217,1,128
2044,6,C,0,208020508050,20200217,1,129
2045,5,C,1,208020508050,20200217,1,130
2046,2,A,1,208020508050,20200217,1,131
2047,1,A,0,208020508050,20200217,1,132
2048,2,A,1,208020508050,20200217,1,133
2049,1,A,0,208020508050,20200217,1,134
2050,2,A,1,208020508050,20200217,1,135
2051,1,A,0,208020508050,20200217,1,136
2052,2,A,1,208020508050,20200217,1,137
2053,1,A,0,208020508050,20200217,1,138
2054,2,A,1,208020508050,20200217,1,139
2055,4,B,0,208020508050,20200217,1,140
2056,3,B,0,208020508050,20200217,1,141
2057,4,B,1,208020508050,20200217,1,142
2058,3,B,0,208020508050,20200217,1,143
2059,4,B,1,208020508050,20200217,1,144
2060,3,B,0,208020508050,20200217,1,145
2061,4,B,1,208020508050,20200217,1,146
2062,3,B,0,208020508050,20200217,1,147
2063,4,B,0,208020508050,20200217,1,148
2064,3,B,0,208020508050,20200217,1,149
2065,4,B,1,208020508050,20200217,1,150
2066,3,B,1,208020508050,20200217,1,151
2067,4,B,0,208020508050,20200217,1,152
2068,3,B,0,208020508050,20200217,1,153
2069,4,B,1,208020508050,20200217,1,154
2070,3,B,0,208020508050,20200217,1,155
2071,4,B,1,208020508050,20200217,1,156
2072,3,B,0,208020508050,20200217,1,157
2073,4,B,0,208020508050,20200217,1,158
2074,3,B,0,208020508050,20200217,1,159
2075,4,B,0,208020508050,20200217,1,160
2076,3,B,0,208020508050,20200217,1,161
2077,4,B,0,208020508050,20200217,1,162
2078,1,A,0,208020508050,20200217,1,163
2079,2,A,1,208020508050,20200217,1,164
2080,1,A,0,208020508050,20200217,1,165
2081,2,A,1,208020508050,20200217,1,166
2082,1,A,0,208020508050,20200217,1,167
2083,2,A,1,208020508050,20200217,1,168
2084,1,A,1,208020508050,20200217,1,169
2085,2,A,1,208020508050,20200217,1,170
2086,1,A,0,208020508050,20200217,1,171
2087,2,A,1,208020508050,20200217,1,172
2088,1,A,0,208020508050,20200217,1,173
2089,2,A,1,208020508050,20200217,1,174
2090,1,A,0,208020508050,20200217,1,175
2091,2,A,0,208020508050,20200217,1,176
2092,1,A,0,208020508050,20200217,1,177
2093,2,A,1,208020508050,20200217,1,178
2094,1,A,0,208020508050,20200217,1,179
2095,2,A,1,208020508050,20200217,1,180
2096,1,A,0,208020508050,20200217,1,181
2097,2,A,0,208020508050,20200217,1,182
2098,1,A,0,208020508050,20200217,1,183
2099,2,A,0,208020508050,20200217,1,184
2100,5,C,1,208020508050,20200217,1,185
2101,6,C,0,208020508050,20200217,1,186
2102,5,C,1,208020508050,20200217,1,187
2103,6,C,0,208020508050,20200217,1,188
2104,5,C,1,208020508050,20200217,1,189
2105,6,C,0,208020508050,20200217,1,190
2106,5,C,1,208020508050,20200217,1,191
2107,6,C,1,208020508050,20200217,1,192
2108,5,C,1,208020508050,20200217,1,193
2109,6,C,0,208020508050,20200217,1,194
2110,5,C,0,208020508050,20200217,1,195
2111,6,C,0,208020508050,20200217,1,196
2112,5,C,1,208020508050,20200217,1,197
2113,6,C,0,208020508050,20200217,1,198
2114,5,C,0,208020508050,20200217,1,199
2115,3,B,0,208020508050,20200217,2,0
2116,4,B,1,208020508050,20200217,2,1
2117,1,A,0,208020508050,20200217,2,2
2118,2,A,1,208020508050,20200217,2,3
2119,1,A,0,208020508050,20200217,2,4
2120,2,A,1,208020508050,20200217,2,5
2121,1,A,0,208020508050,20200217,2,6
2122,2,A,1,208020508050,20200217,2,7
2123,5,C,1,208020508050,20200217,2,8
2124,6,C,1,208020508050,20200217,2,9
2125,5,C,0,208020508050,20200217,2,10
2126,6,C,1,208020508050,20200217,2,11
2127,5,C,0,208020508050,20200217,2,12
2128,6,C,1,208020508050,20200217,2,13
2129,3,B,0,208020508050,20200217,2,14
2130,4,B,1,208020508050,20200217,2,15
2131,3,B,0,208020508050,20200217,2,16
2132,4,B,0,208020508050,20200217,2,17
2133,3,B,0,208020508050,20200217,2,18
2134,4,B,1,208020508050,20200217,2,19
2135,2,A,0,208020508050,20200217,2,20
2136,1,A,0,208020508050,20200217,2,21
2137,2,A,0,208020508050,20200217,2,22
2138,5,C,1,208020508050,20200217,2,23
2139,6,C,1,208020508050,20200217,2,24
2140,5,C,0,208020508050,20200217,2,25
2141,6,C,0,208020508050,20200217,2,26
2142,5,C,1,208020508050,20200217,2,27
2143,6,C,1,208020508050,20200217,2,28
2144,5,C,0,208020508050,20200217,2,29
2145,6,C,0,208020508050,20200217,2,30
2146,5,C,1,208020508050,20200217,2,31
2147,6,C,1,208020508050,20200217,2,32
2148,5,C,1,208020508050,20200217,2,33
2149,6,C,1,208020508050,20200217,2,34
2150,5,C,1,208020508050,20200217,2,35
2151,6,C,0,208020508050,20200217,2,36
2152,5,C,1,208020508050,20200217,2,37
2153,6,C,1,208020508050,20200217,2,38
2154,5,C,0,208020508050,20200217,2,39
2155,6,C,1,208020508050,20200217,2,40
2156,5,C,1,208020508050,20200217,2,41
2157,6,C,1,208020508050,20200217,2,42
2158,5,C,1,208020508050,20200217,2,43
2159,6,C,0,208020508050,20200217,2,44
2160,5,C,1,208020508050,20200217,2,45
2161,6,C,1,208020508050,20200217,2,46
2162,5,C,1,208020508050,20200217,2,47
2163,6,C,0,208020508050,20200217,2,48
2164,5,C,1,208020508050,20200217,2,49
2165,6,C,1,208020508050,20200217,2,50
2166,5,C,1,208020508050,20200217,2,51
2167,6,C,1,208020508050,20200217,2,52
2168,5,C,1,208020508050,20200217,2,53
2169,6,C,1,208020508050,20200217,2,54
2170,5,C,1,208020508050,20200217,2,55
2171,6,C,1,208020508050,20200217,2,56
2172,5,C,0,208020508050,20200217,2,57
2173,6,C,0,208020508050,20200217,2,58
2174,5,C,1,208020508050,20200217,2,59
2175,2,A,1,208020508050,20200217,2,60
2176,1,A,1,208020508050,20200217,2,61
2177,2,A,1,208020508050,20200217,2,62
2178,1,A,0,208020508050,20200217,2,63
2179,2,A,1,208020508050,20200217,2,64
2180,1,A,0,208020508050,20200217,2,65
2181,2,A,1,208020508050,20200217,2,66
2182,1,A,0,208020508050,20200217,2,67
2183,2,A,1,208020508050,20200217,2,68
2184,5,C,1,208020508050,20200217,2,69
2185,6,C,0,208020508050,20200217,2,70
2186,5,C,1,208020508050,20200217,2,71
2187,6,C,1,208020508050,20200217,2,72
2188,5,C,1,208020508050,20200217,2,73
2189,6,C,1,208020508050,20200217,2,74
2190,5,C,0,208020508050,20200217,2,75
2191,6,C,0,208020508050,20200217,2,76
2192,5,C,0,208020508050,20200217,2,77
2193,6,C,1,208020508050,20200217,2,78
2194,5,C,1,208020508050,20200217,2,79
2195,6,C,0,208020508050,20200217,2,80
2196,5,C,1,208020508050,20200217,2,81
2197,6,C,0,208020508050,20200217,2,82
2198,5,C,1,208020508050,20200217,2,83
2199,6,C,1,208020508050,20200217,2,84
2200,5,C,1,208020508050,20200217,2,85
2201,6,C,1,208020508050,20200217,2,86
2202,5,C,0,208020508050,20200217,2,87
2203,6,C,0,208020508050,20200217,2,88
2204,5,C,1,208020508050,20200217,2,89
2205,6,C,1,208020508050,20200217,2,90
2206,5,C,1,208020508050,20200217,2,91
2207,6,C,0,208020508050,20200217,2,92
2208,5,C,1,208020508050,20200217,2,93
2209,6,C,0,208020508050,20200217,2,94
2210,5,C,1,208020508050,20200217,2,95
2211,6,C,0,208020508050,20200217,2,96
2212,5,C,1,208020508050,20200217,2,97
2213,6,C,1,208020508050,20200217,2,98
2214,5,C,1,208020508050,20200217,2,99
2215,6,C,0,508080202020,20200217,2,100
2216,5,C,1,508080202020,20200217,2,101
2217,6,C,0,508080202020,20200217,2,102
2218,5,C,0,508080202020,20200217,2,103
2219,6,C,0,508080202020,20200217,2,104
2220,5,C,0,508080202020,20200217,2,105
2221,2,A,0,508080202020,20200217,2,106
2222,1,A,1,508080202020,20200217,2,107
2223,2,A,1,508080202020,20200217,2,108
2224,1,A,1,508080202020,20200217,2,109
2225,2,A,1,508080202020,20200217,2,110
2226,1,A,0,508080202020,20200217,2,111
2227,2,A,1,508080202020,20200217,2,112
2228,1,A,1,508080202020,20200217,2,113
2229,2,A,0,508080202020,20200217,2,114
2230,5,C,0,508080202020,20200217,2,115
2231,6,C,0,508080202020,20200217,2,116
2232,5,C,1,508080202020,20200217,2,117
2233,6,C,0,508080202020,20200217,2,118
2234,5,C,0,508080202020,20200217,2,119
2235,6,C,0,508080202020,20200217,2,120
2236,5,C,1,508080202020,20200217,2,121
2237,6,C,0,508080202020,20200217,2,122
2238,5,C,0,508080202020,20200217,2,123
2239,6,C,0,508080202020,20200217,2,124
2240,5,C,0,508080202020,20200217,2,125
2241,2,A,1,508080202020,20200217,2,126
2242,1,A,1,508080202020,20200217,2,127
2243,2,A,1,508080202020,20200217,2,128
2244,1,A,0,508080202020,20200217,2,129
2245,2,A,1,508080202020,20200217,2,130
2246,1,A,1,508080202020,20200217,2,131
2247,2,A,1,508080202020,20200217,2,132
2248,1,A,0,508080202020,20200217,2,133
2249,2,A,1,508080202020,20200217,2,134
2250,1,A,0,508080202020,20200217,2,135
2251,2,A,1,508080202020,20200217,2,136
2252,1,A,0,508080202020,20200217,2,137
2253,2,A,0,508080202020,20200217,2,138
2254,1,A,1,508080202020,20200217,2,139
2255,2,A,1,508080202020,20200217,2,140
2256,1,A,0,508080202020,20200217,2,141
2257,2,A,1,508080202020,20200217,2,142
2258,1,A,1,508080202020,20200217,2,143
2259,2,A,1,508080202020,20200217,2,144
2260,5,C,1,508080202020,20200217,2,145
2261,6,C,0,508080202020,20200217,2,146
2262,5,C,0,508080202020,20200217,2,147
2263,6,C,0,508080202020,20200217,2,148
2264,5,C,0,508080202020,20200217,2,149
2265,2,A,1,508080202020,20200217,2,150
2266,1,A,0,508080202020,20200217,2,151
2267,2,A,0,508080202020,20200217,2,152
2268,1,A,0,508080202020,20200217,2,153
2269,2,A,1,508080202020,20200217,2,154
2270,3,B,1,508080202020,20200217,2,155
2271,4,B,1,508080202020,20200217,2,156
2272,3,B,1,508080202020,20200217,2,157
2273,4,B,0,508080202020,20200217,2,158
2274,3,B,1,508080202020,20200217,2,159
2275,4,B,0,508080202020,20200217,2,160
2276,3,B,1,508080202020,20200217,2,161
2277,4,B,0,508080202020,20200217,2,162
2278,3,B,1,508080202020,20200217,2,163
2279,4,B,0,508080202020,20200217,2,164
2280,3,B,1,508080202020,20200217,2,165
2281,4,B,0,508080202020,20200217,2,166
2282,3,B,1,508080202020,20200217,2,167
2283,4,B,0,508080202020,20200217,2,168
2284,3,B,1,508080202020,20200217,2,169
2285,4,B,0,508080202020,20200217,2,170
2286,3,B,0,508080202020,20200217,2,171
2287,4,B,1,508080202020,20200217,2,172
2288,3,B,1,508080202020,20200217,2,173
2289,4,B,1,508080202020,20200217,2,174
2290,3,B,1,508080202020,20200217,2,175
2291,4,B,1,508080202020,20200217,2,176
2292,3,B,0,508080202020,20200217,2,177
2293,4,B,0,508080202020,20200217,2,178
2294,3,B,1,508080202020,20200217,2,179
2295,4,B,0,508080202020,20200217,2,180
2296,3,B,1,508080202020,20200217,2,181
2297,4,B,0,508080202020,20200217,2,182
2298,3,B,1,508080202020,20200217,2,183
2299,4,B,0,508080202020,20200217,2,184
2300,3,B,1,508080202020,20200217,2,185
2301,4,B,0,508080202020,20200217,2,186
2302,3,B,0,508080202020,20200217,2,187
2303,4,B,0,508080202020,20200217,2,188
2304,3,B,0,508080202020,20200217,2,189
2305,4,B,0,508080202020,20200217,2,190
2306,3,B,0,508080202020,20200217,2,191
2307,4,B,0,508080202020,20200217,2,192
2308,3,B,1,508080202020,20200217,2,193
2309,4,B,0,508080202020,20200217,2,194
2310,3,B,1,508080202020,20200217,2,195
2311,4,B,0,508080202020,20200217,2,196
2312,3,B,1,508080202020,20200217,2,197
2313,4,B,0,508080202020,20200217,2,198
2314,3,B,1,508080202020,20200217,2,199
2315,1,A,0,508080202020,20200217,3,0
2316,2,A,1,508080202020,20200217,3,1
2317,5,C,0,508080202020,20200217,3,2
2318,6,C,0,508080202020,20200217,3,3
2319,4,B,0,508080202020,20200217,3,4
2320,3,B,1,508080202020,20200217,3,5
2321,4,B,0,508080202020,20200217,3,6
2322,3,B,1,508080202020,20200217,3,7
2323,4,B,0,508080202020,20200217,3,8
2324,3,B,1,508080202020,20200217,3,9
2325,4,B,0,508080202020,20200217,3,10
2326,3,B,0,508080202020,20200217,3,11
2327,2,A,1,508080202020,20200217,3,12
2328,1,A,1,508080202020,20200217,3,13
2329,2,A,1,508080202020,20200217,3,14
2330,5,C,0,508080202020,20200217,3,15
2331,6,C,0,508080202020,20200217,3,16
2332,5,C,1,508080202020,20200217,3,17
2333,6,C,1,508080202020,20200217,3,18
2334,5,C,1,508080202020,20200217,3,19
2335,6,C,0,508080202020,20200217,3,20
2336,5,C,0,508080202020,20200217,3,21
2337,2,A,1,508080202020,20200217,3,22
2338,1,A,1,508080202020,20200217,3,23
2339,2,A,0,508080202020,20200217,3,24
2340,1,A,1,508080202020,20200217,3,25
2341,2,A,0,508080202020,20200217,3,26
2342,1,A,1,508080202020,20200217,3,27
2343,2,A,1,508080202020,20200217,3,28
2344,1,A,0,508080202020,20200217,3,29
2345,2,A,1,508080202020,20200217,3,30
2346,1,A,1,508080202020,20200217,3,31
2347,2,A,1,508080202020,20200217,3,32
2348,5,C,0,508080202020,20200217,3,33
2349,6,C,1,508080202020,20200217,3,34
2350,5,C,0,508080202020,20200217,3,35
2351,6,C,0,508080202020,20200217,3,36
2352,5,C,0,508080202020,20200217,3,37
2353,3,B,1,508080202020,20200217,3,38
2354,4,B,0,508080202020,20200217,3,39
2355,3,B,0,508080202020,20200217,3,40
2356,4,B,0,508080202020,20200217,3,41
2357,3,B,1,508080202020,20200217,3,42
2358,2,A,1,508080202020,20200217,3,43
2359,1,A,1,508080202020,20200217,3,44
2360,2,A,0,508080202020,20200217,3,45
2361,1,A,0,508080202020,20200217,3,46
2362,2,A,1,508080202020,20200217,3,47
2363,1,A,1,508080202020,20200217,3,48
2364,2,A,1,508080202020,20200217,3,49
2365,1,A,1,508080202020,20200217,3,50
2366,2,A,1,508080202020,20200217,3,51
2367,1,A,0,508080202020,20200217,3,52
2368,2,A,0,508080202020,20200217,3,53
2369,1,A,1,508080202020,20200217,3,54
2370,2,A,1,508080202020,20200217,3,55
2371,1,A,0,508080202020,20200217,3,56
2372,2,A,1,508080202020,20200217,3,57
2373,1,A,0,508080202020,20200217,3,58
2374,2,A,0,508080202020,20200217,3,59
2375,1,A,0,508080202020,20200217,3,60
2376,2,A,1,508080202020,20200217,3,61
2377,1,A,0,508080202020,20200217,3,62
2378,2,A,1,508080202020,20200217,3,63
2379,1,A,1,508080202020,20200217,3,64
2380,2,A,1,508080202020,20200217,3,65
2381,1,A,0,508080202020,20200217,3,66
2382,2,A,1,508080202020,20200217,3,67
2383,1,A,0,508080202020,20200217,3,68
2384,2,A,1,508080202020,20200217,3,69
2385,1,A,1,508080202020,20200217,3,70
2386,2,A,1,508080202020,20200217,3,71
2387,1,A,1,508080202020,20200217,3,72
2388,2,A,1,508080202020,20200217,3,73
2389,1,A,0,508080202020,20200217,3,74
2390,2,A,1,508080202020,20200217,3,75
2391,1,A,0,508080202020,20200217,3,76
2392,2,A,1,508080202020,20200217,3,77
2393,1,A,0,508080202020,20200217,3,78
2394,2,A,1,508080202020,20200217,3,79
2395,1,A,0,508080202020,20200217,3,80
2396,2,A,1,508080202020,20200217,3,81
2397,1,A,1,508080202020,20200217,3,82
2398,2,A,1,508080202020,20200217,3,83
2399,1,A,0,508080202020,20200217,3,84
2400,2,A,1,508080202020,20200217,3,85
2401,1,A,1,508080202020,20200217,3,86
2402,2,A,1,508080202020,20200217,3,87
2403,1,A,0,508080202020,20200217,3,88
2404,2,A,1,508080202020,20200217,3,89
2405,1,A,0,508080202020,20200217,3,90
2406,2,A,1,508080202020,20200217,3,91
2407,1,A,0,508080202020,20200217,3,92
2408,2,A,1,508080202020,20200217,3,93
2409,1,A,0,508080202020,20200217,3,94
2410,2,A,1,508080202020,20200217,3,95
2411,1,A,1,508080202020,20200217,3,96
2412,2,A,1,508080202020,20200217,3,97
2413,1,A,0,508080202020,20200217,3,98
2414,2,A,1,508080202020,20200217,3,99
2415,1,A,1,502050805050,20200217,3,100
2416,2,A,0,502050805050,20200217,3,101
2417,1,A,1,502050805050,20200217,3,102
2418,2,A,1,502050805050,20200217,3,103
2419,1,A,1,502050805050,20200217,3,104
2420,2,A,0,502050805050,20200217,3,105
2421,1,A,0,502050805050,20200217,3,106
2422,2,A,0,502050805050,20200217,3,107
2423,1,A,0,502050805050,20200217,3,108
2424,2,A,0,502050805050,20200217,3,109
2425,5,C,1,502050805050,20200217,3,110
2426,6,C,1,502050805050,20200217,3,111
2427,5,C,0,502050805050,20200217,3,112
2428,6,C,1,502050805050,20200217,3,113
2429,5,C,1,502050805050,20200217,3,114
2430,6,C,0,502050805050,20200217,3,115
2431,5,C,1,502050805050,20200217,3,116
2432,6,C,0,502050805050,20200217,3,117
2433,5,C,0,502050805050,20200217,3,118
2434,6,C,1,502050805050,20200217,3,119
2435,5,C,0,502050805050,20200217,3,120
2436,6,C,0,502050805050,20200217,3,121
2437,5,C,0,502050805050,20200217,3,122
2438,3,B,1,502050805050,20200217,3,123
2439,4,B,1,502050805050,20200217,3,124
2440,3,B,1,502050805050,20200217,3,125
2441,4,B,1,502050805050,20200217,3,126
2442,3,B,1,502050805050,20200217,3,127
2443,4,B,1,502050805050,20200217,3,128
2444,3,B,1,502050805050,20200217,3,129
2445,4,B,1,502050805050,20200217,3,130
2446,3,B,0,502050805050,20200217,3,131
2447,4,B,1,502050805050,20200217,3,132
2448,3,B,0,502050805050,20200217,3,133
2449,4,B,1,502050805050,20200217,3,134
2450,3,B,0,502050805050,20200217,3,135
2451,4,B,0,502050805050,20200217,3,136
2452,3,B,0,502050805050,20200217,3,137
2453,4,B,1,502050805050,20200217,3,138
2454,3,B,1,502050805050,20200217,3,139
2455,4,B,0,502050805050,20200217,3,140
2456,3,B,0,502050805050,20200217,3,141
2457,4,B,0,502050805050,20200217,3,142
2458,3,B,1,502050805050,20200217,3,143
2459,4,B,1,502050805050,20200217,3,144
2460,3,B,1,502050805050,20200217,3,145
2461,4,B,1,502050805050,20200217,3,146
2462,3,B,1,502050805050,20200217,3,147
2463,4,B,1,502050805050,20200217,3,148
2464,3,B,1,502050805050,20200217,3,149
2465,4,B,1,502050805050,20200217,3,150
2466,3,B,1,502050805050,20200217,3,151
2467,4,B,1,502050805050,20200217,3,152
2468,3,B,0,502050805050,20200217,3,153
2469,4,B,1,502050805050,20200217,3,154
2470,3,B,1,502050805050,20200217,3,155
2471,4,B,0,502050805050,20200217,3,156
2472,3,B,1,502050805050,20200217,3,157
2473,4,B,1,502050805050,20200217,3,158
2474,3,B,0,502050805050,20200217,3,159
2475,4,B,1,502050805050,20200217,3,160
2476,3,B,0,502050805050,20200217,3,161
2477,4,B,1,502050805050,20200217,3,162
2478,3,B,1,502050805050,20200217,3,163
2479,4,B,1,502050805050,20200217,3,164
2480,3,B,0,502050805050,20200217,3,165
2481,4,B,1,502050805050,20200217,3,166
2482,3,B,0,502050805050,20200217,3,167
2483,4,B,1,502050805050,20200217,3,168
2484,3,B,1,502050805050,20200217,3,169
2485,4,B,1,502050805050,20200217,3,170
2486,3,B,1,502050805050,20200217,3,171
2487,4,B,1,502050805050,20200217,3,172
2488,3,B,0,502050805050,20200217,3,173
2489,4,B,1,502050805050,20200217,3,174
2490,3,B,0,502050805050,20200217,3,175
2491,4,B,1,502050805050,20200217,3,176
2492,3,B,0,502050805050,20200217,3,177
2493,4,B,1,502050805050,20200217,3,178
2494,3,B,0,502050805050,20200217,3,179
2495,4,B,1,502050805050,20200217,3,180
2496,3,B,1,502050805050,20200217,3,181
2497,4,B,1,502050805050,20200217,3,182
2498,3,B,1,502050805050,20200217,3,183
2499,4,B,1,502050805050,20200217,3,184
2500,3,B,1,502050805050,20200217,3,185
2501,4,B,1,502050805050,20200217,3,186
2502,3,B,1,502050805050,20200217,3,187
2503,4,B,1,502050805050,20200217,3,188
2504,3,B,0,502050805050,20200217,3,189
2505,4,B,0,502050805050,20200217,3,190
2506,3,B,0,502050805050,20200217,3,191
2507,4,B,1,502050805050,20200217,3,192
2508,3,B,0,502050805050,20200217,3,193
2509,4,B,1,502050805050,20200217,3,194
2510,3,B,1,502050805050,20200217,3,195
2511,4,B,1,502050805050,20200217,3,196
2512,3,B,0,502050805050,20200217,3,197
2513,4,B,1,502050805050,20200217,3,198
2514,3,B,1,502050805050,20200217,3,199
2515,3,B,1,502050805050,20200218,1,0
2516,4,B,1,502050805050,20200218,1,1
2517,3,B,1,502050805050,20200218,1,2
2518,4,B,1,502050805050,20200218,1,3
2519,3,B,0,502050805050,20200218,1,4
2520,4,B,1,502050805050,20200218,1,5
2521,3,B,1,502050805050,20200218,1,6
2522,4,B,1,502050805050,20200218,1,7
2523,3,B,0,502050805050,20200218,1,8
2524,4,B,1,502050805050,20200218,1,9
2525,3,B,0,502050805050,20200218,1,10
2526,4,B,1,502050805050,20200218,1,11
2527,5,C,1,502050805050,20200218,1,12
2528,6,C,0,502050805050,20200218,1,13
2529,5,C,0,502050805050,20200218,1,14
2530,2,A,0,502050805050,20200218,1,15
2531,1,A,1,502050805050,20200218,1,16
2532,2,A,0,502050805050,20200218,1,17
2533,1,A,1,502050805050,20200218,1,18
2534,2,A,0,502050805050,20200218,1,19
2535,4,B,1,502050805050,20200218,1,20
2536,3,B,0,502050805050,20200218,1,21
2537,4,B,1,502050805050,20200218,1,22
2538,3,B,1,502050805050,20200218,1,23
2539,4,B,1,502050805050,20200218,1,24
2540,3,B,0,502050805050,20200218,1,25
2541,4,B,1,502050805050,20200218,1,26
2542,3,B,0,502050805050,20200218,1,27
2543,4,B,0,502050805050,20200218,1,28
2544,3,B,0,502050805050,20200218,1,29
2545,4,B,1,502050805050,20200218,1,30
2546,5,C,1,502050805050,20200218,1,31
2547,6,C,0,502050805050,20200218,1,32
2548,5,C,0,502050805050,20200218,1,33
2549,6,C,0,502050805050,20200218,1,34
2550,5,C,0,502050805050,20200218,1,35
2551,2,A,0,502050805050,20200218,1,36
2552,1,A,0,502050805050,20200218,1,37
2553,2,A,0,502050805050,20200218,1,38
2554,1,A,0,502050805050,20200218,1,39
2555,2,A,0,502050805050,20200218,1,40
2556,4,B,1,502050805050,20200218,1,41
2557,3,B,1,502050805050,20200218,1,42
2558,4,B,0,502050805050,20200218,1,43
2559,3,B,0,502050805050,20200218,1,44
2560,4,B,1,502050805050,20200218,1,45
2561,3,B,0,502050805050,20200218,1,46
2562,4,B,1,502050805050,20200218,1,47
2563,3,B,1,502050805050,20200218,1,48
2564,4,B,0,502050805050,20200218,1,49
2565,3,B,1,502050805050,20200218,1,50
2566,4,B,1,502050805050,20200218,1,51
2567,3,B,1,502050805050,20200218,1,52
2568,4,B,1,502050805050,20200218,1,53
2569,3,B,0,502050805050,20200218,1,54
2570,4,B,1,502050805050,20200218,1,55
2571,3,B,1,502050805050,20200218,1,56
2572,4,B,1,502050805050,20200218,1,57
2573,3,B,0,502050805050,20200218,1,58
2574,4,B,1,502050805050,20200218,1,59
2575,3,B,1,502050805050,20200218,1,60
2576,4,B,1,502050805050,20200218,1,61
2577,3,B,1,502050805050,20200218,1,62
2578,4,B,1,502050805050,20200218,1,63
2579,3,B,0,502050805050,20200218,1,64
2580,4,B,1,502050805050,20200218,1,65
2581,3,B,0,502050805050,20200218,1,66
2582,4,B,1,502050805050,20200218,1,67
2583,3,B,0,502050805050,20200218,1,68
2584,4,B,1,502050805050,20200218,1,69
2585,3,B,0,502050805050,20200218,1,70
2586,4,B,1,502050805050,20200218,1,71
2587,3,B,1,502050805050,20200218,1,72
2588,4,B,0,502050805050,20200218,1,73
2589,3,B,1,502050805050,20200218,1,74
2590,4,B,0,502050805050,20200218,1,75
2591,3,B,0,502050805050,20200218,1,76
2592,4,B,1,502050805050,20200218,1,77
2593,3,B,0,502050805050,20200218,1,78
2594,4,B,1,502050805050,20200218,1,79
2595,3,B,1,502050805050,20200218,1,80
2596,4,B,0,502050805050,20200218,1,81
2597,3,B,1,502050805050,20200218,1,82
2598,4,B,1,502050805050,20200218,1,83
2599,3,B,0,502050805050,20200218,1,84
2600,4,B,1,502050805050,20200218,1,85
2601,3,B,1,502050805050,20200218,1,86
2602,4,B,1,502050805050,20200218,1,87
2603,3,B,1,502050805050,20200218,1,88
2604,4,B,1,502050805050,20200218,1,89
2605,3,B,0,502050805050,20200218,1,90
2606,4,B,1,502050805050,20200218,1,91
2607,3,B,0,502050805050,20200218,1,92
2608,4,B,1,502050805050,20200218,1,93
2609,3,B,0,502050805050,20200218,1,94
2610,4,B,1,502050805050,20200218,1,95
2611,3,B,0,502050805050,20200218,1,96
2612,4,B,0,502050805050,20200218,1,97
2613,3,B,0,502050805050,20200218,1,98
2614,4,B,1,502050805050,20200218,1,99
2615,3,B,1,202050208020,20200218,1,100
2616,4,B,0,202050208020,20200218,1,101
2617,3,B,1,202050208020,20200218,1,102
2618,4,B,0,202050208020,20200218,1,103
2619,3,B,1,202050208020,20200218,1,104
2620,4,B,0,202050208020,20200218,1,105
2621,3,B,1,202050208020,20200218,1,106
2622,4,B,0,202050208020,20200218,1,107
2623,3,B,0,202050208020,20200218,1,108
2624,4,B,0,202050208020,20200218,1,109
2625,3,B,0,202050208020,20200218,1,110
2626,4,B,0,202050208020,20200218,1,111
2627,5,C,0,202050208020,20200218,1,112
2628,6,C,0,202050208020,20200218,1,113
2629,5,C,1,202050208020,20200218,1,114
2630,6,C,0,202050208020,20200218,1,115
2631,5,C,0,202050208020,20200218,1,116
2632,2,A,1,202050208020,20200218,1,117
2633,1,A,0,202050208020,20200218,1,118
2634,2,A,0,202050208020,20200218,1,119
2635,1,A,0,202050208020,20200218,1,120
2636,2,A,0,202050208020,20200218,1,121
2637,4,B,0,202050208020,20200218,1,122
2638,3,B,0,202050208020,20200218,1,123
2639,4,B,0,202050208020,20200218,1,124
2640,3,B,1,202050208020,20200218,1,125
2641,4,B,0,202050208020,20200218,1,126
2642,3,B,0,202050208020,20200218,1,127
2643,4,B,0,202050208020,20200218,1,128
2644,3,B,0,202050208020,20200218,1,129
2645,4,B,1,202050208020,20200218,1,130
2646,3,B,0,202050208020,20200218,1,131
2647,4,B,0,202050208020,20200218,1,132
2648,3,B,1,202050208020,20200218,1,133
2649,4,B,1,202050208020,20200218,1,134
2650,3,B,0,202050208020,20200218,1,135
2651,4,B,0,202050208020,20200218,1,136
2652,3,B,1,202050208020,20200218,1,137
2653,4,B,0,202050208020,20200218,1,138
2654,3,B,1,202050208020,20200218,1,139
2655,4,B,0,202050208020,20200218,1,140
2656,3,B,1,202050208020,20200218,1,141
2657,4,B,0,202050208020,20200218,1,142
2658,3,B,0,202050208020,20200218,1,143
2659,4,B,1,202050208020,20200218,1,144
2660,3,B,1,202050208020,20200218,1,145
2661,4,B,0,202050208020,20200218,1,146
2662,3,B,1,202050208020,20200218,1,147
2663,4,B,0,202050208020,20200218,1,148
2664,3,B,0,202050208020,20200218,1,149
2665,4,B,0,202050208020,20200218,1,150
2666,3,B,0,202050208020,20200218,1,151
2667,4,B,0,202050208020,20200218,1,152
2668,3,B,1,202050208020,20200218,1,153
2669,4,B,0,202050208020,20200218,1,154
2670,3,B,0,202050208020,20200218,1,155
2671,4,B,0,202050208020,20200218,1,156
2672,3,B,0,202050208020,20200218,1,157
2673,4,B,0,202050208020,20200218,1,158
2674,3,B,0,202050208020,20200218,1,159
2675,4,B,0,202050208020,20200218,1,160
2676,3,B,1,202050208020,20200218,1,161
2677,4,B,0,202050208020,20200218,1,162
2678,3,B,1,202050208020,20200218,1,163
2679,4,B,0,202050208020,20200218,1,164
2680,3,B,1,202050208020,20200218,1,165
2681,4,B,0,202050208020,20200218,1,166
2682,3,B,1,202050208020,20200218,1,167
2683,4,B,0,202050208020,20200218,1,168
2684,3,B,0,202050208020,20200218,1,169
2685,4,B,0,202050208020,20200218,1,170
2686,3,B,1,202050208020,20200218,1,171
2687,4,B,1,202050208020,20200218,1,172
2688,3,B,0,202050208020,20200218,1,173
2689,4,B,0,202050208020,20200218,1,174
2690,3,B,0,202050208020,20200218,1,175
2691,4,B,1,202050208020,20200218,1,176
2692,3,B,0,202050208020,20200218,1,177
2693,4,B,0,202050208020,20200218,1,178
2694,3,B,0,202050208020,20200218,1,179
2695,4,B,0,202050208020,20200218,1,180
2696,3,B,1,202050208020,20200218,1,181
2697,4,B,0,202050208020,20200218,1,182
2698,3,B,1,202050208020,20200218,1,183
2699,4,B,0,202050208020,20200218,1,184
2700,3,B,1,202050208020,20200218,1,185
2701,4,B,0,202050208020,20200218,1,186
2702,3,B,1,202050208020,20200218,1,187
2703,4,B,0,202050208020,20200218,1,188
2704,3,B,1,202050208020,20200218,1,189
2705,4,B,0,202050208020,20200218,1,190
2706,3,B,1,202050208020,20200218,1,191
2707,4,B,1,202050208020,20200218,1,192
2708,3,B,1,202050208020,20200218,1,193
2709,4,B,0,202050208020,20200218,1,194
2710,3,B,0,202050208020,20200218,1,195
2711,4,B,0,202050208020,20200218,1,196
2712,3,B,1,202050208020,20200218,1,197
2713,4,B,0,202050208020,20200218,1,198
2714,3,B,1,202050208020,20200218,1,199
2715,2,A,0,202050208020,20200218,2,0
2716,1,A,0,202050208020,20200218,2,1
2717,2,A,0,202050208020,20200218,2,2
2718,5,C,1,202050208020,20200218,2,3
2719,6,C,0,202050208020,20200218,2,4
2720,5,C,1,202050208020,20200218,2,5
2721,4,B,0,202050208020,20200218,2,6
2722,3,B,1,202050208020,20200218,2,7
2723,4,B,0,202050208020,20200218,2,8
2724,3,B,1,202050208020,20200218,2,9
2725,4,B,0,202050208020,20200218,2,10
2726,3,B,1,202050208020,20200218,2,11
2727,2,A,1,202050208020,20200218,2,12
2728,1,A,1,202050208020,20200218,2,13
2729,2,A,0,202050208020,20200218,2,14
2730,5,C,1,202050208020,20200218,2,15
2731,6,C,0,202050208020,20200218,2,16
2732,5,C,0,202050208020,20200218,2,17
2733,2,A,0,202050208020,20200218,2,18
2734,1,A,1,202050208020,20200218,2,19
2735,2,A,0,202050208020,20200218,2,20
2736,1,A,0,202050208020,20200218,2,21
2737,2,A,0,202050208020,20200218,2,22
2738,3,B,1,202050208020,20200218,2,23
2739,4,B,0,202050208020,20200218,2,24
2740,3,B,1,202050208020,20200218,2,25
2741,4,B,0,202050208020,20200218,2,26
2742,3,B,0,202050208020,20200218,2,27
2743,4,B,0,202050208020,20200218,2,28
2744,3,B,0,202050208020,20200218,2,29
2745,4,B,0,202050208020,20200218,2,30
2746,3,B,0,202050208020,20200218,2,31
2747,1,A,0,202050208020,20200218,2,32
2748,2,A,0,202050208020,20200218,2,33
2749,5,C,1,202050208020,20200218,2,34
2750,6,C,0,202050208020,20200218,2,35
2751,5,C,1,202050208020,20200218,2,36
2752,6,C,0,202050208020,20200218,2,37
2753,5,C,1,202050208020,20200218,2,38
2754,3,B,0,202050208020,20200218,2,39
2755,4,B,0,202050208020,20200218,2,40
2756,3,B,1,202050208020,20200218,2,41
2757,4,B,0,202050208020,20200218,2,42
2758,3,B,0,202050208020,20200218,2,43
2759,4,B,0,202050208020,20200218,2,44
2760,3,B,0,202050208020,20200218,2,45
2761,2,A,1,202050208020,20200218,2,46
2762,1,A,1,202050208020,20200218,2,47
2763,2,A,0,202050208020,20200218,2,48
2764,1,A,0,202050208020,20200218,2,49
2765,2,A,0,202050208020,20200218,2,50
2766,1,A,0,202050208020,20200218,2,51
2767,2,A,0,202050208020,20200218,2,52
2768,1,A,1,202050208020,20200218,2,53
2769,2,A,0,202050208020,20200218,2,54
2770,1,A,0,202050208020,20200218,2,55
2771,5,C,0,202050208020,20200218,2,56
2772,6,C,0,202050208020,20200218,2,57
2773,5,C,0,202050208020,20200218,2,58
2774,3,B,1,202050208020,20200218,2,59
2775,4,B,0,202050208020,20200218,2,60
2776,3,B,0,202050208020,20200218,2,61
2777,4,B,0,202050208020,20200218,2,62
2778,3,B,1,202050208020,20200218,2,63
2779,4,B,0,202050208020,20200218,2,64
2780,3,B,1,202050208020,20200218,2,65
2781,4,B,0,202050208020,20200218,2,66
2782,3,B,0,202050208020,20200218,2,67
2783,4,B,1,202050208020,20200218,2,68
2784,3,B,1,202050208020,20200218,2,69
2785,4,B,1,202050208020,20200218,2,70
2786,3,B,1,202050208020,20200218,2,71
2787,4,B,0,202050208020,20200218,2,72
2788,3,B,1,202050208020,20200218,2,73
2789,4,B,0,202050208020,20200218,2,74
2790,3,B,0,202050208020,20200218,2,75
2791,4,B,0,202050208020,20200218,2,76
2792,3,B,0,202050208020,20200218,2,77
2793,4,B,1,202050208020,20200218,2,78
2794,3,B,1,202050208020,20200218,2,79
2795,4,B,1,202050208020,20200218,2,80
2796,3,B,1,202050208020,20200218,2,81
2797,4,B,1,202050208020,20200218,2,82
2798,3,B,0,202050208020,20200218,2,83
2799,4,B,0,202050208020,20200218,2,84
2800,3,B,0,202050208020,20200218,2,85
2801,4,B,0,202050208020,20200218,2,86
2802,3,B,1,202050208020,20200218,2,87
2803,4,B,1,202050208020,20200218,2,88
2804,3,B,1,202050208020,20200218,2,89
2805,4,B,0,202050208020,20200218,2,90
2806,3,B,1,202050208020,20200218,2,91
2807,4,B,0,202050208020,20200218,2,92
2808,3,B,0,202050208020,20200218,2,93
2809,4,B,0,202050208020,20200218,2,94
2810,3,B,1,202050208020,20200218,2,95
2811,4,B,0,202050208020,20200218,2,96
2812,3,B,0,202050208020,20200218,2,97
2813,4,B,0,202050208020,20200218,2,98
2814,3,B,1,202050208020,20200218,2,99
2815,4,B,0,508020202080,20200218,2,100
2816,3,B,0,508020202080,20200218,2,101
2817,4,B,0,508020202080,20200218,2,102
2818,3,B,1,508020202080,20200218,2,103
2819,4,B,1,508020202080,20200218,2,104
2820,3,B,0,508020202080,20200218,2,105
2821,4,B,0,508020202080,20200218,2,106
2822,3,B,0,508020202080,20200218,2,107
2823,4,B,0,508020202080,20200218,2,108
2824,3,B,0,508020202080,20200218,2,109
2825,4,B,0,508020202080,20200218,2,110
2826,3,B,0,508020202080,20200218,2,111
2827,4,B,0,508020202080,20200218,2,112
2828,3,B,0,508020202080,20200218,2,113
2829,4,B,0,508020202080,20200218,2,114
2830,3,B,0,508020202080,20200218,2,115
2831,2,A,0,508020202080,20200218,2,116
2832,1,A,0,508020202080,20200218,2,117
2833,2,A,1,508020202080,20200218,2,118
2834,1,A,1,508020202080,20200218,2,119
2835,2,A,1,508020202080,20200218,2,120
2836,1,A,1,508020202080,20200218,2,121
2837,2,A,1,508020202080,20200218,2,122
2838,1,A,1,508020202080,20200218,2,123
2839,2,A,1,508020202080,20200218,2,124
2840,1,A,0,508020202080,20200218,2,125
2841,2,A,1,508020202080,20200218,2,126
2842,1,A,0,508020202080,20200218,2,127
2843,2,A,0,508020202080,20200218,2,128
2844,3,B,0,508020202080,20200218,2,129
2845,4,B,0,508020202080,20200218,2,130
2846,3,B,0,508020202080,20200218,2,131
2847,4,B,0,508020202080,20200218,2,132
2848,3,B,0,508020202080,20200218,2,133
2849,4,B,1,508020202080,20200218,2,134
2850,3,B,0,508020202080,20200218,2,135
2851,4,B,1,508020202080,20200218,2,136
2852,3,B,0,508020202080,20200218,2,137
2853,4,B,0,508020202080,20200218,2,138
2854,3,B,1,508020202080,20200218,2,139
2855,4,B,0,508020202080,20200218,2,140
2856,3,B,0,508020202080,20200218,2,141
2857,4,B,0,508020202080,20200218,2,142
2858,3,B,0,508020202080,20200218,2,143
2859,4,B,0,508020202080,20200218,2,144
2860,3,B,0,508020202080,20200218,2,145
2861,4,B,0,508020202080,20200218,2,146
2862,3,B,0,508020202080,20200218,2,147
2863,4,B,0,508020202080,20200218,2,148
2864,3,B,1,508020202080,20200218,2,149
2865,4,B,0,508020202080,20200218,2,150
2866,3,B,1,508020202080,20200218,2,151
2867,4,B,1,508020202080,20200218,2,152
2868,3,B,0,508020202080,20200218,2,153
2869,4,B,0,508020202080,20200218,2,154
2870,3,B,0,508020202080,20200218,2,155
2871,4,B,0,508020202080,20200218,2,156
2872,3,B,0,508020202080,20200218,2,157
2873,4,B,0,508020202080,20200218,2,158
2874,3,B,0,508020202080,20200218,2,159
2875,1,A,0,508020202080,20200218,2,160
2876,2,A,1,508020202080,20200218,2,161
2877,1,A,0,508020202080,20200218,2,162
2878,2,A,0,508020202080,20200218,2,163
2879,1,A,0,508020202080,20200218,2,164
2880,2,A,1,508020202080,20200218,2,165
2881,1,A,1,508020202080,20200218,2,166
2882,2,A,0,508020202080,20200218,2,167
2883,1,A,0,508020202080,20200218,2,168
2884,2,A,1,508020202080,20200218,2,169
2885,1,A,1,508020202080,20200218,2,170
2886,2,A,1,508020202080,20200218,2,171
2887,1,A,1,508020202080,20200218,2,172
2888,2,A,1,508020202080,20200218,2,173
2889,1,A,1,508020202080,20200218,2,174
2890,2,A,1,508020202080,20200218,2,175
2891,1,A,1,508020202080,20200218,2,176
2892,2,A,1,508020202080,20200218,2,177
2893,1,A,1,508020202080,20200218,2,178
2894,2,A,1,508020202080,20200218,2,179
2895,1,A,1,508020202080,20200218,2,180
2896,2,A,1,508020202080,20200218,2,181
2897,1,A,0,508020202080,20200218,2,182
2898,2,A,1,508020202080,20200218,2,183
2899,1,A,1,508020202080,20200218,2,184
2900,2,A,1,508020202080,20200218,2,185
2901,1,A,0,508020202080,20200218,2,186
2902,2,A,1,508020202080,20200218,2,187
2903,1,A,1,508020202080,20200218,2,188
2904,2,A,1,508020202080,20200218,2,189
2905,1,A,1,508020202080,20200218,2,190
2906,2,A,1,508020202080,20200218,2,191
2907,1,A,0,508020202080,20200218,2,192
2908,2,A,1,508020202080,20200218,2,193
2909,1,A,0,508020202080,20200218,2,194
2910,2,A,1,508020202080,20200218,2,195
2911,1,A,1,508020202080,20200218,2,196
2912,2,A,1,508020202080,20200218,2,197
2913,1,A,0,508020202080,20200218,2,198
2914,2,A,1,508020202080,20200218,2,199
2915,3,B,0,805020802050,20200219,1,0
2916,1,A,0,805020802050,20200219,1,1
2917,2,A,0,805020802050,20200219,1,2
2918,5,C,1,805020802050,20200219,1,3
2919,6,C,1,805020802050,20200219,1,4
2920,5,C,0,805020802050,20200219,1,5
2921,6,C,0,805020802050,20200219,1,6
2922,4,B,1,805020802050,20200219,1,7
2923,3,B,1,805020802050,20200219,1,8
2924,4,B,1,805020802050,20200219,1,9
2925,3,B,1,805020802050,20200219,1,10
2926,4,B,1,805020802050,20200219,1,11
2927,3,B,1,805020802050,20200219,1,12
2928,4,B,1,805020802050,20200219,1,13
2929,3,B,0,805020802050,20200219,1,14
2930,4,B,1,805020802050,20200219,1,15
2931,3,B,1,805020802050,20200219,1,16
2932,4,B,1,805020802050,20200219,1,17
2933,3,B,0,805020802050,20200219,1,18
2934,4,B,1,805020802050,20200219,1,19
2935,2,A,0,805020802050,20200219,1,20
2936,1,A,1,805020802050,20200219,1,21
2937,2,A,0,805020802050,20200219,1,22
2938,1,A,1,805020802050,20200219,1,23
2939,2,A,1,805020802050,20200219,1,24
2940,1,A,1,805020802050,20200219,1,25
2941,2,A,0,805020802050,20200219,1,26
2942,5,C,0,805020802050,20200219,1,27
2943,6,C,0,805020802050,20200219,1,28
2944,5,C,0,805020802050,20200219,1,29
2945,6,C,0,805020802050,20200219,1,30
2946,5,C,1,805020802050,20200219,1,31
2947,6,C,1,805020802050,20200219,1,32
2948,5,C,0,805020802050,20200219,1,33
2949,6,C,0,805020802050,20200219,1,34
2950,5,C,0,805020802050,20200219,1,35
2951,4,B,1,805020802050,20200219,1,36
2952,3,B,0,805020802050,20200219,1,37
2953,4,B,1,805020802050,20200219,1,38
2954,3,B,1,805020802050,20200219,1,39
2955,4,B,1,805020802050,20200219,1,40
2956,3,B,0,805020802050,20200219,1,41
2957,4,B,1,805020802050,20200219,1,42
2958,3,B,1,805020802050,20200219,1,43
2959,4,B,0,805020802050,20200219,1,44
2960,3,B,0,805020802050,20200219,1,45
2961,4,B,1,805020802050,20200219,1,46
2962,3,B,0,805020802050,20200219,1,47
2963,4,B,1,805020802050,20200219,1,48
2964,3,B,0,805020802050,20200219,1,49
2965,4,B,1,805020802050,20200219,1,50
2966,3,B,0,805020802050,20200219,1,51
2967,4,B,1,805020802050,20200219,1,52
2968,3,B,0,805020802050,20200219,1,53
2969,4,B,1,805020802050,20200219,1,54
2970,3,B,0,805020802050,20200219,1,55
2971,4,B,1,805020802050,20200219,1,56
2972,3,B,0,805020802050,20200219,1,57
2973,4,B,1,805020802050,20200219,1,58
2974,3,B,0,805020802050,20200219,1,59
2975,4,B,1,805020802050,20200219,1,60
2976,3,B,1,805020802050,20200219,1,61
2977,4,B,1,805020802050,20200219,1,62
2978,3,B,0,805020802050,20200219,1,63
2979,4,B,1,805020802050,20200219,1,64
2980,3,B,0,805020802050,20200219,1,65
2981,4,B,1,805020802050,20200219,1,66
2982,3,B,0,805020802050,20200219,1,67
2983,4,B,1,805020802050,20200219,1,68
2984,3,B,0,805020802050,20200219,1,69
2985,4,B,1,805020802050,20200219,1,70
2986,3,B,1,805020802050,20200219,1,71
2987,4,B,1,805020802050,20200219,1,72
2988,3,B,1,805020802050,20200219,1,73
2989,4,B,1,805020802050,20200219,1,74
2990,3,B,0,805020802050,20200219,1,75
2991,4,B,1,805020802050,20200219,1,76
2992,3,B,1,805020802050,20200219,1,77
2993,4,B,1,805020802050,20200219,1,78
2994,3,B,0,805020802050,20200219,1,79
2995,4,B,1,805020802050,20200219,1,80
2996,3,B,0,805020802050,20200219,1,81
2997,4,B,1,805020802050,20200219,1,82
2998,3,B,0,805020802050,20200219,1,83
2999,4,B,1,805020802050,20200219,1,84
3000,3,B,0,805020802050,20200219,1,85
3001,4,B,1,805020802050,20200219,1,86
3002,3,B,1,805020802050,20200219,1,87
3003,4,B,1,805020802050,20200219,1,88
3004,3,B,0,805020802050,20200219,1,89
3005,4,B,1,805020802050,20200219,1,90
3006,3,B,0,805020802050,20200219,1,91
3007,4,B,1,805020802050,20200219,1,92
3008,3,B,0,805020802050,20200219,1,93
3009,4,B,1,805020802050,20200219,1,94
3010,3,B,0,805020802050,20200219,1,95
3011,4,B,0,805020802050,20200219,1,96
3012,3,B,0,805020802050,20200219,1,97
3013,4,B,1,805020802050,20200219,1,98
3014,3,B,0,805020802050,20200219,1,99
3015,4,B,0,202020202050,20200219,1,100
3016,3,B,0,202020202050,20200219,1,101
3017,4,B,0,202020202050,20200219,1,102
3018,3,B,0,202020202050,20200219,1,103
3019,4,B,1,202020202050,20200219,1,104
3020,1,A,0,202020202050,20200219,1,105
3021,2,A,0,202020202050,20200219,1,106
3022,1,A,0,202020202050,20200219,1,107
3023,2,A,0,202020202050,20200219,1,108
3024,1,A,1,202020202050,20200219,1,109
3025,2,A,0,202020202050,20200219,1,110
3026,1,A,1,202020202050,20200219,1,111
3027,2,A,0,202020202050,20200219,1,112
3028,1,A,1,202020202050,20200219,1,113
3029,2,A,0,202020202050,20200219,1,114
3030,1,A,0,202020202050,20200219,1,115
3031,2,A,0,202020202050,20200219,1,116
3032,1,A,0,202020202050,20200219,1,117
3033,5,C,0,202020202050,20200219,1,118
3034,6,C,0,202020202050,20200219,1,119
3035,5,C,0,202020202050,20200219,1,120
3036,6,C,1,202020202050,20200219,1,121
3037,5,C,0,202020202050,20200219,1,122
3038,6,C,1,202020202050,20200219,1,123
3039,5,C,0,202020202050,20200219,1,124
3040,6,C,0,202020202050,20200219,1,125
3041,5,C,0,202020202050,20200219,1,126
3042,6,C,0,202020202050,20200219,1,127
3043,4,B,1,202020202050,20200219,1,128
3044,3,B,0,202020202050,20200219,1,129
3045,4,B,0,202020202050,20200219,1,130
3046,3,B,0,202020202050,20200219,1,131
3047,4,B,0,202020202050,20200219,1,132
3048,3,B,1,202020202050,20200219,1,133
3049,4,B,1,202020202050,20200219,1,134
3050,3,B,0,202020202050,20200219,1,135
3051,4,B,0,202020202050,20200219,1,136
3052,3,B,1,202020202050,20200219,1,137
3053,4,B,0,202020202050,20200219,1,138
3054,3,B,0,202020202050,20200219,1,139
3055,4,B,0,202020202050,20200219,1,140
3056,3,B,0,202020202050,20200219,1,141
3057,4,B,0,202020202050,20200219,1,142
3058,3,B,0,202020202050,20200219,1,143
3059,4,B,0,202020202050,20200219,1,144
3060,3,B,0,202020202050,20200219,1,145
3061,4,B,0,202020202050,20200219,1,146
3062,3,B,1,202020202050,20200219,1,147
3063,4,B,0,202020202050,20200219,1,148
3064,3,B,0,202020202050,20200219,1,149
3065,4,B,0,202020202050,20200219,1,150
3066,3,B,0,202020202050,20200219,1,151
3067,4,B,0,202020202050,20200219,1,152
3068,3,B,0,202020202050,20200219,1,153
3069,4,B,1,202020202050,20200219,1,154
3070,3,B,0,202020202050,20200219,1,155
3071,4,B,0,202020202050,20200219,1,156
3072,3,B,0,202020202050,20200219,1,157
3073,4,B,0,202020202050,20200219,1,158
3074,3,B,0,202020202050,20200219,1,159
3075,4,B,0,202020202050,20200219,1,160
3076,3,B,0,202020202050,20200219,1,161
3077,1,A,0,202020202050,20200219,1,162
3078,2,A,0,202020202050,20200219,1,163
3079,1,A,0,202020202050,20200219,1,164
3080,2,A,1,202020202050,20200219,1,165
3081,1,A,0,202020202050,20200219,1,166
3082,2,A,1,202020202050,20200219,1,167
3083,1,A,0,202020202050,20200219,1,168
3084,2,A,0,202020202050,20200219,1,169
3085,1,A,0,202020202050,20200219,1,170
3086,2,A,1,202020202050,20200219,1,171
3087,1,A,0,202020202050,20200219,1,172
3088,2,A,0,202020202050,20200219,1,173
3089,1,A,0,202020202050,20200219,1,174
3090,2,A,0,202020202050,20200219,1,175
3091,1,A,0,202020202050,20200219,1,176
3092,2,A,0,202020202050,20200219,1,177
3093,5,C,1,202020202050,20200219,1,178
3094,6,C,0,202020202050,20200219,1,179
3095,5,C,0,202020202050,20200219,1,180
3096,6,C,1,202020202050,20200219,1,181
3097,5,C,1,202020202050,20200219,1,182
3098,6,C,1,202020202050,20200219,1,183
3099,5,C,0,202020202050,20200219,1,184
3100,6,C,1,202020202050,20200219,1,185
3101,5,C,0,202020202050,20200219,1,186
3102,6,C,1,202020202050,20200219,1,187
3103,5,C,0,202020202050,20200219,1,188
3104,6,C,0,202020202050,20200219,1,189
3105,5,C,0,202020202050,20200219,1,190
3106,6,C,0,202020202050,20200219,1,191
3107,5,C,0,202020202050,20200219,1,192
3108,6,C,1,202020202050,20200219,1,193
3109,5,C,0,202020202050,20200219,1,194
3110,6,C,1,202020202050,20200219,1,195
3111,5,C,0,202020202050,20200219,1,196
3112,6,C,1,202020202050,20200219,1,197
3113,5,C,0,202020202050,20200219,1,198
3114,6,C,1,202020202050,20200219,1,199
3115,3,B,0,202020202050,20200219,2,0
3116,4,B,0,202020202050,20200219,2,1
3117,2,A,0,202020202050,20200219,2,2
3118,1,A,0,202020202050,20200219,2,3
3119,2,A,0,202020202050,20200219,2,4
3120,5,C,0,202020202050,20200219,2,5
3121,6,C,0,202020202050,20200219,2,6
3122,5,C,0,202020202050,20200219,2,7
3123,6,C,1,202020202050,20200219,2,8
3124,4,B,1,202020202050,20200219,2,9
3125,3,B,0,202020202050,20200219,2,10
3126,4,B,0,202020202050,20200219,2,11
3127,3,B,0,202020202050,20200219,2,12
3128,4,B,0,202020202050,20200219,2,13
3129,3,B,0,202020202050,20200219,2,14
3130,2,A,0,202020202050,20200219,2,15
3131,1,A,0,202020202050,20200219,2,16
3132,2,A,0,202020202050,20200219,2,17
3133,1,A,0,202020202050,20200219,2,18
3134,2,A,1,202020202050,20200219,2,19
3135,5,C,0,202020202050,20200219,2,20
3136,6,C,0,202020202050,20200219,2,21
3137,5,C,0,202020202050,20200219,2,22
3138,6,C,0,202020202050,20200219,2,23
3139,5,C,0,202020202050,20200219,2,24
3140,6,C,1,202020202050,20200219,2,25
3141,4,B,0,202020202050,20200219,2,26
3142,3,B,0,202020202050,20200219,2,27
3143,4,B,0,202020202050,20200219,2,28
3144,3,B,0,202020202050,20200219,2,29
3145,4,B,1,202020202050,20200219,2,30
3146,3,B,1,202020202050,20200219,2,31
3147,4,B,0,202020202050,20200219,2,32
3148,3,B,0,202020202050,20200219,2,33
3149,4,B,0,202020202050,20200219,2,34
3150,3,B,0,202020202050,20200219,2,35
3151,4,B,0,202020202050,20200219,2,36
3152,3,B,1,202020202050,20200219,2,37
3153,4,B,0,202020202050,20200219,2,38
3154,3,B,0,202020202050,20200219,2,39
3155,4,B,1,202020202050,20200219,2,40
3156,3,B,0,202020202050,20200219,2,41
3157,4,B,1,202020202050,20200219,2,42
3158,3,B,0,202020202050,20200219,2,43
3159,4,B,0,202020202050,20200219,2,44
3160,3,B,0,202020202050,20200219,2,45
3161,4,B,0,202020202050,20200219,2,46
3162,3,B,1,202020202050,20200219,2,47
3163,4,B,1,202020202050,20200219,2,48
3164,3,B,0,202020202050,20200219,2,49
3165,4,B,0,202020202050,20200219,2,50
3166,3,B,0,202020202050,20200219,2,51
3167,4,B,1,202020202050,20200219,2,52
3168,3,B,0,202020202050,20200219,2,53
3169,4,B,0,202020202050,20200219,2,54
3170,3,B,0,202020202050,20200219,2,55
3171,4,B,0,202020202050,20200219,2,56
3172,3,B,0,202020202050,20200219,2,57
3173,4,B,0,202020202050,20200219,2,58
3174,3,B,0,202020202050,20200219,2,59
3175,4,B,0,202020202050,20200219,2,60
3176,3,B,0,202020202050,20200219,2,61
3177,4,B,0,202020202050,20200219,2,62
3178,3,B,0,202020202050,20200219,2,63
3179,4,B,0,202020202050,20200219,2,64
3180,5,C,1,202020202050,20200219,2,65
3181,6,C,1,202020202050,20200219,2,66
3182,5,C,0,202020202050,20200219,2,67
3183,6,C,0,202020202050,20200219,2,68
3184,5,C,0,202020202050,20200219,2,69
3185,6,C,0,202020202050,20200219,2,70
3186,5,C,0,202020202050,20200219,2,71
3187,6,C,1,202020202050,20200219,2,72
3188,5,C,0,202020202050,20200219,2,73
3189,6,C,0,202020202050,20200219,2,74
3190,2,A,0,202020202050,20200219,2,75
3191,1,A,0,202020202050,20200219,2,76
3192,2,A,1,202020202050,20200219,2,77
3193,1,A,0,202020202050,20200219,2,78
3194,2,A,0,202020202050,20200219,2,79
3195,1,A,0,202020202050,20200219,2,80
3196,2,A,0,202020202050,20200219,2,81
3197,1,A,0,202020202050,20200219,2,82
3198,2,A,0,202020202050,20200219,2,83
3199,4,B,0,202020202050,20200219,2,84
3200,3,B,0,202020202050,20200219,2,85
3201,4,B,0,202020202050,20200219,2,86
3202,3,B,0,202020202050,20200219,2,87
3203,4,B,0,202020202050,20200219,2,88
3204,5,C,1,202020202050,20200219,2,89
3205,6,C,0,202020202050,20200219,2,90
3206,5,C,1,202020202050,20200219,2,91
3207,6,C,0,202020202050,20200219,2,92
3208,5,C,0,202020202050,20200219,2,93
3209,6,C,1,202020202050,20200219,2,94
3210,5,C,0,202020202050,20200219,2,95
3211,6,C,1,202020202050,20200219,2,96
3212,5,C,0,202020202050,20200219,2,97
3213,6,C,0,202020202050,20200219,2,98
3214,5,C,0,202020202050,20200219,2,99
3215,6,C,0,508080202020,20200219,2,100
3216,5,C,0,508080202020,20200219,2,101
3217,6,C,0,508080202020,20200219,2,102
3218,5,C,0,508080202020,20200219,2,103
3219,6,C,0,508080202020,20200219,2,104
3220,5,C,0,508080202020,20200219,2,105
3221,6,C,0,508080202020,20200219,2,106
3222,4,B,0,508080202020,20200219,2,107
3223,3,B,1,508080202020,20200219,2,108
3224,4,B,0,508080202020,20200219,2,109
3225,3,B,1,508080202020,20200219,2,110
3226,4,B,1,508080202020,20200219,2,111
3227,3,B,1,508080202020,20200219,2,112
3228,4,B,0,508080202020,20200219,2,113
3229,3,B,1,508080202020,20200219,2,114
3230,4,B,0,508080202020,20200219,2,115
3231,3,B,1,508080202020,20200219,2,116
3232,4,B,0,508080202020,20200219,2,117
3233,3,B,0,508080202020,20200219,2,118
3234,4,B,1,508080202020,20200219,2,119
3235,3,B,1,508080202020,20200219,2,120
3236,4,B,0,508080202020,20200219,2,121
3237,3,B,1,508080202020,20200219,2,122
3238,4,B,0,508080202020,20200219,2,123
3239,3,B,1,508080202020,20200219,2,124
3240,4,B,0,508080202020,20200219,2,125
3241,3,B,1,508080202020,20200219,2,126
3242,4,B,0,508080202020,20200219,2,127
3243,3,B,1,508080202020,20200219,2,128
3244,4,B,0,508080202020,20200219,2,129
3245,3,B,0,508080202020,20200219,2,130
3246,4,B,0,508080202020,20200219,2,131
3247,3,B,1,508080202020,20200219,2,132
3248,4,B,0,508080202020,20200219,2,133
3249,3,B,1,508080202020,20200219,2,134
3250,4,B,0,508080202020,20200219,2,135
3251,3,B,1,508080202020,20200219,2,136
3252,4,B,0,508080202020,20200219,2,137
3253,3,B,1,508080202020,20200219,2,138
3254,4,B,0,508080202020,20200219,2,139
3255,3,B,0,508080202020,20200219,2,140
3256,4,B,0,508080202020,20200219,2,141
3257,3,B,1,508080202020,20200219,2,142
3258,4,B,1,508080202020,20200219,2,143
3259,3,B,1,508080202020,20200219,2,144
3260,4,B,0,508080202020,20200219,2,145
3261,3,B,1,508080202020,20200219,2,146
3262,4,B,0,508080202020,20200219,2,147
3263,3,B,1,508080202020,20200219,2,148
3264,4,B,0,508080202020,20200219,2,149
3265,3,B,0,508080202020,20200219,2,150
3266,4,B,0,508080202020,20200219,2,151
3267,3,B,1,508080202020,20200219,2,152
3268,4,B,0,508080202020,20200219,2,153
3269,3,B,1,508080202020,20200219,2,154
3270,4,B,1,508080202020,20200219,2,155
3271,3,B,0,508080202020,20200219,2,156
3272,4,B,1,508080202020,20200219,2,157
3273,3,B,1,508080202020,20200219,2,158
3274,4,B,1,508080202020,20200219,2,159
3275,3,B,1,508080202020,20200219,2,160
3276,4,B,0,508080202020,20200219,2,161
3277,3,B,1,508080202020,20200219,2,162
3278,4,B,0,508080202020,20200219,2,163
3279,3,B,0,508080202020,20200219,2,164
3280,4,B,1,508080202020,20200219,2,165
3281,3,B,1,508080202020,20200219,2,166
3282,4,B,0,508080202020,20200219,2,167
3283,3,B,1,508080202020,20200219,2,168
3284,4,B,0,508080202020,20200219,2,169
3285,3,B,1,508080202020,20200219,2,170
3286,4,B,0,508080202020,20200219,2,171
3287,3,B,1,508080202020,20200219,2,172
3288,4,B,1,508080202020,20200219,2,173
3289,3,B,1,508080202020,20200219,2,174
3290,4,B,1,508080202020,20200219,2,175
3291,3,B,1,508080202020,20200219,2,176
3292,4,B,0,508080202020,20200219,2,177
3293,3,B,1,508080202020,20200219,2,178
3294,4,B,0,508080202020,20200219,2,179
3295,3,B,1,508080202020,20200219,2,180
3296,4,B,0,508080202020,20200219,2,181
3297,3,B,1,508080202020,20200219,2,182
3298,4,B,0,508080202020,20200219,2,183
3299,3,B,0,508080202020,20200219,2,184
3300,4,B,0,508080202020,20200219,2,185
3301,3,B,1,508080202020,20200219,2,186
3302,4,B,0,508080202020,20200219,2,187
3303,3,B,1,508080202020,20200219,2,188
3304,4,B,0,508080202020,20200219,2,189
3305,3,B,1,508080202020,20200219,2,190
3306,4,B,0,508080202020,20200219,2,191
3307,3,B,1,508080202020,20200219,2,192
3308,4,B,0,508080202020,20200219,2,193
3309,3,B,1,508080202020,20200219,2,194
3310,4,B,0,508080202020,20200219,2,195
3311,3,B,1,508080202020,20200219,2,196
3312,4,B,0,508080202020,20200219,2,197
3313,3,B,1,508080202020,20200219,2,198
3314,4,B,0,508080202020,20200219,2,199
3315,1,A,0,508080202020,20200219,3,0
3316,2,A,1,508080202020,20200219,3,1
3317,5,C,0,508080202020,20200219,3,2
3318,6,C,0,508080202020,20200219,3,3
3319,5,C,1,508080202020,20200219,3,4
3320,6,C,0,508080202020,20200219,3,5
3321,3,B,1,508080202020,20200219,3,6
3322,4,B,1,508080202020,20200219,3,7
3323,3,B,1,508080202020,20200219,3,8
3324,4,B,0,508080202020,20200219,3,9
3325,3,B,1,508080202020,20200219,3,10
3326,2,A,1,508080202020,20200219,3,11
3327,1,A,0,508080202020,20200219,3,12
3328,2,A,1,508080202020,20200219,3,13
3329,1,A,1,508080202020,20200219,3,14
3330,2,A,1,508080202020,20200219,3,15
3331,1,A,0,508080202020,20200219,3,16
3332,2,A,0,508080202020,20200219,3,17
3333,1,A,1,508080202020,20200219,3,18
3334,2,A,1,508080202020,20200219,3,19
3335,5,C,0,508080202020,20200219,3,20
3336,6,C,0,508080202020,20200219,3,21
3337,5,C,0,508080202020,20200219,3,22
3338,6,C,0,508080202020,20200219,3,23
3339,5,C,1,508080202020,20200219,3,24
3340,6,C,0,508080202020,20200219,3,25
3341,5,C,0,508080202020,20200219,3,26
3342,3,B,1,508080202020,20200219,3,27
3343,4,B,1,508080202020,20200219,3,28
3344,3,B,1,508080202020,20200219,3,29
3345,4,B,0,508080202020,20200219,3,30
3346,3,B,1,508080202020,20200219,3,31
3347,4,B,0,508080202020,20200219,3,32
3348,3,B,1,508080202020,20200219,3,33
3349,4,B,0,508080202020,20200219,3,34
3350,3,B,1,508080202020,20200219,3,35
3351,4,B,0,508080202020,20200219,3,36
3352,3,B,1,508080202020,20200219,3,37
3353,4,B,0,508080202020,20200219,3,38
3354,3,B,0,508080202020,20200219,3,39
3355,4,B,1,508080202020,20200219,3,40
3356,3,B,1,508080202020,20200219,3,41
3357,4,B,0,508080202020,20200219,3,42
3358,3,B,1,508080202020,20200219,3,43
3359,4,B,0,508080202020,20200219,3,44
3360,3,B,1,508080202020,20200219,3,45
3361,4,B,0,508080202020,20200219,3,46
3362,3,B,1,508080202020,20200219,3,47
3363,4,B,0,508080202020,20200219,3,48
3364,3,B,1,508080202020,20200219,3,49
3365,4,B,1,508080202020,20200219,3,50
3366,3,B,0,508080202020,20200219,3,51
3367,4,B,0,508080202020,20200219,3,52
3368,3,B,1,508080202020,20200219,3,53
3369,4,B,1,508080202020,20200219,3,54
3370,3,B,0,508080202020,20200219,3,55
3371,4,B,1,508080202020,20200219,3,56
3372,3,B,1,508080202020,20200219,3,57
3373,4,B,0,508080202020,20200219,3,58
3374,3,B,1,508080202020,20200219,3,59
3375,4,B,1,508080202020,20200219,3,60
3376,3,B,1,508080202020,20200219,3,61
3377,4,B,0,508080202020,20200219,3,62
3378,3,B,1,508080202020,20200219,3,63
3379,4,B,0,508080202020,20200219,3,64
3380,3,B,1,508080202020,20200219,3,65
3381,4,B,0,508080202020,20200219,3,66
3382,3,B,1,508080202020,20200219,3,67
3383,4,B,0,508080202020,20200219,3,68
3384,3,B,1,508080202020,20200219,3,69
3385,4,B,1,508080202020,20200219,3,70
3386,3,B,1,508080202020,20200219,3,71
3387,4,B,0,508080202020,20200219,3,72
3388,3,B,1,508080202020,20200219,3,73
3389,4,B,0,508080202020,20200219,3,74
3390,3,B,1,508080202020,20200219,3,75
3391,4,B,0,508080202020,20200219,3,76
3392,3,B,1,508080202020,20200219,3,77
3393,4,B,0,508080202020,20200219,3,78
3394,3,B,1,508080202020,20200219,3,79
3395,4,B,0,508080202020,20200219,3,80
3396,3,B,0,508080202020,20200219,3,81
3397,4,B,0,508080202020,20200219,3,82
3398,3,B,0,508080202020,20200219,3,83
3399,4,B,0,508080202020,20200219,3,84
3400,3,B,1,508080202020,20200219,3,85
3401,4,B,0,508080202020,20200219,3,86
3402,3,B,1,508080202020,20200219,3,87
3403,4,B,0,508080202020,20200219,3,88
3404,3,B,1,508080202020,20200219,3,89
3405,4,B,0,508080202020,20200219,3,90
3406,3,B,1,508080202020,20200219,3,91
3407,4,B,0,508080202020,20200219,3,92
3408,3,B,1,508080202020,20200219,3,93
3409,4,B,0,508080202020,20200219,3,94
3410,3,B,0,508080202020,20200219,3,95
3411,4,B,1,508080202020,20200219,3,96
3412,3,B,1,508080202020,20200219,3,97
3413,4,B,1,508080202020,20200219,3,98
3414,3,B,1,508080202020,20200219,3,99
3415,4,B,0,202020508050,20200219,3,100
3416,3,B,0,202020508050,20200219,3,101
3417,4,B,1,202020508050,20200219,3,102
3418,3,B,1,202020508050,20200219,3,103
3419,4,B,0,202020508050,20200219,3,104
3420,3,B,0,202020508050,20200219,3,105
3421,4,B,0,202020508050,20200219,3,106
3422,3,B,1,202020508050,20200219,3,107
3423,4,B,0,202020508050,20200219,3,108
3424,3,B,0,202020508050,20200219,3,109
3425,4,B,0,202020508050,20200219,3,110
3426,3,B,0,202020508050,20200219,3,111
3427,4,B,0,202020508050,20200219,3,112
3428,3,B,0,202020508050,20200219,3,113
3429,4,B,1,202020508050,20200219,3,114
3430,3,B,0,202020508050,20200219,3,115
3431,4,B,1,202020508050,20200219,3,116
3432,3,B,1,202020508050,20200219,3,117
3433,4,B,0,202020508050,20200219,3,118
3434,3,B,0,202020508050,20200219,3,119
3435,4,B,0,202020508050,20200219,3,120
3436,3,B,0,202020508050,20200219,3,121
3437,4,B,0,202020508050,20200219,3,122
3438,3,B,0,202020508050,20200219,3,123
3439,4,B,0,202020508050,20200219,3,124
3440,3,B,0,202020508050,20200219,3,125
3441,4,B,0,202020508050,20200219,3,126
3442,3,B,0,202020508050,20200219,3,127
3443,4,B,1,202020508050,20200219,3,128
3444,3,B,0,202020508050,20200219,3,129
3445,4,B,1,202020508050,20200219,3,130
3446,3,B,0,202020508050,20200219,3,131
3447,4,B,0,202020508050,20200219,3,132
3448,3,B,0,202020508050,20200219,3,133
3449,4,B,0,202020508050,20200219,3,134
3450,3,B,0,202020508050,20200219,3,135
3451,4,B,0,202020508050,20200219,3,136
3452,3,B,0,202020508050,20200219,3,137
3453,4,B,1,202020508050,20200219,3,138
3454,3,B,0,202020508050,20200219,3,139
3455,4,B,0,202020508050,20200219,3,140
3456,3,B,0,202020508050,20200219,3,141
3457,4,B,0,202020508050,20200219,3,142
3458,3,B,1,202020508050,20200219,3,143
3459,4,B,0,202020508050,20200219,3,144
3460,3,B,0,202020508050,20200219,3,145
3461,4,B,1,202020508050,20200219,3,146
3462,3,B,0,202020508050,20200219,3,147
3463,4,B,0,202020508050,20200219,3,148
3464,3,B,0,202020508050,20200219,3,149
3465,4,B,0,202020508050,20200219,3,150
3466,3,B,1,202020508050,20200219,3,151
3467,4,B,0,202020508050,20200219,3,152
3468,3,B,0,202020508050,20200219,3,153
3469,4,B,1,202020508050,20200219,3,154
3470,3,B,0,202020508050,20200219,3,155
3471,4,B,0,202020508050,20200219,3,156
3472,3,B,0,202020508050,20200219,3,157
3473,4,B,1,202020508050,20200219,3,158
3474,3,B,1,202020508050,20200219,3,159
3475,4,B,1,202020508050,20200219,3,160
3476,3,B,0,202020508050,20200219,3,161
3477,4,B,0,202020508050,20200219,3,162
3478,3,B,0,202020508050,20200219,3,163
3479,4,B,1,202020508050,20200219,3,164
3480,3,B,0,202020508050,20200219,3,165
3481,4,B,1,202020508050,20200219,3,166
3482,3,B,1,202020508050,20200219,3,167
3483,4,B,0,202020508050,20200219,3,168
3484,3,B,0,202020508050,20200219,3,169
3485,4,B,0,202020508050,20200219,3,170
3486,3,B,0,202020508050,20200219,3,171
3487,4,B,1,202020508050,20200219,3,172
3488,3,B,0,202020508050,20200219,3,173
3489,4,B,0,202020508050,20200219,3,174
3490,3,B,0,202020508050,20200219,3,175
3491,4,B,1,202020508050,20200219,3,176
3492,3,B,0,202020508050,20200219,3,177
3493,4,B,1,202020508050,20200219,3,178
3494,3,B,1,202020508050,20200219,3,179
3495,4,B,1,202020508050,20200219,3,180
3496,3,B,0,202020508050,20200219,3,181
3497,4,B,1,202020508050,20200219,3,182
3498,3,B,1,202020508050,20200219,3,183
3499,4,B,1,202020508050,20200219,3,184
3500,3,B,0,202020508050,20200219,3,185
3501,4,B,0,202020508050,20200219,3,186
3502,3,B,0,202020508050,20200219,3,187
3503,4,B,0,202020508050,20200219,3,188
3504,3,B,0,202020508050,20200219,3,189
3505,4,B,0,202020508050,20200219,3,190
3506,3,B,1,202020508050,20200219,3,191
3507,4,B,0,202020508050,20200219,3,192
3508,3,B,0,202020508050,20200219,3,193
3509,4,B,1,202020508050,20200219,3,194
3510,3,B,0,202020508050,20200219,3,195
3511,4,B,1,202020508050,20200219,3,196
3512,3,B,1,202020508050,20200219,3,197
3513,4,B,1,202020508050,20200219,3,198
3514,3,B,0,202020508050,20200219,3,199
3515,3,B,0,202020508050,20200220,1,0
3516,4,B,0,202020508050,20200220,1,1
3517,5,C,1,202020508050,20200220,1,2
3518,6,C,1,202020508050,20200220,1,3
3519,5,C,1,202020508050,20200220,1,4
3520,6,C,0,202020508050,20200220,1,5
3521,5,C,1,202020508050,20200220,1,6
3522,2,A,0,202020508050,20200220,1,7
3523,1,A,0,202020508050,20200220,1,8
3524,2,A,0,202020508050,20200220,1,9
3525,1,A,0,202020508050,20200220,1,10
3526,4,B,1,202020508050,20200220,1,11
3527,3,B,0,202020508050,20200220,1,12
3528,4,B,0,202020508050,20200220,1,13
3529,3,B,0,202020508050,20200220,1,14
3530,4,B,0,202020508050,20200220,1,15
3531,1,A,0,202020508050,20200220,1,16
3532,2,A,0,202020508050,20200220,1,17
3533,1,A,0,202020508050,20200220,1,18
3534,2,A,0,202020508050,20200220,1,19
3535,1,A,0,202020508050,20200220,1,20
3536,2,A,0,202020508050,20200220,1,21
3537,5,C,1,202020508050,20200220,1,22
3538,6,C,1,202020508050,20200220,1,23
3539,5,C,0,202020508050,20200220,1,24
3540,6,C,0,202020508050,20200220,1,25
3541,5,C,1,202020508050,20200220,1,26
3542,6,C,1,202020508050,20200220,1,27
3543,5,C,1,202020508050,20200220,1,28
3544,6,C,0,202020508050,20200220,1,29
3545,5,C,1,202020508050,20200220,1,30
3546,6,C,1,202020508050,20200220,1,31
3547,5,C,1,202020508050,20200220,1,32
3548,6,C,1,202020508050,20200220,1,33
3549,5,C,0,202020508050,20200220,1,34
3550,6,C,0,202020508050,20200220,1,35
3551,5,C,1,202020508050,20200220,1,36
3552,6,C,1,202020508050,20200220,1,37
3553,5,C,0,202020508050,20200220,1,38
3554,6,C,1,202020508050,20200220,1,39
3555,5,C,0,202020508050,20200220,1,40
3556,6,C,1,202020508050,20200220,1,41
3557,5,C,1,202020508050,20200220,1,42
3558,6,C,0,202020508050,20200220,1,43
3559,5,C,1,202020508050,20200220,1,44
3560,6,C,1,202020508050,20200220,1,45
3561,5,C,1,202020508050,20200220,1,46
3562,6,C,0,202020508050,20200220,1,47
3563,5,C,1,202020508050,20200220,1,48
3564,6,C,0,202020508050,20200220,1,49
3565,5,C,0,202020508050,20200220,1,50
3566,6,C,0,202020508050,20200220,1,51
3567,5,C,1,202020508050,20200220,1,52
3568,6,C,0,202020508050,20200220,1,53
3569,5,C,1,202020508050,20200220,1,54
3570,6,C,1,202020508050,20200220,1,55
3571,5,C,1,202020508050,20200220,1,56
3572,6,C,1,202020508050,20200220,1,57
3573,5,C,1,202020508050,20200220,1,58
3574,6,C,1,202020508050,20200220,1,59
3575,5,C,1,202020508050,20200220,1,60
3576,6,C,0,202020508050,20200220,1,61
3577,5,C,1,202020508050,20200220,1,62
3578,6,C,1,202020508050,20200220,1,63
3579,5,C,1,202020508050,20200220,1,64
3580,6,C,1,202020508050,20200220,1,65
3581,5,C,1,202020508050,20200220,1,66
3582,6,C,0,202020508050,20200220,1,67
3583,5,C,1,202020508050,20200220,1,68
3584,6,C,0,202020508050,20200220,1,69
3585,5,C,1,202020508050,20200220,1,70
3586,6,C,0,202020508050,20200220,1,71
3587,5,C,1,202020508050,20200220,1,72
3588,6,C,1,202020508050,20200220,1,73
3589,5,C,1,202020508050,20200220,1,74
3590,6,C,0,202020508050,20200220,1,75
3591,5,C,1,202020508050,20200220,1,76
3592,6,C,1,202020508050,20200220,1,77
3593,5,C,1,202020508050,20200220,1,78
3594,6,C,0,202020508050,20200220,1,79
3595,5,C,1,202020508050,20200220,1,80
3596,6,C,1,202020508050,20200220,1,81
3597,5,C,1,202020508050,20200220,1,82
3598,6,C,1,202020508050,20200220,1,83
3599,5,C,1,202020508050,20200220,1,84
3600,6,C,1,202020508050,20200220,1,85
3601,5,C,1,202020508050,20200220,1,86
3602,6,C,0,202020508050,20200220,1,87
3603,5,C,1,202020508050,20200220,1,88
3604,6,C,0,202020508050,20200220,1,89
3605,5,C,0,202020508050,20200220,1,90
3606,6,C,0,202020508050,20200220,1,91
3607,5,C,1,202020508050,20200220,1,92
3608,6,C,1,202020508050,20200220,1,93
3609,5,C,1,202020508050,20200220,1,94
3610,6,C,1,202020508050,20200220,1,95
3611,5,C,0,202020508050,20200220,1,96
3612,6,C,0,202020508050,20200220,1,97
3613,5,C,0,202020508050,20200220,1,98
3614,6,C,0,202020508050,20200220,1,99
3615,5,C,0,505020205020,20200220,1,100
3616,6,C,0,505020205020,20200220,1,101
3617,5,C,0,505020205020,20200220,1,102
3618,4,B,0,505020205020,20200220,1,103
3619,3,B,0,505020205020,20200220,1,104
3620,4,B,0,505020205020,20200220,1,105
3621,3,B,0,505020205020,20200220,1,106
3622,4,B,0,505020205020,20200220,1,107
3623,3,B,1,505020205020,20200220,1,108
3624,4,B,0,505020205020,20200220,1,109
3625,3,B,0,505020205020,20200220,1,110
3626,4,B,0,505020205020,20200220,1,111
3627,3,B,0,505020205020,20200220,1,112
3628,2,A,1,505020205020,20200220,1,113
3629,1,A,1,505020205020,20200220,1,114
3630,2,A,0,505020205020,20200220,1,115
3631,1,A,0,505020205020,20200220,1,116
3632,2,A,0,505020205020,20200220,1,117
3633,1,A,0,505020205020,20200220,1,118
3634,5,C,1,505020205020,20200220,1,119
3635,6,C,0,505020205020,20200220,1,120
3636,5,C,0,505020205020,20200220,1,121
3637,6,C,1,505020205020,20200220,1,122
3638,5,C,1,505020205020,20200220,1,123
3639,6,C,0,505020205020,20200220,1,124
3640,5,C,1,505020205020,20200220,1,125
3641,6,C,0,505020205020,20200220,1,126
3642,5,C,1,505020205020,20200220,1,127
3643,6,C,0,505020205020,20200220,1,128
3644,5,C,0,505020205020,20200220,1,129
3645,6,C,0,505020205020,20200220,1,130
3646,5,C,0,505020205020,20200220,1,131
3647,6,C,0,505020205020,20200220,1,132
3648,5,C,0,505020205020,20200220,1,133
3649,6,C,0,505020205020,20200220,1,134
3650,5,C,0,505020205020,20200220,1,135
3651,6,C,0,505020205020,20200220,1,136
3652,5,C,0,505020205020,20200220,1,137
3653,4,B,0,505020205020,20200220,1,138
3654,3,B,0,505020205020,20200220,1,139
3655,4,B,0,505020205020,20200220,1,140
3656,3,B,1,505020205020,20200220,1,141
3657,4,B,1,505020205020,20200220,1,142
3658,3,B,1,505020205020,20200220,1,143
3659,4,B,0,505020205020,20200220,1,144
3660,3,B,0,505020205020,20200220,1,145
3661,4,B,0,505020205020,20200220,1,146
3662,3,B,1,505020205020,20200220,1,147
3663,4,B,1,505020205020,20200220,1,148
3664,3,B,0,505020205020,20200220,1,149
3665,4,B,0,505020205020,20200220,1,150
3666,3,B,1,505020205020,20200220,1,151
3667,4,B,0,505020205020,20200220,1,152
3668,3,B,1,505020205020,20200220,1,153
3669,4,B,0,505020205020,20200220,1,154
3670,3,B,1,505020205020,20200220,1,155
3671,4,B,0,505020205020,20200220,1,156
3672,3,B,0,505020205020,20200220,1,157
3673,4,B,0,505020205020,20200220,1,158
3674,3,B,0,505020205020,20200220,1,159
3675,4,B,0,505020205020,20200220,1,160
3676,3,B,1,505020205020,20200220,1,161
3677,4,B,0,505020205020,20200220,1,162
3678,3,B,0,505020205020,20200220,1,163
3679,4,B,0,505020205020,20200220,1,164
3680,3,B,0,505020205020,20200220,1,165
3681,4,B,0,505020205020,20200220,1,166
3682,3,B,0,505020205020,20200220,1,167
3683,5,C,0,505020205020,20200220,1,168
3684,6,C,0,505020205020,20200220,1,169
3685,5,C,0,505020205020,20200220,1,170
3686,6,C,0,505020205020,20200220,1,171
3687,5,C,0,505020205020,20200220,1,172
3688,2,A,0,505020205020,20200220,1,173
3689,1,A,0,505020205020,20200220,1,174
3690,2,A,0,505020205020,20200220,1,175
3691,4,B,0,505020205020,20200220,1,176
3692,3,B,0,505020205020,20200220,1,177
3693,4,B,0,505020205020,20200220,1,178
3694,3,B,0,505020205020,20200220,1,179
3695,4,B,0,505020205020,20200220,1,180
3696,3,B,0,505020205020,20200220,1,181
3697,4,B,0,505020205020,20200220,1,182
3698,3,B,0,505020205020,20200220,1,183
3699,5,C,1,505020205020,20200220,1,184
3700,6,C,0,505020205020,20200220,1,185
3701,5,C,0,505020205020,20200220,1,186
3702,6,C,0,505020205020,20200220,1,187
3703,5,C,0,505020205020,20200220,1,188
3704,6,C,0,505020205020,20200220,1,189
3705,5,C,1,505020205020,20200220,1,190
3706,6,C,0,505020205020,20200220,1,191
3707,5,C,0,505020205020,20200220,1,192
3708,6,C,0,505020205020,20200220,1,193
3709,5,C,0,505020205020,20200220,1,194
3710,6,C,1,505020205020,20200220,1,195
3711,5,C,1,505020205020,20200220,1,196
3712,6,C,1,505020205020,20200220,1,197
3713,5,C,1,505020205020,20200220,1,198
3714,6,C,0,505020205020,20200220,1,199
3715,2,A,0,505020205020,20200220,2,0
3716,1,A,0,505020205020,20200220,2,1
3717,2,A,1,505020205020,20200220,2,2
3718,5,C,1,505020205020,20200220,2,3
3719,6,C,0,505020205020,20200220,2,4
3720,5,C,0,505020205020,20200220,2,5
3721,6,C,0,505020205020,20200220,2,6
3722,3,B,0,505020205020,20200220,2,7
3723,4,B,1,505020205020,20200220,2,8
3724,3,B,0,505020205020,20200220,2,9
3725,4,B,0,505020205020,20200220,2,10
3726,3,B,0,505020205020,20200220,2,11
3727,2,A,1,505020205020,20200220,2,12
3728,1,A,1,505020205020,20200220,2,13
3729,2,A,0,505020205020,20200220,2,14
3730,1,A,1,505020205020,20200220,2,15
3731,2,A,1,505020205020,20200220,2,16
3732,1,A,0,505020205020,20200220,2,17
3733,2,A,0,505020205020,20200220,2,18
3734,1,A,0,505020205020,20200220,2,19
3735,2,A,0,505020205020,20200220,2,20
3736,5,C,0,505020205020,20200220,2,21
3737,6,C,0,505020205020,20200220,2,22
3738,5,C,1,505020205020,20200220,2,23
3739,6,C,0,505020205020,20200220,2,24
3740,5,C,0,505020205020,20200220,2,25
3741,4,B,0,505020205020,20200220,2,26
3742,3,B,1,505020205020,20200220,2,27
3743,4,B,0,505020205020,20200220,2,28
3744,3,B,0,505020205020,20200220,2,29
3745,4,B,1,505020205020,20200220,2,30
3746,3,B,0,505020205020,20200220,2,31
3747,4,B,0,505020205020,20200220,2,32
3748,5,C,0,505020205020,20200220,2,33
3749,6,C,1,505020205020,20200220,2,34
3750,5,C,1,505020205020,20200220,2,35
3751,6,C,1,505020205020,20200220,2,36
3752,5,C,0,505020205020,20200220,2,37
3753,6,C,0,505020205020,20200220,2,38
3754,5,C,1,505020205020,20200220,2,39
3755,6,C,0,505020205020,20200220,2,40
3756,5,C,0,505020205020,20200220,2,41
3757,6,C,0,505020205020,20200220,2,42
3758,5,C,1,505020205020,20200220,2,43
3759,6,C,0,505020205020,20200220,2,44
3760,5,C,0,505020205020,20200220,2,45
3761,2,A,0,505020205020,20200220,2,46
3762,1,A,0,505020205020,20200220,2,47
3763,2,A,0,505020205020,20200220,2,48
3764,5,C,1,505020205020,20200220,2,49
3765,6,C,0,505020205020,20200220,2,50
3766,5,C,0,505020205020,20200220,2,51
3767,6,C,0,505020205020,20200220,2,52
3768,5,C,1,505020205020,20200220,2,53
3769,6,C,0,505020205020,20200220,2,54
3770,5,C,1,505020205020,20200220,2,55
3771,6,C,1,505020205020,20200220,2,56
3772,5,C,1,505020205020,20200220,2,57
3773,6,C,1,505020205020,20200220,2,58
3774,5,C,0,505020205020,20200220,2,59
3775,6,C,0,505020205020,20200220,2,60
3776,5,C,1,505020205020,20200220,2,61
3777,6,C,0,505020205020,20200220,2,62
3778,5,C,0,505020205020,20200220,2,63
3779,6,C,0,505020205020,20200220,2,64
3780,5,C,0,505020205020,20200220,2,65
3781,4,B,1,505020205020,20200220,2,66
3782,3,B,1,505020205020,20200220,2,67
3783,4,B,0,505020205020,20200220,2,68
3784,3,B,0,505020205020,20200220,2,69
3785,4,B,0,505020205020,20200220,2,70
3786,3,B,0,505020205020,20200220,2,71
3787,4,B,0,505020205020,20200220,2,72
3788,3,B,0,505020205020,20200220,2,73
3789,4,B,0,505020205020,20200220,2,74
3790,3,B,0,505020205020,20200220,2,75
3791,4,B,0,505020205020,20200220,2,76
3792,5,C,0,505020205020,20200220,2,77
3793,6,C,0,505020205020,20200220,2,78
3794,5,C,0,505020205020,20200220,2,79
3795,6,C,0,505020205020,20200220,2,80
3796,5,C,1,505020205020,20200220,2,81
3797,6,C,1,505020205020,20200220,2,82
3798,5,C,1,505020205020,20200220,2,83
3799,6,C,1,505020205020,20200220,2,84
3800,5,C,1,505020205020,20200220,2,85
3801,6,C,0,505020205020,20200220,2,86
3802,5,C,1,505020205020,20200220,2,87
3803,6,C,0,505020205020,20200220,2,88
3804,5,C,1,505020205020,20200220,2,89
3805,6,C,1,505020205020,20200220,2,90
3806,5,C,1,505020205020,20200220,2,91
3807,6,C,1,505020205020,20200220,2,92
3808,5,C,1,505020205020,20200220,2,93
3809,6,C,0,505020205020,20200220,2,94
3810,5,C,0,505020205020,20200220,2,95
3811,6,C,0,505020205020,20200220,2,96
3812,5,C,1,505020205020,20200220,2,97
3813,6,C,0,505020205020,20200220,2,98
3814,5,C,0,505020205020,20200220,2,99
3815,6,C,0,802050808020,20200220,2,100
3816,5,C,1,802050808020,20200220,2,101
3817,6,C,1,802050808020,20200220,2,102
3818,5,C,1,802050808020,20200220,2,103
3819,6,C,0,802050808020,20200220,2,104
3820,5,C,1,802050808020,20200220,2,105
3821,6,C,1,802050808020,20200220,2,106
3822,5,C,0,802050808020,20200220,2,107
3823,6,C,0,802050808020,20200220,2,108
3824,5,C,1,802050808020,20200220,2,109
3825,6,C,0,802050808020,20200220,2,110
3826,5,C,0,802050808020,20200220,2,111
3827,6,C,0,802050808020,20200220,2,112
3828,5,C,1,802050808020,20200220,2,113
3829,6,C,0,802050808020,20200220,2,114
3830,5,C,1,802050808020,20200220,2,115
3831,6,C,1,802050808020,20200220,2,116
3832,5,C,1,802050808020,20200220,2,117
3833,6,C,0,802050808020,20200220,2,118
3834,5,C,1,802050808020,20200220,2,119
3835,6,C,0,802050808020,20200220,2,120
3836,5,C,1,802050808020,20200220,2,121
3837,6,C,0,802050808020,20200220,2,122
3838,5,C,1,802050808020,20200220,2,123
3839,6,C,1,802050808020,20200220,2,124
3840,5,C,1,802050808020,20200220,2,125
3841,6,C,0,802050808020,20200220,2,126
3842,5,C,1,802050808020,20200220,2,127
3843,6,C,1,802050808020,20200220,2,128
3844,5,C,1,802050808020,20200220,2,129
3845,6,C,0,802050808020,20200220,2,130
3846,5,C,1,802050808020,20200220,2,131
3847,6,C,0,802050808020,20200220,2,132
3848,5,C,1,802050808020,20200220,2,133
3849,6,C,0,802050808020,20200220,2,134
3850,5,C,1,802050808020,20200220,2,135
3851,6,C,0,802050808020,20200220,2,136
3852,5,C,1,802050808020,20200220,2,137
3853,6,C,1,802050808020,20200220,2,138
3854,5,C,1,802050808020,20200220,2,139
3855,6,C,0,802050808020,20200220,2,140
3856,5,C,1,802050808020,20200220,2,141
3857,6,C,0,802050808020,20200220,2,142
3858,5,C,1,802050808020,20200220,2,143
3859,6,C,1,802050808020,20200220,2,144
3860,5,C,1,802050808020,20200220,2,145
3861,6,C,0,802050808020,20200220,2,146
3862,5,C,1,802050808020,20200220,2,147
3863,6,C,1,802050808020,20200220,2,148
3864,5,C,1,802050808020,20200220,2,149
3865,6,C,0,802050808020,20200220,2,150
3866,5,C,1,802050808020,20200220,2,151
3867,6,C,0,802050808020,20200220,2,152
3868,5,C,1,802050808020,20200220,2,153
3869,6,C,0,802050808020,20200220,2,154
3870,5,C,1,802050808020,20200220,2,155
3871,6,C,0,802050808020,20200220,2,156
3872,5,C,1,802050808020,20200220,2,157
3873,6,C,0,802050808020,20200220,2,158
3874,5,C,0,802050808020,20200220,2,159
3875,6,C,0,802050808020,20200220,2,160
3876,5,C,1,802050808020,20200220,2,161
3877,6,C,0,802050808020,20200220,2,162
3878,5,C,1,802050808020,20200220,2,163
3879,6,C,0,802050808020,20200220,2,164
3880,5,C,0,802050808020,20200220,2,165
3881,6,C,0,802050808020,20200220,2,166
3882,5,C,0,802050808020,20200220,2,167
3883,6,C,0,802050808020,20200220,2,168
3884,5,C,1,802050808020,20200220,2,169
3885,6,C,0,802050808020,20200220,2,170
3886,5,C,1,802050808020,20200220,2,171
3887,6,C,0,802050808020,20200220,2,172
3888,5,C,0,802050808020,20200220,2,173
3889,6,C,0,802050808020,20200220,2,174
3890,5,C,1,802050808020,20200220,2,175
3891,6,C,0,802050808020,20200220,2,176
3892,5,C,1,802050808020,20200220,2,177
3893,6,C,0,802050808020,20200220,2,178
3894,5,C,1,802050808020,20200220,2,179
3895,6,C,0,802050808020,20200220,2,180
3896,5,C,1,802050808020,20200220,2,181
3897,6,C,0,802050808020,20200220,2,182
3898,5,C,0,802050808020,20200220,2,183
3899,6,C,0,802050808020,20200220,2,184
3900,5,C,1,802050808020,20200220,2,185
3901,6,C,0,802050808020,20200220,2,186
3902,5,C,0,802050808020,20200220,2,187
3903,6,C,0,802050808020,20200220,2,188
3904,5,C,1,802050808020,20200220,2,189
3905,6,C,0,802050808020,20200220,2,190
3906,5,C,1,802050808020,20200220,2,191
3907,6,C,0,802050808020,20200220,2,192
3908,5,C,1,802050808020,20200220,2,193
3909,6,C,1,802050808020,20200220,2,194
3910,5,C,1,802050808020,20200220,2,195
3911,6,C,1,802050808020,20200220,2,196
3912,5,C,1,802050808020,20200220,2,197
3913,6,C,1,802050808020,20200220,2,198
3914,5,C,0,802050808020,20200220,2,199
3915,1,A,1,802050808020,20200220,3,0
3916,2,A,0,802050808020,20200220,3,1
3917,5,C,1,802050808020,20200220,3,2
3918,6,C,0,802050808020,20200220,3,3
3919,4,B,0,802050808020,20200220,3,4
3920,3,B,0,802050808020,20200220,3,5
3921,4,B,1,802050808020,20200220,3,6
3922,3,B,0,802050808020,20200220,3,7
3923,2,A,0,802050808020,20200220,3,8
3924,1,A,1,802050808020,20200220,3,9
3925,2,A,0,802050808020,20200220,3,10
3926,1,A,1,802050808020,20200220,3,11
3927,2,A,0,802050808020,20200220,3,12
3928,1,A,1,802050808020,20200220,3,13
3929,2,A,0,802050808020,20200220,3,14
3930,1,A,0,802050808020,20200220,3,15
3931,2,A,0,802050808020,20200220,3,16
3932,5,C,1,802050808020,20200220,3,17
3933,6,C,0,802050808020,20200220,3,18
3934,5,C,1,802050808020,20200220,3,19
3935,4,B,1,802050808020,20200220,3,20
3936,3,B,0,802050808020,20200220,3,21
3937,4,B,1,802050808020,20200220,3,22
3938,3,B,1,802050808020,20200220,3,23
3939,4,B,0,802050808020,20200220,3,24
3940,3,B,0,802050808020,20200220,3,25
3941,4,B,1,802050808020,20200220,3,26
3942,3,B,0,802050808020,20200220,3,27
3943,4,B,0,802050808020,20200220,3,28
3944,5,C,1,802050808020,20200220,3,29
3945,6,C,0,802050808020,20200220,3,30
3946,5,C,1,802050808020,20200220,3,31
3947,6,C,0,802050808020,20200220,3,32
3948,5,C,1,802050808020,20200220,3,33
3949,2,A,0,802050808020,20200220,3,34
3950,1,A,1,802050808020,20200220,3,35
3951,2,A,0,802050808020,20200220,3,36
3952,1,A,1,802050808020,20200220,3,37
3953,2,A,0,802050808020,20200220,3,38
3954,1,A,0,802050808020,20200220,3,39
3955,2,A,1,802050808020,20200220,3,40
3956,5,C,1,802050808020,20200220,3,41
3957,6,C,0,802050808020,20200220,3,42
3958,5,C,1,802050808020,20200220,3,43
3959,6,C,1,802050808020,20200220,3,44
3960,5,C,1,802050808020,20200220,3,45
3961,6,C,0,802050808020,20200220,3,46
3962,5,C,1,802050808020,20200220,3,47
3963,6,C,0,802050808020,20200220,3,48
3964,5,C,1,802050808020,20200220,3,49
3965,6,C,0,802050808020,20200220,3,50
3966,5,C,1,802050808020,20200220,3,51
3967,6,C,0,802050808020,20200220,3,52
3968,5,C,1,802050808020,20200220,3,53
3969,6,C,0,802050808020,20200220,3,54
3970,5,C,1,802050808020,20200220,3,55
3971,6,C,0,802050808020,20200220,3,56
3972,5,C,1,802050808020,20200220,3,57
3973,4,B,1,802050808020,20200220,3,58
3974,3,B,0,802050808020,20200220,3,59
3975,4,B,1,802050808020,20200220,3,60
3976,3,B,1,802050808020,20200220,3,61
3977,4,B,1,802050808020,20200220,3,62
3978,3,B,0,802050808020,20200220,3,63
3979,4,B,1,802050808020,20200220,3,64
3980,3,B,0,802050808020,20200220,3,65
3981,4,B,1,802050808020,20200220,3,66
3982,3,B,0,802050808020,20200220,3,67
3983,4,B,1,802050808020,20200220,3,68
3984,3,B,1,802050808020,20200220,3,69
3985,4,B,0,802050808020,20200220,3,70
3986,3,B,1,802050808020,20200220,3,71
3987,4,B,1,802050808020,20200220,3,72
3988,3,B,0,802050808020,20200220,3,73
3989,4,B,1,802050808020,20200220,3,74
3990,3,B,1,802050808020,20200220,3,75
3991,4,B,1,802050808020,20200220,3,76
3992,3,B,1,802050808020,20200220,3,77
3993,4,B,1,802050808020,20200220,3,78
3994,3,B,1,802050808020,20200220,3,79
3995,4,B,1,802050808020,20200220,3,80
3996,3,B,1,802050808020,20200220,3,81
3997,4,B,1,802050808020,20200220,3,82
3998,3,B,1,802050808020,20200220,3,83
3999,4,B,0,802050808020,20200220,3,84
4000,3,B,1,802050808020,20200220,3,85
4001,4,B,1,802050808020,20200220,3,86
4002,3,B,0,802050808020,20200220,3,87
4003,4,B,1,802050808020,20200220,3,88
4004,3,B,1,802050808020,20200220,3,89
4005,4,B,0,802050808020,20200220,3,90
4006,3,B,0,802050808020,20200220,3,91
4007,4,B,1,802050808020,20200220,3,92
4008,3,B,1,802050808020,20200220,3,93
4009,4,B,0,802050808020,20200220,3,94
4010,3,B,1,802050808020,20200220,3,95
4011,4,B,1,802050808020,20200220,3,96
4012,3,B,0,802050808020,20200220,3,97
4013,4,B,1,802050808020,20200220,3,98
4014,3,B,1,802050808020,20200220,3,99
4015,4,B,0,205080205020,20200220,3,100
4016,3,B,0,205080205020,20200220,3,101
4017,4,B,0,205080205020,20200220,3,102
4018,3,B,1,205080205020,20200220,3,103
4019,4,B,0,205080205020,20200220,3,104
4020,3,B,1,205080205020,20200220,3,105
4021,4,B,0,205080205020,20200220,3,106
4022,3,B,1,205080205020,20200220,3,107
4023,4,B,1,205080205020,20200220,3,108
4024,3,B,1,205080205020,20200220,3,109
4025,4,B,0,205080205020,20200220,3,110
4026,3,B,1,205080205020,20200220,3,111
4027,4,B,0,205080205020,20200220,3,112
4028,3,B,0,205080205020,20200220,3,113
4029,4,B,1,205080205020,20200220,3,114
4030,3,B,1,205080205020,20200220,3,115
4031,4,B,0,205080205020,20200220,3,116
4032,3,B,1,205080205020,20200220,3,117
4033,4,B,0,205080205020,20200220,3,118
4034,3,B,0,205080205020,20200220,3,119
4035,4,B,0,205080205020,20200220,3,120
4036,3,B,1,205080205020,20200220,3,121
4037,4,B,0,205080205020,20200220,3,122
4038,3,B,1,205080205020,20200220,3,123
4039,4,B,0,205080205020,20200220,3,124
4040,3,B,1,205080205020,20200220,3,125
4041,4,B,0,205080205020,20200220,3,126
4042,3,B,1,205080205020,20200220,3,127
4043,4,B,0,205080205020,20200220,3,128
4044,3,B,1,205080205020,20200220,3,129
4045,4,B,0,205080205020,20200220,3,130
4046,3,B,0,205080205020,20200220,3,131
4047,4,B,0,205080205020,20200220,3,132
4048,3,B,1,205080205020,20200220,3,133
4049,4,B,1,205080205020,20200220,3,134
4050,3,B,1,205080205020,20200220,3,135
4051,4,B,0,205080205020,20200220,3,136
4052,3,B,0,205080205020,20200220,3,137
4053,4,B,0,205080205020,20200220,3,138
4054,3,B,1,205080205020,20200220,3,139
4055,4,B,0,205080205020,20200220,3,140
4056,3,B,1,205080205020,20200220,3,141
4057,4,B,0,205080205020,20200220,3,142
4058,3,B,1,205080205020,20200220,3,143
4059,4,B,0,205080205020,20200220,3,144
4060,3,B,1,205080205020,20200220,3,145
4061,4,B,0,205080205020,20200220,3,146
4062,3,B,1,205080205020,20200220,3,147
4063,4,B,0,205080205020,20200220,3,148
4064,3,B,1,205080205020,20200220,3,149
4065,4,B,1,205080205020,20200220,3,150
4066,3,B,1,205080205020,20200220,3,151
4067,4,B,0,205080205020,20200220,3,152
4068,3,B,1,205080205020,20200220,3,153
4069,4,B,1,205080205020,20200220,3,154
4070,3,B,1,205080205020,20200220,3,155
4071,4,B,0,205080205020,20200220,3,156
4072,3,B,1,205080205020,20200220,3,157
4073,4,B,0,205080205020,20200220,3,158
4074,3,B,0,205080205020,20200220,3,159
4075,4,B,0,205080205020,20200220,3,160
4076,3,B,1,205080205020,20200220,3,161
4077,4,B,1,205080205020,20200220,3,162
4078,3,B,0,205080205020,20200220,3,163
4079,4,B,0,205080205020,20200220,3,164
4080,3,B,1,205080205020,20200220,3,165
4081,4,B,0,205080205020,20200220,3,166
4082,3,B,1,205080205020,20200220,3,167
4083,4,B,0,205080205020,20200220,3,168
4084,3,B,1,205080205020,20200220,3,169
4085,4,B,0,205080205020,20200220,3,170
4086,3,B,1,205080205020,20200220,3,171
4087,4,B,0,205080205020,20200220,3,172
4088,3,B,0,205080205020,20200220,3,173
4089,4,B,1,205080205020,20200220,3,174
4090,3,B,1,205080205020,20200220,3,175
4091,4,B,0,205080205020,20200220,3,176
4092,3,B,1,205080205020,20200220,3,177
4093,4,B,1,205080205020,20200220,3,178
4094,3,B,1,205080205020,20200220,3,179
4095,4,B,0,205080205020,20200220,3,180
4096,3,B,1,205080205020,20200220,3,181
4097,4,B,0,205080205020,20200220,3,182
4098,3,B,1,205080205020,20200220,3,183
4099,4,B,0,205080205020,20200220,3,184
4100,3,B,1,205080205020,20200220,3,185
4101,4,B,0,205080205020,20200220,3,186
4102,3,B,1,205080205020,20200220,3,187
4103,4,B,1,205080205020,20200220,3,188
4104,3,B,0,205080205020,20200220,3,189
4105,4,B,0,205080205020,20200220,3,190
4106,3,B,0,205080205020,20200220,3,191
4107,4,B,1,205080205020,20200220,3,192
4108,3,B,1,205080205020,20200220,3,193
4109,4,B,0,205080205020,20200220,3,194
4110,3,B,1,205080205020,20200220,3,195
4111,4,B,1,205080205020,20200220,3,196
4112,3,B,1,205080205020,20200220,3,197
4113,4,B,0,205080205020,20200220,3,198
4114,3,B,1,205080205020,20200220,3,199
4115,1,A,0,205080205020,20200221,1,0
4116,2,A,1,205080205020,20200221,1,1
4117,5,C,1,205080205020,20200221,1,2
4118,6,C,0,205080205020,20200221,1,3
4119,5,C,1,205080205020,20200221,1,4
4120,4,B,0,205080205020,20200221,1,5
4121,3,B,1,205080205020,20200221,1,6
4122,4,B,0,205080205020,20200221,1,7
4123,3,B,1,205080205020,20200221,1,8
4124,4,B,0,205080205020,20200221,1,9
4125,3,B,1,205080205020,20200221,1,10
4126,4,B,0,205080205020,20200221,1,11
4127,3,B,1,205080205020,20200221,1,12
4128,2,A,1,205080205020,20200221,1,13
4129,1,A,0,205080205020,20200221,1,14
4130,2,A,1,205080205020,20200221,1,15
4131,1,A,0,205080205020,20200221,1,16
4132,2,A,0,205080205020,20200221,1,17
4133,1,A,0,205080205020,20200221,1,18
4134,5,C,0,205080205020,20200221,1,19
4135,6,C,0,205080205020,20200221,1,20
4136,5,C,0,205080205020,20200221,1,21
4137,6,C,0,205080205020,20200221,1,22
4138,5,C,0,205080205020,20200221,1,23
4139,4,B,1,205080205020,20200221,1,24
4140,3,B,1,205080205020,20200221,1,25
4141,4,B,0,205080205020,20200221,1,26
4142,3,B,1,205080205020,20200221,1,27
4143,4,B,0,205080205020,20200221,1,28
4144,3,B,1,205080205020,20200221,1,29
4145,4,B,0,205080205020,20200221,1,30
4146,3,B,1,205080205020,20200221,1,31
4147,4,B,0,205080205020,20200221,1,32
4148,3,B,1,205080205020,20200221,1,33
4149,4,B,0,205080205020,20200221,1,34
4150,3,B,1,205080205020,20200221,1,35
4151,4,B,0,205080205020,20200221,1,36
4152,3,B,1,205080205020,20200221,1,37
4153,4,B,0,205080205020,20200221,1,38
4154,3,B,1,205080205020,20200221,1,39
4155,4,B,0,205080205020,20200221,1,40
4156,3,B,1,205080205020,20200221,1,41
4157,4,B,1,205080205020,20200221,1,42
4158,3,B,1,205080205020,20200221,1,43
4159,4,B,1,205080205020,20200221,1,44
4160,3,B,1,205080205020,20200221,1,45
4161,4,B,0,205080205020,20200221,1,46
4162,3,B,1,205080205020,20200221,1,47
4163,4,B,0,205080205020,20200221,1,48
4164,3,B,0,205080205020,20200221,1,49
4165,4,B,0,205080205020,20200221,1,50
4166,3,B,0,205080205020,20200221,1,51
4167,4,B,0,205080205020,20200221,1,52
4168,3,B,1,205080205020,20200221,1,53
4169,4,B,0,205080205020,20200221,1,54
4170,3,B,1,205080205020,20200221,1,55
4171,2,A,1,205080205020,20200221,1,56
4172,1,A,0,205080205020,20200221,1,57
4173,2,A,0,205080205020,20200221,1,58
4174,5,C,1,205080205020,20200221,1,59
4175,6,C,0,205080205020,20200221,1,60
4176,5,C,0,205080205020,20200221,1,61
4177,6,C,0,205080205020,20200221,1,62
4178,5,C,0,205080205020,20200221,1,63
4179,6,C,0,205080205020,20200221,1,64
4180,5,C,0,205080205020,20200221,1,65
4181,4,B,0,205080205020,20200221,1,66
4182,3,B,0,205080205020,20200221,1,67
4183,4,B,0,205080205020,20200221,1,68
4184,3,B,1,205080205020,20200221,1,69
4185,4,B,0,205080205020,20200221,1,70
4186,3,B,0,205080205020,20200221,1,71
4187,4,B,0,205080205020,20200221,1,72
4188,3,B,1,205080205020,20200221,1,73
4189,4,B,0,205080205020,20200221,1,74
4190,3,B,1,205080205020,20200221,1,75
4191,4,B,0,205080205020,20200221,1,76
4192,3,B,1,205080205020,20200221,1,77
4193,4,B,0,205080205020,20200221,1,78
4194,3,B,0,205080205020,20200221,1,79
4195,4,B,0,205080205020,20200221,1,80
4196,3,B,1,205080205020,20200221,1,81
4197,4,B,0,205080205020,20200221,1,82
4198,3,B,1,205080205020,20200221,1,83
4199,4,B,0,205080205020,20200221,1,84
4200,3,B,0,205080205020,20200221,1,85
4201,4,B,0,205080205020,20200221,1,86
4202,3,B,1,205080205020,20200221,1,87
4203,5,C,0,205080205020,20200221,1,88
4204,6,C,1,205080205020,20200221,1,89
4205,5,C,1,205080205020,20200221,1,90
4206,6,C,0,205080205020,20200221,1,91
4207,5,C,0,205080205020,20200221,1,92
4208,6,C,1,205080205020,20200221,1,93
4209,5,C,0,205080205020,20200221,1,94
4210,6,C,1,205080205020,20200221,1,95
4211,5,C,1,205080205020,20200221,1,96
4212,6,C,0,205080205020,20200221,1,97
4213,5,C,0,205080205020,20200221,1,98
4214,6,C,0,205080205020,20200221,1,99
4215,5,C,0,508050502080,20200221,1,100
4216,6,C,1,508050502080,20200221,1,101
4217,5,C,1,508050502080,20200221,1,102
4218,6,C,0,508050502080,20200221,1,103
4219,5,C,0,508050502080,20200221,1,104
4220,6,C,0,508050502080,20200221,1,105
4221,5,C,0,508050502080,20200221,1,106
4222,6,C,1,508050502080,20200221,1,107
4223,5,C,0,508050502080,20200221,1,108
4224,6,C,1,508050502080,20200221,1,109
4225,5,C,0,508050502080,20200221,1,110
4226,6,C,1,508050502080,20200221,1,111
4227,5,C,0,508050502080,20200221,1,112
4228,6,C,1,508050502080,20200221,1,113
4229,5,C,0,508050502080,20200221,1,114
4230,6,C,1,508050502080,20200221,1,115
4231,5,C,0,508050502080,20200221,1,116
4232,6,C,0,508050502080,20200221,1,117
4233,5,C,1,508050502080,20200221,1,118
4234,6,C,1,508050502080,20200221,1,119
4235,5,C,1,508050502080,20200221,1,120
4236,6,C,1,508050502080,20200221,1,121
4237,5,C,0,508050502080,20200221,1,122
4238,6,C,1,508050502080,20200221,1,123
4239,5,C,0,508050502080,20200221,1,124
4240,6,C,0,508050502080,20200221,1,125
4241,5,C,0,508050502080,20200221,1,126
4242,6,C,1,508050502080,20200221,1,127
4243,5,C,0,508050502080,20200221,1,128
4244,6,C,1,508050502080,20200221,1,129
4245,5,C,0,508050502080,20200221,1,130
4246,6,C,1,508050502080,20200221,1,131
4247,5,C,0,508050502080,20200221,1,132
4248,6,C,0,508050502080,20200221,1,133
4249,5,C,0,508050502080,20200221,1,134
4250,6,C,1,508050502080,20200221,1,135
4251,5,C,0,508050502080,20200221,1,136
4252,6,C,1,508050502080,20200221,1,137
4253,5,C,0,508050502080,20200221,1,138
4254,6,C,1,508050502080,20200221,1,139
4255,5,C,0,508050502080,20200221,1,140
4256,6,C,0,508050502080,20200221,1,141
4257,5,C,0,508050502080,20200221,1,142
4258,6,C,1,508050502080,20200221,1,143
4259,5,C,1,508050502080,20200221,1,144
4260,6,C,1,508050502080,20200221,1,145
4261,5,C,1,508050502080,20200221,1,146
4262,6,C,0,508050502080,20200221,1,147
4263,5,C,0,508050502080,20200221,1,148
4264,6,C,0,508050502080,20200221,1,149
4265,5,C,0,508050502080,20200221,1,150
4266,6,C,1,508050502080,20200221,1,151
4267,5,C,0,508050502080,20200221,1,152
4268,6,C,1,508050502080,20200221,1,153
4269,5,C,0,508050502080,20200221,1,154
4270,6,C,1,508050502080,20200221,1,155
4271,5,C,0,508050502080,20200221,1,156
4272,6,C,0,508050502080,20200221,1,157
4273,5,C,1,508050502080,20200221,1,158
4274,6,C,1,508050502080,20200221,1,159
4275,5,C,0,508050502080,20200221,1,160
4276,6,C,1,508050502080,20200221,1,161
4277,5,C,0,508050502080,20200221,1,162
4278,6,C,1,508050502080,20200221,1,163
4279,5,C,0,508050502080,20200221,1,164
4280,6,C,1,508050502080,20200221,1,165
4281,5,C,0,508050502080,20200221,1,166
4282,6,C,0,508050502080,20200221,1,167
4283,5,C,1,508050502080,20200221,1,168
4284,6,C,1,508050502080,20200221,1,169
4285,5,C,1,508050502080,20200221,1,170
4286,6,C,0,508050502080,20200221,1,171
4287,5,C,0,508050502080,20200221,1,172
4288,6,C,1,508050502080,20200221,1,173
4289,5,C,0,508050502080,20200221,1,174
4290,6,C,1,508050502080,20200221,1,175
4291,5,C,0,508050502080,20200221,1,176
4292,6,C,1,508050502080,20200221,1,177
4293,5,C,0,508050502080,20200221,1,178
4294,6,C,0,508050502080,20200221,1,179
4295,5,C,0,508050502080,20200221,1,180
4296,6,C,1,508050502080,20200221,1,181
4297,5,C,0,508050502080,20200221,1,182
4298,6,C,1,508050502080,20200221,1,183
4299,5,C,0,508050502080,20200221,1,184
4300,6,C,1,508050502080,20200221,1,185
4301,5,C,1,508050502080,20200221,1,186
4302,6,C,1,508050502080,20200221,1,187
4303,5,C,1,508050502080,20200221,1,188
4304,6,C,1,508050502080,20200221,1,189
4305,5,C,0,508050502080,20200221,1,190
4306,6,C,0,508050502080,20200221,1,191
4307,5,C,0,508050502080,20200221,1,192
4308,6,C,0,508050502080,20200221,1,193
4309,5,C,0,508050502080,20200221,1,194
4310,6,C,1,508050502080,20200221,1,195
4311,5,C,0,508050502080,20200221,1,196
4312,6,C,1,508050502080,20200221,1,197
4313,5,C,0,508050502080,20200221,1,198
4314,6,C,1,508050502080,20200221,1,199
4315,3,B,0,508050502080,20200221,2,0
4316,2,A,1,508050502080,20200221,2,1
4317,1,A,1,508050502080,20200221,2,2
4318,2,A,0,508050502080,20200221,2,3
4319,5,C,0,508050502080,20200221,2,4
4320,6,C,1,508050502080,20200221,2,5
4321,5,C,0,508050502080,20200221,2,6
4322,6,C,1,508050502080,20200221,2,7
4323,4,B,0,508050502080,20200221,2,8
4324,3,B,1,508050502080,20200221,2,9
4325,4,B,0,508050502080,20200221,2,10
4326,3,B,0,508050502080,20200221,2,11
4327,4,B,1,508050502080,20200221,2,12
4328,3,B,1,508050502080,20200221,2,13
4329,4,B,0,508050502080,20200221,2,14
4330,3,B,0,508050502080,20200221,2,15
4331,2,A,1,508050502080,20200221,2,16
4332,1,A,0,508050502080,20200221,2,17
4333,2,A,0,508050502080,20200221,2,18
4334,1,A,0,508050502080,20200221,2,19
4335,2,A,1,508050502080,20200221,2,20
4336,5,C,0,508050502080,20200221,2,21
4337,6,C,0,508050502080,20200221,2,22
4338,5,C,0,508050502080,20200221,2,23
4339,6,C,0,508050502080,20200221,2,24
4340,5,C,1,508050502080,20200221,2,25
4341,6,C,1,508050502080,20200221,2,26
4342,5,C,0,508050502080,20200221,2,27
4343,6,C,1,508050502080,20200221,2,28
4344,5,C,0,508050502080,20200221,2,29
4345,6,C,1,508050502080,20200221,2,30
4346,5,C,1,508050502080,20200221,2,31
4347,6,C,1,508050502080,20200221,2,32
4348,5,C,0,508050502080,20200221,2,33
4349,6,C,1,508050502080,20200221,2,34
4350,5,C,0,508050502080,20200221,2,35
4351,6,C,1,508050502080,20200221,2,36
4352,5,C,0,508050502080,20200221,2,37
4353,6,C,1,508050502080,20200221,2,38
4354,5,C,0,508050502080,20200221,2,39
4355,6,C,1,508050502080,20200221,2,40
4356,5,C,1,508050502080,20200221,2,41
4357,6,C,0,508050502080,20200221,2,42
4358,5,C,0,508050502080,20200221,2,43
4359,6,C,0,508050502080,20200221,2,44
4360,5,C,0,508050502080,20200221,2,45
4361,6,C,1,508050502080,20200221,2,46
4362,5,C,1,508050502080,20200221,2,47
4363,6,C,1,508050502080,20200221,2,48
4364,5,C,0,508050502080,20200221,2,49
4365,6,C,1,508050502080,20200221,2,50
4366,5,C,0,508050502080,20200221,2,51
4367,6,C,1,508050502080,20200221,2,52
4368,5,C,1,508050502080,20200221,2,53
4369,6,C,1,508050502080,20200221,2,54
4370,5,C,0,508050502080,20200221,2,55
4371,6,C,1,508050502080,20200221,2,56
4372,5,C,0,508050502080,20200221,2,57
4373,6,C,1,508050502080,20200221,2,58
4374,5,C,0,508050502080,20200221,2,59
4375,6,C,1,508050502080,20200221,2,60
4376,5,C,0,508050502080,20200221,2,61
4377,6,C,1,508050502080,20200221,2,62
4378,5,C,0,508050502080,20200221,2,63
4379,6,C,1,508050502080,20200221,2,64
4380,5,C,0,508050502080,20200221,2,65
4381,6,C,1,508050502080,20200221,2,66
4382,5,C,0,508050502080,20200221,2,67
4383,6,C,1,508050502080,20200221,2,68
4384,5,C,0,508050502080,20200221,2,69
4385,6,C,0,508050502080,20200221,2,70
4386,5,C,1,508050502080,20200221,2,71
4387,6,C,0,508050502080,20200221,2,72
4388,5,C,0,508050502080,20200221,2,73
4389,6,C,1,508050502080,20200221,2,74
4390,5,C,0,508050502080,20200221,2,75
4391,6,C,0,508050502080,20200221,2,76
4392,5,C,0,508050502080,20200221,2,77
4393,6,C,1,508050502080,20200221,2,78
4394,4,B,1,508050502080,20200221,2,79
4395,3,B,1,508050502080,20200221,2,80
4396,4,B,1,508050502080,20200221,2,81
4397,3,B,0,508050502080,20200221,2,82
4398,4,B,1,508050502080,20200221,2,83
4399,3,B,1,508050502080,20200221,2,84
4400,4,B,0,508050502080,20200221,2,85
4401,3,B,0,508050502080,20200221,2,86
4402,4,B,1,508050502080,20200221,2,87
4403,3,B,0,508050502080,20200221,2,88
4404,4,B,0,508050502080,20200221,2,89
4405,3,B,0,508050502080,20200221,2,90
4406,4,B,0,508050502080,20200221,2,91
4407,3,B,0,508050502080,20200221,2,92
4408,4,B,1,508050502080,20200221,2,93
4409,3,B,0,508050502080,20200221,2,94
4410,4,B,1,508050502080,20200221,2,95
4411,3,B,0,508050502080,20200221,2,96
4412,4,B,0,508050502080,20200221,2,97
4413,3,B,0,508050502080,20200221,2,98
4414,4,B,1,508050502080,20200221,2,99
4415,3,B,1,502080205080,20200221,2,100
4416,4,B,0,502080205080,20200221,2,101
4417,3,B,1,502080205080,20200221,2,102
4418,4,B,0,502080205080,20200221,2,103
4419,3,B,1,502080205080,20200221,2,104
4420,4,B,0,502080205080,20200221,2,105
4421,3,B,0,502080205080,20200221,2,106
4422,4,B,0,502080205080,20200221,2,107
4423,3,B,1,502080205080,20200221,2,108
4424,4,B,1,502080205080,20200221,2,109
4425,3,B,0,502080205080,20200221,2,110
4426,4,B,0,502080205080,20200221,2,111
4427,3,B,1,502080205080,20200221,2,112
4428,4,B,0,502080205080,20200221,2,113
4429,3,B,1,502080205080,20200221,2,114
4430,4,B,0,502080205080,20200221,2,115
4431,3,B,1,502080205080,20200221,2,116
4432,4,B,0,502080205080,20200221,2,117
4433,3,B,1,502080205080,20200221,2,118
4434,4,B,1,502080205080,20200221,2,119
4435,3,B,0,502080205080,20200221,2,120
4436,4,B,1,502080205080,20200221,2,121
4437,3,B,1,502080205080,20200221,2,122
4438,4,B,1,502080205080,20200221,2,123
4439,3,B,1,502080205080,20200221,2,124
4440,4,B,0,502080205080,20200221,2,125
4441,3,B,1,502080205080,20200221,2,126
4442,4,B,0,502080205080,20200221,2,127
4443,3,B,0,502080205080,20200221,2,128
4444,4,B,0,502080205080,20200221,2,129
4445,3,B,1,502080205080,20200221,2,130
4446,4,B,0,502080205080,20200221,2,131
4447,3,B,1,502080205080,20200221,2,132
4448,4,B,1,502080205080,20200221,2,133
4449,3,B,1,502080205080,20200221,2,134
4450,4,B,0,502080205080,20200221,2,135
4451,3,B,1,502080205080,20200221,2,136
4452,4,B,0,502080205080,20200221,2,137
4453,3,B,0,502080205080,20200221,2,138
4454,4,B,0,502080205080,20200221,2,139
4455,3,B,1,502080205080,20200221,2,140
4456,4,B,0,502080205080,20200221,2,141
4457,3,B,0,502080205080,20200221,2,142
4458,4,B,0,502080205080,20200221,2,143
4459,3,B,1,502080205080,20200221,2,144
4460,4,B,1,502080205080,20200221,2,145
4461,3,B,1,502080205080,20200221,2,146
4462,4,B,0,502080205080,20200221,2,147
4463,3,B,1,502080205080,20200221,2,148
4464,4,B,0,502080205080,20200221,2,149
4465,3,B,1,502080205080,20200221,2,150
4466,4,B,0,502080205080,20200221,2,151
4467,3,B,1,502080205080,20200221,2,152
4468,4,B,0,502080205080,20200221,2,153
4469,3,B,1,502080205080,20200221,2,154
4470,4,B,0,502080205080,20200221,2,155
4471,3,B,1,502080205080,20200221,2,156
4472,4,B,0,502080205080,20200221,2,157
4473,3,B,0,502080205080,20200221,2,158
4474,4,B,1,502080205080,20200221,2,159
4475,3,B,1,502080205080,20200221,2,160
4476,4,B,1,502080205080,20200221,2,161
4477,3,B,1,502080205080,20200221,2,162
4478,4,B,0,502080205080,20200221,2,163
4479,3,B,1,502080205080,20200221,2,164
4480,4,B,1,502080205080,20200221,2,165
4481,3,B,1,502080205080,20200221,2,166
4482,4,B,0,502080205080,20200221,2,167
4483,3,B,1,502080205080,20200221,2,168
4484,4,B,0,502080205080,20200221,2,169
4485,3,B,1,502080205080,20200221,2,170
4486,4,B,0,502080205080,20200221,2,171
4487,3,B,0,502080205080,20200221,2,172
4488,4,B,0,502080205080,20200221,2,173
4489,3,B,0,502080205080,20200221,2,174
4490,4,B,0,502080205080,20200221,2,175
4491,3,B,1,502080205080,20200221,2,176
4492,4,B,0,502080205080,20200221,2,177
4493,3,B,1,502080205080,20200221,2,178
4494,4,B,0,502080205080,20200221,2,179
4495,3,B,1,502080205080,20200221,2,180
4496,4,B,0,502080205080,20200221,2,181
4497,3,B,1,502080205080,20200221,2,182
4498,4,B,0,502080205080,20200221,2,183
4499,3,B,1,502080205080,20200221,2,184
4500,4,B,0,502080205080,20200221,2,185
4501,3,B,1,502080205080,20200221,2,186
4502,4,B,0,502080205080,20200221,2,187
4503,3,B,0,502080205080,20200221,2,188
4504,4,B,0,502080205080,20200221,2,189
4505,3,B,1,502080205080,20200221,2,190
4506,4,B,0,502080205080,20200221,2,191
4507,3,B,1,502080205080,20200221,2,192
4508,4,B,0,502080205080,20200221,2,193
4509,3,B,1,502080205080,20200221,2,194
4510,4,B,0,502080205080,20200221,2,195
4511,3,B,1,502080205080,20200221,2,196
4512,4,B,0,502080205080,20200221,2,197
4513,3,B,1,502080205080,20200221,2,198
4514,4,B,0,502080205080,20200221,2,199
4515,2,A,1,508050502080,20200221,3,0
4516,1,A,1,508050502080,20200221,3,1
4517,5,C,0,508050502080,20200221,3,2
4518,6,C,0,508050502080,20200221,3,3
4519,4,B,1,508050502080,20200221,3,4
4520,3,B,1,508050502080,20200221,3,5
4521,4,B,1,508050502080,20200221,3,6
4522,3,B,0,508050502080,20200221,3,7
4523,4,B,1,508050502080,20200221,3,8
4524,2,A,1,508050502080,20200221,3,9
4525,1,A,0,508050502080,20200221,3,10
4526,2,A,0,508050502080,20200221,3,11
4527,1,A,0,508050502080,20200221,3,12
4528,2,A,1,508050502080,20200221,3,13
4529,5,C,0,508050502080,20200221,3,14
4530,6,C,0,508050502080,20200221,3,15
4531,5,C,0,508050502080,20200221,3,16
4532,6,C,0,508050502080,20200221,3,17
4533,5,C,0,508050502080,20200221,3,18
4534,4,B,0,508050502080,20200221,3,19
4535,3,B,0,508050502080,20200221,3,20
4536,4,B,1,508050502080,20200221,3,21
4537,3,B,1,508050502080,20200221,3,22
4538,4,B,1,508050502080,20200221,3,23
4539,3,B,1,508050502080,20200221,3,24
4540,4,B,1,508050502080,20200221,3,25
4541,3,B,1,508050502080,20200221,3,26
4542,4,B,0,508050502080,20200221,3,27
4543,3,B,1,508050502080,20200221,3,28
4544,4,B,1,508050502080,20200221,3,29
4545,3,B,1,508050502080,20200221,3,30
4546,4,B,1,508050502080,20200221,3,31
4547,3,B,0,508050502080,20200221,3,32
4548,4,B,1,508050502080,20200221,3,33
4549,3,B,1,508050502080,20200221,3,34
4550,4,B,1,508050502080,20200221,3,35
4551,3,B,0,508050502080,20200221,3,36
4552,4,B,0,508050502080,20200221,3,37
4553,3,B,1,508050502080,20200221,3,38
4554,4,B,0,508050502080,20200221,3,39
4555,3,B,0,508050502080,20200221,3,40
4556,4,B,1,508050502080,20200221,3,41
4557,3,B,0,508050502080,20200221,3,42
4558,4,B,1,508050502080,20200221,3,43
4559,3,B,0,508050502080,20200221,3,44
4560,4,B,1,508050502080,20200221,3,45
4561,3,B,0,508050502080,20200221,3,46
4562,4,B,1,508050502080,20200221,3,47
4563,3,B,1,508050502080,20200221,3,48
4564,4,B,0,508050502080,20200221,3,49
4565,3,B,1,508050502080,20200221,3,50
4566,4,B,0,508050502080,20200221,3,51
4567,3,B,0,508050502080,20200221,3,52
4568,4,B,1,508050502080,20200221,3,53
4569,3,B,1,508050502080,20200221,3,54
4570,4,B,1,508050502080,20200221,3,55
4571,3,B,0,508050502080,20200221,3,56
4572,4,B,0,508050502080,20200221,3,57
4573,3,B,1,508050502080,20200221,3,58
4574,4,B,1,508050502080,20200221,3,59
4575,3,B,0,508050502080,20200221,3,60
4576,4,B,1,508050502080,20200221,3,61
4577,3,B,1,508050502080,20200221,3,62
4578,4,B,1,508050502080,20200221,3,63
4579,3,B,0,508050502080,20200221,3,64
4580,4,B,1,508050502080,20200221,3,65
4581,3,B,1,508050502080,20200221,3,66
4582,4,B,1,508050502080,20200221,3,67
4583,3,B,0,508050502080,20200221,3,68
4584,4,B,0,508050502080,20200221,3,69
4585,3,B,1,508050502080,20200221,3,70
4586,4,B,0,508050502080,20200221,3,71
4587,3,B,0,508050502080,20200221,3,72
4588,4,B,0,508050502080,20200221,3,73
4589,3,B,0,508050502080,20200221,3,74
4590,4,B,1,508050502080,20200221,3,75
4591,3,B,0,508050502080,20200221,3,76
4592,4,B,1,508050502080,20200221,3,77
4593,3,B,0,508050502080,20200221,3,78
4594,4,B,0,508050502080,20200221,3,79
4595,3,B,0,508050502080,20200221,3,80
4596,4,B,0,508050502080,20200221,3,81
4597,3,B,0,508050502080,20200221,3,82
4598,4,B,0,508050502080,20200221,3,83
4599,3,B,0,508050502080,20200221,3,84
4600,4,B,1,508050502080,20200221,3,85
4601,3,B,0,508050502080,20200221,3,86
4602,4,B,0,508050502080,20200221,3,87
4603,3,B,0,508050502080,20200221,3,88
4604,4,B,1,508050502080,20200221,3,89
4605,3,B,0,508050502080,20200221,3,90
4606,4,B,1,508050502080,20200221,3,91
4607,3,B,1,508050502080,20200221,3,92
4608,4,B,0,508050502080,20200221,3,93
4609,3,B,1,508050502080,20200221,3,94
4610,4,B,1,508050502080,20200221,3,95
4611,3,B,0,508050502080,20200221,3,96
4612,4,B,0,508050502080,20200221,3,97
4613,3,B,0,508050502080,20200221,3,98
4614,4,B,0,508050502080,20200221,3,99
4615,3,B,1,502080205080,20200221,3,100
4616,4,B,1,502080205080,20200221,3,101
4617,3,B,1,502080205080,20200221,3,102
4618,4,B,0,502080205080,20200221,3,103
4619,3,B,1,502080205080,20200221,3,104
4620,4,B,0,502080205080,20200221,3,105
4621,3,B,1,502080205080,20200221,3,106
4622,4,B,0,502080205080,20200221,3,107
4623,3,B,1,502080205080,20200221,3,108
4624,4,B,0,502080205080,20200221,3,109
4625,3,B,1,502080205080,20200221,3,110
4626,4,B,0,502080205080,20200221,3,111
4627,3,B,1,502080205080,20200221,3,112
4628,4,B,0,502080205080,20200221,3,113
4629,3,B,1,502080205080,20200221,3,114
4630,4,B,0,502080205080,20200221,3,115
4631,3,B,1,502080205080,20200221,3,116
4632,4,B,0,502080205080,20200221,3,117
4633,3,B,0,502080205080,20200221,3,118
4634,4,B,1,502080205080,20200221,3,119
4635,3,B,1,502080205080,20200221,3,120
4636,4,B,0,502080205080,20200221,3,121
4637,3,B,1,502080205080,20200221,3,122
4638,4,B,0,502080205080,20200221,3,123
4639,3,B,1,502080205080,20200221,3,124
4640,4,B,0,502080205080,20200221,3,125
4641,3,B,0,502080205080,20200221,3,126
4642,4,B,0,502080205080,20200221,3,127
4643,3,B,1,502080205080,20200221,3,128
4644,4,B,0,502080205080,20200221,3,129
4645,3,B,1,502080205080,20200221,3,130
4646,4,B,0,502080205080,20200221,3,131
4647,3,B,1,502080205080,20200221,3,132
4648,4,B,0,502080205080,20200221,3,133
4649,3,B,1,502080205080,20200221,3,134
4650,4,B,0,502080205080,20200221,3,135
4651,3,B,1,502080205080,20200221,3,136
4652,4,B,1,502080205080,20200221,3,137
4653,3,B,1,502080205080,20200221,3,138
4654,4,B,0,502080205080,20200221,3,139
4655,3,B,0,502080205080,20200221,3,140
4656,4,B,0,502080205080,20200221,3,141
4657,3,B,1,502080205080,20200221,3,142
4658,4,B,1,502080205080,20200221,3,143
4659,3,B,0,502080205080,20200221,3,144
4660,4,B,0,502080205080,20200221,3,145
4661,3,B,1,502080205080,20200221,3,146
4662,4,B,0,502080205080,20200221,3,147
4663,3,B,0,502080205080,20200221,3,148
4664,4,B,1,502080205080,20200221,3,149
4665,3,B,1,502080205080,20200221,3,150
4666,4,B,1,502080205080,20200221,3,151
4667,3,B,0,502080205080,20200221,3,152
4668,4,B,0,502080205080,20200221,3,153
4669,3,B,1,502080205080,20200221,3,154
4670,4,B,0,502080205080,20200221,3,155
4671,3,B,1,502080205080,20200221,3,156
4672,4,B,0,502080205080,20200221,3,157
4673,3,B,1,502080205080,20200221,3,158
4674,4,B,0,502080205080,20200221,3,159
4675,3,B,1,502080205080,20200221,3,160
4676,4,B,1,502080205080,20200221,3,161
4677,3,B,1,502080205080,20200221,3,162
4678,4,B,0,502080205080,20200221,3,163
4679,3,B,1,502080205080,20200221,3,164
4680,4,B,0,502080205080,20200221,3,165
4681,3,B,1,502080205080,20200221,3,166
4682,4,B,1,502080205080,20200221,3,167
4683,3,B,1,502080205080,20200221,3,168
4684,4,B,0,502080205080,20200221,3,169
4685,3,B,1,502080205080,20200221,3,170
4686,4,B,0,502080205080,20200221,3,171
4687,3,B,0,502080205080,20200221,3,172
4688,4,B,1,502080205080,20200221,3,173
4689,3,B,1,502080205080,20200221,3,174
4690,4,B,0,502080205080,20200221,3,175
4691,3,B,1,502080205080,20200221,3,176
4692,4,B,0,502080205080,20200221,3,177
4693,3,B,1,502080205080,20200221,3,178
4694,4,B,0,502080205080,20200221,3,179
4695,3,B,1,502080205080,20200221,3,180
4696,4,B,0,502080205080,20200221,3,181
4697,3,B,1,502080205080,20200221,3,182
4698,4,B,0,502080205080,20200221,3,183
4699,3,B,1,502080205080,20200221,3,184
4700,4,B,0,502080205080,20200221,3,185
4701,3,B,1,502080205080,20200221,3,186
4702,4,B,0,502080205080,20200221,3,187
4703,3,B,1,502080205080,20200221,3,188
4704,4,B,0,502080205080,20200221,3,189
4705,3,B,1,502080205080,20200221,3,190
4706,4,B,1,502080205080,20200221,3,191
4707,3,B,1,502080205080,20200221,3,192
4708,4,B,0,502080205080,20200221,3,193
4709,3,B,1,502080205080,20200221,3,194
4710,4,B,0,502080205080,20200221,3,195
4711,3,B,1,502080205080,20200221,3,196
4712,4,B,0,502080205080,20200221,3,197
4713,3,B,1,502080205080,20200221,3,198
4714,4,B,0,502080205080,20200221,3,199
4715,2,A,1,205050805050,20200221,4,0
4716,1,A,1,205050805050,20200221,4,1
4717,2,A,0,205050805050,20200221,4,2
4718,5,C,1,205050805050,20200221,4,3
4719,6,C,0,205050805050,20200221,4,4
4720,5,C,1,205050805050,20200221,4,5
4721,6,C,0,205050805050,20200221,4,6
4722,4,B,1,205050805050,20200221,4,7
4723,3,B,0,205050805050,20200221,4,8
4724,4,B,1,205050805050,20200221,4,9
4725,3,B,1,205050805050,20200221,4,10
4726,4,B,0,205050805050,20200221,4,11
4727,3,B,0,205050805050,20200221,4,12
4728,4,B,1,205050805050,20200221,4,13
4729,3,B,1,205050805050,20200221,4,14
4730,4,B,1,205050805050,20200221,4,15
4731,3,B,0,205050805050,20200221,4,16
4732,4,B,1,205050805050,20200221,4,17
4733,3,B,1,205050805050,20200221,4,18
4734,4,B,1,205050805050,20200221,4,19
4735,3,B,0,205050805050,20200221,4,20
4736,4,B,0,205050805050,20200221,4,21
4737,3,B,1,205050805050,20200221,4,22
4738,4,B,1,205050805050,20200221,4,23
4739,3,B,1,205050805050,20200221,4,24
4740,4,B,1,205050805050,20200221,4,25
4741,3,B,0,205050805050,20200221,4,26
4742,4,B,0,205050805050,20200221,4,27
4743,3,B,0,205050805050,20200221,4,28
4744,4,B,1,205050805050,20200221,4,29
4745,3,B,1,205050805050,20200221,4,30
4746,4,B,1,205050805050,20200221,4,31
4747,3,B,1,205050805050,20200221,4,32
4748,4,B,0,205050805050,20200221,4,33
4749,3,B,0,205050805050,20200221,4,34
4750,4,B,1,205050805050,20200221,4,35
4751,3,B,1,205050805050,20200221,4,36
4752,4,B,1,205050805050,20200221,4,37
4753,3,B,1,205050805050,20200221,4,38
4754,4,B,1,205050805050,20200221,4,39
4755,3,B,0,205050805050,20200221,4,40
4756,4,B,1,205050805050,20200221,4,41
4757,3,B,0,205050805050,20200221,4,42
4758,4,B,1,205050805050,20200221,4,43
4759,3,B,0,205050805050,20200221,4,44
4760,4,B,0,205050805050,20200221,4,45
4761,3,B,0,205050805050,20200221,4,46
4762,4,B,1,205050805050,20200221,4,47
4763,3,B,0,205050805050,20200221,4,48
4764,4,B,1,205050805050,20200221,4,49
4765,3,B,1,205050805050,20200221,4,50
4766,4,B,0,205050805050,20200221,4,51
4767,3,B,0,205050805050,20200221,4,52
4768,4,B,1,205050805050,20200221,4,53
4769,3,B,1,205050805050,20200221,4,54
4770,4,B,1,205050805050,20200221,4,55
4771,3,B,1,205050805050,20200221,4,56
4772,4,B,1,205050805050,20200221,4,57
4773,3,B,1,205050805050,20200221,4,58
4774,4,B,0,205050805050,20200221,4,59
4775,3,B,1,205050805050,20200221,4,60
4776,4,B,1,205050805050,20200221,4,61
4777,3,B,0,205050805050,20200221,4,62
4778,4,B,1,205050805050,20200221,4,63
4779,3,B,0,205050805050,20200221,4,64
4780,4,B,1,205050805050,20200221,4,65
4781,3,B,0,205050805050,20200221,4,66
4782,4,B,1,205050805050,20200221,4,67
4783,3,B,0,205050805050,20200221,4,68
4784,4,B,0,205050805050,20200221,4,69
4785,3,B,1,205050805050,20200221,4,70
4786,4,B,0,205050805050,20200221,4,71
4787,3,B,0,205050805050,20200221,4,72
4788,4,B,1,205050805050,20200221,4,73
4789,3,B,1,205050805050,20200221,4,74
4790,4,B,0,205050805050,20200221,4,75
4791,3,B,1,205050805050,20200221,4,76
4792,4,B,1,205050805050,20200221,4,77
4793,3,B,0,205050805050,20200221,4,78
4794,4,B,0,205050805050,20200221,4,79
4795,3,B,1,205050805050,20200221,4,80
4796,4,B,1,205050805050,20200221,4,81
4797,3,B,1,205050805050,20200221,4,82
4798,4,B,0,205050805050,20200221,4,83
4799,3,B,0,205050805050,20200221,4,84
4800,4,B,1,205050805050,20200221,4,85
4801,3,B,0,205050805050,20200221,4,86
4802,4,B,1,205050805050,20200221,4,87
4803,3,B,1,205050805050,20200221,4,88
4804,4,B,1,205050805050,20200221,4,89
4805,3,B,1,205050805050,20200221,4,90
4806,4,B,1,205050805050,20200221,4,91
4807,3,B,1,205050805050,20200221,4,92
4808,4,B,1,205050805050,20200221,4,93
4809,3,B,0,205050805050,20200221,4,94
4810,4,B,1,205050805050,20200221,4,95
4811,3,B,0,205050805050,20200221,4,96
4812,4,B,1,205050805050,20200221,4,97
4813,3,B,1,205050805050,20200221,4,98
4814,4,B,1,205050805050,20200221,4,99
4815,3,B,1,502020202080,20200221,4,100
4816,4,B,0,502020202080,20200221,4,101
4817,3,B,1,502020202080,20200221,4,102
4818,4,B,0,502020202080,20200221,4,103
4819,3,B,0,502020202080,20200221,4,104
4820,4,B,0,502020202080,20200221,4,105
4821,3,B,0,502020202080,20200221,4,106
4822,4,B,0,502020202080,20200221,4,107
4823,3,B,0,502020202080,20200221,4,108
4824,4,B,0,502020202080,20200221,4,109
4825,3,B,0,502020202080,20200221,4,110
4826,4,B,0,502020202080,20200221,4,111
4827,3,B,1,502020202080,20200221,4,112
4828,4,B,0,502020202080,20200221,4,113
4829,3,B,0,502020202080,20200221,4,114
4830,4,B,0,502020202080,20200221,4,115
4831,3,B,0,502020202080,20200221,4,116
4832,4,B,0,502020202080,20200221,4,117
4833,3,B,0,502020202080,20200221,4,118
4834,4,B,0,502020202080,20200221,4,119
4835,3,B,0,502020202080,20200221,4,120
4836,4,B,1,502020202080,20200221,4,121
4837,3,B,0,502020202080,20200221,4,122
4838,4,B,1,502020202080,20200221,4,123
4839,3,B,0,502020202080,20200221,4,124
4840,4,B,0,502020202080,20200221,4,125
4841,3,B,0,502020202080,20200221,4,126
4842,4,B,0,502020202080,20200221,4,127
4843,3,B,0,502020202080,20200221,4,128
4844,4,B,0,502020202080,20200221,4,129
4845,3,B,0,502020202080,20200221,4,130
4846,4,B,0,502020202080,20200221,4,131
4847,3,B,0,502020202080,20200221,4,132
4848,4,B,0,502020202080,20200221,4,133
4849,3,B,0,502020202080,20200221,4,134
4850,4,B,0,502020202080,20200221,4,135
4851,3,B,0,502020202080,20200221,4,136
4852,4,B,0,502020202080,20200221,4,137
4853,5,C,0,502020202080,20200221,4,138
4854,6,C,1,502020202080,20200221,4,139
4855,5,C,0,502020202080,20200221,4,140
4856,6,C,1,502020202080,20200221,4,141
4857,5,C,0,502020202080,20200221,4,142
4858,6,C,0,502020202080,20200221,4,143
4859,5,C,0,502020202080,20200221,4,144
4860,6,C,1,502020202080,20200221,4,145
4861,5,C,1,502020202080,20200221,4,146
4862,6,C,1,502020202080,20200221,4,147
4863,5,C,1,502020202080,20200221,4,148
4864,6,C,1,502020202080,20200221,4,149
4865,5,C,0,502020202080,20200221,4,150
4866,6,C,1,502020202080,20200221,4,151
4867,5,C,0,502020202080,20200221,4,152
4868,6,C,1,502020202080,20200221,4,153
4869,5,C,0,502020202080,20200221,4,154
4870,6,C,1,502020202080,20200221,4,155
4871,5,C,0,502020202080,20200221,4,156
4872,6,C,1,502020202080,20200221,4,157
4873,5,C,0,502020202080,20200221,4,158
4874,6,C,1,502020202080,20200221,4,159
4875,5,C,0,502020202080,20200221,4,160
4876,6,C,0,502020202080,20200221,4,161
4877,5,C,0,502020202080,20200221,4,162
4878,6,C,0,502020202080,20200221,4,163
4879,5,C,0,502020202080,20200221,4,164
4880,6,C,1,502020202080,20200221,4,165
4881,5,C,0,502020202080,20200221,4,166
4882,6,C,0,502020202080,20200221,4,167
4883,5,C,0,502020202080,20200221,4,168
4884,6,C,1,502020202080,20200221,4,169
4885,5,C,0,502020202080,20200221,4,170
4886,6,C,0,502020202080,20200221,4,171
4887,5,C,0,502020202080,20200221,4,172
4888,6,C,1,502020202080,20200221,4,173
4889,5,C,0,502020202080,20200221,4,174
4890,6,C,1,502020202080,20200221,4,175
4891,5,C,0,502020202080,20200221,4,176
4892,6,C,1,502020202080,20200221,4,177
4893,5,C,0,502020202080,20200221,4,178
4894,6,C,1,502020202080,20200221,4,179
4895,5,C,1,502020202080,20200221,4,180
4896,6,C,1,502020202080,20200221,4,181
4897,5,C,0,502020202080,20200221,4,182
4898,6,C,1,502020202080,20200221,4,183
4899,5,C,0,502020202080,20200221,4,184
4900,6,C,1,502020202080,20200221,4,185
4901,5,C,0,502020202080,20200221,4,186
4902,6,C,1,502020202080,20200221,4,187
4903,5,C,0,502020202080,20200221,4,188
4904,6,C,0,502020202080,20200221,4,189
4905,5,C,0,502020202080,20200221,4,190
4906,6,C,1,502020202080,20200221,4,191
4907,5,C,0,502020202080,20200221,4,192
4908,6,C,1,502020202080,20200221,4,193
4909,5,C,0,502020202080,20200221,4,194
4910,6,C,1,502020202080,20200221,4,195
4911,5,C,0,502020202080,20200221,4,196
4912,6,C,0,502020202080,20200221,4,197
4913,5,C,0,502020202080,20200221,4,198
4914,6,C,1,502020202080,20200221,4,199
4915,2,A,0,502020202080,20200222,1,0
4916,1,A,0,502020202080,20200222,1,1
4917,2,A,1,502020202080,20200222,1,2
4918,5,C,0,502020202080,20200222,1,3
4919,6,C,1,502020202080,20200222,1,4
4920,5,C,1,502020202080,20200222,1,5
4921,6,C,1,502020202080,20200222,1,6
4922,5,C,0,502020202080,20200222,1,7
4923,4,B,1,502020202080,20200222,1,8
4924,3,B,1,502020202080,20200222,1,9
4925,4,B,0,502020202080,20200222,1,10
4926,3,B,0,502020202080,20200222,1,11
4927,4,B,0,502020202080,20200222,1,12
4928,3,B,0,502020202080,20200222,1,13
4929,4,B,1,502020202080,20200222,1,14
4930,2,A,0,502020202080,20200222,1,15
4931,1,A,0,502020202080,20200222,1,16
4932,2,A,0,502020202080,20200222,1,17
4933,5,C,1,502020202080,20200222,1,18
4934,6,C,0,502020202080,20200222,1,19
4935,5,C,0,502020202080,20200222,1,20
4936,4,B,0,502020202080,20200222,1,21
4937,3,B,0,502020202080,20200222,1,22
4938,4,B,0,502020202080,20200222,1,23
4939,3,B,1,502020202080,20200222,1,24
4940,4,B,0,502020202080,20200222,1,25
4941,3,B,0,502020202080,20200222,1,26
4942,4,B,0,502020202080,20200222,1,27
4943,3,B,0,502020202080,20200222,1,28
4944,4,B,0,502020202080,20200222,1,29
4945,3,B,0,502020202080,20200222,1,30
4946,4,B,0,502020202080,20200222,1,31
4947,3,B,0,502020202080,20200222,1,32
4948,5,C,0,502020202080,20200222,1,33
4949,6,C,1,502020202080,20200222,1,34
4950,5,C,0,502020202080,20200222,1,35
4951,6,C,1,502020202080,20200222,1,36
4952,4,B,0,502020202080,20200222,1,37
4953,3,B,0,502020202080,20200222,1,38
4954,4,B,0,502020202080,20200222,1,39
4955,3,B,0,502020202080,20200222,1,40
4956,4,B,1,502020202080,20200222,1,41
4957,3,B,0,502020202080,20200222,1,42
4958,4,B,0,502020202080,20200222,1,43
4959,3,B,0,502020202080,20200222,1,44
4960,4,B,0,502020202080,20200222,1,45
4961,5,C,0,502020202080,20200222,1,46
4962,6,C,1,502020202080,20200222,1,47
4963,5,C,1,502020202080,20200222,1,48
4964,6,C,1,502020202080,20200222,1,49
4965,5,C,1,502020202080,20200222,1,50
4966,6,C,1,502020202080,20200222,1,51
4967,5,C,0,502020202080,20200222,1,52
4968,6,C,1,502020202080,20200222,1,53
4969,5,C,0,502020202080,20200222,1,54
4970,6,C,1,502020202080,20200222,1,55
4971,5,C,1,502020202080,20200222,1,56
4972,6,C,1,502020202080,20200222,1,57
4973,5,C,0,502020202080,20200222,1,58
4974,6,C,1,502020202080,20200222,1,59
4975,5,C,1,502020202080,20200222,1,60
4976,6,C,1,502020202080,20200222,1,61
4977,5,C,1,502020202080,20200222,1,62
4978,6,C,1,502020202080,20200222,1,63
4979,5,C,0,502020202080,20200222,1,64
4980,6,C,1,502020202080,20200222,1,65
4981,5,C,0,502020202080,20200222,1,66
4982,6,C,1,502020202080,20200222,1,67
4983,5,C,0,502020202080,20200222,1,68
4984,6,C,1,502020202080,20200222,1,69
4985,5,C,0,502020202080,20200222,1,70
4986,6,C,0,502020202080,20200222,1,71
4987,5,C,0,502020202080,20200222,1,72
4988,6,C,0,502020202080,20200222,1,73
4989,5,C,1,502020202080,20200222,1,74
4990,6,C,1,502020202080,20200222,1,75
4991,5,C,0,502020202080,20200222,1,76
4992,6,C,1,502020202080,20200222,1,77
4993,5,C,0,502020202080,20200222,1,78
4994,6,C,1,502020202080,20200222,1,79
4995,5,C,0,502020202080,20200222,1,80
4996,6,C,1,502020202080,20200222,1,81
4997,5,C,1,502020202080,20200222,1,82
4998,6,C,1,502020202080,20200222,1,83
4999,5,C,0,502020202080,20200222,1,84
5000,6,C,1,502020202080,20200222,1,85
5001,5,C,0,502020202080,20200222,1,86
5002,6,C,1,502020202080,20200222,1,87
5003,5,C,0,502020202080,20200222,1,88
5004,6,C,1,502020202080,20200222,1,89
5005,5,C,0,502020202080,20200222,1,90
5006,6,C,1,502020202080,20200222,1,91
5007,5,C,1,502020202080,20200222,1,92
5008,6,C,1,502020202080,20200222,1,93
5009,5,C,0,502020202080,20200222,1,94
5010,6,C,1,502020202080,20200222,1,95
5011,5,C,0,502020202080,20200222,1,96
5012,6,C,1,502020202080,20200222,1,97
5013,5,C,0,502020202080,20200222,1,98
5014,6,C,0,502020202080,20200222,1,99
5015,5,C,1,205020808050,20200222,1,100
5016,6,C,1,205020808050,20200222,1,101
5017,5,C,0,205020808050,20200222,1,102
5018,6,C,0,205020808050,20200222,1,103
5019,5,C,0,205020808050,20200222,1,104
5020,6,C,0,205020808050,20200222,1,105
5021,5,C,0,205020808050,20200222,1,106
5022,6,C,0,205020808050,20200222,1,107
5023,5,C,1,205020808050,20200222,1,108
5024,6,C,0,205020808050,20200222,1,109
5025,5,C,1,205020808050,20200222,1,110
5026,6,C,1,205020808050,20200222,1,111
5027,5,C,1,205020808050,20200222,1,112
5028,6,C,1,205020808050,20200222,1,113
5029,5,C,1,205020808050,20200222,1,114
5030,6,C,1,205020808050,20200222,1,115
5031,5,C,1,205020808050,20200222,1,116
5032,6,C,0,205020808050,20200222,1,117
5033,5,C,1,205020808050,20200222,1,118
5034,6,C,1,205020808050,20200222,1,119
5035,5,C,0,205020808050,20200222,1,120
5036,6,C,1,205020808050,20200222,1,121
5037,5,C,1,205020808050,20200222,1,122
5038,6,C,1,205020808050,20200222,1,123
5039,5,C,1,205020808050,20200222,1,124
5040,6,C,0,205020808050,20200222,1,125
5041,5,C,1,205020808050,20200222,1,126
5042,6,C,1,205020808050,20200222,1,127
5043,5,C,1,205020808050,20200222,1,128
5044,6,C,0,205020808050,20200222,1,129
5045,5,C,1,205020808050,20200222,1,130
5046,6,C,1,205020808050,20200222,1,131
5047,5,C,1,205020808050,20200222,1,132
5048,6,C,0,205020808050,20200222,1,133
5049,5,C,1,205020808050,20200222,1,134
5050,6,C,0,205020808050,20200222,1,135
5051,5,C,1,205020808050,20200222,1,136
5052,6,C,0,205020808050,20200222,1,137
5053,5,C,1,205020808050,20200222,1,138
5054,6,C,1,205020808050,20200222,1,139
5055,5,C,0,205020808050,20200222,1,140
5056,6,C,1,205020808050,20200222,1,141
5057,5,C,0,205020808050,20200222,1,142
5058,6,C,0,205020808050,20200222,1,143
5059,5,C,1,205020808050,20200222,1,144
5060,6,C,1,205020808050,20200222,1,145
5061,5,C,1,205020808050,20200222,1,146
5062,6,C,0,205020808050,20200222,1,147
5063,5,C,1,205020808050,20200222,1,148
5064,6,C,1,205020808050,20200222,1,149
5065,5,C,1,205020808050,20200222,1,150
5066,6,C,0,205020808050,20200222,1,151
5067,5,C,1,205020808050,20200222,1,152
5068,6,C,1,205020808050,20200222,1,153
5069,5,C,1,205020808050,20200222,1,154
5070,6,C,0,205020808050,20200222,1,155
5071,5,C,1,205020808050,20200222,1,156
5072,6,C,0,205020808050,20200222,1,157
5073,5,C,1,205020808050,20200222,1,158
5074,6,C,0,205020808050,20200222,1,159
5075,5,C,0,205020808050,20200222,1,160
5076,6,C,1,205020808050,20200222,1,161
5077,5,C,1,205020808050,20200222,1,162
5078,6,C,1,205020808050,20200222,1,163
5079,5,C,1,205020808050,20200222,1,164
5080,6,C,0,205020808050,20200222,1,165
5081,5,C,1,205020808050,20200222,1,166
5082,6,C,1,205020808050,20200222,1,167
5083,5,C,1,205020808050,20200222,1,168
5084,6,C,1,205020808050,20200222,1,169
5085,5,C,1,205020808050,20200222,1,170
5086,6,C,0,205020808050,20200222,1,171
5087,5,C,1,205020808050,20200222,1,172
5088,6,C,0,205020808050,20200222,1,173
5089,5,C,1,205020808050,20200222,1,174
5090,6,C,0,205020808050,20200222,1,175
5091,5,C,1,205020808050,20200222,1,176
5092,6,C,0,205020808050,20200222,1,177
5093,5,C,1,205020808050,20200222,1,178
5094,6,C,0,205020808050,20200222,1,179
5095,5,C,1,205020808050,20200222,1,180
5096,6,C,0,205020808050,20200222,1,181
5097,5,C,1,205020808050,20200222,1,182
5098,6,C,0,205020808050,20200222,1,183
5099,5,C,1,205020808050,20200222,1,184
5100,6,C,1,205020808050,20200222,1,185
5101,5,C,1,205020808050,20200222,1,186
5102,6,C,1,205020808050,20200222,1,187
5103,5,C,1,205020808050,20200222,1,188
5104,6,C,0,205020808050,20200222,1,189
5105,5,C,0,205020808050,20200222,1,190
5106,6,C,0,205020808050,20200222,1,191
5107,5,C,1,205020808050,20200222,1,192
5108,6,C,0,205020808050,20200222,1,193
5109,5,C,1,205020808050,20200222,1,194
5110,6,C,0,205020808050,20200222,1,195
5111,5,C,1,205020808050,20200222,1,196
5112,6,C,0,205020808050,20200222,1,197
5113,5,C,0,205020808050,20200222,1,198
5114,6,C,0,205020808050,20200222,1,199
5115,3,B,0,205020808050,20200222,2,0
5116,4,B,1,205020808050,20200222,2,1
5117,2,A,0,205020808050,20200222,2,2
5118,1,A,0,205020808050,20200222,2,3
5119,2,A,1,205020808050,20200222,2,4
5120,1,A,0,205020808050,20200222,2,5
5121,2,A,1,205020808050,20200222,2,6
5122,5,C,1,205020808050,20200222,2,7
5123,6,C,1,205020808050,20200222,2,8
5124,5,C,0,205020808050,20200222,2,9
5125,6,C,1,205020808050,20200222,2,10
5126,4,B,1,205020808050,20200222,2,11
5127,3,B,0,205020808050,20200222,2,12
5128,4,B,1,205020808050,20200222,2,13
5129,3,B,0,205020808050,20200222,2,14
5130,4,B,1,205020808050,20200222,2,15
5131,3,B,0,205020808050,20200222,2,16
5132,4,B,1,205020808050,20200222,2,17
5133,3,B,0,205020808050,20200222,2,18
5134,4,B,1,205020808050,20200222,2,19
5135,1,A,0,205020808050,20200222,2,20
5136,2,A,1,205020808050,20200222,2,21
5137,1,A,1,205020808050,20200222,2,22
5138,2,A,0,205020808050,20200222,2,23
5139,1,A,0,205020808050,20200222,2,24
5140,2,A,1,205020808050,20200222,2,25
5141,5,C,1,205020808050,20200222,2,26
5142,6,C,0,205020808050,20200222,2,27
5143,5,C,1,205020808050,20200222,2,28
5144,6,C,1,205020808050,20200222,2,29
5145,5,C,1,205020808050,20200222,2,30
5146,6,C,0,205020808050,20200222,2,31
5147,5,C,0,205020808050,20200222,2,32
5148,6,C,1,205020808050,20200222,2,33
5149,5,C,1,205020808050,20200222,2,34
5150,6,C,1,205020808050,20200222,2,35
5151,5,C,0,205020808050,20200222,2,36
5152,6,C,0,205020808050,20200222,2,37
5153,5,C,1,205020808050,20200222,2,38
5154,6,C,1,205020808050,20200222,2,39
5155,5,C,0,205020808050,20200222,2,40
5156,6,C,1,205020808050,20200222,2,41
5157,5,C,0,205020808050,20200222,2,42
5158,6,C,1,205020808050,20200222,2,43
5159,5,C,0,205020808050,20200222,2,44
5160,6,C,1,205020808050,20200222,2,45
5161,5,C,1,205020808050,20200222,2,46
5162,6,C,1,205020808050,20200222,2,47
5163,5,C,1,205020808050,20200222,2,48
5164,6,C,0,205020808050,20200222,2,49
5165,5,C,1,205020808050,20200222,2,50
5166,6,C,0,205020808050,20200222,2,51
5167,5,C,1,205020808050,20200222,2,52
5168,6,C,1,205020808050,20200222,2,53
5169,5,C,1,205020808050,20200222,2,54
5170,6,C,1,205020808050,20200222,2,55
5171,5,C,0,205020808050,20200222,2,56
5172,6,C,0,205020808050,20200222,2,57
5173,5,C,1,205020808050,20200222,2,58
5174,6,C,0,205020808050,20200222,2,59
5175,5,C,1,205020808050,20200222,2,60
5176,6,C,0,205020808050,20200222,2,61
5177,5,C,1,205020808050,20200222,2,62
5178,6,C,0,205020808050,20200222,2,63
5179,5,C,0,205020808050,20200222,2,64
5180,6,C,1,205020808050,20200222,2,65
5181,5,C,1,205020808050,20200222,2,66
5182,6,C,1,205020808050,20200222,2,67
5183,5,C,1,205020808050,20200222,2,68
5184,6,C,1,205020808050,20200222,2,69
5185,5,C,1,205020808050,20200222,2,70
5186,6,C,1,205020808050,20200222,2,71
5187,5,C,0,205020808050,20200222,2,72
5188,6,C,1,205020808050,20200222,2,73
5189,5,C,0,205020808050,20200222,2,74
5190,6,C,1,205020808050,20200222,2,75
5191,5,C,1,205020808050,20200222,2,76
5192,6,C,1,205020808050,20200222,2,77
5193,5,C,1,205020808050,20200222,2,78
5194,6,C,1,205020808050,20200222,2,79
5195,5,C,1,205020808050,20200222,2,80
5196,6,C,1,205020808050,20200222,2,81
5197,5,C,0,205020808050,20200222,2,82
5198,6,C,1,205020808050,20200222,2,83
5199,5,C,1,205020808050,20200222,2,84
5200,6,C,1,205020808050,20200222,2,85
5201,5,C,0,205020808050,20200222,2,86
5202,6,C,1,205020808050,20200222,2,87
5203,5,C,1,205020808050,20200222,2,88
5204,6,C,0,205020808050,20200222,2,89
5205,5,C,0,205020808050,20200222,2,90
5206,6,C,0,205020808050,20200222,2,91
5207,5,C,1,205020808050,20200222,2,92
5208,6,C,0,205020808050,20200222,2,93
5209,5,C,1,205020808050,20200222,2,94
5210,6,C,1,205020808050,20200222,2,95
5211,5,C,1,205020808050,20200222,2,96
5212,6,C,1,205020808050,20200222,2,97
5213,5,C,1,205020808050,20200222,2,98
5214,6,C,0,205020808050,20200222,2,99
5215,5,C,0,508050202020,20200222,2,100
5216,6,C,0,508050202020,20200222,2,101
5217,5,C,0,508050202020,20200222,2,102
5218,6,C,0,508050202020,20200222,2,103
5219,5,C,0,508050202020,20200222,2,104
5220,6,C,0,508050202020,20200222,2,105
5221,5,C,0,508050202020,20200222,2,106
5222,6,C,0,508050202020,20200222,2,107
5223,5,C,0,508050202020,20200222,2,108
5224,6,C,0,508050202020,20200222,2,109
5225,5,C,1,508050202020,20200222,2,110
5226,6,C,1,508050202020,20200222,2,111
5227,5,C,0,508050202020,20200222,2,112
5228,6,C,0,508050202020,20200222,2,113
5229,5,C,1,508050202020,20200222,2,114
5230,6,C,0,508050202020,20200222,2,115
5231,5,C,0,508050202020,20200222,2,116
5232,6,C,0,508050202020,20200222,2,117
5233,5,C,1,508050202020,20200222,2,118
5234,6,C,1,508050202020,20200222,2,119
5235,5,C,0,508050202020,20200222,2,120
5236,6,C,1,508050202020,20200222,2,121
5237,5,C,1,508050202020,20200222,2,122
5238,6,C,0,508050202020,20200222,2,123
5239,5,C,0,508050202020,20200222,2,124
5240,6,C,1,508050202020,20200222,2,125
5241,5,C,0,508050202020,20200222,2,126
5242,6,C,0,508050202020,20200222,2,127
5243,5,C,0,508050202020,20200222,2,128
5244,6,C,0,508050202020,20200222,2,129
5245,5,C,0,508050202020,20200222,2,130
5246,6,C,0,508050202020,20200222,2,131
5247,5,C,0,508050202020,20200222,2,132
5248,6,C,0,508050202020,20200222,2,133
5249,5,C,0,508050202020,20200222,2,134
5250,6,C,0,508050202020,20200222,2,135
5251,5,C,1,508050202020,20200222,2,136
5252,6,C,0,508050202020,20200222,2,137
5253,5,C,0,508050202020,20200222,2,138
5254,6,C,0,508050202020,20200222,2,139
5255,5,C,0,508050202020,20200222,2,140
5256,6,C,0,508050202020,20200222,2,141
5257,5,C,0,508050202020,20200222,2,142
5258,6,C,0,508050202020,20200222,2,143
5259,5,C,0,508050202020,20200222,2,144
5260,4,B,0,508050202020,20200222,2,145
5261,3,B,1,508050202020,20200222,2,146
5262,4,B,0,508050202020,20200222,2,147
5263,3,B,1,508050202020,20200222,2,148
5264,4,B,0,508050202020,20200222,2,149
5265,3,B,1,508050202020,20200222,2,150
5266,4,B,0,508050202020,20200222,2,151
5267,3,B,0,508050202020,20200222,2,152
5268,4,B,0,508050202020,20200222,2,153
5269,3,B,0,508050202020,20200222,2,154
5270,4,B,0,508050202020,20200222,2,155
5271,3,B,1,508050202020,20200222,2,156
5272,4,B,0,508050202020,20200222,2,157
5273,3,B,0,508050202020,20200222,2,158
5274,4,B,0,508050202020,20200222,2,159
5275,3,B,1,508050202020,20200222,2,160
5276,4,B,0,508050202020,20200222,2,161
5277,3,B,1,508050202020,20200222,2,162
5278,4,B,1,508050202020,20200222,2,163
5279,3,B,1,508050202020,20200222,2,164
5280,4,B,0,508050202020,20200222,2,165
5281,3,B,1,508050202020,20200222,2,166
5282,4,B,1,508050202020,20200222,2,167
5283,3,B,0,508050202020,20200222,2,168
5284,4,B,0,508050202020,20200222,2,169
5285,3,B,1,508050202020,20200222,2,170
5286,4,B,0,508050202020,20200222,2,171
5287,3,B,1,508050202020,20200222,2,172
5288,4,B,1,508050202020,20200222,2,173
5289,3,B,1,508050202020,20200222,2,174
5290,4,B,0,508050202020,20200222,2,175
5291,3,B,1,508050202020,20200222,2,176
5292,4,B,0,508050202020,20200222,2,177
5293,3,B,1,508050202020,20200222,2,178
5294,4,B,0,508050202020,20200222,2,179
5295,3,B,1,508050202020,20200222,2,180
5296,4,B,0,508050202020,20200222,2,181
5297,3,B,1,508050202020,20200222,2,182
5298,4,B,0,508050202020,20200222,2,183
5299,3,B,1,508050202020,20200222,2,184
5300,4,B,0,508050202020,20200222,2,185
5301,3,B,1,508050202020,20200222,2,186
5302,4,B,0,508050202020,20200222,2,187
5303,3,B,0,508050202020,20200222,2,188
5304,4,B,0,508050202020,20200222,2,189
5305,3,B,1,508050202020,20200222,2,190
5306,4,B,0,508050202020,20200222,2,191
5307,3,B,0,508050202020,20200222,2,192
5308,4,B,0,508050202020,20200222,2,193
5309,3,B,0,508050202020,20200222,2,194
5310,4,B,0,508050202020,20200222,2,195
5311,3,B,1,508050202020,20200222,2,196
5312,4,B,1,508050202020,20200222,2,197
5313,3,B,0,508050202020,20200222,2,198
5314,4,B,0,508050202020,20200222,2,199
5315,1,A,1,508050202020,20200222,3,0
5316,2,A,1,508050202020,20200222,3,1
5317,1,A,1,508050202020,20200222,3,2
5318,2,A,1,508050202020,20200222,3,3
5319,4,B,0,508050202020,20200222,3,4
5320,3,B,1,508050202020,20200222,3,5
5321,4,B,0,508050202020,20200222,3,6
5322,3,B,1,508050202020,20200222,3,7
5323,4,B,0,508050202020,20200222,3,8
5324,3,B,0,508050202020,20200222,3,9
5325,4,B,1,508050202020,20200222,3,10
5326,3,B,1,508050202020,20200222,3,11
5327,4,B,0,508050202020,20200222,3,12
5328,3,B,1,508050202020,20200222,3,13
5329,4,B,0,508050202020,20200222,3,14
5330,5,C,0,508050202020,20200222,3,15
5331,6,C,1,508050202020,20200222,3,16
5332,5,C,0,508050202020,20200222,3,17
5333,6,C,0,508050202020,20200222,3,18
5334,5,C,0,508050202020,20200222,3,19
5335,6,C,0,508050202020,20200222,3,20
5336,5,C,0,508050202020,20200222,3,21
5337,6,C,0,508050202020,20200222,3,22
5338,2,A,1,508050202020,20200222,3,23
5339,1,A,0,508050202020,20200222,3,24
5340,2,A,1,508050202020,20200222,3,25
5341,1,A,1,508050202020,20200222,3,26
5342,2,A,1,508050202020,20200222,3,27
5343,1,A,0,508050202020,20200222,3,28
5344,2,A,1,508050202020,20200222,3,29
5345,4,B,0,508050202020,20200222,3,30
5346,3,B,1,508050202020,20200222,3,31
5347,4,B,1,508050202020,20200222,3,32
5348,3,B,0,508050202020,20200222,3,33
5349,4,B,0,508050202020,20200222,3,34
5350,3,B,1,508050202020,20200222,3,35
5351,4,B,0,508050202020,20200222,3,36
5352,3,B,0,508050202020,20200222,3,37
5353,4,B,0,508050202020,20200222,3,38
5354,3,B,1,508050202020,20200222,3,39
5355,4,B,0,508050202020,20200222,3,40
5356,3,B,1,508050202020,20200222,3,41
5357,4,B,0,508050202020,20200222,3,42
5358,3,B,0,508050202020,20200222,3,43
5359,4,B,0,508050202020,20200222,3,44
5360,3,B,1,508050202020,20200222,3,45
5361,4,B,0,508050202020,20200222,3,46
5362,3,B,0,508050202020,20200222,3,47
5363,4,B,0,508050202020,20200222,3,48
5364,3,B,1,508050202020,20200222,3,49
5365,4,B,0,508050202020,20200222,3,50
5366,3,B,0,508050202020,20200222,3,51
5367,4,B,0,508050202020,20200222,3,52
5368,3,B,1,508050202020,20200222,3,53
5369,4,B,0,508050202020,20200222,3,54
5370,3,B,1,508050202020,20200222,3,55
5371,4,B,1,508050202020,20200222,3,56
5372,3,B,0,508050202020,20200222,3,57
5373,4,B,0,508050202020,20200222,3,58
5374,3,B,1,508050202020,20200222,3,59
5375,4,B,0,508050202020,20200222,3,60
5376,3,B,0,508050202020,20200222,3,61
5377,4,B,0,508050202020,20200222,3,62
5378,3,B,0,508050202020,20200222,3,63
5379,5,C,0,508050202020,20200222,3,64
5380,6,C,1,508050202020,20200222,3,65
5381,5,C,0,508050202020,20200222,3,66
5382,6,C,0,508050202020,20200222,3,67
5383,5,C,0,508050202020,20200222,3,68
5384,6,C,0,508050202020,20200222,3,69
5385,5,C,0,508050202020,20200222,3,70
5386,6,C,0,508050202020,20200222,3,71
5387,5,C,0,508050202020,20200222,3,72
5388,6,C,0,508050202020,20200222,3,73
5389,5,C,0,508050202020,20200222,3,74
5390,6,C,0,508050202020,20200222,3,75
5391,5,C,0,508050202020,20200222,3,76
5392,2,A,1,508050202020,20200222,3,77
5393,1,A,0,508050202020,20200222,3,78
5394,2,A,1,508050202020,20200222,3,79
5395,1,A,1,508050202020,20200222,3,80
5396,2,A,0,508050202020,20200222,3,81
5397,1,A,0,508050202020,20200222,3,82
5398,2,A,0,508050202020,20200222,3,83
5399,1,A,0,508050202020,20200222,3,84
5400,2,A,1,508050202020,20200222,3,85
5401,3,B,0,508050202020,20200222,3,86
5402,4,B,0,508050202020,20200222,3,87
5403,3,B,0,508050202020,20200222,3,88
5404,4,B,1,508050202020,20200222,3,89
5405,3,B,1,508050202020,20200222,3,90
5406,4,B,1,508050202020,20200222,3,91
5407,3,B,1,508050202020,20200222,3,92
5408,4,B,0,508050202020,20200222,3,93
5409,3,B,1,508050202020,20200222,3,94
5410,4,B,1,508050202020,20200222,3,95
5411,3,B,1,508050202020,20200222,3,96
5412,4,B,0,508050202020,20200222,3,97
5413,3,B,0,508050202020,20200222,3,98
5414,4,B,0,508050202020,20200222,3,99
5415,3,B,0,202020502020,20200222,3,100
5416,4,B,1,202020502020,20200222,3,101
5417,3,B,0,202020502020,20200222,3,102
5418,4,B,0,202020502020,20200222,3,103
5419,3,B,0,202020502020,20200222,3,104
5420,4,B,1,202020502020,20200222,3,105
5421,3,B,0,202020502020,20200222,3,106
5422,4,B,1,202020502020,20200222,3,107
5423,3,B,0,202020502020,20200222,3,108
5424,4,B,1,202020502020,20200222,3,109
5425,3,B,0,202020502020,20200222,3,110
5426,4,B,0,202020502020,20200222,3,111
5427,3,B,1,202020502020,20200222,3,112
5428,4,B,0,202020502020,20200222,3,113
5429,3,B,0,202020502020,20200222,3,114
5430,4,B,0,202020502020,20200222,3,115
5431,3,B,0,202020502020,20200222,3,116
5432,4,B,1,202020502020,20200222,3,117
5433,3,B,0,202020502020,20200222,3,118
5434,4,B,1,202020502020,20200222,3,119
5435,3,B,0,202020502020,20200222,3,120
5436,4,B,0,202020502020,20200222,3,121
5437,3,B,0,202020502020,20200222,3,122
5438,4,B,1,202020502020,20200222,3,123
5439,3,B,1,202020502020,20200222,3,124
5440,4,B,1,202020502020,20200222,3,125
5441,3,B,0,202020502020,20200222,3,126
5442,4,B,0,202020502020,20200222,3,127
5443,3,B,0,202020502020,20200222,3,128
5444,4,B,1,202020502020,20200222,3,129
5445,3,B,0,202020502020,20200222,3,130
5446,4,B,0,202020502020,20200222,3,131
5447,3,B,1,202020502020,20200222,3,132
5448,4,B,1,202020502020,20200222,3,133
5449,3,B,0,202020502020,20200222,3,134
5450,4,B,0,202020502020,20200222,3,135
5451,3,B,0,202020502020,20200222,3,136
5452,4,B,1,202020502020,20200222,3,137
5453,3,B,0,202020502020,20200222,3,138
5454,4,B,0,202020502020,20200222,3,139
5455,3,B,0,202020502020,20200222,3,140
5456,4,B,1,202020502020,20200222,3,141
5457,3,B,1,202020502020,20200222,3,142
5458,4,B,1,202020502020,20200222,3,143
5459,3,B,0,202020502020,20200222,3,144
5460,4,B,0,202020502020,20200222,3,145
5461,3,B,0,202020502020,20200222,3,146
5462,4,B,0,202020502020,20200222,3,147
5463,3,B,0,202020502020,20200222,3,148
5464,4,B,1,202020502020,20200222,3,149
5465,3,B,0,202020502020,20200222,3,150
5466,4,B,0,202020502020,20200222,3,151
5467,3,B,0,202020502020,20200222,3,152
5468,4,B,0,202020502020,20200222,3,153
5469,3,B,0,202020502020,20200222,3,154
5470,4,B,1,202020502020,20200222,3,155
5471,3,B,0,202020502020,20200222,3,156
5472,4,B,0,202020502020,20200222,3,157
5473,3,B,0,202020502020,20200222,3,158
5474,4,B,0,202020502020,20200222,3,159
5475,3,B,0,202020502020,20200222,3,160
5476,4,B,0,202020502020,20200222,3,161
5477,3,B,0,202020502020,20200222,3,162
5478,4,B,0,202020502020,20200222,3,163
5479,3,B,0,202020502020,20200222,3,164
5480,4,B,0,202020502020,20200222,3,165
5481,3,B,0,202020502020,20200222,3,166
5482,4,B,1,202020502020,20200222,3,167
5483,3,B,0,202020502020,20200222,3,168
5484,4,B,0,202020502020,20200222,3,169
5485,3,B,1,202020502020,20200222,3,170
5486,4,B,0,202020502020,20200222,3,171
5487,3,B,0,202020502020,20200222,3,172
5488,4,B,1,202020502020,20200222,3,173
5489,3,B,1,202020502020,20200222,3,174
5490,4,B,0,202020502020,20200222,3,175
5491,3,B,0,202020502020,20200222,3,176
5492,4,B,0,202020502020,20200222,3,177
5493,3,B,0,202020502020,20200222,3,178
5494,4,B,1,202020502020,20200222,3,179
5495,3,B,0,202020502020,20200222,3,180
5496,4,B,0,202020502020,20200222,3,181
5497,3,B,0,202020502020,20200222,3,182
5498,4,B,1,202020502020,20200222,3,183
5499,3,B,0,202020502020,20200222,3,184
5500,4,B,0,202020502020,20200222,3,185
5501,3,B,0,202020502020,20200222,3,186
5502,4,B,0,202020502020,20200222,3,187
5503,3,B,0,202020502020,20200222,3,188
5504,4,B,1,202020502020,20200222,3,189
5505,3,B,0,202020502020,20200222,3,190
5506,4,B,1,202020502020,20200222,3,191
5507,3,B,1,202020502020,20200222,3,192
5508,4,B,1,202020502020,20200222,3,193
5509,3,B,0,202020502020,20200222,3,194
5510,4,B,0,202020502020,20200222,3,195
5511,3,B,0,202020502020,20200222,3,196
5512,4,B,1,202020502020,20200222,3,197
5513,3,B,0,202020502020,20200222,3,198
5514,4,B,0,202020502020,20200222,3,199
5515,4,B,1,202020502020,20200222,4,0
5516,3,B,0,202020502020,20200222,4,1
5517,2,A,0,202020502020,20200222,4,2
5518,1,A,1,202020502020,20200222,4,3
5519,2,A,0,202020502020,20200222,4,4
5520,1,A,0,202020502020,20200222,4,5
5521,2,A,0,202020502020,20200222,4,6
5522,5,C,1,202020502020,20200222,4,7
5523,6,C,0,202020502020,20200222,4,8
5524,5,C,0,202020502020,20200222,4,9
5525,6,C,0,202020502020,20200222,4,10
5526,5,C,0,202020502020,20200222,4,11
5527,4,B,1,202020502020,20200222,4,12
5528,3,B,0,202020502020,20200222,4,13
5529,4,B,1,202020502020,20200222,4,14
5530,2,A,0,202020502020,20200222,4,15
5531,1,A,0,202020502020,20200222,4,16
5532,2,A,0,202020502020,20200222,4,17
5533,1,A,0,202020502020,20200222,4,18
5534,2,A,1,202020502020,20200222,4,19
5535,1,A,0,202020502020,20200222,4,20
5536,2,A,1,202020502020,20200222,4,21
5537,1,A,0,202020502020,20200222,4,22
5538,2,A,0,202020502020,20200222,4,23
5539,5,C,0,202020502020,20200222,4,24
5540,6,C,0,202020502020,20200222,4,25
5541,5,C,1,202020502020,20200222,4,26
5542,6,C,0,202020502020,20200222,4,27
5543,5,C,0,202020502020,20200222,4,28
5544,6,C,0,202020502020,20200222,4,29
5545,5,C,0,202020502020,20200222,4,30
5546,6,C,0,202020502020,20200222,4,31
5547,5,C,1,202020502020,20200222,4,32
5548,6,C,0,202020502020,20200222,4,33
5549,5,C,0,202020502020,20200222,4,34
5550,6,C,1,202020502020,20200222,4,35
5551,5,C,0,202020502020,20200222,4,36
5552,6,C,0,202020502020,20200222,4,37
5553,5,C,0,202020502020,20200222,4,38
5554,6,C,0,202020502020,20200222,4,39
5555,5,C,0,202020502020,20200222,4,40
5556,2,A,1,202020502020,20200222,4,41
5557,1,A,0,202020502020,20200222,4,42
5558,2,A,0,202020502020,20200222,4,43
5559,1,A,0,202020502020,20200222,4,44
5560,2,A,0,202020502020,20200222,4,45
5561,4,B,1,202020502020,20200222,4,46
5562,3,B,0,202020502020,20200222,4,47
5563,4,B,1,202020502020,20200222,4,48
5564,3,B,0,202020502020,20200222,4,49
5565,4,B,0,202020502020,20200222,4,50
5566,3,B,0,202020502020,20200222,4,51
5567,4,B,0,202020502020,20200222,4,52
5568,3,B,0,202020502020,20200222,4,53
5569,4,B,0,202020502020,20200222,4,54
5570,3,B,0,202020502020,20200222,4,55
5571,4,B,0,202020502020,20200222,4,56
5572,3,B,1,202020502020,20200222,4,57
5573,4,B,0,202020502020,20200222,4,58
5574,3,B,0,202020502020,20200222,4,59
5575,4,B,0,202020502020,20200222,4,60
5576,3,B,1,202020502020,20200222,4,61
5577,4,B,0,202020502020,20200222,4,62
5578,3,B,0,202020502020,20200222,4,63
5579,4,B,1,202020502020,20200222,4,64
5580,3,B,0,202020502020,20200222,4,65
5581,4,B,0,202020502020,20200222,4,66
5582,3,B,1,202020502020,20200222,4,67
5583,4,B,0,202020502020,20200222,4,68
5584,3,B,1,202020502020,20200222,4,69
5585,4,B,0,202020502020,20200222,4,70
5586,3,B,0,202020502020,20200222,4,71
5587,4,B,1,202020502020,20200222,4,72
5588,3,B,0,202020502020,20200222,4,73
5589,4,B,0,202020502020,20200222,4,74
5590,3,B,1,202020502020,20200222,4,75
5591,4,B,1,202020502020,20200222,4,76
5592,3,B,0,202020502020,20200222,4,77
5593,4,B,0,202020502020,20200222,4,78
5594,3,B,0,202020502020,20200222,4,79
5595,4,B,1,202020502020,20200222,4,80
5596,3,B,0,202020502020,20200222,4,81
5597,4,B,1,202020502020,20200222,4,82
5598,3,B,0,202020502020,20200222,4,83
5599,4,B,0,202020502020,20200222,4,84
5600,3,B,1,202020502020,20200222,4,85
5601,4,B,0,202020502020,20200222,4,86
5602,3,B,1,202020502020,20200222,4,87
5603,4,B,1,202020502020,20200222,4,88
5604,3,B,0,202020502020,20200222,4,89
5605,4,B,0,202020502020,20200222,4,90
5606,3,B,0,202020502020,20200222,4,91
5607,4,B,1,202020502020,20200222,4,92
5608,3,B,0,202020502020,20200222,4,93
5609,4,B,0,202020502020,20200222,4,94
5610,3,B,1,202020502020,20200222,4,95
5611,4,B,0,202020502020,20200222,4,96
5612,3,B,0,202020502020,20200222,4,97
5613,4,B,0,202020502020,20200222,4,98
5614,3,B,1,202020502020,20200222,4,99
5615,4,B,0,805020202080,20200222,4,100
5616,3,B,0,805020202080,20200222,4,101
5617,4,B,0,805020202080,20200222,4,102
5618,3,B,0,805020202080,20200222,4,103
5619,4,B,0,805020202080,20200222,4,104
5620,3,B,0,805020202080,20200222,4,105
5621,4,B,0,805020202080,20200222,4,106
5622,3,B,0,805020202080,20200222,4,107
5623,4,B,0,805020202080,20200222,4,108
5624,3,B,0,805020202080,20200222,4,109
5625,4,B,0,805020202080,20200222,4,110
5626,3,B,0,805020202080,20200222,4,111
5627,4,B,0,805020202080,20200222,4,112
5628,5,C,0,805020202080,20200222,4,113
5629,6,C,1,805020202080,20200222,4,114
5630,5,C,0,805020202080,20200222,4,115
5631,6,C,1,805020202080,20200222,4,116
5632,5,C,0,805020202080,20200222,4,117
5633,6,C,1,805020202080,20200222,4,118
5634,5,C,0,805020202080,20200222,4,119
5635,6,C,1,805020202080,20200222,4,120
5636,5,C,0,805020202080,20200222,4,121
5637,6,C,1,805020202080,20200222,4,122
5638,5,C,0,805020202080,20200222,4,123
5639,6,C,1,805020202080,20200222,4,124
5640,5,C,0,805020202080,20200222,4,125
5641,6,C,1,805020202080,20200222,4,126
5642,5,C,1,805020202080,20200222,4,127
5643,6,C,1,805020202080,20200222,4,128
5644,5,C,0,805020202080,20200222,4,129
5645,6,C,1,805020202080,20200222,4,130
5646,5,C,1,805020202080,20200222,4,131
5647,6,C,1,805020202080,20200222,4,132
5648,5,C,0,805020202080,20200222,4,133
5649,6,C,1,805020202080,20200222,4,134
5650,5,C,0,805020202080,20200222,4,135
5651,6,C,0,805020202080,20200222,4,136
5652,5,C,0,805020202080,20200222,4,137
5653,6,C,1,805020202080,20200222,4,138
5654,5,C,0,805020202080,20200222,4,139
5655,6,C,1,805020202080,20200222,4,140
5656,5,C,0,805020202080,20200222,4,141
5657,6,C,1,805020202080,20200222,4,142
5658,5,C,0,805020202080,20200222,4,143
5659,6,C,1,805020202080,20200222,4,144
5660,5,C,0,805020202080,20200222,4,145
5661,6,C,1,805020202080,20200222,4,146
5662,5,C,1,805020202080,20200222,4,147
5663,6,C,0,805020202080,20200222,4,148
5664,5,C,0,805020202080,20200222,4,149
5665,6,C,1,805020202080,20200222,4,150
5666,5,C,0,805020202080,20200222,4,151
5667,6,C,1,805020202080,20200222,4,152
5668,5,C,1,805020202080,20200222,4,153
5669,6,C,0,805020202080,20200222,4,154
5670,5,C,0,805020202080,20200222,4,155
5671,6,C,1,805020202080,20200222,4,156
5672,5,C,0,805020202080,20200222,4,157
5673,6,C,1,805020202080,20200222,4,158
5674,5,C,0,805020202080,20200222,4,159
5675,6,C,1,805020202080,20200222,4,160
5676,5,C,0,805020202080,20200222,4,161
5677,6,C,1,805020202080,20200222,4,162
5678,5,C,0,805020202080,20200222,4,163
5679,6,C,0,805020202080,20200222,4,164
5680,5,C,1,805020202080,20200222,4,165
5681,6,C,1,805020202080,20200222,4,166
5682,5,C,0,805020202080,20200222,4,167
5683,6,C,0,805020202080,20200222,4,168
5684,5,C,0,805020202080,20200222,4,169
5685,6,C,1,805020202080,20200222,4,170
5686,5,C,0,805020202080,20200222,4,171
5687,6,C,1,805020202080,20200222,4,172
5688,5,C,0,805020202080,20200222,4,173
5689,6,C,1,805020202080,20200222,4,174
5690,5,C,0,805020202080,20200222,4,175
5691,6,C,1,805020202080,20200222,4,176
5692,5,C,0,805020202080,20200222,4,177
5693,6,C,1,805020202080,20200222,4,178
5694,5,C,0,805020202080,20200222,4,179
5695,6,C,1,805020202080,20200222,4,180
5696,5,C,0,805020202080,20200222,4,181
5697,6,C,1,805020202080,20200222,4,182
5698,5,C,0,805020202080,20200222,4,183
5699,6,C,1,805020202080,20200222,4,184
5700,5,C,0,805020202080,20200222,4,185
5701,6,C,1,805020202080,20200222,4,186
5702,5,C,0,805020202080,20200222,4,187
5703,6,C,1,805020202080,20200222,4,188
5704,5,C,1,805020202080,20200222,4,189
5705,6,C,1,805020202080,20200222,4,190
5706,5,C,0,805020202080,20200222,4,191
5707,6,C,1,805020202080,20200222,4,192
5708,5,C,0,805020202080,20200222,4,193
5709,6,C,1,805020202080,20200222,4,194
5710,5,C,1,805020202080,20200222,4,195
5711,6,C,1,805020202080,20200222,4,196
5712,5,C,0,805020202080,20200222,4,197
5713,6,C,1,805020202080,20200222,4,198
5714,5,C,0,805020202080,20200222,4,199
5715,3,B,1,805020202080,20200223,1,0
5716,4,B,1,805020202080,20200223,1,1
5717,5,C,0,805020202080,20200223,1,2
5718,6,C,0,805020202080,20200223,1,3
5719,5,C,0,805020202080,20200223,1,4
5720,6,C,0,805020202080,20200223,1,5
5721,5,C,0,805020202080,20200223,1,6
5722,2,A,0,805020202080,20200223,1,7
5723,1,A,1,805020202080,20200223,1,8
5724,2,A,1,805020202080,20200223,1,9
5725,1,A,1,805020202080,20200223,1,10
5726,2,A,0,805020202080,20200223,1,11
5727,1,A,1,805020202080,20200223,1,12
5728,2,A,1,805020202080,20200223,1,13
5729,1,A,1,805020202080,20200223,1,14
5730,2,A,0,805020202080,20200223,1,15
5731,4,B,0,805020202080,20200223,1,16
5732,3,B,0,805020202080,20200223,1,17
5733,4,B,1,805020202080,20200223,1,18
5734,3,B,0,805020202080,20200223,1,19
5735,4,B,0,805020202080,20200223,1,20
5736,5,C,0,805020202080,20200223,1,21
5737,6,C,0,805020202080,20200223,1,22
5738,5,C,0,805020202080,20200223,1,23
5739,6,C,1,805020202080,20200223,1,24
5740,5,C,0,805020202080,20200223,1,25
5741,6,C,1,805020202080,20200223,1,26
5742,5,C,0,805020202080,20200223,1,27
5743,6,C,1,805020202080,20200223,1,28
5744,5,C,1,805020202080,20200223,1,29
5745,6,C,1,805020202080,20200223,1,30
5746,5,C,0,805020202080,20200223,1,31
5747,6,C,1,805020202080,20200223,1,32
5748,5,C,0,805020202080,20200223,1,33
5749,6,C,1,805020202080,20200223,1,34
5750,5,C,1,805020202080,20200223,1,35
5751,6,C,1,805020202080,20200223,1,36
5752,5,C,0,805020202080,20200223,1,37
5753,6,C,1,805020202080,20200223,1,38
5754,5,C,0,805020202080,20200223,1,39
5755,6,C,1,805020202080,20200223,1,40
5756,5,C,0,805020202080,20200223,1,41
5757,6,C,1,805020202080,20200223,1,42
5758,5,C,0,805020202080,20200223,1,43
5759,6,C,1,805020202080,20200223,1,44
5760,5,C,0,805020202080,20200223,1,45
5761,6,C,0,805020202080,20200223,1,46
5762,5,C,0,805020202080,20200223,1,47
5763,6,C,0,805020202080,20200223,1,48
5764,5,C,0,805020202080,20200223,1,49
5765,2,A,1,805020202080,20200223,1,50
5766,1,A,1,805020202080,20200223,1,51
5767,2,A,1,805020202080,20200223,1,52
5768,1,A,1,805020202080,20200223,1,53
5769,2,A,0,805020202080,20200223,1,54
5770,1,A,1,805020202080,20200223,1,55
5771,2,A,0,805020202080,20200223,1,56
5772,1,A,1,805020202080,20200223,1,57
5773,2,A,1,805020202080,20200223,1,58
5774,1,A,1,805020202080,20200223,1,59
5775,2,A,1,805020202080,20200223,1,60
5776,1,A,1,805020202080,20200223,1,61
5777,2,A,1,805020202080,20200223,1,62
5778,1,A,1,805020202080,20200223,1,63
5779,2,A,1,805020202080,20200223,1,64
5780,1,A,1,805020202080,20200223,1,65
5781,2,A,1,805020202080,20200223,1,66
5782,1,A,1,805020202080,20200223,1,67
5783,2,A,0,805020202080,20200223,1,68
5784,1,A,1,805020202080,20200223,1,69
5785,2,A,1,805020202080,20200223,1,70
5786,1,A,1,805020202080,20200223,1,71
5787,2,A,1,805020202080,20200223,1,72
5788,1,A,1,805020202080,20200223,1,73
5789,2,A,0,805020202080,20200223,1,74
5790,1,A,1,805020202080,20200223,1,75
5791,2,A,0,805020202080,20200223,1,76
5792,1,A,0,805020202080,20200223,1,77
5793,2,A,1,805020202080,20200223,1,78
5794,1,A,1,805020202080,20200223,1,79
5795,2,A,0,805020202080,20200223,1,80
5796,1,A,1,805020202080,20200223,1,81
5797,2,A,1,805020202080,20200223,1,82
5798,1,A,1,805020202080,20200223,1,83
5799,2,A,1,805020202080,20200223,1,84
5800,1,A,1,805020202080,20200223,1,85
5801,2,A,1,805020202080,20200223,1,86
5802,1,A,0,805020202080,20200223,1,87
5803,2,A,1,805020202080,20200223,1,88
5804,1,A,1,805020202080,20200223,1,89
5805,2,A,1,805020202080,20200223,1,90
5806,1,A,1,805020202080,20200223,1,91
5807,2,A,1,805020202080,20200223,1,92
5808,1,A,0,805020202080,20200223,1,93
5809,2,A,0,805020202080,20200223,1,94
5810,1,A,1,805020202080,20200223,1,95
5811,2,A,0,805020202080,20200223,1,96
5812,1,A,1,805020202080,20200223,1,97
5813,2,A,0,805020202080,20200223,1,98
5814,1,A,1,805020202080,20200223,1,99
5815,2,A,0,205050508050,20200223,1,100
5816,1,A,0,205050508050,20200223,1,101
5817,2,A,0,205050508050,20200223,1,102
5818,1,A,0,205050508050,20200223,1,103
5819,2,A,1,205050508050,20200223,1,104
5820,1,A,0,205050508050,20200223,1,105
5821,2,A,0,205050508050,20200223,1,106
5822,1,A,0,205050508050,20200223,1,107
5823,2,A,0,205050508050,20200223,1,108
5824,1,A,1,205050508050,20200223,1,109
5825,2,A,0,205050508050,20200223,1,110
5826,1,A,0,205050508050,20200223,1,111
5827,2,A,0,205050508050,20200223,1,112
5828,1,A,0,205050508050,20200223,1,113
5829,2,A,1,205050508050,20200223,1,114
5830,1,A,0,205050508050,20200223,1,115
5831,2,A,0,205050508050,20200223,1,116
5832,1,A,0,205050508050,20200223,1,117
5833,2,A,1,205050508050,20200223,1,118
5834,1,A,0,205050508050,20200223,1,119
5835,2,A,1,205050508050,20200223,1,120
5836,1,A,0,205050508050,20200223,1,121
5837,2,A,0,205050508050,20200223,1,122
5838,1,A,1,205050508050,20200223,1,123
5839,2,A,1,205050508050,20200223,1,124
5840,1,A,0,205050508050,20200223,1,125
5841,2,A,0,205050508050,20200223,1,126
5842,1,A,0,205050508050,20200223,1,127
5843,2,A,1,205050508050,20200223,1,128
5844,1,A,0,205050508050,20200223,1,129
5845,2,A,0,205050508050,20200223,1,130
5846,1,A,0,205050508050,20200223,1,131
5847,2,A,0,205050508050,20200223,1,132
5848,4,B,0,205050508050,20200223,1,133
5849,3,B,0,205050508050,20200223,1,134
5850,4,B,0,205050508050,20200223,1,135
5851,3,B,0,205050508050,20200223,1,136
5852,4,B,1,205050508050,20200223,1,137
5853,3,B,0,205050508050,20200223,1,138
5854,4,B,0,205050508050,20200223,1,139
5855,3,B,1,205050508050,20200223,1,140
5856,4,B,1,205050508050,20200223,1,141
5857,3,B,1,205050508050,20200223,1,142
5858,4,B,0,205050508050,20200223,1,143
5859,3,B,1,205050508050,20200223,1,144
5860,4,B,1,205050508050,20200223,1,145
5861,3,B,1,205050508050,20200223,1,146
5862,4,B,0,205050508050,20200223,1,147
5863,3,B,1,205050508050,20200223,1,148
5864,4,B,1,205050508050,20200223,1,149
5865,3,B,0,205050508050,20200223,1,150
5866,4,B,1,205050508050,20200223,1,151
5867,3,B,1,205050508050,20200223,1,152
5868,4,B,0,205050508050,20200223,1,153
5869,3,B,1,205050508050,20200223,1,154
5870,4,B,0,205050508050,20200223,1,155
5871,3,B,1,205050508050,20200223,1,156
5872,4,B,0,205050508050,20200223,1,157
5873,3,B,1,205050508050,20200223,1,158
5874,4,B,0,205050508050,20200223,1,159
5875,3,B,0,205050508050,20200223,1,160
5876,4,B,1,205050508050,20200223,1,161
5877,3,B,0,205050508050,20200223,1,162
5878,4,B,1,205050508050,20200223,1,163
5879,3,B,0,205050508050,20200223,1,164
5880,4,B,1,205050508050,20200223,1,165
5881,3,B,1,205050508050,20200223,1,166
5882,4,B,0,205050508050,20200223,1,167
5883,3,B,0,205050508050,20200223,1,168
5884,4,B,1,205050508050,20200223,1,169
5885,3,B,0,205050508050,20200223,1,170
5886,4,B,1,205050508050,20200223,1,171
5887,3,B,1,205050508050,20200223,1,172
5888,4,B,0,205050508050,20200223,1,173
5889,3,B,0,205050508050,20200223,1,174
5890,4,B,0,205050508050,20200223,1,175
5891,3,B,1,205050508050,20200223,1,176
5892,4,B,1,205050508050,20200223,1,177
5893,3,B,0,205050508050,20200223,1,178
5894,4,B,1,205050508050,20200223,1,179
5895,3,B,1,205050508050,20200223,1,180
5896,4,B,0,205050508050,20200223,1,181
5897,3,B,0,205050508050,20200223,1,182
5898,4,B,0,205050508050,20200223,1,183
5899,3,B,1,205050508050,20200223,1,184
5900,4,B,1,205050508050,20200223,1,185
5901,3,B,1,205050508050,20200223,1,186
5902,4,B,0,205050508050,20200223,1,187
5903,3,B,1,205050508050,20200223,1,188
5904,4,B,1,205050508050,20200223,1,189
5905,3,B,0,205050508050,20200223,1,190
5906,4,B,1,205050508050,20200223,1,191
5907,3,B,1,205050508050,20200223,1,192
5908,4,B,1,205050508050,20200223,1,193
5909,3,B,1,205050508050,20200223,1,194
5910,4,B,0,205050508050,20200223,1,195
5911,3,B,1,205050508050,20200223,1,196
5912,4,B,1,205050508050,20200223,1,197
5913,3,B,1,205050508050,20200223,1,198
5914,4,B,1,205050508050,20200223,1,199
5915,2,A,0,205050508050,20200223,2,0
5916,1,A,0,205050508050,20200223,2,1
5917,2,A,0,205050508050,20200223,2,2
5918,5,C,1,205050508050,20200223,2,3
5919,6,C,0,205050508050,20200223,2,4
5920,5,C,1,205050508050,20200223,2,5
5921,6,C,1,205050508050,20200223,2,6
5922,5,C,1,205050508050,20200223,2,7
5923,6,C,1,205050508050,20200223,2,8
5924,5,C,1,205050508050,20200223,2,9
5925,6,C,0,205050508050,20200223,2,10
5926,5,C,1,205050508050,20200223,2,11
5927,6,C,1,205050508050,20200223,2,12
5928,5,C,0,205050508050,20200223,2,13
5929,6,C,1,205050508050,20200223,2,14
5930,5,C,1,205050508050,20200223,2,15
5931,6,C,0,205050508050,20200223,2,16
5932,5,C,1,205050508050,20200223,2,17
5933,6,C,1,205050508050,20200223,2,18
5934,5,C,1,205050508050,20200223,2,19
5935,6,C,0,205050508050,20200223,2,20
5936,5,C,0,205050508050,20200223,2,21
5937,6,C,0,205050508050,20200223,2,22
5938,5,C,1,205050508050,20200223,2,23
5939,4,B,1,205050508050,20200223,2,24
5940,3,B,0,205050508050,20200223,2,25
5941,4,B,1,205050508050,20200223,2,26
5942,3,B,0,205050508050,20200223,2,27
5943,4,B,1,205050508050,20200223,2,28
5944,3,B,1,205050508050,20200223,2,29
5945,4,B,0,205050508050,20200223,2,30
5946,3,B,0,205050508050,20200223,2,31
5947,4,B,1,205050508050,20200223,2,32
5948,3,B,0,205050508050,20200223,2,33
5949,4,B,0,205050508050,20200223,2,34
5950,3,B,1,205050508050,20200223,2,35
5951,4,B,1,205050508050,20200223,2,36
5952,3,B,0,205050508050,20200223,2,37
5953,4,B,0,205050508050,20200223,2,38
5954,3,B,0,205050508050,20200223,2,39
5955,4,B,1,205050508050,20200223,2,40
5956,3,B,1,205050508050,20200223,2,41
5957,4,B,0,205050508050,20200223,2,42
5958,3,B,0,205050508050,20200223,2,43
5959,4,B,1,205050508050,20200223,2,44
5960,3,B,1,205050508050,20200223,2,45
5961,4,B,0,205050508050,20200223,2,46
5962,3,B,0,205050508050,20200223,2,47
5963,4,B,0,205050508050,20200223,2,48
5964,3,B,0,205050508050,20200223,2,49
5965,4,B,0,205050508050,20200223,2,50
5966,5,C,0,205050508050,20200223,2,51
5967,6,C,1,205050508050,20200223,2,52
5968,5,C,1,205050508050,20200223,2,53
5969,6,C,0,205050508050,20200223,2,54
5970,5,C,1,205050508050,20200223,2,55
5971,6,C,0,205050508050,20200223,2,56
5972,5,C,1,205050508050,20200223,2,57
5973,6,C,0,205050508050,20200223,2,58
5974,5,C,1,205050508050,20200223,2,59
5975,6,C,0,205050508050,20200223,2,60
5976,5,C,1,205050508050,20200223,2,61
5977,6,C,1,205050508050,20200223,2,62
5978,5,C,1,205050508050,20200223,2,63
5979,6,C,0,205050508050,20200223,2,64
5980,5,C,1,205050508050,20200223,2,65
5981,6,C,0,205050508050,20200223,2,66
5982,5,C,0,205050508050,20200223,2,67
5983,6,C,0,205050508050,20200223,2,68
5984,5,C,1,205050508050,20200223,2,69
5985,6,C,1,205050508050,20200223,2,70
5986,5,C,0,205050508050,20200223,2,71
5987,6,C,0,205050508050,20200223,2,72
5988,5,C,1,205050508050,20200223,2,73
5989,6,C,1,205050508050,20200223,2,74
5990,5,C,1,205050508050,20200223,2,75
5991,6,C,0,205050508050,20200223,2,76
5992,5,C,1,205050508050,20200223,2,77
5993,6,C,1,205050508050,20200223,2,78
5994,5,C,0,205050508050,20200223,2,79
5995,6,C,0,205050508050,20200223,2,80
5996,5,C,1,205050508050,20200223,2,81
5997,6,C,0,205050508050,20200223,2,82
5998,5,C,1,205050508050,20200223,2,83
5999,6,C,1,205050508050,20200223,2,84
6000,5,C,1,205050508050,20200223,2,85
6001,6,C,0,205050508050,20200223,2,86
6002,5,C,1,205050508050,20200223,2,87
6003,6,C,0,205050508050,20200223,2,88
6004,5,C,1,205050508050,20200223,2,89
6005,6,C,0,205050508050,20200223,2,90
6006,5,C,0,205050508050,20200223,2,91
6007,6,C,0,205050508050,20200223,2,92
6008,5,C,1,205050508050,20200223,2,93
6009,6,C,0,205050508050,20200223,2,94
6010,5,C,1,205050508050,20200223,2,95
6011,6,C,1,205050508050,20200223,2,96
6012,5,C,1,205050508050,20200223,2,97
6013,6,C,0,205050508050,20200223,2,98
6014,5,C,0,205050508050,20200223,2,99
6015,6,C,1,502050802080,20200223,2,100
6016,5,C,1,502050802080,20200223,2,101
6017,6,C,0,502050802080,20200223,2,102
6018,5,C,0,502050802080,20200223,2,103
6019,6,C,1,502050802080,20200223,2,104
6020,5,C,0,502050802080,20200223,2,105
6021,6,C,0,502050802080,20200223,2,106
6022,5,C,1,502050802080,20200223,2,107
6023,6,C,1,502050802080,20200223,2,108
6024,5,C,1,502050802080,20200223,2,109
6025,6,C,1,502050802080,20200223,2,110
6026,5,C,0,502050802080,20200223,2,111
6027,6,C,0,502050802080,20200223,2,112
6028,5,C,0,502050802080,20200223,2,113
6029,6,C,0,502050802080,20200223,2,114
6030,5,C,0,502050802080,20200223,2,115
6031,6,C,1,502050802080,20200223,2,116
6032,5,C,1,502050802080,20200223,2,117
6033,6,C,1,502050802080,20200223,2,118
6034,5,C,0,502050802080,20200223,2,119
6035,6,C,1,502050802080,20200223,2,120
6036,5,C,0,502050802080,20200223,2,121
6037,6,C,1,502050802080,20200223,2,122
6038,5,C,0,502050802080,20200223,2,123
6039,6,C,1,502050802080,20200223,2,124
6040,5,C,0,502050802080,20200223,2,125
6041,6,C,1,502050802080,20200223,2,126
6042,5,C,0,502050802080,20200223,2,127
6043,6,C,1,502050802080,20200223,2,128
6044,5,C,0,502050802080,20200223,2,129
6045,6,C,1,502050802080,20200223,2,130
6046,5,C,0,502050802080,20200223,2,131
6047,6,C,1,502050802080,20200223,2,132
6048,5,C,0,502050802080,20200223,2,133
6049,6,C,1,502050802080,20200223,2,134
6050,5,C,0,502050802080,20200223,2,135
6051,6,C,1,502050802080,20200223,2,136
6052,5,C,0,502050802080,20200223,2,137
6053,6,C,0,502050802080,20200223,2,138
6054,5,C,0,502050802080,20200223,2,139
6055,6,C,1,502050802080,20200223,2,140
6056,5,C,0,502050802080,20200223,2,141
6057,6,C,1,502050802080,20200223,2,142
6058,5,C,0,502050802080,20200223,2,143
6059,6,C,1,502050802080,20200223,2,144
6060,5,C,1,502050802080,20200223,2,145
6061,6,C,1,502050802080,20200223,2,146
6062,5,C,0,502050802080,20200223,2,147
6063,6,C,1,502050802080,20200223,2,148
6064,5,C,0,502050802080,20200223,2,149
6065,6,C,0,502050802080,20200223,2,150
6066,5,C,0,502050802080,20200223,2,151
6067,6,C,1,502050802080,20200223,2,152
6068,5,C,0,502050802080,20200223,2,153
6069,6,C,1,502050802080,20200223,2,154
6070,5,C,0,502050802080,20200223,2,155
6071,6,C,1,502050802080,20200223,2,156
6072,5,C,0,502050802080,20200223,2,157
6073,6,C,1,502050802080,20200223,2,158
6074,5,C,0,502050802080,20200223,2,159
6075,6,C,1,502050802080,20200223,2,160
6076,5,C,0,502050802080,20200223,2,161
6077,6,C,0,502050802080,20200223,2,162
6078,5,C,1,502050802080,20200223,2,163
6079,6,C,0,502050802080,20200223,2,164
6080,5,C,0,502050802080,20200223,2,165
6081,6,C,0,502050802080,20200223,2,166
6082,5,C,1,502050802080,20200223,2,167
6083,6,C,1,502050802080,20200223,2,168
6084,5,C,0,502050802080,20200223,2,169
6085,6,C,0,502050802080,20200223,2,170
6086,5,C,0,502050802080,20200223,2,171
6087,6,C,1,502050802080,20200223,2,172
6088,5,C,0,502050802080,20200223,2,173
6089,6,C,1,502050802080,20200223,2,174
6090,5,C,0,502050802080,20200223,2,175
6091,6,C,1,502050802080,20200223,2,176
6092,5,C,1,502050802080,20200223,2,177
6093,6,C,1,502050802080,20200223,2,178
6094,5,C,0,502050802080,20200223,2,179
6095,6,C,1,502050802080,20200223,2,180
6096,5,C,0,502050802080,20200223,2,181
6097,6,C,1,502050802080,20200223,2,182
6098,5,C,0,502050802080,20200223,2,183
6099,6,C,1,502050802080,20200223,2,184
6100,5,C,1,502050802080,20200223,2,185
6101,6,C,1,502050802080,20200223,2,186
6102,5,C,0,502050802080,20200223,2,187
6103,6,C,1,502050802080,20200223,2,188
6104,5,C,0,502050802080,20200223,2,189
6105,6,C,1,502050802080,20200223,2,190
6106,5,C,0,502050802080,20200223,2,191
6107,6,C,1,502050802080,20200223,2,192
6108,5,C,0,502050802080,20200223,2,193
6109,6,C,0,502050802080,20200223,2,194
6110,5,C,0,502050802080,20200223,2,195
6111,6,C,1,502050802080,20200223,2,196
6112,5,C,0,502050802080,20200223,2,197
6113,6,C,0,502050802080,20200223,2,198
6114,5,C,0,502050802080,20200223,2,199
6115,1,A,1,502050802080,20200223,3,0
6116,2,A,0,502050802080,20200223,3,1
6117,4,B,1,502050802080,20200223,3,2
6118,3,B,0,502050802080,20200223,3,3
6119,4,B,0,502050802080,20200223,3,4
6120,5,C,0,502050802080,20200223,3,5
6121,6,C,1,502050802080,20200223,3,6
6122,5,C,0,502050802080,20200223,3,7
6123,6,C,1,502050802080,20200223,3,8
6124,2,A,0,502050802080,20200223,3,9
6125,1,A,1,502050802080,20200223,3,10
6126,2,A,0,502050802080,20200223,3,11
6127,1,A,1,502050802080,20200223,3,12
6128,2,A,1,502050802080,20200223,3,13
6129,1,A,1,502050802080,20200223,3,14
6130,2,A,0,502050802080,20200223,3,15
6131,1,A,0,502050802080,20200223,3,16
6132,2,A,0,502050802080,20200223,3,17
6133,1,A,1,502050802080,20200223,3,18
6134,2,A,0,502050802080,20200223,3,19
6135,1,A,0,502050802080,20200223,3,20
6136,2,A,0,502050802080,20200223,3,21
6137,1,A,1,502050802080,20200223,3,22
6138,5,C,1,502050802080,20200223,3,23
6139,6,C,1,502050802080,20200223,3,24
6140,5,C,0,502050802080,20200223,3,25
6141,6,C,1,502050802080,20200223,3,26
6142,5,C,1,502050802080,20200223,3,27
6143,6,C,0,502050802080,20200223,3,28
6144,5,C,0,502050802080,20200223,3,29
6145,6,C,0,502050802080,20200223,3,30
6146,5,C,0,502050802080,20200223,3,31
6147,6,C,1,502050802080,20200223,3,32
6148,5,C,0,502050802080,20200223,3,33
6149,6,C,1,502050802080,20200223,3,34
6150,4,B,1,502050802080,20200223,3,35
6151,3,B,1,502050802080,20200223,3,36
6152,4,B,0,502050802080,20200223,3,37
6153,3,B,0,502050802080,20200223,3,38
6154,4,B,1,502050802080,20200223,3,39
6155,3,B,1,502050802080,20200223,3,40
6156,4,B,1,502050802080,20200223,3,41
6157,3,B,0,502050802080,20200223,3,42
6158,4,B,1,502050802080,20200223,3,43
6159,3,B,0,502050802080,20200223,3,44
6160,4,B,1,502050802080,20200223,3,45
6161,3,B,1,502050802080,20200223,3,46
6162,4,B,1,502050802080,20200223,3,47
6163,3,B,0,502050802080,20200223,3,48
6164,4,B,1,502050802080,20200223,3,49
6165,3,B,1,502050802080,20200223,3,50
6166,4,B,1,502050802080,20200223,3,51
6167,3,B,1,502050802080,20200223,3,52
6168,4,B,1,502050802080,20200223,3,53
6169,3,B,1,502050802080,20200223,3,54
6170,4,B,1,502050802080,20200223,3,55
6171,3,B,1,502050802080,20200223,3,56
6172,4,B,1,502050802080,20200223,3,57
6173,3,B,1,502050802080,20200223,3,58
6174,4,B,1,502050802080,20200223,3,59
6175,3,B,0,502050802080,20200223,3,60
6176,4,B,1,502050802080,20200223,3,61
6177,3,B,1,502050802080,20200223,3,62
6178,4,B,1,502050802080,20200223,3,63
6179,3,B,0,502050802080,20200223,3,64
6180,4,B,0,502050802080,20200223,3,65
6181,3,B,1,502050802080,20200223,3,66
6182,4,B,1,502050802080,20200223,3,67
6183,3,B,0,502050802080,20200223,3,68
6184,4,B,1,502050802080,20200223,3,69
6185,3,B,0,502050802080,20200223,3,70
6186,4,B,1,502050802080,20200223,3,71
6187,3,B,0,502050802080,20200223,3,72
6188,4,B,1,502050802080,20200223,3,73
6189,3,B,1,502050802080,20200223,3,74
6190,4,B,1,502050802080,20200223,3,75
6191,3,B,1,502050802080,20200223,3,76
6192,4,B,1,502050802080,20200223,3,77
6193,3,B,0,502050802080,20200223,3,78
6194,4,B,1,502050802080,20200223,3,79
6195,3,B,1,502050802080,20200223,3,80
6196,4,B,1,502050802080,20200223,3,81
6197,3,B,1,502050802080,20200223,3,82
6198,4,B,1,502050802080,20200223,3,83
6199,3,B,0,502050802080,20200223,3,84
6200,4,B,1,502050802080,20200223,3,85
6201,3,B,0,502050802080,20200223,3,86
6202,4,B,1,502050802080,20200223,3,87
6203,3,B,0,502050802080,20200223,3,88
6204,4,B,1,502050802080,20200223,3,89
6205,3,B,0,502050802080,20200223,3,90
6206,4,B,0,502050802080,20200223,3,91
6207,3,B,1,502050802080,20200223,3,92
6208,4,B,1,502050802080,20200223,3,93
6209,3,B,1,502050802080,20200223,3,94
6210,4,B,1,502050802080,20200223,3,95
6211,3,B,1,502050802080,20200223,3,96
6212,4,B,1,502050802080,20200223,3,97
6213,3,B,1,502050802080,20200223,3,98
6214,4,B,1,502050802080,20200223,3,99
6215,3,B,0,502020202020,20200223,3,100
6216,4,B,0,502020202020,20200223,3,101
6217,3,B,0,502020202020,20200223,3,102
6218,4,B,0,502020202020,20200223,3,103
6219,3,B,0,502020202020,20200223,3,104
6220,4,B,0,502020202020,20200223,3,105
6221,3,B,0,502020202020,20200223,3,106
6222,4,B,1,502020202020,20200223,3,107
6223,3,B,1,502020202020,20200223,3,108
6224,4,B,0,502020202020,20200223,3,109
6225,3,B,0,502020202020,20200223,3,110
6226,4,B,0,502020202020,20200223,3,111
6227,3,B,1,502020202020,20200223,3,112
6228,4,B,0,502020202020,20200223,3,113
6229,3,B,0,502020202020,20200223,3,114
6230,4,B,0,502020202020,20200223,3,115
6231,3,B,0,502020202020,20200223,3,116
6232,4,B,1,502020202020,20200223,3,117
6233,3,B,0,502020202020,20200223,3,118
6234,4,B,0,502020202020,20200223,3,119
6235,3,B,0,502020202020,20200223,3,120
6236,4,B,0,502020202020,20200223,3,121
6237,3,B,0,502020202020,20200223,3,122
6238,4,B,0,502020202020,20200223,3,123
6239,5,C,0,502020202020,20200223,3,124
6240,6,C,0,502020202020,20200223,3,125
6241,5,C,1,502020202020,20200223,3,126
6242,6,C,0,502020202020,20200223,3,127
6243,5,C,0,502020202020,20200223,3,128
6244,6,C,0,502020202020,20200223,3,129
6245,5,C,0,502020202020,20200223,3,130
6246,6,C,1,502020202020,20200223,3,131
6247,5,C,0,502020202020,20200223,3,132
6248,6,C,0,502020202020,20200223,3,133
6249,5,C,0,502020202020,20200223,3,134
6250,6,C,0,502020202020,20200223,3,135
6251,5,C,0,502020202020,20200223,3,136
6252,6,C,0,502020202020,20200223,3,137
6253,5,C,1,502020202020,20200223,3,138
6254,6,C,0,502020202020,20200223,3,139
6255,5,C,0,502020202020,20200223,3,140
6256,6,C,0,502020202020,20200223,3,141
6257,5,C,0,502020202020,20200223,3,142
6258,6,C,0,502020202020,20200223,3,143
6259,2,A,0,502020202020,20200223,3,144
6260,1,A,1,502020202020,20200223,3,145
6261,2,A,0,502020202020,20200223,3,146
6262,1,A,0,502020202020,20200223,3,147
6263,2,A,0,502020202020,20200223,3,148
6264,1,A,0,502020202020,20200223,3,149
6265,2,A,0,502020202020,20200223,3,150
6266,1,A,0,502020202020,20200223,3,151
6267,2,A,0,502020202020,20200223,3,152
6268,4,B,1,502020202020,20200223,3,153
6269,3,B,0,502020202020,20200223,3,154
6270,4,B,0,502020202020,20200223,3,155
6271,3,B,1,502020202020,20200223,3,156
6272,4,B,0,502020202020,20200223,3,157
6273,3,B,0,502020202020,20200223,3,158
6274,4,B,0,502020202020,20200223,3,159
6275,3,B,0,502020202020,20200223,3,160
6276,4,B,0,502020202020,20200223,3,161
6277,3,B,0,502020202020,20200223,3,162
6278,4,B,1,502020202020,20200223,3,163
6279,3,B,0,502020202020,20200223,3,164
6280,4,B,1,502020202020,20200223,3,165
6281,3,B,0,502020202020,20200223,3,166
6282,4,B,0,502020202020,20200223,3,167
6283,3,B,0,502020202020,20200223,3,168
6284,4,B,0,502020202020,20200223,3,169
6285,3,B,0,502020202020,20200223,3,170
6286,4,B,0,502020202020,20200223,3,171
6287,5,C,0,502020202020,20200223,3,172
6288,6,C,0,502020202020,20200223,3,173
6289,5,C,0,502020202020,20200223,3,174
6290,6,C,0,502020202020,20200223,3,175
6291,5,C,0,502020202020,20200223,3,176
6292,6,C,0,502020202020,20200223,3,177
6293,5,C,1,502020202020,20200223,3,178
6294,6,C,0,502020202020,20200223,3,179
6295,5,C,0,502020202020,20200223,3,180
6296,6,C,0,502020202020,20200223,3,181
6297,5,C,0,502020202020,20200223,3,182
6298,6,C,0,502020202020,20200223,3,183
6299,5,C,0,502020202020,20200223,3,184
6300,6,C,0,502020202020,20200223,3,185
6301,2,A,0,502020202020,20200223,3,186
6302,1,A,0,502020202020,20200223,3,187
6303,2,A,0,502020202020,20200223,3,188
6304,1,A,0,502020202020,20200223,3,189
6305,2,A,0,502020202020,20200223,3,190
6306,1,A,1,502020202020,20200223,3,191
6307,2,A,0,502020202020,20200223,3,192
6308,1,A,0,502020202020,20200223,3,193
6309,2,A,0,502020202020,20200223,3,194
6310,1,A,1,502020202020,20200223,3,195
6311,2,A,1,502020202020,20200223,3,196
6312,1,A,0,502020202020,20200223,3,197
6313,2,A,0,502020202020,20200223,3,198
6314,1,A,1,502020202020,20200223,3,199
6315,4,B,0,502020202020,20200223,4,0
6316,3,B,0,502020202020,20200223,4,1
6317,4,B,0,502020202020,20200223,4,2
6318,5,C,1,502020202020,20200223,4,3
6319,6,C,0,502020202020,20200223,4,4
6320,5,C,0,502020202020,20200223,4,5
6321,6,C,0,502020202020,20200223,4,6
6322,2,A,0,502020202020,20200223,4,7
6323,1,A,0,502020202020,20200223,4,8
6324,2,A,0,502020202020,20200223,4,9
6325,1,A,1,502020202020,20200223,4,10
6326,2,A,0,502020202020,20200223,4,11
6327,4,B,1,502020202020,20200223,4,12
6328,3,B,0,502020202020,20200223,4,13
6329,4,B,0,502020202020,20200223,4,14
6330,3,B,1,502020202020,20200223,4,15
6331,4,B,0,502020202020,20200223,4,16
6332,3,B,0,502020202020,20200223,4,17
6333,4,B,0,502020202020,20200223,4,18
6334,5,C,0,502020202020,20200223,4,19
6335,6,C,0,502020202020,20200223,4,20
6336,5,C,0,502020202020,20200223,4,21
6337,6,C,0,502020202020,20200223,4,22
6338,2,A,1,502020202020,20200223,4,23
6339,1,A,0,502020202020,20200223,4,24
6340,2,A,1,502020202020,20200223,4,25
6341,1,A,1,502020202020,20200223,4,26
6342,2,A,0,502020202020,20200223,4,27
6343,1,A,1,502020202020,20200223,4,28
6344,2,A,1,502020202020,20200223,4,29
6345,1,A,0,502020202020,20200223,4,30
6346,2,A,0,502020202020,20200223,4,31
6347,1,A,0,502020202020,20200223,4,32
6348,2,A,1,502020202020,20200223,4,33
6349,1,A,1,502020202020,20200223,4,34
6350,2,A,0,502020202020,20200223,4,35
6351,1,A,0,502020202020,20200223,4,36
6352,2,A,0,502020202020,20200223,4,37
6353,1,A,1,502020202020,20200223,4,38
6354,2,A,0,502020202020,20200223,4,39
6355,1,A,1,502020202020,20200223,4,40
6356,2,A,0,502020202020,20200223,4,41
6357,1,A,1,502020202020,20200223,4,42
6358,2,A,1,502020202020,20200223,4,43
6359,1,A,0,502020202020,20200223,4,44
6360,2,A,0,502020202020,20200223,4,45
6361,1,A,0,502020202020,20200223,4,46
6362,2,A,0,502020202020,20200223,4,47
6363,1,A,1,502020202020,20200223,4,48
6364,2,A,0,502020202020,20200223,4,49
6365,1,A,1,502020202020,20200223,4,50
6366,2,A,0,502020202020,20200223,4,51
6367,1,A,0,502020202020,20200223,4,52
6368,2,A,0,502020202020,20200223,4,53
6369,1,A,0,502020202020,20200223,4,54
6370,2,A,0,502020202020,20200223,4,55
6371,1,A,1,502020202020,20200223,4,56
6372,2,A,0,502020202020,20200223,4,57
6373,1,A,0,502020202020,20200223,4,58
6374,2,A,0,502020202020,20200223,4,59
6375,4,B,0,502020202020,20200223,4,60
6376,3,B,1,502020202020,20200223,4,61
6377,4,B,0,502020202020,20200223,4,62
6378,3,B,0,502020202020,20200223,4,63
6379,4,B,0,502020202020,20200223,4,64
6380,5,C,0,502020202020,20200223,4,65
6381,6,C,0,502020202020,20200223,4,66
6382,5,C,0,502020202020,20200223,4,67
6383,6,C,0,502020202020,20200223,4,68
6384,5,C,0,502020202020,20200223,4,69
6385,6,C,0,502020202020,20200223,4,70
6386,2,A,1,502020202020,20200223,4,71
6387,1,A,1,502020202020,20200223,4,72
6388,2,A,1,502020202020,20200223,4,73
6389,1,A,1,502020202020,20200223,4,74
6390,2,A,1,502020202020,20200223,4,75
6391,1,A,0,502020202020,20200223,4,76
6392,2,A,0,502020202020,20200223,4,77
6393,1,A,0,502020202020,20200223,4,78
6394,2,A,0,502020202020,20200223,4,79
6395,1,A,0,502020202020,20200223,4,80
6396,2,A,1,502020202020,20200223,4,81
6397,1,A,1,502020202020,20200223,4,82
6398,2,A,0,502020202020,20200223,4,83
6399,1,A,0,502020202020,20200223,4,84
6400,2,A,0,502020202020,20200223,4,85
6401,1,A,1,502020202020,20200223,4,86
6402,2,A,0,502020202020,20200223,4,87
6403,1,A,1,502020202020,20200223,4,88
6404,2,A,0,502020202020,20200223,4,89
6405,1,A,1,502020202020,20200223,4,90
6406,2,A,0,502020202020,20200223,4,91
6407,1,A,1,502020202020,20200223,4,92
6408,2,A,0,502020202020,20200223,4,93
6409,1,A,0,502020202020,20200223,4,94
6410,2,A,0,502020202020,20200223,4,95
6411,1,A,0,502020202020,20200223,4,96
6412,2,A,0,502020202020,20200223,4,97
6413,1,A,1,502020202020,20200223,4,98
6414,2,A,0,502020202020,20200223,4,99
6415,1,A,0,508050208020,20200223,4,100
6416,2,A,1,508050208020,20200223,4,101
6417,1,A,0,508050208020,20200223,4,102
6418,2,A,1,508050208020,20200223,4,103
6419,1,A,0,508050208020,20200223,4,104
6420,2,A,1,508050208020,20200223,4,105
6421,1,A,0,508050208020,20200223,4,106
6422,2,A,1,508050208020,20200223,4,107
6423,1,A,0,508050208020,20200223,4,108
6424,2,A,0,508050208020,20200223,4,109
6425,1,A,0,508050208020,20200223,4,110
6426,2,A,1,508050208020,20200223,4,111
6427,1,A,1,508050208020,20200223,4,112
6428,2,A,0,508050208020,20200223,4,113
6429,1,A,0,508050208020,20200223,4,114
6430,2,A,1,508050208020,20200223,4,115
6431,1,A,0,508050208020,20200223,4,116
6432,2,A,1,508050208020,20200223,4,117
6433,1,A,0,508050208020,20200223,4,118
6434,2,A,1,508050208020,20200223,4,119
6435,1,A,0,508050208020,20200223,4,120
6436,2,A,1,508050208020,20200223,4,121
6437,1,A,0,508050208020,20200223,4,122
6438,2,A,1,508050208020,20200223,4,123
6439,1,A,1,508050208020,20200223,4,124
6440,2,A,0,508050208020,20200223,4,125
6441,1,A,1,508050208020,20200223,4,126
6442,2,A,1,508050208020,20200223,4,127
6443,1,A,1,508050208020,20200223,4,128
6444,2,A,1,508050208020,20200223,4,129
6445,1,A,0,508050208020,20200223,4,130
6446,2,A,1,508050208020,20200223,4,131
6447,1,A,0,508050208020,20200223,4,132
6448,2,A,1,508050208020,20200223,4,133
6449,1,A,1,508050208020,20200223,4,134
6450,2,A,0,508050208020,20200223,4,135
6451,1,A,0,508050208020,20200223,4,136
6452,2,A,1,508050208020,20200223,4,137
6453,1,A,0,508050208020,20200223,4,138
6454,2,A,0,508050208020,20200223,4,139
6455,1,A,0,508050208020,20200223,4,140
6456,2,A,1,508050208020,20200223,4,141
6457,1,A,0,508050208020,20200223,4,142
6458,2,A,1,508050208020,20200223,4,143
6459,1,A,1,508050208020,20200223,4,144
6460,2,A,1,508050208020,20200223,4,145
6461,1,A,0,508050208020,20200223,4,146
6462,2,A,1,508050208020,20200223,4,147
6463,1,A,1,508050208020,20200223,4,148
6464,2,A,1,508050208020,20200223,4,149
6465,1,A,1,508050208020,20200223,4,150
6466,2,A,0,508050208020,20200223,4,151
6467,1,A,0,508050208020,20200223,4,152
6468,2,A,1,508050208020,20200223,4,153
6469,1,A,0,508050208020,20200223,4,154
6470,2,A,1,508050208020,20200223,4,155
6471,1,A,0,508050208020,20200223,4,156
6472,2,A,1,508050208020,20200223,4,157
6473,1,A,0,508050208020,20200223,4,158
6474,2,A,1,508050208020,20200223,4,159
6475,1,A,1,508050208020,20200223,4,160
6476,2,A,1,508050208020,20200223,4,161
6477,1,A,0,508050208020,20200223,4,162
6478,2,A,1,508050208020,20200223,4,163
6479,1,A,1,508050208020,20200223,4,164
6480,2,A,1,508050208020,20200223,4,165
6481,1,A,1,508050208020,20200223,4,166
6482,2,A,1,508050208020,20200223,4,167
6483,1,A,0,508050208020,20200223,4,168
6484,2,A,1,508050208020,20200223,4,169
6485,1,A,1,508050208020,20200223,4,170
6486,2,A,0,508050208020,20200223,4,171
6487,1,A,1,508050208020,20200223,4,172
6488,2,A,1,508050208020,20200223,4,173
6489,1,A,0,508050208020,20200223,4,174
6490,2,A,1,508050208020,20200223,4,175
6491,1,A,0,508050208020,20200223,4,176
6492,2,A,0,508050208020,20200223,4,177
6493,1,A,1,508050208020,20200223,4,178
6494,2,A,1,508050208020,20200223,4,179
6495,1,A,0,508050208020,20200223,4,180
6496,2,A,1,508050208020,20200223,4,181
6497,1,A,0,508050208020,20200223,4,182
6498,2,A,1,508050208020,20200223,4,183
6499,1,A,0,508050208020,20200223,4,184
6500,2,A,1,508050208020,20200223,4,185
6501,1,A,1,508050208020,20200223,4,186
6502,2,A,0,508050208020,20200223,4,187
6503,1,A,0,508050208020,20200223,4,188
6504,2,A,0,508050208020,20200223,4,189
6505,1,A,0,508050208020,20200223,4,190
6506,2,A,1,508050208020,20200223,4,191
6507,1,A,1,508050208020,20200223,4,192
6508,2,A,0,508050208020,20200223,4,193
6509,1,A,1,508050208020,20200223,4,194
6510,2,A,1,508050208020,20200223,4,195
6511,1,A,1,508050208020,20200223,4,196
6512,2,A,1,508050208020,20200223,4,197
6513,1,A,1,508050208020,20200223,4,198
6514,2,A,1,508050208020,20200223,4,199
6515,3,B,0,508050208020,20200224,1,0
6516,4,B,1,508050208020,20200224,1,1
6517,3,B,1,508050208020,20200224,1,2
6518,4,B,0,508050208020,20200224,1,3
6519,2,A,0,508050208020,20200224,1,4
6520,1,A,0,508050208020,20200224,1,5
6521,2,A,1,508050208020,20200224,1,6
6522,5,C,1,508050208020,20200224,1,7
6523,6,C,0,508050208020,20200224,1,8
6524,5,C,0,508050208020,20200224,1,9
6525,6,C,0,508050208020,20200224,1,10
6526,5,C,0,508050208020,20200224,1,11
6527,4,B,0,508050208020,20200224,1,12
6528,3,B,1,508050208020,20200224,1,13
6529,4,B,0,508050208020,20200224,1,14
6530,3,B,1,508050208020,20200224,1,15
6531,4,B,0,508050208020,20200224,1,16
6532,3,B,1,508050208020,20200224,1,17
6533,4,B,1,508050208020,20200224,1,18
6534,3,B,1,508050208020,20200224,1,19
6535,4,B,0,508050208020,20200224,1,20
6536,3,B,1,508050208020,20200224,1,21
6537,4,B,0,508050208020,20200224,1,22
6538,3,B,0,508050208020,20200224,1,23
6539,4,B,0,508050208020,20200224,1,24
6540,3,B,1,508050208020,20200224,1,25
6541,2,A,1,508050208020,20200224,1,26
6542,1,A,1,508050208020,20200224,1,27
6543,2,A,1,508050208020,20200224,1,28
6544,1,A,1,508050208020,20200224,1,29
6545,2,A,1,508050208020,20200224,1,30
6546,1,A,1,508050208020,20200224,1,31
6547,2,A,1,508050208020,20200224,1,32
6548,1,A,0,508050208020,20200224,1,33
6549,2,A,1,508050208020,20200224,1,34
6550,1,A,0,508050208020,20200224,1,35
6551,2,A,1,508050208020,20200224,1,36
6552,1,A,0,508050208020,20200224,1,37
6553,2,A,1,508050208020,20200224,1,38
6554,1,A,0,508050208020,20200224,1,39
6555,2,A,1,508050208020,20200224,1,40
6556,1,A,1,508050208020,20200224,1,41
6557,2,A,1,508050208020,20200224,1,42
6558,1,A,1,508050208020,20200224,1,43
6559,2,A,1,508050208020,20200224,1,44
6560,1,A,1,508050208020,20200224,1,45
6561,2,A,1,508050208020,20200224,1,46
6562,1,A,1,508050208020,20200224,1,47
6563,2,A,0,508050208020,20200224,1,48
6564,1,A,1,508050208020,20200224,1,49
6565,2,A,1,508050208020,20200224,1,50
6566,1,A,0,508050208020,20200224,1,51
6567,2,A,1,508050208020,20200224,1,52
6568,1,A,1,508050208020,20200224,1,53
6569,2,A,1,508050208020,20200224,1,54
6570,1,A,1,508050208020,20200224,1,55
6571,2,A,1,508050208020,20200224,1,56
6572,1,A,1,508050208020,20200224,1,57
6573,2,A,1,508050208020,20200224,1,58
6574,1,A,0,508050208020,20200224,1,59
6575,2,A,1,508050208020,20200224,1,60
6576,1,A,0,508050208020,20200224,1,61
6577,2,A,1,508050208020,20200224,1,62
6578,1,A,1,508050208020,20200224,1,63
6579,2,A,1,508050208020,20200224,1,64
6580,1,A,1,508050208020,20200224,1,65
6581,2,A,1,508050208020,20200224,1,66
6582,1,A,0,508050208020,20200224,1,67
6583,2,A,1,508050208020,20200224,1,68
6584,1,A,0,508050208020,20200224,1,69
6585,2,A,1,508050208020,20200224,1,70
6586,1,A,1,508050208020,20200224,1,71
6587,2,A,0,508050208020,20200224,1,72
6588,1,A,1,508050208020,20200224,1,73
6589,2,A,1,508050208020,20200224,1,74
6590,1,A,1,508050208020,20200224,1,75
6591,2,A,0,508050208020,20200224,1,76
6592,1,A,1,508050208020,20200224,1,77
6593,2,A,1,508050208020,20200224,1,78
6594,1,A,1,508050208020,20200224,1,79
6595,2,A,1,508050208020,20200224,1,80
6596,1,A,0,508050208020,20200224,1,81
6597,2,A,1,508050208020,20200224,1,82
6598,1,A,0,508050208020,20200224,1,83
6599,2,A,1,508050208020,20200224,1,84
6600,1,A,1,508050208020,20200224,1,85
6601,2,A,1,508050208020,20200224,1,86
6602,1,A,1,508050208020,20200224,1,87
6603,2,A,1,508050208020,20200224,1,88
6604,1,A,1,508050208020,20200224,1,89
6605,2,A,1,508050208020,20200224,1,90
6606,1,A,1,508050208020,20200224,1,91
6607,2,A,1,508050208020,20200224,1,92
6608,1,A,0,508050208020,20200224,1,93
6609,2,A,1,508050208020,20200224,1,94
6610,1,A,1,508050208020,20200224,1,95
6611,2,A,1,508050208020,20200224,1,96
6612,1,A,0,508050208020,20200224,1,97
6613,2,A,1,508050208020,20200224,1,98
6614,1,A,0,508050208020,20200224,1,99
6615,2,A,0,202020202050,20200224,1,100
6616,1,A,1,202020202050,20200224,1,101
6617,2,A,0,202020202050,20200224,1,102
6618,1,A,0,202020202050,20200224,1,103
6619,2,A,1,202020202050,20200224,1,104
6620,1,A,0,202020202050,20200224,1,105
6621,2,A,0,202020202050,20200224,1,106
6622,1,A,0,202020202050,20200224,1,107
6623,2,A,0,202020202050,20200224,1,108
6624,1,A,0,202020202050,20200224,1,109
6625,2,A,0,202020202050,20200224,1,110
6626,1,A,0,202020202050,20200224,1,111
6627,2,A,0,202020202050,20200224,1,112
6628,1,A,0,202020202050,20200224,1,113
6629,2,A,1,202020202050,20200224,1,114
6630,1,A,0,202020202050,20200224,1,115
6631,2,A,1,202020202050,20200224,1,116
6632,1,A,0,202020202050,20200224,1,117
6633,2,A,0,202020202050,20200224,1,118
6634,1,A,0,202020202050,20200224,1,119
6635,2,A,0,202020202050,20200224,1,120
6636,1,A,0,202020202050,20200224,1,121
6637,2,A,0,202020202050,20200224,1,122
6638,4,B,0,202020202050,20200224,1,123
6639,3,B,0,202020202050,20200224,1,124
6640,4,B,0,202020202050,20200224,1,125
6641,3,B,1,202020202050,20200224,1,126
6642,4,B,0,202020202050,20200224,1,127
6643,3,B,1,202020202050,20200224,1,128
6644,4,B,0,202020202050,20200224,1,129
6645,3,B,1,202020202050,20200224,1,130
6646,4,B,1,202020202050,20200224,1,131
6647,3,B,1,202020202050,20200224,1,132
6648,4,B,0,202020202050,20200224,1,133
6649,3,B,0,202020202050,20200224,1,134
6650,4,B,0,202020202050,20200224,1,135
6651,3,B,0,202020202050,20200224,1,136
6652,4,B,1,202020202050,20200224,1,137
6653,3,B,0,202020202050,20200224,1,138
6654,4,B,1,202020202050,20200224,1,139
6655,3,B,0,202020202050,20200224,1,140
6656,4,B,0,202020202050,20200224,1,141
6657,3,B,0,202020202050,20200224,1,142
6658,4,B,0,202020202050,20200224,1,143
6659,3,B,1,202020202050,20200224,1,144
6660,4,B,1,202020202050,20200224,1,145
6661,3,B,0,202020202050,20200224,1,146
6662,4,B,0,202020202050,20200224,1,147
6663,3,B,0,202020202050,20200224,1,148
6664,4,B,1,202020202050,20200224,1,149
6665,3,B,0,202020202050,20200224,1,150
6666,4,B,1,202020202050,20200224,1,151
6667,3,B,0,202020202050,20200224,1,152
6668,4,B,0,202020202050,20200224,1,153
6669,3,B,0,202020202050,20200224,1,154
6670,4,B,0,202020202050,20200224,1,155
6671,3,B,1,202020202050,20200224,1,156
6672,4,B,1,202020202050,20200224,1,157
6673,3,B,0,202020202050,20200224,1,158
6674,4,B,0,202020202050,20200224,1,159
6675,3,B,1,202020202050,20200224,1,160
6676,4,B,0,202020202050,20200224,1,161
6677,3,B,1,202020202050,20200224,1,162
6678,4,B,0,202020202050,20200224,1,163
6679,3,B,0,202020202050,20200224,1,164
6680,4,B,0,202020202050,20200224,1,165
6681,3,B,0,202020202050,20200224,1,166
6682,4,B,0,202020202050,20200224,1,167
6683,3,B,0,202020202050,20200224,1,168
6684,4,B,1,202020202050,20200224,1,169
6685,3,B,0,202020202050,20200224,1,170
6686,4,B,0,202020202050,20200224,1,171
6687,3,B,0,202020202050,20200224,1,172
6688,4,B,0,202020202050,20200224,1,173
6689,3,B,0,202020202050,20200224,1,174
6690,4,B,0,202020202050,20200224,1,175
6691,3,B,0,202020202050,20200224,1,176
6692,4,B,1,202020202050,20200224,1,177
6693,3,B,0,202020202050,20200224,1,178
6694,4,B,0,202020202050,20200224,1,179
6695,3,B,0,202020202050,20200224,1,180
6696,4,B,1,202020202050,20200224,1,181
6697,3,B,0,202020202050,20200224,1,182
6698,4,B,0,202020202050,20200224,1,183
6699,3,B,0,202020202050,20200224,1,184
6700,4,B,0,202020202050,20200224,1,185
6701,3,B,0,202020202050,20200224,1,186
6702,4,B,0,202020202050,20200224,1,187
6703,5,C,0,202020202050,20200224,1,188
6704,6,C,0,202020202050,20200224,1,189
6705,5,C,0,202020202050,20200224,1,190
6706,6,C,1,202020202050,20200224,1,191
6707,5,C,0,202020202050,20200224,1,192
6708,6,C,1,202020202050,20200224,1,193
6709,5,C,0,202020202050,20200224,1,194
6710,6,C,0,202020202050,20200224,1,195
6711,5,C,0,202020202050,20200224,1,196
6712,6,C,1,202020202050,20200224,1,197
6713,5,C,0,202020202050,20200224,1,198
6714,6,C,1,202020202050,20200224,1,199
6715,2,A,0,202020202050,20200224,2,0
6716,1,A,1,202020202050,20200224,2,1
6717,2,A,0,202020202050,20200224,2,2
6718,4,B,0,202020202050,20200224,2,3
6719,3,B,0,202020202050,20200224,2,4
6720,4,B,0,202020202050,20200224,2,5
6721,3,B,0,202020202050,20200224,2,6
6722,5,C,0,202020202050,20200224,2,7
6723,6,C,1,202020202050,20200224,2,8
6724,5,C,0,202020202050,20200224,2,9
6725,6,C,0,202020202050,20200224,2,10
6726,2,A,0,202020202050,20200224,2,11
6727,1,A,0,202020202050,20200224,2,12
6728,2,A,0,202020202050,20200224,2,13
6729,1,A,0,202020202050,20200224,2,14
6730,2,A,1,202020202050,20200224,2,15
6731,4,B,0,202020202050,20200224,2,16
6732,3,B,0,202020202050,20200224,2,17
6733,4,B,0,202020202050,20200224,2,18
6734,5,C,1,202020202050,20200224,2,19
6735,6,C,0,202020202050,20200224,2,20
6736,5,C,0,202020202050,20200224,2,21
6737,6,C,0,202020202050,20200224,2,22
6738,2,A,0,202020202050,20200224,2,23
6739,1,A,0,202020202050,20200224,2,24
6740,2,A,0,202020202050,20200224,2,25
6741,1,A,1,202020202050,20200224,2,26
6742,2,A,0,202020202050,20200224,2,27
6743,1,A,1,202020202050,20200224,2,28
6744,2,A,1,202020202050,20200224,2,29
6745,1,A,0,202020202050,20200224,2,30
6746,2,A,0,202020202050,20200224,2,31
6747,1,A,0,202020202050,20200224,2,32
6748,2,A,0,202020202050,20200224,2,33
6749,1,A,0,202020202050,20200224,2,34
6750,2,A,0,202020202050,20200224,2,35
6751,4,B,1,202020202050,20200224,2,36
6752,3,B,0,202020202050,20200224,2,37
6753,4,B,0,202020202050,20200224,2,38
6754,3,B,0,202020202050,20200224,2,39
6755,4,B,0,202020202050,20200224,2,40
6756,3,B,0,202020202050,20200224,2,41
6757,4,B,1,202020202050,20200224,2,42
6758,3,B,1,202020202050,20200224,2,43
6759,4,B,0,202020202050,20200224,2,44
6760,3,B,0,202020202050,20200224,2,45
6761,4,B,0,202020202050,20200224,2,46
6762,3,B,0,202020202050,20200224,2,47
6763,4,B,0,202020202050,20200224,2,48
6764,5,C,0,202020202050,20200224,2,49
6765,6,C,0,202020202050,20200224,2,50
6766,5,C,1,202020202050,20200224,2,51
6767,6,C,0,202020202050,20200224,2,52
6768,5,C,0,202020202050,20200224,2,53
6769,6,C,0,202020202050,20200224,2,54
6770,5,C,0,202020202050,20200224,2,55
6771,6,C,0,202020202050,20200224,2,56
6772,5,C,0,202020202050,20200224,2,57
6773,6,C,0,202020202050,20200224,2,58
6774,5,C,0,202020202050,20200224,2,59
6775,6,C,1,202020202050,20200224,2,60
6776,5,C,0,202020202050,20200224,2,61
6777,6,C,1,202020202050,20200224,2,62
6778,2,A,0,202020202050,20200224,2,63
6779,1,A,0,202020202050,20200224,2,64
6780,2,A,0,202020202050,20200224,2,65
6781,1,A,0,202020202050,20200224,2,66
6782,2,A,1,202020202050,20200224,2,67
6783,1,A,0,202020202050,20200224,2,68
6784,2,A,0,202020202050,20200224,2,69
6785,1,A,0,202020202050,20200224,2,70
6786,2,A,0,202020202050,20200224,2,71
6787,1,A,0,202020202050,20200224,2,72
6788,2,A,1,202020202050,20200224,2,73
6789,1,A,0,202020202050,20200224,2,74
6790,2,A,0,202020202050,20200224,2,75
6791,1,A,1,202020202050,20200224,2,76
6792,2,A,1,202020202050,20200224,2,77
6793,1,A,0,202020202050,20200224,2,78
6794,2,A,1,202020202050,20200224,2,79
6795,1,A,0,202020202050,20200224,2,80
6796,2,A,0,202020202050,20200224,2,81
6797,1,A,0,202020202050,20200224,2,82
6798,2,A,0,202020202050,20200224,2,83
6799,1,A,0,202020202050,20200224,2,84
6800,2,A,0,202020202050,20200224,2,85
6801,1,A,1,202020202050,20200224,2,86
6802,2,A,1,202020202050,20200224,2,87
6803,1,A,0,202020202050,20200224,2,88
6804,2,A,0,202020202050,20200224,2,89
6805,1,A,1,202020202050,20200224,2,90
6806,2,A,0,202020202050,20200224,2,91
6807,1,A,0,202020202050,20200224,2,92
6808,2,A,1,202020202050,20200224,2,93
6809,1,A,0,202020202050,20200224,2,94
6810,2,A,0,202020202050,20200224,2,95
6811,1,A,0,202020202050,20200224,2,96
6812,2,A,0,202020202050,20200224,2,97
6813,1,A,0,202020202050,20200224,2,98
6814,2,A,0,202020202050,20200224,2,99
6815,1,A,1,208080502020,20200224,2,100
6816,2,A,1,208080502020,20200224,2,101
6817,1,A,0,208080502020,20200224,2,102
6818,2,A,1,208080502020,20200224,2,103
6819,1,A,0,208080502020,20200224,2,104
6820,2,A,0,208080502020,20200224,2,105
6821,1,A,1,208080502020,20200224,2,106
6822,2,A,1,208080502020,20200224,2,107
6823,1,A,0,208080502020,20200224,2,108
6824,2,A,1,208080502020,20200224,2,109
6825,1,A,0,208080502020,20200224,2,110
6826,2,A,1,208080502020,20200224,2,111
6827,1,A,0,208080502020,20200224,2,112
6828,2,A,1,208080502020,20200224,2,113
6829,1,A,1,208080502020,20200224,2,114
6830,2,A,0,208080502020,20200224,2,115
6831,1,A,0,208080502020,20200224,2,116
6832,2,A,1,208080502020,20200224,2,117
6833,1,A,1,208080502020,20200224,2,118
6834,2,A,0,208080502020,20200224,2,119
6835,1,A,0,208080502020,20200224,2,120
6836,2,A,0,208080502020,20200224,2,121
6837,1,A,0,208080502020,20200224,2,122
6838,2,A,1,208080502020,20200224,2,123
6839,1,A,1,208080502020,20200224,2,124
6840,2,A,1,208080502020,20200224,2,125
6841,1,A,1,208080502020,20200224,2,126
6842,2,A,1,208080502020,20200224,2,127
6843,1,A,1,208080502020,20200224,2,128
6844,2,A,1,208080502020,20200224,2,129
6845,1,A,0,208080502020,20200224,2,130
6846,2,A,1,208080502020,20200224,2,131
6847,1,A,1,208080502020,20200224,2,132
6848,2,A,1,208080502020,20200224,2,133
6849,1,A,0,208080502020,20200224,2,134
6850,2,A,1,208080502020,20200224,2,135
6851,1,A,1,208080502020,20200224,2,136
6852,2,A,1,208080502020,20200224,2,137
6853,1,A,0,208080502020,20200224,2,138
6854,2,A,1,208080502020,20200224,2,139
6855,1,A,0,208080502020,20200224,2,140
6856,2,A,1,208080502020,20200224,2,141
6857,1,A,1,208080502020,20200224,2,142
6858,2,A,1,208080502020,20200224,2,143
6859,1,A,1,208080502020,20200224,2,144
6860,2,A,1,208080502020,20200224,2,145
6861,1,A,0,208080502020,20200224,2,146
6862,2,A,1,208080502020,20200224,2,147
6863,1,A,1,208080502020,20200224,2,148
6864,2,A,1,208080502020,20200224,2,149
6865,1,A,0,208080502020,20200224,2,150
6866,2,A,1,208080502020,20200224,2,151
6867,1,A,0,208080502020,20200224,2,152
6868,2,A,1,208080502020,20200224,2,153
6869,1,A,1,208080502020,20200224,2,154
6870,2,A,1,208080502020,20200224,2,155
6871,1,A,0,208080502020,20200224,2,156
6872,2,A,1,208080502020,20200224,2,157
6873,1,A,0,208080502020,20200224,2,158
6874,2,A,1,208080502020,20200224,2,159
6875,1,A,0,208080502020,20200224,2,160
6876,2,A,1,208080502020,20200224,2,161
6877,1,A,0,208080502020,20200224,2,162
6878,2,A,1,208080502020,20200224,2,163
6879,1,A,0,208080502020,20200224,2,164
6880,2,A,1,208080502020,20200224,2,165
6881,1,A,0,208080502020,20200224,2,166
6882,2,A,1,208080502020,20200224,2,167
6883,1,A,0,208080502020,20200224,2,168
6884,2,A,0,208080502020,20200224,2,169
6885,1,A,0,208080502020,20200224,2,170
6886,2,A,1,208080502020,20200224,2,171
6887,1,A,1,208080502020,20200224,2,172
6888,2,A,0,208080502020,20200224,2,173
6889,1,A,0,208080502020,20200224,2,174
6890,2,A,1,208080502020,20200224,2,175
6891,1,A,0,208080502020,20200224,2,176
6892,2,A,1,208080502020,20200224,2,177
6893,1,A,0,208080502020,20200224,2,178
6894,2,A,0,208080502020,20200224,2,179
6895,1,A,0,208080502020,20200224,2,180
6896,2,A,1,208080502020,20200224,2,181
6897,1,A,0,208080502020,20200224,2,182
6898,2,A,0,208080502020,20200224,2,183
6899,1,A,0,208080502020,20200224,2,184
6900,2,A,0,208080502020,20200224,2,185
6901,1,A,0,208080502020,20200224,2,186
6902,2,A,1,208080502020,20200224,2,187
6903,1,A,1,208080502020,20200224,2,188
6904,2,A,0,208080502020,20200224,2,189
6905,1,A,0,208080502020,20200224,2,190
6906,2,A,1,208080502020,20200224,2,191
6907,1,A,0,208080502020,20200224,2,192
6908,2,A,1,208080502020,20200224,2,193
6909,1,A,0,208080502020,20200224,2,194
6910,2,A,0,208080502020,20200224,2,195
6911,1,A,0,208080502020,20200224,2,196
6912,2,A,0,208080502020,20200224,2,197
6913,1,A,1,208080502020,20200224,2,198
6914,2,A,1,208080502020,20200224,2,199
6915,5,C,0,208080502020,20200224,3,0
6916,6,C,0,208080502020,20200224,3,1
6917,4,B,1,208080502020,20200224,3,2
6918,3,B,0,208080502020,20200224,3,3
6919,4,B,1,208080502020,20200224,3,4
6920,2,A,1,208080502020,20200224,3,5
6921,1,A,1,208080502020,20200224,3,6
6922,2,A,1,208080502020,20200224,3,7
6923,1,A,0,208080502020,20200224,3,8
6924,2,A,1,208080502020,20200224,3,9
6925,4,B,0,208080502020,20200224,3,10
6926,3,B,1,208080502020,20200224,3,11
6927,4,B,1,208080502020,20200224,3,12
6928,3,B,1,208080502020,20200224,3,13
6929,4,B,0,208080502020,20200224,3,14
6930,3,B,1,208080502020,20200224,3,15
6931,4,B,1,208080502020,20200224,3,16
6932,3,B,1,208080502020,20200224,3,17
6933,4,B,1,208080502020,20200224,3,18
6934,3,B,0,208080502020,20200224,3,19
6935,4,B,1,208080502020,20200224,3,20
6936,3,B,1,208080502020,20200224,3,21
6937,4,B,1,208080502020,20200224,3,22
6938,3,B,1,208080502020,20200224,3,23
6939,4,B,0,208080502020,20200224,3,24
6940,3,B,1,208080502020,20200224,3,25
6941,4,B,1,208080502020,20200224,3,26
6942,3,B,1,208080502020,20200224,3,27
6943,4,B,1,208080502020,20200224,3,28
6944,3,B,0,208080502020,20200224,3,29
6945,4,B,0,208080502020,20200224,3,30
6946,3,B,1,208080502020,20200224,3,31
6947,4,B,0,208080502020,20200224,3,32
6948,3,B,1,208080502020,20200224,3,33
6949,4,B,0,208080502020,20200224,3,34
6950,3,B,1,208080502020,20200224,3,35
6951,4,B,1,208080502020,20200224,3,36
6952,3,B,0,208080502020,20200224,3,37
6953,4,B,0,208080502020,20200224,3,38
6954,3,B,1,208080502020,20200224,3,39
6955,4,B,1,208080502020,20200224,3,40
6956,3,B,1,208080502020,20200224,3,41
6957,4,B,0,208080502020,20200224,3,42
6958,3,B,0,208080502020,20200224,3,43
6959,4,B,1,208080502020,20200224,3,44
6960,3,B,1,208080502020,20200224,3,45
6961,4,B,1,208080502020,20200224,3,46
6962,3,B,1,208080502020,20200224,3,47
6963,4,B,0,208080502020,20200224,3,48
6964,3,B,1,208080502020,20200224,3,49
6965,4,B,0,208080502020,20200224,3,50
6966,3,B,1,208080502020,20200224,3,51
6967,4,B,1,208080502020,20200224,3,52
6968,3,B,1,208080502020,20200224,3,53
6969,4,B,0,208080502020,20200224,3,54
6970,3,B,1,208080502020,20200224,3,55
6971,4,B,1,208080502020,20200224,3,56
6972,3,B,1,208080502020,20200224,3,57
6973,4,B,1,208080502020,20200224,3,58
6974,3,B,1,208080502020,20200224,3,59
6975,4,B,1,208080502020,20200224,3,60
6976,3,B,1,208080502020,20200224,3,61
6977,4,B,0,208080502020,20200224,3,62
6978,3,B,1,208080502020,20200224,3,63
6979,4,B,0,208080502020,20200224,3,64
6980,3,B,1,208080502020,20200224,3,65
6981,4,B,0,208080502020,20200224,3,66
6982,3,B,1,208080502020,20200224,3,67
6983,4,B,0,208080502020,20200224,3,68
6984,3,B,1,208080502020,20200224,3,69
6985,4,B,1,208080502020,20200224,3,70
6986,3,B,1,208080502020,20200224,3,71
6987,4,B,1,208080502020,20200224,3,72
6988,3,B,0,208080502020,20200224,3,73
6989,4,B,0,208080502020,20200224,3,74
6990,3,B,1,208080502020,20200224,3,75
6991,4,B,0,208080502020,20200224,3,76
6992,3,B,1,208080502020,20200224,3,77
6993,4,B,0,208080502020,20200224,3,78
6994,3,B,1,208080502020,20200224,3,79
6995,4,B,1,208080502020,20200224,3,80
6996,3,B,1,208080502020,20200224,3,81
6997,4,B,0,208080502020,20200224,3,82
6998,3,B,1,208080502020,20200224,3,83
6999,4,B,0,208080502020,20200224,3,84
7000,3,B,1,208080502020,20200224,3,85
7001,4,B,0,208080502020,20200224,3,86
7002,3,B,1,208080502020,20200224,3,87
7003,4,B,1,208080502020,20200224,3,88
7004,3,B,1,208080502020,20200224,3,89
7005,4,B,0,208080502020,20200224,3,90
7006,3,B,1,208080502020,20200224,3,91
7007,4,B,0,208080502020,20200224,3,92
7008,3,B,1,208080502020,20200224,3,93
7009,4,B,0,208080502020,20200224,3,94
7010,3,B,1,208080502020,20200224,3,95
7011,4,B,0,208080502020,20200224,3,96
7012,3,B,1,208080502020,20200224,3,97
7013,4,B,1,208080502020,20200224,3,98
7014,3,B,0,208080502020,20200224,3,99
7015,4,B,0,502020205080,20200224,3,100
7016,3,B,0,502020205080,20200224,3,101
7017,4,B,0,502020205080,20200224,3,102
7018,3,B,0,502020205080,20200224,3,103
7019,4,B,0,502020205080,20200224,3,104
7020,3,B,1,502020205080,20200224,3,105
7021,4,B,0,502020205080,20200224,3,106
7022,3,B,0,502020205080,20200224,3,107
7023,4,B,1,502020205080,20200224,3,108
7024,3,B,0,502020205080,20200224,3,109
7025,4,B,1,502020205080,20200224,3,110
7026,3,B,0,502020205080,20200224,3,111
7027,4,B,0,502020205080,20200224,3,112
7028,3,B,0,502020205080,20200224,3,113
7029,4,B,0,502020205080,20200224,3,114
7030,3,B,0,502020205080,20200224,3,115
7031,4,B,0,502020205080,20200224,3,116
7032,3,B,0,502020205080,20200224,3,117
7033,4,B,0,502020205080,20200224,3,118
7034,5,C,0,502020205080,20200224,3,119
7035,6,C,1,502020205080,20200224,3,120
7036,5,C,1,502020205080,20200224,3,121
7037,6,C,1,502020205080,20200224,3,122
7038,5,C,1,502020205080,20200224,3,123
7039,6,C,1,502020205080,20200224,3,124
7040,5,C,0,502020205080,20200224,3,125
7041,6,C,1,502020205080,20200224,3,126
7042,5,C,1,502020205080,20200224,3,127
7043,6,C,1,502020205080,20200224,3,128
7044,5,C,1,502020205080,20200224,3,129
7045,6,C,1,502020205080,20200224,3,130
7046,5,C,1,502020205080,20200224,3,131
7047,6,C,0,502020205080,20200224,3,132
7048,5,C,1,502020205080,20200224,3,133
7049,6,C,0,502020205080,20200224,3,134
7050,5,C,1,502020205080,20200224,3,135
7051,6,C,1,502020205080,20200224,3,136
7052,5,C,0,502020205080,20200224,3,137
7053,6,C,0,502020205080,20200224,3,138
7054,5,C,0,502020205080,20200224,3,139
7055,6,C,1,502020205080,20200224,3,140
7056,5,C,1,502020205080,20200224,3,141
7057,6,C,0,502020205080,20200224,3,142
7058,5,C,1,502020205080,20200224,3,143
7059,6,C,1,502020205080,20200224,3,144
7060,5,C,1,502020205080,20200224,3,145
7061,6,C,1,502020205080,20200224,3,146
7062,5,C,0,502020205080,20200224,3,147
7063,6,C,1,502020205080,20200224,3,148
7064,5,C,0,502020205080,20200224,3,149
7065,6,C,1,502020205080,20200224,3,150
7066,5,C,0,502020205080,20200224,3,151
7067,6,C,0,502020205080,20200224,3,152
7068,5,C,0,502020205080,20200224,3,153
7069,6,C,1,502020205080,20200224,3,154
7070,5,C,0,502020205080,20200224,3,155
7071,6,C,1,502020205080,20200224,3,156
7072,5,C,1,502020205080,20200224,3,157
7073,6,C,1,502020205080,20200224,3,158
7074,5,C,1,502020205080,20200224,3,159
7075,6,C,1,502020205080,20200224,3,160
7076,5,C,1,502020205080,20200224,3,161
7077,6,C,0,502020205080,20200224,3,162
7078,5,C,0,502020205080,20200224,3,163
7079,6,C,1,502020205080,20200224,3,164
7080,5,C,0,502020205080,20200224,3,165
7081,6,C,0,502020205080,20200224,3,166
7082,5,C,1,502020205080,20200224,3,167
7083,6,C,0,502020205080,20200224,3,168
7084,5,C,1,502020205080,20200224,3,169
7085,6,C,1,502020205080,20200224,3,170
7086,5,C,1,502020205080,20200224,3,171
7087,6,C,1,502020205080,20200224,3,172
7088,5,C,0,502020205080,20200224,3,173
7089,6,C,1,502020205080,20200224,3,174
7090,5,C,0,502020205080,20200224,3,175
7091,6,C,1,502020205080,20200224,3,176
7092,5,C,0,502020205080,20200224,3,177
7093,6,C,1,502020205080,20200224,3,178
7094,5,C,0,502020205080,20200224,3,179
7095,6,C,1,502020205080,20200224,3,180
7096,5,C,1,502020205080,20200224,3,181
7097,6,C,1,502020205080,20200224,3,182
7098,5,C,0,502020205080,20200224,3,183
7099,6,C,0,502020205080,20200224,3,184
7100,5,C,0,502020205080,20200224,3,185
7101,6,C,0,502020205080,20200224,3,186
7102,5,C,1,502020205080,20200224,3,187
7103,6,C,1,502020205080,20200224,3,188
7104,5,C,0,502020205080,20200224,3,189
7105,6,C,0,502020205080,20200224,3,190
7106,5,C,0,502020205080,20200224,3,191
7107,6,C,0,502020205080,20200224,3,192
7108,5,C,0,502020205080,20200224,3,193
7109,6,C,1,502020205080,20200224,3,194
7110,5,C,0,502020205080,20200224,3,195
7111,6,C,0,502020205080,20200224,3,196
7112,5,C,0,502020205080,20200224,3,197
7113,6,C,1,502020205080,20200224,3,198
7114,5,C,0,502020205080,20200224,3,199
7115,4,B,0,502020205080,20200224,4,0
7116,3,B,1,502020205080,20200224,4,1
7117,4,B,0,502020205080,20200224,4,2
7118,2,A,0,502020205080,20200224,4,3
7119,1,A,1,502020205080,20200224,4,4
7120,2,A,0,502020205080,20200224,4,5
7121,1,A,1,502020205080,20200224,4,6
7122,2,A,1,502020205080,20200224,4,7
7123,1,A,1,502020205080,20200224,4,8
7124,2,A,0,502020205080,20200224,4,9
7125,1,A,0,502020205080,20200224,4,10
7126,2,A,1,502020205080,20200224,4,11
7127,5,C,1,502020205080,20200224,4,12
7128,6,C,1,502020205080,20200224,4,13
7129,5,C,0,502020205080,20200224,4,14
7130,6,C,0,502020205080,20200224,4,15
7131,5,C,1,502020205080,20200224,4,16
7132,6,C,1,502020205080,20200224,4,17
7133,5,C,1,502020205080,20200224,4,18
7134,6,C,1,502020205080,20200224,4,19
7135,5,C,0,502020205080,20200224,4,20
7136,6,C,0,502020205080,20200224,4,21
7137,5,C,0,502020205080,20200224,4,22
7138,4,B,0,502020205080,20200224,4,23
7139,3,B,0,502020205080,20200224,4,24
7140,4,B,0,502020205080,20200224,4,25
7141,3,B,0,502020205080,20200224,4,26
7142,4,B,0,502020205080,20200224,4,27
7143,3,B,0,502020205080,20200224,4,28
7144,4,B,0,502020205080,20200224,4,29
7145,3,B,0,502020205080,20200224,4,30
7146,4,B,0,502020205080,20200224,4,31
7147,3,B,0,502020205080,20200224,4,32
7148,4,B,0,502020205080,20200224,4,33
7149,3,B,0,502020205080,20200224,4,34
7150,2,A,0,502020205080,20200224,4,35
7151,1,A,1,502020205080,20200224,4,36
7152,2,A,0,502020205080,20200224,4,37
7153,1,A,0,502020205080,20200224,4,38
7154,2,A,0,502020205080,20200224,4,39
7155,1,A,1,502020205080,20200224,4,40
7156,2,A,0,502020205080,20200224,4,41
7157,1,A,1,502020205080,20200224,4,42
7158,2,A,0,502020205080,20200224,4,43
7159,1,A,0,502020205080,20200224,4,44
7160,2,A,0,502020205080,20200224,4,45
7161,1,A,0,502020205080,20200224,4,46
7162,2,A,0,502020205080,20200224,4,47
7163,1,A,1,502020205080,20200224,4,48
7164,2,A,0,502020205080,20200224,4,49
7165,1,A,1,502020205080,20200224,4,50
7166,2,A,0,502020205080,20200224,4,51
7167,1,A,1,502020205080,20200224,4,52
7168,2,A,0,502020205080,20200224,4,53
7169,1,A,0,502020205080,20200224,4,54
7170,2,A,0,502020205080,20200224,4,55
7171,1,A,0,502020205080,20200224,4,56
7172,2,A,0,502020205080,20200224,4,57
7173,1,A,0,502020205080,20200224,4,58
7174,2,A,0,502020205080,20200224,4,59
7175,1,A,0,502020205080,20200224,4,60
7176,2,A,0,502020205080,20200224,4,61
7177,1,A,0,502020205080,20200224,4,62
7178,5,C,1,502020205080,20200224,4,63
7179,6,C,1,502020205080,20200224,4,64
7180,5,C,0,502020205080,20200224,4,65
7181,6,C,1,502020205080,20200224,4,66
7182,5,C,1,502020205080,20200224,4,67
7183,6,C,1,502020205080,20200224,4,68
7184,5,C,0,502020205080,20200224,4,69
7185,6,C,1,502020205080,20200224,4,70
7186,5,C,1,502020205080,20200224,4,71
7187,6,C,0,502020205080,20200224,4,72
7188,5,C,1,502020205080,20200224,4,73
7189,6,C,1,502020205080,20200224,4,74
7190,5,C,0,502020205080,20200224,4,75
7191,6,C,1,502020205080,20200224,4,76
7192,5,C,1,502020205080,20200224,4,77
7193,6,C,1,502020205080,20200224,4,78
7194,5,C,0,502020205080,20200224,4,79
7195,6,C,1,502020205080,20200224,4,80
7196,5,C,1,502020205080,20200224,4,81
7197,6,C,0,502020205080,20200224,4,82
7198,5,C,1,502020205080,20200224,4,83
7199,6,C,1,502020205080,20200224,4,84
7200,5,C,1,502020205080,20200224,4,85
7201,6,C,1,502020205080,20200224,4,86
7202,5,C,0,502020205080,20200224,4,87
7203,6,C,1,502020205080,20200224,4,88
7204,5,C,0,502020205080,20200224,4,89
7205,6,C,1,502020205080,20200224,4,90
7206,5,C,1,502020205080,20200224,4,91
7207,6,C,1,502020205080,20200224,4,92
7208,5,C,0,502020205080,20200224,4,93
7209,6,C,1,502020205080,20200224,4,94
7210,5,C,0,502020205080,20200224,4,95
7211,6,C,1,502020205080,20200224,4,96
7212,5,C,0,502020205080,20200224,4,97
7213,6,C,0,502020205080,20200224,4,98
7214,5,C,1,502020205080,20200224,4,99
7215,6,C,0,202050502050,20200224,4,100
7216,5,C,1,202050502050,20200224,4,101
7217,6,C,1,202050502050,20200224,4,102
7218,5,C,0,202050502050,20200224,4,103
7219,6,C,1,202050502050,20200224,4,104
7220,5,C,0,202050502050,20200224,4,105
7221,6,C,1,202050502050,20200224,4,106
7222,5,C,0,202050502050,20200224,4,107
7223,6,C,1,202050502050,20200224,4,108
7224,5,C,0,202050502050,20200224,4,109
7225,6,C,0,202050502050,20200224,4,110
7226,5,C,0,202050502050,20200224,4,111
7227,6,C,0,202050502050,20200224,4,112
7228,5,C,0,202050502050,20200224,4,113
7229,6,C,1,202050502050,20200224,4,114
7230,5,C,0,202050502050,20200224,4,115
7231,6,C,0,202050502050,20200224,4,116
7232,5,C,0,202050502050,20200224,4,117
7233,6,C,1,202050502050,20200224,4,118
7234,5,C,1,202050502050,20200224,4,119
7235,6,C,1,202050502050,20200224,4,120
7236,5,C,1,202050502050,20200224,4,121
7237,6,C,1,202050502050,20200224,4,122
7238,5,C,0,202050502050,20200224,4,123
7239,6,C,0,202050502050,20200224,4,124
7240,5,C,0,202050502050,20200224,4,125
7241,6,C,1,202050502050,20200224,4,126
7242,5,C,0,202050502050,20200224,4,127
7243,6,C,0,202050502050,20200224,4,128
7244,5,C,0,202050502050,20200224,4,129
7245,6,C,1,202050502050,20200224,4,130
7246,5,C,0,202050502050,20200224,4,131
7247,6,C,1,202050502050,20200224,4,132
7248,5,C,1,202050502050,20200224,4,133
7249,6,C,0,202050502050,20200224,4,134
7250,5,C,1,202050502050,20200224,4,135
7251,6,C,0,202050502050,20200224,4,136
7252,5,C,0,202050502050,20200224,4,137
7253,6,C,0,202050502050,20200224,4,138
7254,5,C,1,202050502050,20200224,4,139
7255,6,C,0,202050502050,20200224,4,140
7256,5,C,0,202050502050,20200224,4,141
7257,6,C,1,202050502050,20200224,4,142
7258,5,C,0,202050502050,20200224,4,143
7259,6,C,1,202050502050,20200224,4,144
7260,5,C,0,202050502050,20200224,4,145
7261,6,C,1,202050502050,20200224,4,146
7262,5,C,1,202050502050,20200224,4,147
7263,6,C,0,202050502050,20200224,4,148
7264,5,C,0,202050502050,20200224,4,149
7265,6,C,0,202050502050,20200224,4,150
7266,5,C,0,202050502050,20200224,4,151
7267,6,C,0,202050502050,20200224,4,152
7268,5,C,0,202050502050,20200224,4,153
7269,6,C,1,202050502050,20200224,4,154
7270,5,C,0,202050502050,20200224,4,155
7271,6,C,1,202050502050,20200224,4,156
7272,5,C,1,202050502050,20200224,4,157
7273,6,C,1,202050502050,20200224,4,158
7274,5,C,0,202050502050,20200224,4,159
7275,6,C,0,202050502050,20200224,4,160
7276,5,C,1,202050502050,20200224,4,161
7277,6,C,1,202050502050,20200224,4,162
7278,5,C,0,202050502050,20200224,4,163
7279,6,C,1,202050502050,20200224,4,164
7280,5,C,0,202050502050,20200224,4,165
7281,6,C,1,202050502050,20200224,4,166
7282,5,C,1,202050502050,20200224,4,167
7283,6,C,1,202050502050,20200224,4,168
7284,5,C,1,202050502050,20200224,4,169
7285,6,C,0,202050502050,20200224,4,170
7286,5,C,1,202050502050,20200224,4,171
7287,6,C,0,202050502050,20200224,4,172
7288,5,C,1,202050502050,20200224,4,173
7289,6,C,0,202050502050,20200224,4,174
7290,5,C,0,202050502050,20200224,4,175
7291,6,C,0,202050502050,20200224,4,176
7292,5,C,0,202050502050,20200224,4,177
7293,6,C,0,202050502050,20200224,4,178
7294,5,C,1,202050502050,20200224,4,179
7295,6,C,1,202050502050,20200224,4,180
7296,5,C,0,202050502050,20200224,4,181
7297,6,C,1,202050502050,20200224,4,182
7298,5,C,1,202050502050,20200224,4,183
7299,6,C,0,202050502050,20200224,4,184
7300,5,C,1,202050502050,20200224,4,185
7301,6,C,1,202050502050,20200224,4,186
7302,5,C,0,202050502050,20200224,4,187
7303,6,C,1,202050502050,20200224,4,188
7304,5,C,0,202050502050,20200224,4,189
7305,6,C,0,202050502050,20200224,4,190
7306,5,C,0,202050502050,20200224,4,191
7307,6,C,0,202050502050,20200224,4,192
7308,5,C,0,202050502050,20200224,4,193
7309,6,C,0,202050502050,20200224,4,194
7310,5,C,0,202050502050,20200224,4,195
7311,6,C,0,202050502050,20200224,4,196
7312,5,C,0,202050502050,20200224,4,197
7313,6,C,1,202050502050,20200224,4,198
7314,5,C,0,202050502050,20200224,4,199
7315,4,B,1,202050502050,20200225,1,0
7316,3,B,0,202050502050,20200225,1,1
7317,2,A,1,202050502050,20200225,1,2
7318,1,A,0,202050502050,20200225,1,3
7319,2,A,0,202050502050,20200225,1,4
7320,1,A,1,202050502050,20200225,1,5
7321,2,A,0,202050502050,20200225,1,6
7322,5,C,0,202050502050,20200225,1,7
7323,6,C,0,202050502050,20200225,1,8
7324,5,C,0,202050502050,20200225,1,9
7325,6,C,1,202050502050,20200225,1,10
7326,5,C,0,202050502050,20200225,1,11
7327,6,C,1,202050502050,20200225,1,12
7328,5,C,0,202050502050,20200225,1,13
7329,6,C,1,202050502050,20200225,1,14
7330,5,C,0,202050502050,20200225,1,15
7331,6,C,0,202050502050,20200225,1,16
7332,4,B,1,202050502050,20200225,1,17
7333,3,B,0,202050502050,20200225,1,18
7334,4,B,1,202050502050,20200225,1,19
7335,3,B,0,202050502050,20200225,1,20
7336,4,B,1,202050502050,20200225,1,21
7337,3,B,0,202050502050,20200225,1,22
7338,4,B,0,202050502050,20200225,1,23
7339,2,A,1,202050502050,20200225,1,24
7340,1,A,0,202050502050,20200225,1,25
7341,2,A,0,202050502050,20200225,1,26
7342,1,A,0,202050502050,20200225,1,27
7343,2,A,0,202050502050,20200225,1,28
7344,1,A,1,202050502050,20200225,1,29
7345,2,A,1,202050502050,20200225,1,30
7346,1,A,1,202050502050,20200225,1,31
7347,2,A,0,202050502050,20200225,1,32
7348,1,A,0,202050502050,20200225,1,33
7349,2,A,0,202050502050,20200225,1,34
7350,1,A,0,202050502050,20200225,1,35
7351,2,A,1,202050502050,20200225,1,36
7352,1,A,0,202050502050,20200225,1,37
7353,2,A,0,202050502050,20200225,1,38
7354,5,C,0,202050502050,20200225,1,39
7355,6,C,0,202050502050,20200225,1,40
7356,5,C,0,202050502050,20200225,1,41
7357,6,C,0,202050502050,20200225,1,42
7358,5,C,0,202050502050,20200225,1,43
7359,6,C,1,202050502050,20200225,1,44
7360,5,C,0,202050502050,20200225,1,45
7361,6,C,1,202050502050,20200225,1,46
7362,5,C,0,202050502050,20200225,1,47
7363,6,C,1,202050502050,20200225,1,48
7364,5,C,0,202050502050,20200225,1,49
7365,6,C,0,202050502050,20200225,1,50
7366,5,C,1,202050502050,20200225,1,51
7367,6,C,0,202050502050,20200225,1,52
7368,5,C,0,202050502050,20200225,1,53
7369,6,C,1,202050502050,20200225,1,54
7370,5,C,0,202050502050,20200225,1,55
7371,6,C,1,202050502050,20200225,1,56
7372,5,C,1,202050502050,20200225,1,57
7373,6,C,1,202050502050,20200225,1,58
7374,5,C,0,202050502050,20200225,1,59
7375,6,C,1,202050502050,20200225,1,60
7376,5,C,0,202050502050,20200225,1,61
7377,6,C,0,202050502050,20200225,1,62
7378,5,C,1,202050502050,20200225,1,63
7379,6,C,1,202050502050,20200225,1,64
7380,5,C,0,202050502050,20200225,1,65
7381,6,C,0,202050502050,20200225,1,66
7382,5,C,0,202050502050,20200225,1,67
7383,6,C,1,202050502050,20200225,1,68
7384,5,C,0,202050502050,20200225,1,69
7385,6,C,0,202050502050,20200225,1,70
7386,5,C,0,202050502050,20200225,1,71
7387,6,C,1,202050502050,20200225,1,72
7388,5,C,0,202050502050,20200225,1,73
7389,6,C,1,202050502050,20200225,1,74
7390,5,C,1,202050502050,20200225,1,75
7391,6,C,1,202050502050,20200225,1,76
7392,5,C,0,202050502050,20200225,1,77
7393,6,C,1,202050502050,20200225,1,78
7394,5,C,0,202050502050,20200225,1,79
7395,6,C,0,202050502050,20200225,1,80
7396,5,C,0,202050502050,20200225,1,81
7397,6,C,1,202050502050,20200225,1,82
7398,5,C,0,202050502050,20200225,1,83
7399,6,C,0,202050502050,20200225,1,84
7400,5,C,0,202050502050,20200225,1,85
7401,6,C,1,202050502050,20200225,1,86
7402,2,A,0,202050502050,20200225,1,87
7403,1,A,0,202050502050,20200225,1,88
7404,2,A,0,202050502050,20200225,1,89
7405,1,A,1,202050502050,20200225,1,90
7406,2,A,0,202050502050,20200225,1,91
7407,1,A,0,202050502050,20200225,1,92
7408,2,A,1,202050502050,20200225,1,93
7409,1,A,0,202050502050,20200225,1,94
7410,2,A,0,202050502050,20200225,1,95
7411,1,A,0,202050502050,20200225,1,96
7412,2,A,0,202050502050,20200225,1,97
7413,1,A,0,202050502050,20200225,1,98
7414,2,A,0,202050502050,20200225,1,99
7415,4,B,1,805020802080,20200225,1,100
7416,3,B,0,805020802080,20200225,1,101
7417,4,B,1,805020802080,20200225,1,102
7418,3,B,0,805020802080,20200225,1,103
7419,4,B,1,805020802080,20200225,1,104
7420,3,B,0,805020802080,20200225,1,105
7421,4,B,1,805020802080,20200225,1,106
7422,3,B,0,805020802080,20200225,1,107
7423,4,B,1,805020802080,20200225,1,108
7424,3,B,0,805020802080,20200225,1,109
7425,4,B,1,805020802080,20200225,1,110
7426,3,B,0,805020802080,20200225,1,111
7427,4,B,1,805020802080,20200225,1,112
7428,3,B,1,805020802080,20200225,1,113
7429,4,B,1,805020802080,20200225,1,114
7430,3,B,0,805020802080,20200225,1,115
7431,4,B,1,805020802080,20200225,1,116
7432,3,B,1,805020802080,20200225,1,117
7433,4,B,1,805020802080,20200225,1,118
7434,3,B,0,805020802080,20200225,1,119
7435,4,B,1,805020802080,20200225,1,120
7436,3,B,0,805020802080,20200225,1,121
7437,4,B,1,805020802080,20200225,1,122
7438,3,B,0,805020802080,20200225,1,123
7439,4,B,1,805020802080,20200225,1,124
7440,3,B,0,805020802080,20200225,1,125
7441,4,B,0,805020802080,20200225,1,126
7442,3,B,1,805020802080,20200225,1,127
7443,4,B,1,805020802080,20200225,1,128
7444,3,B,0,805020802080,20200225,1,129
7445,4,B,1,805020802080,20200225,1,130
7446,3,B,0,805020802080,20200225,1,131
7447,4,B,1,805020802080,20200225,1,132
7448,3,B,0,805020802080,20200225,1,133
7449,4,B,1,805020802080,20200225,1,134
7450,3,B,0,805020802080,20200225,1,135
7451,4,B,1,805020802080,20200225,1,136
7452,3,B,0,805020802080,20200225,1,137
7453,4,B,0,805020802080,20200225,1,138
7454,3,B,0,805020802080,20200225,1,139
7455,4,B,1,805020802080,20200225,1,140
7456,3,B,0,805020802080,20200225,1,141
7457,4,B,1,805020802080,20200225,1,142
7458,3,B,1,805020802080,20200225,1,143
7459,4,B,0,805020802080,20200225,1,144
7460,3,B,0,805020802080,20200225,1,145
7461,4,B,1,805020802080,20200225,1,146
7462,3,B,0,805020802080,20200225,1,147
7463,4,B,1,805020802080,20200225,1,148
7464,3,B,0,805020802080,20200225,1,149
7465,4,B,1,805020802080,20200225,1,150
7466,3,B,1,805020802080,20200225,1,151
7467,4,B,0,805020802080,20200225,1,152
7468,3,B,0,805020802080,20200225,1,153
7469,4,B,0,805020802080,20200225,1,154
7470,3,B,0,805020802080,20200225,1,155
7471,4,B,1,805020802080,20200225,1,156
7472,3,B,0,805020802080,20200225,1,157
7473,4,B,0,805020802080,20200225,1,158
7474,3,B,0,805020802080,20200225,1,159
7475,4,B,1,805020802080,20200225,1,160
7476,3,B,0,805020802080,20200225,1,161
7477,4,B,0,805020802080,20200225,1,162
7478,3,B,0,805020802080,20200225,1,163
7479,4,B,1,805020802080,20200225,1,164
7480,3,B,0,805020802080,20200225,1,165
7481,4,B,1,805020802080,20200225,1,166
7482,3,B,0,805020802080,20200225,1,167
7483,4,B,1,805020802080,20200225,1,168
7484,3,B,0,805020802080,20200225,1,169
7485,4,B,1,805020802080,20200225,1,170
7486,3,B,1,805020802080,20200225,1,171
7487,4,B,1,805020802080,20200225,1,172
7488,3,B,0,805020802080,20200225,1,173
7489,4,B,1,805020802080,20200225,1,174
7490,3,B,0,805020802080,20200225,1,175
7491,4,B,1,805020802080,20200225,1,176
7492,3,B,0,805020802080,20200225,1,177
7493,4,B,1,805020802080,20200225,1,178
7494,3,B,1,805020802080,20200225,1,179
7495,4,B,1,805020802080,20200225,1,180
7496,3,B,0,805020802080,20200225,1,181
7497,4,B,1,805020802080,20200225,1,182
7498,3,B,0,805020802080,20200225,1,183
7499,4,B,1,805020802080,20200225,1,184
7500,3,B,0,805020802080,20200225,1,185
7501,4,B,1,805020802080,20200225,1,186
7502,3,B,0,805020802080,20200225,1,187
7503,4,B,1,805020802080,20200225,1,188
7504,3,B,1,805020802080,20200225,1,189
7505,4,B,1,805020802080,20200225,1,190
7506,3,B,0,805020802080,20200225,1,191
7507,4,B,1,805020802080,20200225,1,192
7508,3,B,0,805020802080,20200225,1,193
7509,4,B,0,805020802080,20200225,1,194
7510,3,B,0,805020802080,20200225,1,195
7511,4,B,1,805020802080,20200225,1,196
7512,3,B,0,805020802080,20200225,1,197
7513,4,B,1,805020802080,20200225,1,198
7514,3,B,0,805020802080,20200225,1,199
7515,4,B,0,805020802080,20200225,2,0
7516,3,B,0,805020802080,20200225,2,1
7517,2,A,1,805020802080,20200225,2,2
7518,1,A,1,805020802080,20200225,2,3
7519,2,A,1,805020802080,20200225,2,4
7520,1,A,1,805020802080,20200225,2,5
7521,5,C,0,805020802080,20200225,2,6
7522,6,C,1,805020802080,20200225,2,7
7523,5,C,0,805020802080,20200225,2,8
7524,6,C,1,805020802080,20200225,2,9
7525,5,C,0,805020802080,20200225,2,10
7526,6,C,1,805020802080,20200225,2,11
7527,5,C,1,805020802080,20200225,2,12
7528,6,C,1,805020802080,20200225,2,13
7529,5,C,0,805020802080,20200225,2,14
7530,6,C,1,805020802080,20200225,2,15
7531,4,B,1,805020802080,20200225,2,16
7532,3,B,1,805020802080,20200225,2,17
7533,4,B,0,805020802080,20200225,2,18
7534,3,B,0,805020802080,20200225,2,19
7535,4,B,1,805020802080,20200225,2,20
7536,3,B,0,805020802080,20200225,2,21
7537,4,B,1,805020802080,20200225,2,22
7538,3,B,0,805020802080,20200225,2,23
7539,4,B,1,805020802080,20200225,2,24
7540,3,B,1,805020802080,20200225,2,25
7541,4,B,1,805020802080,20200225,2,26
7542,3,B,0,805020802080,20200225,2,27
7543,4,B,0,805020802080,20200225,2,28
7544,3,B,1,805020802080,20200225,2,29
7545,4,B,1,805020802080,20200225,2,30
7546,3,B,0,805020802080,20200225,2,31
7547,4,B,1,805020802080,20200225,2,32
7548,3,B,1,805020802080,20200225,2,33
7549,4,B,1,805020802080,20200225,2,34
7550,3,B,0,805020802080,20200225,2,35
7551,4,B,0,805020802080,20200225,2,36
7552,3,B,1,805020802080,20200225,2,37
7553,4,B,1,805020802080,20200225,2,38
7554,3,B,1,805020802080,20200225,2,39
7555,4,B,1,805020802080,20200225,2,40
7556,3,B,0,805020802080,20200225,2,41
7557,4,B,0,805020802080,20200225,2,42
7558,3,B,0,805020802080,20200225,2,43
7559,4,B,1,805020802080,20200225,2,44
7560,3,B,0,805020802080,20200225,2,45
7561,4,B,1,805020802080,20200225,2,46
7562,3,B,0,805020802080,20200225,2,47
7563,4,B,0,805020802080,20200225,2,48
7564,3,B,0,805020802080,20200225,2,49
7565,4,B,1,805020802080,20200225,2,50
7566,2,A,1,805020802080,20200225,2,51
7567,1,A,1,805020802080,20200225,2,52
7568,2,A,0,805020802080,20200225,2,53
7569,1,A,1,805020802080,20200225,2,54
7570,2,A,0,805020802080,20200225,2,55
7571,1,A,0,805020802080,20200225,2,56
7572,2,A,0,805020802080,20200225,2,57
7573,1,A,1,805020802080,20200225,2,58
7574,2,A,1,805020802080,20200225,2,59
7575,1,A,1,805020802080,20200225,2,60
7576,2,A,1,805020802080,20200225,2,61
7577,1,A,1,805020802080,20200225,2,62
7578,2,A,0,805020802080,20200225,2,63
7579,1,A,1,805020802080,20200225,2,64
7580,2,A,1,805020802080,20200225,2,65
7581,1,A,0,805020802080,20200225,2,66
7582,2,A,0,805020802080,20200225,2,67
7583,1,A,1,805020802080,20200225,2,68
7584,2,A,1,805020802080,20200225,2,69
7585,1,A,0,805020802080,20200225,2,70
7586,2,A,0,805020802080,20200225,2,71
7587,1,A,1,805020802080,20200225,2,72
7588,2,A,1,805020802080,20200225,2,73
7589,1,A,1,805020802080,20200225,2,74
7590,2,A,0,805020802080,20200225,2,75
7591,1,A,1,805020802080,20200225,2,76
7592,2,A,0,805020802080,20200225,2,77
7593,1,A,1,805020802080,20200225,2,78
7594,2,A,1,805020802080,20200225,2,79
7595,1,A,1,805020802080,20200225,2,80
7596,2,A,1,805020802080,20200225,2,81
7597,1,A,1,805020802080,20200225,2,82
7598,2,A,0,805020802080,20200225,2,83
7599,1,A,1,805020802080,20200225,2,84
7600,2,A,1,805020802080,20200225,2,85
7601,1,A,1,805020802080,20200225,2,86
7602,2,A,0,805020802080,20200225,2,87
7603,1,A,1,805020802080,20200225,2,88
7604,2,A,1,805020802080,20200225,2,89
7605,1,A,1,805020802080,20200225,2,90
7606,2,A,1,805020802080,20200225,2,91
7607,1,A,1,805020802080,20200225,2,92
7608,2,A,1,805020802080,20200225,2,93
7609,1,A,0,805020802080,20200225,2,94
7610,2,A,1,805020802080,20200225,2,95
7611,1,A,1,805020802080,20200225,2,96
7612,2,A,0,805020802080,20200225,2,97
7613,1,A,1,805020802080,20200225,2,98
7614,2,A,0,805020802080,20200225,2,99
7615,1,A,0,505050202050,20200225,2,100
7616,2,A,1,505050202050,20200225,2,101
7617,1,A,1,505050202050,20200225,2,102
7618,2,A,1,505050202050,20200225,2,103
7619,1,A,1,505050202050,20200225,2,104
7620,2,A,0,505050202050,20200225,2,105
7621,1,A,1,505050202050,20200225,2,106
7622,2,A,1,505050202050,20200225,2,107
7623,1,A,0,505050202050,20200225,2,108
7624,2,A,0,505050202050,20200225,2,109
7625,1,A,0,505050202050,20200225,2,110
7626,2,A,1,505050202050,20200225,2,111
7627,1,A,1,505050202050,20200225,2,112
7628,2,A,0,505050202050,20200225,2,113
7629,1,A,1,505050202050,20200225,2,114
7630,2,A,0,505050202050,20200225,2,115
7631,1,A,0,505050202050,20200225,2,116
7632,2,A,1,505050202050,20200225,2,117
7633,1,A,1,505050202050,20200225,2,118
7634,2,A,1,505050202050,20200225,2,119
7635,1,A,0,505050202050,20200225,2,120
7636,2,A,1,505050202050,20200225,2,121
7637,1,A,0,505050202050,20200225,2,122
7638,2,A,1,505050202050,20200225,2,123
7639,1,A,0,505050202050,20200225,2,124
7640,2,A,0,505050202050,20200225,2,125
7641,1,A,1,505050202050,20200225,2,126
7642,2,A,1,505050202050,20200225,2,127
7643,1,A,1,505050202050,20200225,2,128
7644,2,A,0,505050202050,20200225,2,129
7645,1,A,1,505050202050,20200225,2,130
7646,2,A,0,505050202050,20200225,2,131
7647,1,A,1,505050202050,20200225,2,132
7648,2,A,1,505050202050,20200225,2,133
7649,1,A,1,505050202050,20200225,2,134
7650,2,A,1,505050202050,20200225,2,135
7651,1,A,1,505050202050,20200225,2,136
7652,2,A,1,505050202050,20200225,2,137
7653,1,A,0,505050202050,20200225,2,138
7654,2,A,1,505050202050,20200225,2,139
7655,1,A,0,505050202050,20200225,2,140
7656,2,A,1,505050202050,20200225,2,141
7657,1,A,1,505050202050,20200225,2,142
7658,2,A,1,505050202050,20200225,2,143
7659,1,A,0,505050202050,20200225,2,144
7660,2,A,0,505050202050,20200225,2,145
7661,1,A,1,505050202050,20200225,2,146
7662,2,A,0,505050202050,20200225,2,147
7663,1,A,0,505050202050,20200225,2,148
7664,2,A,0,505050202050,20200225,2,149
7665,1,A,1,505050202050,20200225,2,150
7666,2,A,1,505050202050,20200225,2,151
7667,1,A,1,505050202050,20200225,2,152
7668,2,A,0,505050202050,20200225,2,153
7669,1,A,0,505050202050,20200225,2,154
7670,2,A,1,505050202050,20200225,2,155
7671,1,A,1,505050202050,20200225,2,156
7672,2,A,0,505050202050,20200225,2,157
7673,1,A,1,505050202050,20200225,2,158
7674,2,A,1,505050202050,20200225,2,159
7675,1,A,1,505050202050,20200225,2,160
7676,2,A,1,505050202050,20200225,2,161
7677,1,A,1,505050202050,20200225,2,162
7678,2,A,1,505050202050,20200225,2,163
7679,1,A,0,505050202050,20200225,2,164
7680,2,A,0,505050202050,20200225,2,165
7681,1,A,0,505050202050,20200225,2,166
7682,2,A,1,505050202050,20200225,2,167
7683,1,A,1,505050202050,20200225,2,168
7684,2,A,0,505050202050,20200225,2,169
7685,1,A,1,505050202050,20200225,2,170
7686,2,A,1,505050202050,20200225,2,171
7687,1,A,1,505050202050,20200225,2,172
7688,2,A,1,505050202050,20200225,2,173
7689,1,A,0,505050202050,20200225,2,174
7690,2,A,0,505050202050,20200225,2,175
7691,1,A,1,505050202050,20200225,2,176
7692,2,A,0,505050202050,20200225,2,177
7693,1,A,1,505050202050,20200225,2,178
7694,2,A,0,505050202050,20200225,2,179
7695,1,A,0,505050202050,20200225,2,180
7696,2,A,1,505050202050,20200225,2,181
7697,1,A,1,505050202050,20200225,2,182
7698,2,A,0,505050202050,20200225,2,183
7699,1,A,1,505050202050,20200225,2,184
7700,2,A,1,505050202050,20200225,2,185
7701,1,A,1,505050202050,20200225,2,186
7702,2,A,1,505050202050,20200225,2,187
7703,1,A,0,505050202050,20200225,2,188
7704,2,A,1,505050202050,20200225,2,189
7705,1,A,0,505050202050,20200225,2,190
7706,2,A,1,505050202050,20200225,2,191
7707,1,A,1,505050202050,20200225,2,192
7708,2,A,1,505050202050,20200225,2,193
7709,1,A,0,505050202050,20200225,2,194
7710,2,A,0,505050202050,20200225,2,195
7711,1,A,0,505050202050,20200225,2,196
7712,2,A,1,505050202050,20200225,2,197
7713,1,A,0,505050202050,20200225,2,198
7714,2,A,1,505050202050,20200225,2,199
7715,4,B,0,505050202050,20200225,3,0
7716,3,B,0,505050202050,20200225,3,1
7717,2,A,1,505050202050,20200225,3,2
7718,1,A,1,505050202050,20200225,3,3
7719,2,A,1,505050202050,20200225,3,4
7720,1,A,0,505050202050,20200225,3,5
7721,2,A,0,505050202050,20200225,3,6
7722,5,C,0,505050202050,20200225,3,7
7723,6,C,0,505050202050,20200225,3,8
7724,5,C,0,505050202050,20200225,3,9
7725,6,C,0,505050202050,20200225,3,10
7726,5,C,0,505050202050,20200225,3,11
7727,6,C,1,505050202050,20200225,3,12
7728,5,C,0,505050202050,20200225,3,13
7729,6,C,1,505050202050,20200225,3,14
7730,4,B,0,505050202050,20200225,3,15
7731,3,B,0,505050202050,20200225,3,16
7732,4,B,0,505050202050,20200225,3,17
7733,3,B,0,505050202050,20200225,3,18
7734,4,B,0,505050202050,20200225,3,19
7735,5,C,0,505050202050,20200225,3,20
7736,6,C,1,505050202050,20200225,3,21
7737,5,C,0,505050202050,20200225,3,22
7738,6,C,0,505050202050,20200225,3,23
7739,5,C,0,505050202050,20200225,3,24
7740,6,C,1,505050202050,20200225,3,25
7741,5,C,0,505050202050,20200225,3,26
7742,6,C,0,505050202050,20200225,3,27
7743,5,C,0,505050202050,20200225,3,28
7744,6,C,1,505050202050,20200225,3,29
7745,2,A,1,505050202050,20200225,3,30
7746,1,A,1,505050202050,20200225,3,31
7747,2,A,1,505050202050,20200225,3,32
7748,1,A,0,505050202050,20200225,3,33
7749,2,A,0,505050202050,20200225,3,34
7750,1,A,0,505050202050,20200225,3,35
7751,2,A,1,505050202050,20200225,3,36
7752,1,A,1,505050202050,20200225,3,37
7753,2,A,1,505050202050,20200225,3,38
7754,1,A,1,505050202050,20200225,3,39
7755,2,A,1,505050202050,20200225,3,40
7756,1,A,0,505050202050,20200225,3,41
7757,2,A,0,505050202050,20200225,3,42
7758,1,A,1,505050202050,20200225,3,43
7759,2,A,1,505050202050,20200225,3,44
7760,1,A,0,505050202050,20200225,3,45
7761,2,A,0,505050202050,20200225,3,46
7762,1,A,1,505050202050,20200225,3,47
7763,2,A,1,505050202050,20200225,3,48
7764,1,A,1,505050202050,20200225,3,49
7765,2,A,1,505050202050,20200225,3,50
7766,1,A,0,505050202050,20200225,3,51
7767,2,A,0,505050202050,20200225,3,52
7768,1,A,1,505050202050,20200225,3,53
7769,2,A,1,505050202050,20200225,3,54
7770,1,A,1,505050202050,20200225,3,55
7771,2,A,1,505050202050,20200225,3,56
7772,1,A,0,505050202050,20200225,3,57
7773,2,A,0,505050202050,20200225,3,58
7774,1,A,1,505050202050,20200225,3,59
7775,2,A,1,505050202050,20200225,3,60
7776,1,A,0,505050202050,20200225,3,61
7777,2,A,0,505050202050,20200225,3,62
7778,1,A,1,505050202050,20200225,3,63
7779,2,A,1,505050202050,20200225,3,64
7780,1,A,1,505050202050,20200225,3,65
7781,2,A,0,505050202050,20200225,3,66
7782,1,A,1,505050202050,20200225,3,67
7783,2,A,1,505050202050,20200225,3,68
7784,1,A,0,505050202050,20200225,3,69
7785,2,A,0,505050202050,20200225,3,70
7786,1,A,1,505050202050,20200225,3,71
7787,2,A,0,505050202050,20200225,3,72
7788,1,A,1,505050202050,20200225,3,73
7789,2,A,0,505050202050,20200225,3,74
7790,1,A,0,505050202050,20200225,3,75
7791,2,A,1,505050202050,20200225,3,76
7792,1,A,1,505050202050,20200225,3,77
7793,2,A,0,505050202050,20200225,3,78
7794,1,A,0,505050202050,20200225,3,79
7795,2,A,0,505050202050,20200225,3,80
7796,1,A,0,505050202050,20200225,3,81
7797,2,A,0,505050202050,20200225,3,82
7798,1,A,0,505050202050,20200225,3,83
7799,2,A,1,505050202050,20200225,3,84
7800,1,A,0,505050202050,20200225,3,85
7801,2,A,1,505050202050,20200225,3,86
7802,1,A,1,505050202050,20200225,3,87
7803,2,A,1,505050202050,20200225,3,88
7804,1,A,1,505050202050,20200225,3,89
7805,2,A,0,505050202050,20200225,3,90
7806,1,A,1,505050202050,20200225,3,91
7807,2,A,0,505050202050,20200225,3,92
7808,1,A,0,505050202050,20200225,3,93
7809,2,A,0,505050202050,20200225,3,94
7810,1,A,0,505050202050,20200225,3,95
7811,2,A,1,505050202050,20200225,3,96
7812,1,A,1,505050202050,20200225,3,97
7813,2,A,1,505050202050,20200225,3,98
7814,1,A,0,505050202050,20200225,3,99
7815,2,A,0,205080508020,20200225,3,100
7816,1,A,0,205080508020,20200225,3,101
7817,2,A,0,205080508020,20200225,3,102
7818,1,A,0,205080508020,20200225,3,103
7819,2,A,0,205080508020,20200225,3,104
7820,1,A,0,205080508020,20200225,3,105
7821,2,A,1,205080508020,20200225,3,106
7822,1,A,0,205080508020,20200225,3,107
7823,2,A,1,205080508020,20200225,3,108
7824,1,A,0,205080508020,20200225,3,109
7825,2,A,1,205080508020,20200225,3,110
7826,1,A,0,205080508020,20200225,3,111
7827,2,A,1,205080508020,20200225,3,112
7828,1,A,0,205080508020,20200225,3,113
7829,2,A,0,205080508020,20200225,3,114
7830,1,A,0,205080508020,20200225,3,115
7831,2,A,1,205080508020,20200225,3,116
7832,1,A,1,205080508020,20200225,3,117
7833,2,A,1,205080508020,20200225,3,118
7834,1,A,0,205080508020,20200225,3,119
7835,2,A,0,205080508020,20200225,3,120
7836,1,A,0,205080508020,20200225,3,121
7837,2,A,0,205080508020,20200225,3,122
7838,1,A,0,205080508020,20200225,3,123
7839,2,A,1,205080508020,20200225,3,124
7840,1,A,1,205080508020,20200225,3,125
7841,2,A,1,205080508020,20200225,3,126
7842,1,A,0,205080508020,20200225,3,127
7843,2,A,1,205080508020,20200225,3,128
7844,1,A,0,205080508020,20200225,3,129
7845,2,A,1,205080508020,20200225,3,130
7846,1,A,0,205080508020,20200225,3,131
7847,2,A,1,205080508020,20200225,3,132
7848,1,A,0,205080508020,20200225,3,133
7849,2,A,0,205080508020,20200225,3,134
7850,1,A,0,205080508020,20200225,3,135
7851,2,A,0,205080508020,20200225,3,136
7852,1,A,0,205080508020,20200225,3,137
7853,2,A,0,205080508020,20200225,3,138
7854,1,A,0,205080508020,20200225,3,139
7855,2,A,1,205080508020,20200225,3,140
7856,1,A,0,205080508020,20200225,3,141
7857,2,A,1,205080508020,20200225,3,142
7858,1,A,0,205080508020,20200225,3,143
7859,2,A,0,205080508020,20200225,3,144
7860,1,A,0,205080508020,20200225,3,145
7861,2,A,1,205080508020,20200225,3,146
7862,1,A,0,205080508020,20200225,3,147
7863,2,A,0,205080508020,20200225,3,148
7864,1,A,1,205080508020,20200225,3,149
7865,2,A,0,205080508020,20200225,3,150
7866,1,A,1,205080508020,20200225,3,151
7867,2,A,0,205080508020,20200225,3,152
7868,1,A,0,205080508020,20200225,3,153
7869,2,A,1,205080508020,20200225,3,154
7870,1,A,0,205080508020,20200225,3,155
7871,2,A,0,205080508020,20200225,3,156
7872,1,A,1,205080508020,20200225,3,157
7873,2,A,1,205080508020,20200225,3,158
7874,1,A,0,205080508020,20200225,3,159
7875,2,A,0,205080508020,20200225,3,160
7876,1,A,0,205080508020,20200225,3,161
7877,2,A,1,205080508020,20200225,3,162
7878,1,A,0,205080508020,20200225,3,163
7879,2,A,0,205080508020,20200225,3,164
7880,1,A,0,205080508020,20200225,3,165
7881,2,A,0,205080508020,20200225,3,166
7882,1,A,0,205080508020,20200225,3,167
7883,2,A,0,205080508020,20200225,3,168
7884,1,A,1,205080508020,20200225,3,169
7885,2,A,0,205080508020,20200225,3,170
7886,1,A,0,205080508020,20200225,3,171
7887,2,A,0,205080508020,20200225,3,172
7888,1,A,0,205080508020,20200225,3,173
7889,2,A,1,205080508020,20200225,3,174
7890,1,A,0,205080508020,20200225,3,175
7891,2,A,0,205080508020,20200225,3,176
7892,1,A,1,205080508020,20200225,3,177
7893,2,A,0,205080508020,20200225,3,178
7894,1,A,0,205080508020,20200225,3,179
7895,2,A,1,205080508020,20200225,3,180
7896,1,A,0,205080508020,20200225,3,181
7897,2,A,1,205080508020,20200225,3,182
7898,1,A,0,205080508020,20200225,3,183
7899,2,A,1,205080508020,20200225,3,184
7900,1,A,0,205080508020,20200225,3,185
7901,2,A,1,205080508020,20200225,3,186
7902,1,A,0,205080508020,20200225,3,187
7903,2,A,1,205080508020,20200225,3,188
7904,1,A,0,205080508020,20200225,3,189
7905,2,A,1,205080508020,20200225,3,190
7906,1,A,1,205080508020,20200225,3,191
7907,2,A,1,205080508020,20200225,3,192
7908,1,A,0,205080508020,20200225,3,193
7909,2,A,0,205080508020,20200225,3,194
7910,1,A,0,205080508020,20200225,3,195
7911,2,A,0,205080508020,20200225,3,196
7912,1,A,0,205080508020,20200225,3,197
7913,2,A,1,205080508020,20200225,3,198
7914,1,A,0,205080508020,20200225,3,199
7915,4,B,1,205080508020,20200225,4,0
7916,3,B,1,205080508020,20200225,4,1
7917,2,A,1,205080508020,20200225,4,2
7918,1,A,1,205080508020,20200225,4,3
7919,2,A,0,205080508020,20200225,4,4
7920,5,C,1,205080508020,20200225,4,5
7921,6,C,1,205080508020,20200225,4,6
7922,5,C,0,205080508020,20200225,4,7
7923,6,C,0,205080508020,20200225,4,8
7924,5,C,1,205080508020,20200225,4,9
7925,6,C,0,205080508020,20200225,4,10
7926,5,C,1,205080508020,20200225,4,11
7927,4,B,1,205080508020,20200225,4,12
7928,3,B,1,205080508020,20200225,4,13
7929,4,B,1,205080508020,20200225,4,14
7930,3,B,1,205080508020,20200225,4,15
7931,4,B,1,205080508020,20200225,4,16
7932,3,B,1,205080508020,20200225,4,17
7933,4,B,1,205080508020,20200225,4,18
7934,3,B,1,205080508020,20200225,4,19
7935,4,B,1,205080508020,20200225,4,20
7936,3,B,1,205080508020,20200225,4,21
7937,4,B,1,205080508020,20200225,4,22
7938,3,B,1,205080508020,20200225,4,23
7939,4,B,0,205080508020,20200225,4,24
7940,3,B,1,205080508020,20200225,4,25
7941,4,B,0,205080508020,20200225,4,26
7942,3,B,0,205080508020,20200225,4,27
7943,4,B,0,205080508020,20200225,4,28
7944,3,B,0,205080508020,20200225,4,29
7945,4,B,0,205080508020,20200225,4,30
7946,5,C,0,205080508020,20200225,4,31
7947,6,C,0,205080508020,20200225,4,32
7948,5,C,1,205080508020,20200225,4,33
7949,6,C,0,205080508020,20200225,4,34
7950,5,C,1,205080508020,20200225,4,35
7951,6,C,0,205080508020,20200225,4,36
7952,5,C,1,205080508020,20200225,4,37
7953,6,C,0,205080508020,20200225,4,38
7954,5,C,1,205080508020,20200225,4,39
7955,6,C,0,205080508020,20200225,4,40
7956,5,C,1,205080508020,20200225,4,41
7957,2,A,1,205080508020,20200225,4,42
7958,1,A,1,205080508020,20200225,4,43
7959,2,A,1,205080508020,20200225,4,44
7960,1,A,0,205080508020,20200225,4,45
7961,2,A,1,205080508020,20200225,4,46
7962,1,A,0,205080508020,20200225,4,47
7963,2,A,0,205080508020,20200225,4,48
7964,4,B,1,205080508020,20200225,4,49
7965,3,B,1,205080508020,20200225,4,50
7966,4,B,1,205080508020,20200225,4,51
7967,3,B,0,205080508020,20200225,4,52
7968,4,B,1,205080508020,20200225,4,53
7969,3,B,1,205080508020,20200225,4,54
7970,4,B,0,205080508020,20200225,4,55
7971,3,B,0,205080508020,20200225,4,56
7972,4,B,1,205080508020,20200225,4,57
7973,3,B,1,205080508020,20200225,4,58
7974,4,B,0,205080508020,20200225,4,59
7975,3,B,1,205080508020,20200225,4,60
7976,4,B,0,205080508020,20200225,4,61
7977,3,B,1,205080508020,20200225,4,62
7978,4,B,1,205080508020,20200225,4,63
7979,3,B,1,205080508020,20200225,4,64
7980,4,B,0,205080508020,20200225,4,65
7981,3,B,1,205080508020,20200225,4,66
7982,4,B,0,205080508020,20200225,4,67
7983,3,B,0,205080508020,20200225,4,68
7984,4,B,0,205080508020,20200225,4,69
7985,3,B,1,205080508020,20200225,4,70
7986,5,C,1,205080508020,20200225,4,71
7987,6,C,0,205080508020,20200225,4,72
7988,5,C,0,205080508020,20200225,4,73
7989,6,C,0,205080508020,20200225,4,74
7990,5,C,1,205080508020,20200225,4,75
7991,6,C,1,205080508020,20200225,4,76
7992,5,C,1,205080508020,20200225,4,77
7993,6,C,1,205080508020,20200225,4,78
7994,5,C,1,205080508020,20200225,4,79
7995,6,C,0,205080508020,20200225,4,80
7996,5,C,1,205080508020,20200225,4,81
7997,6,C,0,205080508020,20200225,4,82
7998,5,C,1,205080508020,20200225,4,83
7999,6,C,0,205080508020,20200225,4,84
8000,5,C,0,205080508020,20200225,4,85
8001,6,C,0,205080508020,20200225,4,86
8002,5,C,1,205080508020,20200225,4,87
8003,6,C,0,205080508020,20200225,4,88
8004,5,C,1,205080508020,20200225,4,89
8005,6,C,1,205080508020,20200225,4,90
8006,5,C,1,205080508020,20200225,4,91
8007,6,C,0,205080508020,20200225,4,92
8008,5,C,1,205080508020,20200225,4,93
8009,6,C,0,205080508020,20200225,4,94
8010,5,C,1,205080508020,20200225,4,95
8011,6,C,1,205080508020,20200225,4,96
8012,5,C,0,205080508020,20200225,4,97
8013,6,C,1,205080508020,20200225,4,98
8014,5,C,1,205080508020,20200225,4,99
8015,6,C,0,208020508050,20200225,4,100
8016,5,C,1,208020508050,20200225,4,101
8017,6,C,1,208020508050,20200225,4,102
8018,5,C,0,208020508050,20200225,4,103
8019,6,C,0,208020508050,20200225,4,104
8020,5,C,1,208020508050,20200225,4,105
8021,6,C,1,208020508050,20200225,4,106
8022,5,C,1,208020508050,20200225,4,107
8023,6,C,1,208020508050,20200225,4,108
8024,5,C,1,208020508050,20200225,4,109
8025,6,C,0,208020508050,20200225,4,110
8026,5,C,1,208020508050,20200225,4,111
8027,6,C,0,208020508050,20200225,4,112
8028,5,C,1,208020508050,20200225,4,113
8029,6,C,0,208020508050,20200225,4,114
8030,5,C,1,208020508050,20200225,4,115
8031,6,C,1,208020508050,20200225,4,116
8032,5,C,1,208020508050,20200225,4,117
8033,6,C,1,208020508050,20200225,4,118
8034,5,C,1,208020508050,20200225,4,119
8035,6,C,0,208020508050,20200225,4,120
8036,5,C,1,208020508050,20200225,4,121
8037,6,C,0,208020508050,20200225,4,122
8038,5,C,1,208020508050,20200225,4,123
8039,6,C,0,208020508050,20200225,4,124
8040,5,C,1,208020508050,20200225,4,125
8041,6,C,0,208020508050,20200225,4,126
8042,5,C,1,208020508050,20200225,4,127
8043,6,C,0,208020508050,20200225,4,128
8044,5,C,0,208020508050,20200225,4,129
8045,6,C,0,208020508050,20200225,4,130
8046,5,C,1,208020508050,20200225,4,131
8047,6,C,1,208020508050,20200225,4,132
8048,5,C,1,208020508050,20200225,4,133
8049,6,C,1,208020508050,20200225,4,134
8050,5,C,1,208020508050,20200225,4,135
8051,6,C,0,208020508050,20200225,4,136
8052,5,C,1,208020508050,20200225,4,137
8053,6,C,0,208020508050,20200225,4,138
8054,5,C,1,208020508050,20200225,4,139
8055,6,C,0,208020508050,20200225,4,140
8056,5,C,1,208020508050,20200225,4,141
8057,6,C,0,208020508050,20200225,4,142
8058,5,C,1,208020508050,20200225,4,143
8059,6,C,1,208020508050,20200225,4,144
8060,5,C,1,208020508050,20200225,4,145
8061,6,C,0,208020508050,20200225,4,146
8062,5,C,1,208020508050,20200225,4,147
8063,6,C,0,208020508050,20200225,4,148
8064,5,C,1,208020508050,20200225,4,149
8065,6,C,0,208020508050,20200225,4,150
8066,5,C,1,208020508050,20200225,4,151
8067,6,C,0,208020508050,20200225,4,152
8068,5,C,1,208020508050,20200225,4,153
8069,6,C,1,208020508050,20200225,4,154
8070,5,C,1,208020508050,20200225,4,155
8071,6,C,1,208020508050,20200225,4,156
8072,5,C,1,208020508050,20200225,4,157
8073,6,C,1,208020508050,20200225,4,158
8074,5,C,1,208020508050,20200225,4,159
8075,6,C,1,208020508050,20200225,4,160
8076,5,C,0,208020508050,20200225,4,161
8077,6,C,0,208020508050,20200225,4,162
8078,5,C,1,208020508050,20200225,4,163
8079,6,C,0,208020508050,20200225,4,164
8080,5,C,1,208020508050,20200225,4,165
8081,6,C,1,208020508050,20200225,4,166
8082,5,C,1,208020508050,20200225,4,167
8083,6,C,1,208020508050,20200225,4,168
8084,5,C,1,208020508050,20200225,4,169
8085,6,C,1,208020508050,20200225,4,170
8086,5,C,1,208020508050,20200225,4,171
8087,6,C,0,208020508050,20200225,4,172
8088,5,C,0,208020508050,20200225,4,173
8089,6,C,0,208020508050,20200225,4,174
8090,5,C,1,208020508050,20200225,4,175
8091,6,C,1,208020508050,20200225,4,176
8092,5,C,0,208020508050,20200225,4,177
8093,6,C,1,208020508050,20200225,4,178
8094,5,C,0,208020508050,20200225,4,179
8095,6,C,1,208020508050,20200225,4,180
8096,5,C,1,208020508050,20200225,4,181
8097,6,C,1,208020508050,20200225,4,182
8098,5,C,1,208020508050,20200225,4,183
8099,6,C,1,208020508050,20200225,4,184
8100,5,C,1,208020508050,20200225,4,185
8101,6,C,0,208020508050,20200225,4,186
8102,5,C,1,208020508050,20200225,4,187
8103,6,C,1,208020508050,20200225,4,188
8104,5,C,1,208020508050,20200225,4,189
8105,6,C,1,208020508050,20200225,4,190
8106,5,C,1,208020508050,20200225,4,191
8107,6,C,0,208020508050,20200225,4,192
8108,5,C,1,208020508050,20200225,4,193
8109,6,C,0,208020508050,20200225,4,194
8110,5,C,0,208020508050,20200225,4,195
8111,6,C,0,208020508050,20200225,4,196
8112,5,C,1,208020508050,20200225,4,197
8113,6,C,0,208020508050,20200225,4,198
8114,5,C,1,208020508050,20200225,4,199
8115,4,B,1,208020508050,20200226,1,0
8116,3,B,1,208020508050,20200226,1,1
8117,4,B,1,208020508050,20200226,1,2
8118,2,A,1,208020508050,20200226,1,3
8119,1,A,0,208020508050,20200226,1,4
8120,2,A,1,208020508050,20200226,1,5
8121,5,C,1,208020508050,20200226,1,6
8122,6,C,0,208020508050,20200226,1,7
8123,5,C,1,208020508050,20200226,1,8
8124,6,C,1,208020508050,20200226,1,9
8125,5,C,1,208020508050,20200226,1,10
8126,6,C,1,208020508050,20200226,1,11
8127,5,C,1,208020508050,20200226,1,12
8128,6,C,1,208020508050,20200226,1,13
8129,5,C,1,208020508050,20200226,1,14
8130,6,C,0,208020508050,20200226,1,15
8131,5,C,1,208020508050,20200226,1,16
8132,6,C,1,208020508050,20200226,1,17
8133,5,C,1,208020508050,20200226,1,18
8134,6,C,1,208020508050,20200226,1,19
8135,5,C,1,208020508050,20200226,1,20
8136,6,C,0,208020508050,20200226,1,21
8137,5,C,1,208020508050,20200226,1,22
8138,6,C,0,208020508050,20200226,1,23
8139,5,C,1,208020508050,20200226,1,24
8140,6,C,0,208020508050,20200226,1,25
8141,5,C,1,208020508050,20200226,1,26
8142,6,C,0,208020508050,20200226,1,27
8143,5,C,1,208020508050,20200226,1,28
8144,4,B,0,208020508050,20200226,1,29
8145,3,B,0,208020508050,20200226,1,30
8146,4,B,1,208020508050,20200226,1,31
8147,3,B,0,208020508050,20200226,1,32
8148,4,B,0,208020508050,20200226,1,33
8149,3,B,0,208020508050,20200226,1,34
8150,4,B,0,208020508050,20200226,1,35
8151,3,B,1,208020508050,20200226,1,36
8152,4,B,1,208020508050,20200226,1,37
8153,3,B,0,208020508050,20200226,1,38
8154,4,B,0,208020508050,20200226,1,39
8155,3,B,0,208020508050,20200226,1,40
8156,4,B,1,208020508050,20200226,1,41
8157,2,A,1,208020508050,20200226,1,42
8158,1,A,1,208020508050,20200226,1,43
8159,2,A,1,208020508050,20200226,1,44
8160,1,A,0,208020508050,20200226,1,45
8161,2,A,1,208020508050,20200226,1,46
8162,1,A,1,208020508050,20200226,1,47
8163,2,A,1,208020508050,20200226,1,48
8164,1,A,1,208020508050,20200226,1,49
8165,2,A,0,208020508050,20200226,1,50
8166,1,A,0,208020508050,20200226,1,51
8167,2,A,1,208020508050,20200226,1,52
8168,1,A,1,208020508050,20200226,1,53
8169,2,A,1,208020508050,20200226,1,54
8170,1,A,0,208020508050,20200226,1,55
8171,2,A,1,208020508050,20200226,1,56
8172,1,A,1,208020508050,20200226,1,57
8173,2,A,1,208020508050,20200226,1,58
8174,1,A,0,208020508050,20200226,1,59
8175,2,A,1,208020508050,20200226,1,60
8176,1,A,0,208020508050,20200226,1,61
8177,2,A,1,208020508050,20200226,1,62
8178,1,A,0,208020508050,20200226,1,63
8179,2,A,1,208020508050,20200226,1,64
8180,1,A,0,208020508050,20200226,1,65
8181,2,A,1,208020508050,20200226,1,66
8182,1,A,1,208020508050,20200226,1,67
8183,2,A,1,208020508050,20200226,1,68
8184,1,A,0,208020508050,20200226,1,69
8185,2,A,1,208020508050,20200226,1,70
8186,1,A,0,208020508050,20200226,1,71
8187,2,A,1,208020508050,20200226,1,72
8188,1,A,0,208020508050,20200226,1,73
8189,2,A,1,208020508050,20200226,1,74
8190,1,A,0,208020508050,20200226,1,75
8191,2,A,0,208020508050,20200226,1,76
8192,1,A,0,208020508050,20200226,1,77
8193,2,A,0,208020508050,20200226,1,78
8194,1,A,0,208020508050,20200226,1,79
8195,2,A,1,208020508050,20200226,1,80
8196,5,C,1,208020508050,20200226,1,81
8197,6,C,0,208020508050,20200226,1,82
8198,5,C,1,208020508050,20200226,1,83
8199,6,C,0,208020508050,20200226,1,84
8200,5,C,1,208020508050,20200226,1,85
8201,6,C,1,208020508050,20200226,1,86
8202,5,C,1,208020508050,20200226,1,87
8203,6,C,1,208020508050,20200226,1,88
8204,5,C,1,208020508050,20200226,1,89
8205,6,C,0,208020508050,20200226,1,90
8206,5,C,0,208020508050,20200226,1,91
8207,6,C,0,208020508050,20200226,1,92
8208,5,C,1,208020508050,20200226,1,93
8209,6,C,0,208020508050,20200226,1,94
8210,5,C,1,208020508050,20200226,1,95
8211,6,C,1,208020508050,20200226,1,96
8212,5,C,1,208020508050,20200226,1,97
8213,6,C,1,208020508050,20200226,1,98
8214,5,C,0,208020508050,20200226,1,99
8215,6,C,1,805050205050,20200226,1,100
8216,5,C,1,805050205050,20200226,1,101
8217,6,C,1,805050205050,20200226,1,102
8218,5,C,0,805050205050,20200226,1,103
8219,6,C,0,805050205050,20200226,1,104
8220,5,C,1,805050205050,20200226,1,105
8221,6,C,1,805050205050,20200226,1,106
8222,5,C,1,805050205050,20200226,1,107
8223,6,C,1,805050205050,20200226,1,108
8224,5,C,0,805050205050,20200226,1,109
8225,6,C,0,805050205050,20200226,1,110
8226,5,C,0,805050205050,20200226,1,111
8227,6,C,0,805050205050,20200226,1,112
8228,5,C,0,805050205050,20200226,1,113
8229,6,C,1,805050205050,20200226,1,114
8230,5,C,1,805050205050,20200226,1,115
8231,6,C,0,805050205050,20200226,1,116
8232,5,C,0,805050205050,20200226,1,117
8233,6,C,1,805050205050,20200226,1,118
8234,5,C,0,805050205050,20200226,1,119
8235,6,C,1,805050205050,20200226,1,120
8236,5,C,0,805050205050,20200226,1,121
8237,6,C,1,805050205050,20200226,1,122
8238,5,C,1,805050205050,20200226,1,123
8239,6,C,0,805050205050,20200226,1,124
8240,5,C,0,805050205050,20200226,1,125
8241,6,C,0,805050205050,20200226,1,126
8242,5,C,0,805050205050,20200226,1,127
8243,6,C,0,805050205050,20200226,1,128
8244,5,C,0,805050205050,20200226,1,129
8245,6,C,1,805050205050,20200226,1,130
8246,5,C,1,805050205050,20200226,1,131
8247,6,C,1,805050205050,20200226,1,132
8248,5,C,1,805050205050,20200226,1,133
8249,6,C,0,805050205050,20200226,1,134
8250,5,C,0,805050205050,20200226,1,135
8251,6,C,1,805050205050,20200226,1,136
8252,5,C,1,805050205050,20200226,1,137
8253,6,C,1,805050205050,20200226,1,138
8254,5,C,1,805050205050,20200226,1,139
8255,6,C,1,805050205050,20200226,1,140
8256,5,C,1,805050205050,20200226,1,141
8257,6,C,0,805050205050,20200226,1,142
8258,5,C,0,805050205050,20200226,1,143
8259,6,C,0,805050205050,20200226,1,144
8260,5,C,1,805050205050,20200226,1,145
8261,6,C,0,805050205050,20200226,1,146
8262,5,C,0,805050205050,20200226,1,147
8263,6,C,1,805050205050,20200226,1,148
8264,5,C,0,805050205050,20200226,1,149
8265,6,C,0,805050205050,20200226,1,150
8266,5,C,1,805050205050,20200226,1,151
8267,6,C,1,805050205050,20200226,1,152
8268,5,C,1,805050205050,20200226,1,153
8269,6,C,0,805050205050,20200226,1,154
8270,5,C,1,805050205050,20200226,1,155
8271,6,C,1,805050205050,20200226,1,156
8272,5,C,0,805050205050,20200226,1,157
8273,6,C,0,805050205050,20200226,1,158
8274,5,C,0,805050205050,20200226,1,159
8275,6,C,0,805050205050,20200226,1,160
8276,5,C,1,805050205050,20200226,1,161
8277,6,C,1,805050205050,20200226,1,162
8278,5,C,0,805050205050,20200226,1,163
8279,6,C,0,805050205050,20200226,1,164
8280,5,C,0,805050205050,20200226,1,165
8281,6,C,1,805050205050,20200226,1,166
8282,5,C,1,805050205050,20200226,1,167
8283,6,C,0,805050205050,20200226,1,168
8284,5,C,0,805050205050,20200226,1,169
8285,6,C,0,805050205050,20200226,1,170
8286,5,C,0,805050205050,20200226,1,171
8287,6,C,1,805050205050,20200226,1,172
8288,5,C,1,805050205050,20200226,1,173
8289,6,C,0,805050205050,20200226,1,174
8290,5,C,0,805050205050,20200226,1,175
8291,6,C,0,805050205050,20200226,1,176
8292,5,C,0,805050205050,20200226,1,177
8293,6,C,1,805050205050,20200226,1,178
8294,5,C,1,805050205050,20200226,1,179
8295,6,C,1,805050205050,20200226,1,180
8296,5,C,0,805050205050,20200226,1,181
8297,6,C,1,805050205050,20200226,1,182
8298,5,C,0,805050205050,20200226,1,183
8299,6,C,0,805050205050,20200226,1,184
8300,5,C,0,805050205050,20200226,1,185
8301,6,C,0,805050205050,20200226,1,186
8302,5,C,1,805050205050,20200226,1,187
8303,6,C,0,805050205050,20200226,1,188
8304,5,C,1,805050205050,20200226,1,189
8305,6,C,0,805050205050,20200226,1,190
8306,5,C,0,805050205050,20200226,1,191
8307,6,C,0,805050205050,20200226,1,192
8308,5,C,1,805050205050,20200226,1,193
8309,6,C,1,805050205050,20200226,1,194
8310,5,C,1,805050205050,20200226,1,195
8311,6,C,1,805050205050,20200226,1,196
8312,5,C,0,805050205050,20200226,1,197
8313,6,C,1,805050205050,20200226,1,198
8314,5,C,0,805050205050,20200226,1,199
8315,4,B,0,805050205050,20200226,2,0
8316,3,B,1,805050205050,20200226,2,1
8317,2,A,0,805050205050,20200226,2,2
8318,1,A,1,805050205050,20200226,2,3
8319,2,A,0,805050205050,20200226,2,4
8320,5,C,1,805050205050,20200226,2,5
8321,6,C,1,805050205050,20200226,2,6
8322,5,C,1,805050205050,20200226,2,7
8323,6,C,0,805050205050,20200226,2,8
8324,5,C,1,805050205050,20200226,2,9
8325,4,B,0,805050205050,20200226,2,10
8326,3,B,0,805050205050,20200226,2,11
8327,4,B,0,805050205050,20200226,2,12
8328,3,B,1,805050205050,20200226,2,13
8329,4,B,0,805050205050,20200226,2,14
8330,3,B,0,805050205050,20200226,2,15
8331,4,B,1,805050205050,20200226,2,16
8332,3,B,0,805050205050,20200226,2,17
8333,4,B,0,805050205050,20200226,2,18
8334,3,B,0,805050205050,20200226,2,19
8335,4,B,1,805050205050,20200226,2,20
8336,3,B,0,805050205050,20200226,2,21
8337,4,B,0,805050205050,20200226,2,22
8338,3,B,0,805050205050,20200226,2,23
8339,4,B,1,805050205050,20200226,2,24
8340,3,B,1,805050205050,20200226,2,25
8341,4,B,0,805050205050,20200226,2,26
8342,3,B,0,805050205050,20200226,2,27
8343,4,B,0,805050205050,20200226,2,28
8344,3,B,1,805050205050,20200226,2,29
8345,4,B,0,805050205050,20200226,2,30
8346,3,B,0,805050205050,20200226,2,31
8347,4,B,0,805050205050,20200226,2,32
8348,3,B,1,805050205050,20200226,2,33
8349,4,B,0,805050205050,20200226,2,34
8350,3,B,1,805050205050,20200226,2,35
8351,4,B,0,805050205050,20200226,2,36
8352,3,B,0,805050205050,20200226,2,37
8353,4,B,0,805050205050,20200226,2,38
8354,3,B,0,805050205050,20200226,2,39
8355,4,B,1,805050205050,20200226,2,40
8356,3,B,1,805050205050,20200226,2,41
8357,4,B,0,805050205050,20200226,2,42
8358,3,B,1,805050205050,20200226,2,43
8359,4,B,1,805050205050,20200226,2,44
8360,3,B,1,805050205050,20200226,2,45
8361,4,B,0,805050205050,20200226,2,46
8362,3,B,0,805050205050,20200226,2,47
8363,4,B,0,805050205050,20200226,2,48
8364,3,B,1,805050205050,20200226,2,49
8365,4,B,0,805050205050,20200226,2,50
8366,3,B,0,805050205050,20200226,2,51
8367,4,B,0,805050205050,20200226,2,52
8368,3,B,0,805050205050,20200226,2,53
8369,4,B,1,805050205050,20200226,2,54
8370,3,B,0,805050205050,20200226,2,55
8371,4,B,0,805050205050,20200226,2,56
8372,3,B,0,805050205050,20200226,2,57
8373,4,B,0,805050205050,20200226,2,58
8374,3,B,1,805050205050,20200226,2,59
8375,4,B,0,805050205050,20200226,2,60
8376,3,B,0,805050205050,20200226,2,61
8377,4,B,0,805050205050,20200226,2,62
8378,3,B,1,805050205050,20200226,2,63
8379,4,B,1,805050205050,20200226,2,64
8380,3,B,0,805050205050,20200226,2,65
8381,4,B,0,805050205050,20200226,2,66
8382,3,B,1,805050205050,20200226,2,67
8383,4,B,0,805050205050,20200226,2,68
8384,3,B,1,805050205050,20200226,2,69
8385,4,B,0,805050205050,20200226,2,70
8386,3,B,0,805050205050,20200226,2,71
8387,4,B,1,805050205050,20200226,2,72
8388,3,B,1,805050205050,20200226,2,73
8389,4,B,0,805050205050,20200226,2,74
8390,3,B,1,805050205050,20200226,2,75
8391,4,B,1,805050205050,20200226,2,76
8392,3,B,0,805050205050,20200226,2,77
8393,4,B,0,805050205050,20200226,2,78
8394,3,B,1,805050205050,20200226,2,79
8395,4,B,0,805050205050,20200226,2,80
8396,3,B,0,805050205050,20200226,2,81
8397,4,B,0,805050205050,20200226,2,82
8398,3,B,0,805050205050,20200226,2,83
8399,4,B,0,805050205050,20200226,2,84
8400,3,B,0,805050205050,20200226,2,85
8401,4,B,1,805050205050,20200226,2,86
8402,3,B,0,805050205050,20200226,2,87
8403,4,B,0,805050205050,20200226,2,88
8404,3,B,1,805050205050,20200226,2,89
8405,4,B,0,805050205050,20200226,2,90
8406,3,B,1,805050205050,20200226,2,91
8407,4,B,0,805050205050,20200226,2,92
8408,3,B,1,805050205050,20200226,2,93
8409,4,B,0,805050205050,20200226,2,94
8410,3,B,0,805050205050,20200226,2,95
8411,4,B,1,805050205050,20200226,2,96
8412,3,B,0,805050205050,20200226,2,97
8413,4,B,0,805050205050,20200226,2,98
8414,3,B,1,805050205050,20200226,2,99
8415,4,B,0,202020508020,20200226,2,100
8416,3,B,0,202020508020,20200226,2,101
8417,4,B,0,202020508020,20200226,2,102
8418,3,B,1,202020508020,20200226,2,103
8419,4,B,1,202020508020,20200226,2,104
8420,3,B,0,202020508020,20200226,2,105
8421,4,B,0,202020508020,20200226,2,106
8422,3,B,0,202020508020,20200226,2,107
8423,4,B,0,202020508020,20200226,2,108
8424,3,B,0,202020508020,20200226,2,109
8425,4,B,0,202020508020,20200226,2,110
8426,3,B,0,202020508020,20200226,2,111
8427,4,B,0,202020508020,20200226,2,112
8428,3,B,0,202020508020,20200226,2,113
8429,4,B,1,202020508020,20200226,2,114
8430,5,C,1,202020508020,20200226,2,115
8431,6,C,0,202020508020,20200226,2,116
8432,5,C,1,202020508020,20200226,2,117
8433,6,C,0,202020508020,20200226,2,118
8434,5,C,1,202020508020,20200226,2,119
8435,6,C,0,202020508020,20200226,2,120
8436,5,C,1,202020508020,20200226,2,121
8437,6,C,0,202020508020,20200226,2,122
8438,5,C,1,202020508020,20200226,2,123
8439,6,C,0,202020508020,20200226,2,124
8440,5,C,1,202020508020,20200226,2,125
8441,6,C,0,202020508020,20200226,2,126
8442,5,C,1,202020508020,20200226,2,127
8443,6,C,0,202020508020,20200226,2,128
8444,5,C,1,202020508020,20200226,2,129
8445,6,C,0,202020508020,20200226,2,130
8446,5,C,0,202020508020,20200226,2,131
8447,6,C,0,202020508020,20200226,2,132
8448,5,C,1,202020508020,20200226,2,133
8449,6,C,1,202020508020,20200226,2,134
8450,5,C,1,202020508020,20200226,2,135
8451,6,C,0,202020508020,20200226,2,136
8452,5,C,0,202020508020,20200226,2,137
8453,6,C,0,202020508020,20200226,2,138
8454,5,C,1,202020508020,20200226,2,139
8455,6,C,0,202020508020,20200226,2,140
8456,5,C,1,202020508020,20200226,2,141
8457,6,C,0,202020508020,20200226,2,142
8458,5,C,0,202020508020,20200226,2,143
8459,6,C,0,202020508020,20200226,2,144
8460,5,C,1,202020508020,20200226,2,145
8461,6,C,1,202020508020,20200226,2,146
8462,5,C,1,202020508020,20200226,2,147
8463,6,C,0,202020508020,20200226,2,148
8464,5,C,1,202020508020,20200226,2,149
8465,6,C,0,202020508020,20200226,2,150
8466,5,C,1,202020508020,20200226,2,151
8467,6,C,0,202020508020,20200226,2,152
8468,5,C,1,202020508020,20200226,2,153
8469,6,C,0,202020508020,20200226,2,154
8470,5,C,1,202020508020,20200226,2,155
8471,6,C,0,202020508020,20200226,2,156
8472,5,C,1,202020508020,20200226,2,157
8473,6,C,0,202020508020,20200226,2,158
8474,5,C,0,202020508020,20200226,2,159
8475,6,C,0,202020508020,20200226,2,160
8476,5,C,1,202020508020,20200226,2,161
8477,6,C,0,202020508020,20200226,2,162
8478,5,C,1,202020508020,20200226,2,163
8479,6,C,0,202020508020,20200226,2,164
8480,5,C,1,202020508020,20200226,2,165
8481,6,C,0,202020508020,20200226,2,166
8482,5,C,1,202020508020,20200226,2,167
8483,6,C,0,202020508020,20200226,2,168
8484,5,C,1,202020508020,20200226,2,169
8485,6,C,0,202020508020,20200226,2,170
8486,5,C,1,202020508020,20200226,2,171
8487,6,C,0,202020508020,20200226,2,172
8488,5,C,1,202020508020,20200226,2,173
8489,6,C,0,202020508020,20200226,2,174
8490,5,C,1,202020508020,20200226,2,175
8491,6,C,1,202020508020,20200226,2,176
8492,5,C,1,202020508020,20200226,2,177
8493,6,C,0,202020508020,20200226,2,178
8494,5,C,1,202020508020,20200226,2,179
8495,6,C,0,202020508020,20200226,2,180
8496,5,C,1,202020508020,20200226,2,181
8497,6,C,1,202020508020,20200226,2,182
8498,5,C,0,202020508020,20200226,2,183
8499,6,C,0,202020508020,20200226,2,184
8500,5,C,1,202020508020,20200226,2,185
8501,6,C,0,202020508020,20200226,2,186
8502,5,C,1,202020508020,20200226,2,187
8503,6,C,0,202020508020,20200226,2,188
8504,5,C,1,202020508020,20200226,2,189
8505,6,C,0,202020508020,20200226,2,190
8506,5,C,1,202020508020,20200226,2,191
8507,6,C,0,202020508020,20200226,2,192
8508,5,C,1,202020508020,20200226,2,193
8509,6,C,0,202020508020,20200226,2,194
8510,5,C,1,202020508020,20200226,2,195
8511,6,C,0,202020508020,20200226,2,196
8512,5,C,1,202020508020,20200226,2,197
8513,6,C,0,202020508020,20200226,2,198
8514,5,C,0,202020508020,20200226,2,199
8515,4,B,1,202020508020,20200226,3,0
8516,3,B,0,202020508020,20200226,3,1
8517,1,A,0,202020508020,20200226,3,2
8518,2,A,0,202020508020,20200226,3,3
8519,5,C,0,202020508020,20200226,3,4
8520,6,C,0,202020508020,20200226,3,5
8521,5,C,1,202020508020,20200226,3,6
8522,6,C,0,202020508020,20200226,3,7
8523,5,C,0,202020508020,20200226,3,8
8524,6,C,0,202020508020,20200226,3,9
8525,5,C,1,202020508020,20200226,3,10
8526,4,B,1,202020508020,20200226,3,11
8527,3,B,0,202020508020,20200226,3,12
8528,4,B,1,202020508020,20200226,3,13
8529,3,B,0,202020508020,20200226,3,14
8530,4,B,0,202020508020,20200226,3,15
8531,3,B,1,202020508020,20200226,3,16
8532,4,B,0,202020508020,20200226,3,17
8533,3,B,0,202020508020,20200226,3,18
8534,4,B,0,202020508020,20200226,3,19
8535,3,B,0,202020508020,20200226,3,20
8536,4,B,0,202020508020,20200226,3,21
8537,3,B,0,202020508020,20200226,3,22
8538,4,B,1,202020508020,20200226,3,23
8539,3,B,0,202020508020,20200226,3,24
8540,4,B,0,202020508020,20200226,3,25
8541,3,B,0,202020508020,20200226,3,26
8542,4,B,1,202020508020,20200226,3,27
8543,2,A,0,202020508020,20200226,3,28
8544,1,A,0,202020508020,20200226,3,29
8545,2,A,0,202020508020,20200226,3,30
8546,1,A,0,202020508020,20200226,3,31
8547,2,A,0,202020508020,20200226,3,32
8548,1,A,0,202020508020,20200226,3,33
8549,2,A,0,202020508020,20200226,3,34
8550,1,A,0,202020508020,20200226,3,35
8551,2,A,0,202020508020,20200226,3,36
8552,1,A,0,202020508020,20200226,3,37
8553,2,A,0,202020508020,20200226,3,38
8554,1,A,1,202020508020,20200226,3,39
8555,2,A,0,202020508020,20200226,3,40
8556,5,C,1,202020508020,20200226,3,41
8557,6,C,0,202020508020,20200226,3,42
8558,5,C,0,202020508020,20200226,3,43
8559,6,C,1,202020508020,20200226,3,44
8560,5,C,0,202020508020,20200226,3,45
8561,6,C,0,202020508020,20200226,3,46
8562,5,C,1,202020508020,20200226,3,47
8563,6,C,0,202020508020,20200226,3,48
8564,5,C,1,202020508020,20200226,3,49
8565,6,C,0,202020508020,20200226,3,50
8566,5,C,1,202020508020,20200226,3,51
8567,6,C,1,202020508020,20200226,3,52
8568,5,C,1,202020508020,20200226,3,53
8569,6,C,0,202020508020,20200226,3,54
8570,5,C,1,202020508020,20200226,3,55
8571,6,C,0,202020508020,20200226,3,56
8572,5,C,0,202020508020,20200226,3,57
8573,6,C,0,202020508020,20200226,3,58
8574,5,C,1,202020508020,20200226,3,59
8575,6,C,0,202020508020,20200226,3,60
8576,5,C,1,202020508020,20200226,3,61
8577,6,C,0,202020508020,20200226,3,62
8578,5,C,1,202020508020,20200226,3,63
8579,6,C,0,202020508020,20200226,3,64
8580,5,C,1,202020508020,20200226,3,65
8581,6,C,0,202020508020,20200226,3,66
8582,5,C,1,202020508020,20200226,3,67
8583,6,C,0,202020508020,20200226,3,68
8584,5,C,1,202020508020,20200226,3,69
8585,6,C,0,202020508020,20200226,3,70
8586,5,C,1,202020508020,20200226,3,71
8587,6,C,0,202020508020,20200226,3,72
8588,5,C,1,202020508020,20200226,3,73
8589,6,C,0,202020508020,20200226,3,74
8590,5,C,1,202020508020,20200226,3,75
8591,6,C,0,202020508020,20200226,3,76
8592,5,C,1,202020508020,20200226,3,77
8593,6,C,0,202020508020,20200226,3,78
8594,5,C,1,202020508020,20200226,3,79
8595,6,C,0,202020508020,20200226,3,80
8596,5,C,1,202020508020,20200226,3,81
8597,6,C,0,202020508020,20200226,3,82
8598,5,C,1,202020508020,20200226,3,83
8599,6,C,0,202020508020,20200226,3,84
8600,5,C,1,202020508020,20200226,3,85
8601,6,C,0,202020508020,20200226,3,86
8602,5,C,1,202020508020,20200226,3,87
8603,6,C,0,202020508020,20200226,3,88
8604,5,C,1,202020508020,20200226,3,89
8605,6,C,1,202020508020,20200226,3,90
8606,5,C,1,202020508020,20200226,3,91
8607,6,C,0,202020508020,20200226,3,92
8608,5,C,1,202020508020,20200226,3,93
8609,6,C,0,202020508020,20200226,3,94
8610,5,C,1,202020508020,20200226,3,95
8611,6,C,0,202020508020,20200226,3,96
8612,5,C,0,202020508020,20200226,3,97
8613,6,C,1,202020508020,20200226,3,98
8614,5,C,1,202020508020,20200226,3,99
8615,6,C,0,502050205050,20200226,3,100
8616,5,C,1,502050205050,20200226,3,101
8617,6,C,0,502050205050,20200226,3,102
8618,5,C,0,502050205050,20200226,3,103
8619,6,C,1,502050205050,20200226,3,104
8620,5,C,1,502050205050,20200226,3,105
8621,6,C,1,502050205050,20200226,3,106
8622,5,C,1,502050205050,20200226,3,107
8623,6,C,0,502050205050,20200226,3,108
8624,5,C,0,502050205050,20200226,3,109
8625,6,C,0,502050205050,20200226,3,110
8626,5,C,0,502050205050,20200226,3,111
8627,6,C,1,502050205050,20200226,3,112
8628,5,C,1,502050205050,20200226,3,113
8629,6,C,1,502050205050,20200226,3,114
8630,5,C,0,502050205050,20200226,3,115
8631,6,C,1,502050205050,20200226,3,116
8632,5,C,1,502050205050,20200226,3,117
8633,6,C,1,502050205050,20200226,3,118
8634,5,C,1,502050205050,20200226,3,119
8635,6,C,0,502050205050,20200226,3,120
8636,5,C,0,502050205050,20200226,3,121
8637,6,C,0,502050205050,20200226,3,122
8638,5,C,0,502050205050,20200226,3,123
8639,6,C,0,502050205050,20200226,3,124
8640,5,C,0,502050205050,20200226,3,125
8641,6,C,1,502050205050,20200226,3,126
8642,5,C,1,502050205050,20200226,3,127
8643,6,C,0,502050205050,20200226,3,128
8644,5,C,0,502050205050,20200226,3,129
8645,6,C,0,502050205050,20200226,3,130
8646,5,C,1,502050205050,20200226,3,131
8647,6,C,1,502050205050,20200226,3,132
8648,5,C,0,502050205050,20200226,3,133
8649,6,C,0,502050205050,20200226,3,134
8650,5,C,1,502050205050,20200226,3,135
8651,6,C,1,502050205050,20200226,3,136
8652,5,C,0,502050205050,20200226,3,137
8653,6,C,0,502050205050,20200226,3,138
8654,5,C,0,502050205050,20200226,3,139
8655,6,C,1,502050205050,20200226,3,140
8656,5,C,1,502050205050,20200226,3,141
8657,6,C,1,502050205050,20200226,3,142
8658,5,C,1,502050205050,20200226,3,143
8659,6,C,1,502050205050,20200226,3,144
8660,5,C,0,502050205050,20200226,3,145
8661,6,C,0,502050205050,20200226,3,146
8662,5,C,1,502050205050,20200226,3,147
8663,6,C,0,502050205050,20200226,3,148
8664,5,C,1,502050205050,20200226,3,149
8665,6,C,0,502050205050,20200226,3,150
8666,5,C,0,502050205050,20200226,3,151
8667,6,C,0,502050205050,20200226,3,152
8668,5,C,1,502050205050,20200226,3,153
8669,6,C,0,502050205050,20200226,3,154
8670,5,C,0,502050205050,20200226,3,155
8671,6,C,1,502050205050,20200226,3,156
8672,5,C,1,502050205050,20200226,3,157
8673,6,C,0,502050205050,20200226,3,158
8674,5,C,1,502050205050,20200226,3,159
8675,6,C,0,502050205050,20200226,3,160
8676,5,C,1,502050205050,20200226,3,161
8677,6,C,1,502050205050,20200226,3,162
8678,5,C,0,502050205050,20200226,3,163
8679,6,C,1,502050205050,20200226,3,164
8680,5,C,1,502050205050,20200226,3,165
8681,6,C,1,502050205050,20200226,3,166
8682,5,C,0,502050205050,20200226,3,167
8683,6,C,0,502050205050,20200226,3,168
8684,5,C,1,502050205050,20200226,3,169
8685,6,C,0,502050205050,20200226,3,170
8686,5,C,0,502050205050,20200226,3,171
8687,6,C,0,502050205050,20200226,3,172
8688,5,C,0,502050205050,20200226,3,173
8689,6,C,1,502050205050,20200226,3,174
8690,5,C,0,502050205050,20200226,3,175
8691,6,C,1,502050205050,20200226,3,176
8692,5,C,0,502050205050,20200226,3,177
8693,6,C,1,502050205050,20200226,3,178
8694,5,C,1,502050205050,20200226,3,179
8695,6,C,1,502050205050,20200226,3,180
8696,5,C,1,502050205050,20200226,3,181
8697,6,C,1,502050205050,20200226,3,182
8698,5,C,0,502050205050,20200226,3,183
8699,6,C,1,502050205050,20200226,3,184
8700,5,C,0,502050205050,20200226,3,185
8701,6,C,1,502050205050,20200226,3,186
8702,5,C,1,502050205050,20200226,3,187
8703,6,C,0,502050205050,20200226,3,188
8704,5,C,1,502050205050,20200226,3,189
8705,6,C,1,502050205050,20200226,3,190
8706,5,C,0,502050205050,20200226,3,191
8707,6,C,0,502050205050,20200226,3,192
8708,5,C,1,502050205050,20200226,3,193
8709,6,C,1,502050205050,20200226,3,194
8710,5,C,0,502050205050,20200226,3,195
8711,6,C,1,502050205050,20200226,3,196
8712,5,C,1,502050205050,20200226,3,197
8713,6,C,0,502050205050,20200226,3,198
8714,5,C,1,502050205050,20200226,3,199
8715,4,B,0,502050205050,20200227,1,0
8716,3,B,0,502050205050,20200227,1,1
8717,4,B,0,502050205050,20200227,1,2
8718,2,A,0,502050205050,20200227,1,3
8719,1,A,1,502050205050,20200227,1,4
8720,2,A,0,502050205050,20200227,1,5
8721,5,C,0,502050205050,20200227,1,6
8722,6,C,1,502050205050,20200227,1,7
8723,5,C,1,502050205050,20200227,1,8
8724,6,C,0,502050205050,20200227,1,9
8725,5,C,0,502050205050,20200227,1,10
8726,6,C,0,502050205050,20200227,1,11
8727,5,C,1,502050205050,20200227,1,12
8728,4,B,0,502050205050,20200227,1,13
8729,3,B,1,502050205050,20200227,1,14
8730,4,B,1,502050205050,20200227,1,15
8731,3,B,1,502050205050,20200227,1,16
8732,4,B,1,502050205050,20200227,1,17
8733,3,B,0,502050205050,20200227,1,18
8734,4,B,0,502050205050,20200227,1,19
8735,3,B,1,502050205050,20200227,1,20
8736,4,B,0,502050205050,20200227,1,21
8737,3,B,0,502050205050,20200227,1,22
8738,4,B,1,502050205050,20200227,1,23
8739,3,B,0,502050205050,20200227,1,24
8740,4,B,0,502050205050,20200227,1,25
8741,3,B,1,502050205050,20200227,1,26
8742,4,B,0,502050205050,20200227,1,27
8743,3,B,0,502050205050,20200227,1,28
8744,4,B,0,502050205050,20200227,1,29
8745,3,B,0,502050205050,20200227,1,30
8746,4,B,0,502050205050,20200227,1,31
8747,2,A,0,502050205050,20200227,1,32
8748,1,A,0,502050205050,20200227,1,33
8749,2,A,0,502050205050,20200227,1,34
8750,1,A,1,502050205050,20200227,1,35
8751,2,A,0,502050205050,20200227,1,36
8752,1,A,0,502050205050,20200227,1,37
8753,2,A,1,502050205050,20200227,1,38
8754,1,A,0,502050205050,20200227,1,39
8755,2,A,0,502050205050,20200227,1,40
8756,1,A,1,502050205050,20200227,1,41
8757,2,A,0,502050205050,20200227,1,42
8758,1,A,1,502050205050,20200227,1,43
8759,2,A,0,502050205050,20200227,1,44
8760,1,A,1,502050205050,20200227,1,45
8761,2,A,0,502050205050,20200227,1,46
8762,1,A,1,502050205050,20200227,1,47
8763,2,A,0,502050205050,20200227,1,48
8764,1,A,1,502050205050,20200227,1,49
8765,2,A,0,502050205050,20200227,1,50
8766,1,A,1,502050205050,20200227,1,51
8767,2,A,0,502050205050,20200227,1,52
8768,1,A,0,502050205050,20200227,1,53
8769,2,A,0,502050205050,20200227,1,54
8770,1,A,1,502050205050,20200227,1,55
8771,2,A,1,502050205050,20200227,1,56
8772,1,A,1,502050205050,20200227,1,57
8773,2,A,0,502050205050,20200227,1,58
8774,1,A,1,502050205050,20200227,1,59
8775,2,A,0,502050205050,20200227,1,60
8776,1,A,0,502050205050,20200227,1,61
8777,2,A,0,502050205050,20200227,1,62
8778,1,A,0,502050205050,20200227,1,63
8779,2,A,0,502050205050,20200227,1,64
8780,1,A,1,502050205050,20200227,1,65
8781,2,A,0,502050205050,20200227,1,66
8782,1,A,0,502050205050,20200227,1,67
8783,2,A,1,502050205050,20200227,1,68
8784,1,A,0,502050205050,20200227,1,69
8785,2,A,0,502050205050,20200227,1,70
8786,1,A,1,502050205050,20200227,1,71
8787,2,A,0,502050205050,20200227,1,72
8788,1,A,0,502050205050,20200227,1,73
8789,2,A,0,502050205050,20200227,1,74
8790,1,A,1,502050205050,20200227,1,75
8791,2,A,1,502050205050,20200227,1,76
8792,1,A,0,502050205050,20200227,1,77
8793,2,A,0,502050205050,20200227,1,78
8794,1,A,0,502050205050,20200227,1,79
8795,2,A,0,502050205050,20200227,1,80
8796,1,A,1,502050205050,20200227,1,81
8797,2,A,1,502050205050,20200227,1,82
8798,1,A,0,502050205050,20200227,1,83
8799,2,A,0,502050205050,20200227,1,84
8800,1,A,1,502050205050,20200227,1,85
8801,2,A,0,502050205050,20200227,1,86
8802,1,A,1,502050205050,20200227,1,87
8803,2,A,0,502050205050,20200227,1,88
8804,1,A,1,502050205050,20200227,1,89
8805,2,A,0,502050205050,20200227,1,90
8806,1,A,0,502050205050,20200227,1,91
8807,2,A,0,502050205050,20200227,1,92
8808,1,A,1,502050205050,20200227,1,93
8809,2,A,0,502050205050,20200227,1,94
8810,1,A,1,502050205050,20200227,1,95
8811,2,A,1,502050205050,20200227,1,96
8812,1,A,1,502050205050,20200227,1,97
8813,2,A,0,502050205050,20200227,1,98
8814,1,A,0,502050205050,20200227,1,99
8815,2,A,0,205080502020,20200227,1,100
8816,1,A,0,205080502020,20200227,1,101
8817,2,A,0,205080502020,20200227,1,102
8818,1,A,0,205080502020,20200227,1,103
8819,2,A,1,205080502020,20200227,1,104
8820,1,A,0,205080502020,20200227,1,105
8821,2,A,0,205080502020,20200227,1,106
8822,1,A,0,205080502020,20200227,1,107
8823,2,A,1,205080502020,20200227,1,108
8824,1,A,0,205080502020,20200227,1,109
8825,2,A,0,205080502020,20200227,1,110
8826,1,A,1,205080502020,20200227,1,111
8827,2,A,0,205080502020,20200227,1,112
8828,1,A,1,205080502020,20200227,1,113
8829,2,A,1,205080502020,20200227,1,114
8830,1,A,1,205080502020,20200227,1,115
8831,2,A,1,205080502020,20200227,1,116
8832,1,A,0,205080502020,20200227,1,117
8833,2,A,0,205080502020,20200227,1,118
8834,1,A,1,205080502020,20200227,1,119
8835,2,A,1,205080502020,20200227,1,120
8836,1,A,0,205080502020,20200227,1,121
8837,2,A,0,205080502020,20200227,1,122
8838,1,A,0,205080502020,20200227,1,123
8839,2,A,0,205080502020,20200227,1,124
8840,1,A,0,205080502020,20200227,1,125
8841,2,A,1,205080502020,20200227,1,126
8842,1,A,0,205080502020,20200227,1,127
8843,2,A,1,205080502020,20200227,1,128
8844,1,A,0,205080502020,20200227,1,129
8845,2,A,0,205080502020,20200227,1,130
8846,1,A,0,205080502020,20200227,1,131
8847,2,A,0,205080502020,20200227,1,132
8848,1,A,0,205080502020,20200227,1,133
8849,2,A,0,205080502020,20200227,1,134
8850,1,A,0,205080502020,20200227,1,135
8851,2,A,0,205080502020,20200227,1,136
8852,1,A,0,205080502020,20200227,1,137
8853,2,A,1,205080502020,20200227,1,138
8854,1,A,0,205080502020,20200227,1,139
8855,2,A,1,205080502020,20200227,1,140
8856,1,A,1,205080502020,20200227,1,141
8857,2,A,0,205080502020,20200227,1,142
8858,1,A,0,205080502020,20200227,1,143
8859,2,A,1,205080502020,20200227,1,144
8860,1,A,0,205080502020,20200227,1,145
8861,2,A,1,205080502020,20200227,1,146
8862,1,A,0,205080502020,20200227,1,147
8863,2,A,0,205080502020,20200227,1,148
8864,1,A,0,205080502020,20200227,1,149
8865,2,A,1,205080502020,20200227,1,150
8866,1,A,0,205080502020,20200227,1,151
8867,2,A,1,205080502020,20200227,1,152
8868,1,A,0,205080502020,20200227,1,153
8869,2,A,0,205080502020,20200227,1,154
8870,1,A,0,205080502020,20200227,1,155
8871,2,A,1,205080502020,20200227,1,156
8872,1,A,0,205080502020,20200227,1,157
8873,2,A,1,205080502020,20200227,1,158
8874,1,A,0,205080502020,20200227,1,159
8875,2,A,0,205080502020,20200227,1,160
8876,1,A,1,205080502020,20200227,1,161
8877,2,A,1,205080502020,20200227,1,162
8878,1,A,0,205080502020,20200227,1,163
8879,2,A,1,205080502020,20200227,1,164
8880,1,A,0,205080502020,20200227,1,165
8881,2,A,1,205080502020,20200227,1,166
8882,1,A,0,205080502020,20200227,1,167
8883,2,A,0,205080502020,20200227,1,168
8884,1,A,0,205080502020,20200227,1,169
8885,2,A,0,205080502020,20200227,1,170
8886,1,A,1,205080502020,20200227,1,171
8887,2,A,1,205080502020,20200227,1,172
8888,1,A,0,205080502020,20200227,1,173
8889,2,A,1,205080502020,20200227,1,174
8890,1,A,1,205080502020,20200227,1,175
8891,2,A,1,205080502020,20200227,1,176
8892,1,A,0,205080502020,20200227,1,177
8893,2,A,1,205080502020,20200227,1,178
8894,1,A,0,205080502020,20200227,1,179
8895,2,A,1,205080502020,20200227,1,180
8896,1,A,1,205080502020,20200227,1,181
8897,2,A,0,205080502020,20200227,1,182
8898,1,A,0,205080502020,20200227,1,183
8899,2,A,1,205080502020,20200227,1,184
8900,1,A,0,205080502020,20200227,1,185
8901,2,A,1,205080502020,20200227,1,186
8902,1,A,0,205080502020,20200227,1,187
8903,2,A,1,205080502020,20200227,1,188
8904,1,A,0,205080502020,20200227,1,189
8905,2,A,1,205080502020,20200227,1,190
8906,1,A,0,205080502020,20200227,1,191
8907,2,A,1,205080502020,20200227,1,192
8908,1,A,0,205080502020,20200227,1,193
8909,2,A,0,205080502020,20200227,1,194
8910,1,A,0,205080502020,20200227,1,195
8911,2,A,1,205080502020,20200227,1,196
8912,1,A,0,205080502020,20200227,1,197
8913,2,A,0,205080502020,20200227,1,198
8914,1,A,0,205080502020,20200227,1,199
8915,3,B,1,205080502020,20200227,2,0
8916,4,B,1,205080502020,20200227,2,1
8917,3,B,1,205080502020,20200227,2,2
8918,4,B,0,205080502020,20200227,2,3
8919,3,B,1,205080502020,20200227,2,4
8920,4,B,0,205080502020,20200227,2,5
8921,3,B,0,205080502020,20200227,2,6
8922,5,C,0,205080502020,20200227,2,7
8923,6,C,1,205080502020,20200227,2,8
8924,5,C,1,205080502020,20200227,2,9
8925,6,C,1,205080502020,20200227,2,10
8926,5,C,1,205080502020,20200227,2,11
8927,6,C,0,205080502020,20200227,2,12
8928,5,C,0,205080502020,20200227,2,13
8929,6,C,0,205080502020,20200227,2,14
8930,5,C,0,205080502020,20200227,2,15
8931,2,A,0,205080502020,20200227,2,16
8932,1,A,0,205080502020,20200227,2,17
8933,2,A,0,205080502020,20200227,2,18
8934,1,A,0,205080502020,20200227,2,19
8935,2,A,1,205080502020,20200227,2,20
8936,5,C,0,205080502020,20200227,2,21
8937,6,C,0,205080502020,20200227,2,22
8938,5,C,1,205080502020,20200227,2,23
8939,6,C,0,205080502020,20200227,2,24
8940,5,C,0,205080502020,20200227,2,25
8941,6,C,0,205080502020,20200227,2,26
8942,5,C,1,205080502020,20200227,2,27
8943,6,C,1,205080502020,20200227,2,28
8944,5,C,0,205080502020,20200227,2,29
8945,6,C,1,205080502020,20200227,2,30
8946,5,C,1,205080502020,20200227,2,31
8947,4,B,1,205080502020,20200227,2,32
8948,3,B,0,205080502020,20200227,2,33
8949,4,B,0,205080502020,20200227,2,34
8950,3,B,1,205080502020,20200227,2,35
8951,4,B,0,205080502020,20200227,2,36
8952,3,B,1,205080502020,20200227,2,37
8953,4,B,1,205080502020,20200227,2,38
8954,3,B,1,205080502020,20200227,2,39
8955,4,B,1,205080502020,20200227,2,40
8956,3,B,1,205080502020,20200227,2,41
8957,4,B,1,205080502020,20200227,2,42
8958,3,B,1,205080502020,20200227,2,43
8959,4,B,0,205080502020,20200227,2,44
8960,3,B,1,205080502020,20200227,2,45
8961,4,B,0,205080502020,20200227,2,46
8962,3,B,1,205080502020,20200227,2,47
8963,4,B,1,205080502020,20200227,2,48
8964,3,B,1,205080502020,20200227,2,49
8965,4,B,1,205080502020,20200227,2,50
8966,3,B,0,205080502020,20200227,2,51
8967,4,B,1,205080502020,20200227,2,52
8968,3,B,1,205080502020,20200227,2,53
8969,4,B,0,205080502020,20200227,2,54
8970,3,B,1,205080502020,20200227,2,55
8971,4,B,1,205080502020,20200227,2,56
8972,3,B,1,205080502020,20200227,2,57
8973,4,B,1,205080502020,20200227,2,58
8974,3,B,1,205080502020,20200227,2,59
8975,4,B,1,205080502020,20200227,2,60
8976,3,B,1,205080502020,20200227,2,61
8977,4,B,0,205080502020,20200227,2,62
8978,3,B,1,205080502020,20200227,2,63
8979,4,B,1,205080502020,20200227,2,64
8980,3,B,1,205080502020,20200227,2,65
8981,4,B,1,205080502020,20200227,2,66
8982,3,B,0,205080502020,20200227,2,67
8983,4,B,0,205080502020,20200227,2,68
8984,3,B,1,205080502020,20200227,2,69
8985,4,B,0,205080502020,20200227,2,70
8986,3,B,1,205080502020,20200227,2,71
8987,4,B,1,205080502020,20200227,2,72
8988,3,B,1,205080502020,20200227,2,73
8989,4,B,1,205080502020,20200227,2,74
8990,3,B,1,205080502020,20200227,2,75
8991,4,B,1,205080502020,20200227,2,76
8992,3,B,1,205080502020,20200227,2,77
8993,4,B,1,205080502020,20200227,2,78
8994,3,B,1,205080502020,20200227,2,79
8995,4,B,0,205080502020,20200227,2,80
8996,3,B,0,205080502020,20200227,2,81
8997,4,B,1,205080502020,20200227,2,82
8998,3,B,1,205080502020,20200227,2,83
8999,4,B,1,205080502020,20200227,2,84
9000,3,B,1,205080502020,20200227,2,85
9001,4,B,1,205080502020,20200227,2,86
9002,3,B,1,205080502020,20200227,2,87
9003,4,B,1,205080502020,20200227,2,88
9004,3,B,1,205080502020,20200227,2,89
9005,4,B,1,205080502020,20200227,2,90
9006,3,B,1,205080502020,20200227,2,91
9007,4,B,1,205080502020,20200227,2,92
9008,3,B,1,205080502020,20200227,2,93
9009,4,B,1,205080502020,20200227,2,94
9010,3,B,1,205080502020,20200227,2,95
9011,4,B,1,205080502020,20200227,2,96
9012,3,B,0,205080502020,20200227,2,97
9013,4,B,0,205080502020,20200227,2,98
9014,3,B,0,205080502020,20200227,2,99
9015,4,B,0,502020202020,20200227,2,100
9016,3,B,0,502020202020,20200227,2,101
9017,4,B,0,502020202020,20200227,2,102
9018,3,B,1,502020202020,20200227,2,103
9019,4,B,0,502020202020,20200227,2,104
9020,3,B,1,502020202020,20200227,2,105
9021,4,B,0,502020202020,20200227,2,106
9022,3,B,0,502020202020,20200227,2,107
9023,4,B,0,502020202020,20200227,2,108
9024,3,B,1,502020202020,20200227,2,109
9025,4,B,0,502020202020,20200227,2,110
9026,3,B,0,502020202020,20200227,2,111
9027,4,B,0,502020202020,20200227,2,112
9028,3,B,1,502020202020,20200227,2,113
9029,4,B,0,502020202020,20200227,2,114
9030,3,B,0,502020202020,20200227,2,115
9031,4,B,1,502020202020,20200227,2,116
9032,3,B,0,502020202020,20200227,2,117
9033,4,B,0,502020202020,20200227,2,118
9034,3,B,0,502020202020,20200227,2,119
9035,4,B,1,502020202020,20200227,2,120
9036,3,B,0,502020202020,20200227,2,121
9037,4,B,1,502020202020,20200227,2,122
9038,3,B,0,502020202020,20200227,2,123
9039,4,B,1,502020202020,20200227,2,124
9040,3,B,0,502020202020,20200227,2,125
9041,4,B,0,502020202020,20200227,2,126
9042,3,B,0,502020202020,20200227,2,127
9043,4,B,0,502020202020,20200227,2,128
9044,3,B,0,502020202020,20200227,2,129
9045,4,B,1,502020202020,20200227,2,130
9046,3,B,0,502020202020,20200227,2,131
9047,4,B,1,502020202020,20200227,2,132
9048,3,B,0,502020202020,20200227,2,133
9049,4,B,0,502020202020,20200227,2,134
9050,3,B,0,502020202020,20200227,2,135
9051,4,B,0,502020202020,20200227,2,136
9052,3,B,0,502020202020,20200227,2,137
9053,4,B,0,502020202020,20200227,2,138
9054,3,B,0,502020202020,20200227,2,139
9055,4,B,1,502020202020,20200227,2,140
9056,3,B,0,502020202020,20200227,2,141
9057,4,B,0,502020202020,20200227,2,142
9058,3,B,0,502020202020,20200227,2,143
9059,4,B,0,502020202020,20200227,2,144
9060,3,B,0,502020202020,20200227,2,145
9061,4,B,1,502020202020,20200227,2,146
9062,3,B,1,502020202020,20200227,2,147
9063,4,B,0,502020202020,20200227,2,148
9064,3,B,0,502020202020,20200227,2,149
9065,4,B,0,502020202020,20200227,2,150
9066,3,B,0,502020202020,20200227,2,151
9067,4,B,1,502020202020,20200227,2,152
9068,3,B,0,502020202020,20200227,2,153
9069,4,B,0,502020202020,20200227,2,154
9070,3,B,1,502020202020,20200227,2,155
9071,4,B,0,502020202020,20200227,2,156
9072,3,B,0,502020202020,20200227,2,157
9073,4,B,0,502020202020,20200227,2,158
9074,3,B,0,502020202020,20200227,2,159
9075,4,B,0,502020202020,20200227,2,160
9076,3,B,1,502020202020,20200227,2,161
9077,4,B,0,502020202020,20200227,2,162
9078,3,B,0,502020202020,20200227,2,163
9079,4,B,0,502020202020,20200227,2,164
9080,3,B,0,502020202020,20200227,2,165
9081,4,B,0,502020202020,20200227,2,166
9082,3,B,0,502020202020,20200227,2,167
9083,4,B,0,502020202020,20200227,2,168
9084,3,B,0,502020202020,20200227,2,169
9085,4,B,1,502020202020,20200227,2,170
9086,3,B,1,502020202020,20200227,2,171
9087,4,B,1,502020202020,20200227,2,172
9088,3,B,0,502020202020,20200227,2,173
9089,4,B,0,502020202020,20200227,2,174
9090,3,B,1,502020202020,20200227,2,175
9091,4,B,0,502020202020,20200227,2,176
9092,3,B,0,502020202020,20200227,2,177
9093,4,B,0,502020202020,20200227,2,178
9094,3,B,1,502020202020,20200227,2,179
9095,4,B,0,502020202020,20200227,2,180
9096,3,B,0,502020202020,20200227,2,181
9097,4,B,0,502020202020,20200227,2,182
9098,3,B,0,502020202020,20200227,2,183
9099,4,B,1,502020202020,20200227,2,184
9100,3,B,1,502020202020,20200227,2,185
9101,4,B,0,502020202020,20200227,2,186
9102,3,B,0,502020202020,20200227,2,187
9103,4,B,0,502020202020,20200227,2,188
9104,3,B,0,502020202020,20200227,2,189
9105,4,B,0,502020202020,20200227,2,190
9106,3,B,0,502020202020,20200227,2,191
9107,4,B,0,502020202020,20200227,2,192
9108,3,B,0,502020202020,20200227,2,193
9109,4,B,0,502020202020,20200227,2,194
9110,3,B,0,502020202020,20200227,2,195
9111,4,B,0,502020202020,20200227,2,196
9112,3,B,1,502020202020,20200227,2,197
9113,4,B,1,502020202020,20200227,2,198
9114,3,B,0,502020202020,20200227,2,199
9115,4,B,1,502020202020,20200227,3,0
9116,3,B,0,502020202020,20200227,3,1
9117,5,C,1,502020202020,20200227,3,2
9118,6,C,0,502020202020,20200227,3,3
9119,5,C,1,502020202020,20200227,3,4
9120,6,C,0,502020202020,20200227,3,5
9121,5,C,0,502020202020,20200227,3,6
9122,2,A,0,502020202020,20200227,3,7
9123,1,A,1,502020202020,20200227,3,8
9124,2,A,1,502020202020,20200227,3,9
9125,1,A,1,502020202020,20200227,3,10
9126,2,A,1,502020202020,20200227,3,11
9127,1,A,0,502020202020,20200227,3,12
9128,2,A,1,502020202020,20200227,3,13
9129,1,A,1,502020202020,20200227,3,14
9130,2,A,1,502020202020,20200227,3,15
9131,1,A,1,502020202020,20200227,3,16
9132,2,A,0,502020202020,20200227,3,17
9133,1,A,0,502020202020,20200227,3,18
9134,2,A,1,502020202020,20200227,3,19
9135,4,B,1,502020202020,20200227,3,20
9136,3,B,0,502020202020,20200227,3,21
9137,4,B,1,502020202020,20200227,3,22
9138,3,B,1,502020202020,20200227,3,23
9139,4,B,0,502020202020,20200227,3,24
9140,3,B,0,502020202020,20200227,3,25
9141,4,B,1,502020202020,20200227,3,26
9142,3,B,0,502020202020,20200227,3,27
9143,4,B,0,502020202020,20200227,3,28
9144,3,B,0,502020202020,20200227,3,29
9145,4,B,1,502020202020,20200227,3,30
9146,3,B,0,502020202020,20200227,3,31
9147,4,B,0,502020202020,20200227,3,32
9148,3,B,0,502020202020,20200227,3,33
9149,4,B,1,502020202020,20200227,3,34
9150,3,B,0,502020202020,20200227,3,35
9151,4,B,1,502020202020,20200227,3,36
9152,3,B,0,502020202020,20200227,3,37
9153,4,B,0,502020202020,20200227,3,38
9154,3,B,0,502020202020,20200227,3,39
9155,4,B,1,502020202020,20200227,3,40
9156,5,C,0,502020202020,20200227,3,41
9157,6,C,0,502020202020,20200227,3,42
9158,5,C,0,502020202020,20200227,3,43
9159,6,C,0,502020202020,20200227,3,44
9160,5,C,1,502020202020,20200227,3,45
9161,6,C,1,502020202020,20200227,3,46
9162,5,C,0,502020202020,20200227,3,47
9163,6,C,0,502020202020,20200227,3,48
9164,5,C,0,502020202020,20200227,3,49
9165,6,C,0,502020202020,20200227,3,50
9166,5,C,0,502020202020,20200227,3,51
9167,6,C,1,502020202020,20200227,3,52
9168,5,C,0,502020202020,20200227,3,53
9169,6,C,0,502020202020,20200227,3,54
9170,5,C,0,502020202020,20200227,3,55
9171,6,C,0,502020202020,20200227,3,56
9172,5,C,1,502020202020,20200227,3,57
9173,6,C,0,502020202020,20200227,3,58
9174,5,C,0,502020202020,20200227,3,59
9175,6,C,0,502020202020,20200227,3,60
9176,5,C,0,502020202020,20200227,3,61
9177,6,C,1,502020202020,20200227,3,62
9178,5,C,0,502020202020,20200227,3,63
9179,6,C,0,502020202020,20200227,3,64
9180,5,C,0,502020202020,20200227,3,65
9181,6,C,0,502020202020,20200227,3,66
9182,5,C,0,502020202020,20200227,3,67
9183,6,C,0,502020202020,20200227,3,68
9184,5,C,0,502020202020,20200227,3,69
9185,6,C,1,502020202020,20200227,3,70
9186,2,A,0,502020202020,20200227,3,71
9187,1,A,0,502020202020,20200227,3,72
9188,2,A,0,502020202020,20200227,3,73
9189,1,A,1,502020202020,20200227,3,74
9190,2,A,0,502020202020,20200227,3,75
9191,1,A,1,502020202020,20200227,3,76
9192,2,A,0,502020202020,20200227,3,77
9193,1,A,1,502020202020,20200227,3,78
9194,2,A,0,502020202020,20200227,3,79
9195,1,A,0,502020202020,20200227,3,80
9196,2,A,0,502020202020,20200227,3,81
9197,1,A,0,502020202020,20200227,3,82
9198,2,A,0,502020202020,20200227,3,83
9199,1,A,1,502020202020,20200227,3,84
9200,2,A,0,502020202020,20200227,3,85
9201,1,A,1,502020202020,20200227,3,86
9202,2,A,0,502020202020,20200227,3,87
9203,1,A,1,502020202020,20200227,3,88
9204,2,A,0,502020202020,20200227,3,89
9205,1,A,1,502020202020,20200227,3,90
9206,2,A,0,502020202020,20200227,3,91
9207,1,A,1,502020202020,20200227,3,92
9208,2,A,0,502020202020,20200227,3,93
9209,1,A,1,502020202020,20200227,3,94
9210,2,A,0,502020202020,20200227,3,95
9211,1,A,0,502020202020,20200227,3,96
9212,2,A,0,502020202020,20200227,3,97
9213,1,A,1,502020202020,20200227,3,98
9214,2,A,0,502020202020,20200227,3,99
9215,1,A,0,202050808020,20200227,3,100
9216,2,A,0,202050808020,20200227,3,101
9217,1,A,0,202050808020,20200227,3,102
9218,2,A,0,202050808020,20200227,3,103
9219,1,A,1,202050808020,20200227,3,104
9220,2,A,1,202050808020,20200227,3,105
9221,1,A,1,202050808020,20200227,3,106
9222,2,A,0,202050808020,20200227,3,107
9223,1,A,1,202050808020,20200227,3,108
9224,2,A,0,202050808020,20200227,3,109
9225,1,A,1,202050808020,20200227,3,110
9226,2,A,0,202050808020,20200227,3,111
9227,1,A,1,202050808020,20200227,3,112
9228,2,A,0,202050808020,20200227,3,113
9229,1,A,0,202050808020,20200227,3,114
9230,2,A,0,202050808020,20200227,3,115
9231,1,A,0,202050808020,20200227,3,116
9232,2,A,0,202050808020,20200227,3,117
9233,1,A,0,202050808020,20200227,3,118
9234,2,A,0,202050808020,20200227,3,119
9235,1,A,0,202050808020,20200227,3,120
9236,2,A,1,202050808020,20200227,3,121
9237,1,A,0,202050808020,20200227,3,122
9238,2,A,0,202050808020,20200227,3,123
9239,1,A,0,202050808020,20200227,3,124
9240,2,A,0,202050808020,20200227,3,125
9241,1,A,0,202050808020,20200227,3,126
9242,2,A,0,202050808020,20200227,3,127
9243,1,A,0,202050808020,20200227,3,128
9244,2,A,0,202050808020,20200227,3,129
9245,1,A,0,202050808020,20200227,3,130
9246,2,A,1,202050808020,20200227,3,131
9247,1,A,0,202050808020,20200227,3,132
9248,2,A,0,202050808020,20200227,3,133
9249,1,A,0,202050808020,20200227,3,134
9250,2,A,0,202050808020,20200227,3,135
9251,1,A,0,202050808020,20200227,3,136
9252,2,A,0,202050808020,20200227,3,137
9253,1,A,0,202050808020,20200227,3,138
9254,2,A,1,202050808020,20200227,3,139
9255,1,A,1,202050808020,20200227,3,140
9256,2,A,0,202050808020,20200227,3,141
9257,1,A,1,202050808020,20200227,3,142
9258,2,A,0,202050808020,20200227,3,143
9259,1,A,1,202050808020,20200227,3,144
9260,2,A,0,202050808020,20200227,3,145
9261,1,A,0,202050808020,20200227,3,146
9262,2,A,0,202050808020,20200227,3,147
9263,1,A,1,202050808020,20200227,3,148
9264,2,A,0,202050808020,20200227,3,149
9265,1,A,1,202050808020,20200227,3,150
9266,2,A,0,202050808020,20200227,3,151
9267,1,A,0,202050808020,20200227,3,152
9268,2,A,0,202050808020,20200227,3,153
9269,1,A,0,202050808020,20200227,3,154
9270,2,A,0,202050808020,20200227,3,155
9271,1,A,0,202050808020,20200227,3,156
9272,2,A,0,202050808020,20200227,3,157
9273,1,A,0,202050808020,20200227,3,158
9274,2,A,0,202050808020,20200227,3,159
9275,1,A,0,202050808020,20200227,3,160
9276,2,A,0,202050808020,20200227,3,161
9277,1,A,0,202050808020,20200227,3,162
9278,2,A,0,202050808020,20200227,3,163
9279,1,A,0,202050808020,20200227,3,164
9280,2,A,0,202050808020,20200227,3,165
9281,5,C,1,202050808020,20200227,3,166
9282,6,C,1,202050808020,20200227,3,167
9283,5,C,1,202050808020,20200227,3,168
9284,6,C,0,202050808020,20200227,3,169
9285,5,C,1,202050808020,20200227,3,170
9286,6,C,0,202050808020,20200227,3,171
9287,5,C,1,202050808020,20200227,3,172
9288,6,C,0,202050808020,20200227,3,173
9289,5,C,1,202050808020,20200227,3,174
9290,6,C,0,202050808020,20200227,3,175
9291,5,C,1,202050808020,20200227,3,176
9292,6,C,1,202050808020,20200227,3,177
9293,5,C,1,202050808020,20200227,3,178
9294,6,C,0,202050808020,20200227,3,179
9295,5,C,0,202050808020,20200227,3,180
9296,6,C,0,202050808020,20200227,3,181
9297,5,C,1,202050808020,20200227,3,182
9298,6,C,1,202050808020,20200227,3,183
9299,5,C,1,202050808020,20200227,3,184
9300,6,C,1,202050808020,20200227,3,185
9301,5,C,1,202050808020,20200227,3,186
9302,6,C,1,202050808020,20200227,3,187
9303,5,C,1,202050808020,20200227,3,188
9304,6,C,1,202050808020,20200227,3,189
9305,5,C,1,202050808020,20200227,3,190
9306,6,C,0,202050808020,20200227,3,191
9307,5,C,0,202050808020,20200227,3,192
9308,6,C,0,202050808020,20200227,3,193
9309,5,C,1,202050808020,20200227,3,194
9310,6,C,1,202050808020,20200227,3,195
9311,5,C,0,202050808020,20200227,3,196
9312,6,C,0,202050808020,20200227,3,197
9313,5,C,0,202050808020,20200227,3,198
9314,6,C,0,202050808020,20200227,3,199
9315,4,B,1,202050808020,20200227,4,0
9316,3,B,1,202050808020,20200227,4,1
9317,4,B,1,202050808020,20200227,4,2
9318,2,A,0,202050808020,20200227,4,3
9319,1,A,1,202050808020,20200227,4,4
9320,2,A,0,202050808020,20200227,4,5
9321,1,A,0,202050808020,20200227,4,6
9322,5,C,0,202050808020,20200227,4,7
9323,6,C,0,202050808020,20200227,4,8
9324,5,C,0,202050808020,20200227,4,9
9325,6,C,0,202050808020,20200227,4,10
9326,5,C,0,202050808020,20200227,4,11
9327,4,B,1,202050808020,20200227,4,12
9328,3,B,0,202050808020,20200227,4,13
9329,4,B,1,202050808020,20200227,4,14
9330,3,B,1,202050808020,20200227,4,15
9331,4,B,1,202050808020,20200227,4,16
9332,3,B,0,202050808020,20200227,4,17
9333,4,B,1,202050808020,20200227,4,18
9334,3,B,0,202050808020,20200227,4,19
9335,4,B,0,202050808020,20200227,4,20
9336,3,B,1,202050808020,20200227,4,21
9337,4,B,0,202050808020,20200227,4,22
9338,3,B,0,202050808020,20200227,4,23
9339,4,B,0,202050808020,20200227,4,24
9340,3,B,1,202050808020,20200227,4,25
9341,4,B,0,202050808020,20200227,4,26
9342,3,B,0,202050808020,20200227,4,27
9343,4,B,1,202050808020,20200227,4,28
9344,3,B,1,202050808020,20200227,4,29
9345,4,B,1,202050808020,20200227,4,30
9346,3,B,0,202050808020,20200227,4,31
9347,4,B,1,202050808020,20200227,4,32
9348,3,B,0,202050808020,20200227,4,33
9349,4,B,1,202050808020,20200227,4,34
9350,3,B,1,202050808020,20200227,4,35
9351,4,B,0,202050808020,20200227,4,36
9352,3,B,0,202050808020,20200227,4,37
9353,4,B,1,202050808020,20200227,4,38
9354,3,B,0,202050808020,20200227,4,39
9355,4,B,1,202050808020,20200227,4,40
9356,3,B,1,202050808020,20200227,4,41
9357,4,B,1,202050808020,20200227,4,42
9358,3,B,0,202050808020,20200227,4,43
9359,4,B,1,202050808020,20200227,4,44
9360,3,B,0,202050808020,20200227,4,45
9361,4,B,1,202050808020,20200227,4,46
9362,3,B,1,202050808020,20200227,4,47
9363,4,B,1,202050808020,20200227,4,48
9364,3,B,1,202050808020,20200227,4,49
9365,4,B,0,202050808020,20200227,4,50
9366,3,B,1,202050808020,20200227,4,51
9367,4,B,1,202050808020,20200227,4,52
9368,3,B,1,202050808020,20200227,4,53
9369,4,B,1,202050808020,20200227,4,54
9370,3,B,0,202050808020,20200227,4,55
9371,4,B,0,202050808020,20200227,4,56
9372,3,B,1,202050808020,20200227,4,57
9373,4,B,1,202050808020,20200227,4,58
9374,3,B,1,202050808020,20200227,4,59
9375,4,B,1,202050808020,20200227,4,60
9376,3,B,0,202050808020,20200227,4,61
9377,4,B,1,202050808020,20200227,4,62
9378,3,B,1,202050808020,20200227,4,63
9379,4,B,1,202050808020,20200227,4,64
9380,3,B,1,202050808020,20200227,4,65
9381,4,B,1,202050808020,20200227,4,66
9382,3,B,0,202050808020,20200227,4,67
9383,4,B,0,202050808020,20200227,4,68
9384,3,B,1,202050808020,20200227,4,69
9385,4,B,1,202050808020,20200227,4,70
9386,3,B,0,202050808020,20200227,4,71
9387,4,B,1,202050808020,20200227,4,72
9388,3,B,1,202050808020,20200227,4,73
9389,4,B,1,202050808020,20200227,4,74
9390,3,B,1,202050808020,20200227,4,75
9391,4,B,0,202050808020,20200227,4,76
9392,3,B,0,202050808020,20200227,4,77
9393,4,B,1,202050808020,20200227,4,78
9394,3,B,1,202050808020,20200227,4,79
9395,4,B,1,202050808020,20200227,4,80
9396,3,B,0,202050808020,20200227,4,81
9397,4,B,1,202050808020,20200227,4,82
9398,3,B,1,202050808020,20200227,4,83
9399,4,B,0,202050808020,20200227,4,84
9400,3,B,1,202050808020,20200227,4,85
9401,4,B,0,202050808020,20200227,4,86
9402,3,B,0,202050808020,20200227,4,87
9403,4,B,1,202050808020,20200227,4,88
9404,3,B,1,202050808020,20200227,4,89
9405,4,B,0,202050808020,20200227,4,90
9406,3,B,1,202050808020,20200227,4,91
9407,4,B,1,202050808020,20200227,4,92
9408,3,B,1,202050808020,20200227,4,93
9409,4,B,1,202050808020,20200227,4,94
9410,3,B,1,202050808020,20200227,4,95
9411,4,B,1,202050808020,20200227,4,96
9412,3,B,1,202050808020,20200227,4,97
9413,4,B,1,202050808020,20200227,4,98
9414,3,B,1,202050808020,20200227,4,99
9415,4,B,0,505050205080,20200227,4,100
9416,3,B,0,505050205080,20200227,4,101
9417,4,B,0,505050205080,20200227,4,102
9418,3,B,1,505050205080,20200227,4,103
9419,4,B,0,505050205080,20200227,4,104
9420,3,B,1,505050205080,20200227,4,105
9421,4,B,1,505050205080,20200227,4,106
9422,3,B,1,505050205080,20200227,4,107
9423,4,B,0,505050205080,20200227,4,108
9424,3,B,1,505050205080,20200227,4,109
9425,4,B,0,505050205080,20200227,4,110
9426,3,B,0,505050205080,20200227,4,111
9427,4,B,0,505050205080,20200227,4,112
9428,3,B,1,505050205080,20200227,4,113
9429,4,B,0,505050205080,20200227,4,114
9430,3,B,0,505050205080,20200227,4,115
9431,4,B,0,505050205080,20200227,4,116
9432,3,B,1,505050205080,20200227,4,117
9433,4,B,0,505050205080,20200227,4,118
9434,3,B,0,505050205080,20200227,4,119
9435,4,B,0,505050205080,20200227,4,120
9436,3,B,1,505050205080,20200227,4,121
9437,4,B,0,505050205080,20200227,4,122
9438,3,B,0,505050205080,20200227,4,123
9439,4,B,0,505050205080,20200227,4,124
9440,3,B,0,505050205080,20200227,4,125
9441,4,B,0,505050205080,20200227,4,126
9442,3,B,1,505050205080,20200227,4,127
9443,4,B,0,505050205080,20200227,4,128
9444,3,B,0,505050205080,20200227,4,129
9445,4,B,0,505050205080,20200227,4,130
9446,3,B,0,505050205080,20200227,4,131
9447,4,B,0,505050205080,20200227,4,132
9448,3,B,0,505050205080,20200227,4,133
9449,4,B,0,505050205080,20200227,4,134
9450,3,B,1,505050205080,20200227,4,135
9451,4,B,0,505050205080,20200227,4,136
9452,3,B,1,505050205080,20200227,4,137
9453,4,B,1,505050205080,20200227,4,138
9454,3,B,0,505050205080,20200227,4,139
9455,4,B,0,505050205080,20200227,4,140
9456,3,B,0,505050205080,20200227,4,141
9457,4,B,1,505050205080,20200227,4,142
9458,3,B,0,505050205080,20200227,4,143
9459,4,B,0,505050205080,20200227,4,144
9460,3,B,0,505050205080,20200227,4,145
9461,4,B,0,505050205080,20200227,4,146
9462,3,B,1,505050205080,20200227,4,147
9463,4,B,0,505050205080,20200227,4,148
9464,3,B,1,505050205080,20200227,4,149
9465,4,B,0,505050205080,20200227,4,150
9466,3,B,1,505050205080,20200227,4,151
9467,4,B,0,505050205080,20200227,4,152
9468,3,B,0,505050205080,20200227,4,153
9469,4,B,0,505050205080,20200227,4,154
9470,3,B,0,505050205080,20200227,4,155
9471,4,B,1,505050205080,20200227,4,156
9472,3,B,1,505050205080,20200227,4,157
9473,4,B,0,505050205080,20200227,4,158
9474,3,B,1,505050205080,20200227,4,159
9475,4,B,0,505050205080,20200227,4,160
9476,3,B,0,505050205080,20200227,4,161
9477,4,B,0,505050205080,20200227,4,162
9478,3,B,0,505050205080,20200227,4,163
9479,4,B,1,505050205080,20200227,4,164
9480,3,B,1,505050205080,20200227,4,165
9481,4,B,0,505050205080,20200227,4,166
9482,3,B,1,505050205080,20200227,4,167
9483,4,B,1,505050205080,20200227,4,168
9484,3,B,1,505050205080,20200227,4,169
9485,4,B,0,505050205080,20200227,4,170
9486,3,B,0,505050205080,20200227,4,171
9487,4,B,0,505050205080,20200227,4,172
9488,3,B,1,505050205080,20200227,4,173
9489,4,B,0,505050205080,20200227,4,174
9490,3,B,0,505050205080,20200227,4,175
9491,4,B,0,505050205080,20200227,4,176
9492,3,B,0,505050205080,20200227,4,177
9493,4,B,0,505050205080,20200227,4,178
9494,3,B,1,505050205080,20200227,4,179
9495,4,B,0,505050205080,20200227,4,180
9496,3,B,0,505050205080,20200227,4,181
9497,4,B,0,505050205080,20200227,4,182
9498,3,B,0,505050205080,20200227,4,183
9499,4,B,0,505050205080,20200227,4,184
9500,3,B,1,505050205080,20200227,4,185
9501,4,B,0,505050205080,20200227,4,186
9502,3,B,0,505050205080,20200227,4,187
9503,4,B,1,505050205080,20200227,4,188
9504,3,B,0,505050205080,20200227,4,189
9505,4,B,0,505050205080,20200227,4,190
9506,3,B,1,505050205080,20200227,4,191
9507,4,B,0,505050205080,20200227,4,192
9508,3,B,1,505050205080,20200227,4,193
9509,4,B,0,505050205080,20200227,4,194
9510,3,B,1,505050205080,20200227,4,195
9511,4,B,0,505050205080,20200227,4,196
9512,3,B,0,505050205080,20200227,4,197
9513,4,B,0,505050205080,20200227,4,198
9514,3,B,1,505050205080,20200227,4,199
9515,4,B,0,505050205080,20200228,1,0
9516,3,B,1,505050205080,20200228,1,1
9517,4,B,1,505050205080,20200228,1,2
9518,3,B,1,505050205080,20200228,1,3
9519,2,A,0,505050205080,20200228,1,4
9520,1,A,0,505050205080,20200228,1,5
9521,2,A,1,505050205080,20200228,1,6
9522,1,A,0,505050205080,20200228,1,7
9523,2,A,1,505050205080,20200228,1,8
9524,1,A,1,505050205080,20200228,1,9
9525,5,C,1,505050205080,20200228,1,10
9526,6,C,1,505050205080,20200228,1,11
9527,5,C,0,505050205080,20200228,1,12
9528,6,C,0,505050205080,20200228,1,13
9529,5,C,0,505050205080,20200228,1,14
9530,6,C,0,505050205080,20200228,1,15
9531,5,C,1,505050205080,20200228,1,16
9532,4,B,0,505050205080,20200228,1,17
9533,3,B,0,505050205080,20200228,1,18
9534,4,B,0,505050205080,20200228,1,19
9535,3,B,1,505050205080,20200228,1,20
9536,4,B,0,505050205080,20200228,1,21
9537,3,B,0,505050205080,20200228,1,22
9538,4,B,1,505050205080,20200228,1,23
9539,3,B,0,505050205080,20200228,1,24
9540,4,B,0,505050205080,20200228,1,25
9541,3,B,0,505050205080,20200228,1,26
9542,4,B,0,505050205080,20200228,1,27
9543,3,B,0,505050205080,20200228,1,28
9544,4,B,0,505050205080,20200228,1,29
9545,2,A,0,505050205080,20200228,1,30
9546,1,A,1,505050205080,20200228,1,31
9547,2,A,1,505050205080,20200228,1,32
9548,1,A,0,505050205080,20200228,1,33
9549,2,A,1,505050205080,20200228,1,34
9550,1,A,0,505050205080,20200228,1,35
9551,2,A,1,505050205080,20200228,1,36
9552,1,A,0,505050205080,20200228,1,37
9553,2,A,1,505050205080,20200228,1,38
9554,1,A,0,505050205080,20200228,1,39
9555,2,A,0,505050205080,20200228,1,40
9556,1,A,0,505050205080,20200228,1,41
9557,2,A,1,505050205080,20200228,1,42
9558,1,A,1,505050205080,20200228,1,43
9559,2,A,0,505050205080,20200228,1,44
9560,1,A,1,505050205080,20200228,1,45
9561,2,A,0,505050205080,20200228,1,46
9562,1,A,1,505050205080,20200228,1,47
9563,2,A,1,505050205080,20200228,1,48
9564,1,A,1,505050205080,20200228,1,49
9565,2,A,0,505050205080,20200228,1,50
9566,1,A,1,505050205080,20200228,1,51
9567,2,A,1,505050205080,20200228,1,52
9568,1,A,0,505050205080,20200228,1,53
9569,2,A,0,505050205080,20200228,1,54
9570,1,A,0,505050205080,20200228,1,55
9571,2,A,1,505050205080,20200228,1,56
9572,1,A,0,505050205080,20200228,1,57
9573,2,A,1,505050205080,20200228,1,58
9574,1,A,0,505050205080,20200228,1,59
9575,2,A,1,505050205080,20200228,1,60
9576,1,A,0,505050205080,20200228,1,61
9577,2,A,1,505050205080,20200228,1,62
9578,1,A,0,505050205080,20200228,1,63
9579,2,A,0,505050205080,20200228,1,64
9580,1,A,0,505050205080,20200228,1,65
9581,2,A,1,505050205080,20200228,1,66
9582,1,A,1,505050205080,20200228,1,67
9583,2,A,1,505050205080,20200228,1,68
9584,1,A,1,505050205080,20200228,1,69
9585,2,A,1,505050205080,20200228,1,70
9586,1,A,0,505050205080,20200228,1,71
9587,2,A,1,505050205080,20200228,1,72
9588,1,A,0,505050205080,20200228,1,73
9589,2,A,0,505050205080,20200228,1,74
9590,1,A,0,505050205080,20200228,1,75
9591,2,A,0,505050205080,20200228,1,76
9592,1,A,1,505050205080,20200228,1,77
9593,2,A,0,505050205080,20200228,1,78
9594,1,A,0,505050205080,20200228,1,79
9595,2,A,1,505050205080,20200228,1,80
9596,1,A,0,505050205080,20200228,1,81
9597,2,A,1,505050205080,20200228,1,82
9598,1,A,0,505050205080,20200228,1,83
9599,2,A,1,505050205080,20200228,1,84
9600,1,A,1,505050205080,20200228,1,85
9601,2,A,1,505050205080,20200228,1,86
9602,1,A,1,505050205080,20200228,1,87
9603,2,A,1,505050205080,20200228,1,88
9604,1,A,0,505050205080,20200228,1,89
9605,2,A,1,505050205080,20200228,1,90
9606,1,A,0,505050205080,20200228,1,91
9607,2,A,0,505050205080,20200228,1,92
9608,1,A,0,505050205080,20200228,1,93
9609,2,A,1,505050205080,20200228,1,94
9610,1,A,1,505050205080,20200228,1,95
9611,2,A,0,505050205080,20200228,1,96
9612,1,A,1,505050205080,20200228,1,97
9613,2,A,0,505050205080,20200228,1,98
9614,1,A,0,505050205080,20200228,1,99
9615,2,A,1,805020508020,20200228,1,100
9616,1,A,1,805020508020,20200228,1,101
9617,2,A,1,805020508020,20200228,1,102
9618,1,A,1,805020508020,20200228,1,103
9619,2,A,1,805020508020,20200228,1,104
9620,1,A,1,805020508020,20200228,1,105
9621,2,A,0,805020508020,20200228,1,106
9622,1,A,1,805020508020,20200228,1,107
9623,2,A,0,805020508020,20200228,1,108
9624,1,A,1,805020508020,20200228,1,109
9625,2,A,0,805020508020,20200228,1,110
9626,1,A,0,805020508020,20200228,1,111
9627,2,A,1,805020508020,20200228,1,112
9628,1,A,1,805020508020,20200228,1,113
9629,2,A,0,805020508020,20200228,1,114
9630,1,A,1,805020508020,20200228,1,115
9631,2,A,0,805020508020,20200228,1,116
9632,1,A,0,805020508020,20200228,1,117
9633,2,A,1,805020508020,20200228,1,118
9634,1,A,1,805020508020,20200228,1,119
9635,2,A,0,805020508020,20200228,1,120
9636,1,A,0,805020508020,20200228,1,121
9637,2,A,1,805020508020,20200228,1,122
9638,1,A,1,805020508020,20200228,1,123
9639,2,A,0,805020508020,20200228,1,124
9640,1,A,1,805020508020,20200228,1,125
9641,2,A,0,805020508020,20200228,1,126
9642,1,A,1,805020508020,20200228,1,127
9643,2,A,1,805020508020,20200228,1,128
9644,1,A,0,805020508020,20200228,1,129
9645,2,A,0,805020508020,20200228,1,130
9646,1,A,1,805020508020,20200228,1,131
9647,2,A,0,805020508020,20200228,1,132
9648,1,A,0,805020508020,20200228,1,133
9649,2,A,1,805020508020,20200228,1,134
9650,1,A,1,805020508020,20200228,1,135
9651,2,A,1,805020508020,20200228,1,136
9652,1,A,1,805020508020,20200228,1,137
9653,2,A,1,805020508020,20200228,1,138
9654,1,A,1,805020508020,20200228,1,139
9655,2,A,1,805020508020,20200228,1,140
9656,1,A,1,805020508020,20200228,1,141
9657,2,A,1,805020508020,20200228,1,142
9658,1,A,1,805020508020,20200228,1,143
9659,2,A,0,805020508020,20200228,1,144
9660,1,A,1,805020508020,20200228,1,145
9661,2,A,0,805020508020,20200228,1,146
9662,1,A,1,805020508020,20200228,1,147
9663,2,A,0,805020508020,20200228,1,148
9664,1,A,1,805020508020,20200228,1,149
9665,2,A,0,805020508020,20200228,1,150
9666,1,A,0,805020508020,20200228,1,151
9667,2,A,0,805020508020,20200228,1,152
9668,1,A,1,805020508020,20200228,1,153
9669,2,A,0,805020508020,20200228,1,154
9670,1,A,0,805020508020,20200228,1,155
9671,2,A,1,805020508020,20200228,1,156
9672,1,A,1,805020508020,20200228,1,157
9673,2,A,1,805020508020,20200228,1,158
9674,1,A,1,805020508020,20200228,1,159
9675,2,A,0,805020508020,20200228,1,160
9676,1,A,1,805020508020,20200228,1,161
9677,2,A,1,805020508020,20200228,1,162
9678,1,A,1,805020508020,20200228,1,163
9679,2,A,1,805020508020,20200228,1,164
9680,1,A,1,805020508020,20200228,1,165
9681,2,A,0,805020508020,20200228,1,166
9682,1,A,1,805020508020,20200228,1,167
9683,2,A,0,805020508020,20200228,1,168
9684,1,A,0,805020508020,20200228,1,169
9685,2,A,1,805020508020,20200228,1,170
9686,1,A,1,805020508020,20200228,1,171
9687,2,A,0,805020508020,20200228,1,172
9688,1,A,1,805020508020,20200228,1,173
9689,2,A,0,805020508020,20200228,1,174
9690,1,A,0,805020508020,20200228,1,175
9691,2,A,0,805020508020,20200228,1,176
9692,1,A,1,805020508020,20200228,1,177
9693,2,A,1,805020508020,20200228,1,178
9694,1,A,1,805020508020,20200228,1,179
9695,2,A,1,805020508020,20200228,1,180
9696,1,A,1,805020508020,20200228,1,181
9697,2,A,1,805020508020,20200228,1,182
9698,1,A,1,805020508020,20200228,1,183
9699,2,A,0,805020508020,20200228,1,184
9700,1,A,1,805020508020,20200228,1,185
9701,2,A,0,805020508020,20200228,1,186
9702,1,A,1,805020508020,20200228,1,187
9703,2,A,0,805020508020,20200228,1,188
9704,1,A,0,805020508020,20200228,1,189
9705,2,A,0,805020508020,20200228,1,190
9706,1,A,0,805020508020,20200228,1,191
9707,2,A,1,805020508020,20200228,1,192
9708,1,A,1,805020508020,20200228,1,193
9709,2,A,1,805020508020,20200228,1,194
9710,1,A,1,805020508020,20200228,1,195
9711,2,A,0,805020508020,20200228,1,196
9712,1,A,1,805020508020,20200228,1,197
9713,2,A,0,805020508020,20200228,1,198
9714,1,A,1,805020508020,20200228,1,199
9715,4,B,1,805020508020,20200228,2,0
9716,3,B,0,805020508020,20200228,2,1
9717,1,A,1,805020508020,20200228,2,2
9718,2,A,0,805020508020,20200228,2,3
9719,5,C,1,805020508020,20200228,2,4
9720,6,C,1,805020508020,20200228,2,5
9721,5,C,1,805020508020,20200228,2,6
9722,6,C,0,805020508020,20200228,2,7
9723,5,C,1,805020508020,20200228,2,8
9724,4,B,1,805020508020,20200228,2,9
9725,3,B,0,805020508020,20200228,2,10
9726,4,B,1,805020508020,20200228,2,11
9727,3,B,0,805020508020,20200228,2,12
9728,4,B,0,805020508020,20200228,2,13
9729,3,B,0,805020508020,20200228,2,14
9730,4,B,1,805020508020,20200228,2,15
9731,2,A,0,805020508020,20200228,2,16
9732,1,A,1,805020508020,20200228,2,17
9733,2,A,0,805020508020,20200228,2,18
9734,1,A,1,805020508020,20200228,2,19
9735,2,A,0,805020508020,20200228,2,20
9736,1,A,0,805020508020,20200228,2,21
9737,2,A,0,805020508020,20200228,2,22
9738,1,A,1,805020508020,20200228,2,23
9739,5,C,1,805020508020,20200228,2,24
9740,6,C,0,805020508020,20200228,2,25
9741,5,C,1,805020508020,20200228,2,26
9742,6,C,0,805020508020,20200228,2,27
9743,5,C,1,805020508020,20200228,2,28
9744,6,C,1,805020508020,20200228,2,29
9745,5,C,1,805020508020,20200228,2,30
9746,6,C,0,805020508020,20200228,2,31
9747,5,C,0,805020508020,20200228,2,32
9748,6,C,0,805020508020,20200228,2,33
9749,5,C,1,805020508020,20200228,2,34
9750,6,C,0,805020508020,20200228,2,35
9751,5,C,1,805020508020,20200228,2,36
9752,6,C,0,805020508020,20200228,2,37
9753,5,C,1,805020508020,20200228,2,38
9754,6,C,0,805020508020,20200228,2,39
9755,5,C,0,805020508020,20200228,2,40
9756,6,C,1,805020508020,20200228,2,41
9757,5,C,1,805020508020,20200228,2,42
9758,6,C,1,805020508020,20200228,2,43
9759,5,C,1,805020508020,20200228,2,44
9760,6,C,0,805020508020,20200228,2,45
9761,5,C,1,805020508020,20200228,2,46
9762,6,C,0,805020508020,20200228,2,47
9763,5,C,1,805020508020,20200228,2,48
9764,6,C,0,805020508020,20200228,2,49
9765,5,C,1,805020508020,20200228,2,50
9766,6,C,0,805020508020,20200228,2,51
9767,5,C,1,805020508020,20200228,2,52
9768,6,C,1,805020508020,20200228,2,53
9769,5,C,1,805020508020,20200228,2,54
9770,6,C,0,805020508020,20200228,2,55
9771,5,C,1,805020508020,20200228,2,56
9772,6,C,0,805020508020,20200228,2,57
9773,5,C,1,805020508020,20200228,2,58
9774,6,C,0,805020508020,20200228,2,59
9775,5,C,0,805020508020,20200228,2,60
9776,6,C,0,805020508020,20200228,2,61
9777,5,C,1,805020508020,20200228,2,62
9778,6,C,0,805020508020,20200228,2,63
9779,5,C,1,805020508020,20200228,2,64
9780,4,B,0,805020508020,20200228,2,65
9781,3,B,0,805020508020,20200228,2,66
9782,4,B,0,805020508020,20200228,2,67
9783,3,B,0,805020508020,20200228,2,68
9784,4,B,1,805020508020,20200228,2,69
9785,3,B,0,805020508020,20200228,2,70
9786,4,B,1,805020508020,20200228,2,71
9787,3,B,0,805020508020,20200228,2,72
9788,4,B,0,805020508020,20200228,2,73
9789,3,B,1,805020508020,20200228,2,74
9790,4,B,1,805020508020,20200228,2,75
9791,3,B,0,805020508020,20200228,2,76
9792,4,B,1,805020508020,20200228,2,77
9793,3,B,1,805020508020,20200228,2,78
9794,4,B,0,805020508020,20200228,2,79
9795,3,B,0,805020508020,20200228,2,80
9796,4,B,1,805020508020,20200228,2,81
9797,3,B,0,805020508020,20200228,2,82
9798,4,B,0,805020508020,20200228,2,83
9799,3,B,0,805020508020,20200228,2,84
9800,4,B,1,805020508020,20200228,2,85
9801,3,B,0,805020508020,20200228,2,86
9802,4,B,0,805020508020,20200228,2,87
9803,3,B,0,805020508020,20200228,2,88
9804,4,B,0,805020508020,20200228,2,89
9805,3,B,1,805020508020,20200228,2,90
9806,4,B,0,805020508020,20200228,2,91
9807,3,B,0,805020508020,20200228,2,92
9808,4,B,0,805020508020,20200228,2,93
9809,3,B,1,805020508020,20200228,2,94
9810,4,B,0,805020508020,20200228,2,95
9811,3,B,0,805020508020,20200228,2,96
9812,4,B,0,805020508020,20200228,2,97
9813,3,B,0,805020508020,20200228,2,98
9814,4,B,0,805020508020,20200228,2,99
9815,3,B,0,202020502020,20200228,2,100
9816,4,B,1,202020502020,20200228,2,101
9817,3,B,0,202020502020,20200228,2,102
9818,4,B,1,202020502020,20200228,2,103
9819,3,B,0,202020502020,20200228,2,104
9820,4,B,0,202020502020,20200228,2,105
9821,3,B,1,202020502020,20200228,2,106
9822,4,B,0,202020502020,20200228,2,107
9823,3,B,0,202020502020,20200228,2,108
9824,4,B,1,202020502020,20200228,2,109
9825,3,B,0,202020502020,20200228,2,110
9826,4,B,1,202020502020,20200228,2,111
9827,3,B,0,202020502020,20200228,2,112
9828,4,B,0,202020502020,20200228,2,113
9829,3,B,0,202020502020,20200228,2,114
9830,4,B,1,202020502020,20200228,2,115
9831,3,B,0,202020502020,20200228,2,116
9832,4,B,0,202020502020,20200228,2,117
9833,3,B,0,202020502020,20200228,2,118
9834,4,B,1,202020502020,20200228,2,119
9835,3,B,1,202020502020,20200228,2,120
9836,4,B,1,202020502020,20200228,2,121
9837,3,B,0,202020502020,20200228,2,122
9838,4,B,0,202020502020,20200228,2,123
9839,3,B,1,202020502020,20200228,2,124
9840,4,B,0,202020502020,20200228,2,125
9841,3,B,0,202020502020,20200228,2,126
9842,4,B,1,202020502020,20200228,2,127
9843,3,B,0,202020502020,20200228,2,128
9844,4,B,1,202020502020,20200228,2,129
9845,3,B,0,202020502020,20200228,2,130
9846,4,B,1,202020502020,20200228,2,131
9847,3,B,0,202020502020,20200228,2,132
9848,4,B,1,202020502020,20200228,2,133
9849,3,B,0,202020502020,20200228,2,134
9850,4,B,1,202020502020,20200228,2,135
9851,3,B,0,202020502020,20200228,2,136
9852,4,B,0,202020502020,20200228,2,137
9853,3,B,1,202020502020,20200228,2,138
9854,4,B,1,202020502020,20200228,2,139
9855,3,B,1,202020502020,20200228,2,140
9856,4,B,0,202020502020,20200228,2,141
9857,3,B,0,202020502020,20200228,2,142
9858,4,B,1,202020502020,20200228,2,143
9859,3,B,0,202020502020,20200228,2,144
9860,4,B,0,202020502020,20200228,2,145
9861,3,B,1,202020502020,20200228,2,146
9862,4,B,0,202020502020,20200228,2,147
9863,3,B,0,202020502020,20200228,2,148
9864,4,B,0,202020502020,20200228,2,149
9865,3,B,0,202020502020,20200228,2,150
9866,4,B,0,202020502020,20200228,2,151
9867,3,B,0,202020502020,20200228,2,152
9868,4,B,1,202020502020,20200228,2,153
9869,3,B,0,202020502020,20200228,2,154
9870,4,B,0,202020502020,20200228,2,155
9871,3,B,0,202020502020,20200228,2,156
9872,4,B,1,202020502020,20200228,2,157
9873,3,B,0,202020502020,20200228,2,158
9874,4,B,1,202020502020,20200228,2,159
9875,3,B,0,202020502020,20200228,2,160
9876,4,B,0,202020502020,20200228,2,161
9877,3,B,0,202020502020,20200228,2,162
9878,4,B,1,202020502020,20200228,2,163
9879,3,B,0,202020502020,20200228,2,164
9880,4,B,0,202020502020,20200228,2,165
9881,3,B,0,202020502020,20200228,2,166
9882,4,B,0,202020502020,20200228,2,167
9883,3,B,0,202020502020,20200228,2,168
9884,4,B,0,202020502020,20200228,2,169
9885,3,B,0,202020502020,20200228,2,170
9886,4,B,0,202020502020,20200228,2,171
9887,3,B,0,202020502020,20200228,2,172
9888,4,B,0,202020502020,20200228,2,173
9889,3,B,1,202020502020,20200228,2,174
9890,4,B,0,202020502020,20200228,2,175
9891,3,B,0,202020502020,20200228,2,176
9892,4,B,1,202020502020,20200228,2,177
9893,3,B,0,202020502020,20200228,2,178
9894,4,B,0,202020502020,20200228,2,179
9895,3,B,0,202020502020,20200228,2,180
9896,4,B,1,202020502020,20200228,2,181
9897,3,B,0,202020502020,20200228,2,182
9898,4,B,1,202020502020,20200228,2,183
9899,3,B,1,202020502020,20200228,2,184
9900,4,B,0,202020502020,20200228,2,185
9901,3,B,1,202020502020,20200228,2,186
9902,4,B,0,202020502020,20200228,2,187
9903,3,B,1,202020502020,20200228,2,188
9904,4,B,1,202020502020,20200228,2,189
9905,3,B,0,202020502020,20200228,2,190
9906,4,B,0,202020502020,20200228,2,191
9907,3,B,0,202020502020,20200228,2,192
9908,4,B,1,202020502020,20200228,2,193
9909,3,B,0,202020502020,20200228,2,194
9910,4,B,1,202020502020,20200228,2,195
9911,3,B,0,202020502020,20200228,2,196
9912,4,B,1,202020502020,20200228,2,197
9913,3,B,0,202020502020,20200228,2,198
9914,4,B,1,202020502020,20200228,2,199
9915,4,B,0,202020502020,20200228,3,0
9916,3,B,0,202020502020,20200228,3,1
9917,5,C,0,202020502020,20200228,3,2
9918,6,C,0,202020502020,20200228,3,3
9919,5,C,0,202020502020,20200228,3,4
9920,6,C,1,202020502020,20200228,3,5
9921,5,C,0,202020502020,20200228,3,6
9922,6,C,0,202020502020,20200228,3,7
9923,5,C,0,202020502020,20200228,3,8
9924,2,A,0,202020502020,20200228,3,9
9925,1,A,0,202020502020,20200228,3,10
9926,2,A,0,202020502020,20200228,3,11
9927,1,A,0,202020502020,20200228,3,12
9928,2,A,0,202020502020,20200228,3,13
9929,4,B,0,202020502020,20200228,3,14
9930,3,B,0,202020502020,20200228,3,15
9931,4,B,0,202020502020,20200228,3,16
9932,6,C,0,202020502020,20200228,3,17
9933,5,C,0,202020502020,20200228,3,18
9934,6,C,0,202020502020,20200228,3,19
9935,4,B,0,202020502020,20200228,3,20
9936,3,B,1,202020502020,20200228,3,21
9937,4,B,0,202020502020,20200228,3,22
9938,3,B,1,202020502020,20200228,3,23
9939,2,A,0,202020502020,20200228,3,24
9940,1,A,0,202020502020,20200228,3,25
9941,2,A,1,202020502020,20200228,3,26
9942,1,A,1,202020502020,20200228,3,27
9943,2,A,0,202020502020,20200228,3,28
9944,1,A,1,202020502020,20200228,3,29
9945,2,A,0,202020502020,20200228,3,30
9946,1,A,0,202020502020,20200228,3,31
9947,2,A,0,202020502020,20200228,3,32
9948,1,A,1,202020502020,20200228,3,33
9949,2,A,0,202020502020,20200228,3,34
9950,1,A,0,202020502020,20200228,3,35
9951,2,A,0,202020502020,20200228,3,36
9952,1,A,0,202020502020,20200228,3,37
9953,2,A,0,202020502020,20200228,3,38
9954,5,C,0,202020502020,20200228,3,39
9955,6,C,1,202020502020,20200228,3,40
9956,5,C,0,202020502020,20200228,3,41
9957,6,C,0,202020502020,20200228,3,42
9958,5,C,0,202020502020,20200228,3,43
9959,6,C,0,202020502020,20200228,3,44
9960,5,C,0,202020502020,20200228,3,45
9961,1,A,1,202020502020,20200228,3,46
9962,2,A,1,202020502020,20200228,3,47
9963,1,A,1,202020502020,20200228,3,48
9964,2,A,0,202020502020,20200228,3,49
9965,1,A,0,202020502020,20200228,3,50
9966,2,A,1,202020502020,20200228,3,51
9967,1,A,0,202020502020,20200228,3,52
9968,2,A,0,202020502020,20200228,3,53
9969,1,A,0,202020502020,20200228,3,54
9970,2,A,1,202020502020,20200228,3,55
9971,1,A,0,202020502020,20200228,3,56
9972,2,A,0,202020502020,20200228,3,57
9973,1,A,0,202020502020,20200228,3,58
9974,2,A,1,202020502020,20200228,3,59
9975,1,A,0,202020502020,20200228,3,60
9976,2,A,0,202020502020,20200228,3,61
9977,1,A,0,202020502020,20200228,3,62
9978,2,A,1,202020502020,20200228,3,63
9979,1,A,0,202020502020,20200228,3,64
9980,2,A,0,202020502020,20200228,3,65
9981,1,A,0,202020502020,20200228,3,66
9982,2,A,0,202020502020,20200228,3,67
9983,1,A,0,202020502020,20200228,3,68
9984,2,A,1,202020502020,20200228,3,69
9985,4,B,1,202020502020,20200228,3,70
9986,3,B,0,202020502020,20200228,3,71
9987,4,B,0,202020502020,20200228,3,72
9988,3,B,0,202020502020,20200228,3,73
9989,4,B,1,202020502020,20200228,3,74
9990,3,B,0,202020502020,20200228,3,75
9991,4,B,1,202020502020,20200228,3,76
9992,3,B,1,202020502020,20200228,3,77
9993,4,B,0,202020502020,20200228,3,78
9994,3,B,0,202020502020,20200228,3,79
9995,4,B,0,202020502020,20200228,3,80
9996,3,B,1,202020502020,20200228,3,81
9997,4,B,1,202020502020,20200228,3,82
9998,3,B,0,202020502020,20200228,3,83
9999,4,B,0,202020502020,20200228,3,84
10000,3,B,0,202020502020,20200228,3,85
10001,4,B,0,202020502020,20200228,3,86
10002,3,B,0,202020502020,20200228,3,87
10003,4,B,1,202020502020,20200228,3,88
10004,3,B,0,202020502020,20200228,3,89
10005,4,B,0,202020502020,20200228,3,90
10006,3,B,0,202020502020,20200228,3,91
10007,4,B,1,202020502020,20200228,3,92
10008,3,B,1,202020502020,20200228,3,93
10009,4,B,0,202020502020,20200228,3,94
10010,3,B,0,202020502020,20200228,3,95
10011,4,B,0,202020502020,20200228,3,96
10012,3,B,1,202020502020,20200228,3,97
10013,4,B,1,202020502020,20200228,3,98
10014,3,B,1,202020502020,20200228,3,99
10015,4,B,0,508050208020,20200228,3,100
10016,3,B,1,508050208020,20200228,3,101
10017,4,B,0,508050208020,20200228,3,102
10018,3,B,0,508050208020,20200228,3,103
10019,4,B,1,508050208020,20200228,3,104
10020,3,B,0,508050208020,20200228,3,105
10021,4,B,0,508050208020,20200228,3,106
10022,3,B,1,508050208020,20200228,3,107
10023,4,B,1,508050208020,20200228,3,108
10024,3,B,0,508050208020,20200228,3,109
10025,4,B,0,508050208020,20200228,3,110
10026,3,B,1,508050208020,20200228,3,111
10027,4,B,0,508050208020,20200228,3,112
10028,3,B,0,508050208020,20200228,3,113
10029,4,B,1,508050208020,20200228,3,114
10030,3,B,1,508050208020,20200228,3,115
10031,4,B,0,508050208020,20200228,3,116
10032,3,B,1,508050208020,20200228,3,117
10033,4,B,0,508050208020,20200228,3,118
10034,3,B,1,508050208020,20200228,3,119
10035,4,B,0,508050208020,20200228,3,120
10036,3,B,0,508050208020,20200228,3,121
10037,4,B,0,508050208020,20200228,3,122
10038,3,B,0,508050208020,20200228,3,123
10039,4,B,0,508050208020,20200228,3,124
10040,3,B,0,508050208020,20200228,3,125
10041,4,B,0,508050208020,20200228,3,126
10042,3,B,1,508050208020,20200228,3,127
10043,4,B,1,508050208020,20200228,3,128
10044,3,B,1,508050208020,20200228,3,129
10045,4,B,1,508050208020,20200228,3,130
10046,3,B,0,508050208020,20200228,3,131
10047,4,B,0,508050208020,20200228,3,132
10048,3,B,1,508050208020,20200228,3,133
10049,4,B,1,508050208020,20200228,3,134
10050,3,B,1,508050208020,20200228,3,135
10051,4,B,0,508050208020,20200228,3,136
10052,3,B,1,508050208020,20200228,3,137
10053,4,B,0,508050208020,20200228,3,138
10054,3,B,0,508050208020,20200228,3,139
10055,4,B,0,508050208020,20200228,3,140
10056,3,B,1,508050208020,20200228,3,141
10057,4,B,0,508050208020,20200228,3,142
10058,3,B,0,508050208020,20200228,3,143
10059,4,B,1,508050208020,20200228,3,144
10060,3,B,1,508050208020,20200228,3,145
10061,4,B,0,508050208020,20200228,3,146
10062,3,B,0,508050208020,20200228,3,147
10063,4,B,0,508050208020,20200228,3,148
10064,3,B,1,508050208020,20200228,3,149
10065,4,B,0,508050208020,20200228,3,150
10066,3,B,1,508050208020,20200228,3,151
10067,4,B,0,508050208020,20200228,3,152
10068,3,B,0,508050208020,20200228,3,153
10069,4,B,1,508050208020,20200228,3,154
10070,3,B,0,508050208020,20200228,3,155
10071,4,B,0,508050208020,20200228,3,156
10072,3,B,0,508050208020,20200228,3,157
10073,4,B,0,508050208020,20200228,3,158
10074,3,B,1,508050208020,20200228,3,159
10075,4,B,0,508050208020,20200228,3,160
10076,3,B,0,508050208020,20200228,3,161
10077,4,B,0,508050208020,20200228,3,162
10078,3,B,0,508050208020,20200228,3,163
10079,4,B,0,508050208020,20200228,3,164
10080,3,B,0,508050208020,20200228,3,165
10081,4,B,0,508050208020,20200228,3,166
10082,3,B,0,508050208020,20200228,3,167
10083,4,B,1,508050208020,20200228,3,168
10084,3,B,0,508050208020,20200228,3,169
10085,4,B,0,508050208020,20200228,3,170
10086,3,B,1,508050208020,20200228,3,171
10087,4,B,0,508050208020,20200228,3,172
10088,3,B,0,508050208020,20200228,3,173
10089,4,B,0,508050208020,20200228,3,174
10090,3,B,0,508050208020,20200228,3,175
10091,4,B,0,508050208020,20200228,3,176
10092,3,B,0,508050208020,20200228,3,177
10093,4,B,0,508050208020,20200228,3,178
10094,3,B,1,508050208020,20200228,3,179
10095,4,B,0,508050208020,20200228,3,180
10096,3,B,1,508050208020,20200228,3,181
10097,4,B,1,508050208020,20200228,3,182
10098,3,B,0,508050208020,20200228,3,183
10099,4,B,0,508050208020,20200228,3,184
10100,3,B,1,508050208020,20200228,3,185
10101,4,B,0,508050208020,20200228,3,186
10102,3,B,0,508050208020,20200228,3,187
10103,4,B,1,508050208020,20200228,3,188
10104,3,B,1,508050208020,20200228,3,189
10105,4,B,0,508050208020,20200228,3,190
10106,3,B,0,508050208020,20200228,3,191
10107,4,B,0,508050208020,20200228,3,192
10108,3,B,1,508050208020,20200228,3,193
10109,4,B,0,508050208020,20200228,3,194
10110,3,B,0,508050208020,20200228,3,195
10111,4,B,0,508050208020,20200228,3,196
10112,3,B,1,508050208020,20200228,3,197
10113,4,B,0,508050208020,20200228,3,198
10114,3,B,1,508050208020,20200228,3,199
