,leaf,stem,reward,contingency,date,session,trial
0,3,B,1,805020802020,20210714,1,0
1,4,B,1,805016802020,20210714,1,1
2,3,B,0,805016642020,20210714,1,2
3,4,B,0,805012642020,20210714,1,3
4,5,C,0,805020802020,20210714,1,4
5,6,C,0,805020801620,20210714,1,5
6,5,C,0,805020801616,20210714,1,6
7,6,C,1,805020801216,20210714,1,7
8,2,A,1,805020802020,20210714,1,8
9,1,A,1,804020802020,20210714,1,9
10,2,A,0,644020802020,20210714,1,10
11,1,A,1,643220802020,20210714,1,11
12,2,A,0,513220802020,20210714,1,12
13,1,A,0,512520802020,20210714,1,13
14,2,A,0,402520802020,20210714,1,14
15,1,A,1,402020802020,20210714,1,15
16,2,A,0,322020802020,20210714,1,16
17,1,A,1,321620802020,20210714,1,17
18,2,A,0,261620802020,20210714,1,18
19,1,A,1,261320802020,20210714,1,19
20,2,A,0,201320802020,20210714,1,20
21,1,A,1,201020802020,20210714,1,21
22,2,A,0,161020802020,20210714,1,22
23,1,A,0,160820802020,20210714,1,23
24,2,A,0,130820802020,20210714,1,24
25,1,A,0,130620802020,20210714,1,25
26,3,B,0,805020802020,20210714,1,26
27,4,B,1,805016802020,20210714,1,27
28,3,B,1,805016642020,20210714,1,28
29,4,B,1,805012642020,20210714,1,29
30,3,B,0,805012512020,20210714,1,30
31,4,B,0,805010512020,20210714,1,31
32,3,B,0,805010402020,20210714,1,32
33,4,B,0,805008402020,20210714,1,33
34,3,B,0,805008322020,20210714,1,34
35,4,B,0,805006322020,20210714,1,35
36,3,B,0,805006262020,20210714,1,36
37,4,B,0,805005262020,20210714,1,37
38,5,C,0,805020802020,20210714,1,38
39,6,C,0,805020801620,20210714,1,39
40,5,C,0,805020801616,20210714,1,40
41,6,C,0,805020801216,20210714,1,41
42,5,C,0,805020801212,20210714,1,42
43,2,A,0,805020802020,20210714,1,43
44,1,A,1,804020802020,20210714,1,44
45,2,A,1,644020802020,20210714,1,45
46,1,A,1,643220802020,20210714,1,46
47,2,A,1,513220802020,20210714,1,47
48,1,A,0,512520802020,20210714,1,48
49,2,A,0,402520802020,20210714,1,49
50,1,A,0,402020802020,20210714,1,50
51,2,A,0,322020802020,20210714,1,51
52,1,A,0,321620802020,20210714,1,52
53,2,A,1,261620802020,20210714,1,53
54,1,A,0,261320802020,20210714,1,54
55,2,A,0,201320802020,20210714,1,55
56,1,A,0,201020802020,20210714,1,56
57,2,A,0,161020802020,20210714,1,57
58,5,C,0,805020802020,20210714,1,58
59,6,C,0,805020801620,20210714,1,59
60,5,C,0,805020801616,20210714,1,60
61,6,C,1,805020801216,20210714,1,61
62,5,C,0,805020801212,20210714,1,62
63,6,C,0,805020801012,20210714,1,63
64,5,C,1,805020801010,20210714,1,64
65,6,C,0,805020800810,20210714,1,65
66,5,C,0,805020800808,20210714,1,66
67,2,A,0,805020802020,20210714,1,67
68,1,A,1,804020802020,20210714,1,68
69,2,A,1,644020802020,20210714,1,69
70,1,A,1,643220802020,20210714,1,70
71,2,A,0,513220802020,20210714,1,71
72,1,A,1,512520802020,20210714,1,72
73,2,A,0,402520802020,20210714,1,73
74,1,A,0,402020802020,20210714,1,74
75,2,A,0,322020802020,20210714,1,75
76,1,A,0,321620802020,20210714,1,76
77,2,A,1,261620802020,20210714,1,77
78,3,B,0,805020802020,20210714,1,78
79,4,B,1,805016802020,20210714,1,79
80,3,B,0,805016642020,20210714,1,80
81,4,B,1,805012642020,20210714,1,81
82,3,B,0,805012512020,20210714,1,82
83,4,B,0,805010512020,20210714,1,83
84,3,B,0,805010402020,20210714,1,84
85,4,B,0,805008402020,20210714,1,85
86,3,B,0,805008322020,20210714,1,86
87,4,B,1,805006322020,20210714,1,87
88,3,B,0,805006262020,20210714,1,88
89,4,B,0,805005262020,20210714,1,89
90,3,B,0,805005202020,20210714,1,90
91,4,B,0,805004202020,20210714,1,91
92,5,C,0,805020802020,20210714,1,92
93,6,C,0,805020801620,20210714,1,93
94,5,C,1,805020801616,20210714,1,94
95,6,C,0,805020801216,20210714,1,95
96,5,C,0,805020801212,20210714,1,96
97,6,C,0,805020801012,20210714,1,97
98,5,C,0,805020801010,20210714,1,98
99,2,A,1,805020802020,20210714,1,99
100,1,A,1,804020802020,20210714,1,100
101,2,A,0,644020802020,20210714,1,101
102,1,A,1,643220802020,20210714,1,102
103,2,A,0,513220802020,20210714,1,103
104,1,A,1,512520802020,20210714,1,104
105,2,A,0,402520802020,20210714,1,105
106,1,A,1,402020802020,20210714,1,106
107,2,A,1,322020802020,20210714,1,107
108,1,A,0,321620802020,20210714,1,108
109,2,A,0,261620802020,20210714,1,109
110,1,A,1,261320802020,20210714,1,110
111,2,A,0,201320802020,20210714,1,111
112,1,A,0,201020802020,20210714,1,112
113,2,A,0,161020802020,20210714,1,113
114,1,A,1,160820802020,20210714,1,114
115,2,A,1,130820802020,20210714,1,115
116,1,A,0,130620802020,20210714,1,116
117,2,A,0,100620802020,20210714,1,117
118,1,A,0,100520802020,20210714,1,118
119,2,A,0,080520802020,20210714,1,119
120,1,A,0,080420802020,20210714,1,120
121,2,A,0,060420802020,20210714,1,121
122,1,A,0,060320802020,20210714,1,122
123,2,A,0,050320802020,20210714,1,123
124,4,B,1,805020802020,20210714,1,124
125,3,B,0,805020642020,20210714,1,125
126,4,B,1,805016642020,20210714,1,126
127,3,B,0,805016512020,20210714,1,127
128,4,B,1,805012512020,20210714,1,128
129,3,B,0,805012402020,20210714,1,129
130,4,B,0,805010402020,20210714,1,130
131,3,B,0,805010322020,20210714,1,131
132,4,B,0,805008322020,20210714,1,132
133,3,B,1,805008262020,20210714,1,133
134,4,B,0,805006262020,20210714,1,134
135,3,B,0,805006202020,20210714,1,135
136,4,B,0,805005202020,20210714,1,136
137,3,B,0,805005162020,20210714,1,137
138,4,B,0,805004162020,20210714,1,138
139,3,B,0,805004132020,20210714,1,139
140,4,B,0,805003132020,20210714,1,140
141,5,C,0,805020802020,20210714,1,141
142,6,C,1,805020801620,20210714,1,142
143,5,C,0,805020801616,20210714,1,143
144,6,C,0,805020801216,20210714,1,144
145,5,C,0,805020801212,20210714,1,145
146,6,C,0,805020801012,20210714,1,146
147,5,C,0,805020801010,20210714,1,147
148,6,C,1,805020800810,20210714,1,148
149,5,C,0,805020800808,20210714,1,149
150,6,C,0,805020800608,20210714,1,150
151,5,C,0,805020800606,20210714,1,151
152,6,C,0,805020800506,20210714,1,152
153,5,C,0,805020800505,20210714,1,153
154,2,A,1,805020802020,20210714,1,154
155,1,A,1,804020802020,20210714,1,155
156,2,A,0,644020802020,20210714,1,156
157,1,A,1,643220802020,20210714,1,157
158,2,A,0,513220802020,20210714,1,158
159,1,A,1,512520802020,20210714,1,159
160,2,A,0,402520802020,20210714,1,160
161,1,A,1,402020802020,20210714,1,161
162,2,A,0,322020802020,20210714,1,162
163,1,A,1,321620802020,20210714,1,163
164,2,A,0,261620802020,20210714,1,164
165,1,A,0,261320802020,20210714,1,165
166,2,A,0,201320802020,20210714,1,166
167,1,A,0,201020802020,20210714,1,167
168,2,A,0,161020802020,20210714,1,168
169,1,A,0,160820802020,20210714,1,169
170,2,A,0,130820802020,20210714,1,170
171,1,A,1,130620802020,20210714,1,171
172,2,A,0,100620802020,20210714,1,172
173,1,A,0,100520802020,20210714,1,173
174,2,A,0,080520802020,20210714,1,174
175,1,A,1,080420802020,20210714,1,175
176,2,A,0,060420802020,20210714,1,176
177,1,A,0,060320802020,20210714,1,177
178,2,A,0,050320802020,20210714,1,178
179,1,A,0,050220802020,20210714,1,179
180,4,B,1,805020802020,20210714,1,180
181,3,B,0,805020642020,20210714,1,181
182,4,B,1,805016642020,20210714,1,182
183,3,B,0,805016512020,20210714,1,183
184,4,B,1,805012512020,20210714,1,184
185,3,B,0,805012402020,20210714,1,185
186,4,B,1,805010402020,20210714,1,186
187,3,B,0,805010322020,20210714,1,187
188,4,B,1,805008322020,20210714,1,188
189,3,B,0,805008262020,20210714,1,189
190,4,B,0,805006262020,20210714,1,190
191,3,B,0,805006202020,20210714,1,191
192,4,B,0,805005202020,20210714,1,192
193,3,B,0,805005162020,20210714,1,193
194,4,B,0,805004162020,20210714,1,194
195,5,C,0,805020802020,20210714,1,195
196,6,C,0,805020801620,20210714,1,196
197,5,C,1,805020801616,20210714,1,197
198,6,C,0,805020801216,20210714,1,198
199,5,C,0,805020801212,20210714,1,199
200,6,C,0,805020801012,20210714,1,200
201,5,C,0,805020801010,20210714,1,201
202,6,C,0,805020800810,20210714,1,202
203,5,C,0,805020800808,20210714,1,203
204,6,C,0,805020800608,20210714,1,204
205,5,C,0,805020800606,20210714,1,205
206,6,C,0,805020800506,20210714,1,206
207,5,C,0,805020800505,20210714,1,207
208,2,A,1,805020802020,20210714,1,208
209,1,A,0,804020802020,20210714,1,209
210,2,A,0,644020802020,20210714,1,210
211,1,A,1,643220802020,20210714,1,211
212,2,A,0,513220802020,20210714,1,212
213,1,A,1,512520802020,20210714,1,213
214,2,A,0,402520802020,20210714,1,214
215,1,A,0,402020802020,20210714,1,215
216,2,A,1,322020802020,20210714,1,216
217,1,A,1,321620802020,20210714,1,217
218,2,A,0,261620802020,20210714,1,218
219,1,A,0,261320802020,20210714,1,219
220,2,A,0,201320802020,20210714,1,220
221,1,A,1,201020802020,20210714,1,221
222,2,A,0,161020802020,20210714,1,222
223,1,A,0,160820802020,20210714,1,223
224,2,A,0,130820802020,20210714,1,224
225,1,A,0,130620802020,20210714,1,225
226,4,B,1,805020802020,20210714,1,226
227,3,B,0,805020642020,20210714,1,227
228,4,B,1,805016642020,20210714,1,228
229,3,B,0,805016512020,20210714,1,229
230,4,B,0,805012512020,20210714,1,230
231,3,B,0,805012402020,20210714,1,231
232,4,B,0,805010402020,20210714,1,232
233,2,A,1,805020802020,20210714,1,233
234,1,A,0,804020802020,20210714,1,234
235,2,A,0,644020802020,20210714,1,235
236,1,A,1,643220802020,20210714,1,236
237,2,A,0,513220802020,20210714,1,237
238,1,A,1,512520802020,20210714,1,238
239,2,A,0,402520802020,20210714,1,239
240,1,A,0,402020802020,20210714,1,240
241,2,A,0,322020802020,20210714,1,241
242,1,A,1,321620802020,20210714,1,242
243,2,A,0,261620802020,20210714,1,243
244,1,A,0,261320802020,20210714,1,244
245,2,A,0,201320802020,20210714,1,245
246,1,A,0,201020802020,20210714,1,246
247,5,C,0,805020802020,20210714,1,247
248,6,C,1,805020801620,20210714,1,248
249,5,C,0,805020801616,20210714,1,249
250,6,C,0,805020801216,20210714,1,250
251,5,C,0,805020801212,20210714,1,251
252,6,C,0,805020801012,20210714,1,252
253,5,C,0,805020801010,20210714,1,253
254,2,A,0,805020802020,20210714,1,254
255,1,A,1,804020802020,20210714,1,255
256,2,A,0,644020802020,20210714,1,256
257,1,A,1,643220802020,20210714,1,257
258,2,A,0,513220802020,20210714,1,258
259,1,A,1,512520802020,20210714,1,259
260,2,A,0,402520802020,20210714,1,260
261,1,A,0,402020802020,20210714,1,261
262,4,B,1,805020802020,20210714,1,262
263,3,B,0,805020642020,20210714,1,263
264,4,B,1,805016642020,20210714,1,264
265,3,B,1,805016512020,20210714,1,265
266,4,B,0,805012512020,20210714,1,266
267,3,B,0,805012402020,20210714,1,267
268,4,B,0,805010402020,20210714,1,268
269,3,B,0,805010322020,20210714,1,269
270,4,B,0,805008322020,20210714,1,270
271,2,A,0,805020802020,20210714,1,271
272,1,A,0,804020802020,20210714,1,272
273,2,A,0,644020802020,20210714,1,273
274,1,A,1,643220802020,20210714,1,274
275,2,A,0,513220802020,20210714,1,275
276,1,A,1,512520802020,20210714,1,276
277,2,A,0,402520802020,20210714,1,277
278,1,A,1,402020802020,20210714,1,278
279,2,A,0,322020802020,20210714,1,279
280,1,A,0,321620802020,20210714,1,280
281,2,A,0,261620802020,20210714,1,281
282,1,A,1,261320802020,20210714,1,282
283,4,B,1,805020802020,20210714,1,283
284,3,B,0,805020642020,20210714,1,284
285,4,B,0,805016642020,20210714,1,285
286,3,B,0,805016512020,20210714,1,286
287,4,B,1,805012512020,20210714,1,287
288,3,B,0,805012402020,20210714,1,288
289,4,B,0,805010402020,20210714,1,289
290,3,B,0,805010322020,20210714,1,290
291,4,B,0,805008322020,20210714,1,291
292,2,A,1,805020802020,20210714,1,292
293,1,A,1,804020802020,20210714,1,293
294,2,A,1,644020802020,20210714,1,294
295,1,A,1,643220802020,20210714,1,295
296,2,A,0,513220802020,20210714,1,296
297,1,A,0,512520802020,20210714,1,297
298,2,A,1,402520802020,20210714,1,298
299,1,A,1,402020802020,20210714,1,299
300,3,B,0,502020205080,20210714,2,0
301,4,B,0,502016205080,20210714,2,1
302,5,C,1,502020205080,20210714,2,2
303,6,C,0,502020204080,20210714,2,3
304,5,C,0,502020204064,20210714,2,4
305,6,C,1,502020203264,20210714,2,5
306,2,A,0,502020205080,20210714,2,6
307,1,A,1,501620205080,20210714,2,7
308,2,A,0,401620205080,20210714,2,8
309,1,A,0,401220205080,20210714,2,9
310,2,A,0,321220205080,20210714,2,10
311,1,A,1,321020205080,20210714,2,11
312,2,A,0,251020205080,20210714,2,12
313,1,A,1,250820205080,20210714,2,13
314,2,A,0,200820205080,20210714,2,14
315,1,A,1,200620205080,20210714,2,15
316,2,A,0,160620205080,20210714,2,16
317,1,A,0,160520205080,20210714,2,17
318,2,A,0,130520205080,20210714,2,18
319,1,A,0,130420205080,20210714,2,19
320,4,B,1,502020205080,20210714,2,20
321,3,B,0,502020165080,20210714,2,21
322,4,B,0,502016165080,20210714,2,22
323,2,A,0,502020205080,20210714,2,23
324,1,A,1,501620205080,20210714,2,24
325,2,A,1,401620205080,20210714,2,25
326,1,A,1,401220205080,20210714,2,26
327,2,A,1,321220205080,20210714,2,27
328,1,A,0,321020205080,20210714,2,28
329,2,A,1,251020205080,20210714,2,29
330,1,A,0,250820205080,20210714,2,30
331,2,A,0,200820205080,20210714,2,31
332,1,A,0,200620205080,20210714,2,32
333,2,A,0,160620205080,20210714,2,33
334,1,A,0,160520205080,20210714,2,34
335,2,A,0,130520205080,20210714,2,35
336,1,A,0,130420205080,20210714,2,36
337,5,C,0,502020205080,20210714,2,37
338,6,C,1,502020204080,20210714,2,38
339,5,C,0,502020204064,20210714,2,39
340,6,C,0,502020203264,20210714,2,40
341,5,C,0,502020203251,20210714,2,41
342,6,C,0,502020202551,20210714,2,42
343,5,C,0,502020202540,20210714,2,43
344,2,A,1,502020205080,20210714,2,44
345,1,A,0,501620205080,20210714,2,45
346,2,A,0,401620205080,20210714,2,46
347,1,A,0,401220205080,20210714,2,47
348,2,A,0,321220205080,20210714,2,48
349,1,A,1,321020205080,20210714,2,49
350,2,A,0,251020205080,20210714,2,50
351,1,A,1,250820205080,20210714,2,51
352,2,A,0,200820205080,20210714,2,52
353,1,A,0,200620205080,20210714,2,53
354,2,A,0,160620205080,20210714,2,54
355,4,B,0,502020205080,20210714,2,55
356,3,B,0,502020165080,20210714,2,56
357,4,B,1,502016165080,20210714,2,57
358,3,B,0,502016125080,20210714,2,58
359,4,B,1,502012125080,20210714,2,59
360,3,B,0,502012105080,20210714,2,60
361,4,B,0,502010105080,20210714,2,61
362,3,B,0,502010085080,20210714,2,62
363,4,B,0,502008085080,20210714,2,63
364,2,A,0,502020205080,20210714,2,64
365,1,A,0,501620205080,20210714,2,65
366,2,A,0,401620205080,20210714,2,66
367,1,A,0,401220205080,20210714,2,67
368,5,C,0,502020205080,20210714,2,68
369,6,C,1,502020204080,20210714,2,69
370,5,C,1,502020204064,20210714,2,70
371,6,C,1,502020203264,20210714,2,71
372,5,C,0,502020203251,20210714,2,72
373,6,C,1,502020202551,20210714,2,73
374,5,C,0,502020202540,20210714,2,74
375,6,C,0,502020202040,20210714,2,75
376,5,C,0,502020202032,20210714,2,76
377,6,C,0,502020201632,20210714,2,77
378,5,C,0,502020201626,20210714,2,78
379,6,C,0,502020201326,20210714,2,79
380,5,C,0,502020201320,20210714,2,80
381,6,C,0,502020201020,20210714,2,81
382,5,C,0,502020201016,20210714,2,82
383,6,C,0,502020200816,20210714,2,83
384,5,C,0,502020200813,20210714,2,84
385,2,A,0,502020205080,20210714,2,85
386,1,A,1,501620205080,20210714,2,86
387,2,A,0,401620205080,20210714,2,87
388,1,A,1,401220205080,20210714,2,88
389,2,A,0,321220205080,20210714,2,89
390,1,A,0,321020205080,20210714,2,90
391,2,A,0,251020205080,20210714,2,91
392,1,A,0,250820205080,20210714,2,92
393,4,B,0,502020205080,20210714,2,93
394,3,B,0,502020165080,20210714,2,94
395,4,B,0,502016165080,20210714,2,95
396,2,A,1,502020205080,20210714,2,96
397,1,A,0,501620205080,20210714,2,97
398,2,A,0,401620205080,20210714,2,98
399,1,A,0,401220205080,20210714,2,99
400,2,A,0,321220205080,20210714,2,100
401,1,A,0,321020205080,20210714,2,101
402,5,C,1,502020205080,20210714,2,102
403,6,C,0,502020204080,20210714,2,103
404,5,C,0,502020204064,20210714,2,104
405,6,C,1,502020203264,20210714,2,105
406,5,C,0,502020203251,20210714,2,106
407,6,C,0,502020202551,20210714,2,107
408,5,C,1,502020202540,20210714,2,108
409,6,C,0,502020202040,20210714,2,109
410,5,C,0,502020202032,20210714,2,110
411,6,C,0,502020201632,20210714,2,111
412,5,C,0,502020201626,20210714,2,112
413,6,C,0,502020201326,20210714,2,113
414,5,C,0,502020201320,20210714,2,114
415,6,C,0,502020201020,20210714,2,115
416,5,C,0,502020201016,20210714,2,116
417,6,C,1,502020200816,20210714,2,117
418,5,C,0,502020200813,20210714,2,118
419,6,C,0,502020200613,20210714,2,119
420,5,C,0,502020200610,20210714,2,120
421,2,A,0,502020205080,20210714,2,121
422,1,A,0,501620205080,20210714,2,122
423,2,A,1,401620205080,20210714,2,123
424,1,A,0,401220205080,20210714,2,124
425,2,A,1,321220205080,20210714,2,125
426,1,A,0,321020205080,20210714,2,126
427,2,A,0,251020205080,20210714,2,127
428,1,A,0,250820205080,20210714,2,128
429,2,A,0,200820205080,20210714,2,129
430,4,B,0,502020205080,20210714,2,130
431,3,B,0,502020165080,20210714,2,131
432,4,B,0,502016165080,20210714,2,132
433,3,B,0,502016125080,20210714,2,133
434,4,B,0,502012125080,20210714,2,134
435,3,B,0,502012105080,20210714,2,135
436,4,B,1,502010105080,20210714,2,136
437,3,B,0,502010085080,20210714,2,137
438,4,B,0,502008085080,20210714,2,138
439,2,A,0,502020205080,20210714,2,139
440,1,A,0,501620205080,20210714,2,140
441,2,A,0,401620205080,20210714,2,141
442,1,A,0,401220205080,20210714,2,142
443,2,A,0,321220205080,20210714,2,143
444,1,A,0,321020205080,20210714,2,144
445,5,C,1,502020205080,20210714,2,145
446,6,C,1,502020204080,20210714,2,146
447,5,C,0,502020204064,20210714,2,147
448,6,C,1,502020203264,20210714,2,148
449,5,C,0,502020203251,20210714,2,149
450,6,C,1,502020202551,20210714,2,150
451,5,C,1,502020202540,20210714,2,151
452,6,C,0,502020202040,20210714,2,152
453,5,C,1,502020202032,20210714,2,153
454,6,C,0,502020201632,20210714,2,154
455,5,C,1,502020201626,20210714,2,155
456,6,C,0,502020201326,20210714,2,156
457,5,C,0,502020201320,20210714,2,157
458,6,C,1,502020201020,20210714,2,158
459,5,C,0,502020201016,20210714,2,159
460,6,C,0,502020200816,20210714,2,160
461,5,C,0,502020200813,20210714,2,161
462,6,C,0,502020200613,20210714,2,162
463,5,C,0,502020200610,20210714,2,163
464,6,C,0,502020200510,20210714,2,164
465,5,C,0,502020200508,20210714,2,165
466,6,C,0,502020200408,20210714,2,166
467,5,C,0,502020200406,20210714,2,167
468,2,A,0,502020205080,20210714,2,168
469,1,A,0,501620205080,20210714,2,169
470,2,A,0,401620205080,20210714,2,170
471,1,A,0,401220205080,20210714,2,171
472,2,A,0,321220205080,20210714,2,172
473,4,B,0,502020205080,20210714,2,173
474,3,B,0,502020165080,20210714,2,174
475,4,B,0,502016165080,20210714,2,175
476,3,B,0,502016125080,20210714,2,176
477,4,B,0,502012125080,20210714,2,177
478,2,A,0,502020205080,20210714,2,178
479,1,A,1,501620205080,20210714,2,179
480,2,A,0,401620205080,20210714,2,180
481,1,A,0,401220205080,20210714,2,181
482,2,A,0,321220205080,20210714,2,182
483,1,A,0,321020205080,20210714,2,183
484,2,A,0,251020205080,20210714,2,184
485,1,A,0,250820205080,20210714,2,185
486,5,C,0,502020205080,20210714,2,186
487,6,C,1,502020204080,20210714,2,187
488,5,C,0,502020204064,20210714,2,188
489,6,C,0,502020203264,20210714,2,189
490,5,C,0,502020203251,20210714,2,190
491,6,C,1,502020202551,20210714,2,191
492,5,C,0,502020202540,20210714,2,192
493,6,C,0,502020202040,20210714,2,193
494,5,C,0,502020202032,20210714,2,194
495,6,C,0,502020201632,20210714,2,195
496,5,C,0,502020201626,20210714,2,196
497,6,C,0,502020201326,20210714,2,197
498,5,C,0,502020201320,20210714,2,198
499,6,C,1,502020201020,20210714,2,199
500,5,C,0,502020201016,20210714,2,200
501,6,C,0,502020200816,20210714,2,201
502,5,C,0,502020200813,20210714,2,202
503,6,C,0,502020200613,20210714,2,203
504,2,A,0,502020205080,20210714,2,204
505,1,A,1,501620205080,20210714,2,205
506,2,A,0,401620205080,20210714,2,206
507,1,A,1,401220205080,20210714,2,207
508,2,A,0,321220205080,20210714,2,208
509,1,A,0,321020205080,20210714,2,209
510,2,A,0,251020205080,20210714,2,210
511,1,A,0,250820205080,20210714,2,211
512,5,C,1,502020205080,20210714,2,212
513,6,C,1,502020204080,20210714,2,213
514,5,C,1,502020204064,20210714,2,214
515,6,C,1,502020203264,20210714,2,215
516,5,C,0,502020203251,20210714,2,216
517,6,C,0,502020202551,20210714,2,217
518,5,C,1,502020202540,20210714,2,218
519,6,C,1,502020202040,20210714,2,219
520,5,C,0,502020202032,20210714,2,220
521,6,C,0,502020201632,20210714,2,221
522,5,C,0,502020201626,20210714,2,222
523,6,C,0,502020201326,20210714,2,223
524,5,C,0,502020201320,20210714,2,224
525,6,C,0,502020201020,20210714,2,225
526,5,C,0,502020201016,20210714,2,226
527,2,A,1,502020205080,20210714,2,227
528,1,A,0,501620205080,20210714,2,228
529,2,A,0,401620205080,20210714,2,229
530,1,A,0,401220205080,20210714,2,230
531,4,B,0,502020205080,20210714,2,231
532,3,B,1,502020165080,20210714,2,232
533,4,B,0,502016165080,20210714,2,233
534,3,B,1,502016125080,20210714,2,234
535,4,B,0,502012125080,20210714,2,235
536,3,B,0,502012105080,20210714,2,236
537,4,B,1,502010105080,20210714,2,237
538,3,B,0,502010085080,20210714,2,238
539,4,B,0,502008085080,20210714,2,239
540,3,B,0,502008065080,20210714,2,240
541,4,B,0,502006065080,20210714,2,241
542,2,A,0,502020205080,20210714,2,242
543,1,A,1,501620205080,20210714,2,243
544,2,A,0,401620205080,20210714,2,244
545,1,A,0,401220205080,20210714,2,245
546,2,A,0,321220205080,20210714,2,246
547,1,A,1,321020205080,20210714,2,247
548,2,A,1,251020205080,20210714,2,248
549,1,A,1,250820205080,20210714,2,249
550,2,A,0,200820205080,20210714,2,250
551,1,A,0,200620205080,20210714,2,251
552,2,A,0,160620205080,20210714,2,252
553,1,A,0,160520205080,20210714,2,253
554,5,C,1,502020205080,20210714,2,254
555,6,C,0,502020204080,20210714,2,255
556,5,C,0,502020204064,20210714,2,256
557,6,C,1,502020203264,20210714,2,257
558,5,C,0,502020203251,20210714,2,258
559,6,C,1,502020202551,20210714,2,259
560,5,C,0,502020202540,20210714,2,260
561,6,C,1,502020202040,20210714,2,261
562,5,C,0,502020202032,20210714,2,262
563,6,C,0,502020201632,20210714,2,263
564,5,C,0,502020201626,20210714,2,264
565,6,C,0,502020201326,20210714,2,265
566,5,C,0,502020201320,20210714,2,266
567,6,C,0,502020201020,20210714,2,267
568,5,C,0,502020201016,20210714,2,268
569,6,C,0,502020200816,20210714,2,269
570,5,C,0,502020200813,20210714,2,270
571,2,A,0,502020205080,20210714,2,271
572,1,A,1,501620205080,20210714,2,272
573,2,A,0,401620205080,20210714,2,273
574,1,A,0,401220205080,20210714,2,274
575,2,A,1,321220205080,20210714,2,275
576,1,A,0,321020205080,20210714,2,276
577,2,A,1,251020205080,20210714,2,277
578,1,A,1,250820205080,20210714,2,278
579,2,A,0,200820205080,20210714,2,279
580,1,A,0,200620205080,20210714,2,280
581,2,A,0,160620205080,20210714,2,281
582,1,A,1,160520205080,20210714,2,282
583,2,A,0,130520205080,20210714,2,283
584,1,A,1,130420205080,20210714,2,284
585,2,A,0,100420205080,20210714,2,285
586,1,A,0,100320205080,20210714,2,286
587,4,B,0,502020205080,20210714,2,287
588,3,B,0,502020165080,20210714,2,288
589,4,B,1,502016165080,20210714,2,289
590,3,B,0,502016125080,20210714,2,290
591,4,B,1,502012125080,20210714,2,291
592,3,B,0,502012105080,20210714,2,292
593,4,B,0,502010105080,20210714,2,293
594,3,B,1,502010085080,20210714,2,294
595,4,B,0,502008085080,20210714,2,295
596,3,B,0,502008065080,20210714,2,296
597,2,A,0,502020205080,20210714,2,297
598,1,A,0,501620205080,20210714,2,298
599,2,A,0,401620205080,20210714,2,299
600,3,B,1,502080505020,20210714,3,0
601,4,B,0,502064505020,20210714,3,1
602,5,C,1,502080505020,20210714,3,2
603,6,C,1,502080504020,20210714,3,3
604,5,C,0,502080504016,20210714,3,4
605,6,C,0,502080503216,20210714,3,5
606,2,A,0,502080505020,20210714,3,6
607,1,A,1,501680505020,20210714,3,7
608,2,A,1,401680505020,20210714,3,8
609,1,A,0,401280505020,20210714,3,9
610,2,A,0,321280505020,20210714,3,10
611,1,A,0,321080505020,20210714,3,11
612,2,A,0,251080505020,20210714,3,12
613,5,C,0,502080505020,20210714,3,13
614,6,C,0,502080504020,20210714,3,14
615,5,C,1,502080504016,20210714,3,15
616,6,C,0,502080503216,20210714,3,16
617,2,A,0,502080505020,20210714,3,17
618,1,A,0,501680505020,20210714,3,18
619,2,A,0,401680505020,20210714,3,19
620,4,B,0,502080505020,20210714,3,20
621,3,B,0,502080405020,20210714,3,21
622,4,B,1,502064405020,20210714,3,22
623,3,B,1,502064325020,20210714,3,23
624,4,B,0,502051325020,20210714,3,24
625,3,B,0,502051255020,20210714,3,25
626,4,B,0,502040255020,20210714,3,26
627,3,B,0,502040205020,20210714,3,27
628,5,C,1,502080505020,20210714,3,28
629,6,C,0,502080504020,20210714,3,29
630,5,C,1,502080504016,20210714,3,30
631,6,C,0,502080503216,20210714,3,31
632,5,C,1,502080503212,20210714,3,32
633,6,C,0,502080502512,20210714,3,33
634,5,C,0,502080502510,20210714,3,34
635,6,C,0,502080502010,20210714,3,35
636,5,C,0,502080502008,20210714,3,36
637,6,C,1,502080501608,20210714,3,37
638,5,C,0,502080501606,20210714,3,38
639,6,C,1,502080501306,20210714,3,39
640,5,C,0,502080501305,20210714,3,40
641,6,C,0,502080501005,20210714,3,41
642,5,C,0,502080501004,20210714,3,42
643,6,C,0,502080500804,20210714,3,43
644,2,A,1,502080505020,20210714,3,44
645,1,A,1,501680505020,20210714,3,45
646,2,A,0,401680505020,20210714,3,46
647,1,A,0,401280505020,20210714,3,47
648,2,A,0,321280505020,20210714,3,48
649,1,A,0,321080505020,20210714,3,49
650,4,B,1,502080505020,20210714,3,50
651,3,B,1,502080405020,20210714,3,51
652,4,B,0,502064405020,20210714,3,52
653,3,B,0,502064325020,20210714,3,53
654,4,B,0,502051325020,20210714,3,54
655,3,B,1,502051255020,20210714,3,55
656,4,B,0,502040255020,20210714,3,56
657,3,B,0,502040205020,20210714,3,57
658,4,B,0,502032205020,20210714,3,58
659,3,B,1,502032165020,20210714,3,59
660,4,B,0,502026165020,20210714,3,60
661,3,B,0,502026135020,20210714,3,61
662,5,C,0,502080505020,20210714,3,62
663,6,C,0,502080504020,20210714,3,63
664,5,C,1,502080504016,20210714,3,64
665,6,C,0,502080503216,20210714,3,65
666,5,C,0,502080503212,20210714,3,66
667,6,C,0,502080502512,20210714,3,67
668,5,C,1,502080502510,20210714,3,68
669,6,C,0,502080502010,20210714,3,69
670,5,C,0,502080502008,20210714,3,70
671,6,C,0,502080501608,20210714,3,71
672,5,C,1,502080501606,20210714,3,72
673,6,C,0,502080501306,20210714,3,73
674,5,C,0,502080501305,20210714,3,74
675,6,C,0,502080501005,20210714,3,75
676,5,C,0,502080501004,20210714,3,76
677,2,A,0,502080505020,20210714,3,77
678,1,A,0,501680505020,20210714,3,78
679,2,A,1,401680505020,20210714,3,79
680,1,A,0,401280505020,20210714,3,80
681,2,A,1,321280505020,20210714,3,81
682,1,A,0,321080505020,20210714,3,82
683,2,A,0,251080505020,20210714,3,83
684,1,A,0,250880505020,20210714,3,84
685,2,A,0,200880505020,20210714,3,85
686,1,A,0,200680505020,20210714,3,86
687,3,B,0,502080505020,20210714,3,87
688,4,B,1,502064505020,20210714,3,88
689,3,B,0,502064405020,20210714,3,89
690,4,B,0,502051405020,20210714,3,90
691,3,B,0,502051325020,20210714,3,91
692,4,B,0,502040325020,20210714,3,92
693,3,B,1,502040255020,20210714,3,93
694,5,C,0,502080505020,20210714,3,94
695,6,C,1,502080504020,20210714,3,95
696,5,C,0,502080504016,20210714,3,96
697,6,C,0,502080503216,20210714,3,97
698,5,C,1,502080503212,20210714,3,98
699,6,C,0,502080502512,20210714,3,99
700,5,C,0,502080502510,20210714,3,100
701,6,C,0,502080502010,20210714,3,101
702,5,C,0,502080502008,20210714,3,102
703,6,C,0,502080501608,20210714,3,103
704,5,C,0,502080501606,20210714,3,104
705,2,A,0,502080505020,20210714,3,105
706,1,A,0,501680505020,20210714,3,106
707,2,A,1,401680505020,20210714,3,107
708,1,A,1,401280505020,20210714,3,108
709,2,A,0,321280505020,20210714,3,109
710,1,A,0,321080505020,20210714,3,110
711,2,A,0,251080505020,20210714,3,111
712,1,A,1,250880505020,20210714,3,112
713,2,A,0,200880505020,20210714,3,113
714,1,A,0,200680505020,20210714,3,114
715,2,A,0,160680505020,20210714,3,115
716,1,A,0,160580505020,20210714,3,116
717,3,B,0,502080505020,20210714,3,117
718,4,B,1,502064505020,20210714,3,118
719,3,B,0,502064405020,20210714,3,119
720,4,B,0,502051405020,20210714,3,120
721,3,B,1,502051325020,20210714,3,121
722,4,B,1,502040325020,20210714,3,122
723,3,B,0,502040255020,20210714,3,123
724,4,B,1,502032255020,20210714,3,124
725,3,B,0,502032205020,20210714,3,125
726,4,B,1,502026205020,20210714,3,126
727,3,B,0,502026165020,20210714,3,127
728,4,B,1,502020165020,20210714,3,128
729,3,B,0,502020135020,20210714,3,129
730,4,B,0,502016135020,20210714,3,130
731,3,B,0,502016105020,20210714,3,131
732,4,B,1,502013105020,20210714,3,132
733,3,B,0,502013085020,20210714,3,133
734,4,B,0,502010085020,20210714,3,134
735,3,B,0,502010065020,20210714,3,135
736,4,B,0,502008065020,20210714,3,136
737,3,B,0,502008055020,20210714,3,137
738,4,B,1,502006055020,20210714,3,138
739,2,A,0,502080505020,20210714,3,139
740,1,A,0,501680505020,20210714,3,140
741,2,A,0,401680505020,20210714,3,141
742,1,A,0,401280505020,20210714,3,142
743,2,A,1,321280505020,20210714,3,143
744,1,A,0,321080505020,20210714,3,144
745,2,A,0,251080505020,20210714,3,145
746,1,A,0,250880505020,20210714,3,146
747,5,C,0,502080505020,20210714,3,147
748,6,C,0,502080504020,20210714,3,148
749,5,C,0,502080504016,20210714,3,149
750,6,C,0,502080503216,20210714,3,150
751,5,C,0,502080503212,20210714,3,151
752,2,A,1,502080505020,20210714,3,152
753,1,A,1,501680505020,20210714,3,153
754,2,A,0,401680505020,20210714,3,154
755,1,A,1,401280505020,20210714,3,155
756,2,A,0,321280505020,20210714,3,156
757,1,A,0,321080505020,20210714,3,157
758,2,A,0,251080505020,20210714,3,158
759,1,A,1,250880505020,20210714,3,159
760,2,A,0,200880505020,20210714,3,160
761,1,A,0,200680505020,20210714,3,161
762,2,A,0,160680505020,20210714,3,162
763,1,A,0,160580505020,20210714,3,163
764,3,B,1,502080505020,20210714,3,164
765,4,B,1,502064505020,20210714,3,165
766,3,B,0,502064405020,20210714,3,166
767,4,B,0,502051405020,20210714,3,167
768,3,B,0,502051325020,20210714,3,168
769,4,B,0,502040325020,20210714,3,169
770,3,B,0,502040255020,20210714,3,170
771,4,B,1,502032255020,20210714,3,171
772,3,B,0,502032205020,20210714,3,172
773,4,B,1,502026205020,20210714,3,173
774,3,B,0,502026165020,20210714,3,174
775,4,B,1,502020165020,20210714,3,175
776,3,B,0,502020135020,20210714,3,176
777,4,B,0,502016135020,20210714,3,177
778,2,A,1,502080505020,20210714,3,178
779,1,A,0,501680505020,20210714,3,179
780,2,A,0,401680505020,20210714,3,180
781,1,A,0,401280505020,20210714,3,181
782,2,A,0,321280505020,20210714,3,182
783,1,A,1,321080505020,20210714,3,183
784,2,A,0,251080505020,20210714,3,184
785,1,A,0,250880505020,20210714,3,185
786,5,C,1,502080505020,20210714,3,186
787,6,C,1,502080504020,20210714,3,187
788,5,C,1,502080504016,20210714,3,188
789,6,C,1,502080503216,20210714,3,189
790,5,C,0,502080503212,20210714,3,190
791,6,C,0,502080502512,20210714,3,191
792,5,C,0,502080502510,20210714,3,192
793,6,C,0,502080502010,20210714,3,193
794,5,C,1,502080502008,20210714,3,194
795,6,C,0,502080501608,20210714,3,195
796,5,C,0,502080501606,20210714,3,196
797,6,C,0,502080501306,20210714,3,197
798,5,C,0,502080501305,20210714,3,198
799,6,C,0,502080501005,20210714,3,199
800,5,C,0,502080501004,20210714,3,200
801,2,A,1,502080505020,20210714,3,201
802,1,A,0,501680505020,20210714,3,202
803,2,A,1,401680505020,20210714,3,203
804,1,A,1,401280505020,20210714,3,204
805,2,A,0,321280505020,20210714,3,205
806,1,A,0,321080505020,20210714,3,206
807,2,A,0,251080505020,20210714,3,207
808,1,A,0,250880505020,20210714,3,208
809,3,B,0,502080505020,20210714,3,209
810,4,B,1,502064505020,20210714,3,210
811,3,B,1,502064405020,20210714,3,211
812,4,B,0,502051405020,20210714,3,212
813,3,B,1,502051325020,20210714,3,213
814,4,B,0,502040325020,20210714,3,214
815,3,B,0,502040255020,20210714,3,215
816,4,B,1,502032255020,20210714,3,216
817,3,B,0,502032205020,20210714,3,217
818,4,B,0,502026205020,20210714,3,218
819,3,B,0,502026165020,20210714,3,219
820,4,B,0,502020165020,20210714,3,220
821,3,B,0,502020135020,20210714,3,221
822,2,A,0,502080505020,20210714,3,222
823,1,A,0,501680505020,20210714,3,223
824,2,A,1,401680505020,20210714,3,224
825,1,A,0,401280505020,20210714,3,225
826,2,A,0,321280505020,20210714,3,226
827,1,A,1,321080505020,20210714,3,227
828,2,A,1,251080505020,20210714,3,228
829,1,A,0,250880505020,20210714,3,229
830,2,A,0,200880505020,20210714,3,230
831,1,A,1,200680505020,20210714,3,231
832,2,A,0,160680505020,20210714,3,232
833,1,A,0,160580505020,20210714,3,233
834,5,C,1,502080505020,20210714,3,234
835,6,C,0,502080504020,20210714,3,235
836,5,C,1,502080504016,20210714,3,236
837,6,C,0,502080503216,20210714,3,237
838,5,C,0,502080503212,20210714,3,238
839,6,C,0,502080502512,20210714,3,239
840,5,C,0,502080502510,20210714,3,240
841,2,A,0,502080505020,20210714,3,241
842,1,A,0,501680505020,20210714,3,242
843,2,A,0,401680505020,20210714,3,243
844,1,A,0,401280505020,20210714,3,244
845,3,B,1,502080505020,20210714,3,245
846,4,B,1,502064505020,20210714,3,246
847,3,B,1,502064405020,20210714,3,247
848,4,B,0,502051405020,20210714,3,248
849,3,B,1,502051325020,20210714,3,249
850,4,B,0,502040325020,20210714,3,250
851,3,B,1,502040255020,20210714,3,251
852,4,B,0,502032255020,20210714,3,252
853,3,B,0,502032205020,20210714,3,253
854,4,B,0,502026205020,20210714,3,254
855,3,B,0,502026165020,20210714,3,255
856,2,A,0,502080505020,20210714,3,256
857,1,A,1,501680505020,20210714,3,257
858,2,A,0,401680505020,20210714,3,258
859,1,A,0,401280505020,20210714,3,259
860,2,A,0,321280505020,20210714,3,260
861,1,A,1,321080505020,20210714,3,261
862,5,C,1,502080505020,20210714,3,262
863,6,C,0,502080504020,20210714,3,263
864,5,C,1,502080504016,20210714,3,264
865,6,C,0,502080503216,20210714,3,265
866,5,C,0,502080503212,20210714,3,266
867,6,C,0,502080502512,20210714,3,267
868,5,C,0,502080502510,20210714,3,268
869,2,A,1,502080505020,20210714,3,269
870,1,A,1,501680505020,20210714,3,270
871,2,A,0,401680505020,20210714,3,271
872,1,A,0,401280505020,20210714,3,272
873,2,A,0,321280505020,20210714,3,273
874,1,A,1,321080505020,20210714,3,274
875,2,A,0,251080505020,20210714,3,275
876,1,A,1,250880505020,20210714,3,276
877,2,A,0,200880505020,20210714,3,277
878,1,A,0,200680505020,20210714,3,278
879,4,B,0,502080505020,20210714,3,279
880,3,B,1,502080405020,20210714,3,280
881,4,B,1,502064405020,20210714,3,281
882,3,B,1,502064325020,20210714,3,282
883,4,B,0,502051325020,20210714,3,283
884,3,B,0,502051255020,20210714,3,284
885,4,B,0,502040255020,20210714,3,285
886,3,B,1,502040205020,20210714,3,286
887,4,B,0,502032205020,20210714,3,287
888,3,B,0,502032165020,20210714,3,288
889,4,B,0,502026165020,20210714,3,289
890,3,B,0,502026135020,20210714,3,290
891,2,A,0,502080505020,20210714,3,291
892,1,A,0,501680505020,20210714,3,292
893,2,A,0,401680505020,20210714,3,293
894,1,A,0,401280505020,20210714,3,294
895,2,A,0,321280505020,20210714,3,295
896,1,A,1,321080505020,20210714,3,296
897,2,A,0,251080505020,20210714,3,297
898,1,A,0,250880505020,20210714,3,298
899,5,C,1,502080505020,20210714,3,299
900,1,A,0,202020502080,20210714,4,0
901,2,A,0,162020502080,20210714,4,1
902,1,A,0,161620502080,20210714,4,2
903,2,A,1,121620502080,20210714,4,3
904,5,C,0,202020502080,20210714,4,4
905,6,C,0,202020501680,20210714,4,5
906,5,C,0,202020501664,20210714,4,6
907,6,C,1,202020501264,20210714,4,7
908,3,B,0,202020502080,20210714,4,8
909,4,B,0,202016502080,20210714,4,9
910,3,B,0,202016402080,20210714,4,10
911,4,B,1,202012402080,20210714,4,11
912,1,A,1,202020502080,20210714,4,12
913,2,A,0,162020502080,20210714,4,13
914,1,A,0,161620502080,20210714,4,14
915,2,A,0,121620502080,20210714,4,15
916,1,A,0,121220502080,20210714,4,16
917,5,C,0,202020502080,20210714,4,17
918,6,C,1,202020501680,20210714,4,18
919,5,C,0,202020501664,20210714,4,19
920,6,C,0,202020501264,20210714,4,20
921,5,C,0,202020501251,20210714,4,21
922,6,C,0,202020501051,20210714,4,22
923,2,A,0,202020502080,20210714,4,23
924,1,A,0,201620502080,20210714,4,24
925,2,A,0,161620502080,20210714,4,25
926,1,A,0,161220502080,20210714,4,26
927,4,B,0,202020502080,20210714,4,27
928,3,B,0,202020402080,20210714,4,28
929,4,B,1,202016402080,20210714,4,29
930,3,B,0,202016322080,20210714,4,30
931,4,B,0,202012322080,20210714,4,31
932,3,B,0,202012252080,20210714,4,32
933,4,B,0,202010252080,20210714,4,33
934,3,B,0,202010202080,20210714,4,34
935,4,B,0,202008202080,20210714,4,35
936,1,A,0,202020502080,20210714,4,36
937,2,A,0,162020502080,20210714,4,37
938,1,A,0,161620502080,20210714,4,38
939,5,C,0,202020502080,20210714,4,39
940,6,C,1,202020501680,20210714,4,40
941,5,C,0,202020501664,20210714,4,41
942,6,C,0,202020501264,20210714,4,42
943,5,C,1,202020501251,20210714,4,43
944,6,C,0,202020501051,20210714,4,44
945,5,C,0,202020501040,20210714,4,45
946,6,C,0,202020500840,20210714,4,46
947,5,C,0,202020500832,20210714,4,47
948,2,A,0,202020502080,20210714,4,48
949,1,A,0,201620502080,20210714,4,49
950,2,A,0,161620502080,20210714,4,50
951,1,A,1,161220502080,20210714,4,51
952,2,A,0,121220502080,20210714,4,52
953,1,A,0,121020502080,20210714,4,53
954,2,A,0,101020502080,20210714,4,54
955,1,A,0,100820502080,20210714,4,55
956,4,B,0,202020502080,20210714,4,56
957,3,B,0,202020402080,20210714,4,57
958,4,B,0,202016402080,20210714,4,58
959,3,B,0,202016322080,20210714,4,59
960,4,B,0,202012322080,20210714,4,60
961,3,B,0,202012252080,20210714,4,61
962,5,C,0,202020502080,20210714,4,62
963,6,C,0,202020501680,20210714,4,63
964,5,C,0,202020501664,20210714,4,64
965,6,C,0,202020501264,20210714,4,65
966,5,C,0,202020501251,20210714,4,66
967,2,A,0,202020502080,20210714,4,67
968,1,A,0,201620502080,20210714,4,68
969,2,A,0,161620502080,20210714,4,69
970,1,A,0,161220502080,20210714,4,70
971,4,B,0,202020502080,20210714,4,71
972,3,B,0,202020402080,20210714,4,72
973,4,B,1,202016402080,20210714,4,73
974,3,B,0,202016322080,20210714,4,74
975,4,B,0,202012322080,20210714,4,75
976,3,B,0,202012252080,20210714,4,76
977,1,A,0,202020502080,20210714,4,77
978,2,A,0,162020502080,20210714,4,78
979,1,A,0,161620502080,20210714,4,79
980,5,C,0,202020502080,20210714,4,80
981,6,C,1,202020501680,20210714,4,81
982,5,C,0,202020501664,20210714,4,82
983,6,C,0,202020501264,20210714,4,83
984,5,C,0,202020501251,20210714,4,84
985,6,C,0,202020501051,20210714,4,85
986,5,C,0,202020501040,20210714,4,86
987,4,B,1,202020502080,20210714,4,87
988,3,B,1,202020402080,20210714,4,88
989,4,B,0,202016402080,20210714,4,89
990,3,B,0,202016322080,20210714,4,90
991,4,B,0,202012322080,20210714,4,91
992,3,B,1,202012252080,20210714,4,92
993,4,B,0,202010252080,20210714,4,93
994,3,B,0,202010202080,20210714,4,94
995,4,B,0,202008202080,20210714,4,95
996,3,B,0,202008162080,20210714,4,96
997,2,A,1,202020502080,20210714,4,97
998,1,A,0,201620502080,20210714,4,98
999,2,A,0,161620502080,20210714,4,99
1000,1,A,0,161220502080,20210714,4,100
1001,5,C,0,202020502080,20210714,4,101
1002,6,C,1,202020501680,20210714,4,102
1003,5,C,0,202020501664,20210714,4,103
1004,6,C,1,202020501264,20210714,4,104
1005,5,C,0,202020501251,20210714,4,105
1006,6,C,1,202020501051,20210714,4,106
1007,5,C,0,202020501040,20210714,4,107
1008,6,C,1,202020500840,20210714,4,108
1009,5,C,0,202020500832,20210714,4,109
1010,6,C,0,202020500632,20210714,4,110
1011,5,C,0,202020500626,20210714,4,111
1012,6,C,0,202020500526,20210714,4,112
1013,5,C,0,202020500520,20210714,4,113
1014,6,C,0,202020500420,20210714,4,114
1015,5,C,0,202020500416,20210714,4,115
1016,6,C,0,202020500316,20210714,4,116
1017,5,C,0,202020500313,20210714,4,117
1018,6,C,0,202020500213,20210714,4,118
1019,1,A,1,202020502080,20210714,4,119
1020,2,A,1,162020502080,20210714,4,120
1021,1,A,0,161620502080,20210714,4,121
1022,2,A,0,121620502080,20210714,4,122
1023,1,A,1,121220502080,20210714,4,123
1024,2,A,0,101220502080,20210714,4,124
1025,1,A,0,101020502080,20210714,4,125
1026,4,B,1,202020502080,20210714,4,126
1027,3,B,1,202020402080,20210714,4,127
1028,4,B,1,202016402080,20210714,4,128
1029,3,B,0,202016322080,20210714,4,129
1030,4,B,0,202012322080,20210714,4,130
1031,3,B,0,202012252080,20210714,4,131
1032,4,B,1,202010252080,20210714,4,132
1033,3,B,0,202010202080,20210714,4,133
1034,4,B,0,202008202080,20210714,4,134
1035,3,B,0,202008162080,20210714,4,135
1036,4,B,1,202006162080,20210714,4,136
1037,5,C,0,202020502080,20210714,4,137
1038,6,C,1,202020501680,20210714,4,138
1039,5,C,0,202020501664,20210714,4,139
1040,6,C,0,202020501264,20210714,4,140
1041,5,C,0,202020501251,20210714,4,141
1042,6,C,1,202020501051,20210714,4,142
1043,5,C,0,202020501040,20210714,4,143
1044,6,C,0,202020500840,20210714,4,144
1045,5,C,0,202020500832,20210714,4,145
1046,6,C,0,202020500632,20210714,4,146
1047,5,C,0,202020500626,20210714,4,147
1048,6,C,0,202020500526,20210714,4,148
1049,2,A,1,202020502080,20210714,4,149
1050,1,A,1,201620502080,20210714,4,150
1051,2,A,0,161620502080,20210714,4,151
1052,1,A,0,161220502080,20210714,4,152
1053,2,A,0,121220502080,20210714,4,153
1054,1,A,0,121020502080,20210714,4,154
1055,4,B,1,202020502080,20210714,4,155
1056,3,B,0,202020402080,20210714,4,156
1057,4,B,1,202016402080,20210714,4,157
1058,3,B,0,202016322080,20210714,4,158
1059,4,B,0,202012322080,20210714,4,159
1060,3,B,0,202012252080,20210714,4,160
1061,4,B,0,202010252080,20210714,4,161
1062,1,A,0,202020502080,20210714,4,162
1063,2,A,0,162020502080,20210714,4,163
1064,1,A,0,161620502080,20210714,4,164
1065,5,C,0,202020502080,20210714,4,165
1066,6,C,0,202020501680,20210714,4,166
1067,5,C,0,202020501664,20210714,4,167
1068,4,B,1,202020502080,20210714,4,168
1069,3,B,0,202020402080,20210714,4,169
1070,4,B,1,202016402080,20210714,4,170
1071,3,B,0,202016322080,20210714,4,171
1072,4,B,0,202012322080,20210714,4,172
1073,3,B,0,202012252080,20210714,4,173
1074,4,B,0,202010252080,20210714,4,174
1075,2,A,0,202020502080,20210714,4,175
1076,1,A,1,201620502080,20210714,4,176
1077,2,A,0,161620502080,20210714,4,177
1078,1,A,0,161220502080,20210714,4,178
1079,2,A,0,121220502080,20210714,4,179
1080,1,A,1,121020502080,20210714,4,180
1081,4,B,1,202020502080,20210714,4,181
1082,3,B,1,202020402080,20210714,4,182
1083,4,B,0,202016402080,20210714,4,183
1084,3,B,1,202016322080,20210714,4,184
1085,4,B,1,202012322080,20210714,4,185
1086,3,B,0,202012252080,20210714,4,186
1087,4,B,0,202010252080,20210714,4,187
1088,3,B,0,202010202080,20210714,4,188
1089,4,B,0,202008202080,20210714,4,189
1090,3,B,0,202008162080,20210714,4,190
1091,4,B,0,202006162080,20210714,4,191
1092,2,A,0,202020502080,20210714,4,192
1093,1,A,1,201620502080,20210714,4,193
1094,2,A,0,161620502080,20210714,4,194
1095,1,A,0,161220502080,20210714,4,195
1096,2,A,0,121220502080,20210714,4,196
1097,1,A,0,121020502080,20210714,4,197
1098,5,C,0,202020502080,20210714,4,198
1099,6,C,0,202020501680,20210714,4,199
1100,5,C,1,202020501664,20210714,4,200
1101,6,C,1,202020501264,20210714,4,201
1102,5,C,0,202020501251,20210714,4,202
1103,6,C,0,202020501051,20210714,4,203
1104,5,C,0,202020501040,20210714,4,204
1105,2,A,0,202020502080,20210714,4,205
1106,1,A,0,201620502080,20210714,4,206
1107,2,A,0,161620502080,20210714,4,207
1108,1,A,1,161220502080,20210714,4,208
1109,2,A,0,121220502080,20210714,4,209
1110,1,A,0,121020502080,20210714,4,210
1111,4,B,1,202020502080,20210714,4,211
1112,3,B,0,202020402080,20210714,4,212
1113,4,B,0,202016402080,20210714,4,213
1114,3,B,0,202016322080,20210714,4,214
1115,4,B,0,202012322080,20210714,4,215
1116,1,A,0,202020502080,20210714,4,216
1117,2,A,0,162020502080,20210714,4,217
1118,1,A,0,161620502080,20210714,4,218
1119,6,C,1,202020502080,20210714,4,219
1120,5,C,1,202020502064,20210714,4,220
1121,6,C,0,202020501664,20210714,4,221
1122,5,C,0,202020501651,20210714,4,222
1123,6,C,0,202020501251,20210714,4,223
1124,5,C,0,202020501240,20210714,4,224
1125,6,C,0,202020501040,20210714,4,225
1126,5,C,0,202020501032,20210714,4,226
1127,2,A,0,202020502080,20210714,4,227
1128,1,A,1,201620502080,20210714,4,228
1129,2,A,0,161620502080,20210714,4,229
1130,1,A,0,161220502080,20210714,4,230
1131,4,B,0,202020502080,20210714,4,231
1132,3,B,0,202020402080,20210714,4,232
1133,4,B,1,202016402080,20210714,4,233
1134,3,B,0,202016322080,20210714,4,234
1135,4,B,1,202012322080,20210714,4,235
1136,3,B,0,202012252080,20210714,4,236
1137,4,B,0,202010252080,20210714,4,237
1138,3,B,0,202010202080,20210714,4,238
1139,4,B,0,202008202080,20210714,4,239
1140,1,A,0,202020502080,20210714,4,240
1141,2,A,0,162020502080,20210714,4,241
1142,1,A,1,161620502080,20210714,4,242
1143,2,A,0,121620502080,20210714,4,243
1144,1,A,0,121220502080,20210714,4,244
1145,5,C,1,202020502080,20210714,4,245
1146,6,C,1,202020501680,20210714,4,246
1147,5,C,0,202020501664,20210714,4,247
1148,6,C,1,202020501264,20210714,4,248
1149,5,C,0,202020501251,20210714,4,249
1150,6,C,1,202020501051,20210714,4,250
1151,5,C,0,202020501040,20210714,4,251
1152,6,C,0,202020500840,20210714,4,252
1153,5,C,0,202020500832,20210714,4,253
1154,6,C,0,202020500632,20210714,4,254
1155,5,C,0,202020500626,20210714,4,255
1156,2,A,1,202020502080,20210714,4,256
1157,1,A,1,201620502080,20210714,4,257
1158,2,A,1,161620502080,20210714,4,258
1159,1,A,1,161220502080,20210714,4,259
1160,2,A,0,121220502080,20210714,4,260
1161,1,A,0,121020502080,20210714,4,261
1162,5,C,0,202020502080,20210714,4,262
1163,6,C,1,202020501680,20210714,4,263
1164,5,C,0,202020501664,20210714,4,264
1165,6,C,1,202020501264,20210714,4,265
1166,5,C,0,202020501251,20210714,4,266
1167,6,C,0,202020501051,20210714,4,267
1168,2,A,1,202020502080,20210714,4,268
1169,1,A,0,201620502080,20210714,4,269
1170,2,A,0,161620502080,20210714,4,270
1171,1,A,0,161220502080,20210714,4,271
1172,6,C,1,202020502080,20210714,4,272
1173,5,C,0,202020502064,20210714,4,273
1174,6,C,1,202020501664,20210714,4,274
1175,5,C,0,202020501651,20210714,4,275
1176,6,C,1,202020501251,20210714,4,276
1177,2,A,1,202020502080,20210714,4,277
1178,1,A,1,201620502080,20210714,4,278
1179,2,A,0,161620502080,20210714,4,279
1180,1,A,0,161220502080,20210714,4,280
1181,2,A,0,121220502080,20210714,4,281
1182,1,A,0,121020502080,20210714,4,282
1183,4,B,1,202020502080,20210714,4,283
1184,3,B,0,202020402080,20210714,4,284
1185,4,B,0,202016402080,20210714,4,285
1186,3,B,0,202016322080,20210714,4,286
1187,4,B,0,202012322080,20210714,4,287
1188,2,A,0,202020502080,20210714,4,288
1189,1,A,0,201620502080,20210714,4,289
1190,6,C,1,202020502080,20210714,4,290
1191,5,C,0,202020502064,20210714,4,291
1192,6,C,1,202020501664,20210714,4,292
1193,5,C,0,202020501651,20210714,4,293
1194,6,C,0,202020501251,20210714,4,294
1195,2,A,0,202020502080,20210714,4,295
1196,1,A,0,201620502080,20210714,4,296
1197,2,A,0,161620502080,20210714,4,297
1198,1,A,1,161220502080,20210714,4,298
1199,4,B,1,202020502080,20210714,4,299
1200,3,B,1,502080502020,20210714,5,0
1201,4,B,0,502064502020,20210714,5,1
1202,5,C,0,502080502020,20210714,5,2
1203,6,C,0,502080501620,20210714,5,3
1204,5,C,0,502080501616,20210714,5,4
1205,6,C,0,502080501216,20210714,5,5
1206,2,A,0,502080502020,20210714,5,6
1207,1,A,0,501680502020,20210714,5,7
1208,2,A,0,401680502020,20210714,5,8
1209,1,A,0,401280502020,20210714,5,9
1210,4,B,0,502080502020,20210714,5,10
1211,3,B,1,502080402020,20210714,5,11
1212,4,B,0,502064402020,20210714,5,12
1213,3,B,1,502064322020,20210714,5,13
1214,4,B,1,502051322020,20210714,5,14
1215,3,B,1,502051252020,20210714,5,15
1216,4,B,0,502040252020,20210714,5,16
1217,3,B,0,502040202020,20210714,5,17
1218,4,B,1,502032202020,20210714,5,18
1219,3,B,0,502032162020,20210714,5,19
1220,4,B,0,502026162020,20210714,5,20
1221,3,B,0,502026132020,20210714,5,21
1222,4,B,0,502020132020,20210714,5,22
1223,6,C,0,502080502020,20210714,5,23
1224,5,C,0,502080502016,20210714,5,24
1225,6,C,0,502080501616,20210714,5,25
1226,5,C,0,502080501612,20210714,5,26
1227,6,C,1,502080501212,20210714,5,27
1228,5,C,0,502080501210,20210714,5,28
1229,6,C,0,502080501010,20210714,5,29
1230,5,C,0,502080501008,20210714,5,30
1231,6,C,1,502080500808,20210714,5,31
1232,5,C,0,502080500806,20210714,5,32
1233,6,C,0,502080500606,20210714,5,33
1234,2,A,1,502080502020,20210714,5,34
1235,1,A,1,501680502020,20210714,5,35
1236,2,A,0,401680502020,20210714,5,36
1237,1,A,1,401280502020,20210714,5,37
1238,2,A,1,321280502020,20210714,5,38
1239,1,A,1,321080502020,20210714,5,39
1240,2,A,0,251080502020,20210714,5,40
1241,1,A,1,250880502020,20210714,5,41
1242,2,A,0,200880502020,20210714,5,42
1243,1,A,0,200680502020,20210714,5,43
1244,2,A,0,160680502020,20210714,5,44
1245,1,A,0,160580502020,20210714,5,45
1246,2,A,0,130580502020,20210714,5,46
1247,1,A,0,130480502020,20210714,5,47
1248,4,B,0,502080502020,20210714,5,48
1249,3,B,1,502080402020,20210714,5,49
1250,4,B,1,502064402020,20210714,5,50
1251,3,B,0,502064322020,20210714,5,51
1252,4,B,1,502051322020,20210714,5,52
1253,3,B,1,502051252020,20210714,5,53
1254,4,B,0,502040252020,20210714,5,54
1255,3,B,1,502040202020,20210714,5,55
1256,4,B,0,502032202020,20210714,5,56
1257,3,B,1,502032162020,20210714,5,57
1258,4,B,0,502026162020,20210714,5,58
1259,3,B,0,502026132020,20210714,5,59
1260,4,B,0,502020132020,20210714,5,60
1261,3,B,0,502020102020,20210714,5,61
1262,4,B,0,502016102020,20210714,5,62
1263,6,C,0,502080502020,20210714,5,63
1264,5,C,1,502080502016,20210714,5,64
1265,6,C,0,502080501616,20210714,5,65
1266,5,C,1,502080501612,20210714,5,66
1267,6,C,1,502080501212,20210714,5,67
1268,5,C,0,502080501210,20210714,5,68
1269,6,C,0,502080501010,20210714,5,69
1270,5,C,0,502080501008,20210714,5,70
1271,6,C,0,502080500808,20210714,5,71
1272,2,A,0,502080502020,20210714,5,72
1273,1,A,0,501680502020,20210714,5,73
1274,2,A,0,401680502020,20210714,5,74
1275,1,A,0,401280502020,20210714,5,75
1276,2,A,1,321280502020,20210714,5,76
1277,1,A,0,321080502020,20210714,5,77
1278,2,A,0,251080502020,20210714,5,78
1279,1,A,0,250880502020,20210714,5,79
1280,4,B,0,502080502020,20210714,5,80
1281,3,B,1,502080402020,20210714,5,81
1282,4,B,0,502064402020,20210714,5,82
1283,3,B,1,502064322020,20210714,5,83
1284,4,B,0,502051322020,20210714,5,84
1285,3,B,1,502051252020,20210714,5,85
1286,4,B,1,502040252020,20210714,5,86
1287,3,B,0,502040202020,20210714,5,87
1288,4,B,0,502032202020,20210714,5,88
1289,3,B,1,502032162020,20210714,5,89
1290,4,B,0,502026162020,20210714,5,90
1291,3,B,0,502026132020,20210714,5,91
1292,4,B,0,502020132020,20210714,5,92
1293,3,B,0,502020102020,20210714,5,93
1294,6,C,0,502080502020,20210714,5,94
1295,5,C,0,502080502016,20210714,5,95
1296,6,C,0,502080501616,20210714,5,96
1297,5,C,0,502080501612,20210714,5,97
1298,6,C,1,502080501212,20210714,5,98
1299,5,C,0,502080501210,20210714,5,99
1300,6,C,0,502080501010,20210714,5,100
1301,5,C,0,502080501008,20210714,5,101
1302,6,C,0,502080500808,20210714,5,102
1303,2,A,0,502080502020,20210714,5,103
1304,1,A,0,501680502020,20210714,5,104
1305,2,A,0,401680502020,20210714,5,105
1306,1,A,0,401280502020,20210714,5,106
1307,4,B,1,502080502020,20210714,5,107
1308,3,B,1,502080402020,20210714,5,108
1309,4,B,0,502064402020,20210714,5,109
1310,3,B,1,502064322020,20210714,5,110
1311,4,B,0,502051322020,20210714,5,111
1312,3,B,1,502051252020,20210714,5,112
1313,4,B,0,502040252020,20210714,5,113
1314,3,B,0,502040202020,20210714,5,114
1315,4,B,1,502032202020,20210714,5,115
1316,3,B,0,502032162020,20210714,5,116
1317,4,B,0,502026162020,20210714,5,117
1318,3,B,1,502026132020,20210714,5,118
1319,6,C,0,502080502020,20210714,5,119
1320,5,C,0,502080502016,20210714,5,120
1321,6,C,1,502080501616,20210714,5,121
1322,5,C,0,502080501612,20210714,5,122
1323,6,C,0,502080501212,20210714,5,123
1324,2,A,0,502080502020,20210714,5,124
1325,1,A,0,501680502020,20210714,5,125
1326,2,A,0,401680502020,20210714,5,126
1327,1,A,0,401280502020,20210714,5,127
1328,2,A,0,321280502020,20210714,5,128
1329,1,A,1,321080502020,20210714,5,129
1330,4,B,1,502080502020,20210714,5,130
1331,3,B,1,502080402020,20210714,5,131
1332,4,B,0,502064402020,20210714,5,132
1333,3,B,1,502064322020,20210714,5,133
1334,4,B,1,502051322020,20210714,5,134
1335,3,B,0,502051252020,20210714,5,135
1336,4,B,0,502040252020,20210714,5,136
1337,3,B,1,502040202020,20210714,5,137
1338,4,B,0,502032202020,20210714,5,138
1339,3,B,0,502032162020,20210714,5,139
1340,2,A,1,502080502020,20210714,5,140
1341,1,A,0,501680502020,20210714,5,141
1342,2,A,0,401680502020,20210714,5,142
1343,1,A,1,401280502020,20210714,5,143
1344,2,A,0,321280502020,20210714,5,144
1345,1,A,1,321080502020,20210714,5,145
1346,2,A,0,251080502020,20210714,5,146
1347,1,A,0,250880502020,20210714,5,147
1348,4,B,0,502080502020,20210714,5,148
1349,3,B,0,502080402020,20210714,5,149
1350,4,B,1,502064402020,20210714,5,150
1351,3,B,1,502064322020,20210714,5,151
1352,4,B,0,502051322020,20210714,5,152
1353,3,B,0,502051252020,20210714,5,153
1354,4,B,0,502040252020,20210714,5,154
1355,3,B,0,502040202020,20210714,5,155
1356,6,C,0,502080502020,20210714,5,156
1357,5,C,0,502080502016,20210714,5,157
1358,6,C,0,502080501616,20210714,5,158
1359,5,C,0,502080501612,20210714,5,159
1360,6,C,0,502080501212,20210714,5,160
1361,2,A,1,502080502020,20210714,5,161
1362,1,A,1,501680502020,20210714,5,162
1363,2,A,0,401680502020,20210714,5,163
1364,1,A,0,401280502020,20210714,5,164
1365,2,A,0,321280502020,20210714,5,165
1366,1,A,0,321080502020,20210714,5,166
1367,5,C,0,502080502020,20210714,5,167
1368,6,C,0,502080501620,20210714,5,168
1369,4,B,1,502080502020,20210714,5,169
1370,3,B,1,502080402020,20210714,5,170
1371,4,B,0,502064402020,20210714,5,171
1372,3,B,0,502064322020,20210714,5,172
1373,4,B,0,502051322020,20210714,5,173
1374,3,B,0,502051252020,20210714,5,174
1375,2,A,0,502080502020,20210714,5,175
1376,1,A,1,501680502020,20210714,5,176
1377,2,A,1,401680502020,20210714,5,177
1378,1,A,0,401280502020,20210714,5,178
1379,2,A,0,321280502020,20210714,5,179
1380,1,A,1,321080502020,20210714,5,180
1381,2,A,0,251080502020,20210714,5,181
1382,1,A,0,250880502020,20210714,5,182
1383,5,C,1,502080502020,20210714,5,183
1384,6,C,1,502080501620,20210714,5,184
1385,5,C,0,502080501616,20210714,5,185
1386,6,C,0,502080501216,20210714,5,186
1387,5,C,1,502080501212,20210714,5,187
1388,6,C,0,502080501012,20210714,5,188
1389,5,C,0,502080501010,20210714,5,189
1390,3,B,1,502080502020,20210714,5,190
1391,4,B,0,502064502020,20210714,5,191
1392,3,B,1,502064402020,20210714,5,192
1393,4,B,1,502051402020,20210714,5,193
1394,3,B,1,502051322020,20210714,5,194
1395,4,B,1,502040322020,20210714,5,195
1396,3,B,1,502040252020,20210714,5,196
1397,4,B,0,502032252020,20210714,5,197
1398,3,B,1,502032202020,20210714,5,198
1399,4,B,1,502026202020,20210714,5,199
1400,3,B,0,502026162020,20210714,5,200
1401,4,B,0,502020162020,20210714,5,201
1402,3,B,0,502020132020,20210714,5,202
1403,4,B,0,502016132020,20210714,5,203
1404,3,B,0,502016102020,20210714,5,204
1405,2,A,0,502080502020,20210714,5,205
1406,1,A,1,501680502020,20210714,5,206
1407,2,A,0,401680502020,20210714,5,207
1408,1,A,1,401280502020,20210714,5,208
1409,2,A,0,321280502020,20210714,5,209
1410,1,A,0,321080502020,20210714,5,210
1411,4,B,1,502080502020,20210714,5,211
1412,3,B,1,502080402020,20210714,5,212
1413,4,B,1,502064402020,20210714,5,213
1414,3,B,0,502064322020,20210714,5,214
1415,4,B,0,502051322020,20210714,5,215
1416,3,B,0,502051252020,20210714,5,216
1417,6,C,0,502080502020,20210714,5,217
1418,5,C,0,502080502016,20210714,5,218
1419,6,C,0,502080501616,20210714,5,219
1420,5,C,0,502080501612,20210714,5,220
1421,6,C,0,502080501212,20210714,5,221
1422,5,C,0,502080501210,20210714,5,222
1423,2,A,1,502080502020,20210714,5,223
1424,1,A,1,501680502020,20210714,5,224
1425,2,A,0,401680502020,20210714,5,225
1426,1,A,0,401280502020,20210714,5,226
1427,2,A,1,321280502020,20210714,5,227
1428,1,A,1,321080502020,20210714,5,228
1429,2,A,0,251080502020,20210714,5,229
1430,1,A,0,250880502020,20210714,5,230
1431,4,B,0,502080502020,20210714,5,231
1432,3,B,1,502080402020,20210714,5,232
1433,4,B,0,502064402020,20210714,5,233
1434,3,B,1,502064322020,20210714,5,234
1435,4,B,1,502051322020,20210714,5,235
1436,3,B,0,502051252020,20210714,5,236
1437,4,B,0,502040252020,20210714,5,237
1438,3,B,0,502040202020,20210714,5,238
1439,4,B,0,502032202020,20210714,5,239
1440,3,B,1,502032162020,20210714,5,240
1441,2,A,0,502080502020,20210714,5,241
1442,1,A,0,501680502020,20210714,5,242
1443,2,A,0,401680502020,20210714,5,243
1444,1,A,0,401280502020,20210714,5,244
1445,5,C,0,502080502020,20210714,5,245
1446,6,C,0,502080501620,20210714,5,246
1447,5,C,0,502080501616,20210714,5,247
1448,2,A,0,502080502020,20210714,5,248
1449,1,A,1,501680502020,20210714,5,249
1450,2,A,0,401680502020,20210714,5,250
1451,1,A,0,401280502020,20210714,5,251
1452,4,B,1,502080502020,20210714,5,252
1453,3,B,1,502080402020,20210714,5,253
1454,4,B,1,502064402020,20210714,5,254
1455,3,B,1,502064322020,20210714,5,255
1456,4,B,1,502051322020,20210714,5,256
1457,3,B,1,502051252020,20210714,5,257
1458,4,B,0,502040252020,20210714,5,258
1459,3,B,1,502040202020,20210714,5,259
1460,4,B,0,502032202020,20210714,5,260
1461,3,B,1,502032162020,20210714,5,261
1462,4,B,0,502026162020,20210714,5,262
1463,3,B,0,502026132020,20210714,5,263
1464,4,B,1,502020132020,20210714,5,264
1465,3,B,0,502020102020,20210714,5,265
1466,4,B,0,502016102020,20210714,5,266
1467,3,B,0,502016082020,20210714,5,267
1468,2,A,0,502080502020,20210714,5,268
1469,1,A,0,501680502020,20210714,5,269
1470,2,A,0,401680502020,20210714,5,270
1471,1,A,0,401280502020,20210714,5,271
1472,4,B,0,502080502020,20210714,5,272
1473,3,B,1,502080402020,20210714,5,273
1474,4,B,0,502064402020,20210714,5,274
1475,3,B,0,502064322020,20210714,5,275
1476,4,B,1,502051322020,20210714,5,276
1477,3,B,0,502051252020,20210714,5,277
1478,4,B,0,502040252020,20210714,5,278
1479,3,B,0,502040202020,20210714,5,279
1480,2,A,0,502080502020,20210714,5,280
1481,1,A,1,501680502020,20210714,5,281
1482,2,A,1,401680502020,20210714,5,282
1483,1,A,1,401280502020,20210714,5,283
1484,2,A,0,321280502020,20210714,5,284
1485,1,A,1,321080502020,20210714,5,285
1486,2,A,0,251080502020,20210714,5,286
1487,1,A,0,250880502020,20210714,5,287
1488,4,B,1,502080502020,20210714,5,288
1489,3,B,1,502080402020,20210714,5,289
1490,4,B,0,502064402020,20210714,5,290
1491,3,B,0,502064322020,20210714,5,291
1492,4,B,0,502051322020,20210714,5,292
1493,3,B,0,502051252020,20210714,5,293
1494,1,A,1,502080502020,20210714,5,294
1495,2,A,0,402080502020,20210714,5,295
1496,1,A,1,401680502020,20210714,5,296
1497,2,A,0,321680502020,20210714,5,297
1498,1,A,0,321280502020,20210714,5,298
1499,4,B,0,502080502020,20210714,5,299
1500,3,B,0,508020208020,20210714,6,0
1501,4,B,0,508016208020,20210714,6,1
1502,5,C,1,508020208020,20210714,6,2
1503,6,C,0,508020206420,20210714,6,3
1504,5,C,1,508020206416,20210714,6,4
1505,6,C,0,508020205116,20210714,6,5
1506,5,C,0,508020205112,20210714,6,6
1507,1,A,1,508020208020,20210714,6,7
1508,2,A,1,408020208020,20210714,6,8
1509,1,A,0,406420208020,20210714,6,9
1510,2,A,1,326420208020,20210714,6,10
1511,1,A,0,325120208020,20210714,6,11
1512,2,A,0,255120208020,20210714,6,12
1513,1,A,0,254020208020,20210714,6,13
1514,2,A,0,204020208020,20210714,6,14
1515,4,B,0,508020208020,20210714,6,15
1516,3,B,1,508020168020,20210714,6,16
1517,4,B,0,508016168020,20210714,6,17
1518,3,B,0,508016128020,20210714,6,18
1519,4,B,1,508012128020,20210714,6,19
1520,3,B,0,508012108020,20210714,6,20
1521,2,A,0,508020208020,20210714,6,21
1522,1,A,0,506420208020,20210714,6,22
1523,2,A,1,406420208020,20210714,6,23
1524,1,A,0,405120208020,20210714,6,24
1525,2,A,1,325120208020,20210714,6,25
1526,1,A,0,324020208020,20210714,6,26
1527,2,A,0,254020208020,20210714,6,27
1528,1,A,0,253220208020,20210714,6,28
1529,5,C,1,508020208020,20210714,6,29
1530,6,C,0,508020206420,20210714,6,30
1531,5,C,1,508020206416,20210714,6,31
1532,6,C,0,508020205116,20210714,6,32
1533,5,C,0,508020205112,20210714,6,33
1534,2,A,1,508020208020,20210714,6,34
1535,1,A,1,506420208020,20210714,6,35
1536,2,A,0,406420208020,20210714,6,36
1537,1,A,1,405120208020,20210714,6,37
1538,2,A,0,325120208020,20210714,6,38
1539,1,A,1,324020208020,20210714,6,39
1540,2,A,1,254020208020,20210714,6,40
1541,1,A,0,253220208020,20210714,6,41
1542,2,A,0,203220208020,20210714,6,42
1543,1,A,0,202620208020,20210714,6,43
1544,4,B,0,508020208020,20210714,6,44
1545,3,B,1,508020168020,20210714,6,45
1546,4,B,1,508016168020,20210714,6,46
1547,3,B,0,508016128020,20210714,6,47
1548,4,B,0,508012128020,20210714,6,48
1549,3,B,0,508012108020,20210714,6,49
1550,4,B,0,508010108020,20210714,6,50
1551,3,B,0,508010088020,20210714,6,51
1552,2,A,1,508020208020,20210714,6,52
1553,1,A,1,506420208020,20210714,6,53
1554,2,A,1,406420208020,20210714,6,54
1555,1,A,1,405120208020,20210714,6,55
1556,2,A,1,325120208020,20210714,6,56
1557,1,A,0,324020208020,20210714,6,57
1558,2,A,0,254020208020,20210714,6,58
1559,1,A,1,253220208020,20210714,6,59
1560,2,A,0,203220208020,20210714,6,60
1561,1,A,0,202620208020,20210714,6,61
1562,2,A,0,162620208020,20210714,6,62
1563,1,A,0,162020208020,20210714,6,63
1564,2,A,0,132020208020,20210714,6,64
1565,1,A,0,131620208020,20210714,6,65
1566,2,A,0,101620208020,20210714,6,66
1567,1,A,0,101320208020,20210714,6,67
1568,5,C,0,508020208020,20210714,6,68
1569,6,C,1,508020206420,20210714,6,69
1570,5,C,0,508020206416,20210714,6,70
1571,6,C,0,508020205116,20210714,6,71
1572,5,C,0,508020205112,20210714,6,72
1573,2,A,0,508020208020,20210714,6,73
1574,1,A,1,506420208020,20210714,6,74
1575,2,A,1,406420208020,20210714,6,75
1576,1,A,0,405120208020,20210714,6,76
1577,2,A,0,325120208020,20210714,6,77
1578,1,A,1,324020208020,20210714,6,78
1579,2,A,0,254020208020,20210714,6,79
1580,1,A,0,253220208020,20210714,6,80
1581,4,B,0,508020208020,20210714,6,81
1582,3,B,1,508020168020,20210714,6,82
1583,4,B,0,508016168020,20210714,6,83
1584,3,B,0,508016128020,20210714,6,84
1585,4,B,0,508012128020,20210714,6,85
1586,3,B,0,508012108020,20210714,6,86
1587,2,A,1,508020208020,20210714,6,87
1588,1,A,0,506420208020,20210714,6,88
1589,2,A,1,406420208020,20210714,6,89
1590,1,A,1,405120208020,20210714,6,90
1591,2,A,1,325120208020,20210714,6,91
1592,1,A,0,324020208020,20210714,6,92
1593,2,A,1,254020208020,20210714,6,93
1594,1,A,0,253220208020,20210714,6,94
1595,2,A,0,203220208020,20210714,6,95
1596,1,A,0,202620208020,20210714,6,96
1597,2,A,0,162620208020,20210714,6,97
1598,1,A,0,162020208020,20210714,6,98
1599,5,C,1,508020208020,20210714,6,99
1600,6,C,1,508020206420,20210714,6,100
1601,5,C,1,508020206416,20210714,6,101
1602,6,C,0,508020205116,20210714,6,102
1603,5,C,1,508020205112,20210714,6,103
1604,6,C,0,508020204012,20210714,6,104
1605,5,C,1,508020204010,20210714,6,105
1606,6,C,0,508020203210,20210714,6,106
1607,5,C,1,508020203208,20210714,6,107
1608,6,C,0,508020202608,20210714,6,108
1609,5,C,0,508020202606,20210714,6,109
1610,2,A,0,508020208020,20210714,6,110
1611,1,A,1,506420208020,20210714,6,111
1612,2,A,1,406420208020,20210714,6,112
1613,1,A,1,405120208020,20210714,6,113
1614,2,A,0,325120208020,20210714,6,114
1615,1,A,1,324020208020,20210714,6,115
1616,2,A,0,254020208020,20210714,6,116
1617,1,A,1,253220208020,20210714,6,117
1618,2,A,0,203220208020,20210714,6,118
1619,1,A,0,202620208020,20210714,6,119
1620,2,A,1,162620208020,20210714,6,120
1621,1,A,0,162020208020,20210714,6,121
1622,2,A,1,132020208020,20210714,6,122
1623,1,A,0,131620208020,20210714,6,123
1624,2,A,1,101620208020,20210714,6,124
1625,5,C,1,508020208020,20210714,6,125
1626,6,C,0,508020206420,20210714,6,126
1627,5,C,1,508020206416,20210714,6,127
1628,2,A,0,508020208020,20210714,6,128
1629,1,A,0,506420208020,20210714,6,129
1630,2,A,1,406420208020,20210714,6,130
1631,1,A,1,405120208020,20210714,6,131
1632,2,A,0,325120208020,20210714,6,132
1633,1,A,0,324020208020,20210714,6,133
1634,2,A,1,254020208020,20210714,6,134
1635,1,A,1,253220208020,20210714,6,135
1636,2,A,1,203220208020,20210714,6,136
1637,1,A,1,202620208020,20210714,6,137
1638,2,A,0,162620208020,20210714,6,138
1639,1,A,0,162020208020,20210714,6,139
1640,2,A,0,132020208020,20210714,6,140
1641,1,A,0,131620208020,20210714,6,141
1642,5,C,1,508020208020,20210714,6,142
1643,6,C,0,508020206420,20210714,6,143
1644,5,C,1,508020206416,20210714,6,144
1645,6,C,0,508020205116,20210714,6,145
1646,5,C,1,508020205112,20210714,6,146
1647,2,A,1,508020208020,20210714,6,147
1648,1,A,1,506420208020,20210714,6,148
1649,2,A,0,406420208020,20210714,6,149
1650,1,A,1,405120208020,20210714,6,150
1651,2,A,0,325120208020,20210714,6,151
1652,1,A,1,324020208020,20210714,6,152
1653,2,A,0,254020208020,20210714,6,153
1654,1,A,0,253220208020,20210714,6,154
1655,2,A,1,203220208020,20210714,6,155
1656,1,A,0,202620208020,20210714,6,156
1657,2,A,1,162620208020,20210714,6,157
1658,1,A,0,162020208020,20210714,6,158
1659,2,A,1,132020208020,20210714,6,159
1660,1,A,0,131620208020,20210714,6,160
1661,2,A,0,101620208020,20210714,6,161
1662,1,A,0,101320208020,20210714,6,162
1663,4,B,0,508020208020,20210714,6,163
1664,3,B,1,508020168020,20210714,6,164
1665,4,B,0,508016168020,20210714,6,165
1666,3,B,0,508016128020,20210714,6,166
1667,4,B,0,508012128020,20210714,6,167
1668,3,B,0,508012108020,20210714,6,168
1669,5,C,0,508020208020,20210714,6,169
1670,6,C,0,508020206420,20210714,6,170
1671,5,C,1,508020206416,20210714,6,171
1672,2,A,1,508020208020,20210714,6,172
1673,1,A,0,506420208020,20210714,6,173
1674,2,A,1,406420208020,20210714,6,174
1675,1,A,0,405120208020,20210714,6,175
1676,2,A,1,325120208020,20210714,6,176
1677,1,A,0,324020208020,20210714,6,177
1678,2,A,1,254020208020,20210714,6,178
1679,1,A,1,253220208020,20210714,6,179
1680,2,A,0,203220208020,20210714,6,180
1681,1,A,0,202620208020,20210714,6,181
1682,2,A,1,162620208020,20210714,6,182
1683,1,A,1,162020208020,20210714,6,183
1684,2,A,0,132020208020,20210714,6,184
1685,1,A,0,131620208020,20210714,6,185
1686,2,A,1,101620208020,20210714,6,186
1687,1,A,0,101320208020,20210714,6,187
1688,2,A,0,081320208020,20210714,6,188
1689,1,A,1,081020208020,20210714,6,189
1690,2,A,0,061020208020,20210714,6,190
1691,1,A,0,060820208020,20210714,6,191
1692,2,A,0,050820208020,20210714,6,192
1693,5,C,1,508020208020,20210714,6,193
1694,6,C,1,508020206420,20210714,6,194
1695,5,C,1,508020206416,20210714,6,195
1696,6,C,0,508020205116,20210714,6,196
1697,5,C,1,508020205112,20210714,6,197
1698,6,C,0,508020204012,20210714,6,198
1699,5,C,0,508020204010,20210714,6,199
1700,2,A,0,508020208020,20210714,6,200
1701,1,A,1,506420208020,20210714,6,201
1702,2,A,0,406420208020,20210714,6,202
1703,1,A,1,405120208020,20210714,6,203
1704,2,A,1,325120208020,20210714,6,204
1705,1,A,0,324020208020,20210714,6,205
1706,2,A,0,254020208020,20210714,6,206
1707,1,A,0,253220208020,20210714,6,207
1708,2,A,0,203220208020,20210714,6,208
1709,4,B,0,508020208020,20210714,6,209
1710,3,B,0,508020168020,20210714,6,210
1711,4,B,0,508016168020,20210714,6,211
1712,3,B,0,508016128020,20210714,6,212
1713,2,A,1,508020208020,20210714,6,213
1714,1,A,0,506420208020,20210714,6,214
1715,2,A,0,406420208020,20210714,6,215
1716,1,A,1,405120208020,20210714,6,216
1717,2,A,1,325120208020,20210714,6,217
1718,1,A,0,324020208020,20210714,6,218
1719,2,A,0,254020208020,20210714,6,219
1720,1,A,0,253220208020,20210714,6,220
1721,5,C,0,508020208020,20210714,6,221
1722,6,C,0,508020206420,20210714,6,222
1723,5,C,1,508020206416,20210714,6,223
1724,2,A,1,508020208020,20210714,6,224
1725,1,A,0,506420208020,20210714,6,225
1726,2,A,1,406420208020,20210714,6,226
1727,1,A,1,405120208020,20210714,6,227
1728,2,A,1,325120208020,20210714,6,228
1729,1,A,0,324020208020,20210714,6,229
1730,2,A,0,254020208020,20210714,6,230
1731,1,A,0,253220208020,20210714,6,231
1732,4,B,0,508020208020,20210714,6,232
1733,3,B,0,508020168020,20210714,6,233
1734,4,B,0,508016168020,20210714,6,234
1735,3,B,0,508016128020,20210714,6,235
1736,2,A,1,508020208020,20210714,6,236
1737,1,A,0,506420208020,20210714,6,237
1738,2,A,1,406420208020,20210714,6,238
1739,1,A,1,405120208020,20210714,6,239
1740,2,A,0,325120208020,20210714,6,240
1741,1,A,1,324020208020,20210714,6,241
1742,2,A,0,254020208020,20210714,6,242
1743,1,A,0,253220208020,20210714,6,243
1744,5,C,1,508020208020,20210714,6,244
1745,6,C,0,508020206420,20210714,6,245
1746,5,C,1,508020206416,20210714,6,246
1747,6,C,0,508020205116,20210714,6,247
1748,5,C,1,508020205112,20210714,6,248
1749,2,A,1,508020208020,20210714,6,249
1750,1,A,0,506420208020,20210714,6,250
1751,2,A,1,406420208020,20210714,6,251
1752,1,A,1,405120208020,20210714,6,252
1753,2,A,1,325120208020,20210714,6,253
1754,1,A,0,324020208020,20210714,6,254
1755,2,A,1,254020208020,20210714,6,255
1756,1,A,0,253220208020,20210714,6,256
1757,2,A,0,203220208020,20210714,6,257
1758,1,A,0,202620208020,20210714,6,258
1759,2,A,1,162620208020,20210714,6,259
1760,1,A,0,162020208020,20210714,6,260
1761,2,A,0,132020208020,20210714,6,261
1762,1,A,0,131620208020,20210714,6,262
1763,5,C,1,508020208020,20210714,6,263
1764,6,C,0,508020206420,20210714,6,264
1765,5,C,0,508020206416,20210714,6,265
1766,2,A,1,508020208020,20210714,6,266
1767,1,A,0,506420208020,20210714,6,267
1768,2,A,0,406420208020,20210714,6,268
1769,1,A,0,405120208020,20210714,6,269
1770,2,A,1,325120208020,20210714,6,270
1771,1,A,0,324020208020,20210714,6,271
1772,2,A,1,254020208020,20210714,6,272
1773,1,A,0,253220208020,20210714,6,273
1774,2,A,0,203220208020,20210714,6,274
1775,5,C,1,508020208020,20210714,6,275
1776,6,C,1,508020206420,20210714,6,276
1777,5,C,1,508020206416,20210714,6,277
1778,6,C,0,508020205116,20210714,6,278
1779,5,C,1,508020205112,20210714,6,279
1780,2,A,1,508020208020,20210714,6,280
1781,1,A,1,506420208020,20210714,6,281
1782,2,A,1,406420208020,20210714,6,282
1783,1,A,1,405120208020,20210714,6,283
1784,2,A,1,325120208020,20210714,6,284
1785,1,A,0,324020208020,20210714,6,285
1786,2,A,1,254020208020,20210714,6,286
1787,1,A,1,253220208020,20210714,6,287
1788,2,A,0,203220208020,20210714,6,288
1789,1,A,0,202620208020,20210714,6,289
1790,2,A,1,162620208020,20210714,6,290
1791,1,A,0,162020208020,20210714,6,291
1792,2,A,0,132020208020,20210714,6,292
1793,1,A,1,131620208020,20210714,6,293
1794,5,C,1,508020208020,20210714,6,294
1795,6,C,0,508020206420,20210714,6,295
1796,5,C,1,508020206416,20210714,6,296
1797,2,A,1,508020208020,20210714,6,297
1798,1,A,1,506420208020,20210714,6,298
1799,2,A,1,406420208020,20210714,6,299
1800,3,B,1,202080502080,20210715,1,0
1801,4,B,0,202064502080,20210715,1,1
1802,3,B,0,202064402080,20210715,1,2
1803,5,C,0,202080502080,20210715,1,3
1804,6,C,0,202080501680,20210715,1,4
1805,5,C,0,202080501664,20210715,1,5
1806,6,C,0,202080501264,20210715,1,6
1807,2,A,0,202080502080,20210715,1,7
1808,1,A,0,201680502080,20210715,1,8
1809,2,A,0,161680502080,20210715,1,9
1810,1,A,1,161280502080,20210715,1,10
1811,2,A,0,121280502080,20210715,1,11
1812,1,A,1,121080502080,20210715,1,12
1813,2,A,0,101080502080,20210715,1,13
1814,1,A,0,100880502080,20210715,1,14
1815,2,A,0,080880502080,20210715,1,15
1816,1,A,0,080680502080,20210715,1,16
1817,4,B,1,202080502080,20210715,1,17
1818,3,B,1,202080402080,20210715,1,18
1819,4,B,1,202064402080,20210715,1,19
1820,3,B,1,202064322080,20210715,1,20
1821,4,B,1,202051322080,20210715,1,21
1822,3,B,1,202051252080,20210715,1,22
1823,4,B,0,202040252080,20210715,1,23
1824,3,B,0,202040202080,20210715,1,24
1825,4,B,0,202032202080,20210715,1,25
1826,3,B,0,202032162080,20210715,1,26
1827,2,A,1,202080502080,20210715,1,27
1828,1,A,0,201680502080,20210715,1,28
1829,2,A,0,161680502080,20210715,1,29
1830,1,A,0,161280502080,20210715,1,30
1831,2,A,0,121280502080,20210715,1,31
1832,1,A,0,121080502080,20210715,1,32
1833,5,C,0,202080502080,20210715,1,33
1834,6,C,1,202080501680,20210715,1,34
1835,5,C,0,202080501664,20210715,1,35
1836,6,C,1,202080501264,20210715,1,36
1837,2,A,0,202080502080,20210715,1,37
1838,1,A,0,201680502080,20210715,1,38
1839,2,A,0,161680502080,20210715,1,39
1840,1,A,0,161280502080,20210715,1,40
1841,2,A,1,121280502080,20210715,1,41
1842,1,A,0,121080502080,20210715,1,42
1843,2,A,0,101080502080,20210715,1,43
1844,1,A,0,100880502080,20210715,1,44
1845,2,A,0,080880502080,20210715,1,45
1846,4,B,1,202080502080,20210715,1,46
1847,3,B,0,202080402080,20210715,1,47
1848,4,B,0,202064402080,20210715,1,48
1849,3,B,1,202064322080,20210715,1,49
1850,4,B,1,202051322080,20210715,1,50
1851,3,B,1,202051252080,20210715,1,51
1852,4,B,0,202040252080,20210715,1,52
1853,3,B,1,202040202080,20210715,1,53
1854,4,B,1,202032202080,20210715,1,54
1855,3,B,0,202032162080,20210715,1,55
1856,4,B,0,202026162080,20210715,1,56
1857,6,C,1,202080502080,20210715,1,57
1858,5,C,0,202080502064,20210715,1,58
1859,6,C,0,202080501664,20210715,1,59
1860,5,C,0,202080501651,20210715,1,60
1861,6,C,1,202080501251,20210715,1,61
1862,5,C,0,202080501240,20210715,1,62
1863,6,C,0,202080501040,20210715,1,63
1864,2,A,0,202080502080,20210715,1,64
1865,1,A,1,201680502080,20210715,1,65
1866,2,A,0,161680502080,20210715,1,66
1867,1,A,0,161280502080,20210715,1,67
1868,2,A,0,121280502080,20210715,1,68
1869,1,A,0,121080502080,20210715,1,69
1870,4,B,0,202080502080,20210715,1,70
1871,3,B,1,202080402080,20210715,1,71
1872,4,B,1,202064402080,20210715,1,72
1873,3,B,1,202064322080,20210715,1,73
1874,4,B,0,202051322080,20210715,1,74
1875,3,B,0,202051252080,20210715,1,75
1876,4,B,1,202040252080,20210715,1,76
1877,3,B,0,202040202080,20210715,1,77
1878,4,B,0,202032202080,20210715,1,78
1879,3,B,0,202032162080,20210715,1,79
1880,2,A,0,202080502080,20210715,1,80
1881,1,A,0,201680502080,20210715,1,81
1882,2,A,1,161680502080,20210715,1,82
1883,1,A,0,161280502080,20210715,1,83
1884,2,A,0,121280502080,20210715,1,84
1885,1,A,0,121080502080,20210715,1,85
1886,2,A,0,101080502080,20210715,1,86
1887,5,C,0,202080502080,20210715,1,87
1888,6,C,1,202080501680,20210715,1,88
1889,5,C,0,202080501664,20210715,1,89
1890,4,B,1,202080502080,20210715,1,90
1891,3,B,0,202080402080,20210715,1,91
1892,4,B,1,202064402080,20210715,1,92
1893,3,B,1,202064322080,20210715,1,93
1894,4,B,0,202051322080,20210715,1,94
1895,3,B,1,202051252080,20210715,1,95
1896,4,B,1,202040252080,20210715,1,96
1897,3,B,0,202040202080,20210715,1,97
1898,4,B,0,202032202080,20210715,1,98
1899,3,B,0,202032162080,20210715,1,99
1900,2,A,0,202080502080,20210715,1,100
1901,1,A,0,201680502080,20210715,1,101
1902,2,A,0,161680502080,20210715,1,102
1903,1,A,0,161280502080,20210715,1,103
1904,5,C,1,202080502080,20210715,1,104
1905,6,C,1,202080501680,20210715,1,105
1906,5,C,0,202080501664,20210715,1,106
1907,6,C,1,202080501264,20210715,1,107
1908,5,C,0,202080501251,20210715,1,108
1909,6,C,0,202080501051,20210715,1,109
1910,4,B,1,202080502080,20210715,1,110
1911,3,B,1,202080402080,20210715,1,111
1912,4,B,0,202064402080,20210715,1,112
1913,3,B,1,202064322080,20210715,1,113
1914,4,B,0,202051322080,20210715,1,114
1915,3,B,0,202051252080,20210715,1,115
1916,2,A,0,202080502080,20210715,1,116
1917,1,A,0,201680502080,20210715,1,117
1918,2,A,0,161680502080,20210715,1,118
1919,1,A,1,161280502080,20210715,1,119
1920,2,A,0,121280502080,20210715,1,120
1921,1,A,0,121080502080,20210715,1,121
1922,4,B,0,202080502080,20210715,1,122
1923,3,B,1,202080402080,20210715,1,123
1924,4,B,0,202064402080,20210715,1,124
1925,3,B,0,202064322080,20210715,1,125
1926,4,B,0,202051322080,20210715,1,126
1927,3,B,1,202051252080,20210715,1,127
1928,5,C,0,202080502080,20210715,1,128
1929,6,C,1,202080501680,20210715,1,129
1930,5,C,1,202080501664,20210715,1,130
1931,6,C,1,202080501264,20210715,1,131
1932,5,C,0,202080501251,20210715,1,132
1933,6,C,1,202080501051,20210715,1,133
1934,5,C,0,202080501040,20210715,1,134
1935,6,C,1,202080500840,20210715,1,135
1936,5,C,0,202080500832,20210715,1,136
1937,6,C,0,202080500632,20210715,1,137
1938,5,C,0,202080500626,20210715,1,138
1939,6,C,0,202080500526,20210715,1,139
1940,4,B,1,202080502080,20210715,1,140
1941,3,B,1,202080402080,20210715,1,141
1942,4,B,1,202064402080,20210715,1,142
1943,3,B,1,202064322080,20210715,1,143
1944,4,B,0,202051322080,20210715,1,144
1945,3,B,1,202051252080,20210715,1,145
1946,4,B,1,202040252080,20210715,1,146
1947,3,B,0,202040202080,20210715,1,147
1948,4,B,0,202032202080,20210715,1,148
1949,3,B,0,202032162080,20210715,1,149
1950,2,A,0,202080502080,20210715,1,150
1951,1,A,0,201680502080,20210715,1,151
1952,2,A,0,161680502080,20210715,1,152
1953,1,A,0,161280502080,20210715,1,153
1954,4,B,0,202080502080,20210715,1,154
1955,3,B,1,202080402080,20210715,1,155
1956,4,B,0,202064402080,20210715,1,156
1957,3,B,1,202064322080,20210715,1,157
1958,4,B,0,202051322080,20210715,1,158
1959,3,B,1,202051252080,20210715,1,159
1960,4,B,0,202040252080,20210715,1,160
1961,3,B,0,202040202080,20210715,1,161
1962,5,C,0,202080502080,20210715,1,162
1963,6,C,1,202080501680,20210715,1,163
1964,5,C,1,202080501664,20210715,1,164
1965,6,C,1,202080501264,20210715,1,165
1966,5,C,1,202080501251,20210715,1,166
1967,6,C,1,202080501051,20210715,1,167
1968,5,C,0,202080501040,20210715,1,168
1969,6,C,0,202080500840,20210715,1,169
1970,5,C,0,202080500832,20210715,1,170
1971,6,C,1,202080500632,20210715,1,171
1972,5,C,0,202080500626,20210715,1,172
1973,6,C,1,202080500526,20210715,1,173
1974,5,C,0,202080500520,20210715,1,174
1975,6,C,0,202080500420,20210715,1,175
1976,4,B,1,202080502080,20210715,1,176
1977,3,B,1,202080402080,20210715,1,177
1978,4,B,1,202064402080,20210715,1,178
1979,3,B,0,202064322080,20210715,1,179
1980,4,B,0,202051322080,20210715,1,180
1981,3,B,0,202051252080,20210715,1,181
1982,4,B,0,202040252080,20210715,1,182
1983,5,C,0,202080502080,20210715,1,183
1984,6,C,0,202080501680,20210715,1,184
1985,5,C,0,202080501664,20210715,1,185
1986,6,C,1,202080501264,20210715,1,186
1987,5,C,0,202080501251,20210715,1,187
1988,6,C,0,202080501051,20210715,1,188
1989,4,B,1,202080502080,20210715,1,189
1990,3,B,1,202080402080,20210715,1,190
1991,4,B,0,202064402080,20210715,1,191
1992,3,B,1,202064322080,20210715,1,192
1993,4,B,1,202051322080,20210715,1,193
1994,3,B,1,202051252080,20210715,1,194
1995,4,B,0,202040252080,20210715,1,195
1996,3,B,1,202040202080,20210715,1,196
1997,4,B,0,202032202080,20210715,1,197
1998,3,B,0,202032162080,20210715,1,198
1999,4,B,0,202026162080,20210715,1,199
2000,3,B,0,202026132080,20210715,1,200
2001,2,A,0,202080502080,20210715,1,201
2002,1,A,0,201680502080,20210715,1,202
2003,2,A,0,161680502080,20210715,1,203
2004,1,A,0,161280502080,20210715,1,204
2005,5,C,0,202080502080,20210715,1,205
2006,6,C,0,202080501680,20210715,1,206
2007,5,C,0,202080501664,20210715,1,207
2008,6,C,1,202080501264,20210715,1,208
2009,5,C,0,202080501251,20210715,1,209
2010,6,C,1,202080501051,20210715,1,210
2011,5,C,0,202080501040,20210715,1,211
2012,6,C,0,202080500840,20210715,1,212
2013,4,B,0,202080502080,20210715,1,213
2014,3,B,1,202080402080,20210715,1,214
2015,4,B,1,202064402080,20210715,1,215
2016,3,B,1,202064322080,20210715,1,216
2017,4,B,0,202051322080,20210715,1,217
2018,3,B,1,202051252080,20210715,1,218
2019,4,B,0,202040252080,20210715,1,219
2020,3,B,0,202040202080,20210715,1,220
2021,4,B,1,202032202080,20210715,1,221
2022,3,B,0,202032162080,20210715,1,222
2023,4,B,0,202026162080,20210715,1,223
2024,3,B,1,202026132080,20210715,1,224
2025,2,A,1,202080502080,20210715,1,225
2026,1,A,0,201680502080,20210715,1,226
2027,2,A,0,161680502080,20210715,1,227
2028,1,A,0,161280502080,20210715,1,228
2029,2,A,0,121280502080,20210715,1,229
2030,6,C,0,202080502080,20210715,1,230
2031,5,C,1,202080502064,20210715,1,231
2032,6,C,0,202080501664,20210715,1,232
2033,5,C,0,202080501651,20210715,1,233
2034,6,C,1,202080501251,20210715,1,234
2035,5,C,0,202080501240,20210715,1,235
2036,6,C,1,202080501040,20210715,1,236
2037,5,C,0,202080501032,20210715,1,237
2038,6,C,0,202080500832,20210715,1,238
2039,5,C,0,202080500826,20210715,1,239
2040,6,C,0,202080500626,20210715,1,240
2041,4,B,1,202080502080,20210715,1,241
2042,3,B,1,202080402080,20210715,1,242
2043,4,B,1,202064402080,20210715,1,243
2044,3,B,1,202064322080,20210715,1,244
2045,4,B,0,202051322080,20210715,1,245
2046,3,B,0,202051252080,20210715,1,246
2047,4,B,0,202040252080,20210715,1,247
2048,3,B,0,202040202080,20210715,1,248
2049,2,A,0,202080502080,20210715,1,249
2050,1,A,0,201680502080,20210715,1,250
2051,2,A,0,161680502080,20210715,1,251
2052,1,A,0,161280502080,20210715,1,252
2053,4,B,0,202080502080,20210715,1,253
2054,3,B,1,202080402080,20210715,1,254
2055,4,B,0,202064402080,20210715,1,255
2056,3,B,1,202064322080,20210715,1,256
2057,4,B,1,202051322080,20210715,1,257
2058,3,B,1,202051252080,20210715,1,258
2059,4,B,0,202040252080,20210715,1,259
2060,3,B,1,202040202080,20210715,1,260
2061,4,B,0,202032202080,20210715,1,261
2062,3,B,0,202032162080,20210715,1,262
2063,6,C,1,202080502080,20210715,1,263
2064,5,C,0,202080502064,20210715,1,264
2065,6,C,1,202080501664,20210715,1,265
2066,5,C,0,202080501651,20210715,1,266
2067,6,C,0,202080501251,20210715,1,267
2068,5,C,0,202080501240,20210715,1,268
2069,6,C,0,202080501040,20210715,1,269
2070,4,B,0,202080502080,20210715,1,270
2071,3,B,1,202080402080,20210715,1,271
2072,4,B,1,202064402080,20210715,1,272
2073,3,B,1,202064322080,20210715,1,273
2074,4,B,0,202051322080,20210715,1,274
2075,3,B,1,202051252080,20210715,1,275
2076,4,B,0,202040252080,20210715,1,276
2077,3,B,1,202040202080,20210715,1,277
2078,4,B,0,202032202080,20210715,1,278
2079,3,B,0,202032162080,20210715,1,279
2080,4,B,1,202026162080,20210715,1,280
2081,3,B,0,202026132080,20210715,1,281
2082,4,B,0,202020132080,20210715,1,282
2083,3,B,1,202020102080,20210715,1,283
2084,4,B,0,202016102080,20210715,1,284
2085,3,B,1,202016082080,20210715,1,285
2086,4,B,0,202013082080,20210715,1,286
2087,3,B,0,202013062080,20210715,1,287
2088,6,C,0,202080502080,20210715,1,288
2089,5,C,1,202080502064,20210715,1,289
2090,6,C,0,202080501664,20210715,1,290
2091,5,C,0,202080501651,20210715,1,291
2092,6,C,1,202080501251,20210715,1,292
2093,5,C,1,202080501240,20210715,1,293
2094,6,C,1,202080501040,20210715,1,294
2095,5,C,0,202080501032,20210715,1,295
2096,6,C,1,202080500832,20210715,1,296
2097,5,C,0,202080500826,20210715,1,297
2098,6,C,1,202080500626,20210715,1,298
2099,5,C,0,202080500620,20210715,1,299
2100,4,B,0,802050202020,20210715,2,0
2101,3,B,0,802050162020,20210715,2,1
2102,4,B,1,802040162020,20210715,2,2
2103,6,C,0,802050202020,20210715,2,3
2104,5,C,1,802050202016,20210715,2,4
2105,6,C,0,802050201616,20210715,2,5
2106,5,C,0,802050201612,20210715,2,6
2107,6,C,1,802050201212,20210715,2,7
2108,2,A,0,802050202020,20210715,2,8
2109,1,A,1,801650202020,20210715,2,9
2110,2,A,0,641650202020,20210715,2,10
2111,1,A,1,641250202020,20210715,2,11
2112,2,A,0,511250202020,20210715,2,12
2113,1,A,1,511050202020,20210715,2,13
2114,2,A,0,401050202020,20210715,2,14
2115,1,A,1,400850202020,20210715,2,15
2116,2,A,0,320850202020,20210715,2,16
2117,1,A,0,320650202020,20210715,2,17
2118,4,B,0,802050202020,20210715,2,18
2119,3,B,0,802050162020,20210715,2,19
2120,4,B,0,802040162020,20210715,2,20
2121,3,B,0,802040122020,20210715,2,21
2122,6,C,0,802050202020,20210715,2,22
2123,5,C,1,802050202016,20210715,2,23
2124,6,C,0,802050201616,20210715,2,24
2125,5,C,0,802050201612,20210715,2,25
2126,6,C,0,802050201212,20210715,2,26
2127,5,C,0,802050201210,20210715,2,27
2128,2,A,0,802050202020,20210715,2,28
2129,1,A,0,801650202020,20210715,2,29
2130,2,A,1,641650202020,20210715,2,30
2131,1,A,1,641250202020,20210715,2,31
2132,2,A,0,511250202020,20210715,2,32
2133,1,A,0,511050202020,20210715,2,33
2134,2,A,0,401050202020,20210715,2,34
2135,1,A,1,400850202020,20210715,2,35
2136,2,A,0,320850202020,20210715,2,36
2137,1,A,0,320650202020,20210715,2,37
2138,4,B,0,802050202020,20210715,2,38
2139,3,B,0,802050162020,20210715,2,39
2140,4,B,0,802040162020,20210715,2,40
2141,3,B,0,802040122020,20210715,2,41
2142,2,A,1,802050202020,20210715,2,42
2143,1,A,1,801650202020,20210715,2,43
2144,2,A,0,641650202020,20210715,2,44
2145,1,A,0,641250202020,20210715,2,45
2146,2,A,0,511250202020,20210715,2,46
2147,1,A,1,511050202020,20210715,2,47
2148,2,A,0,401050202020,20210715,2,48
2149,1,A,0,400850202020,20210715,2,49
2150,6,C,0,802050202020,20210715,2,50
2151,5,C,0,802050202016,20210715,2,51
2152,6,C,0,802050201616,20210715,2,52
2153,5,C,0,802050201612,20210715,2,53
2154,6,C,0,802050201212,20210715,2,54
2155,2,A,0,802050202020,20210715,2,55
2156,1,A,1,801650202020,20210715,2,56
2157,2,A,0,641650202020,20210715,2,57
2158,1,A,0,641250202020,20210715,2,58
2159,4,B,0,802050202020,20210715,2,59
2160,3,B,1,802050162020,20210715,2,60
2161,4,B,0,802040162020,20210715,2,61
2162,3,B,0,802040122020,20210715,2,62
2163,2,A,0,802050202020,20210715,2,63
2164,1,A,0,801650202020,20210715,2,64
2165,2,A,0,641650202020,20210715,2,65
2166,1,A,1,641250202020,20210715,2,66
2167,6,C,0,802050202020,20210715,2,67
2168,5,C,0,802050202016,20210715,2,68
2169,6,C,0,802050201616,20210715,2,69
2170,4,B,1,802050202020,20210715,2,70
2171,3,B,1,802050162020,20210715,2,71
2172,4,B,1,802040162020,20210715,2,72
2173,3,B,0,802040122020,20210715,2,73
2174,4,B,0,802032122020,20210715,2,74
2175,3,B,1,802032102020,20210715,2,75
2176,4,B,0,802025102020,20210715,2,76
2177,3,B,0,802025082020,20210715,2,77
2178,4,B,0,802020082020,20210715,2,78
2179,3,B,0,802020062020,20210715,2,79
2180,2,A,1,802050202020,20210715,2,80
2181,1,A,1,801650202020,20210715,2,81
2182,2,A,0,641650202020,20210715,2,82
2183,1,A,0,641250202020,20210715,2,83
2184,2,A,1,511250202020,20210715,2,84
2185,1,A,0,511050202020,20210715,2,85
2186,2,A,0,401050202020,20210715,2,86
2187,1,A,0,400850202020,20210715,2,87
2188,4,B,0,802050202020,20210715,2,88
2189,3,B,1,802050162020,20210715,2,89
2190,4,B,0,802040162020,20210715,2,90
2191,3,B,0,802040122020,20210715,2,91
2192,4,B,1,802032122020,20210715,2,92
2193,3,B,1,802032102020,20210715,2,93
2194,4,B,0,802025102020,20210715,2,94
2195,3,B,1,802025082020,20210715,2,95
2196,6,C,0,802050202020,20210715,2,96
2197,5,C,0,802050202016,20210715,2,97
2198,6,C,0,802050201616,20210715,2,98
2199,5,C,0,802050201612,20210715,2,99
2200,6,C,0,802050201212,20210715,2,100
2201,4,B,0,802050202020,20210715,2,101
2202,3,B,0,802050162020,20210715,2,102
2203,4,B,0,802040162020,20210715,2,103
2204,3,B,0,802040122020,20210715,2,104
2205,4,B,0,802032122020,20210715,2,105
2206,3,B,0,802032102020,20210715,2,106
2207,2,A,0,802050202020,20210715,2,107
2208,1,A,0,801650202020,20210715,2,108
2209,2,A,0,641650202020,20210715,2,109
2210,1,A,1,641250202020,20210715,2,110
2211,2,A,0,511250202020,20210715,2,111
2212,1,A,1,511050202020,20210715,2,112
2213,4,B,0,802050202020,20210715,2,113
2214,3,B,0,802050162020,20210715,2,114
2215,4,B,0,802040162020,20210715,2,115
2216,3,B,1,802040122020,20210715,2,116
2217,2,A,0,802050202020,20210715,2,117
2218,1,A,1,801650202020,20210715,2,118
2219,2,A,0,641650202020,20210715,2,119
2220,1,A,1,641250202020,20210715,2,120
2221,2,A,1,511250202020,20210715,2,121
2222,1,A,0,511050202020,20210715,2,122
2223,2,A,1,401050202020,20210715,2,123
2224,1,A,1,400850202020,20210715,2,124
2225,2,A,0,320850202020,20210715,2,125
2226,1,A,1,320650202020,20210715,2,126
2227,2,A,0,260650202020,20210715,2,127
2228,1,A,0,260550202020,20210715,2,128
2229,2,A,0,200550202020,20210715,2,129
2230,1,A,0,200450202020,20210715,2,130
2231,4,B,1,802050202020,20210715,2,131
2232,3,B,1,802050162020,20210715,2,132
2233,4,B,0,802040162020,20210715,2,133
2234,3,B,0,802040122020,20210715,2,134
2235,4,B,0,802032122020,20210715,2,135
2236,3,B,0,802032102020,20210715,2,136
2237,2,A,0,802050202020,20210715,2,137
2238,1,A,0,801650202020,20210715,2,138
2239,2,A,0,641650202020,20210715,2,139
2240,1,A,1,641250202020,20210715,2,140
2241,2,A,0,511250202020,20210715,2,141
2242,1,A,0,511050202020,20210715,2,142
2243,2,A,1,401050202020,20210715,2,143
2244,1,A,0,400850202020,20210715,2,144
2245,6,C,0,802050202020,20210715,2,145
2246,5,C,1,802050202016,20210715,2,146
2247,6,C,0,802050201616,20210715,2,147
2248,5,C,0,802050201612,20210715,2,148
2249,6,C,1,802050201212,20210715,2,149
2250,5,C,0,802050201210,20210715,2,150
2251,6,C,0,802050201010,20210715,2,151
2252,4,B,0,802050202020,20210715,2,152
2253,3,B,1,802050162020,20210715,2,153
2254,4,B,1,802040162020,20210715,2,154
2255,3,B,0,802040122020,20210715,2,155
2256,4,B,0,802032122020,20210715,2,156
2257,3,B,0,802032102020,20210715,2,157
2258,2,A,1,802050202020,20210715,2,158
2259,1,A,1,801650202020,20210715,2,159
2260,2,A,0,641650202020,20210715,2,160
2261,1,A,0,641250202020,20210715,2,161
2262,2,A,0,511250202020,20210715,2,162
2263,1,A,1,511050202020,20210715,2,163
2264,2,A,0,401050202020,20210715,2,164
2265,1,A,0,400850202020,20210715,2,165
2266,4,B,0,802050202020,20210715,2,166
2267,3,B,1,802050162020,20210715,2,167
2268,4,B,0,802040162020,20210715,2,168
2269,3,B,0,802040122020,20210715,2,169
2270,2,A,0,802050202020,20210715,2,170
2271,1,A,1,801650202020,20210715,2,171
2272,2,A,0,641650202020,20210715,2,172
2273,1,A,0,641250202020,20210715,2,173
2274,2,A,0,511250202020,20210715,2,174
2275,1,A,0,511050202020,20210715,2,175
2276,5,C,0,802050202020,20210715,2,176
2277,6,C,1,802050201620,20210715,2,177
2278,5,C,0,802050201616,20210715,2,178
2279,6,C,0,802050201216,20210715,2,179
2280,5,C,0,802050201212,20210715,2,180
2281,4,B,0,802050202020,20210715,2,181
2282,3,B,1,802050162020,20210715,2,182
2283,4,B,0,802040162020,20210715,2,183
2284,3,B,0,802040122020,20210715,2,184
2285,4,B,1,802032122020,20210715,2,185
2286,3,B,0,802032102020,20210715,2,186
2287,4,B,0,802025102020,20210715,2,187
2288,3,B,0,802025082020,20210715,2,188
2289,2,A,0,802050202020,20210715,2,189
2290,1,A,1,801650202020,20210715,2,190
2291,2,A,0,641650202020,20210715,2,191
2292,1,A,0,641250202020,20210715,2,192
2293,2,A,0,511250202020,20210715,2,193
2294,1,A,1,511050202020,20210715,2,194
2295,4,B,1,802050202020,20210715,2,195
2296,3,B,0,802050162020,20210715,2,196
2297,4,B,0,802040162020,20210715,2,197
2298,3,B,0,802040122020,20210715,2,198
2299,2,A,0,802050202020,20210715,2,199
2300,1,A,0,801650202020,20210715,2,200
2301,2,A,1,641650202020,20210715,2,201
2302,1,A,1,641250202020,20210715,2,202
2303,2,A,0,511250202020,20210715,2,203
2304,1,A,1,511050202020,20210715,2,204
2305,2,A,0,401050202020,20210715,2,205
2306,1,A,0,400850202020,20210715,2,206
2307,4,B,0,802050202020,20210715,2,207
2308,3,B,1,802050162020,20210715,2,208
2309,4,B,1,802040162020,20210715,2,209
2310,3,B,0,802040122020,20210715,2,210
2311,4,B,0,802032122020,20210715,2,211
2312,3,B,0,802032102020,20210715,2,212
2313,2,A,1,802050202020,20210715,2,213
2314,1,A,1,801650202020,20210715,2,214
2315,2,A,0,641650202020,20210715,2,215
2316,1,A,0,641250202020,20210715,2,216
2317,2,A,0,511250202020,20210715,2,217
2318,1,A,0,511050202020,20210715,2,218
2319,6,C,1,802050202020,20210715,2,219
2320,5,C,0,802050202016,20210715,2,220
2321,6,C,0,802050201616,20210715,2,221
2322,5,C,1,802050201612,20210715,2,222
2323,6,C,0,802050201212,20210715,2,223
2324,5,C,0,802050201210,20210715,2,224
2325,6,C,0,802050201010,20210715,2,225
2326,2,A,0,802050202020,20210715,2,226
2327,1,A,1,801650202020,20210715,2,227
2328,2,A,1,641650202020,20210715,2,228
2329,1,A,1,641250202020,20210715,2,229
2330,2,A,0,511250202020,20210715,2,230
2331,1,A,0,511050202020,20210715,2,231
2332,2,A,1,401050202020,20210715,2,232
2333,1,A,1,400850202020,20210715,2,233
2334,2,A,0,320850202020,20210715,2,234
2335,1,A,0,320650202020,20210715,2,235
2336,2,A,0,260650202020,20210715,2,236
2337,1,A,0,260550202020,20210715,2,237
2338,4,B,0,802050202020,20210715,2,238
2339,3,B,1,802050162020,20210715,2,239
2340,4,B,0,802040162020,20210715,2,240
2341,3,B,0,802040122020,20210715,2,241
2342,2,A,0,802050202020,20210715,2,242
2343,1,A,1,801650202020,20210715,2,243
2344,2,A,0,641650202020,20210715,2,244
2345,1,A,0,641250202020,20210715,2,245
2346,2,A,0,511250202020,20210715,2,246
2347,1,A,1,511050202020,20210715,2,247
2348,2,A,0,401050202020,20210715,2,248
2349,1,A,0,400850202020,20210715,2,249
2350,6,C,0,802050202020,20210715,2,250
2351,5,C,0,802050202016,20210715,2,251
2352,6,C,0,802050201616,20210715,2,252
2353,5,C,0,802050201612,20210715,2,253
2354,4,B,1,802050202020,20210715,2,254
2355,3,B,1,802050162020,20210715,2,255
2356,4,B,0,802040162020,20210715,2,256
2357,3,B,0,802040122020,20210715,2,257
2358,2,A,1,802050202020,20210715,2,258
2359,1,A,1,801650202020,20210715,2,259
2360,2,A,0,641650202020,20210715,2,260
2361,1,A,1,641250202020,20210715,2,261
2362,2,A,0,511250202020,20210715,2,262
2363,1,A,1,511050202020,20210715,2,263
2364,2,A,0,401050202020,20210715,2,264
2365,1,A,1,400850202020,20210715,2,265
2366,4,B,0,802050202020,20210715,2,266
2367,3,B,0,802050162020,20210715,2,267
2368,2,A,0,802050202020,20210715,2,268
2369,1,A,1,801650202020,20210715,2,269
2370,2,A,0,641650202020,20210715,2,270
2371,1,A,0,641250202020,20210715,2,271
2372,4,B,0,802050202020,20210715,2,272
2373,3,B,0,802050162020,20210715,2,273
2374,2,A,0,802050202020,20210715,2,274
2375,1,A,1,801650202020,20210715,2,275
2376,2,A,1,641650202020,20210715,2,276
2377,1,A,1,641250202020,20210715,2,277
2378,2,A,0,511250202020,20210715,2,278
2379,1,A,1,511050202020,20210715,2,279
2380,2,A,0,401050202020,20210715,2,280
2381,1,A,0,400850202020,20210715,2,281
2382,6,C,0,802050202020,20210715,2,282
2383,5,C,0,802050202016,20210715,2,283
2384,6,C,0,802050201616,20210715,2,284
2385,2,A,1,802050202020,20210715,2,285
2386,1,A,0,801650202020,20210715,2,286
2387,2,A,0,641650202020,20210715,2,287
2388,1,A,1,641250202020,20210715,2,288
2389,2,A,0,511250202020,20210715,2,289
2390,1,A,0,511050202020,20210715,2,290
2391,2,A,0,401050202020,20210715,2,291
2392,1,A,1,400850202020,20210715,2,292
2393,2,A,0,320850202020,20210715,2,293
2394,1,A,0,320650202020,20210715,2,294
2395,4,B,1,802050202020,20210715,2,295
2396,3,B,1,802050162020,20210715,2,296
2397,4,B,0,802040162020,20210715,2,297
2398,3,B,0,802040122020,20210715,2,298
2399,2,A,0,802050202020,20210715,2,299
2400,1,A,0,202080208050,20210715,3,0
2401,2,A,0,162080208050,20210715,3,1
2402,1,A,0,161680208050,20210715,3,2
2403,5,C,1,202080208050,20210715,3,3
2404,6,C,1,202080206450,20210715,3,4
2405,5,C,0,202080206440,20210715,3,5
2406,6,C,0,202080205140,20210715,3,6
2407,3,B,1,202080208050,20210715,3,7
2408,4,B,0,202064208050,20210715,3,8
2409,3,B,1,202064168050,20210715,3,9
2410,4,B,0,202051168050,20210715,3,10
2411,3,B,0,202051128050,20210715,3,11
2412,6,C,0,202080208050,20210715,3,12
2413,5,C,1,202080208040,20210715,3,13
2414,6,C,0,202080206440,20210715,3,14
2415,5,C,1,202080206432,20210715,3,15
2416,6,C,0,202080205132,20210715,3,16
2417,5,C,0,202080205125,20210715,3,17
2418,2,A,0,202080208050,20210715,3,18
2419,1,A,0,201680208050,20210715,3,19
2420,2,A,0,161680208050,20210715,3,20
2421,1,A,0,161280208050,20210715,3,21
2422,3,B,1,202080208050,20210715,3,22
2423,4,B,0,202064208050,20210715,3,23
2424,3,B,1,202064168050,20210715,3,24
2425,4,B,0,202051168050,20210715,3,25
2426,3,B,0,202051128050,20210715,3,26
2427,4,B,1,202040128050,20210715,3,27
2428,3,B,1,202040108050,20210715,3,28
2429,4,B,0,202032108050,20210715,3,29
2430,3,B,1,202032088050,20210715,3,30
2431,4,B,0,202026088050,20210715,3,31
2432,3,B,0,202026068050,20210715,3,32
2433,5,C,1,202080208050,20210715,3,33
2434,6,C,0,202080206450,20210715,3,34
2435,5,C,0,202080206440,20210715,3,35
2436,6,C,1,202080205140,20210715,3,36
2437,5,C,0,202080205132,20210715,3,37
2438,6,C,0,202080204032,20210715,3,38
2439,5,C,0,202080204025,20210715,3,39
2440,6,C,0,202080203225,20210715,3,40
2441,5,C,0,202080203220,20210715,3,41
2442,3,B,1,202080208050,20210715,3,42
2443,4,B,0,202064208050,20210715,3,43
2444,3,B,0,202064168050,20210715,3,44
2445,4,B,0,202051168050,20210715,3,45
2446,3,B,1,202051128050,20210715,3,46
2447,4,B,0,202040128050,20210715,3,47
2448,3,B,1,202040108050,20210715,3,48
2449,4,B,1,202032108050,20210715,3,49
2450,3,B,0,202032088050,20210715,3,50
2451,4,B,0,202026088050,20210715,3,51
2452,3,B,1,202026068050,20210715,3,52
2453,4,B,0,202020068050,20210715,3,53
2454,3,B,1,202020058050,20210715,3,54
2455,4,B,0,202016058050,20210715,3,55
2456,3,B,0,202016048050,20210715,3,56
2457,6,C,0,202080208050,20210715,3,57
2458,5,C,1,202080208040,20210715,3,58
2459,6,C,1,202080206440,20210715,3,59
2460,5,C,0,202080206432,20210715,3,60
2461,6,C,0,202080205132,20210715,3,61
2462,5,C,1,202080205125,20210715,3,62
2463,6,C,0,202080204025,20210715,3,63
2464,5,C,1,202080204020,20210715,3,64
2465,6,C,0,202080203220,20210715,3,65
2466,5,C,0,202080203216,20210715,3,66
2467,6,C,1,202080202616,20210715,3,67
2468,5,C,1,202080202613,20210715,3,68
2469,6,C,0,202080202013,20210715,3,69
2470,5,C,1,202080202010,20210715,3,70
2471,6,C,0,202080201610,20210715,3,71
2472,5,C,1,202080201608,20210715,3,72
2473,6,C,1,202080201308,20210715,3,73
2474,5,C,0,202080201306,20210715,3,74
2475,6,C,0,202080201006,20210715,3,75
2476,5,C,0,202080201005,20210715,3,76
2477,6,C,0,202080200805,20210715,3,77
2478,5,C,0,202080200804,20210715,3,78
2479,1,A,0,202080208050,20210715,3,79
2480,2,A,0,162080208050,20210715,3,80
2481,1,A,0,161680208050,20210715,3,81
2482,2,A,0,121680208050,20210715,3,82
2483,4,B,0,202080208050,20210715,3,83
2484,3,B,1,202080168050,20210715,3,84
2485,4,B,1,202064168050,20210715,3,85
2486,3,B,1,202064128050,20210715,3,86
2487,4,B,0,202051128050,20210715,3,87
2488,3,B,0,202051108050,20210715,3,88
2489,4,B,0,202040108050,20210715,3,89
2490,3,B,0,202040088050,20210715,3,90
2491,5,C,1,202080208050,20210715,3,91
2492,6,C,0,202080206450,20210715,3,92
2493,5,C,1,202080206440,20210715,3,93
2494,6,C,0,202080205140,20210715,3,94
2495,5,C,1,202080205132,20210715,3,95
2496,6,C,0,202080204032,20210715,3,96
2497,5,C,1,202080204025,20210715,3,97
2498,6,C,0,202080203225,20210715,3,98
2499,5,C,1,202080203220,20210715,3,99
2500,6,C,0,202080202620,20210715,3,100
2501,5,C,1,202080202616,20210715,3,101
2502,6,C,0,202080202016,20210715,3,102
2503,5,C,0,202080202013,20210715,3,103
2504,6,C,0,202080201613,20210715,3,104
2505,5,C,0,202080201610,20210715,3,105
2506,6,C,0,202080201310,20210715,3,106
2507,5,C,0,202080201308,20210715,3,107
2508,2,A,1,202080208050,20210715,3,108
2509,1,A,0,201680208050,20210715,3,109
2510,2,A,0,161680208050,20210715,3,110
2511,1,A,0,161280208050,20210715,3,111
2512,3,B,1,202080208050,20210715,3,112
2513,4,B,0,202064208050,20210715,3,113
2514,3,B,1,202064168050,20210715,3,114
2515,4,B,1,202051168050,20210715,3,115
2516,3,B,1,202051128050,20210715,3,116
2517,4,B,0,202040128050,20210715,3,117
2518,3,B,1,202040108050,20210715,3,118
2519,4,B,0,202032108050,20210715,3,119
2520,3,B,0,202032088050,20210715,3,120
2521,4,B,0,202026088050,20210715,3,121
2522,3,B,0,202026068050,20210715,3,122
2523,5,C,1,202080208050,20210715,3,123
2524,6,C,0,202080206450,20210715,3,124
2525,5,C,1,202080206440,20210715,3,125
2526,6,C,1,202080205140,20210715,3,126
2527,5,C,1,202080205132,20210715,3,127
2528,6,C,0,202080204032,20210715,3,128
2529,5,C,1,202080204025,20210715,3,129
2530,6,C,0,202080203225,20210715,3,130
2531,5,C,1,202080203220,20210715,3,131
2532,6,C,0,202080202620,20210715,3,132
2533,5,C,1,202080202616,20210715,3,133
2534,6,C,0,202080202016,20210715,3,134
2535,5,C,0,202080202013,20210715,3,135
2536,6,C,0,202080201613,20210715,3,136
2537,5,C,0,202080201610,20210715,3,137
2538,6,C,1,202080201310,20210715,3,138
2539,5,C,0,202080201308,20210715,3,139
2540,6,C,0,202080201008,20210715,3,140
2541,5,C,0,202080201006,20210715,3,141
2542,6,C,0,202080200806,20210715,3,142
2543,5,C,0,202080200805,20210715,3,143
2544,2,A,0,202080208050,20210715,3,144
2545,1,A,0,201680208050,20210715,3,145
2546,2,A,0,161680208050,20210715,3,146
2547,1,A,0,161280208050,20210715,3,147
2548,2,A,0,121280208050,20210715,3,148
2549,3,B,1,202080208050,20210715,3,149
2550,4,B,0,202064208050,20210715,3,150
2551,3,B,1,202064168050,20210715,3,151
2552,4,B,0,202051168050,20210715,3,152
2553,3,B,1,202051128050,20210715,3,153
2554,4,B,0,202040128050,20210715,3,154
2555,3,B,1,202040108050,20210715,3,155
2556,4,B,1,202032108050,20210715,3,156
2557,3,B,0,202032088050,20210715,3,157
2558,4,B,0,202026088050,20210715,3,158
2559,3,B,0,202026068050,20210715,3,159
2560,5,C,0,202080208050,20210715,3,160
2561,6,C,0,202080206450,20210715,3,161
2562,5,C,0,202080206440,20210715,3,162
2563,6,C,0,202080205140,20210715,3,163
2564,5,C,0,202080205132,20210715,3,164
2565,2,A,0,202080208050,20210715,3,165
2566,1,A,0,201680208050,20210715,3,166
2567,2,A,0,161680208050,20210715,3,167
2568,3,B,0,202080208050,20210715,3,168
2569,4,B,0,202064208050,20210715,3,169
2570,3,B,1,202064168050,20210715,3,170
2571,4,B,0,202051168050,20210715,3,171
2572,3,B,0,202051128050,20210715,3,172
2573,5,C,1,202080208050,20210715,3,173
2574,6,C,0,202080206450,20210715,3,174
2575,5,C,1,202080206440,20210715,3,175
2576,6,C,1,202080205140,20210715,3,176
2577,5,C,0,202080205132,20210715,3,177
2578,6,C,1,202080204032,20210715,3,178
2579,5,C,0,202080204025,20210715,3,179
2580,6,C,1,202080203225,20210715,3,180
2581,5,C,0,202080203220,20210715,3,181
2582,6,C,0,202080202620,20210715,3,182
2583,5,C,0,202080202616,20210715,3,183
2584,3,B,1,202080208050,20210715,3,184
2585,4,B,0,202064208050,20210715,3,185
2586,3,B,0,202064168050,20210715,3,186
2587,4,B,0,202051168050,20210715,3,187
2588,3,B,1,202051128050,20210715,3,188
2589,4,B,0,202040128050,20210715,3,189
2590,3,B,0,202040108050,20210715,3,190
2591,4,B,0,202032108050,20210715,3,191
2592,3,B,0,202032088050,20210715,3,192
2593,5,C,1,202080208050,20210715,3,193
2594,6,C,1,202080206450,20210715,3,194
2595,5,C,1,202080206440,20210715,3,195
2596,6,C,1,202080205140,20210715,3,196
2597,5,C,0,202080205132,20210715,3,197
2598,6,C,0,202080204032,20210715,3,198
2599,5,C,1,202080204025,20210715,3,199
2600,6,C,0,202080203225,20210715,3,200
2601,5,C,0,202080203220,20210715,3,201
2602,6,C,0,202080202620,20210715,3,202
2603,5,C,0,202080202616,20210715,3,203
2604,3,B,0,202080208050,20210715,3,204
2605,4,B,0,202064208050,20210715,3,205
2606,3,B,0,202064168050,20210715,3,206
2607,2,A,1,202080208050,20210715,3,207
2608,1,A,0,201680208050,20210715,3,208
2609,2,A,0,161680208050,20210715,3,209
2610,1,A,0,161280208050,20210715,3,210
2611,2,A,0,121280208050,20210715,3,211
2612,5,C,1,202080208050,20210715,3,212
2613,6,C,0,202080206450,20210715,3,213
2614,5,C,1,202080206440,20210715,3,214
2615,6,C,0,202080205140,20210715,3,215
2616,5,C,1,202080205132,20210715,3,216
2617,6,C,1,202080204032,20210715,3,217
2618,5,C,1,202080204025,20210715,3,218
2619,6,C,0,202080203225,20210715,3,219
2620,5,C,1,202080203220,20210715,3,220
2621,6,C,0,202080202620,20210715,3,221
2622,5,C,0,202080202616,20210715,3,222
2623,6,C,0,202080202016,20210715,3,223
2624,5,C,0,202080202013,20210715,3,224
2625,6,C,0,202080201613,20210715,3,225
2626,5,C,0,202080201610,20210715,3,226
2627,6,C,0,202080201310,20210715,3,227
2628,5,C,0,202080201308,20210715,3,228
2629,6,C,0,202080201008,20210715,3,229
2630,3,B,1,202080208050,20210715,3,230
2631,4,B,0,202064208050,20210715,3,231
2632,3,B,0,202064168050,20210715,3,232
2633,4,B,0,202051168050,20210715,3,233
2634,3,B,0,202051128050,20210715,3,234
2635,4,B,0,202040128050,20210715,3,235
2636,3,B,0,202040108050,20210715,3,236
2637,5,C,1,202080208050,20210715,3,237
2638,6,C,0,202080206450,20210715,3,238
2639,5,C,1,202080206440,20210715,3,239
2640,6,C,1,202080205140,20210715,3,240
2641,5,C,1,202080205132,20210715,3,241
2642,6,C,1,202080204032,20210715,3,242
2643,5,C,1,202080204025,20210715,3,243
2644,6,C,0,202080203225,20210715,3,244
2645,5,C,1,202080203220,20210715,3,245
2646,6,C,0,202080202620,20210715,3,246
2647,5,C,0,202080202616,20210715,3,247
2648,6,C,0,202080202016,20210715,3,248
2649,5,C,0,202080202013,20210715,3,249
2650,2,A,0,202080208050,20210715,3,250
2651,1,A,0,201680208050,20210715,3,251
2652,2,A,0,161680208050,20210715,3,252
2653,1,A,0,161280208050,20210715,3,253
2654,5,C,0,202080208050,20210715,3,254
2655,6,C,0,202080206450,20210715,3,255
2656,5,C,1,202080206440,20210715,3,256
2657,6,C,0,202080205140,20210715,3,257
2658,5,C,1,202080205132,20210715,3,258
2659,2,A,0,202080208050,20210715,3,259
2660,1,A,0,201680208050,20210715,3,260
2661,3,B,1,202080208050,20210715,3,261
2662,4,B,0,202064208050,20210715,3,262
2663,3,B,1,202064168050,20210715,3,263
2664,4,B,0,202051168050,20210715,3,264
2665,3,B,0,202051128050,20210715,3,265
2666,5,C,1,202080208050,20210715,3,266
2667,6,C,0,202080206450,20210715,3,267
2668,5,C,1,202080206440,20210715,3,268
2669,6,C,1,202080205140,20210715,3,269
2670,5,C,0,202080205132,20210715,3,270
2671,6,C,0,202080204032,20210715,3,271
2672,5,C,0,202080204025,20210715,3,272
2673,6,C,0,202080203225,20210715,3,273
2674,5,C,1,202080203220,20210715,3,274
2675,6,C,0,202080202620,20210715,3,275
2676,5,C,0,202080202616,20210715,3,276
2677,2,A,0,202080208050,20210715,3,277
2678,1,A,0,201680208050,20210715,3,278
2679,2,A,0,161680208050,20210715,3,279
2680,1,A,0,161280208050,20210715,3,280
2681,3,B,0,202080208050,20210715,3,281
2682,4,B,1,202064208050,20210715,3,282
2683,3,B,1,202064168050,20210715,3,283
2684,4,B,0,202051168050,20210715,3,284
2685,3,B,0,202051128050,20210715,3,285
2686,5,C,0,202080208050,20210715,3,286
2687,6,C,0,202080206450,20210715,3,287
2688,5,C,0,202080206440,20210715,3,288
2689,2,A,1,202080208050,20210715,3,289
2690,1,A,0,201680208050,20210715,3,290
2691,2,A,0,161680208050,20210715,3,291
2692,1,A,0,161280208050,20210715,3,292
2693,5,C,1,202080208050,20210715,3,293
2694,6,C,1,202080206450,20210715,3,294
2695,3,B,1,205020802020,20210715,4,0
2696,4,B,0,205016802020,20210715,4,1
2697,5,C,0,205020802020,20210715,4,2
2698,6,C,0,205020801620,20210715,4,3
2699,5,C,0,205020801616,20210715,4,4
2700,2,A,1,205020802020,20210715,4,5
2701,1,A,1,204020802020,20210715,4,6
2702,2,A,0,164020802020,20210715,4,7
2703,1,A,0,163220802020,20210715,4,8
2704,2,A,0,123220802020,20210715,4,9
2705,3,B,0,205020802020,20210715,4,10
2706,4,B,1,205016802020,20210715,4,11
2707,3,B,0,205016642020,20210715,4,12
2708,4,B,0,205012642020,20210715,4,13
2709,5,C,1,205020802020,20210715,4,14
2710,6,C,0,205020801620,20210715,4,15
2711,5,C,0,205020801616,20210715,4,16
2712,6,C,0,205020801216,20210715,4,17
2713,5,C,1,205020801212,20210715,4,18
2714,2,A,1,205020802020,20210715,4,19
2715,1,A,0,204020802020,20210715,4,20
2716,2,A,1,164020802020,20210715,4,21
2717,1,A,0,163220802020,20210715,4,22
2718,2,A,1,123220802020,20210715,4,23
2719,1,A,0,122520802020,20210715,4,24
2720,2,A,1,102520802020,20210715,4,25
2721,1,A,0,102020802020,20210715,4,26
2722,2,A,0,082020802020,20210715,4,27
2723,1,A,0,081620802020,20210715,4,28
2724,2,A,1,061620802020,20210715,4,29
2725,1,A,0,061320802020,20210715,4,30
2726,2,A,0,051320802020,20210715,4,31
2727,5,C,0,205020802020,20210715,4,32
2728,6,C,0,205020801620,20210715,4,33
2729,5,C,0,205020801616,20210715,4,34
2730,4,B,1,205020802020,20210715,4,35
2731,3,B,0,205020642020,20210715,4,36
2732,4,B,1,205016642020,20210715,4,37
2733,3,B,0,205016512020,20210715,4,38
2734,4,B,1,205012512020,20210715,4,39
2735,3,B,0,205012402020,20210715,4,40
2736,4,B,1,205010402020,20210715,4,41
2737,3,B,0,205010322020,20210715,4,42
2738,4,B,0,205008322020,20210715,4,43
2739,3,B,0,205008262020,20210715,4,44
2740,4,B,1,205006262020,20210715,4,45
2741,2,A,0,205020802020,20210715,4,46
2742,1,A,0,204020802020,20210715,4,47
2743,2,A,0,164020802020,20210715,4,48
2744,1,A,0,163220802020,20210715,4,49
2745,2,A,0,123220802020,20210715,4,50
2746,5,C,0,205020802020,20210715,4,51
2747,6,C,0,205020801620,20210715,4,52
2748,5,C,1,205020801616,20210715,4,53
2749,6,C,0,205020801216,20210715,4,54
2750,5,C,1,205020801212,20210715,4,55
2751,6,C,0,205020801012,20210715,4,56
2752,5,C,0,205020801010,20210715,4,57
2753,4,B,1,205020802020,20210715,4,58
2754,3,B,0,205020642020,20210715,4,59
2755,4,B,1,205016642020,20210715,4,60
2756,3,B,0,205016512020,20210715,4,61
2757,4,B,0,205012512020,20210715,4,62
2758,3,B,0,205012402020,20210715,4,63
2759,4,B,0,205010402020,20210715,4,64
2760,3,B,0,205010322020,20210715,4,65
2761,4,B,1,205008322020,20210715,4,66
2762,2,A,1,205020802020,20210715,4,67
2763,1,A,0,204020802020,20210715,4,68
2764,2,A,0,164020802020,20210715,4,69
2765,5,C,0,205020802020,20210715,4,70
2766,6,C,0,205020801620,20210715,4,71
2767,5,C,0,205020801616,20210715,4,72
2768,4,B,1,205020802020,20210715,4,73
2769,3,B,0,205020642020,20210715,4,74
2770,4,B,0,205016642020,20210715,4,75
2771,3,B,1,205016512020,20210715,4,76
2772,4,B,0,205012512020,20210715,4,77
2773,3,B,0,205012402020,20210715,4,78
2774,4,B,1,205010402020,20210715,4,79
2775,2,A,1,205020802020,20210715,4,80
2776,1,A,0,204020802020,20210715,4,81
2777,2,A,1,164020802020,20210715,4,82
2778,1,A,0,163220802020,20210715,4,83
2779,2,A,1,123220802020,20210715,4,84
2780,5,C,0,205020802020,20210715,4,85
2781,6,C,0,205020801620,20210715,4,86
2782,5,C,0,205020801616,20210715,4,87
2783,6,C,0,205020801216,20210715,4,88
2784,5,C,0,205020801212,20210715,4,89
2785,2,A,1,205020802020,20210715,4,90
2786,1,A,0,204020802020,20210715,4,91
2787,2,A,1,164020802020,20210715,4,92
2788,1,A,0,163220802020,20210715,4,93
2789,2,A,0,123220802020,20210715,4,94
2790,4,B,1,205020802020,20210715,4,95
2791,3,B,1,205020642020,20210715,4,96
2792,4,B,0,205016642020,20210715,4,97
2793,3,B,0,205016512020,20210715,4,98
2794,4,B,0,205012512020,20210715,4,99
2795,3,B,0,205012402020,20210715,4,100
2796,5,C,0,205020802020,20210715,4,101
2797,6,C,0,205020801620,20210715,4,102
2798,2,A,0,205020802020,20210715,4,103
2799,1,A,0,204020802020,20210715,4,104
2800,2,A,1,164020802020,20210715,4,105
2801,5,C,0,205020802020,20210715,4,106
2802,6,C,1,205020801620,20210715,4,107
2803,5,C,0,205020801616,20210715,4,108
2804,6,C,0,205020801216,20210715,4,109
2805,4,B,1,205020802020,20210715,4,110
2806,3,B,1,205020642020,20210715,4,111
2807,4,B,0,205016642020,20210715,4,112
2808,3,B,0,205016512020,20210715,4,113
2809,4,B,1,205012512020,20210715,4,114
2810,3,B,0,205012402020,20210715,4,115
2811,4,B,0,205010402020,20210715,4,116
2812,3,B,0,205010322020,20210715,4,117
2813,2,A,0,205020802020,20210715,4,118
2814,5,C,0,205020802020,20210715,4,119
2815,6,C,0,205020801620,20210715,4,120
2816,5,C,0,205020801616,20210715,4,121
2817,6,C,0,205020801216,20210715,4,122
2818,2,A,0,205020802020,20210715,4,123
2819,1,A,1,204020802020,20210715,4,124
2820,2,A,1,164020802020,20210715,4,125
2821,1,A,0,163220802020,20210715,4,126
2822,2,A,0,123220802020,20210715,4,127
2823,4,B,1,205020802020,20210715,4,128
2824,3,B,1,205020642020,20210715,4,129
2825,4,B,0,205016642020,20210715,4,130
2826,3,B,0,205016512020,20210715,4,131
2827,2,A,0,205020802020,20210715,4,132
2828,1,A,1,204020802020,20210715,4,133
2829,2,A,0,164020802020,20210715,4,134
2830,1,A,0,163220802020,20210715,4,135
2831,2,A,0,123220802020,20210715,4,136
2832,4,B,1,205020802020,20210715,4,137
2833,3,B,0,205020642020,20210715,4,138
2834,4,B,1,205016642020,20210715,4,139
2835,3,B,0,205016512020,20210715,4,140
2836,4,B,0,205012512020,20210715,4,141
2837,6,C,0,205020802020,20210715,4,142
2838,5,C,0,205020802016,20210715,4,143
2839,6,C,1,205020801616,20210715,4,144
2840,1,A,0,205020802020,20210715,4,145
2841,2,A,0,165020802020,20210715,4,146
2842,1,A,0,164020802020,20210715,4,147
2843,3,B,1,205020802020,20210715,4,148
2844,4,B,1,205016802020,20210715,4,149
2845,3,B,1,205016642020,20210715,4,150
2846,4,B,1,205012642020,20210715,4,151
2847,3,B,1,205012512020,20210715,4,152
2848,4,B,0,205010512020,20210715,4,153
2849,3,B,0,205010402020,20210715,4,154
2850,4,B,0,205008402020,20210715,4,155
2851,3,B,0,205008322020,20210715,4,156
2852,2,A,1,205020802020,20210715,4,157
2853,1,A,0,204020802020,20210715,4,158
2854,2,A,1,164020802020,20210715,4,159
2855,1,A,0,163220802020,20210715,4,160
2856,2,A,0,123220802020,20210715,4,161
2857,6,C,0,205020802020,20210715,4,162
2858,5,C,0,205020802016,20210715,4,163
2859,6,C,0,205020801616,20210715,4,164
2860,5,C,0,205020801612,20210715,4,165
2861,6,C,0,205020801212,20210715,4,166
2862,5,C,0,205020801210,20210715,4,167
2863,4,B,1,205020802020,20210715,4,168
2864,3,B,0,205020642020,20210715,4,169
2865,4,B,1,205016642020,20210715,4,170
2866,3,B,1,205016512020,20210715,4,171
2867,4,B,1,205012512020,20210715,4,172
2868,3,B,0,205012402020,20210715,4,173
2869,4,B,1,205010402020,20210715,4,174
2870,3,B,0,205010322020,20210715,4,175
2871,4,B,0,205008322020,20210715,4,176
2872,3,B,0,205008262020,20210715,4,177
2873,4,B,0,205006262020,20210715,4,178
2874,2,A,1,205020802020,20210715,4,179
2875,1,A,0,204020802020,20210715,4,180
2876,2,A,1,164020802020,20210715,4,181
2877,1,A,1,163220802020,20210715,4,182
2878,2,A,1,123220802020,20210715,4,183
2879,1,A,1,122520802020,20210715,4,184
2880,2,A,0,102520802020,20210715,4,185
2881,1,A,0,102020802020,20210715,4,186
2882,4,B,1,205020802020,20210715,4,187
2883,3,B,1,205020642020,20210715,4,188
2884,4,B,1,205016642020,20210715,4,189
2885,3,B,1,205016512020,20210715,4,190
2886,4,B,1,205012512020,20210715,4,191
2887,3,B,0,205012402020,20210715,4,192
2888,4,B,0,205010402020,20210715,4,193
2889,3,B,0,205010322020,20210715,4,194
2890,4,B,0,205008322020,20210715,4,195
2891,3,B,1,205008262020,20210715,4,196
2892,2,A,1,205020802020,20210715,4,197
2893,1,A,1,204020802020,20210715,4,198
2894,2,A,1,164020802020,20210715,4,199
2895,1,A,0,163220802020,20210715,4,200
2896,2,A,1,123220802020,20210715,4,201
2897,1,A,0,122520802020,20210715,4,202
2898,2,A,0,102520802020,20210715,4,203
2899,1,A,0,102020802020,20210715,4,204
2900,2,A,0,082020802020,20210715,4,205
2901,4,B,0,205020802020,20210715,4,206
2902,3,B,1,205020642020,20210715,4,207
2903,4,B,1,205016642020,20210715,4,208
2904,3,B,0,205016512020,20210715,4,209
2905,4,B,1,205012512020,20210715,4,210
2906,3,B,0,205012402020,20210715,4,211
2907,4,B,0,205010402020,20210715,4,212
2908,3,B,0,205010322020,20210715,4,213
2909,2,A,1,205020802020,20210715,4,214
2910,1,A,1,204020802020,20210715,4,215
2911,2,A,0,164020802020,20210715,4,216
2912,1,A,0,163220802020,20210715,4,217
2913,2,A,1,123220802020,20210715,4,218
2914,1,A,0,122520802020,20210715,4,219
2915,2,A,0,102520802020,20210715,4,220
2916,5,C,1,205020802020,20210715,4,221
2917,6,C,0,205020801620,20210715,4,222
2918,5,C,0,205020801616,20210715,4,223
2919,6,C,1,205020801216,20210715,4,224
2920,5,C,0,205020801212,20210715,4,225
2921,6,C,0,205020801012,20210715,4,226
2922,3,B,1,205020802020,20210715,4,227
2923,4,B,0,205016802020,20210715,4,228
2924,3,B,0,205016642020,20210715,4,229
2925,4,B,1,205012642020,20210715,4,230
2926,3,B,0,205012512020,20210715,4,231
2927,4,B,0,205010512020,20210715,4,232
2928,3,B,0,205010402020,20210715,4,233
2929,2,A,0,205020802020,20210715,4,234
2930,1,A,1,204020802020,20210715,4,235
2931,2,A,1,164020802020,20210715,4,236
2932,1,A,0,163220802020,20210715,4,237
2933,2,A,0,123220802020,20210715,4,238
2934,1,A,0,122520802020,20210715,4,239
2935,2,A,0,102520802020,20210715,4,240
2936,1,A,0,102020802020,20210715,4,241
2937,4,B,0,205020802020,20210715,4,242
2938,3,B,0,205020642020,20210715,4,243
2939,2,A,0,205020802020,20210715,4,244
2940,1,A,0,204020802020,20210715,4,245
2941,6,C,0,205020802020,20210715,4,246
2942,5,C,1,205020802016,20210715,4,247
2943,6,C,0,205020801616,20210715,4,248
2944,5,C,1,205020801612,20210715,4,249
2945,6,C,0,205020801212,20210715,4,250
2946,5,C,0,205020801210,20210715,4,251
2947,3,B,1,205020802020,20210715,4,252
2948,4,B,1,205016802020,20210715,4,253
2949,3,B,0,205016642020,20210715,4,254
2950,4,B,1,205012642020,20210715,4,255
2951,3,B,0,205012512020,20210715,4,256
2952,4,B,1,205010512020,20210715,4,257
2953,3,B,0,205010402020,20210715,4,258
2954,4,B,0,205008402020,20210715,4,259
2955,3,B,0,205008322020,20210715,4,260
2956,2,A,1,205020802020,20210715,4,261
2957,1,A,0,204020802020,20210715,4,262
2958,2,A,0,164020802020,20210715,4,263
2959,1,A,0,163220802020,20210715,4,264
2960,2,A,0,123220802020,20210715,4,265
2961,1,A,0,122520802020,20210715,4,266
2962,3,B,0,205020802020,20210715,4,267
2963,4,B,1,205016802020,20210715,4,268
2964,3,B,0,205016642020,20210715,4,269
2965,4,B,1,205012642020,20210715,4,270
2966,1,A,0,205020802020,20210715,4,271
2967,2,A,1,165020802020,20210715,4,272
2968,1,A,0,164020802020,20210715,4,273
2969,2,A,0,124020802020,20210715,4,274
2970,1,A,0,123220802020,20210715,4,275
2971,6,C,0,205020802020,20210715,4,276
2972,5,C,1,205020802016,20210715,4,277
2973,6,C,0,205020801616,20210715,4,278
2974,5,C,1,205020801612,20210715,4,279
2975,2,A,1,205020802020,20210715,4,280
2976,1,A,0,204020802020,20210715,4,281
2977,2,A,0,164020802020,20210715,4,282
2978,1,A,0,163220802020,20210715,4,283
2979,2,A,0,123220802020,20210715,4,284
2980,4,B,1,205020802020,20210715,4,285
2981,3,B,0,205020642020,20210715,4,286
2982,4,B,1,205016642020,20210715,4,287
2983,3,B,0,205016512020,20210715,4,288
2984,4,B,0,205012512020,20210715,4,289
2985,3,B,0,205012402020,20210715,4,290
2986,4,B,1,205010402020,20210715,4,291
2987,2,A,1,205020802020,20210715,4,292
2988,1,A,0,204020802020,20210715,4,293
2989,2,A,0,164020802020,20210715,4,294
2990,5,C,1,508020205020,20210715,5,0
2991,6,C,0,508020204020,20210715,5,1
2992,5,C,0,508020204016,20210715,5,2
2993,3,B,0,508020205020,20210715,5,3
2994,4,B,0,508016205020,20210715,5,4
2995,3,B,0,508016165020,20210715,5,5
2996,4,B,1,508012165020,20210715,5,6
2997,2,A,1,508020205020,20210715,5,7
2998,1,A,0,506420205020,20210715,5,8
2999,2,A,1,406420205020,20210715,5,9
3000,1,A,0,405120205020,20210715,5,10
3001,2,A,1,325120205020,20210715,5,11
3002,5,C,1,508020205020,20210715,5,12
3003,6,C,0,508020204020,20210715,5,13
3004,5,C,0,508020204016,20210715,5,14
3005,6,C,0,508020203216,20210715,5,15
3006,5,C,1,508020203212,20210715,5,16
3007,6,C,0,508020202512,20210715,5,17
3008,5,C,0,508020202510,20210715,5,18
3009,2,A,1,508020205020,20210715,5,19
3010,1,A,1,506420205020,20210715,5,20
3011,2,A,1,406420205020,20210715,5,21
3012,1,A,1,405120205020,20210715,5,22
3013,2,A,1,325120205020,20210715,5,23
3014,1,A,0,324020205020,20210715,5,24
3015,2,A,1,254020205020,20210715,5,25
3016,1,A,1,253220205020,20210715,5,26
3017,2,A,0,203220205020,20210715,5,27
3018,1,A,0,202620205020,20210715,5,28
3019,2,A,0,162620205020,20210715,5,29
3020,1,A,0,162020205020,20210715,5,30
3021,2,A,0,132020205020,20210715,5,31
3022,3,B,0,508020205020,20210715,5,32
3023,4,B,0,508016205020,20210715,5,33
3024,3,B,0,508016165020,20210715,5,34
3025,4,B,1,508012165020,20210715,5,35
3026,3,B,0,508012125020,20210715,5,36
3027,4,B,0,508010125020,20210715,5,37
3028,5,C,0,508020205020,20210715,5,38
3029,6,C,0,508020204020,20210715,5,39
3030,5,C,0,508020204016,20210715,5,40
3031,6,C,0,508020203216,20210715,5,41
3032,5,C,0,508020203212,20210715,5,42
3033,2,A,0,508020205020,20210715,5,43
3034,1,A,1,506420205020,20210715,5,44
3035,2,A,0,406420205020,20210715,5,45
3036,1,A,0,405120205020,20210715,5,46
3037,2,A,1,325120205020,20210715,5,47
3038,1,A,0,324020205020,20210715,5,48
3039,2,A,0,254020205020,20210715,5,49
3040,1,A,0,253220205020,20210715,5,50
3041,2,A,1,203220205020,20210715,5,51
3042,4,B,0,508020205020,20210715,5,52
3043,3,B,0,508020165020,20210715,5,53
3044,4,B,0,508016165020,20210715,5,54
3045,3,B,0,508016125020,20210715,5,55
3046,4,B,0,508012125020,20210715,5,56
3047,5,C,0,508020205020,20210715,5,57
3048,6,C,0,508020204020,20210715,5,58
3049,5,C,0,508020204016,20210715,5,59
3050,2,A,1,508020205020,20210715,5,60
3051,1,A,0,506420205020,20210715,5,61
3052,2,A,1,406420205020,20210715,5,62
3053,1,A,0,405120205020,20210715,5,63
3054,2,A,1,325120205020,20210715,5,64
3055,1,A,0,324020205020,20210715,5,65
3056,2,A,1,254020205020,20210715,5,66
3057,1,A,0,253220205020,20210715,5,67
3058,2,A,0,203220205020,20210715,5,68
3059,5,C,0,508020205020,20210715,5,69
3060,2,A,1,508020205020,20210715,5,70
3061,1,A,0,506420205020,20210715,5,71
3062,2,A,1,406420205020,20210715,5,72
3063,1,A,0,405120205020,20210715,5,73
3064,2,A,1,325120205020,20210715,5,74
3065,1,A,0,324020205020,20210715,5,75
3066,2,A,1,254020205020,20210715,5,76
3067,1,A,0,253220205020,20210715,5,77
3068,2,A,1,203220205020,20210715,5,78
3069,1,A,0,202620205020,20210715,5,79
3070,2,A,0,162620205020,20210715,5,80
3071,4,B,0,508020205020,20210715,5,81
3072,3,B,1,508020165020,20210715,5,82
3073,4,B,0,508016165020,20210715,5,83
3074,3,B,1,508016125020,20210715,5,84
3075,4,B,1,508012125020,20210715,5,85
3076,3,B,0,508012105020,20210715,5,86
3077,4,B,0,508010105020,20210715,5,87
3078,3,B,0,508010085020,20210715,5,88
3079,4,B,1,508008085020,20210715,5,89
3080,3,B,1,508008065020,20210715,5,90
3081,4,B,1,508006065020,20210715,5,91
3082,3,B,0,508006055020,20210715,5,92
3083,4,B,0,508005055020,20210715,5,93
3084,3,B,0,508005045020,20210715,5,94
3085,4,B,0,508004045020,20210715,5,95
3086,2,A,1,508020205020,20210715,5,96
3087,1,A,1,506420205020,20210715,5,97
3088,2,A,0,406420205020,20210715,5,98
3089,1,A,0,405120205020,20210715,5,99
3090,2,A,0,325120205020,20210715,5,100
3091,1,A,0,324020205020,20210715,5,101
3092,2,A,0,254020205020,20210715,5,102
3093,4,B,0,508020205020,20210715,5,103
3094,3,B,0,508020165020,20210715,5,104
3095,4,B,0,508016165020,20210715,5,105
3096,3,B,0,508016125020,20210715,5,106
3097,4,B,0,508012125020,20210715,5,107
3098,3,B,0,508012105020,20210715,5,108
3099,4,B,0,508010105020,20210715,5,109
3100,2,A,1,508020205020,20210715,5,110
3101,1,A,1,506420205020,20210715,5,111
3102,2,A,1,406420205020,20210715,5,112
3103,1,A,1,405120205020,20210715,5,113
3104,2,A,1,325120205020,20210715,5,114
3105,1,A,0,324020205020,20210715,5,115
3106,2,A,1,254020205020,20210715,5,116
3107,1,A,1,253220205020,20210715,5,117
3108,2,A,1,203220205020,20210715,5,118
3109,1,A,0,202620205020,20210715,5,119
3110,2,A,0,162620205020,20210715,5,120
3111,1,A,1,162020205020,20210715,5,121
3112,2,A,1,132020205020,20210715,5,122
3113,1,A,0,131620205020,20210715,5,123
3114,2,A,0,101620205020,20210715,5,124
3115,1,A,0,101320205020,20210715,5,125
3116,2,A,0,081320205020,20210715,5,126
3117,1,A,0,081020205020,20210715,5,127
3118,2,A,0,061020205020,20210715,5,128
3119,1,A,0,060820205020,20210715,5,129
3120,4,B,0,508020205020,20210715,5,130
3121,3,B,0,508020165020,20210715,5,131
3122,4,B,0,508016165020,20210715,5,132
3123,2,A,0,508020205020,20210715,5,133
3124,1,A,0,506420205020,20210715,5,134
3125,2,A,1,406420205020,20210715,5,135
3126,1,A,1,405120205020,20210715,5,136
3127,2,A,0,325120205020,20210715,5,137
3128,1,A,0,324020205020,20210715,5,138
3129,2,A,1,254020205020,20210715,5,139
3130,1,A,0,253220205020,20210715,5,140
3131,2,A,1,203220205020,20210715,5,141
3132,1,A,0,202620205020,20210715,5,142
3133,2,A,0,162620205020,20210715,5,143
3134,1,A,0,162020205020,20210715,5,144
3135,2,A,1,132020205020,20210715,5,145
3136,5,C,0,508020205020,20210715,5,146
3137,6,C,1,508020204020,20210715,5,147
3138,5,C,0,508020204016,20210715,5,148
3139,6,C,0,508020203216,20210715,5,149
3140,5,C,0,508020203212,20210715,5,150
3141,2,A,1,508020205020,20210715,5,151
3142,1,A,1,506420205020,20210715,5,152
3143,2,A,1,406420205020,20210715,5,153
3144,1,A,0,405120205020,20210715,5,154
3145,2,A,1,325120205020,20210715,5,155
3146,1,A,0,324020205020,20210715,5,156
3147,2,A,1,254020205020,20210715,5,157
3148,1,A,1,253220205020,20210715,5,158
3149,2,A,1,203220205020,20210715,5,159
3150,1,A,0,202620205020,20210715,5,160
3151,2,A,0,162620205020,20210715,5,161
3152,1,A,0,162020205020,20210715,5,162
3153,2,A,0,132020205020,20210715,5,163
3154,3,B,1,508020205020,20210715,5,164
3155,4,B,0,508016205020,20210715,5,165
3156,3,B,0,508016165020,20210715,5,166
3157,4,B,0,508012165020,20210715,5,167
3158,3,B,0,508012125020,20210715,5,168
3159,2,A,0,508020205020,20210715,5,169
3160,1,A,1,506420205020,20210715,5,170
3161,2,A,1,406420205020,20210715,5,171
3162,1,A,1,405120205020,20210715,5,172
3163,2,A,0,325120205020,20210715,5,173
3164,1,A,0,324020205020,20210715,5,174
3165,2,A,1,254020205020,20210715,5,175
3166,1,A,1,253220205020,20210715,5,176
3167,2,A,0,203220205020,20210715,5,177
3168,1,A,1,202620205020,20210715,5,178
3169,2,A,1,162620205020,20210715,5,179
3170,1,A,0,162020205020,20210715,5,180
3171,2,A,0,132020205020,20210715,5,181
3172,1,A,0,131620205020,20210715,5,182
3173,2,A,1,101620205020,20210715,5,183
3174,1,A,0,101320205020,20210715,5,184
3175,2,A,0,081320205020,20210715,5,185
3176,1,A,1,081020205020,20210715,5,186
3177,2,A,0,061020205020,20210715,5,187
3178,1,A,0,060820205020,20210715,5,188
3179,2,A,0,050820205020,20210715,5,189
3180,3,B,0,508020205020,20210715,5,190
3181,2,A,1,508020205020,20210715,5,191
3182,1,A,0,506420205020,20210715,5,192
3183,2,A,1,406420205020,20210715,5,193
3184,1,A,0,405120205020,20210715,5,194
3185,2,A,1,325120205020,20210715,5,195
3186,1,A,1,324020205020,20210715,5,196
3187,2,A,1,254020205020,20210715,5,197
3188,1,A,1,253220205020,20210715,5,198
3189,2,A,0,203220205020,20210715,5,199
3190,1,A,0,202620205020,20210715,5,200
3191,2,A,1,162620205020,20210715,5,201
3192,1,A,0,162020205020,20210715,5,202
3193,2,A,0,132020205020,20210715,5,203
3194,1,A,0,131620205020,20210715,5,204
3195,2,A,0,101620205020,20210715,5,205
3196,1,A,1,101320205020,20210715,5,206
3197,2,A,0,081320205020,20210715,5,207
3198,1,A,0,081020205020,20210715,5,208
3199,2,A,0,061020205020,20210715,5,209
3200,5,C,1,508020205020,20210715,5,210
3201,6,C,0,508020204020,20210715,5,211
3202,5,C,1,508020204016,20210715,5,212
3203,6,C,0,508020203216,20210715,5,213
3204,5,C,0,508020203212,20210715,5,214
3205,2,A,1,508020205020,20210715,5,215
3206,1,A,0,506420205020,20210715,5,216
3207,2,A,0,406420205020,20210715,5,217
3208,1,A,0,405120205020,20210715,5,218
3209,5,C,0,508020205020,20210715,5,219
3210,6,C,0,508020204020,20210715,5,220
3211,5,C,1,508020204016,20210715,5,221
3212,2,A,0,508020205020,20210715,5,222
3213,1,A,1,506420205020,20210715,5,223
3214,2,A,1,406420205020,20210715,5,224
3215,1,A,0,405120205020,20210715,5,225
3216,2,A,1,325120205020,20210715,5,226
3217,1,A,1,324020205020,20210715,5,227
3218,2,A,1,254020205020,20210715,5,228
3219,1,A,0,253220205020,20210715,5,229
3220,2,A,0,203220205020,20210715,5,230
3221,1,A,1,202620205020,20210715,5,231
3222,2,A,0,162620205020,20210715,5,232
3223,1,A,1,162020205020,20210715,5,233
3224,2,A,1,132020205020,20210715,5,234
3225,1,A,0,131620205020,20210715,5,235
3226,2,A,0,101620205020,20210715,5,236
3227,3,B,0,508020205020,20210715,5,237
3228,4,B,0,508016205020,20210715,5,238
3229,2,A,1,508020205020,20210715,5,239
3230,1,A,1,506420205020,20210715,5,240
3231,2,A,0,406420205020,20210715,5,241
3232,1,A,1,405120205020,20210715,5,242
3233,2,A,1,325120205020,20210715,5,243
3234,1,A,0,324020205020,20210715,5,244
3235,2,A,0,254020205020,20210715,5,245
3236,1,A,0,253220205020,20210715,5,246
3237,2,A,1,203220205020,20210715,5,247
3238,1,A,0,202620205020,20210715,5,248
3239,2,A,0,162620205020,20210715,5,249
3240,1,A,0,162020205020,20210715,5,250
3241,5,C,0,508020205020,20210715,5,251
3242,6,C,1,508020204020,20210715,5,252
3243,5,C,1,508020204016,20210715,5,253
3244,6,C,0,508020203216,20210715,5,254
3245,5,C,1,508020203212,20210715,5,255
3246,6,C,0,508020202512,20210715,5,256
3247,5,C,0,508020202510,20210715,5,257
3248,2,A,1,508020205020,20210715,5,258
3249,1,A,0,506420205020,20210715,5,259
3250,2,A,1,406420205020,20210715,5,260
3251,1,A,0,405120205020,20210715,5,261
3252,2,A,0,325120205020,20210715,5,262
3253,1,A,1,324020205020,20210715,5,263
3254,2,A,0,254020205020,20210715,5,264
3255,1,A,0,253220205020,20210715,5,265
3256,2,A,1,203220205020,20210715,5,266
3257,1,A,0,202620205020,20210715,5,267
3258,2,A,1,162620205020,20210715,5,268
3259,1,A,0,162020205020,20210715,5,269
3260,2,A,0,132020205020,20210715,5,270
3261,5,C,1,508020205020,20210715,5,271
3262,6,C,0,508020204020,20210715,5,272
3263,5,C,0,508020204016,20210715,5,273
3264,6,C,0,508020203216,20210715,5,274
3265,5,C,0,508020203212,20210715,5,275
3266,2,A,1,508020205020,20210715,5,276
3267,1,A,1,506420205020,20210715,5,277
3268,2,A,1,406420205020,20210715,5,278
3269,1,A,0,405120205020,20210715,5,279
3270,2,A,0,325120205020,20210715,5,280
3271,1,A,0,324020205020,20210715,5,281
3272,2,A,1,254020205020,20210715,5,282
3273,1,A,0,253220205020,20210715,5,283
3274,2,A,0,203220205020,20210715,5,284
3275,1,A,0,202620205020,20210715,5,285
3276,2,A,0,162620205020,20210715,5,286
3277,5,C,0,508020205020,20210715,5,287
3278,6,C,0,508020204020,20210715,5,288
3279,5,C,1,508020204016,20210715,5,289
3280,3,B,0,205020202080,20210716,1,0
3281,4,B,0,205016202080,20210716,1,1
3282,5,C,0,205020202080,20210716,1,2
3283,6,C,1,205020201680,20210716,1,3
3284,5,C,0,205020201664,20210716,1,4
3285,6,C,1,205020201264,20210716,1,5
3286,2,A,0,205020202080,20210716,1,6
3287,1,A,0,204020202080,20210716,1,7
3288,2,A,0,164020202080,20210716,1,8
3289,1,A,0,163220202080,20210716,1,9
3290,2,A,0,123220202080,20210716,1,10
3291,4,B,0,205020202080,20210716,1,11
3292,3,B,1,205020162080,20210716,1,12
3293,4,B,1,205016162080,20210716,1,13
3294,3,B,0,205016122080,20210716,1,14
3295,4,B,0,205012122080,20210716,1,15
3296,3,B,0,205012102080,20210716,1,16
3297,4,B,0,205010102080,20210716,1,17
3298,5,C,0,205020202080,20210716,1,18
3299,6,C,1,205020201680,20210716,1,19
3300,5,C,0,205020201664,20210716,1,20
3301,6,C,1,205020201264,20210716,1,21
3302,5,C,1,205020201251,20210716,1,22
3303,6,C,1,205020201051,20210716,1,23
3304,5,C,0,205020201040,20210716,1,24
3305,6,C,0,205020200840,20210716,1,25
3306,5,C,0,205020200832,20210716,1,26
3307,6,C,1,205020200632,20210716,1,27
3308,5,C,0,205020200626,20210716,1,28
3309,6,C,0,205020200526,20210716,1,29
3310,2,A,0,205020202080,20210716,1,30
3311,1,A,0,204020202080,20210716,1,31
3312,2,A,0,164020202080,20210716,1,32
3313,1,A,0,163220202080,20210716,1,33
3314,4,B,0,205020202080,20210716,1,34
3315,3,B,0,205020162080,20210716,1,35
3316,4,B,0,205016162080,20210716,1,36
3317,3,B,0,205016122080,20210716,1,37
3318,5,C,0,205020202080,20210716,1,38
3319,6,C,1,205020201680,20210716,1,39
3320,5,C,0,205020201664,20210716,1,40
3321,6,C,1,205020201264,20210716,1,41
3322,5,C,0,205020201251,20210716,1,42
3323,6,C,1,205020201051,20210716,1,43
3324,5,C,0,205020201040,20210716,1,44
3325,6,C,0,205020200840,20210716,1,45
3326,5,C,1,205020200832,20210716,1,46
3327,6,C,1,205020200632,20210716,1,47
3328,5,C,0,205020200626,20210716,1,48
3329,6,C,0,205020200526,20210716,1,49
3330,5,C,0,205020200520,20210716,1,50
3331,6,C,0,205020200420,20210716,1,51
3332,5,C,0,205020200416,20210716,1,52
3333,2,A,0,205020202080,20210716,1,53
3334,1,A,1,204020202080,20210716,1,54
3335,2,A,1,164020202080,20210716,1,55
3336,1,A,0,163220202080,20210716,1,56
3337,2,A,1,123220202080,20210716,1,57
3338,1,A,0,122520202080,20210716,1,58
3339,2,A,1,102520202080,20210716,1,59
3340,1,A,0,102020202080,20210716,1,60
3341,2,A,0,082020202080,20210716,1,61
3342,4,B,0,205020202080,20210716,1,62
3343,3,B,0,205020162080,20210716,1,63
3344,4,B,0,205016162080,20210716,1,64
3345,3,B,0,205016122080,20210716,1,65
3346,5,C,0,205020202080,20210716,1,66
3347,6,C,1,205020201680,20210716,1,67
3348,5,C,0,205020201664,20210716,1,68
3349,6,C,1,205020201264,20210716,1,69
3350,5,C,0,205020201251,20210716,1,70
3351,6,C,0,205020201051,20210716,1,71
3352,2,A,1,205020202080,20210716,1,72
3353,1,A,0,204020202080,20210716,1,73
3354,2,A,0,164020202080,20210716,1,74
3355,1,A,0,163220202080,20210716,1,75
3356,2,A,0,123220202080,20210716,1,76
3357,1,A,0,122520202080,20210716,1,77
3358,2,A,0,102520202080,20210716,1,78
3359,6,C,1,205020202080,20210716,1,79
3360,5,C,0,205020202064,20210716,1,80
3361,6,C,1,205020201664,20210716,1,81
3362,5,C,0,205020201651,20210716,1,82
3363,6,C,1,205020201251,20210716,1,83
3364,5,C,0,205020201240,20210716,1,84
3365,6,C,0,205020201040,20210716,1,85
3366,2,A,1,205020202080,20210716,1,86
3367,1,A,1,204020202080,20210716,1,87
3368,2,A,0,164020202080,20210716,1,88
3369,1,A,0,163220202080,20210716,1,89
3370,2,A,0,123220202080,20210716,1,90
3371,1,A,1,122520202080,20210716,1,91
3372,2,A,0,102520202080,20210716,1,92
3373,1,A,0,102020202080,20210716,1,93
3374,2,A,0,082020202080,20210716,1,94
3375,6,C,1,205020202080,20210716,1,95
3376,5,C,0,205020202064,20210716,1,96
3377,6,C,0,205020201664,20210716,1,97
3378,5,C,0,205020201651,20210716,1,98
3379,6,C,1,205020201251,20210716,1,99
3380,5,C,0,205020201240,20210716,1,100
3381,6,C,0,205020201040,20210716,1,101
3382,2,A,0,205020202080,20210716,1,102
3383,1,A,0,204020202080,20210716,1,103
3384,2,A,0,164020202080,20210716,1,104
3385,6,C,1,205020202080,20210716,1,105
3386,5,C,0,205020202064,20210716,1,106
3387,6,C,0,205020201664,20210716,1,107
3388,2,A,1,205020202080,20210716,1,108
3389,1,A,0,204020202080,20210716,1,109
3390,2,A,0,164020202080,20210716,1,110
3391,1,A,0,163220202080,20210716,1,111
3392,4,B,1,205020202080,20210716,1,112
3393,3,B,1,205020162080,20210716,1,113
3394,4,B,0,205016162080,20210716,1,114
3395,3,B,0,205016122080,20210716,1,115
3396,6,C,0,205020202080,20210716,1,116
3397,5,C,0,205020202064,20210716,1,117
3398,6,C,1,205020201664,20210716,1,118
3399,2,A,0,205020202080,20210716,1,119
3400,1,A,0,204020202080,20210716,1,120
3401,2,A,1,164020202080,20210716,1,121
3402,1,A,0,163220202080,20210716,1,122
3403,2,A,0,123220202080,20210716,1,123
3404,6,C,1,205020202080,20210716,1,124
3405,5,C,1,205020202064,20210716,1,125
3406,6,C,1,205020201664,20210716,1,126
3407,5,C,0,205020201651,20210716,1,127
3408,6,C,0,205020201251,20210716,1,128
3409,5,C,0,205020201240,20210716,1,129
3410,6,C,0,205020201040,20210716,1,130
3411,2,A,0,205020202080,20210716,1,131
3412,1,A,0,204020202080,20210716,1,132
3413,2,A,0,164020202080,20210716,1,133
3414,1,A,1,163220202080,20210716,1,134
3415,2,A,0,123220202080,20210716,1,135
3416,1,A,0,122520202080,20210716,1,136
3417,6,C,1,205020202080,20210716,1,137
3418,5,C,0,205020202064,20210716,1,138
3419,6,C,0,205020201664,20210716,1,139
3420,2,A,0,205020202080,20210716,1,140
3421,1,A,1,204020202080,20210716,1,141
3422,2,A,1,164020202080,20210716,1,142
3423,1,A,0,163220202080,20210716,1,143
3424,2,A,0,123220202080,20210716,1,144
3425,1,A,1,122520202080,20210716,1,145
3426,2,A,1,102520202080,20210716,1,146
3427,1,A,0,102020202080,20210716,1,147
3428,2,A,0,082020202080,20210716,1,148
3429,6,C,0,205020202080,20210716,1,149
3430,5,C,0,205020202064,20210716,1,150
3431,6,C,1,205020201664,20210716,1,151
3432,5,C,0,205020201651,20210716,1,152
3433,6,C,0,205020201251,20210716,1,153
3434,2,A,0,205020202080,20210716,1,154
3435,1,A,0,204020202080,20210716,1,155
3436,2,A,1,164020202080,20210716,1,156
3437,1,A,0,163220202080,20210716,1,157
3438,2,A,0,123220202080,20210716,1,158
3439,4,B,1,205020202080,20210716,1,159
3440,3,B,1,205020162080,20210716,1,160
3441,4,B,0,205016162080,20210716,1,161
3442,3,B,0,205016122080,20210716,1,162
3443,4,B,1,205012122080,20210716,1,163
3444,3,B,0,205012102080,20210716,1,164
3445,4,B,0,205010102080,20210716,1,165
3446,6,C,1,205020202080,20210716,1,166
3447,5,C,0,205020202064,20210716,1,167
3448,6,C,0,205020201664,20210716,1,168
3449,2,A,0,205020202080,20210716,1,169
3450,1,A,0,204020202080,20210716,1,170
3451,2,A,0,164020202080,20210716,1,171
3452,1,A,0,163220202080,20210716,1,172
3453,2,A,1,123220202080,20210716,1,173
3454,1,A,0,122520202080,20210716,1,174
3455,2,A,0,102520202080,20210716,1,175
3456,6,C,1,205020202080,20210716,1,176
3457,5,C,0,205020202064,20210716,1,177
3458,6,C,0,205020201664,20210716,1,178
3459,2,A,0,205020202080,20210716,1,179
3460,1,A,1,204020202080,20210716,1,180
3461,2,A,0,164020202080,20210716,1,181
3462,1,A,0,163220202080,20210716,1,182
3463,2,A,0,123220202080,20210716,1,183
3464,6,C,1,205020202080,20210716,1,184
3465,5,C,0,205020202064,20210716,1,185
3466,6,C,0,205020201664,20210716,1,186
3467,4,B,0,205020202080,20210716,1,187
3468,3,B,0,205020162080,20210716,1,188
3469,4,B,0,205016162080,20210716,1,189
3470,2,A,1,205020202080,20210716,1,190
3471,1,A,1,204020202080,20210716,1,191
3472,2,A,0,164020202080,20210716,1,192
3473,1,A,0,163220202080,20210716,1,193
3474,2,A,0,123220202080,20210716,1,194
3475,1,A,0,122520202080,20210716,1,195
3476,6,C,1,205020202080,20210716,1,196
3477,5,C,0,205020202064,20210716,1,197
3478,6,C,1,205020201664,20210716,1,198
3479,2,A,0,205020202080,20210716,1,199
3480,1,A,0,204020202080,20210716,1,200
3481,2,A,0,164020202080,20210716,1,201
3482,1,A,1,163220202080,20210716,1,202
3483,2,A,0,123220202080,20210716,1,203
3484,1,A,0,122520202080,20210716,1,204
3485,6,C,1,205020202080,20210716,1,205
3486,5,C,0,205020202064,20210716,1,206
3487,6,C,1,205020201664,20210716,1,207
3488,5,C,0,205020201651,20210716,1,208
3489,6,C,0,205020201251,20210716,1,209
3490,2,A,1,205020202080,20210716,1,210
3491,1,A,1,204020202080,20210716,1,211
3492,2,A,0,164020202080,20210716,1,212
3493,1,A,1,163220202080,20210716,1,213
3494,2,A,0,123220202080,20210716,1,214
3495,1,A,0,122520202080,20210716,1,215
3496,2,A,0,102520202080,20210716,1,216
3497,1,A,0,102020202080,20210716,1,217
3498,6,C,1,205020202080,20210716,1,218
3499,5,C,0,205020202064,20210716,1,219
3500,6,C,1,205020201664,20210716,1,220
3501,2,A,0,205020202080,20210716,1,221
3502,1,A,0,204020202080,20210716,1,222
3503,2,A,0,164020202080,20210716,1,223
3504,1,A,1,163220202080,20210716,1,224
3505,6,C,1,205020202080,20210716,1,225
3506,5,C,0,205020202064,20210716,1,226
3507,6,C,1,205020201664,20210716,1,227
3508,5,C,0,205020201651,20210716,1,228
3509,6,C,1,205020201251,20210716,1,229
3510,2,A,0,205020202080,20210716,1,230
3511,1,A,0,204020202080,20210716,1,231
3512,2,A,0,164020202080,20210716,1,232
3513,1,A,0,163220202080,20210716,1,233
3514,2,A,0,123220202080,20210716,1,234
3515,1,A,0,122520202080,20210716,1,235
3516,6,C,0,205020202080,20210716,1,236
3517,5,C,0,205020202064,20210716,1,237
3518,6,C,1,205020201664,20210716,1,238
3519,4,B,0,205020202080,20210716,1,239
3520,3,B,0,205020162080,20210716,1,240
3521,4,B,0,205016162080,20210716,1,241
3522,6,C,1,205020202080,20210716,1,242
3523,5,C,1,205020202064,20210716,1,243
3524,6,C,1,205020201664,20210716,1,244
3525,5,C,0,205020201651,20210716,1,245
3526,6,C,1,205020201251,20210716,1,246
3527,2,A,1,205020202080,20210716,1,247
3528,1,A,0,204020202080,20210716,1,248
3529,2,A,0,164020202080,20210716,1,249
3530,1,A,0,163220202080,20210716,1,250
3531,6,C,1,205020202080,20210716,1,251
3532,5,C,0,205020202064,20210716,1,252
3533,6,C,0,205020201664,20210716,1,253
3534,5,C,0,205020201651,20210716,1,254
3535,6,C,0,205020201251,20210716,1,255
3536,2,A,1,205020202080,20210716,1,256
3537,1,A,0,204020202080,20210716,1,257
3538,2,A,0,164020202080,20210716,1,258
3539,1,A,1,163220202080,20210716,1,259
3540,2,A,0,123220202080,20210716,1,260
3541,1,A,0,122520202080,20210716,1,261
3542,6,C,1,205020202080,20210716,1,262
3543,5,C,0,205020202064,20210716,1,263
3544,6,C,0,205020201664,20210716,1,264
3545,2,A,1,205020202080,20210716,1,265
3546,1,A,1,204020202080,20210716,1,266
3547,2,A,1,164020202080,20210716,1,267
3548,1,A,0,163220202080,20210716,1,268
3549,2,A,0,123220202080,20210716,1,269
3550,1,A,0,122520202080,20210716,1,270
3551,6,C,1,205020202080,20210716,1,271
3552,5,C,0,205020202064,20210716,1,272
3553,6,C,1,205020201664,20210716,1,273
3554,5,C,0,205020201651,20210716,1,274
3555,6,C,0,205020201251,20210716,1,275
3556,2,A,0,205020202080,20210716,1,276
3557,1,A,0,204020202080,20210716,1,277
3558,2,A,0,164020202080,20210716,1,278
3559,1,A,1,163220202080,20210716,1,279
3560,6,C,1,205020202080,20210716,1,280
3561,5,C,0,205020202064,20210716,1,281
3562,6,C,1,205020201664,20210716,1,282
3563,2,A,0,205020202080,20210716,1,283
3564,1,A,0,204020202080,20210716,1,284
3565,2,A,0,164020202080,20210716,1,285
3566,1,A,0,163220202080,20210716,1,286
3567,6,C,0,205020202080,20210716,1,287
3568,2,A,0,202080208050,20210716,2,0
3569,1,A,0,201680208050,20210716,2,1
3570,2,A,1,161680208050,20210716,2,2
3571,1,A,0,161280208050,20210716,2,3
3572,5,C,0,202080208050,20210716,2,4
3573,6,C,0,202080206450,20210716,2,5
3574,5,C,0,202080206440,20210716,2,6
3575,6,C,0,202080205140,20210716,2,7
3576,5,C,1,202080205132,20210716,2,8
3577,6,C,1,202080204032,20210716,2,9
3578,5,C,0,202080204025,20210716,2,10
3579,6,C,1,202080203225,20210716,2,11
3580,5,C,0,202080203220,20210716,2,12
3581,6,C,0,202080202620,20210716,2,13
3582,2,A,0,202080208050,20210716,2,14
3583,1,A,0,201680208050,20210716,2,15
3584,2,A,0,161680208050,20210716,2,16
3585,3,B,1,202080208050,20210716,2,17
3586,4,B,1,202064208050,20210716,2,18
3587,3,B,1,202064168050,20210716,2,19
3588,4,B,0,202051168050,20210716,2,20
3589,3,B,1,202051128050,20210716,2,21
3590,4,B,0,202040128050,20210716,2,22
3591,3,B,0,202040108050,20210716,2,23
3592,4,B,0,202032108050,20210716,2,24
3593,3,B,0,202032088050,20210716,2,25
3594,6,C,1,202080208050,20210716,2,26
3595,5,C,1,202080208040,20210716,2,27
3596,6,C,0,202080206440,20210716,2,28
3597,5,C,1,202080206432,20210716,2,29
3598,6,C,1,202080205132,20210716,2,30
3599,5,C,1,202080205125,20210716,2,31
3600,6,C,0,202080204025,20210716,2,32
3601,5,C,0,202080204020,20210716,2,33
3602,6,C,0,202080203220,20210716,2,34
3603,5,C,1,202080203216,20210716,2,35
3604,6,C,0,202080202616,20210716,2,36
3605,5,C,0,202080202613,20210716,2,37
3606,6,C,0,202080202013,20210716,2,38
3607,5,C,0,202080202010,20210716,2,39
3608,2,A,0,202080208050,20210716,2,40
3609,1,A,0,201680208050,20210716,2,41
3610,2,A,1,161680208050,20210716,2,42
3611,1,A,0,161280208050,20210716,2,43
3612,2,A,0,121280208050,20210716,2,44
3613,1,A,0,121080208050,20210716,2,45
3614,2,A,1,101080208050,20210716,2,46
3615,1,A,0,100880208050,20210716,2,47
3616,2,A,0,080880208050,20210716,2,48
3617,1,A,0,080680208050,20210716,2,49
3618,2,A,0,060680208050,20210716,2,50
3619,5,C,1,202080208050,20210716,2,51
3620,6,C,1,202080206450,20210716,2,52
3621,5,C,0,202080206440,20210716,2,53
3622,6,C,0,202080205140,20210716,2,54
3623,5,C,1,202080205132,20210716,2,55
3624,6,C,0,202080204032,20210716,2,56
3625,5,C,1,202080204025,20210716,2,57
3626,6,C,0,202080203225,20210716,2,58
3627,5,C,1,202080203220,20210716,2,59
3628,6,C,0,202080202620,20210716,2,60
3629,5,C,1,202080202616,20210716,2,61
3630,6,C,0,202080202016,20210716,2,62
3631,5,C,0,202080202013,20210716,2,63
3632,6,C,0,202080201613,20210716,2,64
3633,5,C,1,202080201610,20210716,2,65
3634,6,C,1,202080201310,20210716,2,66
3635,5,C,0,202080201308,20210716,2,67
3636,6,C,0,202080201008,20210716,2,68
3637,5,C,0,202080201006,20210716,2,69
3638,2,A,0,202080208050,20210716,2,70
3639,1,A,0,201680208050,20210716,2,71
3640,2,A,0,161680208050,20210716,2,72
3641,1,A,0,161280208050,20210716,2,73
3642,2,A,0,121280208050,20210716,2,74
3643,3,B,1,202080208050,20210716,2,75
3644,4,B,0,202064208050,20210716,2,76
3645,3,B,1,202064168050,20210716,2,77
3646,4,B,0,202051168050,20210716,2,78
3647,3,B,1,202051128050,20210716,2,79
3648,4,B,0,202040128050,20210716,2,80
3649,3,B,0,202040108050,20210716,2,81
3650,5,C,1,202080208050,20210716,2,82
3651,6,C,1,202080206450,20210716,2,83
3652,5,C,1,202080206440,20210716,2,84
3653,6,C,0,202080205140,20210716,2,85
3654,5,C,0,202080205132,20210716,2,86
3655,6,C,0,202080204032,20210716,2,87
3656,5,C,1,202080204025,20210716,2,88
3657,6,C,1,202080203225,20210716,2,89
3658,5,C,0,202080203220,20210716,2,90
3659,6,C,0,202080202620,20210716,2,91
3660,5,C,0,202080202616,20210716,2,92
3661,6,C,0,202080202016,20210716,2,93
3662,5,C,0,202080202013,20210716,2,94
3663,6,C,1,202080201613,20210716,2,95
3664,5,C,0,202080201610,20210716,2,96
3665,6,C,0,202080201310,20210716,2,97
3666,5,C,0,202080201308,20210716,2,98
3667,6,C,0,202080201008,20210716,2,99
3668,5,C,0,202080201006,20210716,2,100
3669,2,A,0,202080208050,20210716,2,101
3670,1,A,0,201680208050,20210716,2,102
3671,2,A,0,161680208050,20210716,2,103
3672,4,B,0,202080208050,20210716,2,104
3673,3,B,1,202080168050,20210716,2,105
3674,4,B,0,202064168050,20210716,2,106
3675,3,B,0,202064128050,20210716,2,107
3676,5,C,1,202080208050,20210716,2,108
3677,6,C,1,202080206450,20210716,2,109
3678,5,C,1,202080206440,20210716,2,110
3679,6,C,0,202080205140,20210716,2,111
3680,5,C,1,202080205132,20210716,2,112
3681,6,C,0,202080204032,20210716,2,113
3682,5,C,0,202080204025,20210716,2,114
3683,6,C,0,202080203225,20210716,2,115
3684,5,C,0,202080203220,20210716,2,116
3685,6,C,0,202080202620,20210716,2,117
3686,5,C,0,202080202616,20210716,2,118
3687,2,A,0,202080208050,20210716,2,119
3688,1,A,0,201680208050,20210716,2,120
3689,2,A,0,161680208050,20210716,2,121
3690,5,C,1,202080208050,20210716,2,122
3691,6,C,0,202080206450,20210716,2,123
3692,5,C,0,202080206440,20210716,2,124
3693,6,C,1,202080205140,20210716,2,125
3694,5,C,1,202080205132,20210716,2,126
3695,6,C,0,202080204032,20210716,2,127
3696,5,C,0,202080204025,20210716,2,128
3697,6,C,0,202080203225,20210716,2,129
3698,5,C,0,202080203220,20210716,2,130
3699,6,C,1,202080202620,20210716,2,131
3700,5,C,1,202080202616,20210716,2,132
3701,6,C,1,202080202016,20210716,2,133
3702,5,C,0,202080202013,20210716,2,134
3703,6,C,0,202080201613,20210716,2,135
3704,5,C,0,202080201610,20210716,2,136
3705,3,B,0,202080208050,20210716,2,137
3706,4,B,1,202064208050,20210716,2,138
3707,3,B,1,202064168050,20210716,2,139
3708,4,B,0,202051168050,20210716,2,140
3709,3,B,0,202051128050,20210716,2,141
3710,4,B,0,202040128050,20210716,2,142
3711,3,B,0,202040108050,20210716,2,143
3712,5,C,1,202080208050,20210716,2,144
3713,6,C,0,202080206450,20210716,2,145
3714,5,C,1,202080206440,20210716,2,146
3715,6,C,0,202080205140,20210716,2,147
3716,5,C,0,202080205132,20210716,2,148
3717,6,C,0,202080204032,20210716,2,149
3718,5,C,1,202080204025,20210716,2,150
3719,6,C,0,202080203225,20210716,2,151
3720,5,C,0,202080203220,20210716,2,152
3721,6,C,0,202080202620,20210716,2,153
3722,5,C,0,202080202616,20210716,2,154
3723,2,A,1,202080208050,20210716,2,155
3724,1,A,0,201680208050,20210716,2,156
3725,2,A,0,161680208050,20210716,2,157
3726,1,A,0,161280208050,20210716,2,158
3727,2,A,0,121280208050,20210716,2,159
3728,5,C,1,202080208050,20210716,2,160
3729,6,C,0,202080206450,20210716,2,161
3730,5,C,1,202080206440,20210716,2,162
3731,6,C,1,202080205140,20210716,2,163
3732,5,C,0,202080205132,20210716,2,164
3733,6,C,0,202080204032,20210716,2,165
3734,5,C,1,202080204025,20210716,2,166
3735,6,C,0,202080203225,20210716,2,167
3736,5,C,0,202080203220,20210716,2,168
3737,6,C,1,202080202620,20210716,2,169
3738,5,C,0,202080202616,20210716,2,170
3739,6,C,0,202080202016,20210716,2,171
3740,5,C,0,202080202013,20210716,2,172
3741,2,A,1,202080208050,20210716,2,173
3742,1,A,0,201680208050,20210716,2,174
3743,2,A,0,161680208050,20210716,2,175
3744,1,A,0,161280208050,20210716,2,176
3745,5,C,1,202080208050,20210716,2,177
3746,6,C,0,202080206450,20210716,2,178
3747,5,C,1,202080206440,20210716,2,179
3748,6,C,0,202080205140,20210716,2,180
3749,5,C,1,202080205132,20210716,2,181
3750,6,C,0,202080204032,20210716,2,182
3751,5,C,0,202080204025,20210716,2,183
3752,6,C,1,202080203225,20210716,2,184
3753,5,C,0,202080203220,20210716,2,185
3754,6,C,1,202080202620,20210716,2,186
3755,5,C,0,202080202616,20210716,2,187
3756,6,C,1,202080202016,20210716,2,188
3757,5,C,1,202080202013,20210716,2,189
3758,6,C,0,202080201613,20210716,2,190
3759,5,C,0,202080201610,20210716,2,191
3760,6,C,0,202080201310,20210716,2,192
3761,5,C,0,202080201308,20210716,2,193
3762,6,C,0,202080201008,20210716,2,194
3763,5,C,0,202080201006,20210716,2,195
3764,2,A,0,202080208050,20210716,2,196
3765,1,A,0,201680208050,20210716,2,197
3766,2,A,1,161680208050,20210716,2,198
3767,5,C,1,202080208050,20210716,2,199
3768,6,C,0,202080206450,20210716,2,200
3769,5,C,0,202080206440,20210716,2,201
3770,6,C,0,202080205140,20210716,2,202
3771,5,C,0,202080205132,20210716,2,203
3772,2,A,0,202080208050,20210716,2,204
3773,1,A,0,201680208050,20210716,2,205
3774,2,A,1,161680208050,20210716,2,206
3775,1,A,0,161280208050,20210716,2,207
3776,2,A,0,121280208050,20210716,2,208
3777,5,C,0,202080208050,20210716,2,209
3778,6,C,0,202080206450,20210716,2,210
3779,5,C,1,202080206440,20210716,2,211
3780,6,C,0,202080205140,20210716,2,212
3781,5,C,1,202080205132,20210716,2,213
3782,3,B,1,202080208050,20210716,2,214
3783,4,B,0,202064208050,20210716,2,215
3784,3,B,0,202064168050,20210716,2,216
3785,5,C,0,202080208050,20210716,2,217
3786,6,C,1,202080206450,20210716,2,218
3787,5,C,1,202080206440,20210716,2,219
3788,6,C,1,202080205140,20210716,2,220
3789,5,C,0,202080205132,20210716,2,221
3790,6,C,0,202080204032,20210716,2,222
3791,5,C,0,202080204025,20210716,2,223
3792,6,C,0,202080203225,20210716,2,224
3793,2,A,0,202080208050,20210716,2,225
3794,1,A,0,201680208050,20210716,2,226
3795,2,A,0,161680208050,20210716,2,227
3796,5,C,1,202080208050,20210716,2,228
3797,6,C,0,202080206450,20210716,2,229
3798,5,C,1,202080206440,20210716,2,230
3799,6,C,0,202080205140,20210716,2,231
3800,5,C,0,202080205132,20210716,2,232
3801,6,C,0,202080204032,20210716,2,233
3802,5,C,1,202080204025,20210716,2,234
3803,2,A,0,202080208050,20210716,2,235
3804,1,A,0,201680208050,20210716,2,236
3805,2,A,0,161680208050,20210716,2,237
3806,5,C,1,202080208050,20210716,2,238
3807,6,C,1,202080206450,20210716,2,239
3808,5,C,1,202080206440,20210716,2,240
3809,6,C,0,202080205140,20210716,2,241
3810,5,C,1,202080205132,20210716,2,242
3811,6,C,0,202080204032,20210716,2,243
3812,5,C,1,202080204025,20210716,2,244
3813,6,C,0,202080203225,20210716,2,245
3814,5,C,1,202080203220,20210716,2,246
3815,6,C,0,202080202620,20210716,2,247
3816,5,C,0,202080202616,20210716,2,248
3817,6,C,1,202080202016,20210716,2,249
3818,5,C,0,202080202013,20210716,2,250
3819,6,C,0,202080201613,20210716,2,251
3820,5,C,0,202080201610,20210716,2,252
3821,6,C,0,202080201310,20210716,2,253
3822,5,C,0,202080201308,20210716,2,254
3823,6,C,0,202080201008,20210716,2,255
3824,5,C,0,202080201006,20210716,2,256
3825,2,A,0,202080208050,20210716,2,257
3826,1,A,0,201680208050,20210716,2,258
3827,2,A,0,161680208050,20210716,2,259
3828,5,C,1,202080208050,20210716,2,260
3829,6,C,1,202080206450,20210716,2,261
3830,5,C,1,202080206440,20210716,2,262
3831,6,C,0,202080205140,20210716,2,263
3832,5,C,0,202080205132,20210716,2,264
3833,6,C,0,202080204032,20210716,2,265
3834,5,C,1,202080204025,20210716,2,266
3835,6,C,0,202080203225,20210716,2,267
3836,5,C,1,202080203220,20210716,2,268
3837,6,C,0,202080202620,20210716,2,269
3838,5,C,0,202080202616,20210716,2,270
3839,6,C,0,202080202016,20210716,2,271
3840,5,C,0,202080202013,20210716,2,272
3841,6,C,0,202080201613,20210716,2,273
3842,5,C,0,202080201610,20210716,2,274
3843,2,A,0,202080208050,20210716,2,275
3844,1,A,0,201680208050,20210716,2,276
3845,2,A,0,161680208050,20210716,2,277
3846,5,C,1,202080208050,20210716,2,278
3847,6,C,0,202080206450,20210716,2,279
3848,5,C,1,202080206440,20210716,2,280
3849,6,C,1,202080205140,20210716,2,281
3850,5,C,0,202080205132,20210716,2,282
3851,6,C,0,202080204032,20210716,2,283
3852,5,C,0,202080204025,20210716,2,284
3853,6,C,0,202080203225,20210716,2,285
3854,5,C,1,202080203220,20210716,2,286
3855,6,C,0,202080202620,20210716,2,287
3856,5,C,0,202080202616,20210716,2,288
3857,2,A,0,202080208050,20210716,2,289
3858,5,C,1,202080208050,20210716,2,290
3859,6,C,1,202080206450,20210716,2,291
3860,5,C,0,202080206440,20210716,2,292
3861,6,C,0,202080205140,20210716,2,293
3862,5,C,1,202080205132,20210716,2,294
3863,2,A,0,202080208050,20210716,2,295
3864,1,A,0,201680208050,20210716,2,296
3865,2,A,0,161680208050,20210716,2,297
3866,5,C,1,202080208050,20210716,2,298
3867,6,C,0,202080206450,20210716,2,299
3868,3,B,1,502050802020,20210716,3,0
3869,4,B,1,502040802020,20210716,3,1
3870,5,C,0,502050802020,20210716,3,2
3871,6,C,0,502050801620,20210716,3,3
3872,2,A,1,502050802020,20210716,3,4
3873,1,A,1,501650802020,20210716,3,5
3874,2,A,0,401650802020,20210716,3,6
3875,1,A,0,401250802020,20210716,3,7
3876,2,A,0,321250802020,20210716,3,8
3877,4,B,1,502050802020,20210716,3,9
3878,3,B,0,502050642020,20210716,3,10
3879,4,B,1,502040642020,20210716,3,11
3880,5,C,0,502050802020,20210716,3,12
3881,6,C,0,502050801620,20210716,3,13
3882,5,C,0,502050801616,20210716,3,14
3883,2,A,0,502050802020,20210716,3,15
3884,1,A,1,501650802020,20210716,3,16
3885,2,A,0,401650802020,20210716,3,17
3886,1,A,1,401250802020,20210716,3,18
3887,2,A,0,321250802020,20210716,3,19
3888,1,A,0,321050802020,20210716,3,20
3889,2,A,0,251050802020,20210716,3,21
3890,1,A,0,250850802020,20210716,3,22
3891,2,A,0,200850802020,20210716,3,23
3892,1,A,1,200650802020,20210716,3,24
3893,2,A,0,160650802020,20210716,3,25
3894,1,A,0,160550802020,20210716,3,26
3895,2,A,0,130550802020,20210716,3,27
3896,1,A,0,130450802020,20210716,3,28
3897,4,B,1,502050802020,20210716,3,29
3898,3,B,0,502050642020,20210716,3,30
3899,4,B,0,502040642020,20210716,3,31
3900,3,B,1,502040512020,20210716,3,32
3901,4,B,1,502032512020,20210716,3,33
3902,3,B,1,502032402020,20210716,3,34
3903,4,B,1,502025402020,20210716,3,35
3904,3,B,0,502025322020,20210716,3,36
3905,4,B,1,502020322020,20210716,3,37
3906,3,B,0,502020262020,20210716,3,38
3907,4,B,0,502016262020,20210716,3,39
3908,3,B,0,502016202020,20210716,3,40
3909,4,B,0,502013202020,20210716,3,41
3910,3,B,0,502013162020,20210716,3,42
3911,4,B,0,502010162020,20210716,3,43
3912,5,C,0,502050802020,20210716,3,44
3913,6,C,0,502050801620,20210716,3,45
3914,5,C,0,502050801616,20210716,3,46
3915,6,C,0,502050801216,20210716,3,47
3916,2,A,0,502050802020,20210716,3,48
3917,1,A,0,501650802020,20210716,3,49
3918,2,A,0,401650802020,20210716,3,50
3919,1,A,0,401250802020,20210716,3,51
3920,2,A,0,321250802020,20210716,3,52
3921,1,A,0,321050802020,20210716,3,53
3922,2,A,0,251050802020,20210716,3,54
3923,1,A,0,250850802020,20210716,3,55
3924,5,C,0,502050802020,20210716,3,56
3925,6,C,0,502050801620,20210716,3,57
3926,5,C,0,502050801616,20210716,3,58
3927,6,C,0,502050801216,20210716,3,59
3928,5,C,0,502050801212,20210716,3,60
3929,2,A,0,502050802020,20210716,3,61
3930,1,A,0,501650802020,20210716,3,62
3931,4,B,1,502050802020,20210716,3,63
3932,3,B,0,502050642020,20210716,3,64
3933,4,B,0,502040642020,20210716,3,65
3934,3,B,0,502040512020,20210716,3,66
3935,4,B,0,502032512020,20210716,3,67
3936,2,A,1,502050802020,20210716,3,68
3937,1,A,1,501650802020,20210716,3,69
3938,2,A,1,401650802020,20210716,3,70
3939,1,A,1,401250802020,20210716,3,71
3940,2,A,1,321250802020,20210716,3,72
3941,1,A,0,321050802020,20210716,3,73
3942,2,A,0,251050802020,20210716,3,74
3943,1,A,0,250850802020,20210716,3,75
3944,2,A,0,200850802020,20210716,3,76
3945,1,A,1,200650802020,20210716,3,77
3946,2,A,0,160650802020,20210716,3,78
3947,1,A,0,160550802020,20210716,3,79
3948,2,A,0,130550802020,20210716,3,80
3949,1,A,0,130450802020,20210716,3,81
3950,4,B,1,502050802020,20210716,3,82
3951,3,B,0,502050642020,20210716,3,83
3952,4,B,1,502040642020,20210716,3,84
3953,3,B,1,502040512020,20210716,3,85
3954,4,B,1,502032512020,20210716,3,86
3955,3,B,0,502032402020,20210716,3,87
3956,4,B,1,502025402020,20210716,3,88
3957,3,B,0,502025322020,20210716,3,89
3958,4,B,0,502020322020,20210716,3,90
3959,3,B,0,502020262020,20210716,3,91
3960,4,B,0,502016262020,20210716,3,92
3961,2,A,1,502050802020,20210716,3,93
3962,1,A,1,501650802020,20210716,3,94
3963,2,A,0,401650802020,20210716,3,95
3964,1,A,0,401250802020,20210716,3,96
3965,2,A,1,321250802020,20210716,3,97
3966,1,A,1,321050802020,20210716,3,98
3967,2,A,0,251050802020,20210716,3,99
3968,1,A,0,250850802020,20210716,3,100
3969,2,A,0,200850802020,20210716,3,101
3970,1,A,0,200650802020,20210716,3,102
3971,2,A,0,160650802020,20210716,3,103
3972,1,A,0,160550802020,20210716,3,104
3973,2,A,0,130550802020,20210716,3,105
3974,1,A,0,130450802020,20210716,3,106
3975,4,B,1,502050802020,20210716,3,107
3976,3,B,1,502050642020,20210716,3,108
3977,4,B,0,502040642020,20210716,3,109
3978,3,B,1,502040512020,20210716,3,110
3979,4,B,0,502032512020,20210716,3,111
3980,3,B,0,502032402020,20210716,3,112
3981,4,B,1,502025402020,20210716,3,113
3982,2,A,0,502050802020,20210716,3,114
3983,1,A,1,501650802020,20210716,3,115
3984,2,A,0,401650802020,20210716,3,116
3985,1,A,0,401250802020,20210716,3,117
3986,2,A,0,321250802020,20210716,3,118
3987,1,A,1,321050802020,20210716,3,119
3988,2,A,0,251050802020,20210716,3,120
3989,1,A,0,250850802020,20210716,3,121
3990,2,A,0,200850802020,20210716,3,122
3991,4,B,0,502050802020,20210716,3,123
3992,3,B,1,502050642020,20210716,3,124
3993,4,B,0,502040642020,20210716,3,125
3994,3,B,0,502040512020,20210716,3,126
3995,4,B,0,502032512020,20210716,3,127
3996,5,C,0,502050802020,20210716,3,128
3997,6,C,1,502050801620,20210716,3,129
3998,5,C,0,502050801616,20210716,3,130
3999,6,C,0,502050801216,20210716,3,131
4000,2,A,0,502050802020,20210716,3,132
4001,1,A,1,501650802020,20210716,3,133
4002,2,A,0,401650802020,20210716,3,134
4003,1,A,1,401250802020,20210716,3,135
4004,2,A,0,321250802020,20210716,3,136
4005,1,A,1,321050802020,20210716,3,137
4006,2,A,0,251050802020,20210716,3,138
4007,1,A,0,250850802020,20210716,3,139
4008,2,A,0,200850802020,20210716,3,140
4009,4,B,1,502050802020,20210716,3,141
4010,3,B,1,502050642020,20210716,3,142
4011,4,B,1,502040642020,20210716,3,143
4012,3,B,0,502040512020,20210716,3,144
4013,4,B,1,502032512020,20210716,3,145
4014,3,B,1,502032402020,20210716,3,146
4015,4,B,0,502025402020,20210716,3,147
4016,3,B,0,502025322020,20210716,3,148
4017,4,B,0,502020322020,20210716,3,149
4018,2,A,0,502050802020,20210716,3,150
4019,1,A,1,501650802020,20210716,3,151
4020,2,A,1,401650802020,20210716,3,152
4021,1,A,1,401250802020,20210716,3,153
4022,2,A,0,321250802020,20210716,3,154
4023,1,A,0,321050802020,20210716,3,155
4024,2,A,0,251050802020,20210716,3,156
4025,1,A,0,250850802020,20210716,3,157
4026,4,B,1,502050802020,20210716,3,158
4027,3,B,1,502050642020,20210716,3,159
4028,4,B,1,502040642020,20210716,3,160
4029,3,B,0,502040512020,20210716,3,161
4030,4,B,0,502032512020,20210716,3,162
4031,3,B,0,502032402020,20210716,3,163
4032,4,B,1,502025402020,20210716,3,164
4033,2,A,0,502050802020,20210716,3,165
4034,1,A,1,501650802020,20210716,3,166
4035,2,A,0,401650802020,20210716,3,167
4036,1,A,0,401250802020,20210716,3,168
4037,2,A,0,321250802020,20210716,3,169
4038,1,A,0,321050802020,20210716,3,170
4039,4,B,1,502050802020,20210716,3,171
4040,3,B,1,502050642020,20210716,3,172
4041,4,B,1,502040642020,20210716,3,173
4042,3,B,0,502040512020,20210716,3,174
4043,4,B,0,502032512020,20210716,3,175
4044,2,A,0,502050802020,20210716,3,176
4045,1,A,1,501650802020,20210716,3,177
4046,2,A,0,401650802020,20210716,3,178
4047,1,A,0,401250802020,20210716,3,179
4048,2,A,0,321250802020,20210716,3,180
4049,1,A,0,321050802020,20210716,3,181
4050,4,B,1,502050802020,20210716,3,182
4051,3,B,1,502050642020,20210716,3,183
4052,4,B,1,502040642020,20210716,3,184
4053,3,B,0,502040512020,20210716,3,185
4054,4,B,0,502032512020,20210716,3,186
4055,2,A,1,502050802020,20210716,3,187
4056,1,A,0,501650802020,20210716,3,188
4057,2,A,0,401650802020,20210716,3,189
4058,1,A,0,401250802020,20210716,3,190
4059,2,A,0,321250802020,20210716,3,191
4060,1,A,1,321050802020,20210716,3,192
4061,2,A,0,251050802020,20210716,3,193
4062,4,B,1,502050802020,20210716,3,194
4063,3,B,0,502050642020,20210716,3,195
4064,4,B,1,502040642020,20210716,3,196
4065,3,B,0,502040512020,20210716,3,197
4066,4,B,1,502032512020,20210716,3,198
4067,2,A,0,502050802020,20210716,3,199
4068,1,A,0,501650802020,20210716,3,200
4069,2,A,1,401650802020,20210716,3,201
4070,1,A,0,401250802020,20210716,3,202
4071,2,A,0,321250802020,20210716,3,203
4072,1,A,1,321050802020,20210716,3,204
4073,2,A,0,251050802020,20210716,3,205
4074,1,A,0,250850802020,20210716,3,206
4075,4,B,1,502050802020,20210716,3,207
4076,3,B,0,502050642020,20210716,3,208
4077,4,B,1,502040642020,20210716,3,209
4078,3,B,1,502040512020,20210716,3,210
4079,4,B,0,502032512020,20210716,3,211
4080,5,C,0,502050802020,20210716,3,212
4081,6,C,0,502050801620,20210716,3,213
4082,5,C,0,502050801616,20210716,3,214
4083,4,B,1,502050802020,20210716,3,215
4084,3,B,0,502050642020,20210716,3,216
4085,4,B,1,502040642020,20210716,3,217
4086,3,B,1,502040512020,20210716,3,218
4087,4,B,1,502032512020,20210716,3,219
4088,3,B,0,502032402020,20210716,3,220
4089,4,B,1,502025402020,20210716,3,221
4090,2,A,1,502050802020,20210716,3,222
4091,1,A,1,501650802020,20210716,3,223
4092,2,A,0,401650802020,20210716,3,224
4093,1,A,0,401250802020,20210716,3,225
4094,2,A,0,321250802020,20210716,3,226
4095,1,A,1,321050802020,20210716,3,227
4096,4,B,1,502050802020,20210716,3,228
4097,3,B,1,502050642020,20210716,3,229
4098,4,B,0,502040642020,20210716,3,230
4099,3,B,1,502040512020,20210716,3,231
4100,4,B,1,502032512020,20210716,3,232
4101,3,B,1,502032402020,20210716,3,233
4102,4,B,0,502025402020,20210716,3,234
4103,3,B,0,502025322020,20210716,3,235
4104,4,B,0,502020322020,20210716,3,236
4105,2,A,0,502050802020,20210716,3,237
4106,1,A,1,501650802020,20210716,3,238
4107,2,A,0,401650802020,20210716,3,239
4108,1,A,1,401250802020,20210716,3,240
4109,2,A,0,321250802020,20210716,3,241
4110,1,A,0,321050802020,20210716,3,242
4111,2,A,0,251050802020,20210716,3,243
4112,1,A,1,250850802020,20210716,3,244
4113,4,B,0,502050802020,20210716,3,245
4114,3,B,0,502050642020,20210716,3,246
4115,4,B,0,502040642020,20210716,3,247
4116,3,B,1,502040512020,20210716,3,248
4117,4,B,1,502032512020,20210716,3,249
4118,3,B,1,502032402020,20210716,3,250
4119,4,B,0,502025402020,20210716,3,251
4120,3,B,0,502025322020,20210716,3,252
4121,4,B,0,502020322020,20210716,3,253
4122,2,A,1,502050802020,20210716,3,254
4123,1,A,0,501650802020,20210716,3,255
4124,2,A,0,401650802020,20210716,3,256
4125,1,A,1,401250802020,20210716,3,257
4126,2,A,0,321250802020,20210716,3,258
4127,1,A,1,321050802020,20210716,3,259
4128,2,A,0,251050802020,20210716,3,260
4129,1,A,1,250850802020,20210716,3,261
4130,2,A,0,200850802020,20210716,3,262
4131,1,A,1,200650802020,20210716,3,263
4132,4,B,1,502050802020,20210716,3,264
4133,3,B,0,502050642020,20210716,3,265
4134,4,B,1,502040642020,20210716,3,266
4135,3,B,1,502040512020,20210716,3,267
4136,4,B,0,502032512020,20210716,3,268
4137,3,B,1,502032402020,20210716,3,269
4138,4,B,0,502025402020,20210716,3,270
4139,3,B,1,502025322020,20210716,3,271
4140,4,B,1,502020322020,20210716,3,272
4141,3,B,0,502020262020,20210716,3,273
4142,4,B,0,502016262020,20210716,3,274
4143,2,A,0,502050802020,20210716,3,275
4144,1,A,1,501650802020,20210716,3,276
4145,2,A,0,401650802020,20210716,3,277
4146,1,A,0,401250802020,20210716,3,278
4147,2,A,0,321250802020,20210716,3,279
4148,1,A,0,321050802020,20210716,3,280
4149,4,B,1,502050802020,20210716,3,281
4150,3,B,0,502050642020,20210716,3,282
4151,4,B,0,502040642020,20210716,3,283
4152,3,B,0,502040512020,20210716,3,284
4153,4,B,1,502032512020,20210716,3,285
4154,3,B,1,502032402020,20210716,3,286
4155,4,B,0,502025402020,20210716,3,287
4156,3,B,0,502025322020,20210716,3,288
4157,4,B,0,502020322020,20210716,3,289
4158,2,A,0,502050802020,20210716,3,290
4159,1,A,1,501650802020,20210716,3,291
4160,2,A,0,401650802020,20210716,3,292
4161,1,A,1,401250802020,20210716,3,293
4162,4,B,0,502050802020,20210716,3,294
4163,3,B,0,502050642020,20210716,3,295
4164,4,B,1,502040642020,20210716,3,296
4165,3,B,0,502040512020,20210716,3,297
4166,4,B,0,502032512020,20210716,3,298
4167,2,A,1,502050802020,20210716,3,299
4168,3,B,0,802020202050,20210716,4,0
4169,4,B,0,802016202050,20210716,4,1
4170,5,C,0,802020202050,20210716,4,2
4171,6,C,0,802020201650,20210716,4,3
4172,5,C,0,802020201640,20210716,4,4
4173,6,C,1,802020201240,20210716,4,5
4174,2,A,0,802020202050,20210716,4,6
4175,1,A,1,801620202050,20210716,4,7
4176,2,A,0,641620202050,20210716,4,8
4177,1,A,1,641220202050,20210716,4,9
4178,2,A,0,511220202050,20210716,4,10
4179,1,A,0,511020202050,20210716,4,11
4180,2,A,0,401020202050,20210716,4,12
4181,4,B,1,802020202050,20210716,4,13
4182,3,B,1,802020162050,20210716,4,14
4183,4,B,1,802016162050,20210716,4,15
4184,3,B,0,802016122050,20210716,4,16
4185,4,B,0,802012122050,20210716,4,17
4186,3,B,1,802012102050,20210716,4,18
4187,4,B,0,802010102050,20210716,4,19
4188,3,B,0,802010082050,20210716,4,20
4189,4,B,0,802008082050,20210716,4,21
4190,3,B,0,802008062050,20210716,4,22
4191,4,B,1,802006062050,20210716,4,23
4192,3,B,1,802006052050,20210716,4,24
4193,4,B,0,802005052050,20210716,4,25
4194,3,B,0,802005042050,20210716,4,26
4195,4,B,0,802004042050,20210716,4,27
4196,5,C,0,802020202050,20210716,4,28
4197,6,C,0,802020201650,20210716,4,29
4198,5,C,0,802020201640,20210716,4,30
4199,6,C,1,802020201240,20210716,4,31
4200,5,C,0,802020201232,20210716,4,32
4201,6,C,0,802020201032,20210716,4,33
4202,2,A,0,802020202050,20210716,4,34
4203,1,A,0,801620202050,20210716,4,35
4204,2,A,0,641620202050,20210716,4,36
4205,1,A,1,641220202050,20210716,4,37
4206,2,A,1,511220202050,20210716,4,38
4207,1,A,0,511020202050,20210716,4,39
4208,2,A,1,401020202050,20210716,4,40
4209,1,A,1,400820202050,20210716,4,41
4210,2,A,0,320820202050,20210716,4,42
4211,1,A,0,320620202050,20210716,4,43
4212,2,A,0,260620202050,20210716,4,44
4213,1,A,0,260520202050,20210716,4,45
4214,2,A,0,200520202050,20210716,4,46
4215,1,A,0,200420202050,20210716,4,47
4216,4,B,0,802020202050,20210716,4,48
4217,3,B,1,802020162050,20210716,4,49
4218,4,B,0,802016162050,20210716,4,50
4219,3,B,0,802016122050,20210716,4,51
4220,4,B,0,802012122050,20210716,4,52
4221,3,B,0,802012102050,20210716,4,53
4222,2,A,0,802020202050,20210716,4,54
4223,1,A,1,801620202050,20210716,4,55
4224,2,A,0,641620202050,20210716,4,56
4225,1,A,0,641220202050,20210716,4,57
4226,2,A,0,511220202050,20210716,4,58
4227,1,A,0,511020202050,20210716,4,59
4228,4,B,0,802020202050,20210716,4,60
4229,3,B,0,802020162050,20210716,4,61
4230,4,B,1,802016162050,20210716,4,62
4231,3,B,0,802016122050,20210716,4,63
4232,4,B,0,802012122050,20210716,4,64
4233,2,A,0,802020202050,20210716,4,65
4234,1,A,1,801620202050,20210716,4,66
4235,2,A,0,641620202050,20210716,4,67
4236,1,A,1,641220202050,20210716,4,68
4237,2,A,0,511220202050,20210716,4,69
4238,1,A,1,511020202050,20210716,4,70
4239,2,A,0,401020202050,20210716,4,71
4240,1,A,1,400820202050,20210716,4,72
4241,2,A,0,320820202050,20210716,4,73
4242,1,A,1,320620202050,20210716,4,74
4243,2,A,0,260620202050,20210716,4,75
4244,1,A,0,260520202050,20210716,4,76
4245,2,A,1,200520202050,20210716,4,77
4246,1,A,0,200420202050,20210716,4,78
4247,2,A,0,160420202050,20210716,4,79
4248,1,A,0,160320202050,20210716,4,80
4249,4,B,0,802020202050,20210716,4,81
4250,3,B,0,802020162050,20210716,4,82
4251,4,B,0,802016162050,20210716,4,83
4252,3,B,0,802016122050,20210716,4,84
4253,4,B,0,802012122050,20210716,4,85
4254,2,A,0,802020202050,20210716,4,86
4255,1,A,1,801620202050,20210716,4,87
4256,2,A,0,641620202050,20210716,4,88
4257,1,A,1,641220202050,20210716,4,89
4258,2,A,0,511220202050,20210716,4,90
4259,1,A,0,511020202050,20210716,4,91
4260,2,A,0,401020202050,20210716,4,92
4261,1,A,1,400820202050,20210716,4,93
4262,4,B,0,802020202050,20210716,4,94
4263,3,B,1,802020162050,20210716,4,95
4264,4,B,0,802016162050,20210716,4,96
4265,3,B,0,802016122050,20210716,4,97
4266,4,B,0,802012122050,20210716,4,98
4267,2,A,0,802020202050,20210716,4,99
4268,1,A,0,801620202050,20210716,4,100
4269,2,A,1,641620202050,20210716,4,101
4270,1,A,1,641220202050,20210716,4,102
4271,2,A,0,511220202050,20210716,4,103
4272,1,A,0,511020202050,20210716,4,104
4273,2,A,0,401020202050,20210716,4,105
4274,1,A,1,400820202050,20210716,4,106
4275,4,B,0,802020202050,20210716,4,107
4276,3,B,0,802020162050,20210716,4,108
4277,4,B,1,802016162050,20210716,4,109
4278,3,B,1,802016122050,20210716,4,110
4279,4,B,0,802012122050,20210716,4,111
4280,3,B,0,802012102050,20210716,4,112
4281,4,B,0,802010102050,20210716,4,113
4282,3,B,0,802010082050,20210716,4,114
4283,2,A,0,802020202050,20210716,4,115
4284,1,A,1,801620202050,20210716,4,116
4285,2,A,1,641620202050,20210716,4,117
4286,1,A,0,641220202050,20210716,4,118
4287,2,A,0,511220202050,20210716,4,119
4288,1,A,1,511020202050,20210716,4,120
4289,2,A,0,401020202050,20210716,4,121
4290,1,A,1,400820202050,20210716,4,122
4291,2,A,0,320820202050,20210716,4,123
4292,1,A,1,320620202050,20210716,4,124
4293,2,A,0,260620202050,20210716,4,125
4294,1,A,0,260520202050,20210716,4,126
4295,2,A,0,200520202050,20210716,4,127
4296,1,A,0,200420202050,20210716,4,128
4297,3,B,1,802020202050,20210716,4,129
4298,4,B,1,802016202050,20210716,4,130
4299,3,B,0,802016162050,20210716,4,131
4300,4,B,0,802012162050,20210716,4,132
4301,3,B,0,802012122050,20210716,4,133
4302,4,B,0,802010122050,20210716,4,134
4303,3,B,0,802010102050,20210716,4,135
4304,4,B,0,802008102050,20210716,4,136
4305,2,A,0,802020202050,20210716,4,137
4306,1,A,1,801620202050,20210716,4,138
4307,2,A,0,641620202050,20210716,4,139
4308,1,A,0,641220202050,20210716,4,140
4309,2,A,0,511220202050,20210716,4,141
4310,1,A,0,511020202050,20210716,4,142
4311,4,B,0,802020202050,20210716,4,143
4312,3,B,0,802020162050,20210716,4,144
4313,4,B,1,802016162050,20210716,4,145
4314,3,B,1,802016122050,20210716,4,146
4315,4,B,1,802012122050,20210716,4,147
4316,3,B,0,802012102050,20210716,4,148
4317,4,B,0,802010102050,20210716,4,149
4318,2,A,0,802020202050,20210716,4,150
4319,1,A,0,801620202050,20210716,4,151
4320,2,A,0,641620202050,20210716,4,152
4321,1,A,1,641220202050,20210716,4,153
4322,2,A,0,511220202050,20210716,4,154
4323,1,A,1,511020202050,20210716,4,155
4324,5,C,0,802020202050,20210716,4,156
4325,6,C,0,802020201650,20210716,4,157
4326,5,C,0,802020201640,20210716,4,158
4327,6,C,0,802020201240,20210716,4,159
4328,2,A,1,802020202050,20210716,4,160
4329,1,A,1,801620202050,20210716,4,161
4330,2,A,0,641620202050,20210716,4,162
4331,1,A,1,641220202050,20210716,4,163
4332,2,A,0,511220202050,20210716,4,164
4333,1,A,0,511020202050,20210716,4,165
4334,4,B,0,802020202050,20210716,4,166
4335,3,B,0,802020162050,20210716,4,167
4336,4,B,0,802016162050,20210716,4,168
4337,3,B,0,802016122050,20210716,4,169
4338,2,A,0,802020202050,20210716,4,170
4339,1,A,1,801620202050,20210716,4,171
4340,2,A,0,641620202050,20210716,4,172
4341,1,A,1,641220202050,20210716,4,173
4342,2,A,0,511220202050,20210716,4,174
4343,1,A,0,511020202050,20210716,4,175
4344,3,B,0,802020202050,20210716,4,176
4345,4,B,0,802016202050,20210716,4,177
4346,3,B,0,802016162050,20210716,4,178
4347,2,A,1,802020202050,20210716,4,179
4348,1,A,1,801620202050,20210716,4,180
4349,2,A,0,641620202050,20210716,4,181
4350,1,A,1,641220202050,20210716,4,182
4351,2,A,0,511220202050,20210716,4,183
4352,1,A,1,511020202050,20210716,4,184
4353,2,A,0,401020202050,20210716,4,185
4354,1,A,1,400820202050,20210716,4,186
4355,2,A,0,320820202050,20210716,4,187
4356,1,A,1,320620202050,20210716,4,188
4357,5,C,0,802020202050,20210716,4,189
4358,6,C,0,802020201650,20210716,4,190
4359,2,A,1,802020202050,20210716,4,191
4360,1,A,1,801620202050,20210716,4,192
4361,2,A,0,641620202050,20210716,4,193
4362,1,A,1,641220202050,20210716,4,194
4363,2,A,0,511220202050,20210716,4,195
4364,1,A,1,511020202050,20210716,4,196
4365,2,A,0,401020202050,20210716,4,197
4366,1,A,0,400820202050,20210716,4,198
4367,2,A,0,320820202050,20210716,4,199
4368,1,A,1,320620202050,20210716,4,200
4369,3,B,0,802020202050,20210716,4,201
4370,4,B,0,802016202050,20210716,4,202
4371,3,B,0,802016162050,20210716,4,203
4372,4,B,0,802012162050,20210716,4,204
4373,2,A,0,802020202050,20210716,4,205
4374,1,A,1,801620202050,20210716,4,206
4375,2,A,0,641620202050,20210716,4,207
4376,1,A,1,641220202050,20210716,4,208
4377,2,A,0,511220202050,20210716,4,209
4378,1,A,1,511020202050,20210716,4,210
4379,2,A,0,401020202050,20210716,4,211
4380,1,A,0,400820202050,20210716,4,212
4381,2,A,0,320820202050,20210716,4,213
4382,1,A,1,320620202050,20210716,4,214
4383,2,A,1,260620202050,20210716,4,215
4384,1,A,1,260520202050,20210716,4,216
4385,4,B,0,802020202050,20210716,4,217
4386,3,B,0,802020162050,20210716,4,218
4387,4,B,0,802016162050,20210716,4,219
4388,2,A,0,802020202050,20210716,4,220
4389,1,A,1,801620202050,20210716,4,221
4390,2,A,1,641620202050,20210716,4,222
4391,1,A,0,641220202050,20210716,4,223
4392,2,A,0,511220202050,20210716,4,224
4393,1,A,1,511020202050,20210716,4,225
4394,2,A,0,401020202050,20210716,4,226
4395,1,A,1,400820202050,20210716,4,227
4396,2,A,0,320820202050,20210716,4,228
4397,1,A,0,320620202050,20210716,4,229
4398,3,B,0,802020202050,20210716,4,230
4399,4,B,0,802016202050,20210716,4,231
4400,2,A,1,802020202050,20210716,4,232
4401,1,A,0,801620202050,20210716,4,233
4402,2,A,0,641620202050,20210716,4,234
4403,1,A,0,641220202050,20210716,4,235
4404,2,A,0,511220202050,20210716,4,236
4405,1,A,1,511020202050,20210716,4,237
4406,2,A,0,401020202050,20210716,4,238
4407,1,A,0,400820202050,20210716,4,239
4408,2,A,1,320820202050,20210716,4,240
4409,1,A,1,320620202050,20210716,4,241
4410,2,A,0,260620202050,20210716,4,242
4411,1,A,0,260520202050,20210716,4,243
4412,2,A,0,200520202050,20210716,4,244
4413,1,A,0,200420202050,20210716,4,245
4414,6,C,1,802020202050,20210716,4,246
4415,5,C,0,802020202040,20210716,4,247
4416,6,C,0,802020201640,20210716,4,248
4417,2,A,0,802020202050,20210716,4,249
4418,1,A,1,801620202050,20210716,4,250
4419,2,A,0,641620202050,20210716,4,251
4420,1,A,0,641220202050,20210716,4,252
4421,2,A,0,511220202050,20210716,4,253
4422,1,A,0,511020202050,20210716,4,254
4423,3,B,0,802020202050,20210716,4,255
4424,4,B,1,802016202050,20210716,4,256
4425,2,A,0,802020202050,20210716,4,257
4426,1,A,1,801620202050,20210716,4,258
4427,2,A,0,641620202050,20210716,4,259
4428,1,A,1,641220202050,20210716,4,260
4429,5,C,1,802020202050,20210716,4,261
4430,6,C,1,802020201650,20210716,4,262
4431,5,C,1,802020201640,20210716,4,263
4432,6,C,0,802020201240,20210716,4,264
4433,5,C,0,802020201232,20210716,4,265
4434,6,C,0,802020201032,20210716,4,266
4435,5,C,0,802020201025,20210716,4,267
4436,6,C,0,802020200825,20210716,4,268
4437,2,A,1,802020202050,20210716,4,269
4438,1,A,1,801620202050,20210716,4,270
4439,2,A,0,641620202050,20210716,4,271
4440,1,A,0,641220202050,20210716,4,272
4441,2,A,0,511220202050,20210716,4,273
4442,1,A,1,511020202050,20210716,4,274
4443,2,A,1,401020202050,20210716,4,275
4444,1,A,0,400820202050,20210716,4,276
4445,2,A,0,320820202050,20210716,4,277
4446,1,A,1,320620202050,20210716,4,278
4447,3,B,0,802020202050,20210716,4,279
4448,4,B,0,802016202050,20210716,4,280
4449,3,B,1,802016162050,20210716,4,281
4450,4,B,1,802012162050,20210716,4,282
4451,3,B,0,802012122050,20210716,4,283
4452,4,B,0,802010122050,20210716,4,284
4453,3,B,0,802010102050,20210716,4,285
4454,4,B,0,802008102050,20210716,4,286
4455,2,A,0,802020202050,20210716,4,287
4456,1,A,1,801620202050,20210716,4,288
4457,2,A,0,641620202050,20210716,4,289
4458,1,A,1,641220202050,20210716,4,290
4459,2,A,0,511220202050,20210716,4,291
4460,1,A,0,511020202050,20210716,4,292
4461,6,C,1,802020202050,20210716,4,293
4462,5,C,1,802020202040,20210716,4,294
4463,6,C,0,802020201640,20210716,4,295
4464,5,C,1,802020201632,20210716,4,296
4465,6,C,0,802020201232,20210716,4,297
4466,5,C,0,802020201225,20210716,4,298
4467,6,C,1,802020201025,20210716,4,299
4468,3,B,0,205050808020,20210716,5,0
4469,4,B,0,205040808020,20210716,5,1
4470,5,C,1,205050808020,20210716,5,2
4471,6,C,0,205050806420,20210716,5,3
4472,5,C,1,205050806416,20210716,5,4
4473,6,C,0,205050805116,20210716,5,5
4474,2,A,0,205050808020,20210716,5,6
4475,1,A,0,204050808020,20210716,5,7
4476,2,A,1,164050808020,20210716,5,8
4477,1,A,0,163250808020,20210716,5,9
4478,2,A,0,123250808020,20210716,5,10
4479,1,A,1,122550808020,20210716,5,11
4480,2,A,1,102550808020,20210716,5,12
4481,1,A,0,102050808020,20210716,5,13
4482,2,A,0,082050808020,20210716,5,14
4483,1,A,1,081650808020,20210716,5,15
4484,2,A,0,061650808020,20210716,5,16
4485,1,A,0,061350808020,20210716,5,17
4486,2,A,0,051350808020,20210716,5,18
4487,1,A,0,051050808020,20210716,5,19
4488,4,B,1,205050808020,20210716,5,20
4489,3,B,1,205050648020,20210716,5,21
4490,4,B,1,205040648020,20210716,5,22
4491,3,B,0,205040518020,20210716,5,23
4492,4,B,1,205032518020,20210716,5,24
4493,3,B,0,205032408020,20210716,5,25
4494,4,B,1,205025408020,20210716,5,26
4495,3,B,0,205025328020,20210716,5,27
4496,4,B,0,205020328020,20210716,5,28
4497,3,B,1,205020268020,20210716,5,29
4498,4,B,0,205016268020,20210716,5,30
4499,3,B,0,205016208020,20210716,5,31
4500,4,B,0,205013208020,20210716,5,32
4501,5,C,1,205050808020,20210716,5,33
4502,6,C,0,205050806420,20210716,5,34
4503,5,C,1,205050806416,20210716,5,35
4504,6,C,1,205050805116,20210716,5,36
4505,5,C,1,205050805112,20210716,5,37
4506,6,C,1,205050804012,20210716,5,38
4507,5,C,1,205050804010,20210716,5,39
4508,6,C,0,205050803210,20210716,5,40
4509,5,C,1,205050803208,20210716,5,41
4510,6,C,0,205050802608,20210716,5,42
4511,5,C,1,205050802606,20210716,5,43
4512,6,C,0,205050802006,20210716,5,44
4513,5,C,0,205050802005,20210716,5,45
4514,6,C,0,205050801605,20210716,5,46
4515,5,C,0,205050801604,20210716,5,47
4516,6,C,0,205050801304,20210716,5,48
4517,5,C,0,205050801303,20210716,5,49
4518,2,A,0,205050808020,20210716,5,50
4519,1,A,0,204050808020,20210716,5,51
4520,2,A,0,164050808020,20210716,5,52
4521,1,A,0,163250808020,20210716,5,53
4522,2,A,1,123250808020,20210716,5,54
4523,1,A,1,122550808020,20210716,5,55
4524,2,A,1,102550808020,20210716,5,56
4525,1,A,0,102050808020,20210716,5,57
4526,2,A,0,082050808020,20210716,5,58
4527,1,A,0,081650808020,20210716,5,59
4528,2,A,0,061650808020,20210716,5,60
4529,1,A,0,061350808020,20210716,5,61
4530,2,A,0,051350808020,20210716,5,62
4531,1,A,0,051050808020,20210716,5,63
4532,4,B,0,205050808020,20210716,5,64
4533,3,B,1,205050648020,20210716,5,65
4534,4,B,0,205040648020,20210716,5,66
4535,3,B,1,205040518020,20210716,5,67
4536,4,B,1,205032518020,20210716,5,68
4537,3,B,0,205032408020,20210716,5,69
4538,4,B,0,205025408020,20210716,5,70
4539,3,B,0,205025328020,20210716,5,71
4540,4,B,0,205020328020,20210716,5,72
4541,2,A,1,205050808020,20210716,5,73
4542,1,A,0,204050808020,20210716,5,74
4543,2,A,0,164050808020,20210716,5,75
4544,1,A,1,163250808020,20210716,5,76
4545,2,A,0,123250808020,20210716,5,77
4546,1,A,0,122550808020,20210716,5,78
4547,2,A,0,102550808020,20210716,5,79
4548,1,A,0,102050808020,20210716,5,80
4549,2,A,1,082050808020,20210716,5,81
4550,1,A,0,081650808020,20210716,5,82
4551,2,A,0,061650808020,20210716,5,83
4552,1,A,0,061350808020,20210716,5,84
4553,4,B,1,205050808020,20210716,5,85
4554,3,B,1,205050648020,20210716,5,86
4555,4,B,1,205040648020,20210716,5,87
4556,3,B,0,205040518020,20210716,5,88
4557,4,B,1,205032518020,20210716,5,89
4558,3,B,1,205032408020,20210716,5,90
4559,4,B,1,205025408020,20210716,5,91
4560,3,B,1,205025328020,20210716,5,92
4561,4,B,0,205020328020,20210716,5,93
4562,3,B,0,205020268020,20210716,5,94
4563,4,B,1,205016268020,20210716,5,95
4564,3,B,0,205016208020,20210716,5,96
4565,4,B,0,205013208020,20210716,5,97
4566,3,B,0,205013168020,20210716,5,98
4567,4,B,0,205010168020,20210716,5,99
4568,2,A,0,205050808020,20210716,5,100
4569,1,A,0,204050808020,20210716,5,101
4570,2,A,0,164050808020,20210716,5,102
4571,1,A,0,163250808020,20210716,5,103
4572,2,A,0,123250808020,20210716,5,104
4573,1,A,0,122550808020,20210716,5,105
4574,2,A,0,102550808020,20210716,5,106
4575,1,A,0,102050808020,20210716,5,107
4576,2,A,0,082050808020,20210716,5,108
4577,5,C,1,205050808020,20210716,5,109
4578,6,C,0,205050806420,20210716,5,110
4579,5,C,0,205050806416,20210716,5,111
4580,6,C,0,205050805116,20210716,5,112
4581,5,C,0,205050805112,20210716,5,113
4582,2,A,1,205050808020,20210716,5,114
4583,1,A,0,204050808020,20210716,5,115
4584,2,A,0,164050808020,20210716,5,116
4585,1,A,0,163250808020,20210716,5,117
4586,2,A,0,123250808020,20210716,5,118
4587,4,B,1,205050808020,20210716,5,119
4588,3,B,1,205050648020,20210716,5,120
4589,4,B,1,205040648020,20210716,5,121
4590,3,B,0,205040518020,20210716,5,122
4591,4,B,0,205032518020,20210716,5,123
4592,3,B,1,205032408020,20210716,5,124
4593,4,B,0,205025408020,20210716,5,125
4594,3,B,1,205025328020,20210716,5,126
4595,4,B,0,205020328020,20210716,5,127
4596,2,A,0,205050808020,20210716,5,128
4597,1,A,0,204050808020,20210716,5,129
4598,2,A,0,164050808020,20210716,5,130
4599,1,A,1,163250808020,20210716,5,131
4600,2,A,0,123250808020,20210716,5,132
4601,1,A,0,122550808020,20210716,5,133
4602,2,A,1,102550808020,20210716,5,134
4603,1,A,0,102050808020,20210716,5,135
4604,2,A,0,082050808020,20210716,5,136
4605,1,A,0,081650808020,20210716,5,137
4606,2,A,0,061650808020,20210716,5,138
4607,4,B,1,205050808020,20210716,5,139
4608,3,B,1,205050648020,20210716,5,140
4609,4,B,1,205040648020,20210716,5,141
4610,3,B,1,205040518020,20210716,5,142
4611,4,B,0,205032518020,20210716,5,143
4612,3,B,1,205032408020,20210716,5,144
4613,4,B,0,205025408020,20210716,5,145
4614,3,B,0,205025328020,20210716,5,146
4615,4,B,1,205020328020,20210716,5,147
4616,3,B,1,205020268020,20210716,5,148
4617,4,B,0,205016268020,20210716,5,149
4618,3,B,1,205016208020,20210716,5,150
4619,4,B,0,205013208020,20210716,5,151
4620,3,B,0,205013168020,20210716,5,152
4621,4,B,0,205010168020,20210716,5,153
4622,2,A,0,205050808020,20210716,5,154
4623,1,A,0,204050808020,20210716,5,155
4624,2,A,0,164050808020,20210716,5,156
4625,1,A,0,163250808020,20210716,5,157
4626,4,B,1,205050808020,20210716,5,158
4627,3,B,1,205050648020,20210716,5,159
4628,4,B,1,205040648020,20210716,5,160
4629,3,B,1,205040518020,20210716,5,161
4630,4,B,1,205032518020,20210716,5,162
4631,3,B,0,205032408020,20210716,5,163
4632,4,B,1,205025408020,20210716,5,164
4633,3,B,0,205025328020,20210716,5,165
4634,4,B,0,205020328020,20210716,5,166
4635,3,B,0,205020268020,20210716,5,167
4636,4,B,1,205016268020,20210716,5,168
4637,3,B,0,205016208020,20210716,5,169
4638,4,B,0,205013208020,20210716,5,170
4639,2,A,0,205050808020,20210716,5,171
4640,1,A,0,204050808020,20210716,5,172
4641,2,A,0,164050808020,20210716,5,173
4642,1,A,0,163250808020,20210716,5,174
4643,5,C,1,205050808020,20210716,5,175
4644,6,C,0,205050806420,20210716,5,176
4645,5,C,1,205050806416,20210716,5,177
4646,6,C,1,205050805116,20210716,5,178
4647,5,C,0,205050805112,20210716,5,179
4648,6,C,1,205050804012,20210716,5,180
4649,5,C,0,205050804010,20210716,5,181
4650,6,C,0,205050803210,20210716,5,182
4651,5,C,1,205050803208,20210716,5,183
4652,6,C,0,205050802608,20210716,5,184
4653,5,C,1,205050802606,20210716,5,185
4654,6,C,0,205050802006,20210716,5,186
4655,5,C,0,205050802005,20210716,5,187
4656,6,C,0,205050801605,20210716,5,188
4657,5,C,0,205050801604,20210716,5,189
4658,2,A,0,205050808020,20210716,5,190
4659,1,A,0,204050808020,20210716,5,191
4660,3,B,0,205050808020,20210716,5,192
4661,4,B,1,205040808020,20210716,5,193
4662,3,B,0,205040648020,20210716,5,194
4663,4,B,0,205032648020,20210716,5,195
4664,3,B,0,205032518020,20210716,5,196
4665,1,A,0,205050808020,20210716,5,197
4666,2,A,0,165050808020,20210716,5,198
4667,1,A,0,164050808020,20210716,5,199
4668,4,B,1,205050808020,20210716,5,200
4669,3,B,0,205050648020,20210716,5,201
4670,4,B,1,205040648020,20210716,5,202
4671,3,B,0,205040518020,20210716,5,203
4672,4,B,0,205032518020,20210716,5,204
4673,3,B,0,205032408020,20210716,5,205
4674,4,B,0,205025408020,20210716,5,206
4675,2,A,1,205050808020,20210716,5,207
4676,1,A,0,204050808020,20210716,5,208
4677,2,A,0,164050808020,20210716,5,209
4678,1,A,1,163250808020,20210716,5,210
4679,2,A,0,123250808020,20210716,5,211
4680,1,A,1,122550808020,20210716,5,212
4681,2,A,0,102550808020,20210716,5,213
4682,1,A,0,102050808020,20210716,5,214
4683,4,B,1,205050808020,20210716,5,215
4684,3,B,0,205050648020,20210716,5,216
4685,4,B,1,205040648020,20210716,5,217
4686,3,B,0,205040518020,20210716,5,218
4687,4,B,1,205032518020,20210716,5,219
4688,3,B,1,205032408020,20210716,5,220
4689,4,B,0,205025408020,20210716,5,221
4690,3,B,1,205025328020,20210716,5,222
4691,4,B,1,205020328020,20210716,5,223
4692,3,B,0,205020268020,20210716,5,224
4693,4,B,0,205016268020,20210716,5,225
4694,3,B,0,205016208020,20210716,5,226
4695,4,B,0,205013208020,20210716,5,227
4696,3,B,0,205013168020,20210716,5,228
4697,4,B,0,205010168020,20210716,5,229
4698,2,A,0,205050808020,20210716,5,230
4699,1,A,0,204050808020,20210716,5,231
4700,2,A,1,164050808020,20210716,5,232
4701,1,A,0,163250808020,20210716,5,233
4702,2,A,0,123250808020,20210716,5,234
4703,6,C,1,205050808020,20210716,5,235
4704,5,C,0,205050808016,20210716,5,236
4705,6,C,0,205050806416,20210716,5,237
4706,5,C,1,205050806412,20210716,5,238
4707,6,C,0,205050805112,20210716,5,239
4708,5,C,1,205050805110,20210716,5,240
4709,6,C,0,205050804010,20210716,5,241
4710,5,C,1,205050804008,20210716,5,242
4711,6,C,0,205050803208,20210716,5,243
4712,5,C,1,205050803206,20210716,5,244
4713,3,B,0,205050808020,20210716,5,245
4714,4,B,1,205040808020,20210716,5,246
4715,3,B,1,205040648020,20210716,5,247
4716,4,B,0,205032648020,20210716,5,248
4717,3,B,0,205032518020,20210716,5,249
4718,4,B,0,205025518020,20210716,5,250
4719,3,B,0,205025408020,20210716,5,251
4720,4,B,1,205020408020,20210716,5,252
4721,3,B,0,205020328020,20210716,5,253
4722,4,B,0,205016328020,20210716,5,254
4723,3,B,0,205016268020,20210716,5,255
4724,2,A,1,205050808020,20210716,5,256
4725,1,A,0,204050808020,20210716,5,257
4726,2,A,1,164050808020,20210716,5,258
4727,1,A,0,163250808020,20210716,5,259
4728,2,A,0,123250808020,20210716,5,260
4729,1,A,0,122550808020,20210716,5,261
4730,3,B,1,205050808020,20210716,5,262
4731,2,A,0,208050202020,20210717,1,0
4732,1,A,0,206450202020,20210717,1,1
4733,2,A,1,166450202020,20210717,1,2
4734,5,C,0,208050202020,20210717,1,3
4735,6,C,0,208050201620,20210717,1,4
4736,5,C,1,208050201616,20210717,1,5
4737,6,C,1,208050201216,20210717,1,6
4738,3,B,1,208050202020,20210717,1,7
4739,4,B,0,208040202020,20210717,1,8
4740,3,B,0,208040162020,20210717,1,9
4741,4,B,0,208032162020,20210717,1,10
4742,3,B,1,208032122020,20210717,1,11
4743,4,B,0,208025122020,20210717,1,12
4744,2,A,1,208050202020,20210717,1,13
4745,1,A,0,206450202020,20210717,1,14
4746,2,A,1,166450202020,20210717,1,15
4747,1,A,1,165150202020,20210717,1,16
4748,2,A,0,125150202020,20210717,1,17
4749,1,A,0,124050202020,20210717,1,18
4750,2,A,1,104050202020,20210717,1,19
4751,1,A,0,103250202020,20210717,1,20
4752,2,A,0,083250202020,20210717,1,21
4753,6,C,0,208050202020,20210717,1,22
4754,5,C,0,208050202016,20210717,1,23
4755,6,C,0,208050201616,20210717,1,24
4756,5,C,0,208050201612,20210717,1,25
4757,6,C,0,208050201212,20210717,1,26
4758,3,B,0,208050202020,20210717,1,27
4759,4,B,0,208040202020,20210717,1,28
4760,3,B,1,208040162020,20210717,1,29
4761,4,B,0,208032162020,20210717,1,30
4762,3,B,1,208032122020,20210717,1,31
4763,4,B,0,208025122020,20210717,1,32
4764,3,B,0,208025102020,20210717,1,33
4765,5,C,0,208050202020,20210717,1,34
4766,6,C,0,208050201620,20210717,1,35
4767,5,C,0,208050201616,20210717,1,36
4768,2,A,1,208050202020,20210717,1,37
4769,1,A,0,206450202020,20210717,1,38
4770,2,A,1,166450202020,20210717,1,39
4771,1,A,0,165150202020,20210717,1,40
4772,2,A,1,125150202020,20210717,1,41
4773,1,A,0,124050202020,20210717,1,42
4774,2,A,0,104050202020,20210717,1,43
4775,3,B,1,208050202020,20210717,1,44
4776,4,B,0,208040202020,20210717,1,45
4777,3,B,1,208040162020,20210717,1,46
4778,4,B,1,208032162020,20210717,1,47
4779,3,B,0,208032122020,20210717,1,48
4780,2,A,0,208050202020,20210717,1,49
4781,1,A,0,206450202020,20210717,1,50
4782,2,A,0,166450202020,20210717,1,51
4783,6,C,0,208050202020,20210717,1,52
4784,5,C,0,208050202016,20210717,1,53
4785,6,C,1,208050201616,20210717,1,54
4786,5,C,0,208050201612,20210717,1,55
4787,6,C,0,208050201212,20210717,1,56
4788,5,C,1,208050201210,20210717,1,57
4789,6,C,0,208050201010,20210717,1,58
4790,5,C,0,208050201008,20210717,1,59
4791,2,A,0,208050202020,20210717,1,60
4792,1,A,1,206450202020,20210717,1,61
4793,2,A,1,166450202020,20210717,1,62
4794,1,A,0,165150202020,20210717,1,63
4795,2,A,1,125150202020,20210717,1,64
4796,1,A,0,124050202020,20210717,1,65
4797,2,A,0,104050202020,20210717,1,66
4798,3,B,1,208050202020,20210717,1,67
4799,4,B,0,208040202020,20210717,1,68
4800,3,B,1,208040162020,20210717,1,69
4801,4,B,0,208032162020,20210717,1,70
4802,3,B,0,208032122020,20210717,1,71
4803,4,B,0,208025122020,20210717,1,72
4804,3,B,0,208025102020,20210717,1,73
4805,2,A,1,208050202020,20210717,1,74
4806,1,A,0,206450202020,20210717,1,75
4807,2,A,1,166450202020,20210717,1,76
4808,1,A,0,165150202020,20210717,1,77
4809,2,A,0,125150202020,20210717,1,78
4810,1,A,1,124050202020,20210717,1,79
4811,2,A,1,104050202020,20210717,1,80
4812,1,A,0,103250202020,20210717,1,81
4813,2,A,0,083250202020,20210717,1,82
4814,5,C,0,208050202020,20210717,1,83
4815,6,C,0,208050201620,20210717,1,84
4816,5,C,0,208050201616,20210717,1,85
4817,6,C,0,208050201216,20210717,1,86
4818,2,A,1,208050202020,20210717,1,87
4819,1,A,0,206450202020,20210717,1,88
4820,2,A,1,166450202020,20210717,1,89
4821,1,A,0,165150202020,20210717,1,90
4822,2,A,1,125150202020,20210717,1,91
4823,1,A,0,124050202020,20210717,1,92
4824,2,A,0,104050202020,20210717,1,93
4825,1,A,0,103250202020,20210717,1,94
4826,2,A,1,083250202020,20210717,1,95
4827,3,B,1,208050202020,20210717,1,96
4828,4,B,0,208040202020,20210717,1,97
4829,3,B,1,208040162020,20210717,1,98
4830,4,B,0,208032162020,20210717,1,99
4831,3,B,0,208032122020,20210717,1,100
4832,2,A,1,208050202020,20210717,1,101
4833,1,A,1,206450202020,20210717,1,102
4834,2,A,1,166450202020,20210717,1,103
4835,1,A,1,165150202020,20210717,1,104
4836,2,A,1,125150202020,20210717,1,105
4837,1,A,0,124050202020,20210717,1,106
4838,2,A,1,104050202020,20210717,1,107
4839,1,A,0,103250202020,20210717,1,108
4840,2,A,0,083250202020,20210717,1,109
4841,1,A,0,082650202020,20210717,1,110
4842,2,A,0,062650202020,20210717,1,111
4843,1,A,0,062050202020,20210717,1,112
4844,2,A,0,052050202020,20210717,1,113
4845,3,B,1,208050202020,20210717,1,114
4846,4,B,0,208040202020,20210717,1,115
4847,3,B,1,208040162020,20210717,1,116
4848,4,B,0,208032162020,20210717,1,117
4849,3,B,0,208032122020,20210717,1,118
4850,2,A,1,208050202020,20210717,1,119
4851,1,A,0,206450202020,20210717,1,120
4852,2,A,0,166450202020,20210717,1,121
4853,1,A,1,165150202020,20210717,1,122
4854,2,A,1,125150202020,20210717,1,123
4855,1,A,0,124050202020,20210717,1,124
4856,2,A,0,104050202020,20210717,1,125
4857,1,A,0,103250202020,20210717,1,126
4858,2,A,1,083250202020,20210717,1,127
4859,1,A,0,082650202020,20210717,1,128
4860,2,A,1,062650202020,20210717,1,129
4861,6,C,0,208050202020,20210717,1,130
4862,5,C,1,208050202016,20210717,1,131
4863,6,C,0,208050201616,20210717,1,132
4864,5,C,0,208050201612,20210717,1,133
4865,2,A,1,208050202020,20210717,1,134
4866,1,A,0,206450202020,20210717,1,135
4867,2,A,0,166450202020,20210717,1,136
4868,1,A,0,165150202020,20210717,1,137
4869,2,A,0,125150202020,20210717,1,138
4870,1,A,0,124050202020,20210717,1,139
4871,2,A,0,104050202020,20210717,1,140
4872,3,B,1,208050202020,20210717,1,141
4873,4,B,0,208040202020,20210717,1,142
4874,3,B,0,208040162020,20210717,1,143
4875,2,A,1,208050202020,20210717,1,144
4876,1,A,0,206450202020,20210717,1,145
4877,2,A,1,166450202020,20210717,1,146
4878,1,A,0,165150202020,20210717,1,147
4879,2,A,1,125150202020,20210717,1,148
4880,1,A,0,124050202020,20210717,1,149
4881,2,A,0,104050202020,20210717,1,150
4882,3,B,1,208050202020,20210717,1,151
4883,4,B,0,208040202020,20210717,1,152
4884,3,B,1,208040162020,20210717,1,153
4885,2,A,0,208050202020,20210717,1,154
4886,1,A,0,206450202020,20210717,1,155
4887,2,A,1,166450202020,20210717,1,156
4888,1,A,0,165150202020,20210717,1,157
4889,2,A,0,125150202020,20210717,1,158
4890,6,C,0,208050202020,20210717,1,159
4891,5,C,0,208050202016,20210717,1,160
4892,2,A,1,208050202020,20210717,1,161
4893,1,A,0,206450202020,20210717,1,162
4894,2,A,1,166450202020,20210717,1,163
4895,1,A,0,165150202020,20210717,1,164
4896,2,A,1,125150202020,20210717,1,165
4897,1,A,0,124050202020,20210717,1,166
4898,2,A,0,104050202020,20210717,1,167
4899,3,B,1,208050202020,20210717,1,168
4900,2,A,1,208050202020,20210717,1,169
4901,1,A,0,206450202020,20210717,1,170
4902,2,A,1,166450202020,20210717,1,171
4903,1,A,0,165150202020,20210717,1,172
4904,2,A,1,125150202020,20210717,1,173
4905,3,B,0,208050202020,20210717,1,174
4906,2,A,1,208050202020,20210717,1,175
4907,1,A,0,206450202020,20210717,1,176
4908,2,A,1,166450202020,20210717,1,177
4909,1,A,0,165150202020,20210717,1,178
4910,2,A,0,125150202020,20210717,1,179
4911,3,B,1,208050202020,20210717,1,180
4912,4,B,0,208040202020,20210717,1,181
4913,3,B,1,208040162020,20210717,1,182
4914,2,A,1,208050202020,20210717,1,183
4915,1,A,1,206450202020,20210717,1,184
4916,2,A,0,166450202020,20210717,1,185
4917,1,A,0,165150202020,20210717,1,186
4918,2,A,1,125150202020,20210717,1,187
4919,1,A,0,124050202020,20210717,1,188
4920,2,A,1,104050202020,20210717,1,189
4921,3,B,1,208050202020,20210717,1,190
4922,2,A,1,208050202020,20210717,1,191
4923,1,A,0,206450202020,20210717,1,192
4924,2,A,1,166450202020,20210717,1,193
4925,1,A,0,165150202020,20210717,1,194
4926,2,A,1,125150202020,20210717,1,195
4927,3,B,1,208050202020,20210717,1,196
4928,2,A,1,208050202020,20210717,1,197
4929,1,A,0,206450202020,20210717,1,198
4930,2,A,1,166450202020,20210717,1,199
4931,1,A,0,165150202020,20210717,1,200
4932,2,A,0,125150202020,20210717,1,201
4933,3,B,0,208050202020,20210717,1,202
4934,2,A,1,208050202020,20210717,1,203
4935,1,A,0,206450202020,20210717,1,204
4936,2,A,0,166450202020,20210717,1,205
4937,3,B,1,208050202020,20210717,1,206
4938,2,A,1,208050202020,20210717,1,207
4939,1,A,0,206450202020,20210717,1,208
4940,2,A,1,166450202020,20210717,1,209
4941,1,A,0,165150202020,20210717,1,210
4942,2,A,0,125150202020,20210717,1,211
4943,1,A,1,124050202020,20210717,1,212
4944,2,A,1,104050202020,20210717,1,213
4945,1,A,0,103250202020,20210717,1,214
4946,2,A,0,083250202020,20210717,1,215
4947,3,B,0,208050202020,20210717,1,216
4948,2,A,1,208050202020,20210717,1,217
4949,1,A,0,206450202020,20210717,1,218
4950,2,A,0,166450202020,20210717,1,219
4951,3,B,1,208050202020,20210717,1,220
4952,2,A,1,208050202020,20210717,1,221
4953,1,A,0,206450202020,20210717,1,222
4954,2,A,1,166450202020,20210717,1,223
4955,3,B,0,208050202020,20210717,1,224
4956,2,A,0,208050202020,20210717,1,225
4957,1,A,0,206450202020,20210717,1,226
4958,2,A,1,166450202020,20210717,1,227
4959,1,A,0,165150202020,20210717,1,228
4960,2,A,1,125150202020,20210717,1,229
4961,3,B,0,208050202020,20210717,1,230
4962,2,A,1,208050202020,20210717,1,231
4963,1,A,1,206450202020,20210717,1,232
4964,2,A,0,166450202020,20210717,1,233
4965,1,A,0,165150202020,20210717,1,234
4966,2,A,1,125150202020,20210717,1,235
4967,3,B,1,208050202020,20210717,1,236
4968,2,A,1,208050202020,20210717,1,237
4969,1,A,1,206450202020,20210717,1,238
4970,2,A,1,166450202020,20210717,1,239
4971,1,A,1,165150202020,20210717,1,240
4972,2,A,1,125150202020,20210717,1,241
4973,1,A,0,124050202020,20210717,1,242
4974,2,A,0,104050202020,20210717,1,243
4975,1,A,0,103250202020,20210717,1,244
4976,2,A,0,083250202020,20210717,1,245
4977,3,B,0,208050202020,20210717,1,246
4978,2,A,1,208050202020,20210717,1,247
4979,1,A,1,206450202020,20210717,1,248
4980,2,A,1,166450202020,20210717,1,249
4981,1,A,1,165150202020,20210717,1,250
4982,2,A,0,125150202020,20210717,1,251
4983,1,A,0,124050202020,20210717,1,252
4984,2,A,0,104050202020,20210717,1,253
4985,1,A,0,103250202020,20210717,1,254
4986,2,A,0,083250202020,20210717,1,255
4987,3,B,1,208050202020,20210717,1,256
4988,2,A,1,208050202020,20210717,1,257
4989,1,A,1,206450202020,20210717,1,258
4990,2,A,1,166450202020,20210717,1,259
4991,1,A,0,165150202020,20210717,1,260
4992,2,A,0,125150202020,20210717,1,261
4993,1,A,0,124050202020,20210717,1,262
4994,2,A,1,104050202020,20210717,1,263
4995,1,A,0,103250202020,20210717,1,264
4996,2,A,0,083250202020,20210717,1,265
4997,1,A,0,082650202020,20210717,1,266
4998,2,A,1,062650202020,20210717,1,267
4999,3,B,1,208050202020,20210717,1,268
5000,2,A,1,208050202020,20210717,1,269
5001,1,A,0,206450202020,20210717,1,270
5002,2,A,1,166450202020,20210717,1,271
5003,1,A,0,165150202020,20210717,1,272
5004,2,A,1,125150202020,20210717,1,273
5005,1,A,0,124050202020,20210717,1,274
5006,2,A,0,104050202020,20210717,1,275
5007,3,B,0,208050202020,20210717,1,276
5008,2,A,1,208050202020,20210717,1,277
5009,1,A,0,206450202020,20210717,1,278
5010,2,A,0,166450202020,20210717,1,279
5011,1,A,1,165150202020,20210717,1,280
5012,2,A,1,125150202020,20210717,1,281
5013,1,A,0,124050202020,20210717,1,282
5014,2,A,0,104050202020,20210717,1,283
5015,1,A,0,103250202020,20210717,1,284
5016,2,A,0,083250202020,20210717,1,285
5017,3,B,0,208050202020,20210717,1,286
5018,2,A,1,208050202020,20210717,1,287
5019,1,A,0,206450202020,20210717,1,288
5020,2,A,1,166450202020,20210717,1,289
5021,1,A,0,165150202020,20210717,1,290
5022,2,A,0,125150202020,20210717,1,291
5023,1,A,0,124050202020,20210717,1,292
5024,2,A,1,104050202020,20210717,1,293
5025,3,B,0,208050202020,20210717,1,294
5026,2,A,0,208050202020,20210717,1,295
5027,1,A,0,206450202020,20210717,1,296
5028,2,A,1,166450202020,20210717,1,297
5029,1,A,0,165150202020,20210717,1,298
5030,2,A,0,125150202020,20210717,1,299
5031,3,B,1,202080205080,20210717,2,0
5032,4,B,0,202064205080,20210717,2,1
5033,3,B,0,202064165080,20210717,2,2
5034,2,A,0,202080205080,20210717,2,3
5035,1,A,0,201680205080,20210717,2,4
5036,2,A,1,161680205080,20210717,2,5
5037,1,A,0,161280205080,20210717,2,6
5038,2,A,0,121280205080,20210717,2,7
5039,1,A,1,121080205080,20210717,2,8
5040,2,A,0,101080205080,20210717,2,9
5041,5,C,0,202080205080,20210717,2,10
5042,6,C,1,202080204080,20210717,2,11
5043,5,C,1,202080204064,20210717,2,12
5044,6,C,1,202080203264,20210717,2,13
5045,5,C,1,202080203251,20210717,2,14
5046,6,C,1,202080202551,20210717,2,15
5047,5,C,0,202080202540,20210717,2,16
5048,6,C,1,202080202040,20210717,2,17
5049,5,C,0,202080202032,20210717,2,18
5050,6,C,0,202080201632,20210717,2,19
5051,2,A,1,202080205080,20210717,2,20
5052,1,A,1,201680205080,20210717,2,21
5053,2,A,0,161680205080,20210717,2,22
5054,1,A,0,161280205080,20210717,2,23
5055,2,A,0,121280205080,20210717,2,24
5056,1,A,0,121080205080,20210717,2,25
5057,2,A,0,101080205080,20210717,2,26
5058,3,B,1,202080205080,20210717,2,27
5059,4,B,0,202064205080,20210717,2,28
5060,3,B,1,202064165080,20210717,2,29
5061,4,B,0,202051165080,20210717,2,30
5062,3,B,1,202051125080,20210717,2,31
5063,2,A,0,202080205080,20210717,2,32
5064,1,A,0,201680205080,20210717,2,33
5065,2,A,0,161680205080,20210717,2,34
5066,1,A,0,161280205080,20210717,2,35
5067,2,A,0,121280205080,20210717,2,36
5068,5,C,0,202080205080,20210717,2,37
5069,6,C,0,202080204080,20210717,2,38
5070,5,C,0,202080204064,20210717,2,39
5071,6,C,1,202080203264,20210717,2,40
5072,5,C,0,202080203251,20210717,2,41
5073,6,C,1,202080202551,20210717,2,42
5074,5,C,0,202080202540,20210717,2,43
5075,6,C,1,202080202040,20210717,2,44
5076,5,C,0,202080202032,20210717,2,45
5077,6,C,1,202080201632,20210717,2,46
5078,2,A,0,202080205080,20210717,2,47
5079,1,A,0,201680205080,20210717,2,48
5080,2,A,0,161680205080,20210717,2,49
5081,1,A,1,161280205080,20210717,2,50
5082,2,A,0,121280205080,20210717,2,51
5083,1,A,0,121080205080,20210717,2,52
5084,3,B,1,202080205080,20210717,2,53
5085,4,B,0,202064205080,20210717,2,54
5086,3,B,1,202064165080,20210717,2,55
5087,4,B,0,202051165080,20210717,2,56
5088,3,B,1,202051125080,20210717,2,57
5089,2,A,0,202080205080,20210717,2,58
5090,1,A,0,201680205080,20210717,2,59
5091,2,A,0,161680205080,20210717,2,60
5092,1,A,0,161280205080,20210717,2,61
5093,2,A,0,121280205080,20210717,2,62
5094,1,A,0,121080205080,20210717,2,63
5095,2,A,0,101080205080,20210717,2,64
5096,3,B,0,202080205080,20210717,2,65
5097,4,B,0,202064205080,20210717,2,66
5098,3,B,1,202064165080,20210717,2,67
5099,2,A,0,202080205080,20210717,2,68
5100,1,A,0,201680205080,20210717,2,69
5101,2,A,0,161680205080,20210717,2,70
5102,1,A,0,161280205080,20210717,2,71
5103,5,C,0,202080205080,20210717,2,72
5104,6,C,1,202080204080,20210717,2,73
5105,5,C,1,202080204064,20210717,2,74
5106,6,C,1,202080203264,20210717,2,75
5107,5,C,0,202080203251,20210717,2,76
5108,6,C,0,202080202551,20210717,2,77
5109,5,C,0,202080202540,20210717,2,78
5110,6,C,0,202080202040,20210717,2,79
5111,5,C,0,202080202032,20210717,2,80
5112,2,A,1,202080205080,20210717,2,81
5113,1,A,0,201680205080,20210717,2,82
5114,2,A,0,161680205080,20210717,2,83
5115,3,B,1,202080205080,20210717,2,84
5116,2,A,0,202080205080,20210717,2,85
5117,1,A,1,201680205080,20210717,2,86
5118,2,A,1,161680205080,20210717,2,87
5119,1,A,0,161280205080,20210717,2,88
5120,2,A,0,121280205080,20210717,2,89
5121,1,A,1,121080205080,20210717,2,90
5122,2,A,0,101080205080,20210717,2,91
5123,1,A,0,100880205080,20210717,2,92
5124,2,A,0,080880205080,20210717,2,93
5125,3,B,1,202080205080,20210717,2,94
5126,4,B,1,202064205080,20210717,2,95
5127,3,B,1,202064165080,20210717,2,96
5128,4,B,0,202051165080,20210717,2,97
5129,3,B,0,202051125080,20210717,2,98
5130,4,B,1,202040125080,20210717,2,99
5131,3,B,0,202040105080,20210717,2,100
5132,4,B,0,202032105080,20210717,2,101
5133,3,B,0,202032085080,20210717,2,102
5134,2,A,0,202080205080,20210717,2,103
5135,1,A,0,201680205080,20210717,2,104
5136,2,A,0,161680205080,20210717,2,105
5137,1,A,0,161280205080,20210717,2,106
5138,5,C,1,202080205080,20210717,2,107
5139,6,C,1,202080204080,20210717,2,108
5140,5,C,0,202080204064,20210717,2,109
5141,6,C,1,202080203264,20210717,2,110
5142,5,C,0,202080203251,20210717,2,111
5143,6,C,0,202080202551,20210717,2,112
5144,5,C,0,202080202540,20210717,2,113
5145,6,C,0,202080202040,20210717,2,114
5146,3,B,1,202080205080,20210717,2,115
5147,4,B,0,202064205080,20210717,2,116
5148,3,B,1,202064165080,20210717,2,117
5149,4,B,0,202051165080,20210717,2,118
5150,3,B,0,202051125080,20210717,2,119
5151,4,B,0,202040125080,20210717,2,120
5152,3,B,0,202040105080,20210717,2,121
5153,2,A,0,202080205080,20210717,2,122
5154,1,A,0,201680205080,20210717,2,123
5155,2,A,0,161680205080,20210717,2,124
5156,1,A,1,161280205080,20210717,2,125
5157,2,A,0,121280205080,20210717,2,126
5158,1,A,0,121080205080,20210717,2,127
5159,3,B,0,202080205080,20210717,2,128
5160,4,B,0,202064205080,20210717,2,129
5161,3,B,1,202064165080,20210717,2,130
5162,2,A,1,202080205080,20210717,2,131
5163,1,A,0,201680205080,20210717,2,132
5164,2,A,0,161680205080,20210717,2,133
5165,3,B,1,202080205080,20210717,2,134
5166,4,B,0,202064205080,20210717,2,135
5167,3,B,1,202064165080,20210717,2,136
5168,4,B,1,202051165080,20210717,2,137
5169,3,B,0,202051125080,20210717,2,138
5170,4,B,0,202040125080,20210717,2,139
5171,3,B,1,202040105080,20210717,2,140
5172,4,B,0,202032105080,20210717,2,141
5173,3,B,1,202032085080,20210717,2,142
5174,4,B,0,202026085080,20210717,2,143
5175,3,B,0,202026065080,20210717,2,144
5176,4,B,0,202020065080,20210717,2,145
5177,3,B,0,202020055080,20210717,2,146
5178,5,C,1,202080205080,20210717,2,147
5179,6,C,1,202080204080,20210717,2,148
5180,5,C,0,202080204064,20210717,2,149
5181,6,C,0,202080203264,20210717,2,150
5182,5,C,0,202080203251,20210717,2,151
5183,6,C,1,202080202551,20210717,2,152
5184,5,C,0,202080202540,20210717,2,153
5185,6,C,1,202080202040,20210717,2,154
5186,5,C,0,202080202032,20210717,2,155
5187,6,C,0,202080201632,20210717,2,156
5188,3,B,1,202080205080,20210717,2,157
5189,4,B,0,202064205080,20210717,2,158
5190,3,B,0,202064165080,20210717,2,159
5191,4,B,0,202051165080,20210717,2,160
5192,3,B,0,202051125080,20210717,2,161
5193,2,A,0,202080205080,20210717,2,162
5194,1,A,1,201680205080,20210717,2,163
5195,2,A,0,161680205080,20210717,2,164
5196,1,A,0,161280205080,20210717,2,165
5197,2,A,0,121280205080,20210717,2,166
5198,1,A,0,121080205080,20210717,2,167
5199,3,B,1,202080205080,20210717,2,168
5200,4,B,0,202064205080,20210717,2,169
5201,3,B,1,202064165080,20210717,2,170
5202,4,B,0,202051165080,20210717,2,171
5203,3,B,1,202051125080,20210717,2,172
5204,4,B,0,202040125080,20210717,2,173
5205,3,B,0,202040105080,20210717,2,174
5206,5,C,0,202080205080,20210717,2,175
5207,6,C,1,202080204080,20210717,2,176
5208,5,C,0,202080204064,20210717,2,177
5209,6,C,1,202080203264,20210717,2,178
5210,5,C,0,202080203251,20210717,2,179
5211,6,C,0,202080202551,20210717,2,180
5212,5,C,0,202080202540,20210717,2,181
5213,6,C,0,202080202040,20210717,2,182
5214,3,B,0,202080205080,20210717,2,183
5215,4,B,0,202064205080,20210717,2,184
5216,3,B,0,202064165080,20210717,2,185
5217,2,A,0,202080205080,20210717,2,186
5218,1,A,1,201680205080,20210717,2,187
5219,2,A,0,161680205080,20210717,2,188
5220,1,A,0,161280205080,20210717,2,189
5221,3,B,0,202080205080,20210717,2,190
5222,4,B,1,202064205080,20210717,2,191
5223,3,B,0,202064165080,20210717,2,192
5224,4,B,0,202051165080,20210717,2,193
5225,3,B,1,202051125080,20210717,2,194
5226,4,B,0,202040125080,20210717,2,195
5227,3,B,0,202040105080,20210717,2,196
5228,4,B,0,202032105080,20210717,2,197
5229,3,B,1,202032085080,20210717,2,198
5230,5,C,1,202080205080,20210717,2,199
5231,6,C,1,202080204080,20210717,2,200
5232,5,C,0,202080204064,20210717,2,201
5233,6,C,0,202080203264,20210717,2,202
5234,5,C,1,202080203251,20210717,2,203
5235,6,C,1,202080202551,20210717,2,204
5236,5,C,0,202080202540,20210717,2,205
5237,6,C,0,202080202040,20210717,2,206
5238,5,C,0,202080202032,20210717,2,207
5239,6,C,0,202080201632,20210717,2,208
5240,3,B,0,202080205080,20210717,2,209
5241,4,B,0,202064205080,20210717,2,210
5242,3,B,1,202064165080,20210717,2,211
5243,4,B,0,202051165080,20210717,2,212
5244,3,B,1,202051125080,20210717,2,213
5245,5,C,1,202080205080,20210717,2,214
5246,6,C,1,202080204080,20210717,2,215
5247,5,C,0,202080204064,20210717,2,216
5248,6,C,0,202080203264,20210717,2,217
5249,5,C,0,202080203251,20210717,2,218
5250,6,C,1,202080202551,20210717,2,219
5251,3,B,0,202080205080,20210717,2,220
5252,4,B,1,202064205080,20210717,2,221
5253,3,B,1,202064165080,20210717,2,222
5254,4,B,0,202051165080,20210717,2,223
5255,3,B,0,202051125080,20210717,2,224
5256,4,B,0,202040125080,20210717,2,225
5257,3,B,1,202040105080,20210717,2,226
5258,4,B,0,202032105080,20210717,2,227
5259,3,B,0,202032085080,20210717,2,228
5260,5,C,1,202080205080,20210717,2,229
5261,6,C,1,202080204080,20210717,2,230
5262,5,C,1,202080204064,20210717,2,231
5263,6,C,0,202080203264,20210717,2,232
5264,5,C,1,202080203251,20210717,2,233
5265,6,C,0,202080202551,20210717,2,234
5266,5,C,1,202080202540,20210717,2,235
5267,6,C,1,202080202040,20210717,2,236
5268,5,C,0,202080202032,20210717,2,237
5269,6,C,1,202080201632,20210717,2,238
5270,5,C,0,202080201626,20210717,2,239
5271,6,C,0,202080201326,20210717,2,240
5272,5,C,0,202080201320,20210717,2,241
5273,2,A,0,202080205080,20210717,2,242
5274,1,A,0,201680205080,20210717,2,243
5275,2,A,0,161680205080,20210717,2,244
5276,3,B,0,202080205080,20210717,2,245
5277,4,B,1,202064205080,20210717,2,246
5278,3,B,1,202064165080,20210717,2,247
5279,4,B,0,202051165080,20210717,2,248
5280,3,B,0,202051125080,20210717,2,249
5281,4,B,1,202040125080,20210717,2,250
5282,3,B,1,202040105080,20210717,2,251
5283,4,B,0,202032105080,20210717,2,252
5284,3,B,0,202032085080,20210717,2,253
5285,4,B,0,202026085080,20210717,2,254
5286,3,B,1,202026065080,20210717,2,255
5287,5,C,0,202080205080,20210717,2,256
5288,6,C,1,202080204080,20210717,2,257
5289,5,C,0,202080204064,20210717,2,258
5290,6,C,1,202080203264,20210717,2,259
5291,5,C,0,202080203251,20210717,2,260
5292,6,C,0,202080202551,20210717,2,261
5293,5,C,0,202080202540,20210717,2,262
5294,6,C,0,202080202040,20210717,2,263
5295,5,C,0,202080202032,20210717,2,264
5296,6,C,0,202080201632,20210717,2,265
5297,3,B,1,202080205080,20210717,2,266
5298,4,B,0,202064205080,20210717,2,267
5299,3,B,1,202064165080,20210717,2,268
5300,4,B,0,202051165080,20210717,2,269
5301,3,B,0,202051125080,20210717,2,270
5302,4,B,0,202040125080,20210717,2,271
5303,3,B,1,202040105080,20210717,2,272
5304,4,B,0,202032105080,20210717,2,273
5305,3,B,1,202032085080,20210717,2,274
5306,5,C,1,202080205080,20210717,2,275
5307,6,C,1,202080204080,20210717,2,276
5308,5,C,0,202080204064,20210717,2,277
5309,6,C,0,202080203264,20210717,2,278
5310,5,C,0,202080203251,20210717,2,279
5311,6,C,0,202080202551,20210717,2,280
5312,5,C,0,202080202540,20210717,2,281
5313,3,B,1,202080205080,20210717,2,282
5314,4,B,0,202064205080,20210717,2,283
5315,3,B,0,202064165080,20210717,2,284
5316,4,B,0,202051165080,20210717,2,285
5317,3,B,1,202051125080,20210717,2,286
5318,4,B,0,202040125080,20210717,2,287
5319,3,B,1,202040105080,20210717,2,288
5320,5,C,0,202080205080,20210717,2,289
5321,6,C,0,202080204080,20210717,2,290
5322,5,C,1,202080204064,20210717,2,291
5323,6,C,0,202080203264,20210717,2,292
5324,5,C,0,202080203251,20210717,2,293
5325,6,C,0,202080202551,20210717,2,294
5326,5,C,0,202080202540,20210717,2,295
5327,3,B,1,202080205080,20210717,2,296
5328,4,B,1,202064205080,20210717,2,297
5329,3,B,1,202064165080,20210717,2,298
5330,4,B,1,202051165080,20210717,2,299
5331,2,A,0,205050802020,20210717,3,0
5332,1,A,0,204050802020,20210717,3,1
5333,2,A,0,164050802020,20210717,3,2
5334,5,C,0,205050802020,20210717,3,3
5335,6,C,0,205050801620,20210717,3,4
5336,5,C,1,205050801616,20210717,3,5
5337,6,C,0,205050801216,20210717,3,6
5338,5,C,0,205050801212,20210717,3,7
5339,3,B,0,205050802020,20210717,3,8
5340,4,B,1,205040802020,20210717,3,9
5341,3,B,0,205040642020,20210717,3,10
5342,4,B,0,205032642020,20210717,3,11
5343,3,B,1,205032512020,20210717,3,12
5344,4,B,0,205025512020,20210717,3,13
5345,3,B,0,205025402020,20210717,3,14
5346,4,B,0,205020402020,20210717,3,15
5347,3,B,1,205020322020,20210717,3,16
5348,5,C,0,205050802020,20210717,3,17
5349,6,C,1,205050801620,20210717,3,18
5350,5,C,0,205050801616,20210717,3,19
5351,6,C,0,205050801216,20210717,3,20
5352,5,C,0,205050801212,20210717,3,21
5353,2,A,1,205050802020,20210717,3,22
5354,1,A,0,204050802020,20210717,3,23
5355,2,A,0,164050802020,20210717,3,24
5356,1,A,0,163250802020,20210717,3,25
5357,2,A,0,123250802020,20210717,3,26
5358,3,B,0,205050802020,20210717,3,27
5359,4,B,1,205040802020,20210717,3,28
5360,3,B,1,205040642020,20210717,3,29
5361,4,B,0,205032642020,20210717,3,30
5362,3,B,0,205032512020,20210717,3,31
5363,4,B,1,205025512020,20210717,3,32
5364,3,B,1,205025402020,20210717,3,33
5365,4,B,0,205020402020,20210717,3,34
5366,3,B,0,205020322020,20210717,3,35
5367,4,B,1,205016322020,20210717,3,36
5368,3,B,0,205016262020,20210717,3,37
5369,4,B,1,205013262020,20210717,3,38
5370,3,B,0,205013202020,20210717,3,39
5371,4,B,0,205010202020,20210717,3,40
5372,3,B,0,205010162020,20210717,3,41
5373,4,B,0,205008162020,20210717,3,42
5374,3,B,0,205008132020,20210717,3,43
5375,5,C,0,205050802020,20210717,3,44
5376,6,C,0,205050801620,20210717,3,45
5377,5,C,0,205050801616,20210717,3,46
5378,6,C,0,205050801216,20210717,3,47
5379,2,A,1,205050802020,20210717,3,48
5380,1,A,0,204050802020,20210717,3,49
5381,2,A,1,164050802020,20210717,3,50
5382,3,B,0,205050802020,20210717,3,51
5383,4,B,0,205040802020,20210717,3,52
5384,3,B,0,205040642020,20210717,3,53
5385,4,B,1,205032642020,20210717,3,54
5386,3,B,1,205032512020,20210717,3,55
5387,4,B,1,205025512020,20210717,3,56
5388,3,B,1,205025402020,20210717,3,57
5389,4,B,0,205020402020,20210717,3,58
5390,3,B,0,205020322020,20210717,3,59
5391,4,B,0,205016322020,20210717,3,60
5392,3,B,0,205016262020,20210717,3,61
5393,4,B,1,205013262020,20210717,3,62
5394,3,B,0,205013202020,20210717,3,63
5395,4,B,1,205010202020,20210717,3,64
5396,3,B,0,205010162020,20210717,3,65
5397,4,B,1,205008162020,20210717,3,66
5398,3,B,0,205008132020,20210717,3,67
5399,4,B,0,205006132020,20210717,3,68
5400,5,C,0,205050802020,20210717,3,69
5401,6,C,0,205050801620,20210717,3,70
5402,5,C,1,205050801616,20210717,3,71
5403,6,C,0,205050801216,20210717,3,72
5404,3,B,1,205050802020,20210717,3,73
5405,4,B,0,205040802020,20210717,3,74
5406,3,B,0,205040642020,20210717,3,75
5407,4,B,1,205032642020,20210717,3,76
5408,3,B,1,205032512020,20210717,3,77
5409,4,B,1,205025512020,20210717,3,78
5410,3,B,1,205025402020,20210717,3,79
5411,4,B,0,205020402020,20210717,3,80
5412,3,B,0,205020322020,20210717,3,81
5413,4,B,1,205016322020,20210717,3,82
5414,3,B,0,205016262020,20210717,3,83
5415,4,B,1,205013262020,20210717,3,84
5416,3,B,0,205013202020,20210717,3,85
5417,4,B,0,205010202020,20210717,3,86
5418,3,B,0,205010162020,20210717,3,87
5419,4,B,0,205008162020,20210717,3,88
5420,3,B,0,205008132020,20210717,3,89
5421,4,B,0,205006132020,20210717,3,90
5422,2,A,1,205050802020,20210717,3,91
5423,1,A,1,204050802020,20210717,3,92
5424,2,A,0,164050802020,20210717,3,93
5425,1,A,0,163250802020,20210717,3,94
5426,2,A,0,123250802020,20210717,3,95
5427,3,B,1,205050802020,20210717,3,96
5428,4,B,0,205040802020,20210717,3,97
5429,3,B,0,205040642020,20210717,3,98
5430,4,B,1,205032642020,20210717,3,99
5431,3,B,0,205032512020,20210717,3,100
5432,4,B,1,205025512020,20210717,3,101
5433,3,B,0,205025402020,20210717,3,102
5434,4,B,0,205020402020,20210717,3,103
5435,3,B,0,205020322020,20210717,3,104
5436,4,B,0,205016322020,20210717,3,105
5437,3,B,1,205016262020,20210717,3,106
5438,4,B,0,205013262020,20210717,3,107
5439,3,B,0,205013202020,20210717,3,108
5440,4,B,1,205010202020,20210717,3,109
5441,3,B,0,205010162020,20210717,3,110
5442,4,B,0,205008162020,20210717,3,111
5443,3,B,0,205008132020,20210717,3,112
5444,4,B,0,205006132020,20210717,3,113
5445,5,C,1,205050802020,20210717,3,114
5446,6,C,0,205050801620,20210717,3,115
5447,5,C,1,205050801616,20210717,3,116
5448,6,C,0,205050801216,20210717,3,117
5449,5,C,0,205050801212,20210717,3,118
5450,3,B,0,205050802020,20210717,3,119
5451,4,B,1,205040802020,20210717,3,120
5452,3,B,0,205040642020,20210717,3,121
5453,4,B,0,205032642020,20210717,3,122
5454,3,B,1,205032512020,20210717,3,123
5455,4,B,1,205025512020,20210717,3,124
5456,3,B,0,205025402020,20210717,3,125
5457,4,B,1,205020402020,20210717,3,126
5458,3,B,0,205020322020,20210717,3,127
5459,4,B,1,205016322020,20210717,3,128
5460,3,B,0,205016262020,20210717,3,129
5461,4,B,0,205013262020,20210717,3,130
5462,3,B,0,205013202020,20210717,3,131
5463,4,B,0,205010202020,20210717,3,132
5464,3,B,0,205010162020,20210717,3,133
5465,4,B,0,205008162020,20210717,3,134
5466,3,B,0,205008132020,20210717,3,135
5467,4,B,0,205006132020,20210717,3,136
5468,5,C,1,205050802020,20210717,3,137
5469,6,C,1,205050801620,20210717,3,138
5470,5,C,0,205050801616,20210717,3,139
5471,6,C,0,205050801216,20210717,3,140
5472,5,C,0,205050801212,20210717,3,141
5473,3,B,1,205050802020,20210717,3,142
5474,4,B,1,205040802020,20210717,3,143
5475,3,B,0,205040642020,20210717,3,144
5476,4,B,1,205032642020,20210717,3,145
5477,3,B,0,205032512020,20210717,3,146
5478,4,B,1,205025512020,20210717,3,147
5479,3,B,1,205025402020,20210717,3,148
5480,4,B,0,205020402020,20210717,3,149
5481,3,B,0,205020322020,20210717,3,150
5482,4,B,0,205016322020,20210717,3,151
5483,5,C,1,205050802020,20210717,3,152
5484,6,C,0,205050801620,20210717,3,153
5485,5,C,0,205050801616,20210717,3,154
5486,3,B,0,205050802020,20210717,3,155
5487,4,B,1,205040802020,20210717,3,156
5488,3,B,0,205040642020,20210717,3,157
5489,4,B,0,205032642020,20210717,3,158
5490,3,B,0,205032512020,20210717,3,159
5491,4,B,0,205025512020,20210717,3,160
5492,5,C,0,205050802020,20210717,3,161
5493,6,C,0,205050801620,20210717,3,162
5494,5,C,0,205050801616,20210717,3,163
5495,3,B,1,205050802020,20210717,3,164
5496,4,B,1,205040802020,20210717,3,165
5497,3,B,0,205040642020,20210717,3,166
5498,4,B,1,205032642020,20210717,3,167
5499,3,B,1,205032512020,20210717,3,168
5500,4,B,0,205025512020,20210717,3,169
5501,3,B,0,205025402020,20210717,3,170
5502,4,B,0,205020402020,20210717,3,171
5503,3,B,1,205020322020,20210717,3,172
5504,4,B,0,205016322020,20210717,3,173
5505,3,B,1,205016262020,20210717,3,174
5506,4,B,1,205013262020,20210717,3,175
5507,3,B,0,205013202020,20210717,3,176
5508,4,B,1,205010202020,20210717,3,177
5509,3,B,0,205010162020,20210717,3,178
5510,4,B,0,205008162020,20210717,3,179
5511,3,B,0,205008132020,20210717,3,180
5512,4,B,0,205006132020,20210717,3,181
5513,3,B,0,205006102020,20210717,3,182
5514,4,B,0,205005102020,20210717,3,183
5515,3,B,0,205005082020,20210717,3,184
5516,4,B,0,205004082020,20210717,3,185
5517,5,C,0,205050802020,20210717,3,186
5518,6,C,0,205050801620,20210717,3,187
5519,5,C,0,205050801616,20210717,3,188
5520,3,B,1,205050802020,20210717,3,189
5521,4,B,1,205040802020,20210717,3,190
5522,3,B,0,205040642020,20210717,3,191
5523,4,B,1,205032642020,20210717,3,192
5524,3,B,0,205032512020,20210717,3,193
5525,4,B,0,205025512020,20210717,3,194
5526,3,B,0,205025402020,20210717,3,195
5527,4,B,0,205020402020,20210717,3,196
5528,5,C,0,205050802020,20210717,3,197
5529,6,C,0,205050801620,20210717,3,198
5530,5,C,0,205050801616,20210717,3,199
5531,1,A,0,205050802020,20210717,3,200
5532,2,A,1,165050802020,20210717,3,201
5533,1,A,0,164050802020,20210717,3,202
5534,2,A,1,124050802020,20210717,3,203
5535,3,B,1,205050802020,20210717,3,204
5536,4,B,0,205040802020,20210717,3,205
5537,3,B,0,205040642020,20210717,3,206
5538,4,B,1,205032642020,20210717,3,207
5539,3,B,0,205032512020,20210717,3,208
5540,4,B,0,205025512020,20210717,3,209
5541,2,A,1,205050802020,20210717,3,210
5542,1,A,1,204050802020,20210717,3,211
5543,2,A,0,164050802020,20210717,3,212
5544,1,A,0,163250802020,20210717,3,213
5545,2,A,1,123250802020,20210717,3,214
5546,3,B,0,205050802020,20210717,3,215
5547,4,B,1,205040802020,20210717,3,216
5548,3,B,0,205040642020,20210717,3,217
5549,4,B,0,205032642020,20210717,3,218
5550,3,B,1,205032512020,20210717,3,219
5551,4,B,0,205025512020,20210717,3,220
5552,3,B,0,205025402020,20210717,3,221
5553,4,B,1,205020402020,20210717,3,222
5554,3,B,0,205020322020,20210717,3,223
5555,4,B,0,205016322020,20210717,3,224
5556,3,B,1,205016262020,20210717,3,225
5557,4,B,0,205013262020,20210717,3,226
5558,3,B,0,205013202020,20210717,3,227
5559,4,B,0,205010202020,20210717,3,228
5560,5,C,0,205050802020,20210717,3,229
5561,6,C,1,205050801620,20210717,3,230
5562,5,C,0,205050801616,20210717,3,231
5563,6,C,0,205050801216,20210717,3,232
5564,4,B,1,205050802020,20210717,3,233
5565,3,B,0,205050642020,20210717,3,234
5566,4,B,0,205040642020,20210717,3,235
5567,3,B,0,205040512020,20210717,3,236
5568,4,B,0,205032512020,20210717,3,237
5569,2,A,1,205050802020,20210717,3,238
5570,1,A,0,204050802020,20210717,3,239
5571,2,A,0,164050802020,20210717,3,240
5572,1,A,0,163250802020,20210717,3,241
5573,2,A,0,123250802020,20210717,3,242
5574,4,B,1,205050802020,20210717,3,243
5575,3,B,0,205050642020,20210717,3,244
5576,4,B,1,205040642020,20210717,3,245
5577,3,B,1,205040512020,20210717,3,246
5578,4,B,0,205032512020,20210717,3,247
5579,3,B,1,205032402020,20210717,3,248
5580,4,B,0,205025402020,20210717,3,249
5581,3,B,0,205025322020,20210717,3,250
5582,4,B,0,205020322020,20210717,3,251
5583,3,B,0,205020262020,20210717,3,252
5584,4,B,1,205016262020,20210717,3,253
5585,3,B,0,205016202020,20210717,3,254
5586,4,B,0,205013202020,20210717,3,255
5587,3,B,0,205013162020,20210717,3,256
5588,4,B,0,205010162020,20210717,3,257
5589,3,B,0,205010132020,20210717,3,258
5590,5,C,0,205050802020,20210717,3,259
5591,6,C,0,205050801620,20210717,3,260
5592,5,C,0,205050801616,20210717,3,261
5593,4,B,1,205050802020,20210717,3,262
5594,3,B,0,205050642020,20210717,3,263
5595,4,B,0,205040642020,20210717,3,264
5596,3,B,0,205040512020,20210717,3,265
5597,4,B,1,205032512020,20210717,3,266
5598,3,B,1,205032402020,20210717,3,267
5599,4,B,1,205025402020,20210717,3,268
5600,3,B,1,205025322020,20210717,3,269
5601,4,B,1,205020322020,20210717,3,270
5602,3,B,0,205020262020,20210717,3,271
5603,4,B,1,205016262020,20210717,3,272
5604,3,B,0,205016202020,20210717,3,273
5605,4,B,0,205013202020,20210717,3,274
5606,2,A,1,205050802020,20210717,3,275
5607,1,A,0,204050802020,20210717,3,276
5608,2,A,0,164050802020,20210717,3,277
5609,4,B,1,205050802020,20210717,3,278
5610,3,B,1,205050642020,20210717,3,279
5611,4,B,0,205040642020,20210717,3,280
5612,3,B,1,205040512020,20210717,3,281
5613,4,B,1,205032512020,20210717,3,282
5614,3,B,0,205032402020,20210717,3,283
5615,4,B,0,205025402020,20210717,3,284
5616,3,B,1,205025322020,20210717,3,285
5617,4,B,0,205020322020,20210717,3,286
5618,3,B,0,205020262020,20210717,3,287
5619,4,B,1,205016262020,20210717,3,288
5620,3,B,0,205016202020,20210717,3,289
5621,4,B,0,205013202020,20210717,3,290
5622,3,B,1,205013162020,20210717,3,291
5623,4,B,0,205010162020,20210717,3,292
5624,3,B,0,205010132020,20210717,3,293
5625,4,B,0,205008132020,20210717,3,294
5626,3,B,0,205008102020,20210717,3,295
5627,4,B,0,205006102020,20210717,3,296
5628,2,A,0,205050802020,20210717,3,297
5629,1,A,0,204050802020,20210717,3,298
5630,2,A,0,164050802020,20210717,3,299
5631,1,A,1,802020202050,20210717,4,0
5632,2,A,0,642020202050,20210717,4,1
5633,1,A,1,641620202050,20210717,4,2
5634,5,C,0,802020202050,20210717,4,3
5635,6,C,0,802020201650,20210717,4,4
5636,5,C,0,802020201640,20210717,4,5
5637,6,C,0,802020201240,20210717,4,6
5638,5,C,0,802020201232,20210717,4,7
5639,4,B,0,802020202050,20210717,4,8
5640,3,B,0,802020162050,20210717,4,9
5641,4,B,0,802016162050,20210717,4,10
5642,3,B,0,802016122050,20210717,4,11
5643,4,B,0,802012122050,20210717,4,12
5644,3,B,0,802012102050,20210717,4,13
5645,5,C,0,802020202050,20210717,4,14
5646,6,C,1,802020201650,20210717,4,15
5647,5,C,0,802020201640,20210717,4,16
5648,6,C,0,802020201240,20210717,4,17
5649,5,C,0,802020201232,20210717,4,18
5650,2,A,0,802020202050,20210717,4,19
5651,1,A,1,801620202050,20210717,4,20
5652,2,A,0,641620202050,20210717,4,21
5653,1,A,0,641220202050,20210717,4,22
5654,2,A,0,511220202050,20210717,4,23
5655,1,A,0,511020202050,20210717,4,24
5656,4,B,0,802020202050,20210717,4,25
5657,3,B,0,802020162050,20210717,4,26
5658,4,B,1,802016162050,20210717,4,27
5659,3,B,0,802016122050,20210717,4,28
5660,4,B,0,802012122050,20210717,4,29
5661,3,B,0,802012102050,20210717,4,30
5662,4,B,0,802010102050,20210717,4,31
5663,5,C,0,802020202050,20210717,4,32
5664,6,C,0,802020201650,20210717,4,33
5665,5,C,0,802020201640,20210717,4,34
5666,6,C,0,802020201240,20210717,4,35
5667,2,A,0,802020202050,20210717,4,36
5668,1,A,1,801620202050,20210717,4,37
5669,2,A,0,641620202050,20210717,4,38
5670,1,A,1,641220202050,20210717,4,39
5671,2,A,0,511220202050,20210717,4,40
5672,1,A,0,511020202050,20210717,4,41
5673,2,A,0,401020202050,20210717,4,42
5674,4,B,0,802020202050,20210717,4,43
5675,3,B,0,802020162050,20210717,4,44
5676,4,B,0,802016162050,20210717,4,45
5677,3,B,0,802016122050,20210717,4,46
5678,5,C,1,802020202050,20210717,4,47
5679,6,C,0,802020201650,20210717,4,48
5680,5,C,1,802020201640,20210717,4,49
5681,6,C,0,802020201240,20210717,4,50
5682,5,C,0,802020201232,20210717,4,51
5683,6,C,0,802020201032,20210717,4,52
5684,5,C,0,802020201025,20210717,4,53
5685,2,A,0,802020202050,20210717,4,54
5686,1,A,1,801620202050,20210717,4,55
5687,2,A,0,641620202050,20210717,4,56
5688,1,A,1,641220202050,20210717,4,57
5689,2,A,1,511220202050,20210717,4,58
5690,1,A,0,511020202050,20210717,4,59
5691,2,A,0,401020202050,20210717,4,60
5692,1,A,1,400820202050,20210717,4,61
5693,4,B,0,802020202050,20210717,4,62
5694,3,B,1,802020162050,20210717,4,63
5695,4,B,0,802016162050,20210717,4,64
5696,3,B,1,802016122050,20210717,4,65
5697,4,B,0,802012122050,20210717,4,66
5698,3,B,0,802012102050,20210717,4,67
5699,4,B,0,802010102050,20210717,4,68
5700,3,B,0,802010082050,20210717,4,69
5701,2,A,0,802020202050,20210717,4,70
5702,1,A,1,801620202050,20210717,4,71
5703,2,A,1,641620202050,20210717,4,72
5704,1,A,0,641220202050,20210717,4,73
5705,2,A,0,511220202050,20210717,4,74
5706,1,A,0,511020202050,20210717,4,75
5707,2,A,0,401020202050,20210717,4,76
5708,1,A,1,400820202050,20210717,4,77
5709,2,A,1,320820202050,20210717,4,78
5710,1,A,1,320620202050,20210717,4,79
5711,2,A,0,260620202050,20210717,4,80
5712,1,A,0,260520202050,20210717,4,81
5713,2,A,0,200520202050,20210717,4,82
5714,1,A,0,200420202050,20210717,4,83
5715,3,B,0,802020202050,20210717,4,84
5716,4,B,1,802016202050,20210717,4,85
5717,3,B,0,802016162050,20210717,4,86
5718,4,B,0,802012162050,20210717,4,87
5719,3,B,0,802012122050,20210717,4,88
5720,2,A,1,802020202050,20210717,4,89
5721,1,A,1,801620202050,20210717,4,90
5722,2,A,0,641620202050,20210717,4,91
5723,1,A,0,641220202050,20210717,4,92
5724,2,A,0,511220202050,20210717,4,93
5725,1,A,1,511020202050,20210717,4,94
5726,2,A,0,401020202050,20210717,4,95
5727,1,A,1,400820202050,20210717,4,96
5728,2,A,0,320820202050,20210717,4,97
5729,1,A,0,320620202050,20210717,4,98
5730,2,A,0,260620202050,20210717,4,99
5731,1,A,0,260520202050,20210717,4,100
5732,2,A,0,200520202050,20210717,4,101
5733,1,A,0,200420202050,20210717,4,102
5734,3,B,1,802020202050,20210717,4,103
5735,4,B,0,802016202050,20210717,4,104
5736,3,B,0,802016162050,20210717,4,105
5737,4,B,0,802012162050,20210717,4,106
5738,3,B,0,802012122050,20210717,4,107
5739,2,A,0,802020202050,20210717,4,108
5740,1,A,0,801620202050,20210717,4,109
5741,2,A,0,641620202050,20210717,4,110
5742,1,A,1,641220202050,20210717,4,111
5743,4,B,0,802020202050,20210717,4,112
5744,3,B,0,802020162050,20210717,4,113
5745,4,B,0,802016162050,20210717,4,114
5746,3,B,0,802016122050,20210717,4,115
5747,2,A,0,802020202050,20210717,4,116
5748,1,A,1,801620202050,20210717,4,117
5749,5,C,0,802020202050,20210717,4,118
5750,6,C,1,802020201650,20210717,4,119
5751,3,B,0,802020202050,20210717,4,120
5752,2,A,0,802020202050,20210717,4,121
5753,1,A,1,801620202050,20210717,4,122
5754,2,A,0,641620202050,20210717,4,123
5755,1,A,1,641220202050,20210717,4,124
5756,4,B,0,802020202050,20210717,4,125
5757,3,B,1,802020162050,20210717,4,126
5758,2,A,0,802020202050,20210717,4,127
5759,1,A,0,801620202050,20210717,4,128
5760,5,C,0,802020202050,20210717,4,129
5761,6,C,0,802020201650,20210717,4,130
5762,2,A,0,802020202050,20210717,4,131
5763,1,A,1,801620202050,20210717,4,132
5764,2,A,0,641620202050,20210717,4,133
5765,1,A,1,641220202050,20210717,4,134
5766,2,A,0,511220202050,20210717,4,135
5767,1,A,0,511020202050,20210717,4,136
5768,3,B,0,802020202050,20210717,4,137
5769,4,B,0,802016202050,20210717,4,138
5770,3,B,0,802016162050,20210717,4,139
5771,2,A,1,802020202050,20210717,4,140
5772,1,A,1,801620202050,20210717,4,141
5773,2,A,1,641620202050,20210717,4,142
5774,1,A,1,641220202050,20210717,4,143
5775,2,A,0,511220202050,20210717,4,144
5776,1,A,1,511020202050,20210717,4,145
5777,2,A,0,401020202050,20210717,4,146
5778,1,A,0,400820202050,20210717,4,147
5779,2,A,0,320820202050,20210717,4,148
5780,1,A,0,320620202050,20210717,4,149
5781,2,A,0,260620202050,20210717,4,150
5782,1,A,0,260520202050,20210717,4,151
5783,3,B,0,802020202050,20210717,4,152
5784,4,B,0,802016202050,20210717,4,153
5785,3,B,0,802016162050,20210717,4,154
5786,2,A,1,802020202050,20210717,4,155
5787,1,A,1,801620202050,20210717,4,156
5788,2,A,0,641620202050,20210717,4,157
5789,1,A,1,641220202050,20210717,4,158
5790,2,A,0,511220202050,20210717,4,159
5791,1,A,1,511020202050,20210717,4,160
5792,2,A,0,401020202050,20210717,4,161
5793,1,A,0,400820202050,20210717,4,162
5794,2,A,0,320820202050,20210717,4,163
5795,1,A,0,320620202050,20210717,4,164
5796,2,A,0,260620202050,20210717,4,165
5797,1,A,0,260520202050,20210717,4,166
5798,3,B,0,802020202050,20210717,4,167
5799,4,B,0,802016202050,20210717,4,168
5800,3,B,0,802016162050,20210717,4,169
5801,2,A,0,802020202050,20210717,4,170
5802,1,A,1,801620202050,20210717,4,171
5803,2,A,0,641620202050,20210717,4,172
5804,1,A,1,641220202050,20210717,4,173
5805,2,A,0,511220202050,20210717,4,174
5806,1,A,0,511020202050,20210717,4,175
5807,2,A,0,401020202050,20210717,4,176
5808,1,A,0,400820202050,20210717,4,177
5809,2,A,0,320820202050,20210717,4,178
5810,1,A,0,320620202050,20210717,4,179
5811,3,B,0,802020202050,20210717,4,180
5812,4,B,1,802016202050,20210717,4,181
5813,3,B,0,802016162050,20210717,4,182
5814,4,B,0,802012162050,20210717,4,183
5815,2,A,0,802020202050,20210717,4,184
5816,1,A,1,801620202050,20210717,4,185
5817,2,A,0,641620202050,20210717,4,186
5818,1,A,1,641220202050,20210717,4,187
5819,2,A,0,511220202050,20210717,4,188
5820,1,A,1,511020202050,20210717,4,189
5821,3,B,0,802020202050,20210717,4,190
5822,4,B,0,802016202050,20210717,4,191
5823,3,B,0,802016162050,20210717,4,192
5824,2,A,0,802020202050,20210717,4,193
5825,1,A,1,801620202050,20210717,4,194
5826,2,A,0,641620202050,20210717,4,195
5827,1,A,1,641220202050,20210717,4,196
5828,2,A,0,511220202050,20210717,4,197
5829,1,A,0,511020202050,20210717,4,198
5830,3,B,0,802020202050,20210717,4,199
5831,4,B,0,802016202050,20210717,4,200
5832,2,A,0,802020202050,20210717,4,201
5833,1,A,1,801620202050,20210717,4,202
5834,2,A,0,641620202050,20210717,4,203
5835,1,A,0,641220202050,20210717,4,204
5836,5,C,1,802020202050,20210717,4,205
5837,6,C,1,802020201650,20210717,4,206
5838,5,C,0,802020201640,20210717,4,207
5839,6,C,1,802020201240,20210717,4,208
5840,5,C,0,802020201232,20210717,4,209
5841,6,C,0,802020201032,20210717,4,210
5842,2,A,0,802020202050,20210717,4,211
5843,1,A,1,801620202050,20210717,4,212
5844,2,A,0,641620202050,20210717,4,213
5845,1,A,1,641220202050,20210717,4,214
5846,2,A,0,511220202050,20210717,4,215
5847,1,A,0,511020202050,20210717,4,216
5848,4,B,0,802020202050,20210717,4,217
5849,3,B,1,802020162050,20210717,4,218
5850,4,B,0,802016162050,20210717,4,219
5851,3,B,0,802016122050,20210717,4,220
5852,2,A,0,802020202050,20210717,4,221
5853,1,A,1,801620202050,20210717,4,222
5854,2,A,0,641620202050,20210717,4,223
5855,1,A,1,641220202050,20210717,4,224
5856,2,A,0,511220202050,20210717,4,225
5857,1,A,0,511020202050,20210717,4,226
5858,2,A,0,401020202050,20210717,4,227
5859,1,A,1,400820202050,20210717,4,228
5860,4,B,0,802020202050,20210717,4,229
5861,3,B,0,802020162050,20210717,4,230
5862,4,B,0,802016162050,20210717,4,231
5863,5,C,0,802020202050,20210717,4,232
5864,6,C,0,802020201650,20210717,4,233
5865,5,C,1,802020201640,20210717,4,234
5866,6,C,1,802020201240,20210717,4,235
5867,5,C,0,802020201232,20210717,4,236
5868,6,C,0,802020201032,20210717,4,237
5869,2,A,0,802020202050,20210717,4,238
5870,1,A,1,801620202050,20210717,4,239
5871,2,A,0,641620202050,20210717,4,240
5872,1,A,0,641220202050,20210717,4,241
5873,3,B,0,802020202050,20210717,4,242
5874,4,B,0,802016202050,20210717,4,243
5875,3,B,1,802016162050,20210717,4,244
5876,2,A,1,802020202050,20210717,4,245
5877,1,A,1,801620202050,20210717,4,246
5878,2,A,0,641620202050,20210717,4,247
5879,1,A,0,641220202050,20210717,4,248
5880,2,A,0,511220202050,20210717,4,249
5881,1,A,0,511020202050,20210717,4,250
5882,5,C,1,802020202050,20210717,4,251
5883,6,C,0,802020201650,20210717,4,252
5884,5,C,0,802020201640,20210717,4,253
5885,6,C,1,802020201240,20210717,4,254
5886,5,C,0,802020201232,20210717,4,255
5887,6,C,0,802020201032,20210717,4,256
5888,5,C,0,802020201025,20210717,4,257
5889,2,A,0,802020202050,20210717,4,258
5890,1,A,0,801620202050,20210717,4,259
5891,2,A,0,641620202050,20210717,4,260
5892,1,A,0,641220202050,20210717,4,261
5893,3,B,0,802020202050,20210717,4,262
5894,4,B,0,802016202050,20210717,4,263
5895,3,B,1,802016162050,20210717,4,264
5896,4,B,0,802012162050,20210717,4,265
5897,3,B,0,802012122050,20210717,4,266
5898,2,A,0,802020202050,20210717,4,267
5899,1,A,1,801620202050,20210717,4,268
5900,2,A,0,641620202050,20210717,4,269
5901,1,A,0,641220202050,20210717,4,270
5902,2,A,0,511220202050,20210717,4,271
5903,1,A,1,511020202050,20210717,4,272
5904,5,C,0,802020202050,20210717,4,273
5905,6,C,0,802020201650,20210717,4,274
5906,5,C,0,802020201640,20210717,4,275
5907,2,A,0,802020202050,20210717,4,276
5908,1,A,0,801620202050,20210717,4,277
5909,2,A,0,641620202050,20210717,4,278
5910,1,A,1,641220202050,20210717,4,279
5911,3,B,0,802020202050,20210717,4,280
5912,4,B,1,802016202050,20210717,4,281
5913,3,B,0,802016162050,20210717,4,282
5914,4,B,0,802012162050,20210717,4,283
5915,3,B,0,802012122050,20210717,4,284
5916,2,A,0,802020202050,20210717,4,285
5917,1,A,1,801620202050,20210717,4,286
5918,5,C,0,802020202050,20210717,4,287
5919,6,C,0,802020201650,20210717,4,288
5920,5,C,0,802020201640,20210717,4,289
5921,3,B,0,802020202050,20210717,4,290
5922,4,B,0,802016202050,20210717,4,291
5923,3,B,1,802016162050,20210717,4,292
5924,4,B,0,802012162050,20210717,4,293
5925,3,B,0,802012122050,20210717,4,294
5926,4,B,0,802010122050,20210717,4,295
5927,3,B,1,802010102050,20210717,4,296
5928,2,A,0,802020202050,20210717,4,297
5929,1,A,1,801620202050,20210717,4,298
5930,2,A,0,641620202050,20210717,4,299
5931,2,A,0,202020508050,20210717,5,0
5932,1,A,0,201620508050,20210717,5,1
5933,2,A,1,161620508050,20210717,5,2
5934,5,C,1,202020508050,20210717,5,3
5935,6,C,1,202020506450,20210717,5,4
5936,5,C,0,202020506440,20210717,5,5
5937,6,C,0,202020505140,20210717,5,6
5938,3,B,0,202020508050,20210717,5,7
5939,4,B,0,202016508050,20210717,5,8
5940,3,B,0,202016408050,20210717,5,9
5941,4,B,0,202012408050,20210717,5,10
5942,3,B,0,202012328050,20210717,5,11
5943,5,C,1,202020508050,20210717,5,12
5944,6,C,1,202020506450,20210717,5,13
5945,5,C,0,202020506440,20210717,5,14
5946,6,C,0,202020505140,20210717,5,15
5947,2,A,0,202020508050,20210717,5,16
5948,1,A,0,201620508050,20210717,5,17
5949,2,A,0,161620508050,20210717,5,18
5950,1,A,0,161220508050,20210717,5,19
5951,2,A,0,121220508050,20210717,5,20
5952,1,A,0,121020508050,20210717,5,21
5953,3,B,0,202020508050,20210717,5,22
5954,4,B,1,202016508050,20210717,5,23
5955,3,B,0,202016408050,20210717,5,24
5956,4,B,0,202012408050,20210717,5,25
5957,5,C,1,202020508050,20210717,5,26
5958,6,C,0,202020506450,20210717,5,27
5959,5,C,0,202020506440,20210717,5,28
5960,2,A,0,202020508050,20210717,5,29
5961,1,A,0,201620508050,20210717,5,30
5962,2,A,0,161620508050,20210717,5,31
5963,4,B,0,202020508050,20210717,5,32
5964,3,B,0,202020408050,20210717,5,33
5965,4,B,1,202016408050,20210717,5,34
5966,3,B,0,202016328050,20210717,5,35
5967,4,B,0,202012328050,20210717,5,36
5968,3,B,0,202012258050,20210717,5,37
5969,5,C,1,202020508050,20210717,5,38
5970,6,C,0,202020506450,20210717,5,39
5971,5,C,1,202020506440,20210717,5,40
5972,2,A,1,202020508050,20210717,5,41
5973,1,A,0,201620508050,20210717,5,42
5974,2,A,0,161620508050,20210717,5,43
5975,1,A,0,161220508050,20210717,5,44
5976,2,A,0,121220508050,20210717,5,45
5977,4,B,1,202020508050,20210717,5,46
5978,3,B,0,202020408050,20210717,5,47
5979,4,B,0,202016408050,20210717,5,48
5980,3,B,0,202016328050,20210717,5,49
5981,4,B,0,202012328050,20210717,5,50
5982,5,C,1,202020508050,20210717,5,51
5983,6,C,1,202020506450,20210717,5,52
5984,5,C,0,202020506440,20210717,5,53
5985,6,C,1,202020505140,20210717,5,54
5986,5,C,0,202020505132,20210717,5,55
5987,6,C,1,202020504032,20210717,5,56
5988,5,C,1,202020504025,20210717,5,57
5989,6,C,0,202020503225,20210717,5,58
5990,5,C,1,202020503220,20210717,5,59
5991,6,C,0,202020502620,20210717,5,60
5992,5,C,1,202020502616,20210717,5,61
5993,6,C,0,202020502016,20210717,5,62
5994,5,C,0,202020502013,20210717,5,63
5995,2,A,1,202020508050,20210717,5,64
5996,1,A,0,201620508050,20210717,5,65
5997,2,A,0,161620508050,20210717,5,66
5998,1,A,1,161220508050,20210717,5,67
5999,2,A,0,121220508050,20210717,5,68
6000,1,A,0,121020508050,20210717,5,69
6001,2,A,0,101020508050,20210717,5,70
6002,5,C,1,202020508050,20210717,5,71
6003,6,C,0,202020506450,20210717,5,72
6004,5,C,1,202020506440,20210717,5,73
6005,6,C,0,202020505140,20210717,5,74
6006,5,C,1,202020505132,20210717,5,75
6007,6,C,0,202020504032,20210717,5,76
6008,5,C,1,202020504025,20210717,5,77
6009,4,B,0,202020508050,20210717,5,78
6010,3,B,0,202020408050,20210717,5,79
6011,4,B,0,202016408050,20210717,5,80
6012,3,B,0,202016328050,20210717,5,81
6013,4,B,0,202012328050,20210717,5,82
6014,5,C,1,202020508050,20210717,5,83
6015,6,C,0,202020506450,20210717,5,84
6016,5,C,0,202020506440,20210717,5,85
6017,2,A,0,202020508050,20210717,5,86
6018,1,A,0,201620508050,20210717,5,87
6019,2,A,0,161620508050,20210717,5,88
6020,1,A,1,161220508050,20210717,5,89
6021,5,C,1,202020508050,20210717,5,90
6022,6,C,0,202020506450,20210717,5,91
6023,5,C,1,202020506440,20210717,5,92
6024,6,C,1,202020505140,20210717,5,93
6025,5,C,0,202020505132,20210717,5,94
6026,6,C,0,202020504032,20210717,5,95
6027,5,C,0,202020504025,20210717,5,96
6028,2,A,0,202020508050,20210717,5,97
6029,1,A,0,201620508050,20210717,5,98
6030,2,A,0,161620508050,20210717,5,99
6031,5,C,0,202020508050,20210717,5,100
6032,6,C,0,202020506450,20210717,5,101
6033,5,C,1,202020506440,20210717,5,102
6034,6,C,0,202020505140,20210717,5,103
6035,5,C,0,202020505132,20210717,5,104
6036,6,C,1,202020504032,20210717,5,105
6037,5,C,0,202020504025,20210717,5,106
6038,6,C,1,202020503225,20210717,5,107
6039,5,C,0,202020503220,20210717,5,108
6040,6,C,0,202020502620,20210717,5,109
6041,5,C,0,202020502616,20210717,5,110
6042,2,A,1,202020508050,20210717,5,111
6043,1,A,0,201620508050,20210717,5,112
6044,2,A,0,161620508050,20210717,5,113
6045,1,A,0,161220508050,20210717,5,114
6046,5,C,1,202020508050,20210717,5,115
6047,6,C,0,202020506450,20210717,5,116
6048,5,C,0,202020506440,20210717,5,117
6049,6,C,1,202020505140,20210717,5,118
6050,5,C,1,202020505132,20210717,5,119
6051,6,C,0,202020504032,20210717,5,120
6052,5,C,1,202020504025,20210717,5,121
6053,6,C,0,202020503225,20210717,5,122
6054,5,C,1,202020503220,20210717,5,123
6055,6,C,0,202020502620,20210717,5,124
6056,5,C,0,202020502616,20210717,5,125
6057,6,C,1,202020502016,20210717,5,126
6058,5,C,0,202020502013,20210717,5,127
6059,6,C,0,202020501613,20210717,5,128
6060,5,C,0,202020501610,20210717,5,129
6061,2,A,0,202020508050,20210717,5,130
6062,1,A,1,201620508050,20210717,5,131
6063,5,C,1,202020508050,20210717,5,132
6064,6,C,0,202020506450,20210717,5,133
6065,5,C,1,202020506440,20210717,5,134
6066,6,C,1,202020505140,20210717,5,135
6067,5,C,0,202020505132,20210717,5,136
6068,6,C,0,202020504032,20210717,5,137
6069,5,C,0,202020504025,20210717,5,138
6070,6,C,0,202020503225,20210717,5,139
6071,5,C,0,202020503220,20210717,5,140
6072,3,B,0,202020508050,20210717,5,141
6073,4,B,0,202016508050,20210717,5,142
6074,3,B,0,202016408050,20210717,5,143
6075,5,C,1,202020508050,20210717,5,144
6076,6,C,1,202020506450,20210717,5,145
6077,5,C,1,202020506440,20210717,5,146
6078,6,C,0,202020505140,20210717,5,147
6079,5,C,1,202020505132,20210717,5,148
6080,6,C,0,202020504032,20210717,5,149
6081,5,C,0,202020504025,20210717,5,150
6082,6,C,1,202020503225,20210717,5,151
6083,5,C,1,202020503220,20210717,5,152
6084,6,C,0,202020502620,20210717,5,153
6085,5,C,1,202020502616,20210717,5,154
6086,6,C,0,202020502016,20210717,5,155
6087,5,C,0,202020502013,20210717,5,156
6088,6,C,1,202020501613,20210717,5,157
6089,5,C,0,202020501610,20210717,5,158
6090,6,C,0,202020501310,20210717,5,159
6091,5,C,0,202020501308,20210717,5,160
6092,6,C,0,202020501008,20210717,5,161
6093,5,C,0,202020501006,20210717,5,162
6094,4,B,1,202020508050,20210717,5,163
6095,3,B,0,202020408050,20210717,5,164
6096,4,B,0,202016408050,20210717,5,165
6097,5,C,1,202020508050,20210717,5,166
6098,6,C,1,202020506450,20210717,5,167
6099,5,C,0,202020506440,20210717,5,168
6100,6,C,1,202020505140,20210717,5,169
6101,5,C,1,202020505132,20210717,5,170
6102,6,C,1,202020504032,20210717,5,171
6103,5,C,0,202020504025,20210717,5,172
6104,6,C,0,202020503225,20210717,5,173
6105,5,C,0,202020503220,20210717,5,174
6106,6,C,0,202020502620,20210717,5,175
6107,5,C,1,202020502616,20210717,5,176
6108,6,C,0,202020502016,20210717,5,177
6109,5,C,0,202020502013,20210717,5,178
6110,6,C,0,202020501613,20210717,5,179
6111,5,C,1,202020501610,20210717,5,180
6112,6,C,0,202020501310,20210717,5,181
6113,5,C,0,202020501308,20210717,5,182
6114,6,C,0,202020501008,20210717,5,183
6115,5,C,0,202020501006,20210717,5,184
6116,2,A,0,202020508050,20210717,5,185
6117,1,A,0,201620508050,20210717,5,186
6118,5,C,1,202020508050,20210717,5,187
6119,6,C,0,202020506450,20210717,5,188
6120,5,C,1,202020506440,20210717,5,189
6121,6,C,0,202020505140,20210717,5,190
6122,5,C,1,202020505132,20210717,5,191
6123,6,C,1,202020504032,20210717,5,192
6124,5,C,0,202020504025,20210717,5,193
6125,6,C,0,202020503225,20210717,5,194
6126,5,C,1,202020503220,20210717,5,195
6127,6,C,0,202020502620,20210717,5,196
6128,5,C,1,202020502616,20210717,5,197
6129,6,C,0,202020502016,20210717,5,198
6130,5,C,0,202020502013,20210717,5,199
6131,6,C,1,202020501613,20210717,5,200
6132,5,C,0,202020501610,20210717,5,201
6133,6,C,0,202020501310,20210717,5,202
6134,5,C,0,202020501308,20210717,5,203
6135,6,C,0,202020501008,20210717,5,204
6136,5,C,0,202020501006,20210717,5,205
6137,2,A,0,202020508050,20210717,5,206
6138,1,A,0,201620508050,20210717,5,207
6139,5,C,1,202020508050,20210717,5,208
6140,6,C,1,202020506450,20210717,5,209
6141,5,C,1,202020506440,20210717,5,210
6142,6,C,1,202020505140,20210717,5,211
6143,5,C,0,202020505132,20210717,5,212
6144,6,C,1,202020504032,20210717,5,213
6145,5,C,0,202020504025,20210717,5,214
6146,6,C,0,202020503225,20210717,5,215
6147,5,C,1,202020503220,20210717,5,216
6148,6,C,0,202020502620,20210717,5,217
6149,5,C,1,202020502616,20210717,5,218
6150,6,C,0,202020502016,20210717,5,219
6151,5,C,0,202020502013,20210717,5,220
6152,6,C,0,202020501613,20210717,5,221
6153,5,C,0,202020501610,20210717,5,222
6154,4,B,1,202020508050,20210717,5,223
6155,3,B,0,202020408050,20210717,5,224
6156,4,B,1,202016408050,20210717,5,225
6157,3,B,0,202016328050,20210717,5,226
6158,4,B,0,202012328050,20210717,5,227
6159,5,C,1,202020508050,20210717,5,228
6160,6,C,1,202020506450,20210717,5,229
6161,5,C,1,202020506440,20210717,5,230
6162,6,C,0,202020505140,20210717,5,231
6163,5,C,0,202020505132,20210717,5,232
6164,6,C,0,202020504032,20210717,5,233
6165,5,C,0,202020504025,20210717,5,234
6166,6,C,0,202020503225,20210717,5,235
6167,5,C,0,202020503220,20210717,5,236
6168,2,A,0,202020508050,20210717,5,237
6169,1,A,0,201620508050,20210717,5,238
6170,5,C,1,202020508050,20210717,5,239
6171,6,C,0,202020506450,20210717,5,240
6172,5,C,1,202020506440,20210717,5,241
6173,6,C,1,202020505140,20210717,5,242
6174,5,C,1,202020505132,20210717,5,243
6175,6,C,1,202020504032,20210717,5,244
6176,5,C,1,202020504025,20210717,5,245
6177,6,C,1,202020503225,20210717,5,246
6178,5,C,0,202020503220,20210717,5,247
6179,6,C,1,202020502620,20210717,5,248
6180,5,C,0,202020502616,20210717,5,249
6181,6,C,0,202020502016,20210717,5,250
6182,5,C,1,202020502013,20210717,5,251
6183,6,C,0,202020501613,20210717,5,252
6184,5,C,0,202020501610,20210717,5,253
6185,6,C,0,202020501310,20210717,5,254
6186,5,C,1,202020501308,20210717,5,255
6187,6,C,0,202020501008,20210717,5,256
6188,5,C,0,202020501006,20210717,5,257
6189,6,C,0,202020500806,20210717,5,258
6190,5,C,0,202020500805,20210717,5,259
6191,6,C,0,202020500605,20210717,5,260
6192,5,C,0,202020500604,20210717,5,261
6193,2,A,0,202020508050,20210717,5,262
6194,1,A,0,201620508050,20210717,5,263
6195,5,C,1,202020508050,20210717,5,264
6196,6,C,0,202020506450,20210717,5,265
6197,5,C,1,202020506440,20210717,5,266
6198,6,C,0,202020505140,20210717,5,267
6199,5,C,1,202020505132,20210717,5,268
6200,6,C,1,202020504032,20210717,5,269
6201,5,C,1,202020504025,20210717,5,270
6202,6,C,0,202020503225,20210717,5,271
6203,5,C,0,202020503220,20210717,5,272
6204,6,C,0,202020502620,20210717,5,273
6205,5,C,0,202020502616,20210717,5,274
6206,3,B,0,202020508050,20210717,5,275
6207,4,B,0,202016508050,20210717,5,276
6208,5,C,1,202020508050,20210717,5,277
6209,6,C,0,202020506450,20210717,5,278
6210,5,C,1,202020506440,20210717,5,279
6211,6,C,1,202020505140,20210717,5,280
6212,5,C,1,202020505132,20210717,5,281
6213,6,C,1,202020504032,20210717,5,282
6214,5,C,0,202020504025,20210717,5,283
6215,6,C,0,202020503225,20210717,5,284
6216,5,C,1,202020503220,20210717,5,285
6217,6,C,0,202020502620,20210717,5,286
6218,5,C,1,202020502616,20210717,5,287
6219,6,C,0,202020502016,20210717,5,288
6220,5,C,0,202020502013,20210717,5,289
6221,6,C,0,202020501613,20210717,5,290
6222,5,C,0,202020501610,20210717,5,291
6223,6,C,0,202020501310,20210717,5,292
6224,5,C,0,202020501308,20210717,5,293
6225,6,C,0,202020501008,20210717,5,294
6226,5,C,0,202020501006,20210717,5,295
6227,6,C,0,202020500806,20210717,5,296
6228,5,C,0,202020500805,20210717,5,297
6229,2,A,1,202020508050,20210717,5,298
6230,5,C,1,202020508050,20210717,5,299
6231,2,A,0,202080208050,20210718,1,0
6232,1,A,0,201680208050,20210718,1,1
6233,2,A,0,161680208050,20210718,1,2
6234,5,C,0,202080208050,20210718,1,3
6235,6,C,0,202080206450,20210718,1,4
6236,5,C,1,202080206440,20210718,1,5
6237,6,C,0,202080205140,20210718,1,6
6238,3,B,0,202080208050,20210718,1,7
6239,4,B,0,202064208050,20210718,1,8
6240,3,B,1,202064168050,20210718,1,9
6241,4,B,0,202051168050,20210718,1,10
6242,3,B,1,202051128050,20210718,1,11
6243,4,B,0,202040128050,20210718,1,12
6244,5,C,1,202080208050,20210718,1,13
6245,6,C,1,202080206450,20210718,1,14
6246,5,C,1,202080206440,20210718,1,15
6247,6,C,0,202080205140,20210718,1,16
6248,5,C,0,202080205132,20210718,1,17
6249,2,A,0,202080208050,20210718,1,18
6250,1,A,0,201680208050,20210718,1,19
6251,2,A,0,161680208050,20210718,1,20
6252,1,A,0,161280208050,20210718,1,21
6253,2,A,0,121280208050,20210718,1,22
6254,3,B,1,202080208050,20210718,1,23
6255,4,B,0,202064208050,20210718,1,24
6256,3,B,0,202064168050,20210718,1,25
6257,5,C,1,202080208050,20210718,1,26
6258,6,C,1,202080206450,20210718,1,27
6259,5,C,1,202080206440,20210718,1,28
6260,6,C,0,202080205140,20210718,1,29
6261,5,C,0,202080205132,20210718,1,30
6262,6,C,1,202080204032,20210718,1,31
6263,5,C,0,202080204025,20210718,1,32
6264,6,C,0,202080203225,20210718,1,33
6265,5,C,0,202080203220,20210718,1,34
6266,2,A,0,202080208050,20210718,1,35
6267,1,A,0,201680208050,20210718,1,36
6268,2,A,0,161680208050,20210718,1,37
6269,5,C,0,202080208050,20210718,1,38
6270,6,C,0,202080206450,20210718,1,39
6271,5,C,1,202080206440,20210718,1,40
6272,3,B,1,202080208050,20210718,1,41
6273,4,B,0,202064208050,20210718,1,42
6274,3,B,1,202064168050,20210718,1,43
6275,5,C,0,202080208050,20210718,1,44
6276,6,C,1,202080206450,20210718,1,45
6277,5,C,0,202080206440,20210718,1,46
6278,6,C,0,202080205140,20210718,1,47
6279,2,A,0,202080208050,20210718,1,48
6280,1,A,0,201680208050,20210718,1,49
6281,2,A,0,161680208050,20210718,1,50
6282,5,C,1,202080208050,20210718,1,51
6283,6,C,0,202080206450,20210718,1,52
6284,5,C,1,202080206440,20210718,1,53
6285,6,C,0,202080205140,20210718,1,54
6286,5,C,1,202080205132,20210718,1,55
6287,6,C,0,202080204032,20210718,1,56
6288,5,C,0,202080204025,20210718,1,57
6289,3,B,1,202080208050,20210718,1,58
6290,4,B,1,202064208050,20210718,1,59
6291,3,B,0,202064168050,20210718,1,60
6292,4,B,0,202051168050,20210718,1,61
6293,3,B,1,202051128050,20210718,1,62
6294,5,C,1,202080208050,20210718,1,63
6295,6,C,0,202080206450,20210718,1,64
6296,5,C,0,202080206440,20210718,1,65
6297,6,C,0,202080205140,20210718,1,66
6298,5,C,1,202080205132,20210718,1,67
6299,3,B,1,202080208050,20210718,1,68
6300,4,B,0,202064208050,20210718,1,69
6301,3,B,1,202064168050,20210718,1,70
6302,5,C,1,202080208050,20210718,1,71
6303,6,C,1,202080206450,20210718,1,72
6304,5,C,1,202080206440,20210718,1,73
6305,6,C,1,202080205140,20210718,1,74
6306,5,C,1,202080205132,20210718,1,75
6307,6,C,1,202080204032,20210718,1,76
6308,5,C,0,202080204025,20210718,1,77
6309,6,C,0,202080203225,20210718,1,78
6310,5,C,0,202080203220,20210718,1,79
6311,3,B,1,202080208050,20210718,1,80
6312,4,B,1,202064208050,20210718,1,81
6313,3,B,1,202064168050,20210718,1,82
6314,4,B,0,202051168050,20210718,1,83
6315,3,B,1,202051128050,20210718,1,84
6316,5,C,1,202080208050,20210718,1,85
6317,6,C,0,202080206450,20210718,1,86
6318,5,C,0,202080206440,20210718,1,87
6319,6,C,1,202080205140,20210718,1,88
6320,5,C,0,202080205132,20210718,1,89
6321,6,C,0,202080204032,20210718,1,90
6322,5,C,1,202080204025,20210718,1,91
6323,3,B,1,202080208050,20210718,1,92
6324,4,B,0,202064208050,20210718,1,93
6325,3,B,1,202064168050,20210718,1,94
6326,5,C,1,202080208050,20210718,1,95
6327,6,C,0,202080206450,20210718,1,96
6328,5,C,1,202080206440,20210718,1,97
6329,6,C,0,202080205140,20210718,1,98
6330,5,C,1,202080205132,20210718,1,99
6331,6,C,0,202080204032,20210718,1,100
6332,5,C,1,202080204025,20210718,1,101
6333,2,A,0,202080208050,20210718,1,102
6334,1,A,0,201680208050,20210718,1,103
6335,5,C,1,202080208050,20210718,1,104
6336,6,C,1,202080206450,20210718,1,105
6337,5,C,0,202080206440,20210718,1,106
6338,6,C,0,202080205140,20210718,1,107
6339,5,C,0,202080205132,20210718,1,108
6340,3,B,0,202080208050,20210718,1,109
6341,4,B,1,202064208050,20210718,1,110
6342,3,B,1,202064168050,20210718,1,111
6343,4,B,0,202051168050,20210718,1,112
6344,3,B,0,202051128050,20210718,1,113
6345,5,C,1,202080208050,20210718,1,114
6346,6,C,1,202080206450,20210718,1,115
6347,5,C,1,202080206440,20210718,1,116
6348,6,C,1,202080205140,20210718,1,117
6349,5,C,0,202080205132,20210718,1,118
6350,6,C,0,202080204032,20210718,1,119
6351,5,C,1,202080204025,20210718,1,120
6352,3,B,0,202080208050,20210718,1,121
6353,4,B,1,202064208050,20210718,1,122
6354,3,B,0,202064168050,20210718,1,123
6355,4,B,0,202051168050,20210718,1,124
6356,3,B,0,202051128050,20210718,1,125
6357,5,C,1,202080208050,20210718,1,126
6358,6,C,0,202080206450,20210718,1,127
6359,5,C,1,202080206440,20210718,1,128
6360,6,C,0,202080205140,20210718,1,129
6361,5,C,0,202080205132,20210718,1,130
6362,6,C,0,202080204032,20210718,1,131
6363,5,C,1,202080204025,20210718,1,132
6364,3,B,1,202080208050,20210718,1,133
6365,5,C,1,202080208050,20210718,1,134
6366,6,C,0,202080206450,20210718,1,135
6367,5,C,1,202080206440,20210718,1,136
6368,6,C,1,202080205140,20210718,1,137
6369,5,C,0,202080205132,20210718,1,138
6370,6,C,1,202080204032,20210718,1,139
6371,5,C,1,202080204025,20210718,1,140
6372,6,C,0,202080203225,20210718,1,141
6373,5,C,0,202080203220,20210718,1,142
6374,6,C,0,202080202620,20210718,1,143
6375,5,C,1,202080202616,20210718,1,144
6376,3,B,1,202080208050,20210718,1,145
6377,4,B,1,202064208050,20210718,1,146
6378,3,B,0,202064168050,20210718,1,147
6379,4,B,0,202051168050,20210718,1,148
6380,3,B,1,202051128050,20210718,1,149
6381,5,C,1,202080208050,20210718,1,150
6382,6,C,1,202080206450,20210718,1,151
6383,5,C,1,202080206440,20210718,1,152
6384,6,C,0,202080205140,20210718,1,153
6385,5,C,0,202080205132,20210718,1,154
6386,6,C,1,202080204032,20210718,1,155
6387,5,C,1,202080204025,20210718,1,156
6388,6,C,1,202080203225,20210718,1,157
6389,5,C,0,202080203220,20210718,1,158
6390,6,C,0,202080202620,20210718,1,159
6391,5,C,0,202080202616,20210718,1,160
6392,3,B,1,202080208050,20210718,1,161
6393,4,B,0,202064208050,20210718,1,162
6394,3,B,0,202064168050,20210718,1,163
6395,4,B,0,202051168050,20210718,1,164
6396,3,B,0,202051128050,20210718,1,165
6397,5,C,1,202080208050,20210718,1,166
6398,6,C,0,202080206450,20210718,1,167
6399,5,C,0,202080206440,20210718,1,168
6400,6,C,1,202080205140,20210718,1,169
6401,5,C,1,202080205132,20210718,1,170
6402,6,C,0,202080204032,20210718,1,171
6403,5,C,1,202080204025,20210718,1,172
6404,6,C,0,202080203225,20210718,1,173
6405,5,C,0,202080203220,20210718,1,174
6406,6,C,0,202080202620,20210718,1,175
6407,5,C,0,202080202616,20210718,1,176
6408,3,B,1,202080208050,20210718,1,177
6409,5,C,1,202080208050,20210718,1,178
6410,6,C,0,202080206450,20210718,1,179
6411,5,C,1,202080206440,20210718,1,180
6412,6,C,0,202080205140,20210718,1,181
6413,5,C,1,202080205132,20210718,1,182
6414,6,C,0,202080204032,20210718,1,183
6415,5,C,0,202080204025,20210718,1,184
6416,3,B,1,202080208050,20210718,1,185
6417,5,C,1,202080208050,20210718,1,186
6418,6,C,0,202080206450,20210718,1,187
6419,5,C,1,202080206440,20210718,1,188
6420,6,C,0,202080205140,20210718,1,189
6421,5,C,1,202080205132,20210718,1,190
6422,3,B,0,202080208050,20210718,1,191
6423,4,B,1,202064208050,20210718,1,192
6424,3,B,1,202064168050,20210718,1,193
6425,5,C,1,202080208050,20210718,1,194
6426,6,C,0,202080206450,20210718,1,195
6427,5,C,0,202080206440,20210718,1,196
6428,6,C,1,202080205140,20210718,1,197
6429,5,C,1,202080205132,20210718,1,198
6430,6,C,1,202080204032,20210718,1,199
6431,5,C,0,202080204025,20210718,1,200
6432,6,C,0,202080203225,20210718,1,201
6433,5,C,1,202080203220,20210718,1,202
6434,3,B,1,202080208050,20210718,1,203
6435,5,C,0,202080208050,20210718,1,204
6436,6,C,1,202080206450,20210718,1,205
6437,5,C,1,202080206440,20210718,1,206
6438,6,C,0,202080205140,20210718,1,207
6439,5,C,0,202080205132,20210718,1,208
6440,3,B,1,202080208050,20210718,1,209
6441,4,B,0,202064208050,20210718,1,210
6442,3,B,0,202064168050,20210718,1,211
6443,4,B,0,202051168050,20210718,1,212
6444,3,B,1,202051128050,20210718,1,213
6445,5,C,1,202080208050,20210718,1,214
6446,6,C,1,202080206450,20210718,1,215
6447,5,C,1,202080206440,20210718,1,216
6448,6,C,0,202080205140,20210718,1,217
6449,5,C,1,202080205132,20210718,1,218
6450,6,C,1,202080204032,20210718,1,219
6451,5,C,0,202080204025,20210718,1,220
6452,6,C,0,202080203225,20210718,1,221
6453,5,C,0,202080203220,20210718,1,222
6454,3,B,1,202080208050,20210718,1,223
6455,4,B,1,202064208050,20210718,1,224
6456,3,B,1,202064168050,20210718,1,225
6457,4,B,0,202051168050,20210718,1,226
6458,3,B,1,202051128050,20210718,1,227
6459,5,C,0,202080208050,20210718,1,228
6460,6,C,1,202080206450,20210718,1,229
6461,5,C,1,202080206440,20210718,1,230
6462,6,C,1,202080205140,20210718,1,231
6463,5,C,0,202080205132,20210718,1,232
6464,6,C,0,202080204032,20210718,1,233
6465,5,C,0,202080204025,20210718,1,234
6466,3,B,1,202080208050,20210718,1,235
6467,4,B,0,202064208050,20210718,1,236
6468,3,B,1,202064168050,20210718,1,237
6469,5,C,1,202080208050,20210718,1,238
6470,6,C,1,202080206450,20210718,1,239
6471,5,C,1,202080206440,20210718,1,240
6472,6,C,1,202080205140,20210718,1,241
6473,5,C,0,202080205132,20210718,1,242
6474,6,C,1,202080204032,20210718,1,243
6475,5,C,1,202080204025,20210718,1,244
6476,6,C,0,202080203225,20210718,1,245
6477,5,C,1,202080203220,20210718,1,246
6478,6,C,1,202080202620,20210718,1,247
6479,5,C,1,202080202616,20210718,1,248
6480,6,C,0,202080202016,20210718,1,249
6481,5,C,0,202080202013,20210718,1,250
6482,6,C,0,202080201613,20210718,1,251
6483,5,C,0,202080201610,20210718,1,252
6484,3,B,1,202080208050,20210718,1,253
6485,4,B,0,202064208050,20210718,1,254
6486,3,B,1,202064168050,20210718,1,255
6487,5,C,1,202080208050,20210718,1,256
6488,6,C,0,202080206450,20210718,1,257
6489,5,C,0,202080206440,20210718,1,258
6490,6,C,1,202080205140,20210718,1,259
6491,5,C,1,202080205132,20210718,1,260
6492,6,C,1,202080204032,20210718,1,261
6493,5,C,1,202080204025,20210718,1,262
6494,6,C,0,202080203225,20210718,1,263
6495,5,C,0,202080203220,20210718,1,264
6496,6,C,1,202080202620,20210718,1,265
6497,5,C,0,202080202616,20210718,1,266
6498,6,C,1,202080202016,20210718,1,267
6499,5,C,0,202080202013,20210718,1,268
6500,6,C,1,202080201613,20210718,1,269
6501,5,C,0,202080201610,20210718,1,270
6502,6,C,0,202080201310,20210718,1,271
6503,5,C,0,202080201308,20210718,1,272
6504,3,B,0,202080208050,20210718,1,273
6505,5,C,1,202080208050,20210718,1,274
6506,6,C,1,202080206450,20210718,1,275
6507,5,C,1,202080206440,20210718,1,276
6508,6,C,0,202080205140,20210718,1,277
6509,5,C,1,202080205132,20210718,1,278
6510,6,C,0,202080204032,20210718,1,279
6511,5,C,0,202080204025,20210718,1,280
6512,6,C,0,202080203225,20210718,1,281
6513,5,C,1,202080203220,20210718,1,282
6514,6,C,0,202080202620,20210718,1,283
6515,5,C,0,202080202616,20210718,1,284
6516,6,C,0,202080202016,20210718,1,285
6517,5,C,0,202080202013,20210718,1,286
6518,3,B,0,202080208050,20210718,1,287
6519,5,C,0,202080208050,20210718,1,288
6520,6,C,0,202080206450,20210718,1,289
6521,5,C,1,202080206440,20210718,1,290
6522,6,C,1,202080205140,20210718,1,291
6523,5,C,0,202080205132,20210718,1,292
6524,6,C,0,202080204032,20210718,1,293
6525,5,C,0,202080204025,20210718,1,294
6526,3,B,1,202080208050,20210718,1,295
6527,5,C,1,202080208050,20210718,1,296
6528,6,C,0,202080206450,20210718,1,297
6529,5,C,1,202080206440,20210718,1,298
6530,6,C,1,202080205140,20210718,1,299
6531,3,B,0,202020805020,20210718,2,0
6532,4,B,1,202016805020,20210718,2,1
6533,5,C,0,202020805020,20210718,2,2
6534,6,C,1,202020804020,20210718,2,3
6535,5,C,1,202020804016,20210718,2,4
6536,6,C,0,202020803216,20210718,2,5
6537,2,A,0,202020805020,20210718,2,6
6538,1,A,0,201620805020,20210718,2,7
6539,2,A,0,161620805020,20210718,2,8
6540,1,A,1,161220805020,20210718,2,9
6541,4,B,1,202020805020,20210718,2,10
6542,3,B,0,202020645020,20210718,2,11
6543,4,B,1,202016645020,20210718,2,12
6544,3,B,1,202016515020,20210718,2,13
6545,4,B,0,202012515020,20210718,2,14
6546,3,B,0,202012405020,20210718,2,15
6547,5,C,0,202020805020,20210718,2,16
6548,6,C,0,202020804020,20210718,2,17
6549,5,C,0,202020804016,20210718,2,18
6550,6,C,0,202020803216,20210718,2,19
6551,5,C,0,202020803212,20210718,2,20
6552,3,B,0,202020805020,20210718,2,21
6553,4,B,1,202016805020,20210718,2,22
6554,3,B,0,202016645020,20210718,2,23
6555,4,B,1,202012645020,20210718,2,24
6556,3,B,0,202012515020,20210718,2,25
6557,4,B,1,202010515020,20210718,2,26
6558,5,C,1,202020805020,20210718,2,27
6559,6,C,0,202020804020,20210718,2,28
6560,5,C,0,202020804016,20210718,2,29
6561,6,C,0,202020803216,20210718,2,30
6562,5,C,0,202020803212,20210718,2,31
6563,4,B,0,202020805020,20210718,2,32
6564,3,B,0,202020645020,20210718,2,33
6565,4,B,1,202016645020,20210718,2,34
6566,3,B,0,202016515020,20210718,2,35
6567,4,B,1,202012515020,20210718,2,36
6568,3,B,0,202012405020,20210718,2,37
6569,4,B,0,202010405020,20210718,2,38
6570,5,C,1,202020805020,20210718,2,39
6571,6,C,0,202020804020,20210718,2,40
6572,5,C,1,202020804016,20210718,2,41
6573,6,C,1,202020803216,20210718,2,42
6574,5,C,0,202020803212,20210718,2,43
6575,6,C,1,202020802512,20210718,2,44
6576,5,C,1,202020802510,20210718,2,45
6577,6,C,0,202020802010,20210718,2,46
6578,5,C,0,202020802008,20210718,2,47
6579,6,C,0,202020801608,20210718,2,48
6580,5,C,0,202020801606,20210718,2,49
6581,4,B,1,202020805020,20210718,2,50
6582,3,B,0,202020645020,20210718,2,51
6583,4,B,1,202016645020,20210718,2,52
6584,3,B,1,202016515020,20210718,2,53
6585,4,B,1,202012515020,20210718,2,54
6586,3,B,0,202012405020,20210718,2,55
6587,4,B,1,202010405020,20210718,2,56
6588,3,B,0,202010325020,20210718,2,57
6589,4,B,0,202008325020,20210718,2,58
6590,5,C,1,202020805020,20210718,2,59
6591,6,C,1,202020804020,20210718,2,60
6592,5,C,1,202020804016,20210718,2,61
6593,6,C,0,202020803216,20210718,2,62
6594,5,C,0,202020803212,20210718,2,63
6595,6,C,0,202020802512,20210718,2,64
6596,5,C,0,202020802510,20210718,2,65
6597,4,B,1,202020805020,20210718,2,66
6598,3,B,0,202020645020,20210718,2,67
6599,4,B,1,202016645020,20210718,2,68
6600,3,B,0,202016515020,20210718,2,69
6601,4,B,0,202012515020,20210718,2,70
6602,3,B,0,202012405020,20210718,2,71
6603,4,B,0,202010405020,20210718,2,72
6604,5,C,0,202020805020,20210718,2,73
6605,6,C,0,202020804020,20210718,2,74
6606,5,C,0,202020804016,20210718,2,75
6607,4,B,1,202020805020,20210718,2,76
6608,3,B,1,202020645020,20210718,2,77
6609,4,B,1,202016645020,20210718,2,78
6610,3,B,0,202016515020,20210718,2,79
6611,4,B,0,202012515020,20210718,2,80
6612,3,B,0,202012405020,20210718,2,81
6613,4,B,1,202010405020,20210718,2,82
6614,5,C,1,202020805020,20210718,2,83
6615,6,C,0,202020804020,20210718,2,84
6616,5,C,0,202020804016,20210718,2,85
6617,4,B,1,202020805020,20210718,2,86
6618,3,B,0,202020645020,20210718,2,87
6619,4,B,1,202016645020,20210718,2,88
6620,3,B,0,202016515020,20210718,2,89
6621,4,B,0,202012515020,20210718,2,90
6622,5,C,1,202020805020,20210718,2,91
6623,6,C,0,202020804020,20210718,2,92
6624,5,C,0,202020804016,20210718,2,93
6625,6,C,0,202020803216,20210718,2,94
6626,5,C,0,202020803212,20210718,2,95
6627,4,B,1,202020805020,20210718,2,96
6628,3,B,0,202020645020,20210718,2,97
6629,4,B,0,202016645020,20210718,2,98
6630,3,B,0,202016515020,20210718,2,99
6631,4,B,1,202012515020,20210718,2,100
6632,5,C,1,202020805020,20210718,2,101
6633,4,B,1,202020805020,20210718,2,102
6634,3,B,0,202020645020,20210718,2,103
6635,4,B,1,202016645020,20210718,2,104
6636,5,C,1,202020805020,20210718,2,105
6637,4,B,1,202020805020,20210718,2,106
6638,3,B,0,202020645020,20210718,2,107
6639,4,B,0,202016645020,20210718,2,108
6640,3,B,0,202016515020,20210718,2,109
6641,4,B,1,202012515020,20210718,2,110
6642,5,C,1,202020805020,20210718,2,111
6643,6,C,0,202020804020,20210718,2,112
6644,5,C,1,202020804016,20210718,2,113
6645,4,B,1,202020805020,20210718,2,114
6646,3,B,1,202020645020,20210718,2,115
6647,4,B,1,202016645020,20210718,2,116
6648,3,B,0,202016515020,20210718,2,117
6649,4,B,0,202012515020,20210718,2,118
6650,5,C,0,202020805020,20210718,2,119
6651,4,B,1,202020805020,20210718,2,120
6652,3,B,0,202020645020,20210718,2,121
6653,4,B,1,202016645020,20210718,2,122
6654,5,C,1,202020805020,20210718,2,123
6655,4,B,0,202020805020,20210718,2,124
6656,3,B,0,202020645020,20210718,2,125
6657,4,B,1,202016645020,20210718,2,126
6658,3,B,0,202016515020,20210718,2,127
6659,4,B,1,202012515020,20210718,2,128
6660,5,C,0,202020805020,20210718,2,129
6661,6,C,0,202020804020,20210718,2,130
6662,5,C,0,202020804016,20210718,2,131
6663,4,B,1,202020805020,20210718,2,132
6664,3,B,0,202020645020,20210718,2,133
6665,4,B,0,202016645020,20210718,2,134
6666,5,C,1,202020805020,20210718,2,135
6667,6,C,1,202020804020,20210718,2,136
6668,5,C,0,202020804016,20210718,2,137
6669,6,C,0,202020803216,20210718,2,138
6670,5,C,0,202020803212,20210718,2,139
6671,4,B,1,202020805020,20210718,2,140
6672,3,B,0,202020645020,20210718,2,141
6673,4,B,0,202016645020,20210718,2,142
6674,5,C,1,202020805020,20210718,2,143
6675,6,C,0,202020804020,20210718,2,144
6676,5,C,0,202020804016,20210718,2,145
6677,4,B,1,202020805020,20210718,2,146
6678,3,B,0,202020645020,20210718,2,147
6679,4,B,1,202016645020,20210718,2,148
6680,5,C,1,202020805020,20210718,2,149
6681,6,C,0,202020804020,20210718,2,150
6682,5,C,0,202020804016,20210718,2,151
6683,4,B,1,202020805020,20210718,2,152
6684,3,B,0,202020645020,20210718,2,153
6685,4,B,1,202016645020,20210718,2,154
6686,5,C,0,202020805020,20210718,2,155
6687,4,B,1,202020805020,20210718,2,156
6688,5,C,1,202020805020,20210718,2,157
6689,4,B,1,202020805020,20210718,2,158
6690,3,B,0,202020645020,20210718,2,159
6691,4,B,1,202016645020,20210718,2,160
6692,5,C,0,202020805020,20210718,2,161
6693,6,C,1,202020804020,20210718,2,162
6694,5,C,0,202020804016,20210718,2,163
6695,6,C,0,202020803216,20210718,2,164
6696,5,C,0,202020803212,20210718,2,165
6697,4,B,1,202020805020,20210718,2,166
6698,3,B,0,202020645020,20210718,2,167
6699,4,B,1,202016645020,20210718,2,168
6700,5,C,0,202020805020,20210718,2,169
6701,4,B,1,202020805020,20210718,2,170
6702,3,B,1,202020645020,20210718,2,171
6703,4,B,1,202016645020,20210718,2,172
6704,3,B,0,202016515020,20210718,2,173
6705,4,B,0,202012515020,20210718,2,174
6706,5,C,1,202020805020,20210718,2,175
6707,6,C,1,202020804020,20210718,2,176
6708,5,C,0,202020804016,20210718,2,177
6709,6,C,0,202020803216,20210718,2,178
6710,5,C,1,202020803212,20210718,2,179
6711,4,B,1,202020805020,20210718,2,180
6712,3,B,0,202020645020,20210718,2,181
6713,4,B,0,202016645020,20210718,2,182
6714,5,C,1,202020805020,20210718,2,183
6715,6,C,0,202020804020,20210718,2,184
6716,5,C,1,202020804016,20210718,2,185
6717,6,C,1,202020803216,20210718,2,186
6718,5,C,1,202020803212,20210718,2,187
6719,6,C,0,202020802512,20210718,2,188
6720,5,C,0,202020802510,20210718,2,189
6721,4,B,1,202020805020,20210718,2,190
6722,3,B,0,202020645020,20210718,2,191
6723,4,B,1,202016645020,20210718,2,192
6724,3,B,0,202016515020,20210718,2,193
6725,4,B,1,202012515020,20210718,2,194
6726,5,C,0,202020805020,20210718,2,195
6727,6,C,1,202020804020,20210718,2,196
6728,5,C,0,202020804016,20210718,2,197
6729,6,C,0,202020803216,20210718,2,198
6730,5,C,0,202020803212,20210718,2,199
6731,4,B,0,202020805020,20210718,2,200
6732,3,B,0,202020645020,20210718,2,201
6733,4,B,1,202016645020,20210718,2,202
6734,5,C,0,202020805020,20210718,2,203
6735,6,C,0,202020804020,20210718,2,204
6736,5,C,1,202020804016,20210718,2,205
6737,6,C,0,202020803216,20210718,2,206
6738,5,C,0,202020803212,20210718,2,207
6739,4,B,1,202020805020,20210718,2,208
6740,3,B,0,202020645020,20210718,2,209
6741,4,B,0,202016645020,20210718,2,210
6742,5,C,0,202020805020,20210718,2,211
6743,6,C,1,202020804020,20210718,2,212
6744,5,C,0,202020804016,20210718,2,213
6745,6,C,1,202020803216,20210718,2,214
6746,5,C,0,202020803212,20210718,2,215
6747,4,B,1,202020805020,20210718,2,216
6748,5,C,0,202020805020,20210718,2,217
6749,6,C,0,202020804020,20210718,2,218
6750,5,C,1,202020804016,20210718,2,219
6751,6,C,0,202020803216,20210718,2,220
6752,5,C,0,202020803212,20210718,2,221
6753,4,B,1,202020805020,20210718,2,222
6754,3,B,0,202020645020,20210718,2,223
6755,4,B,1,202016645020,20210718,2,224
6756,5,C,1,202020805020,20210718,2,225
6757,6,C,0,202020804020,20210718,2,226
6758,5,C,0,202020804016,20210718,2,227
6759,6,C,0,202020803216,20210718,2,228
6760,5,C,0,202020803212,20210718,2,229
6761,4,B,1,202020805020,20210718,2,230
6762,3,B,0,202020645020,20210718,2,231
6763,4,B,1,202016645020,20210718,2,232
6764,5,C,1,202020805020,20210718,2,233
6765,6,C,0,202020804020,20210718,2,234
6766,5,C,0,202020804016,20210718,2,235
6767,4,B,1,202020805020,20210718,2,236
6768,3,B,0,202020645020,20210718,2,237
6769,4,B,1,202016645020,20210718,2,238
6770,5,C,1,202020805020,20210718,2,239
6771,6,C,0,202020804020,20210718,2,240
6772,5,C,0,202020804016,20210718,2,241
6773,4,B,0,202020805020,20210718,2,242
6774,3,B,0,202020645020,20210718,2,243
6775,4,B,1,202016645020,20210718,2,244
6776,5,C,0,202020805020,20210718,2,245
6777,6,C,0,202020804020,20210718,2,246
6778,5,C,1,202020804016,20210718,2,247
6779,6,C,0,202020803216,20210718,2,248
6780,5,C,1,202020803212,20210718,2,249
6781,4,B,1,202020805020,20210718,2,250
6782,3,B,0,202020645020,20210718,2,251
6783,4,B,1,202016645020,20210718,2,252
6784,5,C,1,202020805020,20210718,2,253
6785,6,C,0,202020804020,20210718,2,254
6786,5,C,1,202020804016,20210718,2,255
6787,4,B,1,202020805020,20210718,2,256
6788,3,B,1,202020645020,20210718,2,257
6789,4,B,0,202016645020,20210718,2,258
6790,3,B,0,202016515020,20210718,2,259
6791,4,B,0,202012515020,20210718,2,260
6792,5,C,0,202020805020,20210718,2,261
6793,6,C,0,202020804020,20210718,2,262
6794,5,C,0,202020804016,20210718,2,263
6795,4,B,1,202020805020,20210718,2,264
6796,3,B,0,202020645020,20210718,2,265
6797,4,B,1,202016645020,20210718,2,266
6798,5,C,1,202020805020,20210718,2,267
6799,6,C,0,202020804020,20210718,2,268
6800,5,C,0,202020804016,20210718,2,269
6801,4,B,1,202020805020,20210718,2,270
6802,3,B,0,202020645020,20210718,2,271
6803,4,B,0,202016645020,20210718,2,272
6804,5,C,0,202020805020,20210718,2,273
6805,6,C,1,202020804020,20210718,2,274
6806,5,C,0,202020804016,20210718,2,275
6807,4,B,1,202020805020,20210718,2,276
6808,5,C,1,202020805020,20210718,2,277
6809,6,C,0,202020804020,20210718,2,278
6810,5,C,0,202020804016,20210718,2,279
6811,4,B,1,202020805020,20210718,2,280
6812,3,B,0,202020645020,20210718,2,281
6813,4,B,1,202016645020,20210718,2,282
6814,5,C,1,202020805020,20210718,2,283
6815,6,C,1,202020804020,20210718,2,284
6816,5,C,0,202020804016,20210718,2,285
6817,4,B,1,202020805020,20210718,2,286
6818,3,B,0,202020645020,20210718,2,287
6819,4,B,1,202016645020,20210718,2,288
6820,5,C,1,202020805020,20210718,2,289
6821,6,C,1,202020804020,20210718,2,290
6822,5,C,0,202020804016,20210718,2,291
6823,6,C,0,202020803216,20210718,2,292
6824,5,C,0,202020803212,20210718,2,293
6825,4,B,1,202020805020,20210718,2,294
6826,3,B,0,202020645020,20210718,2,295
6827,4,B,1,202016645020,20210718,2,296
6828,5,C,0,202020805020,20210718,2,297
6829,6,C,0,202020804020,20210718,2,298
6830,5,C,1,202020804016,20210718,2,299
6831,1,A,1,805020202050,20210718,3,0
6832,2,A,1,645020202050,20210718,3,1
6833,1,A,1,644020202050,20210718,3,2
6834,2,A,1,514020202050,20210718,3,3
6835,5,C,1,805020202050,20210718,3,4
6836,6,C,1,805020201650,20210718,3,5
6837,5,C,0,805020201640,20210718,3,6
6838,6,C,0,805020201240,20210718,3,7
6839,3,B,0,805020202050,20210718,3,8
6840,4,B,1,805016202050,20210718,3,9
6841,3,B,0,805016162050,20210718,3,10
6842,4,B,0,805012162050,20210718,3,11
6843,5,C,1,805020202050,20210718,3,12
6844,6,C,0,805020201650,20210718,3,13
6845,5,C,0,805020201640,20210718,3,14
6846,2,A,0,805020202050,20210718,3,15
6847,1,A,1,804020202050,20210718,3,16
6848,2,A,0,644020202050,20210718,3,17
6849,1,A,1,643220202050,20210718,3,18
6850,2,A,1,513220202050,20210718,3,19
6851,1,A,1,512520202050,20210718,3,20
6852,2,A,0,402520202050,20210718,3,21
6853,1,A,0,402020202050,20210718,3,22
6854,2,A,0,322020202050,20210718,3,23
6855,5,C,0,805020202050,20210718,3,24
6856,6,C,1,805020201650,20210718,3,25
6857,4,B,0,805020202050,20210718,3,26
6858,3,B,0,805020162050,20210718,3,27
6859,4,B,0,805016162050,20210718,3,28
6860,5,C,0,805020202050,20210718,3,29
6861,6,C,0,805020201650,20210718,3,30
6862,2,A,0,805020202050,20210718,3,31
6863,1,A,0,804020202050,20210718,3,32
6864,2,A,1,644020202050,20210718,3,33
6865,1,A,1,643220202050,20210718,3,34
6866,2,A,1,513220202050,20210718,3,35
6867,1,A,0,512520202050,20210718,3,36
6868,2,A,1,402520202050,20210718,3,37
6869,1,A,1,402020202050,20210718,3,38
6870,2,A,0,322020202050,20210718,3,39
6871,1,A,0,321620202050,20210718,3,40
6872,2,A,0,261620202050,20210718,3,41
6873,6,C,0,805020202050,20210718,3,42
6874,5,C,0,805020202040,20210718,3,43
6875,2,A,1,805020202050,20210718,3,44
6876,1,A,1,804020202050,20210718,3,45
6877,2,A,1,644020202050,20210718,3,46
6878,1,A,0,643220202050,20210718,3,47
6879,2,A,0,513220202050,20210718,3,48
6880,1,A,0,512520202050,20210718,3,49
6881,2,A,0,402520202050,20210718,3,50
6882,1,A,0,402020202050,20210718,3,51
6883,3,B,0,805020202050,20210718,3,52
6884,4,B,0,805016202050,20210718,3,53
6885,3,B,0,805016162050,20210718,3,54
6886,4,B,1,805012162050,20210718,3,55
6887,5,C,0,805020202050,20210718,3,56
6888,6,C,0,805020201650,20210718,3,57
6889,5,C,0,805020201640,20210718,3,58
6890,2,A,1,805020202050,20210718,3,59
6891,1,A,0,804020202050,20210718,3,60
6892,2,A,0,644020202050,20210718,3,61
6893,1,A,1,643220202050,20210718,3,62
6894,2,A,1,513220202050,20210718,3,63
6895,1,A,1,512520202050,20210718,3,64
6896,2,A,0,402520202050,20210718,3,65
6897,1,A,1,402020202050,20210718,3,66
6898,2,A,1,322020202050,20210718,3,67
6899,1,A,0,321620202050,20210718,3,68
6900,2,A,0,261620202050,20210718,3,69
6901,1,A,0,261320202050,20210718,3,70
6902,2,A,0,201320202050,20210718,3,71
6903,4,B,0,805020202050,20210718,3,72
6904,3,B,0,805020162050,20210718,3,73
6905,4,B,0,805016162050,20210718,3,74
6906,5,C,0,805020202050,20210718,3,75
6907,6,C,0,805020201650,20210718,3,76
6908,5,C,0,805020201640,20210718,3,77
6909,2,A,0,805020202050,20210718,3,78
6910,1,A,1,804020202050,20210718,3,79
6911,2,A,0,644020202050,20210718,3,80
6912,1,A,1,643220202050,20210718,3,81
6913,2,A,0,513220202050,20210718,3,82
6914,1,A,0,512520202050,20210718,3,83
6915,2,A,1,402520202050,20210718,3,84
6916,1,A,1,402020202050,20210718,3,85
6917,2,A,0,322020202050,20210718,3,86
6918,1,A,1,321620202050,20210718,3,87
6919,2,A,0,261620202050,20210718,3,88
6920,1,A,0,261320202050,20210718,3,89
6921,2,A,0,201320202050,20210718,3,90
6922,1,A,0,201020202050,20210718,3,91
6923,4,B,0,805020202050,20210718,3,92
6924,3,B,0,805020162050,20210718,3,93
6925,4,B,0,805016162050,20210718,3,94
6926,5,C,0,805020202050,20210718,3,95
6927,6,C,0,805020201650,20210718,3,96
6928,5,C,1,805020201640,20210718,3,97
6929,2,A,0,805020202050,20210718,3,98
6930,1,A,1,804020202050,20210718,3,99
6931,2,A,0,644020202050,20210718,3,100
6932,1,A,0,643220202050,20210718,3,101
6933,2,A,0,513220202050,20210718,3,102
6934,1,A,1,512520202050,20210718,3,103
6935,2,A,0,402520202050,20210718,3,104
6936,1,A,1,402020202050,20210718,3,105
6937,2,A,0,322020202050,20210718,3,106
6938,1,A,1,321620202050,20210718,3,107
6939,5,C,0,805020202050,20210718,3,108
6940,2,A,1,805020202050,20210718,3,109
6941,1,A,1,804020202050,20210718,3,110
6942,2,A,1,644020202050,20210718,3,111
6943,1,A,1,643220202050,20210718,3,112
6944,2,A,0,513220202050,20210718,3,113
6945,1,A,0,512520202050,20210718,3,114
6946,2,A,0,402520202050,20210718,3,115
6947,1,A,0,402020202050,20210718,3,116
6948,4,B,0,805020202050,20210718,3,117
6949,3,B,0,805020162050,20210718,3,118
6950,4,B,0,805016162050,20210718,3,119
6951,5,C,0,805020202050,20210718,3,120
6952,2,A,0,805020202050,20210718,3,121
6953,1,A,1,804020202050,20210718,3,122
6954,2,A,1,644020202050,20210718,3,123
6955,1,A,1,643220202050,20210718,3,124
6956,2,A,1,513220202050,20210718,3,125
6957,1,A,1,512520202050,20210718,3,126
6958,2,A,0,402520202050,20210718,3,127
6959,1,A,1,402020202050,20210718,3,128
6960,2,A,0,322020202050,20210718,3,129
6961,1,A,1,321620202050,20210718,3,130
6962,2,A,0,261620202050,20210718,3,131
6963,1,A,0,261320202050,20210718,3,132
6964,2,A,0,201320202050,20210718,3,133
6965,1,A,0,201020202050,20210718,3,134
6966,5,C,0,805020202050,20210718,3,135
6967,2,A,0,805020202050,20210718,3,136
6968,1,A,1,804020202050,20210718,3,137
6969,2,A,1,644020202050,20210718,3,138
6970,1,A,0,643220202050,20210718,3,139
6971,2,A,1,513220202050,20210718,3,140
6972,1,A,1,512520202050,20210718,3,141
6973,2,A,1,402520202050,20210718,3,142
6974,1,A,0,402020202050,20210718,3,143
6975,2,A,0,322020202050,20210718,3,144
6976,1,A,0,321620202050,20210718,3,145
6977,2,A,0,261620202050,20210718,3,146
6978,5,C,0,805020202050,20210718,3,147
6979,6,C,1,805020201650,20210718,3,148
6980,5,C,0,805020201640,20210718,3,149
6981,2,A,0,805020202050,20210718,3,150
6982,1,A,1,804020202050,20210718,3,151
6983,2,A,0,644020202050,20210718,3,152
6984,1,A,1,643220202050,20210718,3,153
6985,2,A,0,513220202050,20210718,3,154
6986,1,A,1,512520202050,20210718,3,155
6987,2,A,1,402520202050,20210718,3,156
6988,1,A,1,402020202050,20210718,3,157
6989,2,A,0,322020202050,20210718,3,158
6990,1,A,0,321620202050,20210718,3,159
6991,2,A,0,261620202050,20210718,3,160
6992,1,A,0,261320202050,20210718,3,161
6993,2,A,0,201320202050,20210718,3,162
6994,5,C,0,805020202050,20210718,3,163
6995,6,C,1,805020201650,20210718,3,164
6996,2,A,1,805020202050,20210718,3,165
6997,1,A,1,804020202050,20210718,3,166
6998,2,A,0,644020202050,20210718,3,167
6999,1,A,0,643220202050,20210718,3,168
7000,2,A,0,513220202050,20210718,3,169
7001,1,A,1,512520202050,20210718,3,170
7002,2,A,0,402520202050,20210718,3,171
7003,1,A,1,402020202050,20210718,3,172
7004,2,A,0,322020202050,20210718,3,173
7005,1,A,1,321620202050,20210718,3,174
7006,3,B,0,805020202050,20210718,3,175
7007,4,B,0,805016202050,20210718,3,176
7008,5,C,1,805020202050,20210718,3,177
7009,6,C,0,805020201650,20210718,3,178
7010,5,C,0,805020201640,20210718,3,179
7011,2,A,1,805020202050,20210718,3,180
7012,1,A,1,804020202050,20210718,3,181
7013,2,A,0,644020202050,20210718,3,182
7014,1,A,1,643220202050,20210718,3,183
7015,2,A,0,513220202050,20210718,3,184
7016,1,A,1,512520202050,20210718,3,185
7017,2,A,0,402520202050,20210718,3,186
7018,1,A,0,402020202050,20210718,3,187
7019,2,A,0,322020202050,20210718,3,188
7020,1,A,1,321620202050,20210718,3,189
7021,2,A,0,261620202050,20210718,3,190
7022,1,A,0,261320202050,20210718,3,191
7023,5,C,0,805020202050,20210718,3,192
7024,6,C,1,805020201650,20210718,3,193
7025,5,C,0,805020201640,20210718,3,194
7026,6,C,0,805020201240,20210718,3,195
7027,5,C,0,805020201232,20210718,3,196
7028,2,A,1,805020202050,20210718,3,197
7029,1,A,1,804020202050,20210718,3,198
7030,2,A,0,644020202050,20210718,3,199
7031,1,A,0,643220202050,20210718,3,200
7032,2,A,0,513220202050,20210718,3,201
7033,1,A,1,512520202050,20210718,3,202
7034,5,C,0,805020202050,20210718,3,203
7035,6,C,1,805020201650,20210718,3,204
7036,5,C,0,805020201640,20210718,3,205
7037,2,A,0,805020202050,20210718,3,206
7038,1,A,1,804020202050,20210718,3,207
7039,2,A,0,644020202050,20210718,3,208
7040,1,A,1,643220202050,20210718,3,209
7041,2,A,0,513220202050,20210718,3,210
7042,1,A,0,512520202050,20210718,3,211
7043,2,A,0,402520202050,20210718,3,212
7044,1,A,1,402020202050,20210718,3,213
7045,5,C,0,805020202050,20210718,3,214
7046,6,C,1,805020201650,20210718,3,215
7047,2,A,0,805020202050,20210718,3,216
7048,1,A,1,804020202050,20210718,3,217
7049,2,A,0,644020202050,20210718,3,218
7050,1,A,1,643220202050,20210718,3,219
7051,2,A,0,513220202050,20210718,3,220
7052,1,A,0,512520202050,20210718,3,221
7053,4,B,0,805020202050,20210718,3,222
7054,3,B,0,805020162050,20210718,3,223
7055,5,C,0,805020202050,20210718,3,224
7056,6,C,0,805020201650,20210718,3,225
7057,2,A,1,805020202050,20210718,3,226
7058,1,A,0,804020202050,20210718,3,227
7059,2,A,0,644020202050,20210718,3,228
7060,1,A,1,643220202050,20210718,3,229
7061,2,A,0,513220202050,20210718,3,230
7062,1,A,1,512520202050,20210718,3,231
7063,5,C,0,805020202050,20210718,3,232
7064,6,C,0,805020201650,20210718,3,233
7065,5,C,0,805020201640,20210718,3,234
7066,6,C,1,805020201240,20210718,3,235
7067,2,A,0,805020202050,20210718,3,236
7068,1,A,0,804020202050,20210718,3,237
7069,2,A,0,644020202050,20210718,3,238
7070,1,A,1,643220202050,20210718,3,239
7071,2,A,1,513220202050,20210718,3,240
7072,1,A,0,512520202050,20210718,3,241
7073,2,A,1,402520202050,20210718,3,242
7074,1,A,1,402020202050,20210718,3,243
7075,2,A,0,322020202050,20210718,3,244
7076,1,A,0,321620202050,20210718,3,245
7077,2,A,1,261620202050,20210718,3,246
7078,1,A,0,261320202050,20210718,3,247
7079,2,A,0,201320202050,20210718,3,248
7080,1,A,0,201020202050,20210718,3,249
7081,5,C,0,805020202050,20210718,3,250
7082,6,C,1,805020201650,20210718,3,251
7083,5,C,0,805020201640,20210718,3,252
7084,6,C,0,805020201240,20210718,3,253
7085,2,A,1,805020202050,20210718,3,254
7086,1,A,1,804020202050,20210718,3,255
7087,2,A,1,644020202050,20210718,3,256
7088,1,A,0,643220202050,20210718,3,257
7089,2,A,0,513220202050,20210718,3,258
7090,1,A,0,512520202050,20210718,3,259
7091,2,A,0,402520202050,20210718,3,260
7092,1,A,1,402020202050,20210718,3,261
7093,2,A,0,322020202050,20210718,3,262
7094,1,A,1,321620202050,20210718,3,263
7095,2,A,0,261620202050,20210718,3,264
7096,1,A,0,261320202050,20210718,3,265
7097,2,A,0,201320202050,20210718,3,266
7098,1,A,0,201020202050,20210718,3,267
7099,3,B,0,805020202050,20210718,3,268
7100,2,A,1,805020202050,20210718,3,269
7101,1,A,1,804020202050,20210718,3,270
7102,2,A,0,644020202050,20210718,3,271
7103,1,A,1,643220202050,20210718,3,272
7104,2,A,0,513220202050,20210718,3,273
7105,1,A,1,512520202050,20210718,3,274
7106,2,A,1,402520202050,20210718,3,275
7107,1,A,0,402020202050,20210718,3,276
7108,2,A,0,322020202050,20210718,3,277
7109,1,A,1,321620202050,20210718,3,278
7110,2,A,0,261620202050,20210718,3,279
7111,1,A,0,261320202050,20210718,3,280
7112,2,A,0,201320202050,20210718,3,281
7113,1,A,1,201020202050,20210718,3,282
7114,6,C,0,805020202050,20210718,3,283
7115,5,C,1,805020202040,20210718,3,284
7116,6,C,0,805020201640,20210718,3,285
7117,5,C,0,805020201632,20210718,3,286
7118,2,A,1,805020202050,20210718,3,287
7119,1,A,1,804020202050,20210718,3,288
7120,2,A,1,644020202050,20210718,3,289
7121,1,A,1,643220202050,20210718,3,290
7122,2,A,0,513220202050,20210718,3,291
7123,1,A,1,512520202050,20210718,3,292
7124,2,A,0,402520202050,20210718,3,293
7125,1,A,0,402020202050,20210718,3,294
7126,2,A,1,322020202050,20210718,3,295
7127,1,A,0,321620202050,20210718,3,296
7128,2,A,0,261620202050,20210718,3,297
7129,1,A,0,261320202050,20210718,3,298
7130,2,A,0,201320202050,20210718,3,299
7131,3,B,1,202080205080,20210718,4,0
7132,4,B,1,202064205080,20210718,4,1
7133,5,C,0,202080205080,20210718,4,2
7134,6,C,1,202080204080,20210718,4,3
7135,5,C,0,202080204064,20210718,4,4
7136,6,C,1,202080203264,20210718,4,5
7137,2,A,0,202080205080,20210718,4,6
7138,1,A,0,201680205080,20210718,4,7
7139,2,A,0,161680205080,20210718,4,8
7140,1,A,0,161280205080,20210718,4,9
7141,2,A,1,121280205080,20210718,4,10
7142,1,A,1,121080205080,20210718,4,11
7143,2,A,0,101080205080,20210718,4,12
7144,1,A,0,100880205080,20210718,4,13
7145,2,A,0,080880205080,20210718,4,14
7146,5,C,0,202080205080,20210718,4,15
7147,6,C,0,202080204080,20210718,4,16
7148,5,C,0,202080204064,20210718,4,17
7149,2,A,0,202080205080,20210718,4,18
7150,1,A,0,201680205080,20210718,4,19
7151,2,A,1,161680205080,20210718,4,20
7152,1,A,0,161280205080,20210718,4,21
7153,2,A,0,121280205080,20210718,4,22
7154,3,B,1,202080205080,20210718,4,23
7155,4,B,0,202064205080,20210718,4,24
7156,3,B,1,202064165080,20210718,4,25
7157,4,B,0,202051165080,20210718,4,26
7158,3,B,0,202051125080,20210718,4,27
7159,4,B,0,202040125080,20210718,4,28
7160,3,B,0,202040105080,20210718,4,29
7161,4,B,0,202032105080,20210718,4,30
7162,2,A,1,202080205080,20210718,4,31
7163,1,A,1,201680205080,20210718,4,32
7164,2,A,0,161680205080,20210718,4,33
7165,1,A,0,161280205080,20210718,4,34
7166,2,A,0,121280205080,20210718,4,35
7167,5,C,0,202080205080,20210718,4,36
7168,6,C,1,202080204080,20210718,4,37
7169,5,C,1,202080204064,20210718,4,38
7170,6,C,0,202080203264,20210718,4,39
7171,5,C,0,202080203251,20210718,4,40
7172,6,C,0,202080202551,20210718,4,41
7173,2,A,0,202080205080,20210718,4,42
7174,1,A,1,201680205080,20210718,4,43
7175,2,A,0,161680205080,20210718,4,44
7176,1,A,0,161280205080,20210718,4,45
7177,2,A,0,121280205080,20210718,4,46
7178,5,C,0,202080205080,20210718,4,47
7179,6,C,1,202080204080,20210718,4,48
7180,5,C,0,202080204064,20210718,4,49
7181,6,C,1,202080203264,20210718,4,50
7182,2,A,0,202080205080,20210718,4,51
7183,1,A,0,201680205080,20210718,4,52
7184,2,A,0,161680205080,20210718,4,53
7185,1,A,0,161280205080,20210718,4,54
7186,3,B,1,202080205080,20210718,4,55
7187,4,B,0,202064205080,20210718,4,56
7188,3,B,1,202064165080,20210718,4,57
7189,4,B,0,202051165080,20210718,4,58
7190,3,B,0,202051125080,20210718,4,59
7191,2,A,0,202080205080,20210718,4,60
7192,1,A,1,201680205080,20210718,4,61
7193,2,A,0,161680205080,20210718,4,62
7194,1,A,0,161280205080,20210718,4,63
7195,2,A,1,121280205080,20210718,4,64
7196,6,C,1,202080205080,20210718,4,65
7197,5,C,1,202080205064,20210718,4,66
7198,6,C,1,202080204064,20210718,4,67
7199,5,C,0,202080204051,20210718,4,68
7200,6,C,1,202080203251,20210718,4,69
7201,5,C,0,202080203240,20210718,4,70
7202,6,C,0,202080202540,20210718,4,71
7203,5,C,1,202080202532,20210718,4,72
7204,6,C,0,202080202032,20210718,4,73
7205,5,C,0,202080202026,20210718,4,74
7206,6,C,1,202080201626,20210718,4,75
7207,2,A,0,202080205080,20210718,4,76
7208,1,A,0,201680205080,20210718,4,77
7209,2,A,0,161680205080,20210718,4,78
7210,1,A,0,161280205080,20210718,4,79
7211,5,C,1,202080205080,20210718,4,80
7212,6,C,0,202080204080,20210718,4,81
7213,5,C,0,202080204064,20210718,4,82
7214,6,C,1,202080203264,20210718,4,83
7215,5,C,0,202080203251,20210718,4,84
7216,6,C,1,202080202551,20210718,4,85
7217,5,C,0,202080202540,20210718,4,86
7218,6,C,0,202080202040,20210718,4,87
7219,5,C,0,202080202032,20210718,4,88
7220,6,C,1,202080201632,20210718,4,89
7221,2,A,0,202080205080,20210718,4,90
7222,1,A,0,201680205080,20210718,4,91
7223,2,A,0,161680205080,20210718,4,92
7224,1,A,1,161280205080,20210718,4,93
7225,5,C,0,202080205080,20210718,4,94
7226,6,C,1,202080204080,20210718,4,95
7227,5,C,1,202080204064,20210718,4,96
7228,6,C,1,202080203264,20210718,4,97
7229,5,C,1,202080203251,20210718,4,98
7230,6,C,1,202080202551,20210718,4,99
7231,5,C,0,202080202540,20210718,4,100
7232,6,C,0,202080202040,20210718,4,101
7233,5,C,0,202080202032,20210718,4,102
7234,6,C,0,202080201632,20210718,4,103
7235,5,C,0,202080201626,20210718,4,104
7236,6,C,0,202080201326,20210718,4,105
7237,5,C,0,202080201320,20210718,4,106
7238,3,B,1,202080205080,20210718,4,107
7239,4,B,0,202064205080,20210718,4,108
7240,3,B,0,202064165080,20210718,4,109
7241,5,C,0,202080205080,20210718,4,110
7242,6,C,1,202080204080,20210718,4,111
7243,5,C,1,202080204064,20210718,4,112
7244,6,C,0,202080203264,20210718,4,113
7245,5,C,0,202080203251,20210718,4,114
7246,6,C,1,202080202551,20210718,4,115
7247,5,C,0,202080202540,20210718,4,116
7248,6,C,1,202080202040,20210718,4,117
7249,5,C,0,202080202032,20210718,4,118
7250,6,C,0,202080201632,20210718,4,119
7251,5,C,0,202080201626,20210718,4,120
7252,6,C,1,202080201326,20210718,4,121
7253,2,A,0,202080205080,20210718,4,122
7254,1,A,1,201680205080,20210718,4,123
7255,2,A,0,161680205080,20210718,4,124
7256,1,A,0,161280205080,20210718,4,125
7257,5,C,1,202080205080,20210718,4,126
7258,6,C,1,202080204080,20210718,4,127
7259,5,C,0,202080204064,20210718,4,128
7260,6,C,1,202080203264,20210718,4,129
7261,5,C,0,202080203251,20210718,4,130
7262,6,C,1,202080202551,20210718,4,131
7263,5,C,1,202080202540,20210718,4,132
7264,6,C,0,202080202040,20210718,4,133
7265,5,C,0,202080202032,20210718,4,134
7266,6,C,1,202080201632,20210718,4,135
7267,5,C,0,202080201626,20210718,4,136
7268,6,C,0,202080201326,20210718,4,137
7269,5,C,0,202080201320,20210718,4,138
7270,6,C,0,202080201020,20210718,4,139
7271,5,C,0,202080201016,20210718,4,140
7272,6,C,0,202080200816,20210718,4,141
7273,5,C,0,202080200813,20210718,4,142
7274,6,C,0,202080200613,20210718,4,143
7275,2,A,0,202080205080,20210718,4,144
7276,1,A,0,201680205080,20210718,4,145
7277,2,A,0,161680205080,20210718,4,146
7278,1,A,0,161280205080,20210718,4,147
7279,5,C,0,202080205080,20210718,4,148
7280,6,C,1,202080204080,20210718,4,149
7281,5,C,0,202080204064,20210718,4,150
7282,6,C,1,202080203264,20210718,4,151
7283,5,C,0,202080203251,20210718,4,152
7284,6,C,0,202080202551,20210718,4,153
7285,2,A,1,202080205080,20210718,4,154
7286,1,A,0,201680205080,20210718,4,155
7287,2,A,0,161680205080,20210718,4,156
7288,1,A,0,161280205080,20210718,4,157
7289,5,C,1,202080205080,20210718,4,158
7290,6,C,1,202080204080,20210718,4,159
7291,5,C,1,202080204064,20210718,4,160
7292,6,C,1,202080203264,20210718,4,161
7293,5,C,0,202080203251,20210718,4,162
7294,6,C,0,202080202551,20210718,4,163
7295,5,C,0,202080202540,20210718,4,164
7296,6,C,0,202080202040,20210718,4,165
7297,2,A,0,202080205080,20210718,4,166
7298,1,A,0,201680205080,20210718,4,167
7299,2,A,0,161680205080,20210718,4,168
7300,1,A,0,161280205080,20210718,4,169
7301,5,C,0,202080205080,20210718,4,170
7302,6,C,1,202080204080,20210718,4,171
7303,5,C,0,202080204064,20210718,4,172
7304,6,C,1,202080203264,20210718,4,173
7305,5,C,0,202080203251,20210718,4,174
7306,6,C,0,202080202551,20210718,4,175
7307,5,C,0,202080202540,20210718,4,176
7308,3,B,1,202080205080,20210718,4,177
7309,4,B,0,202064205080,20210718,4,178
7310,3,B,1,202064165080,20210718,4,179
7311,5,C,1,202080205080,20210718,4,180
7312,6,C,1,202080204080,20210718,4,181
7313,5,C,0,202080204064,20210718,4,182
7314,6,C,1,202080203264,20210718,4,183
7315,5,C,0,202080203251,20210718,4,184
7316,6,C,1,202080202551,20210718,4,185
7317,5,C,0,202080202540,20210718,4,186
7318,6,C,1,202080202040,20210718,4,187
7319,5,C,0,202080202032,20210718,4,188
7320,6,C,0,202080201632,20210718,4,189
7321,5,C,1,202080201626,20210718,4,190
7322,6,C,0,202080201326,20210718,4,191
7323,5,C,1,202080201320,20210718,4,192
7324,6,C,1,202080201020,20210718,4,193
7325,5,C,0,202080201016,20210718,4,194
7326,6,C,0,202080200816,20210718,4,195
7327,5,C,0,202080200813,20210718,4,196
7328,6,C,0,202080200613,20210718,4,197
7329,3,B,1,202080205080,20210718,4,198
7330,4,B,0,202064205080,20210718,4,199
7331,3,B,0,202064165080,20210718,4,200
7332,5,C,0,202080205080,20210718,4,201
7333,6,C,1,202080204080,20210718,4,202
7334,5,C,0,202080204064,20210718,4,203
7335,6,C,1,202080203264,20210718,4,204
7336,5,C,0,202080203251,20210718,4,205
7337,6,C,0,202080202551,20210718,4,206
7338,5,C,0,202080202540,20210718,4,207
7339,3,B,1,202080205080,20210718,4,208
7340,4,B,0,202064205080,20210718,4,209
7341,3,B,1,202064165080,20210718,4,210
7342,5,C,0,202080205080,20210718,4,211
7343,6,C,1,202080204080,20210718,4,212
7344,5,C,1,202080204064,20210718,4,213
7345,6,C,0,202080203264,20210718,4,214
7346,5,C,1,202080203251,20210718,4,215
7347,6,C,1,202080202551,20210718,4,216
7348,5,C,0,202080202540,20210718,4,217
7349,6,C,1,202080202040,20210718,4,218
7350,5,C,0,202080202032,20210718,4,219
7351,6,C,0,202080201632,20210718,4,220
7352,3,B,1,202080205080,20210718,4,221
7353,4,B,1,202064205080,20210718,4,222
7354,3,B,0,202064165080,20210718,4,223
7355,4,B,1,202051165080,20210718,4,224
7356,3,B,1,202051125080,20210718,4,225
7357,4,B,0,202040125080,20210718,4,226
7358,3,B,0,202040105080,20210718,4,227
7359,4,B,0,202032105080,20210718,4,228
7360,3,B,0,202032085080,20210718,4,229
7361,5,C,0,202080205080,20210718,4,230
7362,6,C,1,202080204080,20210718,4,231
7363,5,C,1,202080204064,20210718,4,232
7364,6,C,1,202080203264,20210718,4,233
7365,5,C,0,202080203251,20210718,4,234
7366,6,C,0,202080202551,20210718,4,235
7367,5,C,0,202080202540,20210718,4,236
7368,6,C,0,202080202040,20210718,4,237
7369,3,B,1,202080205080,20210718,4,238
7370,4,B,1,202064205080,20210718,4,239
7371,3,B,1,202064165080,20210718,4,240
7372,4,B,0,202051165080,20210718,4,241
7373,3,B,1,202051125080,20210718,4,242
7374,4,B,0,202040125080,20210718,4,243
7375,3,B,0,202040105080,20210718,4,244
7376,4,B,0,202032105080,20210718,4,245
7377,3,B,0,202032085080,20210718,4,246
7378,5,C,0,202080205080,20210718,4,247
7379,6,C,1,202080204080,20210718,4,248
7380,5,C,1,202080204064,20210718,4,249
7381,6,C,0,202080203264,20210718,4,250
7382,5,C,0,202080203251,20210718,4,251
7383,6,C,0,202080202551,20210718,4,252
7384,5,C,0,202080202540,20210718,4,253
7385,3,B,1,202080205080,20210718,4,254
7386,4,B,1,202064205080,20210718,4,255
7387,3,B,1,202064165080,20210718,4,256
7388,4,B,1,202051165080,20210718,4,257
7389,3,B,0,202051125080,20210718,4,258
7390,4,B,0,202040125080,20210718,4,259
7391,3,B,0,202040105080,20210718,4,260
7392,5,C,1,202080205080,20210718,4,261
7393,6,C,0,202080204080,20210718,4,262
7394,5,C,1,202080204064,20210718,4,263
7395,6,C,1,202080203264,20210718,4,264
7396,5,C,0,202080203251,20210718,4,265
7397,6,C,1,202080202551,20210718,4,266
7398,5,C,0,202080202540,20210718,4,267
7399,6,C,0,202080202040,20210718,4,268
7400,5,C,1,202080202032,20210718,4,269
7401,6,C,1,202080201632,20210718,4,270
7402,5,C,0,202080201626,20210718,4,271
7403,6,C,1,202080201326,20210718,4,272
7404,5,C,0,202080201320,20210718,4,273
7405,6,C,0,202080201020,20210718,4,274
7406,3,B,1,202080205080,20210718,4,275
7407,4,B,1,202064205080,20210718,4,276
7408,3,B,1,202064165080,20210718,4,277
7409,4,B,0,202051165080,20210718,4,278
7410,3,B,1,202051125080,20210718,4,279
7411,4,B,0,202040125080,20210718,4,280
7412,3,B,1,202040105080,20210718,4,281
7413,4,B,0,202032105080,20210718,4,282
7414,3,B,1,202032085080,20210718,4,283
7415,4,B,0,202026085080,20210718,4,284
7416,3,B,0,202026065080,20210718,4,285
7417,5,C,0,202080205080,20210718,4,286
7418,6,C,1,202080204080,20210718,4,287
7419,5,C,0,202080204064,20210718,4,288
7420,6,C,0,202080203264,20210718,4,289
7421,5,C,1,202080203251,20210718,4,290
7422,6,C,0,202080202551,20210718,4,291
7423,5,C,0,202080202540,20210718,4,292
7424,6,C,0,202080202040,20210718,4,293
7425,5,C,1,202080202032,20210718,4,294
7426,6,C,0,202080201632,20210718,4,295
7427,5,C,1,202080201626,20210718,4,296
7428,6,C,0,202080201326,20210718,4,297
7429,5,C,0,202080201320,20210718,4,298
7430,3,B,0,202080205080,20210718,4,299
7431,2,A,1,505050802020,20210718,5,0
7432,1,A,0,504050802020,20210718,5,1
7433,2,A,1,404050802020,20210718,5,2
7434,1,A,1,403250802020,20210718,5,3
7435,2,A,1,323250802020,20210718,5,4
7436,1,A,0,322550802020,20210718,5,5
7437,2,A,0,252550802020,20210718,5,6
7438,5,C,0,505050802020,20210718,5,7
7439,6,C,1,505050801620,20210718,5,8
7440,5,C,0,505050801616,20210718,5,9
7441,6,C,0,505050801216,20210718,5,10
7442,5,C,0,505050801212,20210718,5,11
7443,3,B,1,505050802020,20210718,5,12
7444,4,B,1,505040802020,20210718,5,13
7445,3,B,0,505040642020,20210718,5,14
7446,4,B,0,505032642020,20210718,5,15
7447,3,B,1,505032512020,20210718,5,16
7448,4,B,0,505025512020,20210718,5,17
7449,3,B,0,505025402020,20210718,5,18
7450,5,C,0,505050802020,20210718,5,19
7451,6,C,1,505050801620,20210718,5,20
7452,2,A,1,505050802020,20210718,5,21
7453,1,A,1,504050802020,20210718,5,22
7454,2,A,0,404050802020,20210718,5,23
7455,1,A,0,403250802020,20210718,5,24
7456,2,A,0,323250802020,20210718,5,25
7457,1,A,1,322550802020,20210718,5,26
7458,2,A,0,252550802020,20210718,5,27
7459,3,B,0,505050802020,20210718,5,28
7460,4,B,1,505040802020,20210718,5,29
7461,3,B,1,505040642020,20210718,5,30
7462,4,B,0,505032642020,20210718,5,31
7463,3,B,0,505032512020,20210718,5,32
7464,5,C,0,505050802020,20210718,5,33
7465,6,C,0,505050801620,20210718,5,34
7466,5,C,0,505050801616,20210718,5,35
7467,6,C,0,505050801216,20210718,5,36
7468,2,A,0,505050802020,20210718,5,37
7469,1,A,0,504050802020,20210718,5,38
7470,2,A,1,404050802020,20210718,5,39
7471,1,A,1,403250802020,20210718,5,40
7472,2,A,1,323250802020,20210718,5,41
7473,1,A,0,322550802020,20210718,5,42
7474,2,A,0,252550802020,20210718,5,43
7475,1,A,0,252050802020,20210718,5,44
7476,2,A,0,202050802020,20210718,5,45
7477,3,B,0,505050802020,20210718,5,46
7478,4,B,1,505040802020,20210718,5,47
7479,3,B,1,505040642020,20210718,5,48
7480,4,B,0,505032642020,20210718,5,49
7481,3,B,0,505032512020,20210718,5,50
7482,2,A,0,505050802020,20210718,5,51
7483,1,A,0,504050802020,20210718,5,52
7484,2,A,0,404050802020,20210718,5,53
7485,4,B,0,505050802020,20210718,5,54
7486,3,B,1,505050642020,20210718,5,55
7487,4,B,0,505040642020,20210718,5,56
7488,3,B,0,505040512020,20210718,5,57
7489,5,C,0,505050802020,20210718,5,58
7490,6,C,0,505050801620,20210718,5,59
7491,5,C,0,505050801616,20210718,5,60
7492,6,C,1,505050801216,20210718,5,61
7493,2,A,1,505050802020,20210718,5,62
7494,1,A,0,504050802020,20210718,5,63
7495,2,A,0,404050802020,20210718,5,64
7496,1,A,0,403250802020,20210718,5,65
7497,2,A,1,323250802020,20210718,5,66
7498,3,B,1,505050802020,20210718,5,67
7499,4,B,1,505040802020,20210718,5,68
7500,3,B,1,505040642020,20210718,5,69
7501,4,B,1,505032642020,20210718,5,70
7502,3,B,0,505032512020,20210718,5,71
7503,4,B,0,505025512020,20210718,5,72
7504,3,B,1,505025402020,20210718,5,73
7505,4,B,1,505020402020,20210718,5,74
7506,3,B,0,505020322020,20210718,5,75
7507,4,B,0,505016322020,20210718,5,76
7508,3,B,0,505016262020,20210718,5,77
7509,4,B,1,505013262020,20210718,5,78
7510,3,B,0,505013202020,20210718,5,79
7511,4,B,1,505010202020,20210718,5,80
7512,3,B,1,505010162020,20210718,5,81
7513,4,B,0,505008162020,20210718,5,82
7514,3,B,0,505008132020,20210718,5,83
7515,4,B,0,505006132020,20210718,5,84
7516,3,B,0,505006102020,20210718,5,85
7517,4,B,0,505005102020,20210718,5,86
7518,2,A,0,505050802020,20210718,5,87
7519,1,A,1,504050802020,20210718,5,88
7520,2,A,0,404050802020,20210718,5,89
7521,3,B,1,505050802020,20210718,5,90
7522,4,B,0,505040802020,20210718,5,91
7523,3,B,0,505040642020,20210718,5,92
7524,4,B,1,505032642020,20210718,5,93
7525,3,B,0,505032512020,20210718,5,94
7526,4,B,0,505025512020,20210718,5,95
7527,3,B,0,505025402020,20210718,5,96
7528,4,B,1,505020402020,20210718,5,97
7529,5,C,0,505050802020,20210718,5,98
7530,6,C,1,505050801620,20210718,5,99
7531,5,C,1,505050801616,20210718,5,100
7532,6,C,0,505050801216,20210718,5,101
7533,5,C,0,505050801212,20210718,5,102
7534,6,C,0,505050801012,20210718,5,103
7535,3,B,1,505050802020,20210718,5,104
7536,4,B,1,505040802020,20210718,5,105
7537,3,B,0,505040642020,20210718,5,106
7538,4,B,1,505032642020,20210718,5,107
7539,3,B,0,505032512020,20210718,5,108
7540,4,B,0,505025512020,20210718,5,109
7541,3,B,0,505025402020,20210718,5,110
7542,4,B,1,505020402020,20210718,5,111
7543,5,C,1,505050802020,20210718,5,112
7544,6,C,1,505050801620,20210718,5,113
7545,5,C,0,505050801616,20210718,5,114
7546,6,C,1,505050801216,20210718,5,115
7547,5,C,1,505050801212,20210718,5,116
7548,6,C,1,505050801012,20210718,5,117
7549,5,C,0,505050801010,20210718,5,118
7550,6,C,0,505050800810,20210718,5,119
7551,3,B,0,505050802020,20210718,5,120
7552,4,B,1,505040802020,20210718,5,121
7553,3,B,0,505040642020,20210718,5,122
7554,4,B,0,505032642020,20210718,5,123
7555,3,B,0,505032512020,20210718,5,124
7556,4,B,1,505025512020,20210718,5,125
7557,5,C,1,505050802020,20210718,5,126
7558,6,C,1,505050801620,20210718,5,127
7559,5,C,0,505050801616,20210718,5,128
7560,6,C,0,505050801216,20210718,5,129
7561,4,B,0,505050802020,20210718,5,130
7562,3,B,1,505050642020,20210718,5,131
7563,4,B,1,505040642020,20210718,5,132
7564,3,B,0,505040512020,20210718,5,133
7565,4,B,0,505032512020,20210718,5,134
7566,3,B,0,505032402020,20210718,5,135
7567,4,B,0,505025402020,20210718,5,136
7568,5,C,0,505050802020,20210718,5,137
7569,6,C,1,505050801620,20210718,5,138
7570,5,C,0,505050801616,20210718,5,139
7571,6,C,0,505050801216,20210718,5,140
7572,5,C,0,505050801212,20210718,5,141
7573,3,B,0,505050802020,20210718,5,142
7574,4,B,1,505040802020,20210718,5,143
7575,3,B,1,505040642020,20210718,5,144
7576,4,B,1,505032642020,20210718,5,145
7577,3,B,0,505032512020,20210718,5,146
7578,4,B,0,505025512020,20210718,5,147
7579,3,B,0,505025402020,20210718,5,148
7580,4,B,1,505020402020,20210718,5,149
7581,5,C,0,505050802020,20210718,5,150
7582,6,C,0,505050801620,20210718,5,151
7583,5,C,0,505050801616,20210718,5,152
7584,6,C,0,505050801216,20210718,5,153
7585,4,B,0,505050802020,20210718,5,154
7586,3,B,0,505050642020,20210718,5,155
7587,4,B,1,505040642020,20210718,5,156
7588,3,B,1,505040512020,20210718,5,157
7589,4,B,1,505032512020,20210718,5,158
7590,3,B,0,505032402020,20210718,5,159
7591,4,B,1,505025402020,20210718,5,160
7592,3,B,1,505025322020,20210718,5,161
7593,4,B,1,505020322020,20210718,5,162
7594,3,B,1,505020262020,20210718,5,163
7595,4,B,0,505016262020,20210718,5,164
7596,3,B,0,505016202020,20210718,5,165
7597,4,B,1,505013202020,20210718,5,166
7598,3,B,0,505013162020,20210718,5,167
7599,4,B,0,505010162020,20210718,5,168
7600,3,B,0,505010132020,20210718,5,169
7601,4,B,0,505008132020,20210718,5,170
7602,5,C,0,505050802020,20210718,5,171
7603,6,C,0,505050801620,20210718,5,172
7604,5,C,0,505050801616,20210718,5,173
7605,6,C,1,505050801216,20210718,5,174
7606,4,B,0,505050802020,20210718,5,175
7607,3,B,0,505050642020,20210718,5,176
7608,4,B,0,505040642020,20210718,5,177
7609,3,B,1,505040512020,20210718,5,178
7610,4,B,1,505032512020,20210718,5,179
7611,3,B,0,505032402020,20210718,5,180
7612,4,B,0,505025402020,20210718,5,181
7613,3,B,1,505025322020,20210718,5,182
7614,4,B,0,505020322020,20210718,5,183
7615,3,B,0,505020262020,20210718,5,184
7616,4,B,0,505016262020,20210718,5,185
7617,3,B,0,505016202020,20210718,5,186
7618,2,A,1,505050802020,20210718,5,187
7619,1,A,0,504050802020,20210718,5,188
7620,2,A,1,404050802020,20210718,5,189
7621,1,A,0,403250802020,20210718,5,190
7622,2,A,0,323250802020,20210718,5,191
7623,4,B,1,505050802020,20210718,5,192
7624,3,B,1,505050642020,20210718,5,193
7625,4,B,1,505040642020,20210718,5,194
7626,3,B,0,505040512020,20210718,5,195
7627,4,B,1,505032512020,20210718,5,196
7628,3,B,0,505032402020,20210718,5,197
7629,4,B,0,505025402020,20210718,5,198
7630,3,B,0,505025322020,20210718,5,199
7631,4,B,0,505020322020,20210718,5,200
7632,2,A,0,505050802020,20210718,5,201
7633,1,A,0,504050802020,20210718,5,202
7634,2,A,1,404050802020,20210718,5,203
7635,4,B,1,505050802020,20210718,5,204
7636,3,B,0,505050642020,20210718,5,205
7637,4,B,0,505040642020,20210718,5,206
7638,3,B,0,505040512020,20210718,5,207
7639,4,B,0,505032512020,20210718,5,208
7640,3,B,0,505032402020,20210718,5,209
7641,4,B,0,505025402020,20210718,5,210
7642,2,A,0,505050802020,20210718,5,211
7643,4,B,1,505050802020,20210718,5,212
7644,3,B,1,505050642020,20210718,5,213
7645,4,B,0,505040642020,20210718,5,214
7646,3,B,1,505040512020,20210718,5,215
7647,4,B,1,505032512020,20210718,5,216
7648,3,B,1,505032402020,20210718,5,217
7649,4,B,1,505025402020,20210718,5,218
7650,3,B,0,505025322020,20210718,5,219
7651,4,B,1,505020322020,20210718,5,220
7652,3,B,0,505020262020,20210718,5,221
7653,4,B,0,505016262020,20210718,5,222
7654,2,A,1,505050802020,20210718,5,223
7655,4,B,1,505050802020,20210718,5,224
7656,3,B,0,505050642020,20210718,5,225
7657,4,B,1,505040642020,20210718,5,226
7658,3,B,1,505040512020,20210718,5,227
7659,4,B,0,505032512020,20210718,5,228
7660,3,B,0,505032402020,20210718,5,229
7661,4,B,0,505025402020,20210718,5,230
7662,2,A,0,505050802020,20210718,5,231
7663,4,B,1,505050802020,20210718,5,232
7664,3,B,0,505050642020,20210718,5,233
7665,4,B,0,505040642020,20210718,5,234
7666,3,B,0,505040512020,20210718,5,235
7667,4,B,0,505032512020,20210718,5,236
7668,2,A,1,505050802020,20210718,5,237
7669,4,B,0,505050802020,20210718,5,238
7670,3,B,1,505050642020,20210718,5,239
7671,4,B,1,505040642020,20210718,5,240
7672,3,B,0,505040512020,20210718,5,241
7673,4,B,0,505032512020,20210718,5,242
7674,3,B,0,505032402020,20210718,5,243
7675,2,A,0,505050802020,20210718,5,244
7676,4,B,1,505050802020,20210718,5,245
7677,3,B,1,505050642020,20210718,5,246
7678,4,B,0,505040642020,20210718,5,247
7679,3,B,1,505040512020,20210718,5,248
7680,4,B,0,505032512020,20210718,5,249
7681,3,B,0,505032402020,20210718,5,250
7682,4,B,1,505025402020,20210718,5,251
7683,2,A,1,505050802020,20210718,5,252
7684,4,B,1,505050802020,20210718,5,253
7685,3,B,0,505050642020,20210718,5,254
7686,4,B,1,505040642020,20210718,5,255
7687,3,B,0,505040512020,20210718,5,256
7688,4,B,1,505032512020,20210718,5,257
7689,3,B,0,505032402020,20210718,5,258
7690,4,B,1,505025402020,20210718,5,259
7691,3,B,1,505025322020,20210718,5,260
7692,4,B,1,505020322020,20210718,5,261
7693,3,B,0,505020262020,20210718,5,262
7694,4,B,1,505016262020,20210718,5,263
7695,3,B,0,505016202020,20210718,5,264
7696,4,B,0,505013202020,20210718,5,265
7697,1,A,1,505050802020,20210718,5,266
7698,2,A,1,405050802020,20210718,5,267
7699,1,A,1,404050802020,20210718,5,268
7700,2,A,0,324050802020,20210718,5,269
7701,1,A,1,323250802020,20210718,5,270
7702,2,A,0,253250802020,20210718,5,271
7703,1,A,1,252550802020,20210718,5,272
7704,2,A,0,202550802020,20210718,5,273
7705,1,A,0,202050802020,20210718,5,274
7706,2,A,0,162050802020,20210718,5,275
7707,4,B,1,505050802020,20210718,5,276
7708,3,B,0,505050642020,20210718,5,277
7709,4,B,1,505040642020,20210718,5,278
7710,3,B,1,505040512020,20210718,5,279
7711,4,B,0,505032512020,20210718,5,280
7712,3,B,1,505032402020,20210718,5,281
7713,4,B,0,505025402020,20210718,5,282
7714,3,B,0,505025322020,20210718,5,283
7715,4,B,1,505020322020,20210718,5,284
7716,3,B,1,505020262020,20210718,5,285
7717,4,B,0,505016262020,20210718,5,286
7718,3,B,0,505016202020,20210718,5,287
7719,4,B,0,505013202020,20210718,5,288
7720,2,A,0,505050802020,20210718,5,289
7721,1,A,1,504050802020,20210718,5,290
7722,2,A,0,404050802020,20210718,5,291
7723,1,A,0,403250802020,20210718,5,292
7724,2,A,1,323250802020,20210718,5,293
7725,1,A,1,322550802020,20210718,5,294
7726,2,A,0,252550802020,20210718,5,295
7727,1,A,0,252050802020,20210718,5,296
7728,4,B,1,505050802020,20210718,5,297
7729,3,B,1,505050642020,20210718,5,298
7730,4,B,1,505040642020,20210718,5,299
7731,3,B,0,205020208020,20210719,1,0
7732,4,B,0,205016208020,20210719,1,1
7733,1,A,1,205020208020,20210719,1,2
7734,2,A,0,165020208020,20210719,1,3
7735,5,C,1,205020208020,20210719,1,4
7736,6,C,0,205020206420,20210719,1,5
7737,5,C,0,205020206416,20210719,1,6
7738,6,C,0,205020205116,20210719,1,7
7739,3,B,0,205020208020,20210719,1,8
7740,4,B,0,205016208020,20210719,1,9
7741,3,B,0,205016168020,20210719,1,10
7742,2,A,1,205020208020,20210719,1,11
7743,1,A,0,204020208020,20210719,1,12
7744,2,A,0,164020208020,20210719,1,13
7745,1,A,0,163220208020,20210719,1,14
7746,3,B,0,205020208020,20210719,1,15
7747,4,B,0,205016208020,20210719,1,16
7748,5,C,1,205020208020,20210719,1,17
7749,6,C,0,205020206420,20210719,1,18
7750,5,C,1,205020206416,20210719,1,19
7751,6,C,0,205020205116,20210719,1,20
7752,5,C,0,205020205112,20210719,1,21
7753,6,C,0,205020204012,20210719,1,22
7754,5,C,1,205020204010,20210719,1,23
7755,6,C,0,205020203210,20210719,1,24
7756,5,C,1,205020203208,20210719,1,25
7757,2,A,1,205020208020,20210719,1,26
7758,1,A,0,204020208020,20210719,1,27
7759,2,A,0,164020208020,20210719,1,28
7760,1,A,0,163220208020,20210719,1,29
7761,5,C,1,205020208020,20210719,1,30
7762,6,C,0,205020206420,20210719,1,31
7763,5,C,1,205020206416,20210719,1,32
7764,6,C,0,205020205116,20210719,1,33
7765,5,C,0,205020205112,20210719,1,34
7766,3,B,0,205020208020,20210719,1,35
7767,4,B,0,205016208020,20210719,1,36
7768,3,B,0,205016168020,20210719,1,37
7769,5,C,1,205020208020,20210719,1,38
7770,6,C,1,205020206420,20210719,1,39
7771,5,C,1,205020206416,20210719,1,40
7772,6,C,0,205020205116,20210719,1,41
7773,5,C,0,205020205112,20210719,1,42
7774,6,C,0,205020204012,20210719,1,43
7775,5,C,0,205020204010,20210719,1,44
7776,2,A,0,205020208020,20210719,1,45
7777,1,A,0,204020208020,20210719,1,46
7778,2,A,1,164020208020,20210719,1,47
7779,1,A,0,163220208020,20210719,1,48
7780,2,A,1,123220208020,20210719,1,49
7781,5,C,1,205020208020,20210719,1,50
7782,6,C,1,205020206420,20210719,1,51
7783,5,C,0,205020206416,20210719,1,52
7784,6,C,0,205020205116,20210719,1,53
7785,5,C,1,205020205112,20210719,1,54
7786,3,B,0,205020208020,20210719,1,55
7787,5,C,1,205020208020,20210719,1,56
7788,6,C,0,205020206420,20210719,1,57
7789,5,C,1,205020206416,20210719,1,58
7790,6,C,0,205020205116,20210719,1,59
7791,5,C,0,205020205112,20210719,1,60
7792,2,A,0,205020208020,20210719,1,61
7793,1,A,0,204020208020,20210719,1,62
7794,2,A,0,164020208020,20210719,1,63
7795,5,C,1,205020208020,20210719,1,64
7796,6,C,0,205020206420,20210719,1,65
7797,5,C,1,205020206416,20210719,1,66
7798,6,C,0,205020205116,20210719,1,67
7799,5,C,1,205020205112,20210719,1,68
7800,6,C,0,205020204012,20210719,1,69
7801,5,C,0,205020204010,20210719,1,70
7802,3,B,0,205020208020,20210719,1,71
7803,4,B,0,205016208020,20210719,1,72
7804,5,C,1,205020208020,20210719,1,73
7805,6,C,0,205020206420,20210719,1,74
7806,5,C,0,205020206416,20210719,1,75
7807,6,C,0,205020205116,20210719,1,76
7808,5,C,1,205020205112,20210719,1,77
7809,2,A,1,205020208020,20210719,1,78
7810,1,A,0,204020208020,20210719,1,79
7811,2,A,0,164020208020,20210719,1,80
7812,5,C,0,205020208020,20210719,1,81
7813,6,C,1,205020206420,20210719,1,82
7814,5,C,1,205020206416,20210719,1,83
7815,6,C,0,205020205116,20210719,1,84
7816,5,C,1,205020205112,20210719,1,85
7817,6,C,0,205020204012,20210719,1,86
7818,5,C,1,205020204010,20210719,1,87
7819,6,C,0,205020203210,20210719,1,88
7820,5,C,1,205020203208,20210719,1,89
7821,6,C,0,205020202608,20210719,1,90
7822,5,C,0,205020202606,20210719,1,91
7823,6,C,0,205020202006,20210719,1,92
7824,5,C,0,205020202005,20210719,1,93
7825,4,B,0,205020208020,20210719,1,94
7826,3,B,1,205020168020,20210719,1,95
7827,4,B,0,205016168020,20210719,1,96
7828,3,B,1,205016128020,20210719,1,97
7829,4,B,1,205012128020,20210719,1,98
7830,3,B,0,205012108020,20210719,1,99
7831,4,B,0,205010108020,20210719,1,100
7832,5,C,1,205020208020,20210719,1,101
7833,6,C,0,205020206420,20210719,1,102
7834,5,C,1,205020206416,20210719,1,103
7835,6,C,0,205020205116,20210719,1,104
7836,5,C,1,205020205112,20210719,1,105
7837,6,C,0,205020204012,20210719,1,106
7838,5,C,1,205020204010,20210719,1,107
7839,6,C,0,205020203210,20210719,1,108
7840,5,C,0,205020203208,20210719,1,109
7841,2,A,0,205020208020,20210719,1,110
7842,1,A,1,204020208020,20210719,1,111
7843,2,A,1,164020208020,20210719,1,112
7844,5,C,0,205020208020,20210719,1,113
7845,6,C,0,205020206420,20210719,1,114
7846,5,C,1,205020206416,20210719,1,115
7847,3,B,0,205020208020,20210719,1,116
7848,4,B,0,205016208020,20210719,1,117
7849,3,B,0,205016168020,20210719,1,118
7850,5,C,1,205020208020,20210719,1,119
7851,6,C,0,205020206420,20210719,1,120
7852,5,C,1,205020206416,20210719,1,121
7853,6,C,0,205020205116,20210719,1,122
7854,5,C,0,205020205112,20210719,1,123
7855,2,A,0,205020208020,20210719,1,124
7856,1,A,0,204020208020,20210719,1,125
7857,2,A,1,164020208020,20210719,1,126
7858,5,C,1,205020208020,20210719,1,127
7859,6,C,1,205020206420,20210719,1,128
7860,5,C,0,205020206416,20210719,1,129
7861,6,C,1,205020205116,20210719,1,130
7862,5,C,1,205020205112,20210719,1,131
7863,6,C,0,205020204012,20210719,1,132
7864,5,C,0,205020204010,20210719,1,133
7865,3,B,0,205020208020,20210719,1,134
7866,4,B,0,205016208020,20210719,1,135
7867,3,B,0,205016168020,20210719,1,136
7868,4,B,0,205012168020,20210719,1,137
7869,5,C,1,205020208020,20210719,1,138
7870,6,C,0,205020206420,20210719,1,139
7871,5,C,1,205020206416,20210719,1,140
7872,6,C,0,205020205116,20210719,1,141
7873,5,C,1,205020205112,20210719,1,142
7874,6,C,0,205020204012,20210719,1,143
7875,5,C,0,205020204010,20210719,1,144
7876,2,A,0,205020208020,20210719,1,145
7877,1,A,0,204020208020,20210719,1,146
7878,2,A,1,164020208020,20210719,1,147
7879,5,C,1,205020208020,20210719,1,148
7880,6,C,0,205020206420,20210719,1,149
7881,5,C,1,205020206416,20210719,1,150
7882,6,C,1,205020205116,20210719,1,151
7883,5,C,0,205020205112,20210719,1,152
7884,6,C,0,205020204012,20210719,1,153
7885,5,C,0,205020204010,20210719,1,154
7886,3,B,0,205020208020,20210719,1,155
7887,4,B,0,205016208020,20210719,1,156
7888,3,B,0,205016168020,20210719,1,157
7889,5,C,1,205020208020,20210719,1,158
7890,6,C,0,205020206420,20210719,1,159
7891,5,C,1,205020206416,20210719,1,160
7892,6,C,1,205020205116,20210719,1,161
7893,5,C,0,205020205112,20210719,1,162
7894,6,C,0,205020204012,20210719,1,163
7895,5,C,1,205020204010,20210719,1,164
7896,6,C,0,205020203210,20210719,1,165
7897,5,C,1,205020203208,20210719,1,166
7898,2,A,0,205020208020,20210719,1,167
7899,1,A,0,204020208020,20210719,1,168
7900,2,A,0,164020208020,20210719,1,169
7901,5,C,1,205020208020,20210719,1,170
7902,6,C,1,205020206420,20210719,1,171
7903,5,C,0,205020206416,20210719,1,172
7904,6,C,0,205020205116,20210719,1,173
7905,5,C,0,205020205112,20210719,1,174
7906,3,B,0,205020208020,20210719,1,175
7907,4,B,0,205016208020,20210719,1,176
7908,3,B,0,205016168020,20210719,1,177
7909,5,C,0,205020208020,20210719,1,178
7910,6,C,0,205020206420,20210719,1,179
7911,5,C,0,205020206416,20210719,1,180
7912,6,C,1,205020205116,20210719,1,181
7913,5,C,0,205020205112,20210719,1,182
7914,6,C,0,205020204012,20210719,1,183
7915,5,C,0,205020204010,20210719,1,184
7916,6,C,0,205020203210,20210719,1,185
7917,2,A,1,205020208020,20210719,1,186
7918,5,C,1,205020208020,20210719,1,187
7919,6,C,0,205020206420,20210719,1,188
7920,5,C,1,205020206416,20210719,1,189
7921,6,C,0,205020205116,20210719,1,190
7922,5,C,1,205020205112,20210719,1,191
7923,6,C,0,205020204012,20210719,1,192
7924,5,C,1,205020204010,20210719,1,193
7925,2,A,0,205020208020,20210719,1,194
7926,1,A,0,204020208020,20210719,1,195
7927,2,A,0,164020208020,20210719,1,196
7928,5,C,1,205020208020,20210719,1,197
7929,6,C,0,205020206420,20210719,1,198
7930,5,C,0,205020206416,20210719,1,199
7931,6,C,0,205020205116,20210719,1,200
7932,5,C,1,205020205112,20210719,1,201
7933,6,C,0,205020204012,20210719,1,202
7934,5,C,0,205020204010,20210719,1,203
7935,3,B,0,205020208020,20210719,1,204
7936,4,B,0,205016208020,20210719,1,205
7937,3,B,0,205016168020,20210719,1,206
7938,5,C,1,205020208020,20210719,1,207
7939,6,C,0,205020206420,20210719,1,208
7940,5,C,1,205020206416,20210719,1,209
7941,6,C,0,205020205116,20210719,1,210
7942,5,C,0,205020205112,20210719,1,211
7943,6,C,0,205020204012,20210719,1,212
7944,5,C,0,205020204010,20210719,1,213
7945,2,A,0,205020208020,20210719,1,214
7946,1,A,0,204020208020,20210719,1,215
7947,2,A,0,164020208020,20210719,1,216
7948,5,C,1,205020208020,20210719,1,217
7949,6,C,0,205020206420,20210719,1,218
7950,5,C,1,205020206416,20210719,1,219
7951,6,C,0,205020205116,20210719,1,220
7952,5,C,0,205020205112,20210719,1,221
7953,2,A,0,205020208020,20210719,1,222
7954,1,A,0,204020208020,20210719,1,223
7955,2,A,1,164020208020,20210719,1,224
7956,5,C,1,205020208020,20210719,1,225
7957,6,C,0,205020206420,20210719,1,226
7958,5,C,1,205020206416,20210719,1,227
7959,6,C,0,205020205116,20210719,1,228
7960,5,C,1,205020205112,20210719,1,229
7961,6,C,0,205020204012,20210719,1,230
7962,5,C,0,205020204010,20210719,1,231
7963,6,C,0,205020203210,20210719,1,232
7964,5,C,1,205020203208,20210719,1,233
7965,2,A,1,205020208020,20210719,1,234
7966,1,A,0,204020208020,20210719,1,235
7967,2,A,1,164020208020,20210719,1,236
7968,5,C,1,205020208020,20210719,1,237
7969,6,C,1,205020206420,20210719,1,238
7970,5,C,1,205020206416,20210719,1,239
7971,6,C,1,205020205116,20210719,1,240
7972,5,C,1,205020205112,20210719,1,241
7973,6,C,0,205020204012,20210719,1,242
7974,5,C,1,205020204010,20210719,1,243
7975,6,C,0,205020203210,20210719,1,244
7976,5,C,1,205020203208,20210719,1,245
7977,6,C,0,205020202608,20210719,1,246
7978,5,C,1,205020202606,20210719,1,247
7979,6,C,0,205020202006,20210719,1,248
7980,5,C,0,205020202005,20210719,1,249
7981,6,C,0,205020201605,20210719,1,250
7982,5,C,1,205020201604,20210719,1,251
7983,2,A,1,205020208020,20210719,1,252
7984,1,A,0,204020208020,20210719,1,253
7985,2,A,0,164020208020,20210719,1,254
7986,5,C,0,205020208020,20210719,1,255
7987,6,C,1,205020206420,20210719,1,256
7988,5,C,1,205020206416,20210719,1,257
7989,6,C,0,205020205116,20210719,1,258
7990,5,C,1,205020205112,20210719,1,259
7991,6,C,0,205020204012,20210719,1,260
7992,5,C,0,205020204010,20210719,1,261
7993,6,C,0,205020203210,20210719,1,262
7994,5,C,1,205020203208,20210719,1,263
7995,6,C,0,205020202608,20210719,1,264
7996,5,C,0,205020202606,20210719,1,265
7997,6,C,0,205020202006,20210719,1,266
7998,5,C,0,205020202005,20210719,1,267
7999,2,A,0,205020208020,20210719,1,268
8000,5,C,1,205020208020,20210719,1,269
8001,6,C,0,205020206420,20210719,1,270
8002,5,C,1,205020206416,20210719,1,271
8003,6,C,0,205020205116,20210719,1,272
8004,5,C,0,205020205112,20210719,1,273
8005,6,C,0,205020204012,20210719,1,274
8006,5,C,0,205020204010,20210719,1,275
8007,2,A,1,205020208020,20210719,1,276
8008,1,A,0,204020208020,20210719,1,277
8009,2,A,0,164020208020,20210719,1,278
8010,5,C,1,205020208020,20210719,1,279
8011,6,C,0,205020206420,20210719,1,280
8012,5,C,1,205020206416,20210719,1,281
8013,6,C,0,205020205116,20210719,1,282
8014,5,C,1,205020205112,20210719,1,283
8015,6,C,0,205020204012,20210719,1,284
8016,5,C,0,205020204010,20210719,1,285
8017,2,A,1,205020208020,20210719,1,286
8018,5,C,1,205020208020,20210719,1,287
8019,6,C,0,205020206420,20210719,1,288
8020,5,C,0,205020206416,20210719,1,289
8021,6,C,0,205020205116,20210719,1,290
8022,5,C,0,205020205112,20210719,1,291
8023,2,A,1,205020208020,20210719,1,292
8024,5,C,0,205020208020,20210719,1,293
8025,6,C,0,205020206420,20210719,1,294
8026,5,C,0,205020206416,20210719,1,295
8027,2,A,0,205020208020,20210719,1,296
8028,5,C,1,205020208020,20210719,1,297
8029,6,C,0,205020206420,20210719,1,298
8030,5,C,1,205020206416,20210719,1,299
8031,4,B,0,802020505020,20210719,2,0
8032,3,B,0,802020405020,20210719,2,1
8033,4,B,1,802016405020,20210719,2,2
8034,5,C,0,802020505020,20210719,2,3
8035,6,C,0,802020504020,20210719,2,4
8036,5,C,0,802020504016,20210719,2,5
8037,6,C,0,802020503216,20210719,2,6
8038,2,A,1,802020505020,20210719,2,7
8039,1,A,0,801620505020,20210719,2,8
8040,2,A,0,641620505020,20210719,2,9
8041,1,A,1,641220505020,20210719,2,10
8042,2,A,1,511220505020,20210719,2,11
8043,1,A,0,511020505020,20210719,2,12
8044,2,A,0,401020505020,20210719,2,13
8045,4,B,1,802020505020,20210719,2,14
8046,3,B,1,802020405020,20210719,2,15
8047,4,B,1,802016405020,20210719,2,16
8048,3,B,0,802016325020,20210719,2,17
8049,4,B,0,802012325020,20210719,2,18
8050,5,C,1,802020505020,20210719,2,19
8051,6,C,0,802020504020,20210719,2,20
8052,5,C,0,802020504016,20210719,2,21
8053,2,A,0,802020505020,20210719,2,22
8054,1,A,1,801620505020,20210719,2,23
8055,2,A,0,641620505020,20210719,2,24
8056,1,A,0,641220505020,20210719,2,25
8057,2,A,0,511220505020,20210719,2,26
8058,3,B,0,802020505020,20210719,2,27
8059,4,B,0,802016505020,20210719,2,28
8060,3,B,0,802016405020,20210719,2,29
8061,4,B,1,802012405020,20210719,2,30
8062,5,C,0,802020505020,20210719,2,31
8063,6,C,0,802020504020,20210719,2,32
8064,5,C,0,802020504016,20210719,2,33
8065,2,A,0,802020505020,20210719,2,34
8066,1,A,0,801620505020,20210719,2,35
8067,2,A,0,641620505020,20210719,2,36
8068,4,B,1,802020505020,20210719,2,37
8069,3,B,0,802020405020,20210719,2,38
8070,4,B,1,802016405020,20210719,2,39
8071,3,B,0,802016325020,20210719,2,40
8072,4,B,1,802012325020,20210719,2,41
8073,3,B,0,802012255020,20210719,2,42
8074,4,B,1,802010255020,20210719,2,43
8075,2,A,0,802020505020,20210719,2,44
8076,1,A,1,801620505020,20210719,2,45
8077,2,A,0,641620505020,20210719,2,46
8078,1,A,0,641220505020,20210719,2,47
8079,2,A,0,511220505020,20210719,2,48
8080,4,B,1,802020505020,20210719,2,49
8081,3,B,0,802020405020,20210719,2,50
8082,4,B,0,802016405020,20210719,2,51
8083,5,C,1,802020505020,20210719,2,52
8084,6,C,0,802020504020,20210719,2,53
8085,5,C,1,802020504016,20210719,2,54
8086,6,C,0,802020503216,20210719,2,55
8087,5,C,0,802020503212,20210719,2,56
8088,4,B,1,802020505020,20210719,2,57
8089,3,B,0,802020405020,20210719,2,58
8090,4,B,1,802016405020,20210719,2,59
8091,3,B,0,802016325020,20210719,2,60
8092,4,B,0,802012325020,20210719,2,61
8093,5,C,1,802020505020,20210719,2,62
8094,6,C,0,802020504020,20210719,2,63
8095,5,C,1,802020504016,20210719,2,64
8096,4,B,0,802020505020,20210719,2,65
8097,3,B,0,802020405020,20210719,2,66
8098,4,B,0,802016405020,20210719,2,67
8099,5,C,1,802020505020,20210719,2,68
8100,6,C,0,802020504020,20210719,2,69
8101,5,C,1,802020504016,20210719,2,70
8102,2,A,0,802020505020,20210719,2,71
8103,1,A,1,801620505020,20210719,2,72
8104,2,A,1,641620505020,20210719,2,73
8105,5,C,0,802020505020,20210719,2,74
8106,6,C,0,802020504020,20210719,2,75
8107,5,C,1,802020504016,20210719,2,76
8108,2,A,0,802020505020,20210719,2,77
8109,1,A,0,801620505020,20210719,2,78
8110,2,A,0,641620505020,20210719,2,79
8111,1,A,1,641220505020,20210719,2,80
8112,5,C,1,802020505020,20210719,2,81
8113,6,C,0,802020504020,20210719,2,82
8114,5,C,1,802020504016,20210719,2,83
8115,4,B,1,802020505020,20210719,2,84
8116,3,B,0,802020405020,20210719,2,85
8117,4,B,0,802016405020,20210719,2,86
8118,5,C,1,802020505020,20210719,2,87
8119,6,C,0,802020504020,20210719,2,88
8120,5,C,0,802020504016,20210719,2,89
8121,4,B,1,802020505020,20210719,2,90
8122,3,B,0,802020405020,20210719,2,91
8123,4,B,0,802016405020,20210719,2,92
8124,5,C,1,802020505020,20210719,2,93
8125,6,C,0,802020504020,20210719,2,94
8126,5,C,0,802020504016,20210719,2,95
8127,2,A,0,802020505020,20210719,2,96
8128,1,A,1,801620505020,20210719,2,97
8129,2,A,0,641620505020,20210719,2,98
8130,1,A,1,641220505020,20210719,2,99
8131,2,A,0,511220505020,20210719,2,100
8132,1,A,0,511020505020,20210719,2,101
8133,5,C,1,802020505020,20210719,2,102
8134,6,C,0,802020504020,20210719,2,103
8135,5,C,0,802020504016,20210719,2,104
8136,2,A,0,802020505020,20210719,2,105
8137,1,A,0,801620505020,20210719,2,106
8138,2,A,0,641620505020,20210719,2,107
8139,1,A,1,641220505020,20210719,2,108
8140,5,C,1,802020505020,20210719,2,109
8141,6,C,0,802020504020,20210719,2,110
8142,5,C,0,802020504016,20210719,2,111
8143,2,A,0,802020505020,20210719,2,112
8144,1,A,0,801620505020,20210719,2,113
8145,5,C,1,802020505020,20210719,2,114
8146,4,B,0,802020505020,20210719,2,115
8147,3,B,0,802020405020,20210719,2,116
8148,4,B,0,802016405020,20210719,2,117
8149,5,C,1,802020505020,20210719,2,118
8150,6,C,0,802020504020,20210719,2,119
8151,5,C,1,802020504016,20210719,2,120
8152,2,A,0,802020505020,20210719,2,121
8153,1,A,1,801620505020,20210719,2,122
8154,2,A,0,641620505020,20210719,2,123
8155,1,A,1,641220505020,20210719,2,124
8156,5,C,0,802020505020,20210719,2,125
8157,2,A,0,802020505020,20210719,2,126
8158,1,A,0,801620505020,20210719,2,127
8159,5,C,0,802020505020,20210719,2,128
8160,4,B,1,802020505020,20210719,2,129
8161,3,B,0,802020405020,20210719,2,130
8162,4,B,1,802016405020,20210719,2,131
8163,5,C,0,802020505020,20210719,2,132
8164,6,C,1,802020504020,20210719,2,133
8165,5,C,0,802020504016,20210719,2,134
8166,2,A,0,802020505020,20210719,2,135
8167,1,A,0,801620505020,20210719,2,136
8168,2,A,0,641620505020,20210719,2,137
8169,1,A,1,641220505020,20210719,2,138
8170,5,C,0,802020505020,20210719,2,139
8171,6,C,0,802020504020,20210719,2,140
8172,5,C,0,802020504016,20210719,2,141
8173,4,B,1,802020505020,20210719,2,142
8174,3,B,0,802020405020,20210719,2,143
8175,4,B,1,802016405020,20210719,2,144
8176,5,C,0,802020505020,20210719,2,145
8177,6,C,0,802020504020,20210719,2,146
8178,5,C,1,802020504016,20210719,2,147
8179,4,B,1,802020505020,20210719,2,148
8180,3,B,1,802020405020,20210719,2,149
8181,4,B,0,802016405020,20210719,2,150
8182,3,B,1,802016325020,20210719,2,151
8183,4,B,0,802012325020,20210719,2,152
8184,3,B,0,802012255020,20210719,2,153
8185,4,B,1,802010255020,20210719,2,154
8186,5,C,1,802020505020,20210719,2,155
8187,6,C,1,802020504020,20210719,2,156
8188,5,C,1,802020504016,20210719,2,157
8189,6,C,0,802020503216,20210719,2,158
8190,5,C,0,802020503212,20210719,2,159
8191,4,B,1,802020505020,20210719,2,160
8192,3,B,0,802020405020,20210719,2,161
8193,4,B,1,802016405020,20210719,2,162
8194,3,B,0,802016325020,20210719,2,163
8195,4,B,1,802012325020,20210719,2,164
8196,5,C,0,802020505020,20210719,2,165
8197,6,C,0,802020504020,20210719,2,166
8198,5,C,1,802020504016,20210719,2,167
8199,6,C,0,802020503216,20210719,2,168
8200,5,C,0,802020503212,20210719,2,169
8201,6,C,1,802020502512,20210719,2,170
8202,5,C,1,802020502510,20210719,2,171
8203,4,B,1,802020505020,20210719,2,172
8204,3,B,0,802020405020,20210719,2,173
8205,4,B,1,802016405020,20210719,2,174
8206,5,C,0,802020505020,20210719,2,175
8207,6,C,0,802020504020,20210719,2,176
8208,5,C,0,802020504016,20210719,2,177
8209,4,B,1,802020505020,20210719,2,178
8210,3,B,1,802020405020,20210719,2,179
8211,4,B,0,802016405020,20210719,2,180
8212,3,B,0,802016325020,20210719,2,181
8213,4,B,0,802012325020,20210719,2,182
8214,5,C,0,802020505020,20210719,2,183
8215,6,C,0,802020504020,20210719,2,184
8216,5,C,0,802020504016,20210719,2,185
8217,6,C,0,802020503216,20210719,2,186
8218,5,C,0,802020503212,20210719,2,187
8219,4,B,0,802020505020,20210719,2,188
8220,3,B,0,802020405020,20210719,2,189
8221,4,B,1,802016405020,20210719,2,190
8222,5,C,0,802020505020,20210719,2,191
8223,6,C,0,802020504020,20210719,2,192
8224,5,C,0,802020504016,20210719,2,193
8225,4,B,1,802020505020,20210719,2,194
8226,3,B,0,802020405020,20210719,2,195
8227,4,B,0,802016405020,20210719,2,196
8228,5,C,0,802020505020,20210719,2,197
8229,6,C,0,802020504020,20210719,2,198
8230,5,C,0,802020504016,20210719,2,199
8231,4,B,0,802020505020,20210719,2,200
8232,3,B,1,802020405020,20210719,2,201
8233,4,B,1,802016405020,20210719,2,202
8234,3,B,0,802016325020,20210719,2,203
8235,4,B,0,802012325020,20210719,2,204
8236,3,B,0,802012255020,20210719,2,205
8237,4,B,0,802010255020,20210719,2,206
8238,2,A,0,802020505020,20210719,2,207
8239,1,A,1,801620505020,20210719,2,208
8240,2,A,0,641620505020,20210719,2,209
8241,1,A,1,641220505020,20210719,2,210
8242,2,A,0,511220505020,20210719,2,211
8243,1,A,1,511020505020,20210719,2,212
8244,2,A,0,401020505020,20210719,2,213
8245,1,A,1,400820505020,20210719,2,214
8246,5,C,1,802020505020,20210719,2,215
8247,6,C,0,802020504020,20210719,2,216
8248,5,C,0,802020504016,20210719,2,217
8249,6,C,0,802020503216,20210719,2,218
8250,5,C,0,802020503212,20210719,2,219
8251,4,B,0,802020505020,20210719,2,220
8252,3,B,1,802020405020,20210719,2,221
8253,4,B,1,802016405020,20210719,2,222
8254,3,B,0,802016325020,20210719,2,223
8255,4,B,1,802012325020,20210719,2,224
8256,3,B,0,802012255020,20210719,2,225
8257,4,B,1,802010255020,20210719,2,226
8258,3,B,0,802010205020,20210719,2,227
8259,4,B,0,802008205020,20210719,2,228
8260,2,A,0,802020505020,20210719,2,229
8261,1,A,0,801620505020,20210719,2,230
8262,2,A,0,641620505020,20210719,2,231
8263,1,A,0,641220505020,20210719,2,232
8264,4,B,1,802020505020,20210719,2,233
8265,3,B,1,802020405020,20210719,2,234
8266,4,B,0,802016405020,20210719,2,235
8267,3,B,0,802016325020,20210719,2,236
8268,4,B,0,802012325020,20210719,2,237
8269,3,B,0,802012255020,20210719,2,238
8270,4,B,0,802010255020,20210719,2,239
8271,5,C,0,802020505020,20210719,2,240
8272,6,C,0,802020504020,20210719,2,241
8273,5,C,0,802020504016,20210719,2,242
8274,4,B,0,802020505020,20210719,2,243
8275,3,B,1,802020405020,20210719,2,244
8276,4,B,0,802016405020,20210719,2,245
8277,3,B,0,802016325020,20210719,2,246
8278,4,B,1,802012325020,20210719,2,247
8279,3,B,0,802012255020,20210719,2,248
8280,4,B,1,802010255020,20210719,2,249
8281,5,C,0,802020505020,20210719,2,250
8282,6,C,0,802020504020,20210719,2,251
8283,5,C,0,802020504016,20210719,2,252
8284,2,A,0,802020505020,20210719,2,253
8285,1,A,1,801620505020,20210719,2,254
8286,2,A,0,641620505020,20210719,2,255
8287,1,A,0,641220505020,20210719,2,256
8288,4,B,0,802020505020,20210719,2,257
8289,3,B,0,802020405020,20210719,2,258
8290,4,B,0,802016405020,20210719,2,259
8291,3,B,0,802016325020,20210719,2,260
8292,4,B,1,802012325020,20210719,2,261
8293,5,C,1,802020505020,20210719,2,262
8294,6,C,0,802020504020,20210719,2,263
8295,5,C,0,802020504016,20210719,2,264
8296,4,B,1,802020505020,20210719,2,265
8297,3,B,0,802020405020,20210719,2,266
8298,4,B,0,802016405020,20210719,2,267
8299,3,B,0,802016325020,20210719,2,268
8300,4,B,1,802012325020,20210719,2,269
8301,5,C,0,802020505020,20210719,2,270
8302,4,B,0,802020505020,20210719,2,271
8303,3,B,0,802020405020,20210719,2,272
8304,4,B,0,802016405020,20210719,2,273
8305,2,A,0,802020505020,20210719,2,274
8306,1,A,1,801620505020,20210719,2,275
8307,2,A,1,641620505020,20210719,2,276
8308,1,A,1,641220505020,20210719,2,277
8309,2,A,0,511220505020,20210719,2,278
8310,1,A,1,511020505020,20210719,2,279
8311,4,B,1,802020505020,20210719,2,280
8312,3,B,1,802020405020,20210719,2,281
8313,4,B,0,802016405020,20210719,2,282
8314,3,B,0,802016325020,20210719,2,283
8315,4,B,0,802012325020,20210719,2,284
8316,3,B,0,802012255020,20210719,2,285
8317,4,B,0,802010255020,20210719,2,286
8318,2,A,0,802020505020,20210719,2,287
8319,1,A,1,801620505020,20210719,2,288
8320,2,A,0,641620505020,20210719,2,289
8321,1,A,0,641220505020,20210719,2,290
8322,2,A,0,511220505020,20210719,2,291
8323,1,A,0,511020505020,20210719,2,292
8324,4,B,1,802020505020,20210719,2,293
8325,3,B,1,802020405020,20210719,2,294
8326,4,B,0,802016405020,20210719,2,295
8327,3,B,0,802016325020,20210719,2,296
8328,4,B,1,802012325020,20210719,2,297
8329,2,A,0,802020505020,20210719,2,298
8330,1,A,1,801620505020,20210719,2,299
8331,3,B,0,502050802080,20210719,3,0
8332,4,B,0,502040802080,20210719,3,1
8333,2,A,1,502050802080,20210719,3,2
8334,1,A,1,501650802080,20210719,3,3
8335,2,A,1,401650802080,20210719,3,4
8336,1,A,0,401250802080,20210719,3,5
8337,2,A,0,321250802080,20210719,3,6
8338,5,C,0,502050802080,20210719,3,7
8339,6,C,1,502050801680,20210719,3,8
8340,5,C,0,502050801664,20210719,3,9
8341,6,C,0,502050801264,20210719,3,10
8342,5,C,1,502050801251,20210719,3,11
8343,3,B,1,502050802080,20210719,3,12
8344,4,B,1,502040802080,20210719,3,13
8345,3,B,0,502040642080,20210719,3,14
8346,4,B,1,502032642080,20210719,3,15
8347,3,B,0,502032512080,20210719,3,16
8348,4,B,1,502025512080,20210719,3,17
8349,3,B,0,502025402080,20210719,3,18
8350,4,B,1,502020402080,20210719,3,19
8351,2,A,0,502050802080,20210719,3,20
8352,1,A,0,501650802080,20210719,3,21
8353,2,A,0,401650802080,20210719,3,22
8354,4,B,1,502050802080,20210719,3,23
8355,3,B,0,502050642080,20210719,3,24
8356,4,B,1,502040642080,20210719,3,25
8357,3,B,1,502040512080,20210719,3,26
8358,4,B,0,502032512080,20210719,3,27
8359,3,B,1,502032402080,20210719,3,28
8360,4,B,0,502025402080,20210719,3,29
8361,3,B,0,502025322080,20210719,3,30
8362,4,B,0,502020322080,20210719,3,31
8363,3,B,0,502020262080,20210719,3,32
8364,4,B,0,502016262080,20210719,3,33
8365,2,A,0,502050802080,20210719,3,34
8366,1,A,0,501650802080,20210719,3,35
8367,2,A,0,401650802080,20210719,3,36
8368,1,A,0,401250802080,20210719,3,37
8369,4,B,1,502050802080,20210719,3,38
8370,3,B,0,502050642080,20210719,3,39
8371,4,B,0,502040642080,20210719,3,40
8372,3,B,1,502040512080,20210719,3,41
8373,4,B,1,502032512080,20210719,3,42
8374,3,B,1,502032402080,20210719,3,43
8375,4,B,0,502025402080,20210719,3,44
8376,3,B,0,502025322080,20210719,3,45
8377,4,B,0,502020322080,20210719,3,46
8378,5,C,0,502050802080,20210719,3,47
8379,6,C,0,502050801680,20210719,3,48
8380,5,C,0,502050801664,20210719,3,49
8381,2,A,0,502050802080,20210719,3,50
8382,1,A,1,501650802080,20210719,3,51
8383,2,A,0,401650802080,20210719,3,52
8384,1,A,1,401250802080,20210719,3,53
8385,2,A,1,321250802080,20210719,3,54
8386,1,A,0,321050802080,20210719,3,55
8387,2,A,0,251050802080,20210719,3,56
8388,1,A,0,250850802080,20210719,3,57
8389,4,B,1,502050802080,20210719,3,58
8390,3,B,0,502050642080,20210719,3,59
8391,4,B,1,502040642080,20210719,3,60
8392,3,B,0,502040512080,20210719,3,61
8393,4,B,0,502032512080,20210719,3,62
8394,3,B,0,502032402080,20210719,3,63
8395,4,B,0,502025402080,20210719,3,64
8396,2,A,0,502050802080,20210719,3,65
8397,1,A,0,501650802080,20210719,3,66
8398,2,A,0,401650802080,20210719,3,67
8399,4,B,1,502050802080,20210719,3,68
8400,3,B,0,502050642080,20210719,3,69
8401,4,B,0,502040642080,20210719,3,70
8402,3,B,1,502040512080,20210719,3,71
8403,4,B,1,502032512080,20210719,3,72
8404,3,B,0,502032402080,20210719,3,73
8405,4,B,0,502025402080,20210719,3,74
8406,2,A,0,502050802080,20210719,3,75
8407,1,A,0,501650802080,20210719,3,76
8408,2,A,0,401650802080,20210719,3,77
8409,1,A,1,401250802080,20210719,3,78
8410,4,B,1,502050802080,20210719,3,79
8411,3,B,0,502050642080,20210719,3,80
8412,4,B,0,502040642080,20210719,3,81
8413,3,B,0,502040512080,20210719,3,82
8414,4,B,1,502032512080,20210719,3,83
8415,2,A,0,502050802080,20210719,3,84
8416,1,A,1,501650802080,20210719,3,85
8417,2,A,1,401650802080,20210719,3,86
8418,1,A,0,401250802080,20210719,3,87
8419,2,A,0,321250802080,20210719,3,88
8420,1,A,0,321050802080,20210719,3,89
8421,4,B,1,502050802080,20210719,3,90
8422,3,B,1,502050642080,20210719,3,91
8423,4,B,1,502040642080,20210719,3,92
8424,3,B,1,502040512080,20210719,3,93
8425,4,B,1,502032512080,20210719,3,94
8426,3,B,0,502032402080,20210719,3,95
8427,4,B,0,502025402080,20210719,3,96
8428,3,B,0,502025322080,20210719,3,97
8429,4,B,0,502020322080,20210719,3,98
8430,2,A,0,502050802080,20210719,3,99
8431,1,A,0,501650802080,20210719,3,100
8432,2,A,1,401650802080,20210719,3,101
8433,1,A,0,401250802080,20210719,3,102
8434,2,A,0,321250802080,20210719,3,103
8435,1,A,0,321050802080,20210719,3,104
8436,4,B,1,502050802080,20210719,3,105
8437,3,B,1,502050642080,20210719,3,106
8438,4,B,0,502040642080,20210719,3,107
8439,3,B,1,502040512080,20210719,3,108
8440,4,B,1,502032512080,20210719,3,109
8441,3,B,0,502032402080,20210719,3,110
8442,4,B,0,502025402080,20210719,3,111
8443,3,B,0,502025322080,20210719,3,112
8444,4,B,0,502020322080,20210719,3,113
8445,5,C,0,502050802080,20210719,3,114
8446,6,C,1,502050801680,20210719,3,115
8447,5,C,0,502050801664,20210719,3,116
8448,6,C,0,502050801264,20210719,3,117
8449,4,B,1,502050802080,20210719,3,118
8450,3,B,0,502050642080,20210719,3,119
8451,4,B,1,502040642080,20210719,3,120
8452,3,B,1,502040512080,20210719,3,121
8453,4,B,0,502032512080,20210719,3,122
8454,3,B,0,502032402080,20210719,3,123
8455,4,B,0,502025402080,20210719,3,124
8456,3,B,0,502025322080,20210719,3,125
8457,4,B,0,502020322080,20210719,3,126
8458,2,A,0,502050802080,20210719,3,127
8459,1,A,1,501650802080,20210719,3,128
8460,4,B,1,502050802080,20210719,3,129
8461,3,B,1,502050642080,20210719,3,130
8462,4,B,0,502040642080,20210719,3,131
8463,3,B,0,502040512080,20210719,3,132
8464,4,B,1,502032512080,20210719,3,133
8465,3,B,0,502032402080,20210719,3,134
8466,4,B,0,502025402080,20210719,3,135
8467,5,C,0,502050802080,20210719,3,136
8468,6,C,1,502050801680,20210719,3,137
8469,5,C,1,502050801664,20210719,3,138
8470,6,C,0,502050801264,20210719,3,139
8471,5,C,0,502050801251,20210719,3,140
8472,4,B,1,502050802080,20210719,3,141
8473,3,B,1,502050642080,20210719,3,142
8474,4,B,1,502040642080,20210719,3,143
8475,3,B,0,502040512080,20210719,3,144
8476,4,B,1,502032512080,20210719,3,145
8477,3,B,1,502032402080,20210719,3,146
8478,4,B,0,502025402080,20210719,3,147
8479,3,B,0,502025322080,20210719,3,148
8480,5,C,0,502050802080,20210719,3,149
8481,4,B,0,502050802080,20210719,3,150
8482,3,B,0,502050642080,20210719,3,151
8483,4,B,1,502040642080,20210719,3,152
8484,3,B,1,502040512080,20210719,3,153
8485,4,B,0,502032512080,20210719,3,154
8486,2,A,0,502050802080,20210719,3,155
8487,1,A,0,501650802080,20210719,3,156
8488,2,A,0,401650802080,20210719,3,157
8489,1,A,1,401250802080,20210719,3,158
8490,4,B,1,502050802080,20210719,3,159
8491,3,B,0,502050642080,20210719,3,160
8492,4,B,1,502040642080,20210719,3,161
8493,3,B,1,502040512080,20210719,3,162
8494,4,B,1,502032512080,20210719,3,163
8495,3,B,0,502032402080,20210719,3,164
8496,4,B,1,502025402080,20210719,3,165
8497,3,B,0,502025322080,20210719,3,166
8498,4,B,1,502020322080,20210719,3,167
8499,3,B,0,502020262080,20210719,3,168
8500,4,B,1,502016262080,20210719,3,169
8501,2,A,0,502050802080,20210719,3,170
8502,1,A,0,501650802080,20210719,3,171
8503,2,A,0,401650802080,20210719,3,172
8504,1,A,1,401250802080,20210719,3,173
8505,4,B,1,502050802080,20210719,3,174
8506,3,B,0,502050642080,20210719,3,175
8507,4,B,1,502040642080,20210719,3,176
8508,3,B,1,502040512080,20210719,3,177
8509,4,B,1,502032512080,20210719,3,178
8510,3,B,0,502032402080,20210719,3,179
8511,4,B,1,502025402080,20210719,3,180
8512,3,B,0,502025322080,20210719,3,181
8513,4,B,1,502020322080,20210719,3,182
8514,3,B,0,502020262080,20210719,3,183
8515,4,B,0,502016262080,20210719,3,184
8516,3,B,0,502016202080,20210719,3,185
8517,4,B,0,502013202080,20210719,3,186
8518,2,A,0,502050802080,20210719,3,187
8519,1,A,0,501650802080,20210719,3,188
8520,4,B,1,502050802080,20210719,3,189
8521,3,B,1,502050642080,20210719,3,190
8522,4,B,0,502040642080,20210719,3,191
8523,3,B,0,502040512080,20210719,3,192
8524,4,B,1,502032512080,20210719,3,193
8525,3,B,1,502032402080,20210719,3,194
8526,4,B,0,502025402080,20210719,3,195
8527,3,B,0,502025322080,20210719,3,196
8528,4,B,1,502020322080,20210719,3,197
8529,3,B,0,502020262080,20210719,3,198
8530,4,B,1,502016262080,20210719,3,199
8531,3,B,0,502016202080,20210719,3,200
8532,4,B,0,502013202080,20210719,3,201
8533,5,C,0,502050802080,20210719,3,202
8534,6,C,0,502050801680,20210719,3,203
8535,5,C,0,502050801664,20210719,3,204
8536,4,B,0,502050802080,20210719,3,205
8537,3,B,1,502050642080,20210719,3,206
8538,4,B,0,502040642080,20210719,3,207
8539,3,B,0,502040512080,20210719,3,208
8540,4,B,0,502032512080,20210719,3,209
8541,3,B,0,502032402080,20210719,3,210
8542,4,B,0,502025402080,20210719,3,211
8543,2,A,0,502050802080,20210719,3,212
8544,1,A,0,501650802080,20210719,3,213
8545,2,A,0,401650802080,20210719,3,214
8546,1,A,0,401250802080,20210719,3,215
8547,4,B,1,502050802080,20210719,3,216
8548,3,B,0,502050642080,20210719,3,217
8549,4,B,1,502040642080,20210719,3,218
8550,3,B,0,502040512080,20210719,3,219
8551,4,B,1,502032512080,20210719,3,220
8552,3,B,0,502032402080,20210719,3,221
8553,4,B,0,502025402080,20210719,3,222
8554,2,A,0,502050802080,20210719,3,223
8555,1,A,0,501650802080,20210719,3,224
8556,4,B,1,502050802080,20210719,3,225
8557,3,B,0,502050642080,20210719,3,226
8558,4,B,0,502040642080,20210719,3,227
8559,3,B,0,502040512080,20210719,3,228
8560,4,B,0,502032512080,20210719,3,229
8561,2,A,1,502050802080,20210719,3,230
8562,1,A,1,501650802080,20210719,3,231
8563,2,A,1,401650802080,20210719,3,232
8564,1,A,1,401250802080,20210719,3,233
8565,2,A,0,321250802080,20210719,3,234
8566,1,A,1,321050802080,20210719,3,235
8567,2,A,0,251050802080,20210719,3,236
8568,1,A,0,250850802080,20210719,3,237
8569,4,B,1,502050802080,20210719,3,238
8570,3,B,1,502050642080,20210719,3,239
8571,4,B,1,502040642080,20210719,3,240
8572,3,B,0,502040512080,20210719,3,241
8573,4,B,0,502032512080,20210719,3,242
8574,3,B,0,502032402080,20210719,3,243
8575,4,B,1,502025402080,20210719,3,244
8576,2,A,0,502050802080,20210719,3,245
8577,1,A,0,501650802080,20210719,3,246
8578,2,A,0,401650802080,20210719,3,247
8579,1,A,0,401250802080,20210719,3,248
8580,4,B,0,502050802080,20210719,3,249
8581,3,B,1,502050642080,20210719,3,250
8582,4,B,0,502040642080,20210719,3,251
8583,3,B,0,502040512080,20210719,3,252
8584,4,B,1,502032512080,20210719,3,253
8585,2,A,0,502050802080,20210719,3,254
8586,1,A,0,501650802080,20210719,3,255
8587,4,B,1,502050802080,20210719,3,256
8588,3,B,0,502050642080,20210719,3,257
8589,4,B,0,502040642080,20210719,3,258
8590,3,B,1,502040512080,20210719,3,259
8591,4,B,0,502032512080,20210719,3,260
8592,3,B,1,502032402080,20210719,3,261
8593,4,B,0,502025402080,20210719,3,262
8594,3,B,1,502025322080,20210719,3,263
8595,4,B,1,502020322080,20210719,3,264
8596,3,B,0,502020262080,20210719,3,265
8597,4,B,0,502016262080,20210719,3,266
8598,1,A,0,502050802080,20210719,3,267
8599,4,B,1,502050802080,20210719,3,268
8600,3,B,0,502050642080,20210719,3,269
8601,4,B,0,502040642080,20210719,3,270
8602,3,B,0,502040512080,20210719,3,271
8603,4,B,0,502032512080,20210719,3,272
8604,2,A,0,502050802080,20210719,3,273
8605,1,A,1,501650802080,20210719,3,274
8606,2,A,0,401650802080,20210719,3,275
8607,1,A,0,401250802080,20210719,3,276
8608,4,B,1,502050802080,20210719,3,277
8609,3,B,1,502050642080,20210719,3,278
8610,4,B,0,502040642080,20210719,3,279
8611,3,B,0,502040512080,20210719,3,280
8612,4,B,0,502032512080,20210719,3,281
8613,3,B,0,502032402080,20210719,3,282
8614,4,B,0,502025402080,20210719,3,283
8615,2,A,0,502050802080,20210719,3,284
8616,1,A,1,501650802080,20210719,3,285
8617,4,B,1,502050802080,20210719,3,286
8618,3,B,0,502050642080,20210719,3,287
8619,4,B,1,502040642080,20210719,3,288
8620,3,B,0,502040512080,20210719,3,289
8621,4,B,0,502032512080,20210719,3,290
8622,3,B,0,502032402080,20210719,3,291
8623,4,B,1,502025402080,20210719,3,292
8624,3,B,0,502025322080,20210719,3,293
8625,4,B,0,502020322080,20210719,3,294
8626,2,A,0,502050802080,20210719,3,295
8627,1,A,0,501650802080,20210719,3,296
8628,4,B,1,502050802080,20210719,3,297
8629,3,B,0,502050642080,20210719,3,298
8630,4,B,0,502040642080,20210719,3,299
8631,3,B,1,508080202020,20210719,4,0
8632,4,B,0,508064202020,20210719,4,1
8633,5,C,1,508080202020,20210719,4,2
8634,6,C,0,508080201620,20210719,4,3
8635,5,C,0,508080201616,20210719,4,4
8636,2,A,1,508080202020,20210719,4,5
8637,1,A,1,506480202020,20210719,4,6
8638,2,A,1,406480202020,20210719,4,7
8639,1,A,0,405180202020,20210719,4,8
8640,2,A,1,325180202020,20210719,4,9
8641,1,A,1,324080202020,20210719,4,10
8642,2,A,1,254080202020,20210719,4,11
8643,1,A,0,253280202020,20210719,4,12
8644,2,A,0,203280202020,20210719,4,13
8645,4,B,0,508080202020,20210719,4,14
8646,3,B,1,508080162020,20210719,4,15
8647,4,B,0,508064162020,20210719,4,16
8648,3,B,1,508064122020,20210719,4,17
8649,4,B,0,508051122020,20210719,4,18
8650,3,B,1,508051102020,20210719,4,19
8651,4,B,0,508040102020,20210719,4,20
8652,3,B,0,508040082020,20210719,4,21
8653,4,B,0,508032082020,20210719,4,22
8654,2,A,1,508080202020,20210719,4,23
8655,1,A,0,506480202020,20210719,4,24
8656,2,A,1,406480202020,20210719,4,25
8657,1,A,0,405180202020,20210719,4,26
8658,2,A,1,325180202020,20210719,4,27
8659,1,A,0,324080202020,20210719,4,28
8660,2,A,1,254080202020,20210719,4,29
8661,1,A,0,253280202020,20210719,4,30
8662,2,A,0,203280202020,20210719,4,31
8663,4,B,1,508080202020,20210719,4,32
8664,3,B,1,508080162020,20210719,4,33
8665,4,B,0,508064162020,20210719,4,34
8666,3,B,1,508064122020,20210719,4,35
8667,4,B,0,508051122020,20210719,4,36
8668,3,B,0,508051102020,20210719,4,37
8669,4,B,0,508040102020,20210719,4,38
8670,3,B,0,508040082020,20210719,4,39
8671,5,C,0,508080202020,20210719,4,40
8672,6,C,1,508080201620,20210719,4,41
8673,5,C,0,508080201616,20210719,4,42
8674,6,C,0,508080201216,20210719,4,43
8675,5,C,0,508080201212,20210719,4,44
8676,6,C,1,508080201012,20210719,4,45
8677,4,B,0,508080202020,20210719,4,46
8678,3,B,1,508080162020,20210719,4,47
8679,4,B,0,508064162020,20210719,4,48
8680,3,B,1,508064122020,20210719,4,49
8681,4,B,0,508051122020,20210719,4,50
8682,3,B,0,508051102020,20210719,4,51
8683,4,B,1,508040102020,20210719,4,52
8684,3,B,0,508040082020,20210719,4,53
8685,4,B,0,508032082020,20210719,4,54
8686,3,B,0,508032062020,20210719,4,55
8687,4,B,0,508026062020,20210719,4,56
8688,3,B,0,508026052020,20210719,4,57
8689,2,A,1,508080202020,20210719,4,58
8690,1,A,1,506480202020,20210719,4,59
8691,2,A,0,406480202020,20210719,4,60
8692,1,A,1,405180202020,20210719,4,61
8693,2,A,1,325180202020,20210719,4,62
8694,1,A,1,324080202020,20210719,4,63
8695,2,A,0,254080202020,20210719,4,64
8696,1,A,0,253280202020,20210719,4,65
8697,2,A,0,203280202020,20210719,4,66
8698,1,A,1,202680202020,20210719,4,67
8699,2,A,0,162680202020,20210719,4,68
8700,1,A,0,162080202020,20210719,4,69
8701,2,A,0,132080202020,20210719,4,70
8702,4,B,0,508080202020,20210719,4,71
8703,3,B,1,508080162020,20210719,4,72
8704,4,B,0,508064162020,20210719,4,73
8705,3,B,1,508064122020,20210719,4,74
8706,4,B,0,508051122020,20210719,4,75
8707,3,B,1,508051102020,20210719,4,76
8708,4,B,0,508040102020,20210719,4,77
8709,3,B,0,508040082020,20210719,4,78
8710,2,A,1,508080202020,20210719,4,79
8711,1,A,1,506480202020,20210719,4,80
8712,2,A,0,406480202020,20210719,4,81
8713,1,A,0,405180202020,20210719,4,82
8714,2,A,1,325180202020,20210719,4,83
8715,1,A,0,324080202020,20210719,4,84
8716,2,A,1,254080202020,20210719,4,85
8717,1,A,0,253280202020,20210719,4,86
8718,2,A,1,203280202020,20210719,4,87
8719,1,A,0,202680202020,20210719,4,88
8720,2,A,0,162680202020,20210719,4,89
8721,1,A,1,162080202020,20210719,4,90
8722,2,A,0,132080202020,20210719,4,91
8723,1,A,0,131680202020,20210719,4,92
8724,2,A,1,101680202020,20210719,4,93
8725,3,B,1,508080202020,20210719,4,94
8726,4,B,1,508064202020,20210719,4,95
8727,3,B,1,508064162020,20210719,4,96
8728,4,B,0,508051162020,20210719,4,97
8729,3,B,1,508051122020,20210719,4,98
8730,4,B,0,508040122020,20210719,4,99
8731,3,B,0,508040102020,20210719,4,100
8732,2,A,0,508080202020,20210719,4,101
8733,1,A,1,506480202020,20210719,4,102
8734,2,A,1,406480202020,20210719,4,103
8735,1,A,1,405180202020,20210719,4,104
8736,2,A,1,325180202020,20210719,4,105
8737,1,A,0,324080202020,20210719,4,106
8738,2,A,1,254080202020,20210719,4,107
8739,1,A,0,253280202020,20210719,4,108
8740,2,A,0,203280202020,20210719,4,109
8741,4,B,0,508080202020,20210719,4,110
8742,3,B,0,508080162020,20210719,4,111
8743,4,B,0,508064162020,20210719,4,112
8744,3,B,0,508064122020,20210719,4,113
8745,2,A,1,508080202020,20210719,4,114
8746,1,A,1,506480202020,20210719,4,115
8747,2,A,1,406480202020,20210719,4,116
8748,1,A,0,405180202020,20210719,4,117
8749,2,A,1,325180202020,20210719,4,118
8750,1,A,1,324080202020,20210719,4,119
8751,2,A,0,254080202020,20210719,4,120
8752,1,A,0,253280202020,20210719,4,121
8753,2,A,0,203280202020,20210719,4,122
8754,3,B,1,508080202020,20210719,4,123
8755,4,B,0,508064202020,20210719,4,124
8756,3,B,1,508064162020,20210719,4,125
8757,4,B,0,508051162020,20210719,4,126
8758,3,B,1,508051122020,20210719,4,127
8759,2,A,1,508080202020,20210719,4,128
8760,1,A,1,506480202020,20210719,4,129
8761,2,A,0,406480202020,20210719,4,130
8762,1,A,0,405180202020,20210719,4,131
8763,2,A,0,325180202020,20210719,4,132
8764,1,A,0,324080202020,20210719,4,133
8765,2,A,0,254080202020,20210719,4,134
8766,3,B,1,508080202020,20210719,4,135
8767,4,B,0,508064202020,20210719,4,136
8768,3,B,1,508064162020,20210719,4,137
8769,2,A,1,508080202020,20210719,4,138
8770,1,A,1,506480202020,20210719,4,139
8771,2,A,1,406480202020,20210719,4,140
8772,1,A,1,405180202020,20210719,4,141
8773,2,A,0,325180202020,20210719,4,142
8774,1,A,0,324080202020,20210719,4,143
8775,2,A,0,254080202020,20210719,4,144
8776,1,A,1,253280202020,20210719,4,145
8777,2,A,0,203280202020,20210719,4,146
8778,1,A,0,202680202020,20210719,4,147
8779,2,A,0,162680202020,20210719,4,148
8780,3,B,1,508080202020,20210719,4,149
8781,4,B,1,508064202020,20210719,4,150
8782,3,B,1,508064162020,20210719,4,151
8783,4,B,0,508051162020,20210719,4,152
8784,3,B,0,508051122020,20210719,4,153
8785,2,A,1,508080202020,20210719,4,154
8786,1,A,1,506480202020,20210719,4,155
8787,2,A,0,406480202020,20210719,4,156
8788,1,A,0,405180202020,20210719,4,157
8789,2,A,1,325180202020,20210719,4,158
8790,1,A,0,324080202020,20210719,4,159
8791,2,A,0,254080202020,20210719,4,160
8792,1,A,0,253280202020,20210719,4,161
8793,2,A,0,203280202020,20210719,4,162
8794,3,B,1,508080202020,20210719,4,163
8795,4,B,0,508064202020,20210719,4,164
8796,3,B,1,508064162020,20210719,4,165
8797,4,B,0,508051162020,20210719,4,166
8798,3,B,0,508051122020,20210719,4,167
8799,2,A,1,508080202020,20210719,4,168
8800,1,A,0,506480202020,20210719,4,169
8801,2,A,1,406480202020,20210719,4,170
8802,1,A,1,405180202020,20210719,4,171
8803,2,A,1,325180202020,20210719,4,172
8804,1,A,0,324080202020,20210719,4,173
8805,2,A,1,254080202020,20210719,4,174
8806,1,A,0,253280202020,20210719,4,175
8807,2,A,1,203280202020,20210719,4,176
8808,1,A,0,202680202020,20210719,4,177
8809,2,A,0,162680202020,20210719,4,178
8810,3,B,1,508080202020,20210719,4,179
8811,4,B,0,508064202020,20210719,4,180
8812,3,B,1,508064162020,20210719,4,181
8813,4,B,0,508051162020,20210719,4,182
8814,3,B,0,508051122020,20210719,4,183
8815,2,A,1,508080202020,20210719,4,184
8816,1,A,0,506480202020,20210719,4,185
8817,2,A,0,406480202020,20210719,4,186
8818,1,A,0,405180202020,20210719,4,187
8819,2,A,0,325180202020,20210719,4,188
8820,3,B,1,508080202020,20210719,4,189
8821,4,B,1,508064202020,20210719,4,190
8822,3,B,0,508064162020,20210719,4,191
8823,2,A,1,508080202020,20210719,4,192
8824,1,A,0,506480202020,20210719,4,193
8825,2,A,0,406480202020,20210719,4,194
8826,3,B,0,508080202020,20210719,4,195
8827,4,B,0,508064202020,20210719,4,196
8828,3,B,0,508064162020,20210719,4,197
8829,2,A,1,508080202020,20210719,4,198
8830,1,A,0,506480202020,20210719,4,199
8831,2,A,1,406480202020,20210719,4,200
8832,1,A,0,405180202020,20210719,4,201
8833,2,A,0,325180202020,20210719,4,202
8834,3,B,1,508080202020,20210719,4,203
8835,4,B,1,508064202020,20210719,4,204
8836,3,B,0,508064162020,20210719,4,205
8837,2,A,1,508080202020,20210719,4,206
8838,1,A,1,506480202020,20210719,4,207
8839,2,A,0,406480202020,20210719,4,208
8840,1,A,0,405180202020,20210719,4,209
8841,2,A,1,325180202020,20210719,4,210
8842,3,B,1,508080202020,20210719,4,211
8843,4,B,0,508064202020,20210719,4,212
8844,3,B,0,508064162020,20210719,4,213
8845,2,A,1,508080202020,20210719,4,214
8846,1,A,0,506480202020,20210719,4,215
8847,2,A,1,406480202020,20210719,4,216
8848,1,A,0,405180202020,20210719,4,217
8849,2,A,1,325180202020,20210719,4,218
8850,3,B,0,508080202020,20210719,4,219
8851,4,B,0,508064202020,20210719,4,220
8852,3,B,0,508064162020,20210719,4,221
8853,2,A,1,508080202020,20210719,4,222
8854,1,A,1,506480202020,20210719,4,223
8855,2,A,1,406480202020,20210719,4,224
8856,1,A,0,405180202020,20210719,4,225
8857,2,A,1,325180202020,20210719,4,226
8858,3,B,1,508080202020,20210719,4,227
8859,4,B,0,508064202020,20210719,4,228
8860,3,B,0,508064162020,20210719,4,229
8861,2,A,1,508080202020,20210719,4,230
8862,1,A,0,506480202020,20210719,4,231
8863,2,A,1,406480202020,20210719,4,232
8864,1,A,0,405180202020,20210719,4,233
8865,2,A,0,325180202020,20210719,4,234
8866,3,B,1,508080202020,20210719,4,235
8867,4,B,0,508064202020,20210719,4,236
8868,3,B,1,508064162020,20210719,4,237
8869,2,A,0,508080202020,20210719,4,238
8870,1,A,0,506480202020,20210719,4,239
8871,2,A,1,406480202020,20210719,4,240
8872,3,B,1,508080202020,20210719,4,241
8873,4,B,0,508064202020,20210719,4,242
8874,3,B,1,508064162020,20210719,4,243
8875,2,A,1,508080202020,20210719,4,244
8876,1,A,0,506480202020,20210719,4,245
8877,2,A,1,406480202020,20210719,4,246
8878,3,B,0,508080202020,20210719,4,247
8879,4,B,0,508064202020,20210719,4,248
8880,3,B,1,508064162020,20210719,4,249
8881,2,A,0,508080202020,20210719,4,250
8882,1,A,1,506480202020,20210719,4,251
8883,2,A,0,406480202020,20210719,4,252
8884,1,A,1,405180202020,20210719,4,253
8885,2,A,1,325180202020,20210719,4,254
8886,1,A,1,324080202020,20210719,4,255
8887,2,A,0,254080202020,20210719,4,256
8888,1,A,0,253280202020,20210719,4,257
8889,2,A,1,203280202020,20210719,4,258
8890,1,A,0,202680202020,20210719,4,259
8891,2,A,0,162680202020,20210719,4,260
8892,3,B,1,508080202020,20210719,4,261
8893,4,B,0,508064202020,20210719,4,262
8894,3,B,1,508064162020,20210719,4,263
8895,2,A,1,508080202020,20210719,4,264
8896,1,A,0,506480202020,20210719,4,265
8897,2,A,1,406480202020,20210719,4,266
8898,1,A,0,405180202020,20210719,4,267
8899,2,A,1,325180202020,20210719,4,268
8900,1,A,1,324080202020,20210719,4,269
8901,2,A,0,254080202020,20210719,4,270
8902,1,A,0,253280202020,20210719,4,271
8903,2,A,0,203280202020,20210719,4,272
8904,1,A,0,202680202020,20210719,4,273
8905,2,A,0,162680202020,20210719,4,274
8906,3,B,1,508080202020,20210719,4,275
8907,4,B,0,508064202020,20210719,4,276
8908,3,B,1,508064162020,20210719,4,277
8909,2,A,1,508080202020,20210719,4,278
8910,1,A,1,506480202020,20210719,4,279
8911,2,A,1,406480202020,20210719,4,280
8912,1,A,0,405180202020,20210719,4,281
8913,2,A,1,325180202020,20210719,4,282
8914,1,A,1,324080202020,20210719,4,283
8915,2,A,1,254080202020,20210719,4,284
8916,1,A,1,253280202020,20210719,4,285
8917,2,A,1,203280202020,20210719,4,286
8918,1,A,0,202680202020,20210719,4,287
8919,2,A,0,162680202020,20210719,4,288
8920,1,A,0,162080202020,20210719,4,289
8921,2,A,0,132080202020,20210719,4,290
8922,3,B,1,508080202020,20210719,4,291
8923,2,A,0,508080202020,20210719,4,292
8924,1,A,1,506480202020,20210719,4,293
8925,2,A,0,406480202020,20210719,4,294
8926,1,A,1,405180202020,20210719,4,295
8927,2,A,0,325180202020,20210719,4,296
8928,1,A,0,324080202020,20210719,4,297
8929,2,A,1,254080202020,20210719,4,298
8930,1,A,1,253280202020,20210719,4,299
8931,4,B,0,502020208020,20210719,5,0
8932,3,B,0,502020168020,20210719,5,1
8933,4,B,1,502016168020,20210719,5,2
8934,3,B,0,502016128020,20210719,5,3
8935,4,B,0,502012128020,20210719,5,4
8936,5,C,1,502020208020,20210719,5,5
8937,6,C,0,502020206420,20210719,5,6
8938,5,C,1,502020206416,20210719,5,7
8939,6,C,0,502020205116,20210719,5,8
8940,5,C,0,502020205112,20210719,5,9
8941,6,C,0,502020204012,20210719,5,10
8942,2,A,0,502020208020,20210719,5,11
8943,1,A,1,501620208020,20210719,5,12
8944,2,A,0,401620208020,20210719,5,13
8945,1,A,0,401220208020,20210719,5,14
8946,2,A,0,321220208020,20210719,5,15
8947,3,B,0,502020208020,20210719,5,16
8948,4,B,0,502016208020,20210719,5,17
8949,3,B,0,502016168020,20210719,5,18
8950,4,B,0,502012168020,20210719,5,19
8951,2,A,0,502020208020,20210719,5,20
8952,1,A,1,501620208020,20210719,5,21
8953,2,A,0,401620208020,20210719,5,22
8954,1,A,1,401220208020,20210719,5,23
8955,2,A,0,321220208020,20210719,5,24
8956,1,A,0,321020208020,20210719,5,25
8957,2,A,0,251020208020,20210719,5,26
8958,1,A,0,250820208020,20210719,5,27
8959,2,A,0,200820208020,20210719,5,28
8960,4,B,0,502020208020,20210719,5,29
8961,3,B,0,502020168020,20210719,5,30
8962,4,B,0,502016168020,20210719,5,31
8963,3,B,0,502016128020,20210719,5,32
8964,5,C,1,502020208020,20210719,5,33
8965,6,C,0,502020206420,20210719,5,34
8966,5,C,0,502020206416,20210719,5,35
8967,6,C,0,502020205116,20210719,5,36
8968,5,C,0,502020205112,20210719,5,37
8969,2,A,0,502020208020,20210719,5,38
8970,1,A,0,501620208020,20210719,5,39
8971,2,A,0,401620208020,20210719,5,40
8972,1,A,1,401220208020,20210719,5,41
8973,3,B,0,502020208020,20210719,5,42
8974,4,B,0,502016208020,20210719,5,43
8975,3,B,0,502016168020,20210719,5,44
8976,4,B,0,502012168020,20210719,5,45
8977,2,A,0,502020208020,20210719,5,46
8978,1,A,1,501620208020,20210719,5,47
8979,2,A,0,401620208020,20210719,5,48
8980,1,A,1,401220208020,20210719,5,49
8981,4,B,0,502020208020,20210719,5,50
8982,3,B,0,502020168020,20210719,5,51
8983,4,B,0,502016168020,20210719,5,52
8984,3,B,0,502016128020,20210719,5,53
8985,4,B,1,502012128020,20210719,5,54
8986,3,B,0,502012108020,20210719,5,55
8987,4,B,0,502010108020,20210719,5,56
8988,2,A,1,502020208020,20210719,5,57
8989,1,A,1,501620208020,20210719,5,58
8990,2,A,1,401620208020,20210719,5,59
8991,1,A,0,401220208020,20210719,5,60
8992,2,A,0,321220208020,20210719,5,61
8993,1,A,0,321020208020,20210719,5,62
8994,2,A,0,251020208020,20210719,5,63
8995,1,A,0,250820208020,20210719,5,64
8996,2,A,0,200820208020,20210719,5,65
8997,1,A,1,200620208020,20210719,5,66
8998,2,A,0,160620208020,20210719,5,67
8999,1,A,0,160520208020,20210719,5,68
9000,2,A,0,130520208020,20210719,5,69
9001,1,A,0,130420208020,20210719,5,70
9002,3,B,0,502020208020,20210719,5,71
9003,4,B,1,502016208020,20210719,5,72
9004,3,B,0,502016168020,20210719,5,73
9005,4,B,0,502012168020,20210719,5,74
9006,3,B,0,502012128020,20210719,5,75
9007,2,A,1,502020208020,20210719,5,76
9008,1,A,1,501620208020,20210719,5,77
9009,2,A,0,401620208020,20210719,5,78
9010,1,A,0,401220208020,20210719,5,79
9011,2,A,0,321220208020,20210719,5,80
9012,1,A,0,321020208020,20210719,5,81
9013,3,B,0,502020208020,20210719,5,82
9014,4,B,0,502016208020,20210719,5,83
9015,3,B,0,502016168020,20210719,5,84
9016,2,A,0,502020208020,20210719,5,85
9017,1,A,1,501620208020,20210719,5,86
9018,2,A,1,401620208020,20210719,5,87
9019,1,A,0,401220208020,20210719,5,88
9020,2,A,0,321220208020,20210719,5,89
9021,1,A,0,321020208020,20210719,5,90
9022,4,B,1,502020208020,20210719,5,91
9023,3,B,1,502020168020,20210719,5,92
9024,4,B,0,502016168020,20210719,5,93
9025,3,B,0,502016128020,20210719,5,94
9026,2,A,0,502020208020,20210719,5,95
9027,1,A,1,501620208020,20210719,5,96
9028,2,A,0,401620208020,20210719,5,97
9029,1,A,0,401220208020,20210719,5,98
9030,2,A,0,321220208020,20210719,5,99
9031,1,A,0,321020208020,20210719,5,100
9032,5,C,1,502020208020,20210719,5,101
9033,6,C,0,502020206420,20210719,5,102
9034,5,C,0,502020206416,20210719,5,103
9035,6,C,0,502020205116,20210719,5,104
9036,5,C,1,502020205112,20210719,5,105
9037,2,A,0,502020208020,20210719,5,106
9038,1,A,0,501620208020,20210719,5,107
9039,2,A,0,401620208020,20210719,5,108
9040,1,A,0,401220208020,20210719,5,109
9041,3,B,0,502020208020,20210719,5,110
9042,4,B,0,502016208020,20210719,5,111
9043,3,B,0,502016168020,20210719,5,112
9044,2,A,0,502020208020,20210719,5,113
9045,1,A,0,501620208020,20210719,5,114
9046,2,A,1,401620208020,20210719,5,115
9047,1,A,0,401220208020,20210719,5,116
9048,4,B,0,502020208020,20210719,5,117
9049,3,B,0,502020168020,20210719,5,118
9050,4,B,0,502016168020,20210719,5,119
9051,5,C,1,502020208020,20210719,5,120
9052,6,C,0,502020206420,20210719,5,121
9053,5,C,0,502020206416,20210719,5,122
9054,6,C,0,502020205116,20210719,5,123
9055,5,C,1,502020205112,20210719,5,124
9056,2,A,0,502020208020,20210719,5,125
9057,1,A,1,501620208020,20210719,5,126
9058,2,A,0,401620208020,20210719,5,127
9059,1,A,0,401220208020,20210719,5,128
9060,5,C,1,502020208020,20210719,5,129
9061,6,C,1,502020206420,20210719,5,130
9062,5,C,1,502020206416,20210719,5,131
9063,6,C,0,502020205116,20210719,5,132
9064,5,C,1,502020205112,20210719,5,133
9065,6,C,0,502020204012,20210719,5,134
9066,5,C,1,502020204010,20210719,5,135
9067,6,C,0,502020203210,20210719,5,136
9068,5,C,0,502020203208,20210719,5,137
9069,2,A,0,502020208020,20210719,5,138
9070,1,A,1,501620208020,20210719,5,139
9071,2,A,0,401620208020,20210719,5,140
9072,1,A,0,401220208020,20210719,5,141
9073,5,C,1,502020208020,20210719,5,142
9074,6,C,0,502020206420,20210719,5,143
9075,5,C,1,502020206416,20210719,5,144
9076,6,C,0,502020205116,20210719,5,145
9077,5,C,0,502020205112,20210719,5,146
9078,6,C,0,502020204012,20210719,5,147
9079,5,C,1,502020204010,20210719,5,148
9080,3,B,1,502020208020,20210719,5,149
9081,4,B,0,502016208020,20210719,5,150
9082,3,B,0,502016168020,20210719,5,151
9083,5,C,1,502020208020,20210719,5,152
9084,6,C,0,502020206420,20210719,5,153
9085,5,C,1,502020206416,20210719,5,154
9086,6,C,0,502020205116,20210719,5,155
9087,5,C,1,502020205112,20210719,5,156
9088,6,C,0,502020204012,20210719,5,157
9089,5,C,0,502020204010,20210719,5,158
9090,3,B,0,502020208020,20210719,5,159
9091,4,B,0,502016208020,20210719,5,160
9092,3,B,0,502016168020,20210719,5,161
9093,5,C,1,502020208020,20210719,5,162
9094,6,C,0,502020206420,20210719,5,163
9095,5,C,1,502020206416,20210719,5,164
9096,2,A,1,502020208020,20210719,5,165
9097,1,A,1,501620208020,20210719,5,166
9098,2,A,0,401620208020,20210719,5,167
9099,1,A,0,401220208020,20210719,5,168
9100,2,A,0,321220208020,20210719,5,169
9101,5,C,0,502020208020,20210719,5,170
9102,6,C,0,502020206420,20210719,5,171
9103,5,C,1,502020206416,20210719,5,172
9104,6,C,0,502020205116,20210719,5,173
9105,5,C,0,502020205112,20210719,5,174
9106,2,A,0,502020208020,20210719,5,175
9107,1,A,0,501620208020,20210719,5,176
9108,2,A,0,401620208020,20210719,5,177
9109,1,A,1,401220208020,20210719,5,178
9110,5,C,0,502020208020,20210719,5,179
9111,6,C,1,502020206420,20210719,5,180
9112,5,C,0,502020206416,20210719,5,181
9113,6,C,0,502020205116,20210719,5,182
9114,5,C,0,502020205112,20210719,5,183
9115,3,B,0,502020208020,20210719,5,184
9116,4,B,1,502016208020,20210719,5,185
9117,3,B,1,502016168020,20210719,5,186
9118,4,B,0,502012168020,20210719,5,187
9119,3,B,0,502012128020,20210719,5,188
9120,5,C,1,502020208020,20210719,5,189
9121,6,C,0,502020206420,20210719,5,190
9122,5,C,1,502020206416,20210719,5,191
9123,6,C,0,502020205116,20210719,5,192
9124,5,C,0,502020205112,20210719,5,193
9125,6,C,0,502020204012,20210719,5,194
9126,5,C,1,502020204010,20210719,5,195
9127,2,A,0,502020208020,20210719,5,196
9128,1,A,1,501620208020,20210719,5,197
9129,2,A,0,401620208020,20210719,5,198
9130,1,A,0,401220208020,20210719,5,199
9131,5,C,1,502020208020,20210719,5,200
9132,6,C,1,502020206420,20210719,5,201
9133,5,C,1,502020206416,20210719,5,202
9134,6,C,0,502020205116,20210719,5,203
9135,5,C,1,502020205112,20210719,5,204
9136,6,C,0,502020204012,20210719,5,205
9137,5,C,1,502020204010,20210719,5,206
9138,2,A,0,502020208020,20210719,5,207
9139,1,A,1,501620208020,20210719,5,208
9140,5,C,0,502020208020,20210719,5,209
9141,6,C,0,502020206420,20210719,5,210
9142,5,C,0,502020206416,20210719,5,211
9143,3,B,0,502020208020,20210719,5,212
9144,4,B,0,502016208020,20210719,5,213
9145,3,B,0,502016168020,20210719,5,214
9146,5,C,0,502020208020,20210719,5,215
9147,2,A,1,502020208020,20210719,5,216
9148,1,A,1,501620208020,20210719,5,217
9149,2,A,0,401620208020,20210719,5,218
9150,1,A,0,401220208020,20210719,5,219
9151,5,C,1,502020208020,20210719,5,220
9152,6,C,0,502020206420,20210719,5,221
9153,5,C,1,502020206416,20210719,5,222
9154,6,C,0,502020205116,20210719,5,223
9155,5,C,1,502020205112,20210719,5,224
9156,6,C,0,502020204012,20210719,5,225
9157,5,C,1,502020204010,20210719,5,226
9158,2,A,0,502020208020,20210719,5,227
9159,1,A,1,501620208020,20210719,5,228
9160,2,A,0,401620208020,20210719,5,229
9161,1,A,1,401220208020,20210719,5,230
9162,2,A,0,321220208020,20210719,5,231
9163,1,A,0,321020208020,20210719,5,232
9164,5,C,1,502020208020,20210719,5,233
9165,6,C,1,502020206420,20210719,5,234
9166,5,C,1,502020206416,20210719,5,235
9167,6,C,1,502020205116,20210719,5,236
9168,5,C,0,502020205112,20210719,5,237
9169,6,C,0,502020204012,20210719,5,238
9170,5,C,1,502020204010,20210719,5,239
9171,2,A,0,502020208020,20210719,5,240
9172,1,A,1,501620208020,20210719,5,241
9173,2,A,0,401620208020,20210719,5,242
9174,1,A,1,401220208020,20210719,5,243
9175,3,B,0,502020208020,20210719,5,244
9176,4,B,0,502016208020,20210719,5,245
9177,3,B,0,502016168020,20210719,5,246
9178,5,C,1,502020208020,20210719,5,247
9179,6,C,0,502020206420,20210719,5,248
9180,5,C,1,502020206416,20210719,5,249
9181,6,C,0,502020205116,20210719,5,250
9182,5,C,0,502020205112,20210719,5,251
9183,2,A,0,502020208020,20210719,5,252
9184,1,A,1,501620208020,20210719,5,253
9185,2,A,0,401620208020,20210719,5,254
9186,1,A,0,401220208020,20210719,5,255
9187,5,C,1,502020208020,20210719,5,256
9188,6,C,0,502020206420,20210719,5,257
9189,5,C,1,502020206416,20210719,5,258
9190,6,C,0,502020205116,20210719,5,259
9191,5,C,0,502020205112,20210719,5,260
9192,4,B,0,502020208020,20210719,5,261
9193,3,B,0,502020168020,20210719,5,262
9194,4,B,0,502016168020,20210719,5,263
9195,2,A,1,502020208020,20210719,5,264
9196,1,A,1,501620208020,20210719,5,265
9197,2,A,0,401620208020,20210719,5,266
9198,1,A,0,401220208020,20210719,5,267
9199,2,A,1,321220208020,20210719,5,268
9200,1,A,0,321020208020,20210719,5,269
9201,2,A,1,251020208020,20210719,5,270
9202,1,A,0,250820208020,20210719,5,271
9203,2,A,0,200820208020,20210719,5,272
9204,1,A,0,200620208020,20210719,5,273
9205,5,C,1,502020208020,20210719,5,274
9206,6,C,0,502020206420,20210719,5,275
9207,5,C,1,502020206416,20210719,5,276
9208,6,C,0,502020205116,20210719,5,277
9209,5,C,0,502020205112,20210719,5,278
9210,2,A,1,502020208020,20210719,5,279
9211,1,A,1,501620208020,20210719,5,280
9212,2,A,0,401620208020,20210719,5,281
9213,1,A,0,401220208020,20210719,5,282
9214,2,A,0,321220208020,20210719,5,283
9215,1,A,0,321020208020,20210719,5,284
9216,3,B,0,502020208020,20210719,5,285
9217,4,B,0,502016208020,20210719,5,286
9218,5,C,1,502020208020,20210719,5,287
9219,6,C,0,502020206420,20210719,5,288
9220,5,C,1,502020206416,20210719,5,289
9221,6,C,0,502020205116,20210719,5,290
9222,5,C,0,502020205112,20210719,5,291
9223,2,A,1,502020208020,20210719,5,292
9224,1,A,1,501620208020,20210719,5,293
9225,2,A,1,401620208020,20210719,5,294
9226,1,A,1,401220208020,20210719,5,295
9227,2,A,0,321220208020,20210719,5,296
9228,1,A,0,321020208020,20210719,5,297
9229,2,A,0,251020208020,20210719,5,298
9230,1,A,0,250820208020,20210719,5,299
9231,3,B,0,502020802020,20210720,1,0
9232,4,B,1,502016802020,20210720,1,1
9233,5,C,0,502020802020,20210720,1,2
9234,6,C,0,502020801620,20210720,1,3
9235,5,C,0,502020801616,20210720,1,4
9236,2,A,0,502020802020,20210720,1,5
9237,1,A,1,501620802020,20210720,1,6
9238,2,A,0,401620802020,20210720,1,7
9239,1,A,1,401220802020,20210720,1,8
9240,2,A,0,321220802020,20210720,1,9
9241,1,A,0,321020802020,20210720,1,10
9242,3,B,0,502020802020,20210720,1,11
9243,4,B,1,502016802020,20210720,1,12
9244,3,B,0,502016642020,20210720,1,13
9245,4,B,1,502012642020,20210720,1,14
9246,5,C,0,502020802020,20210720,1,15
9247,6,C,1,502020801620,20210720,1,16
9248,5,C,0,502020801616,20210720,1,17
9249,6,C,0,502020801216,20210720,1,18
9250,5,C,0,502020801212,20210720,1,19
9251,2,A,0,502020802020,20210720,1,20
9252,1,A,0,501620802020,20210720,1,21
9253,2,A,0,401620802020,20210720,1,22
9254,1,A,0,401220802020,20210720,1,23
9255,3,B,1,502020802020,20210720,1,24
9256,4,B,1,502016802020,20210720,1,25
9257,3,B,0,502016642020,20210720,1,26
9258,4,B,0,502012642020,20210720,1,27
9259,3,B,0,502012512020,20210720,1,28
9260,4,B,0,502010512020,20210720,1,29
9261,2,A,0,502020802020,20210720,1,30
9262,1,A,1,501620802020,20210720,1,31
9263,2,A,0,401620802020,20210720,1,32
9264,1,A,1,401220802020,20210720,1,33
9265,2,A,0,321220802020,20210720,1,34
9266,1,A,0,321020802020,20210720,1,35
9267,5,C,0,502020802020,20210720,1,36
9268,6,C,1,502020801620,20210720,1,37
9269,5,C,0,502020801616,20210720,1,38
9270,4,B,1,502020802020,20210720,1,39
9271,3,B,0,502020642020,20210720,1,40
9272,4,B,0,502016642020,20210720,1,41
9273,3,B,0,502016512020,20210720,1,42
9274,4,B,0,502012512020,20210720,1,43
9275,2,A,1,502020802020,20210720,1,44
9276,1,A,0,501620802020,20210720,1,45
9277,2,A,0,401620802020,20210720,1,46
9278,1,A,0,401220802020,20210720,1,47
9279,4,B,1,502020802020,20210720,1,48
9280,3,B,0,502020642020,20210720,1,49
9281,4,B,1,502016642020,20210720,1,50
9282,2,A,0,502020802020,20210720,1,51
9283,1,A,0,501620802020,20210720,1,52
9284,2,A,1,401620802020,20210720,1,53
9285,1,A,1,401220802020,20210720,1,54
9286,2,A,0,321220802020,20210720,1,55
9287,1,A,0,321020802020,20210720,1,56
9288,5,C,0,502020802020,20210720,1,57
9289,6,C,0,502020801620,20210720,1,58
9290,5,C,0,502020801616,20210720,1,59
9291,4,B,1,502020802020,20210720,1,60
9292,3,B,1,502020642020,20210720,1,61
9293,4,B,1,502016642020,20210720,1,62
9294,3,B,0,502016512020,20210720,1,63
9295,4,B,1,502012512020,20210720,1,64
9296,2,A,0,502020802020,20210720,1,65
9297,1,A,1,501620802020,20210720,1,66
9298,2,A,0,401620802020,20210720,1,67
9299,1,A,1,401220802020,20210720,1,68
9300,2,A,0,321220802020,20210720,1,69
9301,1,A,1,321020802020,20210720,1,70
9302,4,B,0,502020802020,20210720,1,71
9303,3,B,1,502020642020,20210720,1,72
9304,4,B,1,502016642020,20210720,1,73
9305,3,B,0,502016512020,20210720,1,74
9306,4,B,1,502012512020,20210720,1,75
9307,3,B,0,502012402020,20210720,1,76
9308,4,B,0,502010402020,20210720,1,77
9309,2,A,0,502020802020,20210720,1,78
9310,1,A,1,501620802020,20210720,1,79
9311,2,A,0,401620802020,20210720,1,80
9312,1,A,0,401220802020,20210720,1,81
9313,4,B,1,502020802020,20210720,1,82
9314,3,B,1,502020642020,20210720,1,83
9315,4,B,1,502016642020,20210720,1,84
9316,3,B,0,502016512020,20210720,1,85
9317,4,B,0,502012512020,20210720,1,86
9318,2,A,0,502020802020,20210720,1,87
9319,1,A,1,501620802020,20210720,1,88
9320,4,B,1,502020802020,20210720,1,89
9321,3,B,0,502020642020,20210720,1,90
9322,4,B,1,502016642020,20210720,1,91
9323,3,B,0,502016512020,20210720,1,92
9324,4,B,1,502012512020,20210720,1,93
9325,5,C,0,502020802020,20210720,1,94
9326,4,B,0,502020802020,20210720,1,95
9327,3,B,1,502020642020,20210720,1,96
9328,4,B,1,502016642020,20210720,1,97
9329,3,B,0,502016512020,20210720,1,98
9330,4,B,0,502012512020,20210720,1,99
9331,2,A,0,502020802020,20210720,1,100
9332,1,A,0,501620802020,20210720,1,101
9333,2,A,0,401620802020,20210720,1,102
9334,1,A,0,401220802020,20210720,1,103
9335,4,B,0,502020802020,20210720,1,104
9336,3,B,0,502020642020,20210720,1,105
9337,4,B,0,502016642020,20210720,1,106
9338,3,B,0,502016512020,20210720,1,107
9339,4,B,1,502012512020,20210720,1,108
9340,5,C,1,502020802020,20210720,1,109
9341,4,B,1,502020802020,20210720,1,110
9342,3,B,0,502020642020,20210720,1,111
9343,4,B,1,502016642020,20210720,1,112
9344,2,A,0,502020802020,20210720,1,113
9345,1,A,1,501620802020,20210720,1,114
9346,2,A,1,401620802020,20210720,1,115
9347,1,A,0,401220802020,20210720,1,116
9348,4,B,0,502020802020,20210720,1,117
9349,3,B,0,502020642020,20210720,1,118
9350,4,B,1,502016642020,20210720,1,119
9351,3,B,1,502016512020,20210720,1,120
9352,4,B,1,502012512020,20210720,1,121
9353,3,B,0,502012402020,20210720,1,122
9354,4,B,1,502010402020,20210720,1,123
9355,3,B,0,502010322020,20210720,1,124
9356,4,B,1,502008322020,20210720,1,125
9357,3,B,0,502008262020,20210720,1,126
9358,4,B,0,502006262020,20210720,1,127
9359,2,A,0,502020802020,20210720,1,128
9360,1,A,1,501620802020,20210720,1,129
9361,4,B,1,502020802020,20210720,1,130
9362,3,B,1,502020642020,20210720,1,131
9363,4,B,1,502016642020,20210720,1,132
9364,3,B,0,502016512020,20210720,1,133
9365,4,B,1,502012512020,20210720,1,134
9366,3,B,0,502012402020,20210720,1,135
9367,4,B,0,502010402020,20210720,1,136
9368,3,B,1,502010322020,20210720,1,137
9369,4,B,1,502008322020,20210720,1,138
9370,3,B,0,502008262020,20210720,1,139
9371,4,B,0,502006262020,20210720,1,140
9372,2,A,0,502020802020,20210720,1,141
9373,1,A,1,501620802020,20210720,1,142
9374,2,A,0,401620802020,20210720,1,143
9375,1,A,1,401220802020,20210720,1,144
9376,4,B,1,502020802020,20210720,1,145
9377,3,B,0,502020642020,20210720,1,146
9378,4,B,1,502016642020,20210720,1,147
9379,3,B,0,502016512020,20210720,1,148
9380,4,B,1,502012512020,20210720,1,149
9381,3,B,0,502012402020,20210720,1,150
9382,4,B,0,502010402020,20210720,1,151
9383,2,A,1,502020802020,20210720,1,152
9384,1,A,0,501620802020,20210720,1,153
9385,2,A,0,401620802020,20210720,1,154
9386,1,A,0,401220802020,20210720,1,155
9387,4,B,1,502020802020,20210720,1,156
9388,3,B,1,502020642020,20210720,1,157
9389,4,B,0,502016642020,20210720,1,158
9390,3,B,0,502016512020,20210720,1,159
9391,4,B,1,502012512020,20210720,1,160
9392,3,B,0,502012402020,20210720,1,161
9393,4,B,1,502010402020,20210720,1,162
9394,2,A,0,502020802020,20210720,1,163
9395,1,A,0,501620802020,20210720,1,164
9396,4,B,0,502020802020,20210720,1,165
9397,3,B,0,502020642020,20210720,1,166
9398,4,B,1,502016642020,20210720,1,167
9399,3,B,0,502016512020,20210720,1,168
9400,4,B,1,502012512020,20210720,1,169
9401,2,A,0,502020802020,20210720,1,170
9402,1,A,0,501620802020,20210720,1,171
9403,2,A,0,401620802020,20210720,1,172
9404,1,A,1,401220802020,20210720,1,173
9405,4,B,0,502020802020,20210720,1,174
9406,3,B,0,502020642020,20210720,1,175
9407,4,B,0,502016642020,20210720,1,176
9408,3,B,0,502016512020,20210720,1,177
9409,4,B,0,502012512020,20210720,1,178
9410,5,C,0,502020802020,20210720,1,179
9411,4,B,1,502020802020,20210720,1,180
9412,3,B,1,502020642020,20210720,1,181
9413,4,B,1,502016642020,20210720,1,182
9414,3,B,0,502016512020,20210720,1,183
9415,4,B,0,502012512020,20210720,1,184
9416,3,B,0,502012402020,20210720,1,185
9417,4,B,1,502010402020,20210720,1,186
9418,2,A,0,502020802020,20210720,1,187
9419,1,A,1,501620802020,20210720,1,188
9420,2,A,0,401620802020,20210720,1,189
9421,1,A,1,401220802020,20210720,1,190
9422,4,B,1,502020802020,20210720,1,191
9423,3,B,0,502020642020,20210720,1,192
9424,4,B,1,502016642020,20210720,1,193
9425,3,B,0,502016512020,20210720,1,194
9426,4,B,1,502012512020,20210720,1,195
9427,3,B,0,502012402020,20210720,1,196
9428,4,B,0,502010402020,20210720,1,197
9429,2,A,1,502020802020,20210720,1,198
9430,1,A,0,501620802020,20210720,1,199
9431,2,A,0,401620802020,20210720,1,200
9432,1,A,1,401220802020,20210720,1,201
9433,4,B,0,502020802020,20210720,1,202
9434,3,B,0,502020642020,20210720,1,203
9435,4,B,1,502016642020,20210720,1,204
9436,3,B,0,502016512020,20210720,1,205
9437,4,B,0,502012512020,20210720,1,206
9438,2,A,0,502020802020,20210720,1,207
9439,1,A,1,501620802020,20210720,1,208
9440,4,B,1,502020802020,20210720,1,209
9441,3,B,0,502020642020,20210720,1,210
9442,4,B,1,502016642020,20210720,1,211
9443,3,B,0,502016512020,20210720,1,212
9444,4,B,0,502012512020,20210720,1,213
9445,2,A,0,502020802020,20210720,1,214
9446,1,A,0,501620802020,20210720,1,215
9447,2,A,0,401620802020,20210720,1,216
9448,1,A,1,401220802020,20210720,1,217
9449,4,B,1,502020802020,20210720,1,218
9450,3,B,0,502020642020,20210720,1,219
9451,4,B,0,502016642020,20210720,1,220
9452,3,B,0,502016512020,20210720,1,221
9453,4,B,0,502012512020,20210720,1,222
9454,2,A,1,502020802020,20210720,1,223
9455,1,A,1,501620802020,20210720,1,224
9456,2,A,1,401620802020,20210720,1,225
9457,1,A,0,401220802020,20210720,1,226
9458,2,A,0,321220802020,20210720,1,227
9459,1,A,0,321020802020,20210720,1,228
9460,4,B,1,502020802020,20210720,1,229
9461,3,B,0,502020642020,20210720,1,230
9462,4,B,1,502016642020,20210720,1,231
9463,3,B,0,502016512020,20210720,1,232
9464,4,B,1,502012512020,20210720,1,233
9465,2,A,1,502020802020,20210720,1,234
9466,1,A,1,501620802020,20210720,1,235
9467,2,A,0,401620802020,20210720,1,236
9468,1,A,0,401220802020,20210720,1,237
9469,4,B,1,502020802020,20210720,1,238
9470,3,B,0,502020642020,20210720,1,239
9471,4,B,1,502016642020,20210720,1,240
9472,3,B,0,502016512020,20210720,1,241
9473,4,B,0,502012512020,20210720,1,242
9474,2,A,0,502020802020,20210720,1,243
9475,1,A,1,501620802020,20210720,1,244
9476,2,A,0,401620802020,20210720,1,245
9477,1,A,1,401220802020,20210720,1,246
9478,2,A,1,321220802020,20210720,1,247
9479,1,A,1,321020802020,20210720,1,248
9480,2,A,1,251020802020,20210720,1,249
9481,1,A,1,250820802020,20210720,1,250
9482,2,A,0,200820802020,20210720,1,251
9483,1,A,0,200620802020,20210720,1,252
9484,4,B,1,502020802020,20210720,1,253
9485,3,B,0,502020642020,20210720,1,254
9486,4,B,0,502016642020,20210720,1,255
9487,2,A,0,502020802020,20210720,1,256
9488,1,A,1,501620802020,20210720,1,257
9489,2,A,0,401620802020,20210720,1,258
9490,1,A,0,401220802020,20210720,1,259
9491,4,B,1,502020802020,20210720,1,260
9492,3,B,1,502020642020,20210720,1,261
9493,4,B,1,502016642020,20210720,1,262
9494,3,B,0,502016512020,20210720,1,263
9495,4,B,1,502012512020,20210720,1,264
9496,2,A,1,502020802020,20210720,1,265
9497,1,A,1,501620802020,20210720,1,266
9498,2,A,0,401620802020,20210720,1,267
9499,1,A,0,401220802020,20210720,1,268
9500,4,B,1,502020802020,20210720,1,269
9501,3,B,1,502020642020,20210720,1,270
9502,4,B,0,502016642020,20210720,1,271
9503,3,B,0,502016512020,20210720,1,272
9504,4,B,0,502012512020,20210720,1,273
9505,2,A,0,502020802020,20210720,1,274
9506,1,A,0,501620802020,20210720,1,275
9507,2,A,0,401620802020,20210720,1,276
9508,1,A,0,401220802020,20210720,1,277
9509,4,B,1,502020802020,20210720,1,278
9510,3,B,0,502020642020,20210720,1,279
9511,4,B,0,502016642020,20210720,1,280
9512,3,B,0,502016512020,20210720,1,281
9513,4,B,0,502012512020,20210720,1,282
9514,2,A,0,502020802020,20210720,1,283
9515,1,A,1,501620802020,20210720,1,284
9516,2,A,0,401620802020,20210720,1,285
9517,1,A,0,401220802020,20210720,1,286
9518,4,B,1,502020802020,20210720,1,287
9519,3,B,0,502020642020,20210720,1,288
9520,4,B,0,502016642020,20210720,1,289
9521,2,A,0,502020802020,20210720,1,290
9522,1,A,0,501620802020,20210720,1,291
9523,4,B,0,502020802020,20210720,1,292
9524,3,B,0,502020642020,20210720,1,293
9525,4,B,1,502016642020,20210720,1,294
9526,2,A,0,502020802020,20210720,1,295
9527,1,A,1,501620802020,20210720,1,296
9528,2,A,0,401620802020,20210720,1,297
9529,1,A,1,401220802020,20210720,1,298
9530,4,B,1,502020802020,20210720,1,299
9531,3,B,1,208020202050,20210720,2,0
9532,4,B,0,208016202050,20210720,2,1
9533,2,A,1,208020202050,20210720,2,2
9534,1,A,1,206420202050,20210720,2,3
9535,2,A,0,166420202050,20210720,2,4
9536,1,A,0,165120202050,20210720,2,5
9537,5,C,0,208020202050,20210720,2,6
9538,6,C,0,208020201650,20210720,2,7
9539,5,C,0,208020201640,20210720,2,8
9540,6,C,1,208020201240,20210720,2,9
9541,5,C,1,208020201232,20210720,2,10
9542,6,C,0,208020201032,20210720,2,11
9543,5,C,0,208020201025,20210720,2,12
9544,3,B,0,208020202050,20210720,2,13
9545,4,B,0,208016202050,20210720,2,14
9546,3,B,1,208016162050,20210720,2,15
9547,4,B,0,208012162050,20210720,2,16
9548,3,B,0,208012122050,20210720,2,17
9549,4,B,0,208010122050,20210720,2,18
9550,3,B,0,208010102050,20210720,2,19
9551,2,A,1,208020202050,20210720,2,20
9552,1,A,0,206420202050,20210720,2,21
9553,2,A,0,166420202050,20210720,2,22
9554,1,A,0,165120202050,20210720,2,23
9555,2,A,1,125120202050,20210720,2,24
9556,1,A,0,124020202050,20210720,2,25
9557,2,A,0,104020202050,20210720,2,26
9558,4,B,0,208020202050,20210720,2,27
9559,3,B,0,208020162050,20210720,2,28
9560,2,A,1,208020202050,20210720,2,29
9561,1,A,1,206420202050,20210720,2,30
9562,2,A,0,166420202050,20210720,2,31
9563,1,A,0,165120202050,20210720,2,32
9564,2,A,0,125120202050,20210720,2,33
9565,3,B,0,208020202050,20210720,2,34
9566,4,B,0,208016202050,20210720,2,35
9567,3,B,0,208016162050,20210720,2,36
9568,2,A,1,208020202050,20210720,2,37
9569,1,A,0,206420202050,20210720,2,38
9570,2,A,0,166420202050,20210720,2,39
9571,5,C,0,208020202050,20210720,2,40
9572,6,C,0,208020201650,20210720,2,41
9573,5,C,0,208020201640,20210720,2,42
9574,2,A,1,208020202050,20210720,2,43
9575,1,A,1,206420202050,20210720,2,44
9576,2,A,1,166420202050,20210720,2,45
9577,1,A,0,165120202050,20210720,2,46
9578,2,A,1,125120202050,20210720,2,47
9579,1,A,0,124020202050,20210720,2,48
9580,2,A,1,104020202050,20210720,2,49
9581,1,A,0,103220202050,20210720,2,50
9582,2,A,0,083220202050,20210720,2,51
9583,4,B,0,208020202050,20210720,2,52
9584,3,B,0,208020162050,20210720,2,53
9585,4,B,0,208016162050,20210720,2,54
9586,2,A,1,208020202050,20210720,2,55
9587,1,A,1,206420202050,20210720,2,56
9588,2,A,1,166420202050,20210720,2,57
9589,1,A,0,165120202050,20210720,2,58
9590,2,A,1,125120202050,20210720,2,59
9591,1,A,0,124020202050,20210720,2,60
9592,2,A,0,104020202050,20210720,2,61
9593,1,A,0,103220202050,20210720,2,62
9594,2,A,1,083220202050,20210720,2,63
9595,1,A,0,082620202050,20210720,2,64
9596,2,A,1,062620202050,20210720,2,65
9597,1,A,0,062020202050,20210720,2,66
9598,2,A,0,052020202050,20210720,2,67
9599,3,B,0,208020202050,20210720,2,68
9600,2,A,0,208020202050,20210720,2,69
9601,1,A,0,206420202050,20210720,2,70
9602,2,A,1,166420202050,20210720,2,71
9603,1,A,1,165120202050,20210720,2,72
9604,2,A,1,125120202050,20210720,2,73
9605,1,A,1,124020202050,20210720,2,74
9606,2,A,0,104020202050,20210720,2,75
9607,1,A,1,103220202050,20210720,2,76
9608,2,A,1,083220202050,20210720,2,77
9609,1,A,0,082620202050,20210720,2,78
9610,2,A,0,062620202050,20210720,2,79
9611,1,A,0,062020202050,20210720,2,80
9612,2,A,1,052020202050,20210720,2,81
9613,1,A,0,051620202050,20210720,2,82
9614,2,A,0,041620202050,20210720,2,83
9615,1,A,0,041320202050,20210720,2,84
9616,2,A,0,031320202050,20210720,2,85
9617,3,B,0,208020202050,20210720,2,86
9618,2,A,1,208020202050,20210720,2,87
9619,1,A,0,206420202050,20210720,2,88
9620,2,A,1,166420202050,20210720,2,89
9621,1,A,1,165120202050,20210720,2,90
9622,2,A,0,125120202050,20210720,2,91
9623,1,A,0,124020202050,20210720,2,92
9624,2,A,0,104020202050,20210720,2,93
9625,1,A,0,103220202050,20210720,2,94
9626,2,A,0,083220202050,20210720,2,95
9627,4,B,0,208020202050,20210720,2,96
9628,3,B,0,208020162050,20210720,2,97
9629,2,A,1,208020202050,20210720,2,98
9630,1,A,0,206420202050,20210720,2,99
9631,2,A,0,166420202050,20210720,2,100
9632,1,A,0,165120202050,20210720,2,101
9633,2,A,1,125120202050,20210720,2,102
9634,1,A,0,124020202050,20210720,2,103
9635,2,A,1,104020202050,20210720,2,104
9636,1,A,0,103220202050,20210720,2,105
9637,2,A,0,083220202050,20210720,2,106
9638,1,A,0,082620202050,20210720,2,107
9639,2,A,0,062620202050,20210720,2,108
9640,6,C,0,208020202050,20210720,2,109
9641,5,C,0,208020202040,20210720,2,110
9642,6,C,1,208020201640,20210720,2,111
9643,5,C,0,208020201632,20210720,2,112
9644,6,C,0,208020201232,20210720,2,113
9645,5,C,0,208020201225,20210720,2,114
9646,2,A,1,208020202050,20210720,2,115
9647,1,A,0,206420202050,20210720,2,116
9648,2,A,1,166420202050,20210720,2,117
9649,1,A,0,165120202050,20210720,2,118
9650,2,A,0,125120202050,20210720,2,119
9651,1,A,0,124020202050,20210720,2,120
9652,2,A,1,104020202050,20210720,2,121
9653,4,B,0,208020202050,20210720,2,122
9654,3,B,0,208020162050,20210720,2,123
9655,2,A,1,208020202050,20210720,2,124
9656,1,A,0,206420202050,20210720,2,125
9657,2,A,1,166420202050,20210720,2,126
9658,1,A,0,165120202050,20210720,2,127
9659,2,A,0,125120202050,20210720,2,128
9660,1,A,0,124020202050,20210720,2,129
9661,2,A,0,104020202050,20210720,2,130
9662,5,C,1,208020202050,20210720,2,131
9663,6,C,0,208020201650,20210720,2,132
9664,5,C,1,208020201640,20210720,2,133
9665,6,C,0,208020201240,20210720,2,134
9666,5,C,0,208020201232,20210720,2,135
9667,2,A,1,208020202050,20210720,2,136
9668,1,A,0,206420202050,20210720,2,137
9669,2,A,1,166420202050,20210720,2,138
9670,1,A,0,165120202050,20210720,2,139
9671,2,A,0,125120202050,20210720,2,140
9672,5,C,0,208020202050,20210720,2,141
9673,6,C,1,208020201650,20210720,2,142
9674,5,C,0,208020201640,20210720,2,143
9675,6,C,0,208020201240,20210720,2,144
9676,5,C,0,208020201232,20210720,2,145
9677,2,A,0,208020202050,20210720,2,146
9678,1,A,1,206420202050,20210720,2,147
9679,2,A,1,166420202050,20210720,2,148
9680,1,A,0,165120202050,20210720,2,149
9681,2,A,0,125120202050,20210720,2,150
9682,5,C,1,208020202050,20210720,2,151
9683,6,C,1,208020201650,20210720,2,152
9684,5,C,0,208020201640,20210720,2,153
9685,6,C,1,208020201240,20210720,2,154
9686,5,C,0,208020201232,20210720,2,155
9687,2,A,1,208020202050,20210720,2,156
9688,1,A,0,206420202050,20210720,2,157
9689,2,A,0,166420202050,20210720,2,158
9690,1,A,0,165120202050,20210720,2,159
9691,2,A,0,125120202050,20210720,2,160
9692,5,C,0,208020202050,20210720,2,161
9693,2,A,0,208020202050,20210720,2,162
9694,3,B,0,208020202050,20210720,2,163
9695,2,A,1,208020202050,20210720,2,164
9696,1,A,0,206420202050,20210720,2,165
9697,2,A,1,166420202050,20210720,2,166
9698,1,A,0,165120202050,20210720,2,167
9699,2,A,1,125120202050,20210720,2,168
9700,1,A,0,124020202050,20210720,2,169
9701,2,A,1,104020202050,20210720,2,170
9702,5,C,0,208020202050,20210720,2,171
9703,6,C,0,208020201650,20210720,2,172
9704,5,C,0,208020201640,20210720,2,173
9705,6,C,0,208020201240,20210720,2,174
9706,5,C,1,208020201232,20210720,2,175
9707,6,C,0,208020201032,20210720,2,176
9708,5,C,0,208020201025,20210720,2,177
9709,2,A,0,208020202050,20210720,2,178
9710,1,A,0,206420202050,20210720,2,179
9711,2,A,1,166420202050,20210720,2,180
9712,1,A,0,165120202050,20210720,2,181
9713,2,A,0,125120202050,20210720,2,182
9714,3,B,0,208020202050,20210720,2,183
9715,2,A,0,208020202050,20210720,2,184
9716,1,A,0,206420202050,20210720,2,185
9717,2,A,0,166420202050,20210720,2,186
9718,5,C,0,208020202050,20210720,2,187
9719,2,A,1,208020202050,20210720,2,188
9720,1,A,0,206420202050,20210720,2,189
9721,2,A,1,166420202050,20210720,2,190
9722,1,A,1,165120202050,20210720,2,191
9723,2,A,1,125120202050,20210720,2,192
9724,1,A,0,124020202050,20210720,2,193
9725,2,A,0,104020202050,20210720,2,194
9726,1,A,0,103220202050,20210720,2,195
9727,2,A,1,083220202050,20210720,2,196
9728,6,C,0,208020202050,20210720,2,197
9729,5,C,1,208020202040,20210720,2,198
9730,2,A,0,208020202050,20210720,2,199
9731,1,A,1,206420202050,20210720,2,200
9732,2,A,0,166420202050,20210720,2,201
9733,1,A,0,165120202050,20210720,2,202
9734,2,A,0,125120202050,20210720,2,203
9735,4,B,0,208020202050,20210720,2,204
9736,3,B,0,208020162050,20210720,2,205
9737,2,A,1,208020202050,20210720,2,206
9738,1,A,0,206420202050,20210720,2,207
9739,2,A,1,166420202050,20210720,2,208
9740,1,A,1,165120202050,20210720,2,209
9741,2,A,1,125120202050,20210720,2,210
9742,1,A,0,124020202050,20210720,2,211
9743,2,A,0,104020202050,20210720,2,212
9744,1,A,0,103220202050,20210720,2,213
9745,2,A,1,083220202050,20210720,2,214
9746,1,A,0,082620202050,20210720,2,215
9747,2,A,0,062620202050,20210720,2,216
9748,4,B,0,208020202050,20210720,2,217
9749,3,B,0,208020162050,20210720,2,218
9750,2,A,0,208020202050,20210720,2,219
9751,1,A,0,206420202050,20210720,2,220
9752,2,A,0,166420202050,20210720,2,221
9753,1,A,1,165120202050,20210720,2,222
9754,2,A,0,125120202050,20210720,2,223
9755,1,A,0,124020202050,20210720,2,224
9756,2,A,1,104020202050,20210720,2,225
9757,4,B,0,208020202050,20210720,2,226
9758,3,B,0,208020162050,20210720,2,227
9759,2,A,1,208020202050,20210720,2,228
9760,1,A,0,206420202050,20210720,2,229
9761,2,A,1,166420202050,20210720,2,230
9762,1,A,0,165120202050,20210720,2,231
9763,2,A,1,125120202050,20210720,2,232
9764,1,A,0,124020202050,20210720,2,233
9765,2,A,1,104020202050,20210720,2,234
9766,1,A,0,103220202050,20210720,2,235
9767,2,A,0,083220202050,20210720,2,236
9768,4,B,0,208020202050,20210720,2,237
9769,3,B,0,208020162050,20210720,2,238
9770,2,A,1,208020202050,20210720,2,239
9771,1,A,0,206420202050,20210720,2,240
9772,2,A,1,166420202050,20210720,2,241
9773,1,A,0,165120202050,20210720,2,242
9774,2,A,1,125120202050,20210720,2,243
9775,1,A,0,124020202050,20210720,2,244
9776,2,A,1,104020202050,20210720,2,245
9777,1,A,0,103220202050,20210720,2,246
9778,2,A,0,083220202050,20210720,2,247
9779,1,A,0,082620202050,20210720,2,248
9780,2,A,0,062620202050,20210720,2,249
9781,3,B,0,208020202050,20210720,2,250
9782,2,A,1,208020202050,20210720,2,251
9783,1,A,0,206420202050,20210720,2,252
9784,2,A,0,166420202050,20210720,2,253
9785,1,A,0,165120202050,20210720,2,254
9786,2,A,0,125120202050,20210720,2,255
9787,1,A,0,124020202050,20210720,2,256
9788,2,A,1,104020202050,20210720,2,257
9789,1,A,0,103220202050,20210720,2,258
9790,2,A,0,083220202050,20210720,2,259
9791,1,A,0,082620202050,20210720,2,260
9792,2,A,1,062620202050,20210720,2,261
9793,5,C,0,208020202050,20210720,2,262
9794,6,C,1,208020201650,20210720,2,263
9795,5,C,0,208020201640,20210720,2,264
9796,6,C,0,208020201240,20210720,2,265
9797,5,C,0,208020201232,20210720,2,266
9798,2,A,0,208020202050,20210720,2,267
9799,1,A,0,206420202050,20210720,2,268
9800,2,A,1,166420202050,20210720,2,269
9801,1,A,0,165120202050,20210720,2,270
9802,2,A,0,125120202050,20210720,2,271
9803,4,B,1,208020202050,20210720,2,272
9804,3,B,0,208020162050,20210720,2,273
9805,4,B,1,208016162050,20210720,2,274
9806,2,A,1,208020202050,20210720,2,275
9807,1,A,0,206420202050,20210720,2,276
9808,2,A,0,166420202050,20210720,2,277
9809,5,C,1,208020202050,20210720,2,278
9810,2,A,1,208020202050,20210720,2,279
9811,1,A,0,206420202050,20210720,2,280
9812,2,A,1,166420202050,20210720,2,281
9813,1,A,0,165120202050,20210720,2,282
9814,2,A,1,125120202050,20210720,2,283
9815,1,A,0,124020202050,20210720,2,284
9816,2,A,0,104020202050,20210720,2,285
9817,3,B,0,208020202050,20210720,2,286
9818,4,B,1,208016202050,20210720,2,287
9819,3,B,0,208016162050,20210720,2,288
9820,4,B,0,208012162050,20210720,2,289
9821,3,B,0,208012122050,20210720,2,290
9822,2,A,0,208020202050,20210720,2,291
9823,1,A,0,206420202050,20210720,2,292
9824,2,A,0,166420202050,20210720,2,293
9825,4,B,0,208020202050,20210720,2,294
9826,3,B,0,208020162050,20210720,2,295
9827,4,B,0,208016162050,20210720,2,296
9828,2,A,1,208020202050,20210720,2,297
9829,1,A,0,206420202050,20210720,2,298
9830,2,A,0,166420202050,20210720,2,299
9831,3,B,1,502080205080,20210720,3,0
9832,4,B,0,502064205080,20210720,3,1
9833,2,A,1,502080205080,20210720,3,2
9834,1,A,1,501680205080,20210720,3,3
9835,2,A,0,401680205080,20210720,3,4
9836,1,A,0,401280205080,20210720,3,5
9837,2,A,0,321280205080,20210720,3,6
9838,5,C,1,502080205080,20210720,3,7
9839,6,C,1,502080204080,20210720,3,8
9840,5,C,0,502080204064,20210720,3,9
9841,6,C,1,502080203264,20210720,3,10
9842,5,C,0,502080203251,20210720,3,11
9843,6,C,0,502080202551,20210720,3,12
9844,5,C,0,502080202540,20210720,3,13
9845,6,C,1,502080202040,20210720,3,14
9846,3,B,1,502080205080,20210720,3,15
9847,4,B,0,502064205080,20210720,3,16
9848,3,B,1,502064165080,20210720,3,17
9849,4,B,0,502051165080,20210720,3,18
9850,3,B,1,502051125080,20210720,3,19
9851,4,B,1,502040125080,20210720,3,20
9852,3,B,1,502040105080,20210720,3,21
9853,4,B,0,502032105080,20210720,3,22
9854,3,B,0,502032085080,20210720,3,23
9855,4,B,0,502026085080,20210720,3,24
9856,3,B,0,502026065080,20210720,3,25
9857,2,A,0,502080205080,20210720,3,26
9858,1,A,0,501680205080,20210720,3,27
9859,2,A,0,401680205080,20210720,3,28
9860,1,A,1,401280205080,20210720,3,29
9861,2,A,0,321280205080,20210720,3,30
9862,1,A,1,321080205080,20210720,3,31
9863,2,A,0,251080205080,20210720,3,32
9864,1,A,0,250880205080,20210720,3,33
9865,3,B,1,502080205080,20210720,3,34
9866,4,B,0,502064205080,20210720,3,35
9867,3,B,0,502064165080,20210720,3,36
9868,4,B,0,502051165080,20210720,3,37
9869,3,B,1,502051125080,20210720,3,38
9870,2,A,0,502080205080,20210720,3,39
9871,1,A,1,501680205080,20210720,3,40
9872,2,A,1,401680205080,20210720,3,41
9873,1,A,0,401280205080,20210720,3,42
9874,2,A,1,321280205080,20210720,3,43
9875,1,A,0,321080205080,20210720,3,44
9876,2,A,0,251080205080,20210720,3,45
9877,5,C,1,502080205080,20210720,3,46
9878,6,C,1,502080204080,20210720,3,47
9879,5,C,0,502080204064,20210720,3,48
9880,6,C,0,502080203264,20210720,3,49
9881,5,C,0,502080203251,20210720,3,50
9882,6,C,1,502080202551,20210720,3,51
9883,5,C,0,502080202540,20210720,3,52
9884,6,C,0,502080202040,20210720,3,53
9885,3,B,0,502080205080,20210720,3,54
9886,4,B,0,502064205080,20210720,3,55
9887,3,B,0,502064165080,20210720,3,56
9888,4,B,0,502051165080,20210720,3,57
9889,3,B,1,502051125080,20210720,3,58
9890,2,A,0,502080205080,20210720,3,59
9891,1,A,0,501680205080,20210720,3,60
9892,2,A,0,401680205080,20210720,3,61
9893,1,A,1,401280205080,20210720,3,62
9894,2,A,0,321280205080,20210720,3,63
9895,1,A,0,321080205080,20210720,3,64
9896,2,A,0,251080205080,20210720,3,65
9897,1,A,0,250880205080,20210720,3,66
9898,3,B,1,502080205080,20210720,3,67
9899,4,B,1,502064205080,20210720,3,68
9900,3,B,0,502064165080,20210720,3,69
9901,4,B,0,502051165080,20210720,3,70
9902,3,B,1,502051125080,20210720,3,71
9903,4,B,0,502040125080,20210720,3,72
9904,3,B,0,502040105080,20210720,3,73
9905,2,A,0,502080205080,20210720,3,74
9906,1,A,0,501680205080,20210720,3,75
9907,2,A,0,401680205080,20210720,3,76
9908,1,A,1,401280205080,20210720,3,77
9909,2,A,0,321280205080,20210720,3,78
9910,1,A,1,321080205080,20210720,3,79
9911,3,B,1,502080205080,20210720,3,80
9912,4,B,0,502064205080,20210720,3,81
9913,3,B,1,502064165080,20210720,3,82
9914,4,B,0,502051165080,20210720,3,83
9915,3,B,0,502051125080,20210720,3,84
9916,2,A,0,502080205080,20210720,3,85
9917,1,A,1,501680205080,20210720,3,86
9918,2,A,0,401680205080,20210720,3,87
9919,1,A,1,401280205080,20210720,3,88
9920,2,A,0,321280205080,20210720,3,89
9921,1,A,0,321080205080,20210720,3,90
9922,2,A,0,251080205080,20210720,3,91
9923,1,A,0,250880205080,20210720,3,92
9924,3,B,0,502080205080,20210720,3,93
9925,4,B,0,502064205080,20210720,3,94
9926,3,B,1,502064165080,20210720,3,95
9927,2,A,1,502080205080,20210720,3,96
9928,1,A,1,501680205080,20210720,3,97
9929,2,A,0,401680205080,20210720,3,98
9930,1,A,0,401280205080,20210720,3,99
9931,2,A,0,321280205080,20210720,3,100
9932,3,B,0,502080205080,20210720,3,101
9933,4,B,0,502064205080,20210720,3,102
9934,3,B,0,502064165080,20210720,3,103
9935,4,B,0,502051165080,20210720,3,104
9936,3,B,0,502051125080,20210720,3,105
9937,2,A,0,502080205080,20210720,3,106
9938,1,A,1,501680205080,20210720,3,107
9939,2,A,1,401680205080,20210720,3,108
9940,1,A,1,401280205080,20210720,3,109
9941,2,A,1,321280205080,20210720,3,110
9942,1,A,0,321080205080,20210720,3,111
9943,2,A,0,251080205080,20210720,3,112
9944,1,A,1,250880205080,20210720,3,113
9945,2,A,0,200880205080,20210720,3,114
9946,1,A,0,200680205080,20210720,3,115
9947,3,B,1,502080205080,20210720,3,116
9948,4,B,0,502064205080,20210720,3,117
9949,3,B,1,502064165080,20210720,3,118
9950,2,A,0,502080205080,20210720,3,119
9951,1,A,1,501680205080,20210720,3,120
9952,2,A,0,401680205080,20210720,3,121
9953,1,A,1,401280205080,20210720,3,122
9954,2,A,0,321280205080,20210720,3,123
9955,1,A,0,321080205080,20210720,3,124
9956,3,B,0,502080205080,20210720,3,125
9957,2,A,0,502080205080,20210720,3,126
9958,1,A,0,501680205080,20210720,3,127
9959,2,A,1,401680205080,20210720,3,128
9960,1,A,0,401280205080,20210720,3,129
9961,2,A,0,321280205080,20210720,3,130
9962,1,A,0,321080205080,20210720,3,131
9963,3,B,0,502080205080,20210720,3,132
9964,4,B,0,502064205080,20210720,3,133
9965,3,B,0,502064165080,20210720,3,134
9966,2,A,0,502080205080,20210720,3,135
9967,1,A,0,501680205080,20210720,3,136
9968,2,A,1,401680205080,20210720,3,137
9969,1,A,1,401280205080,20210720,3,138
9970,2,A,0,321280205080,20210720,3,139
9971,1,A,0,321080205080,20210720,3,140
9972,3,B,1,502080205080,20210720,3,141
9973,4,B,0,502064205080,20210720,3,142
9974,3,B,1,502064165080,20210720,3,143
9975,2,A,1,502080205080,20210720,3,144
9976,1,A,1,501680205080,20210720,3,145
9977,2,A,0,401680205080,20210720,3,146
9978,1,A,1,401280205080,20210720,3,147
9979,2,A,0,321280205080,20210720,3,148
9980,1,A,0,321080205080,20210720,3,149
9981,2,A,0,251080205080,20210720,3,150
9982,3,B,1,502080205080,20210720,3,151
9983,4,B,0,502064205080,20210720,3,152
9984,3,B,1,502064165080,20210720,3,153
9985,4,B,0,502051165080,20210720,3,154
9986,3,B,0,502051125080,20210720,3,155
9987,2,A,1,502080205080,20210720,3,156
9988,1,A,1,501680205080,20210720,3,157
9989,2,A,0,401680205080,20210720,3,158
9990,1,A,0,401280205080,20210720,3,159
9991,2,A,0,321280205080,20210720,3,160
9992,3,B,1,502080205080,20210720,3,161
9993,4,B,0,502064205080,20210720,3,162
9994,3,B,1,502064165080,20210720,3,163
9995,4,B,0,502051165080,20210720,3,164
9996,3,B,0,502051125080,20210720,3,165
9997,2,A,0,502080205080,20210720,3,166
9998,1,A,0,501680205080,20210720,3,167
9999,2,A,1,401680205080,20210720,3,168
10000,1,A,1,401280205080,20210720,3,169
10001,2,A,0,321280205080,20210720,3,170
10002,1,A,1,321080205080,20210720,3,171
10003,3,B,1,502080205080,20210720,3,172
10004,4,B,0,502064205080,20210720,3,173
10005,3,B,1,502064165080,20210720,3,174
10006,2,A,0,502080205080,20210720,3,175
10007,1,A,1,501680205080,20210720,3,176
10008,2,A,0,401680205080,20210720,3,177
10009,1,A,1,401280205080,20210720,3,178
10010,3,B,1,502080205080,20210720,3,179
10011,4,B,0,502064205080,20210720,3,180
10012,3,B,0,502064165080,20210720,3,181
10013,4,B,0,502051165080,20210720,3,182
10014,3,B,0,502051125080,20210720,3,183
10015,2,A,0,502080205080,20210720,3,184
10016,1,A,0,501680205080,20210720,3,185
10017,2,A,0,401680205080,20210720,3,186
10018,1,A,1,401280205080,20210720,3,187
10019,2,A,0,321280205080,20210720,3,188
10020,1,A,0,321080205080,20210720,3,189
10021,3,B,0,502080205080,20210720,3,190
10022,2,A,0,502080205080,20210720,3,191
10023,1,A,0,501680205080,20210720,3,192
10024,2,A,1,401680205080,20210720,3,193
10025,1,A,0,401280205080,20210720,3,194
10026,2,A,0,321280205080,20210720,3,195
10027,3,B,1,502080205080,20210720,3,196
10028,4,B,0,502064205080,20210720,3,197
10029,3,B,1,502064165080,20210720,3,198
10030,2,A,1,502080205080,20210720,3,199
10031,1,A,0,501680205080,20210720,3,200
10032,2,A,0,401680205080,20210720,3,201
10033,1,A,1,401280205080,20210720,3,202
10034,3,B,1,502080205080,20210720,3,203
10035,4,B,0,502064205080,20210720,3,204
10036,3,B,1,502064165080,20210720,3,205
10037,2,A,0,502080205080,20210720,3,206
10038,1,A,1,501680205080,20210720,3,207
10039,2,A,0,401680205080,20210720,3,208
10040,1,A,0,401280205080,20210720,3,209
10041,3,B,1,502080205080,20210720,3,210
10042,4,B,1,502064205080,20210720,3,211
10043,3,B,0,502064165080,20210720,3,212
10044,4,B,0,502051165080,20210720,3,213
10045,3,B,1,502051125080,20210720,3,214
10046,2,A,0,502080205080,20210720,3,215
10047,1,A,1,501680205080,20210720,3,216
10048,2,A,0,401680205080,20210720,3,217
10049,1,A,1,401280205080,20210720,3,218
10050,2,A,0,321280205080,20210720,3,219
10051,1,A,0,321080205080,20210720,3,220
10052,3,B,1,502080205080,20210720,3,221
10053,4,B,0,502064205080,20210720,3,222
10054,3,B,0,502064165080,20210720,3,223
10055,2,A,1,502080205080,20210720,3,224
10056,1,A,1,501680205080,20210720,3,225
10057,2,A,0,401680205080,20210720,3,226
10058,1,A,1,401280205080,20210720,3,227
10059,3,B,1,502080205080,20210720,3,228
10060,4,B,0,502064205080,20210720,3,229
10061,3,B,1,502064165080,20210720,3,230
10062,2,A,0,502080205080,20210720,3,231
10063,1,A,1,501680205080,20210720,3,232
10064,2,A,0,401680205080,20210720,3,233
10065,1,A,1,401280205080,20210720,3,234
10066,3,B,1,502080205080,20210720,3,235
10067,4,B,0,502064205080,20210720,3,236
10068,3,B,0,502064165080,20210720,3,237
10069,2,A,0,502080205080,20210720,3,238
10070,1,A,1,501680205080,20210720,3,239
10071,2,A,0,401680205080,20210720,3,240
10072,1,A,0,401280205080,20210720,3,241
10073,3,B,1,502080205080,20210720,3,242
10074,4,B,0,502064205080,20210720,3,243
10075,3,B,0,502064165080,20210720,3,244
10076,2,A,1,502080205080,20210720,3,245
10077,1,A,1,501680205080,20210720,3,246
10078,2,A,1,401680205080,20210720,3,247
10079,1,A,1,401280205080,20210720,3,248
10080,2,A,0,321280205080,20210720,3,249
10081,1,A,1,321080205080,20210720,3,250
10082,3,B,1,502080205080,20210720,3,251
10083,4,B,0,502064205080,20210720,3,252
10084,3,B,1,502064165080,20210720,3,253
10085,2,A,0,502080205080,20210720,3,254
10086,1,A,1,501680205080,20210720,3,255
10087,2,A,0,401680205080,20210720,3,256
10088,1,A,0,401280205080,20210720,3,257
10089,3,B,1,502080205080,20210720,3,258
10090,2,A,1,502080205080,20210720,3,259
10091,1,A,1,501680205080,20210720,3,260
10092,2,A,0,401680205080,20210720,3,261
10093,1,A,1,401280205080,20210720,3,262
10094,2,A,0,321280205080,20210720,3,263
10095,1,A,0,321080205080,20210720,3,264
10096,3,B,0,502080205080,20210720,3,265
10097,2,A,0,502080205080,20210720,3,266
10098,1,A,0,501680205080,20210720,3,267
10099,3,B,0,502080205080,20210720,3,268
10100,2,A,0,502080205080,20210720,3,269
10101,1,A,1,501680205080,20210720,3,270
10102,2,A,0,401680205080,20210720,3,271
10103,1,A,1,401280205080,20210720,3,272
10104,3,B,0,502080205080,20210720,3,273
10105,4,B,0,502064205080,20210720,3,274
10106,3,B,0,502064165080,20210720,3,275
10107,2,A,0,502080205080,20210720,3,276
10108,1,A,1,501680205080,20210720,3,277
10109,2,A,0,401680205080,20210720,3,278
10110,1,A,0,401280205080,20210720,3,279
10111,3,B,1,502080205080,20210720,3,280
10112,2,A,0,502080205080,20210720,3,281
10113,1,A,0,501680205080,20210720,3,282
10114,2,A,0,401680205080,20210720,3,283
10115,1,A,0,401280205080,20210720,3,284
10116,3,B,1,502080205080,20210720,3,285
10117,4,B,0,502064205080,20210720,3,286
10118,3,B,0,502064165080,20210720,3,287
10119,2,A,1,502080205080,20210720,3,288
10120,1,A,0,501680205080,20210720,3,289
10121,2,A,0,401680205080,20210720,3,290
10122,1,A,1,401280205080,20210720,3,291
10123,2,A,0,321280205080,20210720,3,292
10124,1,A,0,321080205080,20210720,3,293
10125,3,B,1,502080205080,20210720,3,294
10126,2,A,0,502080205080,20210720,3,295
10127,1,A,1,501680205080,20210720,3,296
10128,2,A,0,401680205080,20210720,3,297
10129,1,A,0,401280205080,20210720,3,298
10130,3,B,1,502080205080,20210720,3,299
10131,3,B,1,202080502050,20210720,4,0
10132,4,B,1,202064502050,20210720,4,1
10133,2,A,0,202080502050,20210720,4,2
10134,1,A,0,201680502050,20210720,4,3
10135,2,A,0,161680502050,20210720,4,4
10136,1,A,0,161280502050,20210720,4,5
10137,5,C,0,202080502050,20210720,4,6
10138,6,C,0,202080501650,20210720,4,7
10139,5,C,0,202080501640,20210720,4,8
10140,6,C,0,202080501240,20210720,4,9
10141,2,A,0,202080502050,20210720,4,10
10142,1,A,0,201680502050,20210720,4,11
10143,2,A,0,161680502050,20210720,4,12
10144,4,B,1,202080502050,20210720,4,13
10145,3,B,1,202080402050,20210720,4,14
10146,4,B,0,202064402050,20210720,4,15
10147,3,B,0,202064322050,20210720,4,16
10148,4,B,0,202051322050,20210720,4,17
10149,3,B,1,202051252050,20210720,4,18
10150,4,B,0,202040252050,20210720,4,19
10151,3,B,0,202040202050,20210720,4,20
10152,4,B,1,202032202050,20210720,4,21
10153,3,B,1,202032162050,20210720,4,22
10154,4,B,0,202026162050,20210720,4,23
10155,3,B,1,202026132050,20210720,4,24
10156,4,B,0,202020132050,20210720,4,25
10157,3,B,0,202020102050,20210720,4,26
10158,4,B,0,202016102050,20210720,4,27
10159,2,A,1,202080502050,20210720,4,28
10160,1,A,0,201680502050,20210720,4,29
10161,2,A,0,161680502050,20210720,4,30
10162,1,A,1,161280502050,20210720,4,31
10163,2,A,0,121280502050,20210720,4,32
10164,4,B,0,202080502050,20210720,4,33
10165,3,B,1,202080402050,20210720,4,34
10166,4,B,0,202064402050,20210720,4,35
10167,3,B,0,202064322050,20210720,4,36
10168,4,B,1,202051322050,20210720,4,37
10169,3,B,1,202051252050,20210720,4,38
10170,4,B,0,202040252050,20210720,4,39
10171,3,B,0,202040202050,20210720,4,40
10172,4,B,0,202032202050,20210720,4,41
10173,3,B,0,202032162050,20210720,4,42
10174,2,A,0,202080502050,20210720,4,43
10175,1,A,1,201680502050,20210720,4,44
10176,2,A,0,161680502050,20210720,4,45
10177,1,A,0,161280502050,20210720,4,46
10178,3,B,1,202080502050,20210720,4,47
10179,4,B,0,202064502050,20210720,4,48
10180,3,B,1,202064402050,20210720,4,49
10181,4,B,1,202051402050,20210720,4,50
10182,3,B,0,202051322050,20210720,4,51
10183,4,B,1,202040322050,20210720,4,52
10184,3,B,0,202040252050,20210720,4,53
10185,4,B,0,202032252050,20210720,4,54
10186,3,B,1,202032202050,20210720,4,55
10187,4,B,0,202026202050,20210720,4,56
10188,3,B,1,202026162050,20210720,4,57
10189,4,B,0,202020162050,20210720,4,58
10190,3,B,0,202020132050,20210720,4,59
10191,2,A,1,202080502050,20210720,4,60
10192,1,A,0,201680502050,20210720,4,61
10193,2,A,0,161680502050,20210720,4,62
10194,1,A,0,161280502050,20210720,4,63
10195,3,B,0,202080502050,20210720,4,64
10196,4,B,0,202064502050,20210720,4,65
10197,3,B,1,202064402050,20210720,4,66
10198,4,B,1,202051402050,20210720,4,67
10199,3,B,0,202051322050,20210720,4,68
10200,4,B,1,202040322050,20210720,4,69
10201,3,B,1,202040252050,20210720,4,70
10202,4,B,0,202032252050,20210720,4,71
10203,3,B,0,202032202050,20210720,4,72
10204,4,B,0,202026202050,20210720,4,73
10205,3,B,1,202026162050,20210720,4,74
10206,4,B,0,202020162050,20210720,4,75
10207,3,B,1,202020132050,20210720,4,76
10208,4,B,1,202016132050,20210720,4,77
10209,3,B,0,202016102050,20210720,4,78
10210,4,B,0,202013102050,20210720,4,79
10211,3,B,0,202013082050,20210720,4,80
10212,2,A,0,202080502050,20210720,4,81
10213,1,A,0,201680502050,20210720,4,82
10214,2,A,0,161680502050,20210720,4,83
10215,3,B,1,202080502050,20210720,4,84
10216,4,B,1,202064502050,20210720,4,85
10217,3,B,0,202064402050,20210720,4,86
10218,4,B,0,202051402050,20210720,4,87
10219,3,B,1,202051322050,20210720,4,88
10220,4,B,0,202040322050,20210720,4,89
10221,3,B,0,202040252050,20210720,4,90
10222,4,B,0,202032252050,20210720,4,91
10223,3,B,1,202032202050,20210720,4,92
10224,2,A,0,202080502050,20210720,4,93
10225,1,A,0,201680502050,20210720,4,94
10226,3,B,0,202080502050,20210720,4,95
10227,4,B,1,202064502050,20210720,4,96
10228,3,B,1,202064402050,20210720,4,97
10229,4,B,0,202051402050,20210720,4,98
10230,3,B,1,202051322050,20210720,4,99
10231,4,B,0,202040322050,20210720,4,100
10232,3,B,1,202040252050,20210720,4,101
10233,4,B,1,202032252050,20210720,4,102
10234,3,B,0,202032202050,20210720,4,103
10235,4,B,0,202026202050,20210720,4,104
10236,3,B,0,202026162050,20210720,4,105
10237,4,B,0,202020162050,20210720,4,106
10238,3,B,0,202020132050,20210720,4,107
10239,2,A,0,202080502050,20210720,4,108
10240,1,A,1,201680502050,20210720,4,109
10241,2,A,0,161680502050,20210720,4,110
10242,1,A,0,161280502050,20210720,4,111
10243,3,B,1,202080502050,20210720,4,112
10244,4,B,0,202064502050,20210720,4,113
10245,3,B,1,202064402050,20210720,4,114
10246,4,B,0,202051402050,20210720,4,115
10247,3,B,0,202051322050,20210720,4,116
10248,4,B,0,202040322050,20210720,4,117
10249,3,B,1,202040252050,20210720,4,118
10250,5,C,0,202080502050,20210720,4,119
10251,6,C,1,202080501650,20210720,4,120
10252,5,C,0,202080501640,20210720,4,121
10253,6,C,0,202080501240,20210720,4,122
10254,5,C,0,202080501232,20210720,4,123
10255,2,A,0,202080502050,20210720,4,124
10256,1,A,0,201680502050,20210720,4,125
10257,3,B,0,202080502050,20210720,4,126
10258,4,B,1,202064502050,20210720,4,127
10259,3,B,1,202064402050,20210720,4,128
10260,4,B,0,202051402050,20210720,4,129
10261,3,B,0,202051322050,20210720,4,130
10262,4,B,0,202040322050,20210720,4,131
10263,3,B,1,202040252050,20210720,4,132
10264,4,B,1,202032252050,20210720,4,133
10265,3,B,0,202032202050,20210720,4,134
10266,4,B,0,202026202050,20210720,4,135
10267,3,B,1,202026162050,20210720,4,136
10268,4,B,0,202020162050,20210720,4,137
10269,3,B,0,202020132050,20210720,4,138
10270,4,B,0,202016132050,20210720,4,139
10271,3,B,0,202016102050,20210720,4,140
10272,2,A,0,202080502050,20210720,4,141
10273,1,A,1,201680502050,20210720,4,142
10274,2,A,1,161680502050,20210720,4,143
10275,1,A,0,161280502050,20210720,4,144
10276,2,A,0,121280502050,20210720,4,145
10277,1,A,0,121080502050,20210720,4,146
10278,3,B,0,202080502050,20210720,4,147
10279,4,B,1,202064502050,20210720,4,148
10280,3,B,0,202064402050,20210720,4,149
10281,4,B,1,202051402050,20210720,4,150
10282,3,B,1,202051322050,20210720,4,151
10283,4,B,0,202040322050,20210720,4,152
10284,3,B,1,202040252050,20210720,4,153
10285,4,B,0,202032252050,20210720,4,154
10286,3,B,0,202032202050,20210720,4,155
10287,4,B,0,202026202050,20210720,4,156
10288,3,B,0,202026162050,20210720,4,157
10289,2,A,1,202080502050,20210720,4,158
10290,1,A,0,201680502050,20210720,4,159
10291,2,A,0,161680502050,20210720,4,160
10292,4,B,1,202080502050,20210720,4,161
10293,3,B,1,202080402050,20210720,4,162
10294,4,B,1,202064402050,20210720,4,163
10295,3,B,1,202064322050,20210720,4,164
10296,4,B,1,202051322050,20210720,4,165
10297,3,B,0,202051252050,20210720,4,166
10298,4,B,0,202040252050,20210720,4,167
10299,3,B,0,202040202050,20210720,4,168
10300,4,B,0,202032202050,20210720,4,169
10301,3,B,1,202032162050,20210720,4,170
10302,4,B,0,202026162050,20210720,4,171
10303,3,B,1,202026132050,20210720,4,172
10304,4,B,0,202020132050,20210720,4,173
10305,3,B,0,202020102050,20210720,4,174
10306,2,A,0,202080502050,20210720,4,175
10307,1,A,1,201680502050,20210720,4,176
10308,2,A,0,161680502050,20210720,4,177
10309,1,A,0,161280502050,20210720,4,178
10310,3,B,1,202080502050,20210720,4,179
10311,4,B,1,202064502050,20210720,4,180
10312,3,B,1,202064402050,20210720,4,181
10313,4,B,1,202051402050,20210720,4,182
10314,3,B,1,202051322050,20210720,4,183
10315,4,B,0,202040322050,20210720,4,184
10316,3,B,1,202040252050,20210720,4,185
10317,4,B,0,202032252050,20210720,4,186
10318,3,B,0,202032202050,20210720,4,187
10319,4,B,1,202026202050,20210720,4,188
10320,3,B,1,202026162050,20210720,4,189
10321,4,B,0,202020162050,20210720,4,190
10322,3,B,0,202020132050,20210720,4,191
10323,2,A,0,202080502050,20210720,4,192
10324,1,A,0,201680502050,20210720,4,193
10325,3,B,1,202080502050,20210720,4,194
10326,4,B,1,202064502050,20210720,4,195
10327,3,B,0,202064402050,20210720,4,196
10328,4,B,0,202051402050,20210720,4,197
10329,3,B,1,202051322050,20210720,4,198
10330,4,B,1,202040322050,20210720,4,199
10331,3,B,1,202040252050,20210720,4,200
10332,4,B,0,202032252050,20210720,4,201
10333,3,B,0,202032202050,20210720,4,202
10334,4,B,0,202026202050,20210720,4,203
10335,3,B,1,202026162050,20210720,4,204
10336,4,B,0,202020162050,20210720,4,205
10337,3,B,0,202020132050,20210720,4,206
10338,2,A,0,202080502050,20210720,4,207
10339,1,A,0,201680502050,20210720,4,208
10340,3,B,1,202080502050,20210720,4,209
10341,4,B,0,202064502050,20210720,4,210
10342,3,B,1,202064402050,20210720,4,211
10343,4,B,1,202051402050,20210720,4,212
10344,3,B,0,202051322050,20210720,4,213
10345,4,B,1,202040322050,20210720,4,214
10346,3,B,1,202040252050,20210720,4,215
10347,4,B,1,202032252050,20210720,4,216
10348,3,B,0,202032202050,20210720,4,217
10349,4,B,0,202026202050,20210720,4,218
10350,3,B,1,202026162050,20210720,4,219
10351,4,B,0,202020162050,20210720,4,220
10352,3,B,0,202020132050,20210720,4,221
10353,4,B,0,202016132050,20210720,4,222
10354,3,B,0,202016102050,20210720,4,223
10355,2,A,0,202080502050,20210720,4,224
10356,1,A,1,201680502050,20210720,4,225
10357,3,B,1,202080502050,20210720,4,226
10358,4,B,1,202064502050,20210720,4,227
10359,3,B,1,202064402050,20210720,4,228
10360,4,B,0,202051402050,20210720,4,229
10361,3,B,1,202051322050,20210720,4,230
10362,4,B,0,202040322050,20210720,4,231
10363,3,B,0,202040252050,20210720,4,232
10364,4,B,0,202032252050,20210720,4,233
10365,3,B,0,202032202050,20210720,4,234
10366,2,A,0,202080502050,20210720,4,235
10367,1,A,0,201680502050,20210720,4,236
10368,4,B,1,202080502050,20210720,4,237
10369,3,B,1,202080402050,20210720,4,238
10370,4,B,0,202064402050,20210720,4,239
10371,3,B,1,202064322050,20210720,4,240
10372,4,B,0,202051322050,20210720,4,241
10373,3,B,0,202051252050,20210720,4,242
10374,4,B,0,202040252050,20210720,4,243
10375,3,B,0,202040202050,20210720,4,244
10376,4,B,1,202032202050,20210720,4,245
10377,3,B,0,202032162050,20210720,4,246
10378,4,B,0,202026162050,20210720,4,247
10379,3,B,1,202026132050,20210720,4,248
10380,4,B,0,202020132050,20210720,4,249
10381,3,B,1,202020102050,20210720,4,250
10382,4,B,1,202016102050,20210720,4,251
10383,3,B,0,202016082050,20210720,4,252
10384,4,B,0,202013082050,20210720,4,253
10385,3,B,0,202013062050,20210720,4,254
10386,2,A,1,202080502050,20210720,4,255
10387,1,A,0,201680502050,20210720,4,256
10388,2,A,0,161680502050,20210720,4,257
10389,3,B,1,202080502050,20210720,4,258
10390,4,B,1,202064502050,20210720,4,259
10391,3,B,1,202064402050,20210720,4,260
10392,4,B,0,202051402050,20210720,4,261
10393,3,B,0,202051322050,20210720,4,262
10394,4,B,1,202040322050,20210720,4,263
10395,3,B,0,202040252050,20210720,4,264
10396,4,B,0,202032252050,20210720,4,265
10397,3,B,0,202032202050,20210720,4,266
10398,2,A,1,202080502050,20210720,4,267
10399,1,A,0,201680502050,20210720,4,268
10400,2,A,1,161680502050,20210720,4,269
10401,1,A,1,161280502050,20210720,4,270
10402,2,A,0,121280502050,20210720,4,271
10403,3,B,1,202080502050,20210720,4,272
10404,4,B,1,202064502050,20210720,4,273
10405,3,B,1,202064402050,20210720,4,274
10406,4,B,0,202051402050,20210720,4,275
10407,3,B,0,202051322050,20210720,4,276
10408,4,B,0,202040322050,20210720,4,277
10409,3,B,0,202040252050,20210720,4,278
10410,4,B,0,202032252050,20210720,4,279
10411,3,B,1,202032202050,20210720,4,280
10412,2,A,0,202080502050,20210720,4,281
10413,1,A,0,201680502050,20210720,4,282
10414,2,A,1,161680502050,20210720,4,283
10415,3,B,0,202080502050,20210720,4,284
10416,4,B,0,202064502050,20210720,4,285
10417,3,B,1,202064402050,20210720,4,286
10418,4,B,0,202051402050,20210720,4,287
10419,3,B,1,202051322050,20210720,4,288
10420,4,B,1,202040322050,20210720,4,289
10421,3,B,1,202040252050,20210720,4,290
10422,4,B,1,202032252050,20210720,4,291
10423,3,B,1,202032202050,20210720,4,292
10424,4,B,0,202026202050,20210720,4,293
10425,3,B,0,202026162050,20210720,4,294
10426,4,B,0,202020162050,20210720,4,295
10427,3,B,0,202020132050,20210720,4,296
10428,1,A,0,202080502050,20210720,4,297
10429,2,A,0,162080502050,20210720,4,298
10430,3,B,1,202080502050,20210720,4,299
10431,3,B,0,502020208050,20210720,5,0
10432,4,B,1,502016208050,20210720,5,1
10433,2,A,0,502020208050,20210720,5,2
10434,1,A,1,501620208050,20210720,5,3
10435,2,A,0,401620208050,20210720,5,4
10436,1,A,0,401220208050,20210720,5,5
10437,5,C,0,502020208050,20210720,5,6
10438,6,C,0,502020206450,20210720,5,7
10439,5,C,1,502020206440,20210720,5,8
10440,6,C,0,502020205140,20210720,5,9
10441,5,C,0,502020205132,20210720,5,10
10442,6,C,0,502020204032,20210720,5,11
10443,3,B,0,502020208050,20210720,5,12
10444,4,B,0,502016208050,20210720,5,13
10445,3,B,0,502016168050,20210720,5,14
10446,4,B,0,502012168050,20210720,5,15
10447,3,B,0,502012128050,20210720,5,16
10448,2,A,0,502020208050,20210720,5,17
10449,1,A,0,501620208050,20210720,5,18
10450,2,A,0,401620208050,20210720,5,19
10451,4,B,0,502020208050,20210720,5,20
10452,3,B,0,502020168050,20210720,5,21
10453,4,B,1,502016168050,20210720,5,22
10454,3,B,0,502016128050,20210720,5,23
10455,4,B,0,502012128050,20210720,5,24
10456,3,B,0,502012108050,20210720,5,25
10457,4,B,1,502010108050,20210720,5,26
10458,2,A,0,502020208050,20210720,5,27
10459,1,A,1,501620208050,20210720,5,28
10460,2,A,0,401620208050,20210720,5,29
10461,1,A,0,401220208050,20210720,5,30
10462,4,B,0,502020208050,20210720,5,31
10463,3,B,0,502020168050,20210720,5,32
10464,4,B,0,502016168050,20210720,5,33
10465,3,B,0,502016128050,20210720,5,34
10466,4,B,0,502012128050,20210720,5,35
10467,2,A,0,502020208050,20210720,5,36
10468,1,A,1,501620208050,20210720,5,37
10469,2,A,0,401620208050,20210720,5,38
10470,1,A,0,401220208050,20210720,5,39
10471,4,B,1,502020208050,20210720,5,40
10472,3,B,0,502020168050,20210720,5,41
10473,4,B,0,502016168050,20210720,5,42
10474,3,B,0,502016128050,20210720,5,43
10475,4,B,0,502012128050,20210720,5,44
10476,5,C,1,502020208050,20210720,5,45
10477,6,C,0,502020206450,20210720,5,46
10478,5,C,1,502020206440,20210720,5,47
10479,6,C,0,502020205140,20210720,5,48
10480,5,C,0,502020205132,20210720,5,49
10481,6,C,0,502020204032,20210720,5,50
10482,5,C,1,502020204025,20210720,5,51
10483,2,A,1,502020208050,20210720,5,52
10484,1,A,1,501620208050,20210720,5,53
10485,2,A,0,401620208050,20210720,5,54
10486,1,A,0,401220208050,20210720,5,55
10487,4,B,1,502020208050,20210720,5,56
10488,3,B,0,502020168050,20210720,5,57
10489,4,B,0,502016168050,20210720,5,58
10490,3,B,0,502016128050,20210720,5,59
10491,4,B,0,502012128050,20210720,5,60
10492,3,B,0,502012108050,20210720,5,61
10493,2,A,0,502020208050,20210720,5,62
10494,1,A,1,501620208050,20210720,5,63
10495,2,A,0,401620208050,20210720,5,64
10496,1,A,1,401220208050,20210720,5,65
10497,3,B,1,502020208050,20210720,5,66
10498,4,B,0,502016208050,20210720,5,67
10499,3,B,0,502016168050,20210720,5,68
10500,4,B,1,502012168050,20210720,5,69
10501,5,C,1,502020208050,20210720,5,70
10502,6,C,0,502020206450,20210720,5,71
10503,5,C,1,502020206440,20210720,5,72
10504,2,A,1,502020208050,20210720,5,73
10505,1,A,1,501620208050,20210720,5,74
10506,2,A,0,401620208050,20210720,5,75
10507,1,A,0,401220208050,20210720,5,76
10508,2,A,0,321220208050,20210720,5,77
10509,1,A,1,321020208050,20210720,5,78
10510,4,B,1,502020208050,20210720,5,79
10511,3,B,0,502020168050,20210720,5,80
10512,4,B,0,502016168050,20210720,5,81
10513,3,B,0,502016128050,20210720,5,82
10514,4,B,1,502012128050,20210720,5,83
10515,3,B,0,502012108050,20210720,5,84
10516,2,A,1,502020208050,20210720,5,85
10517,1,A,1,501620208050,20210720,5,86
10518,2,A,0,401620208050,20210720,5,87
10519,1,A,0,401220208050,20210720,5,88
10520,4,B,1,502020208050,20210720,5,89
10521,3,B,0,502020168050,20210720,5,90
10522,4,B,0,502016168050,20210720,5,91
10523,3,B,0,502016128050,20210720,5,92
10524,4,B,0,502012128050,20210720,5,93
10525,2,A,1,502020208050,20210720,5,94
10526,1,A,0,501620208050,20210720,5,95
10527,2,A,0,401620208050,20210720,5,96
10528,1,A,0,401220208050,20210720,5,97
10529,4,B,0,502020208050,20210720,5,98
10530,3,B,0,502020168050,20210720,5,99
10531,2,A,0,502020208050,20210720,5,100
10532,1,A,0,501620208050,20210720,5,101
10533,2,A,0,401620208050,20210720,5,102
10534,1,A,0,401220208050,20210720,5,103
10535,4,B,0,502020208050,20210720,5,104
10536,3,B,0,502020168050,20210720,5,105
10537,2,A,1,502020208050,20210720,5,106
10538,1,A,0,501620208050,20210720,5,107
10539,2,A,0,401620208050,20210720,5,108
10540,1,A,0,401220208050,20210720,5,109
10541,3,B,0,502020208050,20210720,5,110
10542,4,B,0,502016208050,20210720,5,111
10543,5,C,1,502020208050,20210720,5,112
10544,6,C,0,502020206450,20210720,5,113
10545,5,C,1,502020206440,20210720,5,114
10546,6,C,0,502020205140,20210720,5,115
10547,5,C,0,502020205132,20210720,5,116
10548,2,A,0,502020208050,20210720,5,117
10549,1,A,0,501620208050,20210720,5,118
10550,2,A,0,401620208050,20210720,5,119
10551,1,A,1,401220208050,20210720,5,120
10552,2,A,1,321220208050,20210720,5,121
10553,1,A,0,321020208050,20210720,5,122
10554,2,A,0,251020208050,20210720,5,123
10555,1,A,0,250820208050,20210720,5,124
10556,4,B,1,502020208050,20210720,5,125
10557,3,B,0,502020168050,20210720,5,126
10558,4,B,0,502016168050,20210720,5,127
10559,3,B,0,502016128050,20210720,5,128
10560,4,B,0,502012128050,20210720,5,129
10561,2,A,0,502020208050,20210720,5,130
10562,1,A,1,501620208050,20210720,5,131
10563,2,A,0,401620208050,20210720,5,132
10564,1,A,0,401220208050,20210720,5,133
10565,2,A,0,321220208050,20210720,5,134
10566,1,A,0,321020208050,20210720,5,135
10567,4,B,1,502020208050,20210720,5,136
10568,3,B,1,502020168050,20210720,5,137
10569,4,B,0,502016168050,20210720,5,138
10570,3,B,0,502016128050,20210720,5,139
10571,2,A,0,502020208050,20210720,5,140
10572,1,A,1,501620208050,20210720,5,141
10573,2,A,1,401620208050,20210720,5,142
10574,1,A,1,401220208050,20210720,5,143
10575,2,A,0,321220208050,20210720,5,144
10576,1,A,1,321020208050,20210720,5,145
10577,2,A,0,251020208050,20210720,5,146
10578,1,A,1,250820208050,20210720,5,147
10579,2,A,0,200820208050,20210720,5,148
10580,1,A,0,200620208050,20210720,5,149
10581,4,B,0,502020208050,20210720,5,150
10582,3,B,0,502020168050,20210720,5,151
10583,4,B,0,502016168050,20210720,5,152
10584,3,B,0,502016128050,20210720,5,153
10585,2,A,0,502020208050,20210720,5,154
10586,1,A,0,501620208050,20210720,5,155
10587,2,A,0,401620208050,20210720,5,156
10588,1,A,0,401220208050,20210720,5,157
10589,2,A,0,321220208050,20210720,5,158
10590,1,A,0,321020208050,20210720,5,159
10591,2,A,0,251020208050,20210720,5,160
10592,1,A,0,250820208050,20210720,5,161
10593,4,B,0,502020208050,20210720,5,162
10594,3,B,0,502020168050,20210720,5,163
10595,4,B,0,502016168050,20210720,5,164
10596,2,A,0,502020208050,20210720,5,165
10597,1,A,1,501620208050,20210720,5,166
10598,2,A,0,401620208050,20210720,5,167
10599,1,A,0,401220208050,20210720,5,168
10600,2,A,0,321220208050,20210720,5,169
10601,1,A,0,321020208050,20210720,5,170
10602,5,C,0,502020208050,20210720,5,171
10603,6,C,0,502020206450,20210720,5,172
10604,5,C,1,502020206440,20210720,5,173
10605,6,C,1,502020205140,20210720,5,174
10606,5,C,0,502020205132,20210720,5,175
10607,2,A,0,502020208050,20210720,5,176
10608,1,A,1,501620208050,20210720,5,177
10609,2,A,0,401620208050,20210720,5,178
10610,1,A,0,401220208050,20210720,5,179
10611,2,A,0,321220208050,20210720,5,180
10612,1,A,0,321020208050,20210720,5,181
10613,4,B,0,502020208050,20210720,5,182
10614,3,B,0,502020168050,20210720,5,183
10615,4,B,0,502016168050,20210720,5,184
10616,2,A,0,502020208050,20210720,5,185
10617,1,A,1,501620208050,20210720,5,186
10618,2,A,0,401620208050,20210720,5,187
10619,1,A,0,401220208050,20210720,5,188
10620,5,C,0,502020208050,20210720,5,189
10621,6,C,1,502020206450,20210720,5,190
10622,5,C,1,502020206440,20210720,5,191
10623,6,C,1,502020205140,20210720,5,192
10624,5,C,0,502020205132,20210720,5,193
10625,6,C,0,502020204032,20210720,5,194
10626,5,C,1,502020204025,20210720,5,195
10627,6,C,0,502020203225,20210720,5,196
10628,5,C,0,502020203220,20210720,5,197
10629,6,C,0,502020202620,20210720,5,198
10630,5,C,0,502020202616,20210720,5,199
10631,6,C,0,502020202016,20210720,5,200
10632,5,C,0,502020202013,20210720,5,201
10633,2,A,0,502020208050,20210720,5,202
10634,1,A,1,501620208050,20210720,5,203
10635,2,A,0,401620208050,20210720,5,204
10636,1,A,0,401220208050,20210720,5,205
10637,5,C,1,502020208050,20210720,5,206
10638,6,C,0,502020206450,20210720,5,207
10639,5,C,0,502020206440,20210720,5,208
10640,2,A,0,502020208050,20210720,5,209
10641,1,A,1,501620208050,20210720,5,210
10642,2,A,0,401620208050,20210720,5,211
10643,1,A,0,401220208050,20210720,5,212
10644,2,A,0,321220208050,20210720,5,213
10645,1,A,0,321020208050,20210720,5,214
10646,2,A,0,251020208050,20210720,5,215
10647,1,A,0,250820208050,20210720,5,216
10648,2,A,0,200820208050,20210720,5,217
10649,1,A,1,200620208050,20210720,5,218
10650,5,C,1,502020208050,20210720,5,219
10651,6,C,1,502020206450,20210720,5,220
10652,5,C,1,502020206440,20210720,5,221
10653,6,C,0,502020205140,20210720,5,222
10654,5,C,1,502020205132,20210720,5,223
10655,6,C,1,502020204032,20210720,5,224
10656,5,C,0,502020204025,20210720,5,225
10657,6,C,0,502020203225,20210720,5,226
10658,5,C,0,502020203220,20210720,5,227
10659,6,C,0,502020202620,20210720,5,228
10660,5,C,0,502020202616,20210720,5,229
10661,2,A,0,502020208050,20210720,5,230
10662,1,A,1,501620208050,20210720,5,231
10663,2,A,0,401620208050,20210720,5,232
10664,1,A,1,401220208050,20210720,5,233
10665,4,B,0,502020208050,20210720,5,234
10666,3,B,0,502020168050,20210720,5,235
10667,4,B,0,502016168050,20210720,5,236
10668,3,B,1,502016128050,20210720,5,237
10669,2,A,0,502020208050,20210720,5,238
10670,1,A,0,501620208050,20210720,5,239
10671,5,C,1,502020208050,20210720,5,240
10672,6,C,0,502020206450,20210720,5,241
10673,5,C,0,502020206440,20210720,5,242
10674,6,C,0,502020205140,20210720,5,243
10675,5,C,0,502020205132,20210720,5,244
10676,2,A,0,502020208050,20210720,5,245
10677,1,A,0,501620208050,20210720,5,246
10678,2,A,0,401620208050,20210720,5,247
10679,1,A,0,401220208050,20210720,5,248
10680,5,C,0,502020208050,20210720,5,249
10681,6,C,0,502020206450,20210720,5,250
10682,5,C,1,502020206440,20210720,5,251
10683,6,C,0,502020205140,20210720,5,252
10684,5,C,1,502020205132,20210720,5,253
10685,3,B,0,202020508050,20210721,1,0
10686,4,B,0,202016508050,20210721,1,1
10687,2,A,0,202020508050,20210721,1,2
10688,1,A,1,201620508050,20210721,1,3
10689,2,A,0,161620508050,20210721,1,4
10690,1,A,1,161220508050,20210721,1,5
10691,5,C,1,202020508050,20210721,1,6
10692,6,C,1,202020506450,20210721,1,7
10693,5,C,1,202020506440,20210721,1,8
10694,6,C,1,202020505140,20210721,1,9
10695,5,C,0,202020505132,20210721,1,10
10696,6,C,0,202020504032,20210721,1,11
10697,5,C,1,202020504025,20210721,1,12
10698,2,A,0,202020508050,20210721,1,13
10699,1,A,0,201620508050,20210721,1,14
10700,2,A,0,161620508050,20210721,1,15
10701,1,A,0,161220508050,20210721,1,16
10702,3,B,0,202020508050,20210721,1,17
10703,4,B,1,202016508050,20210721,1,18
10704,3,B,1,202016408050,20210721,1,19
10705,4,B,0,202012408050,20210721,1,20
10706,3,B,0,202012328050,20210721,1,21
10707,4,B,0,202010328050,20210721,1,22
10708,5,C,0,202020508050,20210721,1,23
10709,6,C,0,202020506450,20210721,1,24
10710,5,C,0,202020506440,20210721,1,25
10711,2,A,0,202020508050,20210721,1,26
10712,1,A,0,201620508050,20210721,1,27
10713,2,A,0,161620508050,20210721,1,28
10714,1,A,0,161220508050,20210721,1,29
10715,4,B,1,202020508050,20210721,1,30
10716,3,B,0,202020408050,20210721,1,31
10717,4,B,1,202016408050,20210721,1,32
10718,3,B,0,202016328050,20210721,1,33
10719,4,B,0,202012328050,20210721,1,34
10720,5,C,1,202020508050,20210721,1,35
10721,6,C,0,202020506450,20210721,1,36
10722,5,C,0,202020506440,20210721,1,37
10723,4,B,0,202020508050,20210721,1,38
10724,3,B,1,202020408050,20210721,1,39
10725,4,B,1,202016408050,20210721,1,40
10726,3,B,0,202016328050,20210721,1,41
10727,4,B,1,202012328050,20210721,1,42
10728,2,A,0,202020508050,20210721,1,43
10729,1,A,0,201620508050,20210721,1,44
10730,2,A,0,161620508050,20210721,1,45
10731,1,A,0,161220508050,20210721,1,46
10732,4,B,1,202020508050,20210721,1,47
10733,3,B,0,202020408050,20210721,1,48
10734,4,B,0,202016408050,20210721,1,49
10735,3,B,0,202016328050,20210721,1,50
10736,4,B,0,202012328050,20210721,1,51
10737,2,A,0,202020508050,20210721,1,52
10738,1,A,1,201620508050,20210721,1,53
10739,4,B,1,202020508050,20210721,1,54
10740,3,B,0,202020408050,20210721,1,55
10741,4,B,0,202016408050,20210721,1,56
10742,5,C,1,202020508050,20210721,1,57
10743,6,C,1,202020506450,20210721,1,58
10744,5,C,0,202020506440,20210721,1,59
10745,4,B,0,202020508050,20210721,1,60
10746,3,B,0,202020408050,20210721,1,61
10747,4,B,1,202016408050,20210721,1,62
10748,2,A,0,202020508050,20210721,1,63
10749,1,A,1,201620508050,20210721,1,64
10750,2,A,0,161620508050,20210721,1,65
10751,1,A,1,161220508050,20210721,1,66
10752,4,B,1,202020508050,20210721,1,67
10753,3,B,0,202020408050,20210721,1,68
10754,4,B,1,202016408050,20210721,1,69
10755,5,C,0,202020508050,20210721,1,70
10756,6,C,1,202020506450,20210721,1,71
10757,5,C,0,202020506440,20210721,1,72
10758,6,C,1,202020505140,20210721,1,73
10759,5,C,1,202020505132,20210721,1,74
10760,6,C,0,202020504032,20210721,1,75
10761,5,C,0,202020504025,20210721,1,76
10762,4,B,0,202020508050,20210721,1,77
10763,3,B,1,202020408050,20210721,1,78
10764,4,B,1,202016408050,20210721,1,79
10765,3,B,0,202016328050,20210721,1,80
10766,4,B,0,202012328050,20210721,1,81
10767,2,A,0,202020508050,20210721,1,82
10768,1,A,0,201620508050,20210721,1,83
10769,2,A,0,161620508050,20210721,1,84
10770,1,A,1,161220508050,20210721,1,85
10771,4,B,0,202020508050,20210721,1,86
10772,3,B,0,202020408050,20210721,1,87
10773,4,B,1,202016408050,20210721,1,88
10774,5,C,1,202020508050,20210721,1,89
10775,6,C,1,202020506450,20210721,1,90
10776,5,C,1,202020506440,20210721,1,91
10777,6,C,0,202020505140,20210721,1,92
10778,5,C,0,202020505132,20210721,1,93
10779,4,B,0,202020508050,20210721,1,94
10780,3,B,0,202020408050,20210721,1,95
10781,4,B,0,202016408050,20210721,1,96
10782,2,A,0,202020508050,20210721,1,97
10783,1,A,0,201620508050,20210721,1,98
10784,4,B,1,202020508050,20210721,1,99
10785,3,B,0,202020408050,20210721,1,100
10786,4,B,1,202016408050,20210721,1,101
10787,5,C,1,202020508050,20210721,1,102
10788,6,C,1,202020506450,20210721,1,103
10789,5,C,1,202020506440,20210721,1,104
10790,6,C,0,202020505140,20210721,1,105
10791,5,C,0,202020505132,20210721,1,106
10792,6,C,0,202020504032,20210721,1,107
10793,5,C,0,202020504025,20210721,1,108
10794,4,B,0,202020508050,20210721,1,109
10795,3,B,1,202020408050,20210721,1,110
10796,4,B,0,202016408050,20210721,1,111
10797,3,B,0,202016328050,20210721,1,112
10798,4,B,0,202012328050,20210721,1,113
10799,5,C,1,202020508050,20210721,1,114
10800,6,C,0,202020506450,20210721,1,115
10801,5,C,1,202020506440,20210721,1,116
10802,4,B,0,202020508050,20210721,1,117
10803,3,B,0,202020408050,20210721,1,118
10804,4,B,0,202016408050,20210721,1,119
10805,1,A,0,202020508050,20210721,1,120
10806,2,A,0,162020508050,20210721,1,121
10807,1,A,0,161620508050,20210721,1,122
10808,5,C,0,202020508050,20210721,1,123
10809,6,C,0,202020506450,20210721,1,124
10810,5,C,1,202020506440,20210721,1,125
10811,4,B,1,202020508050,20210721,1,126
10812,3,B,1,202020408050,20210721,1,127
10813,4,B,1,202016408050,20210721,1,128
10814,3,B,0,202016328050,20210721,1,129
10815,4,B,0,202012328050,20210721,1,130
10816,5,C,1,202020508050,20210721,1,131
10817,6,C,1,202020506450,20210721,1,132
10818,5,C,0,202020506440,20210721,1,133
10819,6,C,0,202020505140,20210721,1,134
10820,5,C,0,202020505132,20210721,1,135
10821,4,B,1,202020508050,20210721,1,136
10822,3,B,1,202020408050,20210721,1,137
10823,4,B,0,202016408050,20210721,1,138
10824,3,B,0,202016328050,20210721,1,139
10825,4,B,0,202012328050,20210721,1,140
10826,5,C,1,202020508050,20210721,1,141
10827,6,C,1,202020506450,20210721,1,142
10828,5,C,1,202020506440,20210721,1,143
10829,6,C,1,202020505140,20210721,1,144
10830,5,C,1,202020505132,20210721,1,145
10831,6,C,0,202020504032,20210721,1,146
10832,5,C,0,202020504025,20210721,1,147
10833,6,C,0,202020503225,20210721,1,148
10834,5,C,0,202020503220,20210721,1,149
10835,4,B,1,202020508050,20210721,1,150
10836,3,B,0,202020408050,20210721,1,151
10837,4,B,0,202016408050,20210721,1,152
10838,3,B,0,202016328050,20210721,1,153
10839,4,B,0,202012328050,20210721,1,154
10840,5,C,1,202020508050,20210721,1,155
10841,6,C,0,202020506450,20210721,1,156
10842,5,C,1,202020506440,20210721,1,157
10843,1,A,0,202020508050,20210721,1,158
10844,5,C,1,202020508050,20210721,1,159
10845,6,C,0,202020506450,20210721,1,160
10846,5,C,1,202020506440,20210721,1,161
10847,6,C,0,202020505140,20210721,1,162
10848,5,C,1,202020505132,20210721,1,163
10849,4,B,1,202020508050,20210721,1,164
10850,3,B,0,202020408050,20210721,1,165
10851,4,B,0,202016408050,20210721,1,166
10852,5,C,1,202020508050,20210721,1,167
10853,6,C,1,202020506450,20210721,1,168
10854,5,C,0,202020506440,20210721,1,169
10855,6,C,0,202020505140,20210721,1,170
10856,5,C,1,202020505132,20210721,1,171
10857,6,C,1,202020504032,20210721,1,172
10858,5,C,1,202020504025,20210721,1,173
10859,6,C,0,202020503225,20210721,1,174
10860,5,C,0,202020503220,20210721,1,175
10861,6,C,0,202020502620,20210721,1,176
10862,5,C,1,202020502616,20210721,1,177
10863,6,C,0,202020502016,20210721,1,178
10864,5,C,0,202020502013,20210721,1,179
10865,3,B,0,202020508050,20210721,1,180
10866,4,B,0,202016508050,20210721,1,181
10867,3,B,0,202016408050,20210721,1,182
10868,5,C,1,202020508050,20210721,1,183
10869,6,C,1,202020506450,20210721,1,184
10870,5,C,1,202020506440,20210721,1,185
10871,6,C,0,202020505140,20210721,1,186
10872,5,C,0,202020505132,20210721,1,187
10873,6,C,0,202020504032,20210721,1,188
10874,5,C,0,202020504025,20210721,1,189
10875,4,B,0,202020508050,20210721,1,190
10876,3,B,0,202020408050,20210721,1,191
10877,4,B,1,202016408050,20210721,1,192
10878,5,C,1,202020508050,20210721,1,193
10879,6,C,0,202020506450,20210721,1,194
10880,5,C,0,202020506440,20210721,1,195
10881,6,C,0,202020505140,20210721,1,196
10882,5,C,0,202020505132,20210721,1,197
10883,1,A,0,202020508050,20210721,1,198
10884,2,A,0,162020508050,20210721,1,199
10885,1,A,0,161620508050,20210721,1,200
10886,5,C,1,202020508050,20210721,1,201
10887,6,C,1,202020506450,20210721,1,202
10888,5,C,1,202020506440,20210721,1,203
10889,6,C,1,202020505140,20210721,1,204
10890,5,C,0,202020505132,20210721,1,205
10891,6,C,1,202020504032,20210721,1,206
10892,5,C,1,202020504025,20210721,1,207
10893,6,C,0,202020503225,20210721,1,208
10894,5,C,1,202020503220,20210721,1,209
10895,6,C,0,202020502620,20210721,1,210
10896,5,C,0,202020502616,20210721,1,211
10897,3,B,0,202020508050,20210721,1,212
10898,4,B,1,202016508050,20210721,1,213
10899,5,C,0,202020508050,20210721,1,214
10900,6,C,1,202020506450,20210721,1,215
10901,5,C,1,202020506440,20210721,1,216
10902,6,C,1,202020505140,20210721,1,217
10903,5,C,0,202020505132,20210721,1,218
10904,6,C,1,202020504032,20210721,1,219
10905,5,C,0,202020504025,20210721,1,220
10906,6,C,0,202020503225,20210721,1,221
10907,5,C,0,202020503220,20210721,1,222
10908,4,B,1,202020508050,20210721,1,223
10909,3,B,1,202020408050,20210721,1,224
10910,4,B,1,202016408050,20210721,1,225
10911,3,B,0,202016328050,20210721,1,226
10912,4,B,1,202012328050,20210721,1,227
10913,5,C,1,202020508050,20210721,1,228
10914,6,C,1,202020506450,20210721,1,229
10915,5,C,0,202020506440,20210721,1,230
10916,6,C,1,202020505140,20210721,1,231
10917,5,C,1,202020505132,20210721,1,232
10918,6,C,1,202020504032,20210721,1,233
10919,5,C,1,202020504025,20210721,1,234
10920,6,C,0,202020503225,20210721,1,235
10921,5,C,0,202020503220,20210721,1,236
10922,6,C,0,202020502620,20210721,1,237
10923,5,C,1,202020502616,20210721,1,238
10924,6,C,0,202020502016,20210721,1,239
10925,5,C,0,202020502013,20210721,1,240
10926,4,B,0,202020508050,20210721,1,241
10927,3,B,1,202020408050,20210721,1,242
10928,4,B,1,202016408050,20210721,1,243
10929,3,B,0,202016328050,20210721,1,244
10930,4,B,0,202012328050,20210721,1,245
10931,5,C,1,202020508050,20210721,1,246
10932,6,C,1,202020506450,20210721,1,247
10933,5,C,1,202020506440,20210721,1,248
10934,6,C,0,202020505140,20210721,1,249
10935,5,C,0,202020505132,20210721,1,250
10936,6,C,0,202020504032,20210721,1,251
10937,5,C,1,202020504025,20210721,1,252
10938,6,C,0,202020503225,20210721,1,253
10939,5,C,0,202020503220,20210721,1,254
10940,4,B,1,202020508050,20210721,1,255
10941,3,B,0,202020408050,20210721,1,256
10942,4,B,0,202016408050,20210721,1,257
10943,5,C,1,202020508050,20210721,1,258
10944,6,C,0,202020506450,20210721,1,259
10945,5,C,1,202020506440,20210721,1,260
10946,6,C,0,202020505140,20210721,1,261
10947,5,C,1,202020505132,20210721,1,262
10948,6,C,0,202020504032,20210721,1,263
10949,5,C,0,202020504025,20210721,1,264
10950,4,B,1,202020508050,20210721,1,265
10951,3,B,0,202020408050,20210721,1,266
10952,4,B,1,202016408050,20210721,1,267
10953,5,C,1,202020508050,20210721,1,268
10954,6,C,1,202020506450,20210721,1,269
10955,5,C,1,202020506440,20210721,1,270
10956,6,C,0,202020505140,20210721,1,271
10957,5,C,1,202020505132,20210721,1,272
10958,6,C,0,202020504032,20210721,1,273
10959,5,C,0,202020504025,20210721,1,274
10960,4,B,1,202020508050,20210721,1,275
10961,3,B,0,202020408050,20210721,1,276
10962,4,B,1,202016408050,20210721,1,277
10963,5,C,1,202020508050,20210721,1,278
10964,6,C,1,202020506450,20210721,1,279
10965,5,C,1,202020506440,20210721,1,280
10966,6,C,0,202020505140,20210721,1,281
10967,5,C,1,202020505132,20210721,1,282
10968,6,C,1,202020504032,20210721,1,283
10969,5,C,1,202020504025,20210721,1,284
10970,6,C,0,202020503225,20210721,1,285
10971,5,C,1,202020503220,20210721,1,286
10972,4,B,0,202020508050,20210721,1,287
10973,5,C,0,202020508050,20210721,1,288
10974,6,C,0,202020506450,20210721,1,289
10975,5,C,1,202020506440,20210721,1,290
10976,6,C,0,202020505140,20210721,1,291
10977,5,C,0,202020505132,20210721,1,292
10978,4,B,1,202020508050,20210721,1,293
10979,3,B,0,202020408050,20210721,1,294
10980,4,B,0,202016408050,20210721,1,295
10981,5,C,1,202020508050,20210721,1,296
10982,6,C,0,202020506450,20210721,1,297
10983,5,C,1,202020506440,20210721,1,298
10984,6,C,0,202020505140,20210721,1,299
10985,2,A,0,205050802020,20210721,2,0
10986,1,A,0,204050802020,20210721,2,1
10987,2,A,1,164050802020,20210721,2,2
10988,1,A,1,163250802020,20210721,2,3
10989,2,A,1,123250802020,20210721,2,4
10990,1,A,0,122550802020,20210721,2,5
10991,2,A,0,102550802020,20210721,2,6
10992,5,C,0,205050802020,20210721,2,7
10993,6,C,0,205050801620,20210721,2,8
10994,5,C,0,205050801616,20210721,2,9
10995,6,C,0,205050801216,20210721,2,10
10996,5,C,1,205050801212,20210721,2,11
10997,3,B,0,205050802020,20210721,2,12
10998,4,B,1,205040802020,20210721,2,13
10999,3,B,0,205040642020,20210721,2,14
11000,4,B,0,205032642020,20210721,2,15
11001,3,B,1,205032512020,20210721,2,16
11002,4,B,0,205025512020,20210721,2,17
11003,3,B,1,205025402020,20210721,2,18
11004,4,B,0,205020402020,20210721,2,19
11005,3,B,0,205020322020,20210721,2,20
11006,4,B,0,205016322020,20210721,2,21
11007,5,C,0,205050802020,20210721,2,22
11008,6,C,0,205050801620,20210721,2,23
11009,5,C,0,205050801616,20210721,2,24
11010,2,A,1,205050802020,20210721,2,25
11011,1,A,0,204050802020,20210721,2,26
11012,2,A,0,164050802020,20210721,2,27
11013,1,A,0,163250802020,20210721,2,28
11014,2,A,1,123250802020,20210721,2,29
11015,1,A,0,122550802020,20210721,2,30
11016,2,A,1,102550802020,20210721,2,31
11017,1,A,0,102050802020,20210721,2,32
11018,2,A,1,082050802020,20210721,2,33
11019,5,C,0,205050802020,20210721,2,34
11020,6,C,0,205050801620,20210721,2,35
11021,5,C,1,205050801616,20210721,2,36
11022,6,C,0,205050801216,20210721,2,37
11023,5,C,0,205050801212,20210721,2,38
11024,4,B,1,205050802020,20210721,2,39
11025,3,B,0,205050642020,20210721,2,40
11026,4,B,1,205040642020,20210721,2,41
11027,3,B,1,205040512020,20210721,2,42
11028,4,B,0,205032512020,20210721,2,43
11029,3,B,0,205032402020,20210721,2,44
11030,4,B,0,205025402020,20210721,2,45
11031,2,A,0,205050802020,20210721,2,46
11032,1,A,0,204050802020,20210721,2,47
11033,2,A,0,164050802020,20210721,2,48
11034,1,A,0,163250802020,20210721,2,49
11035,2,A,1,123250802020,20210721,2,50
11036,1,A,1,122550802020,20210721,2,51
11037,2,A,1,102550802020,20210721,2,52
11038,1,A,1,102050802020,20210721,2,53
11039,2,A,0,082050802020,20210721,2,54
11040,1,A,0,081650802020,20210721,2,55
11041,2,A,1,061650802020,20210721,2,56
11042,1,A,1,061350802020,20210721,2,57
11043,2,A,0,051350802020,20210721,2,58
11044,1,A,0,051050802020,20210721,2,59
11045,2,A,0,041050802020,20210721,2,60
11046,1,A,1,040850802020,20210721,2,61
11047,2,A,0,030850802020,20210721,2,62
11048,1,A,0,030650802020,20210721,2,63
11049,2,A,0,020650802020,20210721,2,64
11050,3,B,0,205050802020,20210721,2,65
11051,4,B,1,205040802020,20210721,2,66
11052,3,B,0,205040642020,20210721,2,67
11053,4,B,1,205032642020,20210721,2,68
11054,2,A,0,205050802020,20210721,2,69
11055,1,A,0,204050802020,20210721,2,70
11056,2,A,0,164050802020,20210721,2,71
11057,1,A,1,163250802020,20210721,2,72
11058,2,A,0,123250802020,20210721,2,73
11059,1,A,0,122550802020,20210721,2,74
11060,2,A,0,102550802020,20210721,2,75
11061,1,A,0,102050802020,20210721,2,76
11062,5,C,0,205050802020,20210721,2,77
11063,6,C,0,205050801620,20210721,2,78
11064,5,C,0,205050801616,20210721,2,79
11065,4,B,1,205050802020,20210721,2,80
11066,3,B,0,205050642020,20210721,2,81
11067,4,B,1,205040642020,20210721,2,82
11068,3,B,0,205040512020,20210721,2,83
11069,4,B,0,205032512020,20210721,2,84
11070,2,A,1,205050802020,20210721,2,85
11071,1,A,0,204050802020,20210721,2,86
11072,2,A,0,164050802020,20210721,2,87
11073,1,A,0,163250802020,20210721,2,88
11074,2,A,0,123250802020,20210721,2,89
11075,4,B,0,205050802020,20210721,2,90
11076,3,B,1,205050642020,20210721,2,91
11077,4,B,0,205040642020,20210721,2,92
11078,3,B,0,205040512020,20210721,2,93
11079,2,A,1,205050802020,20210721,2,94
11080,1,A,0,204050802020,20210721,2,95
11081,2,A,1,164050802020,20210721,2,96
11082,1,A,1,163250802020,20210721,2,97
11083,2,A,0,123250802020,20210721,2,98
11084,1,A,0,122550802020,20210721,2,99
11085,4,B,1,205050802020,20210721,2,100
11086,3,B,0,205050642020,20210721,2,101
11087,4,B,1,205040642020,20210721,2,102
11088,2,A,1,205050802020,20210721,2,103
11089,1,A,0,204050802020,20210721,2,104
11090,2,A,1,164050802020,20210721,2,105
11091,1,A,1,163250802020,20210721,2,106
11092,2,A,1,123250802020,20210721,2,107
11093,1,A,0,122550802020,20210721,2,108
11094,2,A,0,102550802020,20210721,2,109
11095,1,A,0,102050802020,20210721,2,110
11096,4,B,1,205050802020,20210721,2,111
11097,3,B,0,205050642020,20210721,2,112
11098,4,B,0,205040642020,20210721,2,113
11099,3,B,1,205040512020,20210721,2,114
11100,4,B,0,205032512020,20210721,2,115
11101,3,B,1,205032402020,20210721,2,116
11102,4,B,0,205025402020,20210721,2,117
11103,3,B,1,205025322020,20210721,2,118
11104,4,B,0,205020322020,20210721,2,119
11105,3,B,0,205020262020,20210721,2,120
11106,2,A,1,205050802020,20210721,2,121
11107,1,A,1,204050802020,20210721,2,122
11108,2,A,0,164050802020,20210721,2,123
11109,1,A,0,163250802020,20210721,2,124
11110,2,A,1,123250802020,20210721,2,125
11111,1,A,0,122550802020,20210721,2,126
11112,2,A,0,102550802020,20210721,2,127
11113,4,B,0,205050802020,20210721,2,128
11114,3,B,1,205050642020,20210721,2,129
11115,4,B,1,205040642020,20210721,2,130
11116,3,B,0,205040512020,20210721,2,131
11117,4,B,0,205032512020,20210721,2,132
11118,3,B,0,205032402020,20210721,2,133
11119,2,A,1,205050802020,20210721,2,134
11120,1,A,0,204050802020,20210721,2,135
11121,2,A,0,164050802020,20210721,2,136
11122,4,B,1,205050802020,20210721,2,137
11123,3,B,0,205050642020,20210721,2,138
11124,4,B,0,205040642020,20210721,2,139
11125,3,B,1,205040512020,20210721,2,140
11126,2,A,1,205050802020,20210721,2,141
11127,1,A,1,204050802020,20210721,2,142
11128,2,A,0,164050802020,20210721,2,143
11129,1,A,0,163250802020,20210721,2,144
11130,2,A,0,123250802020,20210721,2,145
11131,4,B,1,205050802020,20210721,2,146
11132,3,B,1,205050642020,20210721,2,147
11133,4,B,1,205040642020,20210721,2,148
11134,3,B,1,205040512020,20210721,2,149
11135,4,B,0,205032512020,20210721,2,150
11136,3,B,1,205032402020,20210721,2,151
11137,2,A,1,205050802020,20210721,2,152
11138,1,A,0,204050802020,20210721,2,153
11139,2,A,0,164050802020,20210721,2,154
11140,1,A,1,163250802020,20210721,2,155
11141,2,A,0,123250802020,20210721,2,156
11142,4,B,1,205050802020,20210721,2,157
11143,3,B,0,205050642020,20210721,2,158
11144,4,B,1,205040642020,20210721,2,159
11145,3,B,0,205040512020,20210721,2,160
11146,4,B,1,205032512020,20210721,2,161
11147,3,B,1,205032402020,20210721,2,162
11148,4,B,0,205025402020,20210721,2,163
11149,3,B,0,205025322020,20210721,2,164
11150,4,B,0,205020322020,20210721,2,165
11151,2,A,0,205050802020,20210721,2,166
11152,1,A,0,204050802020,20210721,2,167
11153,2,A,0,164050802020,20210721,2,168
11154,1,A,0,163250802020,20210721,2,169
11155,4,B,1,205050802020,20210721,2,170
11156,3,B,1,205050642020,20210721,2,171
11157,4,B,1,205040642020,20210721,2,172
11158,3,B,0,205040512020,20210721,2,173
11159,4,B,0,205032512020,20210721,2,174
11160,3,B,1,205032402020,20210721,2,175
11161,4,B,1,205025402020,20210721,2,176
11162,3,B,0,205025322020,20210721,2,177
11163,4,B,0,205020322020,20210721,2,178
11164,3,B,0,205020262020,20210721,2,179
11165,2,A,0,205050802020,20210721,2,180
11166,1,A,1,204050802020,20210721,2,181
11167,2,A,0,164050802020,20210721,2,182
11168,1,A,1,163250802020,20210721,2,183
11169,4,B,1,205050802020,20210721,2,184
11170,3,B,1,205050642020,20210721,2,185
11171,4,B,1,205040642020,20210721,2,186
11172,3,B,1,205040512020,20210721,2,187
11173,4,B,1,205032512020,20210721,2,188
11174,3,B,1,205032402020,20210721,2,189
11175,4,B,0,205025402020,20210721,2,190
11176,3,B,0,205025322020,20210721,2,191
11177,4,B,1,205020322020,20210721,2,192
11178,3,B,0,205020262020,20210721,2,193
11179,4,B,1,205016262020,20210721,2,194
11180,3,B,0,205016202020,20210721,2,195
11181,4,B,0,205013202020,20210721,2,196
11182,3,B,0,205013162020,20210721,2,197
11183,4,B,0,205010162020,20210721,2,198
11184,3,B,0,205010132020,20210721,2,199
11185,4,B,0,205008132020,20210721,2,200
11186,2,A,0,205050802020,20210721,2,201
11187,1,A,1,204050802020,20210721,2,202
11188,2,A,1,164050802020,20210721,2,203
11189,1,A,0,163250802020,20210721,2,204
11190,2,A,0,123250802020,20210721,2,205
11191,1,A,0,122550802020,20210721,2,206
11192,4,B,1,205050802020,20210721,2,207
11193,3,B,0,205050642020,20210721,2,208
11194,4,B,1,205040642020,20210721,2,209
11195,3,B,1,205040512020,20210721,2,210
11196,4,B,0,205032512020,20210721,2,211
11197,3,B,0,205032402020,20210721,2,212
11198,4,B,1,205025402020,20210721,2,213
11199,3,B,0,205025322020,20210721,2,214
11200,4,B,0,205020322020,20210721,2,215
11201,3,B,0,205020262020,20210721,2,216
11202,4,B,1,205016262020,20210721,2,217
11203,5,C,0,205050802020,20210721,2,218
11204,6,C,0,205050801620,20210721,2,219
11205,5,C,0,205050801616,20210721,2,220
11206,4,B,0,205050802020,20210721,2,221
11207,3,B,0,205050642020,20210721,2,222
11208,4,B,1,205040642020,20210721,2,223
11209,3,B,1,205040512020,20210721,2,224
11210,4,B,1,205032512020,20210721,2,225
11211,3,B,0,205032402020,20210721,2,226
11212,4,B,1,205025402020,20210721,2,227
11213,3,B,0,205025322020,20210721,2,228
11214,4,B,0,205020322020,20210721,2,229
11215,3,B,0,205020262020,20210721,2,230
11216,4,B,0,205016262020,20210721,2,231
11217,3,B,0,205016202020,20210721,2,232
11218,2,A,1,205050802020,20210721,2,233
11219,1,A,0,204050802020,20210721,2,234
11220,2,A,0,164050802020,20210721,2,235
11221,4,B,1,205050802020,20210721,2,236
11222,3,B,0,205050642020,20210721,2,237
11223,4,B,0,205040642020,20210721,2,238
11224,3,B,1,205040512020,20210721,2,239
11225,4,B,1,205032512020,20210721,2,240
11226,3,B,1,205032402020,20210721,2,241
11227,4,B,1,205025402020,20210721,2,242
11228,3,B,1,205025322020,20210721,2,243
11229,4,B,1,205020322020,20210721,2,244
11230,3,B,0,205020262020,20210721,2,245
11231,4,B,0,205016262020,20210721,2,246
11232,3,B,0,205016202020,20210721,2,247
11233,4,B,0,205013202020,20210721,2,248
11234,3,B,0,205013162020,20210721,2,249
11235,4,B,0,205010162020,20210721,2,250
11236,3,B,0,205010132020,20210721,2,251
11237,4,B,0,205008132020,20210721,2,252
11238,2,A,1,205050802020,20210721,2,253
11239,1,A,0,204050802020,20210721,2,254
11240,2,A,1,164050802020,20210721,2,255
11241,1,A,0,163250802020,20210721,2,256
11242,2,A,0,123250802020,20210721,2,257
11243,4,B,0,205050802020,20210721,2,258
11244,3,B,1,205050642020,20210721,2,259
11245,4,B,0,205040642020,20210721,2,260
11246,3,B,1,205040512020,20210721,2,261
11247,4,B,1,205032512020,20210721,2,262
11248,3,B,1,205032402020,20210721,2,263
11249,4,B,0,205025402020,20210721,2,264
11250,3,B,1,205025322020,20210721,2,265
11251,4,B,0,205020322020,20210721,2,266
11252,3,B,0,205020262020,20210721,2,267
11253,4,B,0,205016262020,20210721,2,268
11254,3,B,0,205016202020,20210721,2,269
11255,2,A,0,205050802020,20210721,2,270
11256,1,A,1,204050802020,20210721,2,271
11257,2,A,0,164050802020,20210721,2,272
11258,1,A,1,163250802020,20210721,2,273
11259,4,B,1,205050802020,20210721,2,274
11260,3,B,0,205050642020,20210721,2,275
11261,4,B,1,205040642020,20210721,2,276
11262,3,B,0,205040512020,20210721,2,277
11263,4,B,0,205032512020,20210721,2,278
11264,3,B,0,205032402020,20210721,2,279
11265,4,B,0,205025402020,20210721,2,280
11266,3,B,0,205025322020,20210721,2,281
11267,4,B,0,205020322020,20210721,2,282
11268,2,A,0,205050802020,20210721,2,283
11269,1,A,0,204050802020,20210721,2,284
11270,2,A,0,164050802020,20210721,2,285
11271,1,A,0,163250802020,20210721,2,286
11272,4,B,1,205050802020,20210721,2,287
11273,3,B,0,205050642020,20210721,2,288
11274,4,B,1,205040642020,20210721,2,289
11275,3,B,0,205040512020,20210721,2,290
11276,4,B,1,205032512020,20210721,2,291
11277,3,B,1,205032402020,20210721,2,292
11278,4,B,1,205025402020,20210721,2,293
11279,3,B,1,205025322020,20210721,2,294
11280,4,B,0,205020322020,20210721,2,295
11281,3,B,0,205020262020,20210721,2,296
11282,2,A,1,205050802020,20210721,2,297
11283,1,A,1,204050802020,20210721,2,298
11284,2,A,0,164050802020,20210721,2,299
11285,3,B,0,502020202080,20210721,3,0
11286,4,B,0,502016202080,20210721,3,1
11287,3,B,0,502016162080,20210721,3,2
11288,2,A,0,502020202080,20210721,3,3
11289,1,A,1,501620202080,20210721,3,4
11290,2,A,1,401620202080,20210721,3,5
11291,1,A,0,401220202080,20210721,3,6
11292,2,A,1,321220202080,20210721,3,7
11293,1,A,0,321020202080,20210721,3,8
11294,2,A,0,251020202080,20210721,3,9
11295,5,C,0,502020202080,20210721,3,10
11296,6,C,1,502020201680,20210721,3,11
11297,5,C,0,502020201664,20210721,3,12
11298,6,C,1,502020201264,20210721,3,13
11299,5,C,1,502020201251,20210721,3,14
11300,6,C,0,502020201051,20210721,3,15
11301,5,C,0,502020201040,20210721,3,16
11302,6,C,0,502020200840,20210721,3,17
11303,2,A,0,502020202080,20210721,3,18
11304,1,A,1,501620202080,20210721,3,19
11305,2,A,0,401620202080,20210721,3,20
11306,1,A,0,401220202080,20210721,3,21
11307,3,B,0,502020202080,20210721,3,22
11308,4,B,1,502016202080,20210721,3,23
11309,3,B,0,502016162080,20210721,3,24
11310,4,B,0,502012162080,20210721,3,25
11311,2,A,0,502020202080,20210721,3,26
11312,1,A,0,501620202080,20210721,3,27
11313,2,A,0,401620202080,20210721,3,28
11314,1,A,1,401220202080,20210721,3,29
11315,2,A,0,321220202080,20210721,3,30
11316,1,A,0,321020202080,20210721,3,31
11317,3,B,1,502020202080,20210721,3,32
11318,4,B,1,502016202080,20210721,3,33
11319,3,B,0,502016162080,20210721,3,34
11320,4,B,0,502012162080,20210721,3,35
11321,3,B,0,502012122080,20210721,3,36
11322,2,A,0,502020202080,20210721,3,37
11323,1,A,1,501620202080,20210721,3,38
11324,2,A,0,401620202080,20210721,3,39
11325,1,A,0,401220202080,20210721,3,40
11326,2,A,0,321220202080,20210721,3,41
11327,1,A,0,321020202080,20210721,3,42
11328,3,B,0,502020202080,20210721,3,43
11329,4,B,1,502016202080,20210721,3,44
11330,3,B,0,502016162080,20210721,3,45
11331,4,B,0,502012162080,20210721,3,46
11332,3,B,0,502012122080,20210721,3,47
11333,4,B,0,502010122080,20210721,3,48
11334,2,A,0,502020202080,20210721,3,49
11335,1,A,1,501620202080,20210721,3,50
11336,2,A,0,401620202080,20210721,3,51
11337,1,A,1,401220202080,20210721,3,52
11338,4,B,0,502020202080,20210721,3,53
11339,3,B,1,502020162080,20210721,3,54
11340,4,B,0,502016162080,20210721,3,55
11341,3,B,0,502016122080,20210721,3,56
11342,4,B,0,502012122080,20210721,3,57
11343,2,A,0,502020202080,20210721,3,58
11344,1,A,1,501620202080,20210721,3,59
11345,2,A,0,401620202080,20210721,3,60
11346,1,A,0,401220202080,20210721,3,61
11347,4,B,0,502020202080,20210721,3,62
11348,3,B,0,502020162080,20210721,3,63
11349,4,B,1,502016162080,20210721,3,64
11350,2,A,0,502020202080,20210721,3,65
11351,1,A,1,501620202080,20210721,3,66
11352,2,A,0,401620202080,20210721,3,67
11353,1,A,0,401220202080,20210721,3,68
11354,5,C,0,502020202080,20210721,3,69
11355,6,C,0,502020201680,20210721,3,70
11356,5,C,0,502020201664,20210721,3,71
11357,4,B,0,502020202080,20210721,3,72
11358,3,B,0,502020162080,20210721,3,73
11359,4,B,0,502016162080,20210721,3,74
11360,3,B,0,502016122080,20210721,3,75
11361,4,B,0,502012122080,20210721,3,76
11362,2,A,0,502020202080,20210721,3,77
11363,1,A,0,501620202080,20210721,3,78
11364,2,A,0,401620202080,20210721,3,79
11365,1,A,0,401220202080,20210721,3,80
11366,4,B,0,502020202080,20210721,3,81
11367,3,B,0,502020162080,20210721,3,82
11368,4,B,0,502016162080,20210721,3,83
11369,2,A,1,502020202080,20210721,3,84
11370,1,A,1,501620202080,20210721,3,85
11371,2,A,0,401620202080,20210721,3,86
11372,1,A,1,401220202080,20210721,3,87
11373,2,A,0,321220202080,20210721,3,88
11374,1,A,0,321020202080,20210721,3,89
11375,3,B,0,502020202080,20210721,3,90
11376,4,B,0,502016202080,20210721,3,91
11377,3,B,0,502016162080,20210721,3,92
11378,2,A,0,502020202080,20210721,3,93
11379,1,A,0,501620202080,20210721,3,94
11380,2,A,0,401620202080,20210721,3,95
11381,1,A,0,401220202080,20210721,3,96
11382,4,B,1,502020202080,20210721,3,97
11383,3,B,0,502020162080,20210721,3,98
11384,4,B,0,502016162080,20210721,3,99
11385,5,C,0,502020202080,20210721,3,100
11386,6,C,1,502020201680,20210721,3,101
11387,5,C,0,502020201664,20210721,3,102
11388,6,C,1,502020201264,20210721,3,103
11389,5,C,0,502020201251,20210721,3,104
11390,6,C,0,502020201051,20210721,3,105
11391,5,C,0,502020201040,20210721,3,106
11392,6,C,1,502020200840,20210721,3,107
11393,5,C,0,502020200832,20210721,3,108
11394,6,C,1,502020200632,20210721,3,109
11395,5,C,0,502020200626,20210721,3,110
11396,6,C,1,502020200526,20210721,3,111
11397,5,C,0,502020200520,20210721,3,112
11398,6,C,0,502020200420,20210721,3,113
11399,5,C,0,502020200416,20210721,3,114
11400,6,C,1,502020200316,20210721,3,115
11401,5,C,0,502020200313,20210721,3,116
11402,6,C,0,502020200213,20210721,3,117
11403,4,B,0,502020202080,20210721,3,118
11404,3,B,0,502020162080,20210721,3,119
11405,4,B,0,502016162080,20210721,3,120
11406,2,A,0,502020202080,20210721,3,121
11407,1,A,0,501620202080,20210721,3,122
11408,2,A,0,401620202080,20210721,3,123
11409,1,A,1,401220202080,20210721,3,124
11410,5,C,0,502020202080,20210721,3,125
11411,6,C,1,502020201680,20210721,3,126
11412,5,C,0,502020201664,20210721,3,127
11413,6,C,1,502020201264,20210721,3,128
11414,5,C,0,502020201251,20210721,3,129
11415,6,C,0,502020201051,20210721,3,130
11416,5,C,0,502020201040,20210721,3,131
11417,6,C,0,502020200840,20210721,3,132
11418,5,C,0,502020200832,20210721,3,133
11419,6,C,1,502020200632,20210721,3,134
11420,4,B,1,502020202080,20210721,3,135
11421,3,B,0,502020162080,20210721,3,136
11422,4,B,1,502016162080,20210721,3,137
11423,3,B,0,502016122080,20210721,3,138
11424,4,B,0,502012122080,20210721,3,139
11425,2,A,0,502020202080,20210721,3,140
11426,1,A,0,501620202080,20210721,3,141
11427,2,A,0,401620202080,20210721,3,142
11428,1,A,1,401220202080,20210721,3,143
11429,4,B,0,502020202080,20210721,3,144
11430,3,B,0,502020162080,20210721,3,145
11431,4,B,0,502016162080,20210721,3,146
11432,2,A,0,502020202080,20210721,3,147
11433,1,A,1,501620202080,20210721,3,148
11434,5,C,0,502020202080,20210721,3,149
11435,6,C,1,502020201680,20210721,3,150
11436,5,C,0,502020201664,20210721,3,151
11437,6,C,1,502020201264,20210721,3,152
11438,5,C,0,502020201251,20210721,3,153
11439,6,C,1,502020201051,20210721,3,154
11440,5,C,0,502020201040,20210721,3,155
11441,6,C,0,502020200840,20210721,3,156
11442,2,A,0,502020202080,20210721,3,157
11443,1,A,0,501620202080,20210721,3,158
11444,2,A,0,401620202080,20210721,3,159
11445,1,A,0,401220202080,20210721,3,160
11446,4,B,0,502020202080,20210721,3,161
11447,3,B,0,502020162080,20210721,3,162
11448,4,B,0,502016162080,20210721,3,163
11449,1,A,1,502020202080,20210721,3,164
11450,2,A,0,402020202080,20210721,3,165
11451,1,A,1,401620202080,20210721,3,166
11452,5,C,0,502020202080,20210721,3,167
11453,6,C,1,502020201680,20210721,3,168
11454,5,C,0,502020201664,20210721,3,169
11455,6,C,1,502020201264,20210721,3,170
11456,5,C,0,502020201251,20210721,3,171
11457,6,C,0,502020201051,20210721,3,172
11458,5,C,0,502020201040,20210721,3,173
11459,6,C,0,502020200840,20210721,3,174
11460,4,B,0,502020202080,20210721,3,175
11461,3,B,0,502020162080,20210721,3,176
11462,1,A,1,502020202080,20210721,3,177
11463,2,A,0,402020202080,20210721,3,178
11464,1,A,0,401620202080,20210721,3,179
11465,3,B,1,502020202080,20210721,3,180
11466,4,B,1,502016202080,20210721,3,181
11467,3,B,0,502016162080,20210721,3,182
11468,4,B,0,502012162080,20210721,3,183
11469,1,A,0,502020202080,20210721,3,184
11470,2,A,0,402020202080,20210721,3,185
11471,1,A,0,401620202080,20210721,3,186
11472,2,A,0,321620202080,20210721,3,187
11473,1,A,0,321220202080,20210721,3,188
11474,2,A,0,251220202080,20210721,3,189
11475,1,A,0,251020202080,20210721,3,190
11476,4,B,0,502020202080,20210721,3,191
11477,3,B,0,502020162080,20210721,3,192
11478,4,B,0,502016162080,20210721,3,193
11479,1,A,1,502020202080,20210721,3,194
11480,2,A,0,402020202080,20210721,3,195
11481,1,A,0,401620202080,20210721,3,196
11482,5,C,0,502020202080,20210721,3,197
11483,6,C,1,502020201680,20210721,3,198
11484,5,C,0,502020201664,20210721,3,199
11485,6,C,1,502020201264,20210721,3,200
11486,5,C,1,502020201251,20210721,3,201
11487,6,C,0,502020201051,20210721,3,202
11488,5,C,0,502020201040,20210721,3,203
11489,6,C,0,502020200840,20210721,3,204
11490,5,C,0,502020200832,20210721,3,205
11491,6,C,0,502020200632,20210721,3,206
11492,4,B,0,502020202080,20210721,3,207
11493,3,B,0,502020162080,20210721,3,208
11494,4,B,1,502016162080,20210721,3,209
11495,1,A,0,502020202080,20210721,3,210
11496,2,A,0,402020202080,20210721,3,211
11497,1,A,1,401620202080,20210721,3,212
11498,2,A,0,321620202080,20210721,3,213
11499,1,A,0,321220202080,20210721,3,214
11500,4,B,0,502020202080,20210721,3,215
11501,3,B,0,502020162080,20210721,3,216
11502,4,B,0,502016162080,20210721,3,217
11503,1,A,1,502020202080,20210721,3,218
11504,2,A,0,402020202080,20210721,3,219
11505,1,A,0,401620202080,20210721,3,220
11506,2,A,0,321620202080,20210721,3,221
11507,1,A,1,321220202080,20210721,3,222
11508,4,B,0,502020202080,20210721,3,223
11509,3,B,1,502020162080,20210721,3,224
11510,4,B,1,502016162080,20210721,3,225
11511,3,B,0,502016122080,20210721,3,226
11512,4,B,0,502012122080,20210721,3,227
11513,3,B,1,502012102080,20210721,3,228
11514,4,B,0,502010102080,20210721,3,229
11515,3,B,1,502010082080,20210721,3,230
11516,4,B,0,502008082080,20210721,3,231
11517,3,B,0,502008062080,20210721,3,232
11518,4,B,0,502006062080,20210721,3,233
11519,3,B,0,502006052080,20210721,3,234
11520,4,B,0,502005052080,20210721,3,235
11521,3,B,0,502005042080,20210721,3,236
11522,1,A,0,502020202080,20210721,3,237
11523,2,A,0,402020202080,20210721,3,238
11524,1,A,0,401620202080,20210721,3,239
11525,4,B,0,502020202080,20210721,3,240
11526,3,B,0,502020162080,20210721,3,241
11527,4,B,0,502016162080,20210721,3,242
11528,3,B,0,502016122080,20210721,3,243
11529,1,A,0,502020202080,20210721,3,244
11530,2,A,0,402020202080,20210721,3,245
11531,1,A,1,401620202080,20210721,3,246
11532,6,C,1,502020202080,20210721,3,247
11533,5,C,0,502020202064,20210721,3,248
11534,6,C,1,502020201664,20210721,3,249
11535,5,C,0,502020201651,20210721,3,250
11536,6,C,0,502020201251,20210721,3,251
11537,5,C,0,502020201240,20210721,3,252
11538,6,C,1,502020201040,20210721,3,253
11539,5,C,0,502020201032,20210721,3,254
11540,6,C,1,502020200832,20210721,3,255
11541,5,C,0,502020200826,20210721,3,256
11542,6,C,0,502020200626,20210721,3,257
11543,5,C,1,502020200620,20210721,3,258
11544,6,C,0,502020200520,20210721,3,259
11545,5,C,0,502020200516,20210721,3,260
11546,6,C,0,502020200416,20210721,3,261
11547,1,A,0,502020202080,20210721,3,262
11548,2,A,1,402020202080,20210721,3,263
11549,1,A,1,401620202080,20210721,3,264
11550,2,A,0,321620202080,20210721,3,265
11551,1,A,0,321220202080,20210721,3,266
11552,4,B,0,502020202080,20210721,3,267
11553,3,B,0,502020162080,20210721,3,268
11554,2,A,0,502020202080,20210721,3,269
11555,1,A,1,501620202080,20210721,3,270
11556,2,A,1,401620202080,20210721,3,271
11557,1,A,1,401220202080,20210721,3,272
11558,2,A,0,321220202080,20210721,3,273
11559,1,A,0,321020202080,20210721,3,274
11560,6,C,1,502020202080,20210721,3,275
11561,5,C,0,502020202064,20210721,3,276
11562,6,C,1,502020201664,20210721,3,277
11563,5,C,1,502020201651,20210721,3,278
11564,6,C,1,502020201251,20210721,3,279
11565,5,C,0,502020201240,20210721,3,280
11566,6,C,1,502020201040,20210721,3,281
11567,5,C,0,502020201032,20210721,3,282
11568,6,C,1,502020200832,20210721,3,283
11569,5,C,0,502020200826,20210721,3,284
11570,6,C,0,502020200626,20210721,3,285
11571,5,C,0,502020200620,20210721,3,286
11572,6,C,0,502020200520,20210721,3,287
11573,5,C,0,502020200516,20210721,3,288
11574,6,C,0,502020200416,20210721,3,289
11575,4,B,1,502020202080,20210721,3,290
11576,3,B,0,802020205020,20210721,4,0
11577,4,B,1,802016205020,20210721,4,1
11578,2,A,1,802020205020,20210721,4,2
11579,1,A,1,801620205020,20210721,4,3
11580,2,A,0,641620205020,20210721,4,4
11581,1,A,1,641220205020,20210721,4,5
11582,5,C,0,802020205020,20210721,4,6
11583,6,C,0,802020204020,20210721,4,7
11584,5,C,1,802020204016,20210721,4,8
11585,6,C,0,802020203216,20210721,4,9
11586,5,C,1,802020203212,20210721,4,10
11587,6,C,0,802020202512,20210721,4,11
11588,5,C,0,802020202510,20210721,4,12
11589,3,B,0,802020205020,20210721,4,13
11590,4,B,0,802016205020,20210721,4,14
11591,3,B,0,802016165020,20210721,4,15
11592,4,B,0,802012165020,20210721,4,16
11593,1,A,1,802020205020,20210721,4,17
11594,2,A,1,642020205020,20210721,4,18
11595,1,A,1,641620205020,20210721,4,19
11596,2,A,0,511620205020,20210721,4,20
11597,1,A,1,511220205020,20210721,4,21
11598,2,A,0,401220205020,20210721,4,22
11599,1,A,1,401020205020,20210721,4,23
11600,2,A,0,321020205020,20210721,4,24
11601,1,A,0,320820205020,20210721,4,25
11602,2,A,0,260820205020,20210721,4,26
11603,1,A,1,260620205020,20210721,4,27
11604,2,A,0,200620205020,20210721,4,28
11605,1,A,0,200520205020,20210721,4,29
11606,2,A,0,160520205020,20210721,4,30
11607,1,A,0,160420205020,20210721,4,31
11608,4,B,0,802020205020,20210721,4,32
11609,3,B,0,802020165020,20210721,4,33
11610,4,B,1,802016165020,20210721,4,34
11611,3,B,0,802016125020,20210721,4,35
11612,4,B,0,802012125020,20210721,4,36
11613,3,B,1,802012105020,20210721,4,37
11614,4,B,0,802010105020,20210721,4,38
11615,3,B,0,802010085020,20210721,4,39
11616,4,B,0,802008085020,20210721,4,40
11617,2,A,0,802020205020,20210721,4,41
11618,1,A,0,801620205020,20210721,4,42
11619,2,A,0,641620205020,20210721,4,43
11620,1,A,1,641220205020,20210721,4,44
11621,2,A,0,511220205020,20210721,4,45
11622,1,A,0,511020205020,20210721,4,46
11623,3,B,0,802020205020,20210721,4,47
11624,4,B,0,802016205020,20210721,4,48
11625,3,B,1,802016165020,20210721,4,49
11626,1,A,1,802020205020,20210721,4,50
11627,2,A,1,642020205020,20210721,4,51
11628,1,A,1,641620205020,20210721,4,52
11629,2,A,0,511620205020,20210721,4,53
11630,1,A,1,511220205020,20210721,4,54
11631,2,A,0,401220205020,20210721,4,55
11632,1,A,0,401020205020,20210721,4,56
11633,2,A,0,321020205020,20210721,4,57
11634,1,A,0,320820205020,20210721,4,58
11635,4,B,0,802020205020,20210721,4,59
11636,3,B,0,802020165020,20210721,4,60
11637,4,B,0,802016165020,20210721,4,61
11638,3,B,0,802016125020,20210721,4,62
11639,2,A,0,802020205020,20210721,4,63
11640,1,A,1,801620205020,20210721,4,64
11641,2,A,0,641620205020,20210721,4,65
11642,1,A,1,641220205020,20210721,4,66
11643,3,B,0,802020205020,20210721,4,67
11644,4,B,0,802016205020,20210721,4,68
11645,3,B,0,802016165020,20210721,4,69
11646,2,A,0,802020205020,20210721,4,70
11647,1,A,0,801620205020,20210721,4,71
11648,2,A,0,641620205020,20210721,4,72
11649,1,A,1,641220205020,20210721,4,73
11650,5,C,0,802020205020,20210721,4,74
11651,6,C,0,802020204020,20210721,4,75
11652,5,C,0,802020204016,20210721,4,76
11653,6,C,0,802020203216,20210721,4,77
11654,5,C,1,802020203212,20210721,4,78
11655,6,C,0,802020202512,20210721,4,79
11656,5,C,0,802020202510,20210721,4,80
11657,6,C,0,802020202010,20210721,4,81
11658,5,C,0,802020202008,20210721,4,82
11659,1,A,1,802020205020,20210721,4,83
11660,2,A,0,642020205020,20210721,4,84
11661,1,A,1,641620205020,20210721,4,85
11662,2,A,0,511620205020,20210721,4,86
11663,1,A,0,511220205020,20210721,4,87
11664,3,B,0,802020205020,20210721,4,88
11665,4,B,0,802016205020,20210721,4,89
11666,3,B,0,802016165020,20210721,4,90
11667,1,A,1,802020205020,20210721,4,91
11668,2,A,0,642020205020,20210721,4,92
11669,1,A,1,641620205020,20210721,4,93
11670,2,A,0,511620205020,20210721,4,94
11671,1,A,0,511220205020,20210721,4,95
11672,3,B,0,802020205020,20210721,4,96
11673,4,B,0,802016205020,20210721,4,97
11674,3,B,1,802016165020,20210721,4,98
11675,4,B,0,802012165020,20210721,4,99
11676,3,B,1,802012125020,20210721,4,100
11677,4,B,0,802010125020,20210721,4,101
11678,3,B,0,802010105020,20210721,4,102
11679,1,A,1,802020205020,20210721,4,103
11680,2,A,1,642020205020,20210721,4,104
11681,1,A,1,641620205020,20210721,4,105
11682,2,A,0,511620205020,20210721,4,106
11683,1,A,1,511220205020,20210721,4,107
11684,2,A,0,401220205020,20210721,4,108
11685,1,A,0,401020205020,20210721,4,109
11686,3,B,0,802020205020,20210721,4,110
11687,4,B,1,802016205020,20210721,4,111
11688,3,B,0,802016165020,20210721,4,112
11689,4,B,0,802012165020,20210721,4,113
11690,3,B,0,802012125020,20210721,4,114
11691,1,A,1,802020205020,20210721,4,115
11692,2,A,0,642020205020,20210721,4,116
11693,1,A,1,641620205020,20210721,4,117
11694,2,A,0,511620205020,20210721,4,118
11695,1,A,0,511220205020,20210721,4,119
11696,5,C,1,802020205020,20210721,4,120
11697,6,C,0,802020204020,20210721,4,121
11698,5,C,1,802020204016,20210721,4,122
11699,6,C,0,802020203216,20210721,4,123
11700,5,C,1,802020203212,20210721,4,124
11701,6,C,0,802020202512,20210721,4,125
11702,5,C,1,802020202510,20210721,4,126
11703,6,C,0,802020202010,20210721,4,127
11704,5,C,0,802020202008,20210721,4,128
11705,6,C,0,802020201608,20210721,4,129
11706,5,C,1,802020201606,20210721,4,130
11707,6,C,0,802020201306,20210721,4,131
11708,5,C,0,802020201305,20210721,4,132
11709,6,C,0,802020201005,20210721,4,133
11710,5,C,0,802020201004,20210721,4,134
11711,6,C,0,802020200804,20210721,4,135
11712,5,C,0,802020200803,20210721,4,136
11713,2,A,0,802020205020,20210721,4,137
11714,1,A,1,801620205020,20210721,4,138
11715,2,A,0,641620205020,20210721,4,139
11716,1,A,0,641220205020,20210721,4,140
11717,2,A,0,511220205020,20210721,4,141
11718,1,A,0,511020205020,20210721,4,142
11719,3,B,0,802020205020,20210721,4,143
11720,4,B,0,802016205020,20210721,4,144
11721,3,B,0,802016165020,20210721,4,145
11722,4,B,0,802012165020,20210721,4,146
11723,3,B,0,802012125020,20210721,4,147
11724,1,A,1,802020205020,20210721,4,148
11725,2,A,0,642020205020,20210721,4,149
11726,1,A,1,641620205020,20210721,4,150
11727,2,A,0,511620205020,20210721,4,151
11728,1,A,1,511220205020,20210721,4,152
11729,5,C,1,802020205020,20210721,4,153
11730,6,C,0,802020204020,20210721,4,154
11731,5,C,0,802020204016,20210721,4,155
11732,6,C,0,802020203216,20210721,4,156
11733,5,C,0,802020203212,20210721,4,157
11734,6,C,0,802020202512,20210721,4,158
11735,5,C,0,802020202510,20210721,4,159
11736,1,A,1,802020205020,20210721,4,160
11737,2,A,1,642020205020,20210721,4,161
11738,1,A,1,641620205020,20210721,4,162
11739,2,A,0,511620205020,20210721,4,163
11740,1,A,1,511220205020,20210721,4,164
11741,2,A,1,401220205020,20210721,4,165
11742,1,A,0,401020205020,20210721,4,166
11743,2,A,0,321020205020,20210721,4,167
11744,1,A,0,320820205020,20210721,4,168
11745,3,B,1,802020205020,20210721,4,169
11746,4,B,0,802016205020,20210721,4,170
11747,3,B,0,802016165020,20210721,4,171
11748,1,A,1,802020205020,20210721,4,172
11749,2,A,0,642020205020,20210721,4,173
11750,1,A,0,641620205020,20210721,4,174
11751,2,A,0,511620205020,20210721,4,175
11752,1,A,1,511220205020,20210721,4,176
11753,2,A,0,401220205020,20210721,4,177
11754,1,A,0,401020205020,20210721,4,178
11755,5,C,0,802020205020,20210721,4,179
11756,6,C,0,802020204020,20210721,4,180
11757,5,C,0,802020204016,20210721,4,181
11758,6,C,0,802020203216,20210721,4,182
11759,5,C,0,802020203212,20210721,4,183
11760,1,A,1,802020205020,20210721,4,184
11761,2,A,0,642020205020,20210721,4,185
11762,1,A,1,641620205020,20210721,4,186
11763,3,B,1,802020205020,20210721,4,187
11764,4,B,0,802016205020,20210721,4,188
11765,3,B,0,802016165020,20210721,4,189
11766,1,A,1,802020205020,20210721,4,190
11767,2,A,1,642020205020,20210721,4,191
11768,1,A,0,641620205020,20210721,4,192
11769,2,A,0,511620205020,20210721,4,193
11770,1,A,0,511220205020,20210721,4,194
11771,2,A,0,401220205020,20210721,4,195
11772,1,A,0,401020205020,20210721,4,196
11773,3,B,0,802020205020,20210721,4,197
11774,4,B,1,802016205020,20210721,4,198
11775,3,B,0,802016165020,20210721,4,199
11776,4,B,0,802012165020,20210721,4,200
11777,3,B,0,802012125020,20210721,4,201
11778,1,A,1,802020205020,20210721,4,202
11779,2,A,0,642020205020,20210721,4,203
11780,1,A,1,641620205020,20210721,4,204
11781,2,A,0,511620205020,20210721,4,205
11782,1,A,1,511220205020,20210721,4,206
11783,6,C,0,802020205020,20210721,4,207
11784,5,C,1,802020205016,20210721,4,208
11785,6,C,0,802020204016,20210721,4,209
11786,5,C,0,802020204012,20210721,4,210
11787,1,A,1,802020205020,20210721,4,211
11788,2,A,0,642020205020,20210721,4,212
11789,1,A,0,641620205020,20210721,4,213
11790,2,A,0,511620205020,20210721,4,214
11791,1,A,1,511220205020,20210721,4,215
11792,4,B,1,802020205020,20210721,4,216
11793,3,B,0,802020165020,20210721,4,217
11794,4,B,0,802016165020,20210721,4,218
11795,3,B,0,802016125020,20210721,4,219
11796,1,A,1,802020205020,20210721,4,220
11797,2,A,1,642020205020,20210721,4,221
11798,1,A,0,641620205020,20210721,4,222
11799,2,A,0,511620205020,20210721,4,223
11800,1,A,0,511220205020,20210721,4,224
11801,5,C,0,802020205020,20210721,4,225
11802,6,C,0,802020204020,20210721,4,226
11803,5,C,1,802020204016,20210721,4,227
11804,6,C,0,802020203216,20210721,4,228
11805,5,C,0,802020203212,20210721,4,229
11806,2,A,0,802020205020,20210721,4,230
11807,1,A,1,801620205020,20210721,4,231
11808,2,A,0,641620205020,20210721,4,232
11809,1,A,0,641220205020,20210721,4,233
11810,3,B,0,802020205020,20210721,4,234
11811,4,B,0,802016205020,20210721,4,235
11812,3,B,0,802016165020,20210721,4,236
11813,1,A,1,802020205020,20210721,4,237
11814,2,A,0,642020205020,20210721,4,238
11815,1,A,1,641620205020,20210721,4,239
11816,2,A,0,511620205020,20210721,4,240
11817,1,A,1,511220205020,20210721,4,241
11818,5,C,0,802020205020,20210721,4,242
11819,4,B,1,802020205020,20210721,4,243
11820,1,A,1,802020205020,20210721,4,244
11821,3,B,1,202080505050,20210721,5,0
11822,4,B,1,202064505050,20210721,5,1
11823,2,A,0,202080505050,20210721,5,2
11824,1,A,0,201680505050,20210721,5,3
11825,5,C,1,202080505050,20210721,5,4
11826,6,C,1,202080504050,20210721,5,5
11827,5,C,0,202080504040,20210721,5,6
11828,6,C,0,202080503240,20210721,5,7
11829,5,C,0,202080503232,20210721,5,8
11830,2,A,0,202080505050,20210721,5,9
11831,1,A,1,201680505050,20210721,5,10
11832,2,A,0,161680505050,20210721,5,11
11833,1,A,1,161280505050,20210721,5,12
11834,3,B,1,202080505050,20210721,5,13
11835,4,B,1,202064505050,20210721,5,14
11836,3,B,0,202064405050,20210721,5,15
11837,4,B,1,202051405050,20210721,5,16
11838,3,B,0,202051325050,20210721,5,17
11839,4,B,1,202040325050,20210721,5,18
11840,3,B,0,202040255050,20210721,5,19
11841,4,B,0,202032255050,20210721,5,20
11842,1,A,1,202080505050,20210721,5,21
11843,2,A,0,162080505050,20210721,5,22
11844,1,A,0,161680505050,20210721,5,23
11845,2,A,1,121680505050,20210721,5,24
11846,1,A,0,121280505050,20210721,5,25
11847,2,A,1,101280505050,20210721,5,26
11848,1,A,0,101080505050,20210721,5,27
11849,2,A,0,081080505050,20210721,5,28
11850,1,A,0,080880505050,20210721,5,29
11851,2,A,0,060880505050,20210721,5,30
11852,1,A,0,060680505050,20210721,5,31
11853,3,B,1,202080505050,20210721,5,32
11854,4,B,0,202064505050,20210721,5,33
11855,3,B,0,202064405050,20210721,5,34
11856,4,B,0,202051405050,20210721,5,35
11857,1,A,0,202080505050,20210721,5,36
11858,2,A,0,162080505050,20210721,5,37
11859,1,A,1,161680505050,20210721,5,38
11860,2,A,1,121680505050,20210721,5,39
11861,1,A,1,121280505050,20210721,5,40
11862,2,A,0,101280505050,20210721,5,41
11863,1,A,0,101080505050,20210721,5,42
11864,3,B,1,202080505050,20210721,5,43
11865,4,B,0,202064505050,20210721,5,44
11866,3,B,1,202064405050,20210721,5,45
11867,4,B,1,202051405050,20210721,5,46
11868,3,B,1,202051325050,20210721,5,47
11869,4,B,0,202040325050,20210721,5,48
11870,3,B,1,202040255050,20210721,5,49
11871,4,B,0,202032255050,20210721,5,50
11872,3,B,0,202032205050,20210721,5,51
11873,4,B,0,202026205050,20210721,5,52
11874,2,A,1,202080505050,20210721,5,53
11875,1,A,0,201680505050,20210721,5,54
11876,2,A,0,161680505050,20210721,5,55
11877,1,A,0,161280505050,20210721,5,56
11878,2,A,0,121280505050,20210721,5,57
11879,5,C,1,202080505050,20210721,5,58
11880,6,C,1,202080504050,20210721,5,59
11881,5,C,0,202080504040,20210721,5,60
11882,6,C,0,202080503240,20210721,5,61
11883,2,A,0,202080505050,20210721,5,62
11884,1,A,0,201680505050,20210721,5,63
11885,2,A,0,161680505050,20210721,5,64
11886,1,A,0,161280505050,20210721,5,65
11887,3,B,1,202080505050,20210721,5,66
11888,4,B,1,202064505050,20210721,5,67
11889,3,B,0,202064405050,20210721,5,68
11890,4,B,0,202051405050,20210721,5,69
11891,3,B,1,202051325050,20210721,5,70
11892,4,B,0,202040325050,20210721,5,71
11893,3,B,1,202040255050,20210721,5,72
11894,4,B,0,202032255050,20210721,5,73
11895,3,B,1,202032205050,20210721,5,74
11896,4,B,0,202026205050,20210721,5,75
11897,3,B,0,202026165050,20210721,5,76
11898,1,A,0,202080505050,20210721,5,77
11899,2,A,1,162080505050,20210721,5,78
11900,1,A,0,161680505050,20210721,5,79
11901,2,A,0,121680505050,20210721,5,80
11902,1,A,0,121280505050,20210721,5,81
11903,2,A,0,101280505050,20210721,5,82
11904,1,A,0,101080505050,20210721,5,83
11905,3,B,1,202080505050,20210721,5,84
11906,4,B,0,202064505050,20210721,5,85
11907,3,B,0,202064405050,20210721,5,86
11908,4,B,0,202051405050,20210721,5,87
11909,3,B,0,202051325050,20210721,5,88
11910,2,A,0,202080505050,20210721,5,89
11911,1,A,0,201680505050,20210721,5,90
11912,2,A,0,161680505050,20210721,5,91
11913,1,A,0,161280505050,20210721,5,92
11914,3,B,1,202080505050,20210721,5,93
11915,4,B,0,202064505050,20210721,5,94
11916,3,B,1,202064405050,20210721,5,95
11917,4,B,1,202051405050,20210721,5,96
11918,3,B,0,202051325050,20210721,5,97
11919,4,B,0,202040325050,20210721,5,98
11920,3,B,0,202040255050,20210721,5,99
11921,2,A,1,202080505050,20210721,5,100
11922,1,A,1,201680505050,20210721,5,101
11923,2,A,0,161680505050,20210721,5,102
11924,1,A,0,161280505050,20210721,5,103
11925,3,B,1,202080505050,20210721,5,104
11926,4,B,1,202064505050,20210721,5,105
11927,3,B,1,202064405050,20210721,5,106
11928,4,B,0,202051405050,20210721,5,107
11929,3,B,1,202051325050,20210721,5,108
11930,4,B,0,202040325050,20210721,5,109
11931,3,B,0,202040255050,20210721,5,110
11932,4,B,1,202032255050,20210721,5,111
11933,3,B,0,202032205050,20210721,5,112
11934,4,B,0,202026205050,20210721,5,113
11935,3,B,0,202026165050,20210721,5,114
11936,2,A,0,202080505050,20210721,5,115
11937,1,A,0,201680505050,20210721,5,116
11938,2,A,0,161680505050,20210721,5,117
11939,1,A,0,161280505050,20210721,5,118
11940,3,B,1,202080505050,20210721,5,119
11941,4,B,1,202064505050,20210721,5,120
11942,3,B,0,202064405050,20210721,5,121
11943,4,B,0,202051405050,20210721,5,122
11944,3,B,0,202051325050,20210721,5,123
11945,4,B,0,202040325050,20210721,5,124
11946,3,B,0,202040255050,20210721,5,125
11947,2,A,0,202080505050,20210721,5,126
11948,1,A,0,201680505050,20210721,5,127
11949,2,A,1,161680505050,20210721,5,128
11950,1,A,1,161280505050,20210721,5,129
11951,2,A,0,121280505050,20210721,5,130
11952,1,A,0,121080505050,20210721,5,131
11953,4,B,1,202080505050,20210721,5,132
11954,3,B,1,202080405050,20210721,5,133
11955,4,B,1,202064405050,20210721,5,134
11956,3,B,1,202064325050,20210721,5,135
11957,4,B,0,202051325050,20210721,5,136
11958,3,B,0,202051255050,20210721,5,137
11959,4,B,1,202040255050,20210721,5,138
11960,3,B,1,202040205050,20210721,5,139
11961,4,B,0,202032205050,20210721,5,140
11962,3,B,0,202032165050,20210721,5,141
11963,1,A,0,202080505050,20210721,5,142
11964,2,A,0,162080505050,20210721,5,143
11965,1,A,1,161680505050,20210721,5,144
11966,2,A,0,121680505050,20210721,5,145
11967,1,A,0,121280505050,20210721,5,146
11968,3,B,1,202080505050,20210721,5,147
11969,4,B,0,202064505050,20210721,5,148
11970,3,B,1,202064405050,20210721,5,149
11971,4,B,0,202051405050,20210721,5,150
11972,3,B,0,202051325050,20210721,5,151
11973,4,B,1,202040325050,20210721,5,152
11974,3,B,1,202040255050,20210721,5,153
11975,4,B,1,202032255050,20210721,5,154
11976,3,B,1,202032205050,20210721,5,155
11977,4,B,0,202026205050,20210721,5,156
11978,3,B,0,202026165050,20210721,5,157
11979,4,B,0,202020165050,20210721,5,158
11980,3,B,0,202020135050,20210721,5,159
11981,2,A,0,202080505050,20210721,5,160
11982,1,A,0,201680505050,20210721,5,161
11983,2,A,0,161680505050,20210721,5,162
11984,1,A,0,161280505050,20210721,5,163
11985,3,B,1,202080505050,20210721,5,164
11986,4,B,0,202064505050,20210721,5,165
11987,3,B,0,202064405050,20210721,5,166
11988,4,B,0,202051405050,20210721,5,167
11989,3,B,0,202051325050,20210721,5,168
11990,4,B,0,202040325050,20210721,5,169
11991,3,B,0,202040255050,20210721,5,170
11992,5,C,0,202080505050,20210721,5,171
11993,6,C,1,202080504050,20210721,5,172
11994,5,C,0,202080504040,20210721,5,173
11995,6,C,1,202080503240,20210721,5,174
11996,5,C,0,202080503232,20210721,5,175
11997,6,C,1,202080502532,20210721,5,176
11998,4,B,0,202080505050,20210721,5,177
11999,3,B,1,202080405050,20210721,5,178
12000,4,B,1,202064405050,20210721,5,179
12001,3,B,0,202064325050,20210721,5,180
12002,4,B,0,202051325050,20210721,5,181
12003,3,B,1,202051255050,20210721,5,182
12004,4,B,0,202040255050,20210721,5,183
12005,3,B,0,202040205050,20210721,5,184
12006,1,A,0,202080505050,20210721,5,185
12007,2,A,0,162080505050,20210721,5,186
12008,1,A,0,161680505050,20210721,5,187
12009,2,A,0,121680505050,20210721,5,188
12010,1,A,0,121280505050,20210721,5,189
12011,3,B,1,202080505050,20210721,5,190
12012,4,B,1,202064505050,20210721,5,191
12013,3,B,1,202064405050,20210721,5,192
12014,4,B,0,202051405050,20210721,5,193
12015,3,B,1,202051325050,20210721,5,194
12016,4,B,0,202040325050,20210721,5,195
12017,3,B,1,202040255050,20210721,5,196
12018,4,B,0,202032255050,20210721,5,197
12019,3,B,0,202032205050,20210721,5,198
12020,2,A,0,202080505050,20210721,5,199
12021,1,A,0,201680505050,20210721,5,200
12022,2,A,1,161680505050,20210721,5,201
12023,1,A,1,161280505050,20210721,5,202
12024,2,A,0,121280505050,20210721,5,203
12025,1,A,0,121080505050,20210721,5,204
12026,3,B,1,202080505050,20210721,5,205
12027,4,B,0,202064505050,20210721,5,206
12028,3,B,1,202064405050,20210721,5,207
12029,4,B,1,202051405050,20210721,5,208
12030,3,B,0,202051325050,20210721,5,209
12031,4,B,1,202040325050,20210721,5,210
12032,3,B,0,202040255050,20210721,5,211
12033,4,B,0,202032255050,20210721,5,212
12034,3,B,0,202032205050,20210721,5,213
12035,1,A,0,202080505050,20210721,5,214
12036,2,A,1,162080505050,20210721,5,215
12037,1,A,0,161680505050,20210721,5,216
12038,2,A,0,121680505050,20210721,5,217
12039,1,A,0,121280505050,20210721,5,218
12040,3,B,1,202080505050,20210721,5,219
12041,4,B,0,202064505050,20210721,5,220
12042,3,B,1,202064405050,20210721,5,221
12043,4,B,0,202051405050,20210721,5,222
12044,3,B,1,202051325050,20210721,5,223
12045,4,B,0,202040325050,20210721,5,224
12046,3,B,0,202040255050,20210721,5,225
12047,4,B,0,202032255050,20210721,5,226
12048,3,B,0,202032205050,20210721,5,227
12049,1,A,0,202080505050,20210721,5,228
12050,2,A,1,162080505050,20210721,5,229
12051,1,A,0,161680505050,20210721,5,230
12052,2,A,1,121680505050,20210721,5,231
12053,1,A,0,121280505050,20210721,5,232
12054,2,A,0,101280505050,20210721,5,233
12055,1,A,0,101080505050,20210721,5,234
12056,4,B,1,202080505050,20210721,5,235
12057,3,B,0,202080405050,20210721,5,236
12058,4,B,1,202064405050,20210721,5,237
12059,3,B,0,202064325050,20210721,5,238
12060,4,B,1,202051325050,20210721,5,239
12061,3,B,0,202051255050,20210721,5,240
12062,4,B,0,202040255050,20210721,5,241
12063,3,B,1,202040205050,20210721,5,242
12064,4,B,0,202032205050,20210721,5,243
12065,3,B,0,202032165050,20210721,5,244
12066,6,C,1,202080505050,20210721,5,245
12067,5,C,0,202080505040,20210721,5,246
12068,6,C,1,202080504040,20210721,5,247
12069,2,A,0,202080505050,20210721,5,248
12070,1,A,0,201680505050,20210721,5,249
12071,2,A,0,161680505050,20210721,5,250
12072,1,A,0,161280505050,20210721,5,251
12073,3,B,0,202080505050,20210721,5,252
12074,4,B,0,202064505050,20210721,5,253
12075,3,B,1,202064405050,20210721,5,254
12076,4,B,0,202051405050,20210721,5,255
12077,3,B,1,202051325050,20210721,5,256
12078,4,B,1,202040325050,20210721,5,257
12079,3,B,0,202040255050,20210721,5,258
12080,4,B,1,202032255050,20210721,5,259
12081,3,B,0,202032205050,20210721,5,260
12082,4,B,0,202026205050,20210721,5,261
12083,3,B,0,202026165050,20210721,5,262
12084,2,A,0,202080505050,20210721,5,263
12085,1,A,0,201680505050,20210721,5,264
12086,2,A,0,161680505050,20210721,5,265
12087,1,A,0,161280505050,20210721,5,266
12088,2,A,0,121280505050,20210721,5,267
12089,1,A,1,121080505050,20210721,5,268
12090,2,A,0,101080505050,20210721,5,269
12091,1,A,0,100880505050,20210721,5,270
12092,2,A,0,080880505050,20210721,5,271
12093,1,A,0,080680505050,20210721,5,272
12094,4,B,1,202080505050,20210721,5,273
12095,3,B,1,202080405050,20210721,5,274
12096,4,B,1,202064405050,20210721,5,275
12097,3,B,1,202064325050,20210721,5,276
12098,4,B,1,202051325050,20210721,5,277
12099,3,B,0,202051255050,20210721,5,278
12100,4,B,0,202040255050,20210721,5,279
12101,3,B,0,202040205050,20210721,5,280
12102,6,C,1,202080505050,20210721,5,281
12103,5,C,0,202080505040,20210721,5,282
12104,3,B,0,208020202050,20210721,6,0
12105,4,B,0,208016202050,20210721,6,1
12106,2,A,0,208020202050,20210721,6,2
12107,1,A,1,206420202050,20210721,6,3
12108,2,A,1,166420202050,20210721,6,4
12109,1,A,0,165120202050,20210721,6,5
12110,5,C,0,208020202050,20210721,6,6
12111,6,C,0,208020201650,20210721,6,7
12112,5,C,0,208020201640,20210721,6,8
12113,6,C,1,208020201240,20210721,6,9
12114,2,A,1,208020202050,20210721,6,10
12115,1,A,1,206420202050,20210721,6,11
12116,2,A,1,166420202050,20210721,6,12
12117,1,A,0,165120202050,20210721,6,13
12118,2,A,1,125120202050,20210721,6,14
12119,1,A,0,124020202050,20210721,6,15
12120,2,A,1,104020202050,20210721,6,16
12121,1,A,0,103220202050,20210721,6,17
12122,2,A,1,083220202050,20210721,6,18
12123,3,B,0,208020202050,20210721,6,19
12124,4,B,0,208016202050,20210721,6,20
12125,3,B,0,208016162050,20210721,6,21
12126,4,B,0,208012162050,20210721,6,22
12127,3,B,0,208012122050,20210721,6,23
12128,2,A,1,208020202050,20210721,6,24
12129,1,A,0,206420202050,20210721,6,25
12130,2,A,0,166420202050,20210721,6,26
12131,1,A,0,165120202050,20210721,6,27
12132,2,A,0,125120202050,20210721,6,28
12133,4,B,0,208020202050,20210721,6,29
12134,3,B,0,208020162050,20210721,6,30
12135,4,B,1,208016162050,20210721,6,31
12136,3,B,1,208016122050,20210721,6,32
12137,4,B,1,208012122050,20210721,6,33
12138,3,B,0,208012102050,20210721,6,34
12139,4,B,0,208010102050,20210721,6,35
12140,3,B,0,208010082050,20210721,6,36
12141,4,B,0,208008082050,20210721,6,37
12142,2,A,1,208020202050,20210721,6,38
12143,1,A,0,206420202050,20210721,6,39
12144,2,A,0,166420202050,20210721,6,40
12145,1,A,0,165120202050,20210721,6,41
12146,2,A,1,125120202050,20210721,6,42
12147,1,A,0,124020202050,20210721,6,43
12148,2,A,1,104020202050,20210721,6,44
12149,1,A,0,103220202050,20210721,6,45
12150,2,A,0,083220202050,20210721,6,46
12151,4,B,0,208020202050,20210721,6,47
12152,3,B,0,208020162050,20210721,6,48
12153,4,B,0,208016162050,20210721,6,49
12154,3,B,1,208016122050,20210721,6,50
12155,4,B,0,208012122050,20210721,6,51
12156,3,B,0,208012102050,20210721,6,52
12157,2,A,1,208020202050,20210721,6,53
12158,1,A,0,206420202050,20210721,6,54
12159,2,A,1,166420202050,20210721,6,55
12160,1,A,1,165120202050,20210721,6,56
12161,2,A,1,125120202050,20210721,6,57
12162,1,A,0,124020202050,20210721,6,58
12163,2,A,0,104020202050,20210721,6,59
12164,1,A,0,103220202050,20210721,6,60
12165,2,A,0,083220202050,20210721,6,61
12166,3,B,1,208020202050,20210721,6,62
12167,4,B,0,208016202050,20210721,6,63
12168,3,B,0,208016162050,20210721,6,64
12169,4,B,0,208012162050,20210721,6,65
12170,3,B,0,208012122050,20210721,6,66
12171,2,A,0,208020202050,20210721,6,67
12172,1,A,0,206420202050,20210721,6,68
12173,2,A,1,166420202050,20210721,6,69
12174,1,A,0,165120202050,20210721,6,70
12175,2,A,1,125120202050,20210721,6,71
12176,3,B,0,208020202050,20210721,6,72
12177,4,B,0,208016202050,20210721,6,73
12178,3,B,0,208016162050,20210721,6,74
12179,2,A,1,208020202050,20210721,6,75
12180,1,A,1,206420202050,20210721,6,76
12181,2,A,1,166420202050,20210721,6,77
12182,1,A,0,165120202050,20210721,6,78
12183,2,A,1,125120202050,20210721,6,79
12184,1,A,0,124020202050,20210721,6,80
12185,2,A,0,104020202050,20210721,6,81
12186,3,B,0,208020202050,20210721,6,82
12187,4,B,0,208016202050,20210721,6,83
12188,3,B,1,208016162050,20210721,6,84
12189,4,B,0,208012162050,20210721,6,85
12190,3,B,0,208012122050,20210721,6,86
12191,2,A,1,208020202050,20210721,6,87
12192,1,A,0,206420202050,20210721,6,88
12193,2,A,1,166420202050,20210721,6,89
12194,1,A,0,165120202050,20210721,6,90
12195,2,A,0,125120202050,20210721,6,91
12196,3,B,0,208020202050,20210721,6,92
12197,4,B,0,208016202050,20210721,6,93
12198,3,B,0,208016162050,20210721,6,94
12199,2,A,1,208020202050,20210721,6,95
12200,1,A,0,206420202050,20210721,6,96
12201,2,A,1,166420202050,20210721,6,97
12202,1,A,0,165120202050,20210721,6,98
12203,2,A,1,125120202050,20210721,6,99
12204,1,A,0,124020202050,20210721,6,100
12205,2,A,0,104020202050,20210721,6,101
12206,4,B,0,208020202050,20210721,6,102
12207,3,B,0,208020162050,20210721,6,103
12208,4,B,0,208016162050,20210721,6,104
12209,3,B,0,208016122050,20210721,6,105
12210,2,A,1,208020202050,20210721,6,106
12211,1,A,1,206420202050,20210721,6,107
12212,2,A,1,166420202050,20210721,6,108
12213,1,A,0,165120202050,20210721,6,109
12214,2,A,1,125120202050,20210721,6,110
12215,1,A,0,124020202050,20210721,6,111
12216,2,A,0,104020202050,20210721,6,112
12217,3,B,1,208020202050,20210721,6,113
12218,4,B,0,208016202050,20210721,6,114
12219,3,B,0,208016162050,20210721,6,115
12220,2,A,1,208020202050,20210721,6,116
12221,1,A,0,206420202050,20210721,6,117
12222,2,A,1,166420202050,20210721,6,118
12223,1,A,1,165120202050,20210721,6,119
12224,2,A,0,125120202050,20210721,6,120
12225,1,A,0,124020202050,20210721,6,121
12226,2,A,1,104020202050,20210721,6,122
12227,3,B,1,208020202050,20210721,6,123
12228,4,B,0,208016202050,20210721,6,124
12229,3,B,0,208016162050,20210721,6,125
12230,2,A,0,208020202050,20210721,6,126
12231,1,A,0,206420202050,20210721,6,127
12232,2,A,1,166420202050,20210721,6,128
12233,1,A,1,165120202050,20210721,6,129
12234,2,A,1,125120202050,20210721,6,130
12235,1,A,0,124020202050,20210721,6,131
12236,2,A,0,104020202050,20210721,6,132
12237,1,A,0,103220202050,20210721,6,133
12238,2,A,1,083220202050,20210721,6,134
12239,1,A,0,082620202050,20210721,6,135
12240,2,A,0,062620202050,20210721,6,136
12241,3,B,0,208020202050,20210721,6,137
12242,4,B,0,208016202050,20210721,6,138
12243,3,B,0,208016162050,20210721,6,139
12244,2,A,1,208020202050,20210721,6,140
12245,1,A,0,206420202050,20210721,6,141
12246,2,A,1,166420202050,20210721,6,142
12247,1,A,0,165120202050,20210721,6,143
12248,2,A,0,125120202050,20210721,6,144
12249,1,A,0,124020202050,20210721,6,145
12250,2,A,0,104020202050,20210721,6,146
12251,1,A,0,103220202050,20210721,6,147
12252,2,A,0,083220202050,20210721,6,148
12253,1,A,0,082620202050,20210721,6,149
12254,3,B,1,208020202050,20210721,6,150
12255,4,B,0,208016202050,20210721,6,151
12256,3,B,0,208016162050,20210721,6,152
12257,2,A,1,208020202050,20210721,6,153
12258,1,A,1,206420202050,20210721,6,154
12259,2,A,0,166420202050,20210721,6,155
12260,1,A,0,165120202050,20210721,6,156
12261,2,A,1,125120202050,20210721,6,157
12262,1,A,0,124020202050,20210721,6,158
12263,2,A,0,104020202050,20210721,6,159
12264,1,A,0,103220202050,20210721,6,160
12265,2,A,1,083220202050,20210721,6,161
12266,1,A,0,082620202050,20210721,6,162
12267,2,A,0,062620202050,20210721,6,163
12268,5,C,0,208020202050,20210721,6,164
12269,6,C,0,208020201650,20210721,6,165
12270,5,C,0,208020201640,20210721,6,166
12271,6,C,1,208020201240,20210721,6,167
12272,5,C,0,208020201232,20210721,6,168
12273,6,C,0,208020201032,20210721,6,169
12274,5,C,0,208020201025,20210721,6,170
12275,6,C,0,208020200825,20210721,6,171
12276,3,B,0,208020202050,20210721,6,172
12277,4,B,0,208016202050,20210721,6,173
12278,3,B,0,208016162050,20210721,6,174
12279,2,A,1,208020202050,20210721,6,175
12280,1,A,0,206420202050,20210721,6,176
12281,2,A,1,166420202050,20210721,6,177
12282,1,A,0,165120202050,20210721,6,178
12283,2,A,1,125120202050,20210721,6,179
12284,1,A,0,124020202050,20210721,6,180
12285,2,A,0,104020202050,20210721,6,181
12286,1,A,0,103220202050,20210721,6,182
12287,2,A,1,083220202050,20210721,6,183
12288,1,A,0,082620202050,20210721,6,184
12289,2,A,0,062620202050,20210721,6,185
12290,1,A,0,062020202050,20210721,6,186
12291,6,C,1,208020202050,20210721,6,187
12292,5,C,0,208020202040,20210721,6,188
12293,6,C,1,208020201640,20210721,6,189
12294,2,A,1,208020202050,20210721,6,190
12295,1,A,1,206420202050,20210721,6,191
12296,2,A,1,166420202050,20210721,6,192
12297,1,A,0,165120202050,20210721,6,193
12298,2,A,0,125120202050,20210721,6,194
12299,3,B,0,208020202050,20210721,6,195
12300,4,B,1,208016202050,20210721,6,196
12301,2,A,1,208020202050,20210721,6,197
12302,1,A,0,206420202050,20210721,6,198
12303,2,A,0,166420202050,20210721,6,199
12304,1,A,1,165120202050,20210721,6,200
12305,2,A,0,125120202050,20210721,6,201
12306,1,A,0,124020202050,20210721,6,202
12307,2,A,0,104020202050,20210721,6,203
12308,1,A,0,103220202050,20210721,6,204
12309,6,C,1,208020202050,20210721,6,205
12310,5,C,0,208020202040,20210721,6,206
12311,6,C,0,208020201640,20210721,6,207
12312,2,A,1,208020202050,20210721,6,208
12313,1,A,0,206420202050,20210721,6,209
12314,2,A,1,166420202050,20210721,6,210
12315,1,A,0,165120202050,20210721,6,211
12316,2,A,1,125120202050,20210721,6,212
12317,1,A,0,124020202050,20210721,6,213
12318,2,A,0,104020202050,20210721,6,214
12319,4,B,1,208020202050,20210721,6,215
12320,6,C,1,208020202050,20210721,6,216
12321,5,C,0,208020202040,20210721,6,217
12322,6,C,0,208020201640,20210721,6,218
12323,2,A,0,208020202050,20210721,6,219
12324,1,A,0,206420202050,20210721,6,220
12325,2,A,1,166420202050,20210721,6,221
12326,1,A,0,165120202050,20210721,6,222
12327,2,A,1,125120202050,20210721,6,223
12328,3,B,0,208020202050,20210721,6,224
12329,4,B,0,208016202050,20210721,6,225
12330,3,B,0,208016162050,20210721,6,226
12331,2,A,0,208020202050,20210721,6,227
12332,1,A,0,206420202050,20210721,6,228
12333,2,A,0,166420202050,20210721,6,229
12334,1,A,0,165120202050,20210721,6,230
12335,2,A,0,125120202050,20210721,6,231
12336,1,A,0,124020202050,20210721,6,232
12337,2,A,1,104020202050,20210721,6,233
12338,3,B,0,208020202050,20210721,6,234
12339,4,B,0,208016202050,20210721,6,235
12340,2,A,1,208020202050,20210721,6,236
12341,1,A,0,206420202050,20210721,6,237
12342,2,A,1,166420202050,20210721,6,238
12343,1,A,0,165120202050,20210721,6,239
12344,2,A,0,125120202050,20210721,6,240
12345,1,A,0,124020202050,20210721,6,241
12346,2,A,0,104020202050,20210721,6,242
