,leaf,stem,reward,contingency,date,session,trial
0,3,B,1,202080502050,20210706,2,0
1,6,C,0,202080502050,20210706,2,1
2,5,C,0,202080502050,20210706,2,2
3,2,A,0,202080502050,20210706,2,3
4,1,A,0,202080502050,20210706,2,4
5,4,B,1,202080502050,20210706,2,5
6,3,B,0,202080502050,20210706,2,6
7,4,B,0,202080502050,20210706,2,7
8,6,C,1,202080502050,20210706,2,8
9,5,C,0,202080502050,20210706,2,9
10,6,C,0,202080502050,20210706,2,10
11,2,A,0,202080502050,20210706,2,11
12,1,A,0,202080502050,20210706,2,12
13,4,B,0,202080502050,20210706,2,13
14,3,B,1,202080502050,20210706,2,14
15,5,C,1,202080502050,20210706,2,15
16,6,C,0,202080502050,20210706,2,16
17,5,C,0,202080502050,20210706,2,17
18,6,C,0,202080502050,20210706,2,18
19,5,C,0,202080502050,20210706,2,19
20,4,B,1,202080502050,20210706,2,20
21,3,B,1,202080502050,20210706,2,21
22,4,B,1,202080502050,20210706,2,22
23,3,B,1,202080502050,20210706,2,23
24,4,B,0,202080502050,20210706,2,24
25,3,B,1,202080502050,20210706,2,25
26,4,B,1,202080502050,20210706,2,26
27,3,B,1,202080502050,20210706,2,27
28,4,B,0,202080502050,20210706,2,28
29,3,B,1,202080502050,20210706,2,29
30,4,B,0,202080502050,20210706,2,30
31,3,B,1,202080502050,20210706,2,31
32,4,B,0,202080502050,20210706,2,32
33,3,B,1,202080502050,20210706,2,33
34,4,B,0,202080502050,20210706,2,34
35,3,B,1,202080502050,20210706,2,35
36,4,B,0,202080502050,20210706,2,36
37,3,B,1,202080502050,20210706,2,37
38,4,B,0,202080502050,20210706,2,38
39,3,B,1,202080502050,20210706,2,39
40,4,B,1,202080502050,20210706,2,40
41,3,B,1,202080502050,20210706,2,41
42,4,B,1,202080502050,20210706,2,42
43,3,B,1,202080502050,20210706,2,43
44,4,B,1,202080502050,20210706,2,44
45,3,B,1,202080502050,20210706,2,45
46,4,B,0,202080502050,20210706,2,46
47,3,B,1,202080502050,20210706,2,47
48,4,B,0,202080502050,20210706,2,48
49,3,B,0,202080502050,20210706,2,49
50,4,B,0,202080502050,20210706,2,50
51,3,B,1,202080502050,20210706,2,51
52,4,B,0,202080502050,20210706,2,52
53,3,B,0,202080502050,20210706,2,53
54,4,B,0,202080502050,20210706,2,54
55,3,B,1,202080502050,20210706,2,55
56,4,B,1,202080502050,20210706,2,56
57,3,B,0,202080502050,20210706,2,57
58,4,B,1,202080502050,20210706,2,58
59,3,B,1,202080502050,20210706,2,59
60,4,B,0,508020205020,20210706,2,60
61,3,B,0,508020205020,20210706,2,61
62,4,B,0,508020205020,20210706,2,62
63,3,B,0,508020205020,20210706,2,63
64,4,B,0,508020205020,20210706,2,64
65,3,B,1,508020205020,20210706,2,65
66,4,B,0,508020205020,20210706,2,66
67,3,B,1,508020205020,20210706,2,67
68,4,B,0,508020205020,20210706,2,68
69,3,B,1,508020205020,20210706,2,69
70,4,B,0,508020205020,20210706,2,70
71,3,B,0,508020205020,20210706,2,71
72,5,C,1,508020205020,20210706,2,72
73,6,C,1,508020205020,20210706,2,73
74,5,C,1,508020205020,20210706,2,74
75,6,C,1,508020205020,20210706,2,75
76,5,C,0,508020205020,20210706,2,76
77,6,C,0,508020205020,20210706,2,77
78,5,C,0,508020205020,20210706,2,78
79,2,A,1,508020205020,20210706,2,79
80,1,A,0,508020205020,20210706,2,80
81,2,A,1,508020205020,20210706,2,81
82,3,B,0,508020205020,20210706,2,82
83,4,B,0,508020205020,20210706,2,83
84,3,B,0,508020205020,20210706,2,84
85,6,C,0,508020205020,20210706,2,85
86,5,C,0,508020205020,20210706,2,86
87,6,C,0,508020205020,20210706,2,87
88,5,C,1,508020205020,20210706,2,88
89,3,B,0,508020205020,20210706,2,89
90,4,B,0,508020205020,20210706,2,90
91,3,B,0,508020205020,20210706,2,91
92,2,A,0,508020205020,20210706,2,92
93,1,A,1,508020205020,20210706,2,93
94,2,A,1,508020205020,20210706,2,94
95,1,A,0,508020205020,20210706,2,95
96,2,A,1,508020205020,20210706,2,96
97,5,C,0,508020205020,20210706,2,97
98,6,C,0,508020205020,20210706,2,98
99,5,C,0,508020205020,20210706,2,99
100,6,C,0,508020205020,20210706,2,100
101,5,C,1,508020205020,20210706,2,101
102,4,B,1,508020205020,20210706,2,102
103,3,B,0,508020205020,20210706,2,103
104,4,B,0,508020205020,20210706,2,104
105,3,B,0,508020205020,20210706,2,105
106,2,A,1,508020205020,20210706,2,106
107,1,A,0,508020205020,20210706,2,107
108,2,A,1,508020205020,20210706,2,108
109,5,C,0,508020205020,20210706,2,109
110,6,C,0,508020205020,20210706,2,110
111,5,C,0,508020205020,20210706,2,111
112,4,B,0,508020205020,20210706,2,112
113,3,B,1,508020205020,20210706,2,113
114,4,B,0,508020205020,20210706,2,114
115,3,B,0,508020205020,20210706,2,115
116,2,A,0,508020205020,20210706,2,116
117,1,A,1,508020205020,20210706,2,117
118,2,A,1,508020205020,20210706,2,118
119,1,A,1,508020205020,20210706,2,119
120,2,A,1,202020808050,20210706,2,120
121,1,A,0,202020808050,20210706,2,121
122,2,A,0,202020808050,20210706,2,122
123,1,A,0,202020808050,20210706,2,123
124,2,A,0,202020808050,20210706,2,124
125,1,A,1,202020808050,20210706,2,125
126,2,A,0,202020808050,20210706,2,126
127,1,A,0,202020808050,20210706,2,127
128,2,A,0,202020808050,20210706,2,128
129,1,A,0,202020808050,20210706,2,129
130,2,A,0,202020808050,20210706,2,130
131,1,A,0,202020808050,20210706,2,131
132,5,C,1,202020808050,20210706,2,132
133,6,C,0,202020808050,20210706,2,133
134,5,C,1,202020808050,20210706,2,134
135,6,C,1,202020808050,20210706,2,135
136,5,C,1,202020808050,20210706,2,136
137,6,C,1,202020808050,20210706,2,137
138,5,C,1,202020808050,20210706,2,138
139,6,C,0,202020808050,20210706,2,139
140,5,C,1,202020808050,20210706,2,140
141,6,C,0,202020808050,20210706,2,141
142,5,C,1,202020808050,20210706,2,142
143,6,C,1,202020808050,20210706,2,143
144,5,C,0,202020808050,20210706,2,144
145,6,C,1,202020808050,20210706,2,145
146,5,C,0,202020808050,20210706,2,146
147,6,C,1,202020808050,20210706,2,147
148,5,C,1,202020808050,20210706,2,148
149,6,C,1,202020808050,20210706,2,149
150,5,C,1,202020808050,20210706,2,150
151,6,C,1,202020808050,20210706,2,151
152,5,C,1,202020808050,20210706,2,152
153,6,C,0,202020808050,20210706,2,153
154,5,C,1,202020808050,20210706,2,154
155,6,C,1,202020808050,20210706,2,155
156,5,C,1,202020808050,20210706,2,156
157,6,C,0,202020808050,20210706,2,157
158,5,C,1,202020808050,20210706,2,158
159,6,C,0,202020808050,20210706,2,159
160,5,C,1,202020808050,20210706,2,160
161,6,C,0,202020808050,20210706,2,161
162,5,C,1,202020808050,20210706,2,162
163,6,C,0,202020808050,20210706,2,163
164,5,C,1,202020808050,20210706,2,164
165,6,C,0,202020808050,20210706,2,165
166,5,C,0,202020808050,20210706,2,166
167,6,C,0,202020808050,20210706,2,167
168,5,C,1,202020808050,20210706,2,168
169,6,C,0,202020808050,20210706,2,169
170,5,C,1,202020808050,20210706,2,170
171,6,C,0,202020808050,20210706,2,171
172,5,C,1,202020808050,20210706,2,172
173,6,C,1,202020808050,20210706,2,173
174,5,C,1,202020808050,20210706,2,174
175,6,C,0,202020808050,20210706,2,175
176,5,C,1,202020808050,20210706,2,176
177,6,C,0,202020808050,20210706,2,177
178,5,C,0,202020808050,20210706,2,178
179,6,C,1,202020808050,20210706,2,179
180,3,B,1,502080205080,20210706,3,0
181,1,A,1,502080205080,20210706,3,1
182,2,A,1,502080205080,20210706,3,2
183,1,A,1,502080205080,20210706,3,3
184,2,A,0,502080205080,20210706,3,4
185,4,B,0,502080205080,20210706,3,5
186,3,B,1,502080205080,20210706,3,6
187,5,C,1,502080205080,20210706,3,7
188,6,C,1,502080205080,20210706,3,8
189,5,C,0,502080205080,20210706,3,9
190,2,A,0,502080205080,20210706,3,10
191,1,A,0,502080205080,20210706,3,11
192,2,A,0,502080205080,20210706,3,12
193,3,B,1,502080205080,20210706,3,13
194,4,B,0,502080205080,20210706,3,14
195,6,C,1,502080205080,20210706,3,15
196,5,C,0,502080205080,20210706,3,16
197,6,C,1,502080205080,20210706,3,17
198,5,C,0,502080205080,20210706,3,18
199,6,C,0,502080205080,20210706,3,19
200,3,B,1,502080205080,20210706,3,20
201,4,B,0,502080205080,20210706,3,21
202,3,B,0,502080205080,20210706,3,22
203,2,A,0,502080205080,20210706,3,23
204,1,A,0,502080205080,20210706,3,24
205,6,C,1,502080205080,20210706,3,25
206,5,C,0,502080205080,20210706,3,26
207,6,C,0,502080205080,20210706,3,27
208,5,C,0,502080205080,20210706,3,28
209,6,C,1,502080205080,20210706,3,29
210,5,C,0,502080205080,20210706,3,30
211,6,C,1,502080205080,20210706,3,31
212,5,C,0,502080205080,20210706,3,32
213,6,C,1,502080205080,20210706,3,33
214,5,C,1,502080205080,20210706,3,34
215,6,C,1,502080205080,20210706,3,35
216,5,C,1,502080205080,20210706,3,36
217,6,C,1,502080205080,20210706,3,37
218,5,C,0,502080205080,20210706,3,38
219,6,C,1,502080205080,20210706,3,39
220,5,C,1,502080205080,20210706,3,40
221,6,C,1,502080205080,20210706,3,41
222,5,C,1,502080205080,20210706,3,42
223,6,C,1,502080205080,20210706,3,43
224,5,C,0,502080205080,20210706,3,44
225,6,C,1,502080205080,20210706,3,45
226,5,C,1,502080205080,20210706,3,46
227,6,C,1,502080205080,20210706,3,47
228,5,C,1,502080205080,20210706,3,48
229,6,C,1,502080205080,20210706,3,49
230,5,C,0,502080205080,20210706,3,50
231,6,C,1,502080205080,20210706,3,51
232,5,C,0,502080205080,20210706,3,52
233,6,C,1,502080205080,20210706,3,53
234,5,C,1,502080205080,20210706,3,54
235,6,C,1,502080205080,20210706,3,55
236,5,C,1,502080205080,20210706,3,56
237,6,C,1,502080205080,20210706,3,57
238,5,C,1,502080205080,20210706,3,58
239,6,C,1,502080205080,20210706,3,59
240,5,C,0,505020502020,20210706,3,60
241,6,C,0,505020502020,20210706,3,61
242,5,C,0,505020502020,20210706,3,62
243,6,C,0,505020502020,20210706,3,63
244,5,C,0,505020502020,20210706,3,64
245,6,C,0,505020502020,20210706,3,65
246,5,C,1,505020502020,20210706,3,66
247,6,C,0,505020502020,20210706,3,67
248,5,C,0,505020502020,20210706,3,68
249,6,C,0,505020502020,20210706,3,69
250,5,C,0,505020502020,20210706,3,70
251,2,A,1,505020502020,20210706,3,71
252,1,A,1,505020502020,20210706,3,72
253,2,A,1,505020502020,20210706,3,73
254,6,C,1,505020502020,20210706,3,74
255,5,C,0,505020502020,20210706,3,75
256,6,C,0,505020502020,20210706,3,76
257,5,C,0,505020502020,20210706,3,77
258,6,C,0,505020502020,20210706,3,78
259,5,C,0,505020502020,20210706,3,79
260,6,C,0,505020502020,20210706,3,80
261,4,B,1,505020502020,20210706,3,81
262,3,B,0,505020502020,20210706,3,82
263,2,A,0,505020502020,20210706,3,83
264,1,A,0,505020502020,20210706,3,84
265,6,C,0,505020502020,20210706,3,85
266,5,C,0,505020502020,20210706,3,86
267,6,C,0,505020502020,20210706,3,87
268,4,B,1,505020502020,20210706,3,88
269,3,B,0,505020502020,20210706,3,89
270,4,B,0,505020502020,20210706,3,90
271,2,A,1,505020502020,20210706,3,91
272,1,A,1,505020502020,20210706,3,92
273,2,A,0,505020502020,20210706,3,93
274,1,A,1,505020502020,20210706,3,94
275,2,A,0,505020502020,20210706,3,95
276,1,A,1,505020502020,20210706,3,96
277,2,A,1,505020502020,20210706,3,97
278,1,A,1,505020502020,20210706,3,98
279,2,A,1,505020502020,20210706,3,99
280,1,A,0,505020502020,20210706,3,100
281,2,A,1,505020502020,20210706,3,101
282,1,A,1,505020502020,20210706,3,102
283,2,A,0,505020502020,20210706,3,103
284,4,B,0,505020502020,20210706,3,104
285,3,B,1,505020502020,20210706,3,105
286,4,B,1,505020502020,20210706,3,106
287,3,B,0,505020502020,20210706,3,107
288,4,B,0,505020502020,20210706,3,108
289,3,B,0,505020502020,20210706,3,109
290,5,C,0,505020502020,20210706,3,110
291,6,C,0,505020502020,20210706,3,111
292,5,C,0,505020502020,20210706,3,112
293,2,A,1,505020502020,20210706,3,113
294,1,A,1,505020502020,20210706,3,114
295,2,A,1,505020502020,20210706,3,115
296,1,A,1,505020502020,20210706,3,116
297,2,A,0,505020502020,20210706,3,117
298,1,A,1,505020502020,20210706,3,118
299,2,A,0,505020502020,20210706,3,119
300,1,A,0,205080502020,20210706,3,120
301,2,A,1,205080502020,20210706,3,121
302,1,A,0,205080502020,20210706,3,122
303,2,A,1,205080502020,20210706,3,123
304,1,A,0,205080502020,20210706,3,124
305,2,A,1,205080502020,20210706,3,125
306,1,A,0,205080502020,20210706,3,126
307,2,A,0,205080502020,20210706,3,127
308,1,A,0,205080502020,20210706,3,128
309,2,A,1,205080502020,20210706,3,129
310,1,A,1,205080502020,20210706,3,130
311,2,A,1,205080502020,20210706,3,131
312,1,A,1,205080502020,20210706,3,132
313,2,A,0,205080502020,20210706,3,133
314,1,A,0,205080502020,20210706,3,134
315,2,A,0,205080502020,20210706,3,135
316,1,A,0,205080502020,20210706,3,136
317,2,A,1,205080502020,20210706,3,137
318,1,A,0,205080502020,20210706,3,138
319,2,A,0,205080502020,20210706,3,139
320,5,C,0,205080502020,20210706,3,140
321,6,C,1,205080502020,20210706,3,141
322,5,C,0,205080502020,20210706,3,142
323,6,C,0,205080502020,20210706,3,143
324,5,C,1,205080502020,20210706,3,144
325,6,C,0,205080502020,20210706,3,145
326,5,C,0,205080502020,20210706,3,146
327,4,B,1,205080502020,20210706,3,147
328,3,B,1,205080502020,20210706,3,148
329,2,A,0,205080502020,20210706,3,149
330,1,A,0,205080502020,20210706,3,150
331,2,A,1,205080502020,20210706,3,151
332,1,A,0,205080502020,20210706,3,152
333,2,A,0,205080502020,20210706,3,153
334,1,A,1,205080502020,20210706,3,154
335,2,A,0,205080502020,20210706,3,155
336,1,A,0,205080502020,20210706,3,156
337,2,A,1,205080502020,20210706,3,157
338,5,C,0,205080502020,20210706,3,158
339,6,C,0,205080502020,20210706,3,159
340,5,C,0,205080502020,20210706,3,160
341,4,B,1,205080502020,20210706,3,161
342,3,B,1,205080502020,20210706,3,162
343,4,B,1,205080502020,20210706,3,163
344,3,B,1,205080502020,20210706,3,164
345,4,B,1,205080502020,20210706,3,165
346,3,B,1,205080502020,20210706,3,166
347,4,B,0,205080502020,20210706,3,167
348,3,B,1,205080502020,20210706,3,168
349,4,B,0,205080502020,20210706,3,169
350,3,B,1,205080502020,20210706,3,170
351,4,B,0,205080502020,20210706,3,171
352,3,B,1,205080502020,20210706,3,172
353,4,B,0,205080502020,20210706,3,173
354,3,B,0,205080502020,20210706,3,174
355,4,B,1,205080502020,20210706,3,175
356,3,B,1,205080502020,20210706,3,176
357,4,B,0,205080502020,20210706,3,177
358,3,B,1,205080502020,20210706,3,178
359,4,B,1,205080502020,20210706,3,179
360,3,B,0,805020202050,20210706,4,0
361,4,B,0,805020202050,20210706,4,1
362,1,A,1,805020202050,20210706,4,2
363,2,A,0,805020202050,20210706,4,3
364,5,C,0,805020202050,20210706,4,4
365,6,C,0,805020202050,20210706,4,5
366,5,C,0,805020202050,20210706,4,6
367,6,C,0,805020202050,20210706,4,7
368,4,B,1,805020202050,20210706,4,8
369,3,B,0,805020202050,20210706,4,9
370,4,B,0,805020202050,20210706,4,10
371,2,A,1,805020202050,20210706,4,11
372,1,A,1,805020202050,20210706,4,12
373,2,A,0,805020202050,20210706,4,13
374,1,A,1,805020202050,20210706,4,14
375,2,A,1,805020202050,20210706,4,15
376,1,A,1,805020202050,20210706,4,16
377,2,A,0,805020202050,20210706,4,17
378,1,A,0,805020202050,20210706,4,18
379,2,A,1,805020202050,20210706,4,19
380,1,A,1,805020202050,20210706,4,20
381,2,A,0,805020202050,20210706,4,21
382,1,A,1,805020202050,20210706,4,22
383,2,A,1,805020202050,20210706,4,23
384,1,A,1,805020202050,20210706,4,24
385,2,A,0,805020202050,20210706,4,25
386,1,A,1,805020202050,20210706,4,26
387,2,A,1,805020202050,20210706,4,27
388,1,A,1,805020202050,20210706,4,28
389,2,A,1,805020202050,20210706,4,29
390,1,A,1,805020202050,20210706,4,30
391,2,A,0,805020202050,20210706,4,31
392,1,A,1,805020202050,20210706,4,32
393,2,A,0,805020202050,20210706,4,33
394,1,A,1,805020202050,20210706,4,34
395,2,A,0,805020202050,20210706,4,35
396,1,A,0,805020202050,20210706,4,36
397,2,A,0,805020202050,20210706,4,37
398,1,A,1,805020202050,20210706,4,38
399,2,A,1,805020202050,20210706,4,39
400,1,A,1,805020202050,20210706,4,40
401,2,A,0,805020202050,20210706,4,41
402,1,A,1,805020202050,20210706,4,42
403,2,A,0,805020202050,20210706,4,43
404,1,A,1,805020202050,20210706,4,44
405,2,A,0,805020202050,20210706,4,45
406,1,A,1,805020202050,20210706,4,46
407,2,A,0,805020202050,20210706,4,47
408,1,A,1,805020202050,20210706,4,48
409,2,A,0,805020202050,20210706,4,49
410,1,A,1,805020202050,20210706,4,50
411,2,A,1,805020202050,20210706,4,51
412,1,A,0,805020202050,20210706,4,52
413,2,A,1,805020202050,20210706,4,53
414,1,A,1,805020202050,20210706,4,54
415,2,A,1,805020202050,20210706,4,55
416,1,A,1,805020202050,20210706,4,56
417,2,A,0,805020202050,20210706,4,57
418,1,A,1,805020202050,20210706,4,58
419,2,A,0,805020202050,20210706,4,59
420,1,A,0,202050205080,20210706,4,60
421,2,A,0,202050205080,20210706,4,61
422,1,A,0,202050205080,20210706,4,62
423,2,A,0,202050205080,20210706,4,63
424,1,A,0,202050205080,20210706,4,64
425,5,C,1,202050205080,20210706,4,65
426,6,C,1,202050205080,20210706,4,66
427,5,C,1,202050205080,20210706,4,67
428,6,C,1,202050205080,20210706,4,68
429,5,C,0,202050205080,20210706,4,69
430,6,C,1,202050205080,20210706,4,70
431,5,C,0,202050205080,20210706,4,71
432,6,C,1,202050205080,20210706,4,72
433,5,C,1,202050205080,20210706,4,73
434,6,C,1,202050205080,20210706,4,74
435,5,C,1,202050205080,20210706,4,75
436,6,C,0,202050205080,20210706,4,76
437,5,C,0,202050205080,20210706,4,77
438,6,C,1,202050205080,20210706,4,78
439,5,C,0,202050205080,20210706,4,79
440,6,C,1,202050205080,20210706,4,80
441,5,C,1,202050205080,20210706,4,81
442,6,C,0,202050205080,20210706,4,82
443,5,C,1,202050205080,20210706,4,83
444,6,C,1,202050205080,20210706,4,84
445,5,C,0,202050205080,20210706,4,85
446,6,C,1,202050205080,20210706,4,86
447,5,C,1,202050205080,20210706,4,87
448,6,C,1,202050205080,20210706,4,88
449,5,C,0,202050205080,20210706,4,89
450,6,C,1,202050205080,20210706,4,90
451,5,C,1,202050205080,20210706,4,91
452,6,C,1,202050205080,20210706,4,92
453,5,C,0,202050205080,20210706,4,93
454,6,C,0,202050205080,20210706,4,94
455,5,C,0,202050205080,20210706,4,95
456,6,C,1,202050205080,20210706,4,96
457,5,C,0,202050205080,20210706,4,97
458,6,C,1,202050205080,20210706,4,98
459,5,C,1,202050205080,20210706,4,99
460,6,C,1,202050205080,20210706,4,100
461,5,C,0,202050205080,20210706,4,101
462,6,C,1,202050205080,20210706,4,102
463,5,C,1,202050205080,20210706,4,103
464,6,C,0,202050205080,20210706,4,104
465,5,C,1,202050205080,20210706,4,105
466,6,C,0,202050205080,20210706,4,106
467,5,C,0,202050205080,20210706,4,107
468,6,C,1,202050205080,20210706,4,108
469,5,C,1,202050205080,20210706,4,109
470,6,C,1,202050205080,20210706,4,110
471,5,C,1,202050205080,20210706,4,111
472,6,C,1,202050205080,20210706,4,112
473,5,C,0,202050205080,20210706,4,113
474,6,C,1,202050205080,20210706,4,114
475,5,C,1,202050205080,20210706,4,115
476,6,C,1,202050205080,20210706,4,116
477,5,C,0,202050205080,20210706,4,117
478,6,C,1,202050205080,20210706,4,118
479,5,C,1,202050205080,20210706,4,119
480,6,C,0,208050802020,20210706,4,120
481,5,C,0,208050802020,20210706,4,121
482,6,C,0,208050802020,20210706,4,122
483,5,C,1,208050802020,20210706,4,123
484,6,C,0,208050802020,20210706,4,124
485,5,C,0,208050802020,20210706,4,125
486,6,C,1,208050802020,20210706,4,126
487,5,C,0,208050802020,20210706,4,127
488,6,C,0,208050802020,20210706,4,128
489,5,C,0,208050802020,20210706,4,129
490,6,C,0,208050802020,20210706,4,130
491,3,B,1,208050802020,20210706,4,131
492,4,B,0,208050802020,20210706,4,132
493,3,B,0,208050802020,20210706,4,133
494,2,A,0,208050802020,20210706,4,134
495,1,A,0,208050802020,20210706,4,135
496,2,A,0,208050802020,20210706,4,136
497,5,C,0,208050802020,20210706,4,137
498,6,C,1,208050802020,20210706,4,138
499,5,C,1,208050802020,20210706,4,139
500,6,C,0,208050802020,20210706,4,140
501,5,C,0,208050802020,20210706,4,141
502,6,C,0,208050802020,20210706,4,142
503,5,C,0,208050802020,20210706,4,143
504,6,C,1,208050802020,20210706,4,144
505,5,C,0,208050802020,20210706,4,145
506,6,C,0,208050802020,20210706,4,146
507,5,C,0,208050802020,20210706,4,147
508,6,C,0,208050802020,20210706,4,148
509,4,B,0,208050802020,20210706,4,149
510,3,B,0,208050802020,20210706,4,150
511,2,A,1,208050802020,20210706,4,151
512,1,A,1,208050802020,20210706,4,152
513,2,A,1,208050802020,20210706,4,153
514,1,A,0,208050802020,20210706,4,154
515,2,A,0,208050802020,20210706,4,155
516,1,A,0,208050802020,20210706,4,156
517,2,A,1,208050802020,20210706,4,157
518,1,A,0,208050802020,20210706,4,158
519,2,A,0,208050802020,20210706,4,159
520,1,A,0,208050802020,20210706,4,160
521,2,A,1,208050802020,20210706,4,161
522,1,A,0,208050802020,20210706,4,162
523,2,A,1,208050802020,20210706,4,163
524,1,A,0,208050802020,20210706,4,164
525,2,A,1,208050802020,20210706,4,165
526,1,A,0,208050802020,20210706,4,166
527,2,A,1,208050802020,20210706,4,167
528,5,C,0,208050802020,20210706,4,168
529,6,C,0,208050802020,20210706,4,169
530,5,C,0,208050802020,20210706,4,170
531,6,C,0,208050802020,20210706,4,171
532,2,A,1,208050802020,20210706,4,172
533,1,A,0,208050802020,20210706,4,173
534,2,A,1,208050802020,20210706,4,174
535,1,A,0,208050802020,20210706,4,175
536,2,A,1,208050802020,20210706,4,176
537,1,A,1,208050802020,20210706,4,177
538,2,A,0,208050802020,20210706,4,178
539,1,A,1,208050802020,20210706,4,179
540,1,A,1,508050208020,20210706,5,0
541,5,C,1,508050208020,20210706,5,1
542,6,C,0,508050208020,20210706,5,2
543,3,B,1,508050208020,20210706,5,3
544,4,B,0,508050208020,20210706,5,4
545,2,A,1,508050208020,20210706,5,5
546,1,A,0,508050208020,20210706,5,6
547,5,C,1,508050208020,20210706,5,7
548,6,C,0,508050208020,20210706,5,8
549,5,C,1,508050208020,20210706,5,9
550,6,C,0,508050208020,20210706,5,10
551,5,C,1,508050208020,20210706,5,11
552,4,B,0,508050208020,20210706,5,12
553,3,B,1,508050208020,20210706,5,13
554,4,B,0,508050208020,20210706,5,14
555,3,B,0,508050208020,20210706,5,15
556,2,A,1,508050208020,20210706,5,16
557,1,A,0,508050208020,20210706,5,17
558,2,A,1,508050208020,20210706,5,18
559,1,A,0,508050208020,20210706,5,19
560,2,A,0,508050208020,20210706,5,20
561,5,C,0,508050208020,20210706,5,21
562,6,C,1,508050208020,20210706,5,22
563,5,C,0,508050208020,20210706,5,23
564,6,C,0,508050208020,20210706,5,24
565,5,C,0,508050208020,20210706,5,25
566,6,C,1,508050208020,20210706,5,26
567,3,B,1,508050208020,20210706,5,27
568,4,B,0,508050208020,20210706,5,28
569,3,B,1,508050208020,20210706,5,29
570,2,A,0,508050208020,20210706,5,30
571,1,A,0,508050208020,20210706,5,31
572,2,A,1,508050208020,20210706,5,32
573,1,A,0,508050208020,20210706,5,33
574,2,A,1,508050208020,20210706,5,34
575,6,C,1,508050208020,20210706,5,35
576,5,C,1,508050208020,20210706,5,36
577,6,C,0,508050208020,20210706,5,37
578,5,C,1,508050208020,20210706,5,38
579,6,C,0,508050208020,20210706,5,39
580,5,C,0,508050208020,20210706,5,40
581,6,C,0,508050208020,20210706,5,41
582,5,C,0,508050208020,20210706,5,42
583,2,A,1,508050208020,20210706,5,43
584,1,A,0,508050208020,20210706,5,44
585,2,A,1,508050208020,20210706,5,45
586,1,A,0,508050208020,20210706,5,46
587,2,A,1,508050208020,20210706,5,47
588,1,A,0,508050208020,20210706,5,48
589,2,A,1,508050208020,20210706,5,49
590,5,C,1,508050208020,20210706,5,50
591,6,C,0,508050208020,20210706,5,51
592,5,C,0,508050208020,20210706,5,52
593,6,C,0,508050208020,20210706,5,53
594,5,C,1,508050208020,20210706,5,54
595,3,B,1,508050208020,20210706,5,55
596,4,B,1,508050208020,20210706,5,56
597,3,B,1,508050208020,20210706,5,57
598,4,B,1,508050208020,20210706,5,58
599,3,B,1,508050208020,20210706,5,59
600,4,B,1,202050802080,20210706,5,60
601,3,B,1,202050802080,20210706,5,61
602,4,B,1,202050802080,20210706,5,62
603,3,B,0,202050802080,20210706,5,63
604,4,B,1,202050802080,20210706,5,64
605,3,B,1,202050802080,20210706,5,65
606,4,B,1,202050802080,20210706,5,66
607,3,B,1,202050802080,20210706,5,67
608,4,B,1,202050802080,20210706,5,68
609,3,B,1,202050802080,20210706,5,69
610,4,B,1,202050802080,20210706,5,70
611,3,B,0,202050802080,20210706,5,71
612,4,B,0,202050802080,20210706,5,72
613,3,B,1,202050802080,20210706,5,73
614,4,B,1,202050802080,20210706,5,74
615,3,B,0,202050802080,20210706,5,75
616,4,B,1,202050802080,20210706,5,76
617,3,B,1,202050802080,20210706,5,77
618,4,B,1,202050802080,20210706,5,78
619,3,B,0,202050802080,20210706,5,79
620,4,B,1,202050802080,20210706,5,80
621,3,B,1,202050802080,20210706,5,81
622,4,B,1,202050802080,20210706,5,82
623,3,B,1,202050802080,20210706,5,83
624,4,B,1,202050802080,20210706,5,84
625,3,B,1,202050802080,20210706,5,85
626,4,B,0,202050802080,20210706,5,86
627,3,B,1,202050802080,20210706,5,87
628,4,B,0,202050802080,20210706,5,88
629,3,B,1,202050802080,20210706,5,89
630,4,B,0,202050802080,20210706,5,90
631,3,B,0,202050802080,20210706,5,91
632,4,B,1,202050802080,20210706,5,92
633,3,B,0,202050802080,20210706,5,93
634,4,B,1,202050802080,20210706,5,94
635,3,B,0,202050802080,20210706,5,95
636,4,B,1,202050802080,20210706,5,96
637,3,B,1,202050802080,20210706,5,97
638,4,B,1,202050802080,20210706,5,98
639,3,B,1,202050802080,20210706,5,99
640,4,B,1,202050802080,20210706,5,100
641,3,B,0,202050802080,20210706,5,101
642,4,B,1,202050802080,20210706,5,102
643,3,B,1,202050802080,20210706,5,103
644,4,B,0,202050802080,20210706,5,104
645,3,B,1,202050802080,20210706,5,105
646,4,B,1,202050802080,20210706,5,106
647,3,B,0,202050802080,20210706,5,107
648,4,B,1,202050802080,20210706,5,108
649,3,B,0,202050802080,20210706,5,109
650,4,B,0,202050802080,20210706,5,110
651,3,B,1,202050802080,20210706,5,111
652,4,B,1,202050802080,20210706,5,112
653,3,B,0,202050802080,20210706,5,113
654,4,B,0,202050802080,20210706,5,114
655,3,B,1,202050802080,20210706,5,115
656,4,B,0,202050802080,20210706,5,116
657,3,B,0,202050802080,20210706,5,117
658,4,B,0,202050802080,20210706,5,118
659,5,C,0,202050802080,20210706,5,119
660,6,C,0,802050202020,20210706,5,120
661,2,A,1,802050202020,20210706,5,121
662,1,A,1,802050202020,20210706,5,122
663,2,A,0,802050202020,20210706,5,123
664,1,A,1,802050202020,20210706,5,124
665,2,A,0,802050202020,20210706,5,125
666,1,A,0,802050202020,20210706,5,126
667,2,A,0,802050202020,20210706,5,127
668,3,B,1,802050202020,20210706,5,128
669,4,B,0,802050202020,20210706,5,129
670,3,B,0,802050202020,20210706,5,130
671,1,A,1,802050202020,20210706,5,131
672,2,A,0,802050202020,20210706,5,132
673,1,A,1,802050202020,20210706,5,133
674,2,A,0,802050202020,20210706,5,134
675,1,A,0,802050202020,20210706,5,135
676,6,C,1,802050202020,20210706,5,136
677,5,C,1,802050202020,20210706,5,137
678,6,C,0,802050202020,20210706,5,138
679,4,B,1,802050202020,20210706,5,139
680,3,B,0,802050202020,20210706,5,140
681,4,B,1,802050202020,20210706,5,141
682,3,B,1,802050202020,20210706,5,142
683,4,B,0,802050202020,20210706,5,143
684,3,B,0,802050202020,20210706,5,144
685,1,A,1,802050202020,20210706,5,145
686,2,A,0,802050202020,20210706,5,146
687,1,A,0,802050202020,20210706,5,147
688,6,C,1,802050202020,20210706,5,148
689,4,B,0,802050202020,20210706,5,149
690,3,B,1,802050202020,20210706,5,150
691,1,A,1,802050202020,20210706,5,151
692,2,A,0,802050202020,20210706,5,152
693,1,A,1,802050202020,20210706,5,153
694,6,C,0,802050202020,20210706,5,154
695,5,C,0,802050202020,20210706,5,155
696,6,C,0,802050202020,20210706,5,156
697,4,B,0,802050202020,20210706,5,157
698,3,B,1,802050202020,20210706,5,158
699,1,A,0,802050202020,20210706,5,159
700,2,A,0,802050202020,20210706,5,160
701,3,B,1,802050202020,20210706,5,161
702,1,A,1,802050202020,20210706,5,162
703,6,C,0,802050202020,20210706,5,163
704,3,B,0,202020505080,20210706,6,0
705,1,A,1,202020505080,20210706,6,1
706,2,A,1,202020505080,20210706,6,2
707,5,C,1,202020505080,20210706,6,3
708,6,C,1,202020505080,20210706,6,4
709,5,C,0,202020505080,20210706,6,5
710,6,C,1,202020505080,20210706,6,6
711,4,B,1,202020505080,20210706,6,7
712,3,B,0,202020505080,20210706,6,8
713,4,B,1,202020505080,20210706,6,9
714,3,B,0,202020505080,20210706,6,10
715,4,B,0,202020505080,20210706,6,11
716,3,B,0,202020505080,20210706,6,12
717,4,B,1,202020505080,20210706,6,13
718,3,B,0,202020505080,20210706,6,14
719,4,B,0,202020505080,20210706,6,15
720,2,A,0,202020505080,20210706,6,16
721,1,A,0,202020505080,20210706,6,17
722,6,C,1,202020505080,20210706,6,18
723,5,C,1,202020505080,20210706,6,19
724,6,C,1,202020505080,20210706,6,20
725,5,C,0,202020505080,20210706,6,21
726,6,C,1,202020505080,20210706,6,22
727,5,C,0,202020505080,20210706,6,23
728,6,C,1,202020505080,20210706,6,24
729,5,C,0,202020505080,20210706,6,25
730,6,C,1,202020505080,20210706,6,26
731,5,C,0,202020505080,20210706,6,27
732,6,C,1,202020505080,20210706,6,28
733,5,C,0,202020505080,20210706,6,29
734,6,C,1,202020505080,20210706,6,30
735,5,C,1,202020505080,20210706,6,31
736,6,C,1,202020505080,20210706,6,32
737,5,C,0,202020505080,20210706,6,33
738,6,C,1,202020505080,20210706,6,34
739,5,C,1,202020505080,20210706,6,35
740,6,C,1,202020505080,20210706,6,36
741,5,C,0,202020505080,20210706,6,37
742,6,C,1,202020505080,20210706,6,38
743,5,C,1,202020505080,20210706,6,39
744,6,C,0,202020505080,20210706,6,40
745,5,C,1,202020505080,20210706,6,41
746,6,C,1,202020505080,20210706,6,42
747,5,C,0,202020505080,20210706,6,43
748,6,C,1,202020505080,20210706,6,44
749,5,C,0,202020505080,20210706,6,45
750,6,C,1,202020505080,20210706,6,46
751,5,C,1,202020505080,20210706,6,47
752,6,C,1,202020505080,20210706,6,48
753,5,C,0,202020505080,20210706,6,49
754,6,C,1,202020505080,20210706,6,50
755,5,C,1,202020505080,20210706,6,51
756,6,C,0,202020505080,20210706,6,52
757,5,C,1,202020505080,20210706,6,53
758,6,C,0,202020505080,20210706,6,54
759,5,C,1,202020505080,20210706,6,55
760,6,C,1,202020505080,20210706,6,56
761,5,C,1,202020505080,20210706,6,57
762,6,C,1,202020505080,20210706,6,58
763,5,C,1,202020505080,20210706,6,59
764,6,C,0,502080502020,20210706,6,60
765,5,C,0,502080502020,20210706,6,61
766,6,C,0,502080502020,20210706,6,62
767,5,C,0,502080502020,20210706,6,63
768,4,B,0,502080502020,20210706,6,64
769,3,B,0,502080502020,20210706,6,65
770,4,B,0,502080502020,20210706,6,66
771,1,A,1,502080502020,20210706,6,67
772,2,A,0,502080502020,20210706,6,68
773,1,A,1,502080502020,20210706,6,69
774,5,C,0,502080502020,20210706,6,70
775,6,C,0,502080502020,20210706,6,71
776,5,C,0,502080502020,20210706,6,72
777,6,C,0,502080502020,20210706,6,73
778,5,C,0,502080502020,20210706,6,74
779,6,C,0,502080502020,20210706,6,75
780,5,C,0,502080502020,20210706,6,76
781,4,B,0,502080502020,20210706,6,77
782,3,B,0,502080502020,20210706,6,78
783,5,C,0,502080502020,20210706,6,79
784,6,C,0,502080502020,20210706,6,80
785,2,A,0,502080502020,20210706,6,81
786,1,A,0,502080502020,20210706,6,82
787,2,A,0,502080502020,20210706,6,83
788,1,A,1,502080502020,20210706,6,84
789,2,A,0,502080502020,20210706,6,85
790,1,A,0,502080502020,20210706,6,86
791,2,A,0,502080502020,20210706,6,87
792,1,A,1,502080502020,20210706,6,88
793,2,A,0,502080502020,20210706,6,89
794,1,A,0,502080502020,20210706,6,90
795,6,C,0,502080502020,20210706,6,91
796,5,C,0,502080502020,20210706,6,92
797,3,B,0,502080502020,20210706,6,93
798,4,B,1,502080502020,20210706,6,94
799,3,B,1,502080502020,20210706,6,95
800,4,B,0,502080502020,20210706,6,96
801,3,B,1,502080502020,20210706,6,97
802,4,B,0,502080502020,20210706,6,98
803,3,B,1,502080502020,20210706,6,99
804,4,B,1,502080502020,20210706,6,100
805,3,B,1,502080502020,20210706,6,101
806,4,B,0,502080502020,20210706,6,102
807,3,B,1,502080502020,20210706,6,103
808,4,B,0,502080502020,20210706,6,104
809,3,B,1,502080502020,20210706,6,105
810,4,B,1,502080502020,20210706,6,106
811,3,B,1,502080502020,20210706,6,107
812,4,B,0,502080502020,20210706,6,108
813,3,B,1,502080502020,20210706,6,109
814,1,A,0,502080502020,20210706,6,110
815,2,A,1,502080502020,20210706,6,111
816,1,A,1,502080502020,20210706,6,112
817,2,A,0,502080502020,20210706,6,113
818,1,A,0,502080502020,20210706,6,114
819,2,A,0,502080502020,20210706,6,115
820,1,A,1,502080502020,20210706,6,116
821,2,A,0,502080502020,20210706,6,117
822,1,A,0,502080502020,20210706,6,118
823,2,A,0,502080502020,20210706,6,119
824,1,A,0,208020208050,20210706,6,120
825,6,C,0,208020208050,20210706,6,121
826,5,C,1,208020208050,20210706,6,122
827,6,C,0,208020208050,20210706,6,123
828,3,B,0,208020208050,20210706,6,124
829,4,B,0,208020208050,20210706,6,125
830,3,B,0,208020208050,20210706,6,126
831,1,A,0,208020208050,20210706,6,127
832,2,A,0,208020208050,20210706,6,128
833,1,A,0,208020208050,20210706,6,129
834,3,B,1,502080502080,20210707,1,0
835,4,B,1,502080502080,20210707,1,1
836,1,A,0,502080502080,20210707,1,2
837,2,A,0,502080502080,20210707,1,3
838,5,C,0,502080502080,20210707,1,4
839,6,C,1,502080502080,20210707,1,5
840,5,C,1,502080502080,20210707,1,6
841,6,C,1,502080502080,20210707,1,7
842,3,B,1,502080502080,20210707,1,8
843,4,B,0,502080502080,20210707,1,9
844,3,B,1,502080502080,20210707,1,10
845,4,B,0,502080502080,20210707,1,11
846,3,B,1,502080502080,20210707,1,12
847,4,B,1,502080502080,20210707,1,13
848,3,B,0,502080502080,20210707,1,14
849,2,A,0,502080502080,20210707,1,15
850,1,A,1,502080502080,20210707,1,16
851,2,A,0,502080502080,20210707,1,17
852,1,A,1,502080502080,20210707,1,18
853,2,A,0,502080502080,20210707,1,19
854,5,C,1,502080502080,20210707,1,20
855,6,C,1,502080502080,20210707,1,21
856,5,C,0,502080502080,20210707,1,22
857,6,C,1,502080502080,20210707,1,23
858,5,C,0,502080502080,20210707,1,24
859,6,C,1,502080502080,20210707,1,25
860,5,C,0,502080502080,20210707,1,26
861,6,C,0,502080502080,20210707,1,27
862,3,B,1,502080502080,20210707,1,28
863,4,B,0,502080502080,20210707,1,29
864,3,B,0,502080502080,20210707,1,30
865,2,A,0,502080502080,20210707,1,31
866,1,A,1,502080502080,20210707,1,32
867,2,A,0,502080502080,20210707,1,33
868,1,A,0,502080502080,20210707,1,34
869,2,A,0,502080502080,20210707,1,35
870,6,C,1,502080502080,20210707,1,36
871,5,C,0,502080502080,20210707,1,37
872,6,C,1,502080502080,20210707,1,38
873,5,C,0,502080502080,20210707,1,39
874,6,C,0,502080502080,20210707,1,40
875,3,B,1,502080502080,20210707,1,41
876,4,B,1,502080502080,20210707,1,42
877,3,B,1,502080502080,20210707,1,43
878,4,B,1,502080502080,20210707,1,44
879,3,B,1,502080502080,20210707,1,45
880,4,B,1,502080502080,20210707,1,46
881,3,B,1,502080502080,20210707,1,47
882,4,B,0,502080502080,20210707,1,48
883,3,B,0,502080502080,20210707,1,49
884,4,B,0,502080502080,20210707,1,50
885,3,B,1,502080502080,20210707,1,51
886,4,B,0,502080502080,20210707,1,52
887,3,B,1,502080502080,20210707,1,53
888,4,B,1,502080502080,20210707,1,54
889,3,B,1,502080502080,20210707,1,55
890,4,B,1,502080502080,20210707,1,56
891,3,B,1,502080502080,20210707,1,57
892,4,B,1,502080502080,20210707,1,58
893,3,B,1,502080502080,20210707,1,59
894,4,B,0,508020202020,20210707,1,60
895,3,B,1,508020202020,20210707,1,61
896,4,B,1,508020202020,20210707,1,62
897,3,B,0,508020202020,20210707,1,63
898,4,B,1,508020202020,20210707,1,64
899,3,B,1,508020202020,20210707,1,65
900,4,B,1,508020202020,20210707,1,66
901,3,B,0,508020202020,20210707,1,67
902,4,B,1,508020202020,20210707,1,68
903,3,B,0,508020202020,20210707,1,69
904,4,B,0,508020202020,20210707,1,70
905,3,B,0,508020202020,20210707,1,71
906,4,B,0,508020202020,20210707,1,72
907,3,B,0,508020202020,20210707,1,73
908,4,B,0,508020202020,20210707,1,74
909,5,C,0,508020202020,20210707,1,75
910,6,C,0,508020202020,20210707,1,76
911,5,C,0,508020202020,20210707,1,77
912,6,C,1,508020202020,20210707,1,78
913,5,C,0,508020202020,20210707,1,79
914,6,C,0,508020202020,20210707,1,80
915,1,A,0,508020202020,20210707,1,81
916,2,A,1,508020202020,20210707,1,82
917,1,A,1,508020202020,20210707,1,83
918,2,A,1,508020202020,20210707,1,84
919,1,A,0,508020202020,20210707,1,85
920,2,A,1,508020202020,20210707,1,86
921,1,A,0,508020202020,20210707,1,87
922,2,A,1,508020202020,20210707,1,88
923,3,B,0,508020202020,20210707,1,89
924,4,B,0,508020202020,20210707,1,90
925,3,B,0,508020202020,20210707,1,91
926,4,B,0,508020202020,20210707,1,92
927,3,B,0,508020202020,20210707,1,93
928,4,B,0,508020202020,20210707,1,94
929,3,B,1,508020202020,20210707,1,95
930,4,B,0,508020202020,20210707,1,96
931,3,B,0,508020202020,20210707,1,97
932,4,B,0,508020202020,20210707,1,98
933,3,B,0,508020202020,20210707,1,99
934,6,C,0,508020202020,20210707,1,100
935,5,C,0,508020202020,20210707,1,101
936,6,C,1,508020202020,20210707,1,102
937,5,C,0,508020202020,20210707,1,103
938,6,C,0,508020202020,20210707,1,104
939,2,A,1,508020202020,20210707,1,105
940,1,A,1,508020202020,20210707,1,106
941,2,A,1,508020202020,20210707,1,107
942,1,A,1,508020202020,20210707,1,108
943,2,A,1,508020202020,20210707,1,109
944,1,A,0,508020202020,20210707,1,110
945,2,A,0,508020202020,20210707,1,111
946,1,A,1,508020202020,20210707,1,112
947,2,A,1,508020202020,20210707,1,113
948,1,A,1,508020202020,20210707,1,114
949,2,A,0,508020202020,20210707,1,115
950,1,A,1,508020202020,20210707,1,116
951,2,A,1,508020202020,20210707,1,117
952,1,A,0,508020202020,20210707,1,118
953,2,A,1,508020202020,20210707,1,119
954,1,A,0,502020802020,20210707,1,120
955,2,A,0,502020802020,20210707,1,121
956,1,A,1,502020802020,20210707,1,122
957,2,A,0,502020802020,20210707,1,123
958,1,A,1,502020802020,20210707,1,124
959,2,A,0,502020802020,20210707,1,125
960,1,A,0,502020802020,20210707,1,126
961,2,A,0,502020802020,20210707,1,127
962,4,B,0,502020802020,20210707,1,128
963,3,B,0,502020802020,20210707,1,129
964,4,B,1,502020802020,20210707,1,130
965,3,B,0,502020802020,20210707,1,131
966,4,B,1,502020802020,20210707,1,132
967,3,B,0,502020802020,20210707,1,133
968,4,B,1,502020802020,20210707,1,134
969,3,B,0,502020802020,20210707,1,135
970,4,B,1,502020802020,20210707,1,136
971,3,B,0,502020802020,20210707,1,137
972,4,B,1,502020802020,20210707,1,138
973,3,B,0,502020802020,20210707,1,139
974,4,B,0,502020802020,20210707,1,140
975,3,B,0,502020802020,20210707,1,141
976,4,B,0,502020802020,20210707,1,142
977,2,A,0,502020802020,20210707,1,143
978,1,A,0,502020802020,20210707,1,144
979,2,A,1,502020802020,20210707,1,145
980,1,A,1,502020802020,20210707,1,146
981,2,A,0,502020802020,20210707,1,147
982,1,A,0,502020802020,20210707,1,148
983,2,A,0,502020802020,20210707,1,149
984,6,C,0,502020802020,20210707,1,150
985,5,C,0,502020802020,20210707,1,151
986,6,C,0,502020802020,20210707,1,152
987,3,B,1,502020802020,20210707,1,153
988,4,B,1,502020802020,20210707,1,154
989,3,B,0,502020802020,20210707,1,155
990,4,B,1,502020802020,20210707,1,156
991,3,B,1,502020802020,20210707,1,157
992,4,B,1,502020802020,20210707,1,158
993,3,B,0,502020802020,20210707,1,159
994,4,B,1,502020802020,20210707,1,160
995,3,B,0,502020802020,20210707,1,161
996,4,B,1,502020802020,20210707,1,162
997,3,B,0,502020802020,20210707,1,163
998,4,B,1,502020802020,20210707,1,164
999,3,B,1,502020802020,20210707,1,165
1000,4,B,0,502020802020,20210707,1,166
1001,3,B,1,502020802020,20210707,1,167
1002,4,B,1,502020802020,20210707,1,168
1003,3,B,1,502020802020,20210707,1,169
1004,4,B,0,502020802020,20210707,1,170
1005,3,B,0,502020802020,20210707,1,171
1006,4,B,1,502020802020,20210707,1,172
1007,3,B,0,502020802020,20210707,1,173
1008,4,B,0,502020802020,20210707,1,174
1009,3,B,0,502020802020,20210707,1,175
1010,4,B,0,502020802020,20210707,1,176
1011,3,B,1,502020802020,20210707,1,177
1012,4,B,0,502020802020,20210707,1,178
1013,3,B,0,502020802020,20210707,1,179
1014,3,B,0,805020205020,20210707,2,0
1015,4,B,0,805020205020,20210707,2,1
1016,1,A,1,805020205020,20210707,2,2
1017,2,A,0,805020205020,20210707,2,3
1018,6,C,0,805020205020,20210707,2,4
1019,5,C,1,805020205020,20210707,2,5
1020,6,C,0,805020205020,20210707,2,6
1021,5,C,0,805020205020,20210707,2,7
1022,6,C,0,805020205020,20210707,2,8
1023,1,A,1,805020205020,20210707,2,9
1024,2,A,0,805020205020,20210707,2,10
1025,1,A,1,805020205020,20210707,2,11
1026,2,A,0,805020205020,20210707,2,12
1027,1,A,0,805020205020,20210707,2,13
1028,3,B,1,805020205020,20210707,2,14
1029,4,B,0,805020205020,20210707,2,15
1030,3,B,0,805020205020,20210707,2,16
1031,4,B,0,805020205020,20210707,2,17
1032,3,B,0,805020205020,20210707,2,18
1033,6,C,0,805020205020,20210707,2,19
1034,5,C,0,805020205020,20210707,2,20
1035,6,C,0,805020205020,20210707,2,21
1036,5,C,1,805020205020,20210707,2,22
1037,6,C,0,805020205020,20210707,2,23
1038,5,C,0,805020205020,20210707,2,24
1039,2,A,0,805020205020,20210707,2,25
1040,1,A,1,805020205020,20210707,2,26
1041,2,A,1,805020205020,20210707,2,27
1042,1,A,1,805020205020,20210707,2,28
1043,2,A,0,805020205020,20210707,2,29
1044,1,A,1,805020205020,20210707,2,30
1045,2,A,1,805020205020,20210707,2,31
1046,1,A,1,805020205020,20210707,2,32
1047,2,A,1,805020205020,20210707,2,33
1048,1,A,1,805020205020,20210707,2,34
1049,2,A,0,805020205020,20210707,2,35
1050,1,A,1,805020205020,20210707,2,36
1051,2,A,0,805020205020,20210707,2,37
1052,1,A,1,805020205020,20210707,2,38
1053,2,A,0,805020205020,20210707,2,39
1054,1,A,1,805020205020,20210707,2,40
1055,2,A,0,805020205020,20210707,2,41
1056,1,A,1,805020205020,20210707,2,42
1057,2,A,0,805020205020,20210707,2,43
1058,1,A,1,805020205020,20210707,2,44
1059,2,A,0,805020205020,20210707,2,45
1060,1,A,1,805020205020,20210707,2,46
1061,3,B,0,805020205020,20210707,2,47
1062,4,B,1,805020205020,20210707,2,48
1063,3,B,0,805020205020,20210707,2,49
1064,4,B,0,805020205020,20210707,2,50
1065,3,B,0,805020205020,20210707,2,51
1066,4,B,0,805020205020,20210707,2,52
1067,1,A,1,805020205020,20210707,2,53
1068,2,A,1,805020205020,20210707,2,54
1069,1,A,1,805020205020,20210707,2,55
1070,2,A,0,805020205020,20210707,2,56
1071,1,A,1,805020205020,20210707,2,57
1072,2,A,0,805020205020,20210707,2,58
1073,1,A,1,805020205020,20210707,2,59
1074,2,A,1,208080502020,20210707,2,60
1075,1,A,0,208080502020,20210707,2,61
1076,2,A,1,208080502020,20210707,2,62
1077,1,A,1,208080502020,20210707,2,63
1078,2,A,1,208080502020,20210707,2,64
1079,1,A,0,208080502020,20210707,2,65
1080,2,A,1,208080502020,20210707,2,66
1081,1,A,0,208080502020,20210707,2,67
1082,2,A,1,208080502020,20210707,2,68
1083,1,A,0,208080502020,20210707,2,69
1084,2,A,1,208080502020,20210707,2,70
1085,1,A,0,208080502020,20210707,2,71
1086,2,A,1,208080502020,20210707,2,72
1087,1,A,1,208080502020,20210707,2,73
1088,2,A,1,208080502020,20210707,2,74
1089,1,A,1,208080502020,20210707,2,75
1090,2,A,0,208080502020,20210707,2,76
1091,1,A,0,208080502020,20210707,2,77
1092,2,A,1,208080502020,20210707,2,78
1093,1,A,1,208080502020,20210707,2,79
1094,2,A,1,208080502020,20210707,2,80
1095,1,A,0,208080502020,20210707,2,81
1096,2,A,1,208080502020,20210707,2,82
1097,1,A,0,208080502020,20210707,2,83
1098,2,A,1,208080502020,20210707,2,84
1099,1,A,1,208080502020,20210707,2,85
1100,2,A,1,208080502020,20210707,2,86
1101,1,A,0,208080502020,20210707,2,87
1102,2,A,1,208080502020,20210707,2,88
1103,1,A,0,208080502020,20210707,2,89
1104,2,A,0,208080502020,20210707,2,90
1105,1,A,0,208080502020,20210707,2,91
1106,2,A,1,208080502020,20210707,2,92
1107,1,A,0,208080502020,20210707,2,93
1108,2,A,0,208080502020,20210707,2,94
1109,1,A,1,208080502020,20210707,2,95
1110,2,A,1,208080502020,20210707,2,96
1111,1,A,1,208080502020,20210707,2,97
1112,2,A,0,208080502020,20210707,2,98
1113,1,A,0,208080502020,20210707,2,99
1114,2,A,1,208080502020,20210707,2,100
1115,1,A,1,208080502020,20210707,2,101
1116,2,A,1,208080502020,20210707,2,102
1117,1,A,0,208080502020,20210707,2,103
1118,2,A,1,208080502020,20210707,2,104
1119,1,A,0,208080502020,20210707,2,105
1120,2,A,1,208080502020,20210707,2,106
1121,1,A,1,208080502020,20210707,2,107
1122,2,A,1,208080502020,20210707,2,108
1123,1,A,0,208080502020,20210707,2,109
1124,2,A,1,208080502020,20210707,2,110
1125,1,A,0,208080502020,20210707,2,111
1126,2,A,1,208080502020,20210707,2,112
1127,1,A,0,208080502020,20210707,2,113
1128,2,A,1,208080502020,20210707,2,114
1129,1,A,1,208080502020,20210707,2,115
1130,2,A,0,208080502020,20210707,2,116
1131,1,A,0,208080502020,20210707,2,117
1132,2,A,1,208080502020,20210707,2,118
1133,1,A,0,208080502020,20210707,2,119
1134,2,A,0,502020205050,20210707,2,120
1135,1,A,0,502020205050,20210707,2,121
1136,2,A,0,502020205050,20210707,2,122
1137,1,A,0,502020205050,20210707,2,123
1138,2,A,0,502020205050,20210707,2,124
1139,1,A,0,502020205050,20210707,2,125
1140,2,A,1,502020205050,20210707,2,126
1141,1,A,1,502020205050,20210707,2,127
1142,2,A,1,502020205050,20210707,2,128
1143,1,A,1,502020205050,20210707,2,129
1144,2,A,0,502020205050,20210707,2,130
1145,1,A,1,502020205050,20210707,2,131
1146,2,A,1,502020205050,20210707,2,132
1147,1,A,0,502020205050,20210707,2,133
1148,2,A,0,502020205050,20210707,2,134
1149,1,A,1,502020205050,20210707,2,135
1150,2,A,1,502020205050,20210707,2,136
1151,1,A,0,502020205050,20210707,2,137
1152,2,A,1,502020205050,20210707,2,138
1153,1,A,1,502020205050,20210707,2,139
1154,2,A,0,502020205050,20210707,2,140
1155,1,A,0,502020205050,20210707,2,141
1156,2,A,0,502020205050,20210707,2,142
1157,1,A,0,502020205050,20210707,2,143
1158,2,A,0,502020205050,20210707,2,144
1159,1,A,1,502020205050,20210707,2,145
1160,2,A,0,502020205050,20210707,2,146
1161,1,A,0,502020205050,20210707,2,147
1162,2,A,0,502020205050,20210707,2,148
1163,1,A,1,502020205050,20210707,2,149
1164,2,A,0,502020205050,20210707,2,150
1165,1,A,0,502020205050,20210707,2,151
1166,2,A,0,502020205050,20210707,2,152
1167,1,A,0,502020205050,20210707,2,153
1168,2,A,0,502020205050,20210707,2,154
1169,5,C,0,502020205050,20210707,2,155
1170,6,C,0,502020205050,20210707,2,156
1171,5,C,1,502020205050,20210707,2,157
1172,6,C,1,502020205050,20210707,2,158
1173,5,C,0,502020205050,20210707,2,159
1174,6,C,0,502020205050,20210707,2,160
1175,5,C,0,502020205050,20210707,2,161
1176,6,C,0,502020205050,20210707,2,162
1177,1,A,0,502020205050,20210707,2,163
1178,2,A,0,502020205050,20210707,2,164
1179,1,A,0,502020205050,20210707,2,165
1180,2,A,0,502020205050,20210707,2,166
1181,1,A,1,502020205050,20210707,2,167
1182,2,A,0,502020205050,20210707,2,168
1183,1,A,1,502020205050,20210707,2,169
1184,2,A,0,502020205050,20210707,2,170
1185,1,A,1,502020205050,20210707,2,171
1186,2,A,0,502020205050,20210707,2,172
1187,1,A,0,502020205050,20210707,2,173
1188,2,A,0,502020205050,20210707,2,174
1189,1,A,0,502020205050,20210707,2,175
1190,3,B,0,502020205050,20210707,2,176
1191,4,B,0,502020205050,20210707,2,177
1192,3,B,0,502020205050,20210707,2,178
1193,4,B,0,502020205050,20210707,2,179
1194,4,B,0,502020808050,20210707,3,0
1195,3,B,1,502020808050,20210707,3,1
1196,2,A,1,502020808050,20210707,3,2
1197,1,A,0,502020808050,20210707,3,3
1198,2,A,0,502020808050,20210707,3,4
1199,1,A,1,502020808050,20210707,3,5
1200,2,A,1,502020808050,20210707,3,6
1201,1,A,0,502020808050,20210707,3,7
1202,2,A,0,502020808050,20210707,3,8
1203,1,A,1,502020808050,20210707,3,9
1204,2,A,0,502020808050,20210707,3,10
1205,1,A,1,502020808050,20210707,3,11
1206,2,A,0,502020808050,20210707,3,12
1207,1,A,0,502020808050,20210707,3,13
1208,2,A,0,502020808050,20210707,3,14
1209,1,A,1,502020808050,20210707,3,15
1210,6,C,1,502020808050,20210707,3,16
1211,5,C,1,502020808050,20210707,3,17
1212,6,C,1,502020808050,20210707,3,18
1213,5,C,1,502020808050,20210707,3,19
1214,6,C,1,502020808050,20210707,3,20
1215,5,C,1,502020808050,20210707,3,21
1216,6,C,0,502020808050,20210707,3,22
1217,5,C,0,502020808050,20210707,3,23
1218,6,C,0,502020808050,20210707,3,24
1219,5,C,1,502020808050,20210707,3,25
1220,6,C,0,502020808050,20210707,3,26
1221,5,C,1,502020808050,20210707,3,27
1222,6,C,1,502020808050,20210707,3,28
1223,5,C,1,502020808050,20210707,3,29
1224,6,C,1,502020808050,20210707,3,30
1225,5,C,1,502020808050,20210707,3,31
1226,6,C,1,502020808050,20210707,3,32
1227,5,C,1,502020808050,20210707,3,33
1228,6,C,1,502020808050,20210707,3,34
1229,5,C,0,502020808050,20210707,3,35
1230,6,C,0,502020808050,20210707,3,36
1231,5,C,1,502020808050,20210707,3,37
1232,6,C,0,502020808050,20210707,3,38
1233,5,C,1,502020808050,20210707,3,39
1234,6,C,0,502020808050,20210707,3,40
1235,5,C,1,502020808050,20210707,3,41
1236,4,B,0,502020808050,20210707,3,42
1237,3,B,0,502020808050,20210707,3,43
1238,4,B,1,502020808050,20210707,3,44
1239,3,B,1,502020808050,20210707,3,45
1240,4,B,1,502020808050,20210707,3,46
1241,3,B,0,502020808050,20210707,3,47
1242,4,B,1,502020808050,20210707,3,48
1243,1,A,0,502020808050,20210707,3,49
1244,2,A,0,502020808050,20210707,3,50
1245,1,A,1,502020808050,20210707,3,51
1246,2,A,0,502020808050,20210707,3,52
1247,1,A,0,502020808050,20210707,3,53
1248,2,A,1,502020808050,20210707,3,54
1249,1,A,1,502020808050,20210707,3,55
1250,2,A,0,502020808050,20210707,3,56
1251,1,A,0,502020808050,20210707,3,57
1252,2,A,1,502020808050,20210707,3,58
1253,1,A,1,502020808050,20210707,3,59
1254,2,A,1,508050202020,20210707,3,60
1255,1,A,1,508050202020,20210707,3,61
1256,2,A,0,508050202020,20210707,3,62
1257,1,A,0,508050202020,20210707,3,63
1258,2,A,1,508050202020,20210707,3,64
1259,1,A,1,508050202020,20210707,3,65
1260,2,A,1,508050202020,20210707,3,66
1261,1,A,0,508050202020,20210707,3,67
1262,2,A,1,508050202020,20210707,3,68
1263,1,A,1,508050202020,20210707,3,69
1264,2,A,1,508050202020,20210707,3,70
1265,1,A,1,508050202020,20210707,3,71
1266,2,A,1,508050202020,20210707,3,72
1267,1,A,1,508050202020,20210707,3,73
1268,2,A,1,508050202020,20210707,3,74
1269,1,A,1,508050202020,20210707,3,75
1270,2,A,0,508050202020,20210707,3,76
1271,1,A,1,508050202020,20210707,3,77
1272,2,A,1,508050202020,20210707,3,78
1273,1,A,0,508050202020,20210707,3,79
1274,2,A,0,508050202020,20210707,3,80
1275,1,A,1,508050202020,20210707,3,81
1276,2,A,1,508050202020,20210707,3,82
1277,1,A,0,508050202020,20210707,3,83
1278,2,A,1,508050202020,20210707,3,84
1279,1,A,0,508050202020,20210707,3,85
1280,2,A,1,508050202020,20210707,3,86
1281,1,A,0,508050202020,20210707,3,87
1282,2,A,0,508050202020,20210707,3,88
1283,1,A,0,508050202020,20210707,3,89
1284,2,A,1,508050202020,20210707,3,90
1285,1,A,0,508050202020,20210707,3,91
1286,2,A,1,508050202020,20210707,3,92
1287,1,A,1,508050202020,20210707,3,93
1288,2,A,1,508050202020,20210707,3,94
1289,1,A,1,508050202020,20210707,3,95
1290,2,A,1,508050202020,20210707,3,96
1291,1,A,1,508050202020,20210707,3,97
1292,2,A,1,508050202020,20210707,3,98
1293,1,A,0,508050202020,20210707,3,99
1294,2,A,1,508050202020,20210707,3,100
1295,1,A,1,508050202020,20210707,3,101
1296,2,A,1,508050202020,20210707,3,102
1297,1,A,1,508050202020,20210707,3,103
1298,2,A,1,508050202020,20210707,3,104
1299,1,A,1,508050202020,20210707,3,105
1300,2,A,1,508050202020,20210707,3,106
1301,1,A,0,508050202020,20210707,3,107
1302,2,A,1,508050202020,20210707,3,108
1303,1,A,1,508050202020,20210707,3,109
1304,2,A,0,508050202020,20210707,3,110
1305,1,A,1,508050202020,20210707,3,111
1306,2,A,1,508050202020,20210707,3,112
1307,1,A,1,508050202020,20210707,3,113
1308,2,A,1,508050202020,20210707,3,114
1309,1,A,1,508050202020,20210707,3,115
1310,2,A,0,508050202020,20210707,3,116
1311,1,A,1,508050202020,20210707,3,117
1312,2,A,1,508050202020,20210707,3,118
1313,1,A,1,508050202020,20210707,3,119
1314,2,A,0,502020202080,20210707,3,120
1315,1,A,1,502020202080,20210707,3,121
1316,2,A,1,502020202080,20210707,3,122
1317,1,A,0,502020202080,20210707,3,123
1318,2,A,0,502020202080,20210707,3,124
1319,1,A,0,502020202080,20210707,3,125
1320,2,A,0,502020202080,20210707,3,126
1321,1,A,1,502020202080,20210707,3,127
1322,2,A,1,502020202080,20210707,3,128
1323,1,A,1,502020202080,20210707,3,129
1324,2,A,1,502020202080,20210707,3,130
1325,1,A,1,502020202080,20210707,3,131
1326,2,A,0,502020202080,20210707,3,132
1327,1,A,1,502020202080,20210707,3,133
1328,2,A,0,502020202080,20210707,3,134
1329,1,A,0,502020202080,20210707,3,135
1330,2,A,0,502020202080,20210707,3,136
1331,1,A,0,502020202080,20210707,3,137
1332,2,A,1,502020202080,20210707,3,138
1333,1,A,1,502020202080,20210707,3,139
1334,2,A,0,502020202080,20210707,3,140
1335,1,A,1,502020202080,20210707,3,141
1336,2,A,0,502020202080,20210707,3,142
1337,1,A,0,502020202080,20210707,3,143
1338,2,A,0,502020202080,20210707,3,144
1339,1,A,0,502020202080,20210707,3,145
1340,2,A,0,502020202080,20210707,3,146
1341,1,A,1,502020202080,20210707,3,147
1342,2,A,0,502020202080,20210707,3,148
1343,1,A,0,502020202080,20210707,3,149
1344,2,A,0,502020202080,20210707,3,150
1345,1,A,1,502020202080,20210707,3,151
1346,2,A,0,502020202080,20210707,3,152
1347,1,A,1,502020202080,20210707,3,153
1348,2,A,0,502020202080,20210707,3,154
1349,1,A,0,502020202080,20210707,3,155
1350,5,C,1,502020202080,20210707,3,156
1351,6,C,1,502020202080,20210707,3,157
1352,5,C,0,502020202080,20210707,3,158
1353,6,C,1,502020202080,20210707,3,159
1354,5,C,0,502020202080,20210707,3,160
1355,6,C,1,502020202080,20210707,3,161
1356,5,C,1,502020202080,20210707,3,162
1357,6,C,0,502020202080,20210707,3,163
1358,5,C,0,502020202080,20210707,3,164
1359,6,C,1,502020202080,20210707,3,165
1360,5,C,0,502020202080,20210707,3,166
1361,6,C,1,502020202080,20210707,3,167
1362,5,C,0,502020202080,20210707,3,168
1363,6,C,1,502020202080,20210707,3,169
1364,5,C,0,502020202080,20210707,3,170
1365,6,C,1,502020202080,20210707,3,171
1366,5,C,0,502020202080,20210707,3,172
1367,6,C,1,502020202080,20210707,3,173
1368,5,C,0,502020202080,20210707,3,174
1369,6,C,1,502020202080,20210707,3,175
1370,5,C,1,502020202080,20210707,3,176
1371,6,C,1,502020202080,20210707,3,177
1372,5,C,0,502020202080,20210707,3,178
1373,6,C,1,502020202080,20210707,3,179
1374,4,B,1,205050805050,20210707,4,0
1375,3,B,1,205050805050,20210707,4,1
1376,4,B,1,205050805050,20210707,4,2
1377,5,C,1,205050805050,20210707,4,3
1378,6,C,1,205050805050,20210707,4,4
1379,5,C,1,205050805050,20210707,4,5
1380,6,C,0,205050805050,20210707,4,6
1381,5,C,0,205050805050,20210707,4,7
1382,6,C,1,205050805050,20210707,4,8
1383,5,C,0,205050805050,20210707,4,9
1384,6,C,0,205050805050,20210707,4,10
1385,1,A,1,205050805050,20210707,4,11
1386,2,A,1,205050805050,20210707,4,12
1387,1,A,0,205050805050,20210707,4,13
1388,2,A,0,205050805050,20210707,4,14
1389,1,A,1,205050805050,20210707,4,15
1390,2,A,1,205050805050,20210707,4,16
1391,1,A,1,205050805050,20210707,4,17
1392,2,A,0,205050805050,20210707,4,18
1393,1,A,0,205050805050,20210707,4,19
1394,2,A,1,205050805050,20210707,4,20
1395,1,A,0,205050805050,20210707,4,21
1396,2,A,1,205050805050,20210707,4,22
1397,1,A,0,205050805050,20210707,4,23
1398,2,A,1,205050805050,20210707,4,24
1399,1,A,0,205050805050,20210707,4,25
1400,2,A,0,205050805050,20210707,4,26
1401,1,A,0,205050805050,20210707,4,27
1402,2,A,0,205050805050,20210707,4,28
1403,5,C,0,205050805050,20210707,4,29
1404,6,C,1,205050805050,20210707,4,30
1405,5,C,0,205050805050,20210707,4,31
1406,6,C,1,205050805050,20210707,4,32
1407,5,C,1,205050805050,20210707,4,33
1408,6,C,1,205050805050,20210707,4,34
1409,5,C,0,205050805050,20210707,4,35
1410,6,C,1,205050805050,20210707,4,36
1411,5,C,0,205050805050,20210707,4,37
1412,6,C,0,205050805050,20210707,4,38
1413,3,B,0,205050805050,20210707,4,39
1414,4,B,1,205050805050,20210707,4,40
1415,3,B,1,205050805050,20210707,4,41
1416,4,B,1,205050805050,20210707,4,42
1417,3,B,1,205050805050,20210707,4,43
1418,4,B,1,205050805050,20210707,4,44
1419,3,B,0,205050805050,20210707,4,45
1420,4,B,0,205050805050,20210707,4,46
1421,3,B,1,205050805050,20210707,4,47
1422,4,B,1,205050805050,20210707,4,48
1423,3,B,1,205050805050,20210707,4,49
1424,4,B,1,205050805050,20210707,4,50
1425,3,B,1,205050805050,20210707,4,51
1426,4,B,1,205050805050,20210707,4,52
1427,3,B,0,205050805050,20210707,4,53
1428,4,B,1,205050805050,20210707,4,54
1429,3,B,1,205050805050,20210707,4,55
1430,4,B,1,205050805050,20210707,4,56
1431,3,B,0,205050805050,20210707,4,57
1432,4,B,1,205050805050,20210707,4,58
1433,3,B,1,205050805050,20210707,4,59
1434,4,B,0,505080202020,20210707,4,60
1435,3,B,1,505080202020,20210707,4,61
1436,4,B,0,505080202020,20210707,4,62
1437,3,B,1,505080202020,20210707,4,63
1438,4,B,0,505080202020,20210707,4,64
1439,3,B,0,505080202020,20210707,4,65
1440,4,B,0,505080202020,20210707,4,66
1441,3,B,1,505080202020,20210707,4,67
1442,4,B,0,505080202020,20210707,4,68
1443,3,B,1,505080202020,20210707,4,69
1444,4,B,0,505080202020,20210707,4,70
1445,3,B,1,505080202020,20210707,4,71
1446,4,B,0,505080202020,20210707,4,72
1447,3,B,1,505080202020,20210707,4,73
1448,4,B,0,505080202020,20210707,4,74
1449,3,B,1,505080202020,20210707,4,75
1450,4,B,0,505080202020,20210707,4,76
1451,3,B,1,505080202020,20210707,4,77
1452,4,B,0,505080202020,20210707,4,78
1453,3,B,1,505080202020,20210707,4,79
1454,4,B,1,505080202020,20210707,4,80
1455,3,B,1,505080202020,20210707,4,81
1456,4,B,0,505080202020,20210707,4,82
1457,3,B,1,505080202020,20210707,4,83
1458,4,B,1,505080202020,20210707,4,84
1459,3,B,1,505080202020,20210707,4,85
1460,4,B,1,505080202020,20210707,4,86
1461,3,B,1,505080202020,20210707,4,87
1462,4,B,0,505080202020,20210707,4,88
1463,3,B,1,505080202020,20210707,4,89
1464,4,B,0,505080202020,20210707,4,90
1465,3,B,1,505080202020,20210707,4,91
1466,4,B,0,505080202020,20210707,4,92
1467,3,B,1,505080202020,20210707,4,93
1468,4,B,0,505080202020,20210707,4,94
1469,3,B,1,505080202020,20210707,4,95
1470,4,B,0,505080202020,20210707,4,96
1471,3,B,1,505080202020,20210707,4,97
1472,4,B,0,505080202020,20210707,4,98
1473,3,B,1,505080202020,20210707,4,99
1474,4,B,0,505080202020,20210707,4,100
1475,3,B,0,505080202020,20210707,4,101
1476,4,B,0,505080202020,20210707,4,102
1477,3,B,1,505080202020,20210707,4,103
1478,4,B,1,505080202020,20210707,4,104
1479,3,B,1,505080202020,20210707,4,105
1480,4,B,1,505080202020,20210707,4,106
1481,3,B,1,505080202020,20210707,4,107
1482,4,B,0,505080202020,20210707,4,108
1483,3,B,1,505080202020,20210707,4,109
1484,4,B,0,505080202020,20210707,4,110
1485,3,B,1,505080202020,20210707,4,111
1486,4,B,1,505080202020,20210707,4,112
1487,3,B,1,505080202020,20210707,4,113
1488,4,B,1,505080202020,20210707,4,114
1489,3,B,1,505080202020,20210707,4,115
1490,4,B,0,505080202020,20210707,4,116
1491,3,B,1,505080202020,20210707,4,117
1492,4,B,0,505080202020,20210707,4,118
1493,3,B,1,505080202020,20210707,4,119
1494,4,B,0,502020208020,20210707,4,120
1495,3,B,0,502020208020,20210707,4,121
1496,4,B,1,502020208020,20210707,4,122
1497,3,B,1,502020208020,20210707,4,123
1498,4,B,0,502020208020,20210707,4,124
1499,3,B,0,502020208020,20210707,4,125
1500,4,B,0,502020208020,20210707,4,126
1501,3,B,0,502020208020,20210707,4,127
1502,4,B,0,502020208020,20210707,4,128
1503,3,B,0,502020208020,20210707,4,129
1504,4,B,0,502020208020,20210707,4,130
1505,5,C,0,502020208020,20210707,4,131
1506,6,C,0,502020208020,20210707,4,132
1507,5,C,1,502020208020,20210707,4,133
1508,6,C,1,502020208020,20210707,4,134
1509,5,C,1,502020208020,20210707,4,135
1510,6,C,0,502020208020,20210707,4,136
1511,5,C,1,502020208020,20210707,4,137
1512,6,C,1,502020208020,20210707,4,138
1513,5,C,1,502020208020,20210707,4,139
1514,6,C,1,502020208020,20210707,4,140
1515,5,C,1,502020208020,20210707,4,141
1516,6,C,0,502020208020,20210707,4,142
1517,5,C,1,502020208020,20210707,4,143
1518,6,C,0,502020208020,20210707,4,144
1519,5,C,1,502020208020,20210707,4,145
1520,6,C,0,502020208020,20210707,4,146
1521,5,C,1,502020208020,20210707,4,147
1522,6,C,0,502020208020,20210707,4,148
1523,5,C,1,502020208020,20210707,4,149
1524,6,C,0,502020208020,20210707,4,150
1525,5,C,1,502020208020,20210707,4,151
1526,6,C,0,502020208020,20210707,4,152
1527,5,C,1,502020208020,20210707,4,153
1528,6,C,0,502020208020,20210707,4,154
1529,5,C,0,502020208020,20210707,4,155
1530,6,C,0,502020208020,20210707,4,156
1531,5,C,1,502020208020,20210707,4,157
1532,1,A,1,502020208020,20210707,4,158
1533,2,A,0,502020208020,20210707,4,159
1534,1,A,0,502020208020,20210707,4,160
1535,2,A,0,502020208020,20210707,4,161
1536,1,A,0,502020208020,20210707,4,162
1537,2,A,0,502020208020,20210707,4,163
1538,1,A,1,502020208020,20210707,4,164
1539,2,A,0,502020208020,20210707,4,165
1540,1,A,0,502020208020,20210707,4,166
1541,2,A,1,502020208020,20210707,4,167
1542,1,A,1,502020208020,20210707,4,168
1543,2,A,0,502020208020,20210707,4,169
1544,1,A,1,502020208020,20210707,4,170
1545,2,A,0,502020208020,20210707,4,171
1546,1,A,1,502020208020,20210707,4,172
1547,2,A,0,502020208020,20210707,4,173
1548,1,A,0,502020208020,20210707,4,174
1549,2,A,0,502020208020,20210707,4,175
1550,1,A,0,502020208020,20210707,4,176
1551,2,A,0,502020208020,20210707,4,177
1552,1,A,0,502020208020,20210707,4,178
1553,5,C,1,502020208020,20210707,4,179
1554,3,B,1,802050802020,20210707,5,0
1555,4,B,1,802050802020,20210707,5,1
1556,3,B,1,802050802020,20210707,5,2
1557,5,C,1,802050802020,20210707,5,3
1558,6,C,1,802050802020,20210707,5,4
1559,5,C,0,802050802020,20210707,5,5
1560,6,C,0,802050802020,20210707,5,6
1561,5,C,0,802050802020,20210707,5,7
1562,2,A,0,802050802020,20210707,5,8
1563,1,A,1,802050802020,20210707,5,9
1564,2,A,0,802050802020,20210707,5,10
1565,1,A,1,802050802020,20210707,5,11
1566,4,B,0,802050802020,20210707,5,12
1567,3,B,1,802050802020,20210707,5,13
1568,4,B,1,802050802020,20210707,5,14
1569,3,B,0,802050802020,20210707,5,15
1570,4,B,1,802050802020,20210707,5,16
1571,3,B,0,802050802020,20210707,5,17
1572,4,B,1,802050802020,20210707,5,18
1573,3,B,0,802050802020,20210707,5,19
1574,4,B,1,802050802020,20210707,5,20
1575,3,B,1,802050802020,20210707,5,21
1576,4,B,1,802050802020,20210707,5,22
1577,3,B,1,802050802020,20210707,5,23
1578,4,B,1,802050802020,20210707,5,24
1579,3,B,0,802050802020,20210707,5,25
1580,4,B,1,802050802020,20210707,5,26
1581,3,B,0,802050802020,20210707,5,27
1582,4,B,1,802050802020,20210707,5,28
1583,3,B,1,802050802020,20210707,5,29
1584,4,B,1,802050802020,20210707,5,30
1585,3,B,1,802050802020,20210707,5,31
1586,4,B,0,802050802020,20210707,5,32
1587,3,B,0,802050802020,20210707,5,33
1588,4,B,1,802050802020,20210707,5,34
1589,3,B,1,802050802020,20210707,5,35
1590,4,B,0,802050802020,20210707,5,36
1591,3,B,0,802050802020,20210707,5,37
1592,4,B,1,802050802020,20210707,5,38
1593,3,B,0,802050802020,20210707,5,39
1594,4,B,1,802050802020,20210707,5,40
1595,3,B,1,802050802020,20210707,5,41
1596,4,B,1,802050802020,20210707,5,42
1597,3,B,1,802050802020,20210707,5,43
1598,4,B,1,802050802020,20210707,5,44
1599,3,B,1,802050802020,20210707,5,45
1600,4,B,1,802050802020,20210707,5,46
1601,3,B,1,802050802020,20210707,5,47
1602,4,B,1,802050802020,20210707,5,48
1603,3,B,0,802050802020,20210707,5,49
1604,4,B,1,802050802020,20210707,5,50
1605,3,B,0,802050802020,20210707,5,51
1606,4,B,1,802050802020,20210707,5,52
1607,3,B,0,802050802020,20210707,5,53
1608,4,B,1,802050802020,20210707,5,54
1609,3,B,0,802050802020,20210707,5,55
1610,4,B,0,802050802020,20210707,5,56
1611,3,B,1,802050802020,20210707,5,57
1612,4,B,0,802050802020,20210707,5,58
1613,3,B,1,802050802020,20210707,5,59
1614,4,B,0,205020205080,20210707,5,60
1615,3,B,0,205020205080,20210707,5,61
1616,4,B,0,205020205080,20210707,5,62
1617,3,B,1,205020205080,20210707,5,63
1618,4,B,1,205020205080,20210707,5,64
1619,3,B,1,205020205080,20210707,5,65
1620,4,B,1,205020205080,20210707,5,66
1621,3,B,1,205020205080,20210707,5,67
1622,4,B,1,205020205080,20210707,5,68
1623,3,B,0,205020205080,20210707,5,69
1624,4,B,0,205020205080,20210707,5,70
1625,3,B,0,205020205080,20210707,5,71
1626,4,B,0,205020205080,20210707,5,72
1627,3,B,0,205020205080,20210707,5,73
1628,4,B,0,205020205080,20210707,5,74
1629,3,B,0,205020205080,20210707,5,75
1630,4,B,0,205020205080,20210707,5,76
1631,3,B,1,205020205080,20210707,5,77
1632,4,B,1,205020205080,20210707,5,78
1633,3,B,0,205020205080,20210707,5,79
1634,4,B,0,205020205080,20210707,5,80
1635,3,B,0,205020205080,20210707,5,81
1636,5,C,1,205020205080,20210707,5,82
1637,6,C,0,205020205080,20210707,5,83
1638,5,C,1,205020205080,20210707,5,84
1639,6,C,1,205020205080,20210707,5,85
1640,5,C,1,205020205080,20210707,5,86
1641,6,C,1,205020205080,20210707,5,87
1642,5,C,0,205020205080,20210707,5,88
1643,6,C,1,205020205080,20210707,5,89
1644,5,C,0,205020205080,20210707,5,90
1645,6,C,1,205020205080,20210707,5,91
1646,5,C,0,205020205080,20210707,5,92
1647,6,C,1,205020205080,20210707,5,93
1648,5,C,0,205020205080,20210707,5,94
1649,6,C,1,205020205080,20210707,5,95
1650,5,C,1,205020205080,20210707,5,96
1651,6,C,1,205020205080,20210707,5,97
1652,5,C,1,205020205080,20210707,5,98
1653,6,C,1,205020205080,20210707,5,99
1654,5,C,1,205020205080,20210707,5,100
1655,6,C,0,205020205080,20210707,5,101
1656,5,C,1,205020205080,20210707,5,102
1657,6,C,1,205020205080,20210707,5,103
1658,5,C,1,205020205080,20210707,5,104
1659,6,C,0,205020205080,20210707,5,105
1660,5,C,0,205020205080,20210707,5,106
1661,6,C,1,205020205080,20210707,5,107
1662,5,C,1,205020205080,20210707,5,108
1663,6,C,1,205020205080,20210707,5,109
1664,5,C,1,205020205080,20210707,5,110
1665,6,C,1,205020205080,20210707,5,111
1666,5,C,0,205020205080,20210707,5,112
1667,6,C,1,205020205080,20210707,5,113
1668,5,C,0,205020205080,20210707,5,114
1669,6,C,1,205020205080,20210707,5,115
1670,5,C,1,205020205080,20210707,5,116
1671,6,C,1,205020205080,20210707,5,117
1672,5,C,0,205020205080,20210707,5,118
1673,6,C,0,205020205080,20210707,5,119
1674,5,C,1,508020205020,20210707,5,120
1675,6,C,0,508020205020,20210707,5,121
1676,5,C,1,508020205020,20210707,5,122
1677,6,C,0,508020205020,20210707,5,123
1678,5,C,1,508020205020,20210707,5,124
1679,6,C,0,508020205020,20210707,5,125
1680,5,C,1,508020205020,20210707,5,126
1681,6,C,0,508020205020,20210707,5,127
1682,5,C,1,508020205020,20210707,5,128
1683,6,C,1,508020205020,20210707,5,129
1684,5,C,1,508020205020,20210707,5,130
1685,6,C,0,508020205020,20210707,5,131
1686,5,C,1,508020205020,20210707,5,132
1687,6,C,0,508020205020,20210707,5,133
1688,5,C,0,508020205020,20210707,5,134
1689,6,C,0,508020205020,20210707,5,135
1690,5,C,0,508020205020,20210707,5,136
1691,6,C,0,508020205020,20210707,5,137
1692,5,C,1,508020205020,20210707,5,138
1693,6,C,0,508020205020,20210707,5,139
1694,5,C,0,508020205020,20210707,5,140
1695,1,A,0,508020205020,20210707,5,141
1696,2,A,0,508020205020,20210707,5,142
1697,1,A,0,508020205020,20210707,5,143
1698,2,A,1,508020205020,20210707,5,144
1699,1,A,1,508020205020,20210707,5,145
1700,2,A,1,508020205020,20210707,5,146
1701,1,A,0,508020205020,20210707,5,147
1702,2,A,1,508020205020,20210707,5,148
1703,1,A,0,508020205020,20210707,5,149
1704,2,A,0,508020205020,20210707,5,150
1705,1,A,1,508020205020,20210707,5,151
1706,2,A,0,508020205020,20210707,5,152
1707,1,A,0,508020205020,20210707,5,153
1708,2,A,1,508020205020,20210707,5,154
1709,1,A,0,508020205020,20210707,5,155
1710,2,A,1,508020205020,20210707,5,156
1711,1,A,0,508020205020,20210707,5,157
1712,2,A,1,508020205020,20210707,5,158
1713,1,A,0,508020205020,20210707,5,159
1714,2,A,1,508020205020,20210707,5,160
1715,1,A,0,508020205020,20210707,5,161
1716,2,A,0,508020205020,20210707,5,162
1717,1,A,1,508020205020,20210707,5,163
1718,2,A,1,508020205020,20210707,5,164
1719,1,A,1,508020205020,20210707,5,165
1720,2,A,1,508020205020,20210707,5,166
1721,1,A,1,508020205020,20210707,5,167
1722,2,A,0,508020205020,20210707,5,168
1723,1,A,0,508020205020,20210707,5,169
1724,2,A,1,508020205020,20210707,5,170
1725,1,A,1,508020205020,20210707,5,171
1726,2,A,1,508020205020,20210707,5,172
1727,1,A,0,508020205020,20210707,5,173
1728,2,A,1,508020205020,20210707,5,174
1729,1,A,1,508020205020,20210707,5,175
1730,2,A,1,508020205020,20210707,5,176
1731,1,A,1,508020205020,20210707,5,177
1732,2,A,1,508020205020,20210707,5,178
1733,1,A,0,508020205020,20210707,5,179
1734,3,B,1,205020208020,20210707,6,0
1735,4,B,0,205020208020,20210707,6,1
1736,5,C,1,205020208020,20210707,6,2
1737,6,C,0,205020208020,20210707,6,3
1738,5,C,1,205020208020,20210707,6,4
1739,6,C,0,205020208020,20210707,6,5
1740,5,C,1,205020208020,20210707,6,6
1741,6,C,0,205020208020,20210707,6,7
1742,5,C,1,205020208020,20210707,6,8
1743,2,A,1,205020208020,20210707,6,9
1744,1,A,0,205020208020,20210707,6,10
1745,2,A,0,205020208020,20210707,6,11
1746,1,A,0,205020208020,20210707,6,12
1747,2,A,0,205020208020,20210707,6,13
1748,1,A,0,205020208020,20210707,6,14
1749,2,A,0,205020208020,20210707,6,15
1750,4,B,1,205020208020,20210707,6,16
1751,3,B,0,205020208020,20210707,6,17
1752,4,B,0,205020208020,20210707,6,18
1753,3,B,0,205020208020,20210707,6,19
1754,4,B,0,205020208020,20210707,6,20
1755,3,B,1,205020208020,20210707,6,21
1756,4,B,0,205020208020,20210707,6,22
1757,3,B,0,205020208020,20210707,6,23
1758,4,B,0,205020208020,20210707,6,24
1759,3,B,0,205020208020,20210707,6,25
1760,5,C,0,205020208020,20210707,6,26
1761,6,C,0,205020208020,20210707,6,27
1762,5,C,1,205020208020,20210707,6,28
1763,6,C,1,205020208020,20210707,6,29
1764,5,C,1,205020208020,20210707,6,30
1765,6,C,0,205020208020,20210707,6,31
1766,5,C,1,205020208020,20210707,6,32
1767,6,C,1,205020208020,20210707,6,33
1768,5,C,1,205020208020,20210707,6,34
1769,6,C,0,205020208020,20210707,6,35
1770,5,C,1,205020208020,20210707,6,36
1771,6,C,0,205020208020,20210707,6,37
1772,5,C,1,205020208020,20210707,6,38
1773,6,C,0,205020208020,20210707,6,39
1774,5,C,1,205020208020,20210707,6,40
1775,6,C,0,205020208020,20210707,6,41
1776,5,C,1,205020208020,20210707,6,42
1777,6,C,0,205020208020,20210707,6,43
1778,5,C,1,205020208020,20210707,6,44
1779,6,C,0,205020208020,20210707,6,45
1780,5,C,1,205020208020,20210707,6,46
1781,6,C,0,205020208020,20210707,6,47
1782,5,C,1,205020208020,20210707,6,48
1783,6,C,1,205020208020,20210707,6,49
1784,5,C,1,205020208020,20210707,6,50
1785,6,C,1,205020208020,20210707,6,51
1786,5,C,1,205020208020,20210707,6,52
1787,6,C,0,205020208020,20210707,6,53
1788,5,C,0,205020208020,20210707,6,54
1789,6,C,0,205020208020,20210707,6,55
1790,5,C,0,205020208020,20210707,6,56
1791,6,C,0,205020208020,20210707,6,57
1792,5,C,1,205020208020,20210707,6,58
1793,6,C,0,205020208020,20210707,6,59
1794,5,C,0,202020502020,20210707,6,60
1795,6,C,0,202020502020,20210707,6,61
1796,5,C,0,202020502020,20210707,6,62
1797,2,A,0,202020502020,20210707,6,63
1798,1,A,0,202020502020,20210707,6,64
1799,2,A,0,202020502020,20210707,6,65
1800,1,A,0,202020502020,20210707,6,66
1801,2,A,0,202020502020,20210707,6,67
1802,6,C,0,202020502020,20210707,6,68
1803,5,C,0,202020502020,20210707,6,69
1804,6,C,0,202020502020,20210707,6,70
1805,5,C,0,202020502020,20210707,6,71
1806,6,C,0,202020502020,20210707,6,72
1807,5,C,0,202020502020,20210707,6,73
1808,3,B,1,202020502020,20210707,6,74
1809,4,B,0,202020502020,20210707,6,75
1810,3,B,1,202020502020,20210707,6,76
1811,4,B,1,202020502020,20210707,6,77
1812,3,B,0,202020502020,20210707,6,78
1813,4,B,0,202020502020,20210707,6,79
1814,3,B,0,202020502020,20210707,6,80
1815,4,B,0,202020502020,20210707,6,81
1816,3,B,0,202020502020,20210707,6,82
1817,6,C,0,202020502020,20210707,6,83
1818,5,C,0,202020502020,20210707,6,84
1819,6,C,0,202020502020,20210707,6,85
1820,5,C,0,202020502020,20210707,6,86
1821,4,B,1,202020502020,20210707,6,87
1822,3,B,1,202020502020,20210707,6,88
1823,4,B,1,202020502020,20210707,6,89
1824,3,B,0,202020502020,20210707,6,90
1825,4,B,0,202020502020,20210707,6,91
1826,3,B,0,202020502020,20210707,6,92
1827,4,B,0,202020502020,20210707,6,93
1828,3,B,0,202020502020,20210707,6,94
1829,4,B,1,202020502020,20210707,6,95
1830,3,B,0,202020502020,20210707,6,96
1831,4,B,1,202020502020,20210707,6,97
1832,3,B,0,202020502020,20210707,6,98
1833,4,B,1,202020502020,20210707,6,99
1834,3,B,0,202020502020,20210707,6,100
1835,4,B,0,202020502020,20210707,6,101
1836,3,B,0,202020502020,20210707,6,102
1837,2,A,0,202020502020,20210707,6,103
1838,1,A,0,202020502020,20210707,6,104
1839,2,A,0,202020502020,20210707,6,105
1840,5,C,1,202020502020,20210707,6,106
1841,6,C,0,202020502020,20210707,6,107
1842,5,C,1,202020502020,20210707,6,108
1843,6,C,0,202020502020,20210707,6,109
1844,5,C,1,202020502020,20210707,6,110
1845,6,C,0,202020502020,20210707,6,111
1846,5,C,0,202020502020,20210707,6,112
1847,6,C,0,202020502020,20210707,6,113
1848,5,C,0,202020502020,20210707,6,114
1849,4,B,0,202020502020,20210707,6,115
1850,3,B,0,202020502020,20210707,6,116
1851,4,B,1,202020502020,20210707,6,117
1852,3,B,1,202020502020,20210707,6,118
1853,4,B,0,202020502020,20210707,6,119
1854,3,B,0,505020205020,20210707,6,120
1855,4,B,0,505020205020,20210707,6,121
1856,3,B,0,505020205020,20210707,6,122
1857,4,B,0,505020205020,20210707,6,123
1858,3,B,1,505020205020,20210707,6,124
1859,4,B,0,505020205020,20210707,6,125
1860,3,B,0,505020205020,20210707,6,126
1861,2,A,0,505020205020,20210707,6,127
1862,1,A,0,505020205020,20210707,6,128
1863,2,A,1,505020205020,20210707,6,129
1864,1,A,1,505020205020,20210707,6,130
1865,2,A,0,505020205020,20210707,6,131
1866,1,A,0,505020205020,20210707,6,132
1867,2,A,1,505020205020,20210707,6,133
1868,1,A,0,505020205020,20210707,6,134
1869,2,A,0,505020205020,20210707,6,135
1870,1,A,1,505020205020,20210707,6,136
1871,2,A,1,505020205020,20210707,6,137
1872,1,A,1,505020205020,20210707,6,138
1873,2,A,0,505020205020,20210707,6,139
1874,1,A,0,505020205020,20210707,6,140
1875,2,A,1,505020205020,20210707,6,141
1876,1,A,0,505020205020,20210707,6,142
1877,2,A,1,505020205020,20210707,6,143
1878,1,A,0,505020205020,20210707,6,144
1879,2,A,0,505020205020,20210707,6,145
1880,1,A,0,505020205020,20210707,6,146
1881,2,A,1,505020205020,20210707,6,147
1882,1,A,0,505020205020,20210707,6,148
1883,2,A,1,505020205020,20210707,6,149
1884,1,A,1,505020205020,20210707,6,150
1885,2,A,1,505020205020,20210707,6,151
1886,1,A,1,505020205020,20210707,6,152
1887,2,A,1,505020205020,20210707,6,153
1888,1,A,0,505020205020,20210707,6,154
1889,2,A,0,505020205020,20210707,6,155
1890,1,A,0,505020205020,20210707,6,156
1891,2,A,1,505020205020,20210707,6,157
1892,1,A,1,505020205020,20210707,6,158
1893,2,A,0,505020205020,20210707,6,159
1894,1,A,0,505020205020,20210707,6,160
1895,2,A,0,505020205020,20210707,6,161
1896,1,A,1,505020205020,20210707,6,162
1897,2,A,1,505020205020,20210707,6,163
1898,1,A,1,505020205020,20210707,6,164
1899,2,A,0,505020205020,20210707,6,165
1900,1,A,1,505020205020,20210707,6,166
1901,2,A,0,505020205020,20210707,6,167
1902,1,A,0,505020205020,20210707,6,168
1903,2,A,0,505020205020,20210707,6,169
1904,1,A,1,505020205020,20210707,6,170
1905,2,A,0,505020205020,20210707,6,171
1906,1,A,1,505020205020,20210707,6,172
1907,2,A,0,505020205020,20210707,6,173
1908,1,A,0,505020205020,20210707,6,174
1909,2,A,1,505020205020,20210707,6,175
1910,1,A,1,505020205020,20210707,6,176
1911,2,A,0,505020205020,20210707,6,177
1912,1,A,0,505020205020,20210707,6,178
1913,2,A,0,505020205020,20210707,6,179
1914,5,C,1,805080202020,20210707,7,0
1915,6,C,0,805080202020,20210707,7,1
1916,5,C,0,805080202020,20210707,7,2
1917,3,B,1,805080202020,20210707,7,3
1918,4,B,0,805080202020,20210707,7,4
1919,3,B,1,805080202020,20210707,7,5
1920,2,A,0,805080202020,20210707,7,6
1921,1,A,1,805080202020,20210707,7,7
1922,2,A,0,805080202020,20210707,7,8
1923,1,A,1,805080202020,20210707,7,9
1924,2,A,1,805080202020,20210707,7,10
1925,1,A,1,805080202020,20210707,7,11
1926,2,A,0,805080202020,20210707,7,12
1927,1,A,1,805080202020,20210707,7,13
1928,2,A,1,805080202020,20210707,7,14
1929,1,A,1,805080202020,20210707,7,15
1930,2,A,1,805080202020,20210707,7,16
1931,1,A,1,805080202020,20210707,7,17
1932,2,A,0,805080202020,20210707,7,18
1933,1,A,1,805080202020,20210707,7,19
1934,2,A,1,805080202020,20210707,7,20
1935,1,A,0,805080202020,20210707,7,21
1936,2,A,0,805080202020,20210707,7,22
1937,1,A,1,805080202020,20210707,7,23
1938,2,A,0,805080202020,20210707,7,24
1939,1,A,1,805080202020,20210707,7,25
1940,2,A,1,805080202020,20210707,7,26
1941,1,A,1,805080202020,20210707,7,27
1942,2,A,0,805080202020,20210707,7,28
1943,1,A,1,805080202020,20210707,7,29
1944,2,A,1,805080202020,20210707,7,30
1945,1,A,1,805080202020,20210707,7,31
1946,2,A,1,805080202020,20210707,7,32
1947,1,A,1,805080202020,20210707,7,33
1948,2,A,1,805080202020,20210707,7,34
1949,1,A,1,805080202020,20210707,7,35
1950,2,A,0,805080202020,20210707,7,36
1951,1,A,1,805080202020,20210707,7,37
1952,2,A,0,805080202020,20210707,7,38
1953,1,A,1,805080202020,20210707,7,39
1954,2,A,0,805080202020,20210707,7,40
1955,1,A,1,805080202020,20210707,7,41
1956,2,A,1,805080202020,20210707,7,42
1957,1,A,1,805080202020,20210707,7,43
1958,2,A,1,805080202020,20210707,7,44
1959,1,A,1,805080202020,20210707,7,45
1960,2,A,0,805080202020,20210707,7,46
1961,1,A,1,805080202020,20210707,7,47
1962,2,A,0,805080202020,20210707,7,48
1963,1,A,0,805080202020,20210707,7,49
1964,2,A,1,805080202020,20210707,7,50
1965,1,A,0,805080202020,20210707,7,51
1966,2,A,0,805080202020,20210707,7,52
1967,1,A,0,805080202020,20210707,7,53
1968,2,A,0,805080202020,20210707,7,54
1969,1,A,0,805080202020,20210707,7,55
1970,2,A,0,805080202020,20210707,7,56
1971,3,B,1,805080202020,20210707,7,57
1972,4,B,0,805080202020,20210707,7,58
1973,3,B,1,805080202020,20210707,7,59
1974,4,B,0,205020205080,20210707,7,60
1975,3,B,1,205020205080,20210707,7,61
1976,5,C,1,205020205080,20210707,7,62
1977,6,C,1,205020205080,20210707,7,63
1978,5,C,1,205020205080,20210707,7,64
1979,6,C,1,205020205080,20210707,7,65
1980,5,C,1,205020205080,20210707,7,66
1981,6,C,1,205020205080,20210707,7,67
1982,5,C,1,205020205080,20210707,7,68
1983,6,C,1,205020205080,20210707,7,69
1984,5,C,0,205020205080,20210707,7,70
1985,6,C,1,205020205080,20210707,7,71
1986,5,C,0,205020205080,20210707,7,72
1987,6,C,1,205020205080,20210707,7,73
1988,5,C,0,205020205080,20210707,7,74
1989,6,C,1,205020205080,20210707,7,75
1990,5,C,1,205020205080,20210707,7,76
1991,6,C,1,205020205080,20210707,7,77
1992,5,C,1,205020205080,20210707,7,78
1993,6,C,1,205020205080,20210707,7,79
1994,5,C,0,205020205080,20210707,7,80
1995,6,C,1,205020205080,20210707,7,81
1996,5,C,1,205020205080,20210707,7,82
1997,6,C,1,205020205080,20210707,7,83
1998,5,C,1,205020205080,20210707,7,84
1999,6,C,1,205020205080,20210707,7,85
2000,5,C,1,205020205080,20210707,7,86
2001,6,C,1,205020205080,20210707,7,87
2002,5,C,1,205020205080,20210707,7,88
2003,6,C,1,205020205080,20210707,7,89
2004,5,C,0,205020205080,20210707,7,90
2005,6,C,1,205020205080,20210707,7,91
2006,5,C,0,205020205080,20210707,7,92
2007,6,C,0,205020205080,20210707,7,93
2008,5,C,0,205020205080,20210707,7,94
2009,6,C,1,205020205080,20210707,7,95
2010,5,C,1,205020205080,20210707,7,96
2011,6,C,0,205020205080,20210707,7,97
2012,5,C,1,205020205080,20210707,7,98
2013,6,C,1,205020205080,20210707,7,99
2014,5,C,0,205020205080,20210707,7,100
2015,6,C,0,205020205080,20210707,7,101
2016,5,C,1,205020205080,20210707,7,102
2017,6,C,0,205020205080,20210707,7,103
2018,5,C,1,205020205080,20210707,7,104
2019,6,C,1,205020205080,20210707,7,105
2020,5,C,1,205020205080,20210707,7,106
2021,6,C,1,205020205080,20210707,7,107
2022,5,C,0,205020205080,20210707,7,108
2023,6,C,1,205020205080,20210707,7,109
2024,5,C,0,205020205080,20210707,7,110
2025,6,C,1,205020205080,20210707,7,111
2026,5,C,1,205020205080,20210707,7,112
2027,6,C,1,205020205080,20210707,7,113
2028,5,C,0,205020205080,20210707,7,114
2029,6,C,1,205020205080,20210707,7,115
2030,5,C,1,205020205080,20210707,7,116
2031,6,C,1,205020205080,20210707,7,117
2032,5,C,1,205020205080,20210707,7,118
2033,6,C,1,205020205080,20210707,7,119
2034,5,C,0,205020802020,20210707,7,120
2035,6,C,0,205020802020,20210707,7,121
2036,5,C,0,205020802020,20210707,7,122
2037,6,C,1,205020802020,20210707,7,123
2038,5,C,0,205020802020,20210707,7,124
2039,6,C,1,205020802020,20210707,7,125
2040,5,C,0,205020802020,20210707,7,126
2041,6,C,0,205020802020,20210707,7,127
2042,5,C,0,205020802020,20210707,7,128
2043,6,C,0,205020802020,20210707,7,129
2044,2,A,0,205020802020,20210707,7,130
2045,1,A,0,205020802020,20210707,7,131
2046,2,A,0,205020802020,20210707,7,132
2047,1,A,0,205020802020,20210707,7,133
2048,2,A,1,205020802020,20210707,7,134
2049,1,A,0,205020802020,20210707,7,135
2050,2,A,0,205020802020,20210707,7,136
2051,1,A,1,205020802020,20210707,7,137
2052,2,A,0,205020802020,20210707,7,138
2053,1,A,0,205020802020,20210707,7,139
2054,2,A,1,205020802020,20210707,7,140
2055,1,A,0,205020802020,20210707,7,141
2056,2,A,1,205020802020,20210707,7,142
2057,1,A,0,205020802020,20210707,7,143
2058,2,A,1,205020802020,20210707,7,144
2059,1,A,0,205020802020,20210707,7,145
2060,2,A,1,205020802020,20210707,7,146
2061,1,A,1,205020802020,20210707,7,147
2062,2,A,1,205020802020,20210707,7,148
2063,1,A,0,205020802020,20210707,7,149
2064,2,A,1,205020802020,20210707,7,150
2065,1,A,0,205020802020,20210707,7,151
2066,2,A,1,205020802020,20210707,7,152
2067,1,A,0,205020802020,20210707,7,153
2068,2,A,1,205020802020,20210707,7,154
2069,3,B,1,205020802020,20210707,7,155
2070,4,B,0,205020802020,20210707,7,156
2071,3,B,0,205020802020,20210707,7,157
2072,4,B,1,205020802020,20210707,7,158
2073,3,B,0,205020802020,20210707,7,159
2074,6,C,1,205020802020,20210707,7,160
2075,4,B,1,205020802020,20210707,7,161
2076,3,B,0,205020802020,20210707,7,162
2077,4,B,1,205020802020,20210707,7,163
2078,2,A,1,205020802020,20210707,7,164
2079,1,A,0,205020802020,20210707,7,165
2080,2,A,1,205020802020,20210707,7,166
2081,1,A,0,205020802020,20210707,7,167
2082,2,A,0,205020802020,20210707,7,168
2083,1,A,0,205020802020,20210707,7,169
2084,2,A,1,205020802020,20210707,7,170
2085,1,A,0,205020802020,20210707,7,171
2086,2,A,1,205020802020,20210707,7,172
2087,1,A,1,205020802020,20210707,7,173
2088,2,A,0,205020802020,20210707,7,174
2089,1,A,0,205020802020,20210707,7,175
2090,2,A,0,205020802020,20210707,7,176
2091,1,A,0,205020802020,20210707,7,177
2092,5,C,0,205020802020,20210707,7,178
2093,6,C,0,205020802020,20210707,7,179
2094,2,A,1,805020202080,20210707,8,0
2095,1,A,1,805020202080,20210707,8,1
2096,2,A,1,805020202080,20210707,8,2
2097,3,B,0,805020202080,20210707,8,3
2098,4,B,0,805020202080,20210707,8,4
2099,3,B,0,805020202080,20210707,8,5
2100,4,B,0,805020202080,20210707,8,6
2101,3,B,0,805020202080,20210707,8,7
2102,6,C,0,805020202080,20210707,8,8
2103,5,C,0,805020202080,20210707,8,9
2104,6,C,1,805020202080,20210707,8,10
2105,3,B,0,805020202080,20210707,8,11
2106,4,B,0,805020202080,20210707,8,12
2107,3,B,0,805020202080,20210707,8,13
2108,2,A,1,805020202080,20210707,8,14
2109,1,A,1,805020202080,20210707,8,15
2110,2,A,1,805020202080,20210707,8,16
2111,1,A,1,805020202080,20210707,8,17
2112,2,A,1,805020202080,20210707,8,18
2113,1,A,1,805020202080,20210707,8,19
2114,2,A,1,805020202080,20210707,8,20
2115,1,A,0,805020202080,20210707,8,21
2116,2,A,1,805020202080,20210707,8,22
2117,1,A,1,805020202080,20210707,8,23
2118,2,A,0,805020202080,20210707,8,24
2119,1,A,1,805020202080,20210707,8,25
2120,2,A,1,805020202080,20210707,8,26
2121,1,A,1,805020202080,20210707,8,27
2122,2,A,1,805020202080,20210707,8,28
2123,1,A,1,805020202080,20210707,8,29
2124,2,A,0,805020202080,20210707,8,30
2125,1,A,1,805020202080,20210707,8,31
2126,2,A,0,805020202080,20210707,8,32
2127,1,A,1,805020202080,20210707,8,33
2128,2,A,0,805020202080,20210707,8,34
2129,1,A,1,805020202080,20210707,8,35
2130,2,A,0,805020202080,20210707,8,36
2131,1,A,1,805020202080,20210707,8,37
2132,2,A,0,805020202080,20210707,8,38
2133,1,A,1,805020202080,20210707,8,39
2134,2,A,0,805020202080,20210707,8,40
2135,1,A,0,805020202080,20210707,8,41
2136,2,A,0,805020202080,20210707,8,42
2137,1,A,0,805020202080,20210707,8,43
2138,2,A,1,805020202080,20210707,8,44
2139,1,A,1,805020202080,20210707,8,45
2140,2,A,1,805020202080,20210707,8,46
2141,1,A,0,805020202080,20210707,8,47
2142,2,A,0,805020202080,20210707,8,48
2143,1,A,1,805020202080,20210707,8,49
2144,2,A,1,805020202080,20210707,8,50
2145,1,A,1,805020202080,20210707,8,51
2146,2,A,1,805020202080,20210707,8,52
2147,1,A,1,805020202080,20210707,8,53
2148,2,A,0,805020202080,20210707,8,54
2149,1,A,1,805020202080,20210707,8,55
2150,2,A,1,805020202080,20210707,8,56
2151,1,A,0,805020202080,20210707,8,57
2152,2,A,1,805020202080,20210707,8,58
2153,1,A,1,805020202080,20210707,8,59
2154,2,A,0,205050802020,20210707,8,60
2155,1,A,0,205050802020,20210707,8,61
2156,2,A,0,205050802020,20210707,8,62
2157,1,A,0,205050802020,20210707,8,63
2158,2,A,0,205050802020,20210707,8,64
2159,1,A,0,205050802020,20210707,8,65
2160,2,A,0,205050802020,20210707,8,66
2161,6,C,0,205050802020,20210707,8,67
2162,5,C,0,205050802020,20210707,8,68
2163,6,C,0,205050802020,20210707,8,69
2164,5,C,1,205050802020,20210707,8,70
2165,6,C,0,205050802020,20210707,8,71
2166,5,C,1,205050802020,20210707,8,72
2167,6,C,0,205050802020,20210707,8,73
2168,5,C,0,205050802020,20210707,8,74
2169,6,C,0,205050802020,20210707,8,75
2170,5,C,1,205050802020,20210707,8,76
2171,6,C,0,205050802020,20210707,8,77
2172,5,C,0,205050802020,20210707,8,78
2173,6,C,0,205050802020,20210707,8,79
2174,5,C,0,205050802020,20210707,8,80
2175,6,C,0,205050802020,20210707,8,81
2176,5,C,0,205050802020,20210707,8,82
2177,4,B,1,205050802020,20210707,8,83
2178,3,B,0,205050802020,20210707,8,84
2179,4,B,1,205050802020,20210707,8,85
2180,3,B,0,205050802020,20210707,8,86
2181,4,B,1,205050802020,20210707,8,87
2182,3,B,0,205050802020,20210707,8,88
2183,4,B,0,205050802020,20210707,8,89
2184,3,B,0,205050802020,20210707,8,90
2185,4,B,1,205050802020,20210707,8,91
2186,3,B,1,205050802020,20210707,8,92
2187,4,B,0,205050802020,20210707,8,93
2188,3,B,1,205050802020,20210707,8,94
2189,4,B,0,205050802020,20210707,8,95
2190,3,B,1,205050802020,20210707,8,96
2191,4,B,1,205050802020,20210707,8,97
2192,3,B,0,205050802020,20210707,8,98
2193,4,B,0,205050802020,20210707,8,99
2194,3,B,1,205050802020,20210707,8,100
2195,4,B,0,205050802020,20210707,8,101
2196,3,B,1,205050802020,20210707,8,102
2197,4,B,1,205050802020,20210707,8,103
2198,3,B,1,205050802020,20210707,8,104
2199,4,B,1,205050802020,20210707,8,105
2200,3,B,0,205050802020,20210707,8,106
2201,4,B,1,205050802020,20210707,8,107
2202,3,B,1,205050802020,20210707,8,108
2203,4,B,1,205050802020,20210707,8,109
2204,3,B,1,205050802020,20210707,8,110
2205,4,B,1,205050802020,20210707,8,111
2206,3,B,1,205050802020,20210707,8,112
2207,4,B,0,205050802020,20210707,8,113
2208,3,B,0,205050802020,20210707,8,114
2209,4,B,0,205050802020,20210707,8,115
2210,3,B,1,205050802020,20210707,8,116
2211,4,B,1,205050802020,20210707,8,117
2212,3,B,1,205050802020,20210707,8,118
2213,4,B,1,205050802020,20210707,8,119
2214,3,B,1,502020508050,20210707,8,120
2215,4,B,0,502020508050,20210707,8,121
2216,3,B,0,502020508050,20210707,8,122
2217,4,B,1,502020508050,20210707,8,123
2218,3,B,0,502020508050,20210707,8,124
2219,4,B,0,502020508050,20210707,8,125
2220,3,B,0,502020508050,20210707,8,126
2221,4,B,0,502020508050,20210707,8,127
2222,3,B,0,502020508050,20210707,8,128
2223,5,C,1,502020508050,20210707,8,129
2224,6,C,0,502020508050,20210707,8,130
2225,5,C,1,502020508050,20210707,8,131
2226,6,C,0,502020508050,20210707,8,132
2227,5,C,0,502020508050,20210707,8,133
2228,6,C,0,502020508050,20210707,8,134
2229,5,C,1,502020508050,20210707,8,135
2230,2,A,0,502020508050,20210707,8,136
2231,1,A,1,502020508050,20210707,8,137
2232,2,A,0,502020508050,20210707,8,138
2233,1,A,1,502020508050,20210707,8,139
2234,2,A,0,502020508050,20210707,8,140
2235,1,A,0,502020508050,20210707,8,141
2236,6,C,0,502020508050,20210707,8,142
2237,4,B,1,502020508050,20210707,8,143
2238,3,B,0,502020508050,20210707,8,144
2239,4,B,1,502020508050,20210707,8,145
2240,3,B,0,502020508050,20210707,8,146
2241,4,B,1,502020508050,20210707,8,147
2242,2,A,0,502020508050,20210707,8,148
2243,1,A,0,502020508050,20210707,8,149
2244,2,A,1,502020508050,20210707,8,150
2245,1,A,1,502020508050,20210707,8,151
2246,2,A,0,502020508050,20210707,8,152
2247,1,A,1,502020508050,20210707,8,153
2248,2,A,1,502020508050,20210707,8,154
2249,1,A,1,502020508050,20210707,8,155
2250,2,A,0,502020508050,20210707,8,156
2251,1,A,1,502020508050,20210707,8,157
2252,2,A,0,502020508050,20210707,8,158
2253,1,A,1,502020508050,20210707,8,159
2254,6,C,1,502020508050,20210707,8,160
2255,5,C,1,502020508050,20210707,8,161
2256,6,C,0,502020508050,20210707,8,162
2257,2,A,1,502020508050,20210707,8,163
2258,1,A,1,502020508050,20210707,8,164
2259,2,A,0,502020508050,20210707,8,165
2260,1,A,0,502020508050,20210707,8,166
2261,6,C,1,502020508050,20210707,8,167
2262,5,C,1,502020508050,20210707,8,168
2263,4,B,0,502020508050,20210707,8,169
2264,3,B,0,502020508050,20210707,8,170
2265,2,A,0,502020508050,20210707,8,171
2266,1,A,0,502020508050,20210707,8,172
2267,2,A,0,502020508050,20210707,8,173
2268,1,A,0,502020508050,20210707,8,174
2269,2,A,0,502020508050,20210707,8,175
2270,1,A,1,502020508050,20210707,8,176
2271,4,B,0,202020205080,20210708,1,0
2272,3,B,0,202020205080,20210708,1,1
2273,6,C,1,202020205080,20210708,1,2
2274,5,C,0,202020205080,20210708,1,3
2275,6,C,1,202020205080,20210708,1,4
2276,5,C,0,202020205080,20210708,1,5
2277,2,A,0,202020205080,20210708,1,6
2278,1,A,0,202020205080,20210708,1,7
2279,2,A,0,202020205080,20210708,1,8
2280,1,A,0,202020205080,20210708,1,9
2281,4,B,0,202020205080,20210708,1,10
2282,3,B,0,202020205080,20210708,1,11
2283,4,B,0,202020205080,20210708,1,12
2284,6,C,1,202020205080,20210708,1,13
2285,5,C,0,202020205080,20210708,1,14
2286,6,C,1,202020205080,20210708,1,15
2287,5,C,0,202020205080,20210708,1,16
2288,6,C,1,202020205080,20210708,1,17
2289,5,C,1,202020205080,20210708,1,18
2290,6,C,1,202020205080,20210708,1,19
2291,5,C,1,202020205080,20210708,1,20
2292,6,C,0,202020205080,20210708,1,21
2293,5,C,1,202020205080,20210708,1,22
2294,6,C,1,202020205080,20210708,1,23
2295,5,C,1,202020205080,20210708,1,24
2296,6,C,0,202020205080,20210708,1,25
2297,5,C,1,202020205080,20210708,1,26
2298,6,C,1,202020205080,20210708,1,27
2299,5,C,0,202020205080,20210708,1,28
2300,6,C,0,202020205080,20210708,1,29
2301,5,C,0,202020205080,20210708,1,30
2302,6,C,1,202020205080,20210708,1,31
2303,3,B,0,202020205080,20210708,1,32
2304,4,B,1,202020205080,20210708,1,33
2305,3,B,1,202020205080,20210708,1,34
2306,4,B,0,202020205080,20210708,1,35
2307,3,B,0,202020205080,20210708,1,36
2308,4,B,0,202020205080,20210708,1,37
2309,6,C,1,202020205080,20210708,1,38
2310,5,C,1,202020205080,20210708,1,39
2311,6,C,1,202020205080,20210708,1,40
2312,5,C,0,202020205080,20210708,1,41
2313,6,C,1,202020205080,20210708,1,42
2314,5,C,1,202020205080,20210708,1,43
2315,6,C,1,202020205080,20210708,1,44
2316,5,C,1,202020205080,20210708,1,45
2317,6,C,1,202020205080,20210708,1,46
2318,5,C,1,202020205080,20210708,1,47
2319,6,C,1,202020205080,20210708,1,48
2320,5,C,1,202020205080,20210708,1,49
2321,6,C,1,202020205080,20210708,1,50
2322,5,C,0,202020205080,20210708,1,51
2323,6,C,1,202020205080,20210708,1,52
2324,5,C,1,202020205080,20210708,1,53
2325,6,C,1,202020205080,20210708,1,54
2326,5,C,0,202020205080,20210708,1,55
2327,6,C,1,202020205080,20210708,1,56
2328,5,C,0,202020205080,20210708,1,57
2329,6,C,1,202020205080,20210708,1,58
2330,5,C,0,202020205080,20210708,1,59
2331,6,C,0,205080502020,20210708,1,60
2332,5,C,0,205080502020,20210708,1,61
2333,6,C,0,205080502020,20210708,1,62
2334,5,C,0,205080502020,20210708,1,63
2335,6,C,0,205080502020,20210708,1,64
2336,2,A,1,205080502020,20210708,1,65
2337,1,A,0,205080502020,20210708,1,66
2338,2,A,0,205080502020,20210708,1,67
2339,1,A,0,205080502020,20210708,1,68
2340,2,A,1,205080502020,20210708,1,69
2341,1,A,1,205080502020,20210708,1,70
2342,2,A,1,205080502020,20210708,1,71
2343,1,A,0,205080502020,20210708,1,72
2344,2,A,1,205080502020,20210708,1,73
2345,1,A,0,205080502020,20210708,1,74
2346,2,A,0,205080502020,20210708,1,75
2347,1,A,0,205080502020,20210708,1,76
2348,2,A,1,205080502020,20210708,1,77
2349,1,A,0,205080502020,20210708,1,78
2350,2,A,0,205080502020,20210708,1,79
2351,4,B,1,205080502020,20210708,1,80
2352,3,B,1,205080502020,20210708,1,81
2353,4,B,0,205080502020,20210708,1,82
2354,3,B,1,205080502020,20210708,1,83
2355,4,B,0,205080502020,20210708,1,84
2356,3,B,1,205080502020,20210708,1,85
2357,4,B,0,205080502020,20210708,1,86
2358,3,B,1,205080502020,20210708,1,87
2359,4,B,1,205080502020,20210708,1,88
2360,3,B,1,205080502020,20210708,1,89
2361,4,B,1,205080502020,20210708,1,90
2362,3,B,1,205080502020,20210708,1,91
2363,4,B,1,205080502020,20210708,1,92
2364,3,B,0,205080502020,20210708,1,93
2365,4,B,1,205080502020,20210708,1,94
2366,3,B,1,205080502020,20210708,1,95
2367,4,B,1,205080502020,20210708,1,96
2368,3,B,1,205080502020,20210708,1,97
2369,4,B,1,205080502020,20210708,1,98
2370,3,B,0,205080502020,20210708,1,99
2371,4,B,1,205080502020,20210708,1,100
2372,3,B,1,205080502020,20210708,1,101
2373,4,B,1,205080502020,20210708,1,102
2374,3,B,1,205080502020,20210708,1,103
2375,4,B,1,205080502020,20210708,1,104
2376,3,B,1,205080502020,20210708,1,105
2377,4,B,0,205080502020,20210708,1,106
2378,3,B,1,205080502020,20210708,1,107
2379,4,B,1,205080502020,20210708,1,108
2380,3,B,1,205080502020,20210708,1,109
2381,4,B,0,205080502020,20210708,1,110
2382,3,B,1,205080502020,20210708,1,111
2383,4,B,0,205080502020,20210708,1,112
2384,3,B,1,205080502020,20210708,1,113
2385,4,B,0,205080502020,20210708,1,114
2386,3,B,1,205080502020,20210708,1,115
2387,4,B,1,205080502020,20210708,1,116
2388,3,B,1,205080502020,20210708,1,117
2389,4,B,0,205080502020,20210708,1,118
2390,3,B,1,205080502020,20210708,1,119
2391,4,B,0,202020208050,20210708,1,120
2392,3,B,0,202020208050,20210708,1,121
2393,4,B,1,202020208050,20210708,1,122
2394,3,B,1,202020208050,20210708,1,123
2395,4,B,0,202020208050,20210708,1,124
2396,3,B,0,202020208050,20210708,1,125
2397,4,B,0,202020208050,20210708,1,126
2398,3,B,0,202020208050,20210708,1,127
2399,4,B,0,202020208050,20210708,1,128
2400,6,C,0,202020208050,20210708,1,129
2401,5,C,0,202020208050,20210708,1,130
2402,6,C,0,202020208050,20210708,1,131
2403,5,C,1,202020208050,20210708,1,132
2404,6,C,1,202020208050,20210708,1,133
2405,5,C,1,202020208050,20210708,1,134
2406,6,C,0,202020208050,20210708,1,135
2407,5,C,1,202020208050,20210708,1,136
2408,6,C,1,202020208050,20210708,1,137
2409,5,C,1,202020208050,20210708,1,138
2410,6,C,0,202020208050,20210708,1,139
2411,5,C,1,202020208050,20210708,1,140
2412,6,C,0,202020208050,20210708,1,141
2413,5,C,1,202020208050,20210708,1,142
2414,6,C,0,202020208050,20210708,1,143
2415,5,C,1,202020208050,20210708,1,144
2416,6,C,1,202020208050,20210708,1,145
2417,5,C,1,202020208050,20210708,1,146
2418,6,C,0,202020208050,20210708,1,147
2419,5,C,1,202020208050,20210708,1,148
2420,6,C,0,202020208050,20210708,1,149
2421,5,C,1,202020208050,20210708,1,150
2422,2,A,0,202020208050,20210708,1,151
2423,1,A,0,202020208050,20210708,1,152
2424,2,A,0,202020208050,20210708,1,153
2425,1,A,0,202020208050,20210708,1,154
2426,2,A,0,202020208050,20210708,1,155
2427,6,C,1,202020208050,20210708,1,156
2428,5,C,1,202020208050,20210708,1,157
2429,6,C,1,202020208050,20210708,1,158
2430,5,C,1,202020208050,20210708,1,159
2431,6,C,0,202020208050,20210708,1,160
2432,5,C,1,202020208050,20210708,1,161
2433,6,C,1,202020208050,20210708,1,162
2434,5,C,1,202020208050,20210708,1,163
2435,6,C,0,202020208050,20210708,1,164
2436,5,C,1,202020208050,20210708,1,165
2437,6,C,0,202020208050,20210708,1,166
2438,5,C,1,202020208050,20210708,1,167
2439,6,C,1,202020208050,20210708,1,168
2440,5,C,0,202020208050,20210708,1,169
2441,6,C,1,202020208050,20210708,1,170
2442,5,C,1,202020208050,20210708,1,171
2443,6,C,0,202020208050,20210708,1,172
2444,5,C,1,202020208050,20210708,1,173
2445,6,C,1,202020208050,20210708,1,174
2446,5,C,1,202020208050,20210708,1,175
2447,6,C,0,202020208050,20210708,1,176
2448,5,C,1,202020208050,20210708,1,177
2449,6,C,1,202020208050,20210708,1,178
2450,5,C,1,202020208050,20210708,1,179
2451,1,A,1,805020502020,20210708,2,0
2452,2,A,1,805020502020,20210708,2,1
2453,5,C,0,805020502020,20210708,2,2
2454,6,C,0,805020502020,20210708,2,3
2455,5,C,0,805020502020,20210708,2,4
2456,3,B,0,805020502020,20210708,2,5
2457,4,B,1,805020502020,20210708,2,6
2458,3,B,0,805020502020,20210708,2,7
2459,4,B,1,805020502020,20210708,2,8
2460,1,A,0,805020502020,20210708,2,9
2461,2,A,1,805020502020,20210708,2,10
2462,1,A,0,805020502020,20210708,2,11
2463,2,A,1,805020502020,20210708,2,12
2464,1,A,1,805020502020,20210708,2,13
2465,2,A,1,805020502020,20210708,2,14
2466,1,A,1,805020502020,20210708,2,15
2467,2,A,1,805020502020,20210708,2,16
2468,1,A,1,805020502020,20210708,2,17
2469,2,A,1,805020502020,20210708,2,18
2470,1,A,0,805020502020,20210708,2,19
2471,2,A,1,805020502020,20210708,2,20
2472,1,A,0,805020502020,20210708,2,21
2473,2,A,1,805020502020,20210708,2,22
2474,1,A,1,805020502020,20210708,2,23
2475,2,A,1,805020502020,20210708,2,24
2476,1,A,1,805020502020,20210708,2,25
2477,2,A,0,805020502020,20210708,2,26
2478,1,A,1,805020502020,20210708,2,27
2479,2,A,0,805020502020,20210708,2,28
2480,1,A,1,805020502020,20210708,2,29
2481,2,A,1,805020502020,20210708,2,30
2482,1,A,1,805020502020,20210708,2,31
2483,2,A,1,805020502020,20210708,2,32
2484,1,A,1,805020502020,20210708,2,33
2485,2,A,1,805020502020,20210708,2,34
2486,1,A,0,805020502020,20210708,2,35
2487,2,A,0,805020502020,20210708,2,36
2488,1,A,1,805020502020,20210708,2,37
2489,2,A,1,805020502020,20210708,2,38
2490,1,A,1,805020502020,20210708,2,39
2491,2,A,1,805020502020,20210708,2,40
2492,1,A,1,805020502020,20210708,2,41
2493,2,A,1,805020502020,20210708,2,42
2494,1,A,1,805020502020,20210708,2,43
2495,2,A,1,805020502020,20210708,2,44
2496,1,A,0,805020502020,20210708,2,45
2497,2,A,1,805020502020,20210708,2,46
2498,1,A,1,805020502020,20210708,2,47
2499,2,A,1,805020502020,20210708,2,48
2500,1,A,1,805020502020,20210708,2,49
2501,2,A,1,805020502020,20210708,2,50
2502,1,A,1,805020502020,20210708,2,51
2503,2,A,0,805020502020,20210708,2,52
2504,1,A,0,805020502020,20210708,2,53
2505,2,A,1,805020502020,20210708,2,54
2506,1,A,1,805020502020,20210708,2,55
2507,2,A,0,805020502020,20210708,2,56
2508,1,A,1,805020502020,20210708,2,57
2509,2,A,1,805020502020,20210708,2,58
2510,1,A,1,805020502020,20210708,2,59
2511,2,A,1,205020208020,20210708,2,60
2512,1,A,1,205020208020,20210708,2,61
2513,2,A,0,205020208020,20210708,2,62
2514,1,A,0,205020208020,20210708,2,63
2515,2,A,0,205020208020,20210708,2,64
2516,1,A,0,205020208020,20210708,2,65
2517,2,A,0,205020208020,20210708,2,66
2518,1,A,0,205020208020,20210708,2,67
2519,2,A,0,205020208020,20210708,2,68
2520,1,A,0,205020208020,20210708,2,69
2521,5,C,0,205020208020,20210708,2,70
2522,6,C,0,205020208020,20210708,2,71
2523,5,C,1,205020208020,20210708,2,72
2524,6,C,0,205020208020,20210708,2,73
2525,5,C,1,205020208020,20210708,2,74
2526,6,C,0,205020208020,20210708,2,75
2527,5,C,1,205020208020,20210708,2,76
2528,4,B,0,205020208020,20210708,2,77
2529,3,B,0,205020208020,20210708,2,78
2530,4,B,0,205020208020,20210708,2,79
2531,3,B,1,205020208020,20210708,2,80
2532,4,B,0,205020208020,20210708,2,81
2533,3,B,0,205020208020,20210708,2,82
2534,4,B,1,205020208020,20210708,2,83
2535,3,B,0,205020208020,20210708,2,84
2536,4,B,0,205020208020,20210708,2,85
2537,3,B,0,205020208020,20210708,2,86
2538,4,B,0,205020208020,20210708,2,87
2539,3,B,1,205020208020,20210708,2,88
2540,4,B,0,205020208020,20210708,2,89
2541,3,B,0,205020208020,20210708,2,90
2542,4,B,0,205020208020,20210708,2,91
2543,3,B,0,205020208020,20210708,2,92
2544,4,B,1,205020208020,20210708,2,93
2545,3,B,0,205020208020,20210708,2,94
2546,4,B,0,205020208020,20210708,2,95
2547,3,B,0,205020208020,20210708,2,96
2548,4,B,1,205020208020,20210708,2,97
2549,3,B,0,205020208020,20210708,2,98
2550,4,B,0,205020208020,20210708,2,99
2551,3,B,0,205020208020,20210708,2,100
2552,4,B,1,205020208020,20210708,2,101
2553,3,B,0,205020208020,20210708,2,102
2554,4,B,0,205020208020,20210708,2,103
2555,2,A,1,205020208020,20210708,2,104
2556,1,A,0,205020208020,20210708,2,105
2557,2,A,1,205020208020,20210708,2,106
2558,1,A,1,205020208020,20210708,2,107
2559,2,A,0,205020208020,20210708,2,108
2560,1,A,0,205020208020,20210708,2,109
2561,2,A,1,205020208020,20210708,2,110
2562,1,A,0,205020208020,20210708,2,111
2563,2,A,1,205020208020,20210708,2,112
2564,1,A,0,205020208020,20210708,2,113
2565,2,A,1,205020208020,20210708,2,114
2566,1,A,1,205020208020,20210708,2,115
2567,2,A,1,205020208020,20210708,2,116
2568,1,A,0,205020208020,20210708,2,117
2569,2,A,1,205020208020,20210708,2,118
2570,1,A,0,205020208020,20210708,2,119
2571,2,A,0,202020802020,20210708,2,120
2572,1,A,0,202020802020,20210708,2,121
2573,2,A,0,202020802020,20210708,2,122
2574,1,A,0,202020802020,20210708,2,123
2575,2,A,1,202020802020,20210708,2,124
2576,1,A,0,202020802020,20210708,2,125
2577,2,A,0,202020802020,20210708,2,126
2578,1,A,1,202020802020,20210708,2,127
2579,2,A,0,202020802020,20210708,2,128
2580,1,A,0,202020802020,20210708,2,129
2581,2,A,0,202020802020,20210708,2,130
2582,1,A,0,202020802020,20210708,2,131
2583,2,A,0,202020802020,20210708,2,132
2584,1,A,1,202020802020,20210708,2,133
2585,2,A,0,202020802020,20210708,2,134
2586,1,A,0,202020802020,20210708,2,135
2587,2,A,0,202020802020,20210708,2,136
2588,1,A,0,202020802020,20210708,2,137
2589,5,C,0,202020802020,20210708,2,138
2590,6,C,0,202020802020,20210708,2,139
2591,5,C,1,202020802020,20210708,2,140
2592,6,C,0,202020802020,20210708,2,141
2593,5,C,0,202020802020,20210708,2,142
2594,6,C,0,202020802020,20210708,2,143
2595,5,C,0,202020802020,20210708,2,144
2596,4,B,1,202020802020,20210708,2,145
2597,3,B,0,202020802020,20210708,2,146
2598,4,B,1,202020802020,20210708,2,147
2599,3,B,0,202020802020,20210708,2,148
2600,4,B,1,202020802020,20210708,2,149
2601,3,B,0,202020802020,20210708,2,150
2602,4,B,1,202020802020,20210708,2,151
2603,3,B,0,202020802020,20210708,2,152
2604,4,B,1,202020802020,20210708,2,153
2605,3,B,0,202020802020,20210708,2,154
2606,4,B,1,202020802020,20210708,2,155
2607,3,B,0,202020802020,20210708,2,156
2608,4,B,1,202020802020,20210708,2,157
2609,3,B,0,202020802020,20210708,2,158
2610,4,B,0,202020802020,20210708,2,159
2611,3,B,0,202020802020,20210708,2,160
2612,4,B,1,202020802020,20210708,2,161
2613,3,B,0,202020802020,20210708,2,162
2614,4,B,1,202020802020,20210708,2,163
2615,3,B,0,202020802020,20210708,2,164
2616,4,B,1,202020802020,20210708,2,165
2617,3,B,0,202020802020,20210708,2,166
2618,4,B,0,202020802020,20210708,2,167
2619,2,A,1,202020802020,20210708,2,168
2620,1,A,0,202020802020,20210708,2,169
2621,2,A,0,202020802020,20210708,2,170
2622,1,A,1,202020802020,20210708,2,171
2623,2,A,0,202020802020,20210708,2,172
2624,1,A,0,202020802020,20210708,2,173
2625,2,A,1,202020802020,20210708,2,174
2626,1,A,0,202020802020,20210708,2,175
2627,2,A,1,202020802020,20210708,2,176
2628,1,A,0,202020802020,20210708,2,177
2629,2,A,0,202020802020,20210708,2,178
2630,1,A,0,202020802020,20210708,2,179
2631,4,B,0,202020205080,20210708,3,0
2632,3,B,0,202020205080,20210708,3,1
2633,6,C,0,202020205080,20210708,3,2
2634,5,C,0,202020205080,20210708,3,3
2635,6,C,0,202020205080,20210708,3,4
2636,5,C,1,202020205080,20210708,3,5
2637,2,A,1,202020205080,20210708,3,6
2638,1,A,1,202020205080,20210708,3,7
2639,2,A,0,202020205080,20210708,3,8
2640,1,A,0,202020205080,20210708,3,9
2641,2,A,0,202020205080,20210708,3,10
2642,4,B,0,202020205080,20210708,3,11
2643,3,B,0,202020205080,20210708,3,12
2644,4,B,0,202020205080,20210708,3,13
2645,5,C,0,202020205080,20210708,3,14
2646,6,C,0,202020205080,20210708,3,15
2647,5,C,0,202020205080,20210708,3,16
2648,6,C,1,202020205080,20210708,3,17
2649,5,C,1,202020205080,20210708,3,18
2650,6,C,1,202020205080,20210708,3,19
2651,5,C,1,202020205080,20210708,3,20
2652,6,C,1,202020205080,20210708,3,21
2653,5,C,0,202020205080,20210708,3,22
2654,6,C,0,202020205080,20210708,3,23
2655,5,C,0,202020205080,20210708,3,24
2656,6,C,1,202020205080,20210708,3,25
2657,5,C,1,202020205080,20210708,3,26
2658,6,C,1,202020205080,20210708,3,27
2659,5,C,0,202020205080,20210708,3,28
2660,6,C,1,202020205080,20210708,3,29
2661,5,C,0,202020205080,20210708,3,30
2662,6,C,0,202020205080,20210708,3,31
2663,5,C,1,202020205080,20210708,3,32
2664,6,C,0,202020205080,20210708,3,33
2665,5,C,0,202020205080,20210708,3,34
2666,6,C,1,202020205080,20210708,3,35
2667,5,C,0,202020205080,20210708,3,36
2668,6,C,1,202020205080,20210708,3,37
2669,5,C,0,202020205080,20210708,3,38
2670,6,C,1,202020205080,20210708,3,39
2671,5,C,0,202020205080,20210708,3,40
2672,6,C,1,202020205080,20210708,3,41
2673,5,C,1,202020205080,20210708,3,42
2674,6,C,0,202020205080,20210708,3,43
2675,5,C,1,202020205080,20210708,3,44
2676,6,C,1,202020205080,20210708,3,45
2677,5,C,0,202020205080,20210708,3,46
2678,6,C,1,202020205080,20210708,3,47
2679,5,C,0,202020205080,20210708,3,48
2680,6,C,1,202020205080,20210708,3,49
2681,5,C,0,202020205080,20210708,3,50
2682,6,C,1,202020205080,20210708,3,51
2683,5,C,1,202020205080,20210708,3,52
2684,6,C,1,202020205080,20210708,3,53
2685,5,C,1,202020205080,20210708,3,54
2686,6,C,0,202020205080,20210708,3,55
2687,5,C,0,202020205080,20210708,3,56
2688,6,C,1,202020205080,20210708,3,57
2689,5,C,1,202020205080,20210708,3,58
2690,6,C,0,202020205080,20210708,3,59
2691,5,C,0,202080502020,20210708,3,60
2692,6,C,1,202080502020,20210708,3,61
2693,5,C,1,202080502020,20210708,3,62
2694,6,C,0,202080502020,20210708,3,63
2695,5,C,1,202080502020,20210708,3,64
2696,6,C,0,202080502020,20210708,3,65
2697,5,C,0,202080502020,20210708,3,66
2698,6,C,0,202080502020,20210708,3,67
2699,5,C,0,202080502020,20210708,3,68
2700,6,C,1,202080502020,20210708,3,69
2701,5,C,0,202080502020,20210708,3,70
2702,6,C,0,202080502020,20210708,3,71
2703,5,C,1,202080502020,20210708,3,72
2704,6,C,0,202080502020,20210708,3,73
2705,5,C,0,202080502020,20210708,3,74
2706,6,C,0,202080502020,20210708,3,75
2707,5,C,0,202080502020,20210708,3,76
2708,6,C,0,202080502020,20210708,3,77
2709,5,C,0,202080502020,20210708,3,78
2710,6,C,0,202080502020,20210708,3,79
2711,5,C,0,202080502020,20210708,3,80
2712,2,A,0,202080502020,20210708,3,81
2713,1,A,0,202080502020,20210708,3,82
2714,2,A,0,202080502020,20210708,3,83
2715,1,A,0,202080502020,20210708,3,84
2716,2,A,0,202080502020,20210708,3,85
2717,6,C,1,202080502020,20210708,3,86
2718,5,C,0,202080502020,20210708,3,87
2719,6,C,1,202080502020,20210708,3,88
2720,5,C,0,202080502020,20210708,3,89
2721,6,C,0,202080502020,20210708,3,90
2722,5,C,0,202080502020,20210708,3,91
2723,6,C,0,202080502020,20210708,3,92
2724,5,C,0,202080502020,20210708,3,93
2725,6,C,0,202080502020,20210708,3,94
2726,5,C,1,202080502020,20210708,3,95
2727,6,C,0,202080502020,20210708,3,96
2728,5,C,0,202080502020,20210708,3,97
2729,4,B,0,202080502020,20210708,3,98
2730,3,B,1,202080502020,20210708,3,99
2731,4,B,1,202080502020,20210708,3,100
2732,3,B,1,202080502020,20210708,3,101
2733,4,B,1,202080502020,20210708,3,102
2734,3,B,1,202080502020,20210708,3,103
2735,4,B,0,202080502020,20210708,3,104
2736,3,B,1,202080502020,20210708,3,105
2737,4,B,1,202080502020,20210708,3,106
2738,3,B,1,202080502020,20210708,3,107
2739,4,B,1,202080502020,20210708,3,108
2740,3,B,1,202080502020,20210708,3,109
2741,4,B,0,202080502020,20210708,3,110
2742,3,B,1,202080502020,20210708,3,111
2743,4,B,1,202080502020,20210708,3,112
2744,3,B,1,202080502020,20210708,3,113
2745,4,B,0,202080502020,20210708,3,114
2746,3,B,1,202080502020,20210708,3,115
2747,4,B,1,202080502020,20210708,3,116
2748,3,B,0,202080502020,20210708,3,117
2749,4,B,1,202080502020,20210708,3,118
2750,3,B,0,202080502020,20210708,3,119
2751,4,B,0,508020208020,20210708,3,120
2752,3,B,1,508020208020,20210708,3,121
2753,4,B,0,508020208020,20210708,3,122
2754,3,B,1,508020208020,20210708,3,123
2755,4,B,1,508020208020,20210708,3,124
2756,3,B,0,508020208020,20210708,3,125
2757,4,B,0,508020208020,20210708,3,126
2758,3,B,0,508020208020,20210708,3,127
2759,4,B,0,508020208020,20210708,3,128
2760,3,B,0,508020208020,20210708,3,129
2761,4,B,1,508020208020,20210708,3,130
2762,3,B,0,508020208020,20210708,3,131
2763,4,B,0,508020208020,20210708,3,132
2764,3,B,0,508020208020,20210708,3,133
2765,4,B,0,508020208020,20210708,3,134
2766,3,B,1,508020208020,20210708,3,135
2767,4,B,0,508020208020,20210708,3,136
2768,3,B,0,508020208020,20210708,3,137
2769,4,B,0,508020208020,20210708,3,138
2770,3,B,0,508020208020,20210708,3,139
2771,4,B,0,508020208020,20210708,3,140
2772,3,B,0,508020208020,20210708,3,141
2773,4,B,0,508020208020,20210708,3,142
2774,3,B,0,508020208020,20210708,3,143
2775,4,B,0,508020208020,20210708,3,144
2776,5,C,1,508020208020,20210708,3,145
2777,6,C,0,508020208020,20210708,3,146
2778,5,C,1,508020208020,20210708,3,147
2779,6,C,0,508020208020,20210708,3,148
2780,5,C,1,508020208020,20210708,3,149
2781,6,C,0,508020208020,20210708,3,150
2782,5,C,1,508020208020,20210708,3,151
2783,6,C,0,508020208020,20210708,3,152
2784,5,C,0,508020208020,20210708,3,153
2785,6,C,0,508020208020,20210708,3,154
2786,5,C,1,508020208020,20210708,3,155
2787,6,C,0,508020208020,20210708,3,156
2788,5,C,1,508020208020,20210708,3,157
2789,6,C,0,508020208020,20210708,3,158
2790,5,C,1,508020208020,20210708,3,159
2791,6,C,0,508020208020,20210708,3,160
2792,5,C,1,508020208020,20210708,3,161
2793,6,C,1,508020208020,20210708,3,162
2794,5,C,1,508020208020,20210708,3,163
2795,6,C,0,508020208020,20210708,3,164
2796,5,C,1,508020208020,20210708,3,165
2797,6,C,1,508020208020,20210708,3,166
2798,5,C,1,508020208020,20210708,3,167
2799,6,C,1,508020208020,20210708,3,168
2800,5,C,1,508020208020,20210708,3,169
2801,6,C,0,508020208020,20210708,3,170
2802,5,C,1,508020208020,20210708,3,171
2803,6,C,0,508020208020,20210708,3,172
2804,5,C,1,508020208020,20210708,3,173
2805,6,C,0,508020208020,20210708,3,174
2806,5,C,0,508020208020,20210708,3,175
2807,6,C,0,508020208020,20210708,3,176
2808,5,C,1,508020208020,20210708,3,177
2809,6,C,0,508020208020,20210708,3,178
2810,5,C,0,508020208020,20210708,3,179
2811,4,B,1,202050802050,20210708,4,0
2812,3,B,0,202050802050,20210708,4,1
2813,4,B,0,202050802050,20210708,4,2
2814,1,A,1,202050802050,20210708,4,3
2815,2,A,0,202050802050,20210708,4,4
2816,1,A,0,202050802050,20210708,4,5
2817,2,A,0,202050802050,20210708,4,6
2818,5,C,0,202050802050,20210708,4,7
2819,6,C,0,202050802050,20210708,4,8
2820,5,C,0,202050802050,20210708,4,9
2821,6,C,1,202050802050,20210708,4,10
2822,5,C,0,202050802050,20210708,4,11
2823,6,C,1,202050802050,20210708,4,12
2824,5,C,0,202050802050,20210708,4,13
2825,6,C,0,202050802050,20210708,4,14
2826,5,C,1,202050802050,20210708,4,15
2827,6,C,1,202050802050,20210708,4,16
2828,5,C,0,202050802050,20210708,4,17
2829,6,C,0,202050802050,20210708,4,18
2830,5,C,0,202050802050,20210708,4,19
2831,6,C,0,202050802050,20210708,4,20
2832,3,B,1,202050802050,20210708,4,21
2833,4,B,1,202050802050,20210708,4,22
2834,3,B,0,202050802050,20210708,4,23
2835,4,B,1,202050802050,20210708,4,24
2836,3,B,1,202050802050,20210708,4,25
2837,4,B,0,202050802050,20210708,4,26
2838,3,B,1,202050802050,20210708,4,27
2839,4,B,1,202050802050,20210708,4,28
2840,3,B,0,202050802050,20210708,4,29
2841,4,B,1,202050802050,20210708,4,30
2842,3,B,0,202050802050,20210708,4,31
2843,4,B,0,202050802050,20210708,4,32
2844,3,B,1,202050802050,20210708,4,33
2845,4,B,1,202050802050,20210708,4,34
2846,3,B,1,202050802050,20210708,4,35
2847,4,B,1,202050802050,20210708,4,36
2848,3,B,0,202050802050,20210708,4,37
2849,4,B,1,202050802050,20210708,4,38
2850,3,B,1,202050802050,20210708,4,39
2851,4,B,1,202050802050,20210708,4,40
2852,3,B,1,202050802050,20210708,4,41
2853,4,B,1,202050802050,20210708,4,42
2854,3,B,1,202050802050,20210708,4,43
2855,4,B,1,202050802050,20210708,4,44
2856,3,B,0,202050802050,20210708,4,45
2857,4,B,1,202050802050,20210708,4,46
2858,3,B,1,202050802050,20210708,4,47
2859,4,B,1,202050802050,20210708,4,48
2860,3,B,0,202050802050,20210708,4,49
2861,4,B,1,202050802050,20210708,4,50
2862,3,B,0,202050802050,20210708,4,51
2863,4,B,1,202050802050,20210708,4,52
2864,3,B,0,202050802050,20210708,4,53
2865,4,B,1,202050802050,20210708,4,54
2866,3,B,1,202050802050,20210708,4,55
2867,4,B,0,202050802050,20210708,4,56
2868,3,B,1,202050802050,20210708,4,57
2869,4,B,1,202050802050,20210708,4,58
2870,3,B,1,202050802050,20210708,4,59
2871,4,B,0,502020205080,20210708,4,60
2872,3,B,0,502020205080,20210708,4,61
2873,4,B,0,502020205080,20210708,4,62
2874,3,B,0,502020205080,20210708,4,63
2875,4,B,0,502020205080,20210708,4,64
2876,3,B,0,502020205080,20210708,4,65
2877,4,B,0,502020205080,20210708,4,66
2878,3,B,0,502020205080,20210708,4,67
2879,4,B,0,502020205080,20210708,4,68
2880,5,C,0,502020205080,20210708,4,69
2881,6,C,1,502020205080,20210708,4,70
2882,5,C,0,502020205080,20210708,4,71
2883,6,C,1,502020205080,20210708,4,72
2884,5,C,1,502020205080,20210708,4,73
2885,6,C,1,502020205080,20210708,4,74
2886,5,C,0,502020205080,20210708,4,75
2887,6,C,1,502020205080,20210708,4,76
2888,5,C,0,502020205080,20210708,4,77
2889,6,C,1,502020205080,20210708,4,78
2890,5,C,1,502020205080,20210708,4,79
2891,6,C,1,502020205080,20210708,4,80
2892,5,C,1,502020205080,20210708,4,81
2893,6,C,0,502020205080,20210708,4,82
2894,5,C,0,502020205080,20210708,4,83
2895,6,C,1,502020205080,20210708,4,84
2896,5,C,1,502020205080,20210708,4,85
2897,6,C,1,502020205080,20210708,4,86
2898,5,C,0,502020205080,20210708,4,87
2899,6,C,1,502020205080,20210708,4,88
2900,5,C,1,502020205080,20210708,4,89
2901,6,C,1,502020205080,20210708,4,90
2902,5,C,1,502020205080,20210708,4,91
2903,6,C,0,502020205080,20210708,4,92
2904,5,C,0,502020205080,20210708,4,93
2905,6,C,0,502020205080,20210708,4,94
2906,5,C,1,502020205080,20210708,4,95
2907,6,C,1,502020205080,20210708,4,96
2908,5,C,1,502020205080,20210708,4,97
2909,6,C,0,502020205080,20210708,4,98
2910,5,C,0,502020205080,20210708,4,99
2911,6,C,1,502020205080,20210708,4,100
2912,5,C,1,502020205080,20210708,4,101
2913,6,C,0,502020205080,20210708,4,102
2914,5,C,1,502020205080,20210708,4,103
2915,6,C,1,502020205080,20210708,4,104
2916,5,C,1,502020205080,20210708,4,105
2917,6,C,1,502020205080,20210708,4,106
2918,5,C,0,502020205080,20210708,4,107
2919,6,C,1,502020205080,20210708,4,108
2920,5,C,0,502020205080,20210708,4,109
2921,6,C,1,502020205080,20210708,4,110
2922,5,C,1,502020205080,20210708,4,111
2923,6,C,1,502020205080,20210708,4,112
2924,5,C,0,502020205080,20210708,4,113
2925,6,C,1,502020205080,20210708,4,114
2926,5,C,1,502020205080,20210708,4,115
2927,6,C,1,502020205080,20210708,4,116
2928,5,C,0,502020205080,20210708,4,117
2929,6,C,1,502020205080,20210708,4,118
2930,5,C,1,502020205080,20210708,4,119
2931,6,C,0,208020502020,20210708,4,120
2932,5,C,0,208020502020,20210708,4,121
2933,6,C,0,208020502020,20210708,4,122
2934,5,C,1,208020502020,20210708,4,123
2935,6,C,0,208020502020,20210708,4,124
2936,5,C,0,208020502020,20210708,4,125
2937,6,C,1,208020502020,20210708,4,126
2938,5,C,0,208020502020,20210708,4,127
2939,6,C,0,208020502020,20210708,4,128
2940,5,C,0,208020502020,20210708,4,129
2941,6,C,0,208020502020,20210708,4,130
2942,5,C,0,208020502020,20210708,4,131
2943,6,C,0,208020502020,20210708,4,132
2944,2,A,0,208020502020,20210708,4,133
2945,1,A,1,208020502020,20210708,4,134
2946,2,A,1,208020502020,20210708,4,135
2947,1,A,0,208020502020,20210708,4,136
2948,2,A,0,208020502020,20210708,4,137
2949,1,A,0,208020502020,20210708,4,138
2950,2,A,1,208020502020,20210708,4,139
2951,1,A,1,208020502020,20210708,4,140
2952,2,A,1,208020502020,20210708,4,141
2953,1,A,0,208020502020,20210708,4,142
2954,2,A,1,208020502020,20210708,4,143
2955,1,A,0,208020502020,20210708,4,144
2956,2,A,1,208020502020,20210708,4,145
2957,1,A,0,208020502020,20210708,4,146
2958,2,A,1,208020502020,20210708,4,147
2959,1,A,0,208020502020,20210708,4,148
2960,2,A,0,208020502020,20210708,4,149
2961,1,A,0,208020502020,20210708,4,150
2962,2,A,0,208020502020,20210708,4,151
2963,6,C,0,208020502020,20210708,4,152
2964,5,C,0,208020502020,20210708,4,153
2965,6,C,0,208020502020,20210708,4,154
2966,5,C,0,208020502020,20210708,4,155
2967,6,C,0,208020502020,20210708,4,156
2968,5,C,0,208020502020,20210708,4,157
2969,3,B,0,208020502020,20210708,4,158
2970,4,B,1,208020502020,20210708,4,159
2971,3,B,1,208020502020,20210708,4,160
2972,4,B,0,208020502020,20210708,4,161
2973,3,B,0,208020502020,20210708,4,162
2974,4,B,1,208020502020,20210708,4,163
2975,3,B,1,208020502020,20210708,4,164
2976,4,B,1,208020502020,20210708,4,165
2977,3,B,0,208020502020,20210708,4,166
2978,4,B,0,208020502020,20210708,4,167
2979,3,B,0,208020502020,20210708,4,168
2980,4,B,1,208020502020,20210708,4,169
2981,3,B,1,208020502020,20210708,4,170
2982,4,B,0,208020502020,20210708,4,171
2983,3,B,0,208020502020,20210708,4,172
2984,4,B,1,208020502020,20210708,4,173
2985,3,B,0,208020502020,20210708,4,174
2986,4,B,0,208020502020,20210708,4,175
2987,3,B,0,208020502020,20210708,4,176
2988,4,B,1,208020502020,20210708,4,177
2989,3,B,0,208020502020,20210708,4,178
2990,4,B,0,208020502020,20210708,4,179
2991,2,A,0,202080502080,20210708,5,0
2992,1,A,0,202080502080,20210708,5,1
2993,2,A,0,202080502080,20210708,5,2
2994,5,C,0,202080502080,20210708,5,3
2995,6,C,1,202080502080,20210708,5,4
2996,5,C,0,202080502080,20210708,5,5
2997,6,C,1,202080502080,20210708,5,6
2998,3,B,0,202080502080,20210708,5,7
2999,4,B,0,202080502080,20210708,5,8
3000,3,B,1,202080502080,20210708,5,9
3001,4,B,1,202080502080,20210708,5,10
3002,3,B,1,202080502080,20210708,5,11
3003,4,B,1,202080502080,20210708,5,12
3004,3,B,1,202080502080,20210708,5,13
3005,4,B,1,202080502080,20210708,5,14
3006,3,B,0,202080502080,20210708,5,15
3007,4,B,0,202080502080,20210708,5,16
3008,3,B,1,202080502080,20210708,5,17
3009,4,B,1,202080502080,20210708,5,18
3010,3,B,1,202080502080,20210708,5,19
3011,4,B,0,202080502080,20210708,5,20
3012,3,B,0,202080502080,20210708,5,21
3013,4,B,0,202080502080,20210708,5,22
3014,3,B,1,202080502080,20210708,5,23
3015,4,B,1,202080502080,20210708,5,24
3016,3,B,1,202080502080,20210708,5,25
3017,4,B,1,202080502080,20210708,5,26
3018,3,B,0,202080502080,20210708,5,27
3019,4,B,0,202080502080,20210708,5,28
3020,3,B,1,202080502080,20210708,5,29
3021,4,B,1,202080502080,20210708,5,30
3022,3,B,0,202080502080,20210708,5,31
3023,4,B,0,202080502080,20210708,5,32
3024,3,B,1,202080502080,20210708,5,33
3025,4,B,1,202080502080,20210708,5,34
3026,3,B,1,202080502080,20210708,5,35
3027,4,B,1,202080502080,20210708,5,36
3028,3,B,1,202080502080,20210708,5,37
3029,4,B,0,202080502080,20210708,5,38
3030,3,B,1,202080502080,20210708,5,39
3031,4,B,1,202080502080,20210708,5,40
3032,3,B,1,202080502080,20210708,5,41
3033,4,B,1,202080502080,20210708,5,42
3034,3,B,0,202080502080,20210708,5,43
3035,4,B,0,202080502080,20210708,5,44
3036,3,B,1,202080502080,20210708,5,45
3037,4,B,0,202080502080,20210708,5,46
3038,3,B,1,202080502080,20210708,5,47
3039,4,B,0,202080502080,20210708,5,48
3040,3,B,1,202080502080,20210708,5,49
3041,4,B,1,202080502080,20210708,5,50
3042,3,B,1,202080502080,20210708,5,51
3043,4,B,1,202080502080,20210708,5,52
3044,3,B,1,202080502080,20210708,5,53
3045,4,B,1,202080502080,20210708,5,54
3046,3,B,1,202080502080,20210708,5,55
3047,4,B,0,202080502080,20210708,5,56
3048,3,B,1,202080502080,20210708,5,57
3049,4,B,0,202080502080,20210708,5,58
3050,3,B,1,202080502080,20210708,5,59
3051,4,B,0,508020202020,20210708,5,60
3052,3,B,0,508020202020,20210708,5,61
3053,4,B,0,508020202020,20210708,5,62
3054,3,B,0,508020202020,20210708,5,63
3055,4,B,0,508020202020,20210708,5,64
3056,3,B,0,508020202020,20210708,5,65
3057,5,C,1,508020202020,20210708,5,66
3058,6,C,1,508020202020,20210708,5,67
3059,5,C,0,508020202020,20210708,5,68
3060,6,C,0,508020202020,20210708,5,69
3061,5,C,0,508020202020,20210708,5,70
3062,6,C,0,508020202020,20210708,5,71
3063,5,C,0,508020202020,20210708,5,72
3064,6,C,1,508020202020,20210708,5,73
3065,5,C,0,508020202020,20210708,5,74
3066,6,C,0,508020202020,20210708,5,75
3067,5,C,0,508020202020,20210708,5,76
3068,6,C,0,508020202020,20210708,5,77
3069,2,A,1,508020202020,20210708,5,78
3070,1,A,0,508020202020,20210708,5,79
3071,2,A,0,508020202020,20210708,5,80
3072,1,A,1,508020202020,20210708,5,81
3073,2,A,0,508020202020,20210708,5,82
3074,3,B,0,508020202020,20210708,5,83
3075,4,B,1,508020202020,20210708,5,84
3076,3,B,0,508020202020,20210708,5,85
3077,4,B,0,508020202020,20210708,5,86
3078,3,B,0,508020202020,20210708,5,87
3079,4,B,1,508020202020,20210708,5,88
3080,3,B,0,508020202020,20210708,5,89
3081,4,B,0,508020202020,20210708,5,90
3082,3,B,0,508020202020,20210708,5,91
3083,4,B,1,508020202020,20210708,5,92
3084,5,C,0,508020202020,20210708,5,93
3085,6,C,0,508020202020,20210708,5,94
3086,5,C,0,508020202020,20210708,5,95
3087,6,C,0,508020202020,20210708,5,96
3088,5,C,0,508020202020,20210708,5,97
3089,6,C,0,508020202020,20210708,5,98
3090,5,C,0,508020202020,20210708,5,99
3091,2,A,0,508020202020,20210708,5,100
3092,1,A,1,508020202020,20210708,5,101
3093,2,A,1,508020202020,20210708,5,102
3094,1,A,0,508020202020,20210708,5,103
3095,2,A,1,508020202020,20210708,5,104
3096,1,A,0,508020202020,20210708,5,105
3097,2,A,0,508020202020,20210708,5,106
3098,1,A,1,508020202020,20210708,5,107
3099,2,A,1,508020202020,20210708,5,108
3100,1,A,1,508020202020,20210708,5,109
3101,2,A,1,508020202020,20210708,5,110
3102,1,A,0,508020202020,20210708,5,111
3103,2,A,1,508020202020,20210708,5,112
3104,1,A,1,508020202020,20210708,5,113
3105,2,A,1,508020202020,20210708,5,114
3106,1,A,1,508020202020,20210708,5,115
3107,2,A,1,508020202020,20210708,5,116
3108,1,A,1,508020202020,20210708,5,117
3109,2,A,1,508020202020,20210708,5,118
3110,1,A,0,508020202020,20210708,5,119
3111,2,A,0,502080202020,20210708,5,120
3112,1,A,0,502080202020,20210708,5,121
3113,2,A,0,502080202020,20210708,5,122
3114,1,A,0,502080202020,20210708,5,123
3115,2,A,1,502080202020,20210708,5,124
3116,1,A,1,502080202020,20210708,5,125
3117,2,A,0,502080202020,20210708,5,126
3118,1,A,0,502080202020,20210708,5,127
3119,2,A,0,502080202020,20210708,5,128
3120,4,B,1,502080202020,20210708,5,129
3121,3,B,1,502080202020,20210708,5,130
3122,4,B,0,502080202020,20210708,5,131
3123,3,B,0,502080202020,20210708,5,132
3124,4,B,0,502080202020,20210708,5,133
3125,3,B,1,502080202020,20210708,5,134
3126,4,B,0,502080202020,20210708,5,135
3127,3,B,0,502080202020,20210708,5,136
3128,4,B,0,502080202020,20210708,5,137
3129,3,B,1,502080202020,20210708,5,138
3130,4,B,0,502080202020,20210708,5,139
3131,3,B,0,502080202020,20210708,5,140
3132,4,B,0,502080202020,20210708,5,141
3133,3,B,1,502080202020,20210708,5,142
3134,4,B,1,502080202020,20210708,5,143
3135,3,B,0,502080202020,20210708,5,144
3136,4,B,0,502080202020,20210708,5,145
3137,3,B,0,502080202020,20210708,5,146
3138,4,B,0,502080202020,20210708,5,147
3139,3,B,1,502080202020,20210708,5,148
3140,4,B,0,502080202020,20210708,5,149
3141,3,B,0,502080202020,20210708,5,150
3142,4,B,0,502080202020,20210708,5,151
3143,3,B,1,502080202020,20210708,5,152
3144,4,B,0,502080202020,20210708,5,153
3145,3,B,1,502080202020,20210708,5,154
3146,4,B,0,502080202020,20210708,5,155
3147,3,B,1,502080202020,20210708,5,156
3148,4,B,0,502080202020,20210708,5,157
3149,3,B,0,502080202020,20210708,5,158
3150,4,B,0,502080202020,20210708,5,159
3151,3,B,1,502080202020,20210708,5,160
3152,4,B,0,502080202020,20210708,5,161
3153,3,B,1,502080202020,20210708,5,162
3154,4,B,0,502080202020,20210708,5,163
3155,3,B,1,502080202020,20210708,5,164
3156,4,B,1,502080202020,20210708,5,165
3157,3,B,1,502080202020,20210708,5,166
3158,4,B,1,502080202020,20210708,5,167
3159,3,B,1,502080202020,20210708,5,168
3160,4,B,0,502080202020,20210708,5,169
3161,3,B,1,502080202020,20210708,5,170
3162,4,B,0,502080202020,20210708,5,171
3163,3,B,1,502080202020,20210708,5,172
3164,4,B,0,502080202020,20210708,5,173
3165,3,B,1,502080202020,20210708,5,174
3166,4,B,0,502080202020,20210708,5,175
3167,3,B,1,502080202020,20210708,5,176
3168,4,B,0,502080202020,20210708,5,177
3169,3,B,1,502080202020,20210708,5,178
3170,4,B,0,502080202020,20210708,5,179
3171,4,B,0,202020205020,20210708,6,0
3172,3,B,1,202020205020,20210708,6,1
3173,4,B,1,202020205020,20210708,6,2
3174,3,B,1,202020205020,20210708,6,3
3175,4,B,0,202020205020,20210708,6,4
3176,3,B,0,202020205020,20210708,6,5
3177,5,C,1,202020205020,20210708,6,6
3178,6,C,0,202020205020,20210708,6,7
3179,5,C,1,202020205020,20210708,6,8
3180,6,C,0,202020205020,20210708,6,9
3181,5,C,0,202020205020,20210708,6,10
3182,6,C,0,202020205020,20210708,6,11
3183,2,A,0,202020205020,20210708,6,12
3184,1,A,0,202020205020,20210708,6,13
3185,2,A,0,202020205020,20210708,6,14
3186,1,A,1,202020205020,20210708,6,15
3187,2,A,1,202020205020,20210708,6,16
3188,1,A,0,202020205020,20210708,6,17
3189,2,A,0,202020205020,20210708,6,18
3190,1,A,0,202020205020,20210708,6,19
3191,2,A,0,202020205020,20210708,6,20
3192,3,B,0,202020205020,20210708,6,21
3193,4,B,0,202020205020,20210708,6,22
3194,3,B,0,202020205020,20210708,6,23
3195,4,B,0,202020205020,20210708,6,24
3196,3,B,0,202020205020,20210708,6,25
3197,4,B,0,202020205020,20210708,6,26
3198,3,B,0,202020205020,20210708,6,27
3199,5,C,1,202020205020,20210708,6,28
3200,6,C,0,202020205020,20210708,6,29
3201,5,C,0,202020205020,20210708,6,30
3202,6,C,0,202020205020,20210708,6,31
3203,5,C,0,202020205020,20210708,6,32
3204,6,C,0,202020205020,20210708,6,33
3205,5,C,1,202020205020,20210708,6,34
3206,6,C,0,202020205020,20210708,6,35
3207,5,C,0,202020205020,20210708,6,36
3208,2,A,0,202020205020,20210708,6,37
3209,1,A,0,202020205020,20210708,6,38
3210,2,A,0,202020205020,20210708,6,39
3211,1,A,0,202020205020,20210708,6,40
3212,2,A,0,202020205020,20210708,6,41
3213,4,B,1,202020205020,20210708,6,42
3214,3,B,0,202020205020,20210708,6,43
3215,4,B,1,202020205020,20210708,6,44
3216,3,B,0,202020205020,20210708,6,45
3217,4,B,0,202020205020,20210708,6,46
3218,3,B,0,202020205020,20210708,6,47
3219,4,B,0,202020205020,20210708,6,48
3220,3,B,0,202020205020,20210708,6,49
3221,4,B,0,202020205020,20210708,6,50
3222,1,A,0,202020205020,20210708,6,51
3223,2,A,0,202020205020,20210708,6,52
3224,1,A,0,202020205020,20210708,6,53
3225,5,C,1,202020205020,20210708,6,54
3226,6,C,0,202020205020,20210708,6,55
3227,5,C,1,202020205020,20210708,6,56
3228,6,C,0,202020205020,20210708,6,57
3229,5,C,1,202020205020,20210708,6,58
3230,6,C,0,202020205020,20210708,6,59
3231,5,C,1,508050202050,20210708,6,60
3232,6,C,0,508050202050,20210708,6,61
3233,5,C,1,508050202050,20210708,6,62
3234,6,C,0,508050202050,20210708,6,63
3235,5,C,0,508050202050,20210708,6,64
3236,4,B,0,508050202050,20210708,6,65
3237,3,B,0,508050202050,20210708,6,66
3238,4,B,0,508050202050,20210708,6,67
3239,3,B,0,508050202050,20210708,6,68
3240,1,A,0,508050202050,20210708,6,69
3241,2,A,0,508050202050,20210708,6,70
3242,1,A,1,508050202050,20210708,6,71
3243,5,C,0,508050202050,20210708,6,72
3244,6,C,1,508050202050,20210708,6,73
3245,5,C,0,508050202050,20210708,6,74
3246,6,C,1,508050202050,20210708,6,75
3247,5,C,0,508050202050,20210708,6,76
3248,6,C,1,508050202050,20210708,6,77
3249,5,C,0,508050202050,20210708,6,78
3250,6,C,0,508050202050,20210708,6,79
3251,5,C,0,508050202050,20210708,6,80
3252,6,C,0,508050202050,20210708,6,81
3253,5,C,1,508050202050,20210708,6,82
3254,6,C,0,508050202050,20210708,6,83
3255,5,C,0,508050202050,20210708,6,84
3256,6,C,1,508050202050,20210708,6,85
3257,5,C,0,508050202050,20210708,6,86
3258,6,C,1,508050202050,20210708,6,87
3259,5,C,0,508050202050,20210708,6,88
3260,6,C,0,508050202050,20210708,6,89
3261,5,C,0,508050202050,20210708,6,90
3262,6,C,1,508050202050,20210708,6,91
3263,5,C,0,508050202050,20210708,6,92
3264,6,C,0,508050202050,20210708,6,93
3265,3,B,0,508050202050,20210708,6,94
3266,4,B,0,508050202050,20210708,6,95
3267,3,B,0,508050202050,20210708,6,96
3268,4,B,0,508050202050,20210708,6,97
3269,3,B,1,508050202050,20210708,6,98
3270,4,B,0,508050202050,20210708,6,99
3271,3,B,0,508050202050,20210708,6,100
3272,2,A,1,508050202050,20210708,6,101
3273,1,A,1,508050202050,20210708,6,102
3274,2,A,1,508050202050,20210708,6,103
3275,1,A,0,508050202050,20210708,6,104
3276,2,A,0,508050202050,20210708,6,105
3277,1,A,1,508050202050,20210708,6,106
3278,2,A,0,508050202050,20210708,6,107
3279,1,A,0,508050202050,20210708,6,108
3280,5,C,1,508050202050,20210708,6,109
3281,6,C,0,508050202050,20210708,6,110
3282,5,C,0,508050202050,20210708,6,111
3283,6,C,0,508050202050,20210708,6,112
3284,1,A,0,508050202050,20210708,6,113
3285,2,A,0,508050202050,20210708,6,114
3286,1,A,0,508050202050,20210708,6,115
3287,4,B,0,508050202050,20210708,6,116
3288,3,B,1,508050202050,20210708,6,117
3289,4,B,1,508050202050,20210708,6,118
3290,3,B,0,508050202050,20210708,6,119
3291,4,B,0,802080502050,20210708,6,120
3292,3,B,1,802080502050,20210708,6,121
3293,4,B,0,802080502050,20210708,6,122
3294,3,B,0,802080502050,20210708,6,123
3295,4,B,0,802080502050,20210708,6,124
3296,3,B,1,802080502050,20210708,6,125
3297,4,B,1,802080502050,20210708,6,126
3298,3,B,1,802080502050,20210708,6,127
3299,4,B,0,802080502050,20210708,6,128
3300,3,B,1,802080502050,20210708,6,129
3301,4,B,1,802080502050,20210708,6,130
3302,3,B,0,802080502050,20210708,6,131
3303,4,B,1,802080502050,20210708,6,132
3304,3,B,0,802080502050,20210708,6,133
3305,4,B,1,802080502050,20210708,6,134
3306,3,B,1,802080502050,20210708,6,135
3307,4,B,1,802080502050,20210708,6,136
3308,3,B,1,802080502050,20210708,6,137
3309,4,B,1,802080502050,20210708,6,138
3310,3,B,1,802080502050,20210708,6,139
3311,4,B,0,802080502050,20210708,6,140
3312,3,B,1,802080502050,20210708,6,141
3313,4,B,0,802080502050,20210708,6,142
3314,3,B,1,802080502050,20210708,6,143
3315,4,B,0,802080502050,20210708,6,144
3316,3,B,0,802080502050,20210708,6,145
3317,4,B,0,802080502050,20210708,6,146
3318,3,B,0,802080502050,20210708,6,147
3319,4,B,1,802080502050,20210708,6,148
3320,3,B,1,802080502050,20210708,6,149
3321,4,B,0,802080502050,20210708,6,150
3322,3,B,0,802080502050,20210708,6,151
3323,4,B,1,802080502050,20210708,6,152
3324,3,B,1,802080502050,20210708,6,153
3325,4,B,1,802080502050,20210708,6,154
3326,3,B,1,802080502050,20210708,6,155
3327,4,B,1,802080502050,20210708,6,156
3328,3,B,1,802080502050,20210708,6,157
3329,4,B,0,802080502050,20210708,6,158
3330,3,B,1,802080502050,20210708,6,159
3331,4,B,1,802080502050,20210708,6,160
3332,3,B,1,802080502050,20210708,6,161
3333,4,B,1,802080502050,20210708,6,162
3334,3,B,1,802080502050,20210708,6,163
3335,4,B,0,802080502050,20210708,6,164
3336,3,B,1,802080502050,20210708,6,165
3337,4,B,0,802080502050,20210708,6,166
3338,3,B,1,802080502050,20210708,6,167
3339,4,B,0,802080502050,20210708,6,168
3340,3,B,1,802080502050,20210708,6,169
3341,4,B,0,802080502050,20210708,6,170
3342,3,B,0,802080502050,20210708,6,171
3343,4,B,0,802080502050,20210708,6,172
3344,3,B,1,802080502050,20210708,6,173
3345,4,B,1,802080502050,20210708,6,174
3346,3,B,1,802080502050,20210708,6,175
3347,4,B,1,802080502050,20210708,6,176
3348,3,B,1,802080502050,20210708,6,177
3349,4,B,1,802080502050,20210708,6,178
3350,3,B,1,802080502050,20210708,6,179
3351,1,A,0,202020502080,20210708,7,0
3352,2,A,0,202020502080,20210708,7,1
3353,1,A,0,202020502080,20210708,7,2
3354,5,C,0,202020502080,20210708,7,3
3355,6,C,1,202020502080,20210708,7,4
3356,5,C,0,202020502080,20210708,7,5
3357,6,C,0,202020502080,20210708,7,6
3358,3,B,0,202020502080,20210708,7,7
3359,4,B,1,202020502080,20210708,7,8
3360,3,B,0,202020502080,20210708,7,9
3361,4,B,1,202020502080,20210708,7,10
3362,3,B,0,202020502080,20210708,7,11
3363,4,B,0,202020502080,20210708,7,12
3364,3,B,0,202020502080,20210708,7,13
3365,4,B,0,202020502080,20210708,7,14
3366,3,B,0,202020502080,20210708,7,15
3367,2,A,1,202020502080,20210708,7,16
3368,1,A,0,202020502080,20210708,7,17
3369,2,A,0,202020502080,20210708,7,18
3370,1,A,0,202020502080,20210708,7,19
3371,2,A,0,202020502080,20210708,7,20
3372,5,C,0,202020502080,20210708,7,21
3373,6,C,1,202020502080,20210708,7,22
3374,5,C,0,202020502080,20210708,7,23
3375,6,C,1,202020502080,20210708,7,24
3376,5,C,1,202020502080,20210708,7,25
3377,6,C,1,202020502080,20210708,7,26
3378,5,C,0,202020502080,20210708,7,27
3379,6,C,0,202020502080,20210708,7,28
3380,5,C,0,202020502080,20210708,7,29
3381,6,C,1,202020502080,20210708,7,30
3382,5,C,0,202020502080,20210708,7,31
3383,6,C,1,202020502080,20210708,7,32
3384,5,C,0,202020502080,20210708,7,33
3385,6,C,1,202020502080,20210708,7,34
3386,5,C,1,202020502080,20210708,7,35
3387,6,C,1,202020502080,20210708,7,36
3388,5,C,0,202020502080,20210708,7,37
3389,6,C,0,202020502080,20210708,7,38
3390,5,C,0,202020502080,20210708,7,39
3391,6,C,1,202020502080,20210708,7,40
3392,5,C,1,202020502080,20210708,7,41
3393,6,C,1,202020502080,20210708,7,42
3394,5,C,0,202020502080,20210708,7,43
3395,6,C,1,202020502080,20210708,7,44
3396,5,C,0,202020502080,20210708,7,45
3397,6,C,1,202020502080,20210708,7,46
3398,5,C,1,202020502080,20210708,7,47
3399,6,C,1,202020502080,20210708,7,48
3400,5,C,0,202020502080,20210708,7,49
3401,6,C,1,202020502080,20210708,7,50
3402,5,C,0,202020502080,20210708,7,51
3403,6,C,0,202020502080,20210708,7,52
3404,5,C,0,202020502080,20210708,7,53
3405,6,C,0,202020502080,20210708,7,54
3406,5,C,1,202020502080,20210708,7,55
3407,6,C,1,202020502080,20210708,7,56
3408,5,C,0,202020502080,20210708,7,57
3409,6,C,0,202020502080,20210708,7,58
3410,5,C,0,202020502080,20210708,7,59
3411,6,C,0,202080202050,20210708,7,60
3412,3,B,1,202080202050,20210708,7,61
3413,4,B,0,202080202050,20210708,7,62
3414,3,B,1,202080202050,20210708,7,63
3415,4,B,1,202080202050,20210708,7,64
3416,3,B,1,202080202050,20210708,7,65
3417,4,B,0,202080202050,20210708,7,66
3418,3,B,1,202080202050,20210708,7,67
3419,4,B,1,202080202050,20210708,7,68
3420,3,B,1,202080202050,20210708,7,69
3421,4,B,0,202080202050,20210708,7,70
3422,3,B,0,202080202050,20210708,7,71
3423,4,B,1,202080202050,20210708,7,72
3424,3,B,1,202080202050,20210708,7,73
3425,4,B,0,202080202050,20210708,7,74
3426,3,B,1,202080202050,20210708,7,75
3427,4,B,1,202080202050,20210708,7,76
3428,3,B,0,202080202050,20210708,7,77
3429,4,B,0,202080202050,20210708,7,78
3430,3,B,1,202080202050,20210708,7,79
3431,4,B,0,202080202050,20210708,7,80
3432,3,B,1,202080202050,20210708,7,81
3433,4,B,0,202080202050,20210708,7,82
3434,3,B,1,202080202050,20210708,7,83
3435,4,B,0,202080202050,20210708,7,84
3436,3,B,1,202080202050,20210708,7,85
3437,4,B,0,202080202050,20210708,7,86
3438,3,B,1,202080202050,20210708,7,87
3439,4,B,0,202080202050,20210708,7,88
3440,3,B,1,202080202050,20210708,7,89
3441,4,B,0,202080202050,20210708,7,90
3442,3,B,1,202080202050,20210708,7,91
3443,4,B,0,202080202050,20210708,7,92
3444,3,B,1,202080202050,20210708,7,93
3445,4,B,0,202080202050,20210708,7,94
3446,3,B,1,202080202050,20210708,7,95
3447,4,B,0,202080202050,20210708,7,96
3448,3,B,1,202080202050,20210708,7,97
3449,4,B,0,202080202050,20210708,7,98
3450,3,B,0,202080202050,20210708,7,99
3451,4,B,0,202080202050,20210708,7,100
3452,3,B,1,202080202050,20210708,7,101
3453,4,B,1,202080202050,20210708,7,102
3454,3,B,0,202080202050,20210708,7,103
3455,4,B,0,202080202050,20210708,7,104
3456,3,B,1,202080202050,20210708,7,105
3457,4,B,0,202080202050,20210708,7,106
3458,3,B,1,202080202050,20210708,7,107
3459,4,B,0,202080202050,20210708,7,108
3460,3,B,1,202080202050,20210708,7,109
3461,4,B,0,202080202050,20210708,7,110
3462,3,B,1,202080202050,20210708,7,111
3463,4,B,0,202080202050,20210708,7,112
3464,3,B,1,202080202050,20210708,7,113
3465,4,B,1,202080202050,20210708,7,114
3466,3,B,1,202080202050,20210708,7,115
3467,4,B,0,202080202050,20210708,7,116
3468,3,B,1,202080202050,20210708,7,117
3469,4,B,0,202080202050,20210708,7,118
3470,3,B,1,202080202050,20210708,7,119
3471,4,B,0,502020208020,20210708,7,120
3472,3,B,0,502020208020,20210708,7,121
3473,4,B,0,502020208020,20210708,7,122
3474,3,B,0,502020208020,20210708,7,123
3475,2,A,0,502020208020,20210708,7,124
3476,1,A,1,502020208020,20210708,7,125
3477,2,A,0,502020208020,20210708,7,126
3478,1,A,1,502020208020,20210708,7,127
3479,2,A,0,502020208020,20210708,7,128
3480,1,A,1,502020208020,20210708,7,129
3481,2,A,0,502020208020,20210708,7,130
3482,1,A,0,502020208020,20210708,7,131
3483,2,A,1,502020208020,20210708,7,132
3484,1,A,1,502020208020,20210708,7,133
3485,2,A,0,502020208020,20210708,7,134
3486,1,A,1,502020208020,20210708,7,135
3487,2,A,0,502020208020,20210708,7,136
3488,1,A,1,502020208020,20210708,7,137
3489,2,A,0,502020208020,20210708,7,138
3490,1,A,0,502020208020,20210708,7,139
3491,6,C,0,502020208020,20210708,7,140
3492,5,C,1,502020208020,20210708,7,141
3493,3,B,0,502020208020,20210708,7,142
3494,4,B,0,502020208020,20210708,7,143
3495,3,B,0,502020208020,20210708,7,144
3496,4,B,0,502020208020,20210708,7,145
3497,3,B,0,502020208020,20210708,7,146
3498,2,A,1,502020208020,20210708,7,147
3499,1,A,1,502020208020,20210708,7,148
3500,2,A,0,502020208020,20210708,7,149
3501,1,A,0,502020208020,20210708,7,150
3502,2,A,0,502020208020,20210708,7,151
3503,1,A,0,502020208020,20210708,7,152
3504,6,C,1,502020208020,20210708,7,153
3505,5,C,1,502020208020,20210708,7,154
3506,6,C,0,502020208020,20210708,7,155
3507,5,C,1,502020208020,20210708,7,156
3508,6,C,0,502020208020,20210708,7,157
3509,5,C,0,502020208020,20210708,7,158
3510,3,B,0,502020208020,20210708,7,159
3511,4,B,0,502020208020,20210708,7,160
3512,3,B,0,502020208020,20210708,7,161
3513,2,A,0,502020208020,20210708,7,162
3514,1,A,1,502020208020,20210708,7,163
3515,2,A,0,502020208020,20210708,7,164
3516,1,A,1,502020208020,20210708,7,165
3517,5,C,0,502020208020,20210708,7,166
3518,6,C,0,502020208020,20210708,7,167
3519,5,C,1,502020208020,20210708,7,168
3520,6,C,1,502020208020,20210708,7,169
3521,5,C,0,502020208020,20210708,7,170
3522,6,C,1,502020208020,20210708,7,171
3523,5,C,0,502020208020,20210708,7,172
3524,6,C,0,502020208020,20210708,7,173
3525,5,C,1,502020208020,20210708,7,174
3526,6,C,0,502020208020,20210708,7,175
3527,1,A,0,502020208020,20210708,7,176
3528,2,A,0,502020208020,20210708,7,177
3529,1,A,1,502020208020,20210708,7,178
3530,4,B,0,502020208020,20210708,7,179
3531,4,B,1,802050802020,20210708,8,0
3532,3,B,0,802050802020,20210708,8,1
3533,4,B,1,802050802020,20210708,8,2
3534,3,B,0,802050802020,20210708,8,3
3535,4,B,1,802050802020,20210708,8,4
3536,3,B,0,802050802020,20210708,8,5
3537,5,C,0,802050802020,20210708,8,6
3538,6,C,1,802050802020,20210708,8,7
3539,5,C,1,802050802020,20210708,8,8
3540,6,C,0,802050802020,20210708,8,9
3541,5,C,0,802050802020,20210708,8,10
3542,2,A,0,802050802020,20210708,8,11
3543,1,A,1,802050802020,20210708,8,12
3544,2,A,0,802050802020,20210708,8,13
3545,1,A,1,802050802020,20210708,8,14
3546,2,A,1,802050802020,20210708,8,15
3547,1,A,1,802050802020,20210708,8,16
3548,2,A,0,802050802020,20210708,8,17
3549,1,A,1,802050802020,20210708,8,18
3550,4,B,1,802050802020,20210708,8,19
3551,3,B,1,802050802020,20210708,8,20
3552,4,B,1,802050802020,20210708,8,21
3553,3,B,0,802050802020,20210708,8,22
3554,4,B,0,802050802020,20210708,8,23
3555,3,B,0,802050802020,20210708,8,24
3556,4,B,1,802050802020,20210708,8,25
3557,3,B,0,802050802020,20210708,8,26
3558,4,B,0,802050802020,20210708,8,27
3559,3,B,1,802050802020,20210708,8,28
3560,4,B,1,802050802020,20210708,8,29
3561,3,B,1,802050802020,20210708,8,30
3562,4,B,1,802050802020,20210708,8,31
3563,3,B,1,802050802020,20210708,8,32
3564,4,B,1,802050802020,20210708,8,33
3565,3,B,0,802050802020,20210708,8,34
3566,4,B,1,802050802020,20210708,8,35
3567,3,B,1,802050802020,20210708,8,36
3568,4,B,0,802050802020,20210708,8,37
3569,3,B,0,802050802020,20210708,8,38
3570,4,B,1,802050802020,20210708,8,39
3571,3,B,1,802050802020,20210708,8,40
3572,4,B,1,802050802020,20210708,8,41
3573,3,B,0,802050802020,20210708,8,42
3574,4,B,1,802050802020,20210708,8,43
3575,3,B,1,802050802020,20210708,8,44
3576,4,B,1,802050802020,20210708,8,45
3577,3,B,1,802050802020,20210708,8,46
3578,4,B,1,802050802020,20210708,8,47
3579,3,B,0,802050802020,20210708,8,48
3580,4,B,1,802050802020,20210708,8,49
3581,3,B,1,802050802020,20210708,8,50
3582,4,B,0,802050802020,20210708,8,51
3583,3,B,0,802050802020,20210708,8,52
3584,4,B,1,802050802020,20210708,8,53
3585,3,B,0,802050802020,20210708,8,54
3586,4,B,1,802050802020,20210708,8,55
3587,3,B,1,802050802020,20210708,8,56
3588,4,B,1,802050802020,20210708,8,57
3589,3,B,0,802050802020,20210708,8,58
3590,4,B,1,802050802020,20210708,8,59
3591,3,B,0,205050205080,20210708,8,60
3592,4,B,0,205050205080,20210708,8,61
3593,3,B,1,205050205080,20210708,8,62
3594,4,B,0,205050205080,20210708,8,63
3595,3,B,0,205050205080,20210708,8,64
3596,4,B,0,205050205080,20210708,8,65
3597,3,B,0,205050205080,20210708,8,66
3598,4,B,0,205050205080,20210708,8,67
3599,5,C,1,205050205080,20210708,8,68
3600,6,C,1,205050205080,20210708,8,69
3601,5,C,1,205050205080,20210708,8,70
3602,6,C,1,205050205080,20210708,8,71
3603,5,C,0,205050205080,20210708,8,72
3604,6,C,0,205050205080,20210708,8,73
3605,5,C,1,205050205080,20210708,8,74
3606,6,C,1,205050205080,20210708,8,75
3607,5,C,0,205050205080,20210708,8,76
3608,6,C,1,205050205080,20210708,8,77
3609,5,C,0,205050205080,20210708,8,78
3610,6,C,1,205050205080,20210708,8,79
3611,5,C,1,205050205080,20210708,8,80
3612,6,C,1,205050205080,20210708,8,81
3613,5,C,0,205050205080,20210708,8,82
3614,6,C,1,205050205080,20210708,8,83
3615,5,C,1,205050205080,20210708,8,84
3616,6,C,1,205050205080,20210708,8,85
3617,5,C,1,205050205080,20210708,8,86
3618,6,C,0,205050205080,20210708,8,87
3619,5,C,1,205050205080,20210708,8,88
3620,6,C,0,205050205080,20210708,8,89
3621,5,C,1,205050205080,20210708,8,90
3622,6,C,1,205050205080,20210708,8,91
3623,5,C,0,205050205080,20210708,8,92
3624,6,C,1,205050205080,20210708,8,93
3625,5,C,1,205050205080,20210708,8,94
3626,6,C,1,205050205080,20210708,8,95
3627,5,C,1,205050205080,20210708,8,96
3628,6,C,1,205050205080,20210708,8,97
3629,5,C,1,205050205080,20210708,8,98
3630,6,C,1,205050205080,20210708,8,99
3631,5,C,0,205050205080,20210708,8,100
3632,6,C,1,205050205080,20210708,8,101
3633,5,C,0,205050205080,20210708,8,102
3634,6,C,1,205050205080,20210708,8,103
3635,5,C,1,205050205080,20210708,8,104
3636,6,C,1,205050205080,20210708,8,105
3637,5,C,1,205050205080,20210708,8,106
3638,6,C,0,205050205080,20210708,8,107
3639,5,C,0,205050205080,20210708,8,108
3640,6,C,1,205050205080,20210708,8,109
3641,5,C,1,205050205080,20210708,8,110
3642,6,C,1,205050205080,20210708,8,111
3643,5,C,0,205050205080,20210708,8,112
3644,6,C,1,205050205080,20210708,8,113
3645,5,C,1,205050205080,20210708,8,114
3646,6,C,1,205050205080,20210708,8,115
3647,5,C,0,205050205080,20210708,8,116
3648,6,C,1,205050205080,20210708,8,117
3649,5,C,0,205050205080,20210708,8,118
3650,6,C,1,205050205080,20210708,8,119
3651,5,C,1,508020205020,20210708,8,120
3652,6,C,0,508020205020,20210708,8,121
3653,5,C,0,508020205020,20210708,8,122
3654,6,C,0,508020205020,20210708,8,123
3655,5,C,1,508020205020,20210708,8,124
3656,6,C,0,508020205020,20210708,8,125
3657,5,C,0,508020205020,20210708,8,126
3658,6,C,0,508020205020,20210708,8,127
3659,3,B,0,508020205020,20210708,8,128
3660,4,B,0,508020205020,20210708,8,129
3661,3,B,0,508020205020,20210708,8,130
3662,1,A,1,508020205020,20210708,8,131
3663,2,A,1,508020205020,20210708,8,132
3664,1,A,1,508020205020,20210708,8,133
3665,2,A,1,508020205020,20210708,8,134
3666,1,A,1,508020205020,20210708,8,135
3667,2,A,1,508020205020,20210708,8,136
3668,1,A,0,508020205020,20210708,8,137
3669,2,A,1,508020205020,20210708,8,138
3670,1,A,1,508020205020,20210708,8,139
3671,2,A,0,508020205020,20210708,8,140
3672,1,A,0,508020205020,20210708,8,141
3673,2,A,1,508020205020,20210708,8,142
3674,1,A,1,508020205020,20210708,8,143
3675,2,A,0,508020205020,20210708,8,144
3676,1,A,1,508020205020,20210708,8,145
3677,2,A,1,508020205020,20210708,8,146
3678,1,A,0,508020205020,20210708,8,147
3679,2,A,1,508020205020,20210708,8,148
3680,1,A,0,508020205020,20210708,8,149
3681,2,A,1,508020205020,20210708,8,150
3682,1,A,1,508020205020,20210708,8,151
3683,2,A,1,508020205020,20210708,8,152
3684,1,A,1,508020205020,20210708,8,153
3685,2,A,0,508020205020,20210708,8,154
3686,1,A,1,508020205020,20210708,8,155
3687,2,A,1,508020205020,20210708,8,156
3688,1,A,1,508020205020,20210708,8,157
3689,2,A,1,508020205020,20210708,8,158
3690,1,A,1,508020205020,20210708,8,159
3691,2,A,0,508020205020,20210708,8,160
3692,1,A,1,508020205020,20210708,8,161
3693,2,A,1,508020205020,20210708,8,162
3694,1,A,0,508020205020,20210708,8,163
3695,2,A,1,508020205020,20210708,8,164
3696,1,A,1,508020205020,20210708,8,165
3697,2,A,0,508020205020,20210708,8,166
3698,1,A,0,508020205020,20210708,8,167
3699,2,A,0,508020205020,20210708,8,168
3700,1,A,0,508020205020,20210708,8,169
3701,2,A,1,508020205020,20210708,8,170
3702,1,A,0,508020205020,20210708,8,171
3703,6,C,0,508020205020,20210708,8,172
3704,5,C,1,508020205020,20210708,8,173
3705,6,C,0,508020205020,20210708,8,174
3706,5,C,0,508020205020,20210708,8,175
3707,2,A,1,508020205020,20210708,8,176
3708,1,A,0,508020205020,20210708,8,177
3709,6,C,0,508020205020,20210708,8,178
3710,5,C,0,508020205020,20210708,8,179
3711,3,B,1,202050202080,20210709,1,0
3712,4,B,0,202050202080,20210709,1,1
3713,3,B,1,202050202080,20210709,1,2
3714,1,A,1,202050202080,20210709,1,3
3715,2,A,0,202050202080,20210709,1,4
3716,1,A,1,202050202080,20210709,1,5
3717,2,A,1,202050202080,20210709,1,6
3718,1,A,1,202050202080,20210709,1,7
3719,2,A,1,202050202080,20210709,1,8
3720,1,A,0,202050202080,20210709,1,9
3721,2,A,0,202050202080,20210709,1,10
3722,5,C,0,202050202080,20210709,1,11
3723,6,C,0,202050202080,20210709,1,12
3724,5,C,0,202050202080,20210709,1,13
3725,6,C,1,202050202080,20210709,1,14
3726,5,C,1,202050202080,20210709,1,15
3727,6,C,1,202050202080,20210709,1,16
3728,5,C,0,202050202080,20210709,1,17
3729,6,C,1,202050202080,20210709,1,18
3730,5,C,0,202050202080,20210709,1,19
3731,6,C,1,202050202080,20210709,1,20
3732,5,C,0,202050202080,20210709,1,21
3733,6,C,1,202050202080,20210709,1,22
3734,5,C,0,202050202080,20210709,1,23
3735,6,C,1,202050202080,20210709,1,24
3736,5,C,0,202050202080,20210709,1,25
3737,6,C,1,202050202080,20210709,1,26
3738,3,B,0,202050202080,20210709,1,27
3739,4,B,0,202050202080,20210709,1,28
3740,3,B,1,202050202080,20210709,1,29
3741,4,B,0,202050202080,20210709,1,30
3742,3,B,1,202050202080,20210709,1,31
3743,4,B,0,202050202080,20210709,1,32
3744,3,B,1,202050202080,20210709,1,33
3745,4,B,0,202050202080,20210709,1,34
3746,3,B,0,202050202080,20210709,1,35
3747,1,A,0,202050202080,20210709,1,36
3748,2,A,0,202050202080,20210709,1,37
3749,1,A,0,202050202080,20210709,1,38
3750,2,A,0,202050202080,20210709,1,39
3751,1,A,0,202050202080,20210709,1,40
3752,2,A,0,202050202080,20210709,1,41
3753,6,C,1,202050202080,20210709,1,42
3754,5,C,0,202050202080,20210709,1,43
3755,6,C,1,202050202080,20210709,1,44
3756,5,C,0,202050202080,20210709,1,45
3757,6,C,0,202050202080,20210709,1,46
3758,5,C,0,202050202080,20210709,1,47
3759,6,C,1,202050202080,20210709,1,48
3760,5,C,0,202050202080,20210709,1,49
3761,6,C,1,202050202080,20210709,1,50
3762,5,C,1,202050202080,20210709,1,51
3763,6,C,1,202050202080,20210709,1,52
3764,5,C,1,202050202080,20210709,1,53
3765,6,C,1,202050202080,20210709,1,54
3766,5,C,0,202050202080,20210709,1,55
3767,6,C,1,202050202080,20210709,1,56
3768,5,C,1,202050202080,20210709,1,57
3769,6,C,1,202050202080,20210709,1,58
3770,5,C,0,202050202080,20210709,1,59
3771,6,C,0,205050502020,20210709,1,60
3772,5,C,0,205050502020,20210709,1,61
3773,6,C,0,205050502020,20210709,1,62
3774,5,C,1,205050502020,20210709,1,63
3775,6,C,0,205050502020,20210709,1,64
3776,5,C,0,205050502020,20210709,1,65
3777,6,C,0,205050502020,20210709,1,66
3778,5,C,0,205050502020,20210709,1,67
3779,6,C,0,205050502020,20210709,1,68
3780,5,C,0,205050502020,20210709,1,69
3781,6,C,1,205050502020,20210709,1,70
3782,5,C,0,205050502020,20210709,1,71
3783,6,C,0,205050502020,20210709,1,72
3784,5,C,1,205050502020,20210709,1,73
3785,6,C,0,205050502020,20210709,1,74
3786,5,C,0,205050502020,20210709,1,75
3787,6,C,0,205050502020,20210709,1,76
3788,5,C,0,205050502020,20210709,1,77
3789,6,C,0,205050502020,20210709,1,78
3790,5,C,0,205050502020,20210709,1,79
3791,6,C,0,205050502020,20210709,1,80
3792,5,C,0,205050502020,20210709,1,81
3793,3,B,1,205050502020,20210709,1,82
3794,4,B,1,205050502020,20210709,1,83
3795,3,B,1,205050502020,20210709,1,84
3796,4,B,1,205050502020,20210709,1,85
3797,3,B,0,205050502020,20210709,1,86
3798,4,B,0,205050502020,20210709,1,87
3799,3,B,0,205050502020,20210709,1,88
3800,4,B,0,205050502020,20210709,1,89
3801,3,B,1,205050502020,20210709,1,90
3802,4,B,0,205050502020,20210709,1,91
3803,3,B,1,205050502020,20210709,1,92
3804,4,B,1,205050502020,20210709,1,93
3805,3,B,1,205050502020,20210709,1,94
3806,4,B,1,205050502020,20210709,1,95
3807,3,B,0,205050502020,20210709,1,96
3808,4,B,1,205050502020,20210709,1,97
3809,3,B,1,205050502020,20210709,1,98
3810,4,B,1,205050502020,20210709,1,99
3811,3,B,0,205050502020,20210709,1,100
3812,4,B,1,205050502020,20210709,1,101
3813,3,B,1,205050502020,20210709,1,102
3814,4,B,1,205050502020,20210709,1,103
3815,3,B,0,205050502020,20210709,1,104
3816,4,B,1,205050502020,20210709,1,105
3817,3,B,0,205050502020,20210709,1,106
3818,4,B,1,205050502020,20210709,1,107
3819,3,B,0,205050502020,20210709,1,108
3820,4,B,1,205050502020,20210709,1,109
3821,3,B,1,205050502020,20210709,1,110
3822,4,B,0,205050502020,20210709,1,111
3823,3,B,0,205050502020,20210709,1,112
3824,4,B,0,205050502020,20210709,1,113
3825,3,B,1,205050502020,20210709,1,114
3826,4,B,1,205050502020,20210709,1,115
3827,3,B,0,205050502020,20210709,1,116
3828,4,B,1,205050502020,20210709,1,117
3829,3,B,0,205050502020,20210709,1,118
3830,4,B,0,205050502020,20210709,1,119
3831,3,B,0,802020202050,20210709,1,120
3832,4,B,0,802020202050,20210709,1,121
3833,3,B,0,802020202050,20210709,1,122
3834,4,B,0,802020202050,20210709,1,123
3835,6,C,1,802020202050,20210709,1,124
3836,5,C,1,802020202050,20210709,1,125
3837,6,C,1,802020202050,20210709,1,126
3838,5,C,0,802020202050,20210709,1,127
3839,6,C,1,802020202050,20210709,1,128
3840,5,C,1,802020202050,20210709,1,129
3841,6,C,1,802020202050,20210709,1,130
3842,5,C,0,802020202050,20210709,1,131
3843,6,C,0,802020202050,20210709,1,132
3844,5,C,0,802020202050,20210709,1,133
3845,6,C,0,802020202050,20210709,1,134
3846,5,C,1,802020202050,20210709,1,135
3847,6,C,1,802020202050,20210709,1,136
3848,5,C,0,802020202050,20210709,1,137
3849,6,C,1,802020202050,20210709,1,138
3850,5,C,0,802020202050,20210709,1,139
3851,6,C,0,802020202050,20210709,1,140
3852,5,C,0,802020202050,20210709,1,141
3853,6,C,0,802020202050,20210709,1,142
3854,5,C,0,802020202050,20210709,1,143
3855,2,A,0,802020202050,20210709,1,144
3856,1,A,1,802020202050,20210709,1,145
3857,2,A,1,802020202050,20210709,1,146
3858,1,A,1,802020202050,20210709,1,147
3859,2,A,1,802020202050,20210709,1,148
3860,1,A,1,802020202050,20210709,1,149
3861,2,A,0,802020202050,20210709,1,150
3862,1,A,1,802020202050,20210709,1,151
3863,2,A,0,802020202050,20210709,1,152
3864,1,A,1,802020202050,20210709,1,153
3865,2,A,0,802020202050,20210709,1,154
3866,1,A,1,802020202050,20210709,1,155
3867,2,A,0,802020202050,20210709,1,156
3868,1,A,1,802020202050,20210709,1,157
3869,2,A,0,802020202050,20210709,1,158
3870,1,A,0,802020202050,20210709,1,159
3871,2,A,1,802020202050,20210709,1,160
3872,1,A,1,802020202050,20210709,1,161
3873,2,A,0,802020202050,20210709,1,162
3874,1,A,1,802020202050,20210709,1,163
3875,2,A,0,802020202050,20210709,1,164
3876,1,A,0,802020202050,20210709,1,165
3877,2,A,0,802020202050,20210709,1,166
3878,1,A,1,802020202050,20210709,1,167
3879,2,A,0,802020202050,20210709,1,168
3880,1,A,1,802020202050,20210709,1,169
3881,2,A,0,802020202050,20210709,1,170
3882,1,A,1,802020202050,20210709,1,171
3883,2,A,0,802020202050,20210709,1,172
3884,1,A,1,802020202050,20210709,1,173
3885,2,A,0,802020202050,20210709,1,174
3886,1,A,1,802020202050,20210709,1,175
3887,2,A,0,802020202050,20210709,1,176
3888,1,A,1,802020202050,20210709,1,177
3889,2,A,0,802020202050,20210709,1,178
3890,1,A,0,802020202050,20210709,1,179
3891,3,B,0,508020802020,20210709,2,0
3892,4,B,1,508020802020,20210709,2,1
3893,3,B,0,508020802020,20210709,2,2
3894,4,B,1,508020802020,20210709,2,3
3895,1,A,1,508020802020,20210709,2,4
3896,2,A,1,508020802020,20210709,2,5
3897,1,A,1,508020802020,20210709,2,6
3898,2,A,1,508020802020,20210709,2,7
3899,1,A,1,508020802020,20210709,2,8
3900,2,A,1,508020802020,20210709,2,9
3901,1,A,0,508020802020,20210709,2,10
3902,2,A,1,508020802020,20210709,2,11
3903,1,A,1,508020802020,20210709,2,12
3904,2,A,0,508020802020,20210709,2,13
3905,1,A,0,508020802020,20210709,2,14
3906,2,A,1,508020802020,20210709,2,15
3907,1,A,0,508020802020,20210709,2,16
3908,2,A,1,508020802020,20210709,2,17
3909,1,A,0,508020802020,20210709,2,18
3910,2,A,1,508020802020,20210709,2,19
3911,1,A,1,508020802020,20210709,2,20
3912,2,A,1,508020802020,20210709,2,21
3913,1,A,0,508020802020,20210709,2,22
3914,2,A,1,508020802020,20210709,2,23
3915,1,A,1,508020802020,20210709,2,24
3916,2,A,1,508020802020,20210709,2,25
3917,1,A,1,508020802020,20210709,2,26
3918,2,A,0,508020802020,20210709,2,27
3919,1,A,0,508020802020,20210709,2,28
3920,2,A,1,508020802020,20210709,2,29
3921,1,A,1,508020802020,20210709,2,30
3922,2,A,1,508020802020,20210709,2,31
3923,1,A,0,508020802020,20210709,2,32
3924,2,A,1,508020802020,20210709,2,33
3925,1,A,0,508020802020,20210709,2,34
3926,2,A,1,508020802020,20210709,2,35
3927,1,A,0,508020802020,20210709,2,36
3928,2,A,1,508020802020,20210709,2,37
3929,1,A,0,508020802020,20210709,2,38
3930,2,A,1,508020802020,20210709,2,39
3931,1,A,0,508020802020,20210709,2,40
3932,2,A,0,508020802020,20210709,2,41
3933,1,A,0,508020802020,20210709,2,42
3934,2,A,0,508020802020,20210709,2,43
3935,1,A,1,508020802020,20210709,2,44
3936,2,A,0,508020802020,20210709,2,45
3937,1,A,0,508020802020,20210709,2,46
3938,2,A,1,508020802020,20210709,2,47
3939,1,A,1,508020802020,20210709,2,48
3940,2,A,1,508020802020,20210709,2,49
3941,1,A,1,508020802020,20210709,2,50
3942,2,A,1,508020802020,20210709,2,51
3943,1,A,1,508020802020,20210709,2,52
3944,2,A,0,508020802020,20210709,2,53
3945,1,A,0,508020802020,20210709,2,54
3946,2,A,1,508020802020,20210709,2,55
3947,1,A,1,508020802020,20210709,2,56
3948,2,A,1,508020802020,20210709,2,57
3949,1,A,1,508020802020,20210709,2,58
3950,2,A,1,508020802020,20210709,2,59
3951,1,A,1,202050202020,20210709,2,60
3952,2,A,0,202050202020,20210709,2,61
3953,1,A,0,202050202020,20210709,2,62
3954,2,A,0,202050202020,20210709,2,63
3955,1,A,0,202050202020,20210709,2,64
3956,2,A,0,202050202020,20210709,2,65
3957,1,A,0,202050202020,20210709,2,66
3958,5,C,0,202050202020,20210709,2,67
3959,6,C,0,202050202020,20210709,2,68
3960,5,C,0,202050202020,20210709,2,69
3961,6,C,0,202050202020,20210709,2,70
3962,5,C,1,202050202020,20210709,2,71
3963,6,C,0,202050202020,20210709,2,72
3964,5,C,0,202050202020,20210709,2,73
3965,6,C,0,202050202020,20210709,2,74
3966,5,C,1,202050202020,20210709,2,75
3967,6,C,0,202050202020,20210709,2,76
3968,5,C,0,202050202020,20210709,2,77
3969,4,B,1,202050202020,20210709,2,78
3970,3,B,1,202050202020,20210709,2,79
3971,4,B,0,202050202020,20210709,2,80
3972,3,B,1,202050202020,20210709,2,81
3973,4,B,0,202050202020,20210709,2,82
3974,3,B,1,202050202020,20210709,2,83
3975,4,B,0,202050202020,20210709,2,84
3976,3,B,0,202050202020,20210709,2,85
3977,4,B,0,202050202020,20210709,2,86
3978,3,B,1,202050202020,20210709,2,87
3979,4,B,0,202050202020,20210709,2,88
3980,3,B,1,202050202020,20210709,2,89
3981,4,B,0,202050202020,20210709,2,90
3982,3,B,1,202050202020,20210709,2,91
3983,4,B,0,202050202020,20210709,2,92
3984,3,B,1,202050202020,20210709,2,93
3985,4,B,0,202050202020,20210709,2,94
3986,3,B,0,202050202020,20210709,2,95
3987,4,B,0,202050202020,20210709,2,96
3988,3,B,0,202050202020,20210709,2,97
3989,5,C,0,202050202020,20210709,2,98
3990,6,C,0,202050202020,20210709,2,99
3991,5,C,0,202050202020,20210709,2,100
3992,6,C,1,202050202020,20210709,2,101
3993,5,C,1,202050202020,20210709,2,102
3994,6,C,0,202050202020,20210709,2,103
3995,5,C,1,202050202020,20210709,2,104
3996,6,C,0,202050202020,20210709,2,105
3997,5,C,0,202050202020,20210709,2,106
3998,6,C,1,202050202020,20210709,2,107
3999,5,C,0,202050202020,20210709,2,108
4000,6,C,1,202050202020,20210709,2,109
4001,5,C,0,202050202020,20210709,2,110
4002,6,C,0,202050202020,20210709,2,111
4003,5,C,1,202050202020,20210709,2,112
4004,6,C,1,202050202020,20210709,2,113
4005,5,C,0,202050202020,20210709,2,114
4006,6,C,0,202050202020,20210709,2,115
4007,5,C,0,202050202020,20210709,2,116
4008,6,C,0,202050202020,20210709,2,117
4009,5,C,1,202050202020,20210709,2,118
4010,6,C,0,202050202020,20210709,2,119
4011,5,C,0,502020202080,20210709,2,120
4012,2,A,0,502020202080,20210709,2,121
4013,1,A,1,502020202080,20210709,2,122
4014,2,A,0,502020202080,20210709,2,123
4015,1,A,0,502020202080,20210709,2,124
4016,2,A,0,502020202080,20210709,2,125
4017,1,A,0,502020202080,20210709,2,126
4018,2,A,0,502020202080,20210709,2,127
4019,1,A,1,502020202080,20210709,2,128
4020,2,A,0,502020202080,20210709,2,129
4021,1,A,1,502020202080,20210709,2,130
4022,2,A,1,502020202080,20210709,2,131
4023,1,A,1,502020202080,20210709,2,132
4024,2,A,0,502020202080,20210709,2,133
4025,1,A,0,502020202080,20210709,2,134
4026,2,A,0,502020202080,20210709,2,135
4027,1,A,0,502020202080,20210709,2,136
4028,2,A,0,502020202080,20210709,2,137
4029,1,A,0,502020202080,20210709,2,138
4030,3,B,0,502020202080,20210709,2,139
4031,4,B,0,502020202080,20210709,2,140
4032,3,B,0,502020202080,20210709,2,141
4033,4,B,0,502020202080,20210709,2,142
4034,3,B,1,502020202080,20210709,2,143
4035,4,B,0,502020202080,20210709,2,144
4036,3,B,1,502020202080,20210709,2,145
4037,4,B,0,502020202080,20210709,2,146
4038,3,B,0,502020202080,20210709,2,147
4039,4,B,0,502020202080,20210709,2,148
4040,3,B,0,502020202080,20210709,2,149
4041,5,C,0,502020202080,20210709,2,150
4042,6,C,0,502020202080,20210709,2,151
4043,5,C,0,502020202080,20210709,2,152
4044,6,C,1,502020202080,20210709,2,153
4045,5,C,0,502020202080,20210709,2,154
4046,6,C,1,502020202080,20210709,2,155
4047,5,C,1,502020202080,20210709,2,156
4048,6,C,0,502020202080,20210709,2,157
4049,5,C,0,502020202080,20210709,2,158
4050,6,C,1,502020202080,20210709,2,159
4051,5,C,1,502020202080,20210709,2,160
4052,6,C,0,502020202080,20210709,2,161
4053,5,C,0,502020202080,20210709,2,162
4054,6,C,1,502020202080,20210709,2,163
4055,5,C,1,502020202080,20210709,2,164
4056,6,C,1,502020202080,20210709,2,165
4057,5,C,1,502020202080,20210709,2,166
4058,6,C,0,502020202080,20210709,2,167
4059,5,C,0,502020202080,20210709,2,168
4060,6,C,0,502020202080,20210709,2,169
4061,5,C,1,502020202080,20210709,2,170
4062,6,C,1,502020202080,20210709,2,171
4063,5,C,0,502020202080,20210709,2,172
4064,6,C,0,502020202080,20210709,2,173
4065,5,C,0,502020202080,20210709,2,174
4066,6,C,1,502020202080,20210709,2,175
4067,5,C,0,502020202080,20210709,2,176
4068,6,C,1,502020202080,20210709,2,177
4069,5,C,1,502020202080,20210709,2,178
4070,6,C,1,502020202080,20210709,2,179
4071,3,B,0,805050202020,20210709,3,0
4072,4,B,0,805050202020,20210709,3,1
4073,2,A,1,805050202020,20210709,3,2
4074,1,A,1,805050202020,20210709,3,3
4075,2,A,0,805050202020,20210709,3,4
4076,1,A,1,805050202020,20210709,3,5
4077,2,A,0,805050202020,20210709,3,6
4078,1,A,1,805050202020,20210709,3,7
4079,2,A,0,805050202020,20210709,3,8
4080,1,A,1,805050202020,20210709,3,9
4081,2,A,1,805050202020,20210709,3,10
4082,1,A,1,805050202020,20210709,3,11
4083,2,A,0,805050202020,20210709,3,12
4084,1,A,1,805050202020,20210709,3,13
4085,2,A,0,805050202020,20210709,3,14
4086,1,A,0,805050202020,20210709,3,15
4087,2,A,1,805050202020,20210709,3,16
4088,1,A,1,805050202020,20210709,3,17
4089,2,A,1,805050202020,20210709,3,18
4090,1,A,1,805050202020,20210709,3,19
4091,2,A,1,805050202020,20210709,3,20
4092,1,A,1,805050202020,20210709,3,21
4093,2,A,1,805050202020,20210709,3,22
4094,1,A,1,805050202020,20210709,3,23
4095,2,A,0,805050202020,20210709,3,24
4096,1,A,1,805050202020,20210709,3,25
4097,2,A,0,805050202020,20210709,3,26
4098,1,A,0,805050202020,20210709,3,27
4099,2,A,0,805050202020,20210709,3,28
4100,1,A,1,805050202020,20210709,3,29
4101,2,A,1,805050202020,20210709,3,30
4102,1,A,1,805050202020,20210709,3,31
4103,2,A,1,805050202020,20210709,3,32
4104,1,A,1,805050202020,20210709,3,33
4105,2,A,1,805050202020,20210709,3,34
4106,1,A,1,805050202020,20210709,3,35
4107,2,A,1,805050202020,20210709,3,36
4108,1,A,1,805050202020,20210709,3,37
4109,2,A,1,805050202020,20210709,3,38
4110,1,A,1,805050202020,20210709,3,39
4111,2,A,1,805050202020,20210709,3,40
4112,1,A,1,805050202020,20210709,3,41
4113,2,A,0,805050202020,20210709,3,42
4114,1,A,0,805050202020,20210709,3,43
4115,2,A,0,805050202020,20210709,3,44
4116,1,A,1,805050202020,20210709,3,45
4117,2,A,0,805050202020,20210709,3,46
4118,1,A,1,805050202020,20210709,3,47
4119,2,A,0,805050202020,20210709,3,48
4120,1,A,1,805050202020,20210709,3,49
4121,2,A,0,805050202020,20210709,3,50
4122,1,A,1,805050202020,20210709,3,51
4123,2,A,0,805050202020,20210709,3,52
4124,1,A,1,805050202020,20210709,3,53
4125,2,A,0,805050202020,20210709,3,54
4126,1,A,1,805050202020,20210709,3,55
4127,2,A,0,805050202020,20210709,3,56
4128,1,A,1,805050202020,20210709,3,57
4129,2,A,0,805050202020,20210709,3,58
4130,1,A,1,805050202020,20210709,3,59
4131,2,A,0,202080202050,20210709,3,60
4132,1,A,0,202080202050,20210709,3,61
4133,5,C,0,202080202050,20210709,3,62
4134,6,C,1,202080202050,20210709,3,63
4135,5,C,1,202080202050,20210709,3,64
4136,6,C,1,202080202050,20210709,3,65
4137,5,C,0,202080202050,20210709,3,66
4138,6,C,1,202080202050,20210709,3,67
4139,5,C,0,202080202050,20210709,3,68
4140,6,C,1,202080202050,20210709,3,69
4141,5,C,0,202080202050,20210709,3,70
4142,6,C,0,202080202050,20210709,3,71
4143,5,C,1,202080202050,20210709,3,72
4144,6,C,1,202080202050,20210709,3,73
4145,5,C,0,202080202050,20210709,3,74
4146,6,C,0,202080202050,20210709,3,75
4147,5,C,0,202080202050,20210709,3,76
4148,6,C,0,202080202050,20210709,3,77
4149,5,C,0,202080202050,20210709,3,78
4150,2,A,0,202080202050,20210709,3,79
4151,1,A,0,202080202050,20210709,3,80
4152,2,A,0,202080202050,20210709,3,81
4153,1,A,0,202080202050,20210709,3,82
4154,2,A,0,202080202050,20210709,3,83
4155,1,A,0,202080202050,20210709,3,84
4156,3,B,1,202080202050,20210709,3,85
4157,4,B,0,202080202050,20210709,3,86
4158,3,B,1,202080202050,20210709,3,87
4159,4,B,0,202080202050,20210709,3,88
4160,3,B,1,202080202050,20210709,3,89
4161,4,B,1,202080202050,20210709,3,90
4162,3,B,1,202080202050,20210709,3,91
4163,4,B,1,202080202050,20210709,3,92
4164,3,B,1,202080202050,20210709,3,93
4165,4,B,1,202080202050,20210709,3,94
4166,3,B,1,202080202050,20210709,3,95
4167,4,B,0,202080202050,20210709,3,96
4168,3,B,1,202080202050,20210709,3,97
4169,4,B,1,202080202050,20210709,3,98
4170,3,B,1,202080202050,20210709,3,99
4171,4,B,0,202080202050,20210709,3,100
4172,3,B,1,202080202050,20210709,3,101
4173,4,B,0,202080202050,20210709,3,102
4174,3,B,1,202080202050,20210709,3,103
4175,4,B,0,202080202050,20210709,3,104
4176,3,B,0,202080202050,20210709,3,105
4177,4,B,0,202080202050,20210709,3,106
4178,3,B,1,202080202050,20210709,3,107
4179,4,B,1,202080202050,20210709,3,108
4180,3,B,1,202080202050,20210709,3,109
4181,4,B,0,202080202050,20210709,3,110
4182,3,B,0,202080202050,20210709,3,111
4183,4,B,0,202080202050,20210709,3,112
4184,3,B,1,202080202050,20210709,3,113
4185,4,B,0,202080202050,20210709,3,114
4186,3,B,1,202080202050,20210709,3,115
4187,4,B,1,202080202050,20210709,3,116
4188,3,B,1,202080202050,20210709,3,117
4189,4,B,0,202080202050,20210709,3,118
4190,3,B,1,202080202050,20210709,3,119
4191,4,B,0,502020202020,20210709,3,120
4192,3,B,0,502020202020,20210709,3,121
4193,4,B,1,502020202020,20210709,3,122
4194,3,B,0,502020202020,20210709,3,123
4195,4,B,0,502020202020,20210709,3,124
4196,3,B,0,502020202020,20210709,3,125
4197,4,B,1,502020202020,20210709,3,126
4198,3,B,0,502020202020,20210709,3,127
4199,4,B,0,502020202020,20210709,3,128
4200,3,B,0,502020202020,20210709,3,129
4201,4,B,0,502020202020,20210709,3,130
4202,3,B,0,502020202020,20210709,3,131
4203,5,C,0,502020202020,20210709,3,132
4204,6,C,0,502020202020,20210709,3,133
4205,5,C,0,502020202020,20210709,3,134
4206,6,C,0,502020202020,20210709,3,135
4207,5,C,0,502020202020,20210709,3,136
4208,6,C,0,502020202020,20210709,3,137
4209,1,A,0,502020202020,20210709,3,138
4210,2,A,1,502020202020,20210709,3,139
4211,1,A,1,502020202020,20210709,3,140
4212,2,A,0,502020202020,20210709,3,141
4213,1,A,0,502020202020,20210709,3,142
4214,2,A,0,502020202020,20210709,3,143
4215,1,A,0,502020202020,20210709,3,144
4216,2,A,0,502020202020,20210709,3,145
4217,1,A,0,502020202020,20210709,3,146
4218,3,B,0,502020202020,20210709,3,147
4219,4,B,0,502020202020,20210709,3,148
4220,3,B,0,502020202020,20210709,3,149
4221,4,B,1,502020202020,20210709,3,150
4222,3,B,0,502020202020,20210709,3,151
4223,4,B,1,502020202020,20210709,3,152
4224,3,B,0,502020202020,20210709,3,153
4225,4,B,1,502020202020,20210709,3,154
4226,3,B,0,502020202020,20210709,3,155
4227,4,B,0,502020202020,20210709,3,156
4228,3,B,0,502020202020,20210709,3,157
4229,4,B,0,502020202020,20210709,3,158
4230,3,B,0,502020202020,20210709,3,159
4231,4,B,1,502020202020,20210709,3,160
4232,3,B,1,502020202020,20210709,3,161
4233,4,B,0,502020202020,20210709,3,162
4234,3,B,0,502020202020,20210709,3,163
4235,4,B,0,502020202020,20210709,3,164
4236,3,B,0,502020202020,20210709,3,165
4237,4,B,1,502020202020,20210709,3,166
4238,3,B,0,502020202020,20210709,3,167
4239,4,B,1,502020202020,20210709,3,168
4240,3,B,0,502020202020,20210709,3,169
4241,4,B,0,502020202020,20210709,3,170
4242,3,B,1,502020202020,20210709,3,171
4243,4,B,0,502020202020,20210709,3,172
4244,3,B,0,502020202020,20210709,3,173
4245,4,B,0,502020202020,20210709,3,174
4246,3,B,0,502020202020,20210709,3,175
4247,4,B,0,502020202020,20210709,3,176
4248,3,B,0,502020202020,20210709,3,177
4249,4,B,0,502020202020,20210709,3,178
4250,2,A,0,502020202020,20210709,3,179
4251,3,B,0,205020802020,20210709,4,0
4252,4,B,1,205020802020,20210709,4,1
4253,6,C,0,205020802020,20210709,4,2
4254,5,C,1,205020802020,20210709,4,3
4255,6,C,0,205020802020,20210709,4,4
4256,5,C,0,205020802020,20210709,4,5
4257,6,C,0,205020802020,20210709,4,6
4258,5,C,0,205020802020,20210709,4,7
4259,2,A,1,205020802020,20210709,4,8
4260,1,A,0,205020802020,20210709,4,9
4261,2,A,0,205020802020,20210709,4,10
4262,1,A,0,205020802020,20210709,4,11
4263,4,B,1,205020802020,20210709,4,12
4264,3,B,0,205020802020,20210709,4,13
4265,4,B,1,205020802020,20210709,4,14
4266,3,B,1,205020802020,20210709,4,15
4267,4,B,1,205020802020,20210709,4,16
4268,3,B,1,205020802020,20210709,4,17
4269,4,B,1,205020802020,20210709,4,18
4270,3,B,0,205020802020,20210709,4,19
4271,4,B,1,205020802020,20210709,4,20
4272,3,B,0,205020802020,20210709,4,21
4273,4,B,1,205020802020,20210709,4,22
4274,3,B,0,205020802020,20210709,4,23
4275,4,B,1,205020802020,20210709,4,24
4276,3,B,0,205020802020,20210709,4,25
4277,4,B,1,205020802020,20210709,4,26
4278,3,B,0,205020802020,20210709,4,27
4279,4,B,1,205020802020,20210709,4,28
4280,5,C,0,205020802020,20210709,4,29
4281,6,C,1,205020802020,20210709,4,30
4282,5,C,0,205020802020,20210709,4,31
4283,6,C,0,205020802020,20210709,4,32
4284,5,C,0,205020802020,20210709,4,33
4285,6,C,0,205020802020,20210709,4,34
4286,2,A,1,205020802020,20210709,4,35
4287,1,A,0,205020802020,20210709,4,36
4288,2,A,1,205020802020,20210709,4,37
4289,1,A,0,205020802020,20210709,4,38
4290,2,A,1,205020802020,20210709,4,39
4291,1,A,1,205020802020,20210709,4,40
4292,2,A,1,205020802020,20210709,4,41
4293,1,A,0,205020802020,20210709,4,42
4294,2,A,0,205020802020,20210709,4,43
4295,1,A,0,205020802020,20210709,4,44
4296,2,A,1,205020802020,20210709,4,45
4297,1,A,0,205020802020,20210709,4,46
4298,2,A,1,205020802020,20210709,4,47
4299,1,A,0,205020802020,20210709,4,48
4300,2,A,1,205020802020,20210709,4,49
4301,1,A,0,205020802020,20210709,4,50
4302,2,A,0,205020802020,20210709,4,51
4303,1,A,0,205020802020,20210709,4,52
4304,2,A,1,205020802020,20210709,4,53
4305,4,B,1,205020802020,20210709,4,54
4306,3,B,0,205020802020,20210709,4,55
4307,4,B,1,205020802020,20210709,4,56
4308,3,B,0,205020802020,20210709,4,57
4309,4,B,1,205020802020,20210709,4,58
4310,3,B,1,205020802020,20210709,4,59
4311,4,B,0,205020208050,20210709,4,60
4312,3,B,1,205020208050,20210709,4,61
4313,4,B,0,205020208050,20210709,4,62
4314,3,B,0,205020208050,20210709,4,63
4315,4,B,0,205020208050,20210709,4,64
4316,3,B,0,205020208050,20210709,4,65
4317,4,B,0,205020208050,20210709,4,66
4318,2,A,0,205020208050,20210709,4,67
4319,1,A,1,205020208050,20210709,4,68
4320,2,A,1,205020208050,20210709,4,69
4321,1,A,0,205020208050,20210709,4,70
4322,2,A,0,205020208050,20210709,4,71
4323,1,A,0,205020208050,20210709,4,72
4324,2,A,0,205020208050,20210709,4,73
4325,1,A,0,205020208050,20210709,4,74
4326,2,A,1,205020208050,20210709,4,75
4327,1,A,0,205020208050,20210709,4,76
4328,2,A,0,205020208050,20210709,4,77
4329,5,C,1,205020208050,20210709,4,78
4330,6,C,1,205020208050,20210709,4,79
4331,5,C,1,205020208050,20210709,4,80
4332,6,C,1,205020208050,20210709,4,81
4333,5,C,1,205020208050,20210709,4,82
4334,6,C,1,205020208050,20210709,4,83
4335,5,C,1,205020208050,20210709,4,84
4336,6,C,1,205020208050,20210709,4,85
4337,5,C,1,205020208050,20210709,4,86
4338,6,C,1,205020208050,20210709,4,87
4339,5,C,1,205020208050,20210709,4,88
4340,6,C,0,205020208050,20210709,4,89
4341,5,C,1,205020208050,20210709,4,90
4342,6,C,0,205020208050,20210709,4,91
4343,5,C,0,205020208050,20210709,4,92
4344,6,C,0,205020208050,20210709,4,93
4345,5,C,1,205020208050,20210709,4,94
4346,6,C,0,205020208050,20210709,4,95
4347,5,C,0,205020208050,20210709,4,96
4348,3,B,0,205020208050,20210709,4,97
4349,4,B,0,205020208050,20210709,4,98
4350,3,B,0,205020208050,20210709,4,99
4351,4,B,0,205020208050,20210709,4,100
4352,3,B,0,205020208050,20210709,4,101
4353,4,B,1,205020208050,20210709,4,102
4354,3,B,1,205020208050,20210709,4,103
4355,4,B,0,205020208050,20210709,4,104
4356,3,B,0,205020208050,20210709,4,105
4357,4,B,0,205020208050,20210709,4,106
4358,2,A,1,205020208050,20210709,4,107
4359,1,A,0,205020208050,20210709,4,108
4360,2,A,0,205020208050,20210709,4,109
4361,1,A,0,205020208050,20210709,4,110
4362,2,A,1,205020208050,20210709,4,111
4363,1,A,0,205020208050,20210709,4,112
4364,2,A,1,205020208050,20210709,4,113
4365,1,A,1,205020208050,20210709,4,114
4366,2,A,0,205020208050,20210709,4,115
4367,1,A,1,205020208050,20210709,4,116
4368,2,A,0,205020208050,20210709,4,117
4369,1,A,0,205020208050,20210709,4,118
4370,2,A,1,205020208050,20210709,4,119
4371,1,A,0,502050802020,20210709,4,120
4372,2,A,0,502050802020,20210709,4,121
4373,1,A,1,502050802020,20210709,4,122
4374,2,A,0,502050802020,20210709,4,123
4375,1,A,1,502050802020,20210709,4,124
4376,2,A,0,502050802020,20210709,4,125
4377,1,A,1,502050802020,20210709,4,126
4378,2,A,1,502050802020,20210709,4,127
4379,1,A,0,502050802020,20210709,4,128
4380,2,A,0,502050802020,20210709,4,129
4381,1,A,0,502050802020,20210709,4,130
4382,2,A,0,502050802020,20210709,4,131
4383,1,A,1,502050802020,20210709,4,132
4384,2,A,0,502050802020,20210709,4,133
4385,1,A,0,502050802020,20210709,4,134
4386,2,A,1,502050802020,20210709,4,135
4387,1,A,1,502050802020,20210709,4,136
4388,2,A,0,502050802020,20210709,4,137
4389,1,A,0,502050802020,20210709,4,138
4390,2,A,0,502050802020,20210709,4,139
4391,1,A,0,502050802020,20210709,4,140
4392,2,A,0,502050802020,20210709,4,141
4393,1,A,1,502050802020,20210709,4,142
4394,2,A,0,502050802020,20210709,4,143
4395,1,A,0,502050802020,20210709,4,144
4396,2,A,1,502050802020,20210709,4,145
4397,1,A,0,502050802020,20210709,4,146
4398,2,A,0,502050802020,20210709,4,147
4399,1,A,0,502050802020,20210709,4,148
4400,2,A,0,502050802020,20210709,4,149
4401,5,C,1,502050802020,20210709,4,150
4402,6,C,0,502050802020,20210709,4,151
4403,5,C,0,502050802020,20210709,4,152
4404,6,C,0,502050802020,20210709,4,153
4405,5,C,0,502050802020,20210709,4,154
4406,6,C,0,502050802020,20210709,4,155
4407,5,C,0,502050802020,20210709,4,156
4408,6,C,0,502050802020,20210709,4,157
4409,5,C,1,502050802020,20210709,4,158
4410,2,A,0,502050802020,20210709,4,159
4411,1,A,1,502050802020,20210709,4,160
4412,2,A,0,502050802020,20210709,4,161
4413,1,A,1,502050802020,20210709,4,162
4414,2,A,1,502050802020,20210709,4,163
4415,1,A,1,502050802020,20210709,4,164
4416,2,A,0,502050802020,20210709,4,165
4417,1,A,0,502050802020,20210709,4,166
4418,2,A,1,502050802020,20210709,4,167
4419,1,A,1,502050802020,20210709,4,168
4420,2,A,0,502050802020,20210709,4,169
4421,1,A,0,502050802020,20210709,4,170
4422,2,A,0,502050802020,20210709,4,171
4423,1,A,0,502050802020,20210709,4,172
4424,2,A,1,502050802020,20210709,4,173
4425,1,A,0,502050802020,20210709,4,174
4426,2,A,0,502050802020,20210709,4,175
4427,1,A,0,502050802020,20210709,4,176
4428,2,A,0,502050802020,20210709,4,177
4429,1,A,0,502050802020,20210709,4,178
4430,2,A,0,502050802020,20210709,4,179
4431,1,A,0,208020202050,20210709,5,0
4432,2,A,1,208020202050,20210709,5,1
4433,1,A,0,208020202050,20210709,5,2
4434,2,A,1,208020202050,20210709,5,3
4435,5,C,0,208020202050,20210709,5,4
4436,6,C,0,208020202050,20210709,5,5
4437,5,C,0,208020202050,20210709,5,6
4438,4,B,0,208020202050,20210709,5,7
4439,3,B,1,208020202050,20210709,5,8
4440,4,B,0,208020202050,20210709,5,9
4441,3,B,0,208020202050,20210709,5,10
4442,4,B,1,208020202050,20210709,5,11
4443,3,B,1,208020202050,20210709,5,12
4444,4,B,0,208020202050,20210709,5,13
4445,3,B,0,208020202050,20210709,5,14
4446,4,B,0,208020202050,20210709,5,15
4447,3,B,0,208020202050,20210709,5,16
4448,2,A,1,208020202050,20210709,5,17
4449,1,A,0,208020202050,20210709,5,18
4450,2,A,1,208020202050,20210709,5,19
4451,1,A,0,208020202050,20210709,5,20
4452,2,A,1,208020202050,20210709,5,21
4453,1,A,0,208020202050,20210709,5,22
4454,2,A,0,208020202050,20210709,5,23
4455,1,A,0,208020202050,20210709,5,24
4456,2,A,1,208020202050,20210709,5,25
4457,1,A,0,208020202050,20210709,5,26
4458,2,A,1,208020202050,20210709,5,27
4459,1,A,1,208020202050,20210709,5,28
4460,2,A,1,208020202050,20210709,5,29
4461,5,C,0,208020202050,20210709,5,30
4462,6,C,0,208020202050,20210709,5,31
4463,5,C,0,208020202050,20210709,5,32
4464,6,C,1,208020202050,20210709,5,33
4465,5,C,0,208020202050,20210709,5,34
4466,6,C,0,208020202050,20210709,5,35
4467,5,C,0,208020202050,20210709,5,36
4468,6,C,1,208020202050,20210709,5,37
4469,5,C,1,208020202050,20210709,5,38
4470,6,C,1,208020202050,20210709,5,39
4471,5,C,0,208020202050,20210709,5,40
4472,6,C,0,208020202050,20210709,5,41
4473,5,C,0,208020202050,20210709,5,42
4474,6,C,0,208020202050,20210709,5,43
4475,3,B,0,208020202050,20210709,5,44
4476,4,B,0,208020202050,20210709,5,45
4477,3,B,0,208020202050,20210709,5,46
4478,4,B,0,208020202050,20210709,5,47
4479,3,B,1,208020202050,20210709,5,48
4480,4,B,1,208020202050,20210709,5,49
4481,3,B,0,208020202050,20210709,5,50
4482,4,B,0,208020202050,20210709,5,51
4483,3,B,0,208020202050,20210709,5,52
4484,4,B,0,208020202050,20210709,5,53
4485,3,B,1,208020202050,20210709,5,54
4486,4,B,0,208020202050,20210709,5,55
4487,3,B,0,208020202050,20210709,5,56
4488,2,A,1,208020202050,20210709,5,57
4489,1,A,0,208020202050,20210709,5,58
4490,2,A,1,208020202050,20210709,5,59
4491,1,A,1,202020208020,20210709,5,60
4492,2,A,0,202020208020,20210709,5,61
4493,1,A,0,202020208020,20210709,5,62
4494,2,A,0,202020208020,20210709,5,63
4495,1,A,1,202020208020,20210709,5,64
4496,2,A,0,202020208020,20210709,5,65
4497,1,A,1,202020208020,20210709,5,66
4498,2,A,0,202020208020,20210709,5,67
4499,1,A,0,202020208020,20210709,5,68
4500,2,A,0,202020208020,20210709,5,69
4501,1,A,0,202020208020,20210709,5,70
4502,2,A,0,202020208020,20210709,5,71
4503,1,A,0,202020208020,20210709,5,72
4504,2,A,0,202020208020,20210709,5,73
4505,5,C,1,202020208020,20210709,5,74
4506,6,C,0,202020208020,20210709,5,75
4507,5,C,1,202020208020,20210709,5,76
4508,6,C,0,202020208020,20210709,5,77
4509,5,C,0,202020208020,20210709,5,78
4510,6,C,0,202020208020,20210709,5,79
4511,5,C,1,202020208020,20210709,5,80
4512,6,C,1,202020208020,20210709,5,81
4513,5,C,1,202020208020,20210709,5,82
4514,6,C,0,202020208020,20210709,5,83
4515,5,C,1,202020208020,20210709,5,84
4516,6,C,0,202020208020,20210709,5,85
4517,5,C,1,202020208020,20210709,5,86
4518,6,C,0,202020208020,20210709,5,87
4519,5,C,0,202020208020,20210709,5,88
4520,6,C,0,202020208020,20210709,5,89
4521,5,C,1,202020208020,20210709,5,90
4522,6,C,0,202020208020,20210709,5,91
4523,5,C,1,202020208020,20210709,5,92
4524,6,C,0,202020208020,20210709,5,93
4525,5,C,1,202020208020,20210709,5,94
4526,6,C,0,202020208020,20210709,5,95
4527,5,C,1,202020208020,20210709,5,96
4528,2,A,0,202020208020,20210709,5,97
4529,1,A,1,202020208020,20210709,5,98
4530,2,A,0,202020208020,20210709,5,99
4531,1,A,1,202020208020,20210709,5,100
4532,2,A,0,202020208020,20210709,5,101
4533,1,A,0,202020208020,20210709,5,102
4534,2,A,1,202020208020,20210709,5,103
4535,1,A,1,202020208020,20210709,5,104
4536,2,A,0,202020208020,20210709,5,105
4537,1,A,1,202020208020,20210709,5,106
4538,2,A,0,202020208020,20210709,5,107
4539,1,A,0,202020208020,20210709,5,108
4540,2,A,1,202020208020,20210709,5,109
4541,1,A,0,202020208020,20210709,5,110
4542,2,A,0,202020208020,20210709,5,111
4543,1,A,1,202020208020,20210709,5,112
4544,2,A,0,202020208020,20210709,5,113
4545,1,A,0,202020208020,20210709,5,114
4546,2,A,0,202020208020,20210709,5,115
4547,1,A,0,202020208020,20210709,5,116
4548,2,A,0,202020208020,20210709,5,117
4549,1,A,0,202020208020,20210709,5,118
4550,5,C,1,202020208020,20210709,5,119
4551,6,C,0,502080202020,20210709,5,120
4552,5,C,0,502080202020,20210709,5,121
4553,6,C,0,502080202020,20210709,5,122
4554,5,C,0,502080202020,20210709,5,123
4555,6,C,0,502080202020,20210709,5,124
4556,5,C,1,502080202020,20210709,5,125
4557,6,C,0,502080202020,20210709,5,126
4558,5,C,0,502080202020,20210709,5,127
4559,6,C,0,502080202020,20210709,5,128
4560,5,C,1,502080202020,20210709,5,129
4561,3,B,1,502080202020,20210709,5,130
4562,4,B,0,502080202020,20210709,5,131
4563,3,B,1,502080202020,20210709,5,132
4564,4,B,0,502080202020,20210709,5,133
4565,3,B,1,502080202020,20210709,5,134
4566,4,B,0,502080202020,20210709,5,135
4567,3,B,1,502080202020,20210709,5,136
4568,4,B,0,502080202020,20210709,5,137
4569,3,B,1,502080202020,20210709,5,138
4570,4,B,0,502080202020,20210709,5,139
4571,3,B,1,502080202020,20210709,5,140
4572,4,B,1,502080202020,20210709,5,141
4573,3,B,1,502080202020,20210709,5,142
4574,4,B,0,502080202020,20210709,5,143
4575,3,B,1,502080202020,20210709,5,144
4576,4,B,0,502080202020,20210709,5,145
4577,3,B,1,502080202020,20210709,5,146
4578,4,B,0,502080202020,20210709,5,147
4579,3,B,0,502080202020,20210709,5,148
4580,4,B,1,502080202020,20210709,5,149
4581,3,B,1,502080202020,20210709,5,150
4582,4,B,0,502080202020,20210709,5,151
4583,3,B,1,502080202020,20210709,5,152
4584,4,B,0,502080202020,20210709,5,153
4585,3,B,1,502080202020,20210709,5,154
4586,4,B,0,502080202020,20210709,5,155
4587,3,B,1,502080202020,20210709,5,156
4588,4,B,0,502080202020,20210709,5,157
4589,3,B,1,502080202020,20210709,5,158
4590,4,B,0,502080202020,20210709,5,159
4591,3,B,1,502080202020,20210709,5,160
4592,4,B,0,502080202020,20210709,5,161
4593,3,B,1,502080202020,20210709,5,162
4594,4,B,0,502080202020,20210709,5,163
4595,3,B,1,502080202020,20210709,5,164
4596,4,B,0,502080202020,20210709,5,165
4597,3,B,1,502080202020,20210709,5,166
4598,4,B,0,502080202020,20210709,5,167
4599,3,B,0,502080202020,20210709,5,168
4600,4,B,0,502080202020,20210709,5,169
4601,3,B,1,502080202020,20210709,5,170
4602,5,C,1,502080202020,20210709,5,171
4603,6,C,0,502080202020,20210709,5,172
4604,5,C,0,502080202020,20210709,5,173
4605,6,C,0,502080202020,20210709,5,174
4606,5,C,0,502080202020,20210709,5,175
4607,6,C,0,502080202020,20210709,5,176
4608,5,C,0,502080202020,20210709,5,177
4609,3,B,1,502080202020,20210709,5,178
4610,4,B,0,502080202020,20210709,5,179
4611,1,A,0,205080205080,20210709,6,0
4612,2,A,1,205080205080,20210709,6,1
4613,1,A,1,205080205080,20210709,6,2
4614,2,A,0,205080205080,20210709,6,3
4615,1,A,1,205080205080,20210709,6,4
4616,2,A,0,205080205080,20210709,6,5
4617,1,A,1,205080205080,20210709,6,6
4618,2,A,1,205080205080,20210709,6,7
4619,1,A,0,205080205080,20210709,6,8
4620,2,A,1,205080205080,20210709,6,9
4621,1,A,0,205080205080,20210709,6,10
4622,2,A,1,205080205080,20210709,6,11
4623,1,A,1,205080205080,20210709,6,12
4624,2,A,1,205080205080,20210709,6,13
4625,1,A,0,205080205080,20210709,6,14
4626,2,A,0,205080205080,20210709,6,15
4627,1,A,0,205080205080,20210709,6,16
4628,5,C,1,205080205080,20210709,6,17
4629,6,C,1,205080205080,20210709,6,18
4630,5,C,1,205080205080,20210709,6,19
4631,6,C,0,205080205080,20210709,6,20
4632,5,C,0,205080205080,20210709,6,21
4633,6,C,1,205080205080,20210709,6,22
4634,5,C,0,205080205080,20210709,6,23
4635,6,C,0,205080205080,20210709,6,24
4636,5,C,0,205080205080,20210709,6,25
4637,3,B,1,205080205080,20210709,6,26
4638,4,B,0,205080205080,20210709,6,27
4639,3,B,1,205080205080,20210709,6,28
4640,4,B,0,205080205080,20210709,6,29
4641,3,B,0,205080205080,20210709,6,30
4642,4,B,0,205080205080,20210709,6,31
4643,3,B,1,205080205080,20210709,6,32
4644,4,B,0,205080205080,20210709,6,33
4645,3,B,1,205080205080,20210709,6,34
4646,2,A,1,205080205080,20210709,6,35
4647,1,A,1,205080205080,20210709,6,36
4648,2,A,1,205080205080,20210709,6,37
4649,1,A,0,205080205080,20210709,6,38
4650,2,A,1,205080205080,20210709,6,39
4651,1,A,1,205080205080,20210709,6,40
4652,2,A,1,205080205080,20210709,6,41
4653,1,A,1,205080205080,20210709,6,42
4654,2,A,0,205080205080,20210709,6,43
4655,1,A,0,205080205080,20210709,6,44
4656,2,A,1,205080205080,20210709,6,45
4657,1,A,1,205080205080,20210709,6,46
4658,2,A,0,205080205080,20210709,6,47
4659,1,A,0,205080205080,20210709,6,48
4660,2,A,1,205080205080,20210709,6,49
4661,1,A,0,205080205080,20210709,6,50
4662,2,A,1,205080205080,20210709,6,51
4663,1,A,0,205080205080,20210709,6,52
4664,2,A,0,205080205080,20210709,6,53
4665,1,A,0,205080205080,20210709,6,54
4666,2,A,1,205080205080,20210709,6,55
4667,1,A,0,205080205080,20210709,6,56
4668,2,A,1,205080205080,20210709,6,57
4669,1,A,1,205080205080,20210709,6,58
4670,2,A,0,205080205080,20210709,6,59
4671,1,A,0,502020802020,20210709,6,60
4672,2,A,0,502020802020,20210709,6,61
4673,1,A,1,502020802020,20210709,6,62
4674,2,A,0,502020802020,20210709,6,63
4675,1,A,0,502020802020,20210709,6,64
4676,2,A,0,502020802020,20210709,6,65
4677,1,A,0,502020802020,20210709,6,66
4678,2,A,0,502020802020,20210709,6,67
4679,5,C,0,502020802020,20210709,6,68
4680,6,C,0,502020802020,20210709,6,69
4681,5,C,0,502020802020,20210709,6,70
4682,6,C,0,502020802020,20210709,6,71
4683,5,C,1,502020802020,20210709,6,72
4684,3,B,0,502020802020,20210709,6,73
4685,4,B,1,502020802020,20210709,6,74
4686,3,B,0,502020802020,20210709,6,75
4687,4,B,0,502020802020,20210709,6,76
4688,3,B,0,502020802020,20210709,6,77
4689,4,B,1,502020802020,20210709,6,78
4690,3,B,0,502020802020,20210709,6,79
4691,4,B,1,502020802020,20210709,6,80
4692,3,B,1,502020802020,20210709,6,81
4693,4,B,1,502020802020,20210709,6,82
4694,3,B,0,502020802020,20210709,6,83
4695,4,B,1,502020802020,20210709,6,84
4696,3,B,1,502020802020,20210709,6,85
4697,4,B,1,502020802020,20210709,6,86
4698,3,B,0,502020802020,20210709,6,87
4699,4,B,1,502020802020,20210709,6,88
4700,3,B,1,502020802020,20210709,6,89
4701,4,B,1,502020802020,20210709,6,90
4702,3,B,0,502020802020,20210709,6,91
4703,4,B,1,502020802020,20210709,6,92
4704,3,B,0,502020802020,20210709,6,93
4705,4,B,1,502020802020,20210709,6,94
4706,3,B,0,502020802020,20210709,6,95
4707,4,B,1,502020802020,20210709,6,96
4708,3,B,1,502020802020,20210709,6,97
4709,4,B,1,502020802020,20210709,6,98
4710,3,B,0,502020802020,20210709,6,99
4711,4,B,1,502020802020,20210709,6,100
4712,3,B,0,502020802020,20210709,6,101
4713,4,B,1,502020802020,20210709,6,102
4714,3,B,0,502020802020,20210709,6,103
4715,4,B,1,502020802020,20210709,6,104
4716,3,B,0,502020802020,20210709,6,105
4717,4,B,1,502020802020,20210709,6,106
4718,3,B,0,502020802020,20210709,6,107
4719,4,B,1,502020802020,20210709,6,108
4720,3,B,0,502020802020,20210709,6,109
4721,4,B,1,502020802020,20210709,6,110
4722,3,B,0,502020802020,20210709,6,111
4723,4,B,0,502020802020,20210709,6,112
4724,3,B,0,502020802020,20210709,6,113
4725,4,B,0,502020802020,20210709,6,114
4726,3,B,0,502020802020,20210709,6,115
4727,4,B,1,502020802020,20210709,6,116
4728,3,B,0,502020802020,20210709,6,117
4729,4,B,1,502020802020,20210709,6,118
4730,3,B,0,502020802020,20210709,6,119
4731,4,B,0,205020208020,20210709,6,120
4732,3,B,0,205020208020,20210709,6,121
4733,4,B,0,205020208020,20210709,6,122
4734,2,A,0,205020208020,20210709,6,123
4735,1,A,0,205020208020,20210709,6,124
4736,2,A,0,205020208020,20210709,6,125
4737,1,A,0,205020208020,20210709,6,126
4738,2,A,0,205020208020,20210709,6,127
4739,1,A,0,205020208020,20210709,6,128
4740,2,A,1,205020208020,20210709,6,129
4741,1,A,0,205020208020,20210709,6,130
4742,2,A,1,205020208020,20210709,6,131
4743,5,C,1,205020208020,20210709,6,132
4744,6,C,0,205020208020,20210709,6,133
4745,5,C,1,205020208020,20210709,6,134
4746,6,C,0,205020208020,20210709,6,135
4747,5,C,1,205020208020,20210709,6,136
4748,6,C,0,205020208020,20210709,6,137
4749,5,C,0,205020208020,20210709,6,138
4750,6,C,0,205020208020,20210709,6,139
4751,5,C,1,205020208020,20210709,6,140
4752,3,B,0,205020208020,20210709,6,141
4753,4,B,0,205020208020,20210709,6,142
4754,3,B,0,205020208020,20210709,6,143
4755,4,B,1,205020208020,20210709,6,144
4756,3,B,1,205020208020,20210709,6,145
4757,4,B,0,205020208020,20210709,6,146
4758,3,B,0,205020208020,20210709,6,147
4759,4,B,0,205020208020,20210709,6,148
4760,3,B,0,205020208020,20210709,6,149
4761,4,B,0,205020208020,20210709,6,150
4762,3,B,0,205020208020,20210709,6,151
4763,4,B,0,205020208020,20210709,6,152
4764,3,B,0,205020208020,20210709,6,153
4765,2,A,1,205020208020,20210709,6,154
4766,1,A,0,205020208020,20210709,6,155
4767,2,A,1,205020208020,20210709,6,156
4768,1,A,0,205020208020,20210709,6,157
4769,2,A,0,205020208020,20210709,6,158
4770,1,A,0,205020208020,20210709,6,159
4771,2,A,0,205020208020,20210709,6,160
4772,1,A,0,205020208020,20210709,6,161
4773,2,A,0,205020208020,20210709,6,162
4774,5,C,0,205020208020,20210709,6,163
4775,6,C,1,205020208020,20210709,6,164
4776,5,C,1,205020208020,20210709,6,165
4777,6,C,0,205020208020,20210709,6,166
4778,5,C,1,205020208020,20210709,6,167
4779,6,C,0,205020208020,20210709,6,168
4780,5,C,0,205020208020,20210709,6,169
4781,6,C,1,205020208020,20210709,6,170
4782,5,C,0,205020208020,20210709,6,171
4783,6,C,1,205020208020,20210709,6,172
4784,5,C,1,205020208020,20210709,6,173
4785,6,C,0,205020208020,20210709,6,174
4786,5,C,0,205020208020,20210709,6,175
4787,6,C,0,205020208020,20210709,6,176
4788,5,C,1,205020208020,20210709,6,177
4789,6,C,1,205020208020,20210709,6,178
4790,5,C,1,205020208020,20210709,6,179
4791,3,B,1,205050505020,20210709,7,0
4792,4,B,0,205050505020,20210709,7,1
4793,3,B,0,205050505020,20210709,7,2
4794,2,A,1,205050505020,20210709,7,3
4795,1,A,1,205050505020,20210709,7,4
4796,2,A,0,205050505020,20210709,7,5
4797,1,A,1,205050505020,20210709,7,6
4798,2,A,0,205050505020,20210709,7,7
4799,5,C,0,205050505020,20210709,7,8
4800,6,C,0,205050505020,20210709,7,9
4801,5,C,0,205050505020,20210709,7,10
4802,6,C,0,205050505020,20210709,7,11
4803,5,C,0,205050505020,20210709,7,12
4804,3,B,0,205050505020,20210709,7,13
4805,4,B,0,205050505020,20210709,7,14
4806,3,B,0,205050505020,20210709,7,15
4807,4,B,1,205050505020,20210709,7,16
4808,3,B,0,205050505020,20210709,7,17
4809,4,B,0,205050505020,20210709,7,18
4810,3,B,1,205050505020,20210709,7,19
4811,4,B,0,205050505020,20210709,7,20
4812,3,B,1,205050505020,20210709,7,21
4813,4,B,1,205050505020,20210709,7,22
4814,3,B,0,205050505020,20210709,7,23
4815,4,B,0,205050505020,20210709,7,24
4816,3,B,0,205050505020,20210709,7,25
4817,4,B,0,205050505020,20210709,7,26
4818,3,B,1,205050505020,20210709,7,27
4819,4,B,1,205050505020,20210709,7,28
4820,3,B,0,205050505020,20210709,7,29
4821,4,B,1,205050505020,20210709,7,30
4822,3,B,1,205050505020,20210709,7,31
4823,4,B,1,205050505020,20210709,7,32
4824,3,B,0,205050505020,20210709,7,33
4825,4,B,1,205050505020,20210709,7,34
4826,3,B,0,205050505020,20210709,7,35
4827,4,B,1,205050505020,20210709,7,36
4828,3,B,0,205050505020,20210709,7,37
4829,4,B,1,205050505020,20210709,7,38
4830,3,B,0,205050505020,20210709,7,39
4831,4,B,0,205050505020,20210709,7,40
4832,3,B,0,205050505020,20210709,7,41
4833,2,A,0,205050505020,20210709,7,42
4834,1,A,0,205050505020,20210709,7,43
4835,2,A,1,205050505020,20210709,7,44
4836,1,A,0,205050505020,20210709,7,45
4837,2,A,1,205050505020,20210709,7,46
4838,1,A,0,205050505020,20210709,7,47
4839,2,A,1,205050505020,20210709,7,48
4840,1,A,0,205050505020,20210709,7,49
4841,2,A,0,205050505020,20210709,7,50
4842,1,A,0,205050505020,20210709,7,51
4843,2,A,1,205050505020,20210709,7,52
4844,1,A,0,205050505020,20210709,7,53
4845,2,A,0,205050505020,20210709,7,54
4846,1,A,0,205050505020,20210709,7,55
4847,2,A,1,205050505020,20210709,7,56
4848,1,A,0,205050505020,20210709,7,57
4849,2,A,1,205050505020,20210709,7,58
4850,1,A,0,205050505020,20210709,7,59
4851,2,A,0,802020202050,20210709,7,60
4852,1,A,1,802020202050,20210709,7,61
4853,2,A,0,802020202050,20210709,7,62
4854,1,A,1,802020202050,20210709,7,63
4855,2,A,0,802020202050,20210709,7,64
4856,1,A,1,802020202050,20210709,7,65
4857,2,A,0,802020202050,20210709,7,66
4858,1,A,1,802020202050,20210709,7,67
4859,2,A,0,802020202050,20210709,7,68
4860,1,A,1,802020202050,20210709,7,69
4861,2,A,0,802020202050,20210709,7,70
4862,1,A,1,802020202050,20210709,7,71
4863,2,A,0,802020202050,20210709,7,72
4864,1,A,0,802020202050,20210709,7,73
4865,2,A,0,802020202050,20210709,7,74
4866,1,A,1,802020202050,20210709,7,75
4867,2,A,0,802020202050,20210709,7,76
4868,1,A,1,802020202050,20210709,7,77
4869,2,A,0,802020202050,20210709,7,78
4870,1,A,1,802020202050,20210709,7,79
4871,2,A,1,802020202050,20210709,7,80
4872,1,A,1,802020202050,20210709,7,81
4873,2,A,1,802020202050,20210709,7,82
4874,1,A,1,802020202050,20210709,7,83
4875,2,A,0,802020202050,20210709,7,84
4876,1,A,1,802020202050,20210709,7,85
4877,2,A,0,802020202050,20210709,7,86
4878,1,A,1,802020202050,20210709,7,87
4879,2,A,1,802020202050,20210709,7,88
4880,1,A,1,802020202050,20210709,7,89
4881,2,A,1,802020202050,20210709,7,90
4882,1,A,1,802020202050,20210709,7,91
4883,2,A,0,802020202050,20210709,7,92
4884,1,A,1,802020202050,20210709,7,93
4885,2,A,0,802020202050,20210709,7,94
4886,1,A,1,802020202050,20210709,7,95
4887,2,A,0,802020202050,20210709,7,96
4888,1,A,1,802020202050,20210709,7,97
4889,2,A,0,802020202050,20210709,7,98
4890,1,A,0,802020202050,20210709,7,99
4891,2,A,0,802020202050,20210709,7,100
4892,1,A,1,802020202050,20210709,7,101
4893,2,A,0,802020202050,20210709,7,102
4894,1,A,1,802020202050,20210709,7,103
4895,2,A,0,802020202050,20210709,7,104
4896,1,A,1,802020202050,20210709,7,105
4897,2,A,0,802020202050,20210709,7,106
4898,1,A,1,802020202050,20210709,7,107
4899,2,A,0,802020202050,20210709,7,108
4900,1,A,1,802020202050,20210709,7,109
4901,2,A,0,802020202050,20210709,7,110
4902,1,A,1,802020202050,20210709,7,111
4903,2,A,0,802020202050,20210709,7,112
4904,1,A,1,802020202050,20210709,7,113
4905,2,A,0,802020202050,20210709,7,114
4906,1,A,1,802020202050,20210709,7,115
4907,3,B,0,802020202050,20210709,7,116
4908,4,B,0,802020202050,20210709,7,117
4909,3,B,0,802020202050,20210709,7,118
4910,4,B,0,802020202050,20210709,7,119
4911,3,B,0,205020202020,20210709,7,120
4912,4,B,1,205020202020,20210709,7,121
4913,3,B,0,205020202020,20210709,7,122
4914,4,B,0,205020202020,20210709,7,123
4915,3,B,0,205020202020,20210709,7,124
4916,4,B,0,205020202020,20210709,7,125
4917,3,B,1,205020202020,20210709,7,126
4918,4,B,0,205020202020,20210709,7,127
4919,3,B,0,205020202020,20210709,7,128
4920,4,B,0,205020202020,20210709,7,129
4921,3,B,0,205020202020,20210709,7,130
4922,4,B,0,205020202020,20210709,7,131
4923,2,A,0,205020202020,20210709,7,132
4924,1,A,0,205020202020,20210709,7,133
4925,2,A,1,205020202020,20210709,7,134
4926,1,A,0,205020202020,20210709,7,135
4927,2,A,0,205020202020,20210709,7,136
4928,1,A,0,205020202020,20210709,7,137
4929,2,A,1,205020202020,20210709,7,138
4930,1,A,0,205020202020,20210709,7,139
4931,2,A,0,205020202020,20210709,7,140
4932,1,A,0,205020202020,20210709,7,141
4933,2,A,1,205020202020,20210709,7,142
4934,1,A,0,205020202020,20210709,7,143
4935,2,A,0,205020202020,20210709,7,144
4936,1,A,1,205020202020,20210709,7,145
4937,2,A,1,205020202020,20210709,7,146
4938,1,A,0,205020202020,20210709,7,147
4939,2,A,0,205020202020,20210709,7,148
4940,1,A,0,205020202020,20210709,7,149
4941,2,A,0,205020202020,20210709,7,150
4942,1,A,0,205020202020,20210709,7,151
4943,6,C,0,205020202020,20210709,7,152
4944,5,C,1,205020202020,20210709,7,153
4945,6,C,0,205020202020,20210709,7,154
4946,5,C,1,205020202020,20210709,7,155
4947,6,C,0,205020202020,20210709,7,156
4948,5,C,0,205020202020,20210709,7,157
4949,2,A,0,205020202020,20210709,7,158
4950,1,A,1,205020202020,20210709,7,159
4951,2,A,0,205020202020,20210709,7,160
4952,1,A,0,205020202020,20210709,7,161
4953,2,A,0,205020202020,20210709,7,162
4954,1,A,0,205020202020,20210709,7,163
4955,2,A,0,205020202020,20210709,7,164
4956,5,C,1,205020202020,20210709,7,165
4957,6,C,1,205020202020,20210709,7,166
4958,5,C,0,205020202020,20210709,7,167
4959,6,C,0,205020202020,20210709,7,168
4960,5,C,0,205020202020,20210709,7,169
4961,6,C,0,205020202020,20210709,7,170
4962,5,C,0,205020202020,20210709,7,171
4963,6,C,0,205020202020,20210709,7,172
4964,5,C,0,205020202020,20210709,7,173
4965,6,C,0,205020202020,20210709,7,174
4966,4,B,0,205020202020,20210709,7,175
4967,3,B,0,205020202020,20210709,7,176
4968,1,A,0,205020202020,20210709,7,177
4969,2,A,1,205020202020,20210709,7,178
4970,1,A,0,205020202020,20210709,7,179
4971,3,B,0,202020508020,20210710,1,0
4972,4,B,0,202020508020,20210710,1,1
4973,3,B,0,202020508020,20210710,1,2
4974,2,A,1,202020508020,20210710,1,3
4975,1,A,0,202020508020,20210710,1,4
4976,2,A,1,202020508020,20210710,1,5
4977,1,A,0,202020508020,20210710,1,6
4978,2,A,0,202020508020,20210710,1,7
4979,5,C,1,202020508020,20210710,1,8
4980,6,C,0,202020508020,20210710,1,9
4981,5,C,1,202020508020,20210710,1,10
4982,6,C,0,202020508020,20210710,1,11
4983,5,C,1,202020508020,20210710,1,12
4984,6,C,0,202020508020,20210710,1,13
4985,5,C,1,202020508020,20210710,1,14
4986,6,C,0,202020508020,20210710,1,15
4987,5,C,1,202020508020,20210710,1,16
4988,3,B,0,202020508020,20210710,1,17
4989,4,B,0,202020508020,20210710,1,18
4990,3,B,0,202020508020,20210710,1,19
4991,4,B,0,202020508020,20210710,1,20
4992,3,B,0,202020508020,20210710,1,21
4993,2,A,0,202020508020,20210710,1,22
4994,1,A,0,202020508020,20210710,1,23
4995,2,A,1,202020508020,20210710,1,24
4996,1,A,0,202020508020,20210710,1,25
4997,2,A,0,202020508020,20210710,1,26
4998,1,A,0,202020508020,20210710,1,27
4999,2,A,0,202020508020,20210710,1,28
5000,6,C,0,202020508020,20210710,1,29
5001,5,C,1,202020508020,20210710,1,30
5002,6,C,0,202020508020,20210710,1,31
5003,5,C,1,202020508020,20210710,1,32
5004,6,C,0,202020508020,20210710,1,33
5005,5,C,1,202020508020,20210710,1,34
5006,6,C,0,202020508020,20210710,1,35
5007,5,C,1,202020508020,20210710,1,36
5008,6,C,1,202020508020,20210710,1,37
5009,5,C,1,202020508020,20210710,1,38
5010,6,C,0,202020508020,20210710,1,39
5011,5,C,1,202020508020,20210710,1,40
5012,6,C,0,202020508020,20210710,1,41
5013,5,C,1,202020508020,20210710,1,42
5014,6,C,0,202020508020,20210710,1,43
5015,5,C,1,202020508020,20210710,1,44
5016,6,C,1,202020508020,20210710,1,45
5017,5,C,1,202020508020,20210710,1,46
5018,6,C,0,202020508020,20210710,1,47
5019,5,C,1,202020508020,20210710,1,48
5020,6,C,1,202020508020,20210710,1,49
5021,5,C,1,202020508020,20210710,1,50
5022,6,C,0,202020508020,20210710,1,51
5023,5,C,0,202020508020,20210710,1,52
5024,6,C,1,202020508020,20210710,1,53
5025,5,C,1,202020508020,20210710,1,54
5026,6,C,0,202020508020,20210710,1,55
5027,5,C,0,202020508020,20210710,1,56
5028,6,C,0,202020508020,20210710,1,57
5029,5,C,1,202020508020,20210710,1,58
5030,6,C,0,202020508020,20210710,1,59
5031,5,C,0,205020202020,20210710,1,60
5032,6,C,1,205020202020,20210710,1,61
5033,5,C,0,205020202020,20210710,1,62
5034,6,C,0,205020202020,20210710,1,63
5035,5,C,0,205020202020,20210710,1,64
5036,6,C,0,205020202020,20210710,1,65
5037,5,C,1,205020202020,20210710,1,66
5038,6,C,1,205020202020,20210710,1,67
5039,5,C,0,205020202020,20210710,1,68
5040,6,C,0,205020202020,20210710,1,69
5041,5,C,0,205020202020,20210710,1,70
5042,6,C,0,205020202020,20210710,1,71
5043,5,C,0,205020202020,20210710,1,72
5044,2,A,1,205020202020,20210710,1,73
5045,1,A,0,205020202020,20210710,1,74
5046,2,A,0,205020202020,20210710,1,75
5047,1,A,0,205020202020,20210710,1,76
5048,2,A,1,205020202020,20210710,1,77
5049,1,A,0,205020202020,20210710,1,78
5050,2,A,1,205020202020,20210710,1,79
5051,1,A,0,205020202020,20210710,1,80
5052,2,A,0,205020202020,20210710,1,81
5053,1,A,0,205020202020,20210710,1,82
5054,2,A,1,205020202020,20210710,1,83
5055,5,C,0,205020202020,20210710,1,84
5056,6,C,0,205020202020,20210710,1,85
5057,5,C,0,205020202020,20210710,1,86
5058,6,C,0,205020202020,20210710,1,87
5059,5,C,0,205020202020,20210710,1,88
5060,2,A,0,205020202020,20210710,1,89
5061,1,A,0,205020202020,20210710,1,90
5062,2,A,1,205020202020,20210710,1,91
5063,1,A,0,205020202020,20210710,1,92
5064,2,A,0,205020202020,20210710,1,93
5065,1,A,0,205020202020,20210710,1,94
5066,2,A,1,205020202020,20210710,1,95
5067,1,A,0,205020202020,20210710,1,96
5068,2,A,1,205020202020,20210710,1,97
5069,3,B,0,205020202020,20210710,1,98
5070,4,B,1,205020202020,20210710,1,99
5071,3,B,0,205020202020,20210710,1,100
5072,4,B,0,205020202020,20210710,1,101
5073,3,B,1,205020202020,20210710,1,102
5074,4,B,0,205020202020,20210710,1,103
5075,3,B,0,205020202020,20210710,1,104
5076,4,B,0,205020202020,20210710,1,105
5077,3,B,0,205020202020,20210710,1,106
5078,4,B,1,205020202020,20210710,1,107
5079,3,B,0,205020202020,20210710,1,108
5080,4,B,1,205020202020,20210710,1,109
5081,5,C,0,205020202020,20210710,1,110
5082,6,C,0,205020202020,20210710,1,111
5083,5,C,0,205020202020,20210710,1,112
5084,6,C,0,205020202020,20210710,1,113
5085,5,C,1,205020202020,20210710,1,114
5086,6,C,0,205020202020,20210710,1,115
5087,5,C,1,205020202020,20210710,1,116
5088,6,C,0,205020202020,20210710,1,117
5089,5,C,0,205020202020,20210710,1,118
5090,6,C,0,205020202020,20210710,1,119
5091,5,C,0,202080505020,20210710,1,120
5092,6,C,1,202080505020,20210710,1,121
5093,5,C,0,202080505020,20210710,1,122
5094,6,C,0,202080505020,20210710,1,123
5095,5,C,1,202080505020,20210710,1,124
5096,6,C,0,202080505020,20210710,1,125
5097,5,C,1,202080505020,20210710,1,126
5098,6,C,0,202080505020,20210710,1,127
5099,5,C,1,202080505020,20210710,1,128
5100,6,C,0,202080505020,20210710,1,129
5101,5,C,0,202080505020,20210710,1,130
5102,6,C,0,202080505020,20210710,1,131
5103,5,C,1,202080505020,20210710,1,132
5104,6,C,0,202080505020,20210710,1,133
5105,5,C,1,202080505020,20210710,1,134
5106,6,C,0,202080505020,20210710,1,135
5107,5,C,0,202080505020,20210710,1,136
5108,6,C,0,202080505020,20210710,1,137
5109,5,C,1,202080505020,20210710,1,138
5110,6,C,1,202080505020,20210710,1,139
5111,5,C,0,202080505020,20210710,1,140
5112,6,C,0,202080505020,20210710,1,141
5113,5,C,0,202080505020,20210710,1,142
5114,6,C,0,202080505020,20210710,1,143
5115,5,C,1,202080505020,20210710,1,144
5116,6,C,0,202080505020,20210710,1,145
5117,5,C,1,202080505020,20210710,1,146
5118,6,C,0,202080505020,20210710,1,147
5119,5,C,0,202080505020,20210710,1,148
5120,6,C,0,202080505020,20210710,1,149
5121,5,C,0,202080505020,20210710,1,150
5122,6,C,1,202080505020,20210710,1,151
5123,5,C,0,202080505020,20210710,1,152
5124,6,C,0,202080505020,20210710,1,153
5125,5,C,0,202080505020,20210710,1,154
5126,6,C,0,202080505020,20210710,1,155
5127,5,C,1,202080505020,20210710,1,156
5128,6,C,0,202080505020,20210710,1,157
5129,5,C,1,202080505020,20210710,1,158
5130,6,C,0,202080505020,20210710,1,159
5131,5,C,0,202080505020,20210710,1,160
5132,6,C,1,202080505020,20210710,1,161
5133,5,C,1,202080505020,20210710,1,162
5134,6,C,0,202080505020,20210710,1,163
5135,5,C,1,202080505020,20210710,1,164
5136,6,C,0,202080505020,20210710,1,165
5137,5,C,1,202080505020,20210710,1,166
5138,6,C,0,202080505020,20210710,1,167
5139,5,C,1,202080505020,20210710,1,168
5140,6,C,0,202080505020,20210710,1,169
5141,5,C,0,202080505020,20210710,1,170
5142,6,C,0,202080505020,20210710,1,171
5143,5,C,0,202080505020,20210710,1,172
5144,6,C,0,202080505020,20210710,1,173
5145,5,C,1,202080505020,20210710,1,174
5146,6,C,0,202080505020,20210710,1,175
5147,5,C,0,202080505020,20210710,1,176
5148,6,C,0,202080505020,20210710,1,177
5149,5,C,1,202080505020,20210710,1,178
5150,6,C,0,202080505020,20210710,1,179
5151,4,B,1,802050202020,20210710,2,0
5152,3,B,0,802050202020,20210710,2,1
5153,4,B,0,802050202020,20210710,2,2
5154,3,B,1,802050202020,20210710,2,3
5155,2,A,0,802050202020,20210710,2,4
5156,1,A,1,802050202020,20210710,2,5
5157,2,A,1,802050202020,20210710,2,6
5158,1,A,1,802050202020,20210710,2,7
5159,2,A,0,802050202020,20210710,2,8
5160,1,A,1,802050202020,20210710,2,9
5161,2,A,1,802050202020,20210710,2,10
5162,1,A,1,802050202020,20210710,2,11
5163,2,A,0,802050202020,20210710,2,12
5164,1,A,1,802050202020,20210710,2,13
5165,2,A,0,802050202020,20210710,2,14
5166,1,A,1,802050202020,20210710,2,15
5167,2,A,0,802050202020,20210710,2,16
5168,1,A,1,802050202020,20210710,2,17
5169,2,A,1,802050202020,20210710,2,18
5170,1,A,1,802050202020,20210710,2,19
5171,2,A,0,802050202020,20210710,2,20
5172,1,A,1,802050202020,20210710,2,21
5173,2,A,0,802050202020,20210710,2,22
5174,1,A,1,802050202020,20210710,2,23
5175,2,A,0,802050202020,20210710,2,24
5176,1,A,0,802050202020,20210710,2,25
5177,2,A,0,802050202020,20210710,2,26
5178,1,A,1,802050202020,20210710,2,27
5179,2,A,1,802050202020,20210710,2,28
5180,1,A,1,802050202020,20210710,2,29
5181,2,A,0,802050202020,20210710,2,30
5182,1,A,1,802050202020,20210710,2,31
5183,2,A,0,802050202020,20210710,2,32
5184,1,A,1,802050202020,20210710,2,33
5185,2,A,0,802050202020,20210710,2,34
5186,1,A,1,802050202020,20210710,2,35
5187,2,A,0,802050202020,20210710,2,36
5188,1,A,1,802050202020,20210710,2,37
5189,5,C,0,802050202020,20210710,2,38
5190,6,C,1,802050202020,20210710,2,39
5191,5,C,1,802050202020,20210710,2,40
5192,6,C,1,802050202020,20210710,2,41
5193,5,C,0,802050202020,20210710,2,42
5194,6,C,0,802050202020,20210710,2,43
5195,5,C,0,802050202020,20210710,2,44
5196,6,C,0,802050202020,20210710,2,45
5197,5,C,0,802050202020,20210710,2,46
5198,2,A,0,802050202020,20210710,2,47
5199,1,A,1,802050202020,20210710,2,48
5200,2,A,0,802050202020,20210710,2,49
5201,1,A,1,802050202020,20210710,2,50
5202,2,A,1,802050202020,20210710,2,51
5203,1,A,1,802050202020,20210710,2,52
5204,2,A,0,802050202020,20210710,2,53
5205,1,A,1,802050202020,20210710,2,54
5206,2,A,1,802050202020,20210710,2,55
5207,1,A,1,802050202020,20210710,2,56
5208,2,A,1,802050202020,20210710,2,57
5209,1,A,1,802050202020,20210710,2,58
5210,2,A,1,802050202020,20210710,2,59
5211,1,A,0,202020205050,20210710,2,60
5212,2,A,0,202020205050,20210710,2,61
5213,1,A,0,202020205050,20210710,2,62
5214,2,A,0,202020205050,20210710,2,63
5215,1,A,0,202020205050,20210710,2,64
5216,2,A,0,202020205050,20210710,2,65
5217,1,A,0,202020205050,20210710,2,66
5218,2,A,1,202020205050,20210710,2,67
5219,1,A,0,202020205050,20210710,2,68
5220,2,A,0,202020205050,20210710,2,69
5221,1,A,1,202020205050,20210710,2,70
5222,2,A,0,202020205050,20210710,2,71
5223,1,A,1,202020205050,20210710,2,72
5224,2,A,0,202020205050,20210710,2,73
5225,1,A,1,202020205050,20210710,2,74
5226,2,A,0,202020205050,20210710,2,75
5227,1,A,0,202020205050,20210710,2,76
5228,2,A,0,202020205050,20210710,2,77
5229,1,A,0,202020205050,20210710,2,78
5230,2,A,1,202020205050,20210710,2,79
5231,1,A,0,202020205050,20210710,2,80
5232,2,A,0,202020205050,20210710,2,81
5233,1,A,0,202020205050,20210710,2,82
5234,2,A,0,202020205050,20210710,2,83
5235,4,B,0,202020205050,20210710,2,84
5236,3,B,0,202020205050,20210710,2,85
5237,4,B,0,202020205050,20210710,2,86
5238,3,B,0,202020205050,20210710,2,87
5239,4,B,0,202020205050,20210710,2,88
5240,3,B,0,202020205050,20210710,2,89
5241,4,B,0,202020205050,20210710,2,90
5242,5,C,1,202020205050,20210710,2,91
5243,6,C,0,202020205050,20210710,2,92
5244,5,C,1,202020205050,20210710,2,93
5245,6,C,0,202020205050,20210710,2,94
5246,5,C,1,202020205050,20210710,2,95
5247,6,C,1,202020205050,20210710,2,96
5248,5,C,1,202020205050,20210710,2,97
5249,6,C,1,202020205050,20210710,2,98
5250,5,C,0,202020205050,20210710,2,99
5251,6,C,0,202020205050,20210710,2,100
5252,5,C,1,202020205050,20210710,2,101
5253,6,C,1,202020205050,20210710,2,102
5254,5,C,1,202020205050,20210710,2,103
5255,6,C,0,202020205050,20210710,2,104
5256,5,C,1,202020205050,20210710,2,105
5257,6,C,0,202020205050,20210710,2,106
5258,5,C,0,202020205050,20210710,2,107
5259,6,C,1,202020205050,20210710,2,108
5260,5,C,0,202020205050,20210710,2,109
5261,6,C,1,202020205050,20210710,2,110
5262,5,C,0,202020205050,20210710,2,111
5263,6,C,1,202020205050,20210710,2,112
5264,5,C,1,202020205050,20210710,2,113
5265,6,C,0,202020205050,20210710,2,114
5266,5,C,1,202020205050,20210710,2,115
5267,6,C,1,202020205050,20210710,2,116
5268,5,C,0,202020205050,20210710,2,117
5269,6,C,0,202020205050,20210710,2,118
5270,5,C,1,202020205050,20210710,2,119
5271,6,C,0,502050802020,20210710,2,120
5272,5,C,0,502050802020,20210710,2,121
5273,6,C,0,502050802020,20210710,2,122
5274,5,C,0,502050802020,20210710,2,123
5275,6,C,0,502050802020,20210710,2,124
5276,5,C,0,502050802020,20210710,2,125
5277,6,C,0,502050802020,20210710,2,126
5278,5,C,0,502050802020,20210710,2,127
5279,6,C,0,502050802020,20210710,2,128
5280,5,C,0,502050802020,20210710,2,129
5281,6,C,0,502050802020,20210710,2,130
5282,5,C,0,502050802020,20210710,2,131
5283,2,A,0,502050802020,20210710,2,132
5284,1,A,0,502050802020,20210710,2,133
5285,2,A,0,502050802020,20210710,2,134
5286,1,A,0,502050802020,20210710,2,135
5287,2,A,1,502050802020,20210710,2,136
5288,1,A,1,502050802020,20210710,2,137
5289,2,A,0,502050802020,20210710,2,138
5290,1,A,0,502050802020,20210710,2,139
5291,2,A,0,502050802020,20210710,2,140
5292,1,A,0,502050802020,20210710,2,141
5293,2,A,0,502050802020,20210710,2,142
5294,1,A,0,502050802020,20210710,2,143
5295,2,A,0,502050802020,20210710,2,144
5296,1,A,0,502050802020,20210710,2,145
5297,5,C,1,502050802020,20210710,2,146
5298,6,C,0,502050802020,20210710,2,147
5299,5,C,1,502050802020,20210710,2,148
5300,6,C,0,502050802020,20210710,2,149
5301,5,C,0,502050802020,20210710,2,150
5302,6,C,0,502050802020,20210710,2,151
5303,5,C,0,502050802020,20210710,2,152
5304,6,C,1,502050802020,20210710,2,153
5305,5,C,0,502050802020,20210710,2,154
5306,6,C,0,502050802020,20210710,2,155
5307,5,C,1,502050802020,20210710,2,156
5308,6,C,0,502050802020,20210710,2,157
5309,5,C,0,502050802020,20210710,2,158
5310,6,C,0,502050802020,20210710,2,159
5311,5,C,0,502050802020,20210710,2,160
5312,6,C,1,502050802020,20210710,2,161
5313,5,C,0,502050802020,20210710,2,162
5314,6,C,0,502050802020,20210710,2,163
5315,5,C,0,502050802020,20210710,2,164
5316,6,C,0,502050802020,20210710,2,165
5317,5,C,0,502050802020,20210710,2,166
5318,6,C,1,502050802020,20210710,2,167
5319,5,C,0,502050802020,20210710,2,168
5320,6,C,0,502050802020,20210710,2,169
5321,5,C,0,502050802020,20210710,2,170
5322,6,C,0,502050802020,20210710,2,171
5323,5,C,1,502050802020,20210710,2,172
5324,6,C,0,502050802020,20210710,2,173
5325,5,C,0,502050802020,20210710,2,174
5326,6,C,0,502050802020,20210710,2,175
5327,5,C,1,502050802020,20210710,2,176
5328,6,C,1,502050802020,20210710,2,177
5329,5,C,1,502050802020,20210710,2,178
5330,6,C,0,502050802020,20210710,2,179
5331,4,B,1,202050802080,20210710,3,0
5332,3,B,0,202050802080,20210710,3,1
5333,4,B,1,202050802080,20210710,3,2
5334,2,A,0,202050802080,20210710,3,3
5335,1,A,1,202050802080,20210710,3,4
5336,2,A,0,202050802080,20210710,3,5
5337,1,A,0,202050802080,20210710,3,6
5338,2,A,0,202050802080,20210710,3,7
5339,1,A,0,202050802080,20210710,3,8
5340,5,C,1,202050802080,20210710,3,9
5341,6,C,1,202050802080,20210710,3,10
5342,5,C,1,202050802080,20210710,3,11
5343,6,C,1,202050802080,20210710,3,12
5344,5,C,0,202050802080,20210710,3,13
5345,6,C,1,202050802080,20210710,3,14
5346,5,C,1,202050802080,20210710,3,15
5347,6,C,1,202050802080,20210710,3,16
5348,5,C,0,202050802080,20210710,3,17
5349,6,C,1,202050802080,20210710,3,18
5350,5,C,1,202050802080,20210710,3,19
5351,6,C,1,202050802080,20210710,3,20
5352,5,C,0,202050802080,20210710,3,21
5353,6,C,1,202050802080,20210710,3,22
5354,5,C,0,202050802080,20210710,3,23
5355,6,C,1,202050802080,20210710,3,24
5356,5,C,0,202050802080,20210710,3,25
5357,6,C,1,202050802080,20210710,3,26
5358,5,C,0,202050802080,20210710,3,27
5359,6,C,1,202050802080,20210710,3,28
5360,5,C,0,202050802080,20210710,3,29
5361,6,C,1,202050802080,20210710,3,30
5362,5,C,0,202050802080,20210710,3,31
5363,6,C,0,202050802080,20210710,3,32
5364,5,C,0,202050802080,20210710,3,33
5365,6,C,1,202050802080,20210710,3,34
5366,5,C,0,202050802080,20210710,3,35
5367,6,C,1,202050802080,20210710,3,36
5368,5,C,0,202050802080,20210710,3,37
5369,6,C,1,202050802080,20210710,3,38
5370,5,C,0,202050802080,20210710,3,39
5371,6,C,1,202050802080,20210710,3,40
5372,4,B,1,202050802080,20210710,3,41
5373,3,B,0,202050802080,20210710,3,42
5374,4,B,1,202050802080,20210710,3,43
5375,3,B,0,202050802080,20210710,3,44
5376,4,B,0,202050802080,20210710,3,45
5377,3,B,1,202050802080,20210710,3,46
5378,4,B,0,202050802080,20210710,3,47
5379,3,B,0,202050802080,20210710,3,48
5380,4,B,1,202050802080,20210710,3,49
5381,3,B,0,202050802080,20210710,3,50
5382,4,B,1,202050802080,20210710,3,51
5383,3,B,0,202050802080,20210710,3,52
5384,4,B,1,202050802080,20210710,3,53
5385,3,B,1,202050802080,20210710,3,54
5386,4,B,1,202050802080,20210710,3,55
5387,3,B,0,202050802080,20210710,3,56
5388,4,B,0,202050802080,20210710,3,57
5389,3,B,0,202050802080,20210710,3,58
5390,4,B,0,202050802080,20210710,3,59
5391,3,B,0,502020208050,20210710,3,60
5392,4,B,0,502020208050,20210710,3,61
5393,3,B,0,502020208050,20210710,3,62
5394,4,B,0,502020208050,20210710,3,63
5395,3,B,1,502020208050,20210710,3,64
5396,4,B,0,502020208050,20210710,3,65
5397,3,B,1,502020208050,20210710,3,66
5398,4,B,0,502020208050,20210710,3,67
5399,3,B,0,502020208050,20210710,3,68
5400,4,B,0,502020208050,20210710,3,69
5401,3,B,0,502020208050,20210710,3,70
5402,2,A,0,502020208050,20210710,3,71
5403,1,A,0,502020208050,20210710,3,72
5404,2,A,0,502020208050,20210710,3,73
5405,1,A,0,502020208050,20210710,3,74
5406,2,A,1,502020208050,20210710,3,75
5407,1,A,1,502020208050,20210710,3,76
5408,2,A,0,502020208050,20210710,3,77
5409,1,A,0,502020208050,20210710,3,78
5410,2,A,0,502020208050,20210710,3,79
5411,1,A,0,502020208050,20210710,3,80
5412,5,C,1,502020208050,20210710,3,81
5413,6,C,0,502020208050,20210710,3,82
5414,5,C,1,502020208050,20210710,3,83
5415,6,C,1,502020208050,20210710,3,84
5416,5,C,1,502020208050,20210710,3,85
5417,6,C,1,502020208050,20210710,3,86
5418,5,C,0,502020208050,20210710,3,87
5419,6,C,1,502020208050,20210710,3,88
5420,5,C,1,502020208050,20210710,3,89
5421,6,C,1,502020208050,20210710,3,90
5422,5,C,1,502020208050,20210710,3,91
5423,6,C,0,502020208050,20210710,3,92
5424,5,C,1,502020208050,20210710,3,93
5425,6,C,0,502020208050,20210710,3,94
5426,5,C,1,502020208050,20210710,3,95
5427,6,C,0,502020208050,20210710,3,96
5428,5,C,1,502020208050,20210710,3,97
5429,6,C,0,502020208050,20210710,3,98
5430,5,C,1,502020208050,20210710,3,99
5431,6,C,1,502020208050,20210710,3,100
5432,5,C,1,502020208050,20210710,3,101
5433,6,C,0,502020208050,20210710,3,102
5434,5,C,1,502020208050,20210710,3,103
5435,6,C,0,502020208050,20210710,3,104
5436,5,C,1,502020208050,20210710,3,105
5437,6,C,1,502020208050,20210710,3,106
5438,5,C,1,502020208050,20210710,3,107
5439,6,C,0,502020208050,20210710,3,108
5440,5,C,0,502020208050,20210710,3,109
5441,6,C,0,502020208050,20210710,3,110
5442,5,C,1,502020208050,20210710,3,111
5443,6,C,0,502020208050,20210710,3,112
5444,5,C,1,502020208050,20210710,3,113
5445,6,C,1,502020208050,20210710,3,114
5446,5,C,1,502020208050,20210710,3,115
5447,6,C,0,502020208050,20210710,3,116
5448,5,C,1,502020208050,20210710,3,117
5449,6,C,1,502020208050,20210710,3,118
5450,5,C,1,502020208050,20210710,3,119
5451,6,C,0,805020502020,20210710,3,120
5452,5,C,0,805020502020,20210710,3,121
5453,6,C,1,805020502020,20210710,3,122
5454,5,C,1,805020502020,20210710,3,123
5455,6,C,1,805020502020,20210710,3,124
5456,5,C,0,805020502020,20210710,3,125
5457,6,C,0,805020502020,20210710,3,126
5458,5,C,0,805020502020,20210710,3,127
5459,6,C,0,805020502020,20210710,3,128
5460,5,C,0,805020502020,20210710,3,129
5461,6,C,0,805020502020,20210710,3,130
5462,5,C,0,805020502020,20210710,3,131
5463,6,C,0,805020502020,20210710,3,132
5464,5,C,0,805020502020,20210710,3,133
5465,6,C,0,805020502020,20210710,3,134
5466,5,C,0,805020502020,20210710,3,135
5467,6,C,0,805020502020,20210710,3,136
5468,5,C,0,805020502020,20210710,3,137
5469,6,C,0,805020502020,20210710,3,138
5470,5,C,0,805020502020,20210710,3,139
5471,4,B,1,805020502020,20210710,3,140
5472,3,B,0,805020502020,20210710,3,141
5473,4,B,0,805020502020,20210710,3,142
5474,3,B,0,805020502020,20210710,3,143
5475,4,B,1,805020502020,20210710,3,144
5476,3,B,0,805020502020,20210710,3,145
5477,4,B,1,805020502020,20210710,3,146
5478,3,B,0,805020502020,20210710,3,147
5479,4,B,0,805020502020,20210710,3,148
5480,3,B,1,805020502020,20210710,3,149
5481,4,B,0,805020502020,20210710,3,150
5482,3,B,0,805020502020,20210710,3,151
5483,4,B,0,805020502020,20210710,3,152
5484,3,B,0,805020502020,20210710,3,153
5485,4,B,1,805020502020,20210710,3,154
5486,3,B,0,805020502020,20210710,3,155
5487,4,B,0,805020502020,20210710,3,156
5488,3,B,0,805020502020,20210710,3,157
5489,4,B,0,805020502020,20210710,3,158
5490,3,B,0,805020502020,20210710,3,159
5491,4,B,0,805020502020,20210710,3,160
5492,5,C,1,805020502020,20210710,3,161
5493,6,C,0,805020502020,20210710,3,162
5494,5,C,1,805020502020,20210710,3,163
5495,6,C,0,805020502020,20210710,3,164
5496,5,C,1,805020502020,20210710,3,165
5497,6,C,0,805020502020,20210710,3,166
5498,5,C,0,805020502020,20210710,3,167
5499,6,C,1,805020502020,20210710,3,168
5500,5,C,0,805020502020,20210710,3,169
5501,6,C,0,805020502020,20210710,3,170
5502,5,C,1,805020502020,20210710,3,171
5503,6,C,0,805020502020,20210710,3,172
5504,5,C,1,805020502020,20210710,3,173
5505,6,C,1,805020502020,20210710,3,174
5506,5,C,0,805020502020,20210710,3,175
5507,6,C,0,805020502020,20210710,3,176
5508,5,C,0,805020502020,20210710,3,177
5509,6,C,1,805020502020,20210710,3,178
5510,5,C,1,805020502020,20210710,3,179
5511,3,B,1,205020208020,20210710,4,0
5512,4,B,0,205020208020,20210710,4,1
5513,2,A,0,205020208020,20210710,4,2
5514,1,A,0,205020208020,20210710,4,3
5515,2,A,1,205020208020,20210710,4,4
5516,1,A,0,205020208020,20210710,4,5
5517,2,A,0,205020208020,20210710,4,6
5518,5,C,1,205020208020,20210710,4,7
5519,6,C,1,205020208020,20210710,4,8
5520,5,C,0,205020208020,20210710,4,9
5521,6,C,0,205020208020,20210710,4,10
5522,5,C,1,205020208020,20210710,4,11
5523,6,C,0,205020208020,20210710,4,12
5524,5,C,1,205020208020,20210710,4,13
5525,6,C,0,205020208020,20210710,4,14
5526,5,C,1,205020208020,20210710,4,15
5527,6,C,0,205020208020,20210710,4,16
5528,5,C,1,205020208020,20210710,4,17
5529,6,C,0,205020208020,20210710,4,18
5530,2,A,0,205020208020,20210710,4,19
5531,1,A,0,205020208020,20210710,4,20
5532,2,A,0,205020208020,20210710,4,21
5533,4,B,0,205020208020,20210710,4,22
5534,3,B,1,205020208020,20210710,4,23
5535,4,B,0,205020208020,20210710,4,24
5536,3,B,0,205020208020,20210710,4,25
5537,4,B,0,205020208020,20210710,4,26
5538,3,B,0,205020208020,20210710,4,27
5539,4,B,0,205020208020,20210710,4,28
5540,5,C,1,205020208020,20210710,4,29
5541,6,C,0,205020208020,20210710,4,30
5542,5,C,1,205020208020,20210710,4,31
5543,6,C,0,205020208020,20210710,4,32
5544,5,C,1,205020208020,20210710,4,33
5545,6,C,0,205020208020,20210710,4,34
5546,5,C,0,205020208020,20210710,4,35
5547,6,C,0,205020208020,20210710,4,36
5548,5,C,1,205020208020,20210710,4,37
5549,6,C,0,205020208020,20210710,4,38
5550,5,C,1,205020208020,20210710,4,39
5551,6,C,0,205020208020,20210710,4,40
5552,5,C,0,205020208020,20210710,4,41
5553,6,C,0,205020208020,20210710,4,42
5554,5,C,1,205020208020,20210710,4,43
5555,6,C,0,205020208020,20210710,4,44
5556,5,C,1,205020208020,20210710,4,45
5557,6,C,1,205020208020,20210710,4,46
5558,5,C,0,205020208020,20210710,4,47
5559,6,C,1,205020208020,20210710,4,48
5560,5,C,1,205020208020,20210710,4,49
5561,6,C,0,205020208020,20210710,4,50
5562,5,C,1,205020208020,20210710,4,51
5563,6,C,1,205020208020,20210710,4,52
5564,5,C,0,205020208020,20210710,4,53
5565,6,C,0,205020208020,20210710,4,54
5566,5,C,1,205020208020,20210710,4,55
5567,6,C,0,205020208020,20210710,4,56
5568,5,C,1,205020208020,20210710,4,57
5569,6,C,0,205020208020,20210710,4,58
5570,5,C,1,205020208020,20210710,4,59
5571,6,C,0,502050802020,20210710,4,60
5572,5,C,0,502050802020,20210710,4,61
5573,6,C,1,502050802020,20210710,4,62
5574,5,C,0,502050802020,20210710,4,63
5575,6,C,1,502050802020,20210710,4,64
5576,5,C,1,502050802020,20210710,4,65
5577,6,C,0,502050802020,20210710,4,66
5578,5,C,0,502050802020,20210710,4,67
5579,6,C,0,502050802020,20210710,4,68
5580,5,C,0,502050802020,20210710,4,69
5581,6,C,0,502050802020,20210710,4,70
5582,5,C,0,502050802020,20210710,4,71
5583,6,C,0,502050802020,20210710,4,72
5584,5,C,0,502050802020,20210710,4,73
5585,2,A,1,502050802020,20210710,4,74
5586,1,A,0,502050802020,20210710,4,75
5587,2,A,0,502050802020,20210710,4,76
5588,1,A,0,502050802020,20210710,4,77
5589,2,A,0,502050802020,20210710,4,78
5590,5,C,0,502050802020,20210710,4,79
5591,6,C,0,502050802020,20210710,4,80
5592,5,C,0,502050802020,20210710,4,81
5593,6,C,1,502050802020,20210710,4,82
5594,5,C,0,502050802020,20210710,4,83
5595,6,C,1,502050802020,20210710,4,84
5596,5,C,1,502050802020,20210710,4,85
5597,6,C,0,502050802020,20210710,4,86
5598,5,C,0,502050802020,20210710,4,87
5599,6,C,0,502050802020,20210710,4,88
5600,5,C,0,502050802020,20210710,4,89
5601,6,C,0,502050802020,20210710,4,90
5602,5,C,0,502050802020,20210710,4,91
5603,6,C,1,502050802020,20210710,4,92
5604,5,C,0,502050802020,20210710,4,93
5605,6,C,0,502050802020,20210710,4,94
5606,5,C,0,502050802020,20210710,4,95
5607,6,C,0,502050802020,20210710,4,96
5608,5,C,0,502050802020,20210710,4,97
5609,6,C,1,502050802020,20210710,4,98
5610,5,C,0,502050802020,20210710,4,99
5611,6,C,0,502050802020,20210710,4,100
5612,5,C,1,502050802020,20210710,4,101
5613,6,C,0,502050802020,20210710,4,102
5614,5,C,0,502050802020,20210710,4,103
5615,6,C,0,502050802020,20210710,4,104
5616,5,C,0,502050802020,20210710,4,105
5617,6,C,0,502050802020,20210710,4,106
5618,5,C,0,502050802020,20210710,4,107
5619,3,B,1,502050802020,20210710,4,108
5620,4,B,0,502050802020,20210710,4,109
5621,3,B,1,502050802020,20210710,4,110
5622,4,B,1,502050802020,20210710,4,111
5623,3,B,1,502050802020,20210710,4,112
5624,4,B,1,502050802020,20210710,4,113
5625,3,B,0,502050802020,20210710,4,114
5626,4,B,0,502050802020,20210710,4,115
5627,3,B,0,502050802020,20210710,4,116
5628,4,B,1,502050802020,20210710,4,117
5629,3,B,1,502050802020,20210710,4,118
5630,4,B,1,502050802020,20210710,4,119
5631,3,B,0,502020202080,20210710,4,120
5632,4,B,0,502020202080,20210710,4,121
5633,3,B,1,502020202080,20210710,4,122
5634,4,B,0,502020202080,20210710,4,123
5635,3,B,0,502020202080,20210710,4,124
5636,4,B,0,502020202080,20210710,4,125
5637,3,B,0,502020202080,20210710,4,126
5638,4,B,0,502020202080,20210710,4,127
5639,3,B,0,502020202080,20210710,4,128
5640,4,B,0,502020202080,20210710,4,129
5641,3,B,0,502020202080,20210710,4,130
5642,4,B,0,502020202080,20210710,4,131
5643,3,B,0,502020202080,20210710,4,132
5644,4,B,0,502020202080,20210710,4,133
5645,5,C,1,502020202080,20210710,4,134
5646,6,C,1,502020202080,20210710,4,135
5647,5,C,0,502020202080,20210710,4,136
5648,6,C,1,502020202080,20210710,4,137
5649,5,C,0,502020202080,20210710,4,138
5650,6,C,0,502020202080,20210710,4,139
5651,5,C,0,502020202080,20210710,4,140
5652,6,C,1,502020202080,20210710,4,141
5653,5,C,1,502020202080,20210710,4,142
5654,6,C,1,502020202080,20210710,4,143
5655,5,C,0,502020202080,20210710,4,144
5656,6,C,1,502020202080,20210710,4,145
5657,5,C,1,502020202080,20210710,4,146
5658,6,C,1,502020202080,20210710,4,147
5659,5,C,1,502020202080,20210710,4,148
5660,6,C,0,502020202080,20210710,4,149
5661,5,C,0,502020202080,20210710,4,150
5662,6,C,0,502020202080,20210710,4,151
5663,5,C,0,502020202080,20210710,4,152
5664,6,C,1,502020202080,20210710,4,153
5665,5,C,0,502020202080,20210710,4,154
5666,6,C,0,502020202080,20210710,4,155
5667,5,C,0,502020202080,20210710,4,156
5668,6,C,1,502020202080,20210710,4,157
5669,5,C,0,502020202080,20210710,4,158
5670,6,C,1,502020202080,20210710,4,159
5671,5,C,1,502020202080,20210710,4,160
5672,6,C,0,502020202080,20210710,4,161
5673,5,C,0,502020202080,20210710,4,162
5674,6,C,1,502020202080,20210710,4,163
5675,5,C,0,502020202080,20210710,4,164
5676,6,C,1,502020202080,20210710,4,165
5677,5,C,0,502020202080,20210710,4,166
5678,6,C,1,502020202080,20210710,4,167
5679,5,C,0,502020202080,20210710,4,168
5680,6,C,1,502020202080,20210710,4,169
5681,5,C,0,502020202080,20210710,4,170
5682,6,C,1,502020202080,20210710,4,171
5683,5,C,0,502020202080,20210710,4,172
5684,6,C,1,502020202080,20210710,4,173
5685,5,C,0,502020202080,20210710,4,174
5686,6,C,1,502020202080,20210710,4,175
5687,5,C,0,502020202080,20210710,4,176
5688,6,C,1,502020202080,20210710,4,177
5689,5,C,0,502020202080,20210710,4,178
5690,6,C,0,502020202080,20210710,4,179
5691,3,B,1,805050205020,20210710,5,0
5692,4,B,0,805050205020,20210710,5,1
5693,5,C,0,805050205020,20210710,5,2
5694,6,C,0,805050205020,20210710,5,3
5695,5,C,1,805050205020,20210710,5,4
5696,6,C,1,805050205020,20210710,5,5
5697,5,C,0,805050205020,20210710,5,6
5698,6,C,1,805050205020,20210710,5,7
5699,5,C,1,805050205020,20210710,5,8
5700,6,C,1,805050205020,20210710,5,9
5701,5,C,1,805050205020,20210710,5,10
5702,6,C,0,805050205020,20210710,5,11
5703,5,C,1,805050205020,20210710,5,12
5704,6,C,0,805050205020,20210710,5,13
5705,5,C,1,805050205020,20210710,5,14
5706,6,C,1,805050205020,20210710,5,15
5707,5,C,0,805050205020,20210710,5,16
5708,6,C,1,805050205020,20210710,5,17
5709,5,C,1,805050205020,20210710,5,18
5710,6,C,0,805050205020,20210710,5,19
5711,5,C,0,805050205020,20210710,5,20
5712,6,C,0,805050205020,20210710,5,21
5713,2,A,1,805050205020,20210710,5,22
5714,1,A,1,805050205020,20210710,5,23
5715,2,A,1,805050205020,20210710,5,24
5716,1,A,1,805050205020,20210710,5,25
5717,2,A,1,805050205020,20210710,5,26
5718,1,A,1,805050205020,20210710,5,27
5719,2,A,0,805050205020,20210710,5,28
5720,1,A,0,805050205020,20210710,5,29
5721,2,A,0,805050205020,20210710,5,30
5722,1,A,1,805050205020,20210710,5,31
5723,2,A,1,805050205020,20210710,5,32
5724,1,A,0,805050205020,20210710,5,33
5725,2,A,0,805050205020,20210710,5,34
5726,1,A,1,805050205020,20210710,5,35
5727,2,A,1,805050205020,20210710,5,36
5728,1,A,1,805050205020,20210710,5,37
5729,2,A,1,805050205020,20210710,5,38
5730,1,A,1,805050205020,20210710,5,39
5731,2,A,0,805050205020,20210710,5,40
5732,1,A,1,805050205020,20210710,5,41
5733,2,A,0,805050205020,20210710,5,42
5734,1,A,1,805050205020,20210710,5,43
5735,2,A,1,805050205020,20210710,5,44
5736,1,A,0,805050205020,20210710,5,45
5737,2,A,0,805050205020,20210710,5,46
5738,1,A,1,805050205020,20210710,5,47
5739,2,A,1,805050205020,20210710,5,48
5740,1,A,1,805050205020,20210710,5,49
5741,2,A,0,805050205020,20210710,5,50
5742,1,A,1,805050205020,20210710,5,51
5743,2,A,0,805050205020,20210710,5,52
5744,1,A,1,805050205020,20210710,5,53
5745,2,A,1,805050205020,20210710,5,54
5746,1,A,1,805050205020,20210710,5,55
5747,2,A,1,805050205020,20210710,5,56
5748,1,A,1,805050205020,20210710,5,57
5749,2,A,1,805050205020,20210710,5,58
5750,1,A,1,805050205020,20210710,5,59
5751,2,A,1,205080205050,20210710,5,60
5752,1,A,0,205080205050,20210710,5,61
5753,2,A,0,205080205050,20210710,5,62
5754,1,A,1,205080205050,20210710,5,63
5755,2,A,0,205080205050,20210710,5,64
5756,1,A,0,205080205050,20210710,5,65
5757,2,A,1,205080205050,20210710,5,66
5758,1,A,1,205080205050,20210710,5,67
5759,2,A,0,205080205050,20210710,5,68
5760,1,A,0,205080205050,20210710,5,69
5761,2,A,0,205080205050,20210710,5,70
5762,1,A,0,205080205050,20210710,5,71
5763,2,A,1,205080205050,20210710,5,72
5764,5,C,1,205080205050,20210710,5,73
5765,6,C,0,205080205050,20210710,5,74
5766,5,C,0,205080205050,20210710,5,75
5767,6,C,0,205080205050,20210710,5,76
5768,5,C,0,205080205050,20210710,5,77
5769,6,C,0,205080205050,20210710,5,78
5770,5,C,0,205080205050,20210710,5,79
5771,6,C,0,205080205050,20210710,5,80
5772,5,C,0,205080205050,20210710,5,81
5773,6,C,0,205080205050,20210710,5,82
5774,5,C,0,205080205050,20210710,5,83
5775,2,A,0,205080205050,20210710,5,84
5776,1,A,0,205080205050,20210710,5,85
5777,2,A,0,205080205050,20210710,5,86
5778,4,B,0,205080205050,20210710,5,87
5779,3,B,1,205080205050,20210710,5,88
5780,4,B,0,205080205050,20210710,5,89
5781,3,B,1,205080205050,20210710,5,90
5782,4,B,0,205080205050,20210710,5,91
5783,3,B,1,205080205050,20210710,5,92
5784,4,B,0,205080205050,20210710,5,93
5785,3,B,1,205080205050,20210710,5,94
5786,4,B,0,205080205050,20210710,5,95
5787,3,B,1,205080205050,20210710,5,96
5788,4,B,0,205080205050,20210710,5,97
5789,3,B,1,205080205050,20210710,5,98
5790,4,B,0,205080205050,20210710,5,99
5791,3,B,0,205080205050,20210710,5,100
5792,4,B,0,205080205050,20210710,5,101
5793,3,B,1,205080205050,20210710,5,102
5794,5,C,0,205080205050,20210710,5,103
5795,6,C,0,205080205050,20210710,5,104
5796,5,C,0,205080205050,20210710,5,105
5797,6,C,1,205080205050,20210710,5,106
5798,5,C,1,205080205050,20210710,5,107
5799,6,C,1,205080205050,20210710,5,108
5800,5,C,0,205080205050,20210710,5,109
5801,6,C,0,205080205050,20210710,5,110
5802,5,C,0,205080205050,20210710,5,111
5803,6,C,0,205080205050,20210710,5,112
5804,5,C,0,205080205050,20210710,5,113
5805,6,C,1,205080205050,20210710,5,114
5806,5,C,1,205080205050,20210710,5,115
5807,6,C,1,205080205050,20210710,5,116
5808,5,C,0,205080205050,20210710,5,117
5809,6,C,1,205080205050,20210710,5,118
5810,5,C,0,205080205050,20210710,5,119
5811,6,C,0,508020202020,20210710,5,120
5812,5,C,1,508020202020,20210710,5,121
5813,6,C,0,508020202020,20210710,5,122
5814,5,C,0,508020202020,20210710,5,123
5815,6,C,0,508020202020,20210710,5,124
5816,5,C,0,508020202020,20210710,5,125
5817,6,C,1,508020202020,20210710,5,126
5818,5,C,1,508020202020,20210710,5,127
5819,6,C,0,508020202020,20210710,5,128
5820,5,C,0,508020202020,20210710,5,129
5821,6,C,0,508020202020,20210710,5,130
5822,5,C,0,508020202020,20210710,5,131
5823,6,C,0,508020202020,20210710,5,132
5824,5,C,0,508020202020,20210710,5,133
5825,6,C,1,508020202020,20210710,5,134
5826,5,C,1,508020202020,20210710,5,135
5827,6,C,0,508020202020,20210710,5,136
5828,5,C,0,508020202020,20210710,5,137
5829,6,C,0,508020202020,20210710,5,138
5830,5,C,0,508020202020,20210710,5,139
5831,6,C,0,508020202020,20210710,5,140
5832,5,C,0,508020202020,20210710,5,141
5833,2,A,1,508020202020,20210710,5,142
5834,1,A,0,508020202020,20210710,5,143
5835,2,A,1,508020202020,20210710,5,144
5836,1,A,1,508020202020,20210710,5,145
5837,2,A,1,508020202020,20210710,5,146
5838,1,A,1,508020202020,20210710,5,147
5839,2,A,0,508020202020,20210710,5,148
5840,1,A,0,508020202020,20210710,5,149
5841,2,A,1,508020202020,20210710,5,150
5842,1,A,1,508020202020,20210710,5,151
5843,2,A,1,508020202020,20210710,5,152
5844,1,A,1,508020202020,20210710,5,153
5845,2,A,1,508020202020,20210710,5,154
5846,1,A,1,508020202020,20210710,5,155
5847,2,A,1,508020202020,20210710,5,156
5848,1,A,0,508020202020,20210710,5,157
5849,2,A,1,508020202020,20210710,5,158
5850,1,A,1,508020202020,20210710,5,159
5851,2,A,1,508020202020,20210710,5,160
5852,1,A,0,508020202020,20210710,5,161
5853,2,A,1,508020202020,20210710,5,162
5854,1,A,1,508020202020,20210710,5,163
5855,2,A,1,508020202020,20210710,5,164
5856,1,A,0,508020202020,20210710,5,165
5857,2,A,1,508020202020,20210710,5,166
5858,1,A,1,508020202020,20210710,5,167
5859,2,A,1,508020202020,20210710,5,168
5860,1,A,0,508020202020,20210710,5,169
5861,2,A,1,508020202020,20210710,5,170
5862,1,A,0,508020202020,20210710,5,171
5863,2,A,1,508020202020,20210710,5,172
5864,1,A,0,508020202020,20210710,5,173
5865,2,A,1,508020202020,20210710,5,174
5866,1,A,0,508020202020,20210710,5,175
5867,2,A,0,508020202020,20210710,5,176
5868,1,A,1,508020202020,20210710,5,177
5869,2,A,0,508020202020,20210710,5,178
5870,1,A,1,508020202020,20210710,5,179
5871,4,B,1,202080508020,20210710,6,0
5872,3,B,1,202080508020,20210710,6,1
5873,4,B,0,202080508020,20210710,6,2
5874,2,A,0,202080508020,20210710,6,3
5875,1,A,0,202080508020,20210710,6,4
5876,2,A,0,202080508020,20210710,6,5
5877,5,C,1,202080508020,20210710,6,6
5878,6,C,0,202080508020,20210710,6,7
5879,5,C,0,202080508020,20210710,6,8
5880,6,C,0,202080508020,20210710,6,9
5881,5,C,1,202080508020,20210710,6,10
5882,6,C,1,202080508020,20210710,6,11
5883,5,C,1,202080508020,20210710,6,12
5884,6,C,1,202080508020,20210710,6,13
5885,5,C,1,202080508020,20210710,6,14
5886,6,C,0,202080508020,20210710,6,15
5887,5,C,1,202080508020,20210710,6,16
5888,6,C,0,202080508020,20210710,6,17
5889,5,C,1,202080508020,20210710,6,18
5890,6,C,0,202080508020,20210710,6,19
5891,5,C,1,202080508020,20210710,6,20
5892,6,C,0,202080508020,20210710,6,21
5893,5,C,1,202080508020,20210710,6,22
5894,6,C,0,202080508020,20210710,6,23
5895,5,C,1,202080508020,20210710,6,24
5896,6,C,1,202080508020,20210710,6,25
5897,5,C,1,202080508020,20210710,6,26
5898,6,C,0,202080508020,20210710,6,27
5899,5,C,1,202080508020,20210710,6,28
5900,6,C,0,202080508020,20210710,6,29
5901,5,C,0,202080508020,20210710,6,30
5902,6,C,1,202080508020,20210710,6,31
5903,5,C,0,202080508020,20210710,6,32
5904,6,C,1,202080508020,20210710,6,33
5905,5,C,0,202080508020,20210710,6,34
5906,6,C,0,202080508020,20210710,6,35
5907,5,C,0,202080508020,20210710,6,36
5908,6,C,0,202080508020,20210710,6,37
5909,5,C,1,202080508020,20210710,6,38
5910,6,C,0,202080508020,20210710,6,39
5911,5,C,0,202080508020,20210710,6,40
5912,2,A,0,202080508020,20210710,6,41
5913,1,A,0,202080508020,20210710,6,42
5914,2,A,1,202080508020,20210710,6,43
5915,1,A,0,202080508020,20210710,6,44
5916,2,A,0,202080508020,20210710,6,45
5917,1,A,1,202080508020,20210710,6,46
5918,2,A,0,202080508020,20210710,6,47
5919,3,B,1,202080508020,20210710,6,48
5920,4,B,0,202080508020,20210710,6,49
5921,3,B,1,202080508020,20210710,6,50
5922,4,B,0,202080508020,20210710,6,51
5923,3,B,1,202080508020,20210710,6,52
5924,4,B,0,202080508020,20210710,6,53
5925,3,B,0,202080508020,20210710,6,54
5926,4,B,0,202080508020,20210710,6,55
5927,3,B,1,202080508020,20210710,6,56
5928,4,B,0,202080508020,20210710,6,57
5929,3,B,1,202080508020,20210710,6,58
5930,4,B,1,202080508020,20210710,6,59
5931,3,B,0,502020202080,20210710,6,60
5932,4,B,1,502020202080,20210710,6,61
5933,3,B,0,502020202080,20210710,6,62
5934,4,B,0,502020202080,20210710,6,63
5935,3,B,0,502020202080,20210710,6,64
5936,4,B,0,502020202080,20210710,6,65
5937,3,B,0,502020202080,20210710,6,66
5938,5,C,0,502020202080,20210710,6,67
5939,6,C,1,502020202080,20210710,6,68
5940,5,C,0,502020202080,20210710,6,69
5941,6,C,1,502020202080,20210710,6,70
5942,5,C,0,502020202080,20210710,6,71
5943,6,C,1,502020202080,20210710,6,72
5944,5,C,0,502020202080,20210710,6,73
5945,6,C,1,502020202080,20210710,6,74
5946,5,C,0,502020202080,20210710,6,75
5947,6,C,1,502020202080,20210710,6,76
5948,5,C,0,502020202080,20210710,6,77
5949,6,C,1,502020202080,20210710,6,78
5950,5,C,0,502020202080,20210710,6,79
5951,6,C,1,502020202080,20210710,6,80
5952,5,C,0,502020202080,20210710,6,81
5953,6,C,1,502020202080,20210710,6,82
5954,5,C,1,502020202080,20210710,6,83
5955,6,C,0,502020202080,20210710,6,84
5956,5,C,1,502020202080,20210710,6,85
5957,6,C,1,502020202080,20210710,6,86
5958,5,C,1,502020202080,20210710,6,87
5959,6,C,1,502020202080,20210710,6,88
5960,5,C,0,502020202080,20210710,6,89
5961,6,C,1,502020202080,20210710,6,90
5962,5,C,0,502020202080,20210710,6,91
5963,6,C,1,502020202080,20210710,6,92
5964,5,C,0,502020202080,20210710,6,93
5965,6,C,1,502020202080,20210710,6,94
5966,5,C,1,502020202080,20210710,6,95
5967,6,C,1,502020202080,20210710,6,96
5968,5,C,0,502020202080,20210710,6,97
5969,6,C,0,502020202080,20210710,6,98
5970,5,C,0,502020202080,20210710,6,99
5971,6,C,1,502020202080,20210710,6,100
5972,5,C,0,502020202080,20210710,6,101
5973,6,C,1,502020202080,20210710,6,102
5974,5,C,0,502020202080,20210710,6,103
5975,6,C,1,502020202080,20210710,6,104
5976,5,C,1,502020202080,20210710,6,105
5977,6,C,1,502020202080,20210710,6,106
5978,5,C,0,502020202080,20210710,6,107
5979,6,C,0,502020202080,20210710,6,108
5980,5,C,0,502020202080,20210710,6,109
5981,6,C,0,502020202080,20210710,6,110
5982,5,C,0,502020202080,20210710,6,111
5983,6,C,1,502020202080,20210710,6,112
5984,5,C,0,502020202080,20210710,6,113
5985,6,C,1,502020202080,20210710,6,114
5986,5,C,0,502020202080,20210710,6,115
5987,6,C,1,502020202080,20210710,6,116
5988,5,C,0,502020202080,20210710,6,117
5989,6,C,1,502020202080,20210710,6,118
5990,5,C,0,502020202080,20210710,6,119
5991,6,C,0,805050202020,20210710,6,120
5992,5,C,0,805050202020,20210710,6,121
5993,6,C,0,805050202020,20210710,6,122
5994,5,C,0,805050202020,20210710,6,123
5995,6,C,0,805050202020,20210710,6,124
5996,5,C,0,805050202020,20210710,6,125
5997,6,C,0,805050202020,20210710,6,126
5998,5,C,0,805050202020,20210710,6,127
5999,6,C,0,805050202020,20210710,6,128
6000,5,C,0,805050202020,20210710,6,129
6001,6,C,0,805050202020,20210710,6,130
6002,2,A,1,805050202020,20210710,6,131
6003,1,A,1,805050202020,20210710,6,132
6004,2,A,1,805050202020,20210710,6,133
6005,1,A,1,805050202020,20210710,6,134
6006,2,A,0,805050202020,20210710,6,135
6007,1,A,1,805050202020,20210710,6,136
6008,2,A,0,805050202020,20210710,6,137
6009,1,A,1,805050202020,20210710,6,138
6010,2,A,1,805050202020,20210710,6,139
6011,1,A,1,805050202020,20210710,6,140
6012,2,A,0,805050202020,20210710,6,141
6013,1,A,1,805050202020,20210710,6,142
6014,2,A,1,805050202020,20210710,6,143
6015,1,A,1,805050202020,20210710,6,144
6016,2,A,1,805050202020,20210710,6,145
6017,1,A,1,805050202020,20210710,6,146
6018,2,A,1,805050202020,20210710,6,147
6019,1,A,0,805050202020,20210710,6,148
6020,2,A,1,805050202020,20210710,6,149
6021,1,A,0,805050202020,20210710,6,150
6022,2,A,1,805050202020,20210710,6,151
6023,1,A,1,805050202020,20210710,6,152
6024,2,A,1,805050202020,20210710,6,153
6025,1,A,1,805050202020,20210710,6,154
6026,2,A,1,805050202020,20210710,6,155
6027,1,A,1,805050202020,20210710,6,156
6028,2,A,1,805050202020,20210710,6,157
6029,1,A,0,805050202020,20210710,6,158
6030,2,A,0,805050202020,20210710,6,159
6031,1,A,1,805050202020,20210710,6,160
6032,2,A,1,805050202020,20210710,6,161
6033,1,A,1,805050202020,20210710,6,162
6034,2,A,0,805050202020,20210710,6,163
6035,1,A,1,805050202020,20210710,6,164
6036,2,A,0,805050202020,20210710,6,165
6037,1,A,1,805050202020,20210710,6,166
6038,2,A,1,805050202020,20210710,6,167
6039,1,A,0,805050202020,20210710,6,168
6040,2,A,1,805050202020,20210710,6,169
6041,1,A,1,805050202020,20210710,6,170
6042,2,A,1,805050202020,20210710,6,171
6043,1,A,0,805050202020,20210710,6,172
6044,2,A,0,805050202020,20210710,6,173
6045,1,A,1,805050202020,20210710,6,174
6046,2,A,1,805050202020,20210710,6,175
6047,1,A,1,805050202020,20210710,6,176
6048,2,A,1,805050202020,20210710,6,177
6049,1,A,0,805050202020,20210710,6,178
6050,2,A,0,805050202020,20210710,6,179
6051,3,B,0,205020508050,20210710,7,0
6052,4,B,1,205020508050,20210710,7,1
6053,5,C,1,205020508050,20210710,7,2
6054,6,C,1,205020508050,20210710,7,3
6055,5,C,1,205020508050,20210710,7,4
6056,6,C,1,205020508050,20210710,7,5
6057,5,C,1,205020508050,20210710,7,6
6058,6,C,1,205020508050,20210710,7,7
6059,5,C,1,205020508050,20210710,7,8
6060,6,C,0,205020508050,20210710,7,9
6061,5,C,1,205020508050,20210710,7,10
6062,6,C,0,205020508050,20210710,7,11
6063,5,C,1,205020508050,20210710,7,12
6064,6,C,0,205020508050,20210710,7,13
6065,5,C,0,205020508050,20210710,7,14
6066,6,C,0,205020508050,20210710,7,15
6067,5,C,1,205020508050,20210710,7,16
6068,2,A,1,205020508050,20210710,7,17
6069,1,A,0,205020508050,20210710,7,18
6070,2,A,0,205020508050,20210710,7,19
6071,1,A,0,205020508050,20210710,7,20
6072,2,A,1,205020508050,20210710,7,21
6073,1,A,0,205020508050,20210710,7,22
6074,2,A,1,205020508050,20210710,7,23
6075,1,A,0,205020508050,20210710,7,24
6076,2,A,0,205020508050,20210710,7,25
6077,1,A,0,205020508050,20210710,7,26
6078,2,A,1,205020508050,20210710,7,27
6079,5,C,1,205020508050,20210710,7,28
6080,6,C,1,205020508050,20210710,7,29
6081,5,C,0,205020508050,20210710,7,30
6082,6,C,1,205020508050,20210710,7,31
6083,5,C,0,205020508050,20210710,7,32
6084,6,C,0,205020508050,20210710,7,33
6085,5,C,0,205020508050,20210710,7,34
6086,6,C,0,205020508050,20210710,7,35
6087,5,C,1,205020508050,20210710,7,36
6088,6,C,1,205020508050,20210710,7,37
6089,5,C,1,205020508050,20210710,7,38
6090,6,C,1,205020508050,20210710,7,39
6091,5,C,1,205020508050,20210710,7,40
6092,6,C,1,205020508050,20210710,7,41
6093,5,C,0,205020508050,20210710,7,42
6094,6,C,0,205020508050,20210710,7,43
6095,5,C,1,205020508050,20210710,7,44
6096,6,C,0,205020508050,20210710,7,45
6097,5,C,1,205020508050,20210710,7,46
6098,6,C,1,205020508050,20210710,7,47
6099,5,C,1,205020508050,20210710,7,48
6100,6,C,1,205020508050,20210710,7,49
6101,5,C,1,205020508050,20210710,7,50
6102,6,C,0,205020508050,20210710,7,51
6103,5,C,1,205020508050,20210710,7,52
6104,6,C,0,205020508050,20210710,7,53
6105,5,C,1,205020508050,20210710,7,54
6106,6,C,1,205020508050,20210710,7,55
6107,5,C,0,205020508050,20210710,7,56
6108,6,C,0,205020508050,20210710,7,57
6109,5,C,1,205020508050,20210710,7,58
6110,6,C,1,205020508050,20210710,7,59
6111,5,C,0,508020502020,20210710,7,60
6112,6,C,0,508020502020,20210710,7,61
6113,5,C,0,508020502020,20210710,7,62
6114,6,C,0,508020502020,20210710,7,63
6115,5,C,0,508020502020,20210710,7,64
6116,6,C,0,508020502020,20210710,7,65
6117,2,A,0,508020502020,20210710,7,66
6118,1,A,1,508020502020,20210710,7,67
6119,2,A,1,508020502020,20210710,7,68
6120,1,A,0,508020502020,20210710,7,69
6121,2,A,1,508020502020,20210710,7,70
6122,1,A,1,508020502020,20210710,7,71
6123,2,A,1,508020502020,20210710,7,72
6124,1,A,0,508020502020,20210710,7,73
6125,2,A,1,508020502020,20210710,7,74
6126,1,A,0,508020502020,20210710,7,75
6127,2,A,0,508020502020,20210710,7,76
6128,1,A,1,508020502020,20210710,7,77
6129,2,A,1,508020502020,20210710,7,78
6130,1,A,1,508020502020,20210710,7,79
6131,2,A,1,508020502020,20210710,7,80
6132,1,A,1,508020502020,20210710,7,81
6133,2,A,1,508020502020,20210710,7,82
6134,1,A,0,508020502020,20210710,7,83
6135,2,A,1,508020502020,20210710,7,84
6136,1,A,1,508020502020,20210710,7,85
6137,2,A,1,508020502020,20210710,7,86
6138,1,A,1,508020502020,20210710,7,87
6139,2,A,0,508020502020,20210710,7,88
6140,1,A,0,508020502020,20210710,7,89
6141,2,A,1,508020502020,20210710,7,90
6142,1,A,1,508020502020,20210710,7,91
6143,2,A,1,508020502020,20210710,7,92
6144,1,A,1,508020502020,20210710,7,93
6145,2,A,1,508020502020,20210710,7,94
6146,1,A,0,508020502020,20210710,7,95
6147,2,A,0,508020502020,20210710,7,96
6148,1,A,0,508020502020,20210710,7,97
6149,2,A,1,508020502020,20210710,7,98
6150,1,A,1,508020502020,20210710,7,99
6151,2,A,1,508020502020,20210710,7,100
6152,1,A,0,508020502020,20210710,7,101
6153,2,A,1,508020502020,20210710,7,102
6154,1,A,1,508020502020,20210710,7,103
6155,2,A,0,508020502020,20210710,7,104
6156,1,A,1,508020502020,20210710,7,105
6157,2,A,1,508020502020,20210710,7,106
6158,1,A,1,508020502020,20210710,7,107
6159,2,A,1,508020502020,20210710,7,108
6160,1,A,0,508020502020,20210710,7,109
6161,2,A,0,508020502020,20210710,7,110
6162,1,A,0,508020502020,20210710,7,111
6163,2,A,1,508020502020,20210710,7,112
6164,1,A,0,508020502020,20210710,7,113
6165,2,A,1,508020502020,20210710,7,114
6166,1,A,0,508020502020,20210710,7,115
6167,2,A,1,508020502020,20210710,7,116
6168,1,A,0,508020502020,20210710,7,117
6169,2,A,1,508020502020,20210710,7,118
6170,1,A,1,508020502020,20210710,7,119
6171,2,A,0,502020202080,20210710,7,120
6172,1,A,1,502020202080,20210710,7,121
6173,2,A,0,502020202080,20210710,7,122
6174,1,A,1,502020202080,20210710,7,123
6175,2,A,1,502020202080,20210710,7,124
6176,1,A,0,502020202080,20210710,7,125
6177,2,A,1,502020202080,20210710,7,126
6178,1,A,1,502020202080,20210710,7,127
6179,2,A,0,502020202080,20210710,7,128
6180,1,A,1,502020202080,20210710,7,129
6181,2,A,0,502020202080,20210710,7,130
6182,1,A,1,502020202080,20210710,7,131
6183,2,A,0,502020202080,20210710,7,132
6184,1,A,1,502020202080,20210710,7,133
6185,2,A,0,502020202080,20210710,7,134
6186,1,A,0,502020202080,20210710,7,135
6187,2,A,0,502020202080,20210710,7,136
6188,3,B,0,502020202080,20210710,7,137
6189,4,B,0,502020202080,20210710,7,138
6190,3,B,0,502020202080,20210710,7,139
6191,4,B,0,502020202080,20210710,7,140
6192,3,B,0,502020202080,20210710,7,141
6193,5,C,0,502020202080,20210710,7,142
6194,6,C,0,502020202080,20210710,7,143
6195,5,C,0,502020202080,20210710,7,144
6196,6,C,1,502020202080,20210710,7,145
6197,5,C,0,502020202080,20210710,7,146
6198,6,C,0,502020202080,20210710,7,147
6199,5,C,0,502020202080,20210710,7,148
6200,6,C,1,502020202080,20210710,7,149
6201,5,C,0,502020202080,20210710,7,150
6202,6,C,1,502020202080,20210710,7,151
6203,5,C,0,502020202080,20210710,7,152
6204,6,C,1,502020202080,20210710,7,153
6205,5,C,0,502020202080,20210710,7,154
6206,6,C,0,502020202080,20210710,7,155
6207,5,C,0,502020202080,20210710,7,156
6208,6,C,1,502020202080,20210710,7,157
6209,5,C,0,502020202080,20210710,7,158
6210,6,C,1,502020202080,20210710,7,159
6211,5,C,0,502020202080,20210710,7,160
6212,6,C,1,502020202080,20210710,7,161
6213,5,C,0,502020202080,20210710,7,162
6214,6,C,1,502020202080,20210710,7,163
6215,5,C,0,502020202080,20210710,7,164
6216,6,C,1,502020202080,20210710,7,165
6217,5,C,0,502020202080,20210710,7,166
6218,6,C,1,502020202080,20210710,7,167
6219,5,C,0,502020202080,20210710,7,168
6220,6,C,1,502020202080,20210710,7,169
6221,5,C,0,502020202080,20210710,7,170
6222,6,C,1,502020202080,20210710,7,171
6223,5,C,0,502020202080,20210710,7,172
6224,6,C,1,502020202080,20210710,7,173
6225,5,C,0,502020202080,20210710,7,174
6226,6,C,1,502020202080,20210710,7,175
6227,5,C,0,502020202080,20210710,7,176
6228,6,C,1,502020202080,20210710,7,177
6229,5,C,0,502020202080,20210710,7,178
6230,6,C,1,502020202080,20210710,7,179
6231,3,B,1,205080502050,20210711,1,0
6232,4,B,0,205080502050,20210711,1,1
6233,5,C,0,205080502050,20210711,1,2
6234,6,C,1,205080502050,20210711,1,3
6235,5,C,0,205080502050,20210711,1,4
6236,6,C,1,205080502050,20210711,1,5
6237,2,A,0,205080502050,20210711,1,6
6238,1,A,1,205080502050,20210711,1,7
6239,2,A,0,205080502050,20210711,1,8
6240,1,A,1,205080502050,20210711,1,9
6241,2,A,1,205080502050,20210711,1,10
6242,1,A,0,205080502050,20210711,1,11
6243,2,A,1,205080502050,20210711,1,12
6244,1,A,0,205080502050,20210711,1,13
6245,2,A,1,205080502050,20210711,1,14
6246,5,C,0,205080502050,20210711,1,15
6247,6,C,0,205080502050,20210711,1,16
6248,5,C,0,205080502050,20210711,1,17
6249,6,C,1,205080502050,20210711,1,18
6250,5,C,0,205080502050,20210711,1,19
6251,6,C,0,205080502050,20210711,1,20
6252,5,C,0,205080502050,20210711,1,21
6253,6,C,1,205080502050,20210711,1,22
6254,5,C,0,205080502050,20210711,1,23
6255,6,C,1,205080502050,20210711,1,24
6256,2,A,1,205080502050,20210711,1,25
6257,1,A,0,205080502050,20210711,1,26
6258,2,A,1,205080502050,20210711,1,27
6259,1,A,0,205080502050,20210711,1,28
6260,2,A,0,205080502050,20210711,1,29
6261,1,A,0,205080502050,20210711,1,30
6262,2,A,0,205080502050,20210711,1,31
6263,3,B,0,205080502050,20210711,1,32
6264,4,B,0,205080502050,20210711,1,33
6265,3,B,0,205080502050,20210711,1,34
6266,4,B,0,205080502050,20210711,1,35
6267,5,C,0,205080502050,20210711,1,36
6268,6,C,0,205080502050,20210711,1,37
6269,5,C,1,205080502050,20210711,1,38
6270,6,C,1,205080502050,20210711,1,39
6271,5,C,0,205080502050,20210711,1,40
6272,6,C,0,205080502050,20210711,1,41
6273,5,C,0,205080502050,20210711,1,42
6274,6,C,0,205080502050,20210711,1,43
6275,5,C,0,205080502050,20210711,1,44
6276,6,C,0,205080502050,20210711,1,45
6277,5,C,1,205080502050,20210711,1,46
6278,6,C,1,205080502050,20210711,1,47
6279,5,C,0,205080502050,20210711,1,48
6280,6,C,1,205080502050,20210711,1,49
6281,5,C,0,205080502050,20210711,1,50
6282,6,C,0,205080502050,20210711,1,51
6283,5,C,0,205080502050,20210711,1,52
6284,6,C,1,205080502050,20210711,1,53
6285,5,C,0,205080502050,20210711,1,54
6286,6,C,1,205080502050,20210711,1,55
6287,5,C,0,205080502050,20210711,1,56
6288,6,C,1,205080502050,20210711,1,57
6289,5,C,1,205080502050,20210711,1,58
6290,6,C,1,205080502050,20210711,1,59
6291,5,C,0,202020505080,20210711,1,60
6292,6,C,1,202020505080,20210711,1,61
6293,5,C,0,202020505080,20210711,1,62
6294,6,C,1,202020505080,20210711,1,63
6295,5,C,0,202020505080,20210711,1,64
6296,6,C,1,202020505080,20210711,1,65
6297,5,C,0,202020505080,20210711,1,66
6298,6,C,1,202020505080,20210711,1,67
6299,5,C,1,202020505080,20210711,1,68
6300,6,C,1,202020505080,20210711,1,69
6301,5,C,1,202020505080,20210711,1,70
6302,6,C,1,202020505080,20210711,1,71
6303,5,C,0,202020505080,20210711,1,72
6304,6,C,1,202020505080,20210711,1,73
6305,5,C,1,202020505080,20210711,1,74
6306,6,C,1,202020505080,20210711,1,75
6307,5,C,1,202020505080,20210711,1,76
6308,6,C,0,202020505080,20210711,1,77
6309,5,C,0,202020505080,20210711,1,78
6310,6,C,1,202020505080,20210711,1,79
6311,5,C,1,202020505080,20210711,1,80
6312,6,C,1,202020505080,20210711,1,81
6313,5,C,1,202020505080,20210711,1,82
6314,6,C,1,202020505080,20210711,1,83
6315,5,C,1,202020505080,20210711,1,84
6316,6,C,1,202020505080,20210711,1,85
6317,5,C,1,202020505080,20210711,1,86
6318,6,C,1,202020505080,20210711,1,87
6319,5,C,1,202020505080,20210711,1,88
6320,6,C,1,202020505080,20210711,1,89
6321,5,C,0,202020505080,20210711,1,90
6322,6,C,1,202020505080,20210711,1,91
6323,5,C,1,202020505080,20210711,1,92
6324,6,C,1,202020505080,20210711,1,93
6325,5,C,0,202020505080,20210711,1,94
6326,6,C,0,202020505080,20210711,1,95
6327,5,C,0,202020505080,20210711,1,96
6328,6,C,1,202020505080,20210711,1,97
6329,5,C,0,202020505080,20210711,1,98
6330,6,C,0,202020505080,20210711,1,99
6331,5,C,1,202020505080,20210711,1,100
6332,6,C,1,202020505080,20210711,1,101
6333,5,C,0,202020505080,20210711,1,102
6334,6,C,0,202020505080,20210711,1,103
6335,5,C,1,202020505080,20210711,1,104
6336,6,C,0,202020505080,20210711,1,105
6337,5,C,0,202020505080,20210711,1,106
6338,6,C,1,202020505080,20210711,1,107
6339,5,C,1,202020505080,20210711,1,108
6340,6,C,0,202020505080,20210711,1,109
6341,5,C,1,202020505080,20210711,1,110
6342,6,C,1,202020505080,20210711,1,111
6343,5,C,1,202020505080,20210711,1,112
6344,6,C,1,202020505080,20210711,1,113
6345,5,C,0,202020505080,20210711,1,114
6346,6,C,1,202020505080,20210711,1,115
6347,5,C,0,202020505080,20210711,1,116
6348,6,C,1,202020505080,20210711,1,117
6349,5,C,0,202020505080,20210711,1,118
6350,6,C,1,202020505080,20210711,1,119
6351,5,C,1,205020202020,20210711,1,120
6352,6,C,0,205020202020,20210711,1,121
6353,5,C,0,205020202020,20210711,1,122
6354,6,C,0,205020202020,20210711,1,123
6355,5,C,0,205020202020,20210711,1,124
6356,6,C,0,205020202020,20210711,1,125
6357,5,C,0,205020202020,20210711,1,126
6358,6,C,0,205020202020,20210711,1,127
6359,5,C,0,205020202020,20210711,1,128
6360,6,C,1,205020202020,20210711,1,129
6361,5,C,0,205020202020,20210711,1,130
6362,6,C,0,205020202020,20210711,1,131
6363,5,C,1,205020202020,20210711,1,132
6364,6,C,0,205020202020,20210711,1,133
6365,5,C,0,205020202020,20210711,1,134
6366,6,C,0,205020202020,20210711,1,135
6367,5,C,0,205020202020,20210711,1,136
6368,6,C,0,205020202020,20210711,1,137
6369,5,C,0,205020202020,20210711,1,138
6370,6,C,1,205020202020,20210711,1,139
6371,5,C,1,205020202020,20210711,1,140
6372,6,C,1,205020202020,20210711,1,141
6373,5,C,1,205020202020,20210711,1,142
6374,6,C,0,205020202020,20210711,1,143
6375,5,C,0,205020202020,20210711,1,144
6376,6,C,1,205020202020,20210711,1,145
6377,5,C,0,205020202020,20210711,1,146
6378,6,C,1,205020202020,20210711,1,147
6379,5,C,0,205020202020,20210711,1,148
6380,6,C,0,205020202020,20210711,1,149
6381,5,C,0,205020202020,20210711,1,150
6382,6,C,0,205020202020,20210711,1,151
6383,5,C,0,205020202020,20210711,1,152
6384,6,C,0,205020202020,20210711,1,153
6385,2,A,0,205020202020,20210711,1,154
6386,1,A,0,205020202020,20210711,1,155
6387,2,A,0,205020202020,20210711,1,156
6388,1,A,0,205020202020,20210711,1,157
6389,2,A,0,205020202020,20210711,1,158
6390,1,A,0,205020202020,20210711,1,159
6391,2,A,0,205020202020,20210711,1,160
6392,5,C,0,205020202020,20210711,1,161
6393,6,C,1,205020202020,20210711,1,162
6394,5,C,0,205020202020,20210711,1,163
6395,6,C,0,205020202020,20210711,1,164
6396,5,C,0,205020202020,20210711,1,165
6397,6,C,0,205020202020,20210711,1,166
6398,5,C,0,205020202020,20210711,1,167
6399,6,C,0,205020202020,20210711,1,168
6400,5,C,0,205020202020,20210711,1,169
6401,6,C,0,205020202020,20210711,1,170
6402,5,C,0,205020202020,20210711,1,171
6403,6,C,0,205020202020,20210711,1,172
6404,5,C,1,205020202020,20210711,1,173
6405,6,C,0,205020202020,20210711,1,174
6406,5,C,0,205020202020,20210711,1,175
6407,6,C,0,205020202020,20210711,1,176
6408,5,C,0,205020202020,20210711,1,177
6409,6,C,0,205020202020,20210711,1,178
6410,5,C,0,205020202020,20210711,1,179
6411,4,B,0,802020502020,20210711,2,0
6412,3,B,1,802020502020,20210711,2,1
6413,4,B,1,802020502020,20210711,2,2
6414,5,C,0,802020502020,20210711,2,3
6415,6,C,0,802020502020,20210711,2,4
6416,5,C,0,802020502020,20210711,2,5
6417,6,C,1,802020502020,20210711,2,6
6418,5,C,0,802020502020,20210711,2,7
6419,6,C,0,802020502020,20210711,2,8
6420,5,C,0,802020502020,20210711,2,9
6421,6,C,1,802020502020,20210711,2,10
6422,5,C,0,802020502020,20210711,2,11
6423,6,C,0,802020502020,20210711,2,12
6424,5,C,0,802020502020,20210711,2,13
6425,6,C,0,802020502020,20210711,2,14
6426,5,C,0,802020502020,20210711,2,15
6427,2,A,0,802020502020,20210711,2,16
6428,1,A,1,802020502020,20210711,2,17
6429,2,A,0,802020502020,20210711,2,18
6430,1,A,1,802020502020,20210711,2,19
6431,2,A,0,802020502020,20210711,2,20
6432,1,A,0,802020502020,20210711,2,21
6433,2,A,0,802020502020,20210711,2,22
6434,1,A,1,802020502020,20210711,2,23
6435,2,A,0,802020502020,20210711,2,24
6436,1,A,0,802020502020,20210711,2,25
6437,2,A,1,802020502020,20210711,2,26
6438,1,A,1,802020502020,20210711,2,27
6439,2,A,1,802020502020,20210711,2,28
6440,1,A,1,802020502020,20210711,2,29
6441,2,A,1,802020502020,20210711,2,30
6442,1,A,1,802020502020,20210711,2,31
6443,2,A,1,802020502020,20210711,2,32
6444,1,A,1,802020502020,20210711,2,33
6445,2,A,0,802020502020,20210711,2,34
6446,1,A,1,802020502020,20210711,2,35
6447,2,A,0,802020502020,20210711,2,36
6448,1,A,1,802020502020,20210711,2,37
6449,2,A,0,802020502020,20210711,2,38
6450,1,A,0,802020502020,20210711,2,39
6451,2,A,0,802020502020,20210711,2,40
6452,1,A,0,802020502020,20210711,2,41
6453,2,A,0,802020502020,20210711,2,42
6454,1,A,1,802020502020,20210711,2,43
6455,2,A,0,802020502020,20210711,2,44
6456,1,A,1,802020502020,20210711,2,45
6457,2,A,0,802020502020,20210711,2,46
6458,1,A,0,802020502020,20210711,2,47
6459,2,A,0,802020502020,20210711,2,48
6460,1,A,0,802020502020,20210711,2,49
6461,2,A,0,802020502020,20210711,2,50
6462,4,B,0,802020502020,20210711,2,51
6463,3,B,0,802020502020,20210711,2,52
6464,4,B,0,802020502020,20210711,2,53
6465,3,B,0,802020502020,20210711,2,54
6466,5,C,0,802020502020,20210711,2,55
6467,6,C,1,802020502020,20210711,2,56
6468,5,C,1,802020502020,20210711,2,57
6469,6,C,0,802020502020,20210711,2,58
6470,5,C,0,802020502020,20210711,2,59
6471,6,C,0,202080502050,20210711,2,60
6472,5,C,0,202080502050,20210711,2,61
6473,6,C,1,202080502050,20210711,2,62
6474,5,C,0,202080502050,20210711,2,63
6475,6,C,1,202080502050,20210711,2,64
6476,5,C,0,202080502050,20210711,2,65
6477,6,C,1,202080502050,20210711,2,66
6478,5,C,1,202080502050,20210711,2,67
6479,6,C,1,202080502050,20210711,2,68
6480,5,C,0,202080502050,20210711,2,69
6481,6,C,1,202080502050,20210711,2,70
6482,5,C,0,202080502050,20210711,2,71
6483,6,C,1,202080502050,20210711,2,72
6484,5,C,0,202080502050,20210711,2,73
6485,6,C,1,202080502050,20210711,2,74
6486,5,C,0,202080502050,20210711,2,75
6487,6,C,0,202080502050,20210711,2,76
6488,5,C,1,202080502050,20210711,2,77
6489,6,C,1,202080502050,20210711,2,78
6490,5,C,0,202080502050,20210711,2,79
6491,6,C,0,202080502050,20210711,2,80
6492,5,C,0,202080502050,20210711,2,81
6493,6,C,1,202080502050,20210711,2,82
6494,5,C,0,202080502050,20210711,2,83
6495,6,C,1,202080502050,20210711,2,84
6496,5,C,0,202080502050,20210711,2,85
6497,6,C,1,202080502050,20210711,2,86
6498,5,C,0,202080502050,20210711,2,87
6499,6,C,1,202080502050,20210711,2,88
6500,5,C,1,202080502050,20210711,2,89
6501,6,C,0,202080502050,20210711,2,90
6502,5,C,1,202080502050,20210711,2,91
6503,6,C,0,202080502050,20210711,2,92
6504,5,C,0,202080502050,20210711,2,93
6505,6,C,0,202080502050,20210711,2,94
6506,5,C,0,202080502050,20210711,2,95
6507,6,C,0,202080502050,20210711,2,96
6508,5,C,0,202080502050,20210711,2,97
6509,6,C,1,202080502050,20210711,2,98
6510,5,C,1,202080502050,20210711,2,99
6511,6,C,0,202080502050,20210711,2,100
6512,5,C,0,202080502050,20210711,2,101
6513,6,C,1,202080502050,20210711,2,102
6514,5,C,1,202080502050,20210711,2,103
6515,6,C,0,202080502050,20210711,2,104
6516,5,C,1,202080502050,20210711,2,105
6517,6,C,1,202080502050,20210711,2,106
6518,5,C,0,202080502050,20210711,2,107
6519,6,C,1,202080502050,20210711,2,108
6520,5,C,0,202080502050,20210711,2,109
6521,6,C,1,202080502050,20210711,2,110
6522,5,C,0,202080502050,20210711,2,111
6523,6,C,1,202080502050,20210711,2,112
6524,5,C,0,202080502050,20210711,2,113
6525,6,C,1,202080502050,20210711,2,114
6526,5,C,0,202080502050,20210711,2,115
6527,6,C,0,202080502050,20210711,2,116
6528,5,C,0,202080502050,20210711,2,117
6529,6,C,0,202080502050,20210711,2,118
6530,5,C,0,202080502050,20210711,2,119
6531,6,C,0,502020205080,20210711,2,120
6532,5,C,1,502020205080,20210711,2,121
6533,6,C,1,502020205080,20210711,2,122
6534,5,C,0,502020205080,20210711,2,123
6535,6,C,1,502020205080,20210711,2,124
6536,5,C,1,502020205080,20210711,2,125
6537,6,C,1,502020205080,20210711,2,126
6538,5,C,1,502020205080,20210711,2,127
6539,6,C,1,502020205080,20210711,2,128
6540,5,C,1,502020205080,20210711,2,129
6541,6,C,1,502020205080,20210711,2,130
6542,5,C,1,502020205080,20210711,2,131
6543,6,C,0,502020205080,20210711,2,132
6544,5,C,0,502020205080,20210711,2,133
6545,6,C,1,502020205080,20210711,2,134
6546,5,C,1,502020205080,20210711,2,135
6547,6,C,1,502020205080,20210711,2,136
6548,5,C,1,502020205080,20210711,2,137
6549,6,C,1,502020205080,20210711,2,138
6550,5,C,0,502020205080,20210711,2,139
6551,6,C,0,502020205080,20210711,2,140
6552,5,C,0,502020205080,20210711,2,141
6553,6,C,1,502020205080,20210711,2,142
6554,5,C,0,502020205080,20210711,2,143
6555,6,C,1,502020205080,20210711,2,144
6556,5,C,0,502020205080,20210711,2,145
6557,6,C,1,502020205080,20210711,2,146
6558,5,C,1,502020205080,20210711,2,147
6559,6,C,1,502020205080,20210711,2,148
6560,5,C,1,502020205080,20210711,2,149
6561,6,C,1,502020205080,20210711,2,150
6562,5,C,1,502020205080,20210711,2,151
6563,6,C,1,502020205080,20210711,2,152
6564,5,C,1,502020205080,20210711,2,153
6565,6,C,1,502020205080,20210711,2,154
6566,5,C,1,502020205080,20210711,2,155
6567,6,C,0,502020205080,20210711,2,156
6568,5,C,1,502020205080,20210711,2,157
6569,6,C,1,502020205080,20210711,2,158
6570,5,C,1,502020205080,20210711,2,159
6571,6,C,0,502020205080,20210711,2,160
6572,5,C,1,502020205080,20210711,2,161
6573,6,C,1,502020205080,20210711,2,162
6574,5,C,0,502020205080,20210711,2,163
6575,6,C,0,502020205080,20210711,2,164
6576,5,C,0,502020205080,20210711,2,165
6577,6,C,1,502020205080,20210711,2,166
6578,5,C,1,502020205080,20210711,2,167
6579,6,C,1,502020205080,20210711,2,168
6580,5,C,1,502020205080,20210711,2,169
6581,6,C,1,502020205080,20210711,2,170
6582,5,C,1,502020205080,20210711,2,171
6583,6,C,1,502020205080,20210711,2,172
6584,5,C,0,502020205080,20210711,2,173
6585,6,C,1,502020205080,20210711,2,174
6586,5,C,1,502020205080,20210711,2,175
6587,6,C,1,502020205080,20210711,2,176
6588,5,C,0,502020205080,20210711,2,177
6589,6,C,0,502020205080,20210711,2,178
6590,5,C,0,502020205080,20210711,2,179
6591,3,B,1,205020802020,20210711,3,0
6592,4,B,0,205020802020,20210711,3,1
6593,3,B,0,205020802020,20210711,3,2
6594,5,C,1,205020802020,20210711,3,3
6595,6,C,0,205020802020,20210711,3,4
6596,5,C,0,205020802020,20210711,3,5
6597,6,C,0,205020802020,20210711,3,6
6598,5,C,0,205020802020,20210711,3,7
6599,6,C,0,205020802020,20210711,3,8
6600,2,A,1,205020802020,20210711,3,9
6601,1,A,0,205020802020,20210711,3,10
6602,2,A,0,205020802020,20210711,3,11
6603,1,A,0,205020802020,20210711,3,12
6604,2,A,1,205020802020,20210711,3,13
6605,1,A,0,205020802020,20210711,3,14
6606,2,A,1,205020802020,20210711,3,15
6607,1,A,0,205020802020,20210711,3,16
6608,2,A,0,205020802020,20210711,3,17
6609,5,C,0,205020802020,20210711,3,18
6610,6,C,0,205020802020,20210711,3,19
6611,5,C,0,205020802020,20210711,3,20
6612,3,B,0,205020802020,20210711,3,21
6613,4,B,0,205020802020,20210711,3,22
6614,3,B,0,205020802020,20210711,3,23
6615,4,B,1,205020802020,20210711,3,24
6616,3,B,0,205020802020,20210711,3,25
6617,4,B,1,205020802020,20210711,3,26
6618,2,A,0,205020802020,20210711,3,27
6619,1,A,1,205020802020,20210711,3,28
6620,2,A,1,205020802020,20210711,3,29
6621,1,A,1,205020802020,20210711,3,30
6622,2,A,1,205020802020,20210711,3,31
6623,1,A,0,205020802020,20210711,3,32
6624,2,A,1,205020802020,20210711,3,33
6625,1,A,0,205020802020,20210711,3,34
6626,2,A,1,205020802020,20210711,3,35
6627,1,A,0,205020802020,20210711,3,36
6628,2,A,1,205020802020,20210711,3,37
6629,1,A,0,205020802020,20210711,3,38
6630,2,A,0,205020802020,20210711,3,39
6631,1,A,0,205020802020,20210711,3,40
6632,2,A,0,205020802020,20210711,3,41
6633,1,A,0,205020802020,20210711,3,42
6634,2,A,0,205020802020,20210711,3,43
6635,1,A,0,205020802020,20210711,3,44
6636,2,A,0,205020802020,20210711,3,45
6637,5,C,0,205020802020,20210711,3,46
6638,6,C,1,205020802020,20210711,3,47
6639,5,C,0,205020802020,20210711,3,48
6640,6,C,1,205020802020,20210711,3,49
6641,5,C,0,205020802020,20210711,3,50
6642,6,C,1,205020802020,20210711,3,51
6643,5,C,0,205020802020,20210711,3,52
6644,6,C,0,205020802020,20210711,3,53
6645,5,C,0,205020802020,20210711,3,54
6646,6,C,0,205020802020,20210711,3,55
6647,5,C,0,205020802020,20210711,3,56
6648,6,C,0,205020802020,20210711,3,57
6649,5,C,0,205020802020,20210711,3,58
6650,6,C,0,205020802020,20210711,3,59
6651,5,C,0,805020202080,20210711,3,60
6652,6,C,1,805020202080,20210711,3,61
6653,5,C,1,805020202080,20210711,3,62
6654,6,C,1,805020202080,20210711,3,63
6655,5,C,0,805020202080,20210711,3,64
6656,6,C,1,805020202080,20210711,3,65
6657,5,C,0,805020202080,20210711,3,66
6658,6,C,1,805020202080,20210711,3,67
6659,5,C,1,805020202080,20210711,3,68
6660,6,C,1,805020202080,20210711,3,69
6661,5,C,0,805020202080,20210711,3,70
6662,6,C,1,805020202080,20210711,3,71
6663,5,C,0,805020202080,20210711,3,72
6664,6,C,1,805020202080,20210711,3,73
6665,5,C,1,805020202080,20210711,3,74
6666,6,C,1,805020202080,20210711,3,75
6667,5,C,0,805020202080,20210711,3,76
6668,6,C,0,805020202080,20210711,3,77
6669,5,C,1,805020202080,20210711,3,78
6670,6,C,1,805020202080,20210711,3,79
6671,5,C,0,805020202080,20210711,3,80
6672,6,C,1,805020202080,20210711,3,81
6673,5,C,0,805020202080,20210711,3,82
6674,6,C,0,805020202080,20210711,3,83
6675,5,C,0,805020202080,20210711,3,84
6676,6,C,1,805020202080,20210711,3,85
6677,5,C,0,805020202080,20210711,3,86
6678,6,C,1,805020202080,20210711,3,87
6679,5,C,0,805020202080,20210711,3,88
6680,6,C,1,805020202080,20210711,3,89
6681,5,C,0,805020202080,20210711,3,90
6682,6,C,1,805020202080,20210711,3,91
6683,5,C,0,805020202080,20210711,3,92
6684,6,C,1,805020202080,20210711,3,93
6685,5,C,0,805020202080,20210711,3,94
6686,6,C,0,805020202080,20210711,3,95
6687,5,C,0,805020202080,20210711,3,96
6688,6,C,1,805020202080,20210711,3,97
6689,5,C,0,805020202080,20210711,3,98
6690,6,C,1,805020202080,20210711,3,99
6691,5,C,0,805020202080,20210711,3,100
6692,6,C,0,805020202080,20210711,3,101
6693,5,C,0,805020202080,20210711,3,102
6694,6,C,1,805020202080,20210711,3,103
6695,5,C,1,805020202080,20210711,3,104
6696,6,C,1,805020202080,20210711,3,105
6697,5,C,0,805020202080,20210711,3,106
6698,6,C,0,805020202080,20210711,3,107
6699,5,C,0,805020202080,20210711,3,108
6700,6,C,1,805020202080,20210711,3,109
6701,5,C,0,805020202080,20210711,3,110
6702,6,C,0,805020202080,20210711,3,111
6703,5,C,0,805020202080,20210711,3,112
6704,6,C,0,805020202080,20210711,3,113
6705,5,C,0,805020202080,20210711,3,114
6706,6,C,0,805020202080,20210711,3,115
6707,5,C,0,805020202080,20210711,3,116
6708,6,C,1,805020202080,20210711,3,117
6709,5,C,0,805020202080,20210711,3,118
6710,6,C,1,805020202080,20210711,3,119
6711,5,C,1,202080505020,20210711,3,120
6712,6,C,0,202080505020,20210711,3,121
6713,5,C,1,202080505020,20210711,3,122
6714,6,C,0,202080505020,20210711,3,123
6715,5,C,0,202080505020,20210711,3,124
6716,6,C,0,202080505020,20210711,3,125
6717,5,C,1,202080505020,20210711,3,126
6718,6,C,0,202080505020,20210711,3,127
6719,5,C,0,202080505020,20210711,3,128
6720,6,C,1,202080505020,20210711,3,129
6721,5,C,1,202080505020,20210711,3,130
6722,6,C,1,202080505020,20210711,3,131
6723,5,C,0,202080505020,20210711,3,132
6724,6,C,1,202080505020,20210711,3,133
6725,5,C,0,202080505020,20210711,3,134
6726,6,C,0,202080505020,20210711,3,135
6727,5,C,1,202080505020,20210711,3,136
6728,6,C,0,202080505020,20210711,3,137
6729,5,C,0,202080505020,20210711,3,138
6730,6,C,0,202080505020,20210711,3,139
6731,5,C,0,202080505020,20210711,3,140
6732,6,C,1,202080505020,20210711,3,141
6733,5,C,0,202080505020,20210711,3,142
6734,6,C,1,202080505020,20210711,3,143
6735,5,C,1,202080505020,20210711,3,144
6736,6,C,1,202080505020,20210711,3,145
6737,5,C,1,202080505020,20210711,3,146
6738,6,C,0,202080505020,20210711,3,147
6739,5,C,1,202080505020,20210711,3,148
6740,6,C,1,202080505020,20210711,3,149
6741,5,C,1,202080505020,20210711,3,150
6742,6,C,1,202080505020,20210711,3,151
6743,5,C,1,202080505020,20210711,3,152
6744,6,C,0,202080505020,20210711,3,153
6745,5,C,0,202080505020,20210711,3,154
6746,6,C,0,202080505020,20210711,3,155
6747,5,C,1,202080505020,20210711,3,156
6748,6,C,1,202080505020,20210711,3,157
6749,5,C,0,202080505020,20210711,3,158
6750,6,C,0,202080505020,20210711,3,159
6751,5,C,0,202080505020,20210711,3,160
6752,6,C,1,202080505020,20210711,3,161
6753,5,C,1,202080505020,20210711,3,162
6754,6,C,0,202080505020,20210711,3,163
6755,5,C,1,202080505020,20210711,3,164
6756,6,C,0,202080505020,20210711,3,165
6757,5,C,1,202080505020,20210711,3,166
6758,6,C,0,202080505020,20210711,3,167
6759,5,C,1,202080505020,20210711,3,168
6760,6,C,0,202080505020,20210711,3,169
6761,5,C,0,202080505020,20210711,3,170
6762,6,C,0,202080505020,20210711,3,171
6763,5,C,1,202080505020,20210711,3,172
6764,6,C,1,202080505020,20210711,3,173
6765,5,C,0,202080505020,20210711,3,174
6766,6,C,0,202080505020,20210711,3,175
6767,5,C,0,202080505020,20210711,3,176
6768,6,C,0,202080505020,20210711,3,177
6769,5,C,0,202080505020,20210711,3,178
6770,6,C,0,202080505020,20210711,3,179
6771,4,B,0,205080502020,20210711,4,0
6772,3,B,0,205080502020,20210711,4,1
6773,5,C,0,205080502020,20210711,4,2
6774,6,C,0,205080502020,20210711,4,3
6775,5,C,1,205080502020,20210711,4,4
6776,6,C,0,205080502020,20210711,4,5
6777,5,C,0,205080502020,20210711,4,6
6778,6,C,0,205080502020,20210711,4,7
6779,2,A,1,205080502020,20210711,4,8
6780,1,A,0,205080502020,20210711,4,9
6781,2,A,1,205080502020,20210711,4,10
6782,1,A,0,205080502020,20210711,4,11
6783,2,A,0,205080502020,20210711,4,12
6784,1,A,1,205080502020,20210711,4,13
6785,2,A,1,205080502020,20210711,4,14
6786,1,A,0,205080502020,20210711,4,15
6787,2,A,0,205080502020,20210711,4,16
6788,1,A,0,205080502020,20210711,4,17
6789,2,A,1,205080502020,20210711,4,18
6790,1,A,0,205080502020,20210711,4,19
6791,2,A,1,205080502020,20210711,4,20
6792,1,A,0,205080502020,20210711,4,21
6793,2,A,0,205080502020,20210711,4,22
6794,1,A,1,205080502020,20210711,4,23
6795,2,A,1,205080502020,20210711,4,24
6796,1,A,1,205080502020,20210711,4,25
6797,2,A,1,205080502020,20210711,4,26
6798,1,A,0,205080502020,20210711,4,27
6799,2,A,0,205080502020,20210711,4,28
6800,1,A,0,205080502020,20210711,4,29
6801,2,A,1,205080502020,20210711,4,30
6802,1,A,0,205080502020,20210711,4,31
6803,2,A,0,205080502020,20210711,4,32
6804,1,A,0,205080502020,20210711,4,33
6805,2,A,0,205080502020,20210711,4,34
6806,5,C,1,205080502020,20210711,4,35
6807,6,C,1,205080502020,20210711,4,36
6808,5,C,0,205080502020,20210711,4,37
6809,6,C,1,205080502020,20210711,4,38
6810,5,C,0,205080502020,20210711,4,39
6811,6,C,0,205080502020,20210711,4,40
6812,5,C,0,205080502020,20210711,4,41
6813,6,C,0,205080502020,20210711,4,42
6814,5,C,1,205080502020,20210711,4,43
6815,6,C,1,205080502020,20210711,4,44
6816,5,C,0,205080502020,20210711,4,45
6817,6,C,1,205080502020,20210711,4,46
6818,5,C,0,205080502020,20210711,4,47
6819,6,C,0,205080502020,20210711,4,48
6820,5,C,0,205080502020,20210711,4,49
6821,6,C,0,205080502020,20210711,4,50
6822,5,C,0,205080502020,20210711,4,51
6823,6,C,0,205080502020,20210711,4,52
6824,5,C,0,205080502020,20210711,4,53
6825,6,C,0,205080502020,20210711,4,54
6826,5,C,1,205080502020,20210711,4,55
6827,6,C,1,205080502020,20210711,4,56
6828,5,C,0,205080502020,20210711,4,57
6829,6,C,1,205080502020,20210711,4,58
6830,5,C,0,205080502020,20210711,4,59
6831,6,C,0,805020202020,20210711,4,60
6832,5,C,0,805020202020,20210711,4,61
6833,6,C,0,805020202020,20210711,4,62
6834,5,C,0,805020202020,20210711,4,63
6835,6,C,1,805020202020,20210711,4,64
6836,5,C,0,805020202020,20210711,4,65
6837,6,C,0,805020202020,20210711,4,66
6838,5,C,0,805020202020,20210711,4,67
6839,6,C,1,805020202020,20210711,4,68
6840,5,C,0,805020202020,20210711,4,69
6841,6,C,0,805020202020,20210711,4,70
6842,5,C,1,805020202020,20210711,4,71
6843,6,C,0,805020202020,20210711,4,72
6844,5,C,0,805020202020,20210711,4,73
6845,6,C,1,805020202020,20210711,4,74
6846,5,C,0,805020202020,20210711,4,75
6847,6,C,0,805020202020,20210711,4,76
6848,5,C,0,805020202020,20210711,4,77
6849,6,C,0,805020202020,20210711,4,78
6850,5,C,1,805020202020,20210711,4,79
6851,6,C,0,805020202020,20210711,4,80
6852,5,C,0,805020202020,20210711,4,81
6853,6,C,0,805020202020,20210711,4,82
6854,5,C,0,805020202020,20210711,4,83
6855,6,C,0,805020202020,20210711,4,84
6856,5,C,0,805020202020,20210711,4,85
6857,2,A,1,805020202020,20210711,4,86
6858,1,A,1,805020202020,20210711,4,87
6859,2,A,1,805020202020,20210711,4,88
6860,1,A,0,805020202020,20210711,4,89
6861,2,A,0,805020202020,20210711,4,90
6862,1,A,0,805020202020,20210711,4,91
6863,2,A,1,805020202020,20210711,4,92
6864,1,A,1,805020202020,20210711,4,93
6865,2,A,0,805020202020,20210711,4,94
6866,1,A,1,805020202020,20210711,4,95
6867,2,A,1,805020202020,20210711,4,96
6868,1,A,1,805020202020,20210711,4,97
6869,2,A,0,805020202020,20210711,4,98
6870,1,A,1,805020202020,20210711,4,99
6871,2,A,0,805020202020,20210711,4,100
6872,1,A,1,805020202020,20210711,4,101
6873,2,A,0,805020202020,20210711,4,102
6874,1,A,1,805020202020,20210711,4,103
6875,2,A,0,805020202020,20210711,4,104
6876,1,A,1,805020202020,20210711,4,105
6877,2,A,0,805020202020,20210711,4,106
6878,1,A,1,805020202020,20210711,4,107
6879,2,A,0,805020202020,20210711,4,108
6880,1,A,1,805020202020,20210711,4,109
6881,2,A,1,805020202020,20210711,4,110
6882,1,A,1,805020202020,20210711,4,111
6883,2,A,1,805020202020,20210711,4,112
6884,1,A,1,805020202020,20210711,4,113
6885,2,A,1,805020202020,20210711,4,114
6886,1,A,1,805020202020,20210711,4,115
6887,2,A,0,805020202020,20210711,4,116
6888,1,A,1,805020202020,20210711,4,117
6889,2,A,1,805020202020,20210711,4,118
6890,1,A,1,805020202020,20210711,4,119
6891,2,A,1,202050802020,20210711,4,120
6892,1,A,0,202050802020,20210711,4,121
6893,2,A,1,202050802020,20210711,4,122
6894,1,A,0,202050802020,20210711,4,123
6895,2,A,0,202050802020,20210711,4,124
6896,1,A,0,202050802020,20210711,4,125
6897,2,A,0,202050802020,20210711,4,126
6898,1,A,0,202050802020,20210711,4,127
6899,2,A,0,202050802020,20210711,4,128
6900,4,B,1,202050802020,20210711,4,129
6901,3,B,0,202050802020,20210711,4,130
6902,4,B,1,202050802020,20210711,4,131
6903,3,B,0,202050802020,20210711,4,132
6904,4,B,0,202050802020,20210711,4,133
6905,3,B,1,202050802020,20210711,4,134
6906,4,B,0,202050802020,20210711,4,135
6907,3,B,0,202050802020,20210711,4,136
6908,4,B,1,202050802020,20210711,4,137
6909,3,B,1,202050802020,20210711,4,138
6910,4,B,0,202050802020,20210711,4,139
6911,3,B,1,202050802020,20210711,4,140
6912,4,B,1,202050802020,20210711,4,141
6913,3,B,0,202050802020,20210711,4,142
6914,4,B,1,202050802020,20210711,4,143
6915,3,B,1,202050802020,20210711,4,144
6916,4,B,1,202050802020,20210711,4,145
6917,3,B,1,202050802020,20210711,4,146
6918,4,B,1,202050802020,20210711,4,147
6919,3,B,1,202050802020,20210711,4,148
6920,4,B,1,202050802020,20210711,4,149
6921,3,B,0,202050802020,20210711,4,150
6922,4,B,0,202050802020,20210711,4,151
6923,3,B,1,202050802020,20210711,4,152
6924,4,B,1,202050802020,20210711,4,153
6925,3,B,0,202050802020,20210711,4,154
6926,4,B,0,202050802020,20210711,4,155
6927,3,B,1,202050802020,20210711,4,156
6928,4,B,0,202050802020,20210711,4,157
6929,3,B,1,202050802020,20210711,4,158
6930,4,B,1,202050802020,20210711,4,159
6931,3,B,1,202050802020,20210711,4,160
6932,4,B,1,202050802020,20210711,4,161
6933,3,B,1,202050802020,20210711,4,162
6934,4,B,1,202050802020,20210711,4,163
6935,3,B,0,202050802020,20210711,4,164
6936,4,B,1,202050802020,20210711,4,165
6937,3,B,0,202050802020,20210711,4,166
6938,4,B,0,202050802020,20210711,4,167
6939,3,B,1,202050802020,20210711,4,168
6940,4,B,1,202050802020,20210711,4,169
6941,3,B,0,202050802020,20210711,4,170
6942,4,B,1,202050802020,20210711,4,171
6943,3,B,0,202050802020,20210711,4,172
6944,4,B,1,202050802020,20210711,4,173
6945,3,B,0,202050802020,20210711,4,174
6946,4,B,1,202050802020,20210711,4,175
6947,3,B,0,202050802020,20210711,4,176
6948,4,B,1,202050802020,20210711,4,177
6949,3,B,0,202050802020,20210711,4,178
6950,4,B,1,202050802020,20210711,4,179
6951,4,B,1,502050802020,20210711,5,0
6952,3,B,0,502050802020,20210711,5,1
6953,4,B,0,502050802020,20210711,5,2
6954,2,A,0,502050802020,20210711,5,3
6955,1,A,1,502050802020,20210711,5,4
6956,2,A,0,502050802020,20210711,5,5
6957,1,A,0,502050802020,20210711,5,6
6958,5,C,1,502050802020,20210711,5,7
6959,6,C,0,502050802020,20210711,5,8
6960,5,C,0,502050802020,20210711,5,9
6961,6,C,0,502050802020,20210711,5,10
6962,5,C,1,502050802020,20210711,5,11
6963,6,C,0,502050802020,20210711,5,12
6964,5,C,1,502050802020,20210711,5,13
6965,6,C,0,502050802020,20210711,5,14
6966,5,C,0,502050802020,20210711,5,15
6967,6,C,0,502050802020,20210711,5,16
6968,5,C,0,502050802020,20210711,5,17
6969,4,B,1,502050802020,20210711,5,18
6970,3,B,0,502050802020,20210711,5,19
6971,4,B,1,502050802020,20210711,5,20
6972,3,B,1,502050802020,20210711,5,21
6973,4,B,1,502050802020,20210711,5,22
6974,3,B,0,502050802020,20210711,5,23
6975,4,B,0,502050802020,20210711,5,24
6976,3,B,0,502050802020,20210711,5,25
6977,4,B,1,502050802020,20210711,5,26
6978,2,A,0,502050802020,20210711,5,27
6979,1,A,0,502050802020,20210711,5,28
6980,2,A,0,502050802020,20210711,5,29
6981,1,A,0,502050802020,20210711,5,30
6982,2,A,0,502050802020,20210711,5,31
6983,5,C,0,502050802020,20210711,5,32
6984,6,C,1,502050802020,20210711,5,33
6985,5,C,1,502050802020,20210711,5,34
6986,6,C,0,502050802020,20210711,5,35
6987,5,C,0,502050802020,20210711,5,36
6988,6,C,0,502050802020,20210711,5,37
6989,5,C,1,502050802020,20210711,5,38
6990,6,C,0,502050802020,20210711,5,39
6991,5,C,0,502050802020,20210711,5,40
6992,6,C,0,502050802020,20210711,5,41
6993,5,C,1,502050802020,20210711,5,42
6994,6,C,0,502050802020,20210711,5,43
6995,5,C,0,502050802020,20210711,5,44
6996,6,C,0,502050802020,20210711,5,45
6997,5,C,1,502050802020,20210711,5,46
6998,6,C,0,502050802020,20210711,5,47
6999,5,C,0,502050802020,20210711,5,48
7000,6,C,0,502050802020,20210711,5,49
7001,5,C,0,502050802020,20210711,5,50
7002,6,C,1,502050802020,20210711,5,51
7003,5,C,0,502050802020,20210711,5,52
7004,6,C,0,502050802020,20210711,5,53
7005,5,C,0,502050802020,20210711,5,54
7006,6,C,0,502050802020,20210711,5,55
7007,5,C,1,502050802020,20210711,5,56
7008,6,C,1,502050802020,20210711,5,57
7009,5,C,0,502050802020,20210711,5,58
7010,6,C,0,502050802020,20210711,5,59
7011,5,C,0,508020202020,20210711,5,60
7012,6,C,1,508020202020,20210711,5,61
7013,5,C,0,508020202020,20210711,5,62
7014,6,C,0,508020202020,20210711,5,63
7015,5,C,0,508020202020,20210711,5,64
7016,6,C,0,508020202020,20210711,5,65
7017,5,C,0,508020202020,20210711,5,66
7018,6,C,0,508020202020,20210711,5,67
7019,5,C,0,508020202020,20210711,5,68
7020,6,C,1,508020202020,20210711,5,69
7021,5,C,0,508020202020,20210711,5,70
7022,6,C,0,508020202020,20210711,5,71
7023,4,B,0,508020202020,20210711,5,72
7024,3,B,1,508020202020,20210711,5,73
7025,4,B,0,508020202020,20210711,5,74
7026,3,B,1,508020202020,20210711,5,75
7027,4,B,0,508020202020,20210711,5,76
7028,3,B,0,508020202020,20210711,5,77
7029,4,B,1,508020202020,20210711,5,78
7030,3,B,0,508020202020,20210711,5,79
7031,4,B,0,508020202020,20210711,5,80
7032,3,B,0,508020202020,20210711,5,81
7033,4,B,1,508020202020,20210711,5,82
7034,3,B,0,508020202020,20210711,5,83
7035,4,B,1,508020202020,20210711,5,84
7036,3,B,0,508020202020,20210711,5,85
7037,4,B,0,508020202020,20210711,5,86
7038,3,B,0,508020202020,20210711,5,87
7039,4,B,0,508020202020,20210711,5,88
7040,5,C,0,508020202020,20210711,5,89
7041,6,C,0,508020202020,20210711,5,90
7042,5,C,0,508020202020,20210711,5,91
7043,6,C,1,508020202020,20210711,5,92
7044,5,C,0,508020202020,20210711,5,93
7045,6,C,1,508020202020,20210711,5,94
7046,5,C,0,508020202020,20210711,5,95
7047,6,C,1,508020202020,20210711,5,96
7048,5,C,1,508020202020,20210711,5,97
7049,6,C,0,508020202020,20210711,5,98
7050,5,C,0,508020202020,20210711,5,99
7051,6,C,0,508020202020,20210711,5,100
7052,5,C,0,508020202020,20210711,5,101
7053,6,C,1,508020202020,20210711,5,102
7054,5,C,1,508020202020,20210711,5,103
7055,6,C,1,508020202020,20210711,5,104
7056,5,C,0,508020202020,20210711,5,105
7057,6,C,1,508020202020,20210711,5,106
7058,5,C,0,508020202020,20210711,5,107
7059,6,C,1,508020202020,20210711,5,108
7060,5,C,0,508020202020,20210711,5,109
7061,6,C,0,508020202020,20210711,5,110
7062,5,C,0,508020202020,20210711,5,111
7063,6,C,0,508020202020,20210711,5,112
7064,5,C,1,508020202020,20210711,5,113
7065,6,C,0,508020202020,20210711,5,114
7066,5,C,1,508020202020,20210711,5,115
7067,6,C,0,508020202020,20210711,5,116
7068,5,C,0,508020202020,20210711,5,117
7069,6,C,0,508020202020,20210711,5,118
7070,5,C,0,508020202020,20210711,5,119
7071,6,C,0,502020208020,20210711,5,120
7072,5,C,1,502020208020,20210711,5,121
7073,6,C,1,502020208020,20210711,5,122
7074,5,C,1,502020208020,20210711,5,123
7075,6,C,0,502020208020,20210711,5,124
7076,5,C,1,502020208020,20210711,5,125
7077,6,C,0,502020208020,20210711,5,126
7078,5,C,1,502020208020,20210711,5,127
7079,6,C,0,502020208020,20210711,5,128
7080,5,C,0,502020208020,20210711,5,129
7081,6,C,0,502020208020,20210711,5,130
7082,5,C,1,502020208020,20210711,5,131
7083,6,C,0,502020208020,20210711,5,132
7084,5,C,1,502020208020,20210711,5,133
7085,6,C,0,502020208020,20210711,5,134
7086,5,C,1,502020208020,20210711,5,135
7087,6,C,1,502020208020,20210711,5,136
7088,5,C,1,502020208020,20210711,5,137
7089,6,C,0,502020208020,20210711,5,138
7090,5,C,1,502020208020,20210711,5,139
7091,6,C,0,502020208020,20210711,5,140
7092,5,C,0,502020208020,20210711,5,141
7093,6,C,0,502020208020,20210711,5,142
7094,5,C,1,502020208020,20210711,5,143
7095,6,C,1,502020208020,20210711,5,144
7096,5,C,1,502020208020,20210711,5,145
7097,6,C,0,502020208020,20210711,5,146
7098,5,C,1,502020208020,20210711,5,147
7099,6,C,0,502020208020,20210711,5,148
7100,5,C,1,502020208020,20210711,5,149
7101,6,C,1,502020208020,20210711,5,150
7102,5,C,0,502020208020,20210711,5,151
7103,6,C,0,502020208020,20210711,5,152
7104,5,C,1,502020208020,20210711,5,153
7105,6,C,0,502020208020,20210711,5,154
7106,5,C,0,502020208020,20210711,5,155
7107,6,C,0,502020208020,20210711,5,156
7108,5,C,1,502020208020,20210711,5,157
7109,6,C,0,502020208020,20210711,5,158
7110,5,C,1,502020208020,20210711,5,159
7111,6,C,0,502020208020,20210711,5,160
7112,5,C,1,502020208020,20210711,5,161
7113,6,C,0,502020208020,20210711,5,162
7114,5,C,1,502020208020,20210711,5,163
7115,6,C,0,502020208020,20210711,5,164
7116,5,C,1,502020208020,20210711,5,165
7117,6,C,0,502020208020,20210711,5,166
7118,5,C,1,502020208020,20210711,5,167
7119,6,C,0,502020208020,20210711,5,168
7120,5,C,1,502020208020,20210711,5,169
7121,6,C,0,502020208020,20210711,5,170
7122,5,C,1,502020208020,20210711,5,171
7123,6,C,1,502020208020,20210711,5,172
7124,5,C,1,502020208020,20210711,5,173
7125,6,C,0,502020208020,20210711,5,174
7126,5,C,0,502020208020,20210711,5,175
7127,6,C,0,502020208020,20210711,5,176
7128,5,C,1,502020208020,20210711,5,177
7129,6,C,0,502020208020,20210711,5,178
7130,5,C,1,502020208020,20210711,5,179
7131,4,B,0,802020505080,20210711,6,0
7132,3,B,1,802020505080,20210711,6,1
7133,5,C,0,802020505080,20210711,6,2
7134,6,C,0,802020505080,20210711,6,3
7135,5,C,0,802020505080,20210711,6,4
7136,6,C,1,802020505080,20210711,6,5
7137,2,A,0,802020505080,20210711,6,6
7138,1,A,1,802020505080,20210711,6,7
7139,2,A,0,802020505080,20210711,6,8
7140,1,A,1,802020505080,20210711,6,9
7141,2,A,0,802020505080,20210711,6,10
7142,1,A,1,802020505080,20210711,6,11
7143,2,A,1,802020505080,20210711,6,12
7144,1,A,1,802020505080,20210711,6,13
7145,2,A,1,802020505080,20210711,6,14
7146,1,A,0,802020505080,20210711,6,15
7147,2,A,0,802020505080,20210711,6,16
7148,1,A,1,802020505080,20210711,6,17
7149,2,A,0,802020505080,20210711,6,18
7150,1,A,1,802020505080,20210711,6,19
7151,2,A,0,802020505080,20210711,6,20
7152,1,A,1,802020505080,20210711,6,21
7153,2,A,0,802020505080,20210711,6,22
7154,1,A,1,802020505080,20210711,6,23
7155,2,A,1,802020505080,20210711,6,24
7156,1,A,1,802020505080,20210711,6,25
7157,2,A,0,802020505080,20210711,6,26
7158,1,A,1,802020505080,20210711,6,27
7159,2,A,0,802020505080,20210711,6,28
7160,1,A,1,802020505080,20210711,6,29
7161,2,A,0,802020505080,20210711,6,30
7162,1,A,1,802020505080,20210711,6,31
7163,2,A,0,802020505080,20210711,6,32
7164,1,A,1,802020505080,20210711,6,33
7165,2,A,1,802020505080,20210711,6,34
7166,1,A,1,802020505080,20210711,6,35
7167,2,A,0,802020505080,20210711,6,36
7168,1,A,1,802020505080,20210711,6,37
7169,2,A,0,802020505080,20210711,6,38
7170,1,A,1,802020505080,20210711,6,39
7171,2,A,0,802020505080,20210711,6,40
7172,1,A,0,802020505080,20210711,6,41
7173,2,A,0,802020505080,20210711,6,42
7174,1,A,1,802020505080,20210711,6,43
7175,2,A,0,802020505080,20210711,6,44
7176,1,A,1,802020505080,20210711,6,45
7177,2,A,1,802020505080,20210711,6,46
7178,1,A,1,802020505080,20210711,6,47
7179,2,A,0,802020505080,20210711,6,48
7180,1,A,1,802020505080,20210711,6,49
7181,2,A,0,802020505080,20210711,6,50
7182,1,A,1,802020505080,20210711,6,51
7183,2,A,0,802020505080,20210711,6,52
7184,1,A,1,802020505080,20210711,6,53
7185,2,A,0,802020505080,20210711,6,54
7186,1,A,1,802020505080,20210711,6,55
7187,2,A,0,802020505080,20210711,6,56
7188,1,A,0,802020505080,20210711,6,57
7189,2,A,0,802020505080,20210711,6,58
7190,1,A,1,802020505080,20210711,6,59
7191,2,A,1,508080202020,20210711,6,60
7192,1,A,0,508080202020,20210711,6,61
7193,2,A,1,508080202020,20210711,6,62
7194,1,A,1,508080202020,20210711,6,63
7195,2,A,0,508080202020,20210711,6,64
7196,1,A,1,508080202020,20210711,6,65
7197,2,A,1,508080202020,20210711,6,66
7198,1,A,1,508080202020,20210711,6,67
7199,2,A,0,508080202020,20210711,6,68
7200,1,A,1,508080202020,20210711,6,69
7201,2,A,1,508080202020,20210711,6,70
7202,1,A,0,508080202020,20210711,6,71
7203,2,A,1,508080202020,20210711,6,72
7204,1,A,1,508080202020,20210711,6,73
7205,2,A,0,508080202020,20210711,6,74
7206,1,A,1,508080202020,20210711,6,75
7207,2,A,0,508080202020,20210711,6,76
7208,1,A,0,508080202020,20210711,6,77
7209,2,A,1,508080202020,20210711,6,78
7210,1,A,0,508080202020,20210711,6,79
7211,2,A,1,508080202020,20210711,6,80
7212,1,A,1,508080202020,20210711,6,81
7213,2,A,0,508080202020,20210711,6,82
7214,1,A,1,508080202020,20210711,6,83
7215,2,A,0,508080202020,20210711,6,84
7216,1,A,1,508080202020,20210711,6,85
7217,2,A,1,508080202020,20210711,6,86
7218,1,A,0,508080202020,20210711,6,87
7219,2,A,0,508080202020,20210711,6,88
7220,1,A,1,508080202020,20210711,6,89
7221,2,A,0,508080202020,20210711,6,90
7222,1,A,1,508080202020,20210711,6,91
7223,2,A,0,508080202020,20210711,6,92
7224,1,A,1,508080202020,20210711,6,93
7225,2,A,1,508080202020,20210711,6,94
7226,1,A,0,508080202020,20210711,6,95
7227,2,A,1,508080202020,20210711,6,96
7228,1,A,1,508080202020,20210711,6,97
7229,2,A,1,508080202020,20210711,6,98
7230,1,A,1,508080202020,20210711,6,99
7231,2,A,1,508080202020,20210711,6,100
7232,1,A,1,508080202020,20210711,6,101
7233,2,A,1,508080202020,20210711,6,102
7234,1,A,1,508080202020,20210711,6,103
7235,2,A,1,508080202020,20210711,6,104
7236,1,A,0,508080202020,20210711,6,105
7237,2,A,1,508080202020,20210711,6,106
7238,1,A,0,508080202020,20210711,6,107
7239,2,A,1,508080202020,20210711,6,108
7240,1,A,1,508080202020,20210711,6,109
7241,2,A,1,508080202020,20210711,6,110
7242,1,A,0,508080202020,20210711,6,111
7243,2,A,1,508080202020,20210711,6,112
7244,1,A,0,508080202020,20210711,6,113
7245,2,A,0,508080202020,20210711,6,114
7246,1,A,0,508080202020,20210711,6,115
7247,2,A,0,508080202020,20210711,6,116
7248,1,A,1,508080202020,20210711,6,117
7249,2,A,1,508080202020,20210711,6,118
7250,1,A,1,508080202020,20210711,6,119
7251,2,A,0,202050802020,20210711,6,120
7252,1,A,1,202050802020,20210711,6,121
7253,2,A,0,202050802020,20210711,6,122
7254,1,A,0,202050802020,20210711,6,123
7255,2,A,0,202050802020,20210711,6,124
7256,1,A,0,202050802020,20210711,6,125
7257,2,A,0,202050802020,20210711,6,126
7258,3,B,1,202050802020,20210711,6,127
7259,4,B,1,202050802020,20210711,6,128
7260,3,B,1,202050802020,20210711,6,129
7261,4,B,1,202050802020,20210711,6,130
7262,3,B,1,202050802020,20210711,6,131
7263,4,B,1,202050802020,20210711,6,132
7264,3,B,0,202050802020,20210711,6,133
7265,4,B,1,202050802020,20210711,6,134
7266,3,B,1,202050802020,20210711,6,135
7267,4,B,1,202050802020,20210711,6,136
7268,3,B,1,202050802020,20210711,6,137
7269,4,B,1,202050802020,20210711,6,138
7270,3,B,1,202050802020,20210711,6,139
7271,4,B,1,202050802020,20210711,6,140
7272,3,B,0,202050802020,20210711,6,141
7273,4,B,0,202050802020,20210711,6,142
7274,3,B,1,202050802020,20210711,6,143
7275,4,B,1,202050802020,20210711,6,144
7276,3,B,1,202050802020,20210711,6,145
7277,4,B,1,202050802020,20210711,6,146
7278,3,B,1,202050802020,20210711,6,147
7279,4,B,0,202050802020,20210711,6,148
7280,3,B,1,202050802020,20210711,6,149
7281,4,B,1,202050802020,20210711,6,150
7282,3,B,0,202050802020,20210711,6,151
7283,4,B,1,202050802020,20210711,6,152
7284,3,B,1,202050802020,20210711,6,153
7285,4,B,0,202050802020,20210711,6,154
7286,3,B,1,202050802020,20210711,6,155
7287,4,B,1,202050802020,20210711,6,156
7288,3,B,1,202050802020,20210711,6,157
7289,4,B,1,202050802020,20210711,6,158
7290,3,B,0,202050802020,20210711,6,159
7291,4,B,1,202050802020,20210711,6,160
7292,3,B,1,202050802020,20210711,6,161
7293,4,B,1,202050802020,20210711,6,162
7294,3,B,1,202050802020,20210711,6,163
7295,4,B,0,202050802020,20210711,6,164
7296,3,B,1,202050802020,20210711,6,165
7297,4,B,1,202050802020,20210711,6,166
7298,3,B,0,202050802020,20210711,6,167
7299,4,B,1,202050802020,20210711,6,168
7300,3,B,1,202050802020,20210711,6,169
7301,4,B,1,202050802020,20210711,6,170
7302,3,B,1,202050802020,20210711,6,171
7303,4,B,1,202050802020,20210711,6,172
7304,3,B,0,202050802020,20210711,6,173
7305,4,B,1,202050802020,20210711,6,174
7306,3,B,1,202050802020,20210711,6,175
7307,4,B,1,202050802020,20210711,6,176
7308,3,B,1,202050802020,20210711,6,177
7309,4,B,1,202050802020,20210711,6,178
7310,3,B,1,202050802020,20210711,6,179
7311,4,B,0,805020502020,20210711,7,0
7312,3,B,0,805020502020,20210711,7,1
7313,4,B,1,805020502020,20210711,7,2
7314,5,C,1,805020502020,20210711,7,3
7315,6,C,1,805020502020,20210711,7,4
7316,5,C,1,805020502020,20210711,7,5
7317,6,C,0,805020502020,20210711,7,6
7318,5,C,0,805020502020,20210711,7,7
7319,6,C,0,805020502020,20210711,7,8
7320,5,C,1,805020502020,20210711,7,9
7321,6,C,1,805020502020,20210711,7,10
7322,5,C,0,805020502020,20210711,7,11
7323,6,C,0,805020502020,20210711,7,12
7324,5,C,0,805020502020,20210711,7,13
7325,2,A,1,805020502020,20210711,7,14
7326,1,A,1,805020502020,20210711,7,15
7327,2,A,0,805020502020,20210711,7,16
7328,1,A,0,805020502020,20210711,7,17
7329,2,A,0,805020502020,20210711,7,18
7330,1,A,1,805020502020,20210711,7,19
7331,2,A,1,805020502020,20210711,7,20
7332,1,A,1,805020502020,20210711,7,21
7333,2,A,1,805020502020,20210711,7,22
7334,1,A,1,805020502020,20210711,7,23
7335,2,A,1,805020502020,20210711,7,24
7336,1,A,1,805020502020,20210711,7,25
7337,2,A,0,805020502020,20210711,7,26
7338,1,A,0,805020502020,20210711,7,27
7339,2,A,0,805020502020,20210711,7,28
7340,1,A,1,805020502020,20210711,7,29
7341,2,A,0,805020502020,20210711,7,30
7342,1,A,0,805020502020,20210711,7,31
7343,2,A,0,805020502020,20210711,7,32
7344,1,A,1,805020502020,20210711,7,33
7345,2,A,0,805020502020,20210711,7,34
7346,1,A,1,805020502020,20210711,7,35
7347,2,A,0,805020502020,20210711,7,36
7348,1,A,1,805020502020,20210711,7,37
7349,2,A,1,805020502020,20210711,7,38
7350,1,A,1,805020502020,20210711,7,39
7351,2,A,1,805020502020,20210711,7,40
7352,1,A,1,805020502020,20210711,7,41
7353,2,A,0,805020502020,20210711,7,42
7354,1,A,1,805020502020,20210711,7,43
7355,2,A,1,805020502020,20210711,7,44
7356,1,A,0,805020502020,20210711,7,45
7357,2,A,0,805020502020,20210711,7,46
7358,1,A,1,805020502020,20210711,7,47
7359,2,A,1,805020502020,20210711,7,48
7360,1,A,1,805020502020,20210711,7,49
7361,2,A,1,805020502020,20210711,7,50
7362,1,A,1,805020502020,20210711,7,51
7363,2,A,1,805020502020,20210711,7,52
7364,1,A,1,805020502020,20210711,7,53
7365,2,A,1,805020502020,20210711,7,54
7366,1,A,1,805020502020,20210711,7,55
7367,2,A,1,805020502020,20210711,7,56
7368,1,A,1,805020502020,20210711,7,57
7369,2,A,1,805020502020,20210711,7,58
7370,1,A,0,805020502020,20210711,7,59
7371,2,A,0,202080502020,20210711,7,60
7372,1,A,1,202080502020,20210711,7,61
7373,2,A,0,202080502020,20210711,7,62
7374,1,A,0,202080502020,20210711,7,63
7375,2,A,0,202080502020,20210711,7,64
7376,1,A,0,202080502020,20210711,7,65
7377,2,A,0,202080502020,20210711,7,66
7378,1,A,0,202080502020,20210711,7,67
7379,2,A,0,202080502020,20210711,7,68
7380,4,B,0,202080502020,20210711,7,69
7381,3,B,1,202080502020,20210711,7,70
7382,4,B,0,202080502020,20210711,7,71
7383,3,B,1,202080502020,20210711,7,72
7384,4,B,0,202080502020,20210711,7,73
7385,3,B,1,202080502020,20210711,7,74
7386,4,B,0,202080502020,20210711,7,75
7387,3,B,1,202080502020,20210711,7,76
7388,4,B,0,202080502020,20210711,7,77
7389,3,B,0,202080502020,20210711,7,78
7390,4,B,0,202080502020,20210711,7,79
7391,3,B,1,202080502020,20210711,7,80
7392,4,B,0,202080502020,20210711,7,81
7393,3,B,1,202080502020,20210711,7,82
7394,4,B,0,202080502020,20210711,7,83
7395,3,B,1,202080502020,20210711,7,84
7396,4,B,0,202080502020,20210711,7,85
7397,3,B,1,202080502020,20210711,7,86
7398,4,B,0,202080502020,20210711,7,87
7399,3,B,0,202080502020,20210711,7,88
7400,4,B,1,202080502020,20210711,7,89
7401,3,B,0,202080502020,20210711,7,90
7402,4,B,1,202080502020,20210711,7,91
7403,3,B,1,202080502020,20210711,7,92
7404,4,B,0,202080502020,20210711,7,93
7405,3,B,1,202080502020,20210711,7,94
7406,4,B,1,202080502020,20210711,7,95
7407,3,B,1,202080502020,20210711,7,96
7408,4,B,0,202080502020,20210711,7,97
7409,3,B,1,202080502020,20210711,7,98
7410,4,B,1,202080502020,20210711,7,99
7411,3,B,1,202080502020,20210711,7,100
7412,4,B,0,202080502020,20210711,7,101
7413,3,B,1,202080502020,20210711,7,102
7414,4,B,0,202080502020,20210711,7,103
7415,3,B,1,202080502020,20210711,7,104
7416,4,B,1,202080502020,20210711,7,105
7417,3,B,1,202080502020,20210711,7,106
7418,4,B,1,202080502020,20210711,7,107
7419,3,B,1,202080502020,20210711,7,108
7420,4,B,0,202080502020,20210711,7,109
7421,3,B,1,202080502020,20210711,7,110
7422,4,B,0,202080502020,20210711,7,111
7423,3,B,0,202080502020,20210711,7,112
7424,4,B,1,202080502020,20210711,7,113
7425,3,B,0,202080502020,20210711,7,114
7426,4,B,0,202080502020,20210711,7,115
7427,3,B,1,202080502020,20210711,7,116
7428,4,B,1,202080502020,20210711,7,117
7429,3,B,1,202080502020,20210711,7,118
7430,4,B,0,202080502020,20210711,7,119
7431,3,B,0,805020205020,20210711,7,120
7432,4,B,1,805020205020,20210711,7,121
7433,3,B,0,805020205020,20210711,7,122
7434,4,B,0,805020205020,20210711,7,123
7435,3,B,0,805020205020,20210711,7,124
7436,4,B,0,805020205020,20210711,7,125
7437,3,B,0,805020205020,20210711,7,126
7438,4,B,0,805020205020,20210711,7,127
7439,3,B,1,805020205020,20210711,7,128
7440,4,B,0,805020205020,20210711,7,129
7441,3,B,0,805020205020,20210711,7,130
7442,4,B,1,805020205020,20210711,7,131
7443,3,B,0,805020205020,20210711,7,132
7444,4,B,1,805020205020,20210711,7,133
7445,3,B,0,805020205020,20210711,7,134
7446,4,B,0,805020205020,20210711,7,135
7447,3,B,1,805020205020,20210711,7,136
7448,4,B,0,805020205020,20210711,7,137
7449,3,B,0,805020205020,20210711,7,138
7450,4,B,0,805020205020,20210711,7,139
7451,3,B,1,805020205020,20210711,7,140
7452,4,B,0,805020205020,20210711,7,141
7453,3,B,0,805020205020,20210711,7,142
7454,4,B,0,805020205020,20210711,7,143
7455,3,B,0,805020205020,20210711,7,144
7456,5,C,1,805020205020,20210711,7,145
7457,6,C,0,805020205020,20210711,7,146
7458,5,C,0,805020205020,20210711,7,147
7459,6,C,0,805020205020,20210711,7,148
7460,5,C,0,805020205020,20210711,7,149
7461,6,C,0,805020205020,20210711,7,150
7462,5,C,0,805020205020,20210711,7,151
7463,6,C,0,805020205020,20210711,7,152
7464,5,C,1,805020205020,20210711,7,153
7465,6,C,0,805020205020,20210711,7,154
7466,5,C,0,805020205020,20210711,7,155
7467,6,C,1,805020205020,20210711,7,156
7468,5,C,0,805020205020,20210711,7,157
7469,6,C,1,805020205020,20210711,7,158
7470,5,C,0,805020205020,20210711,7,159
7471,6,C,0,805020205020,20210711,7,160
7472,5,C,0,805020205020,20210711,7,161
7473,6,C,0,805020205020,20210711,7,162
7474,5,C,0,805020205020,20210711,7,163
7475,6,C,0,805020205020,20210711,7,164
7476,5,C,1,805020205020,20210711,7,165
7477,6,C,0,805020205020,20210711,7,166
7478,5,C,1,805020205020,20210711,7,167
7479,6,C,0,805020205020,20210711,7,168
7480,5,C,0,805020205020,20210711,7,169
7481,6,C,1,805020205020,20210711,7,170
7482,5,C,0,805020205020,20210711,7,171
7483,6,C,0,805020205020,20210711,7,172
7484,5,C,1,805020205020,20210711,7,173
7485,6,C,0,805020205020,20210711,7,174
7486,5,C,0,805020205020,20210711,7,175
7487,6,C,0,805020205020,20210711,7,176
7488,5,C,0,805020205020,20210711,7,177
7489,6,C,0,805020205020,20210711,7,178
7490,5,C,1,805020205020,20210711,7,179
7491,4,B,1,508020502020,20210712,1,0
7492,3,B,0,508020502020,20210712,1,1
7493,4,B,0,508020502020,20210712,1,2
7494,2,A,1,508020502020,20210712,1,3
7495,1,A,1,508020502020,20210712,1,4
7496,2,A,1,508020502020,20210712,1,5
7497,1,A,1,508020502020,20210712,1,6
7498,2,A,1,508020502020,20210712,1,7
7499,1,A,0,508020502020,20210712,1,8
7500,2,A,0,508020502020,20210712,1,9
7501,5,C,0,508020502020,20210712,1,10
7502,6,C,0,508020502020,20210712,1,11
7503,5,C,0,508020502020,20210712,1,12
7504,6,C,0,508020502020,20210712,1,13
7505,5,C,0,508020502020,20210712,1,14
7506,4,B,0,508020502020,20210712,1,15
7507,3,B,0,508020502020,20210712,1,16
7508,4,B,1,508020502020,20210712,1,17
7509,3,B,0,508020502020,20210712,1,18
7510,4,B,0,508020502020,20210712,1,19
7511,3,B,1,508020502020,20210712,1,20
7512,4,B,0,508020502020,20210712,1,21
7513,3,B,0,508020502020,20210712,1,22
7514,2,A,1,508020502020,20210712,1,23
7515,1,A,1,508020502020,20210712,1,24
7516,2,A,1,508020502020,20210712,1,25
7517,1,A,0,508020502020,20210712,1,26
7518,2,A,1,508020502020,20210712,1,27
7519,1,A,0,508020502020,20210712,1,28
7520,2,A,1,508020502020,20210712,1,29
7521,1,A,0,508020502020,20210712,1,30
7522,2,A,1,508020502020,20210712,1,31
7523,1,A,1,508020502020,20210712,1,32
7524,2,A,1,508020502020,20210712,1,33
7525,1,A,0,508020502020,20210712,1,34
7526,2,A,1,508020502020,20210712,1,35
7527,1,A,0,508020502020,20210712,1,36
7528,2,A,1,508020502020,20210712,1,37
7529,1,A,0,508020502020,20210712,1,38
7530,2,A,1,508020502020,20210712,1,39
7531,1,A,1,508020502020,20210712,1,40
7532,2,A,1,508020502020,20210712,1,41
7533,1,A,1,508020502020,20210712,1,42
7534,2,A,1,508020502020,20210712,1,43
7535,1,A,0,508020502020,20210712,1,44
7536,2,A,1,508020502020,20210712,1,45
7537,1,A,1,508020502020,20210712,1,46
7538,2,A,1,508020502020,20210712,1,47
7539,1,A,0,508020502020,20210712,1,48
7540,2,A,1,508020502020,20210712,1,49
7541,1,A,1,508020502020,20210712,1,50
7542,2,A,1,508020502020,20210712,1,51
7543,1,A,0,508020502020,20210712,1,52
7544,2,A,1,508020502020,20210712,1,53
7545,1,A,1,508020502020,20210712,1,54
7546,2,A,1,508020502020,20210712,1,55
7547,1,A,0,508020502020,20210712,1,56
7548,2,A,1,508020502020,20210712,1,57
7549,1,A,0,508020502020,20210712,1,58
7550,2,A,1,508020502020,20210712,1,59
7551,1,A,1,202080502020,20210712,1,60
7552,2,A,1,202080502020,20210712,1,61
7553,1,A,1,202080502020,20210712,1,62
7554,2,A,0,202080502020,20210712,1,63
7555,1,A,0,202080502020,20210712,1,64
7556,2,A,1,202080502020,20210712,1,65
7557,1,A,0,202080502020,20210712,1,66
7558,2,A,0,202080502020,20210712,1,67
7559,1,A,0,202080502020,20210712,1,68
7560,2,A,0,202080502020,20210712,1,69
7561,1,A,0,202080502020,20210712,1,70
7562,2,A,1,202080502020,20210712,1,71
7563,1,A,0,202080502020,20210712,1,72
7564,2,A,0,202080502020,20210712,1,73
7565,1,A,0,202080502020,20210712,1,74
7566,2,A,0,202080502020,20210712,1,75
7567,5,C,0,202080502020,20210712,1,76
7568,6,C,1,202080502020,20210712,1,77
7569,5,C,0,202080502020,20210712,1,78
7570,6,C,0,202080502020,20210712,1,79
7571,5,C,0,202080502020,20210712,1,80
7572,6,C,1,202080502020,20210712,1,81
7573,5,C,0,202080502020,20210712,1,82
7574,6,C,0,202080502020,20210712,1,83
7575,5,C,1,202080502020,20210712,1,84
7576,6,C,0,202080502020,20210712,1,85
7577,5,C,1,202080502020,20210712,1,86
7578,6,C,0,202080502020,20210712,1,87
7579,5,C,1,202080502020,20210712,1,88
7580,6,C,0,202080502020,20210712,1,89
7581,5,C,0,202080502020,20210712,1,90
7582,6,C,0,202080502020,20210712,1,91
7583,5,C,0,202080502020,20210712,1,92
7584,2,A,0,202080502020,20210712,1,93
7585,1,A,0,202080502020,20210712,1,94
7586,2,A,1,202080502020,20210712,1,95
7587,1,A,1,202080502020,20210712,1,96
7588,2,A,0,202080502020,20210712,1,97
7589,1,A,0,202080502020,20210712,1,98
7590,2,A,0,202080502020,20210712,1,99
7591,1,A,0,202080502020,20210712,1,100
7592,2,A,1,202080502020,20210712,1,101
7593,1,A,0,202080502020,20210712,1,102
7594,2,A,0,202080502020,20210712,1,103
7595,1,A,0,202080502020,20210712,1,104
7596,2,A,0,202080502020,20210712,1,105
7597,1,A,0,202080502020,20210712,1,106
7598,2,A,0,202080502020,20210712,1,107
7599,4,B,1,202080502020,20210712,1,108
7600,3,B,1,202080502020,20210712,1,109
7601,4,B,1,202080502020,20210712,1,110
7602,3,B,1,202080502020,20210712,1,111
7603,4,B,1,202080502020,20210712,1,112
7604,3,B,1,202080502020,20210712,1,113
7605,4,B,1,202080502020,20210712,1,114
7606,3,B,1,202080502020,20210712,1,115
7607,4,B,1,202080502020,20210712,1,116
7608,3,B,1,202080502020,20210712,1,117
7609,4,B,0,202080502020,20210712,1,118
7610,3,B,1,202080502020,20210712,1,119
7611,4,B,0,508020202020,20210712,1,120
7612,3,B,0,508020202020,20210712,1,121
7613,4,B,0,508020202020,20210712,1,122
7614,3,B,0,508020202020,20210712,1,123
7615,4,B,0,508020202020,20210712,1,124
7616,3,B,0,508020202020,20210712,1,125
7617,4,B,1,508020202020,20210712,1,126
7618,3,B,0,508020202020,20210712,1,127
7619,4,B,0,508020202020,20210712,1,128
7620,3,B,0,508020202020,20210712,1,129
7621,4,B,0,508020202020,20210712,1,130
7622,3,B,0,508020202020,20210712,1,131
7623,5,C,1,508020202020,20210712,1,132
7624,6,C,0,508020202020,20210712,1,133
7625,5,C,0,508020202020,20210712,1,134
7626,6,C,0,508020202020,20210712,1,135
7627,5,C,1,508020202020,20210712,1,136
7628,6,C,0,508020202020,20210712,1,137
7629,5,C,0,508020202020,20210712,1,138
7630,6,C,0,508020202020,20210712,1,139
7631,5,C,0,508020202020,20210712,1,140
7632,2,A,0,508020202020,20210712,1,141
7633,1,A,1,508020202020,20210712,1,142
7634,2,A,1,508020202020,20210712,1,143
7635,1,A,1,508020202020,20210712,1,144
7636,2,A,1,508020202020,20210712,1,145
7637,1,A,1,508020202020,20210712,1,146
7638,2,A,0,508020202020,20210712,1,147
7639,1,A,1,508020202020,20210712,1,148
7640,2,A,1,508020202020,20210712,1,149
7641,1,A,1,508020202020,20210712,1,150
7642,2,A,1,508020202020,20210712,1,151
7643,1,A,1,508020202020,20210712,1,152
7644,2,A,1,508020202020,20210712,1,153
7645,1,A,0,508020202020,20210712,1,154
7646,2,A,0,508020202020,20210712,1,155
7647,1,A,0,508020202020,20210712,1,156
7648,2,A,0,508020202020,20210712,1,157
7649,1,A,0,508020202020,20210712,1,158
7650,2,A,0,508020202020,20210712,1,159
7651,1,A,0,508020202020,20210712,1,160
7652,2,A,1,508020202020,20210712,1,161
7653,1,A,1,508020202020,20210712,1,162
7654,2,A,0,508020202020,20210712,1,163
7655,1,A,0,508020202020,20210712,1,164
7656,2,A,1,508020202020,20210712,1,165
7657,1,A,1,508020202020,20210712,1,166
7658,2,A,1,508020202020,20210712,1,167
7659,1,A,0,508020202020,20210712,1,168
7660,2,A,1,508020202020,20210712,1,169
7661,1,A,1,508020202020,20210712,1,170
7662,2,A,1,508020202020,20210712,1,171
7663,1,A,1,508020202020,20210712,1,172
7664,2,A,0,508020202020,20210712,1,173
7665,1,A,1,508020202020,20210712,1,174
7666,2,A,1,508020202020,20210712,1,175
7667,1,A,1,508020202020,20210712,1,176
7668,2,A,1,508020202020,20210712,1,177
7669,1,A,1,508020202020,20210712,1,178
7670,2,A,1,508020202020,20210712,1,179
7671,4,B,0,202020508050,20210712,2,0
7672,3,B,0,202020508050,20210712,2,1
7673,5,C,1,202020508050,20210712,2,2
7674,6,C,1,202020508050,20210712,2,3
7675,5,C,1,202020508050,20210712,2,4
7676,6,C,1,202020508050,20210712,2,5
7677,5,C,1,202020508050,20210712,2,6
7678,6,C,1,202020508050,20210712,2,7
7679,5,C,1,202020508050,20210712,2,8
7680,6,C,1,202020508050,20210712,2,9
7681,5,C,0,202020508050,20210712,2,10
7682,6,C,0,202020508050,20210712,2,11
7683,5,C,1,202020508050,20210712,2,12
7684,6,C,0,202020508050,20210712,2,13
7685,5,C,1,202020508050,20210712,2,14
7686,6,C,1,202020508050,20210712,2,15
7687,5,C,1,202020508050,20210712,2,16
7688,6,C,1,202020508050,20210712,2,17
7689,5,C,1,202020508050,20210712,2,18
7690,6,C,1,202020508050,20210712,2,19
7691,5,C,1,202020508050,20210712,2,20
7692,6,C,1,202020508050,20210712,2,21
7693,5,C,1,202020508050,20210712,2,22
7694,6,C,0,202020508050,20210712,2,23
7695,5,C,0,202020508050,20210712,2,24
7696,6,C,1,202020508050,20210712,2,25
7697,5,C,0,202020508050,20210712,2,26
7698,6,C,1,202020508050,20210712,2,27
7699,5,C,1,202020508050,20210712,2,28
7700,6,C,0,202020508050,20210712,2,29
7701,5,C,0,202020508050,20210712,2,30
7702,6,C,0,202020508050,20210712,2,31
7703,5,C,1,202020508050,20210712,2,32
7704,6,C,1,202020508050,20210712,2,33
7705,5,C,1,202020508050,20210712,2,34
7706,6,C,1,202020508050,20210712,2,35
7707,5,C,1,202020508050,20210712,2,36
7708,6,C,1,202020508050,20210712,2,37
7709,5,C,1,202020508050,20210712,2,38
7710,6,C,1,202020508050,20210712,2,39
7711,5,C,1,202020508050,20210712,2,40
7712,6,C,0,202020508050,20210712,2,41
7713,5,C,1,202020508050,20210712,2,42
7714,6,C,0,202020508050,20210712,2,43
7715,5,C,1,202020508050,20210712,2,44
7716,6,C,0,202020508050,20210712,2,45
7717,5,C,1,202020508050,20210712,2,46
7718,6,C,0,202020508050,20210712,2,47
7719,5,C,1,202020508050,20210712,2,48
7720,6,C,0,202020508050,20210712,2,49
7721,5,C,1,202020508050,20210712,2,50
7722,6,C,1,202020508050,20210712,2,51
7723,5,C,1,202020508050,20210712,2,52
7724,6,C,0,202020508050,20210712,2,53
7725,5,C,0,202020508050,20210712,2,54
7726,6,C,1,202020508050,20210712,2,55
7727,5,C,1,202020508050,20210712,2,56
7728,6,C,0,202020508050,20210712,2,57
7729,5,C,1,202020508050,20210712,2,58
7730,6,C,0,202020508050,20210712,2,59
7731,5,C,0,208080502020,20210712,2,60
7732,2,A,1,208080502020,20210712,2,61
7733,1,A,0,208080502020,20210712,2,62
7734,2,A,1,208080502020,20210712,2,63
7735,1,A,0,208080502020,20210712,2,64
7736,2,A,1,208080502020,20210712,2,65
7737,1,A,0,208080502020,20210712,2,66
7738,2,A,1,208080502020,20210712,2,67
7739,1,A,0,208080502020,20210712,2,68
7740,2,A,1,208080502020,20210712,2,69
7741,1,A,0,208080502020,20210712,2,70
7742,2,A,1,208080502020,20210712,2,71
7743,1,A,1,208080502020,20210712,2,72
7744,2,A,0,208080502020,20210712,2,73
7745,1,A,0,208080502020,20210712,2,74
7746,2,A,0,208080502020,20210712,2,75
7747,1,A,1,208080502020,20210712,2,76
7748,2,A,1,208080502020,20210712,2,77
7749,1,A,0,208080502020,20210712,2,78
7750,2,A,1,208080502020,20210712,2,79
7751,1,A,0,208080502020,20210712,2,80
7752,2,A,1,208080502020,20210712,2,81
7753,1,A,0,208080502020,20210712,2,82
7754,2,A,1,208080502020,20210712,2,83
7755,1,A,0,208080502020,20210712,2,84
7756,2,A,1,208080502020,20210712,2,85
7757,1,A,1,208080502020,20210712,2,86
7758,2,A,1,208080502020,20210712,2,87
7759,1,A,0,208080502020,20210712,2,88
7760,2,A,1,208080502020,20210712,2,89
7761,1,A,0,208080502020,20210712,2,90
7762,2,A,1,208080502020,20210712,2,91
7763,1,A,0,208080502020,20210712,2,92
7764,2,A,1,208080502020,20210712,2,93
7765,1,A,0,208080502020,20210712,2,94
7766,2,A,1,208080502020,20210712,2,95
7767,1,A,1,208080502020,20210712,2,96
7768,2,A,1,208080502020,20210712,2,97
7769,1,A,0,208080502020,20210712,2,98
7770,2,A,1,208080502020,20210712,2,99
7771,1,A,0,208080502020,20210712,2,100
7772,2,A,1,208080502020,20210712,2,101
7773,1,A,0,208080502020,20210712,2,102
7774,2,A,1,208080502020,20210712,2,103
7775,1,A,0,208080502020,20210712,2,104
7776,2,A,1,208080502020,20210712,2,105
7777,1,A,0,208080502020,20210712,2,106
7778,2,A,1,208080502020,20210712,2,107
7779,1,A,0,208080502020,20210712,2,108
7780,2,A,1,208080502020,20210712,2,109
7781,1,A,0,208080502020,20210712,2,110
7782,2,A,1,208080502020,20210712,2,111
7783,1,A,0,208080502020,20210712,2,112
7784,2,A,1,208080502020,20210712,2,113
7785,1,A,0,208080502020,20210712,2,114
7786,2,A,1,208080502020,20210712,2,115
7787,4,B,1,208080502020,20210712,2,116
7788,3,B,0,208080502020,20210712,2,117
7789,4,B,1,208080502020,20210712,2,118
7790,3,B,0,208080502020,20210712,2,119
7791,4,B,1,805020202020,20210712,2,120
7792,3,B,1,805020202020,20210712,2,121
7793,4,B,0,805020202020,20210712,2,122
7794,3,B,0,805020202020,20210712,2,123
7795,4,B,0,805020202020,20210712,2,124
7796,3,B,0,805020202020,20210712,2,125
7797,4,B,0,805020202020,20210712,2,126
7798,3,B,0,805020202020,20210712,2,127
7799,5,C,0,805020202020,20210712,2,128
7800,6,C,0,805020202020,20210712,2,129
7801,5,C,0,805020202020,20210712,2,130
7802,6,C,0,805020202020,20210712,2,131
7803,5,C,1,805020202020,20210712,2,132
7804,6,C,0,805020202020,20210712,2,133
7805,5,C,0,805020202020,20210712,2,134
7806,6,C,0,805020202020,20210712,2,135
7807,5,C,0,805020202020,20210712,2,136
7808,2,A,1,805020202020,20210712,2,137
7809,1,A,1,805020202020,20210712,2,138
7810,2,A,0,805020202020,20210712,2,139
7811,1,A,1,805020202020,20210712,2,140
7812,2,A,1,805020202020,20210712,2,141
7813,1,A,0,805020202020,20210712,2,142
7814,2,A,0,805020202020,20210712,2,143
7815,1,A,1,805020202020,20210712,2,144
7816,2,A,1,805020202020,20210712,2,145
7817,1,A,1,805020202020,20210712,2,146
7818,2,A,1,805020202020,20210712,2,147
7819,1,A,1,805020202020,20210712,2,148
7820,2,A,0,805020202020,20210712,2,149
7821,1,A,1,805020202020,20210712,2,150
7822,2,A,1,805020202020,20210712,2,151
7823,1,A,1,805020202020,20210712,2,152
7824,2,A,1,805020202020,20210712,2,153
7825,1,A,1,805020202020,20210712,2,154
7826,2,A,1,805020202020,20210712,2,155
7827,1,A,1,805020202020,20210712,2,156
7828,2,A,0,805020202020,20210712,2,157
7829,1,A,0,805020202020,20210712,2,158
7830,2,A,0,805020202020,20210712,2,159
7831,1,A,1,805020202020,20210712,2,160
7832,2,A,1,805020202020,20210712,2,161
7833,1,A,1,805020202020,20210712,2,162
7834,2,A,1,805020202020,20210712,2,163
7835,1,A,1,805020202020,20210712,2,164
7836,2,A,1,805020202020,20210712,2,165
7837,1,A,1,805020202020,20210712,2,166
7838,2,A,1,805020202020,20210712,2,167
7839,1,A,1,805020202020,20210712,2,168
7840,2,A,0,805020202020,20210712,2,169
7841,1,A,1,805020202020,20210712,2,170
7842,2,A,0,805020202020,20210712,2,171
7843,1,A,1,805020202020,20210712,2,172
7844,2,A,1,805020202020,20210712,2,173
7845,1,A,0,805020202020,20210712,2,174
7846,2,A,0,805020202020,20210712,2,175
7847,1,A,1,805020202020,20210712,2,176
7848,2,A,1,805020202020,20210712,2,177
7849,1,A,1,805020202020,20210712,2,178
7850,2,A,1,805020202020,20210712,2,179
7851,1,A,0,205080502020,20210712,3,0
7852,2,A,1,205080502020,20210712,3,1
7853,5,C,1,205080502020,20210712,3,2
7854,6,C,0,205080502020,20210712,3,3
7855,3,B,1,205080502020,20210712,3,4
7856,4,B,1,205080502020,20210712,3,5
7857,3,B,1,205080502020,20210712,3,6
7858,4,B,0,205080502020,20210712,3,7
7859,3,B,1,205080502020,20210712,3,8
7860,4,B,1,205080502020,20210712,3,9
7861,3,B,1,205080502020,20210712,3,10
7862,4,B,0,205080502020,20210712,3,11
7863,3,B,0,205080502020,20210712,3,12
7864,5,C,0,205080502020,20210712,3,13
7865,6,C,0,205080502020,20210712,3,14
7866,5,C,0,205080502020,20210712,3,15
7867,6,C,1,205080502020,20210712,3,16
7868,5,C,0,205080502020,20210712,3,17
7869,6,C,0,205080502020,20210712,3,18
7870,2,A,0,205080502020,20210712,3,19
7871,1,A,0,205080502020,20210712,3,20
7872,2,A,0,205080502020,20210712,3,21
7873,1,A,0,205080502020,20210712,3,22
7874,2,A,1,205080502020,20210712,3,23
7875,1,A,0,205080502020,20210712,3,24
7876,2,A,0,205080502020,20210712,3,25
7877,1,A,1,205080502020,20210712,3,26
7878,2,A,1,205080502020,20210712,3,27
7879,1,A,0,205080502020,20210712,3,28
7880,2,A,0,205080502020,20210712,3,29
7881,1,A,0,205080502020,20210712,3,30
7882,2,A,0,205080502020,20210712,3,31
7883,1,A,0,205080502020,20210712,3,32
7884,2,A,0,205080502020,20210712,3,33
7885,4,B,1,205080502020,20210712,3,34
7886,3,B,1,205080502020,20210712,3,35
7887,4,B,0,205080502020,20210712,3,36
7888,3,B,0,205080502020,20210712,3,37
7889,4,B,1,205080502020,20210712,3,38
7890,3,B,1,205080502020,20210712,3,39
7891,4,B,0,205080502020,20210712,3,40
7892,3,B,1,205080502020,20210712,3,41
7893,4,B,1,205080502020,20210712,3,42
7894,3,B,0,205080502020,20210712,3,43
7895,4,B,1,205080502020,20210712,3,44
7896,3,B,1,205080502020,20210712,3,45
7897,4,B,1,205080502020,20210712,3,46
7898,3,B,1,205080502020,20210712,3,47
7899,4,B,1,205080502020,20210712,3,48
7900,3,B,0,205080502020,20210712,3,49
7901,4,B,1,205080502020,20210712,3,50
7902,3,B,1,205080502020,20210712,3,51
7903,4,B,1,205080502020,20210712,3,52
7904,3,B,1,205080502020,20210712,3,53
7905,4,B,1,205080502020,20210712,3,54
7906,3,B,0,205080502020,20210712,3,55
7907,4,B,1,205080502020,20210712,3,56
7908,3,B,0,205080502020,20210712,3,57
7909,4,B,0,205080502020,20210712,3,58
7910,3,B,1,205080502020,20210712,3,59
7911,4,B,1,202020802050,20210712,3,60
7912,3,B,1,202020802050,20210712,3,61
7913,4,B,1,202020802050,20210712,3,62
7914,3,B,0,202020802050,20210712,3,63
7915,4,B,1,202020802050,20210712,3,64
7916,3,B,0,202020802050,20210712,3,65
7917,4,B,1,202020802050,20210712,3,66
7918,3,B,0,202020802050,20210712,3,67
7919,4,B,1,202020802050,20210712,3,68
7920,3,B,0,202020802050,20210712,3,69
7921,4,B,1,202020802050,20210712,3,70
7922,3,B,0,202020802050,20210712,3,71
7923,4,B,1,202020802050,20210712,3,72
7924,3,B,0,202020802050,20210712,3,73
7925,4,B,1,202020802050,20210712,3,74
7926,3,B,0,202020802050,20210712,3,75
7927,4,B,1,202020802050,20210712,3,76
7928,3,B,0,202020802050,20210712,3,77
7929,4,B,1,202020802050,20210712,3,78
7930,3,B,0,202020802050,20210712,3,79
7931,4,B,1,202020802050,20210712,3,80
7932,2,A,0,202020802050,20210712,3,81
7933,1,A,1,202020802050,20210712,3,82
7934,2,A,0,202020802050,20210712,3,83
7935,1,A,1,202020802050,20210712,3,84
7936,2,A,1,202020802050,20210712,3,85
7937,1,A,0,202020802050,20210712,3,86
7938,2,A,1,202020802050,20210712,3,87
7939,1,A,0,202020802050,20210712,3,88
7940,2,A,1,202020802050,20210712,3,89
7941,1,A,0,202020802050,20210712,3,90
7942,2,A,1,202020802050,20210712,3,91
7943,1,A,1,202020802050,20210712,3,92
7944,2,A,0,202020802050,20210712,3,93
7945,1,A,0,202020802050,20210712,3,94
7946,2,A,0,202020802050,20210712,3,95
7947,1,A,0,202020802050,20210712,3,96
7948,2,A,0,202020802050,20210712,3,97
7949,5,C,0,202020802050,20210712,3,98
7950,6,C,1,202020802050,20210712,3,99
7951,5,C,0,202020802050,20210712,3,100
7952,6,C,0,202020802050,20210712,3,101
7953,5,C,0,202020802050,20210712,3,102
7954,6,C,1,202020802050,20210712,3,103
7955,5,C,0,202020802050,20210712,3,104
7956,6,C,0,202020802050,20210712,3,105
7957,5,C,0,202020802050,20210712,3,106
7958,6,C,1,202020802050,20210712,3,107
7959,4,B,1,202020802050,20210712,3,108
7960,3,B,0,202020802050,20210712,3,109
7961,4,B,0,202020802050,20210712,3,110
7962,3,B,0,202020802050,20210712,3,111
7963,4,B,1,202020802050,20210712,3,112
7964,3,B,0,202020802050,20210712,3,113
7965,4,B,1,202020802050,20210712,3,114
7966,3,B,0,202020802050,20210712,3,115
7967,4,B,1,202020802050,20210712,3,116
7968,3,B,0,202020802050,20210712,3,117
7969,4,B,1,202020802050,20210712,3,118
7970,3,B,0,202020802050,20210712,3,119
7971,4,B,0,202020208020,20210712,3,120
7972,2,A,0,202020208020,20210712,3,121
7973,1,A,0,202020208020,20210712,3,122
7974,2,A,0,202020208020,20210712,3,123
7975,1,A,0,202020208020,20210712,3,124
7976,2,A,0,202020208020,20210712,3,125
7977,1,A,0,202020208020,20210712,3,126
7978,2,A,1,202020208020,20210712,3,127
7979,1,A,1,202020208020,20210712,3,128
7980,2,A,0,202020208020,20210712,3,129
7981,1,A,0,202020208020,20210712,3,130
7982,2,A,0,202020208020,20210712,3,131
7983,1,A,0,202020208020,20210712,3,132
7984,2,A,0,202020208020,20210712,3,133
7985,5,C,1,202020208020,20210712,3,134
7986,6,C,0,202020208020,20210712,3,135
7987,5,C,1,202020208020,20210712,3,136
7988,6,C,0,202020208020,20210712,3,137
7989,5,C,1,202020208020,20210712,3,138
7990,6,C,1,202020208020,20210712,3,139
7991,5,C,1,202020208020,20210712,3,140
7992,6,C,0,202020208020,20210712,3,141
7993,5,C,1,202020208020,20210712,3,142
7994,6,C,0,202020208020,20210712,3,143
7995,5,C,1,202020208020,20210712,3,144
7996,6,C,0,202020208020,20210712,3,145
7997,5,C,1,202020208020,20210712,3,146
7998,6,C,0,202020208020,20210712,3,147
7999,5,C,1,202020208020,20210712,3,148
8000,6,C,0,202020208020,20210712,3,149
8001,5,C,1,202020208020,20210712,3,150
8002,6,C,0,202020208020,20210712,3,151
8003,5,C,1,202020208020,20210712,3,152
8004,6,C,0,202020208020,20210712,3,153
8005,5,C,1,202020208020,20210712,3,154
8006,6,C,0,202020208020,20210712,3,155
8007,5,C,1,202020208020,20210712,3,156
8008,6,C,0,202020208020,20210712,3,157
8009,5,C,0,202020208020,20210712,3,158
8010,6,C,1,202020208020,20210712,3,159
8011,5,C,1,202020208020,20210712,3,160
8012,6,C,0,202020208020,20210712,3,161
8013,5,C,0,202020208020,20210712,3,162
8014,6,C,0,202020208020,20210712,3,163
8015,5,C,1,202020208020,20210712,3,164
8016,6,C,1,202020208020,20210712,3,165
8017,5,C,1,202020208020,20210712,3,166
8018,6,C,0,202020208020,20210712,3,167
8019,5,C,1,202020208020,20210712,3,168
8020,6,C,0,202020208020,20210712,3,169
8021,5,C,1,202020208020,20210712,3,170
8022,6,C,0,202020208020,20210712,3,171
8023,5,C,1,202020208020,20210712,3,172
8024,6,C,0,202020208020,20210712,3,173
8025,5,C,1,202020208020,20210712,3,174
8026,6,C,0,202020208020,20210712,3,175
8027,5,C,1,202020208020,20210712,3,176
8028,6,C,0,202020208020,20210712,3,177
8029,5,C,0,202020208020,20210712,3,178
8030,6,C,0,202020208020,20210712,3,179
8031,5,C,0,202050202080,20210712,4,0
8032,6,C,1,202050202080,20210712,4,1
8033,5,C,0,202050202080,20210712,4,2
8034,6,C,1,202050202080,20210712,4,3
8035,5,C,0,202050202080,20210712,4,4
8036,6,C,1,202050202080,20210712,4,5
8037,5,C,0,202050202080,20210712,4,6
8038,6,C,0,202050202080,20210712,4,7
8039,2,A,0,202050202080,20210712,4,8
8040,1,A,1,202050202080,20210712,4,9
8041,2,A,0,202050202080,20210712,4,10
8042,1,A,0,202050202080,20210712,4,11
8043,2,A,0,202050202080,20210712,4,12
8044,4,B,0,202050202080,20210712,4,13
8045,3,B,1,202050202080,20210712,4,14
8046,4,B,1,202050202080,20210712,4,15
8047,3,B,1,202050202080,20210712,4,16
8048,4,B,0,202050202080,20210712,4,17
8049,3,B,1,202050202080,20210712,4,18
8050,4,B,0,202050202080,20210712,4,19
8051,3,B,1,202050202080,20210712,4,20
8052,4,B,0,202050202080,20210712,4,21
8053,3,B,0,202050202080,20210712,4,22
8054,4,B,0,202050202080,20210712,4,23
8055,3,B,1,202050202080,20210712,4,24
8056,4,B,0,202050202080,20210712,4,25
8057,3,B,1,202050202080,20210712,4,26
8058,4,B,0,202050202080,20210712,4,27
8059,3,B,0,202050202080,20210712,4,28
8060,4,B,0,202050202080,20210712,4,29
8061,3,B,1,202050202080,20210712,4,30
8062,5,C,0,202050202080,20210712,4,31
8063,6,C,0,202050202080,20210712,4,32
8064,5,C,0,202050202080,20210712,4,33
8065,6,C,0,202050202080,20210712,4,34
8066,5,C,0,202050202080,20210712,4,35
8067,6,C,1,202050202080,20210712,4,36
8068,5,C,0,202050202080,20210712,4,37
8069,6,C,1,202050202080,20210712,4,38
8070,5,C,0,202050202080,20210712,4,39
8071,6,C,1,202050202080,20210712,4,40
8072,5,C,0,202050202080,20210712,4,41
8073,6,C,1,202050202080,20210712,4,42
8074,5,C,1,202050202080,20210712,4,43
8075,6,C,1,202050202080,20210712,4,44
8076,5,C,1,202050202080,20210712,4,45
8077,6,C,1,202050202080,20210712,4,46
8078,5,C,0,202050202080,20210712,4,47
8079,6,C,1,202050202080,20210712,4,48
8080,5,C,1,202050202080,20210712,4,49
8081,6,C,1,202050202080,20210712,4,50
8082,5,C,1,202050202080,20210712,4,51
8083,6,C,1,202050202080,20210712,4,52
8084,5,C,0,202050202080,20210712,4,53
8085,6,C,0,202050202080,20210712,4,54
8086,5,C,0,202050202080,20210712,4,55
8087,6,C,1,202050202080,20210712,4,56
8088,5,C,0,202050202080,20210712,4,57
8089,6,C,1,202050202080,20210712,4,58
8090,5,C,0,202050202080,20210712,4,59
8091,6,C,0,805020202020,20210712,4,60
8092,5,C,0,805020202020,20210712,4,61
8093,6,C,0,805020202020,20210712,4,62
8094,5,C,1,805020202020,20210712,4,63
8095,6,C,1,805020202020,20210712,4,64
8096,5,C,0,805020202020,20210712,4,65
8097,6,C,0,805020202020,20210712,4,66
8098,5,C,0,805020202020,20210712,4,67
8099,6,C,0,805020202020,20210712,4,68
8100,5,C,0,805020202020,20210712,4,69
8101,4,B,0,805020202020,20210712,4,70
8102,3,B,0,805020202020,20210712,4,71
8103,4,B,0,805020202020,20210712,4,72
8104,3,B,0,805020202020,20210712,4,73
8105,2,A,1,805020202020,20210712,4,74
8106,1,A,1,805020202020,20210712,4,75
8107,2,A,0,805020202020,20210712,4,76
8108,1,A,1,805020202020,20210712,4,77
8109,2,A,1,805020202020,20210712,4,78
8110,1,A,1,805020202020,20210712,4,79
8111,2,A,0,805020202020,20210712,4,80
8112,1,A,1,805020202020,20210712,4,81
8113,2,A,0,805020202020,20210712,4,82
8114,1,A,1,805020202020,20210712,4,83
8115,2,A,0,805020202020,20210712,4,84
8116,1,A,1,805020202020,20210712,4,85
8117,2,A,0,805020202020,20210712,4,86
8118,1,A,1,805020202020,20210712,4,87
8119,2,A,1,805020202020,20210712,4,88
8120,1,A,0,805020202020,20210712,4,89
8121,2,A,1,805020202020,20210712,4,90
8122,1,A,0,805020202020,20210712,4,91
8123,2,A,1,805020202020,20210712,4,92
8124,1,A,1,805020202020,20210712,4,93
8125,2,A,1,805020202020,20210712,4,94
8126,1,A,1,805020202020,20210712,4,95
8127,2,A,0,805020202020,20210712,4,96
8128,1,A,1,805020202020,20210712,4,97
8129,2,A,0,805020202020,20210712,4,98
8130,1,A,1,805020202020,20210712,4,99
8131,2,A,1,805020202020,20210712,4,100
8132,1,A,1,805020202020,20210712,4,101
8133,2,A,0,805020202020,20210712,4,102
8134,1,A,1,805020202020,20210712,4,103
8135,2,A,1,805020202020,20210712,4,104
8136,1,A,1,805020202020,20210712,4,105
8137,2,A,1,805020202020,20210712,4,106
8138,1,A,0,805020202020,20210712,4,107
8139,2,A,1,805020202020,20210712,4,108
8140,1,A,1,805020202020,20210712,4,109
8141,2,A,1,805020202020,20210712,4,110
8142,1,A,1,805020202020,20210712,4,111
8143,2,A,0,805020202020,20210712,4,112
8144,1,A,1,805020202020,20210712,4,113
8145,2,A,0,805020202020,20210712,4,114
8146,1,A,1,805020202020,20210712,4,115
8147,2,A,1,805020202020,20210712,4,116
8148,1,A,1,805020202020,20210712,4,117
8149,2,A,1,805020202020,20210712,4,118
8150,1,A,1,805020202020,20210712,4,119
8151,2,A,0,202020802050,20210712,4,120
8152,1,A,0,202020802050,20210712,4,121
8153,2,A,0,202020802050,20210712,4,122
8154,1,A,0,202020802050,20210712,4,123
8155,2,A,0,202020802050,20210712,4,124
8156,1,A,1,202020802050,20210712,4,125
8157,2,A,0,202020802050,20210712,4,126
8158,1,A,0,202020802050,20210712,4,127
8159,2,A,1,202020802050,20210712,4,128
8160,1,A,0,202020802050,20210712,4,129
8161,2,A,0,202020802050,20210712,4,130
8162,1,A,0,202020802050,20210712,4,131
8163,2,A,1,202020802050,20210712,4,132
8164,1,A,0,202020802050,20210712,4,133
8165,2,A,0,202020802050,20210712,4,134
8166,1,A,0,202020802050,20210712,4,135
8167,2,A,0,202020802050,20210712,4,136
8168,5,C,0,202020802050,20210712,4,137
8169,6,C,1,202020802050,20210712,4,138
8170,5,C,0,202020802050,20210712,4,139
8171,6,C,1,202020802050,20210712,4,140
8172,5,C,0,202020802050,20210712,4,141
8173,6,C,0,202020802050,20210712,4,142
8174,5,C,1,202020802050,20210712,4,143
8175,6,C,0,202020802050,20210712,4,144
8176,5,C,0,202020802050,20210712,4,145
8177,6,C,1,202020802050,20210712,4,146
8178,5,C,1,202020802050,20210712,4,147
8179,6,C,0,202020802050,20210712,4,148
8180,5,C,0,202020802050,20210712,4,149
8181,6,C,0,202020802050,20210712,4,150
8182,5,C,0,202020802050,20210712,4,151
8183,6,C,1,202020802050,20210712,4,152
8184,5,C,0,202020802050,20210712,4,153
8185,6,C,1,202020802050,20210712,4,154
8186,5,C,0,202020802050,20210712,4,155
8187,6,C,0,202020802050,20210712,4,156
8188,5,C,0,202020802050,20210712,4,157
8189,6,C,0,202020802050,20210712,4,158
8190,5,C,0,202020802050,20210712,4,159
8191,6,C,1,202020802050,20210712,4,160
8192,5,C,0,202020802050,20210712,4,161
8193,6,C,0,202020802050,20210712,4,162
8194,5,C,1,202020802050,20210712,4,163
8195,6,C,0,202020802050,20210712,4,164
8196,5,C,0,202020802050,20210712,4,165
8197,6,C,0,202020802050,20210712,4,166
8198,5,C,1,202020802050,20210712,4,167
8199,6,C,0,202020802050,20210712,4,168
8200,5,C,0,202020802050,20210712,4,169
8201,6,C,1,202020802050,20210712,4,170
8202,5,C,0,202020802050,20210712,4,171
8203,6,C,1,202020802050,20210712,4,172
8204,5,C,0,202020802050,20210712,4,173
8205,6,C,0,202020802050,20210712,4,174
8206,5,C,0,202020802050,20210712,4,175
8207,6,C,0,202020802050,20210712,4,176
8208,5,C,0,202020802050,20210712,4,177
8209,6,C,1,202020802050,20210712,4,178
8210,5,C,1,202020802050,20210712,4,179
8211,3,B,1,208080505020,20210712,5,0
8212,4,B,0,208080505020,20210712,5,1
8213,5,C,0,208080505020,20210712,5,2
8214,6,C,0,208080505020,20210712,5,3
8215,5,C,0,208080505020,20210712,5,4
8216,6,C,0,208080505020,20210712,5,5
8217,5,C,0,208080505020,20210712,5,6
8218,2,A,1,208080505020,20210712,5,7
8219,1,A,0,208080505020,20210712,5,8
8220,2,A,1,208080505020,20210712,5,9
8221,1,A,0,208080505020,20210712,5,10
8222,2,A,1,208080505020,20210712,5,11
8223,1,A,0,208080505020,20210712,5,12
8224,2,A,1,208080505020,20210712,5,13
8225,1,A,0,208080505020,20210712,5,14
8226,2,A,0,208080505020,20210712,5,15
8227,5,C,0,208080505020,20210712,5,16
8228,6,C,0,208080505020,20210712,5,17
8229,5,C,0,208080505020,20210712,5,18
8230,2,A,1,208080505020,20210712,5,19
8231,1,A,0,208080505020,20210712,5,20
8232,2,A,1,208080505020,20210712,5,21
8233,1,A,0,208080505020,20210712,5,22
8234,2,A,1,208080505020,20210712,5,23
8235,1,A,0,208080505020,20210712,5,24
8236,2,A,1,208080505020,20210712,5,25
8237,4,B,1,208080505020,20210712,5,26
8238,3,B,1,208080505020,20210712,5,27
8239,4,B,0,208080505020,20210712,5,28
8240,3,B,1,208080505020,20210712,5,29
8241,4,B,0,208080505020,20210712,5,30
8242,3,B,0,208080505020,20210712,5,31
8243,4,B,0,208080505020,20210712,5,32
8244,3,B,1,208080505020,20210712,5,33
8245,4,B,1,208080505020,20210712,5,34
8246,3,B,1,208080505020,20210712,5,35
8247,4,B,0,208080505020,20210712,5,36
8248,3,B,0,208080505020,20210712,5,37
8249,4,B,0,208080505020,20210712,5,38
8250,3,B,0,208080505020,20210712,5,39
8251,4,B,1,208080505020,20210712,5,40
8252,3,B,1,208080505020,20210712,5,41
8253,4,B,0,208080505020,20210712,5,42
8254,3,B,1,208080505020,20210712,5,43
8255,4,B,1,208080505020,20210712,5,44
8256,3,B,1,208080505020,20210712,5,45
8257,4,B,0,208080505020,20210712,5,46
8258,3,B,1,208080505020,20210712,5,47
8259,4,B,0,208080505020,20210712,5,48
8260,3,B,1,208080505020,20210712,5,49
8261,4,B,1,208080505020,20210712,5,50
8262,3,B,1,208080505020,20210712,5,51
8263,4,B,1,208080505020,20210712,5,52
8264,3,B,0,208080505020,20210712,5,53
8265,4,B,1,208080505020,20210712,5,54
8266,3,B,1,208080505020,20210712,5,55
8267,4,B,1,208080505020,20210712,5,56
8268,3,B,1,208080505020,20210712,5,57
8269,4,B,1,208080505020,20210712,5,58
8270,3,B,1,208080505020,20210712,5,59
8271,4,B,0,802020205080,20210712,5,60
8272,3,B,0,802020205080,20210712,5,61
8273,4,B,1,802020205080,20210712,5,62
8274,3,B,0,802020205080,20210712,5,63
8275,4,B,0,802020205080,20210712,5,64
8276,3,B,0,802020205080,20210712,5,65
8277,4,B,0,802020205080,20210712,5,66
8278,3,B,0,802020205080,20210712,5,67
8279,4,B,1,802020205080,20210712,5,68
8280,3,B,0,802020205080,20210712,5,69
8281,4,B,0,802020205080,20210712,5,70
8282,2,A,0,802020205080,20210712,5,71
8283,1,A,1,802020205080,20210712,5,72
8284,2,A,0,802020205080,20210712,5,73
8285,1,A,1,802020205080,20210712,5,74
8286,2,A,0,802020205080,20210712,5,75
8287,1,A,0,802020205080,20210712,5,76
8288,2,A,0,802020205080,20210712,5,77
8289,1,A,0,802020205080,20210712,5,78
8290,2,A,0,802020205080,20210712,5,79
8291,1,A,1,802020205080,20210712,5,80
8292,2,A,1,802020205080,20210712,5,81
8293,1,A,0,802020205080,20210712,5,82
8294,2,A,0,802020205080,20210712,5,83
8295,1,A,1,802020205080,20210712,5,84
8296,2,A,0,802020205080,20210712,5,85
8297,1,A,1,802020205080,20210712,5,86
8298,2,A,1,802020205080,20210712,5,87
8299,1,A,1,802020205080,20210712,5,88
8300,2,A,0,802020205080,20210712,5,89
8301,1,A,1,802020205080,20210712,5,90
8302,2,A,0,802020205080,20210712,5,91
8303,1,A,1,802020205080,20210712,5,92
8304,2,A,0,802020205080,20210712,5,93
8305,1,A,1,802020205080,20210712,5,94
8306,2,A,0,802020205080,20210712,5,95
8307,1,A,1,802020205080,20210712,5,96
8308,2,A,0,802020205080,20210712,5,97
8309,1,A,1,802020205080,20210712,5,98
8310,2,A,1,802020205080,20210712,5,99
8311,1,A,1,802020205080,20210712,5,100
8312,2,A,0,802020205080,20210712,5,101
8313,1,A,1,802020205080,20210712,5,102
8314,2,A,1,802020205080,20210712,5,103
8315,1,A,1,802020205080,20210712,5,104
8316,2,A,0,802020205080,20210712,5,105
8317,1,A,1,802020205080,20210712,5,106
8318,2,A,1,802020205080,20210712,5,107
8319,1,A,1,802020205080,20210712,5,108
8320,2,A,0,802020205080,20210712,5,109
8321,1,A,1,802020205080,20210712,5,110
8322,2,A,0,802020205080,20210712,5,111
8323,1,A,1,802020205080,20210712,5,112
8324,2,A,0,802020205080,20210712,5,113
8325,1,A,1,802020205080,20210712,5,114
8326,2,A,0,802020205080,20210712,5,115
8327,1,A,1,802020205080,20210712,5,116
8328,2,A,0,802020205080,20210712,5,117
8329,1,A,1,802020205080,20210712,5,118
8330,2,A,0,802020205080,20210712,5,119
8331,1,A,0,202080202020,20210712,5,120
8332,2,A,1,202080202020,20210712,5,121
8333,1,A,0,202080202020,20210712,5,122
8334,2,A,1,202080202020,20210712,5,123
8335,1,A,0,202080202020,20210712,5,124
8336,2,A,1,202080202020,20210712,5,125
8337,1,A,1,202080202020,20210712,5,126
8338,2,A,0,202080202020,20210712,5,127
8339,1,A,1,202080202020,20210712,5,128
8340,2,A,0,202080202020,20210712,5,129
8341,1,A,0,202080202020,20210712,5,130
8342,2,A,0,202080202020,20210712,5,131
8343,1,A,0,202080202020,20210712,5,132
8344,2,A,0,202080202020,20210712,5,133
8345,5,C,0,202080202020,20210712,5,134
8346,6,C,0,202080202020,20210712,5,135
8347,5,C,0,202080202020,20210712,5,136
8348,6,C,0,202080202020,20210712,5,137
8349,5,C,0,202080202020,20210712,5,138
8350,3,B,1,202080202020,20210712,5,139
8351,4,B,0,202080202020,20210712,5,140
8352,3,B,1,202080202020,20210712,5,141
8353,4,B,0,202080202020,20210712,5,142
8354,3,B,1,202080202020,20210712,5,143
8355,4,B,1,202080202020,20210712,5,144
8356,3,B,0,202080202020,20210712,5,145
8357,4,B,0,202080202020,20210712,5,146
8358,3,B,1,202080202020,20210712,5,147
8359,4,B,0,202080202020,20210712,5,148
8360,3,B,1,202080202020,20210712,5,149
8361,4,B,0,202080202020,20210712,5,150
8362,3,B,0,202080202020,20210712,5,151
8363,4,B,0,202080202020,20210712,5,152
8364,3,B,1,202080202020,20210712,5,153
8365,4,B,0,202080202020,20210712,5,154
8366,3,B,0,202080202020,20210712,5,155
8367,4,B,1,202080202020,20210712,5,156
8368,3,B,1,202080202020,20210712,5,157
8369,4,B,0,202080202020,20210712,5,158
8370,3,B,0,202080202020,20210712,5,159
8371,4,B,0,202080202020,20210712,5,160
8372,3,B,1,202080202020,20210712,5,161
8373,1,A,0,202080202020,20210712,5,162
8374,2,A,1,202080202020,20210712,5,163
8375,1,A,0,202080202020,20210712,5,164
8376,2,A,0,202080202020,20210712,5,165
8377,1,A,0,202080202020,20210712,5,166
8378,2,A,0,202080202020,20210712,5,167
8379,1,A,0,202080202020,20210712,5,168
8380,2,A,0,202080202020,20210712,5,169
8381,1,A,0,202080202020,20210712,5,170
8382,2,A,0,202080202020,20210712,5,171
8383,5,C,0,202080202020,20210712,5,172
8384,6,C,0,202080202020,20210712,5,173
8385,5,C,0,202080202020,20210712,5,174
8386,6,C,0,202080202020,20210712,5,175
8387,5,C,0,202080202020,20210712,5,176
8388,3,B,1,202080202020,20210712,5,177
8389,4,B,0,202080202020,20210712,5,178
8390,3,B,1,202080202020,20210712,5,179
8391,3,B,0,502020505080,20210712,6,0
8392,4,B,0,502020505080,20210712,6,1
8393,3,B,0,502020505080,20210712,6,2
8394,5,C,1,502020505080,20210712,6,3
8395,6,C,1,502020505080,20210712,6,4
8396,5,C,0,502020505080,20210712,6,5
8397,6,C,1,502020505080,20210712,6,6
8398,5,C,1,502020505080,20210712,6,7
8399,6,C,1,502020505080,20210712,6,8
8400,5,C,0,502020505080,20210712,6,9
8401,6,C,1,502020505080,20210712,6,10
8402,5,C,1,502020505080,20210712,6,11
8403,6,C,1,502020505080,20210712,6,12
8404,5,C,0,502020505080,20210712,6,13
8405,6,C,1,502020505080,20210712,6,14
8406,5,C,0,502020505080,20210712,6,15
8407,6,C,1,502020505080,20210712,6,16
8408,5,C,0,502020505080,20210712,6,17
8409,6,C,1,502020505080,20210712,6,18
8410,5,C,1,502020505080,20210712,6,19
8411,6,C,1,502020505080,20210712,6,20
8412,5,C,0,502020505080,20210712,6,21
8413,6,C,1,502020505080,20210712,6,22
8414,5,C,0,502020505080,20210712,6,23
8415,6,C,1,502020505080,20210712,6,24
8416,5,C,0,502020505080,20210712,6,25
8417,6,C,1,502020505080,20210712,6,26
8418,5,C,0,502020505080,20210712,6,27
8419,6,C,1,502020505080,20210712,6,28
8420,5,C,0,502020505080,20210712,6,29
8421,6,C,1,502020505080,20210712,6,30
8422,5,C,1,502020505080,20210712,6,31
8423,6,C,1,502020505080,20210712,6,32
8424,5,C,1,502020505080,20210712,6,33
8425,6,C,1,502020505080,20210712,6,34
8426,5,C,1,502020505080,20210712,6,35
8427,6,C,1,502020505080,20210712,6,36
8428,5,C,0,502020505080,20210712,6,37
8429,6,C,1,502020505080,20210712,6,38
8430,5,C,0,502020505080,20210712,6,39
8431,6,C,0,502020505080,20210712,6,40
8432,5,C,0,502020505080,20210712,6,41
8433,2,A,0,502020505080,20210712,6,42
8434,1,A,1,502020505080,20210712,6,43
8435,2,A,0,502020505080,20210712,6,44
8436,1,A,1,502020505080,20210712,6,45
8437,2,A,0,502020505080,20210712,6,46
8438,1,A,0,502020505080,20210712,6,47
8439,2,A,0,502020505080,20210712,6,48
8440,1,A,0,502020505080,20210712,6,49
8441,2,A,0,502020505080,20210712,6,50
8442,5,C,1,502020505080,20210712,6,51
8443,6,C,1,502020505080,20210712,6,52
8444,5,C,1,502020505080,20210712,6,53
8445,6,C,1,502020505080,20210712,6,54
8446,5,C,0,502020505080,20210712,6,55
8447,6,C,1,502020505080,20210712,6,56
8448,5,C,1,502020505080,20210712,6,57
8449,6,C,1,502020505080,20210712,6,58
8450,5,C,0,502020505080,20210712,6,59
8451,6,C,0,805050202020,20210712,6,60
8452,5,C,0,805050202020,20210712,6,61
8453,6,C,1,805050202020,20210712,6,62
8454,5,C,0,805050202020,20210712,6,63
8455,6,C,0,805050202020,20210712,6,64
8456,5,C,1,805050202020,20210712,6,65
8457,6,C,0,805050202020,20210712,6,66
8458,5,C,0,805050202020,20210712,6,67
8459,6,C,1,805050202020,20210712,6,68
8460,5,C,0,805050202020,20210712,6,69
8461,6,C,0,805050202020,20210712,6,70
8462,5,C,0,805050202020,20210712,6,71
8463,6,C,0,805050202020,20210712,6,72
8464,5,C,1,805050202020,20210712,6,73
8465,6,C,0,805050202020,20210712,6,74
8466,5,C,0,805050202020,20210712,6,75
8467,3,B,0,805050202020,20210712,6,76
8468,4,B,0,805050202020,20210712,6,77
8469,3,B,1,805050202020,20210712,6,78
8470,4,B,0,805050202020,20210712,6,79
8471,3,B,1,805050202020,20210712,6,80
8472,4,B,1,805050202020,20210712,6,81
8473,3,B,1,805050202020,20210712,6,82
8474,4,B,0,805050202020,20210712,6,83
8475,3,B,1,805050202020,20210712,6,84
8476,4,B,0,805050202020,20210712,6,85
8477,3,B,0,805050202020,20210712,6,86
8478,4,B,1,805050202020,20210712,6,87
8479,3,B,0,805050202020,20210712,6,88
8480,4,B,0,805050202020,20210712,6,89
8481,3,B,0,805050202020,20210712,6,90
8482,4,B,1,805050202020,20210712,6,91
8483,3,B,0,805050202020,20210712,6,92
8484,4,B,0,805050202020,20210712,6,93
8485,3,B,0,805050202020,20210712,6,94
8486,4,B,0,805050202020,20210712,6,95
8487,3,B,1,805050202020,20210712,6,96
8488,4,B,0,805050202020,20210712,6,97
8489,3,B,0,805050202020,20210712,6,98
8490,4,B,0,805050202020,20210712,6,99
8491,5,C,0,805050202020,20210712,6,100
8492,6,C,0,805050202020,20210712,6,101
8493,5,C,0,805050202020,20210712,6,102
8494,6,C,0,805050202020,20210712,6,103
8495,5,C,0,805050202020,20210712,6,104
8496,6,C,1,805050202020,20210712,6,105
8497,5,C,1,805050202020,20210712,6,106
8498,6,C,0,805050202020,20210712,6,107
8499,5,C,0,805050202020,20210712,6,108
8500,6,C,0,805050202020,20210712,6,109
8501,5,C,1,805050202020,20210712,6,110
8502,6,C,1,805050202020,20210712,6,111
8503,5,C,0,805050202020,20210712,6,112
8504,6,C,0,805050202020,20210712,6,113
8505,5,C,0,805050202020,20210712,6,114
8506,6,C,0,805050202020,20210712,6,115
8507,5,C,0,805050202020,20210712,6,116
8508,6,C,0,805050202020,20210712,6,117
8509,5,C,0,805050202020,20210712,6,118
8510,6,C,1,805050202020,20210712,6,119
8511,5,C,1,202050802020,20210712,6,120
8512,6,C,0,202050802020,20210712,6,121
8513,5,C,0,202050802020,20210712,6,122
8514,6,C,0,202050802020,20210712,6,123
8515,5,C,0,202050802020,20210712,6,124
8516,6,C,0,202050802020,20210712,6,125
8517,5,C,0,202050802020,20210712,6,126
8518,2,A,0,202050802020,20210712,6,127
8519,1,A,0,202050802020,20210712,6,128
8520,2,A,0,202050802020,20210712,6,129
8521,1,A,0,202050802020,20210712,6,130
8522,2,A,0,202050802020,20210712,6,131
8523,1,A,1,202050802020,20210712,6,132
8524,2,A,0,202050802020,20210712,6,133
8525,1,A,0,202050802020,20210712,6,134
8526,2,A,0,202050802020,20210712,6,135
8527,1,A,0,202050802020,20210712,6,136
8528,2,A,0,202050802020,20210712,6,137
8529,5,C,0,202050802020,20210712,6,138
8530,6,C,0,202050802020,20210712,6,139
8531,5,C,0,202050802020,20210712,6,140
8532,6,C,1,202050802020,20210712,6,141
8533,5,C,1,202050802020,20210712,6,142
8534,6,C,1,202050802020,20210712,6,143
8535,5,C,0,202050802020,20210712,6,144
8536,6,C,0,202050802020,20210712,6,145
8537,5,C,0,202050802020,20210712,6,146
8538,6,C,0,202050802020,20210712,6,147
8539,5,C,0,202050802020,20210712,6,148
8540,6,C,0,202050802020,20210712,6,149
8541,5,C,0,202050802020,20210712,6,150
8542,6,C,0,202050802020,20210712,6,151
8543,5,C,0,202050802020,20210712,6,152
8544,6,C,0,202050802020,20210712,6,153
8545,5,C,0,202050802020,20210712,6,154
8546,6,C,0,202050802020,20210712,6,155
8547,5,C,0,202050802020,20210712,6,156
8548,6,C,0,202050802020,20210712,6,157
8549,5,C,1,202050802020,20210712,6,158
8550,6,C,1,202050802020,20210712,6,159
8551,5,C,0,202050802020,20210712,6,160
8552,6,C,0,202050802020,20210712,6,161
8553,5,C,0,202050802020,20210712,6,162
8554,6,C,0,202050802020,20210712,6,163
8555,5,C,0,202050802020,20210712,6,164
8556,4,B,0,202050802020,20210712,6,165
8557,3,B,1,202050802020,20210712,6,166
8558,4,B,1,202050802020,20210712,6,167
8559,3,B,0,202050802020,20210712,6,168
8560,4,B,1,202050802020,20210712,6,169
8561,3,B,1,202050802020,20210712,6,170
8562,4,B,0,202050802020,20210712,6,171
8563,3,B,1,202050802020,20210712,6,172
8564,4,B,1,202050802020,20210712,6,173
8565,3,B,0,202050802020,20210712,6,174
8566,4,B,1,202050802020,20210712,6,175
8567,3,B,0,202050802020,20210712,6,176
8568,4,B,1,202050802020,20210712,6,177
8569,3,B,0,202050802020,20210712,6,178
8570,4,B,1,202050802020,20210712,6,179
8571,3,B,1,802020202020,20210712,7,0
8572,4,B,0,802020202020,20210712,7,1
8573,3,B,0,802020202020,20210712,7,2
8574,4,B,0,802020202020,20210712,7,3
8575,5,C,0,802020202020,20210712,7,4
8576,6,C,0,802020202020,20210712,7,5
8577,5,C,0,802020202020,20210712,7,6
8578,6,C,0,802020202020,20210712,7,7
8579,5,C,0,802020202020,20210712,7,8
8580,2,A,0,802020202020,20210712,7,9
8581,1,A,1,802020202020,20210712,7,10
8582,2,A,0,802020202020,20210712,7,11
8583,1,A,1,802020202020,20210712,7,12
8584,2,A,0,802020202020,20210712,7,13
8585,1,A,1,802020202020,20210712,7,14
8586,2,A,1,802020202020,20210712,7,15
8587,1,A,1,802020202020,20210712,7,16
8588,2,A,0,802020202020,20210712,7,17
8589,1,A,1,802020202020,20210712,7,18
8590,2,A,0,802020202020,20210712,7,19
8591,1,A,1,802020202020,20210712,7,20
8592,2,A,1,802020202020,20210712,7,21
8593,1,A,0,802020202020,20210712,7,22
8594,2,A,1,802020202020,20210712,7,23
8595,1,A,1,802020202020,20210712,7,24
8596,2,A,1,802020202020,20210712,7,25
8597,1,A,1,802020202020,20210712,7,26
8598,2,A,0,802020202020,20210712,7,27
8599,1,A,1,802020202020,20210712,7,28
8600,2,A,0,802020202020,20210712,7,29
8601,1,A,0,802020202020,20210712,7,30
8602,2,A,0,802020202020,20210712,7,31
8603,1,A,1,802020202020,20210712,7,32
8604,2,A,0,802020202020,20210712,7,33
8605,1,A,1,802020202020,20210712,7,34
8606,2,A,1,802020202020,20210712,7,35
8607,1,A,0,802020202020,20210712,7,36
8608,2,A,0,802020202020,20210712,7,37
8609,1,A,1,802020202020,20210712,7,38
8610,2,A,0,802020202020,20210712,7,39
8611,1,A,1,802020202020,20210712,7,40
8612,2,A,0,802020202020,20210712,7,41
8613,1,A,1,802020202020,20210712,7,42
8614,2,A,0,802020202020,20210712,7,43
8615,1,A,1,802020202020,20210712,7,44
8616,2,A,0,802020202020,20210712,7,45
8617,1,A,1,802020202020,20210712,7,46
8618,2,A,0,802020202020,20210712,7,47
8619,1,A,1,802020202020,20210712,7,48
8620,2,A,0,802020202020,20210712,7,49
8621,1,A,1,802020202020,20210712,7,50
8622,2,A,0,802020202020,20210712,7,51
8623,1,A,0,802020202020,20210712,7,52
8624,2,A,0,802020202020,20210712,7,53
8625,1,A,1,802020202020,20210712,7,54
8626,2,A,0,802020202020,20210712,7,55
8627,1,A,1,802020202020,20210712,7,56
8628,2,A,0,802020202020,20210712,7,57
8629,1,A,1,802020202020,20210712,7,58
8630,2,A,1,802020202020,20210712,7,59
8631,1,A,1,202020808050,20210712,7,60
8632,2,A,0,202020808050,20210712,7,61
8633,1,A,0,202020808050,20210712,7,62
8634,2,A,0,202020808050,20210712,7,63
8635,1,A,0,202020808050,20210712,7,64
8636,2,A,0,202020808050,20210712,7,65
8637,1,A,0,202020808050,20210712,7,66
8638,2,A,0,202020808050,20210712,7,67
8639,1,A,0,202020808050,20210712,7,68
8640,3,B,0,202020808050,20210712,7,69
8641,4,B,1,202020808050,20210712,7,70
8642,3,B,0,202020808050,20210712,7,71
8643,4,B,0,202020808050,20210712,7,72
8644,3,B,1,202020808050,20210712,7,73
8645,4,B,1,202020808050,20210712,7,74
8646,3,B,0,202020808050,20210712,7,75
8647,4,B,1,202020808050,20210712,7,76
8648,3,B,0,202020808050,20210712,7,77
8649,4,B,1,202020808050,20210712,7,78
8650,3,B,0,202020808050,20210712,7,79
8651,4,B,1,202020808050,20210712,7,80
8652,3,B,0,202020808050,20210712,7,81
8653,4,B,1,202020808050,20210712,7,82
8654,3,B,0,202020808050,20210712,7,83
8655,4,B,1,202020808050,20210712,7,84
8656,3,B,0,202020808050,20210712,7,85
8657,4,B,1,202020808050,20210712,7,86
8658,3,B,0,202020808050,20210712,7,87
8659,4,B,0,202020808050,20210712,7,88
8660,3,B,0,202020808050,20210712,7,89
8661,4,B,1,202020808050,20210712,7,90
8662,3,B,0,202020808050,20210712,7,91
8663,4,B,1,202020808050,20210712,7,92
8664,3,B,0,202020808050,20210712,7,93
8665,4,B,0,202020808050,20210712,7,94
8666,3,B,0,202020808050,20210712,7,95
8667,4,B,1,202020808050,20210712,7,96
8668,5,C,1,202020808050,20210712,7,97
8669,6,C,1,202020808050,20210712,7,98
8670,5,C,1,202020808050,20210712,7,99
8671,6,C,1,202020808050,20210712,7,100
8672,5,C,1,202020808050,20210712,7,101
8673,6,C,0,202020808050,20210712,7,102
8674,5,C,1,202020808050,20210712,7,103
8675,6,C,1,202020808050,20210712,7,104
8676,5,C,1,202020808050,20210712,7,105
8677,6,C,0,202020808050,20210712,7,106
8678,5,C,1,202020808050,20210712,7,107
8679,6,C,0,202020808050,20210712,7,108
8680,5,C,1,202020808050,20210712,7,109
8681,6,C,0,202020808050,20210712,7,110
8682,5,C,1,202020808050,20210712,7,111
8683,6,C,1,202020808050,20210712,7,112
8684,5,C,0,202020808050,20210712,7,113
8685,6,C,1,202020808050,20210712,7,114
8686,5,C,1,202020808050,20210712,7,115
8687,6,C,0,202020808050,20210712,7,116
8688,5,C,1,202020808050,20210712,7,117
8689,6,C,1,202020808050,20210712,7,118
8690,5,C,1,202020808050,20210712,7,119
8691,6,C,0,502080202020,20210712,7,120
8692,5,C,1,502080202020,20210712,7,121
8693,6,C,0,502080202020,20210712,7,122
8694,5,C,0,502080202020,20210712,7,123
8695,6,C,0,502080202020,20210712,7,124
8696,5,C,0,502080202020,20210712,7,125
8697,6,C,1,502080202020,20210712,7,126
8698,5,C,0,502080202020,20210712,7,127
8699,6,C,0,502080202020,20210712,7,128
8700,5,C,0,502080202020,20210712,7,129
8701,6,C,0,502080202020,20210712,7,130
8702,5,C,0,502080202020,20210712,7,131
8703,6,C,0,502080202020,20210712,7,132
8704,5,C,0,502080202020,20210712,7,133
8705,2,A,0,502080202020,20210712,7,134
8706,1,A,1,502080202020,20210712,7,135
8707,2,A,0,502080202020,20210712,7,136
8708,1,A,0,502080202020,20210712,7,137
8709,2,A,1,502080202020,20210712,7,138
8710,1,A,0,502080202020,20210712,7,139
8711,2,A,1,502080202020,20210712,7,140
8712,1,A,0,502080202020,20210712,7,141
8713,2,A,0,502080202020,20210712,7,142
8714,1,A,0,502080202020,20210712,7,143
8715,2,A,1,502080202020,20210712,7,144
8716,1,A,0,502080202020,20210712,7,145
8717,2,A,0,502080202020,20210712,7,146
8718,1,A,0,502080202020,20210712,7,147
8719,2,A,0,502080202020,20210712,7,148
8720,4,B,0,502080202020,20210712,7,149
8721,3,B,1,502080202020,20210712,7,150
8722,4,B,0,502080202020,20210712,7,151
8723,3,B,1,502080202020,20210712,7,152
8724,4,B,0,502080202020,20210712,7,153
8725,3,B,1,502080202020,20210712,7,154
8726,4,B,0,502080202020,20210712,7,155
8727,3,B,1,502080202020,20210712,7,156
8728,4,B,0,502080202020,20210712,7,157
8729,3,B,1,502080202020,20210712,7,158
8730,4,B,0,502080202020,20210712,7,159
8731,3,B,1,502080202020,20210712,7,160
8732,4,B,0,502080202020,20210712,7,161
8733,3,B,1,502080202020,20210712,7,162
8734,4,B,0,502080202020,20210712,7,163
8735,3,B,0,502080202020,20210712,7,164
8736,4,B,0,502080202020,20210712,7,165
8737,3,B,0,502080202020,20210712,7,166
8738,4,B,0,502080202020,20210712,7,167
8739,3,B,1,502080202020,20210712,7,168
8740,5,C,0,502080202020,20210712,7,169
8741,6,C,0,502080202020,20210712,7,170
8742,5,C,0,502080202020,20210712,7,171
8743,6,C,1,502080202020,20210712,7,172
8744,5,C,0,502080202020,20210712,7,173
8745,6,C,0,502080202020,20210712,7,174
8746,5,C,1,502080202020,20210712,7,175
8747,6,C,0,502080202020,20210712,7,176
8748,5,C,0,502080202020,20210712,7,177
8749,6,C,1,502080202020,20210712,7,178
8750,5,C,0,502080202020,20210712,7,179
8751,4,B,1,205080502020,20210713,1,0
8752,3,B,1,205080502020,20210713,1,1
8753,4,B,0,205080502020,20210713,1,2
8754,2,A,0,205080502020,20210713,1,3
8755,1,A,0,205080502020,20210713,1,4
8756,2,A,0,205080502020,20210713,1,5
8757,1,A,1,205080502020,20210713,1,6
8758,2,A,1,205080502020,20210713,1,7
8759,1,A,0,205080502020,20210713,1,8
8760,2,A,1,205080502020,20210713,1,9
8761,1,A,0,205080502020,20210713,1,10
8762,2,A,1,205080502020,20210713,1,11
8763,1,A,0,205080502020,20210713,1,12
8764,2,A,0,205080502020,20210713,1,13
8765,5,C,0,205080502020,20210713,1,14
8766,6,C,0,205080502020,20210713,1,15
8767,5,C,1,205080502020,20210713,1,16
8768,6,C,0,205080502020,20210713,1,17
8769,5,C,1,205080502020,20210713,1,18
8770,6,C,0,205080502020,20210713,1,19
8771,5,C,0,205080502020,20210713,1,20
8772,2,A,1,205080502020,20210713,1,21
8773,1,A,0,205080502020,20210713,1,22
8774,2,A,1,205080502020,20210713,1,23
8775,1,A,0,205080502020,20210713,1,24
8776,2,A,0,205080502020,20210713,1,25
8777,3,B,1,205080502020,20210713,1,26
8778,4,B,1,205080502020,20210713,1,27
8779,3,B,1,205080502020,20210713,1,28
8780,4,B,0,205080502020,20210713,1,29
8781,3,B,1,205080502020,20210713,1,30
8782,4,B,0,205080502020,20210713,1,31
8783,3,B,1,205080502020,20210713,1,32
8784,4,B,1,205080502020,20210713,1,33
8785,3,B,1,205080502020,20210713,1,34
8786,4,B,0,205080502020,20210713,1,35
8787,3,B,0,205080502020,20210713,1,36
8788,4,B,0,205080502020,20210713,1,37
8789,3,B,1,205080502020,20210713,1,38
8790,4,B,1,205080502020,20210713,1,39
8791,3,B,1,205080502020,20210713,1,40
8792,4,B,0,205080502020,20210713,1,41
8793,3,B,1,205080502020,20210713,1,42
8794,4,B,1,205080502020,20210713,1,43
8795,3,B,0,205080502020,20210713,1,44
8796,4,B,0,205080502020,20210713,1,45
8797,3,B,0,205080502020,20210713,1,46
8798,4,B,0,205080502020,20210713,1,47
8799,5,C,0,205080502020,20210713,1,48
8800,6,C,0,205080502020,20210713,1,49
8801,5,C,0,205080502020,20210713,1,50
8802,6,C,0,205080502020,20210713,1,51
8803,5,C,1,205080502020,20210713,1,52
8804,6,C,1,205080502020,20210713,1,53
8805,5,C,0,205080502020,20210713,1,54
8806,6,C,1,205080502020,20210713,1,55
8807,5,C,0,205080502020,20210713,1,56
8808,6,C,0,205080502020,20210713,1,57
8809,5,C,1,205080502020,20210713,1,58
8810,6,C,0,205080502020,20210713,1,59
8811,5,C,1,502020202080,20210713,1,60
8812,6,C,1,502020202080,20210713,1,61
8813,5,C,0,502020202080,20210713,1,62
8814,6,C,1,502020202080,20210713,1,63
8815,5,C,0,502020202080,20210713,1,64
8816,6,C,1,502020202080,20210713,1,65
8817,5,C,0,502020202080,20210713,1,66
8818,6,C,1,502020202080,20210713,1,67
8819,5,C,0,502020202080,20210713,1,68
8820,6,C,0,502020202080,20210713,1,69
8821,5,C,1,502020202080,20210713,1,70
8822,6,C,1,502020202080,20210713,1,71
8823,5,C,0,502020202080,20210713,1,72
8824,6,C,1,502020202080,20210713,1,73
8825,5,C,0,502020202080,20210713,1,74
8826,6,C,1,502020202080,20210713,1,75
8827,5,C,1,502020202080,20210713,1,76
8828,6,C,0,502020202080,20210713,1,77
8829,5,C,0,502020202080,20210713,1,78
8830,6,C,1,502020202080,20210713,1,79
8831,5,C,0,502020202080,20210713,1,80
8832,6,C,1,502020202080,20210713,1,81
8833,5,C,0,502020202080,20210713,1,82
8834,6,C,1,502020202080,20210713,1,83
8835,5,C,1,502020202080,20210713,1,84
8836,6,C,1,502020202080,20210713,1,85
8837,5,C,0,502020202080,20210713,1,86
8838,6,C,0,502020202080,20210713,1,87
8839,5,C,1,502020202080,20210713,1,88
8840,6,C,1,502020202080,20210713,1,89
8841,5,C,0,502020202080,20210713,1,90
8842,6,C,1,502020202080,20210713,1,91
8843,5,C,0,502020202080,20210713,1,92
8844,6,C,0,502020202080,20210713,1,93
8845,5,C,1,502020202080,20210713,1,94
8846,6,C,1,502020202080,20210713,1,95
8847,5,C,0,502020202080,20210713,1,96
8848,6,C,0,502020202080,20210713,1,97
8849,5,C,0,502020202080,20210713,1,98
8850,6,C,0,502020202080,20210713,1,99
8851,5,C,0,502020202080,20210713,1,100
8852,2,A,1,502020202080,20210713,1,101
8853,1,A,1,502020202080,20210713,1,102
8854,2,A,1,502020202080,20210713,1,103
8855,1,A,1,502020202080,20210713,1,104
8856,2,A,1,502020202080,20210713,1,105
8857,1,A,1,502020202080,20210713,1,106
8858,2,A,0,502020202080,20210713,1,107
8859,1,A,1,502020202080,20210713,1,108
8860,2,A,0,502020202080,20210713,1,109
8861,1,A,0,502020202080,20210713,1,110
8862,2,A,1,502020202080,20210713,1,111
8863,1,A,1,502020202080,20210713,1,112
8864,2,A,0,502020202080,20210713,1,113
8865,1,A,1,502020202080,20210713,1,114
8866,2,A,0,502020202080,20210713,1,115
8867,1,A,0,502020202080,20210713,1,116
8868,2,A,0,502020202080,20210713,1,117
8869,1,A,1,502020202080,20210713,1,118
8870,2,A,0,502020202080,20210713,1,119
8871,1,A,0,202080202020,20210713,1,120
8872,2,A,0,202080202020,20210713,1,121
8873,4,B,1,202080202020,20210713,1,122
8874,3,B,1,202080202020,20210713,1,123
8875,4,B,0,202080202020,20210713,1,124
8876,3,B,1,202080202020,20210713,1,125
8877,4,B,0,202080202020,20210713,1,126
8878,3,B,1,202080202020,20210713,1,127
8879,4,B,0,202080202020,20210713,1,128
8880,3,B,0,202080202020,20210713,1,129
8881,4,B,0,202080202020,20210713,1,130
8882,3,B,1,202080202020,20210713,1,131
8883,4,B,0,202080202020,20210713,1,132
8884,3,B,1,202080202020,20210713,1,133
8885,4,B,0,202080202020,20210713,1,134
8886,3,B,0,202080202020,20210713,1,135
8887,4,B,0,202080202020,20210713,1,136
8888,3,B,1,202080202020,20210713,1,137
8889,5,C,0,202080202020,20210713,1,138
8890,6,C,0,202080202020,20210713,1,139
8891,5,C,0,202080202020,20210713,1,140
8892,6,C,0,202080202020,20210713,1,141
8893,5,C,0,202080202020,20210713,1,142
8894,6,C,1,202080202020,20210713,1,143
8895,5,C,0,202080202020,20210713,1,144
8896,6,C,0,202080202020,20210713,1,145
8897,5,C,1,202080202020,20210713,1,146
8898,6,C,0,202080202020,20210713,1,147
8899,5,C,0,202080202020,20210713,1,148
8900,6,C,0,202080202020,20210713,1,149
8901,5,C,0,202080202020,20210713,1,150
8902,6,C,0,202080202020,20210713,1,151
8903,5,C,0,202080202020,20210713,1,152
8904,1,A,0,202080202020,20210713,1,153
8905,2,A,0,202080202020,20210713,1,154
8906,1,A,0,202080202020,20210713,1,155
8907,2,A,0,202080202020,20210713,1,156
8908,1,A,0,202080202020,20210713,1,157
8909,2,A,0,202080202020,20210713,1,158
8910,1,A,0,202080202020,20210713,1,159
8911,2,A,0,202080202020,20210713,1,160
8912,4,B,0,202080202020,20210713,1,161
8913,3,B,0,202080202020,20210713,1,162
8914,4,B,0,202080202020,20210713,1,163
8915,3,B,0,202080202020,20210713,1,164
8916,4,B,1,202080202020,20210713,1,165
8917,3,B,1,202080202020,20210713,1,166
8918,4,B,0,202080202020,20210713,1,167
8919,3,B,1,202080202020,20210713,1,168
8920,4,B,0,202080202020,20210713,1,169
8921,3,B,1,202080202020,20210713,1,170
8922,4,B,0,202080202020,20210713,1,171
8923,3,B,1,202080202020,20210713,1,172
8924,4,B,0,202080202020,20210713,1,173
8925,3,B,1,202080202020,20210713,1,174
8926,4,B,0,202080202020,20210713,1,175
8927,3,B,1,202080202020,20210713,1,176
8928,4,B,0,202080202020,20210713,1,177
8929,3,B,0,202080202020,20210713,1,178
8930,4,B,1,202080202020,20210713,1,179
8931,3,B,1,508020205020,20210713,2,0
8932,4,B,0,508020205020,20210713,2,1
8933,3,B,0,508020205020,20210713,2,2
8934,4,B,0,508020205020,20210713,2,3
8935,5,C,1,508020205020,20210713,2,4
8936,6,C,0,508020205020,20210713,2,5
8937,5,C,0,508020205020,20210713,2,6
8938,6,C,0,508020205020,20210713,2,7
8939,5,C,0,508020205020,20210713,2,8
8940,2,A,1,508020205020,20210713,2,9
8941,1,A,1,508020205020,20210713,2,10
8942,2,A,1,508020205020,20210713,2,11
8943,1,A,1,508020205020,20210713,2,12
8944,2,A,1,508020205020,20210713,2,13
8945,1,A,0,508020205020,20210713,2,14
8946,2,A,0,508020205020,20210713,2,15
8947,1,A,0,508020205020,20210713,2,16
8948,2,A,1,508020205020,20210713,2,17
8949,1,A,0,508020205020,20210713,2,18
8950,2,A,0,508020205020,20210713,2,19
8951,1,A,1,508020205020,20210713,2,20
8952,2,A,1,508020205020,20210713,2,21
8953,1,A,0,508020205020,20210713,2,22
8954,2,A,1,508020205020,20210713,2,23
8955,1,A,0,508020205020,20210713,2,24
8956,2,A,1,508020205020,20210713,2,25
8957,1,A,1,508020205020,20210713,2,26
8958,2,A,1,508020205020,20210713,2,27
8959,1,A,1,508020205020,20210713,2,28
8960,2,A,0,508020205020,20210713,2,29
8961,1,A,0,508020205020,20210713,2,30
8962,2,A,1,508020205020,20210713,2,31
8963,1,A,1,508020205020,20210713,2,32
8964,2,A,0,508020205020,20210713,2,33
8965,1,A,1,508020205020,20210713,2,34
8966,2,A,1,508020205020,20210713,2,35
8967,1,A,0,508020205020,20210713,2,36
8968,2,A,1,508020205020,20210713,2,37
8969,1,A,1,508020205020,20210713,2,38
8970,2,A,1,508020205020,20210713,2,39
8971,1,A,0,508020205020,20210713,2,40
8972,2,A,1,508020205020,20210713,2,41
8973,1,A,1,508020205020,20210713,2,42
8974,2,A,0,508020205020,20210713,2,43
8975,1,A,0,508020205020,20210713,2,44
8976,2,A,1,508020205020,20210713,2,45
8977,1,A,0,508020205020,20210713,2,46
8978,2,A,1,508020205020,20210713,2,47
8979,1,A,0,508020205020,20210713,2,48
8980,2,A,1,508020205020,20210713,2,49
8981,1,A,1,508020205020,20210713,2,50
8982,2,A,1,508020205020,20210713,2,51
8983,1,A,0,508020205020,20210713,2,52
8984,2,A,0,508020205020,20210713,2,53
8985,1,A,1,508020205020,20210713,2,54
8986,2,A,1,508020205020,20210713,2,55
8987,1,A,1,508020205020,20210713,2,56
8988,2,A,0,508020205020,20210713,2,57
8989,1,A,0,508020205020,20210713,2,58
8990,2,A,1,508020205020,20210713,2,59
8991,1,A,0,202050802020,20210713,2,60
8992,2,A,0,202050802020,20210713,2,61
8993,1,A,0,202050802020,20210713,2,62
8994,2,A,0,202050802020,20210713,2,63
8995,5,C,0,202050802020,20210713,2,64
8996,6,C,0,202050802020,20210713,2,65
8997,5,C,0,202050802020,20210713,2,66
8998,6,C,0,202050802020,20210713,2,67
8999,5,C,0,202050802020,20210713,2,68
9000,2,A,0,202050802020,20210713,2,69
9001,1,A,0,202050802020,20210713,2,70
9002,2,A,1,202050802020,20210713,2,71
9003,1,A,0,202050802020,20210713,2,72
9004,2,A,0,202050802020,20210713,2,73
9005,1,A,0,202050802020,20210713,2,74
9006,2,A,0,202050802020,20210713,2,75
9007,3,B,1,202050802020,20210713,2,76
9008,4,B,1,202050802020,20210713,2,77
9009,3,B,1,202050802020,20210713,2,78
9010,4,B,1,202050802020,20210713,2,79
9011,3,B,1,202050802020,20210713,2,80
9012,4,B,1,202050802020,20210713,2,81
9013,3,B,0,202050802020,20210713,2,82
9014,4,B,1,202050802020,20210713,2,83
9015,3,B,1,202050802020,20210713,2,84
9016,4,B,1,202050802020,20210713,2,85
9017,3,B,0,202050802020,20210713,2,86
9018,4,B,1,202050802020,20210713,2,87
9019,3,B,1,202050802020,20210713,2,88
9020,4,B,1,202050802020,20210713,2,89
9021,3,B,1,202050802020,20210713,2,90
9022,4,B,0,202050802020,20210713,2,91
9023,3,B,0,202050802020,20210713,2,92
9024,4,B,1,202050802020,20210713,2,93
9025,3,B,0,202050802020,20210713,2,94
9026,4,B,0,202050802020,20210713,2,95
9027,3,B,0,202050802020,20210713,2,96
9028,4,B,1,202050802020,20210713,2,97
9029,3,B,0,202050802020,20210713,2,98
9030,4,B,1,202050802020,20210713,2,99
9031,3,B,1,202050802020,20210713,2,100
9032,4,B,0,202050802020,20210713,2,101
9033,3,B,0,202050802020,20210713,2,102
9034,4,B,1,202050802020,20210713,2,103
9035,3,B,1,202050802020,20210713,2,104
9036,4,B,1,202050802020,20210713,2,105
9037,3,B,0,202050802020,20210713,2,106
9038,4,B,1,202050802020,20210713,2,107
9039,3,B,0,202050802020,20210713,2,108
9040,4,B,1,202050802020,20210713,2,109
9041,3,B,0,202050802020,20210713,2,110
9042,4,B,1,202050802020,20210713,2,111
9043,3,B,1,202050802020,20210713,2,112
9044,4,B,1,202050802020,20210713,2,113
9045,3,B,0,202050802020,20210713,2,114
9046,4,B,1,202050802020,20210713,2,115
9047,3,B,1,202050802020,20210713,2,116
9048,4,B,1,202050802020,20210713,2,117
9049,3,B,0,202050802020,20210713,2,118
9050,4,B,0,202050802020,20210713,2,119
9051,3,B,1,205020208050,20210713,2,120
9052,4,B,0,205020208050,20210713,2,121
9053,3,B,1,205020208050,20210713,2,122
9054,4,B,0,205020208050,20210713,2,123
9055,3,B,0,205020208050,20210713,2,124
9056,4,B,0,205020208050,20210713,2,125
9057,3,B,0,205020208050,20210713,2,126
9058,4,B,0,205020208050,20210713,2,127
9059,3,B,0,205020208050,20210713,2,128
9060,4,B,0,205020208050,20210713,2,129
9061,3,B,1,205020208050,20210713,2,130
9062,4,B,0,205020208050,20210713,2,131
9063,3,B,0,205020208050,20210713,2,132
9064,2,A,0,205020208050,20210713,2,133
9065,1,A,1,205020208050,20210713,2,134
9066,2,A,1,205020208050,20210713,2,135
9067,1,A,0,205020208050,20210713,2,136
9068,2,A,0,205020208050,20210713,2,137
9069,1,A,0,205020208050,20210713,2,138
9070,2,A,1,205020208050,20210713,2,139
9071,1,A,0,205020208050,20210713,2,140
9072,2,A,0,205020208050,20210713,2,141
9073,1,A,1,205020208050,20210713,2,142
9074,2,A,0,205020208050,20210713,2,143
9075,1,A,0,205020208050,20210713,2,144
9076,2,A,0,205020208050,20210713,2,145
9077,1,A,0,205020208050,20210713,2,146
9078,2,A,0,205020208050,20210713,2,147
9079,1,A,0,205020208050,20210713,2,148
9080,2,A,0,205020208050,20210713,2,149
9081,4,B,0,205020208050,20210713,2,150
9082,3,B,0,205020208050,20210713,2,151
9083,4,B,1,205020208050,20210713,2,152
9084,3,B,1,205020208050,20210713,2,153
9085,4,B,0,205020208050,20210713,2,154
9086,3,B,0,205020208050,20210713,2,155
9087,4,B,0,205020208050,20210713,2,156
9088,3,B,0,205020208050,20210713,2,157
9089,6,C,1,205020208050,20210713,2,158
9090,5,C,1,205020208050,20210713,2,159
9091,6,C,0,205020208050,20210713,2,160
9092,5,C,1,205020208050,20210713,2,161
9093,6,C,1,205020208050,20210713,2,162
9094,5,C,0,205020208050,20210713,2,163
9095,6,C,0,205020208050,20210713,2,164
9096,5,C,0,205020208050,20210713,2,165
9097,6,C,0,205020208050,20210713,2,166
9098,5,C,1,205020208050,20210713,2,167
9099,6,C,0,205020208050,20210713,2,168
9100,5,C,1,205020208050,20210713,2,169
9101,6,C,0,205020208050,20210713,2,170
9102,5,C,1,205020208050,20210713,2,171
9103,6,C,1,205020208050,20210713,2,172
9104,5,C,1,205020208050,20210713,2,173
9105,6,C,0,205020208050,20210713,2,174
9106,5,C,1,205020208050,20210713,2,175
9107,6,C,1,205020208050,20210713,2,176
9108,5,C,0,205020208050,20210713,2,177
9109,6,C,0,205020208050,20210713,2,178
9110,5,C,1,205020208050,20210713,2,179
9111,3,B,0,802020202020,20210713,3,0
9112,1,A,0,802020202020,20210713,3,1
9113,2,A,0,802020202020,20210713,3,2
9114,1,A,1,802020202020,20210713,3,3
9115,2,A,0,802020202020,20210713,3,4
9116,1,A,1,802020202020,20210713,3,5
9117,2,A,0,802020202020,20210713,3,6
9118,1,A,0,802020202020,20210713,3,7
9119,2,A,0,802020202020,20210713,3,8
9120,1,A,1,802020202020,20210713,3,9
9121,2,A,0,802020202020,20210713,3,10
9122,5,C,0,802020202020,20210713,3,11
9123,6,C,0,802020202020,20210713,3,12
9124,5,C,0,802020202020,20210713,3,13
9125,6,C,0,802020202020,20210713,3,14
9126,5,C,0,802020202020,20210713,3,15
9127,1,A,1,802020202020,20210713,3,16
9128,2,A,0,802020202020,20210713,3,17
9129,1,A,1,802020202020,20210713,3,18
9130,2,A,0,802020202020,20210713,3,19
9131,1,A,0,802020202020,20210713,3,20
9132,2,A,0,802020202020,20210713,3,21
9133,1,A,1,802020202020,20210713,3,22
9134,2,A,1,802020202020,20210713,3,23
9135,1,A,1,802020202020,20210713,3,24
9136,2,A,0,802020202020,20210713,3,25
9137,1,A,1,802020202020,20210713,3,26
9138,2,A,0,802020202020,20210713,3,27
9139,1,A,1,802020202020,20210713,3,28
9140,2,A,1,802020202020,20210713,3,29
9141,1,A,1,802020202020,20210713,3,30
9142,2,A,0,802020202020,20210713,3,31
9143,1,A,1,802020202020,20210713,3,32
9144,2,A,0,802020202020,20210713,3,33
9145,1,A,1,802020202020,20210713,3,34
9146,2,A,1,802020202020,20210713,3,35
9147,1,A,1,802020202020,20210713,3,36
9148,2,A,1,802020202020,20210713,3,37
9149,1,A,1,802020202020,20210713,3,38
9150,2,A,0,802020202020,20210713,3,39
9151,1,A,1,802020202020,20210713,3,40
9152,2,A,1,802020202020,20210713,3,41
9153,1,A,1,802020202020,20210713,3,42
9154,2,A,0,802020202020,20210713,3,43
9155,1,A,1,802020202020,20210713,3,44
9156,2,A,0,802020202020,20210713,3,45
9157,1,A,1,802020202020,20210713,3,46
9158,2,A,0,802020202020,20210713,3,47
9159,1,A,0,802020202020,20210713,3,48
9160,2,A,0,802020202020,20210713,3,49
9161,1,A,1,802020202020,20210713,3,50
9162,2,A,1,802020202020,20210713,3,51
9163,1,A,1,802020202020,20210713,3,52
9164,2,A,1,802020202020,20210713,3,53
9165,1,A,1,802020202020,20210713,3,54
9166,2,A,0,802020202020,20210713,3,55
9167,1,A,0,802020202020,20210713,3,56
9168,2,A,0,802020202020,20210713,3,57
9169,1,A,1,802020202020,20210713,3,58
9170,2,A,0,802020202020,20210713,3,59
9171,1,A,0,202020805080,20210713,3,60
9172,2,A,0,202020805080,20210713,3,61
9173,1,A,0,202020805080,20210713,3,62
9174,3,B,0,202020805080,20210713,3,63
9175,4,B,1,202020805080,20210713,3,64
9176,3,B,0,202020805080,20210713,3,65
9177,4,B,1,202020805080,20210713,3,66
9178,3,B,0,202020805080,20210713,3,67
9179,4,B,0,202020805080,20210713,3,68
9180,3,B,1,202020805080,20210713,3,69
9181,4,B,1,202020805080,20210713,3,70
9182,3,B,1,202020805080,20210713,3,71
9183,4,B,0,202020805080,20210713,3,72
9184,3,B,0,202020805080,20210713,3,73
9185,4,B,1,202020805080,20210713,3,74
9186,3,B,1,202020805080,20210713,3,75
9187,4,B,1,202020805080,20210713,3,76
9188,3,B,1,202020805080,20210713,3,77
9189,4,B,1,202020805080,20210713,3,78
9190,3,B,0,202020805080,20210713,3,79
9191,4,B,1,202020805080,20210713,3,80
9192,3,B,0,202020805080,20210713,3,81
9193,4,B,0,202020805080,20210713,3,82
9194,3,B,0,202020805080,20210713,3,83
9195,4,B,1,202020805080,20210713,3,84
9196,3,B,0,202020805080,20210713,3,85
9197,4,B,1,202020805080,20210713,3,86
9198,3,B,0,202020805080,20210713,3,87
9199,4,B,1,202020805080,20210713,3,88
9200,3,B,0,202020805080,20210713,3,89
9201,4,B,1,202020805080,20210713,3,90
9202,3,B,0,202020805080,20210713,3,91
9203,4,B,1,202020805080,20210713,3,92
9204,3,B,0,202020805080,20210713,3,93
9205,4,B,0,202020805080,20210713,3,94
9206,3,B,0,202020805080,20210713,3,95
9207,4,B,0,202020805080,20210713,3,96
9208,3,B,0,202020805080,20210713,3,97
9209,4,B,1,202020805080,20210713,3,98
9210,1,A,0,202020805080,20210713,3,99
9211,2,A,1,202020805080,20210713,3,100
9212,1,A,0,202020805080,20210713,3,101
9213,2,A,1,202020805080,20210713,3,102
9214,1,A,0,202020805080,20210713,3,103
9215,2,A,0,202020805080,20210713,3,104
9216,1,A,0,202020805080,20210713,3,105
9217,2,A,0,202020805080,20210713,3,106
9218,1,A,0,202020805080,20210713,3,107
9219,2,A,0,202020805080,20210713,3,108
9220,1,A,0,202020805080,20210713,3,109
9221,2,A,1,202020805080,20210713,3,110
9222,1,A,0,202020805080,20210713,3,111
9223,2,A,0,202020805080,20210713,3,112
9224,1,A,1,202020805080,20210713,3,113
9225,2,A,0,202020805080,20210713,3,114
9226,1,A,0,202020805080,20210713,3,115
9227,2,A,1,202020805080,20210713,3,116
9228,1,A,1,202020805080,20210713,3,117
9229,2,A,0,202020805080,20210713,3,118
9230,1,A,0,202020805080,20210713,3,119
9231,2,A,1,508050502020,20210713,3,120
9232,1,A,1,508050502020,20210713,3,121
9233,2,A,1,508050502020,20210713,3,122
9234,1,A,0,508050502020,20210713,3,123
9235,2,A,1,508050502020,20210713,3,124
9236,1,A,0,508050502020,20210713,3,125
9237,2,A,0,508050502020,20210713,3,126
9238,1,A,0,508050502020,20210713,3,127
9239,2,A,0,508050502020,20210713,3,128
9240,1,A,1,508050502020,20210713,3,129
9241,2,A,1,508050502020,20210713,3,130
9242,1,A,1,508050502020,20210713,3,131
9243,2,A,1,508050502020,20210713,3,132
9244,1,A,1,508050502020,20210713,3,133
9245,2,A,1,508050502020,20210713,3,134
9246,1,A,1,508050502020,20210713,3,135
9247,2,A,1,508050502020,20210713,3,136
9248,1,A,0,508050502020,20210713,3,137
9249,2,A,1,508050502020,20210713,3,138
9250,1,A,0,508050502020,20210713,3,139
9251,2,A,1,508050502020,20210713,3,140
9252,1,A,0,508050502020,20210713,3,141
9253,2,A,1,508050502020,20210713,3,142
9254,1,A,0,508050502020,20210713,3,143
9255,2,A,1,508050502020,20210713,3,144
9256,1,A,0,508050502020,20210713,3,145
9257,2,A,1,508050502020,20210713,3,146
9258,1,A,0,508050502020,20210713,3,147
9259,2,A,0,508050502020,20210713,3,148
9260,1,A,1,508050502020,20210713,3,149
9261,2,A,1,508050502020,20210713,3,150
9262,1,A,0,508050502020,20210713,3,151
9263,2,A,1,508050502020,20210713,3,152
9264,1,A,0,508050502020,20210713,3,153
9265,2,A,1,508050502020,20210713,3,154
9266,1,A,1,508050502020,20210713,3,155
9267,2,A,1,508050502020,20210713,3,156
9268,1,A,1,508050502020,20210713,3,157
9269,2,A,1,508050502020,20210713,3,158
9270,1,A,1,508050502020,20210713,3,159
9271,2,A,1,508050502020,20210713,3,160
9272,1,A,0,508050502020,20210713,3,161
9273,2,A,1,508050502020,20210713,3,162
9274,1,A,1,508050502020,20210713,3,163
9275,2,A,0,508050502020,20210713,3,164
9276,1,A,0,508050502020,20210713,3,165
9277,2,A,1,508050502020,20210713,3,166
9278,1,A,1,508050502020,20210713,3,167
9279,2,A,0,508050502020,20210713,3,168
9280,1,A,0,508050502020,20210713,3,169
9281,2,A,1,508050502020,20210713,3,170
9282,1,A,1,508050502020,20210713,3,171
9283,2,A,1,508050502020,20210713,3,172
9284,1,A,0,508050502020,20210713,3,173
9285,2,A,1,508050502020,20210713,3,174
9286,1,A,0,508050502020,20210713,3,175
9287,2,A,1,508050502020,20210713,3,176
9288,1,A,0,508050502020,20210713,3,177
9289,2,A,0,508050502020,20210713,3,178
9290,1,A,1,508050502020,20210713,3,179
9291,3,B,1,208080502020,20210713,4,0
9292,4,B,0,208080502020,20210713,4,1
9293,5,C,0,208080502020,20210713,4,2
9294,6,C,1,208080502020,20210713,4,3
9295,5,C,0,208080502020,20210713,4,4
9296,6,C,0,208080502020,20210713,4,5
9297,5,C,0,208080502020,20210713,4,6
9298,6,C,0,208080502020,20210713,4,7
9299,5,C,0,208080502020,20210713,4,8
9300,2,A,1,208080502020,20210713,4,9
9301,1,A,0,208080502020,20210713,4,10
9302,2,A,1,208080502020,20210713,4,11
9303,1,A,0,208080502020,20210713,4,12
9304,2,A,1,208080502020,20210713,4,13
9305,1,A,0,208080502020,20210713,4,14
9306,2,A,1,208080502020,20210713,4,15
9307,1,A,0,208080502020,20210713,4,16
9308,2,A,0,208080502020,20210713,4,17
9309,1,A,0,208080502020,20210713,4,18
9310,2,A,1,208080502020,20210713,4,19
9311,1,A,1,208080502020,20210713,4,20
9312,2,A,1,208080502020,20210713,4,21
9313,1,A,0,208080502020,20210713,4,22
9314,2,A,0,208080502020,20210713,4,23
9315,1,A,1,208080502020,20210713,4,24
9316,2,A,1,208080502020,20210713,4,25
9317,1,A,0,208080502020,20210713,4,26
9318,2,A,1,208080502020,20210713,4,27
9319,1,A,0,208080502020,20210713,4,28
9320,2,A,1,208080502020,20210713,4,29
9321,1,A,0,208080502020,20210713,4,30
9322,2,A,1,208080502020,20210713,4,31
9323,1,A,0,208080502020,20210713,4,32
9324,2,A,1,208080502020,20210713,4,33
9325,1,A,0,208080502020,20210713,4,34
9326,2,A,1,208080502020,20210713,4,35
9327,1,A,0,208080502020,20210713,4,36
9328,2,A,0,208080502020,20210713,4,37
9329,1,A,0,208080502020,20210713,4,38
9330,2,A,1,208080502020,20210713,4,39
9331,1,A,0,208080502020,20210713,4,40
9332,2,A,1,208080502020,20210713,4,41
9333,1,A,0,208080502020,20210713,4,42
9334,2,A,1,208080502020,20210713,4,43
9335,1,A,0,208080502020,20210713,4,44
9336,2,A,0,208080502020,20210713,4,45
9337,3,B,1,208080502020,20210713,4,46
9338,4,B,0,208080502020,20210713,4,47
9339,3,B,1,208080502020,20210713,4,48
9340,4,B,1,208080502020,20210713,4,49
9341,3,B,1,208080502020,20210713,4,50
9342,4,B,1,208080502020,20210713,4,51
9343,3,B,1,208080502020,20210713,4,52
9344,4,B,1,208080502020,20210713,4,53
9345,3,B,0,208080502020,20210713,4,54
9346,4,B,1,208080502020,20210713,4,55
9347,3,B,1,208080502020,20210713,4,56
9348,4,B,0,208080502020,20210713,4,57
9349,3,B,1,208080502020,20210713,4,58
9350,4,B,0,208080502020,20210713,4,59
9351,3,B,0,802020202020,20210713,4,60
9352,4,B,0,802020202020,20210713,4,61
9353,3,B,0,802020202020,20210713,4,62
9354,4,B,0,802020202020,20210713,4,63
9355,3,B,0,802020202020,20210713,4,64
9356,4,B,0,802020202020,20210713,4,65
9357,5,C,0,802020202020,20210713,4,66
9358,6,C,0,802020202020,20210713,4,67
9359,5,C,0,802020202020,20210713,4,68
9360,6,C,1,802020202020,20210713,4,69
9361,5,C,1,802020202020,20210713,4,70
9362,6,C,0,802020202020,20210713,4,71
9363,5,C,0,802020202020,20210713,4,72
9364,6,C,0,802020202020,20210713,4,73
9365,5,C,0,802020202020,20210713,4,74
9366,6,C,1,802020202020,20210713,4,75
9367,5,C,0,802020202020,20210713,4,76
9368,6,C,0,802020202020,20210713,4,77
9369,5,C,0,802020202020,20210713,4,78
9370,6,C,0,802020202020,20210713,4,79
9371,5,C,0,802020202020,20210713,4,80
9372,2,A,1,802020202020,20210713,4,81
9373,1,A,1,802020202020,20210713,4,82
9374,2,A,0,802020202020,20210713,4,83
9375,1,A,0,802020202020,20210713,4,84
9376,2,A,1,802020202020,20210713,4,85
9377,1,A,1,802020202020,20210713,4,86
9378,2,A,0,802020202020,20210713,4,87
9379,1,A,0,802020202020,20210713,4,88
9380,2,A,0,802020202020,20210713,4,89
9381,1,A,1,802020202020,20210713,4,90
9382,2,A,0,802020202020,20210713,4,91
9383,1,A,1,802020202020,20210713,4,92
9384,2,A,0,802020202020,20210713,4,93
9385,1,A,1,802020202020,20210713,4,94
9386,2,A,0,802020202020,20210713,4,95
9387,1,A,1,802020202020,20210713,4,96
9388,2,A,0,802020202020,20210713,4,97
9389,1,A,0,802020202020,20210713,4,98
9390,2,A,1,802020202020,20210713,4,99
9391,1,A,1,802020202020,20210713,4,100
9392,2,A,1,802020202020,20210713,4,101
9393,1,A,1,802020202020,20210713,4,102
9394,2,A,1,802020202020,20210713,4,103
9395,1,A,1,802020202020,20210713,4,104
9396,2,A,0,802020202020,20210713,4,105
9397,1,A,1,802020202020,20210713,4,106
9398,2,A,0,802020202020,20210713,4,107
9399,1,A,1,802020202020,20210713,4,108
9400,2,A,0,802020202020,20210713,4,109
9401,1,A,1,802020202020,20210713,4,110
9402,2,A,0,802020202020,20210713,4,111
9403,1,A,1,802020202020,20210713,4,112
9404,2,A,0,802020202020,20210713,4,113
9405,1,A,1,802020202020,20210713,4,114
9406,2,A,0,802020202020,20210713,4,115
9407,1,A,1,802020202020,20210713,4,116
9408,2,A,0,802020202020,20210713,4,117
9409,1,A,1,802020202020,20210713,4,118
9410,2,A,1,802020202020,20210713,4,119
9411,1,A,0,202080202050,20210713,4,120
9412,2,A,0,202080202050,20210713,4,121
9413,1,A,0,202080202050,20210713,4,122
9414,2,A,0,202080202050,20210713,4,123
9415,1,A,0,202080202050,20210713,4,124
9416,2,A,0,202080202050,20210713,4,125
9417,1,A,0,202080202050,20210713,4,126
9418,2,A,0,202080202050,20210713,4,127
9419,1,A,0,202080202050,20210713,4,128
9420,2,A,1,202080202050,20210713,4,129
9421,1,A,0,202080202050,20210713,4,130
9422,2,A,0,202080202050,20210713,4,131
9423,1,A,0,202080202050,20210713,4,132
9424,2,A,0,202080202050,20210713,4,133
9425,1,A,0,202080202050,20210713,4,134
9426,2,A,0,202080202050,20210713,4,135
9427,4,B,0,202080202050,20210713,4,136
9428,3,B,1,202080202050,20210713,4,137
9429,4,B,0,202080202050,20210713,4,138
9430,3,B,1,202080202050,20210713,4,139
9431,4,B,0,202080202050,20210713,4,140
9432,3,B,1,202080202050,20210713,4,141
9433,4,B,1,202080202050,20210713,4,142
9434,3,B,1,202080202050,20210713,4,143
9435,4,B,0,202080202050,20210713,4,144
9436,3,B,1,202080202050,20210713,4,145
9437,4,B,1,202080202050,20210713,4,146
9438,3,B,1,202080202050,20210713,4,147
9439,4,B,0,202080202050,20210713,4,148
9440,3,B,1,202080202050,20210713,4,149
9441,4,B,0,202080202050,20210713,4,150
9442,3,B,0,202080202050,20210713,4,151
9443,4,B,1,202080202050,20210713,4,152
9444,3,B,0,202080202050,20210713,4,153
9445,4,B,0,202080202050,20210713,4,154
9446,3,B,1,202080202050,20210713,4,155
9447,4,B,0,202080202050,20210713,4,156
9448,3,B,1,202080202050,20210713,4,157
9449,4,B,0,202080202050,20210713,4,158
9450,3,B,1,202080202050,20210713,4,159
9451,4,B,0,202080202050,20210713,4,160
9452,3,B,1,202080202050,20210713,4,161
9453,4,B,0,202080202050,20210713,4,162
9454,3,B,1,202080202050,20210713,4,163
9455,4,B,1,202080202050,20210713,4,164
9456,3,B,1,202080202050,20210713,4,165
9457,4,B,0,202080202050,20210713,4,166
9458,3,B,1,202080202050,20210713,4,167
9459,4,B,0,202080202050,20210713,4,168
9460,3,B,1,202080202050,20210713,4,169
9461,4,B,1,202080202050,20210713,4,170
9462,3,B,1,202080202050,20210713,4,171
9463,4,B,0,202080202050,20210713,4,172
9464,3,B,0,202080202050,20210713,4,173
9465,4,B,0,202080202050,20210713,4,174
9466,3,B,1,202080202050,20210713,4,175
9467,4,B,0,202080202050,20210713,4,176
9468,3,B,0,202080202050,20210713,4,177
9469,4,B,0,202080202050,20210713,4,178
9470,3,B,1,202080202050,20210713,4,179
9471,1,A,0,202020502080,20210713,5,0
9472,2,A,0,202020502080,20210713,5,1
9473,1,A,0,202020502080,20210713,5,2
9474,2,A,0,202020502080,20210713,5,3
9475,5,C,0,202020502080,20210713,5,4
9476,6,C,1,202020502080,20210713,5,5
9477,5,C,0,202020502080,20210713,5,6
9478,6,C,1,202020502080,20210713,5,7
9479,2,A,0,202020502080,20210713,5,8
9480,1,A,0,202020502080,20210713,5,9
9481,2,A,1,202020502080,20210713,5,10
9482,4,B,0,202020502080,20210713,5,11
9483,3,B,0,202020502080,20210713,5,12
9484,4,B,1,202020502080,20210713,5,13
9485,3,B,1,202020502080,20210713,5,14
9486,4,B,0,202020502080,20210713,5,15
9487,3,B,0,202020502080,20210713,5,16
9488,4,B,0,202020502080,20210713,5,17
9489,3,B,0,202020502080,20210713,5,18
9490,1,A,0,202020502080,20210713,5,19
9491,2,A,0,202020502080,20210713,5,20
9492,1,A,0,202020502080,20210713,5,21
9493,2,A,0,202020502080,20210713,5,22
9494,1,A,0,202020502080,20210713,5,23
9495,2,A,0,202020502080,20210713,5,24
9496,5,C,0,202020502080,20210713,5,25
9497,6,C,1,202020502080,20210713,5,26
9498,5,C,0,202020502080,20210713,5,27
9499,6,C,1,202020502080,20210713,5,28
9500,5,C,0,202020502080,20210713,5,29
9501,6,C,0,202020502080,20210713,5,30
9502,5,C,0,202020502080,20210713,5,31
9503,6,C,1,202020502080,20210713,5,32
9504,5,C,0,202020502080,20210713,5,33
9505,6,C,0,202020502080,20210713,5,34
9506,5,C,1,202020502080,20210713,5,35
9507,6,C,1,202020502080,20210713,5,36
9508,5,C,0,202020502080,20210713,5,37
9509,6,C,1,202020502080,20210713,5,38
9510,5,C,0,202020502080,20210713,5,39
9511,6,C,1,202020502080,20210713,5,40
9512,5,C,0,202020502080,20210713,5,41
9513,6,C,0,202020502080,20210713,5,42
9514,5,C,0,202020502080,20210713,5,43
9515,6,C,0,202020502080,20210713,5,44
9516,5,C,0,202020502080,20210713,5,45
9517,6,C,1,202020502080,20210713,5,46
9518,5,C,0,202020502080,20210713,5,47
9519,6,C,1,202020502080,20210713,5,48
9520,5,C,0,202020502080,20210713,5,49
9521,6,C,1,202020502080,20210713,5,50
9522,5,C,0,202020502080,20210713,5,51
9523,6,C,1,202020502080,20210713,5,52
9524,5,C,0,202020502080,20210713,5,53
9525,6,C,0,202020502080,20210713,5,54
9526,5,C,0,202020502080,20210713,5,55
9527,6,C,1,202020502080,20210713,5,56
9528,2,A,1,202020502080,20210713,5,57
9529,1,A,0,202020502080,20210713,5,58
9530,2,A,1,202020502080,20210713,5,59
9531,1,A,1,802050802020,20210713,5,60
9532,2,A,0,802050802020,20210713,5,61
9533,1,A,1,802050802020,20210713,5,62
9534,2,A,0,802050802020,20210713,5,63
9535,1,A,1,802050802020,20210713,5,64
9536,2,A,0,802050802020,20210713,5,65
9537,1,A,0,802050802020,20210713,5,66
9538,2,A,0,802050802020,20210713,5,67
9539,1,A,1,802050802020,20210713,5,68
9540,2,A,0,802050802020,20210713,5,69
9541,1,A,1,802050802020,20210713,5,70
9542,2,A,1,802050802020,20210713,5,71
9543,1,A,1,802050802020,20210713,5,72
9544,2,A,0,802050802020,20210713,5,73
9545,1,A,1,802050802020,20210713,5,74
9546,2,A,0,802050802020,20210713,5,75
9547,1,A,1,802050802020,20210713,5,76
9548,2,A,1,802050802020,20210713,5,77
9549,1,A,1,802050802020,20210713,5,78
9550,2,A,0,802050802020,20210713,5,79
9551,1,A,1,802050802020,20210713,5,80
9552,2,A,0,802050802020,20210713,5,81
9553,1,A,1,802050802020,20210713,5,82
9554,2,A,0,802050802020,20210713,5,83
9555,1,A,1,802050802020,20210713,5,84
9556,2,A,1,802050802020,20210713,5,85
9557,1,A,1,802050802020,20210713,5,86
9558,2,A,0,802050802020,20210713,5,87
9559,1,A,1,802050802020,20210713,5,88
9560,2,A,0,802050802020,20210713,5,89
9561,1,A,0,802050802020,20210713,5,90
9562,2,A,0,802050802020,20210713,5,91
9563,1,A,0,802050802020,20210713,5,92
9564,2,A,0,802050802020,20210713,5,93
9565,4,B,1,802050802020,20210713,5,94
9566,3,B,1,802050802020,20210713,5,95
9567,4,B,1,802050802020,20210713,5,96
9568,3,B,0,802050802020,20210713,5,97
9569,4,B,1,802050802020,20210713,5,98
9570,3,B,1,802050802020,20210713,5,99
9571,4,B,1,802050802020,20210713,5,100
9572,3,B,0,802050802020,20210713,5,101
9573,4,B,1,802050802020,20210713,5,102
9574,3,B,0,802050802020,20210713,5,103
9575,4,B,1,802050802020,20210713,5,104
9576,3,B,1,802050802020,20210713,5,105
9577,4,B,1,802050802020,20210713,5,106
9578,3,B,1,802050802020,20210713,5,107
9579,4,B,1,802050802020,20210713,5,108
9580,3,B,1,802050802020,20210713,5,109
9581,4,B,1,802050802020,20210713,5,110
9582,3,B,0,802050802020,20210713,5,111
9583,4,B,1,802050802020,20210713,5,112
9584,3,B,0,802050802020,20210713,5,113
9585,4,B,1,802050802020,20210713,5,114
9586,3,B,1,802050802020,20210713,5,115
9587,4,B,1,802050802020,20210713,5,116
9588,3,B,1,802050802020,20210713,5,117
9589,4,B,0,802050802020,20210713,5,118
9590,3,B,1,802050802020,20210713,5,119
9591,4,B,0,208050202020,20210713,5,120
9592,3,B,0,208050202020,20210713,5,121
9593,4,B,0,208050202020,20210713,5,122
9594,3,B,0,208050202020,20210713,5,123
9595,5,C,0,208050202020,20210713,5,124
9596,6,C,0,208050202020,20210713,5,125
9597,5,C,1,208050202020,20210713,5,126
9598,6,C,1,208050202020,20210713,5,127
9599,5,C,0,208050202020,20210713,5,128
9600,6,C,0,208050202020,20210713,5,129
9601,5,C,0,208050202020,20210713,5,130
9602,6,C,0,208050202020,20210713,5,131
9603,5,C,1,208050202020,20210713,5,132
9604,6,C,0,208050202020,20210713,5,133
9605,5,C,0,208050202020,20210713,5,134
9606,6,C,0,208050202020,20210713,5,135
9607,5,C,1,208050202020,20210713,5,136
9608,6,C,1,208050202020,20210713,5,137
9609,5,C,0,208050202020,20210713,5,138
9610,6,C,0,208050202020,20210713,5,139
9611,5,C,0,208050202020,20210713,5,140
9612,6,C,1,208050202020,20210713,5,141
9613,5,C,0,208050202020,20210713,5,142
9614,6,C,0,208050202020,20210713,5,143
9615,5,C,1,208050202020,20210713,5,144
9616,6,C,1,208050202020,20210713,5,145
9617,5,C,0,208050202020,20210713,5,146
9618,6,C,0,208050202020,20210713,5,147
9619,5,C,0,208050202020,20210713,5,148
9620,6,C,1,208050202020,20210713,5,149
9621,5,C,0,208050202020,20210713,5,150
9622,6,C,0,208050202020,20210713,5,151
9623,5,C,0,208050202020,20210713,5,152
9624,6,C,1,208050202020,20210713,5,153
9625,5,C,1,208050202020,20210713,5,154
9626,6,C,0,208050202020,20210713,5,155
9627,5,C,0,208050202020,20210713,5,156
9628,6,C,0,208050202020,20210713,5,157
9629,5,C,0,208050202020,20210713,5,158
9630,6,C,1,208050202020,20210713,5,159
9631,5,C,0,208050202020,20210713,5,160
9632,6,C,0,208050202020,20210713,5,161
9633,5,C,0,208050202020,20210713,5,162
9634,2,A,1,208050202020,20210713,5,163
9635,1,A,0,208050202020,20210713,5,164
9636,2,A,1,208050202020,20210713,5,165
9637,1,A,0,208050202020,20210713,5,166
9638,2,A,1,208050202020,20210713,5,167
9639,1,A,0,208050202020,20210713,5,168
9640,2,A,1,208050202020,20210713,5,169
9641,1,A,0,208050202020,20210713,5,170
9642,2,A,1,208050202020,20210713,5,171
9643,1,A,0,208050202020,20210713,5,172
9644,2,A,0,208050202020,20210713,5,173
9645,1,A,0,208050202020,20210713,5,174
9646,2,A,1,208050202020,20210713,5,175
9647,1,A,0,208050202020,20210713,5,176
9648,2,A,0,208050202020,20210713,5,177
9649,1,A,0,208050202020,20210713,5,178
9650,2,A,1,208050202020,20210713,5,179
9651,3,B,0,205020802020,20210713,6,0
9652,4,B,0,205020802020,20210713,6,1
9653,5,C,1,205020802020,20210713,6,2
9654,6,C,0,205020802020,20210713,6,3
9655,5,C,0,205020802020,20210713,6,4
9656,6,C,0,205020802020,20210713,6,5
9657,2,A,0,205020802020,20210713,6,6
9658,1,A,0,205020802020,20210713,6,7
9659,2,A,1,205020802020,20210713,6,8
9660,1,A,0,205020802020,20210713,6,9
9661,2,A,0,205020802020,20210713,6,10
9662,4,B,1,205020802020,20210713,6,11
9663,3,B,0,205020802020,20210713,6,12
9664,4,B,0,205020802020,20210713,6,13
9665,3,B,0,205020802020,20210713,6,14
9666,4,B,1,205020802020,20210713,6,15
9667,3,B,0,205020802020,20210713,6,16
9668,4,B,1,205020802020,20210713,6,17
9669,3,B,0,205020802020,20210713,6,18
9670,4,B,1,205020802020,20210713,6,19
9671,3,B,0,205020802020,20210713,6,20
9672,4,B,1,205020802020,20210713,6,21
9673,3,B,0,205020802020,20210713,6,22
9674,4,B,1,205020802020,20210713,6,23
9675,3,B,0,205020802020,20210713,6,24
9676,4,B,1,205020802020,20210713,6,25
9677,2,A,0,205020802020,20210713,6,26
9678,1,A,0,205020802020,20210713,6,27
9679,2,A,0,205020802020,20210713,6,28
9680,1,A,0,205020802020,20210713,6,29
9681,2,A,0,205020802020,20210713,6,30
9682,1,A,0,205020802020,20210713,6,31
9683,2,A,1,205020802020,20210713,6,32
9684,1,A,1,205020802020,20210713,6,33
9685,2,A,0,205020802020,20210713,6,34
9686,1,A,0,205020802020,20210713,6,35
9687,2,A,0,205020802020,20210713,6,36
9688,1,A,0,205020802020,20210713,6,37
9689,2,A,0,205020802020,20210713,6,38
9690,5,C,0,205020802020,20210713,6,39
9691,6,C,0,205020802020,20210713,6,40
9692,5,C,1,205020802020,20210713,6,41
9693,6,C,0,205020802020,20210713,6,42
9694,5,C,0,205020802020,20210713,6,43
9695,6,C,0,205020802020,20210713,6,44
9696,5,C,0,205020802020,20210713,6,45
9697,6,C,0,205020802020,20210713,6,46
9698,5,C,1,205020802020,20210713,6,47
9699,6,C,0,205020802020,20210713,6,48
9700,5,C,0,205020802020,20210713,6,49
9701,6,C,0,205020802020,20210713,6,50
9702,5,C,0,205020802020,20210713,6,51
9703,3,B,0,205020802020,20210713,6,52
9704,4,B,1,205020802020,20210713,6,53
9705,3,B,0,205020802020,20210713,6,54
9706,4,B,1,205020802020,20210713,6,55
9707,3,B,0,205020802020,20210713,6,56
9708,4,B,1,205020802020,20210713,6,57
9709,3,B,0,205020802020,20210713,6,58
9710,4,B,1,205020802020,20210713,6,59
9711,3,B,1,805050202020,20210713,6,60
9712,4,B,1,805050202020,20210713,6,61
9713,3,B,1,805050202020,20210713,6,62
9714,4,B,0,805050202020,20210713,6,63
9715,3,B,1,805050202020,20210713,6,64
9716,4,B,0,805050202020,20210713,6,65
9717,3,B,1,805050202020,20210713,6,66
9718,4,B,0,805050202020,20210713,6,67
9719,3,B,1,805050202020,20210713,6,68
9720,4,B,0,805050202020,20210713,6,69
9721,3,B,0,805050202020,20210713,6,70
9722,4,B,0,805050202020,20210713,6,71
9723,3,B,0,805050202020,20210713,6,72
9724,4,B,1,805050202020,20210713,6,73
9725,3,B,0,805050202020,20210713,6,74
9726,4,B,0,805050202020,20210713,6,75
9727,3,B,0,805050202020,20210713,6,76
9728,4,B,1,805050202020,20210713,6,77
9729,3,B,1,805050202020,20210713,6,78
9730,4,B,0,805050202020,20210713,6,79
9731,3,B,1,805050202020,20210713,6,80
9732,4,B,0,805050202020,20210713,6,81
9733,3,B,0,805050202020,20210713,6,82
9734,4,B,0,805050202020,20210713,6,83
9735,3,B,1,805050202020,20210713,6,84
9736,4,B,0,805050202020,20210713,6,85
9737,3,B,1,805050202020,20210713,6,86
9738,4,B,0,805050202020,20210713,6,87
9739,3,B,1,805050202020,20210713,6,88
9740,4,B,0,805050202020,20210713,6,89
9741,3,B,1,805050202020,20210713,6,90
9742,4,B,0,805050202020,20210713,6,91
9743,3,B,1,805050202020,20210713,6,92
9744,4,B,0,805050202020,20210713,6,93
9745,3,B,1,805050202020,20210713,6,94
9746,4,B,0,805050202020,20210713,6,95
9747,3,B,1,805050202020,20210713,6,96
9748,4,B,0,805050202020,20210713,6,97
9749,3,B,1,805050202020,20210713,6,98
9750,4,B,1,805050202020,20210713,6,99
9751,3,B,1,805050202020,20210713,6,100
9752,4,B,1,805050202020,20210713,6,101
9753,3,B,1,805050202020,20210713,6,102
9754,4,B,0,805050202020,20210713,6,103
9755,3,B,1,805050202020,20210713,6,104
9756,4,B,0,805050202020,20210713,6,105
9757,3,B,0,805050202020,20210713,6,106
9758,4,B,0,805050202020,20210713,6,107
9759,3,B,0,805050202020,20210713,6,108
9760,4,B,0,805050202020,20210713,6,109
9761,3,B,1,805050202020,20210713,6,110
9762,4,B,0,805050202020,20210713,6,111
9763,3,B,0,805050202020,20210713,6,112
9764,4,B,0,805050202020,20210713,6,113
9765,3,B,1,805050202020,20210713,6,114
9766,4,B,0,805050202020,20210713,6,115
9767,3,B,1,805050202020,20210713,6,116
9768,4,B,0,805050202020,20210713,6,117
9769,3,B,0,805050202020,20210713,6,118
9770,4,B,0,805050202020,20210713,6,119
9771,3,B,0,202020208020,20210713,6,120
9772,4,B,1,202020208020,20210713,6,121
9773,3,B,0,202020208020,20210713,6,122
9774,4,B,0,202020208020,20210713,6,123
9775,3,B,0,202020208020,20210713,6,124
9776,4,B,0,202020208020,20210713,6,125
9777,3,B,0,202020208020,20210713,6,126
9778,5,C,1,202020208020,20210713,6,127
9779,6,C,1,202020208020,20210713,6,128
9780,5,C,1,202020208020,20210713,6,129
9781,6,C,1,202020208020,20210713,6,130
9782,5,C,1,202020208020,20210713,6,131
9783,6,C,0,202020208020,20210713,6,132
9784,5,C,1,202020208020,20210713,6,133
9785,6,C,1,202020208020,20210713,6,134
9786,5,C,0,202020208020,20210713,6,135
9787,6,C,0,202020208020,20210713,6,136
9788,5,C,1,202020208020,20210713,6,137
9789,6,C,1,202020208020,20210713,6,138
9790,5,C,1,202020208020,20210713,6,139
9791,6,C,0,202020208020,20210713,6,140
9792,5,C,1,202020208020,20210713,6,141
9793,6,C,0,202020208020,20210713,6,142
9794,5,C,0,202020208020,20210713,6,143
9795,6,C,0,202020208020,20210713,6,144
9796,5,C,0,202020208020,20210713,6,145
9797,6,C,0,202020208020,20210713,6,146
9798,5,C,0,202020208020,20210713,6,147
9799,6,C,0,202020208020,20210713,6,148
9800,5,C,0,202020208020,20210713,6,149
9801,6,C,0,202020208020,20210713,6,150
9802,5,C,1,202020208020,20210713,6,151
9803,6,C,0,202020208020,20210713,6,152
9804,5,C,1,202020208020,20210713,6,153
9805,6,C,1,202020208020,20210713,6,154
9806,5,C,1,202020208020,20210713,6,155
9807,6,C,0,202020208020,20210713,6,156
9808,5,C,1,202020208020,20210713,6,157
9809,6,C,0,202020208020,20210713,6,158
9810,5,C,1,202020208020,20210713,6,159
9811,6,C,0,202020208020,20210713,6,160
9812,5,C,1,202020208020,20210713,6,161
9813,6,C,0,202020208020,20210713,6,162
9814,5,C,1,202020208020,20210713,6,163
9815,6,C,0,202020208020,20210713,6,164
9816,5,C,1,202020208020,20210713,6,165
9817,6,C,0,202020208020,20210713,6,166
9818,5,C,1,202020208020,20210713,6,167
9819,6,C,0,202020208020,20210713,6,168
9820,5,C,1,202020208020,20210713,6,169
9821,6,C,0,202020208020,20210713,6,170
9822,5,C,1,202020208020,20210713,6,171
9823,6,C,0,202020208020,20210713,6,172
9824,5,C,1,202020208020,20210713,6,173
9825,6,C,0,202020208020,20210713,6,174
9826,5,C,1,202020208020,20210713,6,175
9827,6,C,0,202020208020,20210713,6,176
9828,5,C,1,202020208020,20210713,6,177
9829,6,C,0,202020208020,20210713,6,178
9830,5,C,0,202020208020,20210713,6,179
9831,1,A,0,208080505020,20210713,7,0
9832,2,A,0,208080505020,20210713,7,1
9833,1,A,0,208080505020,20210713,7,2
9834,5,C,0,208080505020,20210713,7,3
9835,6,C,0,208080505020,20210713,7,4
9836,5,C,0,208080505020,20210713,7,5
9837,6,C,1,208080505020,20210713,7,6
9838,3,B,0,208080505020,20210713,7,7
9839,4,B,0,208080505020,20210713,7,8
9840,3,B,1,208080505020,20210713,7,9
9841,4,B,1,208080505020,20210713,7,10
9842,3,B,1,208080505020,20210713,7,11
9843,4,B,1,208080505020,20210713,7,12
9844,3,B,1,208080505020,20210713,7,13
9845,4,B,1,208080505020,20210713,7,14
9846,3,B,1,208080505020,20210713,7,15
9847,4,B,0,208080505020,20210713,7,16
9848,3,B,0,208080505020,20210713,7,17
9849,4,B,0,208080505020,20210713,7,18
9850,3,B,0,208080505020,20210713,7,19
9851,4,B,1,208080505020,20210713,7,20
9852,3,B,1,208080505020,20210713,7,21
9853,4,B,0,208080505020,20210713,7,22
9854,3,B,0,208080505020,20210713,7,23
9855,4,B,1,208080505020,20210713,7,24
9856,3,B,1,208080505020,20210713,7,25
9857,4,B,1,208080505020,20210713,7,26
9858,3,B,0,208080505020,20210713,7,27
9859,4,B,1,208080505020,20210713,7,28
9860,3,B,1,208080505020,20210713,7,29
9861,4,B,1,208080505020,20210713,7,30
9862,3,B,1,208080505020,20210713,7,31
9863,4,B,1,208080505020,20210713,7,32
9864,3,B,1,208080505020,20210713,7,33
9865,4,B,1,208080505020,20210713,7,34
9866,3,B,0,208080505020,20210713,7,35
9867,4,B,0,208080505020,20210713,7,36
9868,3,B,1,208080505020,20210713,7,37
9869,4,B,1,208080505020,20210713,7,38
9870,3,B,1,208080505020,20210713,7,39
9871,4,B,1,208080505020,20210713,7,40
9872,3,B,1,208080505020,20210713,7,41
9873,4,B,1,208080505020,20210713,7,42
9874,3,B,1,208080505020,20210713,7,43
9875,4,B,0,208080505020,20210713,7,44
9876,3,B,0,208080505020,20210713,7,45
9877,4,B,0,208080505020,20210713,7,46
9878,3,B,1,208080505020,20210713,7,47
9879,4,B,1,208080505020,20210713,7,48
9880,3,B,0,208080505020,20210713,7,49
9881,4,B,0,208080505020,20210713,7,50
9882,3,B,1,208080505020,20210713,7,51
9883,4,B,0,208080505020,20210713,7,52
9884,3,B,1,208080505020,20210713,7,53
9885,4,B,0,208080505020,20210713,7,54
9886,3,B,1,208080505020,20210713,7,55
9887,4,B,1,208080505020,20210713,7,56
9888,3,B,0,208080505020,20210713,7,57
9889,4,B,1,208080505020,20210713,7,58
9890,3,B,1,208080505020,20210713,7,59
9891,4,B,0,505020205080,20210713,7,60
9892,3,B,0,505020205080,20210713,7,61
9893,4,B,0,505020205080,20210713,7,62
9894,3,B,0,505020205080,20210713,7,63
9895,4,B,1,505020205080,20210713,7,64
9896,3,B,1,505020205080,20210713,7,65
9897,4,B,0,505020205080,20210713,7,66
9898,3,B,0,505020205080,20210713,7,67
9899,5,C,0,505020205080,20210713,7,68
9900,6,C,1,505020205080,20210713,7,69
9901,5,C,1,505020205080,20210713,7,70
9902,6,C,1,505020205080,20210713,7,71
9903,5,C,0,505020205080,20210713,7,72
9904,6,C,1,505020205080,20210713,7,73
9905,5,C,0,505020205080,20210713,7,74
9906,6,C,1,505020205080,20210713,7,75
9907,5,C,1,505020205080,20210713,7,76
9908,6,C,1,505020205080,20210713,7,77
9909,5,C,0,505020205080,20210713,7,78
9910,6,C,1,505020205080,20210713,7,79
9911,5,C,1,505020205080,20210713,7,80
9912,6,C,1,505020205080,20210713,7,81
9913,5,C,0,505020205080,20210713,7,82
9914,6,C,0,505020205080,20210713,7,83
9915,5,C,0,505020205080,20210713,7,84
9916,3,B,0,505020205080,20210713,7,85
9917,4,B,0,505020205080,20210713,7,86
9918,3,B,0,505020205080,20210713,7,87
9919,4,B,0,505020205080,20210713,7,88
9920,3,B,0,505020205080,20210713,7,89
9921,4,B,0,505020205080,20210713,7,90
9922,3,B,0,505020205080,20210713,7,91
9923,2,A,0,505020205080,20210713,7,92
9924,1,A,0,505020205080,20210713,7,93
9925,2,A,1,505020205080,20210713,7,94
9926,1,A,0,505020205080,20210713,7,95
9927,2,A,1,505020205080,20210713,7,96
9928,1,A,1,505020205080,20210713,7,97
9929,2,A,0,505020205080,20210713,7,98
9930,1,A,1,505020205080,20210713,7,99
9931,2,A,0,505020205080,20210713,7,100
9932,1,A,1,505020205080,20210713,7,101
9933,2,A,1,505020205080,20210713,7,102
9934,1,A,0,505020205080,20210713,7,103
9935,2,A,1,505020205080,20210713,7,104
9936,1,A,0,505020205080,20210713,7,105
9937,2,A,1,505020205080,20210713,7,106
9938,1,A,1,505020205080,20210713,7,107
9939,2,A,1,505020205080,20210713,7,108
9940,1,A,0,505020205080,20210713,7,109
9941,2,A,0,505020205080,20210713,7,110
9942,1,A,0,505020205080,20210713,7,111
9943,2,A,0,505020205080,20210713,7,112
9944,1,A,1,505020205080,20210713,7,113
9945,2,A,1,505020205080,20210713,7,114
9946,1,A,0,505020205080,20210713,7,115
9947,2,A,1,505020205080,20210713,7,116
9948,1,A,1,505020205080,20210713,7,117
9949,2,A,0,505020205080,20210713,7,118
9950,1,A,0,505020205080,20210713,7,119
9951,2,A,0,202080202020,20210713,7,120
9952,1,A,0,202080202020,20210713,7,121
9953,2,A,0,202080202020,20210713,7,122
9954,1,A,0,202080202020,20210713,7,123
9955,2,A,0,202080202020,20210713,7,124
9956,1,A,1,202080202020,20210713,7,125
9957,2,A,0,202080202020,20210713,7,126
9958,1,A,0,202080202020,20210713,7,127
9959,3,B,1,202080202020,20210713,7,128
9960,4,B,0,202080202020,20210713,7,129
9961,3,B,1,202080202020,20210713,7,130
9962,4,B,1,202080202020,20210713,7,131
9963,3,B,1,202080202020,20210713,7,132
9964,4,B,0,202080202020,20210713,7,133
9965,3,B,1,202080202020,20210713,7,134
9966,4,B,0,202080202020,20210713,7,135
9967,3,B,1,202080202020,20210713,7,136
9968,4,B,0,202080202020,20210713,7,137
9969,3,B,1,202080202020,20210713,7,138
9970,4,B,0,202080202020,20210713,7,139
9971,3,B,1,202080202020,20210713,7,140
9972,4,B,0,202080202020,20210713,7,141
9973,3,B,1,202080202020,20210713,7,142
9974,4,B,0,202080202020,20210713,7,143
9975,3,B,0,202080202020,20210713,7,144
9976,4,B,0,202080202020,20210713,7,145
9977,3,B,1,202080202020,20210713,7,146
9978,5,C,1,202080202020,20210713,7,147
9979,6,C,1,202080202020,20210713,7,148
9980,5,C,0,202080202020,20210713,7,149
9981,6,C,0,202080202020,20210713,7,150
9982,5,C,0,202080202020,20210713,7,151
9983,6,C,0,202080202020,20210713,7,152
9984,5,C,0,202080202020,20210713,7,153
9985,6,C,0,202080202020,20210713,7,154
9986,5,C,0,202080202020,20210713,7,155
9987,2,A,0,202080202020,20210713,7,156
9988,1,A,0,202080202020,20210713,7,157
9989,2,A,0,202080202020,20210713,7,158
9990,1,A,0,202080202020,20210713,7,159
9991,6,C,0,202080202020,20210713,7,160
9992,5,C,0,202080202020,20210713,7,161
9993,6,C,0,202080202020,20210713,7,162
9994,5,C,0,202080202020,20210713,7,163
9995,4,B,0,202080202020,20210713,7,164
9996,3,B,1,202080202020,20210713,7,165
9997,4,B,1,202080202020,20210713,7,166
9998,3,B,1,202080202020,20210713,7,167
9999,4,B,0,202080202020,20210713,7,168
10000,3,B,0,202080202020,20210713,7,169
10001,4,B,0,202080202020,20210713,7,170
10002,3,B,1,202080202020,20210713,7,171
10003,4,B,0,202080202020,20210713,7,172
10004,3,B,1,202080202020,20210713,7,173
10005,4,B,0,202080202020,20210713,7,174
10006,3,B,1,202080202020,20210713,7,175
10007,4,B,0,202080202020,20210713,7,176
10008,3,B,1,202080202020,20210713,7,177
10009,4,B,1,202080202020,20210713,7,178
10010,3,B,0,202080202020,20210713,7,179
10011,3,B,1,805020802020,20210713,8,0
10012,4,B,1,805020802020,20210713,8,1
10013,3,B,1,805020802020,20210713,8,2
10014,4,B,1,805020802020,20210713,8,3
10015,3,B,0,805020802020,20210713,8,4
10016,4,B,1,805020802020,20210713,8,5
10017,5,C,1,805020802020,20210713,8,6
10018,6,C,0,805020802020,20210713,8,7
10019,5,C,0,805020802020,20210713,8,8
10020,6,C,0,805020802020,20210713,8,9
10021,5,C,0,805020802020,20210713,8,10
10022,2,A,1,805020802020,20210713,8,11
10023,1,A,1,805020802020,20210713,8,12
10024,2,A,1,805020802020,20210713,8,13
10025,1,A,0,805020802020,20210713,8,14
10026,2,A,1,805020802020,20210713,8,15
10027,1,A,0,805020802020,20210713,8,16
10028,2,A,0,805020802020,20210713,8,17
10029,1,A,0,805020802020,20210713,8,18
10030,2,A,1,805020802020,20210713,8,19
10031,1,A,1,805020802020,20210713,8,20
10032,2,A,0,805020802020,20210713,8,21
10033,1,A,1,805020802020,20210713,8,22
10034,2,A,1,805020802020,20210713,8,23
10035,1,A,0,805020802020,20210713,8,24
10036,2,A,0,805020802020,20210713,8,25
10037,3,B,0,805020802020,20210713,8,26
10038,4,B,0,805020802020,20210713,8,27
10039,3,B,0,805020802020,20210713,8,28
10040,4,B,1,805020802020,20210713,8,29
10041,3,B,0,805020802020,20210713,8,30
10042,4,B,1,805020802020,20210713,8,31
10043,3,B,0,805020802020,20210713,8,32
10044,4,B,0,805020802020,20210713,8,33
10045,3,B,0,805020802020,20210713,8,34
10046,4,B,1,805020802020,20210713,8,35
10047,3,B,0,805020802020,20210713,8,36
10048,4,B,1,805020802020,20210713,8,37
10049,3,B,1,805020802020,20210713,8,38
10050,4,B,1,805020802020,20210713,8,39
10051,3,B,0,805020802020,20210713,8,40
10052,4,B,0,805020802020,20210713,8,41
10053,3,B,0,805020802020,20210713,8,42
10054,4,B,1,805020802020,20210713,8,43
10055,3,B,0,805020802020,20210713,8,44
10056,4,B,0,805020802020,20210713,8,45
10057,3,B,0,805020802020,20210713,8,46
10058,4,B,1,805020802020,20210713,8,47
10059,3,B,1,805020802020,20210713,8,48
10060,4,B,0,805020802020,20210713,8,49
10061,3,B,0,805020802020,20210713,8,50
10062,4,B,1,805020802020,20210713,8,51
10063,3,B,0,805020802020,20210713,8,52
10064,4,B,1,805020802020,20210713,8,53
10065,3,B,1,805020802020,20210713,8,54
10066,4,B,1,805020802020,20210713,8,55
10067,3,B,0,805020802020,20210713,8,56
10068,4,B,1,805020802020,20210713,8,57
10069,3,B,0,805020802020,20210713,8,58
10070,4,B,1,805020802020,20210713,8,59
10071,3,B,1,202080208050,20210713,8,60
10072,4,B,0,202080208050,20210713,8,61
10073,3,B,1,202080208050,20210713,8,62
10074,4,B,0,202080208050,20210713,8,63
10075,3,B,1,202080208050,20210713,8,64
10076,4,B,1,202080208050,20210713,8,65
10077,3,B,1,202080208050,20210713,8,66
10078,4,B,0,202080208050,20210713,8,67
10079,3,B,1,202080208050,20210713,8,68
10080,4,B,0,202080208050,20210713,8,69
10081,3,B,0,202080208050,20210713,8,70
10082,4,B,0,202080208050,20210713,8,71
10083,3,B,0,202080208050,20210713,8,72
10084,4,B,0,202080208050,20210713,8,73
10085,3,B,0,202080208050,20210713,8,74
10086,2,A,0,202080208050,20210713,8,75
10087,1,A,0,202080208050,20210713,8,76
10088,2,A,1,202080208050,20210713,8,77
10089,1,A,0,202080208050,20210713,8,78
10090,2,A,0,202080208050,20210713,8,79
10091,1,A,0,202080208050,20210713,8,80
10092,2,A,1,202080208050,20210713,8,81
10093,1,A,1,202080208050,20210713,8,82
10094,2,A,0,202080208050,20210713,8,83
10095,1,A,0,202080208050,20210713,8,84
10096,2,A,0,202080208050,20210713,8,85
10097,1,A,0,202080208050,20210713,8,86
10098,2,A,0,202080208050,20210713,8,87
10099,1,A,0,202080208050,20210713,8,88
10100,2,A,0,202080208050,20210713,8,89
10101,5,C,1,202080208050,20210713,8,90
10102,6,C,0,202080208050,20210713,8,91
10103,5,C,1,202080208050,20210713,8,92
10104,6,C,0,202080208050,20210713,8,93
10105,5,C,1,202080208050,20210713,8,94
10106,6,C,1,202080208050,20210713,8,95
10107,5,C,0,202080208050,20210713,8,96
10108,6,C,1,202080208050,20210713,8,97
10109,5,C,1,202080208050,20210713,8,98
10110,6,C,0,202080208050,20210713,8,99
10111,5,C,1,202080208050,20210713,8,100
10112,6,C,0,202080208050,20210713,8,101
10113,5,C,1,202080208050,20210713,8,102
10114,6,C,0,202080208050,20210713,8,103
10115,5,C,1,202080208050,20210713,8,104
10116,6,C,0,202080208050,20210713,8,105
10117,5,C,0,202080208050,20210713,8,106
10118,6,C,0,202080208050,20210713,8,107
10119,5,C,1,202080208050,20210713,8,108
10120,6,C,1,202080208050,20210713,8,109
10121,5,C,1,202080208050,20210713,8,110
10122,6,C,1,202080208050,20210713,8,111
10123,5,C,1,202080208050,20210713,8,112
10124,6,C,0,202080208050,20210713,8,113
10125,5,C,1,202080208050,20210713,8,114
10126,6,C,0,202080208050,20210713,8,115
10127,5,C,0,202080208050,20210713,8,116
10128,6,C,1,202080208050,20210713,8,117
10129,5,C,1,202080208050,20210713,8,118
10130,6,C,0,202080208050,20210713,8,119
10131,5,C,0,208020202020,20210713,8,120
10132,6,C,1,208020202020,20210713,8,121
10133,5,C,0,208020202020,20210713,8,122
10134,6,C,0,208020202020,20210713,8,123
10135,5,C,0,208020202020,20210713,8,124
10136,6,C,1,208020202020,20210713,8,125
10137,5,C,0,208020202020,20210713,8,126
10138,6,C,0,208020202020,20210713,8,127
10139,5,C,0,208020202020,20210713,8,128
10140,6,C,1,208020202020,20210713,8,129
10141,5,C,0,208020202020,20210713,8,130
10142,6,C,1,208020202020,20210713,8,131
10143,5,C,0,208020202020,20210713,8,132
10144,6,C,0,208020202020,20210713,8,133
10145,5,C,0,208020202020,20210713,8,134
10146,6,C,0,208020202020,20210713,8,135
10147,5,C,1,208020202020,20210713,8,136
10148,6,C,0,208020202020,20210713,8,137
10149,5,C,0,208020202020,20210713,8,138
10150,2,A,1,208020202020,20210713,8,139
10151,1,A,0,208020202020,20210713,8,140
10152,2,A,1,208020202020,20210713,8,141
10153,1,A,1,208020202020,20210713,8,142
10154,2,A,1,208020202020,20210713,8,143
10155,1,A,1,208020202020,20210713,8,144
10156,2,A,0,208020202020,20210713,8,145
10157,1,A,1,208020202020,20210713,8,146
10158,2,A,1,208020202020,20210713,8,147
10159,1,A,0,208020202020,20210713,8,148
10160,2,A,1,208020202020,20210713,8,149
10161,1,A,1,208020202020,20210713,8,150
10162,2,A,1,208020202020,20210713,8,151
10163,1,A,0,208020202020,20210713,8,152
10164,2,A,1,208020202020,20210713,8,153
10165,1,A,0,208020202020,20210713,8,154
10166,2,A,1,208020202020,20210713,8,155
10167,1,A,0,208020202020,20210713,8,156
10168,2,A,0,208020202020,20210713,8,157
10169,1,A,0,208020202020,20210713,8,158
10170,2,A,1,208020202020,20210713,8,159
10171,1,A,0,208020202020,20210713,8,160
10172,2,A,1,208020202020,20210713,8,161
10173,1,A,0,208020202020,20210713,8,162
10174,2,A,1,208020202020,20210713,8,163
10175,1,A,0,208020202020,20210713,8,164
10176,2,A,0,208020202020,20210713,8,165
10177,1,A,0,208020202020,20210713,8,166
10178,2,A,1,208020202020,20210713,8,167
10179,1,A,0,208020202020,20210713,8,168
10180,2,A,1,208020202020,20210713,8,169
10181,1,A,0,208020202020,20210713,8,170
10182,2,A,1,208020202020,20210713,8,171
10183,1,A,0,208020202020,20210713,8,172
10184,2,A,0,208020202020,20210713,8,173
10185,5,C,1,208020202020,20210713,8,174
10186,6,C,0,208020202020,20210713,8,175
10187,5,C,0,208020202020,20210713,8,176
10188,6,C,0,208020202020,20210713,8,177
10189,5,C,0,208020202020,20210713,8,178
10190,6,C,0,208020202020,20210713,8,179
