,leaf,stem,reward,contingency,date,session,trial
0,5,C,0,202080502050,20210327,1,0
1,6,C,0,202080502050,20210327,1,1
2,3,B,1,202080502050,20210327,1,2
3,4,B,0,202080502050,20210327,1,3
4,1,A,0,202080502050,20210327,1,4
5,2,A,0,202080502050,20210327,1,5
6,6,C,1,202080502050,20210327,1,6
7,5,C,0,202080502050,20210327,1,7
8,6,C,1,202080502050,20210327,1,8
9,3,B,1,202080502050,20210327,1,9
10,4,B,0,202080502050,20210327,1,10
11,3,B,1,202080502050,20210327,1,11
12,2,A,0,202080502050,20210327,1,12
13,1,A,0,202080502050,20210327,1,13
14,6,C,1,202080502050,20210327,1,14
15,5,C,0,202080502050,20210327,1,15
16,6,C,1,202080502050,20210327,1,16
17,3,B,0,202080502050,20210327,1,17
18,4,B,0,202080502050,20210327,1,18
19,1,A,0,202080502050,20210327,1,19
20,2,A,0,202080502050,20210327,1,20
21,3,B,1,202080502050,20210327,1,21
22,1,A,0,202080502050,20210327,1,22
23,2,A,0,202080502050,20210327,1,23
24,1,A,0,202080502050,20210327,1,24
25,6,C,0,202080502050,20210327,1,25
26,5,C,0,202080502050,20210327,1,26
27,6,C,0,202080502050,20210327,1,27
28,3,B,1,202080502050,20210327,1,28
29,4,B,1,202080502050,20210327,1,29
30,3,B,1,202080502050,20210327,1,30
31,4,B,0,202080502050,20210327,1,31
32,3,B,1,202080502050,20210327,1,32
33,2,A,0,202080502050,20210327,1,33
34,1,A,0,202080502050,20210327,1,34
35,2,A,0,202080502050,20210327,1,35
36,1,A,1,202080502050,20210327,1,36
37,3,B,0,202080502050,20210327,1,37
38,4,B,0,202080502050,20210327,1,38
39,3,B,1,202080502050,20210327,1,39
40,4,B,1,202080502050,20210327,1,40
41,3,B,1,202080502050,20210327,1,41
42,4,B,1,202080502050,20210327,1,42
43,3,B,0,202080502050,20210327,1,43
44,4,B,1,202080502050,20210327,1,44
45,3,B,1,202080502050,20210327,1,45
46,6,C,1,202080502050,20210327,1,46
47,5,C,1,202080502050,20210327,1,47
48,6,C,0,202080502050,20210327,1,48
49,5,C,0,202080502050,20210327,1,49
50,6,C,1,202080502050,20210327,1,50
51,5,C,1,202080502050,20210327,1,51
52,6,C,0,202080502050,20210327,1,52
53,5,C,0,202080502050,20210327,1,53
54,6,C,1,202080502050,20210327,1,54
55,2,A,0,202080502050,20210327,1,55
56,1,A,0,202080502050,20210327,1,56
57,3,B,1,202080502050,20210327,1,57
58,4,B,0,202080502050,20210327,1,58
59,3,B,1,202080502050,20210327,1,59
60,6,C,0,508020205020,20210327,1,60
61,5,C,1,508020205020,20210327,1,61
62,6,C,0,508020205020,20210327,1,62
63,5,C,0,508020205020,20210327,1,63
64,6,C,1,508020205020,20210327,1,64
65,5,C,1,508020205020,20210327,1,65
66,6,C,0,508020205020,20210327,1,66
67,5,C,1,508020205020,20210327,1,67
68,6,C,1,508020205020,20210327,1,68
69,5,C,1,508020205020,20210327,1,69
70,6,C,1,508020205020,20210327,1,70
71,5,C,1,508020205020,20210327,1,71
72,6,C,0,508020205020,20210327,1,72
73,5,C,1,508020205020,20210327,1,73
74,6,C,0,508020205020,20210327,1,74
75,5,C,1,508020205020,20210327,1,75
76,6,C,0,508020205020,20210327,1,76
77,5,C,0,508020205020,20210327,1,77
78,6,C,0,508020205020,20210327,1,78
79,5,C,1,508020205020,20210327,1,79
80,6,C,1,508020205020,20210327,1,80
81,5,C,0,508020205020,20210327,1,81
82,6,C,0,508020205020,20210327,1,82
83,5,C,1,508020205020,20210327,1,83
84,6,C,0,508020205020,20210327,1,84
85,5,C,1,508020205020,20210327,1,85
86,3,B,0,508020205020,20210327,1,86
87,4,B,0,508020205020,20210327,1,87
88,3,B,0,508020205020,20210327,1,88
89,2,A,1,508020205020,20210327,1,89
90,1,A,1,508020205020,20210327,1,90
91,2,A,1,508020205020,20210327,1,91
92,1,A,0,508020205020,20210327,1,92
93,2,A,0,508020205020,20210327,1,93
94,1,A,1,508020205020,20210327,1,94
95,4,B,0,508020205020,20210327,1,95
96,3,B,0,508020205020,20210327,1,96
97,6,C,0,508020205020,20210327,1,97
98,5,C,1,508020205020,20210327,1,98
99,6,C,0,508020205020,20210327,1,99
100,5,C,1,508020205020,20210327,1,100
101,6,C,0,508020205020,20210327,1,101
102,5,C,0,508020205020,20210327,1,102
103,6,C,1,508020205020,20210327,1,103
104,5,C,1,508020205020,20210327,1,104
105,6,C,0,508020205020,20210327,1,105
106,5,C,1,508020205020,20210327,1,106
107,6,C,0,508020205020,20210327,1,107
108,5,C,0,508020205020,20210327,1,108
109,6,C,0,508020205020,20210327,1,109
110,5,C,1,508020205020,20210327,1,110
111,6,C,0,508020205020,20210327,1,111
112,5,C,1,508020205020,20210327,1,112
113,2,A,1,508020205020,20210327,1,113
114,1,A,0,508020205020,20210327,1,114
115,2,A,1,508020205020,20210327,1,115
116,3,B,1,508020205020,20210327,1,116
117,4,B,0,508020205020,20210327,1,117
118,3,B,0,508020205020,20210327,1,118
119,4,B,0,508020205020,20210327,1,119
120,3,B,0,202020805080,20210327,1,120
121,4,B,1,202020805080,20210327,1,121
122,3,B,1,202020805080,20210327,1,122
123,4,B,1,202020805080,20210327,1,123
124,3,B,0,202020805080,20210327,1,124
125,4,B,1,202020805080,20210327,1,125
126,3,B,0,202020805080,20210327,1,126
127,4,B,1,202020805080,20210327,1,127
128,3,B,1,202020805080,20210327,1,128
129,4,B,1,202020805080,20210327,1,129
130,3,B,0,202020805080,20210327,1,130
131,4,B,0,202020805080,20210327,1,131
132,3,B,1,202020805080,20210327,1,132
133,4,B,1,202020805080,20210327,1,133
134,3,B,0,202020805080,20210327,1,134
135,4,B,1,202020805080,20210327,1,135
136,3,B,0,202020805080,20210327,1,136
137,4,B,1,202020805080,20210327,1,137
138,3,B,0,202020805080,20210327,1,138
139,4,B,1,202020805080,20210327,1,139
140,3,B,0,202020805080,20210327,1,140
141,4,B,0,202020805080,20210327,1,141
142,3,B,0,202020805080,20210327,1,142
143,4,B,1,202020805080,20210327,1,143
144,2,A,0,202020805080,20210327,1,144
145,1,A,0,202020805080,20210327,1,145
146,2,A,0,202020805080,20210327,1,146
147,4,B,1,202020805080,20210327,1,147
148,3,B,0,202020805080,20210327,1,148
149,4,B,1,202020805080,20210327,1,149
150,3,B,0,202020805080,20210327,1,150
151,4,B,1,202020805080,20210327,1,151
152,6,C,1,202020805080,20210327,1,152
153,5,C,0,202020805080,20210327,1,153
154,6,C,1,202020805080,20210327,1,154
155,5,C,0,202020805080,20210327,1,155
156,6,C,0,202020805080,20210327,1,156
157,5,C,0,202020805080,20210327,1,157
158,6,C,0,202020805080,20210327,1,158
159,5,C,1,202020805080,20210327,1,159
160,6,C,1,202020805080,20210327,1,160
161,5,C,1,202020805080,20210327,1,161
162,4,B,0,202020805080,20210327,1,162
163,3,B,0,202020805080,20210327,1,163
164,4,B,1,202020805080,20210327,1,164
165,3,B,0,202020805080,20210327,1,165
166,4,B,1,202020805080,20210327,1,166
167,3,B,1,202020805080,20210327,1,167
168,4,B,1,202020805080,20210327,1,168
169,3,B,1,202020805080,20210327,1,169
170,4,B,1,202020805080,20210327,1,170
171,3,B,0,202020805080,20210327,1,171
172,4,B,1,202020805080,20210327,1,172
173,3,B,0,202020805080,20210327,1,173
174,4,B,1,202020805080,20210327,1,174
175,3,B,0,202020805080,20210327,1,175
176,4,B,1,202020805080,20210327,1,176
177,3,B,0,202020805080,20210327,1,177
178,4,B,1,202020805080,20210327,1,178
179,3,B,0,202020805080,20210327,1,179
180,6,C,0,508050202020,20210327,2,0
181,5,C,1,508050202020,20210327,2,1
182,6,C,0,508050202020,20210327,2,2
183,5,C,0,508050202020,20210327,2,3
184,3,B,0,508050202020,20210327,2,4
185,4,B,0,508050202020,20210327,2,5
186,2,A,1,508050202020,20210327,2,6
187,1,A,1,508050202020,20210327,2,7
188,3,B,0,508050202020,20210327,2,8
189,4,B,0,508050202020,20210327,2,9
190,3,B,0,508050202020,20210327,2,10
191,4,B,0,508050202020,20210327,2,11
192,3,B,0,508050202020,20210327,2,12
193,4,B,0,508050202020,20210327,2,13
194,6,C,0,508050202020,20210327,2,14
195,5,C,0,508050202020,20210327,2,15
196,6,C,0,508050202020,20210327,2,16
197,5,C,0,508050202020,20210327,2,17
198,2,A,1,508050202020,20210327,2,18
199,1,A,0,508050202020,20210327,2,19
200,2,A,1,508050202020,20210327,2,20
201,3,B,1,508050202020,20210327,2,21
202,4,B,0,508050202020,20210327,2,22
203,3,B,1,508050202020,20210327,2,23
204,4,B,1,508050202020,20210327,2,24
205,3,B,0,508050202020,20210327,2,25
206,4,B,0,508050202020,20210327,2,26
207,3,B,0,508050202020,20210327,2,27
208,4,B,0,508050202020,20210327,2,28
209,2,A,1,508050202020,20210327,2,29
210,1,A,1,508050202020,20210327,2,30
211,2,A,0,508050202020,20210327,2,31
212,3,B,1,508050202020,20210327,2,32
213,4,B,0,508050202020,20210327,2,33
214,3,B,0,508050202020,20210327,2,34
215,4,B,0,508050202020,20210327,2,35
216,3,B,0,508050202020,20210327,2,36
217,4,B,0,508050202020,20210327,2,37
218,6,C,0,508050202020,20210327,2,38
219,5,C,0,508050202020,20210327,2,39
220,6,C,0,508050202020,20210327,2,40
221,5,C,0,508050202020,20210327,2,41
222,6,C,0,508050202020,20210327,2,42
223,5,C,1,508050202020,20210327,2,43
224,3,B,0,508050202020,20210327,2,44
225,4,B,1,508050202020,20210327,2,45
226,3,B,1,508050202020,20210327,2,46
227,2,A,0,508050202020,20210327,2,47
228,1,A,1,508050202020,20210327,2,48
229,2,A,1,508050202020,20210327,2,49
230,1,A,0,508050202020,20210327,2,50
231,2,A,1,508050202020,20210327,2,51
232,1,A,1,508050202020,20210327,2,52
233,2,A,0,508050202020,20210327,2,53
234,1,A,1,508050202020,20210327,2,54
235,2,A,1,508050202020,20210327,2,55
236,1,A,1,508050202020,20210327,2,56
237,2,A,1,508050202020,20210327,2,57
238,1,A,0,508050202020,20210327,2,58
239,2,A,1,508050202020,20210327,2,59
240,1,A,1,502050208020,20210327,2,60
241,2,A,0,502050208020,20210327,2,61
242,1,A,1,502050208020,20210327,2,62
243,2,A,0,502050208020,20210327,2,63
244,1,A,0,502050208020,20210327,2,64
245,2,A,0,502050208020,20210327,2,65
246,4,B,0,502050208020,20210327,2,66
247,3,B,1,502050208020,20210327,2,67
248,4,B,0,502050208020,20210327,2,68
249,3,B,1,502050208020,20210327,2,69
250,5,C,1,502050208020,20210327,2,70
251,6,C,0,502050208020,20210327,2,71
252,5,C,1,502050208020,20210327,2,72
253,6,C,0,502050208020,20210327,2,73
254,5,C,0,502050208020,20210327,2,74
255,6,C,0,502050208020,20210327,2,75
256,5,C,0,502050208020,20210327,2,76
257,3,B,1,502050208020,20210327,2,77
258,4,B,0,502050208020,20210327,2,78
259,3,B,0,502050208020,20210327,2,79
260,4,B,0,502050208020,20210327,2,80
261,3,B,1,502050208020,20210327,2,81
262,2,A,1,502050208020,20210327,2,82
263,1,A,1,502050208020,20210327,2,83
264,2,A,0,502050208020,20210327,2,84
265,1,A,0,502050208020,20210327,2,85
266,2,A,0,502050208020,20210327,2,86
267,1,A,1,502050208020,20210327,2,87
268,2,A,0,502050208020,20210327,2,88
269,1,A,0,502050208020,20210327,2,89
270,2,A,0,502050208020,20210327,2,90
271,1,A,1,502050208020,20210327,2,91
272,2,A,0,502050208020,20210327,2,92
273,1,A,1,502050208020,20210327,2,93
274,2,A,1,502050208020,20210327,2,94
275,1,A,0,502050208020,20210327,2,95
276,2,A,0,502050208020,20210327,2,96
277,1,A,1,502050208020,20210327,2,97
278,2,A,0,502050208020,20210327,2,98
279,1,A,0,502050208020,20210327,2,99
280,2,A,0,502050208020,20210327,2,100
281,1,A,1,502050208020,20210327,2,101
282,3,B,1,502050208020,20210327,2,102
283,4,B,1,502050208020,20210327,2,103
284,3,B,0,502050208020,20210327,2,104
285,4,B,0,502050208020,20210327,2,105
286,3,B,0,502050208020,20210327,2,106
287,4,B,0,502050208020,20210327,2,107
288,3,B,0,502050208020,20210327,2,108
289,5,C,1,502050208020,20210327,2,109
290,6,C,0,502050208020,20210327,2,110
291,5,C,1,502050208020,20210327,2,111
292,6,C,1,502050208020,20210327,2,112
293,5,C,1,502050208020,20210327,2,113
294,6,C,0,502050208020,20210327,2,114
295,5,C,1,502050208020,20210327,2,115
296,6,C,0,502050208020,20210327,2,116
297,5,C,1,502050208020,20210327,2,117
298,2,A,1,502050208020,20210327,2,118
299,1,A,1,502050208020,20210327,2,119
300,2,A,1,205080502020,20210327,2,120
301,1,A,0,205080502020,20210327,2,121
302,2,A,0,205080502020,20210327,2,122
303,1,A,1,205080502020,20210327,2,123
304,2,A,1,205080502020,20210327,2,124
305,1,A,1,205080502020,20210327,2,125
306,2,A,1,205080502020,20210327,2,126
307,1,A,0,205080502020,20210327,2,127
308,2,A,0,205080502020,20210327,2,128
309,1,A,0,205080502020,20210327,2,129
310,2,A,1,205080502020,20210327,2,130
311,1,A,0,205080502020,20210327,2,131
312,2,A,1,205080502020,20210327,2,132
313,1,A,1,205080502020,20210327,2,133
314,2,A,1,205080502020,20210327,2,134
315,1,A,0,205080502020,20210327,2,135
316,2,A,1,205080502020,20210327,2,136
317,1,A,0,205080502020,20210327,2,137
318,2,A,1,205080502020,20210327,2,138
319,1,A,0,205080502020,20210327,2,139
320,2,A,0,205080502020,20210327,2,140
321,1,A,0,205080502020,20210327,2,141
322,2,A,1,205080502020,20210327,2,142
323,4,B,1,205080502020,20210327,2,143
324,3,B,1,205080502020,20210327,2,144
325,4,B,1,205080502020,20210327,2,145
326,3,B,1,205080502020,20210327,2,146
327,4,B,0,205080502020,20210327,2,147
328,3,B,0,205080502020,20210327,2,148
329,4,B,1,205080502020,20210327,2,149
330,3,B,0,205080502020,20210327,2,150
331,4,B,1,205080502020,20210327,2,151
332,3,B,1,205080502020,20210327,2,152
333,4,B,0,205080502020,20210327,2,153
334,3,B,1,205080502020,20210327,2,154
335,4,B,1,205080502020,20210327,2,155
336,3,B,1,205080502020,20210327,2,156
337,4,B,0,205080502020,20210327,2,157
338,3,B,1,205080502020,20210327,2,158
339,4,B,0,205080502020,20210327,2,159
340,3,B,1,205080502020,20210327,2,160
341,2,A,1,205080502020,20210327,2,161
342,1,A,0,205080502020,20210327,2,162
343,2,A,0,205080502020,20210327,2,163
344,1,A,0,205080502020,20210327,2,164
345,2,A,0,205080502020,20210327,2,165
346,1,A,1,205080502020,20210327,2,166
347,2,A,0,205080502020,20210327,2,167
348,1,A,0,205080502020,20210327,2,168
349,2,A,1,205080502020,20210327,2,169
350,1,A,0,205080502020,20210327,2,170
351,2,A,1,205080502020,20210327,2,171
352,1,A,0,205080502020,20210327,2,172
353,2,A,0,205080502020,20210327,2,173
354,5,C,0,205080502020,20210327,2,174
355,6,C,0,205080502020,20210327,2,175
356,5,C,1,205080502020,20210327,2,176
357,6,C,0,205080502020,20210327,2,177
358,5,C,0,205080502020,20210327,2,178
359,6,C,0,205080502020,20210327,2,179
360,1,A,0,202020208020,20210327,3,0
361,2,A,0,202020208020,20210327,3,1
362,5,C,1,202020208020,20210327,3,2
363,6,C,0,202020208020,20210327,3,3
364,5,C,1,202020208020,20210327,3,4
365,3,B,1,202020208020,20210327,3,5
366,4,B,0,202020208020,20210327,3,6
367,3,B,0,202020208020,20210327,3,7
368,2,A,0,202020208020,20210327,3,8
369,1,A,0,202020208020,20210327,3,9
370,2,A,0,202020208020,20210327,3,10
371,5,C,1,202020208020,20210327,3,11
372,6,C,0,202020208020,20210327,3,12
373,5,C,1,202020208020,20210327,3,13
374,6,C,0,202020208020,20210327,3,14
375,5,C,1,202020208020,20210327,3,15
376,3,B,0,202020208020,20210327,3,16
377,4,B,0,202020208020,20210327,3,17
378,3,B,0,202020208020,20210327,3,18
379,5,C,0,202020208020,20210327,3,19
380,2,A,0,202020208020,20210327,3,20
381,1,A,0,202020208020,20210327,3,21
382,4,B,0,202020208020,20210327,3,22
383,3,B,0,202020208020,20210327,3,23
384,5,C,1,202020208020,20210327,3,24
385,6,C,0,202020208020,20210327,3,25
386,5,C,1,202020208020,20210327,3,26
387,6,C,0,202020208020,20210327,3,27
388,5,C,1,202020208020,20210327,3,28
389,6,C,0,202020208020,20210327,3,29
390,5,C,0,202020208020,20210327,3,30
391,4,B,0,202020208020,20210327,3,31
392,3,B,0,202020208020,20210327,3,32
393,4,B,0,202020208020,20210327,3,33
394,3,B,0,202020208020,20210327,3,34
395,2,A,0,202020208020,20210327,3,35
396,1,A,1,202020208020,20210327,3,36
397,2,A,0,202020208020,20210327,3,37
398,1,A,0,202020208020,20210327,3,38
399,2,A,0,202020208020,20210327,3,39
400,1,A,0,202020208020,20210327,3,40
401,5,C,1,202020208020,20210327,3,41
402,6,C,0,202020208020,20210327,3,42
403,5,C,1,202020208020,20210327,3,43
404,3,B,0,202020208020,20210327,3,44
405,4,B,0,202020208020,20210327,3,45
406,5,C,1,202020208020,20210327,3,46
407,6,C,0,202020208020,20210327,3,47
408,5,C,1,202020208020,20210327,3,48
409,6,C,0,202020208020,20210327,3,49
410,5,C,1,202020208020,20210327,3,50
411,6,C,0,202020208020,20210327,3,51
412,5,C,0,202020208020,20210327,3,52
413,2,A,0,202020208020,20210327,3,53
414,1,A,0,202020208020,20210327,3,54
415,2,A,0,202020208020,20210327,3,55
416,1,A,1,202020208020,20210327,3,56
417,2,A,0,202020208020,20210327,3,57
418,1,A,0,202020208020,20210327,3,58
419,2,A,1,202020208020,20210327,3,59
420,3,B,1,205050802020,20210327,3,60
421,4,B,0,205050802020,20210327,3,61
422,3,B,1,205050802020,20210327,3,62
423,4,B,0,205050802020,20210327,3,63
424,3,B,0,205050802020,20210327,3,64
425,5,C,0,205050802020,20210327,3,65
426,6,C,0,205050802020,20210327,3,66
427,5,C,0,205050802020,20210327,3,67
428,4,B,1,205050802020,20210327,3,68
429,3,B,1,205050802020,20210327,3,69
430,4,B,1,205050802020,20210327,3,70
431,3,B,1,205050802020,20210327,3,71
432,4,B,1,205050802020,20210327,3,72
433,3,B,0,205050802020,20210327,3,73
434,4,B,1,205050802020,20210327,3,74
435,3,B,1,205050802020,20210327,3,75
436,4,B,1,205050802020,20210327,3,76
437,3,B,0,205050802020,20210327,3,77
438,4,B,1,205050802020,20210327,3,78
439,3,B,0,205050802020,20210327,3,79
440,4,B,0,205050802020,20210327,3,80
441,3,B,1,205050802020,20210327,3,81
442,4,B,1,205050802020,20210327,3,82
443,3,B,0,205050802020,20210327,3,83
444,4,B,1,205050802020,20210327,3,84
445,3,B,1,205050802020,20210327,3,85
446,4,B,1,205050802020,20210327,3,86
447,3,B,0,205050802020,20210327,3,87
448,4,B,1,205050802020,20210327,3,88
449,3,B,1,205050802020,20210327,3,89
450,4,B,0,205050802020,20210327,3,90
451,3,B,0,205050802020,20210327,3,91
452,4,B,0,205050802020,20210327,3,92
453,3,B,1,205050802020,20210327,3,93
454,4,B,1,205050802020,20210327,3,94
455,3,B,1,205050802020,20210327,3,95
456,4,B,1,205050802020,20210327,3,96
457,3,B,1,205050802020,20210327,3,97
458,4,B,0,205050802020,20210327,3,98
459,3,B,0,205050802020,20210327,3,99
460,4,B,1,205050802020,20210327,3,100
461,3,B,0,205050802020,20210327,3,101
462,4,B,1,205050802020,20210327,3,102
463,3,B,1,205050802020,20210327,3,103
464,4,B,1,205050802020,20210327,3,104
465,3,B,1,205050802020,20210327,3,105
466,4,B,1,205050802020,20210327,3,106
467,3,B,1,205050802020,20210327,3,107
468,4,B,1,205050802020,20210327,3,108
469,3,B,0,205050802020,20210327,3,109
470,4,B,0,205050802020,20210327,3,110
471,3,B,1,205050802020,20210327,3,111
472,4,B,1,205050802020,20210327,3,112
473,3,B,0,205050802020,20210327,3,113
474,4,B,1,205050802020,20210327,3,114
475,3,B,0,205050802020,20210327,3,115
476,4,B,1,205050802020,20210327,3,116
477,3,B,1,205050802020,20210327,3,117
478,4,B,1,205050802020,20210327,3,118
479,3,B,1,205050802020,20210327,3,119
480,4,B,0,805050202080,20210327,3,120
481,3,B,1,805050202080,20210327,3,121
482,4,B,0,805050202080,20210327,3,122
483,3,B,1,805050202080,20210327,3,123
484,4,B,0,805050202080,20210327,3,124
485,3,B,1,805050202080,20210327,3,125
486,4,B,0,805050202080,20210327,3,126
487,3,B,0,805050202080,20210327,3,127
488,4,B,0,805050202080,20210327,3,128
489,3,B,0,805050202080,20210327,3,129
490,4,B,0,805050202080,20210327,3,130
491,3,B,0,805050202080,20210327,3,131
492,4,B,0,805050202080,20210327,3,132
493,3,B,0,805050202080,20210327,3,133
494,5,C,0,805050202080,20210327,3,134
495,6,C,1,805050202080,20210327,3,135
496,5,C,1,805050202080,20210327,3,136
497,2,A,1,805050202080,20210327,3,137
498,1,A,1,805050202080,20210327,3,138
499,2,A,1,805050202080,20210327,3,139
500,1,A,1,805050202080,20210327,3,140
501,2,A,0,805050202080,20210327,3,141
502,1,A,1,805050202080,20210327,3,142
503,2,A,0,805050202080,20210327,3,143
504,1,A,1,805050202080,20210327,3,144
505,2,A,0,805050202080,20210327,3,145
506,1,A,1,805050202080,20210327,3,146
507,2,A,1,805050202080,20210327,3,147
508,1,A,0,805050202080,20210327,3,148
509,2,A,0,805050202080,20210327,3,149
510,1,A,1,805050202080,20210327,3,150
511,2,A,0,805050202080,20210327,3,151
512,1,A,1,805050202080,20210327,3,152
513,2,A,0,805050202080,20210327,3,153
514,1,A,1,805050202080,20210327,3,154
515,2,A,1,805050202080,20210327,3,155
516,1,A,1,805050202080,20210327,3,156
517,2,A,1,805050202080,20210327,3,157
518,1,A,1,805050202080,20210327,3,158
519,2,A,1,805050202080,20210327,3,159
520,1,A,1,805050202080,20210327,3,160
521,2,A,0,805050202080,20210327,3,161
522,1,A,0,805050202080,20210327,3,162
523,2,A,0,805050202080,20210327,3,163
524,1,A,1,805050202080,20210327,3,164
525,2,A,1,805050202080,20210327,3,165
526,1,A,1,805050202080,20210327,3,166
527,2,A,1,805050202080,20210327,3,167
528,1,A,1,805050202080,20210327,3,168
529,2,A,0,805050202080,20210327,3,169
530,1,A,1,805050202080,20210327,3,170
531,2,A,0,805050202080,20210327,3,171
532,1,A,1,805050202080,20210327,3,172
533,2,A,0,805050202080,20210327,3,173
534,1,A,1,805050202080,20210327,3,174
535,2,A,1,805050202080,20210327,3,175
536,1,A,1,805050202080,20210327,3,176
537,2,A,1,805050202080,20210327,3,177
538,1,A,0,805050202080,20210327,3,178
539,2,A,0,805050202080,20210327,3,179
540,1,A,0,208050805020,20210327,4,0
541,2,A,1,208050805020,20210327,4,1
542,5,C,0,208050805020,20210327,4,2
543,6,C,0,208050805020,20210327,4,3
544,5,C,1,208050805020,20210327,4,4
545,3,B,1,208050805020,20210327,4,5
546,4,B,0,208050805020,20210327,4,6
547,3,B,0,208050805020,20210327,4,7
548,5,C,0,208050805020,20210327,4,8
549,6,C,0,208050805020,20210327,4,9
550,5,C,1,208050805020,20210327,4,10
551,6,C,0,208050805020,20210327,4,11
552,5,C,1,208050805020,20210327,4,12
553,6,C,1,208050805020,20210327,4,13
554,5,C,1,208050805020,20210327,4,14
555,1,A,0,208050805020,20210327,4,15
556,2,A,0,208050805020,20210327,4,16
557,1,A,0,208050805020,20210327,4,17
558,2,A,1,208050805020,20210327,4,18
559,1,A,1,208050805020,20210327,4,19
560,2,A,1,208050805020,20210327,4,20
561,1,A,0,208050805020,20210327,4,21
562,2,A,1,208050805020,20210327,4,22
563,3,B,0,208050805020,20210327,4,23
564,4,B,1,208050805020,20210327,4,24
565,3,B,1,208050805020,20210327,4,25
566,4,B,1,208050805020,20210327,4,26
567,3,B,0,208050805020,20210327,4,27
568,4,B,1,208050805020,20210327,4,28
569,3,B,1,208050805020,20210327,4,29
570,4,B,0,208050805020,20210327,4,30
571,3,B,0,208050805020,20210327,4,31
572,4,B,1,208050805020,20210327,4,32
573,3,B,0,208050805020,20210327,4,33
574,4,B,1,208050805020,20210327,4,34
575,3,B,0,208050805020,20210327,4,35
576,4,B,1,208050805020,20210327,4,36
577,3,B,0,208050805020,20210327,4,37
578,4,B,1,208050805020,20210327,4,38
579,3,B,1,208050805020,20210327,4,39
580,4,B,1,208050805020,20210327,4,40
581,3,B,0,208050805020,20210327,4,41
582,4,B,1,208050805020,20210327,4,42
583,3,B,1,208050805020,20210327,4,43
584,4,B,1,208050805020,20210327,4,44
585,3,B,0,208050805020,20210327,4,45
586,4,B,1,208050805020,20210327,4,46
587,3,B,0,208050805020,20210327,4,47
588,4,B,1,208050805020,20210327,4,48
589,2,A,1,208050805020,20210327,4,49
590,1,A,0,208050805020,20210327,4,50
591,2,A,1,208050805020,20210327,4,51
592,1,A,0,208050805020,20210327,4,52
593,2,A,1,208050805020,20210327,4,53
594,1,A,1,208050805020,20210327,4,54
595,2,A,1,208050805020,20210327,4,55
596,1,A,0,208050805020,20210327,4,56
597,2,A,1,208050805020,20210327,4,57
598,1,A,0,208050805020,20210327,4,58
599,2,A,0,208050805020,20210327,4,59
600,1,A,1,805050202050,20210327,4,60
601,2,A,0,805050202050,20210327,4,61
602,1,A,0,805050202050,20210327,4,62
603,2,A,1,805050202050,20210327,4,63
604,1,A,1,805050202050,20210327,4,64
605,2,A,0,805050202050,20210327,4,65
606,1,A,1,805050202050,20210327,4,66
607,2,A,1,805050202050,20210327,4,67
608,1,A,1,805050202050,20210327,4,68
609,2,A,1,805050202050,20210327,4,69
610,1,A,1,805050202050,20210327,4,70
611,2,A,1,805050202050,20210327,4,71
612,1,A,1,805050202050,20210327,4,72
613,2,A,1,805050202050,20210327,4,73
614,1,A,1,805050202050,20210327,4,74
615,2,A,0,805050202050,20210327,4,75
616,1,A,0,805050202050,20210327,4,76
617,2,A,0,805050202050,20210327,4,77
618,1,A,0,805050202050,20210327,4,78
619,2,A,0,805050202050,20210327,4,79
620,3,B,1,805050202050,20210327,4,80
621,4,B,1,805050202050,20210327,4,81
622,3,B,1,805050202050,20210327,4,82
623,4,B,0,805050202050,20210327,4,83
624,3,B,0,805050202050,20210327,4,84
625,4,B,0,805050202050,20210327,4,85
626,3,B,0,805050202050,20210327,4,86
627,4,B,0,805050202050,20210327,4,87
628,3,B,0,805050202050,20210327,4,88
629,4,B,0,805050202050,20210327,4,89
630,3,B,0,805050202050,20210327,4,90
631,5,C,1,805050202050,20210327,4,91
632,6,C,1,805050202050,20210327,4,92
633,5,C,0,805050202050,20210327,4,93
634,6,C,1,805050202050,20210327,4,94
635,5,C,0,805050202050,20210327,4,95
636,6,C,1,805050202050,20210327,4,96
637,5,C,0,805050202050,20210327,4,97
638,6,C,0,805050202050,20210327,4,98
639,5,C,0,805050202050,20210327,4,99
640,3,B,0,805050202050,20210327,4,100
641,4,B,1,805050202050,20210327,4,101
642,3,B,1,805050202050,20210327,4,102
643,4,B,0,805050202050,20210327,4,103
644,3,B,1,805050202050,20210327,4,104
645,4,B,1,805050202050,20210327,4,105
646,5,C,0,805050202050,20210327,4,106
647,6,C,0,805050202050,20210327,4,107
648,5,C,0,805050202050,20210327,4,108
649,6,C,0,805050202050,20210327,4,109
650,5,C,0,805050202050,20210327,4,110
651,1,A,1,805050202050,20210327,4,111
652,2,A,1,805050202050,20210327,4,112
653,1,A,1,805050202050,20210327,4,113
654,2,A,1,805050202050,20210327,4,114
655,1,A,0,805050202050,20210327,4,115
656,2,A,0,805050202050,20210327,4,116
657,1,A,1,805050202050,20210327,4,117
658,2,A,1,805050202050,20210327,4,118
659,1,A,0,805050202050,20210327,4,119
660,2,A,1,202020802020,20210327,4,120
661,1,A,0,202020802020,20210327,4,121
662,2,A,0,202020802020,20210327,4,122
663,3,B,0,202020802020,20210327,4,123
664,4,B,1,202020802020,20210327,4,124
665,3,B,0,202020802020,20210327,4,125
666,4,B,1,202020802020,20210327,4,126
667,3,B,0,202020802020,20210327,4,127
668,4,B,1,202020802020,20210327,4,128
669,3,B,1,202020802020,20210327,4,129
670,4,B,1,202020802020,20210327,4,130
671,3,B,0,202020802020,20210327,4,131
672,4,B,1,202020802020,20210327,4,132
673,3,B,0,202020802020,20210327,4,133
674,4,B,1,202020802020,20210327,4,134
675,3,B,1,202020802020,20210327,4,135
676,4,B,0,202020802020,20210327,4,136
677,3,B,0,202020802020,20210327,4,137
678,4,B,1,202020802020,20210327,4,138
679,3,B,0,202020802020,20210327,4,139
680,4,B,1,202020802020,20210327,4,140
681,3,B,1,202020802020,20210327,4,141
682,4,B,1,202020802020,20210327,4,142
683,3,B,1,202020802020,20210327,4,143
684,4,B,1,202020802020,20210327,4,144
685,3,B,0,202020802020,20210327,4,145
686,4,B,1,202020802020,20210327,4,146
687,3,B,0,202020802020,20210327,4,147
688,4,B,1,202020802020,20210327,4,148
689,3,B,1,202020802020,20210327,4,149
690,4,B,1,202020802020,20210327,4,150
691,3,B,0,202020802020,20210327,4,151
692,4,B,1,202020802020,20210327,4,152
693,3,B,1,202020802020,20210327,4,153
694,4,B,1,202020802020,20210327,4,154
695,3,B,0,202020802020,20210327,4,155
696,4,B,1,202020802020,20210327,4,156
697,3,B,0,202020802020,20210327,4,157
698,4,B,0,202020802020,20210327,4,158
699,3,B,0,202020802020,20210327,4,159
700,4,B,1,202020802020,20210327,4,160
701,5,C,0,202020802020,20210327,4,161
702,6,C,0,202020802020,20210327,4,162
703,5,C,0,202020802020,20210327,4,163
704,6,C,0,202020802020,20210327,4,164
705,5,C,1,202020802020,20210327,4,165
706,6,C,0,202020802020,20210327,4,166
707,5,C,0,202020802020,20210327,4,167
708,6,C,0,202020802020,20210327,4,168
709,5,C,0,202020802020,20210327,4,169
710,1,A,0,202020802020,20210327,4,170
711,2,A,0,202020802020,20210327,4,171
712,1,A,0,202020802020,20210327,4,172
713,2,A,1,202020802020,20210327,4,173
714,1,A,0,202020802020,20210327,4,174
715,2,A,0,202020802020,20210327,4,175
716,1,A,0,202020802020,20210327,4,176
717,2,A,0,202020802020,20210327,4,177
718,3,B,0,202020802020,20210327,4,178
719,4,B,0,202020802020,20210327,4,179
720,2,A,1,508020508020,20210327,6,0
721,1,A,0,508020508020,20210327,6,1
722,2,A,0,508020508020,20210327,6,2
723,5,C,1,508020508020,20210327,6,3
724,6,C,1,508020508020,20210327,6,4
725,1,A,1,508020508020,20210327,6,5
726,2,A,1,508020508020,20210327,6,6
727,1,A,1,508020508020,20210327,6,7
728,2,A,1,508020508020,20210327,6,8
729,1,A,0,508020508020,20210327,6,9
730,2,A,0,508020508020,20210327,6,10
731,3,B,1,508020508020,20210327,6,11
732,4,B,1,508020508020,20210327,6,12
733,3,B,0,508020508020,20210327,6,13
734,4,B,0,508020508020,20210327,6,14
735,5,C,1,508020508020,20210327,6,15
736,6,C,0,508020508020,20210327,6,16
737,2,A,0,508020508020,20210327,6,17
738,1,A,0,508020508020,20210327,6,18
739,2,A,1,508020508020,20210327,6,19
740,1,A,0,508020508020,20210327,6,20
741,2,A,1,508020508020,20210327,6,21
742,1,A,1,508020508020,20210327,6,22
743,2,A,1,508020508020,20210327,6,23
744,1,A,0,508020508020,20210327,6,24
745,2,A,1,508020508020,20210327,6,25
746,1,A,0,508020508020,20210327,6,26
747,2,A,1,508020508020,20210327,6,27
748,1,A,1,508020508020,20210327,6,28
749,2,A,1,508020508020,20210327,6,29
750,1,A,0,508020508020,20210327,6,30
751,2,A,1,508020508020,20210327,6,31
752,1,A,0,508020508020,20210327,6,32
753,2,A,0,508020508020,20210327,6,33
754,1,A,1,508020508020,20210327,6,34
755,2,A,1,508020508020,20210327,6,35
756,5,C,1,508020508020,20210327,6,36
757,6,C,0,508020508020,20210327,6,37
758,5,C,0,508020508020,20210327,6,38
759,6,C,0,508020508020,20210327,6,39
760,5,C,1,508020508020,20210327,6,40
761,6,C,0,508020508020,20210327,6,41
762,5,C,0,508020508020,20210327,6,42
763,6,C,0,508020508020,20210327,6,43
764,5,C,0,508020508020,20210327,6,44
765,3,B,0,508020508020,20210327,6,45
766,4,B,0,508020508020,20210327,6,46
767,3,B,0,508020508020,20210327,6,47
768,5,C,1,508020508020,20210327,6,48
769,6,C,1,508020508020,20210327,6,49
770,5,C,1,508020508020,20210327,6,50
771,6,C,0,508020508020,20210327,6,51
772,5,C,1,508020508020,20210327,6,52
773,6,C,0,508020508020,20210327,6,53
774,5,C,1,508020508020,20210327,6,54
775,6,C,0,508020508020,20210327,6,55
776,5,C,1,508020508020,20210327,6,56
777,2,A,0,508020508020,20210327,6,57
778,1,A,1,508020508020,20210327,6,58
779,2,A,1,508020508020,20210327,6,59
780,1,A,1,802020202020,20210327,6,60
781,2,A,1,802020202020,20210327,6,61
782,1,A,1,802020202020,20210327,6,62
783,2,A,1,802020202020,20210327,6,63
784,1,A,1,802020202020,20210327,6,64
785,2,A,1,802020202020,20210327,6,65
786,1,A,0,802020202020,20210327,6,66
787,2,A,0,802020202020,20210327,6,67
788,1,A,1,802020202020,20210327,6,68
789,2,A,0,802020202020,20210327,6,69
790,1,A,1,802020202020,20210327,6,70
791,2,A,1,802020202020,20210327,6,71
792,1,A,0,802020202020,20210327,6,72
793,2,A,1,802020202020,20210327,6,73
794,1,A,1,802020202020,20210327,6,74
795,2,A,0,802020202020,20210327,6,75
796,1,A,0,802020202020,20210327,6,76
797,2,A,0,802020202020,20210327,6,77
798,1,A,1,802020202020,20210327,6,78
799,2,A,0,802020202020,20210327,6,79
800,1,A,1,802020202020,20210327,6,80
801,2,A,0,802020202020,20210327,6,81
802,1,A,1,802020202020,20210327,6,82
803,2,A,0,802020202020,20210327,6,83
804,1,A,1,802020202020,20210327,6,84
805,2,A,0,802020202020,20210327,6,85
806,1,A,0,802020202020,20210327,6,86
807,2,A,0,802020202020,20210327,6,87
808,1,A,1,802020202020,20210327,6,88
809,2,A,0,802020202020,20210327,6,89
810,1,A,1,802020202020,20210327,6,90
811,3,B,0,802020202020,20210327,6,91
812,4,B,0,802020202020,20210327,6,92
813,3,B,0,802020202020,20210327,6,93
814,4,B,1,802020202020,20210327,6,94
815,3,B,0,802020202020,20210327,6,95
816,4,B,0,802020202020,20210327,6,96
817,3,B,0,802020202020,20210327,6,97
818,4,B,0,802020202020,20210327,6,98
819,5,C,0,802020202020,20210327,6,99
820,6,C,0,802020202020,20210327,6,100
821,5,C,1,802020202020,20210327,6,101
822,6,C,1,802020202020,20210327,6,102
823,5,C,0,802020202020,20210327,6,103
824,6,C,0,802020202020,20210327,6,104
825,5,C,0,802020202020,20210327,6,105
826,6,C,0,802020202020,20210327,6,106
827,5,C,1,802020202020,20210327,6,107
828,6,C,0,802020202020,20210327,6,108
829,5,C,0,802020202020,20210327,6,109
830,2,A,0,802020202020,20210327,6,110
831,1,A,1,802020202020,20210327,6,111
832,2,A,0,802020202020,20210327,6,112
833,1,A,0,802020202020,20210327,6,113
834,2,A,0,802020202020,20210327,6,114
835,1,A,1,802020202020,20210327,6,115
836,2,A,1,802020202020,20210327,6,116
837,1,A,1,802020202020,20210327,6,117
838,2,A,0,802020202020,20210327,6,118
839,1,A,0,802020202020,20210327,6,119
840,2,A,0,202020208020,20210327,6,120
841,1,A,0,202020208020,20210327,6,121
842,2,A,1,202020208020,20210327,6,122
843,1,A,0,202020208020,20210327,6,123
844,2,A,1,202020208020,20210327,6,124
845,1,A,1,202020208020,20210327,6,125
846,2,A,0,202020208020,20210327,6,126
847,1,A,1,202020208020,20210327,6,127
848,2,A,0,202020208020,20210327,6,128
849,1,A,0,202020208020,20210327,6,129
850,2,A,0,202020208020,20210327,6,130
851,1,A,1,202020208020,20210327,6,131
852,3,B,0,202020208020,20210327,6,132
853,4,B,0,202020208020,20210327,6,133
854,3,B,0,202020208020,20210327,6,134
855,4,B,0,202020208020,20210327,6,135
856,3,B,1,202020208020,20210327,6,136
857,4,B,0,202020208020,20210327,6,137
858,3,B,0,202020208020,20210327,6,138
859,6,C,1,202020208020,20210327,6,139
860,5,C,1,202020208020,20210327,6,140
861,6,C,0,202020208020,20210327,6,141
862,5,C,1,202020208020,20210327,6,142
863,6,C,0,202020208020,20210327,6,143
864,5,C,1,202020208020,20210327,6,144
865,6,C,0,202020208020,20210327,6,145
866,5,C,1,202020208020,20210327,6,146
867,6,C,0,202020208020,20210327,6,147
868,5,C,0,202020208020,20210327,6,148
869,6,C,1,202020208020,20210327,6,149
870,5,C,0,202020208020,20210327,6,150
871,6,C,0,202020208020,20210327,6,151
872,5,C,1,202020208020,20210327,6,152
873,6,C,0,202020208020,20210327,6,153
874,5,C,1,202020208020,20210327,6,154
875,6,C,0,202020208020,20210327,6,155
876,5,C,1,202020208020,20210327,6,156
877,6,C,1,202020208020,20210327,6,157
878,5,C,1,202020208020,20210327,6,158
879,6,C,0,202020208020,20210327,6,159
880,5,C,1,202020208020,20210327,6,160
881,6,C,1,202020208020,20210327,6,161
882,5,C,0,202020208020,20210327,6,162
883,6,C,0,202020208020,20210327,6,163
884,5,C,1,202020208020,20210327,6,164
885,6,C,0,202020208020,20210327,6,165
886,5,C,1,202020208020,20210327,6,166
887,6,C,0,202020208020,20210327,6,167
888,5,C,1,202020208020,20210327,6,168
889,6,C,0,202020208020,20210327,6,169
890,5,C,0,202020208020,20210327,6,170
891,6,C,1,202020208020,20210327,6,171
892,5,C,1,202020208020,20210327,6,172
893,6,C,0,202020208020,20210327,6,173
894,5,C,0,202020208020,20210327,6,174
895,6,C,0,202020208020,20210327,6,175
896,5,C,0,202020208020,20210327,6,176
897,6,C,0,202020208020,20210327,6,177
898,5,C,0,202020208020,20210327,6,178
899,6,C,0,202020208020,20210327,6,179
900,3,B,0,805020202080,20210327,7,0
901,6,C,1,805020202080,20210327,7,1
902,5,C,0,805020202080,20210327,7,2
903,6,C,1,805020202080,20210327,7,3
904,5,C,0,805020202080,20210327,7,4
905,6,C,1,805020202080,20210327,7,5
906,5,C,0,805020202080,20210327,7,6
907,6,C,1,805020202080,20210327,7,7
908,5,C,1,805020202080,20210327,7,8
909,2,A,1,805020202080,20210327,7,9
910,1,A,0,805020202080,20210327,7,10
911,2,A,1,805020202080,20210327,7,11
912,1,A,0,805020202080,20210327,7,12
913,4,B,1,805020202080,20210327,7,13
914,3,B,0,805020202080,20210327,7,14
915,4,B,0,805020202080,20210327,7,15
916,5,C,0,805020202080,20210327,7,16
917,6,C,0,805020202080,20210327,7,17
918,5,C,0,805020202080,20210327,7,18
919,6,C,1,805020202080,20210327,7,19
920,5,C,0,805020202080,20210327,7,20
921,6,C,1,805020202080,20210327,7,21
922,5,C,0,805020202080,20210327,7,22
923,6,C,1,805020202080,20210327,7,23
924,5,C,0,805020202080,20210327,7,24
925,6,C,0,805020202080,20210327,7,25
926,5,C,0,805020202080,20210327,7,26
927,6,C,1,805020202080,20210327,7,27
928,2,A,0,805020202080,20210327,7,28
929,1,A,1,805020202080,20210327,7,29
930,2,A,1,805020202080,20210327,7,30
931,1,A,1,805020202080,20210327,7,31
932,2,A,0,805020202080,20210327,7,32
933,1,A,1,805020202080,20210327,7,33
934,2,A,0,805020202080,20210327,7,34
935,1,A,1,805020202080,20210327,7,35
936,2,A,0,805020202080,20210327,7,36
937,1,A,0,805020202080,20210327,7,37
938,2,A,0,805020202080,20210327,7,38
939,1,A,1,805020202080,20210327,7,39
940,2,A,1,805020202080,20210327,7,40
941,1,A,1,805020202080,20210327,7,41
942,2,A,0,805020202080,20210327,7,42
943,1,A,0,805020202080,20210327,7,43
944,2,A,0,805020202080,20210327,7,44
945,1,A,1,805020202080,20210327,7,45
946,3,B,0,805020202080,20210327,7,46
947,4,B,0,805020202080,20210327,7,47
948,5,C,0,805020202080,20210327,7,48
949,6,C,1,805020202080,20210327,7,49
950,5,C,0,805020202080,20210327,7,50
951,6,C,1,805020202080,20210327,7,51
952,5,C,0,805020202080,20210327,7,52
953,6,C,1,805020202080,20210327,7,53
954,5,C,0,805020202080,20210327,7,54
955,6,C,1,805020202080,20210327,7,55
956,5,C,0,805020202080,20210327,7,56
957,6,C,1,805020202080,20210327,7,57
958,5,C,0,805020202080,20210327,7,58
959,6,C,1,805020202080,20210327,7,59
960,5,C,0,205050805050,20210327,7,60
961,6,C,0,205050805050,20210327,7,61
962,5,C,0,205050805050,20210327,7,62
963,6,C,1,205050805050,20210327,7,63
964,4,B,1,205050805050,20210327,7,64
965,3,B,1,205050805050,20210327,7,65
966,4,B,1,205050805050,20210327,7,66
967,3,B,0,205050805050,20210327,7,67
968,4,B,1,205050805050,20210327,7,68
969,1,A,0,205050805050,20210327,7,69
970,2,A,0,205050805050,20210327,7,70
971,1,A,0,205050805050,20210327,7,71
972,2,A,1,205050805050,20210327,7,72
973,1,A,0,205050805050,20210327,7,73
974,2,A,1,205050805050,20210327,7,74
975,1,A,0,205050805050,20210327,7,75
976,2,A,0,205050805050,20210327,7,76
977,1,A,0,205050805050,20210327,7,77
978,2,A,1,205050805050,20210327,7,78
979,1,A,0,205050805050,20210327,7,79
980,2,A,0,205050805050,20210327,7,80
981,1,A,1,205050805050,20210327,7,81
982,2,A,1,205050805050,20210327,7,82
983,1,A,1,205050805050,20210327,7,83
984,2,A,0,205050805050,20210327,7,84
985,1,A,0,205050805050,20210327,7,85
986,2,A,0,205050805050,20210327,7,86
987,1,A,0,205050805050,20210327,7,87
988,6,C,1,205050805050,20210327,7,88
989,5,C,1,205050805050,20210327,7,89
990,6,C,0,205050805050,20210327,7,90
991,5,C,1,205050805050,20210327,7,91
992,6,C,0,205050805050,20210327,7,92
993,5,C,1,205050805050,20210327,7,93
994,6,C,1,205050805050,20210327,7,94
995,5,C,1,205050805050,20210327,7,95
996,6,C,1,205050805050,20210327,7,96
997,5,C,1,205050805050,20210327,7,97
998,6,C,1,205050805050,20210327,7,98
999,5,C,1,205050805050,20210327,7,99
1000,6,C,0,205050805050,20210327,7,100
1001,5,C,0,205050805050,20210327,7,101
1002,6,C,1,205050805050,20210327,7,102
1003,5,C,1,205050805050,20210327,7,103
1004,6,C,1,205050805050,20210327,7,104
1005,5,C,0,205050805050,20210327,7,105
1006,6,C,0,205050805050,20210327,7,106
1007,5,C,0,205050805050,20210327,7,107
1008,6,C,0,205050805050,20210327,7,108
1009,5,C,0,205050805050,20210327,7,109
1010,6,C,0,205050805050,20210327,7,110
1011,5,C,0,205050805050,20210327,7,111
1012,6,C,0,205050805050,20210327,7,112
1013,5,C,1,205050805050,20210327,7,113
1014,6,C,1,205050805050,20210327,7,114
1015,5,C,0,205050805050,20210327,7,115
1016,6,C,1,205050805050,20210327,7,116
1017,5,C,1,205050805050,20210327,7,117
1018,6,C,0,205050805050,20210327,7,118
1019,5,C,1,205050805050,20210327,7,119
1020,6,C,1,502020205080,20210327,7,120
1021,5,C,1,502020205080,20210327,7,121
1022,6,C,1,502020205080,20210327,7,122
1023,5,C,1,502020205080,20210327,7,123
1024,6,C,1,502020205080,20210327,7,124
1025,5,C,0,502020205080,20210327,7,125
1026,6,C,1,502020205080,20210327,7,126
1027,5,C,1,502020205080,20210327,7,127
1028,6,C,0,502020205080,20210327,7,128
1029,5,C,1,502020205080,20210327,7,129
1030,6,C,1,502020205080,20210327,7,130
1031,5,C,1,502020205080,20210327,7,131
1032,6,C,0,502020205080,20210327,7,132
1033,5,C,1,502020205080,20210327,7,133
1034,6,C,1,502020205080,20210327,7,134
1035,5,C,0,502020205080,20210327,7,135
1036,6,C,1,502020205080,20210327,7,136
1037,5,C,0,502020205080,20210327,7,137
1038,6,C,1,502020205080,20210327,7,138
1039,5,C,0,502020205080,20210327,7,139
1040,6,C,0,502020205080,20210327,7,140
1041,5,C,0,502020205080,20210327,7,141
1042,6,C,1,502020205080,20210327,7,142
1043,5,C,1,502020205080,20210327,7,143
1044,6,C,0,502020205080,20210327,7,144
1045,5,C,1,502020205080,20210327,7,145
1046,6,C,1,502020205080,20210327,7,146
1047,5,C,0,502020205080,20210327,7,147
1048,6,C,1,502020205080,20210327,7,148
1049,5,C,0,502020205080,20210327,7,149
1050,6,C,1,502020205080,20210327,7,150
1051,5,C,0,502020205080,20210327,7,151
1052,6,C,0,502020205080,20210327,7,152
1053,5,C,0,502020205080,20210327,7,153
1054,6,C,1,502020205080,20210327,7,154
1055,5,C,1,502020205080,20210327,7,155
1056,6,C,1,502020205080,20210327,7,156
1057,5,C,1,502020205080,20210327,7,157
1058,6,C,0,502020205080,20210327,7,158
1059,5,C,0,502020205080,20210327,7,159
1060,6,C,1,502020205080,20210327,7,160
1061,5,C,1,502020205080,20210327,7,161
1062,6,C,1,502020205080,20210327,7,162
1063,5,C,0,502020205080,20210327,7,163
1064,6,C,1,502020205080,20210327,7,164
1065,3,B,0,502020205080,20210327,7,165
1066,4,B,0,502020205080,20210327,7,166
1067,3,B,0,502020205080,20210327,7,167
1068,4,B,0,502020205080,20210327,7,168
1069,6,C,1,502020205080,20210327,7,169
1070,5,C,1,502020205080,20210327,7,170
1071,6,C,1,502020205080,20210327,7,171
1072,5,C,1,502020205080,20210327,7,172
1073,6,C,1,502020205080,20210327,7,173
1074,5,C,0,502020205080,20210327,7,174
1075,6,C,1,502020205080,20210327,7,175
1076,5,C,0,502020205080,20210327,7,176
1077,6,C,1,502020205080,20210327,7,177
1078,5,C,0,502020205080,20210327,7,178
1079,6,C,0,502020205080,20210327,7,179
1080,2,A,0,502020202080,20210328,1,0
1081,1,A,1,502020202080,20210328,1,1
1082,2,A,1,502020202080,20210328,1,2
1083,1,A,0,502020202080,20210328,1,3
1084,2,A,0,502020202080,20210328,1,4
1085,5,C,0,502020202080,20210328,1,5
1086,6,C,0,502020202080,20210328,1,6
1087,5,C,0,502020202080,20210328,1,7
1088,6,C,1,502020202080,20210328,1,8
1089,4,B,0,502020202080,20210328,1,9
1090,3,B,0,502020202080,20210328,1,10
1091,6,C,1,502020202080,20210328,1,11
1092,5,C,0,502020202080,20210328,1,12
1093,6,C,1,502020202080,20210328,1,13
1094,5,C,1,502020202080,20210328,1,14
1095,6,C,1,502020202080,20210328,1,15
1096,5,C,0,502020202080,20210328,1,16
1097,6,C,1,502020202080,20210328,1,17
1098,5,C,0,502020202080,20210328,1,18
1099,6,C,1,502020202080,20210328,1,19
1100,1,A,1,502020202080,20210328,1,20
1101,2,A,0,502020202080,20210328,1,21
1102,1,A,0,502020202080,20210328,1,22
1103,2,A,1,502020202080,20210328,1,23
1104,1,A,0,502020202080,20210328,1,24
1105,2,A,0,502020202080,20210328,1,25
1106,1,A,1,502020202080,20210328,1,26
1107,2,A,0,502020202080,20210328,1,27
1108,1,A,0,502020202080,20210328,1,28
1109,6,C,0,502020202080,20210328,1,29
1110,5,C,0,502020202080,20210328,1,30
1111,6,C,0,502020202080,20210328,1,31
1112,5,C,1,502020202080,20210328,1,32
1113,6,C,1,502020202080,20210328,1,33
1114,5,C,0,502020202080,20210328,1,34
1115,6,C,1,502020202080,20210328,1,35
1116,5,C,0,502020202080,20210328,1,36
1117,6,C,0,502020202080,20210328,1,37
1118,5,C,0,502020202080,20210328,1,38
1119,6,C,1,502020202080,20210328,1,39
1120,3,B,0,502020202080,20210328,1,40
1121,4,B,0,502020202080,20210328,1,41
1122,1,A,0,502020202080,20210328,1,42
1123,2,A,1,502020202080,20210328,1,43
1124,1,A,0,502020202080,20210328,1,44
1125,2,A,0,502020202080,20210328,1,45
1126,1,A,1,502020202080,20210328,1,46
1127,6,C,1,502020202080,20210328,1,47
1128,5,C,0,502020202080,20210328,1,48
1129,6,C,1,502020202080,20210328,1,49
1130,5,C,0,502020202080,20210328,1,50
1131,6,C,0,502020202080,20210328,1,51
1132,4,B,0,502020202080,20210328,1,52
1133,3,B,0,502020202080,20210328,1,53
1134,1,A,0,502020202080,20210328,1,54
1135,2,A,0,502020202080,20210328,1,55
1136,1,A,1,502020202080,20210328,1,56
1137,2,A,0,502020202080,20210328,1,57
1138,1,A,0,502020202080,20210328,1,58
1139,2,A,0,502020202080,20210328,1,59
1140,1,A,0,508080202020,20210328,1,60
1141,6,C,0,508080202020,20210328,1,61
1142,5,C,0,508080202020,20210328,1,62
1143,6,C,0,508080202020,20210328,1,63
1144,1,A,0,508080202020,20210328,1,64
1145,2,A,0,508080202020,20210328,1,65
1146,1,A,1,508080202020,20210328,1,66
1147,2,A,1,508080202020,20210328,1,67
1148,1,A,1,508080202020,20210328,1,68
1149,2,A,1,508080202020,20210328,1,69
1150,1,A,1,508080202020,20210328,1,70
1151,2,A,1,508080202020,20210328,1,71
1152,1,A,1,508080202020,20210328,1,72
1153,2,A,1,508080202020,20210328,1,73
1154,1,A,0,508080202020,20210328,1,74
1155,2,A,1,508080202020,20210328,1,75
1156,1,A,0,508080202020,20210328,1,76
1157,2,A,0,508080202020,20210328,1,77
1158,1,A,1,508080202020,20210328,1,78
1159,2,A,1,508080202020,20210328,1,79
1160,1,A,1,508080202020,20210328,1,80
1161,2,A,0,508080202020,20210328,1,81
1162,1,A,0,508080202020,20210328,1,82
1163,2,A,1,508080202020,20210328,1,83
1164,1,A,1,508080202020,20210328,1,84
1165,2,A,0,508080202020,20210328,1,85
1166,1,A,0,508080202020,20210328,1,86
1167,2,A,1,508080202020,20210328,1,87
1168,1,A,1,508080202020,20210328,1,88
1169,2,A,0,508080202020,20210328,1,89
1170,1,A,0,508080202020,20210328,1,90
1171,2,A,1,508080202020,20210328,1,91
1172,1,A,0,508080202020,20210328,1,92
1173,2,A,1,508080202020,20210328,1,93
1174,1,A,1,508080202020,20210328,1,94
1175,2,A,1,508080202020,20210328,1,95
1176,1,A,1,508080202020,20210328,1,96
1177,2,A,1,508080202020,20210328,1,97
1178,1,A,0,508080202020,20210328,1,98
1179,2,A,1,508080202020,20210328,1,99
1180,1,A,0,508080202020,20210328,1,100
1181,2,A,1,508080202020,20210328,1,101
1182,1,A,1,508080202020,20210328,1,102
1183,2,A,1,508080202020,20210328,1,103
1184,1,A,0,508080202020,20210328,1,104
1185,2,A,1,508080202020,20210328,1,105
1186,1,A,0,508080202020,20210328,1,106
1187,2,A,1,508080202020,20210328,1,107
1188,1,A,0,508080202020,20210328,1,108
1189,2,A,1,508080202020,20210328,1,109
1190,1,A,0,508080202020,20210328,1,110
1191,2,A,1,508080202020,20210328,1,111
1192,1,A,1,508080202020,20210328,1,112
1193,2,A,1,508080202020,20210328,1,113
1194,1,A,0,508080202020,20210328,1,114
1195,2,A,1,508080202020,20210328,1,115
1196,1,A,0,508080202020,20210328,1,116
1197,2,A,1,508080202020,20210328,1,117
1198,1,A,1,508080202020,20210328,1,118
1199,2,A,1,508080202020,20210328,1,119
1200,1,A,0,202080505020,20210328,1,120
1201,2,A,1,202080505020,20210328,1,121
1202,1,A,0,202080505020,20210328,1,122
1203,2,A,0,202080505020,20210328,1,123
1204,1,A,1,202080505020,20210328,1,124
1205,2,A,1,202080505020,20210328,1,125
1206,1,A,1,202080505020,20210328,1,126
1207,2,A,0,202080505020,20210328,1,127
1208,1,A,0,202080505020,20210328,1,128
1209,2,A,1,202080505020,20210328,1,129
1210,1,A,0,202080505020,20210328,1,130
1211,2,A,0,202080505020,20210328,1,131
1212,6,C,0,202080505020,20210328,1,132
1213,5,C,0,202080505020,20210328,1,133
1214,6,C,1,202080505020,20210328,1,134
1215,5,C,1,202080505020,20210328,1,135
1216,6,C,1,202080505020,20210328,1,136
1217,5,C,0,202080505020,20210328,1,137
1218,6,C,0,202080505020,20210328,1,138
1219,5,C,0,202080505020,20210328,1,139
1220,6,C,0,202080505020,20210328,1,140
1221,5,C,0,202080505020,20210328,1,141
1222,6,C,0,202080505020,20210328,1,142
1223,2,A,0,202080505020,20210328,1,143
1224,1,A,1,202080505020,20210328,1,144
1225,2,A,0,202080505020,20210328,1,145
1226,1,A,0,202080505020,20210328,1,146
1227,2,A,0,202080505020,20210328,1,147
1228,1,A,0,202080505020,20210328,1,148
1229,2,A,0,202080505020,20210328,1,149
1230,1,A,1,202080505020,20210328,1,150
1231,2,A,0,202080505020,20210328,1,151
1232,1,A,0,202080505020,20210328,1,152
1233,2,A,1,202080505020,20210328,1,153
1234,1,A,0,202080505020,20210328,1,154
1235,2,A,0,202080505020,20210328,1,155
1236,1,A,0,202080505020,20210328,1,156
1237,2,A,0,202080505020,20210328,1,157
1238,1,A,0,202080505020,20210328,1,158
1239,2,A,0,202080505020,20210328,1,159
1240,1,A,0,202080505020,20210328,1,160
1241,3,B,1,202080505020,20210328,1,161
1242,4,B,1,202080505020,20210328,1,162
1243,3,B,0,202080505020,20210328,1,163
1244,2,A,0,202080505020,20210328,1,164
1245,1,A,0,202080505020,20210328,1,165
1246,2,A,0,202080505020,20210328,1,166
1247,1,A,0,202080505020,20210328,1,167
1248,2,A,0,202080505020,20210328,1,168
1249,1,A,0,202080505020,20210328,1,169
1250,2,A,1,202080505020,20210328,1,170
1251,1,A,0,202080505020,20210328,1,171
1252,2,A,0,202080505020,20210328,1,172
1253,1,A,1,202080505020,20210328,1,173
1254,2,A,0,202080505020,20210328,1,174
1255,1,A,0,202080505020,20210328,1,175
1256,2,A,1,202080505020,20210328,1,176
1257,1,A,0,202080505020,20210328,1,177
1258,2,A,0,202080505020,20210328,1,178
1259,1,A,0,202080505020,20210328,1,179
1260,1,A,1,802050802020,20210328,2,0
1261,2,A,0,802050802020,20210328,2,1
1262,6,C,1,802050802020,20210328,2,2
1263,5,C,0,802050802020,20210328,2,3
1264,6,C,0,802050802020,20210328,2,4
1265,5,C,1,802050802020,20210328,2,5
1266,6,C,1,802050802020,20210328,2,6
1267,5,C,0,802050802020,20210328,2,7
1268,6,C,0,802050802020,20210328,2,8
1269,3,B,0,802050802020,20210328,2,9
1270,4,B,0,802050802020,20210328,2,10
1271,1,A,1,802050802020,20210328,2,11
1272,2,A,0,802050802020,20210328,2,12
1273,1,A,1,802050802020,20210328,2,13
1274,2,A,1,802050802020,20210328,2,14
1275,1,A,1,802050802020,20210328,2,15
1276,2,A,0,802050802020,20210328,2,16
1277,1,A,1,802050802020,20210328,2,17
1278,2,A,0,802050802020,20210328,2,18
1279,1,A,1,802050802020,20210328,2,19
1280,2,A,0,802050802020,20210328,2,20
1281,1,A,0,802050802020,20210328,2,21
1282,2,A,0,802050802020,20210328,2,22
1283,1,A,1,802050802020,20210328,2,23
1284,2,A,1,802050802020,20210328,2,24
1285,1,A,0,802050802020,20210328,2,25
1286,2,A,1,802050802020,20210328,2,26
1287,1,A,0,802050802020,20210328,2,27
1288,2,A,1,802050802020,20210328,2,28
1289,1,A,1,802050802020,20210328,2,29
1290,2,A,0,802050802020,20210328,2,30
1291,1,A,0,802050802020,20210328,2,31
1292,2,A,0,802050802020,20210328,2,32
1293,1,A,1,802050802020,20210328,2,33
1294,2,A,0,802050802020,20210328,2,34
1295,1,A,0,802050802020,20210328,2,35
1296,2,A,0,802050802020,20210328,2,36
1297,1,A,0,802050802020,20210328,2,37
1298,2,A,0,802050802020,20210328,2,38
1299,1,A,1,802050802020,20210328,2,39
1300,6,C,1,802050802020,20210328,2,40
1301,5,C,0,802050802020,20210328,2,41
1302,6,C,0,802050802020,20210328,2,42
1303,5,C,0,802050802020,20210328,2,43
1304,6,C,1,802050802020,20210328,2,44
1305,3,B,1,802050802020,20210328,2,45
1306,4,B,0,802050802020,20210328,2,46
1307,3,B,0,802050802020,20210328,2,47
1308,4,B,1,802050802020,20210328,2,48
1309,1,A,1,802050802020,20210328,2,49
1310,2,A,1,802050802020,20210328,2,50
1311,1,A,0,802050802020,20210328,2,51
1312,2,A,0,802050802020,20210328,2,52
1313,1,A,1,802050802020,20210328,2,53
1314,2,A,0,802050802020,20210328,2,54
1315,1,A,1,802050802020,20210328,2,55
1316,2,A,0,802050802020,20210328,2,56
1317,1,A,1,802050802020,20210328,2,57
1318,2,A,0,802050802020,20210328,2,58
1319,1,A,1,802050802020,20210328,2,59
1320,2,A,0,805020202080,20210328,2,60
1321,1,A,1,805020202080,20210328,2,61
1322,2,A,1,805020202080,20210328,2,62
1323,1,A,1,805020202080,20210328,2,63
1324,2,A,0,805020202080,20210328,2,64
1325,1,A,0,805020202080,20210328,2,65
1326,2,A,1,805020202080,20210328,2,66
1327,1,A,1,805020202080,20210328,2,67
1328,2,A,0,805020202080,20210328,2,68
1329,1,A,1,805020202080,20210328,2,69
1330,2,A,0,805020202080,20210328,2,70
1331,1,A,1,805020202080,20210328,2,71
1332,2,A,1,805020202080,20210328,2,72
1333,1,A,1,805020202080,20210328,2,73
1334,2,A,1,805020202080,20210328,2,74
1335,1,A,1,805020202080,20210328,2,75
1336,2,A,1,805020202080,20210328,2,76
1337,1,A,1,805020202080,20210328,2,77
1338,2,A,1,805020202080,20210328,2,78
1339,1,A,1,805020202080,20210328,2,79
1340,2,A,0,805020202080,20210328,2,80
1341,1,A,1,805020202080,20210328,2,81
1342,2,A,1,805020202080,20210328,2,82
1343,1,A,1,805020202080,20210328,2,83
1344,2,A,0,805020202080,20210328,2,84
1345,1,A,1,805020202080,20210328,2,85
1346,2,A,0,805020202080,20210328,2,86
1347,1,A,1,805020202080,20210328,2,87
1348,2,A,1,805020202080,20210328,2,88
1349,1,A,1,805020202080,20210328,2,89
1350,2,A,1,805020202080,20210328,2,90
1351,1,A,1,805020202080,20210328,2,91
1352,2,A,1,805020202080,20210328,2,92
1353,1,A,0,805020202080,20210328,2,93
1354,2,A,0,805020202080,20210328,2,94
1355,1,A,0,805020202080,20210328,2,95
1356,2,A,1,805020202080,20210328,2,96
1357,1,A,1,805020202080,20210328,2,97
1358,2,A,1,805020202080,20210328,2,98
1359,1,A,1,805020202080,20210328,2,99
1360,2,A,1,805020202080,20210328,2,100
1361,1,A,1,805020202080,20210328,2,101
1362,2,A,1,805020202080,20210328,2,102
1363,1,A,1,805020202080,20210328,2,103
1364,2,A,0,805020202080,20210328,2,104
1365,1,A,1,805020202080,20210328,2,105
1366,2,A,1,805020202080,20210328,2,106
1367,1,A,1,805020202080,20210328,2,107
1368,2,A,1,805020202080,20210328,2,108
1369,1,A,0,805020202080,20210328,2,109
1370,2,A,0,805020202080,20210328,2,110
1371,1,A,1,805020202080,20210328,2,111
1372,2,A,0,805020202080,20210328,2,112
1373,1,A,1,805020202080,20210328,2,113
1374,2,A,1,805020202080,20210328,2,114
1375,1,A,1,805020202080,20210328,2,115
1376,2,A,1,805020202080,20210328,2,116
1377,1,A,1,805020202080,20210328,2,117
1378,2,A,0,805020202080,20210328,2,118
1379,1,A,1,805020202080,20210328,2,119
1380,2,A,0,205020202020,20210328,2,120
1381,1,A,0,205020202020,20210328,2,121
1382,2,A,1,205020202020,20210328,2,122
1383,1,A,0,205020202020,20210328,2,123
1384,2,A,1,205020202020,20210328,2,124
1385,1,A,0,205020202020,20210328,2,125
1386,2,A,1,205020202020,20210328,2,126
1387,1,A,0,205020202020,20210328,2,127
1388,2,A,1,205020202020,20210328,2,128
1389,1,A,0,205020202020,20210328,2,129
1390,2,A,0,205020202020,20210328,2,130
1391,1,A,0,205020202020,20210328,2,131
1392,2,A,1,205020202020,20210328,2,132
1393,1,A,0,205020202020,20210328,2,133
1394,2,A,0,205020202020,20210328,2,134
1395,1,A,0,205020202020,20210328,2,135
1396,2,A,0,205020202020,20210328,2,136
1397,6,C,1,205020202020,20210328,2,137
1398,5,C,1,205020202020,20210328,2,138
1399,6,C,0,205020202020,20210328,2,139
1400,5,C,0,205020202020,20210328,2,140
1401,6,C,0,205020202020,20210328,2,141
1402,3,B,0,205020202020,20210328,2,142
1403,4,B,1,205020202020,20210328,2,143
1404,3,B,1,205020202020,20210328,2,144
1405,4,B,0,205020202020,20210328,2,145
1406,3,B,0,205020202020,20210328,2,146
1407,4,B,0,205020202020,20210328,2,147
1408,1,A,1,205020202020,20210328,2,148
1409,2,A,0,205020202020,20210328,2,149
1410,1,A,0,205020202020,20210328,2,150
1411,2,A,1,205020202020,20210328,2,151
1412,1,A,1,205020202020,20210328,2,152
1413,2,A,0,205020202020,20210328,2,153
1414,1,A,0,205020202020,20210328,2,154
1415,2,A,1,205020202020,20210328,2,155
1416,1,A,0,205020202020,20210328,2,156
1417,2,A,0,205020202020,20210328,2,157
1418,1,A,0,205020202020,20210328,2,158
1419,2,A,1,205020202020,20210328,2,159
1420,1,A,0,205020202020,20210328,2,160
1421,2,A,0,205020202020,20210328,2,161
1422,1,A,0,205020202020,20210328,2,162
1423,2,A,1,205020202020,20210328,2,163
1424,1,A,0,205020202020,20210328,2,164
1425,2,A,0,205020202020,20210328,2,165
1426,1,A,0,205020202020,20210328,2,166
1427,2,A,0,205020202020,20210328,2,167
1428,1,A,0,205020202020,20210328,2,168
1429,2,A,1,205020202020,20210328,2,169
1430,1,A,0,205020202020,20210328,2,170
1431,2,A,1,205020202020,20210328,2,171
1432,1,A,0,205020202020,20210328,2,172
1433,2,A,1,205020202020,20210328,2,173
1434,6,C,0,205020202020,20210328,2,174
1435,5,C,0,205020202020,20210328,2,175
1436,6,C,0,205020202020,20210328,2,176
1437,3,B,1,205020202020,20210328,2,177
1438,4,B,0,205020202020,20210328,2,178
1439,3,B,1,205020202020,20210328,2,179
1440,1,A,1,502020205080,20210328,3,0
1441,2,A,0,502020205080,20210328,3,1
1442,1,A,1,502020205080,20210328,3,2
1443,2,A,1,502020205080,20210328,3,3
1444,1,A,1,502020205080,20210328,3,4
1445,2,A,0,502020205080,20210328,3,5
1446,1,A,1,502020205080,20210328,3,6
1447,6,C,0,502020205080,20210328,3,7
1448,5,C,1,502020205080,20210328,3,8
1449,6,C,1,502020205080,20210328,3,9
1450,3,B,0,502020205080,20210328,3,10
1451,4,B,0,502020205080,20210328,3,11
1452,3,B,0,502020205080,20210328,3,12
1453,4,B,0,502020205080,20210328,3,13
1454,1,A,1,502020205080,20210328,3,14
1455,2,A,0,502020205080,20210328,3,15
1456,1,A,0,502020205080,20210328,3,16
1457,2,A,0,502020205080,20210328,3,17
1458,1,A,0,502020205080,20210328,3,18
1459,2,A,0,502020205080,20210328,3,19
1460,1,A,0,502020205080,20210328,3,20
1461,6,C,1,502020205080,20210328,3,21
1462,5,C,1,502020205080,20210328,3,22
1463,6,C,1,502020205080,20210328,3,23
1464,5,C,1,502020205080,20210328,3,24
1465,6,C,1,502020205080,20210328,3,25
1466,5,C,1,502020205080,20210328,3,26
1467,6,C,1,502020205080,20210328,3,27
1468,5,C,1,502020205080,20210328,3,28
1469,6,C,1,502020205080,20210328,3,29
1470,5,C,1,502020205080,20210328,3,30
1471,6,C,1,502020205080,20210328,3,31
1472,5,C,0,502020205080,20210328,3,32
1473,6,C,1,502020205080,20210328,3,33
1474,5,C,1,502020205080,20210328,3,34
1475,6,C,0,502020205080,20210328,3,35
1476,5,C,0,502020205080,20210328,3,36
1477,6,C,1,502020205080,20210328,3,37
1478,5,C,1,502020205080,20210328,3,38
1479,6,C,0,502020205080,20210328,3,39
1480,5,C,0,502020205080,20210328,3,40
1481,6,C,0,502020205080,20210328,3,41
1482,5,C,1,502020205080,20210328,3,42
1483,6,C,1,502020205080,20210328,3,43
1484,3,B,0,502020205080,20210328,3,44
1485,4,B,0,502020205080,20210328,3,45
1486,3,B,0,502020205080,20210328,3,46
1487,4,B,1,502020205080,20210328,3,47
1488,3,B,0,502020205080,20210328,3,48
1489,4,B,0,502020205080,20210328,3,49
1490,1,A,1,502020205080,20210328,3,50
1491,2,A,0,502020205080,20210328,3,51
1492,1,A,0,502020205080,20210328,3,52
1493,2,A,1,502020205080,20210328,3,53
1494,1,A,1,502020205080,20210328,3,54
1495,2,A,1,502020205080,20210328,3,55
1496,1,A,1,502020205080,20210328,3,56
1497,2,A,0,502020205080,20210328,3,57
1498,1,A,0,502020205080,20210328,3,58
1499,2,A,1,502020205080,20210328,3,59
1500,1,A,0,202050202080,20210328,3,60
1501,2,A,0,202050202080,20210328,3,61
1502,1,A,0,202050202080,20210328,3,62
1503,2,A,0,202050202080,20210328,3,63
1504,1,A,0,202050202080,20210328,3,64
1505,2,A,0,202050202080,20210328,3,65
1506,1,A,0,202050202080,20210328,3,66
1507,2,A,0,202050202080,20210328,3,67
1508,1,A,0,202050202080,20210328,3,68
1509,2,A,0,202050202080,20210328,3,69
1510,6,C,1,202050202080,20210328,3,70
1511,5,C,0,202050202080,20210328,3,71
1512,6,C,1,202050202080,20210328,3,72
1513,5,C,0,202050202080,20210328,3,73
1514,6,C,1,202050202080,20210328,3,74
1515,3,B,1,202050202080,20210328,3,75
1516,4,B,0,202050202080,20210328,3,76
1517,3,B,0,202050202080,20210328,3,77
1518,1,A,0,202050202080,20210328,3,78
1519,2,A,1,202050202080,20210328,3,79
1520,1,A,0,202050202080,20210328,3,80
1521,2,A,0,202050202080,20210328,3,81
1522,1,A,1,202050202080,20210328,3,82
1523,2,A,0,202050202080,20210328,3,83
1524,1,A,0,202050202080,20210328,3,84
1525,2,A,0,202050202080,20210328,3,85
1526,1,A,0,202050202080,20210328,3,86
1527,2,A,0,202050202080,20210328,3,87
1528,1,A,1,202050202080,20210328,3,88
1529,2,A,0,202050202080,20210328,3,89
1530,6,C,0,202050202080,20210328,3,90
1531,5,C,0,202050202080,20210328,3,91
1532,6,C,1,202050202080,20210328,3,92
1533,5,C,0,202050202080,20210328,3,93
1534,6,C,1,202050202080,20210328,3,94
1535,5,C,0,202050202080,20210328,3,95
1536,6,C,0,202050202080,20210328,3,96
1537,5,C,0,202050202080,20210328,3,97
1538,6,C,1,202050202080,20210328,3,98
1539,5,C,0,202050202080,20210328,3,99
1540,6,C,1,202050202080,20210328,3,100
1541,5,C,0,202050202080,20210328,3,101
1542,6,C,1,202050202080,20210328,3,102
1543,5,C,0,202050202080,20210328,3,103
1544,6,C,1,202050202080,20210328,3,104
1545,5,C,0,202050202080,20210328,3,105
1546,6,C,0,202050202080,20210328,3,106
1547,5,C,0,202050202080,20210328,3,107
1548,6,C,1,202050202080,20210328,3,108
1549,3,B,1,202050202080,20210328,3,109
1550,4,B,0,202050202080,20210328,3,110
1551,3,B,1,202050202080,20210328,3,111
1552,4,B,0,202050202080,20210328,3,112
1553,3,B,1,202050202080,20210328,3,113
1554,1,A,0,202050202080,20210328,3,114
1555,2,A,0,202050202080,20210328,3,115
1556,1,A,0,202050202080,20210328,3,116
1557,2,A,0,202050202080,20210328,3,117
1558,1,A,0,202050202080,20210328,3,118
1559,2,A,0,202050202080,20210328,3,119
1560,1,A,0,202050505020,20210328,3,120
1561,2,A,0,202050505020,20210328,3,121
1562,6,C,0,202050505020,20210328,3,122
1563,5,C,1,202050505020,20210328,3,123
1564,6,C,0,202050505020,20210328,3,124
1565,5,C,1,202050505020,20210328,3,125
1566,6,C,0,202050505020,20210328,3,126
1567,5,C,0,202050505020,20210328,3,127
1568,6,C,0,202050505020,20210328,3,128
1569,5,C,0,202050505020,20210328,3,129
1570,6,C,0,202050505020,20210328,3,130
1571,3,B,0,202050505020,20210328,3,131
1572,4,B,1,202050505020,20210328,3,132
1573,3,B,1,202050505020,20210328,3,133
1574,4,B,0,202050505020,20210328,3,134
1575,3,B,0,202050505020,20210328,3,135
1576,4,B,0,202050505020,20210328,3,136
1577,3,B,1,202050505020,20210328,3,137
1578,4,B,0,202050505020,20210328,3,138
1579,3,B,0,202050505020,20210328,3,139
1580,4,B,1,202050505020,20210328,3,140
1581,3,B,0,202050505020,20210328,3,141
1582,4,B,0,202050505020,20210328,3,142
1583,3,B,0,202050505020,20210328,3,143
1584,1,A,0,202050505020,20210328,3,144
1585,2,A,0,202050505020,20210328,3,145
1586,1,A,0,202050505020,20210328,3,146
1587,2,A,1,202050505020,20210328,3,147
1588,6,C,1,202050505020,20210328,3,148
1589,5,C,1,202050505020,20210328,3,149
1590,6,C,0,202050505020,20210328,3,150
1591,5,C,0,202050505020,20210328,3,151
1592,6,C,0,202050505020,20210328,3,152
1593,5,C,0,202050505020,20210328,3,153
1594,6,C,0,202050505020,20210328,3,154
1595,5,C,1,202050505020,20210328,3,155
1596,6,C,0,202050505020,20210328,3,156
1597,5,C,1,202050505020,20210328,3,157
1598,6,C,0,202050505020,20210328,3,158
1599,5,C,1,202050505020,20210328,3,159
1600,6,C,0,202050505020,20210328,3,160
1601,5,C,1,202050505020,20210328,3,161
1602,6,C,0,202050505020,20210328,3,162
1603,5,C,0,202050505020,20210328,3,163
1604,6,C,0,202050505020,20210328,3,164
1605,5,C,0,202050505020,20210328,3,165
1606,6,C,0,202050505020,20210328,3,166
1607,5,C,1,202050505020,20210328,3,167
1608,6,C,0,202050505020,20210328,3,168
1609,5,C,0,202050505020,20210328,3,169
1610,6,C,0,202050505020,20210328,3,170
1611,5,C,0,202050505020,20210328,3,171
1612,6,C,0,202050505020,20210328,3,172
1613,5,C,1,202050505020,20210328,3,173
1614,6,C,0,202050505020,20210328,3,174
1615,5,C,1,202050505020,20210328,3,175
1616,6,C,0,202050505020,20210328,3,176
1617,5,C,0,202050505020,20210328,3,177
1618,6,C,1,202050505020,20210328,3,178
1619,5,C,1,202050505020,20210328,3,179
1620,1,A,0,202080205020,20210328,4,0
1621,2,A,0,202080205020,20210328,4,1
1622,6,C,0,202080205020,20210328,4,2
1623,5,C,1,202080205020,20210328,4,3
1624,6,C,0,202080205020,20210328,4,4
1625,5,C,1,202080205020,20210328,4,5
1626,6,C,0,202080205020,20210328,4,6
1627,5,C,0,202080205020,20210328,4,7
1628,6,C,1,202080205020,20210328,4,8
1629,3,B,1,202080205020,20210328,4,9
1630,4,B,1,202080205020,20210328,4,10
1631,3,B,1,202080205020,20210328,4,11
1632,4,B,0,202080205020,20210328,4,12
1633,3,B,0,202080205020,20210328,4,13
1634,6,C,1,202080205020,20210328,4,14
1635,5,C,0,202080205020,20210328,4,15
1636,6,C,0,202080205020,20210328,4,16
1637,5,C,0,202080205020,20210328,4,17
1638,6,C,0,202080205020,20210328,4,18
1639,5,C,0,202080205020,20210328,4,19
1640,6,C,1,202080205020,20210328,4,20
1641,2,A,0,202080205020,20210328,4,21
1642,1,A,0,202080205020,20210328,4,22
1643,2,A,0,202080205020,20210328,4,23
1644,1,A,0,202080205020,20210328,4,24
1645,3,B,1,202080205020,20210328,4,25
1646,4,B,0,202080205020,20210328,4,26
1647,3,B,0,202080205020,20210328,4,27
1648,1,A,0,202080205020,20210328,4,28
1649,2,A,0,202080205020,20210328,4,29
1650,1,A,0,202080205020,20210328,4,30
1651,2,A,0,202080205020,20210328,4,31
1652,1,A,0,202080205020,20210328,4,32
1653,6,C,0,202080205020,20210328,4,33
1654,5,C,0,202080205020,20210328,4,34
1655,6,C,1,202080205020,20210328,4,35
1656,5,C,1,202080205020,20210328,4,36
1657,6,C,0,202080205020,20210328,4,37
1658,5,C,1,202080205020,20210328,4,38
1659,6,C,0,202080205020,20210328,4,39
1660,5,C,0,202080205020,20210328,4,40
1661,6,C,0,202080205020,20210328,4,41
1662,5,C,1,202080205020,20210328,4,42
1663,6,C,0,202080205020,20210328,4,43
1664,5,C,1,202080205020,20210328,4,44
1665,6,C,0,202080205020,20210328,4,45
1666,5,C,0,202080205020,20210328,4,46
1667,6,C,0,202080205020,20210328,4,47
1668,5,C,1,202080205020,20210328,4,48
1669,3,B,1,202080205020,20210328,4,49
1670,4,B,0,202080205020,20210328,4,50
1671,3,B,0,202080205020,20210328,4,51
1672,4,B,0,202080205020,20210328,4,52
1673,3,B,1,202080205020,20210328,4,53
1674,1,A,0,202080205020,20210328,4,54
1675,2,A,0,202080205020,20210328,4,55
1676,1,A,0,202080205020,20210328,4,56
1677,5,C,1,202080205020,20210328,4,57
1678,6,C,1,202080205020,20210328,4,58
1679,5,C,0,202080205020,20210328,4,59
1680,6,C,0,505020202020,20210328,4,60
1681,5,C,0,505020202020,20210328,4,61
1682,6,C,0,505020202020,20210328,4,62
1683,5,C,0,505020202020,20210328,4,63
1684,6,C,0,505020202020,20210328,4,64
1685,5,C,0,505020202020,20210328,4,65
1686,6,C,0,505020202020,20210328,4,66
1687,5,C,0,505020202020,20210328,4,67
1688,6,C,0,505020202020,20210328,4,68
1689,5,C,0,505020202020,20210328,4,69
1690,3,B,0,505020202020,20210328,4,70
1691,4,B,0,505020202020,20210328,4,71
1692,3,B,1,505020202020,20210328,4,72
1693,2,A,0,505020202020,20210328,4,73
1694,1,A,0,505020202020,20210328,4,74
1695,2,A,0,505020202020,20210328,4,75
1696,1,A,0,505020202020,20210328,4,76
1697,5,C,0,505020202020,20210328,4,77
1698,6,C,0,505020202020,20210328,4,78
1699,5,C,0,505020202020,20210328,4,79
1700,6,C,0,505020202020,20210328,4,80
1701,5,C,1,505020202020,20210328,4,81
1702,6,C,0,505020202020,20210328,4,82
1703,5,C,1,505020202020,20210328,4,83
1704,6,C,1,505020202020,20210328,4,84
1705,5,C,0,505020202020,20210328,4,85
1706,6,C,0,505020202020,20210328,4,86
1707,5,C,0,505020202020,20210328,4,87
1708,6,C,0,505020202020,20210328,4,88
1709,5,C,0,505020202020,20210328,4,89
1710,6,C,0,505020202020,20210328,4,90
1711,5,C,0,505020202020,20210328,4,91
1712,3,B,0,505020202020,20210328,4,92
1713,4,B,1,505020202020,20210328,4,93
1714,3,B,0,505020202020,20210328,4,94
1715,4,B,1,505020202020,20210328,4,95
1716,3,B,0,505020202020,20210328,4,96
1717,4,B,1,505020202020,20210328,4,97
1718,3,B,0,505020202020,20210328,4,98
1719,4,B,0,505020202020,20210328,4,99
1720,3,B,0,505020202020,20210328,4,100
1721,4,B,0,505020202020,20210328,4,101
1722,3,B,0,505020202020,20210328,4,102
1723,2,A,1,505020202020,20210328,4,103
1724,1,A,0,505020202020,20210328,4,104
1725,2,A,1,505020202020,20210328,4,105
1726,1,A,0,505020202020,20210328,4,106
1727,2,A,0,505020202020,20210328,4,107
1728,1,A,0,505020202020,20210328,4,108
1729,2,A,0,505020202020,20210328,4,109
1730,6,C,0,505020202020,20210328,4,110
1731,5,C,0,505020202020,20210328,4,111
1732,6,C,0,505020202020,20210328,4,112
1733,5,C,0,505020202020,20210328,4,113
1734,6,C,0,505020202020,20210328,4,114
1735,5,C,0,505020202020,20210328,4,115
1736,3,B,0,505020202020,20210328,4,116
1737,4,B,0,505020202020,20210328,4,117
1738,3,B,0,505020202020,20210328,4,118
1739,4,B,0,505020202020,20210328,4,119
1740,3,B,1,202020202050,20210328,4,120
1741,4,B,1,202020202050,20210328,4,121
1742,3,B,0,202020202050,20210328,4,122
1743,4,B,1,202020202050,20210328,4,123
1744,3,B,1,202020202050,20210328,4,124
1745,4,B,0,202020202050,20210328,4,125
1746,3,B,0,202020202050,20210328,4,126
1747,4,B,0,202020202050,20210328,4,127
1748,3,B,0,202020202050,20210328,4,128
1749,4,B,0,202020202050,20210328,4,129
1750,2,A,0,202020202050,20210328,4,130
1751,1,A,0,202020202050,20210328,4,131
1752,2,A,1,202020202050,20210328,4,132
1753,1,A,0,202020202050,20210328,4,133
1754,2,A,0,202020202050,20210328,4,134
1755,5,C,1,202020202050,20210328,4,135
1756,6,C,1,202020202050,20210328,4,136
1757,5,C,0,202020202050,20210328,4,137
1758,6,C,0,202020202050,20210328,4,138
1759,5,C,0,202020202050,20210328,4,139
1760,6,C,0,202020202050,20210328,4,140
1761,5,C,1,202020202050,20210328,4,141
1762,6,C,1,202020202050,20210328,4,142
1763,5,C,0,202020202050,20210328,4,143
1764,6,C,1,202020202050,20210328,4,144
1765,5,C,1,202020202050,20210328,4,145
1766,6,C,0,202020202050,20210328,4,146
1767,5,C,0,202020202050,20210328,4,147
1768,6,C,1,202020202050,20210328,4,148
1769,5,C,1,202020202050,20210328,4,149
1770,6,C,1,202020202050,20210328,4,150
1771,5,C,0,202020202050,20210328,4,151
1772,6,C,0,202020202050,20210328,4,152
1773,5,C,0,202020202050,20210328,4,153
1774,6,C,1,202020202050,20210328,4,154
1775,5,C,0,202020202050,20210328,4,155
1776,6,C,1,202020202050,20210328,4,156
1777,5,C,0,202020202050,20210328,4,157
1778,6,C,0,202020202050,20210328,4,158
1779,5,C,0,202020202050,20210328,4,159
1780,6,C,1,202020202050,20210328,4,160
1781,5,C,0,202020202050,20210328,4,161
1782,6,C,0,202020202050,20210328,4,162
1783,5,C,0,202020202050,20210328,4,163
1784,6,C,0,202020202050,20210328,4,164
1785,5,C,0,202020202050,20210328,4,165
1786,6,C,0,202020202050,20210328,4,166
1787,5,C,0,202020202050,20210328,4,167
1788,6,C,0,202020202050,20210328,4,168
1789,3,B,0,202020202050,20210328,4,169
1790,4,B,0,202020202050,20210328,4,170
1791,3,B,0,202020202050,20210328,4,171
1792,4,B,0,202020202050,20210328,4,172
1793,2,A,0,202020202050,20210328,4,173
1794,1,A,0,202020202050,20210328,4,174
1795,2,A,0,202020202050,20210328,4,175
1796,6,C,0,202020202050,20210328,4,176
1797,5,C,0,202020202050,20210328,4,177
1798,6,C,0,202020202050,20210328,4,178
1799,5,C,0,202020202050,20210328,4,179
1800,5,C,1,508050202020,20210328,5,0
1801,6,C,0,508050202020,20210328,5,1
1802,5,C,0,508050202020,20210328,5,2
1803,6,C,1,508050202020,20210328,5,3
1804,1,A,0,508050202020,20210328,5,4
1805,2,A,0,508050202020,20210328,5,5
1806,5,C,1,508050202020,20210328,5,6
1807,6,C,1,508050202020,20210328,5,7
1808,5,C,0,508050202020,20210328,5,8
1809,6,C,0,508050202020,20210328,5,9
1810,5,C,0,508050202020,20210328,5,10
1811,6,C,0,508050202020,20210328,5,11
1812,3,B,1,508050202020,20210328,5,12
1813,4,B,1,508050202020,20210328,5,13
1814,3,B,0,508050202020,20210328,5,14
1815,4,B,0,508050202020,20210328,5,15
1816,2,A,1,508050202020,20210328,5,16
1817,1,A,0,508050202020,20210328,5,17
1818,2,A,1,508050202020,20210328,5,18
1819,1,A,1,508050202020,20210328,5,19
1820,2,A,1,508050202020,20210328,5,20
1821,1,A,0,508050202020,20210328,5,21
1822,2,A,1,508050202020,20210328,5,22
1823,1,A,0,508050202020,20210328,5,23
1824,2,A,0,508050202020,20210328,5,24
1825,5,C,0,508050202020,20210328,5,25
1826,6,C,0,508050202020,20210328,5,26
1827,5,C,0,508050202020,20210328,5,27
1828,6,C,0,508050202020,20210328,5,28
1829,3,B,1,508050202020,20210328,5,29
1830,4,B,0,508050202020,20210328,5,30
1831,3,B,1,508050202020,20210328,5,31
1832,4,B,0,508050202020,20210328,5,32
1833,3,B,1,508050202020,20210328,5,33
1834,2,A,1,508050202020,20210328,5,34
1835,1,A,0,508050202020,20210328,5,35
1836,2,A,1,508050202020,20210328,5,36
1837,1,A,1,508050202020,20210328,5,37
1838,2,A,0,508050202020,20210328,5,38
1839,1,A,0,508050202020,20210328,5,39
1840,2,A,1,508050202020,20210328,5,40
1841,5,C,0,508050202020,20210328,5,41
1842,6,C,0,508050202020,20210328,5,42
1843,5,C,0,508050202020,20210328,5,43
1844,6,C,0,508050202020,20210328,5,44
1845,5,C,1,508050202020,20210328,5,45
1846,6,C,1,508050202020,20210328,5,46
1847,5,C,0,508050202020,20210328,5,47
1848,6,C,0,508050202020,20210328,5,48
1849,5,C,0,508050202020,20210328,5,49
1850,6,C,0,508050202020,20210328,5,50
1851,3,B,0,508050202020,20210328,5,51
1852,4,B,0,508050202020,20210328,5,52
1853,3,B,1,508050202020,20210328,5,53
1854,2,A,1,508050202020,20210328,5,54
1855,1,A,1,508050202020,20210328,5,55
1856,2,A,1,508050202020,20210328,5,56
1857,1,A,0,508050202020,20210328,5,57
1858,2,A,1,508050202020,20210328,5,58
1859,1,A,0,508050202020,20210328,5,59
1860,2,A,1,502020208020,20210328,5,60
1861,1,A,0,502020208020,20210328,5,61
1862,2,A,0,502020208020,20210328,5,62
1863,1,A,1,502020208020,20210328,5,63
1864,2,A,0,502020208020,20210328,5,64
1865,1,A,1,502020208020,20210328,5,65
1866,2,A,0,502020208020,20210328,5,66
1867,1,A,1,502020208020,20210328,5,67
1868,2,A,0,502020208020,20210328,5,68
1869,1,A,1,502020208020,20210328,5,69
1870,2,A,1,502020208020,20210328,5,70
1871,1,A,0,502020208020,20210328,5,71
1872,2,A,0,502020208020,20210328,5,72
1873,1,A,1,502020208020,20210328,5,73
1874,2,A,0,502020208020,20210328,5,74
1875,1,A,0,502020208020,20210328,5,75
1876,2,A,0,502020208020,20210328,5,76
1877,1,A,1,502020208020,20210328,5,77
1878,2,A,0,502020208020,20210328,5,78
1879,1,A,1,502020208020,20210328,5,79
1880,2,A,1,502020208020,20210328,5,80
1881,1,A,0,502020208020,20210328,5,81
1882,2,A,0,502020208020,20210328,5,82
1883,1,A,1,502020208020,20210328,5,83
1884,2,A,0,502020208020,20210328,5,84
1885,1,A,1,502020208020,20210328,5,85
1886,2,A,0,502020208020,20210328,5,86
1887,1,A,1,502020208020,20210328,5,87
1888,2,A,0,502020208020,20210328,5,88
1889,1,A,0,502020208020,20210328,5,89
1890,2,A,0,502020208020,20210328,5,90
1891,1,A,1,502020208020,20210328,5,91
1892,5,C,1,502020208020,20210328,5,92
1893,6,C,0,502020208020,20210328,5,93
1894,5,C,1,502020208020,20210328,5,94
1895,6,C,0,502020208020,20210328,5,95
1896,5,C,1,502020208020,20210328,5,96
1897,6,C,1,502020208020,20210328,5,97
1898,5,C,1,502020208020,20210328,5,98
1899,6,C,0,502020208020,20210328,5,99
1900,5,C,1,502020208020,20210328,5,100
1901,6,C,0,502020208020,20210328,5,101
1902,5,C,1,502020208020,20210328,5,102
1903,6,C,0,502020208020,20210328,5,103
1904,5,C,0,502020208020,20210328,5,104
1905,6,C,1,502020208020,20210328,5,105
1906,5,C,1,502020208020,20210328,5,106
1907,6,C,0,502020208020,20210328,5,107
1908,5,C,1,502020208020,20210328,5,108
1909,6,C,0,502020208020,20210328,5,109
1910,5,C,1,502020208020,20210328,5,110
1911,6,C,0,502020208020,20210328,5,111
1912,5,C,1,502020208020,20210328,5,112
1913,6,C,0,502020208020,20210328,5,113
1914,5,C,1,502020208020,20210328,5,114
1915,6,C,0,502020208020,20210328,5,115
1916,5,C,1,502020208020,20210328,5,116
1917,6,C,0,502020208020,20210328,5,117
1918,5,C,1,502020208020,20210328,5,118
1919,6,C,0,502020208020,20210328,5,119
1920,5,C,1,202050802020,20210328,5,120
1921,6,C,0,202050802020,20210328,5,121
1922,5,C,0,202050802020,20210328,5,122
1923,3,B,1,202050802020,20210328,5,123
1924,4,B,1,202050802020,20210328,5,124
1925,3,B,1,202050802020,20210328,5,125
1926,4,B,1,202050802020,20210328,5,126
1927,3,B,1,202050802020,20210328,5,127
1928,4,B,1,202050802020,20210328,5,128
1929,3,B,0,202050802020,20210328,5,129
1930,4,B,1,202050802020,20210328,5,130
1931,3,B,1,202050802020,20210328,5,131
1932,4,B,1,202050802020,20210328,5,132
1933,3,B,1,202050802020,20210328,5,133
1934,4,B,1,202050802020,20210328,5,134
1935,3,B,0,202050802020,20210328,5,135
1936,4,B,1,202050802020,20210328,5,136
1937,3,B,0,202050802020,20210328,5,137
1938,4,B,0,202050802020,20210328,5,138
1939,3,B,1,202050802020,20210328,5,139
1940,4,B,1,202050802020,20210328,5,140
1941,3,B,1,202050802020,20210328,5,141
1942,4,B,1,202050802020,20210328,5,142
1943,3,B,0,202050802020,20210328,5,143
1944,4,B,0,202050802020,20210328,5,144
1945,3,B,1,202050802020,20210328,5,145
1946,4,B,1,202050802020,20210328,5,146
1947,3,B,1,202050802020,20210328,5,147
1948,4,B,1,202050802020,20210328,5,148
1949,3,B,1,202050802020,20210328,5,149
1950,4,B,1,202050802020,20210328,5,150
1951,3,B,0,202050802020,20210328,5,151
1952,4,B,1,202050802020,20210328,5,152
1953,3,B,1,202050802020,20210328,5,153
1954,4,B,1,202050802020,20210328,5,154
1955,3,B,1,202050802020,20210328,5,155
1956,4,B,1,202050802020,20210328,5,156
1957,3,B,1,202050802020,20210328,5,157
1958,4,B,0,202050802020,20210328,5,158
1959,3,B,0,202050802020,20210328,5,159
1960,4,B,0,202050802020,20210328,5,160
1961,3,B,1,202050802020,20210328,5,161
1962,4,B,1,202050802020,20210328,5,162
1963,3,B,0,202050802020,20210328,5,163
1964,4,B,1,202050802020,20210328,5,164
1965,3,B,1,202050802020,20210328,5,165
1966,4,B,1,202050802020,20210328,5,166
1967,3,B,1,202050802020,20210328,5,167
1968,4,B,0,202050802020,20210328,5,168
1969,3,B,1,202050802020,20210328,5,169
1970,4,B,1,202050802020,20210328,5,170
1971,3,B,0,202050802020,20210328,5,171
1972,4,B,1,202050802020,20210328,5,172
1973,3,B,1,202050802020,20210328,5,173
1974,4,B,1,202050802020,20210328,5,174
1975,3,B,1,202050802020,20210328,5,175
1976,4,B,1,202050802020,20210328,5,176
1977,3,B,0,202050802020,20210328,5,177
1978,4,B,1,202050802020,20210328,5,178
1979,3,B,0,202050802020,20210328,5,179
1980,1,A,0,202020508050,20210328,6,0
1981,2,A,0,202020508050,20210328,6,1
1982,5,C,1,202020508050,20210328,6,2
1983,6,C,1,202020508050,20210328,6,3
1984,5,C,1,202020508050,20210328,6,4
1985,6,C,0,202020508050,20210328,6,5
1986,5,C,0,202020508050,20210328,6,6
1987,6,C,1,202020508050,20210328,6,7
1988,3,B,0,202020508050,20210328,6,8
1989,4,B,0,202020508050,20210328,6,9
1990,3,B,1,202020508050,20210328,6,10
1991,4,B,1,202020508050,20210328,6,11
1992,3,B,0,202020508050,20210328,6,12
1993,4,B,1,202020508050,20210328,6,13
1994,3,B,1,202020508050,20210328,6,14
1995,4,B,0,202020508050,20210328,6,15
1996,3,B,0,202020508050,20210328,6,16
1997,4,B,0,202020508050,20210328,6,17
1998,3,B,0,202020508050,20210328,6,18
1999,4,B,0,202020508050,20210328,6,19
2000,2,A,0,202020508050,20210328,6,20
2001,1,A,0,202020508050,20210328,6,21
2002,2,A,1,202020508050,20210328,6,22
2003,1,A,0,202020508050,20210328,6,23
2004,2,A,0,202020508050,20210328,6,24
2005,5,C,1,202020508050,20210328,6,25
2006,6,C,1,202020508050,20210328,6,26
2007,5,C,1,202020508050,20210328,6,27
2008,6,C,1,202020508050,20210328,6,28
2009,5,C,1,202020508050,20210328,6,29
2010,6,C,1,202020508050,20210328,6,30
2011,5,C,0,202020508050,20210328,6,31
2012,6,C,0,202020508050,20210328,6,32
2013,5,C,1,202020508050,20210328,6,33
2014,6,C,1,202020508050,20210328,6,34
2015,5,C,1,202020508050,20210328,6,35
2016,6,C,1,202020508050,20210328,6,36
2017,5,C,0,202020508050,20210328,6,37
2018,6,C,0,202020508050,20210328,6,38
2019,5,C,1,202020508050,20210328,6,39
2020,6,C,0,202020508050,20210328,6,40
2021,5,C,1,202020508050,20210328,6,41
2022,6,C,0,202020508050,20210328,6,42
2023,5,C,1,202020508050,20210328,6,43
2024,6,C,1,202020508050,20210328,6,44
2025,5,C,1,202020508050,20210328,6,45
2026,6,C,1,202020508050,20210328,6,46
2027,5,C,1,202020508050,20210328,6,47
2028,6,C,1,202020508050,20210328,6,48
2029,5,C,1,202020508050,20210328,6,49
2030,6,C,1,202020508050,20210328,6,50
2031,5,C,1,202020508050,20210328,6,51
2032,6,C,1,202020508050,20210328,6,52
2033,5,C,0,202020508050,20210328,6,53
2034,6,C,0,202020508050,20210328,6,54
2035,5,C,1,202020508050,20210328,6,55
2036,6,C,1,202020508050,20210328,6,56
2037,5,C,1,202020508050,20210328,6,57
2038,6,C,1,202020508050,20210328,6,58
2039,5,C,1,202020508050,20210328,6,59
2040,6,C,0,802050802020,20210328,6,60
2041,5,C,0,802050802020,20210328,6,61
2042,6,C,0,802050802020,20210328,6,62
2043,5,C,0,802050802020,20210328,6,63
2044,6,C,1,802050802020,20210328,6,64
2045,5,C,1,802050802020,20210328,6,65
2046,6,C,1,802050802020,20210328,6,66
2047,5,C,0,802050802020,20210328,6,67
2048,6,C,0,802050802020,20210328,6,68
2049,5,C,0,802050802020,20210328,6,69
2050,3,B,0,802050802020,20210328,6,70
2051,4,B,1,802050802020,20210328,6,71
2052,3,B,0,802050802020,20210328,6,72
2053,4,B,1,802050802020,20210328,6,73
2054,3,B,0,802050802020,20210328,6,74
2055,4,B,1,802050802020,20210328,6,75
2056,3,B,0,802050802020,20210328,6,76
2057,4,B,1,802050802020,20210328,6,77
2058,3,B,0,802050802020,20210328,6,78
2059,4,B,1,802050802020,20210328,6,79
2060,3,B,1,802050802020,20210328,6,80
2061,4,B,1,802050802020,20210328,6,81
2062,3,B,1,802050802020,20210328,6,82
2063,4,B,0,802050802020,20210328,6,83
2064,3,B,0,802050802020,20210328,6,84
2065,4,B,1,802050802020,20210328,6,85
2066,3,B,1,802050802020,20210328,6,86
2067,4,B,0,802050802020,20210328,6,87
2068,3,B,1,802050802020,20210328,6,88
2069,4,B,1,802050802020,20210328,6,89
2070,3,B,0,802050802020,20210328,6,90
2071,4,B,1,802050802020,20210328,6,91
2072,3,B,0,802050802020,20210328,6,92
2073,4,B,1,802050802020,20210328,6,93
2074,3,B,0,802050802020,20210328,6,94
2075,4,B,1,802050802020,20210328,6,95
2076,3,B,1,802050802020,20210328,6,96
2077,4,B,1,802050802020,20210328,6,97
2078,3,B,1,802050802020,20210328,6,98
2079,4,B,1,802050802020,20210328,6,99
2080,3,B,1,802050802020,20210328,6,100
2081,4,B,1,802050802020,20210328,6,101
2082,3,B,0,802050802020,20210328,6,102
2083,4,B,1,802050802020,20210328,6,103
2084,3,B,0,802050802020,20210328,6,104
2085,4,B,1,802050802020,20210328,6,105
2086,3,B,0,802050802020,20210328,6,106
2087,4,B,1,802050802020,20210328,6,107
2088,3,B,0,802050802020,20210328,6,108
2089,4,B,1,802050802020,20210328,6,109
2090,3,B,1,802050802020,20210328,6,110
2091,4,B,1,802050802020,20210328,6,111
2092,3,B,0,802050802020,20210328,6,112
2093,4,B,1,802050802020,20210328,6,113
2094,3,B,0,802050802020,20210328,6,114
2095,4,B,1,802050802020,20210328,6,115
2096,3,B,0,802050802020,20210328,6,116
2097,4,B,1,802050802020,20210328,6,117
2098,3,B,0,802050802020,20210328,6,118
2099,4,B,1,802050802020,20210328,6,119
2100,3,B,0,502020202020,20210328,6,120
2101,4,B,1,502020202020,20210328,6,121
2102,3,B,0,502020202020,20210328,6,122
2103,4,B,0,502020202020,20210328,6,123
2104,2,A,0,502020202020,20210328,6,124
2105,1,A,0,502020202020,20210328,6,125
2106,2,A,0,502020202020,20210328,6,126
2107,1,A,1,502020202020,20210328,6,127
2108,2,A,1,502020202020,20210328,6,128
2109,1,A,0,502020202020,20210328,6,129
2110,2,A,0,502020202020,20210328,6,130
2111,1,A,1,502020202020,20210328,6,131
2112,2,A,1,502020202020,20210328,6,132
2113,1,A,1,502020202020,20210328,6,133
2114,2,A,0,502020202020,20210328,6,134
2115,1,A,0,502020202020,20210328,6,135
2116,2,A,0,502020202020,20210328,6,136
2117,1,A,1,502020202020,20210328,6,137
2118,2,A,0,502020202020,20210328,6,138
2119,1,A,0,502020202020,20210328,6,139
2120,2,A,0,502020202020,20210328,6,140
2121,1,A,1,502020202020,20210328,6,141
2122,2,A,1,502020202020,20210328,6,142
2123,1,A,0,502020202020,20210328,6,143
2124,2,A,0,502020202020,20210328,6,144
2125,1,A,1,502020202020,20210328,6,145
2126,2,A,0,502020202020,20210328,6,146
2127,1,A,0,502020202020,20210328,6,147
2128,2,A,0,502020202020,20210328,6,148
2129,1,A,1,502020202020,20210328,6,149
2130,2,A,1,502020202020,20210328,6,150
2131,1,A,1,502020202020,20210328,6,151
2132,2,A,0,502020202020,20210328,6,152
2133,1,A,1,502020202020,20210328,6,153
2134,2,A,0,502020202020,20210328,6,154
2135,1,A,1,502020202020,20210328,6,155
2136,2,A,0,502020202020,20210328,6,156
2137,1,A,1,502020202020,20210328,6,157
2138,2,A,1,502020202020,20210328,6,158
2139,1,A,0,502020202020,20210328,6,159
2140,2,A,0,502020202020,20210328,6,160
2141,1,A,1,502020202020,20210328,6,161
2142,2,A,0,502020202020,20210328,6,162
2143,1,A,0,502020202020,20210328,6,163
2144,2,A,0,502020202020,20210328,6,164
2145,1,A,0,502020202020,20210328,6,165
2146,2,A,0,502020202020,20210328,6,166
2147,1,A,1,502020202020,20210328,6,167
2148,5,C,0,502020202020,20210328,6,168
2149,6,C,1,502020202020,20210328,6,169
2150,5,C,0,502020202020,20210328,6,170
2151,6,C,0,502020202020,20210328,6,171
2152,5,C,0,502020202020,20210328,6,172
2153,6,C,0,502020202020,20210328,6,173
2154,5,C,0,502020202020,20210328,6,174
2155,6,C,1,502020202020,20210328,6,175
2156,5,C,0,502020202020,20210328,6,176
2157,6,C,1,502020202020,20210328,6,177
2158,5,C,1,502020202020,20210328,6,178
2159,6,C,1,502020202020,20210328,6,179
2160,5,C,1,502020208050,20210328,7,0
2161,6,C,0,502020208050,20210328,7,1
2162,5,C,1,502020208050,20210328,7,2
2163,6,C,1,502020208050,20210328,7,3
2164,5,C,1,502020208050,20210328,7,4
2165,6,C,0,502020208050,20210328,7,5
2166,5,C,1,502020208050,20210328,7,6
2167,3,B,0,502020208050,20210328,7,7
2168,4,B,0,502020208050,20210328,7,8
2169,3,B,0,502020208050,20210328,7,9
2170,4,B,0,502020208050,20210328,7,10
2171,2,A,0,502020208050,20210328,7,11
2172,1,A,0,502020208050,20210328,7,12
2173,2,A,0,502020208050,20210328,7,13
2174,1,A,0,502020208050,20210328,7,14
2175,2,A,0,502020208050,20210328,7,15
2176,1,A,0,502020208050,20210328,7,16
2177,2,A,1,502020208050,20210328,7,17
2178,1,A,1,502020208050,20210328,7,18
2179,2,A,0,502020208050,20210328,7,19
2180,1,A,0,502020208050,20210328,7,20
2181,2,A,0,502020208050,20210328,7,21
2182,1,A,1,502020208050,20210328,7,22
2183,2,A,0,502020208050,20210328,7,23
2184,1,A,1,502020208050,20210328,7,24
2185,2,A,1,502020208050,20210328,7,25
2186,1,A,1,502020208050,20210328,7,26
2187,2,A,0,502020208050,20210328,7,27
2188,1,A,1,502020208050,20210328,7,28
2189,2,A,0,502020208050,20210328,7,29
2190,1,A,0,502020208050,20210328,7,30
2191,2,A,1,502020208050,20210328,7,31
2192,1,A,0,502020208050,20210328,7,32
2193,2,A,1,502020208050,20210328,7,33
2194,1,A,1,502020208050,20210328,7,34
2195,2,A,0,502020208050,20210328,7,35
2196,1,A,0,502020208050,20210328,7,36
2197,2,A,0,502020208050,20210328,7,37
2198,1,A,0,502020208050,20210328,7,38
2199,2,A,0,502020208050,20210328,7,39
2200,1,A,1,502020208050,20210328,7,40
2201,2,A,0,502020208050,20210328,7,41
2202,1,A,0,502020208050,20210328,7,42
2203,2,A,0,502020208050,20210328,7,43
2204,1,A,1,502020208050,20210328,7,44
2205,6,C,0,502020208050,20210328,7,45
2206,5,C,1,502020208050,20210328,7,46
2207,6,C,0,502020208050,20210328,7,47
2208,5,C,1,502020208050,20210328,7,48
2209,6,C,0,502020208050,20210328,7,49
2210,5,C,1,502020208050,20210328,7,50
2211,6,C,0,502020208050,20210328,7,51
2212,5,C,1,502020208050,20210328,7,52
2213,6,C,0,502020208050,20210328,7,53
2214,5,C,1,502020208050,20210328,7,54
2215,6,C,0,502020208050,20210328,7,55
2216,5,C,0,502020208050,20210328,7,56
2217,6,C,0,502020208050,20210328,7,57
2218,5,C,1,502020208050,20210328,7,58
2219,6,C,0,502020208050,20210328,7,59
2220,5,C,0,802050802050,20210328,7,60
2221,6,C,0,802050802050,20210328,7,61
2222,5,C,0,802050802050,20210328,7,62
2223,6,C,1,802050802050,20210328,7,63
2224,5,C,0,802050802050,20210328,7,64
2225,6,C,1,802050802050,20210328,7,65
2226,5,C,0,802050802050,20210328,7,66
2227,6,C,0,802050802050,20210328,7,67
2228,5,C,0,802050802050,20210328,7,68
2229,4,B,1,802050802050,20210328,7,69
2230,3,B,0,802050802050,20210328,7,70
2231,4,B,1,802050802050,20210328,7,71
2232,3,B,1,802050802050,20210328,7,72
2233,4,B,0,802050802050,20210328,7,73
2234,3,B,1,802050802050,20210328,7,74
2235,4,B,1,802050802050,20210328,7,75
2236,3,B,1,802050802050,20210328,7,76
2237,4,B,1,802050802050,20210328,7,77
2238,3,B,1,802050802050,20210328,7,78
2239,4,B,1,802050802050,20210328,7,79
2240,3,B,0,802050802050,20210328,7,80
2241,4,B,0,802050802050,20210328,7,81
2242,3,B,0,802050802050,20210328,7,82
2243,4,B,0,802050802050,20210328,7,83
2244,3,B,0,802050802050,20210328,7,84
2245,4,B,1,802050802050,20210328,7,85
2246,3,B,1,802050802050,20210328,7,86
2247,4,B,1,802050802050,20210328,7,87
2248,3,B,1,802050802050,20210328,7,88
2249,4,B,1,802050802050,20210328,7,89
2250,3,B,1,802050802050,20210328,7,90
2251,4,B,0,802050802050,20210328,7,91
2252,3,B,1,802050802050,20210328,7,92
2253,4,B,1,802050802050,20210328,7,93
2254,3,B,1,802050802050,20210328,7,94
2255,4,B,1,802050802050,20210328,7,95
2256,3,B,1,802050802050,20210328,7,96
2257,4,B,1,802050802050,20210328,7,97
2258,3,B,1,802050802050,20210328,7,98
2259,4,B,1,802050802050,20210328,7,99
2260,3,B,1,802050802050,20210328,7,100
2261,4,B,1,802050802050,20210328,7,101
2262,3,B,1,802050802050,20210328,7,102
2263,4,B,1,802050802050,20210328,7,103
2264,3,B,1,802050802050,20210328,7,104
2265,4,B,1,802050802050,20210328,7,105
2266,3,B,1,802050802050,20210328,7,106
2267,4,B,1,802050802050,20210328,7,107
2268,3,B,1,802050802050,20210328,7,108
2269,4,B,1,802050802050,20210328,7,109
2270,3,B,0,802050802050,20210328,7,110
2271,4,B,0,802050802050,20210328,7,111
2272,3,B,1,802050802050,20210328,7,112
2273,4,B,0,802050802050,20210328,7,113
2274,3,B,1,802050802050,20210328,7,114
2275,4,B,1,802050802050,20210328,7,115
2276,3,B,0,802050802050,20210328,7,116
2277,4,B,1,802050802050,20210328,7,117
2278,3,B,1,802050802050,20210328,7,118
2279,4,B,1,802050802050,20210328,7,119
2280,3,B,1,805020502050,20210328,7,120
2281,4,B,1,805020502050,20210328,7,121
2282,3,B,0,805020502050,20210328,7,122
2283,4,B,0,805020502050,20210328,7,123
2284,3,B,1,805020502050,20210328,7,124
2285,4,B,1,805020502050,20210328,7,125
2286,3,B,1,805020502050,20210328,7,126
2287,4,B,0,805020502050,20210328,7,127
2288,3,B,1,805020502050,20210328,7,128
2289,4,B,0,805020502050,20210328,7,129
2290,3,B,0,805020502050,20210328,7,130
2291,4,B,0,805020502050,20210328,7,131
2292,3,B,0,805020502050,20210328,7,132
2293,4,B,0,805020502050,20210328,7,133
2294,3,B,0,805020502050,20210328,7,134
2295,4,B,1,805020502050,20210328,7,135
2296,3,B,0,805020502050,20210328,7,136
2297,4,B,1,805020502050,20210328,7,137
2298,3,B,0,805020502050,20210328,7,138
2299,4,B,1,805020502050,20210328,7,139
2300,3,B,0,805020502050,20210328,7,140
2301,4,B,0,805020502050,20210328,7,141
2302,3,B,0,805020502050,20210328,7,142
2303,4,B,0,805020502050,20210328,7,143
2304,5,C,0,805020502050,20210328,7,144
2305,6,C,1,805020502050,20210328,7,145
2306,5,C,0,805020502050,20210328,7,146
2307,6,C,1,805020502050,20210328,7,147
2308,5,C,0,805020502050,20210328,7,148
2309,6,C,0,805020502050,20210328,7,149
2310,5,C,1,805020502050,20210328,7,150
2311,6,C,1,805020502050,20210328,7,151
2312,5,C,0,805020502050,20210328,7,152
2313,6,C,1,805020502050,20210328,7,153
2314,5,C,1,805020502050,20210328,7,154
2315,6,C,1,805020502050,20210328,7,155
2316,5,C,0,805020502050,20210328,7,156
2317,6,C,0,805020502050,20210328,7,157
2318,5,C,1,805020502050,20210328,7,158
2319,6,C,1,805020502050,20210328,7,159
2320,5,C,0,805020502050,20210328,7,160
2321,6,C,0,805020502050,20210328,7,161
2322,5,C,0,805020502050,20210328,7,162
2323,6,C,1,805020502050,20210328,7,163
2324,5,C,0,805020502050,20210328,7,164
2325,6,C,0,805020502050,20210328,7,165
2326,5,C,0,805020502050,20210328,7,166
2327,6,C,0,805020502050,20210328,7,167
2328,5,C,0,805020502050,20210328,7,168
2329,4,B,0,805020502050,20210328,7,169
2330,3,B,0,805020502050,20210328,7,170
2331,4,B,1,805020502050,20210328,7,171
2332,3,B,1,805020502050,20210328,7,172
2333,4,B,1,805020502050,20210328,7,173
2334,3,B,0,805020502050,20210328,7,174
2335,4,B,1,805020502050,20210328,7,175
2336,3,B,1,805020502050,20210328,7,176
2337,4,B,0,805020502050,20210328,7,177
2338,3,B,0,805020502050,20210328,7,178
2339,4,B,0,805020502050,20210328,7,179
2340,1,A,0,205050805050,20210328,8,0
2341,6,C,0,205050805050,20210328,8,1
2342,5,C,1,205050805050,20210328,8,2
2343,6,C,1,205050805050,20210328,8,3
2344,5,C,1,205050805050,20210328,8,4
2345,6,C,0,205050805050,20210328,8,5
2346,5,C,0,205050805050,20210328,8,6
2347,6,C,1,205050805050,20210328,8,7
2348,5,C,0,205050805050,20210328,8,8
2349,6,C,1,205050805050,20210328,8,9
2350,5,C,0,205050805050,20210328,8,10
2351,6,C,0,205050805050,20210328,8,11
2352,5,C,0,205050805050,20210328,8,12
2353,2,A,1,205050805050,20210328,8,13
2354,1,A,0,205050805050,20210328,8,14
2355,2,A,0,205050805050,20210328,8,15
2356,1,A,0,205050805050,20210328,8,16
2357,2,A,0,205050805050,20210328,8,17
2358,1,A,0,205050805050,20210328,8,18
2359,4,B,1,205050805050,20210328,8,19
2360,3,B,0,205050805050,20210328,8,20
2361,4,B,1,205050805050,20210328,8,21
2362,3,B,1,205050805050,20210328,8,22
2363,4,B,1,205050805050,20210328,8,23
2364,3,B,0,205050805050,20210328,8,24
2365,4,B,1,205050805050,20210328,8,25
2366,3,B,0,205050805050,20210328,8,26
2367,4,B,0,205050805050,20210328,8,27
2368,3,B,1,205050805050,20210328,8,28
2369,4,B,1,205050805050,20210328,8,29
2370,3,B,1,205050805050,20210328,8,30
2371,4,B,1,205050805050,20210328,8,31
2372,3,B,1,205050805050,20210328,8,32
2373,4,B,1,205050805050,20210328,8,33
2374,3,B,1,205050805050,20210328,8,34
2375,4,B,1,205050805050,20210328,8,35
2376,3,B,1,205050805050,20210328,8,36
2377,4,B,1,205050805050,20210328,8,37
2378,3,B,1,205050805050,20210328,8,38
2379,4,B,0,205050805050,20210328,8,39
2380,3,B,1,205050805050,20210328,8,40
2381,4,B,0,205050805050,20210328,8,41
2382,3,B,0,205050805050,20210328,8,42
2383,4,B,1,205050805050,20210328,8,43
2384,3,B,0,205050805050,20210328,8,44
2385,4,B,1,205050805050,20210328,8,45
2386,3,B,0,205050805050,20210328,8,46
2387,4,B,1,205050805050,20210328,8,47
2388,3,B,1,205050805050,20210328,8,48
2389,4,B,0,205050805050,20210328,8,49
2390,3,B,0,205050805050,20210328,8,50
2391,4,B,1,205050805050,20210328,8,51
2392,1,A,0,205050805050,20210328,8,52
2393,2,A,0,205050805050,20210328,8,53
2394,1,A,0,205050805050,20210328,8,54
2395,2,A,1,205050805050,20210328,8,55
2396,1,A,0,205050805050,20210328,8,56
2397,2,A,1,205050805050,20210328,8,57
2398,1,A,1,205050805050,20210328,8,58
2399,2,A,1,205050805050,20210328,8,59
2400,1,A,0,505080202020,20210328,8,60
2401,2,A,0,505080202020,20210328,8,61
2402,1,A,1,505080202020,20210328,8,62
2403,2,A,0,505080202020,20210328,8,63
2404,1,A,1,505080202020,20210328,8,64
2405,2,A,0,505080202020,20210328,8,65
2406,1,A,1,505080202020,20210328,8,66
2407,2,A,0,505080202020,20210328,8,67
2408,1,A,0,505080202020,20210328,8,68
2409,2,A,1,505080202020,20210328,8,69
2410,1,A,0,505080202020,20210328,8,70
2411,2,A,1,505080202020,20210328,8,71
2412,1,A,1,505080202020,20210328,8,72
2413,2,A,0,505080202020,20210328,8,73
2414,1,A,1,505080202020,20210328,8,74
2415,2,A,0,505080202020,20210328,8,75
2416,1,A,1,505080202020,20210328,8,76
2417,2,A,1,505080202020,20210328,8,77
2418,1,A,1,505080202020,20210328,8,78
2419,2,A,1,505080202020,20210328,8,79
2420,1,A,1,505080202020,20210328,8,80
2421,2,A,1,505080202020,20210328,8,81
2422,1,A,0,505080202020,20210328,8,82
2423,2,A,1,505080202020,20210328,8,83
2424,1,A,0,505080202020,20210328,8,84
2425,2,A,1,505080202020,20210328,8,85
2426,1,A,0,505080202020,20210328,8,86
2427,2,A,1,505080202020,20210328,8,87
2428,1,A,0,505080202020,20210328,8,88
2429,2,A,1,505080202020,20210328,8,89
2430,1,A,0,505080202020,20210328,8,90
2431,2,A,1,505080202020,20210328,8,91
2432,1,A,0,505080202020,20210328,8,92
2433,2,A,1,505080202020,20210328,8,93
2434,1,A,1,505080202020,20210328,8,94
2435,2,A,1,505080202020,20210328,8,95
2436,1,A,0,505080202020,20210328,8,96
2437,2,A,1,505080202020,20210328,8,97
2438,1,A,0,505080202020,20210328,8,98
2439,2,A,0,505080202020,20210328,8,99
2440,1,A,1,505080202020,20210328,8,100
2441,2,A,0,505080202020,20210328,8,101
2442,1,A,1,505080202020,20210328,8,102
2443,2,A,0,505080202020,20210328,8,103
2444,1,A,0,505080202020,20210328,8,104
2445,2,A,0,505080202020,20210328,8,105
2446,1,A,1,505080202020,20210328,8,106
2447,2,A,1,505080202020,20210328,8,107
2448,1,A,1,505080202020,20210328,8,108
2449,2,A,1,505080202020,20210328,8,109
2450,1,A,1,505080202020,20210328,8,110
2451,2,A,0,505080202020,20210328,8,111
2452,1,A,1,505080202020,20210328,8,112
2453,2,A,1,505080202020,20210328,8,113
2454,1,A,0,505080202020,20210328,8,114
2455,2,A,1,505080202020,20210328,8,115
2456,1,A,1,505080202020,20210328,8,116
2457,2,A,0,505080202020,20210328,8,117
2458,1,A,0,505080202020,20210328,8,118
2459,2,A,0,505080202020,20210328,8,119
2460,1,A,1,508020205050,20210328,8,120
2461,2,A,1,508020205050,20210328,8,121
2462,1,A,1,508020205050,20210328,8,122
2463,2,A,1,508020205050,20210328,8,123
2464,1,A,0,508020205050,20210328,8,124
2465,2,A,1,508020205050,20210328,8,125
2466,1,A,1,508020205050,20210328,8,126
2467,2,A,0,508020205050,20210328,8,127
2468,1,A,1,508020205050,20210328,8,128
2469,2,A,0,508020205050,20210328,8,129
2470,1,A,0,508020205050,20210328,8,130
2471,2,A,1,508020205050,20210328,8,131
2472,1,A,0,508020205050,20210328,8,132
2473,2,A,0,508020205050,20210328,8,133
2474,1,A,0,508020205050,20210328,8,134
2475,2,A,1,508020205050,20210328,8,135
2476,1,A,1,508020205050,20210328,8,136
2477,2,A,1,508020205050,20210328,8,137
2478,1,A,1,508020205050,20210328,8,138
2479,2,A,1,508020205050,20210328,8,139
2480,1,A,0,508020205050,20210328,8,140
2481,2,A,1,508020205050,20210328,8,141
2482,1,A,0,508020205050,20210328,8,142
2483,2,A,1,508020205050,20210328,8,143
2484,1,A,0,508020205050,20210328,8,144
2485,2,A,1,508020205050,20210328,8,145
2486,1,A,1,508020205050,20210328,8,146
2487,2,A,1,508020205050,20210328,8,147
2488,1,A,1,508020205050,20210328,8,148
2489,2,A,1,508020205050,20210328,8,149
2490,1,A,0,508020205050,20210328,8,150
2491,2,A,1,508020205050,20210328,8,151
2492,1,A,0,508020205050,20210328,8,152
2493,2,A,1,508020205050,20210328,8,153
2494,1,A,0,508020205050,20210328,8,154
2495,2,A,0,508020205050,20210328,8,155
2496,1,A,0,508020205050,20210328,8,156
2497,2,A,1,508020205050,20210328,8,157
2498,5,C,1,508020205050,20210328,8,158
2499,6,C,1,508020205050,20210328,8,159
2500,5,C,0,508020205050,20210328,8,160
2501,6,C,0,508020205050,20210328,8,161
2502,3,B,0,508020205050,20210328,8,162
2503,4,B,1,508020205050,20210328,8,163
2504,3,B,1,508020205050,20210328,8,164
2505,4,B,1,508020205050,20210328,8,165
2506,3,B,0,508020205050,20210328,8,166
2507,4,B,1,508020205050,20210328,8,167
2508,3,B,0,508020205050,20210328,8,168
2509,4,B,1,508020205050,20210328,8,169
2510,3,B,1,508020205050,20210328,8,170
2511,4,B,0,508020205050,20210328,8,171
2512,3,B,0,508020205050,20210328,8,172
2513,4,B,0,508020205050,20210328,8,173
2514,3,B,0,508020205050,20210328,8,174
2515,4,B,1,508020205050,20210328,8,175
2516,3,B,0,508020205050,20210328,8,176
2517,4,B,0,508020205050,20210328,8,177
2518,3,B,0,508020205050,20210328,8,178
2519,4,B,0,508020205050,20210328,8,179
2520,1,A,0,805050202080,20210329,1,0
2521,2,A,0,805050202080,20210329,1,1
2522,5,C,0,805050202080,20210329,1,2
2523,6,C,1,805050202080,20210329,1,3
2524,5,C,0,805050202080,20210329,1,4
2525,6,C,1,805050202080,20210329,1,5
2526,3,B,0,805050202080,20210329,1,6
2527,4,B,1,805050202080,20210329,1,7
2528,3,B,1,805050202080,20210329,1,8
2529,4,B,0,805050202080,20210329,1,9
2530,3,B,0,805050202080,20210329,1,10
2531,4,B,0,805050202080,20210329,1,11
2532,3,B,1,805050202080,20210329,1,12
2533,1,A,1,805050202080,20210329,1,13
2534,2,A,0,805050202080,20210329,1,14
2535,1,A,1,805050202080,20210329,1,15
2536,2,A,1,805050202080,20210329,1,16
2537,1,A,1,805050202080,20210329,1,17
2538,2,A,1,805050202080,20210329,1,18
2539,1,A,1,805050202080,20210329,1,19
2540,2,A,1,805050202080,20210329,1,20
2541,1,A,1,805050202080,20210329,1,21
2542,2,A,1,805050202080,20210329,1,22
2543,1,A,1,805050202080,20210329,1,23
2544,2,A,1,805050202080,20210329,1,24
2545,1,A,1,805050202080,20210329,1,25
2546,2,A,1,805050202080,20210329,1,26
2547,1,A,1,805050202080,20210329,1,27
2548,2,A,0,805050202080,20210329,1,28
2549,1,A,0,805050202080,20210329,1,29
2550,2,A,1,805050202080,20210329,1,30
2551,1,A,0,805050202080,20210329,1,31
2552,2,A,0,805050202080,20210329,1,32
2553,1,A,1,805050202080,20210329,1,33
2554,2,A,0,805050202080,20210329,1,34
2555,1,A,1,805050202080,20210329,1,35
2556,2,A,1,805050202080,20210329,1,36
2557,1,A,1,805050202080,20210329,1,37
2558,2,A,0,805050202080,20210329,1,38
2559,1,A,1,805050202080,20210329,1,39
2560,2,A,0,805050202080,20210329,1,40
2561,1,A,1,805050202080,20210329,1,41
2562,2,A,1,805050202080,20210329,1,42
2563,1,A,1,805050202080,20210329,1,43
2564,2,A,1,805050202080,20210329,1,44
2565,1,A,0,805050202080,20210329,1,45
2566,2,A,1,805050202080,20210329,1,46
2567,1,A,0,805050202080,20210329,1,47
2568,2,A,0,805050202080,20210329,1,48
2569,1,A,1,805050202080,20210329,1,49
2570,2,A,0,805050202080,20210329,1,50
2571,1,A,1,805050202080,20210329,1,51
2572,2,A,1,805050202080,20210329,1,52
2573,1,A,1,805050202080,20210329,1,53
2574,2,A,0,805050202080,20210329,1,54
2575,1,A,1,805050202080,20210329,1,55
2576,2,A,1,805050202080,20210329,1,56
2577,1,A,1,805050202080,20210329,1,57
2578,2,A,1,805050202080,20210329,1,58
2579,1,A,1,805050202080,20210329,1,59
2580,2,A,0,205050802020,20210329,1,60
2581,1,A,0,205050802020,20210329,1,61
2582,2,A,1,205050802020,20210329,1,62
2583,1,A,0,205050802020,20210329,1,63
2584,2,A,0,205050802020,20210329,1,64
2585,1,A,0,205050802020,20210329,1,65
2586,2,A,1,205050802020,20210329,1,66
2587,1,A,0,205050802020,20210329,1,67
2588,2,A,0,205050802020,20210329,1,68
2589,1,A,1,205050802020,20210329,1,69
2590,2,A,1,205050802020,20210329,1,70
2591,1,A,0,205050802020,20210329,1,71
2592,2,A,0,205050802020,20210329,1,72
2593,1,A,0,205050802020,20210329,1,73
2594,2,A,1,205050802020,20210329,1,74
2595,6,C,0,205050802020,20210329,1,75
2596,5,C,0,205050802020,20210329,1,76
2597,6,C,0,205050802020,20210329,1,77
2598,5,C,0,205050802020,20210329,1,78
2599,3,B,1,205050802020,20210329,1,79
2600,4,B,1,205050802020,20210329,1,80
2601,3,B,0,205050802020,20210329,1,81
2602,4,B,1,205050802020,20210329,1,82
2603,3,B,0,205050802020,20210329,1,83
2604,4,B,1,205050802020,20210329,1,84
2605,3,B,0,205050802020,20210329,1,85
2606,4,B,1,205050802020,20210329,1,86
2607,3,B,1,205050802020,20210329,1,87
2608,4,B,1,205050802020,20210329,1,88
2609,3,B,1,205050802020,20210329,1,89
2610,4,B,1,205050802020,20210329,1,90
2611,3,B,0,205050802020,20210329,1,91
2612,4,B,1,205050802020,20210329,1,92
2613,3,B,1,205050802020,20210329,1,93
2614,4,B,1,205050802020,20210329,1,94
2615,3,B,0,205050802020,20210329,1,95
2616,4,B,1,205050802020,20210329,1,96
2617,3,B,0,205050802020,20210329,1,97
2618,4,B,0,205050802020,20210329,1,98
2619,3,B,0,205050802020,20210329,1,99
2620,4,B,1,205050802020,20210329,1,100
2621,3,B,1,205050802020,20210329,1,101
2622,4,B,1,205050802020,20210329,1,102
2623,3,B,0,205050802020,20210329,1,103
2624,4,B,1,205050802020,20210329,1,104
2625,3,B,1,205050802020,20210329,1,105
2626,4,B,1,205050802020,20210329,1,106
2627,3,B,0,205050802020,20210329,1,107
2628,4,B,1,205050802020,20210329,1,108
2629,3,B,0,205050802020,20210329,1,109
2630,4,B,0,205050802020,20210329,1,110
2631,3,B,0,205050802020,20210329,1,111
2632,4,B,1,205050802020,20210329,1,112
2633,3,B,1,205050802020,20210329,1,113
2634,4,B,1,205050802020,20210329,1,114
2635,3,B,1,205050802020,20210329,1,115
2636,4,B,1,205050802020,20210329,1,116
2637,3,B,0,205050802020,20210329,1,117
2638,4,B,1,205050802020,20210329,1,118
2639,3,B,0,205050802020,20210329,1,119
2640,4,B,1,205020208050,20210329,1,120
2641,3,B,1,205020208050,20210329,1,121
2642,4,B,1,205020208050,20210329,1,122
2643,3,B,1,205020208050,20210329,1,123
2644,4,B,0,205020208050,20210329,1,124
2645,3,B,1,205020208050,20210329,1,125
2646,4,B,1,205020208050,20210329,1,126
2647,3,B,0,205020208050,20210329,1,127
2648,4,B,0,205020208050,20210329,1,128
2649,3,B,0,205020208050,20210329,1,129
2650,4,B,0,205020208050,20210329,1,130
2651,3,B,0,205020208050,20210329,1,131
2652,4,B,1,205020208050,20210329,1,132
2653,3,B,0,205020208050,20210329,1,133
2654,4,B,0,205020208050,20210329,1,134
2655,1,A,0,205020208050,20210329,1,135
2656,2,A,1,205020208050,20210329,1,136
2657,1,A,0,205020208050,20210329,1,137
2658,2,A,0,205020208050,20210329,1,138
2659,1,A,0,205020208050,20210329,1,139
2660,5,C,1,205020208050,20210329,1,140
2661,6,C,1,205020208050,20210329,1,141
2662,5,C,1,205020208050,20210329,1,142
2663,6,C,1,205020208050,20210329,1,143
2664,5,C,0,205020208050,20210329,1,144
2665,6,C,1,205020208050,20210329,1,145
2666,5,C,0,205020208050,20210329,1,146
2667,6,C,1,205020208050,20210329,1,147
2668,5,C,0,205020208050,20210329,1,148
2669,6,C,1,205020208050,20210329,1,149
2670,5,C,1,205020208050,20210329,1,150
2671,6,C,0,205020208050,20210329,1,151
2672,5,C,0,205020208050,20210329,1,152
2673,6,C,1,205020208050,20210329,1,153
2674,5,C,1,205020208050,20210329,1,154
2675,6,C,1,205020208050,20210329,1,155
2676,5,C,1,205020208050,20210329,1,156
2677,6,C,0,205020208050,20210329,1,157
2678,5,C,1,205020208050,20210329,1,158
2679,6,C,0,205020208050,20210329,1,159
2680,5,C,0,205020208050,20210329,1,160
2681,6,C,1,205020208050,20210329,1,161
2682,5,C,1,205020208050,20210329,1,162
2683,6,C,1,205020208050,20210329,1,163
2684,5,C,1,205020208050,20210329,1,164
2685,6,C,1,205020208050,20210329,1,165
2686,5,C,0,205020208050,20210329,1,166
2687,6,C,1,205020208050,20210329,1,167
2688,5,C,1,205020208050,20210329,1,168
2689,6,C,0,205020208050,20210329,1,169
2690,5,C,0,205020208050,20210329,1,170
2691,6,C,1,205020208050,20210329,1,171
2692,5,C,1,205020208050,20210329,1,172
2693,6,C,1,205020208050,20210329,1,173
2694,5,C,1,205020208050,20210329,1,174
2695,6,C,0,205020208050,20210329,1,175
2696,5,C,1,205020208050,20210329,1,176
2697,6,C,0,205020208050,20210329,1,177
2698,5,C,1,205020208050,20210329,1,178
2699,6,C,1,205020208050,20210329,1,179
2700,3,B,0,508020508020,20210329,2,0
2701,4,B,0,508020508020,20210329,2,1
2702,5,C,1,508020508020,20210329,2,2
2703,6,C,0,508020508020,20210329,2,3
2704,5,C,1,508020508020,20210329,2,4
2705,6,C,0,508020508020,20210329,2,5
2706,5,C,1,508020508020,20210329,2,6
2707,6,C,0,508020508020,20210329,2,7
2708,5,C,0,508020508020,20210329,2,8
2709,1,A,0,508020508020,20210329,2,9
2710,2,A,1,508020508020,20210329,2,10
2711,1,A,0,508020508020,20210329,2,11
2712,2,A,1,508020508020,20210329,2,12
2713,1,A,1,508020508020,20210329,2,13
2714,2,A,1,508020508020,20210329,2,14
2715,1,A,0,508020508020,20210329,2,15
2716,2,A,1,508020508020,20210329,2,16
2717,1,A,1,508020508020,20210329,2,17
2718,2,A,1,508020508020,20210329,2,18
2719,1,A,1,508020508020,20210329,2,19
2720,2,A,0,508020508020,20210329,2,20
2721,1,A,0,508020508020,20210329,2,21
2722,2,A,1,508020508020,20210329,2,22
2723,1,A,1,508020508020,20210329,2,23
2724,2,A,1,508020508020,20210329,2,24
2725,1,A,0,508020508020,20210329,2,25
2726,2,A,1,508020508020,20210329,2,26
2727,1,A,0,508020508020,20210329,2,27
2728,2,A,1,508020508020,20210329,2,28
2729,1,A,0,508020508020,20210329,2,29
2730,2,A,0,508020508020,20210329,2,30
2731,1,A,1,508020508020,20210329,2,31
2732,2,A,1,508020508020,20210329,2,32
2733,1,A,1,508020508020,20210329,2,33
2734,2,A,1,508020508020,20210329,2,34
2735,1,A,1,508020508020,20210329,2,35
2736,2,A,1,508020508020,20210329,2,36
2737,1,A,1,508020508020,20210329,2,37
2738,2,A,1,508020508020,20210329,2,38
2739,1,A,0,508020508020,20210329,2,39
2740,2,A,1,508020508020,20210329,2,40
2741,1,A,0,508020508020,20210329,2,41
2742,2,A,0,508020508020,20210329,2,42
2743,1,A,1,508020508020,20210329,2,43
2744,2,A,1,508020508020,20210329,2,44
2745,1,A,1,508020508020,20210329,2,45
2746,2,A,1,508020508020,20210329,2,46
2747,1,A,1,508020508020,20210329,2,47
2748,2,A,1,508020508020,20210329,2,48
2749,1,A,1,508020508020,20210329,2,49
2750,2,A,1,508020508020,20210329,2,50
2751,1,A,1,508020508020,20210329,2,51
2752,2,A,1,508020508020,20210329,2,52
2753,1,A,0,508020508020,20210329,2,53
2754,2,A,1,508020508020,20210329,2,54
2755,1,A,1,508020508020,20210329,2,55
2756,2,A,1,508020508020,20210329,2,56
2757,1,A,0,508020508020,20210329,2,57
2758,2,A,1,508020508020,20210329,2,58
2759,1,A,1,508020508020,20210329,2,59
2760,2,A,0,202050205050,20210329,2,60
2761,1,A,0,202050205050,20210329,2,61
2762,2,A,0,202050205050,20210329,2,62
2763,1,A,0,202050205050,20210329,2,63
2764,2,A,0,202050205050,20210329,2,64
2765,1,A,0,202050205050,20210329,2,65
2766,2,A,0,202050205050,20210329,2,66
2767,1,A,0,202050205050,20210329,2,67
2768,2,A,0,202050205050,20210329,2,68
2769,6,C,0,202050205050,20210329,2,69
2770,5,C,1,202050205050,20210329,2,70
2771,6,C,1,202050205050,20210329,2,71
2772,5,C,1,202050205050,20210329,2,72
2773,6,C,0,202050205050,20210329,2,73
2774,5,C,1,202050205050,20210329,2,74
2775,6,C,1,202050205050,20210329,2,75
2776,5,C,1,202050205050,20210329,2,76
2777,6,C,1,202050205050,20210329,2,77
2778,5,C,0,202050205050,20210329,2,78
2779,6,C,0,202050205050,20210329,2,79
2780,5,C,0,202050205050,20210329,2,80
2781,6,C,1,202050205050,20210329,2,81
2782,5,C,1,202050205050,20210329,2,82
2783,6,C,1,202050205050,20210329,2,83
2784,5,C,1,202050205050,20210329,2,84
2785,6,C,0,202050205050,20210329,2,85
2786,5,C,1,202050205050,20210329,2,86
2787,6,C,0,202050205050,20210329,2,87
2788,5,C,0,202050205050,20210329,2,88
2789,6,C,0,202050205050,20210329,2,89
2790,5,C,0,202050205050,20210329,2,90
2791,4,B,0,202050205050,20210329,2,91
2792,3,B,1,202050205050,20210329,2,92
2793,4,B,0,202050205050,20210329,2,93
2794,3,B,0,202050205050,20210329,2,94
2795,4,B,0,202050205050,20210329,2,95
2796,2,A,0,202050205050,20210329,2,96
2797,1,A,0,202050205050,20210329,2,97
2798,2,A,0,202050205050,20210329,2,98
2799,1,A,1,202050205050,20210329,2,99
2800,2,A,0,202050205050,20210329,2,100
2801,1,A,0,202050205050,20210329,2,101
2802,6,C,0,202050205050,20210329,2,102
2803,5,C,1,202050205050,20210329,2,103
2804,6,C,0,202050205050,20210329,2,104
2805,5,C,1,202050205050,20210329,2,105
2806,6,C,0,202050205050,20210329,2,106
2807,5,C,0,202050205050,20210329,2,107
2808,6,C,0,202050205050,20210329,2,108
2809,5,C,1,202050205050,20210329,2,109
2810,6,C,1,202050205050,20210329,2,110
2811,5,C,1,202050205050,20210329,2,111
2812,6,C,0,202050205050,20210329,2,112
2813,5,C,1,202050205050,20210329,2,113
2814,6,C,0,202050205050,20210329,2,114
2815,5,C,0,202050205050,20210329,2,115
2816,6,C,1,202050205050,20210329,2,116
2817,5,C,1,202050205050,20210329,2,117
2818,6,C,0,202050205050,20210329,2,118
2819,5,C,0,202050205050,20210329,2,119
2820,6,C,1,202020802020,20210329,2,120
2821,5,C,0,202020802020,20210329,2,121
2822,6,C,0,202020802020,20210329,2,122
2823,5,C,0,202020802020,20210329,2,123
2824,6,C,0,202020802020,20210329,2,124
2825,5,C,0,202020802020,20210329,2,125
2826,6,C,0,202020802020,20210329,2,126
2827,5,C,1,202020802020,20210329,2,127
2828,6,C,0,202020802020,20210329,2,128
2829,5,C,0,202020802020,20210329,2,129
2830,6,C,0,202020802020,20210329,2,130
2831,5,C,0,202020802020,20210329,2,131
2832,6,C,0,202020802020,20210329,2,132
2833,5,C,0,202020802020,20210329,2,133
2834,3,B,0,202020802020,20210329,2,134
2835,4,B,0,202020802020,20210329,2,135
2836,3,B,0,202020802020,20210329,2,136
2837,4,B,1,202020802020,20210329,2,137
2838,3,B,0,202020802020,20210329,2,138
2839,4,B,1,202020802020,20210329,2,139
2840,3,B,0,202020802020,20210329,2,140
2841,4,B,0,202020802020,20210329,2,141
2842,3,B,0,202020802020,20210329,2,142
2843,4,B,1,202020802020,20210329,2,143
2844,3,B,1,202020802020,20210329,2,144
2845,4,B,1,202020802020,20210329,2,145
2846,3,B,0,202020802020,20210329,2,146
2847,4,B,1,202020802020,20210329,2,147
2848,3,B,0,202020802020,20210329,2,148
2849,4,B,1,202020802020,20210329,2,149
2850,3,B,0,202020802020,20210329,2,150
2851,4,B,0,202020802020,20210329,2,151
2852,3,B,0,202020802020,20210329,2,152
2853,4,B,0,202020802020,20210329,2,153
2854,3,B,0,202020802020,20210329,2,154
2855,4,B,0,202020802020,20210329,2,155
2856,3,B,1,202020802020,20210329,2,156
2857,4,B,0,202020802020,20210329,2,157
2858,3,B,1,202020802020,20210329,2,158
2859,4,B,0,202020802020,20210329,2,159
2860,3,B,0,202020802020,20210329,2,160
2861,4,B,0,202020802020,20210329,2,161
2862,3,B,0,202020802020,20210329,2,162
2863,4,B,0,202020802020,20210329,2,163
2864,1,A,0,202020802020,20210329,2,164
2865,2,A,0,202020802020,20210329,2,165
2866,1,A,0,202020802020,20210329,2,166
2867,2,A,0,202020802020,20210329,2,167
2868,1,A,0,202020802020,20210329,2,168
2869,2,A,1,202020802020,20210329,2,169
2870,1,A,0,202020802020,20210329,2,170
2871,2,A,0,202020802020,20210329,2,171
2872,4,B,1,202020802020,20210329,2,172
2873,3,B,1,202020802020,20210329,2,173
2874,4,B,1,202020802020,20210329,2,174
2875,3,B,0,202020802020,20210329,2,175
2876,4,B,1,202020802020,20210329,2,176
2877,3,B,0,202020802020,20210329,2,177
2878,4,B,1,202020802020,20210329,2,178
2879,3,B,0,202020802020,20210329,2,179
2880,3,B,1,202020508020,20210329,3,0
2881,4,B,0,202020508020,20210329,3,1
2882,5,C,0,202020508020,20210329,3,2
2883,6,C,1,202020508020,20210329,3,3
2884,5,C,1,202020508020,20210329,3,4
2885,6,C,0,202020508020,20210329,3,5
2886,5,C,1,202020508020,20210329,3,6
2887,6,C,0,202020508020,20210329,3,7
2888,5,C,1,202020508020,20210329,3,8
2889,6,C,0,202020508020,20210329,3,9
2890,5,C,0,202020508020,20210329,3,10
2891,1,A,0,202020508020,20210329,3,11
2892,2,A,0,202020508020,20210329,3,12
2893,1,A,0,202020508020,20210329,3,13
2894,2,A,0,202020508020,20210329,3,14
2895,1,A,0,202020508020,20210329,3,15
2896,2,A,0,202020508020,20210329,3,16
2897,1,A,0,202020508020,20210329,3,17
2898,2,A,0,202020508020,20210329,3,18
2899,1,A,1,202020508020,20210329,3,19
2900,2,A,1,202020508020,20210329,3,20
2901,1,A,0,202020508020,20210329,3,21
2902,2,A,0,202020508020,20210329,3,22
2903,1,A,1,202020508020,20210329,3,23
2904,2,A,0,202020508020,20210329,3,24
2905,1,A,0,202020508020,20210329,3,25
2906,2,A,0,202020508020,20210329,3,26
2907,1,A,0,202020508020,20210329,3,27
2908,2,A,0,202020508020,20210329,3,28
2909,1,A,0,202020508020,20210329,3,29
2910,3,B,1,202020508020,20210329,3,30
2911,4,B,1,202020508020,20210329,3,31
2912,3,B,0,202020508020,20210329,3,32
2913,4,B,0,202020508020,20210329,3,33
2914,3,B,1,202020508020,20210329,3,34
2915,4,B,1,202020508020,20210329,3,35
2916,3,B,0,202020508020,20210329,3,36
2917,4,B,1,202020508020,20210329,3,37
2918,3,B,0,202020508020,20210329,3,38
2919,4,B,1,202020508020,20210329,3,39
2920,3,B,1,202020508020,20210329,3,40
2921,4,B,1,202020508020,20210329,3,41
2922,3,B,0,202020508020,20210329,3,42
2923,4,B,0,202020508020,20210329,3,43
2924,3,B,0,202020508020,20210329,3,44
2925,4,B,0,202020508020,20210329,3,45
2926,6,C,0,202020508020,20210329,3,46
2927,5,C,1,202020508020,20210329,3,47
2928,6,C,0,202020508020,20210329,3,48
2929,5,C,1,202020508020,20210329,3,49
2930,6,C,0,202020508020,20210329,3,50
2931,5,C,1,202020508020,20210329,3,51
2932,6,C,1,202020508020,20210329,3,52
2933,5,C,1,202020508020,20210329,3,53
2934,6,C,0,202020508020,20210329,3,54
2935,5,C,1,202020508020,20210329,3,55
2936,6,C,0,202020508020,20210329,3,56
2937,5,C,1,202020508020,20210329,3,57
2938,6,C,0,202020508020,20210329,3,58
2939,5,C,1,202020508020,20210329,3,59
2940,6,C,0,802020202050,20210329,3,60
2941,5,C,0,802020202050,20210329,3,61
2942,6,C,1,802020202050,20210329,3,62
2943,5,C,0,802020202050,20210329,3,63
2944,6,C,1,802020202050,20210329,3,64
2945,5,C,0,802020202050,20210329,3,65
2946,6,C,0,802020202050,20210329,3,66
2947,5,C,1,802020202050,20210329,3,67
2948,6,C,0,802020202050,20210329,3,68
2949,5,C,0,802020202050,20210329,3,69
2950,3,B,1,802020202050,20210329,3,70
2951,4,B,0,802020202050,20210329,3,71
2952,3,B,0,802020202050,20210329,3,72
2953,4,B,0,802020202050,20210329,3,73
2954,3,B,0,802020202050,20210329,3,74
2955,4,B,0,802020202050,20210329,3,75
2956,1,A,1,802020202050,20210329,3,76
2957,2,A,0,802020202050,20210329,3,77
2958,1,A,1,802020202050,20210329,3,78
2959,2,A,0,802020202050,20210329,3,79
2960,1,A,1,802020202050,20210329,3,80
2961,2,A,0,802020202050,20210329,3,81
2962,1,A,1,802020202050,20210329,3,82
2963,2,A,0,802020202050,20210329,3,83
2964,1,A,1,802020202050,20210329,3,84
2965,2,A,0,802020202050,20210329,3,85
2966,1,A,0,802020202050,20210329,3,86
2967,2,A,0,802020202050,20210329,3,87
2968,1,A,1,802020202050,20210329,3,88
2969,2,A,0,802020202050,20210329,3,89
2970,1,A,0,802020202050,20210329,3,90
2971,2,A,0,802020202050,20210329,3,91
2972,1,A,1,802020202050,20210329,3,92
2973,2,A,1,802020202050,20210329,3,93
2974,1,A,0,802020202050,20210329,3,94
2975,2,A,1,802020202050,20210329,3,95
2976,1,A,0,802020202050,20210329,3,96
2977,2,A,0,802020202050,20210329,3,97
2978,1,A,1,802020202050,20210329,3,98
2979,2,A,0,802020202050,20210329,3,99
2980,1,A,1,802020202050,20210329,3,100
2981,2,A,0,802020202050,20210329,3,101
2982,1,A,1,802020202050,20210329,3,102
2983,2,A,0,802020202050,20210329,3,103
2984,1,A,1,802020202050,20210329,3,104
2985,2,A,1,802020202050,20210329,3,105
2986,1,A,1,802020202050,20210329,3,106
2987,2,A,0,802020202050,20210329,3,107
2988,1,A,1,802020202050,20210329,3,108
2989,2,A,1,802020202050,20210329,3,109
2990,1,A,1,802020202050,20210329,3,110
2991,2,A,1,802020202050,20210329,3,111
2992,1,A,1,802020202050,20210329,3,112
2993,2,A,1,802020202050,20210329,3,113
2994,1,A,1,802020202050,20210329,3,114
2995,2,A,0,802020202050,20210329,3,115
2996,1,A,1,802020202050,20210329,3,116
2997,2,A,0,802020202050,20210329,3,117
2998,1,A,1,802020202050,20210329,3,118
2999,2,A,0,802020202050,20210329,3,119
3000,1,A,0,205080502020,20210329,3,120
3001,2,A,1,205080502020,20210329,3,121
3002,1,A,0,205080502020,20210329,3,122
3003,2,A,1,205080502020,20210329,3,123
3004,1,A,0,205080502020,20210329,3,124
3005,2,A,0,205080502020,20210329,3,125
3006,1,A,0,205080502020,20210329,3,126
3007,2,A,0,205080502020,20210329,3,127
3008,1,A,0,205080502020,20210329,3,128
3009,2,A,1,205080502020,20210329,3,129
3010,1,A,0,205080502020,20210329,3,130
3011,2,A,1,205080502020,20210329,3,131
3012,1,A,1,205080502020,20210329,3,132
3013,2,A,1,205080502020,20210329,3,133
3014,1,A,0,205080502020,20210329,3,134
3015,2,A,1,205080502020,20210329,3,135
3016,1,A,0,205080502020,20210329,3,136
3017,2,A,0,205080502020,20210329,3,137
3018,1,A,0,205080502020,20210329,3,138
3019,2,A,0,205080502020,20210329,3,139
3020,3,B,1,205080502020,20210329,3,140
3021,4,B,1,205080502020,20210329,3,141
3022,3,B,1,205080502020,20210329,3,142
3023,4,B,0,205080502020,20210329,3,143
3024,3,B,1,205080502020,20210329,3,144
3025,4,B,1,205080502020,20210329,3,145
3026,3,B,0,205080502020,20210329,3,146
3027,4,B,1,205080502020,20210329,3,147
3028,3,B,1,205080502020,20210329,3,148
3029,4,B,1,205080502020,20210329,3,149
3030,3,B,1,205080502020,20210329,3,150
3031,4,B,0,205080502020,20210329,3,151
3032,3,B,0,205080502020,20210329,3,152
3033,4,B,0,205080502020,20210329,3,153
3034,3,B,1,205080502020,20210329,3,154
3035,4,B,0,205080502020,20210329,3,155
3036,3,B,1,205080502020,20210329,3,156
3037,4,B,0,205080502020,20210329,3,157
3038,3,B,1,205080502020,20210329,3,158
3039,4,B,1,205080502020,20210329,3,159
3040,3,B,1,205080502020,20210329,3,160
3041,4,B,1,205080502020,20210329,3,161
3042,3,B,1,205080502020,20210329,3,162
3043,4,B,1,205080502020,20210329,3,163
3044,3,B,1,205080502020,20210329,3,164
3045,4,B,0,205080502020,20210329,3,165
3046,3,B,1,205080502020,20210329,3,166
3047,4,B,0,205080502020,20210329,3,167
3048,3,B,1,205080502020,20210329,3,168
3049,4,B,1,205080502020,20210329,3,169
3050,3,B,1,205080502020,20210329,3,170
3051,4,B,0,205080502020,20210329,3,171
3052,3,B,1,205080502020,20210329,3,172
3053,4,B,1,205080502020,20210329,3,173
3054,3,B,1,205080502020,20210329,3,174
3055,4,B,1,205080502020,20210329,3,175
3056,3,B,0,205080502020,20210329,3,176
3057,4,B,1,205080502020,20210329,3,177
3058,3,B,1,205080502020,20210329,3,178
3059,4,B,0,205080502020,20210329,3,179
3060,3,B,0,208020202050,20210329,4,0
3061,4,B,0,208020202050,20210329,4,1
3062,6,C,1,208020202050,20210329,4,2
3063,5,C,0,208020202050,20210329,4,3
3064,6,C,1,208020202050,20210329,4,4
3065,5,C,1,208020202050,20210329,4,5
3066,1,A,0,208020202050,20210329,4,6
3067,2,A,1,208020202050,20210329,4,7
3068,1,A,0,208020202050,20210329,4,8
3069,2,A,0,208020202050,20210329,4,9
3070,1,A,0,208020202050,20210329,4,10
3071,2,A,1,208020202050,20210329,4,11
3072,1,A,0,208020202050,20210329,4,12
3073,2,A,1,208020202050,20210329,4,13
3074,1,A,0,208020202050,20210329,4,14
3075,2,A,1,208020202050,20210329,4,15
3076,1,A,0,208020202050,20210329,4,16
3077,2,A,1,208020202050,20210329,4,17
3078,1,A,0,208020202050,20210329,4,18
3079,2,A,1,208020202050,20210329,4,19
3080,3,B,1,208020202050,20210329,4,20
3081,4,B,0,208020202050,20210329,4,21
3082,3,B,1,208020202050,20210329,4,22
3083,4,B,0,208020202050,20210329,4,23
3084,3,B,0,208020202050,20210329,4,24
3085,4,B,1,208020202050,20210329,4,25
3086,3,B,0,208020202050,20210329,4,26
3087,4,B,0,208020202050,20210329,4,27
3088,3,B,0,208020202050,20210329,4,28
3089,4,B,0,208020202050,20210329,4,29
3090,5,C,1,208020202050,20210329,4,30
3091,6,C,0,208020202050,20210329,4,31
3092,5,C,0,208020202050,20210329,4,32
3093,6,C,0,208020202050,20210329,4,33
3094,5,C,1,208020202050,20210329,4,34
3095,6,C,1,208020202050,20210329,4,35
3096,5,C,0,208020202050,20210329,4,36
3097,6,C,0,208020202050,20210329,4,37
3098,3,B,0,208020202050,20210329,4,38
3099,4,B,1,208020202050,20210329,4,39
3100,3,B,1,208020202050,20210329,4,40
3101,4,B,0,208020202050,20210329,4,41
3102,3,B,0,208020202050,20210329,4,42
3103,1,A,0,208020202050,20210329,4,43
3104,2,A,1,208020202050,20210329,4,44
3105,1,A,0,208020202050,20210329,4,45
3106,2,A,1,208020202050,20210329,4,46
3107,1,A,0,208020202050,20210329,4,47
3108,2,A,1,208020202050,20210329,4,48
3109,1,A,1,208020202050,20210329,4,49
3110,2,A,1,208020202050,20210329,4,50
3111,1,A,0,208020202050,20210329,4,51
3112,2,A,1,208020202050,20210329,4,52
3113,1,A,0,208020202050,20210329,4,53
3114,2,A,0,208020202050,20210329,4,54
3115,1,A,0,208020202050,20210329,4,55
3116,2,A,1,208020202050,20210329,4,56
3117,1,A,0,208020202050,20210329,4,57
3118,2,A,0,208020202050,20210329,4,58
3119,1,A,0,208020202050,20210329,4,59
3120,2,A,1,202080502020,20210329,4,60
3121,1,A,0,202080502020,20210329,4,61
3122,2,A,0,202080502020,20210329,4,62
3123,1,A,1,202080502020,20210329,4,63
3124,2,A,0,202080502020,20210329,4,64
3125,1,A,0,202080502020,20210329,4,65
3126,2,A,1,202080502020,20210329,4,66
3127,1,A,0,202080502020,20210329,4,67
3128,2,A,0,202080502020,20210329,4,68
3129,1,A,0,202080502020,20210329,4,69
3130,2,A,0,202080502020,20210329,4,70
3131,5,C,1,202080502020,20210329,4,71
3132,6,C,0,202080502020,20210329,4,72
3133,5,C,0,202080502020,20210329,4,73
3134,6,C,1,202080502020,20210329,4,74
3135,5,C,0,202080502020,20210329,4,75
3136,6,C,0,202080502020,20210329,4,76
3137,3,B,1,202080502020,20210329,4,77
3138,4,B,0,202080502020,20210329,4,78
3139,3,B,1,202080502020,20210329,4,79
3140,4,B,1,202080502020,20210329,4,80
3141,3,B,1,202080502020,20210329,4,81
3142,4,B,0,202080502020,20210329,4,82
3143,3,B,1,202080502020,20210329,4,83
3144,4,B,0,202080502020,20210329,4,84
3145,3,B,1,202080502020,20210329,4,85
3146,4,B,0,202080502020,20210329,4,86
3147,3,B,1,202080502020,20210329,4,87
3148,4,B,1,202080502020,20210329,4,88
3149,3,B,1,202080502020,20210329,4,89
3150,4,B,0,202080502020,20210329,4,90
3151,3,B,1,202080502020,20210329,4,91
3152,4,B,0,202080502020,20210329,4,92
3153,3,B,1,202080502020,20210329,4,93
3154,4,B,0,202080502020,20210329,4,94
3155,3,B,1,202080502020,20210329,4,95
3156,4,B,1,202080502020,20210329,4,96
3157,3,B,0,202080502020,20210329,4,97
3158,4,B,1,202080502020,20210329,4,98
3159,3,B,1,202080502020,20210329,4,99
3160,4,B,0,202080502020,20210329,4,100
3161,3,B,1,202080502020,20210329,4,101
3162,4,B,0,202080502020,20210329,4,102
3163,3,B,1,202080502020,20210329,4,103
3164,4,B,0,202080502020,20210329,4,104
3165,3,B,0,202080502020,20210329,4,105
3166,4,B,0,202080502020,20210329,4,106
3167,3,B,1,202080502020,20210329,4,107
3168,4,B,1,202080502020,20210329,4,108
3169,3,B,0,202080502020,20210329,4,109
3170,4,B,0,202080502020,20210329,4,110
3171,3,B,1,202080502020,20210329,4,111
3172,4,B,0,202080502020,20210329,4,112
3173,3,B,1,202080502020,20210329,4,113
3174,4,B,0,202080502020,20210329,4,114
3175,3,B,0,202080502020,20210329,4,115
3176,4,B,1,202080502020,20210329,4,116
3177,3,B,1,202080502020,20210329,4,117
3178,4,B,1,202080502020,20210329,4,118
3179,3,B,1,202080502020,20210329,4,119
3180,4,B,0,802020508050,20210329,4,120
3181,3,B,0,802020508050,20210329,4,121
3182,4,B,1,802020508050,20210329,4,122
3183,3,B,0,802020508050,20210329,4,123
3184,4,B,0,802020508050,20210329,4,124
3185,3,B,0,802020508050,20210329,4,125
3186,4,B,0,802020508050,20210329,4,126
3187,3,B,0,802020508050,20210329,4,127
3188,4,B,0,802020508050,20210329,4,128
3189,5,C,1,802020508050,20210329,4,129
3190,6,C,0,802020508050,20210329,4,130
3191,5,C,0,802020508050,20210329,4,131
3192,6,C,1,802020508050,20210329,4,132
3193,5,C,1,802020508050,20210329,4,133
3194,6,C,1,802020508050,20210329,4,134
3195,5,C,1,802020508050,20210329,4,135
3196,6,C,1,802020508050,20210329,4,136
3197,5,C,0,802020508050,20210329,4,137
3198,6,C,1,802020508050,20210329,4,138
3199,5,C,1,802020508050,20210329,4,139
3200,6,C,1,802020508050,20210329,4,140
3201,5,C,0,802020508050,20210329,4,141
3202,6,C,0,802020508050,20210329,4,142
3203,5,C,1,802020508050,20210329,4,143
3204,6,C,0,802020508050,20210329,4,144
3205,5,C,0,802020508050,20210329,4,145
3206,6,C,0,802020508050,20210329,4,146
3207,5,C,0,802020508050,20210329,4,147
3208,6,C,1,802020508050,20210329,4,148
3209,5,C,1,802020508050,20210329,4,149
3210,6,C,1,802020508050,20210329,4,150
3211,5,C,1,802020508050,20210329,4,151
3212,6,C,1,802020508050,20210329,4,152
3213,5,C,1,802020508050,20210329,4,153
3214,6,C,1,802020508050,20210329,4,154
3215,5,C,1,802020508050,20210329,4,155
3216,6,C,0,802020508050,20210329,4,156
3217,5,C,1,802020508050,20210329,4,157
3218,6,C,1,802020508050,20210329,4,158
3219,5,C,1,802020508050,20210329,4,159
3220,6,C,1,802020508050,20210329,4,160
3221,5,C,1,802020508050,20210329,4,161
3222,6,C,0,802020508050,20210329,4,162
3223,5,C,1,802020508050,20210329,4,163
3224,6,C,1,802020508050,20210329,4,164
3225,5,C,1,802020508050,20210329,4,165
3226,6,C,1,802020508050,20210329,4,166
3227,5,C,0,802020508050,20210329,4,167
3228,6,C,0,802020508050,20210329,4,168
3229,5,C,1,802020508050,20210329,4,169
3230,6,C,0,802020508050,20210329,4,170
3231,5,C,1,802020508050,20210329,4,171
3232,6,C,1,802020508050,20210329,4,172
3233,5,C,1,802020508050,20210329,4,173
3234,6,C,0,802020508050,20210329,4,174
3235,5,C,1,802020508050,20210329,4,175
3236,6,C,1,802020508050,20210329,4,176
3237,5,C,0,802020508050,20210329,4,177
3238,6,C,0,802020508050,20210329,4,178
3239,5,C,1,802020508050,20210329,4,179
3240,5,C,0,208050505080,20210329,5,0
3241,6,C,1,208050505080,20210329,5,1
3242,5,C,0,208050505080,20210329,5,2
3243,6,C,1,208050505080,20210329,5,3
3244,1,A,0,208050505080,20210329,5,4
3245,2,A,1,208050505080,20210329,5,5
3246,1,A,0,208050505080,20210329,5,6
3247,2,A,1,208050505080,20210329,5,7
3248,1,A,0,208050505080,20210329,5,8
3249,2,A,1,208050505080,20210329,5,9
3250,3,B,1,208050505080,20210329,5,10
3251,4,B,0,208050505080,20210329,5,11
3252,3,B,0,208050505080,20210329,5,12
3253,5,C,1,208050505080,20210329,5,13
3254,6,C,1,208050505080,20210329,5,14
3255,5,C,1,208050505080,20210329,5,15
3256,6,C,0,208050505080,20210329,5,16
3257,5,C,0,208050505080,20210329,5,17
3258,6,C,1,208050505080,20210329,5,18
3259,5,C,0,208050505080,20210329,5,19
3260,6,C,0,208050505080,20210329,5,20
3261,3,B,1,208050505080,20210329,5,21
3262,4,B,0,208050505080,20210329,5,22
3263,3,B,1,208050505080,20210329,5,23
3264,4,B,1,208050505080,20210329,5,24
3265,3,B,1,208050505080,20210329,5,25
3266,4,B,1,208050505080,20210329,5,26
3267,3,B,1,208050505080,20210329,5,27
3268,4,B,0,208050505080,20210329,5,28
3269,3,B,1,208050505080,20210329,5,29
3270,4,B,1,208050505080,20210329,5,30
3271,3,B,1,208050505080,20210329,5,31
3272,4,B,1,208050505080,20210329,5,32
3273,3,B,0,208050505080,20210329,5,33
3274,4,B,1,208050505080,20210329,5,34
3275,3,B,1,208050505080,20210329,5,35
3276,4,B,0,208050505080,20210329,5,36
3277,3,B,0,208050505080,20210329,5,37
3278,4,B,1,208050505080,20210329,5,38
3279,3,B,0,208050505080,20210329,5,39
3280,4,B,0,208050505080,20210329,5,40
3281,5,C,0,208050505080,20210329,5,41
3282,6,C,1,208050505080,20210329,5,42
3283,5,C,1,208050505080,20210329,5,43
3284,6,C,1,208050505080,20210329,5,44
3285,5,C,0,208050505080,20210329,5,45
3286,6,C,0,208050505080,20210329,5,46
3287,5,C,0,208050505080,20210329,5,47
3288,6,C,1,208050505080,20210329,5,48
3289,5,C,0,208050505080,20210329,5,49
3290,6,C,1,208050505080,20210329,5,50
3291,5,C,1,208050505080,20210329,5,51
3292,6,C,1,208050505080,20210329,5,52
3293,5,C,1,208050505080,20210329,5,53
3294,6,C,1,208050505080,20210329,5,54
3295,5,C,1,208050505080,20210329,5,55
3296,6,C,0,208050505080,20210329,5,56
3297,5,C,0,208050505080,20210329,5,57
3298,6,C,1,208050505080,20210329,5,58
3299,5,C,0,208050505080,20210329,5,59
3300,6,C,0,205080505020,20210329,5,60
3301,5,C,0,205080505020,20210329,5,61
3302,6,C,0,205080505020,20210329,5,62
3303,5,C,0,205080505020,20210329,5,63
3304,3,B,1,205080505020,20210329,5,64
3305,4,B,0,205080505020,20210329,5,65
3306,3,B,1,205080505020,20210329,5,66
3307,4,B,0,205080505020,20210329,5,67
3308,3,B,0,205080505020,20210329,5,68
3309,4,B,0,205080505020,20210329,5,69
3310,3,B,0,205080505020,20210329,5,70
3311,4,B,1,205080505020,20210329,5,71
3312,3,B,1,205080505020,20210329,5,72
3313,4,B,1,205080505020,20210329,5,73
3314,3,B,1,205080505020,20210329,5,74
3315,4,B,0,205080505020,20210329,5,75
3316,3,B,0,205080505020,20210329,5,76
3317,4,B,0,205080505020,20210329,5,77
3318,1,A,0,205080505020,20210329,5,78
3319,2,A,0,205080505020,20210329,5,79
3320,1,A,0,205080505020,20210329,5,80
3321,2,A,0,205080505020,20210329,5,81
3322,1,A,0,205080505020,20210329,5,82
3323,2,A,1,205080505020,20210329,5,83
3324,1,A,1,205080505020,20210329,5,84
3325,2,A,0,205080505020,20210329,5,85
3326,1,A,0,205080505020,20210329,5,86
3327,2,A,0,205080505020,20210329,5,87
3328,1,A,1,205080505020,20210329,5,88
3329,2,A,0,205080505020,20210329,5,89
3330,1,A,0,205080505020,20210329,5,90
3331,2,A,1,205080505020,20210329,5,91
3332,1,A,0,205080505020,20210329,5,92
3333,2,A,1,205080505020,20210329,5,93
3334,3,B,1,205080505020,20210329,5,94
3335,4,B,1,205080505020,20210329,5,95
3336,3,B,1,205080505020,20210329,5,96
3337,4,B,1,205080505020,20210329,5,97
3338,3,B,1,205080505020,20210329,5,98
3339,4,B,1,205080505020,20210329,5,99
3340,3,B,1,205080505020,20210329,5,100
3341,4,B,1,205080505020,20210329,5,101
3342,3,B,1,205080505020,20210329,5,102
3343,4,B,0,205080505020,20210329,5,103
3344,3,B,1,205080505020,20210329,5,104
3345,4,B,0,205080505020,20210329,5,105
3346,3,B,1,205080505020,20210329,5,106
3347,4,B,0,205080505020,20210329,5,107
3348,3,B,1,205080505020,20210329,5,108
3349,4,B,0,205080505020,20210329,5,109
3350,3,B,1,205080505020,20210329,5,110
3351,4,B,0,205080505020,20210329,5,111
3352,3,B,1,205080505020,20210329,5,112
3353,4,B,0,205080505020,20210329,5,113
3354,3,B,1,205080505020,20210329,5,114
3355,4,B,1,205080505020,20210329,5,115
3356,3,B,1,205080505020,20210329,5,116
3357,4,B,0,205080505020,20210329,5,117
3358,3,B,1,205080505020,20210329,5,118
3359,4,B,0,205080505020,20210329,5,119
3360,3,B,0,805020202050,20210329,5,120
3361,4,B,0,805020202050,20210329,5,121
3362,3,B,1,805020202050,20210329,5,122
3363,4,B,0,805020202050,20210329,5,123
3364,3,B,0,805020202050,20210329,5,124
3365,4,B,1,805020202050,20210329,5,125
3366,3,B,0,805020202050,20210329,5,126
3367,4,B,0,805020202050,20210329,5,127
3368,3,B,0,805020202050,20210329,5,128
3369,4,B,0,805020202050,20210329,5,129
3370,3,B,0,805020202050,20210329,5,130
3371,4,B,0,805020202050,20210329,5,131
3372,5,C,0,805020202050,20210329,5,132
3373,6,C,1,805020202050,20210329,5,133
3374,5,C,0,805020202050,20210329,5,134
3375,6,C,1,805020202050,20210329,5,135
3376,5,C,0,805020202050,20210329,5,136
3377,6,C,1,805020202050,20210329,5,137
3378,5,C,1,805020202050,20210329,5,138
3379,6,C,1,805020202050,20210329,5,139
3380,5,C,0,805020202050,20210329,5,140
3381,6,C,1,805020202050,20210329,5,141
3382,5,C,0,805020202050,20210329,5,142
3383,6,C,0,805020202050,20210329,5,143
3384,5,C,1,805020202050,20210329,5,144
3385,6,C,0,805020202050,20210329,5,145
3386,5,C,0,805020202050,20210329,5,146
3387,6,C,0,805020202050,20210329,5,147
3388,5,C,0,805020202050,20210329,5,148
3389,6,C,0,805020202050,20210329,5,149
3390,5,C,0,805020202050,20210329,5,150
3391,6,C,0,805020202050,20210329,5,151
3392,3,B,0,805020202050,20210329,5,152
3393,4,B,1,805020202050,20210329,5,153
3394,3,B,0,805020202050,20210329,5,154
3395,4,B,0,805020202050,20210329,5,155
3396,3,B,0,805020202050,20210329,5,156
3397,4,B,0,805020202050,20210329,5,157
3398,3,B,0,805020202050,20210329,5,158
3399,4,B,0,805020202050,20210329,5,159
3400,5,C,1,805020202050,20210329,5,160
3401,6,C,1,805020202050,20210329,5,161
3402,5,C,0,805020202050,20210329,5,162
3403,6,C,0,805020202050,20210329,5,163
3404,5,C,0,805020202050,20210329,5,164
3405,6,C,1,805020202050,20210329,5,165
3406,5,C,0,805020202050,20210329,5,166
3407,6,C,1,805020202050,20210329,5,167
3408,2,A,1,805020202050,20210329,5,168
3409,1,A,1,805020202050,20210329,5,169
3410,2,A,1,805020202050,20210329,5,170
3411,1,A,1,805020202050,20210329,5,171
3412,2,A,1,805020202050,20210329,5,172
3413,1,A,0,805020202050,20210329,5,173
3414,2,A,0,805020202050,20210329,5,174
3415,1,A,1,805020202050,20210329,5,175
3416,2,A,0,805020202050,20210329,5,176
3417,1,A,1,805020202050,20210329,5,177
3418,2,A,0,805020202050,20210329,5,178
3419,1,A,0,805020202050,20210329,5,179
3420,6,C,1,205020208050,20210329,6,0
3421,5,C,0,205020208050,20210329,6,1
3422,6,C,1,205020208050,20210329,6,2
3423,5,C,1,205020208050,20210329,6,3
3424,6,C,1,205020208050,20210329,6,4
3425,5,C,1,205020208050,20210329,6,5
3426,6,C,1,205020208050,20210329,6,6
3427,5,C,1,205020208050,20210329,6,7
3428,6,C,0,205020208050,20210329,6,8
3429,5,C,1,205020208050,20210329,6,9
3430,6,C,0,205020208050,20210329,6,10
3431,5,C,1,205020208050,20210329,6,11
3432,6,C,1,205020208050,20210329,6,12
3433,5,C,1,205020208050,20210329,6,13
3434,6,C,0,205020208050,20210329,6,14
3435,5,C,1,205020208050,20210329,6,15
3436,6,C,0,205020208050,20210329,6,16
3437,5,C,1,205020208050,20210329,6,17
3438,6,C,0,205020208050,20210329,6,18
3439,5,C,1,205020208050,20210329,6,19
3440,6,C,0,205020208050,20210329,6,20
3441,5,C,1,205020208050,20210329,6,21
3442,6,C,1,205020208050,20210329,6,22
3443,5,C,0,205020208050,20210329,6,23
3444,6,C,0,205020208050,20210329,6,24
3445,5,C,0,205020208050,20210329,6,25
3446,3,B,0,205020208050,20210329,6,26
3447,4,B,0,205020208050,20210329,6,27
3448,3,B,0,205020208050,20210329,6,28
3449,4,B,0,205020208050,20210329,6,29
3450,3,B,0,205020208050,20210329,6,30
3451,1,A,0,205020208050,20210329,6,31
3452,2,A,1,205020208050,20210329,6,32
3453,1,A,1,205020208050,20210329,6,33
3454,2,A,0,205020208050,20210329,6,34
3455,1,A,0,205020208050,20210329,6,35
3456,2,A,0,205020208050,20210329,6,36
3457,1,A,0,205020208050,20210329,6,37
3458,2,A,1,205020208050,20210329,6,38
3459,1,A,0,205020208050,20210329,6,39
3460,2,A,1,205020208050,20210329,6,40
3461,1,A,1,205020208050,20210329,6,41
3462,2,A,1,205020208050,20210329,6,42
3463,1,A,0,205020208050,20210329,6,43
3464,2,A,1,205020208050,20210329,6,44
3465,1,A,0,205020208050,20210329,6,45
3466,2,A,0,205020208050,20210329,6,46
3467,5,C,1,205020208050,20210329,6,47
3468,6,C,0,205020208050,20210329,6,48
3469,5,C,1,205020208050,20210329,6,49
3470,6,C,1,205020208050,20210329,6,50
3471,5,C,1,205020208050,20210329,6,51
3472,6,C,0,205020208050,20210329,6,52
3473,5,C,1,205020208050,20210329,6,53
3474,6,C,0,205020208050,20210329,6,54
3475,5,C,1,205020208050,20210329,6,55
3476,6,C,1,205020208050,20210329,6,56
3477,5,C,0,205020208050,20210329,6,57
3478,6,C,0,205020208050,20210329,6,58
3479,5,C,1,205020208050,20210329,6,59
3480,6,C,0,202080202020,20210329,6,60
3481,5,C,0,202080202020,20210329,6,61
3482,6,C,0,202080202020,20210329,6,62
3483,3,B,1,202080202020,20210329,6,63
3484,4,B,0,202080202020,20210329,6,64
3485,3,B,1,202080202020,20210329,6,65
3486,4,B,0,202080202020,20210329,6,66
3487,3,B,1,202080202020,20210329,6,67
3488,4,B,0,202080202020,20210329,6,68
3489,3,B,1,202080202020,20210329,6,69
3490,4,B,0,202080202020,20210329,6,70
3491,3,B,1,202080202020,20210329,6,71
3492,4,B,0,202080202020,20210329,6,72
3493,3,B,1,202080202020,20210329,6,73
3494,4,B,0,202080202020,20210329,6,74
3495,3,B,1,202080202020,20210329,6,75
3496,4,B,1,202080202020,20210329,6,76
3497,3,B,1,202080202020,20210329,6,77
3498,4,B,1,202080202020,20210329,6,78
3499,3,B,1,202080202020,20210329,6,79
3500,4,B,1,202080202020,20210329,6,80
3501,3,B,1,202080202020,20210329,6,81
3502,4,B,0,202080202020,20210329,6,82
3503,3,B,1,202080202020,20210329,6,83
3504,4,B,1,202080202020,20210329,6,84
3505,3,B,1,202080202020,20210329,6,85
3506,4,B,0,202080202020,20210329,6,86
3507,3,B,1,202080202020,20210329,6,87
3508,4,B,1,202080202020,20210329,6,88
3509,3,B,1,202080202020,20210329,6,89
3510,4,B,0,202080202020,20210329,6,90
3511,3,B,0,202080202020,20210329,6,91
3512,4,B,0,202080202020,20210329,6,92
3513,3,B,1,202080202020,20210329,6,93
3514,4,B,0,202080202020,20210329,6,94
3515,3,B,0,202080202020,20210329,6,95
3516,4,B,0,202080202020,20210329,6,96
3517,3,B,1,202080202020,20210329,6,97
3518,4,B,0,202080202020,20210329,6,98
3519,3,B,1,202080202020,20210329,6,99
3520,4,B,0,202080202020,20210329,6,100
3521,3,B,1,202080202020,20210329,6,101
3522,4,B,0,202080202020,20210329,6,102
3523,3,B,0,202080202020,20210329,6,103
3524,4,B,0,202080202020,20210329,6,104
3525,3,B,1,202080202020,20210329,6,105
3526,5,C,1,202080202020,20210329,6,106
3527,6,C,0,202080202020,20210329,6,107
3528,5,C,0,202080202020,20210329,6,108
3529,6,C,0,202080202020,20210329,6,109
3530,5,C,0,202080202020,20210329,6,110
3531,6,C,0,202080202020,20210329,6,111
3532,5,C,0,202080202020,20210329,6,112
3533,6,C,0,202080202020,20210329,6,113
3534,5,C,0,202080202020,20210329,6,114
3535,3,B,0,202080202020,20210329,6,115
3536,4,B,0,202080202020,20210329,6,116
3537,3,B,0,202080202020,20210329,6,117
3538,4,B,0,202080202020,20210329,6,118
3539,3,B,0,202080202020,20210329,6,119
3540,2,A,1,205020202080,20210329,6,120
3541,1,A,1,205020202080,20210329,6,121
3542,2,A,1,205020202080,20210329,6,122
3543,1,A,1,205020202080,20210329,6,123
3544,2,A,1,205020202080,20210329,6,124
3545,1,A,1,205020202080,20210329,6,125
3546,2,A,1,205020202080,20210329,6,126
3547,1,A,0,205020202080,20210329,6,127
3548,2,A,0,205020202080,20210329,6,128
3549,1,A,0,205020202080,20210329,6,129
3550,2,A,1,205020202080,20210329,6,130
3551,1,A,0,205020202080,20210329,6,131
3552,2,A,0,205020202080,20210329,6,132
3553,1,A,0,205020202080,20210329,6,133
3554,2,A,1,205020202080,20210329,6,134
3555,3,B,0,205020202080,20210329,6,135
3556,4,B,0,205020202080,20210329,6,136
3557,3,B,0,205020202080,20210329,6,137
3558,5,C,0,205020202080,20210329,6,138
3559,6,C,0,205020202080,20210329,6,139
3560,5,C,0,205020202080,20210329,6,140
3561,6,C,0,205020202080,20210329,6,141
3562,3,B,0,205020202080,20210329,6,142
3563,4,B,0,205020202080,20210329,6,143
3564,3,B,0,205020202080,20210329,6,144
3565,5,C,0,205020202080,20210329,6,145
3566,6,C,1,205020202080,20210329,6,146
3567,5,C,1,205020202080,20210329,6,147
3568,6,C,0,205020202080,20210329,6,148
3569,5,C,0,205020202080,20210329,6,149
3570,6,C,1,205020202080,20210329,6,150
3571,5,C,0,205020202080,20210329,6,151
3572,3,B,1,205020202080,20210329,6,152
3573,4,B,0,205020202080,20210329,6,153
3574,3,B,0,205020202080,20210329,6,154
3575,4,B,0,205020202080,20210329,6,155
3576,3,B,1,205020202080,20210329,6,156
3577,2,A,0,205020202080,20210329,6,157
3578,1,A,0,205020202080,20210329,6,158
3579,2,A,0,205020202080,20210329,6,159
3580,1,A,1,205020202080,20210329,6,160
3581,2,A,0,205020202080,20210329,6,161
3582,1,A,1,205020202080,20210329,6,162
3583,2,A,0,205020202080,20210329,6,163
3584,1,A,0,205020202080,20210329,6,164
3585,2,A,0,205020202080,20210329,6,165
3586,1,A,0,205020202080,20210329,6,166
3587,2,A,1,205020202080,20210329,6,167
3588,1,A,0,205020202080,20210329,6,168
3589,2,A,0,205020202080,20210329,6,169
3590,1,A,1,205020202080,20210329,6,170
3591,2,A,0,205020202080,20210329,6,171
3592,1,A,0,205020202080,20210329,6,172
3593,2,A,1,205020202080,20210329,6,173
3594,1,A,0,205020202080,20210329,6,174
3595,2,A,0,205020202080,20210329,6,175
3596,1,A,0,205020202080,20210329,6,176
3597,2,A,0,205020202080,20210329,6,177
3598,1,A,0,205020202080,20210329,6,178
3599,2,A,1,205020202080,20210329,6,179
3600,1,A,0,202080502050,20210329,7,0
3601,2,A,0,202080502050,20210329,7,1
3602,1,A,0,202080502050,20210329,7,2
3603,2,A,0,202080502050,20210329,7,3
3604,5,C,0,202080502050,20210329,7,4
3605,6,C,1,202080502050,20210329,7,5
3606,5,C,0,202080502050,20210329,7,6
3607,6,C,1,202080502050,20210329,7,7
3608,5,C,0,202080502050,20210329,7,8
3609,6,C,1,202080502050,20210329,7,9
3610,5,C,1,202080502050,20210329,7,10
3611,6,C,1,202080502050,20210329,7,11
3612,5,C,0,202080502050,20210329,7,12
3613,6,C,0,202080502050,20210329,7,13
3614,5,C,0,202080502050,20210329,7,14
3615,3,B,1,202080502050,20210329,7,15
3616,4,B,1,202080502050,20210329,7,16
3617,3,B,0,202080502050,20210329,7,17
3618,4,B,1,202080502050,20210329,7,18
3619,3,B,1,202080502050,20210329,7,19
3620,4,B,0,202080502050,20210329,7,20
3621,3,B,1,202080502050,20210329,7,21
3622,4,B,1,202080502050,20210329,7,22
3623,3,B,1,202080502050,20210329,7,23
3624,4,B,1,202080502050,20210329,7,24
3625,3,B,1,202080502050,20210329,7,25
3626,4,B,1,202080502050,20210329,7,26
3627,3,B,1,202080502050,20210329,7,27
3628,4,B,0,202080502050,20210329,7,28
3629,3,B,1,202080502050,20210329,7,29
3630,4,B,0,202080502050,20210329,7,30
3631,3,B,1,202080502050,20210329,7,31
3632,4,B,0,202080502050,20210329,7,32
3633,3,B,1,202080502050,20210329,7,33
3634,4,B,0,202080502050,20210329,7,34
3635,3,B,1,202080502050,20210329,7,35
3636,4,B,0,202080502050,20210329,7,36
3637,3,B,1,202080502050,20210329,7,37
3638,4,B,1,202080502050,20210329,7,38
3639,3,B,1,202080502050,20210329,7,39
3640,4,B,0,202080502050,20210329,7,40
3641,3,B,0,202080502050,20210329,7,41
3642,4,B,1,202080502050,20210329,7,42
3643,3,B,1,202080502050,20210329,7,43
3644,4,B,1,202080502050,20210329,7,44
3645,3,B,1,202080502050,20210329,7,45
3646,4,B,0,202080502050,20210329,7,46
3647,3,B,1,202080502050,20210329,7,47
3648,4,B,1,202080502050,20210329,7,48
3649,3,B,0,202080502050,20210329,7,49
3650,4,B,1,202080502050,20210329,7,50
3651,3,B,1,202080502050,20210329,7,51
3652,4,B,1,202080502050,20210329,7,52
3653,3,B,1,202080502050,20210329,7,53
3654,4,B,0,202080502050,20210329,7,54
3655,3,B,0,202080502050,20210329,7,55
3656,4,B,1,202080502050,20210329,7,56
3657,3,B,0,202080502050,20210329,7,57
3658,4,B,1,202080502050,20210329,7,58
3659,3,B,1,202080502050,20210329,7,59
3660,4,B,1,202050205050,20210329,7,60
3661,3,B,1,202050205050,20210329,7,61
3662,4,B,0,202050205050,20210329,7,62
3663,3,B,1,202050205050,20210329,7,63
3664,4,B,0,202050205050,20210329,7,64
3665,3,B,0,202050205050,20210329,7,65
3666,4,B,0,202050205050,20210329,7,66
3667,3,B,0,202050205050,20210329,7,67
3668,4,B,1,202050205050,20210329,7,68
3669,5,C,1,202050205050,20210329,7,69
3670,6,C,0,202050205050,20210329,7,70
3671,5,C,0,202050205050,20210329,7,71
3672,6,C,0,202050205050,20210329,7,72
3673,5,C,0,202050205050,20210329,7,73
3674,3,B,1,202050205050,20210329,7,74
3675,4,B,0,202050205050,20210329,7,75
3676,3,B,1,202050205050,20210329,7,76
3677,4,B,0,202050205050,20210329,7,77
3678,3,B,1,202050205050,20210329,7,78
3679,4,B,0,202050205050,20210329,7,79
3680,3,B,1,202050205050,20210329,7,80
3681,4,B,1,202050205050,20210329,7,81
3682,3,B,0,202050205050,20210329,7,82
3683,4,B,1,202050205050,20210329,7,83
3684,3,B,1,202050205050,20210329,7,84
3685,4,B,0,202050205050,20210329,7,85
3686,3,B,1,202050205050,20210329,7,86
3687,4,B,0,202050205050,20210329,7,87
3688,3,B,1,202050205050,20210329,7,88
3689,4,B,0,202050205050,20210329,7,89
3690,3,B,1,202050205050,20210329,7,90
3691,4,B,0,202050205050,20210329,7,91
3692,3,B,1,202050205050,20210329,7,92
3693,4,B,1,202050205050,20210329,7,93
3694,3,B,1,202050205050,20210329,7,94
3695,4,B,1,202050205050,20210329,7,95
3696,3,B,1,202050205050,20210329,7,96
3697,4,B,0,202050205050,20210329,7,97
3698,3,B,1,202050205050,20210329,7,98
3699,4,B,0,202050205050,20210329,7,99
3700,3,B,1,202050205050,20210329,7,100
3701,4,B,0,202050205050,20210329,7,101
3702,3,B,1,202050205050,20210329,7,102
3703,4,B,0,202050205050,20210329,7,103
3704,3,B,0,202050205050,20210329,7,104
3705,4,B,0,202050205050,20210329,7,105
3706,3,B,1,202050205050,20210329,7,106
3707,4,B,0,202050205050,20210329,7,107
3708,3,B,0,202050205050,20210329,7,108
3709,4,B,0,202050205050,20210329,7,109
3710,3,B,0,202050205050,20210329,7,110
3711,4,B,0,202050205050,20210329,7,111
3712,2,A,0,202050205050,20210329,7,112
3713,1,A,0,202050205050,20210329,7,113
3714,2,A,0,202050205050,20210329,7,114
3715,5,C,0,202050205050,20210329,7,115
3716,6,C,0,202050205050,20210329,7,116
3717,5,C,1,202050205050,20210329,7,117
3718,6,C,1,202050205050,20210329,7,118
3719,5,C,1,202050205050,20210329,7,119
3720,6,C,1,208020502020,20210329,7,120
3721,5,C,0,208020502020,20210329,7,121
3722,6,C,0,208020502020,20210329,7,122
3723,5,C,1,208020502020,20210329,7,123
3724,6,C,1,208020502020,20210329,7,124
3725,5,C,1,208020502020,20210329,7,125
3726,6,C,0,208020502020,20210329,7,126
3727,5,C,1,208020502020,20210329,7,127
3728,6,C,1,208020502020,20210329,7,128
3729,5,C,0,208020502020,20210329,7,129
3730,6,C,1,208020502020,20210329,7,130
3731,5,C,0,208020502020,20210329,7,131
3732,6,C,0,208020502020,20210329,7,132
3733,5,C,0,208020502020,20210329,7,133
3734,6,C,1,208020502020,20210329,7,134
3735,5,C,0,208020502020,20210329,7,135
3736,6,C,0,208020502020,20210329,7,136
3737,5,C,0,208020502020,20210329,7,137
3738,6,C,0,208020502020,20210329,7,138
3739,4,B,1,208020502020,20210329,7,139
3740,3,B,0,208020502020,20210329,7,140
3741,4,B,1,208020502020,20210329,7,141
3742,3,B,1,208020502020,20210329,7,142
3743,4,B,1,208020502020,20210329,7,143
3744,3,B,0,208020502020,20210329,7,144
3745,4,B,1,208020502020,20210329,7,145
3746,3,B,0,208020502020,20210329,7,146
3747,4,B,0,208020502020,20210329,7,147
3748,3,B,0,208020502020,20210329,7,148
3749,4,B,1,208020502020,20210329,7,149
3750,3,B,0,208020502020,20210329,7,150
3751,4,B,0,208020502020,20210329,7,151
3752,3,B,1,208020502020,20210329,7,152
3753,4,B,1,208020502020,20210329,7,153
3754,3,B,1,208020502020,20210329,7,154
3755,4,B,0,208020502020,20210329,7,155
3756,3,B,0,208020502020,20210329,7,156
3757,4,B,0,208020502020,20210329,7,157
3758,3,B,0,208020502020,20210329,7,158
3759,4,B,1,208020502020,20210329,7,159
3760,3,B,0,208020502020,20210329,7,160
3761,4,B,1,208020502020,20210329,7,161
3762,3,B,0,208020502020,20210329,7,162
3763,4,B,0,208020502020,20210329,7,163
3764,3,B,0,208020502020,20210329,7,164
3765,4,B,0,208020502020,20210329,7,165
3766,2,A,1,208020502020,20210329,7,166
3767,1,A,0,208020502020,20210329,7,167
3768,2,A,1,208020502020,20210329,7,168
3769,1,A,1,208020502020,20210329,7,169
3770,2,A,0,208020502020,20210329,7,170
3771,1,A,1,208020502020,20210329,7,171
3772,2,A,1,208020502020,20210329,7,172
3773,1,A,0,208020502020,20210329,7,173
3774,2,A,1,208020502020,20210329,7,174
3775,1,A,0,208020502020,20210329,7,175
3776,2,A,1,208020502020,20210329,7,176
3777,1,A,0,208020502020,20210329,7,177
3778,2,A,1,208020502020,20210329,7,178
3779,1,A,0,208020502020,20210329,7,179
3780,6,C,0,802020202050,20210329,8,0
3781,5,C,0,802020202050,20210329,8,1
3782,6,C,0,802020202050,20210329,8,2
3783,5,C,0,802020202050,20210329,8,3
3784,6,C,1,802020202050,20210329,8,4
3785,5,C,0,802020202050,20210329,8,5
3786,6,C,1,802020202050,20210329,8,6
3787,5,C,1,802020202050,20210329,8,7
3788,6,C,0,802020202050,20210329,8,8
3789,5,C,1,802020202050,20210329,8,9
3790,6,C,0,802020202050,20210329,8,10
3791,5,C,0,802020202050,20210329,8,11
3792,6,C,0,802020202050,20210329,8,12
3793,5,C,0,802020202050,20210329,8,13
3794,2,A,0,802020202050,20210329,8,14
3795,1,A,1,802020202050,20210329,8,15
3796,2,A,1,802020202050,20210329,8,16
3797,1,A,0,802020202050,20210329,8,17
3798,2,A,0,802020202050,20210329,8,18
3799,1,A,1,802020202050,20210329,8,19
3800,2,A,0,802020202050,20210329,8,20
3801,1,A,1,802020202050,20210329,8,21
3802,2,A,0,802020202050,20210329,8,22
3803,1,A,1,802020202050,20210329,8,23
3804,3,B,0,802020202050,20210329,8,24
3805,4,B,0,802020202050,20210329,8,25
3806,3,B,0,802020202050,20210329,8,26
3807,4,B,0,802020202050,20210329,8,27
3808,3,B,0,802020202050,20210329,8,28
3809,4,B,0,802020202050,20210329,8,29
3810,3,B,1,802020202050,20210329,8,30
3811,4,B,0,802020202050,20210329,8,31
3812,3,B,0,802020202050,20210329,8,32
3813,4,B,0,802020202050,20210329,8,33
3814,3,B,0,802020202050,20210329,8,34
3815,4,B,0,802020202050,20210329,8,35
3816,5,C,0,802020202050,20210329,8,36
3817,6,C,0,802020202050,20210329,8,37
3818,5,C,0,802020202050,20210329,8,38
3819,6,C,0,802020202050,20210329,8,39
3820,3,B,0,802020202050,20210329,8,40
3821,4,B,0,802020202050,20210329,8,41
3822,3,B,0,802020202050,20210329,8,42
3823,4,B,0,802020202050,20210329,8,43
3824,2,A,0,802020202050,20210329,8,44
3825,1,A,1,802020202050,20210329,8,45
3826,2,A,1,802020202050,20210329,8,46
3827,1,A,1,802020202050,20210329,8,47
3828,2,A,0,802020202050,20210329,8,48
3829,1,A,0,802020202050,20210329,8,49
3830,2,A,0,802020202050,20210329,8,50
3831,1,A,0,802020202050,20210329,8,51
3832,2,A,0,802020202050,20210329,8,52
3833,1,A,0,802020202050,20210329,8,53
3834,5,C,0,802020202050,20210329,8,54
3835,6,C,1,802020202050,20210329,8,55
3836,5,C,0,802020202050,20210329,8,56
3837,6,C,1,802020202050,20210329,8,57
3838,5,C,0,802020202050,20210329,8,58
3839,6,C,1,802020202050,20210329,8,59
3840,5,C,0,202020508020,20210329,8,60
3841,6,C,1,202020508020,20210329,8,61
3842,5,C,0,202020508020,20210329,8,62
3843,6,C,1,202020508020,20210329,8,63
3844,5,C,1,202020508020,20210329,8,64
3845,6,C,0,202020508020,20210329,8,65
3846,5,C,1,202020508020,20210329,8,66
3847,6,C,0,202020508020,20210329,8,67
3848,3,B,1,202020508020,20210329,8,68
3849,4,B,1,202020508020,20210329,8,69
3850,3,B,0,202020508020,20210329,8,70
3851,4,B,0,202020508020,20210329,8,71
3852,3,B,0,202020508020,20210329,8,72
3853,4,B,1,202020508020,20210329,8,73
3854,3,B,1,202020508020,20210329,8,74
3855,4,B,1,202020508020,20210329,8,75
3856,3,B,0,202020508020,20210329,8,76
3857,4,B,0,202020508020,20210329,8,77
3858,3,B,1,202020508020,20210329,8,78
3859,4,B,0,202020508020,20210329,8,79
3860,3,B,0,202020508020,20210329,8,80
3861,4,B,1,202020508020,20210329,8,81
3862,3,B,0,202020508020,20210329,8,82
3863,4,B,1,202020508020,20210329,8,83
3864,3,B,0,202020508020,20210329,8,84
3865,4,B,1,202020508020,20210329,8,85
3866,3,B,0,202020508020,20210329,8,86
3867,4,B,1,202020508020,20210329,8,87
3868,3,B,1,202020508020,20210329,8,88
3869,4,B,1,202020508020,20210329,8,89
3870,3,B,0,202020508020,20210329,8,90
3871,4,B,1,202020508020,20210329,8,91
3872,3,B,0,202020508020,20210329,8,92
3873,4,B,1,202020508020,20210329,8,93
3874,3,B,0,202020508020,20210329,8,94
3875,4,B,1,202020508020,20210329,8,95
3876,3,B,0,202020508020,20210329,8,96
3877,4,B,1,202020508020,20210329,8,97
3878,3,B,0,202020508020,20210329,8,98
3879,4,B,0,202020508020,20210329,8,99
3880,3,B,0,202020508020,20210329,8,100
3881,4,B,1,202020508020,20210329,8,101
3882,3,B,1,202020508020,20210329,8,102
3883,4,B,1,202020508020,20210329,8,103
3884,3,B,0,202020508020,20210329,8,104
3885,4,B,0,202020508020,20210329,8,105
3886,3,B,0,202020508020,20210329,8,106
3887,4,B,1,202020508020,20210329,8,107
3888,1,A,0,202020508020,20210329,8,108
3889,2,A,1,202020508020,20210329,8,109
3890,1,A,0,202020508020,20210329,8,110
3891,2,A,0,202020508020,20210329,8,111
3892,1,A,0,202020508020,20210329,8,112
3893,2,A,0,202020508020,20210329,8,113
3894,4,B,0,202020508020,20210329,8,114
3895,3,B,0,202020508020,20210329,8,115
3896,4,B,0,202020508020,20210329,8,116
3897,6,C,0,202020508020,20210329,8,117
3898,5,C,1,202020508020,20210329,8,118
3899,6,C,0,202020508020,20210329,8,119
3900,5,C,0,505050802050,20210329,8,120
3901,6,C,1,505050802050,20210329,8,121
3902,3,B,1,505050802050,20210329,8,122
3903,4,B,1,505050802050,20210329,8,123
3904,3,B,1,505050802050,20210329,8,124
3905,4,B,1,505050802050,20210329,8,125
3906,3,B,1,505050802050,20210329,8,126
3907,4,B,1,505050802050,20210329,8,127
3908,1,A,1,505050802050,20210329,8,128
3909,2,A,0,505050802050,20210329,8,129
3910,1,A,0,505050802050,20210329,8,130
3911,2,A,0,505050802050,20210329,8,131
3912,1,A,0,505050802050,20210329,8,132
3913,2,A,0,505050802050,20210329,8,133
3914,3,B,1,505050802050,20210329,8,134
3915,4,B,1,505050802050,20210329,8,135
3916,6,C,1,505050802050,20210329,8,136
3917,5,C,1,505050802050,20210329,8,137
3918,6,C,0,505050802050,20210329,8,138
3919,5,C,1,505050802050,20210329,8,139
3920,6,C,0,505050802050,20210329,8,140
3921,5,C,1,505050802050,20210329,8,141
3922,6,C,0,505050802050,20210329,8,142
3923,1,A,0,505050802050,20210329,8,143
3924,2,A,0,505050802050,20210329,8,144
3925,1,A,0,505050802050,20210329,8,145
3926,2,A,1,505050802050,20210329,8,146
3927,1,A,1,505050802050,20210329,8,147
3928,5,C,0,505050802050,20210329,8,148
3929,6,C,1,505050802050,20210329,8,149
3930,4,B,0,505050802050,20210329,8,150
3931,3,B,1,505050802050,20210329,8,151
3932,4,B,1,505050802050,20210329,8,152
3933,6,C,1,505050802050,20210329,8,153
3934,5,C,0,505050802050,20210329,8,154
3935,6,C,0,505050802050,20210329,8,155
3936,2,A,0,505050802050,20210329,8,156
3937,1,A,1,505050802050,20210329,8,157
3938,2,A,1,505050802050,20210329,8,158
3939,1,A,0,505050802050,20210329,8,159
3940,3,B,0,505050802050,20210329,8,160
3941,4,B,1,505050802050,20210329,8,161
3942,3,B,1,505050802050,20210329,8,162
3943,4,B,1,505050802050,20210329,8,163
3944,3,B,1,505050802050,20210329,8,164
3945,4,B,1,505050802050,20210329,8,165
3946,3,B,0,505050802050,20210329,8,166
3947,4,B,1,505050802050,20210329,8,167
3948,3,B,0,505050802050,20210329,8,168
3949,4,B,1,505050802050,20210329,8,169
3950,5,C,0,505050802050,20210329,8,170
3951,6,C,0,505050802050,20210329,8,171
3952,5,C,1,505050802050,20210329,8,172
3953,6,C,0,505050802050,20210329,8,173
3954,4,B,1,505050802050,20210329,8,174
3955,1,A,1,505050802050,20210329,8,175
3956,6,C,1,505050802050,20210329,8,176
3957,3,B,0,202050802050,20210330,1,0
3958,4,B,0,202050802050,20210330,1,1
3959,3,B,1,202050802050,20210330,1,2
3960,4,B,1,202050802050,20210330,1,3
3961,3,B,1,202050802050,20210330,1,4
3962,4,B,1,202050802050,20210330,1,5
3963,5,C,0,202050802050,20210330,1,6
3964,6,C,1,202050802050,20210330,1,7
3965,5,C,0,202050802050,20210330,1,8
3966,6,C,0,202050802050,20210330,1,9
3967,5,C,0,202050802050,20210330,1,10
3968,6,C,0,202050802050,20210330,1,11
3969,2,A,0,202050802050,20210330,1,12
3970,1,A,0,202050802050,20210330,1,13
3971,2,A,0,202050802050,20210330,1,14
3972,1,A,0,202050802050,20210330,1,15
3973,3,B,1,202050802050,20210330,1,16
3974,4,B,0,202050802050,20210330,1,17
3975,3,B,0,202050802050,20210330,1,18
3976,4,B,1,202050802050,20210330,1,19
3977,3,B,1,202050802050,20210330,1,20
3978,4,B,1,202050802050,20210330,1,21
3979,3,B,0,202050802050,20210330,1,22
3980,4,B,0,202050802050,20210330,1,23
3981,5,C,0,202050802050,20210330,1,24
3982,6,C,1,202050802050,20210330,1,25
3983,5,C,0,202050802050,20210330,1,26
3984,6,C,0,202050802050,20210330,1,27
3985,5,C,0,202050802050,20210330,1,28
3986,6,C,1,202050802050,20210330,1,29
3987,4,B,1,202050802050,20210330,1,30
3988,3,B,0,202050802050,20210330,1,31
3989,4,B,1,202050802050,20210330,1,32
3990,3,B,0,202050802050,20210330,1,33
3991,4,B,1,202050802050,20210330,1,34
3992,3,B,1,202050802050,20210330,1,35
3993,4,B,1,202050802050,20210330,1,36
3994,2,A,0,202050802050,20210330,1,37
3995,1,A,0,202050802050,20210330,1,38
3996,2,A,0,202050802050,20210330,1,39
3997,1,A,0,202050802050,20210330,1,40
3998,2,A,0,202050802050,20210330,1,41
3999,1,A,0,202050802050,20210330,1,42
4000,5,C,1,202050802050,20210330,1,43
4001,6,C,1,202050802050,20210330,1,44
4002,5,C,0,202050802050,20210330,1,45
4003,6,C,0,202050802050,20210330,1,46
4004,5,C,0,202050802050,20210330,1,47
4005,6,C,1,202050802050,20210330,1,48
4006,4,B,1,202050802050,20210330,1,49
4007,3,B,0,202050802050,20210330,1,50
4008,4,B,1,202050802050,20210330,1,51
4009,3,B,0,202050802050,20210330,1,52
4010,4,B,1,202050802050,20210330,1,53
4011,3,B,0,202050802050,20210330,1,54
4012,4,B,1,202050802050,20210330,1,55
4013,3,B,1,202050802050,20210330,1,56
4014,4,B,0,202050802050,20210330,1,57
4015,3,B,0,202050802050,20210330,1,58
4016,4,B,1,202050802050,20210330,1,59
4017,3,B,0,508020202020,20210330,1,60
4018,4,B,0,508020202020,20210330,1,61
4019,3,B,0,508020202020,20210330,1,62
4020,4,B,0,508020202020,20210330,1,63
4021,3,B,1,508020202020,20210330,1,64
4022,4,B,1,508020202020,20210330,1,65
4023,3,B,0,508020202020,20210330,1,66
4024,4,B,0,508020202020,20210330,1,67
4025,3,B,0,508020202020,20210330,1,68
4026,4,B,1,508020202020,20210330,1,69
4027,3,B,1,508020202020,20210330,1,70
4028,4,B,0,508020202020,20210330,1,71
4029,3,B,0,508020202020,20210330,1,72
4030,4,B,1,508020202020,20210330,1,73
4031,3,B,1,508020202020,20210330,1,74
4032,4,B,0,508020202020,20210330,1,75
4033,3,B,0,508020202020,20210330,1,76
4034,4,B,0,508020202020,20210330,1,77
4035,3,B,0,508020202020,20210330,1,78
4036,4,B,0,508020202020,20210330,1,79
4037,1,A,0,508020202020,20210330,1,80
4038,2,A,1,508020202020,20210330,1,81
4039,1,A,1,508020202020,20210330,1,82
4040,2,A,1,508020202020,20210330,1,83
4041,1,A,0,508020202020,20210330,1,84
4042,2,A,0,508020202020,20210330,1,85
4043,1,A,0,508020202020,20210330,1,86
4044,2,A,0,508020202020,20210330,1,87
4045,6,C,0,508020202020,20210330,1,88
4046,5,C,0,508020202020,20210330,1,89
4047,6,C,1,508020202020,20210330,1,90
4048,5,C,0,508020202020,20210330,1,91
4049,6,C,1,508020202020,20210330,1,92
4050,5,C,1,508020202020,20210330,1,93
4051,6,C,0,508020202020,20210330,1,94
4052,5,C,0,508020202020,20210330,1,95
4053,6,C,0,508020202020,20210330,1,96
4054,3,B,0,508020202020,20210330,1,97
4055,4,B,0,508020202020,20210330,1,98
4056,3,B,0,508020202020,20210330,1,99
4057,4,B,0,508020202020,20210330,1,100
4058,3,B,0,508020202020,20210330,1,101
4059,4,B,0,508020202020,20210330,1,102
4060,3,B,0,508020202020,20210330,1,103
4061,4,B,1,508020202020,20210330,1,104
4062,3,B,0,508020202020,20210330,1,105
4063,4,B,0,508020202020,20210330,1,106
4064,2,A,1,508020202020,20210330,1,107
4065,1,A,1,508020202020,20210330,1,108
4066,2,A,1,508020202020,20210330,1,109
4067,1,A,0,508020202020,20210330,1,110
4068,2,A,1,508020202020,20210330,1,111
4069,1,A,1,508020202020,20210330,1,112
4070,2,A,1,508020202020,20210330,1,113
4071,1,A,1,508020202020,20210330,1,114
4072,2,A,1,508020202020,20210330,1,115
4073,1,A,0,508020202020,20210330,1,116
4074,2,A,1,508020202020,20210330,1,117
4075,1,A,1,508020202020,20210330,1,118
4076,2,A,1,508020202020,20210330,1,119
4077,1,A,1,202020805020,20210330,1,120
4078,2,A,0,202020805020,20210330,1,121
4079,1,A,1,202020805020,20210330,1,122
4080,2,A,1,202020805020,20210330,1,123
4081,1,A,0,202020805020,20210330,1,124
4082,2,A,1,202020805020,20210330,1,125
4083,1,A,0,202020805020,20210330,1,126
4084,2,A,0,202020805020,20210330,1,127
4085,1,A,1,202020805020,20210330,1,128
4086,2,A,0,202020805020,20210330,1,129
4087,1,A,0,202020805020,20210330,1,130
4088,2,A,0,202020805020,20210330,1,131
4089,1,A,0,202020805020,20210330,1,132
4090,2,A,0,202020805020,20210330,1,133
4091,1,A,1,202020805020,20210330,1,134
4092,2,A,0,202020805020,20210330,1,135
4093,1,A,0,202020805020,20210330,1,136
4094,2,A,1,202020805020,20210330,1,137
4095,1,A,0,202020805020,20210330,1,138
4096,2,A,0,202020805020,20210330,1,139
4097,1,A,0,202020805020,20210330,1,140
4098,2,A,0,202020805020,20210330,1,141
4099,6,C,0,202020805020,20210330,1,142
4100,5,C,1,202020805020,20210330,1,143
4101,6,C,0,202020805020,20210330,1,144
4102,5,C,1,202020805020,20210330,1,145
4103,6,C,0,202020805020,20210330,1,146
4104,5,C,0,202020805020,20210330,1,147
4105,6,C,1,202020805020,20210330,1,148
4106,5,C,0,202020805020,20210330,1,149
4107,6,C,0,202020805020,20210330,1,150
4108,5,C,1,202020805020,20210330,1,151
4109,6,C,0,202020805020,20210330,1,152
4110,5,C,1,202020805020,20210330,1,153
4111,6,C,0,202020805020,20210330,1,154
4112,5,C,0,202020805020,20210330,1,155
4113,6,C,0,202020805020,20210330,1,156
4114,5,C,1,202020805020,20210330,1,157
4115,3,B,0,202020805020,20210330,1,158
4116,4,B,1,202020805020,20210330,1,159
4117,3,B,0,202020805020,20210330,1,160
4118,4,B,0,202020805020,20210330,1,161
4119,3,B,0,202020805020,20210330,1,162
4120,4,B,1,202020805020,20210330,1,163
4121,3,B,0,202020805020,20210330,1,164
4122,4,B,1,202020805020,20210330,1,165
4123,3,B,1,202020805020,20210330,1,166
4124,4,B,1,202020805020,20210330,1,167
4125,3,B,0,202020805020,20210330,1,168
4126,4,B,1,202020805020,20210330,1,169
4127,3,B,0,202020805020,20210330,1,170
4128,4,B,1,202020805020,20210330,1,171
4129,3,B,0,202020805020,20210330,1,172
4130,4,B,1,202020805020,20210330,1,173
4131,3,B,0,202020805020,20210330,1,174
4132,4,B,1,202020805020,20210330,1,175
4133,2,A,0,202020805020,20210330,1,176
4134,1,A,1,202020805020,20210330,1,177
4135,2,A,0,202020805020,20210330,1,178
4136,1,A,0,202020805020,20210330,1,179
4137,4,B,0,802020502020,20210330,2,0
4138,3,B,0,802020502020,20210330,2,1
4139,4,B,0,802020502020,20210330,2,2
4140,5,C,0,802020502020,20210330,2,3
4141,6,C,0,802020502020,20210330,2,4
4142,5,C,0,802020502020,20210330,2,5
4143,6,C,0,802020502020,20210330,2,6
4144,1,A,1,802020502020,20210330,2,7
4145,2,A,0,802020502020,20210330,2,8
4146,1,A,0,802020502020,20210330,2,9
4147,2,A,0,802020502020,20210330,2,10
4148,1,A,1,802020502020,20210330,2,11
4149,2,A,0,802020502020,20210330,2,12
4150,1,A,1,802020502020,20210330,2,13
4151,2,A,0,802020502020,20210330,2,14
4152,1,A,1,802020502020,20210330,2,15
4153,2,A,1,802020502020,20210330,2,16
4154,1,A,1,802020502020,20210330,2,17
4155,2,A,0,802020502020,20210330,2,18
4156,1,A,1,802020502020,20210330,2,19
4157,2,A,0,802020502020,20210330,2,20
4158,1,A,1,802020502020,20210330,2,21
4159,2,A,0,802020502020,20210330,2,22
4160,1,A,1,802020502020,20210330,2,23
4161,2,A,1,802020502020,20210330,2,24
4162,1,A,1,802020502020,20210330,2,25
4163,2,A,0,802020502020,20210330,2,26
4164,1,A,1,802020502020,20210330,2,27
4165,2,A,0,802020502020,20210330,2,28
4166,1,A,1,802020502020,20210330,2,29
4167,2,A,1,802020502020,20210330,2,30
4168,1,A,0,802020502020,20210330,2,31
4169,2,A,0,802020502020,20210330,2,32
4170,1,A,1,802020502020,20210330,2,33
4171,2,A,0,802020502020,20210330,2,34
4172,1,A,1,802020502020,20210330,2,35
4173,2,A,0,802020502020,20210330,2,36
4174,1,A,1,802020502020,20210330,2,37
4175,2,A,0,802020502020,20210330,2,38
4176,1,A,1,802020502020,20210330,2,39
4177,2,A,0,802020502020,20210330,2,40
4178,1,A,1,802020502020,20210330,2,41
4179,2,A,0,802020502020,20210330,2,42
4180,1,A,0,802020502020,20210330,2,43
4181,2,A,1,802020502020,20210330,2,44
4182,4,B,1,802020502020,20210330,2,45
4183,3,B,0,802020502020,20210330,2,46
4184,4,B,1,802020502020,20210330,2,47
4185,3,B,0,802020502020,20210330,2,48
4186,4,B,0,802020502020,20210330,2,49
4187,3,B,0,802020502020,20210330,2,50
4188,4,B,1,802020502020,20210330,2,51
4189,3,B,0,802020502020,20210330,2,52
4190,4,B,1,802020502020,20210330,2,53
4191,3,B,0,802020502020,20210330,2,54
4192,4,B,0,802020502020,20210330,2,55
4193,3,B,0,802020502020,20210330,2,56
4194,4,B,1,802020502020,20210330,2,57
4195,5,C,0,802020502020,20210330,2,58
4196,6,C,0,802020502020,20210330,2,59
4197,5,C,1,202080505020,20210330,2,60
4198,6,C,0,202080505020,20210330,2,61
4199,5,C,0,202080505020,20210330,2,62
4200,6,C,0,202080505020,20210330,2,63
4201,5,C,1,202080505020,20210330,2,64
4202,6,C,0,202080505020,20210330,2,65
4203,5,C,1,202080505020,20210330,2,66
4204,6,C,1,202080505020,20210330,2,67
4205,5,C,0,202080505020,20210330,2,68
4206,6,C,1,202080505020,20210330,2,69
4207,5,C,0,202080505020,20210330,2,70
4208,6,C,0,202080505020,20210330,2,71
4209,5,C,1,202080505020,20210330,2,72
4210,6,C,0,202080505020,20210330,2,73
4211,5,C,1,202080505020,20210330,2,74
4212,6,C,0,202080505020,20210330,2,75
4213,5,C,1,202080505020,20210330,2,76
4214,1,A,0,202080505020,20210330,2,77
4215,2,A,0,202080505020,20210330,2,78
4216,1,A,0,202080505020,20210330,2,79
4217,2,A,0,202080505020,20210330,2,80
4218,1,A,1,202080505020,20210330,2,81
4219,2,A,0,202080505020,20210330,2,82
4220,1,A,1,202080505020,20210330,2,83
4221,2,A,1,202080505020,20210330,2,84
4222,1,A,0,202080505020,20210330,2,85
4223,2,A,0,202080505020,20210330,2,86
4224,1,A,0,202080505020,20210330,2,87
4225,2,A,0,202080505020,20210330,2,88
4226,1,A,1,202080505020,20210330,2,89
4227,2,A,1,202080505020,20210330,2,90
4228,1,A,0,202080505020,20210330,2,91
4229,2,A,0,202080505020,20210330,2,92
4230,1,A,1,202080505020,20210330,2,93
4231,2,A,0,202080505020,20210330,2,94
4232,1,A,0,202080505020,20210330,2,95
4233,2,A,0,202080505020,20210330,2,96
4234,1,A,0,202080505020,20210330,2,97
4235,2,A,0,202080505020,20210330,2,98
4236,1,A,0,202080505020,20210330,2,99
4237,2,A,0,202080505020,20210330,2,100
4238,1,A,0,202080505020,20210330,2,101
4239,2,A,0,202080505020,20210330,2,102
4240,4,B,1,202080505020,20210330,2,103
4241,3,B,1,202080505020,20210330,2,104
4242,4,B,1,202080505020,20210330,2,105
4243,3,B,1,202080505020,20210330,2,106
4244,4,B,1,202080505020,20210330,2,107
4245,3,B,1,202080505020,20210330,2,108
4246,4,B,1,202080505020,20210330,2,109
4247,3,B,1,202080505020,20210330,2,110
4248,4,B,0,202080505020,20210330,2,111
4249,3,B,1,202080505020,20210330,2,112
4250,4,B,1,202080505020,20210330,2,113
4251,3,B,0,202080505020,20210330,2,114
4252,4,B,0,202080505020,20210330,2,115
4253,3,B,0,202080505020,20210330,2,116
4254,4,B,0,202080505020,20210330,2,117
4255,3,B,1,202080505020,20210330,2,118
4256,4,B,0,202080505020,20210330,2,119
4257,3,B,0,208050208050,20210330,2,120
4258,4,B,0,208050208050,20210330,2,121
4259,3,B,0,208050208050,20210330,2,122
4260,4,B,0,208050208050,20210330,2,123
4261,5,C,1,208050208050,20210330,2,124
4262,6,C,1,208050208050,20210330,2,125
4263,5,C,0,208050208050,20210330,2,126
4264,6,C,1,208050208050,20210330,2,127
4265,5,C,1,208050208050,20210330,2,128
4266,6,C,1,208050208050,20210330,2,129
4267,5,C,1,208050208050,20210330,2,130
4268,6,C,0,208050208050,20210330,2,131
4269,5,C,1,208050208050,20210330,2,132
4270,6,C,1,208050208050,20210330,2,133
4271,5,C,1,208050208050,20210330,2,134
4272,6,C,1,208050208050,20210330,2,135
4273,5,C,1,208050208050,20210330,2,136
4274,6,C,1,208050208050,20210330,2,137
4275,5,C,0,208050208050,20210330,2,138
4276,6,C,0,208050208050,20210330,2,139
4277,5,C,1,208050208050,20210330,2,140
4278,6,C,1,208050208050,20210330,2,141
4279,5,C,1,208050208050,20210330,2,142
4280,6,C,0,208050208050,20210330,2,143
4281,5,C,1,208050208050,20210330,2,144
4282,6,C,1,208050208050,20210330,2,145
4283,5,C,1,208050208050,20210330,2,146
4284,6,C,0,208050208050,20210330,2,147
4285,5,C,1,208050208050,20210330,2,148
4286,6,C,0,208050208050,20210330,2,149
4287,5,C,1,208050208050,20210330,2,150
4288,6,C,1,208050208050,20210330,2,151
4289,5,C,1,208050208050,20210330,2,152
4290,6,C,1,208050208050,20210330,2,153
4291,5,C,0,208050208050,20210330,2,154
4292,6,C,1,208050208050,20210330,2,155
4293,5,C,1,208050208050,20210330,2,156
4294,6,C,1,208050208050,20210330,2,157
4295,5,C,1,208050208050,20210330,2,158
4296,6,C,1,208050208050,20210330,2,159
4297,5,C,1,208050208050,20210330,2,160
4298,6,C,0,208050208050,20210330,2,161
4299,5,C,1,208050208050,20210330,2,162
4300,6,C,0,208050208050,20210330,2,163
4301,5,C,1,208050208050,20210330,2,164
4302,6,C,1,208050208050,20210330,2,165
4303,5,C,1,208050208050,20210330,2,166
4304,6,C,1,208050208050,20210330,2,167
4305,5,C,0,208050208050,20210330,2,168
4306,6,C,1,208050208050,20210330,2,169
4307,5,C,1,208050208050,20210330,2,170
4308,6,C,0,208050208050,20210330,2,171
4309,5,C,1,208050208050,20210330,2,172
4310,6,C,1,208050208050,20210330,2,173
4311,5,C,1,208050208050,20210330,2,174
4312,6,C,0,208050208050,20210330,2,175
4313,5,C,1,208050208050,20210330,2,176
4314,6,C,1,208050208050,20210330,2,177
4315,5,C,0,208050208050,20210330,2,178
4316,6,C,0,208050208050,20210330,2,179
4317,3,B,0,805020502020,20210330,3,0
4318,4,B,0,805020502020,20210330,3,1
4319,5,C,0,805020502020,20210330,3,2
4320,6,C,1,805020502020,20210330,3,3
4321,5,C,0,805020502020,20210330,3,4
4322,6,C,0,805020502020,20210330,3,5
4323,5,C,0,805020502020,20210330,3,6
4324,6,C,0,805020502020,20210330,3,7
4325,1,A,1,805020502020,20210330,3,8
4326,2,A,1,805020502020,20210330,3,9
4327,1,A,1,805020502020,20210330,3,10
4328,2,A,1,805020502020,20210330,3,11
4329,1,A,1,805020502020,20210330,3,12
4330,2,A,0,805020502020,20210330,3,13
4331,1,A,0,805020502020,20210330,3,14
4332,2,A,0,805020502020,20210330,3,15
4333,1,A,1,805020502020,20210330,3,16
4334,2,A,1,805020502020,20210330,3,17
4335,1,A,0,805020502020,20210330,3,18
4336,2,A,1,805020502020,20210330,3,19
4337,1,A,1,805020502020,20210330,3,20
4338,2,A,1,805020502020,20210330,3,21
4339,1,A,1,805020502020,20210330,3,22
4340,2,A,1,805020502020,20210330,3,23
4341,1,A,1,805020502020,20210330,3,24
4342,2,A,1,805020502020,20210330,3,25
4343,1,A,1,805020502020,20210330,3,26
4344,2,A,1,805020502020,20210330,3,27
4345,1,A,1,805020502020,20210330,3,28
4346,2,A,0,805020502020,20210330,3,29
4347,1,A,1,805020502020,20210330,3,30
4348,2,A,0,805020502020,20210330,3,31
4349,1,A,1,805020502020,20210330,3,32
4350,2,A,0,805020502020,20210330,3,33
4351,1,A,1,805020502020,20210330,3,34
4352,2,A,1,805020502020,20210330,3,35
4353,1,A,1,805020502020,20210330,3,36
4354,2,A,0,805020502020,20210330,3,37
4355,1,A,1,805020502020,20210330,3,38
4356,2,A,0,805020502020,20210330,3,39
4357,1,A,1,805020502020,20210330,3,40
4358,2,A,0,805020502020,20210330,3,41
4359,1,A,1,805020502020,20210330,3,42
4360,2,A,0,805020502020,20210330,3,43
4361,1,A,0,805020502020,20210330,3,44
4362,2,A,1,805020502020,20210330,3,45
4363,1,A,1,805020502020,20210330,3,46
4364,2,A,1,805020502020,20210330,3,47
4365,1,A,1,805020502020,20210330,3,48
4366,2,A,0,805020502020,20210330,3,49
4367,1,A,1,805020502020,20210330,3,50
4368,2,A,0,805020502020,20210330,3,51
4369,1,A,1,805020502020,20210330,3,52
4370,2,A,0,805020502020,20210330,3,53
4371,1,A,1,805020502020,20210330,3,54
4372,2,A,1,805020502020,20210330,3,55
4373,1,A,0,805020502020,20210330,3,56
4374,2,A,1,805020502020,20210330,3,57
4375,1,A,1,805020502020,20210330,3,58
4376,2,A,0,805020502020,20210330,3,59
4377,1,A,1,202020205020,20210330,3,60
4378,2,A,0,202020205020,20210330,3,61
4379,1,A,0,202020205020,20210330,3,62
4380,2,A,0,202020205020,20210330,3,63
4381,1,A,0,202020205020,20210330,3,64
4382,2,A,0,202020205020,20210330,3,65
4383,1,A,0,202020205020,20210330,3,66
4384,2,A,0,202020205020,20210330,3,67
4385,5,C,1,202020205020,20210330,3,68
4386,6,C,0,202020205020,20210330,3,69
4387,5,C,0,202020205020,20210330,3,70
4388,6,C,0,202020205020,20210330,3,71
4389,5,C,1,202020205020,20210330,3,72
4390,6,C,0,202020205020,20210330,3,73
4391,5,C,1,202020205020,20210330,3,74
4392,6,C,0,202020205020,20210330,3,75
4393,5,C,0,202020205020,20210330,3,76
4394,6,C,0,202020205020,20210330,3,77
4395,5,C,1,202020205020,20210330,3,78
4396,3,B,0,202020205020,20210330,3,79
4397,4,B,0,202020205020,20210330,3,80
4398,3,B,0,202020205020,20210330,3,81
4399,4,B,0,202020205020,20210330,3,82
4400,3,B,0,202020205020,20210330,3,83
4401,4,B,0,202020205020,20210330,3,84
4402,3,B,0,202020205020,20210330,3,85
4403,4,B,0,202020205020,20210330,3,86
4404,2,A,0,202020205020,20210330,3,87
4405,1,A,0,202020205020,20210330,3,88
4406,2,A,0,202020205020,20210330,3,89
4407,1,A,1,202020205020,20210330,3,90
4408,2,A,0,202020205020,20210330,3,91
4409,1,A,0,202020205020,20210330,3,92
4410,2,A,0,202020205020,20210330,3,93
4411,1,A,0,202020205020,20210330,3,94
4412,5,C,0,202020205020,20210330,3,95
4413,6,C,0,202020205020,20210330,3,96
4414,5,C,1,202020205020,20210330,3,97
4415,6,C,1,202020205020,20210330,3,98
4416,5,C,1,202020205020,20210330,3,99
4417,6,C,0,202020205020,20210330,3,100
4418,5,C,0,202020205020,20210330,3,101
4419,6,C,0,202020205020,20210330,3,102
4420,5,C,0,202020205020,20210330,3,103
4421,6,C,0,202020205020,20210330,3,104
4422,5,C,1,202020205020,20210330,3,105
4423,6,C,0,202020205020,20210330,3,106
4424,5,C,1,202020205020,20210330,3,107
4425,6,C,0,202020205020,20210330,3,108
4426,5,C,1,202020205020,20210330,3,109
4427,6,C,1,202020205020,20210330,3,110
4428,5,C,1,202020205020,20210330,3,111
4429,6,C,0,202020205020,20210330,3,112
4430,5,C,0,202020205020,20210330,3,113
4431,6,C,0,202020205020,20210330,3,114
4432,5,C,0,202020205020,20210330,3,115
4433,3,B,0,202020205020,20210330,3,116
4434,4,B,0,202020205020,20210330,3,117
4435,3,B,0,202020205020,20210330,3,118
4436,4,B,0,202020205020,20210330,3,119
4437,1,A,1,805020802020,20210330,3,120
4438,2,A,0,805020802020,20210330,3,121
4439,1,A,1,805020802020,20210330,3,122
4440,2,A,1,805020802020,20210330,3,123
4441,1,A,0,805020802020,20210330,3,124
4442,2,A,0,805020802020,20210330,3,125
4443,1,A,1,805020802020,20210330,3,126
4444,2,A,1,805020802020,20210330,3,127
4445,1,A,1,805020802020,20210330,3,128
4446,2,A,0,805020802020,20210330,3,129
4447,1,A,1,805020802020,20210330,3,130
4448,2,A,0,805020802020,20210330,3,131
4449,1,A,1,805020802020,20210330,3,132
4450,2,A,0,805020802020,20210330,3,133
4451,1,A,0,805020802020,20210330,3,134
4452,2,A,0,805020802020,20210330,3,135
4453,1,A,0,805020802020,20210330,3,136
4454,2,A,1,805020802020,20210330,3,137
4455,1,A,1,805020802020,20210330,3,138
4456,2,A,1,805020802020,20210330,3,139
4457,1,A,1,805020802020,20210330,3,140
4458,2,A,0,805020802020,20210330,3,141
4459,1,A,1,805020802020,20210330,3,142
4460,2,A,1,805020802020,20210330,3,143
4461,1,A,0,805020802020,20210330,3,144
4462,2,A,0,805020802020,20210330,3,145
4463,1,A,1,805020802020,20210330,3,146
4464,2,A,0,805020802020,20210330,3,147
4465,1,A,1,805020802020,20210330,3,148
4466,2,A,0,805020802020,20210330,3,149
4467,1,A,1,805020802020,20210330,3,150
4468,2,A,0,805020802020,20210330,3,151
4469,1,A,0,805020802020,20210330,3,152
4470,2,A,0,805020802020,20210330,3,153
4471,1,A,1,805020802020,20210330,3,154
4472,2,A,0,805020802020,20210330,3,155
4473,1,A,1,805020802020,20210330,3,156
4474,2,A,1,805020802020,20210330,3,157
4475,1,A,1,805020802020,20210330,3,158
4476,2,A,1,805020802020,20210330,3,159
4477,1,A,0,805020802020,20210330,3,160
4478,2,A,0,805020802020,20210330,3,161
4479,1,A,1,805020802020,20210330,3,162
4480,2,A,1,805020802020,20210330,3,163
4481,1,A,0,805020802020,20210330,3,164
4482,2,A,1,805020802020,20210330,3,165
4483,1,A,1,805020802020,20210330,3,166
4484,2,A,0,805020802020,20210330,3,167
4485,1,A,1,805020802020,20210330,3,168
4486,2,A,0,805020802020,20210330,3,169
4487,1,A,1,805020802020,20210330,3,170
4488,2,A,0,805020802020,20210330,3,171
4489,1,A,1,805020802020,20210330,3,172
4490,2,A,0,805020802020,20210330,3,173
4491,1,A,1,805020802020,20210330,3,174
4492,2,A,0,805020802020,20210330,3,175
4493,1,A,0,805020802020,20210330,3,176
4494,2,A,0,805020802020,20210330,3,177
4495,1,A,1,805020802020,20210330,3,178
4496,2,A,1,805020802020,20210330,3,179
4497,3,B,0,202080505020,20210330,4,0
4498,4,B,1,202080505020,20210330,4,1
4499,5,C,1,202080505020,20210330,4,2
4500,6,C,0,202080505020,20210330,4,3
4501,5,C,0,202080505020,20210330,4,4
4502,6,C,0,202080505020,20210330,4,5
4503,5,C,1,202080505020,20210330,4,6
4504,1,A,1,202080505020,20210330,4,7
4505,2,A,1,202080505020,20210330,4,8
4506,1,A,0,202080505020,20210330,4,9
4507,2,A,0,202080505020,20210330,4,10
4508,1,A,0,202080505020,20210330,4,11
4509,2,A,0,202080505020,20210330,4,12
4510,1,A,1,202080505020,20210330,4,13
4511,2,A,0,202080505020,20210330,4,14
4512,1,A,0,202080505020,20210330,4,15
4513,2,A,0,202080505020,20210330,4,16
4514,1,A,0,202080505020,20210330,4,17
4515,2,A,0,202080505020,20210330,4,18
4516,1,A,0,202080505020,20210330,4,19
4517,5,C,1,202080505020,20210330,4,20
4518,6,C,0,202080505020,20210330,4,21
4519,5,C,1,202080505020,20210330,4,22
4520,6,C,0,202080505020,20210330,4,23
4521,5,C,0,202080505020,20210330,4,24
4522,6,C,0,202080505020,20210330,4,25
4523,5,C,1,202080505020,20210330,4,26
4524,6,C,0,202080505020,20210330,4,27
4525,5,C,1,202080505020,20210330,4,28
4526,6,C,0,202080505020,20210330,4,29
4527,5,C,1,202080505020,20210330,4,30
4528,6,C,1,202080505020,20210330,4,31
4529,5,C,1,202080505020,20210330,4,32
4530,6,C,0,202080505020,20210330,4,33
4531,5,C,1,202080505020,20210330,4,34
4532,6,C,0,202080505020,20210330,4,35
4533,5,C,1,202080505020,20210330,4,36
4534,6,C,0,202080505020,20210330,4,37
4535,5,C,1,202080505020,20210330,4,38
4536,6,C,0,202080505020,20210330,4,39
4537,5,C,1,202080505020,20210330,4,40
4538,6,C,0,202080505020,20210330,4,41
4539,5,C,0,202080505020,20210330,4,42
4540,6,C,0,202080505020,20210330,4,43
4541,5,C,0,202080505020,20210330,4,44
4542,3,B,0,202080505020,20210330,4,45
4543,4,B,0,202080505020,20210330,4,46
4544,3,B,1,202080505020,20210330,4,47
4545,4,B,0,202080505020,20210330,4,48
4546,3,B,1,202080505020,20210330,4,49
4547,4,B,1,202080505020,20210330,4,50
4548,3,B,1,202080505020,20210330,4,51
4549,4,B,1,202080505020,20210330,4,52
4550,3,B,1,202080505020,20210330,4,53
4551,4,B,1,202080505020,20210330,4,54
4552,3,B,1,202080505020,20210330,4,55
4553,4,B,1,202080505020,20210330,4,56
4554,3,B,1,202080505020,20210330,4,57
4555,4,B,0,202080505020,20210330,4,58
4556,3,B,1,202080505020,20210330,4,59
4557,4,B,0,202050802080,20210330,4,60
4558,3,B,1,202050802080,20210330,4,61
4559,4,B,1,202050802080,20210330,4,62
4560,3,B,0,202050802080,20210330,4,63
4561,4,B,1,202050802080,20210330,4,64
4562,3,B,0,202050802080,20210330,4,65
4563,4,B,0,202050802080,20210330,4,66
4564,3,B,1,202050802080,20210330,4,67
4565,4,B,0,202050802080,20210330,4,68
4566,3,B,1,202050802080,20210330,4,69
4567,4,B,1,202050802080,20210330,4,70
4568,3,B,0,202050802080,20210330,4,71
4569,4,B,1,202050802080,20210330,4,72
4570,3,B,1,202050802080,20210330,4,73
4571,4,B,1,202050802080,20210330,4,74
4572,3,B,1,202050802080,20210330,4,75
4573,4,B,1,202050802080,20210330,4,76
4574,3,B,0,202050802080,20210330,4,77
4575,4,B,1,202050802080,20210330,4,78
4576,3,B,0,202050802080,20210330,4,79
4577,4,B,1,202050802080,20210330,4,80
4578,3,B,0,202050802080,20210330,4,81
4579,4,B,1,202050802080,20210330,4,82
4580,3,B,1,202050802080,20210330,4,83
4581,4,B,1,202050802080,20210330,4,84
4582,3,B,0,202050802080,20210330,4,85
4583,4,B,1,202050802080,20210330,4,86
4584,3,B,0,202050802080,20210330,4,87
4585,4,B,0,202050802080,20210330,4,88
4586,3,B,1,202050802080,20210330,4,89
4587,4,B,0,202050802080,20210330,4,90
4588,3,B,1,202050802080,20210330,4,91
4589,4,B,1,202050802080,20210330,4,92
4590,3,B,0,202050802080,20210330,4,93
4591,4,B,0,202050802080,20210330,4,94
4592,3,B,1,202050802080,20210330,4,95
4593,4,B,1,202050802080,20210330,4,96
4594,3,B,0,202050802080,20210330,4,97
4595,4,B,1,202050802080,20210330,4,98
4596,3,B,0,202050802080,20210330,4,99
4597,4,B,1,202050802080,20210330,4,100
4598,3,B,1,202050802080,20210330,4,101
4599,4,B,1,202050802080,20210330,4,102
4600,3,B,0,202050802080,20210330,4,103
4601,4,B,1,202050802080,20210330,4,104
4602,3,B,0,202050802080,20210330,4,105
4603,4,B,1,202050802080,20210330,4,106
4604,5,C,0,202050802080,20210330,4,107
4605,6,C,0,202050802080,20210330,4,108
4606,5,C,1,202050802080,20210330,4,109
4607,6,C,1,202050802080,20210330,4,110
4608,5,C,0,202050802080,20210330,4,111
4609,6,C,1,202050802080,20210330,4,112
4610,5,C,0,202050802080,20210330,4,113
4611,6,C,0,202050802080,20210330,4,114
4612,5,C,0,202050802080,20210330,4,115
4613,6,C,1,202050802080,20210330,4,116
4614,5,C,0,202050802080,20210330,4,117
4615,6,C,0,202050802080,20210330,4,118
4616,5,C,0,202050802080,20210330,4,119
4617,6,C,0,805020502020,20210330,4,120
4618,5,C,0,805020502020,20210330,4,121
4619,2,A,1,805020502020,20210330,4,122
4620,1,A,1,805020502020,20210330,4,123
4621,2,A,1,805020502020,20210330,4,124
4622,1,A,1,805020502020,20210330,4,125
4623,2,A,0,805020502020,20210330,4,126
4624,1,A,1,805020502020,20210330,4,127
4625,2,A,1,805020502020,20210330,4,128
4626,1,A,1,805020502020,20210330,4,129
4627,2,A,0,805020502020,20210330,4,130
4628,1,A,1,805020502020,20210330,4,131
4629,2,A,1,805020502020,20210330,4,132
4630,1,A,1,805020502020,20210330,4,133
4631,2,A,0,805020502020,20210330,4,134
4632,1,A,1,805020502020,20210330,4,135
4633,2,A,1,805020502020,20210330,4,136
4634,1,A,0,805020502020,20210330,4,137
4635,2,A,1,805020502020,20210330,4,138
4636,1,A,1,805020502020,20210330,4,139
4637,2,A,0,805020502020,20210330,4,140
4638,1,A,1,805020502020,20210330,4,141
4639,2,A,1,805020502020,20210330,4,142
4640,1,A,1,805020502020,20210330,4,143
4641,2,A,0,805020502020,20210330,4,144
4642,1,A,1,805020502020,20210330,4,145
4643,2,A,0,805020502020,20210330,4,146
4644,1,A,0,805020502020,20210330,4,147
4645,2,A,0,805020502020,20210330,4,148
4646,1,A,1,805020502020,20210330,4,149
4647,2,A,0,805020502020,20210330,4,150
4648,1,A,1,805020502020,20210330,4,151
4649,2,A,0,805020502020,20210330,4,152
4650,1,A,1,805020502020,20210330,4,153
4651,2,A,1,805020502020,20210330,4,154
4652,1,A,1,805020502020,20210330,4,155
4653,2,A,1,805020502020,20210330,4,156
4654,1,A,0,805020502020,20210330,4,157
4655,2,A,0,805020502020,20210330,4,158
4656,1,A,1,805020502020,20210330,4,159
4657,2,A,0,805020502020,20210330,4,160
4658,1,A,0,805020502020,20210330,4,161
4659,2,A,0,805020502020,20210330,4,162
4660,1,A,1,805020502020,20210330,4,163
4661,2,A,0,805020502020,20210330,4,164
4662,1,A,1,805020502020,20210330,4,165
4663,2,A,0,805020502020,20210330,4,166
4664,1,A,1,805020502020,20210330,4,167
4665,2,A,0,805020502020,20210330,4,168
4666,1,A,1,805020502020,20210330,4,169
4667,2,A,0,805020502020,20210330,4,170
4668,1,A,0,805020502020,20210330,4,171
4669,2,A,1,805020502020,20210330,4,172
4670,1,A,1,805020502020,20210330,4,173
4671,2,A,1,805020502020,20210330,4,174
4672,1,A,1,805020502020,20210330,4,175
4673,2,A,0,805020502020,20210330,4,176
4674,1,A,1,805020502020,20210330,4,177
4675,2,A,1,805020502020,20210330,4,178
4676,1,A,0,805020502020,20210330,4,179
4677,3,B,0,502020205050,20210330,5,0
4678,6,C,1,502020205050,20210330,5,1
4679,5,C,0,502020205050,20210330,5,2
4680,6,C,0,502020205050,20210330,5,3
4681,5,C,0,502020205050,20210330,5,4
4682,1,A,0,502020205050,20210330,5,5
4683,2,A,1,502020205050,20210330,5,6
4684,1,A,1,502020205050,20210330,5,7
4685,2,A,1,502020205050,20210330,5,8
4686,1,A,1,502020205050,20210330,5,9
4687,2,A,0,502020205050,20210330,5,10
4688,1,A,1,502020205050,20210330,5,11
4689,2,A,0,502020205050,20210330,5,12
4690,1,A,0,502020205050,20210330,5,13
4691,2,A,0,502020205050,20210330,5,14
4692,1,A,0,502020205050,20210330,5,15
4693,5,C,1,502020205050,20210330,5,16
4694,6,C,1,502020205050,20210330,5,17
4695,5,C,0,502020205050,20210330,5,18
4696,4,B,0,502020205050,20210330,5,19
4697,3,B,0,502020205050,20210330,5,20
4698,4,B,0,502020205050,20210330,5,21
4699,3,B,0,502020205050,20210330,5,22
4700,4,B,0,502020205050,20210330,5,23
4701,1,A,1,502020205050,20210330,5,24
4702,2,A,0,502020205050,20210330,5,25
4703,1,A,0,502020205050,20210330,5,26
4704,2,A,0,502020205050,20210330,5,27
4705,1,A,0,502020205050,20210330,5,28
4706,5,C,1,502020205050,20210330,5,29
4707,6,C,0,502020205050,20210330,5,30
4708,5,C,1,502020205050,20210330,5,31
4709,6,C,1,502020205050,20210330,5,32
4710,5,C,0,502020205050,20210330,5,33
4711,6,C,1,502020205050,20210330,5,34
4712,5,C,1,502020205050,20210330,5,35
4713,6,C,0,502020205050,20210330,5,36
4714,5,C,1,502020205050,20210330,5,37
4715,6,C,1,502020205050,20210330,5,38
4716,5,C,0,502020205050,20210330,5,39
4717,6,C,1,502020205050,20210330,5,40
4718,5,C,1,502020205050,20210330,5,41
4719,6,C,0,502020205050,20210330,5,42
4720,5,C,1,502020205050,20210330,5,43
4721,6,C,0,502020205050,20210330,5,44
4722,5,C,0,502020205050,20210330,5,45
4723,6,C,1,502020205050,20210330,5,46
4724,5,C,1,502020205050,20210330,5,47
4725,6,C,1,502020205050,20210330,5,48
4726,5,C,0,502020205050,20210330,5,49
4727,6,C,0,502020205050,20210330,5,50
4728,5,C,0,502020205050,20210330,5,51
4729,6,C,1,502020205050,20210330,5,52
4730,5,C,1,502020205050,20210330,5,53
4731,6,C,1,502020205050,20210330,5,54
4732,5,C,0,502020205050,20210330,5,55
4733,6,C,1,502020205050,20210330,5,56
4734,5,C,0,502020205050,20210330,5,57
4735,6,C,0,502020205050,20210330,5,58
4736,5,C,1,502020205050,20210330,5,59
4737,6,C,0,508050202020,20210330,5,60
4738,5,C,0,508050202020,20210330,5,61
4739,6,C,0,508050202020,20210330,5,62
4740,5,C,0,508050202020,20210330,5,63
4741,3,B,0,508050202020,20210330,5,64
4742,4,B,0,508050202020,20210330,5,65
4743,3,B,0,508050202020,20210330,5,66
4744,4,B,0,508050202020,20210330,5,67
4745,1,A,1,508050202020,20210330,5,68
4746,2,A,0,508050202020,20210330,5,69
4747,1,A,1,508050202020,20210330,5,70
4748,2,A,1,508050202020,20210330,5,71
4749,1,A,1,508050202020,20210330,5,72
4750,2,A,1,508050202020,20210330,5,73
4751,1,A,1,508050202020,20210330,5,74
4752,2,A,1,508050202020,20210330,5,75
4753,1,A,1,508050202020,20210330,5,76
4754,2,A,1,508050202020,20210330,5,77
4755,1,A,0,508050202020,20210330,5,78
4756,2,A,1,508050202020,20210330,5,79
4757,1,A,1,508050202020,20210330,5,80
4758,2,A,1,508050202020,20210330,5,81
4759,1,A,1,508050202020,20210330,5,82
4760,2,A,1,508050202020,20210330,5,83
4761,1,A,0,508050202020,20210330,5,84
4762,2,A,1,508050202020,20210330,5,85
4763,1,A,0,508050202020,20210330,5,86
4764,2,A,1,508050202020,20210330,5,87
4765,1,A,0,508050202020,20210330,5,88
4766,2,A,1,508050202020,20210330,5,89
4767,1,A,0,508050202020,20210330,5,90
4768,2,A,1,508050202020,20210330,5,91
4769,1,A,1,508050202020,20210330,5,92
4770,2,A,1,508050202020,20210330,5,93
4771,1,A,0,508050202020,20210330,5,94
4772,2,A,0,508050202020,20210330,5,95
4773,1,A,1,508050202020,20210330,5,96
4774,2,A,0,508050202020,20210330,5,97
4775,1,A,1,508050202020,20210330,5,98
4776,2,A,1,508050202020,20210330,5,99
4777,1,A,1,508050202020,20210330,5,100
4778,2,A,1,508050202020,20210330,5,101
4779,1,A,0,508050202020,20210330,5,102
4780,2,A,1,508050202020,20210330,5,103
4781,1,A,0,508050202020,20210330,5,104
4782,2,A,1,508050202020,20210330,5,105
4783,1,A,0,508050202020,20210330,5,106
4784,2,A,0,508050202020,20210330,5,107
4785,1,A,1,508050202020,20210330,5,108
4786,2,A,0,508050202020,20210330,5,109
4787,1,A,0,508050202020,20210330,5,110
4788,2,A,1,508050202020,20210330,5,111
4789,1,A,0,508050202020,20210330,5,112
4790,2,A,1,508050202020,20210330,5,113
4791,1,A,0,508050202020,20210330,5,114
4792,2,A,1,508050202020,20210330,5,115
4793,1,A,0,508050202020,20210330,5,116
4794,2,A,1,508050202020,20210330,5,117
4795,1,A,0,508050202020,20210330,5,118
4796,2,A,1,508050202020,20210330,5,119
4797,1,A,1,502080502020,20210330,5,120
4798,2,A,1,502080502020,20210330,5,121
4799,1,A,1,502080502020,20210330,5,122
4800,2,A,0,502080502020,20210330,5,123
4801,1,A,1,502080502020,20210330,5,124
4802,2,A,0,502080502020,20210330,5,125
4803,1,A,0,502080502020,20210330,5,126
4804,2,A,0,502080502020,20210330,5,127
4805,1,A,0,502080502020,20210330,5,128
4806,2,A,0,502080502020,20210330,5,129
4807,5,C,1,502080502020,20210330,5,130
4808,6,C,0,502080502020,20210330,5,131
4809,5,C,1,502080502020,20210330,5,132
4810,6,C,0,502080502020,20210330,5,133
4811,5,C,0,502080502020,20210330,5,134
4812,6,C,0,502080502020,20210330,5,135
4813,5,C,1,502080502020,20210330,5,136
4814,6,C,0,502080502020,20210330,5,137
4815,5,C,0,502080502020,20210330,5,138
4816,6,C,0,502080502020,20210330,5,139
4817,5,C,0,502080502020,20210330,5,140
4818,1,A,1,502080502020,20210330,5,141
4819,2,A,0,502080502020,20210330,5,142
4820,1,A,0,502080502020,20210330,5,143
4821,2,A,0,502080502020,20210330,5,144
4822,1,A,1,502080502020,20210330,5,145
4823,2,A,0,502080502020,20210330,5,146
4824,1,A,0,502080502020,20210330,5,147
4825,2,A,0,502080502020,20210330,5,148
4826,1,A,1,502080502020,20210330,5,149
4827,2,A,1,502080502020,20210330,5,150
4828,1,A,1,502080502020,20210330,5,151
4829,2,A,0,502080502020,20210330,5,152
4830,1,A,1,502080502020,20210330,5,153
4831,2,A,0,502080502020,20210330,5,154
4832,1,A,0,502080502020,20210330,5,155
4833,2,A,0,502080502020,20210330,5,156
4834,1,A,0,502080502020,20210330,5,157
4835,2,A,0,502080502020,20210330,5,158
4836,1,A,1,502080502020,20210330,5,159
4837,2,A,0,502080502020,20210330,5,160
4838,1,A,1,502080502020,20210330,5,161
4839,2,A,0,502080502020,20210330,5,162
4840,1,A,1,502080502020,20210330,5,163
4841,2,A,0,502080502020,20210330,5,164
4842,1,A,0,502080502020,20210330,5,165
4843,2,A,1,502080502020,20210330,5,166
4844,1,A,0,502080502020,20210330,5,167
4845,2,A,0,502080502020,20210330,5,168
4846,1,A,0,502080502020,20210330,5,169
4847,3,B,1,502080502020,20210330,5,170
4848,4,B,1,502080502020,20210330,5,171
4849,3,B,1,502080502020,20210330,5,172
4850,4,B,0,502080502020,20210330,5,173
4851,3,B,1,502080502020,20210330,5,174
4852,4,B,1,502080502020,20210330,5,175
4853,3,B,1,502080502020,20210330,5,176
4854,4,B,0,502080502020,20210330,5,177
4855,3,B,1,502080502020,20210330,5,178
4856,4,B,0,502080502020,20210330,5,179
4857,4,B,0,205080205080,20210330,6,0
4858,3,B,0,205080205080,20210330,6,1
4859,5,C,0,205080205080,20210330,6,2
4860,6,C,1,205080205080,20210330,6,3
4861,5,C,1,205080205080,20210330,6,4
4862,6,C,1,205080205080,20210330,6,5
4863,5,C,0,205080205080,20210330,6,6
4864,6,C,1,205080205080,20210330,6,7
4865,1,A,0,205080205080,20210330,6,8
4866,2,A,0,205080205080,20210330,6,9
4867,1,A,0,205080205080,20210330,6,10
4868,2,A,1,205080205080,20210330,6,11
4869,1,A,0,205080205080,20210330,6,12
4870,2,A,0,205080205080,20210330,6,13
4871,1,A,1,205080205080,20210330,6,14
4872,2,A,1,205080205080,20210330,6,15
4873,1,A,0,205080205080,20210330,6,16
4874,2,A,1,205080205080,20210330,6,17
4875,1,A,0,205080205080,20210330,6,18
4876,2,A,0,205080205080,20210330,6,19
4877,1,A,0,205080205080,20210330,6,20
4878,2,A,1,205080205080,20210330,6,21
4879,1,A,1,205080205080,20210330,6,22
4880,2,A,1,205080205080,20210330,6,23
4881,1,A,0,205080205080,20210330,6,24
4882,2,A,0,205080205080,20210330,6,25
4883,1,A,1,205080205080,20210330,6,26
4884,2,A,1,205080205080,20210330,6,27
4885,1,A,0,205080205080,20210330,6,28
4886,2,A,1,205080205080,20210330,6,29
4887,1,A,1,205080205080,20210330,6,30
4888,2,A,0,205080205080,20210330,6,31
4889,1,A,0,205080205080,20210330,6,32
4890,2,A,1,205080205080,20210330,6,33
4891,1,A,0,205080205080,20210330,6,34
4892,2,A,0,205080205080,20210330,6,35
4893,1,A,0,205080205080,20210330,6,36
4894,2,A,0,205080205080,20210330,6,37
4895,5,C,0,205080205080,20210330,6,38
4896,6,C,1,205080205080,20210330,6,39
4897,5,C,0,205080205080,20210330,6,40
4898,6,C,0,205080205080,20210330,6,41
4899,5,C,1,205080205080,20210330,6,42
4900,6,C,1,205080205080,20210330,6,43
4901,5,C,0,205080205080,20210330,6,44
4902,6,C,0,205080205080,20210330,6,45
4903,5,C,0,205080205080,20210330,6,46
4904,6,C,1,205080205080,20210330,6,47
4905,3,B,1,205080205080,20210330,6,48
4906,4,B,0,205080205080,20210330,6,49
4907,3,B,0,205080205080,20210330,6,50
4908,4,B,0,205080205080,20210330,6,51
4909,3,B,1,205080205080,20210330,6,52
4910,4,B,0,205080205080,20210330,6,53
4911,3,B,0,205080205080,20210330,6,54
4912,4,B,1,205080205080,20210330,6,55
4913,3,B,1,205080205080,20210330,6,56
4914,4,B,0,205080205080,20210330,6,57
4915,3,B,1,205080205080,20210330,6,58
4916,4,B,0,205080205080,20210330,6,59
4917,3,B,1,805020202020,20210330,6,60
4918,4,B,0,805020202020,20210330,6,61
4919,3,B,0,805020202020,20210330,6,62
4920,4,B,0,805020202020,20210330,6,63
4921,3,B,0,805020202020,20210330,6,64
4922,4,B,0,805020202020,20210330,6,65
4923,1,A,1,805020202020,20210330,6,66
4924,2,A,1,805020202020,20210330,6,67
4925,1,A,1,805020202020,20210330,6,68
4926,2,A,1,805020202020,20210330,6,69
4927,1,A,1,805020202020,20210330,6,70
4928,2,A,0,805020202020,20210330,6,71
4929,1,A,0,805020202020,20210330,6,72
4930,2,A,1,805020202020,20210330,6,73
4931,1,A,1,805020202020,20210330,6,74
4932,2,A,1,805020202020,20210330,6,75
4933,1,A,0,805020202020,20210330,6,76
4934,2,A,1,805020202020,20210330,6,77
4935,1,A,1,805020202020,20210330,6,78
4936,2,A,1,805020202020,20210330,6,79
4937,1,A,1,805020202020,20210330,6,80
4938,2,A,1,805020202020,20210330,6,81
4939,1,A,1,805020202020,20210330,6,82
4940,2,A,0,805020202020,20210330,6,83
4941,1,A,1,805020202020,20210330,6,84
4942,2,A,0,805020202020,20210330,6,85
4943,1,A,1,805020202020,20210330,6,86
4944,2,A,0,805020202020,20210330,6,87
4945,1,A,1,805020202020,20210330,6,88
4946,2,A,0,805020202020,20210330,6,89
4947,1,A,1,805020202020,20210330,6,90
4948,2,A,0,805020202020,20210330,6,91
4949,1,A,1,805020202020,20210330,6,92
4950,2,A,1,805020202020,20210330,6,93
4951,1,A,1,805020202020,20210330,6,94
4952,2,A,0,805020202020,20210330,6,95
4953,1,A,1,805020202020,20210330,6,96
4954,2,A,1,805020202020,20210330,6,97
4955,1,A,1,805020202020,20210330,6,98
4956,2,A,0,805020202020,20210330,6,99
4957,1,A,1,805020202020,20210330,6,100
4958,2,A,1,805020202020,20210330,6,101
4959,1,A,0,805020202020,20210330,6,102
4960,2,A,1,805020202020,20210330,6,103
4961,1,A,1,805020202020,20210330,6,104
4962,2,A,0,805020202020,20210330,6,105
4963,1,A,1,805020202020,20210330,6,106
4964,2,A,1,805020202020,20210330,6,107
4965,1,A,1,805020202020,20210330,6,108
4966,2,A,0,805020202020,20210330,6,109
4967,1,A,1,805020202020,20210330,6,110
4968,2,A,1,805020202020,20210330,6,111
4969,1,A,1,805020202020,20210330,6,112
4970,2,A,0,805020202020,20210330,6,113
4971,1,A,1,805020202020,20210330,6,114
4972,2,A,1,805020202020,20210330,6,115
4973,1,A,1,805020202020,20210330,6,116
4974,2,A,1,805020202020,20210330,6,117
4975,1,A,0,805020202020,20210330,6,118
4976,2,A,0,805020202020,20210330,6,119
4977,1,A,0,202020505080,20210330,6,120
4978,2,A,0,202020505080,20210330,6,121
4979,1,A,1,202020505080,20210330,6,122
4980,2,A,0,202020505080,20210330,6,123
4981,1,A,1,202020505080,20210330,6,124
4982,2,A,0,202020505080,20210330,6,125
4983,1,A,0,202020505080,20210330,6,126
4984,2,A,0,202020505080,20210330,6,127
4985,1,A,0,202020505080,20210330,6,128
4986,3,B,0,202020505080,20210330,6,129
4987,4,B,0,202020505080,20210330,6,130
4988,3,B,0,202020505080,20210330,6,131
4989,4,B,0,202020505080,20210330,6,132
4990,3,B,1,202020505080,20210330,6,133
4991,4,B,1,202020505080,20210330,6,134
4992,3,B,0,202020505080,20210330,6,135
4993,4,B,0,202020505080,20210330,6,136
4994,3,B,0,202020505080,20210330,6,137
4995,6,C,1,202020505080,20210330,6,138
4996,5,C,1,202020505080,20210330,6,139
4997,6,C,0,202020505080,20210330,6,140
4998,5,C,0,202020505080,20210330,6,141
4999,6,C,0,202020505080,20210330,6,142
5000,5,C,0,202020505080,20210330,6,143
5001,6,C,0,202020505080,20210330,6,144
5002,5,C,1,202020505080,20210330,6,145
5003,6,C,0,202020505080,20210330,6,146
5004,5,C,1,202020505080,20210330,6,147
5005,6,C,1,202020505080,20210330,6,148
5006,5,C,1,202020505080,20210330,6,149
5007,6,C,1,202020505080,20210330,6,150
5008,5,C,0,202020505080,20210330,6,151
5009,6,C,1,202020505080,20210330,6,152
5010,5,C,1,202020505080,20210330,6,153
5011,6,C,1,202020505080,20210330,6,154
5012,5,C,1,202020505080,20210330,6,155
5013,6,C,1,202020505080,20210330,6,156
5014,5,C,1,202020505080,20210330,6,157
5015,6,C,1,202020505080,20210330,6,158
5016,5,C,1,202020505080,20210330,6,159
5017,6,C,0,202020505080,20210330,6,160
5018,5,C,1,202020505080,20210330,6,161
5019,6,C,0,202020505080,20210330,6,162
5020,5,C,0,202020505080,20210330,6,163
5021,6,C,1,202020505080,20210330,6,164
5022,5,C,1,202020505080,20210330,6,165
5023,6,C,1,202020505080,20210330,6,166
5024,5,C,0,202020505080,20210330,6,167
5025,6,C,0,202020505080,20210330,6,168
5026,5,C,0,202020505080,20210330,6,169
5027,6,C,1,202020505080,20210330,6,170
5028,5,C,0,202020505080,20210330,6,171
5029,6,C,1,202020505080,20210330,6,172
5030,5,C,1,202020505080,20210330,6,173
5031,6,C,0,202020505080,20210330,6,174
5032,5,C,1,202020505080,20210330,6,175
5033,6,C,1,202020505080,20210330,6,176
5034,5,C,0,202020505080,20210330,6,177
5035,6,C,1,202020505080,20210330,6,178
5036,5,C,1,202020505080,20210330,6,179
5037,1,A,1,805020505050,20210330,7,0
5038,2,A,1,805020505050,20210330,7,1
5039,1,A,0,805020505050,20210330,7,2
5040,5,C,1,805020505050,20210330,7,3
5041,6,C,1,805020505050,20210330,7,4
5042,5,C,0,805020505050,20210330,7,5
5043,6,C,0,805020505050,20210330,7,6
5044,5,C,0,805020505050,20210330,7,7
5045,4,B,0,805020505050,20210330,7,8
5046,3,B,0,805020505050,20210330,7,9
5047,4,B,1,805020505050,20210330,7,10
5048,3,B,0,805020505050,20210330,7,11
5049,4,B,0,805020505050,20210330,7,12
5050,1,A,1,805020505050,20210330,7,13
5051,2,A,0,805020505050,20210330,7,14
5052,1,A,0,805020505050,20210330,7,15
5053,2,A,1,805020505050,20210330,7,16
5054,1,A,1,805020505050,20210330,7,17
5055,2,A,1,805020505050,20210330,7,18
5056,1,A,1,805020505050,20210330,7,19
5057,2,A,0,805020505050,20210330,7,20
5058,1,A,1,805020505050,20210330,7,21
5059,2,A,1,805020505050,20210330,7,22
5060,1,A,1,805020505050,20210330,7,23
5061,2,A,1,805020505050,20210330,7,24
5062,1,A,1,805020505050,20210330,7,25
5063,2,A,1,805020505050,20210330,7,26
5064,1,A,1,805020505050,20210330,7,27
5065,2,A,1,805020505050,20210330,7,28
5066,1,A,0,805020505050,20210330,7,29
5067,2,A,1,805020505050,20210330,7,30
5068,1,A,1,805020505050,20210330,7,31
5069,2,A,1,805020505050,20210330,7,32
5070,1,A,1,805020505050,20210330,7,33
5071,2,A,1,805020505050,20210330,7,34
5072,1,A,1,805020505050,20210330,7,35
5073,2,A,1,805020505050,20210330,7,36
5074,1,A,1,805020505050,20210330,7,37
5075,2,A,0,805020505050,20210330,7,38
5076,1,A,1,805020505050,20210330,7,39
5077,2,A,0,805020505050,20210330,7,40
5078,1,A,1,805020505050,20210330,7,41
5079,2,A,1,805020505050,20210330,7,42
5080,1,A,1,805020505050,20210330,7,43
5081,2,A,1,805020505050,20210330,7,44
5082,1,A,1,805020505050,20210330,7,45
5083,2,A,0,805020505050,20210330,7,46
5084,1,A,1,805020505050,20210330,7,47
5085,2,A,0,805020505050,20210330,7,48
5086,1,A,1,805020505050,20210330,7,49
5087,2,A,1,805020505050,20210330,7,50
5088,1,A,1,805020505050,20210330,7,51
5089,2,A,0,805020505050,20210330,7,52
5090,1,A,1,805020505050,20210330,7,53
5091,2,A,1,805020505050,20210330,7,54
5092,1,A,1,805020505050,20210330,7,55
5093,2,A,1,805020505050,20210330,7,56
5094,1,A,0,805020505050,20210330,7,57
5095,2,A,0,805020505050,20210330,7,58
5096,1,A,1,805020505050,20210330,7,59
5097,2,A,1,502050508050,20210330,7,60
5098,1,A,0,502050508050,20210330,7,61
5099,2,A,0,502050508050,20210330,7,62
5100,1,A,1,502050508050,20210330,7,63
5101,5,C,1,502050508050,20210330,7,64
5102,6,C,1,502050508050,20210330,7,65
5103,5,C,1,502050508050,20210330,7,66
5104,6,C,0,502050508050,20210330,7,67
5105,5,C,1,502050508050,20210330,7,68
5106,6,C,1,502050508050,20210330,7,69
5107,5,C,0,502050508050,20210330,7,70
5108,6,C,1,502050508050,20210330,7,71
5109,5,C,1,502050508050,20210330,7,72
5110,6,C,1,502050508050,20210330,7,73
5111,5,C,1,502050508050,20210330,7,74
5112,6,C,1,502050508050,20210330,7,75
5113,5,C,1,502050508050,20210330,7,76
5114,6,C,1,502050508050,20210330,7,77
5115,5,C,0,502050508050,20210330,7,78
5116,6,C,1,502050508050,20210330,7,79
5117,5,C,0,502050508050,20210330,7,80
5118,6,C,1,502050508050,20210330,7,81
5119,5,C,1,502050508050,20210330,7,82
5120,6,C,1,502050508050,20210330,7,83
5121,5,C,1,502050508050,20210330,7,84
5122,6,C,0,502050508050,20210330,7,85
5123,5,C,1,502050508050,20210330,7,86
5124,6,C,1,502050508050,20210330,7,87
5125,5,C,0,502050508050,20210330,7,88
5126,6,C,0,502050508050,20210330,7,89
5127,5,C,0,502050508050,20210330,7,90
5128,6,C,0,502050508050,20210330,7,91
5129,5,C,1,502050508050,20210330,7,92
5130,6,C,0,502050508050,20210330,7,93
5131,5,C,0,502050508050,20210330,7,94
5132,6,C,0,502050508050,20210330,7,95
5133,5,C,1,502050508050,20210330,7,96
5134,1,A,0,502050508050,20210330,7,97
5135,2,A,1,502050508050,20210330,7,98
5136,1,A,1,502050508050,20210330,7,99
5137,2,A,0,502050508050,20210330,7,100
5138,1,A,0,502050508050,20210330,7,101
5139,2,A,0,502050508050,20210330,7,102
5140,1,A,0,502050508050,20210330,7,103
5141,2,A,0,502050508050,20210330,7,104
5142,1,A,1,502050508050,20210330,7,105
5143,2,A,0,502050508050,20210330,7,106
5144,1,A,0,502050508050,20210330,7,107
5145,2,A,0,502050508050,20210330,7,108
5146,1,A,1,502050508050,20210330,7,109
5147,2,A,0,502050508050,20210330,7,110
5148,1,A,1,502050508050,20210330,7,111
5149,2,A,1,502050508050,20210330,7,112
5150,1,A,1,502050508050,20210330,7,113
5151,2,A,0,502050508050,20210330,7,114
5152,1,A,1,502050508050,20210330,7,115
5153,2,A,0,502050508050,20210330,7,116
5154,1,A,0,502050508050,20210330,7,117
5155,2,A,1,502050508050,20210330,7,118
5156,1,A,0,502050508050,20210330,7,119
5157,2,A,0,502050802080,20210330,7,120
5158,1,A,1,502050802080,20210330,7,121
5159,5,C,0,502050802080,20210330,7,122
5160,6,C,0,502050802080,20210330,7,123
5161,5,C,0,502050802080,20210330,7,124
5162,6,C,0,502050802080,20210330,7,125
5163,5,C,0,502050802080,20210330,7,126
5164,6,C,1,502050802080,20210330,7,127
5165,5,C,0,502050802080,20210330,7,128
5166,6,C,1,502050802080,20210330,7,129
5167,5,C,0,502050802080,20210330,7,130
5168,6,C,1,502050802080,20210330,7,131
5169,5,C,0,502050802080,20210330,7,132
5170,6,C,1,502050802080,20210330,7,133
5171,5,C,1,502050802080,20210330,7,134
5172,6,C,1,502050802080,20210330,7,135
5173,5,C,0,502050802080,20210330,7,136
5174,6,C,1,502050802080,20210330,7,137
5175,5,C,0,502050802080,20210330,7,138
5176,6,C,1,502050802080,20210330,7,139
5177,5,C,0,502050802080,20210330,7,140
5178,6,C,1,502050802080,20210330,7,141
5179,5,C,0,502050802080,20210330,7,142
5180,6,C,0,502050802080,20210330,7,143
5181,5,C,0,502050802080,20210330,7,144
5182,6,C,1,502050802080,20210330,7,145
5183,3,B,0,502050802080,20210330,7,146
5184,4,B,1,502050802080,20210330,7,147
5185,3,B,0,502050802080,20210330,7,148
5186,4,B,1,502050802080,20210330,7,149
5187,3,B,1,502050802080,20210330,7,150
5188,4,B,1,502050802080,20210330,7,151
5189,3,B,0,502050802080,20210330,7,152
5190,4,B,1,502050802080,20210330,7,153
5191,3,B,0,502050802080,20210330,7,154
5192,4,B,1,502050802080,20210330,7,155
5193,3,B,1,502050802080,20210330,7,156
5194,4,B,1,502050802080,20210330,7,157
5195,3,B,0,502050802080,20210330,7,158
5196,4,B,1,502050802080,20210330,7,159
5197,3,B,1,502050802080,20210330,7,160
5198,4,B,1,502050802080,20210330,7,161
5199,3,B,0,502050802080,20210330,7,162
5200,4,B,0,502050802080,20210330,7,163
5201,3,B,1,502050802080,20210330,7,164
5202,4,B,1,502050802080,20210330,7,165
5203,3,B,0,502050802080,20210330,7,166
5204,4,B,1,502050802080,20210330,7,167
5205,3,B,0,502050802080,20210330,7,168
5206,4,B,1,502050802080,20210330,7,169
5207,3,B,0,502050802080,20210330,7,170
5208,4,B,0,502050802080,20210330,7,171
5209,3,B,1,502050802080,20210330,7,172
5210,4,B,1,502050802080,20210330,7,173
5211,3,B,1,502050802080,20210330,7,174
5212,4,B,1,502050802080,20210330,7,175
5213,3,B,0,502050802080,20210330,7,176
5214,4,B,1,502050802080,20210330,7,177
5215,3,B,1,502050802080,20210330,7,178
5216,4,B,0,502050802080,20210330,7,179
5217,3,B,1,202050502050,20210331,1,0
5218,4,B,1,202050502050,20210331,1,1
5219,6,C,1,202050502050,20210331,1,2
5220,5,C,0,202050502050,20210331,1,3
5221,6,C,1,202050502050,20210331,1,4
5222,5,C,0,202050502050,20210331,1,5
5223,6,C,0,202050502050,20210331,1,6
5224,1,A,0,202050502050,20210331,1,7
5225,2,A,0,202050502050,20210331,1,8
5226,1,A,1,202050502050,20210331,1,9
5227,2,A,0,202050502050,20210331,1,10
5228,1,A,0,202050502050,20210331,1,11
5229,2,A,0,202050502050,20210331,1,12
5230,1,A,0,202050502050,20210331,1,13
5231,3,B,1,202050502050,20210331,1,14
5232,4,B,1,202050502050,20210331,1,15
5233,3,B,1,202050502050,20210331,1,16
5234,4,B,0,202050502050,20210331,1,17
5235,3,B,0,202050502050,20210331,1,18
5236,4,B,0,202050502050,20210331,1,19
5237,3,B,1,202050502050,20210331,1,20
5238,4,B,0,202050502050,20210331,1,21
5239,3,B,1,202050502050,20210331,1,22
5240,4,B,1,202050502050,20210331,1,23
5241,3,B,1,202050502050,20210331,1,24
5242,4,B,0,202050502050,20210331,1,25
5243,3,B,1,202050502050,20210331,1,26
5244,4,B,0,202050502050,20210331,1,27
5245,3,B,0,202050502050,20210331,1,28
5246,4,B,1,202050502050,20210331,1,29
5247,3,B,1,202050502050,20210331,1,30
5248,4,B,0,202050502050,20210331,1,31
5249,3,B,0,202050502050,20210331,1,32
5250,5,C,1,202050502050,20210331,1,33
5251,6,C,0,202050502050,20210331,1,34
5252,5,C,0,202050502050,20210331,1,35
5253,6,C,1,202050502050,20210331,1,36
5254,5,C,1,202050502050,20210331,1,37
5255,6,C,1,202050502050,20210331,1,38
5256,5,C,0,202050502050,20210331,1,39
5257,6,C,0,202050502050,20210331,1,40
5258,5,C,0,202050502050,20210331,1,41
5259,6,C,0,202050502050,20210331,1,42
5260,5,C,0,202050502050,20210331,1,43
5261,6,C,1,202050502050,20210331,1,44
5262,5,C,0,202050502050,20210331,1,45
5263,6,C,1,202050502050,20210331,1,46
5264,5,C,1,202050502050,20210331,1,47
5265,6,C,0,202050502050,20210331,1,48
5266,5,C,0,202050502050,20210331,1,49
5267,6,C,1,202050502050,20210331,1,50
5268,5,C,0,202050502050,20210331,1,51
5269,6,C,1,202050502050,20210331,1,52
5270,3,B,1,202050502050,20210331,1,53
5271,4,B,1,202050502050,20210331,1,54
5272,3,B,0,202050502050,20210331,1,55
5273,4,B,0,202050502050,20210331,1,56
5274,3,B,1,202050502050,20210331,1,57
5275,4,B,0,202050502050,20210331,1,58
5276,3,B,0,202050502050,20210331,1,59
5277,4,B,0,208020208050,20210331,1,60
5278,3,B,0,208020208050,20210331,1,61
5279,5,C,1,208020208050,20210331,1,62
5280,6,C,0,208020208050,20210331,1,63
5281,5,C,1,208020208050,20210331,1,64
5282,6,C,0,208020208050,20210331,1,65
5283,5,C,0,208020208050,20210331,1,66
5284,6,C,1,208020208050,20210331,1,67
5285,5,C,1,208020208050,20210331,1,68
5286,6,C,1,208020208050,20210331,1,69
5287,5,C,1,208020208050,20210331,1,70
5288,6,C,1,208020208050,20210331,1,71
5289,5,C,1,208020208050,20210331,1,72
5290,6,C,0,208020208050,20210331,1,73
5291,5,C,1,208020208050,20210331,1,74
5292,6,C,0,208020208050,20210331,1,75
5293,5,C,1,208020208050,20210331,1,76
5294,6,C,1,208020208050,20210331,1,77
5295,5,C,1,208020208050,20210331,1,78
5296,6,C,1,208020208050,20210331,1,79
5297,5,C,1,208020208050,20210331,1,80
5298,6,C,1,208020208050,20210331,1,81
5299,5,C,1,208020208050,20210331,1,82
5300,6,C,0,208020208050,20210331,1,83
5301,5,C,1,208020208050,20210331,1,84
5302,6,C,0,208020208050,20210331,1,85
5303,5,C,1,208020208050,20210331,1,86
5304,6,C,0,208020208050,20210331,1,87
5305,5,C,0,208020208050,20210331,1,88
5306,6,C,1,208020208050,20210331,1,89
5307,5,C,1,208020208050,20210331,1,90
5308,6,C,1,208020208050,20210331,1,91
5309,5,C,1,208020208050,20210331,1,92
5310,6,C,1,208020208050,20210331,1,93
5311,5,C,1,208020208050,20210331,1,94
5312,6,C,1,208020208050,20210331,1,95
5313,5,C,1,208020208050,20210331,1,96
5314,6,C,1,208020208050,20210331,1,97
5315,5,C,1,208020208050,20210331,1,98
5316,6,C,1,208020208050,20210331,1,99
5317,5,C,1,208020208050,20210331,1,100
5318,6,C,1,208020208050,20210331,1,101
5319,5,C,1,208020208050,20210331,1,102
5320,6,C,1,208020208050,20210331,1,103
5321,5,C,1,208020208050,20210331,1,104
5322,6,C,1,208020208050,20210331,1,105
5323,5,C,1,208020208050,20210331,1,106
5324,6,C,1,208020208050,20210331,1,107
5325,5,C,1,208020208050,20210331,1,108
5326,6,C,1,208020208050,20210331,1,109
5327,5,C,1,208020208050,20210331,1,110
5328,6,C,0,208020208050,20210331,1,111
5329,5,C,0,208020208050,20210331,1,112
5330,6,C,0,208020208050,20210331,1,113
5331,5,C,1,208020208050,20210331,1,114
5332,6,C,1,208020208050,20210331,1,115
5333,5,C,0,208020208050,20210331,1,116
5334,6,C,1,208020208050,20210331,1,117
5335,5,C,1,208020208050,20210331,1,118
5336,6,C,0,208020208050,20210331,1,119
5337,5,C,0,202020202050,20210331,1,120
5338,6,C,0,202020202050,20210331,1,121
5339,5,C,1,202020202050,20210331,1,122
5340,6,C,0,202020202050,20210331,1,123
5341,5,C,0,202020202050,20210331,1,124
5342,6,C,0,202020202050,20210331,1,125
5343,5,C,1,202020202050,20210331,1,126
5344,6,C,1,202020202050,20210331,1,127
5345,5,C,0,202020202050,20210331,1,128
5346,6,C,1,202020202050,20210331,1,129
5347,5,C,0,202020202050,20210331,1,130
5348,6,C,0,202020202050,20210331,1,131
5349,5,C,1,202020202050,20210331,1,132
5350,6,C,1,202020202050,20210331,1,133
5351,5,C,1,202020202050,20210331,1,134
5352,6,C,1,202020202050,20210331,1,135
5353,5,C,0,202020202050,20210331,1,136
5354,6,C,1,202020202050,20210331,1,137
5355,5,C,0,202020202050,20210331,1,138
5356,6,C,1,202020202050,20210331,1,139
5357,5,C,1,202020202050,20210331,1,140
5358,6,C,1,202020202050,20210331,1,141
5359,5,C,0,202020202050,20210331,1,142
5360,6,C,1,202020202050,20210331,1,143
5361,5,C,0,202020202050,20210331,1,144
5362,6,C,1,202020202050,20210331,1,145
5363,5,C,1,202020202050,20210331,1,146
5364,6,C,0,202020202050,20210331,1,147
5365,5,C,0,202020202050,20210331,1,148
5366,6,C,0,202020202050,20210331,1,149
5367,5,C,0,202020202050,20210331,1,150
5368,6,C,0,202020202050,20210331,1,151
5369,5,C,0,202020202050,20210331,1,152
5370,6,C,1,202020202050,20210331,1,153
5371,5,C,0,202020202050,20210331,1,154
5372,6,C,0,202020202050,20210331,1,155
5373,3,B,1,202020202050,20210331,1,156
5374,4,B,0,202020202050,20210331,1,157
5375,3,B,1,202020202050,20210331,1,158
5376,4,B,1,202020202050,20210331,1,159
5377,3,B,0,202020202050,20210331,1,160
5378,4,B,0,202020202050,20210331,1,161
5379,3,B,0,202020202050,20210331,1,162
5380,4,B,0,202020202050,20210331,1,163
5381,1,A,1,202020202050,20210331,1,164
5382,2,A,0,202020202050,20210331,1,165
5383,1,A,0,202020202050,20210331,1,166
5384,2,A,0,202020202050,20210331,1,167
5385,1,A,0,202020202050,20210331,1,168
5386,2,A,0,202020202050,20210331,1,169
5387,1,A,0,202020202050,20210331,1,170
5388,2,A,1,202020202050,20210331,1,171
5389,1,A,0,202020202050,20210331,1,172
5390,2,A,0,202020202050,20210331,1,173
5391,1,A,0,202020202050,20210331,1,174
5392,2,A,0,202020202050,20210331,1,175
5393,5,C,0,202020202050,20210331,1,176
5394,6,C,1,202020202050,20210331,1,177
5395,5,C,0,202020202050,20210331,1,178
5396,6,C,0,202020202050,20210331,1,179
5397,1,A,1,508020502050,20210331,2,0
5398,2,A,1,508020502050,20210331,2,1
5399,1,A,1,508020502050,20210331,2,2
5400,5,C,0,508020502050,20210331,2,3
5401,6,C,0,508020502050,20210331,2,4
5402,5,C,0,508020502050,20210331,2,5
5403,6,C,0,508020502050,20210331,2,6
5404,5,C,1,508020502050,20210331,2,7
5405,6,C,0,508020502050,20210331,2,8
5406,5,C,0,508020502050,20210331,2,9
5407,3,B,0,508020502050,20210331,2,10
5408,4,B,1,508020502050,20210331,2,11
5409,3,B,0,508020502050,20210331,2,12
5410,4,B,0,508020502050,20210331,2,13
5411,3,B,0,508020502050,20210331,2,14
5412,4,B,0,508020502050,20210331,2,15
5413,1,A,0,508020502050,20210331,2,16
5414,2,A,1,508020502050,20210331,2,17
5415,1,A,1,508020502050,20210331,2,18
5416,2,A,1,508020502050,20210331,2,19
5417,1,A,0,508020502050,20210331,2,20
5418,2,A,1,508020502050,20210331,2,21
5419,1,A,0,508020502050,20210331,2,22
5420,2,A,1,508020502050,20210331,2,23
5421,1,A,0,508020502050,20210331,2,24
5422,2,A,1,508020502050,20210331,2,25
5423,1,A,0,508020502050,20210331,2,26
5424,2,A,1,508020502050,20210331,2,27
5425,1,A,0,508020502050,20210331,2,28
5426,2,A,1,508020502050,20210331,2,29
5427,1,A,0,508020502050,20210331,2,30
5428,2,A,1,508020502050,20210331,2,31
5429,1,A,1,508020502050,20210331,2,32
5430,2,A,1,508020502050,20210331,2,33
5431,1,A,1,508020502050,20210331,2,34
5432,2,A,1,508020502050,20210331,2,35
5433,1,A,1,508020502050,20210331,2,36
5434,2,A,1,508020502050,20210331,2,37
5435,1,A,0,508020502050,20210331,2,38
5436,2,A,1,508020502050,20210331,2,39
5437,1,A,0,508020502050,20210331,2,40
5438,2,A,1,508020502050,20210331,2,41
5439,1,A,1,508020502050,20210331,2,42
5440,2,A,1,508020502050,20210331,2,43
5441,1,A,0,508020502050,20210331,2,44
5442,2,A,1,508020502050,20210331,2,45
5443,1,A,0,508020502050,20210331,2,46
5444,2,A,1,508020502050,20210331,2,47
5445,1,A,0,508020502050,20210331,2,48
5446,2,A,0,508020502050,20210331,2,49
5447,1,A,1,508020502050,20210331,2,50
5448,2,A,0,508020502050,20210331,2,51
5449,5,C,0,508020502050,20210331,2,52
5450,6,C,0,508020502050,20210331,2,53
5451,5,C,0,508020502050,20210331,2,54
5452,6,C,0,508020502050,20210331,2,55
5453,5,C,1,508020502050,20210331,2,56
5454,6,C,0,508020502050,20210331,2,57
5455,5,C,0,508020502050,20210331,2,58
5456,6,C,0,508020502050,20210331,2,59
5457,5,C,1,205020208020,20210331,2,60
5458,3,B,0,205020208020,20210331,2,61
5459,4,B,0,205020208020,20210331,2,62
5460,3,B,0,205020208020,20210331,2,63
5461,1,A,0,205020208020,20210331,2,64
5462,2,A,1,205020208020,20210331,2,65
5463,1,A,1,205020208020,20210331,2,66
5464,2,A,0,205020208020,20210331,2,67
5465,1,A,0,205020208020,20210331,2,68
5466,2,A,1,205020208020,20210331,2,69
5467,1,A,0,205020208020,20210331,2,70
5468,2,A,1,205020208020,20210331,2,71
5469,1,A,0,205020208020,20210331,2,72
5470,2,A,0,205020208020,20210331,2,73
5471,1,A,0,205020208020,20210331,2,74
5472,2,A,1,205020208020,20210331,2,75
5473,1,A,0,205020208020,20210331,2,76
5474,2,A,0,205020208020,20210331,2,77
5475,1,A,0,205020208020,20210331,2,78
5476,2,A,1,205020208020,20210331,2,79
5477,1,A,0,205020208020,20210331,2,80
5478,2,A,0,205020208020,20210331,2,81
5479,1,A,0,205020208020,20210331,2,82
5480,2,A,0,205020208020,20210331,2,83
5481,1,A,0,205020208020,20210331,2,84
5482,2,A,1,205020208020,20210331,2,85
5483,1,A,1,205020208020,20210331,2,86
5484,2,A,0,205020208020,20210331,2,87
5485,1,A,0,205020208020,20210331,2,88
5486,2,A,0,205020208020,20210331,2,89
5487,1,A,1,205020208020,20210331,2,90
5488,2,A,1,205020208020,20210331,2,91
5489,1,A,1,205020208020,20210331,2,92
5490,2,A,1,205020208020,20210331,2,93
5491,1,A,0,205020208020,20210331,2,94
5492,2,A,0,205020208020,20210331,2,95
5493,1,A,0,205020208020,20210331,2,96
5494,2,A,0,205020208020,20210331,2,97
5495,1,A,1,205020208020,20210331,2,98
5496,2,A,1,205020208020,20210331,2,99
5497,1,A,0,205020208020,20210331,2,100
5498,2,A,0,205020208020,20210331,2,101
5499,1,A,0,205020208020,20210331,2,102
5500,2,A,0,205020208020,20210331,2,103
5501,1,A,0,205020208020,20210331,2,104
5502,2,A,1,205020208020,20210331,2,105
5503,1,A,1,205020208020,20210331,2,106
5504,2,A,0,205020208020,20210331,2,107
5505,1,A,0,205020208020,20210331,2,108
5506,5,C,1,205020208020,20210331,2,109
5507,6,C,0,205020208020,20210331,2,110
5508,5,C,1,205020208020,20210331,2,111
5509,6,C,0,205020208020,20210331,2,112
5510,5,C,0,205020208020,20210331,2,113
5511,6,C,0,205020208020,20210331,2,114
5512,5,C,1,205020208020,20210331,2,115
5513,6,C,0,205020208020,20210331,2,116
5514,5,C,1,205020208020,20210331,2,117
5515,6,C,0,205020208020,20210331,2,118
5516,5,C,1,205020208020,20210331,2,119
5517,6,C,1,202080502050,20210331,2,120
5518,5,C,0,202080502050,20210331,2,121
5519,6,C,1,202080502050,20210331,2,122
5520,5,C,0,202080502050,20210331,2,123
5521,6,C,1,202080502050,20210331,2,124
5522,5,C,0,202080502050,20210331,2,125
5523,6,C,0,202080502050,20210331,2,126
5524,5,C,1,202080502050,20210331,2,127
5525,6,C,1,202080502050,20210331,2,128
5526,5,C,0,202080502050,20210331,2,129
5527,6,C,0,202080502050,20210331,2,130
5528,5,C,0,202080502050,20210331,2,131
5529,6,C,0,202080502050,20210331,2,132
5530,5,C,0,202080502050,20210331,2,133
5531,6,C,0,202080502050,20210331,2,134
5532,5,C,0,202080502050,20210331,2,135
5533,1,A,0,202080502050,20210331,2,136
5534,2,A,0,202080502050,20210331,2,137
5535,1,A,0,202080502050,20210331,2,138
5536,2,A,0,202080502050,20210331,2,139
5537,1,A,0,202080502050,20210331,2,140
5538,2,A,0,202080502050,20210331,2,141
5539,1,A,0,202080502050,20210331,2,142
5540,3,B,1,202080502050,20210331,2,143
5541,4,B,0,202080502050,20210331,2,144
5542,3,B,1,202080502050,20210331,2,145
5543,4,B,0,202080502050,20210331,2,146
5544,3,B,1,202080502050,20210331,2,147
5545,4,B,1,202080502050,20210331,2,148
5546,3,B,1,202080502050,20210331,2,149
5547,4,B,0,202080502050,20210331,2,150
5548,3,B,1,202080502050,20210331,2,151
5549,4,B,1,202080502050,20210331,2,152
5550,3,B,0,202080502050,20210331,2,153
5551,4,B,0,202080502050,20210331,2,154
5552,3,B,1,202080502050,20210331,2,155
5553,4,B,1,202080502050,20210331,2,156
5554,3,B,1,202080502050,20210331,2,157
5555,4,B,0,202080502050,20210331,2,158
5556,3,B,1,202080502050,20210331,2,159
5557,4,B,0,202080502050,20210331,2,160
5558,3,B,0,202080502050,20210331,2,161
5559,4,B,1,202080502050,20210331,2,162
5560,3,B,1,202080502050,20210331,2,163
5561,4,B,1,202080502050,20210331,2,164
5562,3,B,1,202080502050,20210331,2,165
5563,4,B,0,202080502050,20210331,2,166
5564,3,B,1,202080502050,20210331,2,167
5565,4,B,1,202080502050,20210331,2,168
5566,3,B,1,202080502050,20210331,2,169
5567,4,B,0,202080502050,20210331,2,170
5568,3,B,1,202080502050,20210331,2,171
5569,4,B,1,202080502050,20210331,2,172
5570,3,B,0,202080502050,20210331,2,173
5571,4,B,1,202080502050,20210331,2,174
5572,3,B,0,202080502050,20210331,2,175
5573,4,B,1,202080502050,20210331,2,176
5574,3,B,0,202080502050,20210331,2,177
5575,4,B,0,202080502050,20210331,2,178
5576,3,B,1,202080502050,20210331,2,179
5577,3,B,0,508020508020,20210331,3,0
5578,1,A,1,508020508020,20210331,3,1
5579,2,A,1,508020508020,20210331,3,2
5580,1,A,1,508020508020,20210331,3,3
5581,2,A,1,508020508020,20210331,3,4
5582,1,A,0,508020508020,20210331,3,5
5583,2,A,1,508020508020,20210331,3,6
5584,1,A,0,508020508020,20210331,3,7
5585,2,A,1,508020508020,20210331,3,8
5586,1,A,0,508020508020,20210331,3,9
5587,2,A,1,508020508020,20210331,3,10
5588,1,A,1,508020508020,20210331,3,11
5589,2,A,1,508020508020,20210331,3,12
5590,1,A,0,508020508020,20210331,3,13
5591,2,A,0,508020508020,20210331,3,14
5592,1,A,0,508020508020,20210331,3,15
5593,5,C,0,508020508020,20210331,3,16
5594,6,C,0,508020508020,20210331,3,17
5595,5,C,1,508020508020,20210331,3,18
5596,6,C,0,508020508020,20210331,3,19
5597,5,C,1,508020508020,20210331,3,20
5598,6,C,0,508020508020,20210331,3,21
5599,5,C,1,508020508020,20210331,3,22
5600,3,B,0,508020508020,20210331,3,23
5601,4,B,0,508020508020,20210331,3,24
5602,3,B,0,508020508020,20210331,3,25
5603,4,B,0,508020508020,20210331,3,26
5604,3,B,0,508020508020,20210331,3,27
5605,4,B,1,508020508020,20210331,3,28
5606,3,B,0,508020508020,20210331,3,29
5607,4,B,1,508020508020,20210331,3,30
5608,3,B,0,508020508020,20210331,3,31
5609,4,B,0,508020508020,20210331,3,32
5610,3,B,0,508020508020,20210331,3,33
5611,1,A,1,508020508020,20210331,3,34
5612,2,A,1,508020508020,20210331,3,35
5613,1,A,1,508020508020,20210331,3,36
5614,2,A,1,508020508020,20210331,3,37
5615,1,A,0,508020508020,20210331,3,38
5616,2,A,1,508020508020,20210331,3,39
5617,1,A,0,508020508020,20210331,3,40
5618,2,A,1,508020508020,20210331,3,41
5619,1,A,0,508020508020,20210331,3,42
5620,2,A,1,508020508020,20210331,3,43
5621,1,A,0,508020508020,20210331,3,44
5622,2,A,1,508020508020,20210331,3,45
5623,1,A,1,508020508020,20210331,3,46
5624,2,A,1,508020508020,20210331,3,47
5625,1,A,1,508020508020,20210331,3,48
5626,2,A,1,508020508020,20210331,3,49
5627,1,A,0,508020508020,20210331,3,50
5628,2,A,1,508020508020,20210331,3,51
5629,1,A,1,508020508020,20210331,3,52
5630,2,A,1,508020508020,20210331,3,53
5631,1,A,0,508020508020,20210331,3,54
5632,2,A,1,508020508020,20210331,3,55
5633,1,A,1,508020508020,20210331,3,56
5634,2,A,0,508020508020,20210331,3,57
5635,1,A,1,508020508020,20210331,3,58
5636,2,A,1,508020508020,20210331,3,59
5637,1,A,1,502020802020,20210331,3,60
5638,2,A,1,502020802020,20210331,3,61
5639,1,A,0,502020802020,20210331,3,62
5640,2,A,0,502020802020,20210331,3,63
5641,1,A,0,502020802020,20210331,3,64
5642,2,A,0,502020802020,20210331,3,65
5643,1,A,1,502020802020,20210331,3,66
5644,2,A,0,502020802020,20210331,3,67
5645,1,A,0,502020802020,20210331,3,68
5646,2,A,0,502020802020,20210331,3,69
5647,1,A,0,502020802020,20210331,3,70
5648,5,C,1,502020802020,20210331,3,71
5649,6,C,0,502020802020,20210331,3,72
5650,5,C,1,502020802020,20210331,3,73
5651,6,C,0,502020802020,20210331,3,74
5652,5,C,0,502020802020,20210331,3,75
5653,6,C,0,502020802020,20210331,3,76
5654,5,C,0,502020802020,20210331,3,77
5655,6,C,0,502020802020,20210331,3,78
5656,5,C,0,502020802020,20210331,3,79
5657,1,A,0,502020802020,20210331,3,80
5658,2,A,0,502020802020,20210331,3,81
5659,1,A,0,502020802020,20210331,3,82
5660,2,A,1,502020802020,20210331,3,83
5661,1,A,1,502020802020,20210331,3,84
5662,2,A,0,502020802020,20210331,3,85
5663,1,A,0,502020802020,20210331,3,86
5664,2,A,0,502020802020,20210331,3,87
5665,1,A,1,502020802020,20210331,3,88
5666,2,A,0,502020802020,20210331,3,89
5667,1,A,0,502020802020,20210331,3,90
5668,2,A,0,502020802020,20210331,3,91
5669,1,A,1,502020802020,20210331,3,92
5670,2,A,0,502020802020,20210331,3,93
5671,1,A,1,502020802020,20210331,3,94
5672,2,A,0,502020802020,20210331,3,95
5673,1,A,0,502020802020,20210331,3,96
5674,2,A,0,502020802020,20210331,3,97
5675,1,A,0,502020802020,20210331,3,98
5676,3,B,0,502020802020,20210331,3,99
5677,4,B,1,502020802020,20210331,3,100
5678,3,B,0,502020802020,20210331,3,101
5679,4,B,0,502020802020,20210331,3,102
5680,3,B,0,502020802020,20210331,3,103
5681,4,B,1,502020802020,20210331,3,104
5682,3,B,1,502020802020,20210331,3,105
5683,4,B,1,502020802020,20210331,3,106
5684,3,B,0,502020802020,20210331,3,107
5685,4,B,1,502020802020,20210331,3,108
5686,3,B,0,502020802020,20210331,3,109
5687,4,B,1,502020802020,20210331,3,110
5688,3,B,1,502020802020,20210331,3,111
5689,4,B,1,502020802020,20210331,3,112
5690,3,B,1,502020802020,20210331,3,113
5691,4,B,0,502020802020,20210331,3,114
5692,3,B,0,502020802020,20210331,3,115
5693,4,B,1,502020802020,20210331,3,116
5694,3,B,0,502020802020,20210331,3,117
5695,4,B,0,502020802020,20210331,3,118
5696,3,B,0,502020802020,20210331,3,119
5697,4,B,0,805050202020,20210331,3,120
5698,3,B,0,805050202020,20210331,3,121
5699,5,C,0,805050202020,20210331,3,122
5700,6,C,0,805050202020,20210331,3,123
5701,5,C,0,805050202020,20210331,3,124
5702,6,C,0,805050202020,20210331,3,125
5703,5,C,0,805050202020,20210331,3,126
5704,2,A,0,805050202020,20210331,3,127
5705,1,A,1,805050202020,20210331,3,128
5706,2,A,0,805050202020,20210331,3,129
5707,1,A,1,805050202020,20210331,3,130
5708,2,A,0,805050202020,20210331,3,131
5709,1,A,1,805050202020,20210331,3,132
5710,2,A,1,805050202020,20210331,3,133
5711,1,A,0,805050202020,20210331,3,134
5712,2,A,0,805050202020,20210331,3,135
5713,1,A,1,805050202020,20210331,3,136
5714,2,A,0,805050202020,20210331,3,137
5715,1,A,1,805050202020,20210331,3,138
5716,2,A,0,805050202020,20210331,3,139
5717,1,A,0,805050202020,20210331,3,140
5718,2,A,0,805050202020,20210331,3,141
5719,1,A,1,805050202020,20210331,3,142
5720,2,A,1,805050202020,20210331,3,143
5721,1,A,1,805050202020,20210331,3,144
5722,2,A,0,805050202020,20210331,3,145
5723,1,A,1,805050202020,20210331,3,146
5724,2,A,1,805050202020,20210331,3,147
5725,1,A,1,805050202020,20210331,3,148
5726,2,A,0,805050202020,20210331,3,149
5727,1,A,0,805050202020,20210331,3,150
5728,2,A,1,805050202020,20210331,3,151
5729,1,A,1,805050202020,20210331,3,152
5730,2,A,1,805050202020,20210331,3,153
5731,1,A,0,805050202020,20210331,3,154
5732,2,A,0,805050202020,20210331,3,155
5733,1,A,0,805050202020,20210331,3,156
5734,2,A,1,805050202020,20210331,3,157
5735,1,A,1,805050202020,20210331,3,158
5736,2,A,1,805050202020,20210331,3,159
5737,1,A,1,805050202020,20210331,3,160
5738,2,A,0,805050202020,20210331,3,161
5739,1,A,1,805050202020,20210331,3,162
5740,2,A,0,805050202020,20210331,3,163
5741,1,A,1,805050202020,20210331,3,164
5742,2,A,1,805050202020,20210331,3,165
5743,1,A,1,805050202020,20210331,3,166
5744,2,A,0,805050202020,20210331,3,167
5745,1,A,1,805050202020,20210331,3,168
5746,2,A,0,805050202020,20210331,3,169
5747,1,A,1,805050202020,20210331,3,170
5748,2,A,0,805050202020,20210331,3,171
5749,1,A,1,805050202020,20210331,3,172
5750,2,A,1,805050202020,20210331,3,173
5751,1,A,1,805050202020,20210331,3,174
5752,2,A,0,805050202020,20210331,3,175
5753,1,A,1,805050202020,20210331,3,176
5754,2,A,0,805050202020,20210331,3,177
5755,1,A,1,805050202020,20210331,3,178
5756,2,A,0,805050202020,20210331,3,179
5757,1,A,0,205020205080,20210331,4,0
5758,6,C,1,205020205080,20210331,4,1
5759,1,A,1,205020205080,20210331,4,2
5760,2,A,1,205020205080,20210331,4,3
5761,1,A,0,205020205080,20210331,4,4
5762,2,A,1,205020205080,20210331,4,5
5763,5,C,1,205020205080,20210331,4,6
5764,6,C,1,205020205080,20210331,4,7
5765,3,B,0,205020205080,20210331,4,8
5766,4,B,0,205020205080,20210331,4,9
5767,3,B,1,205020205080,20210331,4,10
5768,4,B,0,205020205080,20210331,4,11
5769,3,B,0,205020205080,20210331,4,12
5770,1,A,0,205020205080,20210331,4,13
5771,2,A,0,205020205080,20210331,4,14
5772,1,A,0,205020205080,20210331,4,15
5773,2,A,0,205020205080,20210331,4,16
5774,1,A,0,205020205080,20210331,4,17
5775,5,C,0,205020205080,20210331,4,18
5776,6,C,1,205020205080,20210331,4,19
5777,5,C,0,205020205080,20210331,4,20
5778,6,C,1,205020205080,20210331,4,21
5779,5,C,0,205020205080,20210331,4,22
5780,6,C,1,205020205080,20210331,4,23
5781,1,A,0,205020205080,20210331,4,24
5782,2,A,1,205020205080,20210331,4,25
5783,1,A,1,205020205080,20210331,4,26
5784,2,A,0,205020205080,20210331,4,27
5785,1,A,1,205020205080,20210331,4,28
5786,2,A,1,205020205080,20210331,4,29
5787,1,A,1,205020205080,20210331,4,30
5788,2,A,0,205020205080,20210331,4,31
5789,1,A,0,205020205080,20210331,4,32
5790,2,A,1,205020205080,20210331,4,33
5791,1,A,0,205020205080,20210331,4,34
5792,2,A,0,205020205080,20210331,4,35
5793,1,A,0,205020205080,20210331,4,36
5794,2,A,1,205020205080,20210331,4,37
5795,1,A,1,205020205080,20210331,4,38
5796,2,A,1,205020205080,20210331,4,39
5797,1,A,1,205020205080,20210331,4,40
5798,2,A,1,205020205080,20210331,4,41
5799,1,A,0,205020205080,20210331,4,42
5800,2,A,1,205020205080,20210331,4,43
5801,1,A,0,205020205080,20210331,4,44
5802,2,A,0,205020205080,20210331,4,45
5803,1,A,1,205020205080,20210331,4,46
5804,2,A,1,205020205080,20210331,4,47
5805,1,A,0,205020205080,20210331,4,48
5806,2,A,0,205020205080,20210331,4,49
5807,1,A,0,205020205080,20210331,4,50
5808,2,A,1,205020205080,20210331,4,51
5809,1,A,0,205020205080,20210331,4,52
5810,2,A,1,205020205080,20210331,4,53
5811,1,A,0,205020205080,20210331,4,54
5812,2,A,1,205020205080,20210331,4,55
5813,1,A,0,205020205080,20210331,4,56
5814,2,A,1,205020205080,20210331,4,57
5815,1,A,1,205020205080,20210331,4,58
5816,2,A,0,205020205080,20210331,4,59
5817,1,A,1,202050805020,20210331,4,60
5818,2,A,0,202050805020,20210331,4,61
5819,1,A,0,202050805020,20210331,4,62
5820,2,A,1,202050805020,20210331,4,63
5821,1,A,1,202050805020,20210331,4,64
5822,2,A,0,202050805020,20210331,4,65
5823,1,A,0,202050805020,20210331,4,66
5824,2,A,0,202050805020,20210331,4,67
5825,1,A,0,202050805020,20210331,4,68
5826,5,C,0,202050805020,20210331,4,69
5827,6,C,0,202050805020,20210331,4,70
5828,5,C,0,202050805020,20210331,4,71
5829,6,C,0,202050805020,20210331,4,72
5830,5,C,0,202050805020,20210331,4,73
5831,6,C,0,202050805020,20210331,4,74
5832,5,C,1,202050805020,20210331,4,75
5833,6,C,0,202050805020,20210331,4,76
5834,5,C,1,202050805020,20210331,4,77
5835,6,C,1,202050805020,20210331,4,78
5836,5,C,1,202050805020,20210331,4,79
5837,6,C,0,202050805020,20210331,4,80
5838,5,C,0,202050805020,20210331,4,81
5839,6,C,0,202050805020,20210331,4,82
5840,5,C,1,202050805020,20210331,4,83
5841,6,C,0,202050805020,20210331,4,84
5842,5,C,1,202050805020,20210331,4,85
5843,6,C,0,202050805020,20210331,4,86
5844,5,C,0,202050805020,20210331,4,87
5845,6,C,0,202050805020,20210331,4,88
5846,5,C,0,202050805020,20210331,4,89
5847,1,A,1,202050805020,20210331,4,90
5848,2,A,0,202050805020,20210331,4,91
5849,1,A,0,202050805020,20210331,4,92
5850,2,A,0,202050805020,20210331,4,93
5851,1,A,1,202050805020,20210331,4,94
5852,2,A,0,202050805020,20210331,4,95
5853,1,A,0,202050805020,20210331,4,96
5854,2,A,1,202050805020,20210331,4,97
5855,1,A,1,202050805020,20210331,4,98
5856,2,A,1,202050805020,20210331,4,99
5857,1,A,0,202050805020,20210331,4,100
5858,2,A,0,202050805020,20210331,4,101
5859,1,A,0,202050805020,20210331,4,102
5860,2,A,0,202050805020,20210331,4,103
5861,1,A,1,202050805020,20210331,4,104
5862,2,A,0,202050805020,20210331,4,105
5863,1,A,0,202050805020,20210331,4,106
5864,2,A,0,202050805020,20210331,4,107
5865,3,B,0,202050805020,20210331,4,108
5866,4,B,0,202050805020,20210331,4,109
5867,3,B,0,202050805020,20210331,4,110
5868,4,B,1,202050805020,20210331,4,111
5869,3,B,0,202050805020,20210331,4,112
5870,4,B,1,202050805020,20210331,4,113
5871,3,B,0,202050805020,20210331,4,114
5872,4,B,0,202050805020,20210331,4,115
5873,3,B,0,202050805020,20210331,4,116
5874,4,B,0,202050805020,20210331,4,117
5875,3,B,1,202050805020,20210331,4,118
5876,4,B,0,202050805020,20210331,4,119
5877,3,B,0,502020508020,20210331,4,120
5878,4,B,0,502020508020,20210331,4,121
5879,2,A,0,502020508020,20210331,4,122
5880,1,A,1,502020508020,20210331,4,123
5881,2,A,1,502020508020,20210331,4,124
5882,1,A,0,502020508020,20210331,4,125
5883,2,A,0,502020508020,20210331,4,126
5884,1,A,1,502020508020,20210331,4,127
5885,2,A,1,502020508020,20210331,4,128
5886,1,A,0,502020508020,20210331,4,129
5887,2,A,0,502020508020,20210331,4,130
5888,1,A,0,502020508020,20210331,4,131
5889,2,A,0,502020508020,20210331,4,132
5890,1,A,1,502020508020,20210331,4,133
5891,2,A,1,502020508020,20210331,4,134
5892,1,A,1,502020508020,20210331,4,135
5893,2,A,0,502020508020,20210331,4,136
5894,1,A,0,502020508020,20210331,4,137
5895,2,A,0,502020508020,20210331,4,138
5896,1,A,1,502020508020,20210331,4,139
5897,2,A,0,502020508020,20210331,4,140
5898,1,A,0,502020508020,20210331,4,141
5899,2,A,0,502020508020,20210331,4,142
5900,1,A,0,502020508020,20210331,4,143
5901,2,A,0,502020508020,20210331,4,144
5902,1,A,0,502020508020,20210331,4,145
5903,2,A,0,502020508020,20210331,4,146
5904,1,A,1,502020508020,20210331,4,147
5905,2,A,0,502020508020,20210331,4,148
5906,1,A,0,502020508020,20210331,4,149
5907,2,A,0,502020508020,20210331,4,150
5908,1,A,0,502020508020,20210331,4,151
5909,2,A,0,502020508020,20210331,4,152
5910,5,C,1,502020508020,20210331,4,153
5911,6,C,0,502020508020,20210331,4,154
5912,5,C,1,502020508020,20210331,4,155
5913,6,C,1,502020508020,20210331,4,156
5914,5,C,1,502020508020,20210331,4,157
5915,6,C,0,502020508020,20210331,4,158
5916,5,C,1,502020508020,20210331,4,159
5917,6,C,0,502020508020,20210331,4,160
5918,5,C,1,502020508020,20210331,4,161
5919,6,C,0,502020508020,20210331,4,162
5920,5,C,1,502020508020,20210331,4,163
5921,6,C,0,502020508020,20210331,4,164
5922,5,C,1,502020508020,20210331,4,165
5923,6,C,0,502020508020,20210331,4,166
5924,5,C,1,502020508020,20210331,4,167
5925,6,C,0,502020508020,20210331,4,168
5926,5,C,0,502020508020,20210331,4,169
5927,6,C,0,502020508020,20210331,4,170
5928,5,C,0,502020508020,20210331,4,171
5929,6,C,0,502020508020,20210331,4,172
5930,5,C,1,502020508020,20210331,4,173
5931,6,C,0,502020508020,20210331,4,174
5932,5,C,1,502020508020,20210331,4,175
5933,6,C,0,502020508020,20210331,4,176
5934,5,C,0,502020508020,20210331,4,177
5935,6,C,0,502020508020,20210331,4,178
5936,5,C,1,502020508020,20210331,4,179
5937,1,A,1,502050805050,20210331,5,0
5938,2,A,0,502050805050,20210331,5,1
5939,1,A,1,502050805050,20210331,5,2
5940,2,A,0,502050805050,20210331,5,3
5941,6,C,0,502050805050,20210331,5,4
5942,5,C,0,502050805050,20210331,5,5
5943,6,C,1,502050805050,20210331,5,6
5944,5,C,0,502050805050,20210331,5,7
5945,3,B,0,502050805050,20210331,5,8
5946,4,B,0,502050805050,20210331,5,9
5947,3,B,1,502050805050,20210331,5,10
5948,4,B,1,502050805050,20210331,5,11
5949,3,B,0,502050805050,20210331,5,12
5950,4,B,1,502050805050,20210331,5,13
5951,3,B,1,502050805050,20210331,5,14
5952,4,B,1,502050805050,20210331,5,15
5953,3,B,0,502050805050,20210331,5,16
5954,4,B,1,502050805050,20210331,5,17
5955,3,B,0,502050805050,20210331,5,18
5956,4,B,1,502050805050,20210331,5,19
5957,3,B,1,502050805050,20210331,5,20
5958,4,B,1,502050805050,20210331,5,21
5959,3,B,0,502050805050,20210331,5,22
5960,4,B,1,502050805050,20210331,5,23
5961,6,C,0,502050805050,20210331,5,24
5962,5,C,0,502050805050,20210331,5,25
5963,6,C,1,502050805050,20210331,5,26
5964,5,C,1,502050805050,20210331,5,27
5965,6,C,0,502050805050,20210331,5,28
5966,5,C,0,502050805050,20210331,5,29
5967,6,C,0,502050805050,20210331,5,30
5968,1,A,0,502050805050,20210331,5,31
5969,2,A,0,502050805050,20210331,5,32
5970,1,A,1,502050805050,20210331,5,33
5971,2,A,0,502050805050,20210331,5,34
5972,1,A,0,502050805050,20210331,5,35
5973,2,A,0,502050805050,20210331,5,36
5974,1,A,0,502050805050,20210331,5,37
5975,2,A,0,502050805050,20210331,5,38
5976,1,A,0,502050805050,20210331,5,39
5977,2,A,0,502050805050,20210331,5,40
5978,1,A,0,502050805050,20210331,5,41
5979,2,A,0,502050805050,20210331,5,42
5980,5,C,0,502050805050,20210331,5,43
5981,6,C,0,502050805050,20210331,5,44
5982,5,C,1,502050805050,20210331,5,45
5983,6,C,1,502050805050,20210331,5,46
5984,5,C,0,502050805050,20210331,5,47
5985,6,C,0,502050805050,20210331,5,48
5986,5,C,1,502050805050,20210331,5,49
5987,6,C,0,502050805050,20210331,5,50
5988,5,C,0,502050805050,20210331,5,51
5989,6,C,0,502050805050,20210331,5,52
5990,5,C,0,502050805050,20210331,5,53
5991,3,B,0,502050805050,20210331,5,54
5992,4,B,1,502050805050,20210331,5,55
5993,3,B,0,502050805050,20210331,5,56
5994,4,B,0,502050805050,20210331,5,57
5995,3,B,1,502050805050,20210331,5,58
5996,4,B,1,502050805050,20210331,5,59
5997,3,B,0,202020205020,20210331,5,60
5998,4,B,1,202020205020,20210331,5,61
5999,3,B,0,202020205020,20210331,5,62
6000,4,B,0,202020205020,20210331,5,63
6001,3,B,1,202020205020,20210331,5,64
6002,4,B,0,202020205020,20210331,5,65
6003,3,B,0,202020205020,20210331,5,66
6004,4,B,0,202020205020,20210331,5,67
6005,3,B,0,202020205020,20210331,5,68
6006,4,B,1,202020205020,20210331,5,69
6007,1,A,0,202020205020,20210331,5,70
6008,2,A,0,202020205020,20210331,5,71
6009,1,A,0,202020205020,20210331,5,72
6010,2,A,0,202020205020,20210331,5,73
6011,1,A,0,202020205020,20210331,5,74
6012,2,A,0,202020205020,20210331,5,75
6013,1,A,1,202020205020,20210331,5,76
6014,2,A,0,202020205020,20210331,5,77
6015,1,A,0,202020205020,20210331,5,78
6016,2,A,1,202020205020,20210331,5,79
6017,1,A,1,202020205020,20210331,5,80
6018,2,A,0,202020205020,20210331,5,81
6019,1,A,1,202020205020,20210331,5,82
6020,2,A,0,202020205020,20210331,5,83
6021,1,A,1,202020205020,20210331,5,84
6022,2,A,0,202020205020,20210331,5,85
6023,1,A,0,202020205020,20210331,5,86
6024,2,A,0,202020205020,20210331,5,87
6025,1,A,1,202020205020,20210331,5,88
6026,2,A,0,202020205020,20210331,5,89
6027,1,A,1,202020205020,20210331,5,90
6028,2,A,0,202020205020,20210331,5,91
6029,1,A,0,202020205020,20210331,5,92
6030,2,A,0,202020205020,20210331,5,93
6031,1,A,0,202020205020,20210331,5,94
6032,5,C,0,202020205020,20210331,5,95
6033,6,C,0,202020205020,20210331,5,96
6034,5,C,0,202020205020,20210331,5,97
6035,6,C,0,202020205020,20210331,5,98
6036,5,C,1,202020205020,20210331,5,99
6037,6,C,0,202020205020,20210331,5,100
6038,5,C,1,202020205020,20210331,5,101
6039,6,C,0,202020205020,20210331,5,102
6040,5,C,0,202020205020,20210331,5,103
6041,6,C,0,202020205020,20210331,5,104
6042,5,C,0,202020205020,20210331,5,105
6043,1,A,0,202020205020,20210331,5,106
6044,2,A,1,202020205020,20210331,5,107
6045,1,A,0,202020205020,20210331,5,108
6046,2,A,0,202020205020,20210331,5,109
6047,1,A,0,202020205020,20210331,5,110
6048,2,A,0,202020205020,20210331,5,111
6049,1,A,0,202020205020,20210331,5,112
6050,2,A,0,202020205020,20210331,5,113
6051,1,A,0,202020205020,20210331,5,114
6052,2,A,0,202020205020,20210331,5,115
6053,3,B,0,202020205020,20210331,5,116
6054,4,B,0,202020205020,20210331,5,117
6055,3,B,0,202020205020,20210331,5,118
6056,4,B,0,202020205020,20210331,5,119
6057,3,B,0,205080502050,20210331,5,120
6058,4,B,1,205080502050,20210331,5,121
6059,3,B,1,205080502050,20210331,5,122
6060,4,B,0,205080502050,20210331,5,123
6061,3,B,1,205080502050,20210331,5,124
6062,4,B,0,205080502050,20210331,5,125
6063,3,B,1,205080502050,20210331,5,126
6064,4,B,0,205080502050,20210331,5,127
6065,3,B,1,205080502050,20210331,5,128
6066,4,B,0,205080502050,20210331,5,129
6067,3,B,1,205080502050,20210331,5,130
6068,4,B,0,205080502050,20210331,5,131
6069,3,B,1,205080502050,20210331,5,132
6070,4,B,0,205080502050,20210331,5,133
6071,3,B,1,205080502050,20210331,5,134
6072,4,B,0,205080502050,20210331,5,135
6073,3,B,1,205080502050,20210331,5,136
6074,4,B,0,205080502050,20210331,5,137
6075,3,B,1,205080502050,20210331,5,138
6076,4,B,0,205080502050,20210331,5,139
6077,3,B,1,205080502050,20210331,5,140
6078,4,B,1,205080502050,20210331,5,141
6079,3,B,1,205080502050,20210331,5,142
6080,4,B,0,205080502050,20210331,5,143
6081,3,B,1,205080502050,20210331,5,144
6082,4,B,0,205080502050,20210331,5,145
6083,3,B,1,205080502050,20210331,5,146
6084,4,B,1,205080502050,20210331,5,147
6085,3,B,0,205080502050,20210331,5,148
6086,4,B,1,205080502050,20210331,5,149
6087,3,B,1,205080502050,20210331,5,150
6088,4,B,0,205080502050,20210331,5,151
6089,3,B,1,205080502050,20210331,5,152
6090,4,B,1,205080502050,20210331,5,153
6091,3,B,1,205080502050,20210331,5,154
6092,4,B,0,205080502050,20210331,5,155
6093,3,B,1,205080502050,20210331,5,156
6094,4,B,1,205080502050,20210331,5,157
6095,3,B,1,205080502050,20210331,5,158
6096,4,B,1,205080502050,20210331,5,159
6097,3,B,1,205080502050,20210331,5,160
6098,4,B,0,205080502050,20210331,5,161
6099,3,B,1,205080502050,20210331,5,162
6100,4,B,1,205080502050,20210331,5,163
6101,3,B,1,205080502050,20210331,5,164
6102,4,B,0,205080502050,20210331,5,165
6103,3,B,1,205080502050,20210331,5,166
6104,4,B,1,205080502050,20210331,5,167
6105,3,B,1,205080502050,20210331,5,168
6106,4,B,0,205080502050,20210331,5,169
6107,3,B,0,205080502050,20210331,5,170
6108,4,B,0,205080502050,20210331,5,171
6109,3,B,1,205080502050,20210331,5,172
6110,4,B,0,205080502050,20210331,5,173
6111,3,B,1,205080502050,20210331,5,174
6112,4,B,1,205080502050,20210331,5,175
6113,3,B,1,205080502050,20210331,5,176
6114,4,B,1,205080502050,20210331,5,177
6115,3,B,1,205080502050,20210331,5,178
6116,4,B,0,205080502050,20210331,5,179
6117,1,A,0,205080508020,20210331,6,0
6118,2,A,1,205080508020,20210331,6,1
6119,5,C,1,205080508020,20210331,6,2
6120,6,C,1,205080508020,20210331,6,3
6121,5,C,1,205080508020,20210331,6,4
6122,6,C,0,205080508020,20210331,6,5
6123,5,C,0,205080508020,20210331,6,6
6124,1,A,0,205080508020,20210331,6,7
6125,2,A,1,205080508020,20210331,6,8
6126,1,A,0,205080508020,20210331,6,9
6127,2,A,0,205080508020,20210331,6,10
6128,1,A,1,205080508020,20210331,6,11
6129,2,A,1,205080508020,20210331,6,12
6130,1,A,0,205080508020,20210331,6,13
6131,2,A,0,205080508020,20210331,6,14
6132,1,A,0,205080508020,20210331,6,15
6133,3,B,1,205080508020,20210331,6,16
6134,4,B,1,205080508020,20210331,6,17
6135,3,B,1,205080508020,20210331,6,18
6136,4,B,0,205080508020,20210331,6,19
6137,3,B,1,205080508020,20210331,6,20
6138,4,B,1,205080508020,20210331,6,21
6139,3,B,1,205080508020,20210331,6,22
6140,4,B,1,205080508020,20210331,6,23
6141,3,B,1,205080508020,20210331,6,24
6142,4,B,0,205080508020,20210331,6,25
6143,3,B,1,205080508020,20210331,6,26
6144,4,B,0,205080508020,20210331,6,27
6145,3,B,1,205080508020,20210331,6,28
6146,4,B,0,205080508020,20210331,6,29
6147,3,B,1,205080508020,20210331,6,30
6148,4,B,1,205080508020,20210331,6,31
6149,3,B,1,205080508020,20210331,6,32
6150,4,B,1,205080508020,20210331,6,33
6151,3,B,0,205080508020,20210331,6,34
6152,4,B,1,205080508020,20210331,6,35
6153,3,B,0,205080508020,20210331,6,36
6154,4,B,1,205080508020,20210331,6,37
6155,3,B,1,205080508020,20210331,6,38
6156,4,B,0,205080508020,20210331,6,39
6157,3,B,1,205080508020,20210331,6,40
6158,4,B,1,205080508020,20210331,6,41
6159,3,B,0,205080508020,20210331,6,42
6160,4,B,1,205080508020,20210331,6,43
6161,3,B,1,205080508020,20210331,6,44
6162,4,B,0,205080508020,20210331,6,45
6163,3,B,0,205080508020,20210331,6,46
6164,4,B,1,205080508020,20210331,6,47
6165,3,B,1,205080508020,20210331,6,48
6166,4,B,1,205080508020,20210331,6,49
6167,3,B,1,205080508020,20210331,6,50
6168,4,B,1,205080508020,20210331,6,51
6169,3,B,1,205080508020,20210331,6,52
6170,4,B,0,205080508020,20210331,6,53
6171,3,B,1,205080508020,20210331,6,54
6172,4,B,1,205080508020,20210331,6,55
6173,3,B,1,205080508020,20210331,6,56
6174,4,B,1,205080508020,20210331,6,57
6175,3,B,1,205080508020,20210331,6,58
6176,4,B,1,205080508020,20210331,6,59
6177,3,B,1,208050202020,20210331,6,60
6178,4,B,0,208050202020,20210331,6,61
6179,3,B,1,208050202020,20210331,6,62
6180,4,B,0,208050202020,20210331,6,63
6181,3,B,0,208050202020,20210331,6,64
6182,4,B,0,208050202020,20210331,6,65
6183,3,B,1,208050202020,20210331,6,66
6184,5,C,0,208050202020,20210331,6,67
6185,6,C,1,208050202020,20210331,6,68
6186,5,C,0,208050202020,20210331,6,69
6187,6,C,0,208050202020,20210331,6,70
6188,5,C,0,208050202020,20210331,6,71
6189,6,C,0,208050202020,20210331,6,72
6190,5,C,0,208050202020,20210331,6,73
6191,1,A,0,208050202020,20210331,6,74
6192,2,A,1,208050202020,20210331,6,75
6193,1,A,0,208050202020,20210331,6,76
6194,2,A,0,208050202020,20210331,6,77
6195,1,A,0,208050202020,20210331,6,78
6196,2,A,1,208050202020,20210331,6,79
6197,1,A,1,208050202020,20210331,6,80
6198,2,A,1,208050202020,20210331,6,81
6199,1,A,0,208050202020,20210331,6,82
6200,2,A,1,208050202020,20210331,6,83
6201,1,A,0,208050202020,20210331,6,84
6202,2,A,1,208050202020,20210331,6,85
6203,1,A,1,208050202020,20210331,6,86
6204,2,A,1,208050202020,20210331,6,87
6205,1,A,0,208050202020,20210331,6,88
6206,2,A,1,208050202020,20210331,6,89
6207,1,A,0,208050202020,20210331,6,90
6208,2,A,1,208050202020,20210331,6,91
6209,1,A,0,208050202020,20210331,6,92
6210,2,A,0,208050202020,20210331,6,93
6211,1,A,1,208050202020,20210331,6,94
6212,2,A,1,208050202020,20210331,6,95
6213,1,A,0,208050202020,20210331,6,96
6214,2,A,1,208050202020,20210331,6,97
6215,1,A,1,208050202020,20210331,6,98
6216,2,A,1,208050202020,20210331,6,99
6217,1,A,1,208050202020,20210331,6,100
6218,2,A,1,208050202020,20210331,6,101
6219,1,A,1,208050202020,20210331,6,102
6220,2,A,1,208050202020,20210331,6,103
6221,1,A,0,208050202020,20210331,6,104
6222,2,A,1,208050202020,20210331,6,105
6223,1,A,0,208050202020,20210331,6,106
6224,2,A,1,208050202020,20210331,6,107
6225,1,A,0,208050202020,20210331,6,108
6226,2,A,1,208050202020,20210331,6,109
6227,1,A,0,208050202020,20210331,6,110
6228,2,A,1,208050202020,20210331,6,111
6229,1,A,0,208050202020,20210331,6,112
6230,2,A,1,208050202020,20210331,6,113
6231,1,A,0,208050202020,20210331,6,114
6232,2,A,1,208050202020,20210331,6,115
6233,1,A,0,208050202020,20210331,6,116
6234,2,A,1,208050202020,20210331,6,117
6235,1,A,0,208050202020,20210331,6,118
6236,2,A,1,208050202020,20210331,6,119
6237,1,A,1,202020508050,20210331,6,120
6238,2,A,0,202020508050,20210331,6,121
6239,1,A,0,202020508050,20210331,6,122
6240,2,A,0,202020508050,20210331,6,123
6241,1,A,0,202020508050,20210331,6,124
6242,2,A,0,202020508050,20210331,6,125
6243,3,B,0,202020508050,20210331,6,126
6244,4,B,1,202020508050,20210331,6,127
6245,3,B,0,202020508050,20210331,6,128
6246,4,B,1,202020508050,20210331,6,129
6247,3,B,0,202020508050,20210331,6,130
6248,4,B,1,202020508050,20210331,6,131
6249,3,B,0,202020508050,20210331,6,132
6250,4,B,0,202020508050,20210331,6,133
6251,3,B,0,202020508050,20210331,6,134
6252,4,B,1,202020508050,20210331,6,135
6253,3,B,0,202020508050,20210331,6,136
6254,4,B,0,202020508050,20210331,6,137
6255,3,B,0,202020508050,20210331,6,138
6256,4,B,0,202020508050,20210331,6,139
6257,1,A,0,202020508050,20210331,6,140
6258,2,A,1,202020508050,20210331,6,141
6259,1,A,0,202020508050,20210331,6,142
6260,2,A,0,202020508050,20210331,6,143
6261,5,C,1,202020508050,20210331,6,144
6262,6,C,1,202020508050,20210331,6,145
6263,5,C,1,202020508050,20210331,6,146
6264,6,C,1,202020508050,20210331,6,147
6265,5,C,1,202020508050,20210331,6,148
6266,6,C,0,202020508050,20210331,6,149
6267,5,C,1,202020508050,20210331,6,150
6268,6,C,1,202020508050,20210331,6,151
6269,5,C,1,202020508050,20210331,6,152
6270,6,C,0,202020508050,20210331,6,153
6271,5,C,1,202020508050,20210331,6,154
6272,6,C,1,202020508050,20210331,6,155
6273,5,C,1,202020508050,20210331,6,156
6274,6,C,1,202020508050,20210331,6,157
6275,5,C,0,202020508050,20210331,6,158
6276,6,C,1,202020508050,20210331,6,159
6277,5,C,1,202020508050,20210331,6,160
6278,6,C,1,202020508050,20210331,6,161
6279,5,C,1,202020508050,20210331,6,162
6280,6,C,1,202020508050,20210331,6,163
6281,5,C,1,202020508050,20210331,6,164
6282,6,C,0,202020508050,20210331,6,165
6283,5,C,1,202020508050,20210331,6,166
6284,6,C,1,202020508050,20210331,6,167
6285,5,C,1,202020508050,20210331,6,168
6286,6,C,1,202020508050,20210331,6,169
6287,5,C,1,202020508050,20210331,6,170
6288,6,C,1,202020508050,20210331,6,171
6289,5,C,1,202020508050,20210331,6,172
6290,6,C,0,202020508050,20210331,6,173
6291,5,C,0,202020508050,20210331,6,174
6292,6,C,0,202020508050,20210331,6,175
6293,5,C,1,202020508050,20210331,6,176
6294,6,C,0,202020508050,20210331,6,177
6295,5,C,0,202020508050,20210331,6,178
6296,6,C,0,202020508050,20210331,6,179
6297,5,C,0,208020502020,20210331,7,0
6298,6,C,0,208020502020,20210331,7,1
6299,3,B,0,208020502020,20210331,7,2
6300,1,A,0,208020502020,20210331,7,3
6301,2,A,1,208020502020,20210331,7,4
6302,1,A,1,208020502020,20210331,7,5
6303,2,A,1,208020502020,20210331,7,6
6304,1,A,0,208020502020,20210331,7,7
6305,2,A,1,208020502020,20210331,7,8
6306,1,A,0,208020502020,20210331,7,9
6307,2,A,1,208020502020,20210331,7,10
6308,1,A,0,208020502020,20210331,7,11
6309,2,A,1,208020502020,20210331,7,12
6310,5,C,1,208020502020,20210331,7,13
6311,6,C,0,208020502020,20210331,7,14
6312,5,C,0,208020502020,20210331,7,15
6313,6,C,0,208020502020,20210331,7,16
6314,5,C,1,208020502020,20210331,7,17
6315,6,C,1,208020502020,20210331,7,18
6316,5,C,0,208020502020,20210331,7,19
6317,6,C,0,208020502020,20210331,7,20
6318,5,C,0,208020502020,20210331,7,21
6319,2,A,1,208020502020,20210331,7,22
6320,1,A,0,208020502020,20210331,7,23
6321,2,A,1,208020502020,20210331,7,24
6322,1,A,1,208020502020,20210331,7,25
6323,2,A,1,208020502020,20210331,7,26
6324,1,A,0,208020502020,20210331,7,27
6325,2,A,1,208020502020,20210331,7,28
6326,1,A,0,208020502020,20210331,7,29
6327,2,A,0,208020502020,20210331,7,30
6328,1,A,1,208020502020,20210331,7,31
6329,2,A,1,208020502020,20210331,7,32
6330,1,A,0,208020502020,20210331,7,33
6331,2,A,1,208020502020,20210331,7,34
6332,1,A,1,208020502020,20210331,7,35
6333,2,A,0,208020502020,20210331,7,36
6334,1,A,0,208020502020,20210331,7,37
6335,2,A,0,208020502020,20210331,7,38
6336,1,A,0,208020502020,20210331,7,39
6337,2,A,0,208020502020,20210331,7,40
6338,5,C,0,208020502020,20210331,7,41
6339,6,C,0,208020502020,20210331,7,42
6340,5,C,0,208020502020,20210331,7,43
6341,3,B,0,208020502020,20210331,7,44
6342,4,B,0,208020502020,20210331,7,45
6343,3,B,0,208020502020,20210331,7,46
6344,4,B,0,208020502020,20210331,7,47
6345,3,B,1,208020502020,20210331,7,48
6346,4,B,1,208020502020,20210331,7,49
6347,3,B,1,208020502020,20210331,7,50
6348,4,B,0,208020502020,20210331,7,51
6349,3,B,0,208020502020,20210331,7,52
6350,4,B,1,208020502020,20210331,7,53
6351,3,B,0,208020502020,20210331,7,54
6352,4,B,1,208020502020,20210331,7,55
6353,3,B,0,208020502020,20210331,7,56
6354,4,B,0,208020502020,20210331,7,57
6355,3,B,0,208020502020,20210331,7,58
6356,4,B,1,208020502020,20210331,7,59
6357,3,B,1,202050205080,20210331,7,60
6358,4,B,0,202050205080,20210331,7,61
6359,3,B,1,202050205080,20210331,7,62
6360,4,B,0,202050205080,20210331,7,63
6361,3,B,0,202050205080,20210331,7,64
6362,4,B,0,202050205080,20210331,7,65
6363,3,B,0,202050205080,20210331,7,66
6364,1,A,1,202050205080,20210331,7,67
6365,2,A,0,202050205080,20210331,7,68
6366,1,A,0,202050205080,20210331,7,69
6367,2,A,0,202050205080,20210331,7,70
6368,1,A,0,202050205080,20210331,7,71
6369,2,A,0,202050205080,20210331,7,72
6370,1,A,0,202050205080,20210331,7,73
6371,2,A,0,202050205080,20210331,7,74
6372,5,C,1,202050205080,20210331,7,75
6373,6,C,0,202050205080,20210331,7,76
6374,5,C,0,202050205080,20210331,7,77
6375,6,C,1,202050205080,20210331,7,78
6376,5,C,1,202050205080,20210331,7,79
6377,6,C,1,202050205080,20210331,7,80
6378,5,C,1,202050205080,20210331,7,81
6379,6,C,0,202050205080,20210331,7,82
6380,5,C,1,202050205080,20210331,7,83
6381,6,C,0,202050205080,20210331,7,84
6382,5,C,0,202050205080,20210331,7,85
6383,6,C,1,202050205080,20210331,7,86
6384,5,C,0,202050205080,20210331,7,87
6385,6,C,1,202050205080,20210331,7,88
6386,5,C,0,202050205080,20210331,7,89
6387,6,C,1,202050205080,20210331,7,90
6388,5,C,0,202050205080,20210331,7,91
6389,6,C,1,202050205080,20210331,7,92
6390,5,C,0,202050205080,20210331,7,93
6391,6,C,1,202050205080,20210331,7,94
6392,5,C,0,202050205080,20210331,7,95
6393,6,C,1,202050205080,20210331,7,96
6394,5,C,1,202050205080,20210331,7,97
6395,6,C,0,202050205080,20210331,7,98
6396,5,C,1,202050205080,20210331,7,99
6397,6,C,1,202050205080,20210331,7,100
6398,5,C,0,202050205080,20210331,7,101
6399,6,C,1,202050205080,20210331,7,102
6400,5,C,0,202050205080,20210331,7,103
6401,6,C,1,202050205080,20210331,7,104
6402,5,C,0,202050205080,20210331,7,105
6403,6,C,1,202050205080,20210331,7,106
6404,5,C,1,202050205080,20210331,7,107
6405,6,C,0,202050205080,20210331,7,108
6406,5,C,1,202050205080,20210331,7,109
6407,6,C,0,202050205080,20210331,7,110
6408,5,C,1,202050205080,20210331,7,111
6409,6,C,1,202050205080,20210331,7,112
6410,5,C,0,202050205080,20210331,7,113
6411,6,C,1,202050205080,20210331,7,114
6412,5,C,1,202050205080,20210331,7,115
6413,6,C,1,202050205080,20210331,7,116
6414,5,C,1,202050205080,20210331,7,117
6415,6,C,1,202050205080,20210331,7,118
6416,5,C,0,202050205080,20210331,7,119
6417,6,C,0,205020202020,20210331,7,120
6418,5,C,0,205020202020,20210331,7,121
6419,6,C,0,205020202020,20210331,7,122
6420,5,C,0,205020202020,20210331,7,123
6421,6,C,1,205020202020,20210331,7,124
6422,5,C,1,205020202020,20210331,7,125
6423,6,C,1,205020202020,20210331,7,126
6424,5,C,0,205020202020,20210331,7,127
6425,6,C,0,205020202020,20210331,7,128
6426,5,C,0,205020202020,20210331,7,129
6427,6,C,0,205020202020,20210331,7,130
6428,3,B,0,205020202020,20210331,7,131
6429,4,B,0,205020202020,20210331,7,132
6430,3,B,0,205020202020,20210331,7,133
6431,4,B,1,205020202020,20210331,7,134
6432,3,B,1,205020202020,20210331,7,135
6433,4,B,1,205020202020,20210331,7,136
6434,3,B,1,205020202020,20210331,7,137
6435,4,B,1,205020202020,20210331,7,138
6436,3,B,0,205020202020,20210331,7,139
6437,4,B,0,205020202020,20210331,7,140
6438,3,B,0,205020202020,20210331,7,141
6439,4,B,0,205020202020,20210331,7,142
6440,3,B,1,205020202020,20210331,7,143
6441,4,B,0,205020202020,20210331,7,144
6442,3,B,0,205020202020,20210331,7,145
6443,4,B,1,205020202020,20210331,7,146
6444,3,B,1,205020202020,20210331,7,147
6445,4,B,0,205020202020,20210331,7,148
6446,3,B,0,205020202020,20210331,7,149
6447,4,B,1,205020202020,20210331,7,150
6448,3,B,1,205020202020,20210331,7,151
6449,4,B,0,205020202020,20210331,7,152
6450,3,B,0,205020202020,20210331,7,153
6451,4,B,0,205020202020,20210331,7,154
6452,3,B,0,205020202020,20210331,7,155
6453,4,B,0,205020202020,20210331,7,156
6454,2,A,0,205020202020,20210331,7,157
6455,1,A,1,205020202020,20210331,7,158
6456,2,A,0,205020202020,20210331,7,159
6457,1,A,0,205020202020,20210331,7,160
6458,2,A,1,205020202020,20210331,7,161
6459,1,A,0,205020202020,20210331,7,162
6460,2,A,0,205020202020,20210331,7,163
6461,1,A,0,205020202020,20210331,7,164
6462,2,A,1,205020202020,20210331,7,165
6463,1,A,0,205020202020,20210331,7,166
6464,2,A,0,205020202020,20210331,7,167
6465,1,A,0,205020202020,20210331,7,168
6466,2,A,0,205020202020,20210331,7,169
6467,5,C,0,205020202020,20210331,7,170
6468,6,C,0,205020202020,20210331,7,171
6469,5,C,0,205020202020,20210331,7,172
6470,6,C,1,205020202020,20210331,7,173
6471,5,C,0,205020202020,20210331,7,174
6472,6,C,0,205020202020,20210331,7,175
6473,5,C,0,205020202020,20210331,7,176
6474,6,C,0,205020202020,20210331,7,177
6475,5,C,1,205020202020,20210331,7,178
6476,6,C,0,205020202020,20210331,7,179
6477,4,B,1,502020508050,20210331,8,0
6478,3,B,0,502020508050,20210331,8,1
6479,6,C,1,502020508050,20210331,8,2
6480,5,C,1,502020508050,20210331,8,3
6481,6,C,0,502020508050,20210331,8,4
6482,3,B,1,502020508050,20210331,8,5
6483,2,A,0,502020508050,20210331,8,6
6484,1,A,1,502020508050,20210331,8,7
6485,2,A,0,502020508050,20210331,8,8
6486,1,A,1,502020508050,20210331,8,9
6487,2,A,0,502020508050,20210331,8,10
6488,1,A,1,502020508050,20210331,8,11
6489,2,A,1,502020508050,20210331,8,12
6490,1,A,1,502020508050,20210331,8,13
6491,2,A,1,502020508050,20210331,8,14
6492,1,A,1,502020508050,20210331,8,15
6493,2,A,1,502020508050,20210331,8,16
6494,1,A,0,502020508050,20210331,8,17
6495,2,A,1,502020508050,20210331,8,18
6496,1,A,1,502020508050,20210331,8,19
6497,2,A,0,502020508050,20210331,8,20
6498,1,A,1,502020508050,20210331,8,21
6499,2,A,1,502020508050,20210331,8,22
6500,1,A,0,502020508050,20210331,8,23
6501,2,A,0,502020508050,20210331,8,24
6502,1,A,0,502020508050,20210331,8,25
6503,2,A,0,502020508050,20210331,8,26
6504,5,C,1,502020508050,20210331,8,27
6505,6,C,1,502020508050,20210331,8,28
6506,5,C,1,502020508050,20210331,8,29
6507,6,C,0,502020508050,20210331,8,30
6508,5,C,1,502020508050,20210331,8,31
6509,6,C,1,502020508050,20210331,8,32
6510,5,C,1,502020508050,20210331,8,33
6511,6,C,1,502020508050,20210331,8,34
6512,5,C,1,502020508050,20210331,8,35
6513,6,C,1,502020508050,20210331,8,36
6514,5,C,1,502020508050,20210331,8,37
6515,6,C,0,502020508050,20210331,8,38
6516,5,C,1,502020508050,20210331,8,39
6517,6,C,1,502020508050,20210331,8,40
6518,5,C,1,502020508050,20210331,8,41
6519,6,C,1,502020508050,20210331,8,42
6520,5,C,0,502020508050,20210331,8,43
6521,6,C,1,502020508050,20210331,8,44
6522,5,C,1,502020508050,20210331,8,45
6523,6,C,1,502020508050,20210331,8,46
6524,5,C,1,502020508050,20210331,8,47
6525,6,C,0,502020508050,20210331,8,48
6526,5,C,1,502020508050,20210331,8,49
6527,6,C,0,502020508050,20210331,8,50
6528,5,C,1,502020508050,20210331,8,51
6529,6,C,1,502020508050,20210331,8,52
6530,5,C,1,502020508050,20210331,8,53
6531,6,C,1,502020508050,20210331,8,54
6532,5,C,1,502020508050,20210331,8,55
6533,6,C,1,502020508050,20210331,8,56
6534,5,C,1,502020508050,20210331,8,57
6535,6,C,1,502020508050,20210331,8,58
6536,5,C,1,502020508050,20210331,8,59
6537,6,C,0,802050802050,20210331,8,60
6538,5,C,0,802050802050,20210331,8,61
6539,6,C,1,802050802050,20210331,8,62
6540,5,C,0,802050802050,20210331,8,63
6541,6,C,1,802050802050,20210331,8,64
6542,5,C,0,802050802050,20210331,8,65
6543,6,C,0,802050802050,20210331,8,66
6544,3,B,1,802050802050,20210331,8,67
6545,4,B,1,802050802050,20210331,8,68
6546,3,B,1,802050802050,20210331,8,69
6547,4,B,1,802050802050,20210331,8,70
6548,3,B,0,802050802050,20210331,8,71
6549,4,B,1,802050802050,20210331,8,72
6550,3,B,0,802050802050,20210331,8,73
6551,4,B,1,802050802050,20210331,8,74
6552,3,B,1,802050802050,20210331,8,75
6553,4,B,0,802050802050,20210331,8,76
6554,3,B,0,802050802050,20210331,8,77
6555,4,B,0,802050802050,20210331,8,78
6556,3,B,1,802050802050,20210331,8,79
6557,4,B,1,802050802050,20210331,8,80
6558,3,B,1,802050802050,20210331,8,81
6559,4,B,1,802050802050,20210331,8,82
6560,3,B,0,802050802050,20210331,8,83
6561,4,B,1,802050802050,20210331,8,84
6562,3,B,1,802050802050,20210331,8,85
6563,4,B,1,802050802050,20210331,8,86
6564,3,B,1,802050802050,20210331,8,87
6565,4,B,1,802050802050,20210331,8,88
6566,3,B,0,802050802050,20210331,8,89
6567,4,B,1,802050802050,20210331,8,90
6568,3,B,0,802050802050,20210331,8,91
6569,4,B,1,802050802050,20210331,8,92
6570,3,B,1,802050802050,20210331,8,93
6571,4,B,0,802050802050,20210331,8,94
6572,3,B,0,802050802050,20210331,8,95
6573,4,B,1,802050802050,20210331,8,96
6574,3,B,1,802050802050,20210331,8,97
6575,4,B,0,802050802050,20210331,8,98
6576,3,B,1,802050802050,20210331,8,99
6577,4,B,1,802050802050,20210331,8,100
6578,3,B,1,802050802050,20210331,8,101
6579,4,B,1,802050802050,20210331,8,102
6580,3,B,1,802050802050,20210331,8,103
6581,4,B,1,802050802050,20210331,8,104
6582,3,B,0,802050802050,20210331,8,105
6583,4,B,1,802050802050,20210331,8,106
6584,3,B,1,802050802050,20210331,8,107
6585,4,B,1,802050802050,20210331,8,108
6586,3,B,0,802050802050,20210331,8,109
6587,4,B,1,802050802050,20210331,8,110
6588,3,B,1,802050802050,20210331,8,111
6589,4,B,0,802050802050,20210331,8,112
6590,3,B,0,802050802050,20210331,8,113
6591,4,B,1,802050802050,20210331,8,114
6592,3,B,0,802050802050,20210331,8,115
6593,4,B,1,802050802050,20210331,8,116
6594,3,B,1,802050802050,20210331,8,117
6595,4,B,1,802050802050,20210331,8,118
6596,3,B,1,802050802050,20210331,8,119
6597,4,B,0,802020502020,20210331,8,120
6598,3,B,0,802020502020,20210331,8,121
6599,4,B,1,802020502020,20210331,8,122
6600,3,B,0,802020502020,20210331,8,123
6601,4,B,1,802020502020,20210331,8,124
6602,3,B,1,802020502020,20210331,8,125
6603,4,B,1,802020502020,20210331,8,126
6604,3,B,0,802020502020,20210331,8,127
6605,4,B,0,802020502020,20210331,8,128
6606,3,B,0,802020502020,20210331,8,129
6607,2,A,0,802020502020,20210331,8,130
6608,1,A,1,802020502020,20210331,8,131
6609,2,A,0,802020502020,20210331,8,132
6610,1,A,1,802020502020,20210331,8,133
6611,2,A,0,802020502020,20210331,8,134
6612,1,A,1,802020502020,20210331,8,135
6613,2,A,0,802020502020,20210331,8,136
6614,1,A,1,802020502020,20210331,8,137
6615,2,A,1,802020502020,20210331,8,138
6616,1,A,0,802020502020,20210331,8,139
6617,2,A,1,802020502020,20210331,8,140
6618,1,A,0,802020502020,20210331,8,141
6619,2,A,0,802020502020,20210331,8,142
6620,1,A,1,802020502020,20210331,8,143
6621,2,A,0,802020502020,20210331,8,144
6622,1,A,1,802020502020,20210331,8,145
6623,2,A,1,802020502020,20210331,8,146
6624,1,A,1,802020502020,20210331,8,147
6625,2,A,0,802020502020,20210331,8,148
6626,1,A,1,802020502020,20210331,8,149
6627,2,A,0,802020502020,20210331,8,150
6628,1,A,0,802020502020,20210331,8,151
6629,2,A,1,802020502020,20210331,8,152
6630,1,A,1,802020502020,20210331,8,153
6631,2,A,0,802020502020,20210331,8,154
6632,1,A,0,802020502020,20210331,8,155
6633,2,A,0,802020502020,20210331,8,156
6634,1,A,1,802020502020,20210331,8,157
6635,2,A,0,802020502020,20210331,8,158
6636,1,A,0,802020502020,20210331,8,159
6637,2,A,1,802020502020,20210331,8,160
6638,1,A,1,802020502020,20210331,8,161
6639,2,A,1,802020502020,20210331,8,162
6640,1,A,1,802020502020,20210331,8,163
6641,2,A,0,802020502020,20210331,8,164
6642,1,A,1,802020502020,20210331,8,165
6643,2,A,0,802020502020,20210331,8,166
6644,1,A,1,802020502020,20210331,8,167
6645,2,A,0,802020502020,20210331,8,168
6646,1,A,1,802020502020,20210331,8,169
6647,2,A,1,802020502020,20210331,8,170
6648,1,A,1,802020502020,20210331,8,171
6649,2,A,0,802020502020,20210331,8,172
6650,1,A,1,802020502020,20210331,8,173
6651,5,C,0,802020502020,20210331,8,174
6652,6,C,1,802020502020,20210331,8,175
6653,5,C,0,802020502020,20210331,8,176
6654,6,C,1,802020502020,20210331,8,177
6655,5,C,0,802020502020,20210331,8,178
6656,6,C,0,802020502020,20210331,8,179
6657,3,B,1,202080502020,20210401,1,0
6658,4,B,1,202080502020,20210401,1,1
6659,1,A,0,202080502020,20210401,1,2
6660,2,A,0,202080502020,20210401,1,3
6661,5,C,0,202080502020,20210401,1,4
6662,6,C,1,202080502020,20210401,1,5
6663,5,C,0,202080502020,20210401,1,6
6664,6,C,0,202080502020,20210401,1,7
6665,3,B,1,202080502020,20210401,1,8
6666,4,B,1,202080502020,20210401,1,9
6667,3,B,1,202080502020,20210401,1,10
6668,4,B,0,202080502020,20210401,1,11
6669,3,B,1,202080502020,20210401,1,12
6670,4,B,1,202080502020,20210401,1,13
6671,3,B,1,202080502020,20210401,1,14
6672,4,B,1,202080502020,20210401,1,15
6673,3,B,1,202080502020,20210401,1,16
6674,4,B,1,202080502020,20210401,1,17
6675,3,B,1,202080502020,20210401,1,18
6676,4,B,0,202080502020,20210401,1,19
6677,3,B,1,202080502020,20210401,1,20
6678,4,B,1,202080502020,20210401,1,21
6679,3,B,1,202080502020,20210401,1,22
6680,4,B,1,202080502020,20210401,1,23
6681,3,B,1,202080502020,20210401,1,24
6682,4,B,1,202080502020,20210401,1,25
6683,3,B,1,202080502020,20210401,1,26
6684,4,B,1,202080502020,20210401,1,27
6685,3,B,1,202080502020,20210401,1,28
6686,4,B,1,202080502020,20210401,1,29
6687,3,B,1,202080502020,20210401,1,30
6688,4,B,0,202080502020,20210401,1,31
6689,3,B,1,202080502020,20210401,1,32
6690,4,B,1,202080502020,20210401,1,33
6691,3,B,1,202080502020,20210401,1,34
6692,4,B,0,202080502020,20210401,1,35
6693,3,B,1,202080502020,20210401,1,36
6694,4,B,1,202080502020,20210401,1,37
6695,3,B,0,202080502020,20210401,1,38
6696,4,B,1,202080502020,20210401,1,39
6697,3,B,1,202080502020,20210401,1,40
6698,4,B,1,202080502020,20210401,1,41
6699,3,B,1,202080502020,20210401,1,42
6700,4,B,0,202080502020,20210401,1,43
6701,3,B,0,202080502020,20210401,1,44
6702,4,B,1,202080502020,20210401,1,45
6703,3,B,1,202080502020,20210401,1,46
6704,4,B,1,202080502020,20210401,1,47
6705,3,B,0,202080502020,20210401,1,48
6706,4,B,0,202080502020,20210401,1,49
6707,3,B,1,202080502020,20210401,1,50
6708,4,B,1,202080502020,20210401,1,51
6709,3,B,1,202080502020,20210401,1,52
6710,4,B,1,202080502020,20210401,1,53
6711,3,B,1,202080502020,20210401,1,54
6712,4,B,1,202080502020,20210401,1,55
6713,3,B,1,202080502020,20210401,1,56
6714,4,B,1,202080502020,20210401,1,57
6715,3,B,0,202080502020,20210401,1,58
6716,4,B,0,202080502020,20210401,1,59
6717,3,B,0,508020202080,20210401,1,60
6718,4,B,1,508020202080,20210401,1,61
6719,1,A,1,508020202080,20210401,1,62
6720,2,A,1,508020202080,20210401,1,63
6721,1,A,1,508020202080,20210401,1,64
6722,2,A,1,508020202080,20210401,1,65
6723,1,A,0,508020202080,20210401,1,66
6724,2,A,1,508020202080,20210401,1,67
6725,1,A,1,508020202080,20210401,1,68
6726,2,A,1,508020202080,20210401,1,69
6727,1,A,0,508020202080,20210401,1,70
6728,2,A,1,508020202080,20210401,1,71
6729,1,A,1,508020202080,20210401,1,72
6730,2,A,1,508020202080,20210401,1,73
6731,1,A,0,508020202080,20210401,1,74
6732,2,A,1,508020202080,20210401,1,75
6733,1,A,0,508020202080,20210401,1,76
6734,2,A,1,508020202080,20210401,1,77
6735,1,A,1,508020202080,20210401,1,78
6736,2,A,1,508020202080,20210401,1,79
6737,1,A,1,508020202080,20210401,1,80
6738,2,A,1,508020202080,20210401,1,81
6739,1,A,1,508020202080,20210401,1,82
6740,2,A,1,508020202080,20210401,1,83
6741,1,A,0,508020202080,20210401,1,84
6742,2,A,1,508020202080,20210401,1,85
6743,1,A,1,508020202080,20210401,1,86
6744,2,A,1,508020202080,20210401,1,87
6745,1,A,1,508020202080,20210401,1,88
6746,2,A,1,508020202080,20210401,1,89
6747,1,A,1,508020202080,20210401,1,90
6748,2,A,1,508020202080,20210401,1,91
6749,1,A,0,508020202080,20210401,1,92
6750,2,A,0,508020202080,20210401,1,93
6751,1,A,0,508020202080,20210401,1,94
6752,2,A,1,508020202080,20210401,1,95
6753,1,A,0,508020202080,20210401,1,96
6754,2,A,1,508020202080,20210401,1,97
6755,1,A,0,508020202080,20210401,1,98
6756,2,A,1,508020202080,20210401,1,99
6757,1,A,0,508020202080,20210401,1,100
6758,2,A,1,508020202080,20210401,1,101
6759,1,A,0,508020202080,20210401,1,102
6760,2,A,1,508020202080,20210401,1,103
6761,1,A,1,508020202080,20210401,1,104
6762,2,A,1,508020202080,20210401,1,105
6763,1,A,1,508020202080,20210401,1,106
6764,2,A,0,508020202080,20210401,1,107
6765,1,A,1,508020202080,20210401,1,108
6766,2,A,1,508020202080,20210401,1,109
6767,1,A,1,508020202080,20210401,1,110
6768,2,A,0,508020202080,20210401,1,111
6769,1,A,0,508020202080,20210401,1,112
6770,2,A,1,508020202080,20210401,1,113
6771,1,A,1,508020202080,20210401,1,114
6772,2,A,1,508020202080,20210401,1,115
6773,1,A,0,508020202080,20210401,1,116
6774,2,A,0,508020202080,20210401,1,117
6775,1,A,1,508020202080,20210401,1,118
6776,2,A,1,508020202080,20210401,1,119
6777,1,A,1,205080502020,20210401,1,120
6778,2,A,1,205080502020,20210401,1,121
6779,1,A,0,205080502020,20210401,1,122
6780,2,A,0,205080502020,20210401,1,123
6781,1,A,0,205080502020,20210401,1,124
6782,2,A,1,205080502020,20210401,1,125
6783,1,A,1,205080502020,20210401,1,126
6784,2,A,0,205080502020,20210401,1,127
6785,1,A,0,205080502020,20210401,1,128
6786,2,A,1,205080502020,20210401,1,129
6787,1,A,0,205080502020,20210401,1,130
6788,2,A,0,205080502020,20210401,1,131
6789,1,A,1,205080502020,20210401,1,132
6790,2,A,1,205080502020,20210401,1,133
6791,1,A,0,205080502020,20210401,1,134
6792,2,A,0,205080502020,20210401,1,135
6793,1,A,0,205080502020,20210401,1,136
6794,2,A,1,205080502020,20210401,1,137
6795,5,C,0,205080502020,20210401,1,138
6796,6,C,0,205080502020,20210401,1,139
6797,5,C,0,205080502020,20210401,1,140
6798,6,C,0,205080502020,20210401,1,141
6799,5,C,0,205080502020,20210401,1,142
6800,3,B,1,205080502020,20210401,1,143
6801,4,B,0,205080502020,20210401,1,144
6802,3,B,1,205080502020,20210401,1,145
6803,4,B,1,205080502020,20210401,1,146
6804,3,B,0,205080502020,20210401,1,147
6805,4,B,0,205080502020,20210401,1,148
6806,3,B,1,205080502020,20210401,1,149
6807,4,B,1,205080502020,20210401,1,150
6808,3,B,0,205080502020,20210401,1,151
6809,4,B,1,205080502020,20210401,1,152
6810,3,B,1,205080502020,20210401,1,153
6811,4,B,1,205080502020,20210401,1,154
6812,3,B,1,205080502020,20210401,1,155
6813,4,B,1,205080502020,20210401,1,156
6814,3,B,1,205080502020,20210401,1,157
6815,4,B,0,205080502020,20210401,1,158
6816,3,B,1,205080502020,20210401,1,159
6817,4,B,1,205080502020,20210401,1,160
6818,3,B,1,205080502020,20210401,1,161
6819,4,B,0,205080502020,20210401,1,162
6820,3,B,1,205080502020,20210401,1,163
6821,4,B,0,205080502020,20210401,1,164
6822,3,B,1,205080502020,20210401,1,165
6823,4,B,0,205080502020,20210401,1,166
6824,3,B,1,205080502020,20210401,1,167
6825,4,B,1,205080502020,20210401,1,168
6826,3,B,1,205080502020,20210401,1,169
6827,4,B,1,205080502020,20210401,1,170
6828,3,B,1,205080502020,20210401,1,171
6829,4,B,1,205080502020,20210401,1,172
6830,3,B,1,205080502020,20210401,1,173
6831,4,B,1,205080502020,20210401,1,174
6832,3,B,1,205080502020,20210401,1,175
6833,4,B,0,205080502020,20210401,1,176
6834,3,B,1,205080502020,20210401,1,177
6835,4,B,0,205080502020,20210401,1,178
6836,3,B,1,205080502020,20210401,1,179
6837,3,B,0,502020508050,20210401,2,0
6838,1,A,0,502020508050,20210401,2,1
6839,2,A,0,502020508050,20210401,2,2
6840,1,A,1,502020508050,20210401,2,3
6841,2,A,0,502020508050,20210401,2,4
6842,1,A,0,502020508050,20210401,2,5
6843,4,B,0,502020508050,20210401,2,6
6844,3,B,0,502020508050,20210401,2,7
6845,4,B,0,502020508050,20210401,2,8
6846,3,B,0,502020508050,20210401,2,9
6847,5,C,1,502020508050,20210401,2,10
6848,6,C,0,502020508050,20210401,2,11
6849,5,C,1,502020508050,20210401,2,12
6850,6,C,1,502020508050,20210401,2,13
6851,5,C,1,502020508050,20210401,2,14
6852,6,C,0,502020508050,20210401,2,15
6853,5,C,1,502020508050,20210401,2,16
6854,6,C,1,502020508050,20210401,2,17
6855,5,C,1,502020508050,20210401,2,18
6856,6,C,0,502020508050,20210401,2,19
6857,5,C,1,502020508050,20210401,2,20
6858,6,C,1,502020508050,20210401,2,21
6859,5,C,1,502020508050,20210401,2,22
6860,6,C,1,502020508050,20210401,2,23
6861,5,C,0,502020508050,20210401,2,24
6862,6,C,1,502020508050,20210401,2,25
6863,5,C,1,502020508050,20210401,2,26
6864,6,C,1,502020508050,20210401,2,27
6865,5,C,1,502020508050,20210401,2,28
6866,6,C,0,502020508050,20210401,2,29
6867,5,C,1,502020508050,20210401,2,30
6868,6,C,1,502020508050,20210401,2,31
6869,5,C,1,502020508050,20210401,2,32
6870,6,C,1,502020508050,20210401,2,33
6871,5,C,1,502020508050,20210401,2,34
6872,6,C,1,502020508050,20210401,2,35
6873,5,C,1,502020508050,20210401,2,36
6874,6,C,1,502020508050,20210401,2,37
6875,5,C,1,502020508050,20210401,2,38
6876,6,C,0,502020508050,20210401,2,39
6877,5,C,1,502020508050,20210401,2,40
6878,6,C,0,502020508050,20210401,2,41
6879,5,C,1,502020508050,20210401,2,42
6880,6,C,0,502020508050,20210401,2,43
6881,5,C,0,502020508050,20210401,2,44
6882,6,C,1,502020508050,20210401,2,45
6883,5,C,0,502020508050,20210401,2,46
6884,6,C,1,502020508050,20210401,2,47
6885,5,C,1,502020508050,20210401,2,48
6886,6,C,1,502020508050,20210401,2,49
6887,5,C,1,502020508050,20210401,2,50
6888,6,C,1,502020508050,20210401,2,51
6889,5,C,1,502020508050,20210401,2,52
6890,6,C,1,502020508050,20210401,2,53
6891,5,C,1,502020508050,20210401,2,54
6892,6,C,0,502020508050,20210401,2,55
6893,5,C,1,502020508050,20210401,2,56
6894,6,C,0,502020508050,20210401,2,57
6895,5,C,0,502020508050,20210401,2,58
6896,6,C,0,502020508050,20210401,2,59
6897,5,C,1,805020805020,20210401,2,60
6898,6,C,0,805020805020,20210401,2,61
6899,5,C,1,805020805020,20210401,2,62
6900,6,C,0,805020805020,20210401,2,63
6901,5,C,1,805020805020,20210401,2,64
6902,6,C,0,805020805020,20210401,2,65
6903,5,C,0,805020805020,20210401,2,66
6904,2,A,1,805020805020,20210401,2,67
6905,1,A,1,805020805020,20210401,2,68
6906,2,A,1,805020805020,20210401,2,69
6907,1,A,1,805020805020,20210401,2,70
6908,2,A,0,805020805020,20210401,2,71
6909,1,A,1,805020805020,20210401,2,72
6910,2,A,1,805020805020,20210401,2,73
6911,1,A,1,805020805020,20210401,2,74
6912,2,A,1,805020805020,20210401,2,75
6913,1,A,1,805020805020,20210401,2,76
6914,2,A,1,805020805020,20210401,2,77
6915,1,A,1,805020805020,20210401,2,78
6916,2,A,0,805020805020,20210401,2,79
6917,1,A,1,805020805020,20210401,2,80
6918,2,A,0,805020805020,20210401,2,81
6919,1,A,1,805020805020,20210401,2,82
6920,2,A,1,805020805020,20210401,2,83
6921,1,A,0,805020805020,20210401,2,84
6922,2,A,1,805020805020,20210401,2,85
6923,1,A,1,805020805020,20210401,2,86
6924,2,A,1,805020805020,20210401,2,87
6925,1,A,1,805020805020,20210401,2,88
6926,2,A,0,805020805020,20210401,2,89
6927,1,A,1,805020805020,20210401,2,90
6928,2,A,1,805020805020,20210401,2,91
6929,1,A,1,805020805020,20210401,2,92
6930,2,A,1,805020805020,20210401,2,93
6931,1,A,1,805020805020,20210401,2,94
6932,2,A,1,805020805020,20210401,2,95
6933,1,A,1,805020805020,20210401,2,96
6934,2,A,0,805020805020,20210401,2,97
6935,1,A,0,805020805020,20210401,2,98
6936,2,A,0,805020805020,20210401,2,99
6937,1,A,1,805020805020,20210401,2,100
6938,2,A,1,805020805020,20210401,2,101
6939,1,A,0,805020805020,20210401,2,102
6940,2,A,1,805020805020,20210401,2,103
6941,1,A,1,805020805020,20210401,2,104
6942,2,A,0,805020805020,20210401,2,105
6943,1,A,1,805020805020,20210401,2,106
6944,2,A,0,805020805020,20210401,2,107
6945,1,A,1,805020805020,20210401,2,108
6946,2,A,0,805020805020,20210401,2,109
6947,1,A,1,805020805020,20210401,2,110
6948,2,A,1,805020805020,20210401,2,111
6949,1,A,1,805020805020,20210401,2,112
6950,2,A,0,805020805020,20210401,2,113
6951,1,A,1,805020805020,20210401,2,114
6952,2,A,0,805020805020,20210401,2,115
6953,1,A,0,805020805020,20210401,2,116
6954,2,A,0,805020805020,20210401,2,117
6955,1,A,1,805020805020,20210401,2,118
6956,2,A,0,805020805020,20210401,2,119
6957,1,A,0,205050502020,20210401,2,120
6958,2,A,1,205050502020,20210401,2,121
6959,1,A,0,205050502020,20210401,2,122
6960,2,A,1,205050502020,20210401,2,123
6961,1,A,0,205050502020,20210401,2,124
6962,2,A,0,205050502020,20210401,2,125
6963,1,A,0,205050502020,20210401,2,126
6964,2,A,1,205050502020,20210401,2,127
6965,1,A,1,205050502020,20210401,2,128
6966,2,A,0,205050502020,20210401,2,129
6967,1,A,0,205050502020,20210401,2,130
6968,2,A,0,205050502020,20210401,2,131
6969,1,A,0,205050502020,20210401,2,132
6970,4,B,0,205050502020,20210401,2,133
6971,3,B,0,205050502020,20210401,2,134
6972,4,B,0,205050502020,20210401,2,135
6973,3,B,1,205050502020,20210401,2,136
6974,4,B,0,205050502020,20210401,2,137
6975,3,B,1,205050502020,20210401,2,138
6976,4,B,1,205050502020,20210401,2,139
6977,3,B,1,205050502020,20210401,2,140
6978,4,B,0,205050502020,20210401,2,141
6979,3,B,1,205050502020,20210401,2,142
6980,4,B,0,205050502020,20210401,2,143
6981,3,B,0,205050502020,20210401,2,144
6982,4,B,1,205050502020,20210401,2,145
6983,3,B,0,205050502020,20210401,2,146
6984,4,B,1,205050502020,20210401,2,147
6985,3,B,0,205050502020,20210401,2,148
6986,4,B,0,205050502020,20210401,2,149
6987,3,B,1,205050502020,20210401,2,150
6988,4,B,1,205050502020,20210401,2,151
6989,3,B,0,205050502020,20210401,2,152
6990,4,B,1,205050502020,20210401,2,153
6991,3,B,0,205050502020,20210401,2,154
6992,4,B,1,205050502020,20210401,2,155
6993,3,B,0,205050502020,20210401,2,156
6994,4,B,0,205050502020,20210401,2,157
6995,3,B,0,205050502020,20210401,2,158
6996,4,B,0,205050502020,20210401,2,159
6997,3,B,1,205050502020,20210401,2,160
6998,4,B,1,205050502020,20210401,2,161
6999,3,B,1,205050502020,20210401,2,162
7000,4,B,1,205050502020,20210401,2,163
7001,3,B,1,205050502020,20210401,2,164
7002,4,B,1,205050502020,20210401,2,165
7003,3,B,1,205050502020,20210401,2,166
7004,4,B,1,205050502020,20210401,2,167
7005,3,B,0,205050502020,20210401,2,168
7006,4,B,1,205050502020,20210401,2,169
7007,3,B,0,205050502020,20210401,2,170
7008,4,B,1,205050502020,20210401,2,171
7009,3,B,1,205050502020,20210401,2,172
7010,4,B,0,205050502020,20210401,2,173
7011,3,B,1,205050502020,20210401,2,174
7012,4,B,1,205050502020,20210401,2,175
7013,3,B,0,205050502020,20210401,2,176
7014,4,B,1,205050502020,20210401,2,177
7015,3,B,0,205050502020,20210401,2,178
7016,4,B,1,205050502020,20210401,2,179
7017,5,C,1,505020208050,20210401,3,0
7018,6,C,0,505020208050,20210401,3,1
7019,5,C,1,505020208050,20210401,3,2
7020,2,A,0,505020208050,20210401,3,3
7021,1,A,1,505020208050,20210401,3,4
7022,2,A,0,505020208050,20210401,3,5
7023,1,A,1,505020208050,20210401,3,6
7024,3,B,0,505020208050,20210401,3,7
7025,1,A,1,505020208050,20210401,3,8
7026,2,A,1,505020208050,20210401,3,9
7027,1,A,0,505020208050,20210401,3,10
7028,2,A,1,505020208050,20210401,3,11
7029,1,A,0,505020208050,20210401,3,12
7030,2,A,1,505020208050,20210401,3,13
7031,1,A,0,505020208050,20210401,3,14
7032,2,A,1,505020208050,20210401,3,15
7033,1,A,0,505020208050,20210401,3,16
7034,2,A,1,505020208050,20210401,3,17
7035,1,A,0,505020208050,20210401,3,18
7036,2,A,0,505020208050,20210401,3,19
7037,1,A,1,505020208050,20210401,3,20
7038,2,A,1,505020208050,20210401,3,21
7039,1,A,1,505020208050,20210401,3,22
7040,2,A,1,505020208050,20210401,3,23
7041,1,A,1,505020208050,20210401,3,24
7042,2,A,0,505020208050,20210401,3,25
7043,1,A,0,505020208050,20210401,3,26
7044,2,A,1,505020208050,20210401,3,27
7045,1,A,0,505020208050,20210401,3,28
7046,2,A,1,505020208050,20210401,3,29
7047,1,A,0,505020208050,20210401,3,30
7048,2,A,0,505020208050,20210401,3,31
7049,5,C,1,505020208050,20210401,3,32
7050,6,C,0,505020208050,20210401,3,33
7051,5,C,1,505020208050,20210401,3,34
7052,6,C,1,505020208050,20210401,3,35
7053,5,C,1,505020208050,20210401,3,36
7054,6,C,1,505020208050,20210401,3,37
7055,5,C,1,505020208050,20210401,3,38
7056,6,C,1,505020208050,20210401,3,39
7057,5,C,0,505020208050,20210401,3,40
7058,6,C,1,505020208050,20210401,3,41
7059,5,C,1,505020208050,20210401,3,42
7060,6,C,0,505020208050,20210401,3,43
7061,5,C,1,505020208050,20210401,3,44
7062,6,C,0,505020208050,20210401,3,45
7063,5,C,1,505020208050,20210401,3,46
7064,6,C,0,505020208050,20210401,3,47
7065,5,C,1,505020208050,20210401,3,48
7066,6,C,0,505020208050,20210401,3,49
7067,5,C,1,505020208050,20210401,3,50
7068,6,C,0,505020208050,20210401,3,51
7069,5,C,0,505020208050,20210401,3,52
7070,6,C,1,505020208050,20210401,3,53
7071,5,C,1,505020208050,20210401,3,54
7072,6,C,0,505020208050,20210401,3,55
7073,5,C,0,505020208050,20210401,3,56
7074,6,C,0,505020208050,20210401,3,57
7075,5,C,1,505020208050,20210401,3,58
7076,6,C,0,505020208050,20210401,3,59
7077,5,C,0,208080505020,20210401,3,60
7078,3,B,1,208080505020,20210401,3,61
7079,4,B,0,208080505020,20210401,3,62
7080,3,B,1,208080505020,20210401,3,63
7081,4,B,0,208080505020,20210401,3,64
7082,3,B,0,208080505020,20210401,3,65
7083,4,B,0,208080505020,20210401,3,66
7084,3,B,1,208080505020,20210401,3,67
7085,4,B,0,208080505020,20210401,3,68
7086,3,B,1,208080505020,20210401,3,69
7087,4,B,1,208080505020,20210401,3,70
7088,3,B,0,208080505020,20210401,3,71
7089,4,B,1,208080505020,20210401,3,72
7090,3,B,1,208080505020,20210401,3,73
7091,4,B,1,208080505020,20210401,3,74
7092,3,B,1,208080505020,20210401,3,75
7093,4,B,0,208080505020,20210401,3,76
7094,3,B,1,208080505020,20210401,3,77
7095,4,B,1,208080505020,20210401,3,78
7096,3,B,1,208080505020,20210401,3,79
7097,4,B,1,208080505020,20210401,3,80
7098,3,B,1,208080505020,20210401,3,81
7099,4,B,0,208080505020,20210401,3,82
7100,3,B,1,208080505020,20210401,3,83
7101,4,B,1,208080505020,20210401,3,84
7102,3,B,0,208080505020,20210401,3,85
7103,4,B,1,208080505020,20210401,3,86
7104,3,B,0,208080505020,20210401,3,87
7105,4,B,1,208080505020,20210401,3,88
7106,3,B,1,208080505020,20210401,3,89
7107,4,B,0,208080505020,20210401,3,90
7108,3,B,1,208080505020,20210401,3,91
7109,4,B,1,208080505020,20210401,3,92
7110,3,B,1,208080505020,20210401,3,93
7111,4,B,0,208080505020,20210401,3,94
7112,3,B,0,208080505020,20210401,3,95
7113,4,B,0,208080505020,20210401,3,96
7114,3,B,1,208080505020,20210401,3,97
7115,4,B,0,208080505020,20210401,3,98
7116,3,B,1,208080505020,20210401,3,99
7117,4,B,1,208080505020,20210401,3,100
7118,3,B,1,208080505020,20210401,3,101
7119,4,B,0,208080505020,20210401,3,102
7120,3,B,1,208080505020,20210401,3,103
7121,4,B,1,208080505020,20210401,3,104
7122,3,B,0,208080505020,20210401,3,105
7123,4,B,0,208080505020,20210401,3,106
7124,3,B,0,208080505020,20210401,3,107
7125,4,B,0,208080505020,20210401,3,108
7126,3,B,1,208080505020,20210401,3,109
7127,4,B,1,208080505020,20210401,3,110
7128,3,B,1,208080505020,20210401,3,111
7129,4,B,1,208080505020,20210401,3,112
7130,3,B,1,208080505020,20210401,3,113
7131,4,B,1,208080505020,20210401,3,114
7132,3,B,1,208080505020,20210401,3,115
7133,4,B,0,208080505020,20210401,3,116
7134,3,B,1,208080505020,20210401,3,117
7135,4,B,1,208080505020,20210401,3,118
7136,3,B,1,208080505020,20210401,3,119
7137,4,B,1,508050202050,20210401,3,120
7138,3,B,0,508050202050,20210401,3,121
7139,4,B,1,508050202050,20210401,3,122
7140,3,B,0,508050202050,20210401,3,123
7141,4,B,0,508050202050,20210401,3,124
7142,3,B,1,508050202050,20210401,3,125
7143,4,B,0,508050202050,20210401,3,126
7144,3,B,1,508050202050,20210401,3,127
7145,4,B,0,508050202050,20210401,3,128
7146,3,B,1,508050202050,20210401,3,129
7147,4,B,0,508050202050,20210401,3,130
7148,3,B,1,508050202050,20210401,3,131
7149,4,B,0,508050202050,20210401,3,132
7150,3,B,0,508050202050,20210401,3,133
7151,4,B,0,508050202050,20210401,3,134
7152,3,B,0,508050202050,20210401,3,135
7153,1,A,1,508050202050,20210401,3,136
7154,2,A,1,508050202050,20210401,3,137
7155,1,A,1,508050202050,20210401,3,138
7156,2,A,1,508050202050,20210401,3,139
7157,1,A,1,508050202050,20210401,3,140
7158,2,A,1,508050202050,20210401,3,141
7159,1,A,1,508050202050,20210401,3,142
7160,2,A,1,508050202050,20210401,3,143
7161,1,A,1,508050202050,20210401,3,144
7162,2,A,1,508050202050,20210401,3,145
7163,1,A,1,508050202050,20210401,3,146
7164,2,A,0,508050202050,20210401,3,147
7165,1,A,0,508050202050,20210401,3,148
7166,2,A,1,508050202050,20210401,3,149
7167,1,A,0,508050202050,20210401,3,150
7168,2,A,1,508050202050,20210401,3,151
7169,1,A,0,508050202050,20210401,3,152
7170,2,A,1,508050202050,20210401,3,153
7171,1,A,1,508050202050,20210401,3,154
7172,2,A,1,508050202050,20210401,3,155
7173,1,A,1,508050202050,20210401,3,156
7174,2,A,1,508050202050,20210401,3,157
7175,1,A,1,508050202050,20210401,3,158
7176,2,A,1,508050202050,20210401,3,159
7177,1,A,0,508050202050,20210401,3,160
7178,2,A,1,508050202050,20210401,3,161
7179,1,A,1,508050202050,20210401,3,162
7180,2,A,0,508050202050,20210401,3,163
7181,1,A,0,508050202050,20210401,3,164
7182,2,A,1,508050202050,20210401,3,165
7183,1,A,1,508050202050,20210401,3,166
7184,2,A,0,508050202050,20210401,3,167
7185,1,A,1,508050202050,20210401,3,168
7186,2,A,1,508050202050,20210401,3,169
7187,1,A,0,508050202050,20210401,3,170
7188,2,A,1,508050202050,20210401,3,171
7189,1,A,1,508050202050,20210401,3,172
7190,2,A,1,508050202050,20210401,3,173
7191,1,A,0,508050202050,20210401,3,174
7192,2,A,1,508050202050,20210401,3,175
7193,1,A,0,508050202050,20210401,3,176
7194,2,A,1,508050202050,20210401,3,177
7195,1,A,1,508050202050,20210401,3,178
7196,2,A,1,508050202050,20210401,3,179
7197,1,A,1,202020802050,20210401,4,0
7198,2,A,0,202020802050,20210401,4,1
7199,1,A,0,202020802050,20210401,4,2
7200,2,A,0,202020802050,20210401,4,3
7201,1,A,0,202020802050,20210401,4,4
7202,3,B,1,202020802050,20210401,4,5
7203,6,C,1,202020802050,20210401,4,6
7204,5,C,0,202020802050,20210401,4,7
7205,6,C,1,202020802050,20210401,4,8
7206,5,C,0,202020802050,20210401,4,9
7207,6,C,0,202020802050,20210401,4,10
7208,5,C,0,202020802050,20210401,4,11
7209,6,C,1,202020802050,20210401,4,12
7210,5,C,0,202020802050,20210401,4,13
7211,6,C,0,202020802050,20210401,4,14
7212,4,B,1,202020802050,20210401,4,15
7213,3,B,1,202020802050,20210401,4,16
7214,4,B,1,202020802050,20210401,4,17
7215,3,B,0,202020802050,20210401,4,18
7216,4,B,1,202020802050,20210401,4,19
7217,3,B,0,202020802050,20210401,4,20
7218,4,B,1,202020802050,20210401,4,21
7219,3,B,0,202020802050,20210401,4,22
7220,4,B,1,202020802050,20210401,4,23
7221,3,B,0,202020802050,20210401,4,24
7222,4,B,1,202020802050,20210401,4,25
7223,3,B,0,202020802050,20210401,4,26
7224,4,B,1,202020802050,20210401,4,27
7225,3,B,0,202020802050,20210401,4,28
7226,4,B,1,202020802050,20210401,4,29
7227,3,B,0,202020802050,20210401,4,30
7228,4,B,1,202020802050,20210401,4,31
7229,3,B,1,202020802050,20210401,4,32
7230,4,B,1,202020802050,20210401,4,33
7231,3,B,0,202020802050,20210401,4,34
7232,4,B,1,202020802050,20210401,4,35
7233,3,B,0,202020802050,20210401,4,36
7234,4,B,1,202020802050,20210401,4,37
7235,3,B,0,202020802050,20210401,4,38
7236,4,B,1,202020802050,20210401,4,39
7237,3,B,0,202020802050,20210401,4,40
7238,4,B,0,202020802050,20210401,4,41
7239,3,B,0,202020802050,20210401,4,42
7240,4,B,0,202020802050,20210401,4,43
7241,1,A,0,202020802050,20210401,4,44
7242,2,A,1,202020802050,20210401,4,45
7243,1,A,0,202020802050,20210401,4,46
7244,2,A,1,202020802050,20210401,4,47
7245,1,A,0,202020802050,20210401,4,48
7246,2,A,0,202020802050,20210401,4,49
7247,1,A,0,202020802050,20210401,4,50
7248,2,A,1,202020802050,20210401,4,51
7249,1,A,0,202020802050,20210401,4,52
7250,2,A,0,202020802050,20210401,4,53
7251,5,C,1,202020802050,20210401,4,54
7252,6,C,0,202020802050,20210401,4,55
7253,5,C,0,202020802050,20210401,4,56
7254,6,C,0,202020802050,20210401,4,57
7255,5,C,1,202020802050,20210401,4,58
7256,6,C,1,202020802050,20210401,4,59
7257,5,C,1,802020205080,20210401,4,60
7258,6,C,1,802020205080,20210401,4,61
7259,5,C,1,802020205080,20210401,4,62
7260,6,C,1,802020205080,20210401,4,63
7261,5,C,1,802020205080,20210401,4,64
7262,6,C,1,802020205080,20210401,4,65
7263,5,C,0,802020205080,20210401,4,66
7264,6,C,1,802020205080,20210401,4,67
7265,5,C,0,802020205080,20210401,4,68
7266,6,C,1,802020205080,20210401,4,69
7267,5,C,0,802020205080,20210401,4,70
7268,6,C,1,802020205080,20210401,4,71
7269,5,C,1,802020205080,20210401,4,72
7270,6,C,1,802020205080,20210401,4,73
7271,5,C,0,802020205080,20210401,4,74
7272,6,C,1,802020205080,20210401,4,75
7273,5,C,1,802020205080,20210401,4,76
7274,6,C,1,802020205080,20210401,4,77
7275,5,C,0,802020205080,20210401,4,78
7276,6,C,1,802020205080,20210401,4,79
7277,5,C,1,802020205080,20210401,4,80
7278,6,C,1,802020205080,20210401,4,81
7279,5,C,0,802020205080,20210401,4,82
7280,6,C,1,802020205080,20210401,4,83
7281,5,C,1,802020205080,20210401,4,84
7282,6,C,1,802020205080,20210401,4,85
7283,5,C,0,802020205080,20210401,4,86
7284,6,C,1,802020205080,20210401,4,87
7285,5,C,0,802020205080,20210401,4,88
7286,6,C,1,802020205080,20210401,4,89
7287,5,C,0,802020205080,20210401,4,90
7288,6,C,0,802020205080,20210401,4,91
7289,5,C,0,802020205080,20210401,4,92
7290,6,C,0,802020205080,20210401,4,93
7291,5,C,1,802020205080,20210401,4,94
7292,6,C,1,802020205080,20210401,4,95
7293,5,C,0,802020205080,20210401,4,96
7294,6,C,1,802020205080,20210401,4,97
7295,5,C,0,802020205080,20210401,4,98
7296,6,C,1,802020205080,20210401,4,99
7297,5,C,0,802020205080,20210401,4,100
7298,6,C,1,802020205080,20210401,4,101
7299,5,C,0,802020205080,20210401,4,102
7300,6,C,1,802020205080,20210401,4,103
7301,5,C,1,802020205080,20210401,4,104
7302,6,C,1,802020205080,20210401,4,105
7303,5,C,0,802020205080,20210401,4,106
7304,6,C,1,802020205080,20210401,4,107
7305,5,C,1,802020205080,20210401,4,108
7306,6,C,0,802020205080,20210401,4,109
7307,5,C,1,802020205080,20210401,4,110
7308,6,C,1,802020205080,20210401,4,111
7309,5,C,1,802020205080,20210401,4,112
7310,6,C,1,802020205080,20210401,4,113
7311,5,C,1,802020205080,20210401,4,114
7312,6,C,1,802020205080,20210401,4,115
7313,5,C,0,802020205080,20210401,4,116
7314,6,C,0,802020205080,20210401,4,117
7315,5,C,1,802020205080,20210401,4,118
7316,6,C,1,802020205080,20210401,4,119
7317,5,C,0,205050802020,20210401,4,120
7318,6,C,0,205050802020,20210401,4,121
7319,5,C,1,205050802020,20210401,4,122
7320,6,C,1,205050802020,20210401,4,123
7321,5,C,0,205050802020,20210401,4,124
7322,6,C,0,205050802020,20210401,4,125
7323,5,C,1,205050802020,20210401,4,126
7324,6,C,0,205050802020,20210401,4,127
7325,5,C,0,205050802020,20210401,4,128
7326,6,C,0,205050802020,20210401,4,129
7327,5,C,0,205050802020,20210401,4,130
7328,1,A,0,205050802020,20210401,4,131
7329,2,A,0,205050802020,20210401,4,132
7330,1,A,0,205050802020,20210401,4,133
7331,2,A,0,205050802020,20210401,4,134
7332,3,B,0,205050802020,20210401,4,135
7333,4,B,1,205050802020,20210401,4,136
7334,3,B,0,205050802020,20210401,4,137
7335,4,B,1,205050802020,20210401,4,138
7336,3,B,0,205050802020,20210401,4,139
7337,4,B,1,205050802020,20210401,4,140
7338,3,B,1,205050802020,20210401,4,141
7339,4,B,0,205050802020,20210401,4,142
7340,3,B,0,205050802020,20210401,4,143
7341,4,B,1,205050802020,20210401,4,144
7342,3,B,1,205050802020,20210401,4,145
7343,4,B,1,205050802020,20210401,4,146
7344,3,B,0,205050802020,20210401,4,147
7345,4,B,1,205050802020,20210401,4,148
7346,3,B,1,205050802020,20210401,4,149
7347,4,B,1,205050802020,20210401,4,150
7348,3,B,0,205050802020,20210401,4,151
7349,4,B,1,205050802020,20210401,4,152
7350,3,B,0,205050802020,20210401,4,153
7351,4,B,1,205050802020,20210401,4,154
7352,3,B,1,205050802020,20210401,4,155
7353,4,B,1,205050802020,20210401,4,156
7354,3,B,0,205050802020,20210401,4,157
7355,4,B,1,205050802020,20210401,4,158
7356,3,B,1,205050802020,20210401,4,159
7357,4,B,1,205050802020,20210401,4,160
7358,3,B,1,205050802020,20210401,4,161
7359,4,B,1,205050802020,20210401,4,162
7360,3,B,0,205050802020,20210401,4,163
7361,4,B,0,205050802020,20210401,4,164
7362,3,B,0,205050802020,20210401,4,165
7363,4,B,1,205050802020,20210401,4,166
7364,3,B,0,205050802020,20210401,4,167
7365,4,B,1,205050802020,20210401,4,168
7366,3,B,0,205050802020,20210401,4,169
7367,4,B,1,205050802020,20210401,4,170
7368,3,B,0,205050802020,20210401,4,171
7369,4,B,1,205050802020,20210401,4,172
7370,3,B,1,205050802020,20210401,4,173
7371,4,B,1,205050802020,20210401,4,174
7372,3,B,0,205050802020,20210401,4,175
7373,4,B,0,205050802020,20210401,4,176
7374,3,B,1,205050802020,20210401,4,177
7375,4,B,1,205050802020,20210401,4,178
7376,1,A,0,205050802020,20210401,4,179
7377,6,C,0,805020505020,20210401,5,0
7378,5,C,1,805020505020,20210401,5,1
7379,6,C,0,805020505020,20210401,5,2
7380,5,C,1,805020505020,20210401,5,3
7381,6,C,0,805020505020,20210401,5,4
7382,1,A,1,805020505020,20210401,5,5
7383,2,A,0,805020505020,20210401,5,6
7384,1,A,1,805020505020,20210401,5,7
7385,2,A,1,805020505020,20210401,5,8
7386,1,A,1,805020505020,20210401,5,9
7387,2,A,0,805020505020,20210401,5,10
7388,1,A,1,805020505020,20210401,5,11
7389,2,A,1,805020505020,20210401,5,12
7390,1,A,1,805020505020,20210401,5,13
7391,2,A,1,805020505020,20210401,5,14
7392,1,A,0,805020505020,20210401,5,15
7393,2,A,0,805020505020,20210401,5,16
7394,1,A,1,805020505020,20210401,5,17
7395,2,A,1,805020505020,20210401,5,18
7396,1,A,0,805020505020,20210401,5,19
7397,2,A,0,805020505020,20210401,5,20
7398,1,A,0,805020505020,20210401,5,21
7399,2,A,1,805020505020,20210401,5,22
7400,1,A,1,805020505020,20210401,5,23
7401,2,A,0,805020505020,20210401,5,24
7402,1,A,1,805020505020,20210401,5,25
7403,2,A,0,805020505020,20210401,5,26
7404,1,A,1,805020505020,20210401,5,27
7405,2,A,1,805020505020,20210401,5,28
7406,1,A,0,805020505020,20210401,5,29
7407,2,A,1,805020505020,20210401,5,30
7408,1,A,1,805020505020,20210401,5,31
7409,2,A,1,805020505020,20210401,5,32
7410,1,A,0,805020505020,20210401,5,33
7411,2,A,1,805020505020,20210401,5,34
7412,1,A,0,805020505020,20210401,5,35
7413,2,A,1,805020505020,20210401,5,36
7414,1,A,1,805020505020,20210401,5,37
7415,2,A,1,805020505020,20210401,5,38
7416,1,A,1,805020505020,20210401,5,39
7417,2,A,1,805020505020,20210401,5,40
7418,1,A,1,805020505020,20210401,5,41
7419,2,A,1,805020505020,20210401,5,42
7420,1,A,0,805020505020,20210401,5,43
7421,2,A,0,805020505020,20210401,5,44
7422,1,A,1,805020505020,20210401,5,45
7423,2,A,0,805020505020,20210401,5,46
7424,1,A,1,805020505020,20210401,5,47
7425,2,A,1,805020505020,20210401,5,48
7426,1,A,1,805020505020,20210401,5,49
7427,2,A,0,805020505020,20210401,5,50
7428,1,A,1,805020505020,20210401,5,51
7429,2,A,1,805020505020,20210401,5,52
7430,1,A,1,805020505020,20210401,5,53
7431,2,A,1,805020505020,20210401,5,54
7432,1,A,1,805020505020,20210401,5,55
7433,2,A,1,805020505020,20210401,5,56
7434,1,A,1,805020505020,20210401,5,57
7435,2,A,1,805020505020,20210401,5,58
7436,1,A,1,805020505020,20210401,5,59
7437,2,A,0,202050205080,20210401,5,60
7438,1,A,1,202050205080,20210401,5,61
7439,2,A,0,202050205080,20210401,5,62
7440,1,A,1,202050205080,20210401,5,63
7441,2,A,0,202050205080,20210401,5,64
7442,1,A,0,202050205080,20210401,5,65
7443,2,A,0,202050205080,20210401,5,66
7444,1,A,0,202050205080,20210401,5,67
7445,2,A,1,202050205080,20210401,5,68
7446,4,B,0,202050205080,20210401,5,69
7447,3,B,0,202050205080,20210401,5,70
7448,4,B,1,202050205080,20210401,5,71
7449,3,B,1,202050205080,20210401,5,72
7450,4,B,0,202050205080,20210401,5,73
7451,3,B,1,202050205080,20210401,5,74
7452,4,B,1,202050205080,20210401,5,75
7453,3,B,1,202050205080,20210401,5,76
7454,4,B,0,202050205080,20210401,5,77
7455,3,B,0,202050205080,20210401,5,78
7456,4,B,0,202050205080,20210401,5,79
7457,3,B,1,202050205080,20210401,5,80
7458,4,B,0,202050205080,20210401,5,81
7459,3,B,1,202050205080,20210401,5,82
7460,4,B,0,202050205080,20210401,5,83
7461,3,B,1,202050205080,20210401,5,84
7462,4,B,0,202050205080,20210401,5,85
7463,3,B,0,202050205080,20210401,5,86
7464,4,B,1,202050205080,20210401,5,87
7465,3,B,1,202050205080,20210401,5,88
7466,4,B,0,202050205080,20210401,5,89
7467,3,B,0,202050205080,20210401,5,90
7468,5,C,1,202050205080,20210401,5,91
7469,6,C,0,202050205080,20210401,5,92
7470,5,C,1,202050205080,20210401,5,93
7471,6,C,1,202050205080,20210401,5,94
7472,5,C,1,202050205080,20210401,5,95
7473,6,C,0,202050205080,20210401,5,96
7474,5,C,0,202050205080,20210401,5,97
7475,6,C,1,202050205080,20210401,5,98
7476,5,C,0,202050205080,20210401,5,99
7477,6,C,1,202050205080,20210401,5,100
7478,5,C,1,202050205080,20210401,5,101
7479,6,C,0,202050205080,20210401,5,102
7480,5,C,0,202050205080,20210401,5,103
7481,6,C,1,202050205080,20210401,5,104
7482,5,C,0,202050205080,20210401,5,105
7483,6,C,1,202050205080,20210401,5,106
7484,5,C,0,202050205080,20210401,5,107
7485,6,C,1,202050205080,20210401,5,108
7486,5,C,1,202050205080,20210401,5,109
7487,6,C,1,202050205080,20210401,5,110
7488,5,C,0,202050205080,20210401,5,111
7489,6,C,1,202050205080,20210401,5,112
7490,5,C,1,202050205080,20210401,5,113
7491,6,C,1,202050205080,20210401,5,114
7492,5,C,1,202050205080,20210401,5,115
7493,6,C,1,202050205080,20210401,5,116
7494,5,C,1,202050205080,20210401,5,117
7495,6,C,1,202050205080,20210401,5,118
7496,5,C,0,202050205080,20210401,5,119
7497,6,C,0,805050202020,20210401,5,120
7498,5,C,0,805050202020,20210401,5,121
7499,6,C,0,805050202020,20210401,5,122
7500,5,C,0,805050202020,20210401,5,123
7501,6,C,1,805050202020,20210401,5,124
7502,5,C,0,805050202020,20210401,5,125
7503,6,C,0,805050202020,20210401,5,126
7504,5,C,0,805050202020,20210401,5,127
7505,6,C,0,805050202020,20210401,5,128
7506,1,A,0,805050202020,20210401,5,129
7507,2,A,0,805050202020,20210401,5,130
7508,1,A,0,805050202020,20210401,5,131
7509,2,A,1,805050202020,20210401,5,132
7510,1,A,1,805050202020,20210401,5,133
7511,2,A,1,805050202020,20210401,5,134
7512,1,A,1,805050202020,20210401,5,135
7513,2,A,1,805050202020,20210401,5,136
7514,1,A,1,805050202020,20210401,5,137
7515,2,A,1,805050202020,20210401,5,138
7516,1,A,1,805050202020,20210401,5,139
7517,2,A,0,805050202020,20210401,5,140
7518,1,A,1,805050202020,20210401,5,141
7519,2,A,0,805050202020,20210401,5,142
7520,1,A,1,805050202020,20210401,5,143
7521,2,A,0,805050202020,20210401,5,144
7522,1,A,1,805050202020,20210401,5,145
7523,2,A,1,805050202020,20210401,5,146
7524,1,A,1,805050202020,20210401,5,147
7525,2,A,0,805050202020,20210401,5,148
7526,1,A,1,805050202020,20210401,5,149
7527,2,A,1,805050202020,20210401,5,150
7528,1,A,1,805050202020,20210401,5,151
7529,2,A,1,805050202020,20210401,5,152
7530,1,A,1,805050202020,20210401,5,153
7531,2,A,1,805050202020,20210401,5,154
7532,1,A,1,805050202020,20210401,5,155
7533,2,A,0,805050202020,20210401,5,156
7534,1,A,1,805050202020,20210401,5,157
7535,2,A,1,805050202020,20210401,5,158
7536,1,A,1,805050202020,20210401,5,159
7537,2,A,0,805050202020,20210401,5,160
7538,1,A,1,805050202020,20210401,5,161
7539,2,A,1,805050202020,20210401,5,162
7540,1,A,1,805050202020,20210401,5,163
7541,2,A,0,805050202020,20210401,5,164
7542,1,A,1,805050202020,20210401,5,165
7543,2,A,0,805050202020,20210401,5,166
7544,1,A,0,805050202020,20210401,5,167
7545,2,A,1,805050202020,20210401,5,168
7546,1,A,0,805050202020,20210401,5,169
7547,2,A,1,805050202020,20210401,5,170
7548,1,A,1,805050202020,20210401,5,171
7549,2,A,1,805050202020,20210401,5,172
7550,1,A,1,805050202020,20210401,5,173
7551,2,A,0,805050202020,20210401,5,174
7552,1,A,1,805050202020,20210401,5,175
7553,2,A,0,805050202020,20210401,5,176
7554,1,A,1,805050202020,20210401,5,177
7555,2,A,0,805050202020,20210401,5,178
7556,1,A,1,805050202020,20210401,5,179
7557,6,C,0,205080205020,20210401,6,0
7558,5,C,0,205080205020,20210401,6,1
7559,3,B,1,205080205020,20210401,6,2
7560,4,B,1,205080205020,20210401,6,3
7561,3,B,1,205080205020,20210401,6,4
7562,4,B,0,205080205020,20210401,6,5
7563,3,B,1,205080205020,20210401,6,6
7564,1,A,0,205080205020,20210401,6,7
7565,2,A,0,205080205020,20210401,6,8
7566,1,A,1,205080205020,20210401,6,9
7567,2,A,1,205080205020,20210401,6,10
7568,1,A,1,205080205020,20210401,6,11
7569,2,A,1,205080205020,20210401,6,12
7570,1,A,1,205080205020,20210401,6,13
7571,2,A,0,205080205020,20210401,6,14
7572,1,A,0,205080205020,20210401,6,15
7573,2,A,0,205080205020,20210401,6,16
7574,1,A,0,205080205020,20210401,6,17
7575,2,A,1,205080205020,20210401,6,18
7576,1,A,0,205080205020,20210401,6,19
7577,2,A,0,205080205020,20210401,6,20
7578,1,A,1,205080205020,20210401,6,21
7579,2,A,1,205080205020,20210401,6,22
7580,1,A,0,205080205020,20210401,6,23
7581,2,A,0,205080205020,20210401,6,24
7582,1,A,0,205080205020,20210401,6,25
7583,2,A,0,205080205020,20210401,6,26
7584,1,A,0,205080205020,20210401,6,27
7585,2,A,1,205080205020,20210401,6,28
7586,1,A,0,205080205020,20210401,6,29
7587,2,A,1,205080205020,20210401,6,30
7588,1,A,0,205080205020,20210401,6,31
7589,2,A,0,205080205020,20210401,6,32
7590,1,A,1,205080205020,20210401,6,33
7591,6,C,0,205080205020,20210401,6,34
7592,5,C,1,205080205020,20210401,6,35
7593,6,C,1,205080205020,20210401,6,36
7594,5,C,0,205080205020,20210401,6,37
7595,6,C,0,205080205020,20210401,6,38
7596,5,C,0,205080205020,20210401,6,39
7597,6,C,0,205080205020,20210401,6,40
7598,5,C,0,205080205020,20210401,6,41
7599,6,C,0,205080205020,20210401,6,42
7600,5,C,1,205080205020,20210401,6,43
7601,6,C,1,205080205020,20210401,6,44
7602,5,C,1,205080205020,20210401,6,45
7603,6,C,1,205080205020,20210401,6,46
7604,5,C,0,205080205020,20210401,6,47
7605,6,C,0,205080205020,20210401,6,48
7606,5,C,1,205080205020,20210401,6,49
7607,6,C,0,205080205020,20210401,6,50
7608,5,C,0,205080205020,20210401,6,51
7609,6,C,0,205080205020,20210401,6,52
7610,5,C,1,205080205020,20210401,6,53
7611,6,C,0,205080205020,20210401,6,54
7612,5,C,0,205080205020,20210401,6,55
7613,6,C,0,205080205020,20210401,6,56
7614,5,C,1,205080205020,20210401,6,57
7615,6,C,1,205080205020,20210401,6,58
7616,5,C,1,205080205020,20210401,6,59
7617,6,C,0,505020202020,20210401,6,60
7618,5,C,0,505020202020,20210401,6,61
7619,6,C,0,505020202020,20210401,6,62
7620,5,C,1,505020202020,20210401,6,63
7621,6,C,0,505020202020,20210401,6,64
7622,5,C,0,505020202020,20210401,6,65
7623,6,C,0,505020202020,20210401,6,66
7624,5,C,0,505020202020,20210401,6,67
7625,4,B,0,505020202020,20210401,6,68
7626,3,B,0,505020202020,20210401,6,69
7627,4,B,0,505020202020,20210401,6,70
7628,3,B,0,505020202020,20210401,6,71
7629,4,B,0,505020202020,20210401,6,72
7630,3,B,0,505020202020,20210401,6,73
7631,4,B,0,505020202020,20210401,6,74
7632,1,A,1,505020202020,20210401,6,75
7633,2,A,0,505020202020,20210401,6,76
7634,1,A,0,505020202020,20210401,6,77
7635,2,A,1,505020202020,20210401,6,78
7636,1,A,1,505020202020,20210401,6,79
7637,2,A,1,505020202020,20210401,6,80
7638,1,A,0,505020202020,20210401,6,81
7639,2,A,1,505020202020,20210401,6,82
7640,1,A,1,505020202020,20210401,6,83
7641,2,A,1,505020202020,20210401,6,84
7642,1,A,0,505020202020,20210401,6,85
7643,2,A,1,505020202020,20210401,6,86
7644,1,A,1,505020202020,20210401,6,87
7645,2,A,1,505020202020,20210401,6,88
7646,1,A,0,505020202020,20210401,6,89
7647,2,A,0,505020202020,20210401,6,90
7648,1,A,0,505020202020,20210401,6,91
7649,2,A,0,505020202020,20210401,6,92
7650,1,A,1,505020202020,20210401,6,93
7651,2,A,1,505020202020,20210401,6,94
7652,1,A,0,505020202020,20210401,6,95
7653,2,A,0,505020202020,20210401,6,96
7654,1,A,1,505020202020,20210401,6,97
7655,2,A,0,505020202020,20210401,6,98
7656,1,A,1,505020202020,20210401,6,99
7657,2,A,0,505020202020,20210401,6,100
7658,1,A,1,505020202020,20210401,6,101
7659,2,A,0,505020202020,20210401,6,102
7660,1,A,0,505020202020,20210401,6,103
7661,2,A,0,505020202020,20210401,6,104
7662,1,A,1,505020202020,20210401,6,105
7663,2,A,1,505020202020,20210401,6,106
7664,1,A,0,505020202020,20210401,6,107
7665,2,A,0,505020202020,20210401,6,108
7666,1,A,1,505020202020,20210401,6,109
7667,2,A,0,505020202020,20210401,6,110
7668,1,A,1,505020202020,20210401,6,111
7669,2,A,0,505020202020,20210401,6,112
7670,1,A,0,505020202020,20210401,6,113
7671,2,A,0,505020202020,20210401,6,114
7672,1,A,1,505020202020,20210401,6,115
7673,2,A,1,505020202020,20210401,6,116
7674,1,A,0,505020202020,20210401,6,117
7675,2,A,0,505020202020,20210401,6,118
7676,1,A,1,505020202020,20210401,6,119
7677,2,A,0,202020505080,20210401,6,120
7678,1,A,0,202020505080,20210401,6,121
7679,2,A,0,202020505080,20210401,6,122
7680,1,A,0,202020505080,20210401,6,123
7681,2,A,1,202020505080,20210401,6,124
7682,1,A,0,202020505080,20210401,6,125
7683,2,A,1,202020505080,20210401,6,126
7684,1,A,0,202020505080,20210401,6,127
7685,2,A,1,202020505080,20210401,6,128
7686,1,A,0,202020505080,20210401,6,129
7687,2,A,0,202020505080,20210401,6,130
7688,1,A,0,202020505080,20210401,6,131
7689,2,A,1,202020505080,20210401,6,132
7690,1,A,0,202020505080,20210401,6,133
7691,2,A,1,202020505080,20210401,6,134
7692,1,A,0,202020505080,20210401,6,135
7693,2,A,1,202020505080,20210401,6,136
7694,1,A,0,202020505080,20210401,6,137
7695,2,A,0,202020505080,20210401,6,138
7696,1,A,1,202020505080,20210401,6,139
7697,2,A,0,202020505080,20210401,6,140
7698,1,A,0,202020505080,20210401,6,141
7699,2,A,0,202020505080,20210401,6,142
7700,1,A,1,202020505080,20210401,6,143
7701,2,A,0,202020505080,20210401,6,144
7702,1,A,0,202020505080,20210401,6,145
7703,2,A,0,202020505080,20210401,6,146
7704,1,A,0,202020505080,20210401,6,147
7705,2,A,0,202020505080,20210401,6,148
7706,1,A,0,202020505080,20210401,6,149
7707,5,C,1,202020505080,20210401,6,150
7708,6,C,1,202020505080,20210401,6,151
7709,5,C,1,202020505080,20210401,6,152
7710,6,C,1,202020505080,20210401,6,153
7711,5,C,1,202020505080,20210401,6,154
7712,6,C,1,202020505080,20210401,6,155
7713,5,C,0,202020505080,20210401,6,156
7714,6,C,1,202020505080,20210401,6,157
7715,5,C,1,202020505080,20210401,6,158
7716,6,C,1,202020505080,20210401,6,159
7717,5,C,1,202020505080,20210401,6,160
7718,6,C,0,202020505080,20210401,6,161
7719,5,C,1,202020505080,20210401,6,162
7720,6,C,1,202020505080,20210401,6,163
7721,5,C,1,202020505080,20210401,6,164
7722,6,C,1,202020505080,20210401,6,165
7723,5,C,0,202020505080,20210401,6,166
7724,6,C,1,202020505080,20210401,6,167
7725,5,C,0,202020505080,20210401,6,168
7726,6,C,1,202020505080,20210401,6,169
7727,5,C,0,202020505080,20210401,6,170
7728,6,C,1,202020505080,20210401,6,171
7729,5,C,1,202020505080,20210401,6,172
7730,6,C,1,202020505080,20210401,6,173
7731,5,C,1,202020505080,20210401,6,174
7732,6,C,1,202020505080,20210401,6,175
7733,5,C,0,202020505080,20210401,6,176
7734,6,C,1,202020505080,20210401,6,177
7735,5,C,0,202020505080,20210401,6,178
7736,6,C,0,202020505080,20210401,6,179
7737,1,A,1,802050508050,20210401,7,0
7738,2,A,0,802050508050,20210401,7,1
7739,1,A,1,802050508050,20210401,7,2
7740,2,A,0,802050508050,20210401,7,3
7741,1,A,1,802050508050,20210401,7,4
7742,6,C,0,802050508050,20210401,7,5
7743,5,C,0,802050508050,20210401,7,6
7744,6,C,1,802050508050,20210401,7,7
7745,5,C,1,802050508050,20210401,7,8
7746,6,C,0,802050508050,20210401,7,9
7747,5,C,1,802050508050,20210401,7,10
7748,6,C,1,802050508050,20210401,7,11
7749,5,C,0,802050508050,20210401,7,12
7750,6,C,1,802050508050,20210401,7,13
7751,5,C,0,802050508050,20210401,7,14
7752,6,C,0,802050508050,20210401,7,15
7753,5,C,0,802050508050,20210401,7,16
7754,3,B,1,802050508050,20210401,7,17
7755,4,B,1,802050508050,20210401,7,18
7756,3,B,1,802050508050,20210401,7,19
7757,4,B,1,802050508050,20210401,7,20
7758,3,B,1,802050508050,20210401,7,21
7759,4,B,1,802050508050,20210401,7,22
7760,3,B,0,802050508050,20210401,7,23
7761,4,B,0,802050508050,20210401,7,24
7762,3,B,0,802050508050,20210401,7,25
7763,4,B,0,802050508050,20210401,7,26
7764,1,A,1,802050508050,20210401,7,27
7765,2,A,1,802050508050,20210401,7,28
7766,1,A,1,802050508050,20210401,7,29
7767,2,A,0,802050508050,20210401,7,30
7768,1,A,0,802050508050,20210401,7,31
7769,5,C,1,802050508050,20210401,7,32
7770,6,C,0,802050508050,20210401,7,33
7771,5,C,1,802050508050,20210401,7,34
7772,6,C,1,802050508050,20210401,7,35
7773,5,C,1,802050508050,20210401,7,36
7774,6,C,1,802050508050,20210401,7,37
7775,5,C,0,802050508050,20210401,7,38
7776,6,C,0,802050508050,20210401,7,39
7777,5,C,1,802050508050,20210401,7,40
7778,6,C,1,802050508050,20210401,7,41
7779,5,C,1,802050508050,20210401,7,42
7780,6,C,0,802050508050,20210401,7,43
7781,5,C,0,802050508050,20210401,7,44
7782,6,C,1,802050508050,20210401,7,45
7783,5,C,1,802050508050,20210401,7,46
7784,6,C,0,802050508050,20210401,7,47
7785,5,C,1,802050508050,20210401,7,48
7786,6,C,1,802050508050,20210401,7,49
7787,5,C,1,802050508050,20210401,7,50
7788,6,C,1,802050508050,20210401,7,51
7789,5,C,1,802050508050,20210401,7,52
7790,6,C,1,802050508050,20210401,7,53
7791,5,C,0,802050508050,20210401,7,54
7792,6,C,1,802050508050,20210401,7,55
7793,5,C,1,802050508050,20210401,7,56
7794,6,C,1,802050508050,20210401,7,57
7795,5,C,1,802050508050,20210401,7,58
7796,6,C,0,802050508050,20210401,7,59
7797,5,C,0,208020502050,20210401,7,60
7798,6,C,1,208020502050,20210401,7,61
7799,5,C,0,208020502050,20210401,7,62
7800,6,C,1,208020502050,20210401,7,63
7801,5,C,1,208020502050,20210401,7,64
7802,6,C,1,208020502050,20210401,7,65
7803,5,C,0,208020502050,20210401,7,66
7804,6,C,0,208020502050,20210401,7,67
7805,5,C,0,208020502050,20210401,7,68
7806,6,C,0,208020502050,20210401,7,69
7807,5,C,1,208020502050,20210401,7,70
7808,1,A,0,208020502050,20210401,7,71
7809,2,A,1,208020502050,20210401,7,72
7810,1,A,0,208020502050,20210401,7,73
7811,2,A,0,208020502050,20210401,7,74
7812,1,A,0,208020502050,20210401,7,75
7813,2,A,1,208020502050,20210401,7,76
7814,1,A,0,208020502050,20210401,7,77
7815,2,A,0,208020502050,20210401,7,78
7816,1,A,0,208020502050,20210401,7,79
7817,2,A,1,208020502050,20210401,7,80
7818,4,B,0,208020502050,20210401,7,81
7819,3,B,0,208020502050,20210401,7,82
7820,4,B,0,208020502050,20210401,7,83
7821,3,B,0,208020502050,20210401,7,84
7822,4,B,1,208020502050,20210401,7,85
7823,3,B,0,208020502050,20210401,7,86
7824,4,B,0,208020502050,20210401,7,87
7825,3,B,0,208020502050,20210401,7,88
7826,4,B,0,208020502050,20210401,7,89
7827,3,B,0,208020502050,20210401,7,90
7828,5,C,0,208020502050,20210401,7,91
7829,6,C,1,208020502050,20210401,7,92
7830,5,C,0,208020502050,20210401,7,93
7831,6,C,0,208020502050,20210401,7,94
7832,5,C,0,208020502050,20210401,7,95
7833,6,C,1,208020502050,20210401,7,96
7834,5,C,0,208020502050,20210401,7,97
7835,6,C,1,208020502050,20210401,7,98
7836,5,C,0,208020502050,20210401,7,99
7837,6,C,1,208020502050,20210401,7,100
7838,5,C,0,208020502050,20210401,7,101
7839,6,C,1,208020502050,20210401,7,102
7840,5,C,1,208020502050,20210401,7,103
7841,6,C,1,208020502050,20210401,7,104
7842,5,C,0,208020502050,20210401,7,105
7843,6,C,0,208020502050,20210401,7,106
7844,5,C,0,208020502050,20210401,7,107
7845,6,C,0,208020502050,20210401,7,108
7846,5,C,0,208020502050,20210401,7,109
7847,6,C,0,208020502050,20210401,7,110
7848,5,C,0,208020502050,20210401,7,111
7849,6,C,1,208020502050,20210401,7,112
7850,5,C,0,208020502050,20210401,7,113
7851,6,C,1,208020502050,20210401,7,114
7852,5,C,0,208020502050,20210401,7,115
7853,6,C,1,208020502050,20210401,7,116
7854,5,C,0,208020502050,20210401,7,117
7855,6,C,0,208020502050,20210401,7,118
7856,5,C,0,208020502050,20210401,7,119
7857,6,C,1,502050802020,20210401,7,120
7858,5,C,0,502050802020,20210401,7,121
7859,6,C,0,502050802020,20210401,7,122
7860,5,C,0,502050802020,20210401,7,123
7861,6,C,1,502050802020,20210401,7,124
7862,1,A,0,502050802020,20210401,7,125
7863,2,A,0,502050802020,20210401,7,126
7864,1,A,0,502050802020,20210401,7,127
7865,2,A,0,502050802020,20210401,7,128
7866,1,A,1,502050802020,20210401,7,129
7867,2,A,0,502050802020,20210401,7,130
7868,1,A,1,502050802020,20210401,7,131
7869,2,A,0,502050802020,20210401,7,132
7870,1,A,1,502050802020,20210401,7,133
7871,2,A,1,502050802020,20210401,7,134
7872,1,A,1,502050802020,20210401,7,135
7873,2,A,0,502050802020,20210401,7,136
7874,1,A,0,502050802020,20210401,7,137
7875,6,C,0,502050802020,20210401,7,138
7876,5,C,0,502050802020,20210401,7,139
7877,6,C,0,502050802020,20210401,7,140
7878,1,A,1,502050802020,20210401,7,141
7879,2,A,0,502050802020,20210401,7,142
7880,1,A,1,502050802020,20210401,7,143
7881,2,A,1,502050802020,20210401,7,144
7882,1,A,1,502050802020,20210401,7,145
7883,3,B,0,502050802020,20210401,7,146
7884,4,B,0,502050802020,20210401,7,147
7885,3,B,0,502050802020,20210401,7,148
7886,4,B,0,502050802020,20210401,7,149
7887,3,B,0,502050802020,20210401,7,150
7888,1,A,1,502050802020,20210401,7,151
7889,2,A,0,502050802020,20210401,7,152
7890,1,A,0,502050802020,20210401,7,153
7891,2,A,1,502050802020,20210401,7,154
7892,1,A,0,202050205080,20210401,8,0
7893,2,A,0,202050205080,20210401,8,1
7894,1,A,0,202050205080,20210401,8,2
7895,2,A,0,202050205080,20210401,8,3
7896,5,C,1,202050205080,20210401,8,4
7897,6,C,1,202050205080,20210401,8,5
7898,5,C,1,202050205080,20210401,8,6
7899,6,C,1,202050205080,20210401,8,7
7900,5,C,1,202050205080,20210401,8,8
7901,6,C,1,202050205080,20210401,8,9
7902,5,C,0,202050205080,20210401,8,10
7903,6,C,1,202050205080,20210401,8,11
7904,5,C,0,202050205080,20210401,8,12
7905,6,C,0,202050205080,20210401,8,13
7906,5,C,1,202050205080,20210401,8,14
7907,6,C,1,202050205080,20210401,8,15
7908,5,C,0,202050205080,20210401,8,16
7909,6,C,1,202050205080,20210401,8,17
7910,3,B,1,202050205080,20210401,8,18
7911,4,B,0,202050205080,20210401,8,19
7912,3,B,1,202050205080,20210401,8,20
7913,4,B,0,202050205080,20210401,8,21
7914,3,B,0,202050205080,20210401,8,22
7915,4,B,0,202050205080,20210401,8,23
7916,3,B,0,202050205080,20210401,8,24
7917,1,A,0,202050205080,20210401,8,25
7918,2,A,1,202050205080,20210401,8,26
7919,1,A,0,202050205080,20210401,8,27
7920,2,A,0,202050205080,20210401,8,28
7921,1,A,1,202050205080,20210401,8,29
7922,2,A,0,202050205080,20210401,8,30
7923,1,A,1,202050205080,20210401,8,31
7924,2,A,0,202050205080,20210401,8,32
7925,1,A,1,202050205080,20210401,8,33
7926,2,A,0,202050205080,20210401,8,34
7927,1,A,0,202050205080,20210401,8,35
7928,2,A,0,202050205080,20210401,8,36
7929,1,A,0,202050205080,20210401,8,37
7930,2,A,0,202050205080,20210401,8,38
7931,5,C,1,202050205080,20210401,8,39
7932,6,C,1,202050205080,20210401,8,40
7933,5,C,0,202050205080,20210401,8,41
7934,6,C,1,202050205080,20210401,8,42
7935,5,C,0,202050205080,20210401,8,43
7936,6,C,1,202050205080,20210401,8,44
7937,5,C,0,202050205080,20210401,8,45
7938,6,C,0,202050205080,20210401,8,46
7939,5,C,1,202050205080,20210401,8,47
7940,6,C,0,202050205080,20210401,8,48
7941,5,C,1,202050205080,20210401,8,49
7942,6,C,1,202050205080,20210401,8,50
7943,5,C,1,202050205080,20210401,8,51
7944,6,C,0,202050205080,20210401,8,52
7945,5,C,0,202050205080,20210401,8,53
7946,6,C,1,202050205080,20210401,8,54
7947,5,C,1,202050205080,20210401,8,55
7948,6,C,1,202050205080,20210401,8,56
7949,5,C,0,202050205080,20210401,8,57
7950,6,C,1,202050205080,20210401,8,58
7951,5,C,0,202050205080,20210401,8,59
7952,6,C,0,502080502020,20210401,8,60
7953,5,C,0,502080502020,20210401,8,61
7954,6,C,0,502080502020,20210401,8,62
7955,5,C,0,502080502020,20210401,8,63
7956,1,A,1,502080502020,20210401,8,64
7957,2,A,0,502080502020,20210401,8,65
7958,1,A,0,502080502020,20210401,8,66
7959,2,A,0,502080502020,20210401,8,67
7960,1,A,0,502080502020,20210401,8,68
7961,6,C,0,502080502020,20210401,8,69
7962,5,C,0,502080502020,20210401,8,70
7963,6,C,0,502080502020,20210401,8,71
7964,3,B,1,502080502020,20210401,8,72
7965,4,B,0,502080502020,20210401,8,73
7966,3,B,1,502080502020,20210401,8,74
7967,4,B,0,502080502020,20210401,8,75
7968,3,B,0,502080502020,20210401,8,76
7969,4,B,0,502080502020,20210401,8,77
7970,3,B,1,502080502020,20210401,8,78
7971,4,B,1,502080502020,20210401,8,79
7972,3,B,1,502080502020,20210401,8,80
7973,4,B,1,502080502020,20210401,8,81
7974,3,B,1,502080502020,20210401,8,82
7975,4,B,0,502080502020,20210401,8,83
7976,3,B,1,502080502020,20210401,8,84
7977,4,B,1,502080502020,20210401,8,85
7978,3,B,0,502080502020,20210401,8,86
7979,4,B,1,502080502020,20210401,8,87
7980,3,B,1,502080502020,20210401,8,88
7981,4,B,1,502080502020,20210401,8,89
7982,3,B,1,502080502020,20210401,8,90
7983,4,B,0,502080502020,20210401,8,91
7984,3,B,0,502080502020,20210401,8,92
7985,4,B,1,502080502020,20210401,8,93
7986,3,B,1,502080502020,20210401,8,94
7987,4,B,0,502080502020,20210401,8,95
7988,3,B,1,502080502020,20210401,8,96
7989,4,B,1,502080502020,20210401,8,97
7990,3,B,1,502080502020,20210401,8,98
7991,4,B,0,502080502020,20210401,8,99
7992,3,B,1,502080502020,20210401,8,100
7993,4,B,0,502080502020,20210401,8,101
7994,3,B,0,502080502020,20210401,8,102
7995,4,B,0,502080502020,20210401,8,103
7996,3,B,1,502080502020,20210401,8,104
7997,4,B,1,502080502020,20210401,8,105
7998,3,B,1,502080502020,20210401,8,106
7999,1,A,0,502080502020,20210401,8,107
8000,2,A,0,502080502020,20210401,8,108
8001,1,A,0,502080502020,20210401,8,109
8002,2,A,0,502080502020,20210401,8,110
8003,1,A,0,502080502020,20210401,8,111
8004,2,A,0,502080502020,20210401,8,112
8005,1,A,1,502080502020,20210401,8,113
8006,2,A,1,502080502020,20210401,8,114
8007,1,A,1,502080502020,20210401,8,115
8008,2,A,1,502080502020,20210401,8,116
8009,1,A,0,502080502020,20210401,8,117
8010,2,A,0,502080502020,20210401,8,118
8011,1,A,1,502080502020,20210401,8,119
8012,2,A,1,508020208020,20210401,8,120
8013,1,A,0,508020208020,20210401,8,121
8014,2,A,0,508020208020,20210401,8,122
8015,1,A,1,508020208020,20210401,8,123
8016,2,A,1,508020208020,20210401,8,124
8017,1,A,1,508020208020,20210401,8,125
8018,2,A,1,508020208020,20210401,8,126
8019,1,A,1,508020208020,20210401,8,127
8020,2,A,1,508020208020,20210401,8,128
8021,1,A,1,508020208020,20210401,8,129
8022,6,C,1,508020208020,20210401,8,130
8023,5,C,1,508020208020,20210401,8,131
8024,6,C,1,508020208020,20210401,8,132
8025,5,C,1,508020208020,20210401,8,133
8026,6,C,0,508020208020,20210401,8,134
8027,5,C,1,508020208020,20210401,8,135
8028,6,C,0,508020208020,20210401,8,136
8029,3,B,1,508020208020,20210401,8,137
8030,4,B,0,508020208020,20210401,8,138
8031,3,B,0,508020208020,20210401,8,139
8032,2,A,1,508020208020,20210401,8,140
8033,1,A,1,508020208020,20210401,8,141
8034,2,A,1,508020208020,20210401,8,142
8035,1,A,0,508020208020,20210401,8,143
8036,6,C,0,508020208020,20210401,8,144
8037,5,C,1,508020208020,20210401,8,145
8038,6,C,0,508020208020,20210401,8,146
8039,5,C,1,508020208020,20210401,8,147
8040,3,B,0,208020502020,20210402,1,0
8041,6,C,0,208020502020,20210402,1,1
8042,5,C,0,208020502020,20210402,1,2
8043,6,C,0,208020502020,20210402,1,3
8044,5,C,0,208020502020,20210402,1,4
8045,1,A,0,208020502020,20210402,1,5
8046,2,A,1,208020502020,20210402,1,6
8047,1,A,0,208020502020,20210402,1,7
8048,2,A,1,208020502020,20210402,1,8
8049,1,A,0,208020502020,20210402,1,9
8050,2,A,1,208020502020,20210402,1,10
8051,1,A,0,208020502020,20210402,1,11
8052,2,A,1,208020502020,20210402,1,12
8053,4,B,0,208020502020,20210402,1,13
8054,3,B,0,208020502020,20210402,1,14
8055,4,B,0,208020502020,20210402,1,15
8056,3,B,0,208020502020,20210402,1,16
8057,4,B,0,208020502020,20210402,1,17
8058,3,B,0,208020502020,20210402,1,18
8059,4,B,0,208020502020,20210402,1,19
8060,6,C,0,208020502020,20210402,1,20
8061,5,C,0,208020502020,20210402,1,21
8062,6,C,0,208020502020,20210402,1,22
8063,5,C,0,208020502020,20210402,1,23
8064,2,A,1,208020502020,20210402,1,24
8065,1,A,1,208020502020,20210402,1,25
8066,2,A,1,208020502020,20210402,1,26
8067,1,A,0,208020502020,20210402,1,27
8068,2,A,1,208020502020,20210402,1,28
8069,1,A,0,208020502020,20210402,1,29
8070,2,A,1,208020502020,20210402,1,30
8071,1,A,0,208020502020,20210402,1,31
8072,2,A,1,208020502020,20210402,1,32
8073,1,A,0,208020502020,20210402,1,33
8074,2,A,0,208020502020,20210402,1,34
8075,1,A,0,208020502020,20210402,1,35
8076,2,A,1,208020502020,20210402,1,36
8077,1,A,0,208020502020,20210402,1,37
8078,2,A,1,208020502020,20210402,1,38
8079,5,C,0,208020502020,20210402,1,39
8080,6,C,1,208020502020,20210402,1,40
8081,5,C,0,208020502020,20210402,1,41
8082,6,C,0,208020502020,20210402,1,42
8083,3,B,1,208020502020,20210402,1,43
8084,4,B,1,208020502020,20210402,1,44
8085,3,B,0,208020502020,20210402,1,45
8086,4,B,1,208020502020,20210402,1,46
8087,3,B,0,208020502020,20210402,1,47
8088,4,B,1,208020502020,20210402,1,48
8089,3,B,0,208020502020,20210402,1,49
8090,4,B,1,208020502020,20210402,1,50
8091,3,B,0,208020502020,20210402,1,51
8092,4,B,0,208020502020,20210402,1,52
8093,2,A,1,208020502020,20210402,1,53
8094,1,A,1,208020502020,20210402,1,54
8095,2,A,1,208020502020,20210402,1,55
8096,1,A,1,208020502020,20210402,1,56
8097,2,A,1,208020502020,20210402,1,57
8098,1,A,0,208020502020,20210402,1,58
8099,2,A,1,208020502020,20210402,1,59
8100,1,A,0,202050208020,20210402,1,60
8101,2,A,0,202050208020,20210402,1,61
8102,1,A,1,202050208020,20210402,1,62
8103,2,A,0,202050208020,20210402,1,63
8104,1,A,0,202050208020,20210402,1,64
8105,2,A,0,202050208020,20210402,1,65
8106,1,A,0,202050208020,20210402,1,66
8107,2,A,0,202050208020,20210402,1,67
8108,1,A,0,202050208020,20210402,1,68
8109,2,A,0,202050208020,20210402,1,69
8110,3,B,1,202050208020,20210402,1,70
8111,4,B,0,202050208020,20210402,1,71
8112,3,B,1,202050208020,20210402,1,72
8113,4,B,1,202050208020,20210402,1,73
8114,3,B,0,202050208020,20210402,1,74
8115,4,B,0,202050208020,20210402,1,75
8116,3,B,1,202050208020,20210402,1,76
8117,4,B,0,202050208020,20210402,1,77
8118,3,B,0,202050208020,20210402,1,78
8119,4,B,0,202050208020,20210402,1,79
8120,3,B,0,202050208020,20210402,1,80
8121,4,B,0,202050208020,20210402,1,81
8122,3,B,1,202050208020,20210402,1,82
8123,4,B,0,202050208020,20210402,1,83
8124,3,B,1,202050208020,20210402,1,84
8125,4,B,0,202050208020,20210402,1,85
8126,3,B,1,202050208020,20210402,1,86
8127,4,B,0,202050208020,20210402,1,87
8128,3,B,0,202050208020,20210402,1,88
8129,4,B,0,202050208020,20210402,1,89
8130,3,B,0,202050208020,20210402,1,90
8131,1,A,0,202050208020,20210402,1,91
8132,2,A,0,202050208020,20210402,1,92
8133,1,A,0,202050208020,20210402,1,93
8134,2,A,0,202050208020,20210402,1,94
8135,5,C,1,202050208020,20210402,1,95
8136,6,C,0,202050208020,20210402,1,96
8137,5,C,1,202050208020,20210402,1,97
8138,6,C,0,202050208020,20210402,1,98
8139,5,C,1,202050208020,20210402,1,99
8140,6,C,0,202050208020,20210402,1,100
8141,5,C,0,202050208020,20210402,1,101
8142,6,C,0,202050208020,20210402,1,102
8143,5,C,1,202050208020,20210402,1,103
8144,6,C,1,202050208020,20210402,1,104
8145,5,C,0,202050208020,20210402,1,105
8146,6,C,0,202050208020,20210402,1,106
8147,5,C,0,202050208020,20210402,1,107
8148,6,C,0,202050208020,20210402,1,108
8149,5,C,1,202050208020,20210402,1,109
8150,6,C,1,202050208020,20210402,1,110
8151,5,C,1,202050208020,20210402,1,111
8152,6,C,0,202050208020,20210402,1,112
8153,5,C,1,202050208020,20210402,1,113
8154,6,C,0,202050208020,20210402,1,114
8155,5,C,1,202050208020,20210402,1,115
8156,6,C,1,202050208020,20210402,1,116
8157,5,C,0,202050208020,20210402,1,117
8158,6,C,0,202050208020,20210402,1,118
8159,5,C,1,202050208020,20210402,1,119
8160,6,C,0,202020802050,20210402,1,120
8161,5,C,0,202020802050,20210402,1,121
8162,6,C,1,202020802050,20210402,1,122
8163,5,C,0,202020802050,20210402,1,123
8164,6,C,0,202020802050,20210402,1,124
8165,5,C,0,202020802050,20210402,1,125
8166,6,C,0,202020802050,20210402,1,126
8167,5,C,0,202020802050,20210402,1,127
8168,3,B,1,202020802050,20210402,1,128
8169,4,B,1,202020802050,20210402,1,129
8170,3,B,0,202020802050,20210402,1,130
8171,4,B,1,202020802050,20210402,1,131
8172,3,B,0,202020802050,20210402,1,132
8173,4,B,1,202020802050,20210402,1,133
8174,3,B,0,202020802050,20210402,1,134
8175,4,B,1,202020802050,20210402,1,135
8176,3,B,0,202020802050,20210402,1,136
8177,4,B,1,202020802050,20210402,1,137
8178,3,B,0,202020802050,20210402,1,138
8179,4,B,1,202020802050,20210402,1,139
8180,3,B,0,202020802050,20210402,1,140
8181,4,B,1,202020802050,20210402,1,141
8182,3,B,0,202020802050,20210402,1,142
8183,4,B,1,202020802050,20210402,1,143
8184,3,B,0,202020802050,20210402,1,144
8185,4,B,1,202020802050,20210402,1,145
8186,3,B,0,202020802050,20210402,1,146
8187,4,B,1,202020802050,20210402,1,147
8188,3,B,0,202020802050,20210402,1,148
8189,4,B,1,202020802050,20210402,1,149
8190,3,B,1,202020802050,20210402,1,150
8191,4,B,0,202020802050,20210402,1,151
8192,3,B,0,202020802050,20210402,1,152
8193,4,B,1,202020802050,20210402,1,153
8194,3,B,1,202020802050,20210402,1,154
8195,4,B,1,202020802050,20210402,1,155
8196,3,B,0,202020802050,20210402,1,156
8197,4,B,0,202020802050,20210402,1,157
8198,3,B,1,202020802050,20210402,1,158
8199,4,B,1,202020802050,20210402,1,159
8200,3,B,0,202020802050,20210402,1,160
8201,4,B,0,202020802050,20210402,1,161
8202,3,B,0,202020802050,20210402,1,162
8203,4,B,1,202020802050,20210402,1,163
8204,3,B,1,202020802050,20210402,1,164
8205,4,B,1,202020802050,20210402,1,165
8206,3,B,0,202020802050,20210402,1,166
8207,4,B,1,202020802050,20210402,1,167
8208,3,B,0,202020802050,20210402,1,168
8209,4,B,0,202020802050,20210402,1,169
8210,3,B,0,202020802050,20210402,1,170
8211,4,B,1,202020802050,20210402,1,171
8212,3,B,1,202020802050,20210402,1,172
8213,4,B,1,202020802050,20210402,1,173
8214,3,B,0,202020802050,20210402,1,174
8215,4,B,1,202020802050,20210402,1,175
8216,3,B,0,202020802050,20210402,1,176
8217,4,B,0,202020802050,20210402,1,177
8218,3,B,0,202020802050,20210402,1,178
8219,4,B,1,202020802050,20210402,1,179
8220,1,A,1,805020205020,20210402,2,0
8221,2,A,1,805020205020,20210402,2,1
8222,1,A,1,805020205020,20210402,2,2
8223,2,A,1,805020205020,20210402,2,3
8224,1,A,0,805020205020,20210402,2,4
8225,2,A,1,805020205020,20210402,2,5
8226,5,C,0,805020205020,20210402,2,6
8227,6,C,0,805020205020,20210402,2,7
8228,5,C,0,805020205020,20210402,2,8
8229,6,C,0,805020205020,20210402,2,9
8230,5,C,1,805020205020,20210402,2,10
8231,6,C,0,805020205020,20210402,2,11
8232,5,C,0,805020205020,20210402,2,12
8233,3,B,1,805020205020,20210402,2,13
8234,4,B,1,805020205020,20210402,2,14
8235,3,B,1,805020205020,20210402,2,15
8236,4,B,1,805020205020,20210402,2,16
8237,3,B,0,805020205020,20210402,2,17
8238,4,B,0,805020205020,20210402,2,18
8239,3,B,0,805020205020,20210402,2,19
8240,4,B,0,805020205020,20210402,2,20
8241,2,A,0,805020205020,20210402,2,21
8242,1,A,1,805020205020,20210402,2,22
8243,2,A,1,805020205020,20210402,2,23
8244,1,A,1,805020205020,20210402,2,24
8245,2,A,0,805020205020,20210402,2,25
8246,1,A,1,805020205020,20210402,2,26
8247,2,A,1,805020205020,20210402,2,27
8248,1,A,1,805020205020,20210402,2,28
8249,2,A,1,805020205020,20210402,2,29
8250,1,A,0,805020205020,20210402,2,30
8251,2,A,1,805020205020,20210402,2,31
8252,1,A,0,805020205020,20210402,2,32
8253,2,A,1,805020205020,20210402,2,33
8254,1,A,1,805020205020,20210402,2,34
8255,2,A,0,805020205020,20210402,2,35
8256,1,A,1,805020205020,20210402,2,36
8257,2,A,0,805020205020,20210402,2,37
8258,1,A,0,805020205020,20210402,2,38
8259,2,A,1,805020205020,20210402,2,39
8260,1,A,1,805020205020,20210402,2,40
8261,2,A,0,805020205020,20210402,2,41
8262,1,A,1,805020205020,20210402,2,42
8263,2,A,0,805020205020,20210402,2,43
8264,1,A,0,805020205020,20210402,2,44
8265,2,A,1,805020205020,20210402,2,45
8266,1,A,0,805020205020,20210402,2,46
8267,2,A,0,805020205020,20210402,2,47
8268,1,A,1,805020205020,20210402,2,48
8269,2,A,0,805020205020,20210402,2,49
8270,1,A,1,805020205020,20210402,2,50
8271,2,A,1,805020205020,20210402,2,51
8272,1,A,0,805020205020,20210402,2,52
8273,2,A,0,805020205020,20210402,2,53
8274,1,A,1,805020205020,20210402,2,54
8275,2,A,1,805020205020,20210402,2,55
8276,1,A,0,805020205020,20210402,2,56
8277,2,A,0,805020205020,20210402,2,57
8278,1,A,1,805020205020,20210402,2,58
8279,2,A,1,805020205020,20210402,2,59
8280,1,A,0,202020808050,20210402,2,60
8281,2,A,1,202020808050,20210402,2,61
8282,1,A,0,202020808050,20210402,2,62
8283,2,A,0,202020808050,20210402,2,63
8284,1,A,0,202020808050,20210402,2,64
8285,2,A,0,202020808050,20210402,2,65
8286,1,A,0,202020808050,20210402,2,66
8287,5,C,1,202020808050,20210402,2,67
8288,6,C,1,202020808050,20210402,2,68
8289,5,C,1,202020808050,20210402,2,69
8290,6,C,0,202020808050,20210402,2,70
8291,5,C,1,202020808050,20210402,2,71
8292,6,C,0,202020808050,20210402,2,72
8293,5,C,1,202020808050,20210402,2,73
8294,6,C,1,202020808050,20210402,2,74
8295,5,C,0,202020808050,20210402,2,75
8296,6,C,0,202020808050,20210402,2,76
8297,5,C,1,202020808050,20210402,2,77
8298,6,C,0,202020808050,20210402,2,78
8299,5,C,1,202020808050,20210402,2,79
8300,6,C,1,202020808050,20210402,2,80
8301,5,C,1,202020808050,20210402,2,81
8302,6,C,1,202020808050,20210402,2,82
8303,5,C,1,202020808050,20210402,2,83
8304,6,C,1,202020808050,20210402,2,84
8305,5,C,1,202020808050,20210402,2,85
8306,6,C,0,202020808050,20210402,2,86
8307,5,C,1,202020808050,20210402,2,87
8308,6,C,0,202020808050,20210402,2,88
8309,5,C,1,202020808050,20210402,2,89
8310,6,C,0,202020808050,20210402,2,90
8311,5,C,1,202020808050,20210402,2,91
8312,6,C,0,202020808050,20210402,2,92
8313,5,C,1,202020808050,20210402,2,93
8314,6,C,1,202020808050,20210402,2,94
8315,5,C,1,202020808050,20210402,2,95
8316,6,C,1,202020808050,20210402,2,96
8317,5,C,0,202020808050,20210402,2,97
8318,6,C,0,202020808050,20210402,2,98
8319,5,C,1,202020808050,20210402,2,99
8320,6,C,0,202020808050,20210402,2,100
8321,5,C,1,202020808050,20210402,2,101
8322,6,C,1,202020808050,20210402,2,102
8323,5,C,1,202020808050,20210402,2,103
8324,6,C,0,202020808050,20210402,2,104
8325,5,C,0,202020808050,20210402,2,105
8326,6,C,1,202020808050,20210402,2,106
8327,5,C,1,202020808050,20210402,2,107
8328,6,C,1,202020808050,20210402,2,108
8329,5,C,1,202020808050,20210402,2,109
8330,6,C,0,202020808050,20210402,2,110
8331,5,C,1,202020808050,20210402,2,111
8332,6,C,1,202020808050,20210402,2,112
8333,5,C,1,202020808050,20210402,2,113
8334,6,C,0,202020808050,20210402,2,114
8335,5,C,1,202020808050,20210402,2,115
8336,6,C,1,202020808050,20210402,2,116
8337,5,C,1,202020808050,20210402,2,117
8338,6,C,1,202020808050,20210402,2,118
8339,5,C,1,202020808050,20210402,2,119
8340,6,C,0,205020202020,20210402,2,120
8341,5,C,0,205020202020,20210402,2,121
8342,6,C,0,205020202020,20210402,2,122
8343,5,C,0,205020202020,20210402,2,123
8344,6,C,0,205020202020,20210402,2,124
8345,5,C,0,205020202020,20210402,2,125
8346,6,C,0,205020202020,20210402,2,126
8347,5,C,0,205020202020,20210402,2,127
8348,3,B,0,205020202020,20210402,2,128
8349,4,B,0,205020202020,20210402,2,129
8350,3,B,0,205020202020,20210402,2,130
8351,4,B,1,205020202020,20210402,2,131
8352,3,B,0,205020202020,20210402,2,132
8353,4,B,0,205020202020,20210402,2,133
8354,3,B,0,205020202020,20210402,2,134
8355,4,B,0,205020202020,20210402,2,135
8356,1,A,0,205020202020,20210402,2,136
8357,2,A,0,205020202020,20210402,2,137
8358,1,A,0,205020202020,20210402,2,138
8359,2,A,1,205020202020,20210402,2,139
8360,1,A,1,205020202020,20210402,2,140
8361,2,A,1,205020202020,20210402,2,141
8362,1,A,0,205020202020,20210402,2,142
8363,2,A,1,205020202020,20210402,2,143
8364,1,A,0,205020202020,20210402,2,144
8365,2,A,1,205020202020,20210402,2,145
8366,1,A,0,205020202020,20210402,2,146
8367,2,A,0,205020202020,20210402,2,147
8368,1,A,0,205020202020,20210402,2,148
8369,2,A,1,205020202020,20210402,2,149
8370,1,A,1,205020202020,20210402,2,150
8371,2,A,1,205020202020,20210402,2,151
8372,1,A,0,205020202020,20210402,2,152
8373,2,A,0,205020202020,20210402,2,153
8374,1,A,0,205020202020,20210402,2,154
8375,2,A,0,205020202020,20210402,2,155
8376,1,A,0,205020202020,20210402,2,156
8377,2,A,0,205020202020,20210402,2,157
8378,1,A,0,205020202020,20210402,2,158
8379,2,A,0,205020202020,20210402,2,159
8380,5,C,0,205020202020,20210402,2,160
8381,6,C,0,205020202020,20210402,2,161
8382,5,C,0,205020202020,20210402,2,162
8383,6,C,0,205020202020,20210402,2,163
8384,5,C,0,205020202020,20210402,2,164
8385,3,B,0,205020202020,20210402,2,165
8386,4,B,0,205020202020,20210402,2,166
8387,3,B,0,205020202020,20210402,2,167
8388,1,A,0,205020202020,20210402,2,168
8389,2,A,0,205020202020,20210402,2,169
8390,1,A,0,205020202020,20210402,2,170
8391,2,A,1,205020202020,20210402,2,171
8392,1,A,1,205020202020,20210402,2,172
8393,2,A,1,205020202020,20210402,2,173
8394,1,A,0,205020202020,20210402,2,174
8395,2,A,1,205020202020,20210402,2,175
8396,1,A,0,205020202020,20210402,2,176
8397,2,A,0,205020202020,20210402,2,177
8398,1,A,0,205020202020,20210402,2,178
8399,2,A,0,205020202020,20210402,2,179
8400,1,A,1,502080502020,20210402,3,0
8401,2,A,0,502080502020,20210402,3,1
8402,1,A,1,502080502020,20210402,3,2
8403,2,A,0,502080502020,20210402,3,3
8404,1,A,1,502080502020,20210402,3,4
8405,2,A,0,502080502020,20210402,3,5
8406,1,A,0,502080502020,20210402,3,6
8407,5,C,0,502080502020,20210402,3,7
8408,6,C,0,502080502020,20210402,3,8
8409,5,C,1,502080502020,20210402,3,9
8410,6,C,1,502080502020,20210402,3,10
8411,5,C,1,502080502020,20210402,3,11
8412,6,C,1,502080502020,20210402,3,12
8413,5,C,1,502080502020,20210402,3,13
8414,6,C,0,502080502020,20210402,3,14
8415,5,C,0,502080502020,20210402,3,15
8416,6,C,0,502080502020,20210402,3,16
8417,5,C,0,502080502020,20210402,3,17
8418,3,B,0,502080502020,20210402,3,18
8419,4,B,1,502080502020,20210402,3,19
8420,3,B,1,502080502020,20210402,3,20
8421,4,B,1,502080502020,20210402,3,21
8422,3,B,1,502080502020,20210402,3,22
8423,4,B,1,502080502020,20210402,3,23
8424,3,B,1,502080502020,20210402,3,24
8425,4,B,0,502080502020,20210402,3,25
8426,3,B,0,502080502020,20210402,3,26
8427,4,B,0,502080502020,20210402,3,27
8428,3,B,1,502080502020,20210402,3,28
8429,4,B,1,502080502020,20210402,3,29
8430,3,B,1,502080502020,20210402,3,30
8431,4,B,1,502080502020,20210402,3,31
8432,3,B,1,502080502020,20210402,3,32
8433,4,B,0,502080502020,20210402,3,33
8434,3,B,1,502080502020,20210402,3,34
8435,4,B,1,502080502020,20210402,3,35
8436,3,B,1,502080502020,20210402,3,36
8437,4,B,0,502080502020,20210402,3,37
8438,3,B,1,502080502020,20210402,3,38
8439,4,B,1,502080502020,20210402,3,39
8440,3,B,0,502080502020,20210402,3,40
8441,4,B,1,502080502020,20210402,3,41
8442,3,B,0,502080502020,20210402,3,42
8443,4,B,0,502080502020,20210402,3,43
8444,3,B,1,502080502020,20210402,3,44
8445,4,B,1,502080502020,20210402,3,45
8446,3,B,1,502080502020,20210402,3,46
8447,4,B,1,502080502020,20210402,3,47
8448,3,B,1,502080502020,20210402,3,48
8449,4,B,0,502080502020,20210402,3,49
8450,3,B,0,502080502020,20210402,3,50
8451,4,B,1,502080502020,20210402,3,51
8452,3,B,1,502080502020,20210402,3,52
8453,4,B,1,502080502020,20210402,3,53
8454,3,B,0,502080502020,20210402,3,54
8455,4,B,0,502080502020,20210402,3,55
8456,3,B,1,502080502020,20210402,3,56
8457,4,B,1,502080502020,20210402,3,57
8458,3,B,1,502080502020,20210402,3,58
8459,4,B,1,502080502020,20210402,3,59
8460,3,B,0,202050502020,20210402,3,60
8461,4,B,1,202050502020,20210402,3,61
8462,3,B,1,202050502020,20210402,3,62
8463,4,B,1,202050502020,20210402,3,63
8464,3,B,0,202050502020,20210402,3,64
8465,4,B,1,202050502020,20210402,3,65
8466,3,B,0,202050502020,20210402,3,66
8467,4,B,1,202050502020,20210402,3,67
8468,3,B,1,202050502020,20210402,3,68
8469,4,B,0,202050502020,20210402,3,69
8470,3,B,0,202050502020,20210402,3,70
8471,4,B,1,202050502020,20210402,3,71
8472,3,B,1,202050502020,20210402,3,72
8473,4,B,1,202050502020,20210402,3,73
8474,3,B,1,202050502020,20210402,3,74
8475,4,B,0,202050502020,20210402,3,75
8476,3,B,0,202050502020,20210402,3,76
8477,4,B,1,202050502020,20210402,3,77
8478,3,B,0,202050502020,20210402,3,78
8479,4,B,0,202050502020,20210402,3,79
8480,3,B,1,202050502020,20210402,3,80
8481,4,B,1,202050502020,20210402,3,81
8482,3,B,0,202050502020,20210402,3,82
8483,4,B,0,202050502020,20210402,3,83
8484,3,B,1,202050502020,20210402,3,84
8485,4,B,0,202050502020,20210402,3,85
8486,3,B,0,202050502020,20210402,3,86
8487,1,A,0,202050502020,20210402,3,87
8488,2,A,0,202050502020,20210402,3,88
8489,1,A,0,202050502020,20210402,3,89
8490,2,A,0,202050502020,20210402,3,90
8491,1,A,0,202050502020,20210402,3,91
8492,2,A,0,202050502020,20210402,3,92
8493,5,C,0,202050502020,20210402,3,93
8494,6,C,0,202050502020,20210402,3,94
8495,5,C,0,202050502020,20210402,3,95
8496,6,C,1,202050502020,20210402,3,96
8497,5,C,0,202050502020,20210402,3,97
8498,6,C,1,202050502020,20210402,3,98
8499,5,C,0,202050502020,20210402,3,99
8500,6,C,0,202050502020,20210402,3,100
8501,5,C,0,202050502020,20210402,3,101
8502,6,C,0,202050502020,20210402,3,102
8503,5,C,0,202050502020,20210402,3,103
8504,6,C,0,202050502020,20210402,3,104
8505,5,C,0,202050502020,20210402,3,105
8506,6,C,0,202050502020,20210402,3,106
8507,3,B,0,202050502020,20210402,3,107
8508,4,B,1,202050502020,20210402,3,108
8509,3,B,0,202050502020,20210402,3,109
8510,4,B,0,202050502020,20210402,3,110
8511,3,B,0,202050502020,20210402,3,111
8512,4,B,0,202050502020,20210402,3,112
8513,3,B,0,202050502020,20210402,3,113
8514,2,A,0,202050502020,20210402,3,114
8515,1,A,1,202050502020,20210402,3,115
8516,2,A,0,202050502020,20210402,3,116
8517,1,A,0,202050502020,20210402,3,117
8518,2,A,0,202050502020,20210402,3,118
8519,1,A,1,202050502020,20210402,3,119
8520,2,A,0,202020208020,20210402,3,120
8521,1,A,0,202020208020,20210402,3,121
8522,2,A,0,202020208020,20210402,3,122
8523,1,A,0,202020208020,20210402,3,123
8524,2,A,0,202020208020,20210402,3,124
8525,1,A,0,202020208020,20210402,3,125
8526,5,C,1,202020208020,20210402,3,126
8527,6,C,0,202020208020,20210402,3,127
8528,5,C,1,202020208020,20210402,3,128
8529,6,C,0,202020208020,20210402,3,129
8530,5,C,1,202020208020,20210402,3,130
8531,6,C,0,202020208020,20210402,3,131
8532,5,C,1,202020208020,20210402,3,132
8533,6,C,0,202020208020,20210402,3,133
8534,5,C,1,202020208020,20210402,3,134
8535,6,C,0,202020208020,20210402,3,135
8536,5,C,1,202020208020,20210402,3,136
8537,6,C,0,202020208020,20210402,3,137
8538,5,C,1,202020208020,20210402,3,138
8539,6,C,0,202020208020,20210402,3,139
8540,5,C,1,202020208020,20210402,3,140
8541,6,C,1,202020208020,20210402,3,141
8542,5,C,1,202020208020,20210402,3,142
8543,6,C,0,202020208020,20210402,3,143
8544,5,C,1,202020208020,20210402,3,144
8545,6,C,0,202020208020,20210402,3,145
8546,5,C,1,202020208020,20210402,3,146
8547,6,C,0,202020208020,20210402,3,147
8548,5,C,1,202020208020,20210402,3,148
8549,6,C,0,202020208020,20210402,3,149
8550,5,C,0,202020208020,20210402,3,150
8551,6,C,0,202020208020,20210402,3,151
8552,5,C,1,202020208020,20210402,3,152
8553,6,C,1,202020208020,20210402,3,153
8554,5,C,1,202020208020,20210402,3,154
8555,6,C,0,202020208020,20210402,3,155
8556,5,C,1,202020208020,20210402,3,156
8557,6,C,0,202020208020,20210402,3,157
8558,5,C,1,202020208020,20210402,3,158
8559,6,C,0,202020208020,20210402,3,159
8560,5,C,1,202020208020,20210402,3,160
8561,6,C,0,202020208020,20210402,3,161
8562,5,C,1,202020208020,20210402,3,162
8563,6,C,0,202020208020,20210402,3,163
8564,5,C,0,202020208020,20210402,3,164
8565,6,C,0,202020208020,20210402,3,165
8566,5,C,1,202020208020,20210402,3,166
8567,6,C,1,202020208020,20210402,3,167
8568,5,C,1,202020208020,20210402,3,168
8569,6,C,0,202020208020,20210402,3,169
8570,5,C,0,202020208020,20210402,3,170
8571,6,C,0,202020208020,20210402,3,171
8572,5,C,1,202020208020,20210402,3,172
8573,6,C,0,202020208020,20210402,3,173
8574,5,C,1,202020208020,20210402,3,174
8575,6,C,0,202020208020,20210402,3,175
8576,5,C,1,202020208020,20210402,3,176
8577,6,C,0,202020208020,20210402,3,177
8578,5,C,1,202020208020,20210402,3,178
8579,6,C,0,202020208020,20210402,3,179
8580,1,A,0,205080505020,20210402,4,0
8581,2,A,0,205080505020,20210402,4,1
8582,1,A,0,205080505020,20210402,4,2
8583,5,C,0,205080505020,20210402,4,3
8584,6,C,0,205080505020,20210402,4,4
8585,5,C,0,205080505020,20210402,4,5
8586,6,C,0,205080505020,20210402,4,6
8587,5,C,1,205080505020,20210402,4,7
8588,6,C,0,205080505020,20210402,4,8
8589,5,C,1,205080505020,20210402,4,9
8590,6,C,1,205080505020,20210402,4,10
8591,5,C,1,205080505020,20210402,4,11
8592,6,C,0,205080505020,20210402,4,12
8593,5,C,1,205080505020,20210402,4,13
8594,6,C,0,205080505020,20210402,4,14
8595,5,C,1,205080505020,20210402,4,15
8596,6,C,0,205080505020,20210402,4,16
8597,5,C,1,205080505020,20210402,4,17
8598,6,C,0,205080505020,20210402,4,18
8599,5,C,1,205080505020,20210402,4,19
8600,6,C,1,205080505020,20210402,4,20
8601,5,C,1,205080505020,20210402,4,21
8602,6,C,0,205080505020,20210402,4,22
8603,5,C,0,205080505020,20210402,4,23
8604,6,C,0,205080505020,20210402,4,24
8605,5,C,0,205080505020,20210402,4,25
8606,4,B,1,205080505020,20210402,4,26
8607,3,B,1,205080505020,20210402,4,27
8608,4,B,0,205080505020,20210402,4,28
8609,3,B,1,205080505020,20210402,4,29
8610,4,B,1,205080505020,20210402,4,30
8611,3,B,0,205080505020,20210402,4,31
8612,1,A,0,205080505020,20210402,4,32
8613,2,A,0,205080505020,20210402,4,33
8614,1,A,0,205080505020,20210402,4,34
8615,5,C,1,205080505020,20210402,4,35
8616,6,C,0,205080505020,20210402,4,36
8617,5,C,1,205080505020,20210402,4,37
8618,6,C,0,205080505020,20210402,4,38
8619,5,C,0,205080505020,20210402,4,39
8620,6,C,0,205080505020,20210402,4,40
8621,5,C,0,205080505020,20210402,4,41
8622,3,B,0,205080505020,20210402,4,42
8623,4,B,1,205080505020,20210402,4,43
8624,3,B,1,205080505020,20210402,4,44
8625,4,B,0,205080505020,20210402,4,45
8626,3,B,1,205080505020,20210402,4,46
8627,4,B,1,205080505020,20210402,4,47
8628,3,B,1,205080505020,20210402,4,48
8629,4,B,0,205080505020,20210402,4,49
8630,3,B,1,205080505020,20210402,4,50
8631,4,B,1,205080505020,20210402,4,51
8632,3,B,1,205080505020,20210402,4,52
8633,4,B,0,205080505020,20210402,4,53
8634,3,B,1,205080505020,20210402,4,54
8635,4,B,0,205080505020,20210402,4,55
8636,3,B,1,205080505020,20210402,4,56
8637,4,B,0,205080505020,20210402,4,57
8638,3,B,0,205080505020,20210402,4,58
8639,4,B,0,205080505020,20210402,4,59
8640,3,B,0,502020205080,20210402,4,60
8641,4,B,0,502020205080,20210402,4,61
8642,3,B,1,502020205080,20210402,4,62
8643,4,B,0,502020205080,20210402,4,63
8644,3,B,1,502020205080,20210402,4,64
8645,4,B,1,502020205080,20210402,4,65
8646,3,B,0,502020205080,20210402,4,66
8647,4,B,0,502020205080,20210402,4,67
8648,3,B,1,502020205080,20210402,4,68
8649,4,B,0,502020205080,20210402,4,69
8650,3,B,0,502020205080,20210402,4,70
8651,4,B,0,502020205080,20210402,4,71
8652,3,B,0,502020205080,20210402,4,72
8653,4,B,0,502020205080,20210402,4,73
8654,5,C,1,502020205080,20210402,4,74
8655,6,C,1,502020205080,20210402,4,75
8656,5,C,1,502020205080,20210402,4,76
8657,6,C,1,502020205080,20210402,4,77
8658,5,C,1,502020205080,20210402,4,78
8659,6,C,1,502020205080,20210402,4,79
8660,5,C,1,502020205080,20210402,4,80
8661,6,C,1,502020205080,20210402,4,81
8662,5,C,0,502020205080,20210402,4,82
8663,6,C,1,502020205080,20210402,4,83
8664,5,C,1,502020205080,20210402,4,84
8665,6,C,1,502020205080,20210402,4,85
8666,5,C,0,502020205080,20210402,4,86
8667,6,C,1,502020205080,20210402,4,87
8668,5,C,0,502020205080,20210402,4,88
8669,6,C,0,502020205080,20210402,4,89
8670,5,C,0,502020205080,20210402,4,90
8671,6,C,1,502020205080,20210402,4,91
8672,5,C,1,502020205080,20210402,4,92
8673,6,C,0,502020205080,20210402,4,93
8674,5,C,1,502020205080,20210402,4,94
8675,6,C,1,502020205080,20210402,4,95
8676,5,C,0,502020205080,20210402,4,96
8677,6,C,0,502020205080,20210402,4,97
8678,5,C,1,502020205080,20210402,4,98
8679,6,C,1,502020205080,20210402,4,99
8680,5,C,1,502020205080,20210402,4,100
8681,6,C,1,502020205080,20210402,4,101
8682,5,C,0,502020205080,20210402,4,102
8683,6,C,1,502020205080,20210402,4,103
8684,5,C,1,502020205080,20210402,4,104
8685,6,C,1,502020205080,20210402,4,105
8686,5,C,0,502020205080,20210402,4,106
8687,6,C,1,502020205080,20210402,4,107
8688,5,C,1,502020205080,20210402,4,108
8689,6,C,1,502020205080,20210402,4,109
8690,5,C,1,502020205080,20210402,4,110
8691,6,C,1,502020205080,20210402,4,111
8692,5,C,1,502020205080,20210402,4,112
8693,6,C,1,502020205080,20210402,4,113
8694,5,C,0,502020205080,20210402,4,114
8695,6,C,1,502020205080,20210402,4,115
8696,5,C,0,502020205080,20210402,4,116
8697,6,C,1,502020205080,20210402,4,117
8698,5,C,1,502020205080,20210402,4,118
8699,6,C,0,502020205080,20210402,4,119
8700,5,C,0,202080205020,20210402,4,120
8701,6,C,0,202080205020,20210402,4,121
8702,5,C,0,202080205020,20210402,4,122
8703,6,C,0,202080205020,20210402,4,123
8704,5,C,0,202080205020,20210402,4,124
8705,3,B,1,202080205020,20210402,4,125
8706,4,B,0,202080205020,20210402,4,126
8707,3,B,1,202080205020,20210402,4,127
8708,4,B,1,202080205020,20210402,4,128
8709,3,B,1,202080205020,20210402,4,129
8710,4,B,1,202080205020,20210402,4,130
8711,3,B,1,202080205020,20210402,4,131
8712,4,B,0,202080205020,20210402,4,132
8713,3,B,1,202080205020,20210402,4,133
8714,4,B,0,202080205020,20210402,4,134
8715,3,B,1,202080205020,20210402,4,135
8716,4,B,1,202080205020,20210402,4,136
8717,3,B,1,202080205020,20210402,4,137
8718,4,B,0,202080205020,20210402,4,138
8719,3,B,1,202080205020,20210402,4,139
8720,4,B,0,202080205020,20210402,4,140
8721,3,B,1,202080205020,20210402,4,141
8722,4,B,0,202080205020,20210402,4,142
8723,3,B,0,202080205020,20210402,4,143
8724,4,B,0,202080205020,20210402,4,144
8725,3,B,1,202080205020,20210402,4,145
8726,4,B,1,202080205020,20210402,4,146
8727,3,B,1,202080205020,20210402,4,147
8728,4,B,0,202080205020,20210402,4,148
8729,3,B,0,202080205020,20210402,4,149
8730,4,B,0,202080205020,20210402,4,150
8731,3,B,1,202080205020,20210402,4,151
8732,4,B,0,202080205020,20210402,4,152
8733,3,B,1,202080205020,20210402,4,153
8734,4,B,0,202080205020,20210402,4,154
8735,3,B,0,202080205020,20210402,4,155
8736,4,B,1,202080205020,20210402,4,156
8737,3,B,1,202080205020,20210402,4,157
8738,4,B,0,202080205020,20210402,4,158
8739,3,B,0,202080205020,20210402,4,159
8740,4,B,0,202080205020,20210402,4,160
8741,3,B,1,202080205020,20210402,4,161
8742,4,B,0,202080205020,20210402,4,162
8743,3,B,0,202080205020,20210402,4,163
8744,4,B,1,202080205020,20210402,4,164
8745,3,B,1,202080205020,20210402,4,165
8746,4,B,0,202080205020,20210402,4,166
8747,3,B,1,202080205020,20210402,4,167
8748,4,B,0,202080205020,20210402,4,168
8749,3,B,1,202080205020,20210402,4,169
8750,4,B,0,202080205020,20210402,4,170
8751,3,B,0,202080205020,20210402,4,171
8752,4,B,0,202080205020,20210402,4,172
8753,3,B,1,202080205020,20210402,4,173
8754,4,B,0,202080205020,20210402,4,174
8755,3,B,1,202080205020,20210402,4,175
8756,4,B,0,202080205020,20210402,4,176
8757,3,B,1,202080205020,20210402,4,177
8758,4,B,0,202080205020,20210402,4,178
8759,3,B,1,202080205020,20210402,4,179
8760,2,A,1,508020502020,20210402,5,0
8761,1,A,1,508020502020,20210402,5,1
8762,2,A,1,508020502020,20210402,5,2
8763,1,A,0,508020502020,20210402,5,3
8764,2,A,1,508020502020,20210402,5,4
8765,1,A,0,508020502020,20210402,5,5
8766,2,A,1,508020502020,20210402,5,6
8767,5,C,1,508020502020,20210402,5,7
8768,6,C,0,508020502020,20210402,5,8
8769,5,C,1,508020502020,20210402,5,9
8770,6,C,1,508020502020,20210402,5,10
8771,5,C,0,508020502020,20210402,5,11
8772,6,C,0,508020502020,20210402,5,12
8773,5,C,0,508020502020,20210402,5,13
8774,3,B,1,508020502020,20210402,5,14
8775,4,B,0,508020502020,20210402,5,15
8776,3,B,1,508020502020,20210402,5,16
8777,4,B,1,508020502020,20210402,5,17
8778,3,B,0,508020502020,20210402,5,18
8779,4,B,0,508020502020,20210402,5,19
8780,3,B,0,508020502020,20210402,5,20
8781,4,B,0,508020502020,20210402,5,21
8782,5,C,0,508020502020,20210402,5,22
8783,6,C,1,508020502020,20210402,5,23
8784,5,C,0,508020502020,20210402,5,24
8785,6,C,0,508020502020,20210402,5,25
8786,5,C,0,508020502020,20210402,5,26
8787,2,A,1,508020502020,20210402,5,27
8788,1,A,1,508020502020,20210402,5,28
8789,2,A,1,508020502020,20210402,5,29
8790,1,A,0,508020502020,20210402,5,30
8791,2,A,1,508020502020,20210402,5,31
8792,1,A,1,508020502020,20210402,5,32
8793,2,A,1,508020502020,20210402,5,33
8794,1,A,0,508020502020,20210402,5,34
8795,2,A,1,508020502020,20210402,5,35
8796,1,A,0,508020502020,20210402,5,36
8797,2,A,1,508020502020,20210402,5,37
8798,1,A,1,508020502020,20210402,5,38
8799,2,A,1,508020502020,20210402,5,39
8800,1,A,0,508020502020,20210402,5,40
8801,2,A,1,508020502020,20210402,5,41
8802,1,A,1,508020502020,20210402,5,42
8803,2,A,1,508020502020,20210402,5,43
8804,1,A,1,508020502020,20210402,5,44
8805,2,A,1,508020502020,20210402,5,45
8806,1,A,1,508020502020,20210402,5,46
8807,2,A,1,508020502020,20210402,5,47
8808,1,A,0,508020502020,20210402,5,48
8809,2,A,1,508020502020,20210402,5,49
8810,1,A,1,508020502020,20210402,5,50
8811,2,A,1,508020502020,20210402,5,51
8812,1,A,0,508020502020,20210402,5,52
8813,2,A,0,508020502020,20210402,5,53
8814,1,A,1,508020502020,20210402,5,54
8815,2,A,1,508020502020,20210402,5,55
8816,1,A,1,508020502020,20210402,5,56
8817,2,A,0,508020502020,20210402,5,57
8818,1,A,1,508020502020,20210402,5,58
8819,2,A,1,508020502020,20210402,5,59
8820,1,A,0,202050502050,20210402,5,60
8821,2,A,0,202050502050,20210402,5,61
8822,1,A,0,202050502050,20210402,5,62
8823,2,A,0,202050502050,20210402,5,63
8824,1,A,0,202050502050,20210402,5,64
8825,2,A,0,202050502050,20210402,5,65
8826,5,C,0,202050502050,20210402,5,66
8827,6,C,0,202050502050,20210402,5,67
8828,5,C,0,202050502050,20210402,5,68
8829,3,B,0,202050502050,20210402,5,69
8830,4,B,0,202050502050,20210402,5,70
8831,3,B,0,202050502050,20210402,5,71
8832,4,B,1,202050502050,20210402,5,72
8833,3,B,0,202050502050,20210402,5,73
8834,4,B,1,202050502050,20210402,5,74
8835,3,B,0,202050502050,20210402,5,75
8836,4,B,0,202050502050,20210402,5,76
8837,3,B,1,202050502050,20210402,5,77
8838,4,B,1,202050502050,20210402,5,78
8839,3,B,0,202050502050,20210402,5,79
8840,4,B,0,202050502050,20210402,5,80
8841,3,B,1,202050502050,20210402,5,81
8842,4,B,0,202050502050,20210402,5,82
8843,3,B,1,202050502050,20210402,5,83
8844,4,B,1,202050502050,20210402,5,84
8845,3,B,1,202050502050,20210402,5,85
8846,4,B,0,202050502050,20210402,5,86
8847,3,B,0,202050502050,20210402,5,87
8848,4,B,1,202050502050,20210402,5,88
8849,3,B,0,202050502050,20210402,5,89
8850,4,B,1,202050502050,20210402,5,90
8851,3,B,0,202050502050,20210402,5,91
8852,4,B,1,202050502050,20210402,5,92
8853,3,B,1,202050502050,20210402,5,93
8854,4,B,1,202050502050,20210402,5,94
8855,3,B,0,202050502050,20210402,5,95
8856,4,B,1,202050502050,20210402,5,96
8857,3,B,0,202050502050,20210402,5,97
8858,4,B,1,202050502050,20210402,5,98
8859,3,B,0,202050502050,20210402,5,99
8860,4,B,1,202050502050,20210402,5,100
8861,3,B,1,202050502050,20210402,5,101
8862,4,B,0,202050502050,20210402,5,102
8863,3,B,0,202050502050,20210402,5,103
8864,4,B,1,202050502050,20210402,5,104
8865,3,B,0,202050502050,20210402,5,105
8866,4,B,1,202050502050,20210402,5,106
8867,3,B,0,202050502050,20210402,5,107
8868,4,B,1,202050502050,20210402,5,108
8869,3,B,1,202050502050,20210402,5,109
8870,4,B,1,202050502050,20210402,5,110
8871,3,B,1,202050502050,20210402,5,111
8872,4,B,0,202050502050,20210402,5,112
8873,3,B,0,202050502050,20210402,5,113
8874,4,B,0,202050502050,20210402,5,114
8875,3,B,0,202050502050,20210402,5,115
8876,4,B,1,202050502050,20210402,5,116
8877,3,B,1,202050502050,20210402,5,117
8878,4,B,0,202050502050,20210402,5,118
8879,3,B,0,202050502050,20210402,5,119
8880,4,B,0,205020205080,20210402,5,120
8881,3,B,0,205020205080,20210402,5,121
8882,4,B,0,205020205080,20210402,5,122
8883,3,B,0,205020205080,20210402,5,123
8884,2,A,0,205020205080,20210402,5,124
8885,1,A,0,205020205080,20210402,5,125
8886,2,A,1,205020205080,20210402,5,126
8887,1,A,0,205020205080,20210402,5,127
8888,2,A,0,205020205080,20210402,5,128
8889,1,A,0,205020205080,20210402,5,129
8890,2,A,0,205020205080,20210402,5,130
8891,5,C,1,205020205080,20210402,5,131
8892,6,C,1,205020205080,20210402,5,132
8893,5,C,0,205020205080,20210402,5,133
8894,6,C,0,205020205080,20210402,5,134
8895,5,C,1,205020205080,20210402,5,135
8896,6,C,1,205020205080,20210402,5,136
8897,5,C,0,205020205080,20210402,5,137
8898,6,C,1,205020205080,20210402,5,138
8899,5,C,0,205020205080,20210402,5,139
8900,6,C,1,205020205080,20210402,5,140
8901,5,C,0,205020205080,20210402,5,141
8902,6,C,1,205020205080,20210402,5,142
8903,5,C,1,205020205080,20210402,5,143
8904,6,C,0,205020205080,20210402,5,144
8905,5,C,0,205020205080,20210402,5,145
8906,6,C,0,205020205080,20210402,5,146
8907,5,C,0,205020205080,20210402,5,147
8908,6,C,1,205020205080,20210402,5,148
8909,5,C,0,205020205080,20210402,5,149
8910,6,C,1,205020205080,20210402,5,150
8911,5,C,1,205020205080,20210402,5,151
8912,6,C,1,205020205080,20210402,5,152
8913,5,C,0,205020205080,20210402,5,153
8914,6,C,0,205020205080,20210402,5,154
8915,5,C,1,205020205080,20210402,5,155
8916,6,C,1,205020205080,20210402,5,156
8917,5,C,0,205020205080,20210402,5,157
8918,6,C,1,205020205080,20210402,5,158
8919,5,C,0,205020205080,20210402,5,159
8920,6,C,1,205020205080,20210402,5,160
8921,5,C,0,205020205080,20210402,5,161
8922,6,C,1,205020205080,20210402,5,162
8923,5,C,1,205020205080,20210402,5,163
8924,6,C,0,205020205080,20210402,5,164
8925,5,C,1,205020205080,20210402,5,165
8926,6,C,1,205020205080,20210402,5,166
8927,5,C,0,205020205080,20210402,5,167
8928,6,C,1,205020205080,20210402,5,168
8929,5,C,0,205020205080,20210402,5,169
8930,6,C,1,205020205080,20210402,5,170
8931,5,C,0,205020205080,20210402,5,171
8932,6,C,1,205020205080,20210402,5,172
8933,5,C,1,205020205080,20210402,5,173
8934,6,C,1,205020205080,20210402,5,174
8935,5,C,1,205020205080,20210402,5,175
8936,6,C,1,205020205080,20210402,5,176
8937,5,C,1,205020205080,20210402,5,177
8938,6,C,1,205020205080,20210402,5,178
8939,5,C,1,205020205080,20210402,5,179
8940,1,A,0,802020202020,20210402,6,0
8941,2,A,0,802020202020,20210402,6,1
8942,1,A,1,802020202020,20210402,6,2
8943,2,A,1,802020202020,20210402,6,3
8944,1,A,0,802020202020,20210402,6,4
8945,2,A,0,802020202020,20210402,6,5
8946,5,C,1,802020202020,20210402,6,6
8947,6,C,0,802020202020,20210402,6,7
8948,5,C,0,802020202020,20210402,6,8
8949,6,C,0,802020202020,20210402,6,9
8950,5,C,0,802020202020,20210402,6,10
8951,3,B,0,802020202020,20210402,6,11
8952,4,B,0,802020202020,20210402,6,12
8953,3,B,0,802020202020,20210402,6,13
8954,4,B,0,802020202020,20210402,6,14
8955,1,A,1,802020202020,20210402,6,15
8956,2,A,0,802020202020,20210402,6,16
8957,1,A,1,802020202020,20210402,6,17
8958,2,A,0,802020202020,20210402,6,18
8959,1,A,1,802020202020,20210402,6,19
8960,2,A,0,802020202020,20210402,6,20
8961,1,A,1,802020202020,20210402,6,21
8962,2,A,0,802020202020,20210402,6,22
8963,1,A,1,802020202020,20210402,6,23
8964,2,A,0,802020202020,20210402,6,24
8965,1,A,0,802020202020,20210402,6,25
8966,2,A,0,802020202020,20210402,6,26
8967,1,A,0,802020202020,20210402,6,27
8968,2,A,0,802020202020,20210402,6,28
8969,1,A,0,802020202020,20210402,6,29
8970,5,C,0,802020202020,20210402,6,30
8971,6,C,0,802020202020,20210402,6,31
8972,5,C,1,802020202020,20210402,6,32
8973,6,C,0,802020202020,20210402,6,33
8974,5,C,0,802020202020,20210402,6,34
8975,6,C,0,802020202020,20210402,6,35
8976,5,C,0,802020202020,20210402,6,36
8977,3,B,0,802020202020,20210402,6,37
8978,4,B,0,802020202020,20210402,6,38
8979,3,B,0,802020202020,20210402,6,39
8980,4,B,0,802020202020,20210402,6,40
8981,1,A,1,802020202020,20210402,6,41
8982,2,A,0,802020202020,20210402,6,42
8983,1,A,1,802020202020,20210402,6,43
8984,2,A,0,802020202020,20210402,6,44
8985,1,A,1,802020202020,20210402,6,45
8986,2,A,0,802020202020,20210402,6,46
8987,1,A,0,802020202020,20210402,6,47
8988,2,A,0,802020202020,20210402,6,48
8989,1,A,1,802020202020,20210402,6,49
8990,2,A,0,802020202020,20210402,6,50
8991,1,A,1,802020202020,20210402,6,51
8992,2,A,0,802020202020,20210402,6,52
8993,1,A,1,802020202020,20210402,6,53
8994,2,A,0,802020202020,20210402,6,54
8995,1,A,1,802020202020,20210402,6,55
8996,2,A,0,802020202020,20210402,6,56
8997,1,A,1,802020202020,20210402,6,57
8998,2,A,1,802020202020,20210402,6,58
8999,1,A,0,802020202020,20210402,6,59
9000,2,A,0,202020505080,20210402,6,60
9001,1,A,1,202020505080,20210402,6,61
9002,2,A,0,202020505080,20210402,6,62
9003,1,A,0,202020505080,20210402,6,63
9004,3,B,0,202020505080,20210402,6,64
9005,4,B,1,202020505080,20210402,6,65
9006,3,B,1,202020505080,20210402,6,66
9007,4,B,0,202020505080,20210402,6,67
9008,3,B,0,202020505080,20210402,6,68
9009,4,B,1,202020505080,20210402,6,69
9010,3,B,1,202020505080,20210402,6,70
9011,4,B,1,202020505080,20210402,6,71
9012,3,B,0,202020505080,20210402,6,72
9013,4,B,0,202020505080,20210402,6,73
9014,3,B,0,202020505080,20210402,6,74
9015,4,B,1,202020505080,20210402,6,75
9016,3,B,0,202020505080,20210402,6,76
9017,4,B,0,202020505080,20210402,6,77
9018,3,B,0,202020505080,20210402,6,78
9019,4,B,0,202020505080,20210402,6,79
9020,3,B,0,202020505080,20210402,6,80
9021,4,B,0,202020505080,20210402,6,81
9022,1,A,1,202020505080,20210402,6,82
9023,2,A,0,202020505080,20210402,6,83
9024,1,A,1,202020505080,20210402,6,84
9025,2,A,0,202020505080,20210402,6,85
9026,1,A,0,202020505080,20210402,6,86
9027,2,A,0,202020505080,20210402,6,87
9028,1,A,0,202020505080,20210402,6,88
9029,2,A,0,202020505080,20210402,6,89
9030,1,A,0,202020505080,20210402,6,90
9031,2,A,0,202020505080,20210402,6,91
9032,1,A,0,202020505080,20210402,6,92
9033,5,C,1,202020505080,20210402,6,93
9034,6,C,0,202020505080,20210402,6,94
9035,5,C,1,202020505080,20210402,6,95
9036,6,C,1,202020505080,20210402,6,96
9037,5,C,1,202020505080,20210402,6,97
9038,6,C,1,202020505080,20210402,6,98
9039,5,C,0,202020505080,20210402,6,99
9040,6,C,1,202020505080,20210402,6,100
9041,5,C,0,202020505080,20210402,6,101
9042,6,C,1,202020505080,20210402,6,102
9043,5,C,1,202020505080,20210402,6,103
9044,6,C,1,202020505080,20210402,6,104
9045,5,C,1,202020505080,20210402,6,105
9046,6,C,1,202020505080,20210402,6,106
9047,5,C,0,202020505080,20210402,6,107
9048,6,C,1,202020505080,20210402,6,108
9049,5,C,1,202020505080,20210402,6,109
9050,6,C,1,202020505080,20210402,6,110
9051,5,C,0,202020505080,20210402,6,111
9052,6,C,1,202020505080,20210402,6,112
9053,5,C,0,202020505080,20210402,6,113
9054,6,C,1,202020505080,20210402,6,114
9055,5,C,1,202020505080,20210402,6,115
9056,6,C,0,202020505080,20210402,6,116
9057,5,C,1,202020505080,20210402,6,117
9058,6,C,1,202020505080,20210402,6,118
9059,5,C,0,202020505080,20210402,6,119
9060,6,C,0,202080202020,20210402,6,120
9061,5,C,0,202080202020,20210402,6,121
9062,6,C,0,202080202020,20210402,6,122
9063,5,C,1,202080202020,20210402,6,123
9064,6,C,0,202080202020,20210402,6,124
9065,5,C,0,202080202020,20210402,6,125
9066,6,C,0,202080202020,20210402,6,126
9067,5,C,0,202080202020,20210402,6,127
9068,6,C,0,202080202020,20210402,6,128
9069,3,B,0,202080202020,20210402,6,129
9070,4,B,0,202080202020,20210402,6,130
9071,3,B,1,202080202020,20210402,6,131
9072,4,B,1,202080202020,20210402,6,132
9073,3,B,1,202080202020,20210402,6,133
9074,4,B,0,202080202020,20210402,6,134
9075,3,B,1,202080202020,20210402,6,135
9076,4,B,1,202080202020,20210402,6,136
9077,3,B,1,202080202020,20210402,6,137
9078,4,B,1,202080202020,20210402,6,138
9079,3,B,1,202080202020,20210402,6,139
9080,4,B,0,202080202020,20210402,6,140
9081,3,B,1,202080202020,20210402,6,141
9082,4,B,0,202080202020,20210402,6,142
9083,3,B,1,202080202020,20210402,6,143
9084,4,B,0,202080202020,20210402,6,144
9085,3,B,1,202080202020,20210402,6,145
9086,4,B,0,202080202020,20210402,6,146
9087,3,B,1,202080202020,20210402,6,147
9088,4,B,0,202080202020,20210402,6,148
9089,3,B,0,202080202020,20210402,6,149
9090,4,B,0,202080202020,20210402,6,150
9091,3,B,1,202080202020,20210402,6,151
9092,4,B,0,202080202020,20210402,6,152
9093,3,B,1,202080202020,20210402,6,153
9094,4,B,0,202080202020,20210402,6,154
9095,3,B,1,202080202020,20210402,6,155
9096,4,B,0,202080202020,20210402,6,156
9097,3,B,0,202080202020,20210402,6,157
9098,4,B,1,202080202020,20210402,6,158
9099,3,B,1,202080202020,20210402,6,159
9100,4,B,0,202080202020,20210402,6,160
9101,3,B,1,202080202020,20210402,6,161
9102,4,B,0,202080202020,20210402,6,162
9103,3,B,1,202080202020,20210402,6,163
9104,4,B,1,202080202020,20210402,6,164
9105,3,B,1,202080202020,20210402,6,165
9106,4,B,0,202080202020,20210402,6,166
9107,3,B,0,202080202020,20210402,6,167
9108,4,B,0,202080202020,20210402,6,168
9109,3,B,1,202080202020,20210402,6,169
9110,4,B,1,202080202020,20210402,6,170
9111,3,B,1,202080202020,20210402,6,171
9112,4,B,0,202080202020,20210402,6,172
9113,3,B,1,202080202020,20210402,6,173
9114,4,B,0,202080202020,20210402,6,174
9115,3,B,0,202080202020,20210402,6,175
9116,4,B,0,202080202020,20210402,6,176
9117,3,B,1,202080202020,20210402,6,177
9118,4,B,0,202080202020,20210402,6,178
9119,3,B,0,202080202020,20210402,6,179
9120,1,A,0,202020502080,20210402,7,0
9121,2,A,0,202020502080,20210402,7,1
9122,1,A,0,202020502080,20210402,7,2
9123,5,C,0,202020502080,20210402,7,3
9124,6,C,1,202020502080,20210402,7,4
9125,5,C,0,202020502080,20210402,7,5
9126,6,C,1,202020502080,20210402,7,6
9127,5,C,0,202020502080,20210402,7,7
9128,6,C,1,202020502080,20210402,7,8
9129,5,C,0,202020502080,20210402,7,9
9130,6,C,1,202020502080,20210402,7,10
9131,3,B,1,202020502080,20210402,7,11
9132,4,B,1,202020502080,20210402,7,12
9133,3,B,1,202020502080,20210402,7,13
9134,4,B,0,202020502080,20210402,7,14
9135,3,B,0,202020502080,20210402,7,15
9136,4,B,0,202020502080,20210402,7,16
9137,3,B,0,202020502080,20210402,7,17
9138,1,A,0,202020502080,20210402,7,18
9139,2,A,1,202020502080,20210402,7,19
9140,1,A,0,202020502080,20210402,7,20
9141,2,A,0,202020502080,20210402,7,21
9142,1,A,0,202020502080,20210402,7,22
9143,2,A,0,202020502080,20210402,7,23
9144,5,C,0,202020502080,20210402,7,24
9145,6,C,1,202020502080,20210402,7,25
9146,5,C,1,202020502080,20210402,7,26
9147,6,C,1,202020502080,20210402,7,27
9148,5,C,0,202020502080,20210402,7,28
9149,6,C,1,202020502080,20210402,7,29
9150,5,C,0,202020502080,20210402,7,30
9151,6,C,1,202020502080,20210402,7,31
9152,5,C,0,202020502080,20210402,7,32
9153,6,C,0,202020502080,20210402,7,33
9154,5,C,0,202020502080,20210402,7,34
9155,6,C,1,202020502080,20210402,7,35
9156,5,C,0,202020502080,20210402,7,36
9157,6,C,1,202020502080,20210402,7,37
9158,5,C,0,202020502080,20210402,7,38
9159,6,C,0,202020502080,20210402,7,39
9160,5,C,0,202020502080,20210402,7,40
9161,6,C,1,202020502080,20210402,7,41
9162,5,C,1,202020502080,20210402,7,42
9163,6,C,1,202020502080,20210402,7,43
9164,5,C,0,202020502080,20210402,7,44
9165,6,C,1,202020502080,20210402,7,45
9166,5,C,0,202020502080,20210402,7,46
9167,6,C,1,202020502080,20210402,7,47
9168,5,C,0,202020502080,20210402,7,48
9169,6,C,1,202020502080,20210402,7,49
9170,5,C,1,202020502080,20210402,7,50
9171,6,C,1,202020502080,20210402,7,51
9172,5,C,0,202020502080,20210402,7,52
9173,6,C,0,202020502080,20210402,7,53
9174,5,C,0,202020502080,20210402,7,54
9175,6,C,1,202020502080,20210402,7,55
9176,5,C,0,202020502080,20210402,7,56
9177,6,C,1,202020502080,20210402,7,57
9178,5,C,0,202020502080,20210402,7,58
9179,6,C,1,202020502080,20210402,7,59
9180,5,C,0,502080502020,20210402,7,60
9181,6,C,0,502080502020,20210402,7,61
9182,5,C,0,502080502020,20210402,7,62
9183,6,C,1,502080502020,20210402,7,63
9184,5,C,1,502080502020,20210402,7,64
9185,6,C,0,502080502020,20210402,7,65
9186,5,C,0,502080502020,20210402,7,66
9187,6,C,1,502080502020,20210402,7,67
9188,5,C,0,502080502020,20210402,7,68
9189,6,C,0,502080502020,20210402,7,69
9190,5,C,1,502080502020,20210402,7,70
9191,6,C,0,502080502020,20210402,7,71
9192,5,C,0,502080502020,20210402,7,72
9193,6,C,1,502080502020,20210402,7,73
9194,5,C,0,502080502020,20210402,7,74
9195,6,C,0,502080502020,20210402,7,75
9196,5,C,0,502080502020,20210402,7,76
9197,6,C,0,502080502020,20210402,7,77
9198,3,B,1,502080502020,20210402,7,78
9199,4,B,0,502080502020,20210402,7,79
9200,3,B,1,502080502020,20210402,7,80
9201,4,B,1,502080502020,20210402,7,81
9202,3,B,0,502080502020,20210402,7,82
9203,4,B,0,502080502020,20210402,7,83
9204,3,B,1,502080502020,20210402,7,84
9205,4,B,1,502080502020,20210402,7,85
9206,3,B,1,502080502020,20210402,7,86
9207,4,B,0,502080502020,20210402,7,87
9208,3,B,1,502080502020,20210402,7,88
9209,4,B,0,502080502020,20210402,7,89
9210,3,B,1,502080502020,20210402,7,90
9211,4,B,1,502080502020,20210402,7,91
9212,3,B,0,502080502020,20210402,7,92
9213,4,B,0,502080502020,20210402,7,93
9214,3,B,0,502080502020,20210402,7,94
9215,4,B,1,502080502020,20210402,7,95
9216,3,B,1,502080502020,20210402,7,96
9217,4,B,1,502080502020,20210402,7,97
9218,3,B,1,502080502020,20210402,7,98
9219,4,B,1,502080502020,20210402,7,99
9220,3,B,1,502080502020,20210402,7,100
9221,4,B,1,502080502020,20210402,7,101
9222,3,B,1,502080502020,20210402,7,102
9223,4,B,0,502080502020,20210402,7,103
9224,3,B,1,502080502020,20210402,7,104
9225,4,B,1,502080502020,20210402,7,105
9226,3,B,1,502080502020,20210402,7,106
9227,4,B,1,502080502020,20210402,7,107
9228,3,B,1,502080502020,20210402,7,108
9229,4,B,0,502080502020,20210402,7,109
9230,3,B,1,502080502020,20210402,7,110
9231,4,B,1,502080502020,20210402,7,111
9232,3,B,1,502080502020,20210402,7,112
9233,4,B,1,502080502020,20210402,7,113
9234,3,B,0,502080502020,20210402,7,114
9235,4,B,0,502080502020,20210402,7,115
9236,3,B,1,502080502020,20210402,7,116
9237,4,B,1,502080502020,20210402,7,117
9238,3,B,1,502080502020,20210402,7,118
9239,4,B,0,502080502020,20210402,7,119
9240,3,B,0,508020205020,20210402,7,120
9241,4,B,0,508020205020,20210402,7,121
9242,3,B,0,508020205020,20210402,7,122
9243,4,B,0,508020205020,20210402,7,123
9244,5,C,0,508020205020,20210402,7,124
9245,6,C,0,508020205020,20210402,7,125
9246,5,C,0,508020205020,20210402,7,126
9247,6,C,0,508020205020,20210402,7,127
9248,5,C,0,508020205020,20210402,7,128
9249,1,A,1,508020205020,20210402,7,129
9250,2,A,1,508020205020,20210402,7,130
9251,1,A,1,508020205020,20210402,7,131
9252,2,A,0,508020205020,20210402,7,132
9253,1,A,1,508020205020,20210402,7,133
9254,2,A,1,508020205020,20210402,7,134
9255,1,A,1,508020205020,20210402,7,135
9256,2,A,1,508020205020,20210402,7,136
9257,1,A,0,508020205020,20210402,7,137
9258,2,A,1,508020205020,20210402,7,138
9259,1,A,0,508020205020,20210402,7,139
9260,2,A,0,508020205020,20210402,7,140
9261,1,A,1,508020205020,20210402,7,141
9262,2,A,1,508020205020,20210402,7,142
9263,1,A,0,508020205020,20210402,7,143
9264,2,A,1,508020205020,20210402,7,144
9265,1,A,1,508020205020,20210402,7,145
9266,2,A,1,508020205020,20210402,7,146
9267,1,A,1,508020205020,20210402,7,147
9268,2,A,1,508020205020,20210402,7,148
9269,1,A,1,508020205020,20210402,7,149
9270,2,A,1,508020205020,20210402,7,150
9271,1,A,0,508020205020,20210402,7,151
9272,2,A,1,508020205020,20210402,7,152
9273,1,A,0,508020205020,20210402,7,153
9274,2,A,1,508020205020,20210402,7,154
9275,1,A,0,508020205020,20210402,7,155
9276,2,A,1,508020205020,20210402,7,156
9277,1,A,1,508020205020,20210402,7,157
9278,2,A,1,508020205020,20210402,7,158
9279,1,A,1,508020205020,20210402,7,159
9280,2,A,1,508020205020,20210402,7,160
9281,1,A,0,508020205020,20210402,7,161
9282,2,A,1,508020205020,20210402,7,162
9283,1,A,0,508020205020,20210402,7,163
9284,2,A,1,508020205020,20210402,7,164
9285,1,A,0,508020205020,20210402,7,165
9286,2,A,1,508020205020,20210402,7,166
9287,1,A,1,508020205020,20210402,7,167
9288,2,A,0,508020205020,20210402,7,168
9289,1,A,0,508020205020,20210402,7,169
9290,2,A,1,508020205020,20210402,7,170
9291,1,A,1,508020205020,20210402,7,171
9292,2,A,0,508020205020,20210402,7,172
9293,1,A,1,508020205020,20210402,7,173
9294,2,A,1,508020205020,20210402,7,174
9295,1,A,0,508020205020,20210402,7,175
9296,2,A,1,508020205020,20210402,7,176
9297,1,A,0,508020205020,20210402,7,177
9298,2,A,1,508020205020,20210402,7,178
9299,1,A,1,508020205020,20210402,7,179
9300,1,A,0,208020505080,20210402,8,0
9301,2,A,1,208020505080,20210402,8,1
9302,1,A,0,208020505080,20210402,8,2
9303,2,A,0,208020505080,20210402,8,3
9304,5,C,0,208020505080,20210402,8,4
9305,6,C,1,208020505080,20210402,8,5
9306,5,C,0,208020505080,20210402,8,6
9307,6,C,1,208020505080,20210402,8,7
9308,5,C,0,208020505080,20210402,8,8
9309,6,C,1,208020505080,20210402,8,9
9310,5,C,1,208020505080,20210402,8,10
9311,6,C,1,208020505080,20210402,8,11
9312,5,C,0,208020505080,20210402,8,12
9313,6,C,1,208020505080,20210402,8,13
9314,5,C,1,208020505080,20210402,8,14
9315,6,C,1,208020505080,20210402,8,15
9316,5,C,1,208020505080,20210402,8,16
9317,6,C,1,208020505080,20210402,8,17
9318,5,C,1,208020505080,20210402,8,18
9319,6,C,0,208020505080,20210402,8,19
9320,5,C,0,208020505080,20210402,8,20
9321,6,C,1,208020505080,20210402,8,21
9322,5,C,0,208020505080,20210402,8,22
9323,6,C,1,208020505080,20210402,8,23
9324,5,C,1,208020505080,20210402,8,24
9325,6,C,1,208020505080,20210402,8,25
9326,5,C,1,208020505080,20210402,8,26
9327,6,C,1,208020505080,20210402,8,27
9328,5,C,1,208020505080,20210402,8,28
9329,6,C,1,208020505080,20210402,8,29
9330,5,C,0,208020505080,20210402,8,30
9331,6,C,1,208020505080,20210402,8,31
9332,5,C,0,208020505080,20210402,8,32
9333,6,C,1,208020505080,20210402,8,33
9334,5,C,1,208020505080,20210402,8,34
9335,6,C,1,208020505080,20210402,8,35
9336,5,C,1,208020505080,20210402,8,36
9337,6,C,1,208020505080,20210402,8,37
9338,5,C,0,208020505080,20210402,8,38
9339,6,C,1,208020505080,20210402,8,39
9340,5,C,1,208020505080,20210402,8,40
9341,6,C,0,208020505080,20210402,8,41
9342,5,C,0,208020505080,20210402,8,42
9343,6,C,1,208020505080,20210402,8,43
9344,5,C,1,208020505080,20210402,8,44
9345,6,C,0,208020505080,20210402,8,45
9346,5,C,0,208020505080,20210402,8,46
9347,3,B,0,208020505080,20210402,8,47
9348,4,B,0,208020505080,20210402,8,48
9349,3,B,0,208020505080,20210402,8,49
9350,4,B,0,208020505080,20210402,8,50
9351,1,A,0,208020505080,20210402,8,51
9352,2,A,1,208020505080,20210402,8,52
9353,1,A,1,208020505080,20210402,8,53
9354,2,A,0,208020505080,20210402,8,54
9355,1,A,1,208020505080,20210402,8,55
9356,2,A,0,208020505080,20210402,8,56
9357,1,A,0,208020505080,20210402,8,57
9358,2,A,1,208020505080,20210402,8,58
9359,1,A,0,208020505080,20210402,8,59
9360,2,A,0,502020202020,20210402,8,60
9361,1,A,0,502020202020,20210402,8,61
9362,2,A,1,502020202020,20210402,8,62
9363,1,A,0,502020202020,20210402,8,63
9364,2,A,0,502020202020,20210402,8,64
9365,1,A,1,502020202020,20210402,8,65
9366,2,A,0,502020202020,20210402,8,66
9367,1,A,1,502020202020,20210402,8,67
9368,2,A,1,502020202020,20210402,8,68
9369,1,A,1,502020202020,20210402,8,69
9370,2,A,0,502020202020,20210402,8,70
9371,1,A,1,502020202020,20210402,8,71
9372,2,A,0,502020202020,20210402,8,72
9373,1,A,0,502020202020,20210402,8,73
9374,2,A,0,502020202020,20210402,8,74
9375,1,A,0,502020202020,20210402,8,75
9376,5,C,1,502020202020,20210402,8,76
9377,6,C,1,502020202020,20210402,8,77
9378,5,C,0,502020202020,20210402,8,78
9379,6,C,0,502020202020,20210402,8,79
9380,5,C,0,502020202020,20210402,8,80
9381,6,C,0,502020202020,20210402,8,81
9382,3,B,0,502020202020,20210402,8,82
9383,4,B,0,502020202020,20210402,8,83
9384,3,B,1,502020202020,20210402,8,84
9385,4,B,0,502020202020,20210402,8,85
9386,3,B,0,502020202020,20210402,8,86
9387,4,B,0,502020202020,20210402,8,87
9388,3,B,0,502020202020,20210402,8,88
9389,4,B,0,502020202020,20210402,8,89
9390,3,B,0,502020202020,20210402,8,90
9391,1,A,1,502020202020,20210402,8,91
9392,2,A,0,502020202020,20210402,8,92
9393,1,A,1,502020202020,20210402,8,93
9394,2,A,0,502020202020,20210402,8,94
9395,1,A,1,502020202020,20210402,8,95
9396,2,A,0,502020202020,20210402,8,96
9397,1,A,0,502020202020,20210402,8,97
9398,2,A,0,502020202020,20210402,8,98
9399,1,A,0,502020202020,20210402,8,99
9400,2,A,0,502020202020,20210402,8,100
9401,1,A,0,502020202020,20210402,8,101
9402,5,C,1,502020202020,20210402,8,102
9403,6,C,0,502020202020,20210402,8,103
9404,5,C,0,502020202020,20210402,8,104
9405,6,C,0,502020202020,20210402,8,105
9406,5,C,0,502020202020,20210402,8,106
9407,1,A,1,502020202020,20210402,8,107
9408,2,A,0,502020202020,20210402,8,108
9409,1,A,0,502020202020,20210402,8,109
9410,2,A,0,502020202020,20210402,8,110
9411,1,A,1,502020202020,20210402,8,111
9412,2,A,0,502020202020,20210402,8,112
9413,1,A,0,502020202020,20210402,8,113
9414,2,A,0,502020202020,20210402,8,114
9415,1,A,0,502020202020,20210402,8,115
9416,3,B,0,502020202020,20210402,8,116
9417,4,B,0,502020202020,20210402,8,117
9418,3,B,0,502020202020,20210402,8,118
9419,5,C,0,502020202020,20210402,8,119
9420,6,C,1,202080502050,20210402,8,120
9421,5,C,0,202080502050,20210402,8,121
9422,6,C,1,202080502050,20210402,8,122
9423,5,C,1,202080502050,20210402,8,123
9424,6,C,1,202080502050,20210402,8,124
9425,5,C,0,202080502050,20210402,8,125
9426,6,C,1,202080502050,20210402,8,126
9427,5,C,1,202080502050,20210402,8,127
9428,6,C,0,202080502050,20210402,8,128
9429,5,C,0,202080502050,20210402,8,129
9430,6,C,0,202080502050,20210402,8,130
9431,5,C,0,202080502050,20210402,8,131
9432,6,C,0,202080502050,20210402,8,132
9433,5,C,0,202080502050,20210402,8,133
9434,6,C,0,202080502050,20210402,8,134
9435,1,A,0,202080502050,20210402,8,135
9436,2,A,0,202080502050,20210402,8,136
9437,1,A,0,202080502050,20210402,8,137
9438,2,A,0,202080502050,20210402,8,138
9439,1,A,0,202080502050,20210402,8,139
9440,2,A,1,202080502050,20210402,8,140
9441,1,A,0,202080502050,20210402,8,141
9442,2,A,0,202080502050,20210402,8,142
9443,1,A,1,202080502050,20210402,8,143
9444,2,A,0,202080502050,20210402,8,144
9445,1,A,0,202080502050,20210402,8,145
9446,2,A,0,202080502050,20210402,8,146
9447,1,A,0,202080502050,20210402,8,147
9448,3,B,1,202080502050,20210402,8,148
9449,4,B,1,202080502050,20210402,8,149
9450,3,B,1,202080502050,20210402,8,150
9451,4,B,0,202080502050,20210402,8,151
9452,3,B,1,202080502050,20210402,8,152
9453,4,B,0,202080502050,20210402,8,153
9454,3,B,0,202080502050,20210402,8,154
9455,4,B,1,202080502050,20210402,8,155
9456,3,B,1,202080502050,20210402,8,156
9457,4,B,0,202080502050,20210402,8,157
9458,3,B,1,202080502050,20210402,8,158
9459,4,B,0,202080502050,20210402,8,159
9460,3,B,1,202080502050,20210402,8,160
9461,4,B,0,202080502050,20210402,8,161
9462,3,B,1,202080502050,20210402,8,162
9463,4,B,1,202080502050,20210402,8,163
9464,3,B,1,202080502050,20210402,8,164
9465,4,B,0,202080502050,20210402,8,165
9466,3,B,1,202080502050,20210402,8,166
9467,4,B,1,202080502050,20210402,8,167
9468,3,B,0,202080502050,20210402,8,168
9469,4,B,0,202080502050,20210402,8,169
9470,3,B,1,202080502050,20210402,8,170
9471,4,B,1,202080502050,20210402,8,171
9472,3,B,0,202080502050,20210402,8,172
9473,4,B,0,202080502050,20210402,8,173
9474,3,B,1,202080502050,20210402,8,174
9475,4,B,1,202080502050,20210402,8,175
9476,3,B,1,202080502050,20210402,8,176
9477,4,B,0,202080502050,20210402,8,177
9478,3,B,1,202080502050,20210402,8,178
9479,4,B,0,202080502050,20210402,8,179
9480,3,B,0,202020208020,20210403,1,0
9481,4,B,0,202020208020,20210403,1,1
9482,1,A,0,202020208020,20210403,1,2
9483,2,A,1,202020208020,20210403,1,3
9484,1,A,1,202020208020,20210403,1,4
9485,2,A,0,202020208020,20210403,1,5
9486,1,A,0,202020208020,20210403,1,6
9487,5,C,1,202020208020,20210403,1,7
9488,6,C,0,202020208020,20210403,1,8
9489,5,C,0,202020208020,20210403,1,9
9490,6,C,1,202020208020,20210403,1,10
9491,5,C,1,202020208020,20210403,1,11
9492,6,C,0,202020208020,20210403,1,12
9493,3,B,0,202020208020,20210403,1,13
9494,4,B,0,202020208020,20210403,1,14
9495,3,B,0,202020208020,20210403,1,15
9496,4,B,0,202020208020,20210403,1,16
9497,5,C,1,202020208020,20210403,1,17
9498,6,C,1,202020208020,20210403,1,18
9499,5,C,1,202020208020,20210403,1,19
9500,6,C,0,202020208020,20210403,1,20
9501,5,C,1,202020208020,20210403,1,21
9502,6,C,0,202020208020,20210403,1,22
9503,5,C,1,202020208020,20210403,1,23
9504,6,C,0,202020208020,20210403,1,24
9505,5,C,1,202020208020,20210403,1,25
9506,6,C,0,202020208020,20210403,1,26
9507,5,C,1,202020208020,20210403,1,27
9508,6,C,0,202020208020,20210403,1,28
9509,5,C,1,202020208020,20210403,1,29
9510,6,C,0,202020208020,20210403,1,30
9511,5,C,1,202020208020,20210403,1,31
9512,6,C,1,202020208020,20210403,1,32
9513,5,C,1,202020208020,20210403,1,33
9514,6,C,0,202020208020,20210403,1,34
9515,5,C,0,202020208020,20210403,1,35
9516,6,C,1,202020208020,20210403,1,36
9517,5,C,1,202020208020,20210403,1,37
9518,6,C,0,202020208020,20210403,1,38
9519,5,C,1,202020208020,20210403,1,39
9520,6,C,0,202020208020,20210403,1,40
9521,5,C,1,202020208020,20210403,1,41
9522,1,A,0,202020208020,20210403,1,42
9523,2,A,0,202020208020,20210403,1,43
9524,1,A,0,202020208020,20210403,1,44
9525,2,A,0,202020208020,20210403,1,45
9526,1,A,0,202020208020,20210403,1,46
9527,3,B,0,202020208020,20210403,1,47
9528,4,B,0,202020208020,20210403,1,48
9529,3,B,0,202020208020,20210403,1,49
9530,5,C,1,202020208020,20210403,1,50
9531,6,C,0,202020208020,20210403,1,51
9532,5,C,0,202020208020,20210403,1,52
9533,6,C,0,202020208020,20210403,1,53
9534,5,C,0,202020208020,20210403,1,54
9535,6,C,0,202020208020,20210403,1,55
9536,5,C,1,202020208020,20210403,1,56
9537,1,A,1,202020208020,20210403,1,57
9538,2,A,1,202020208020,20210403,1,58
9539,1,A,0,202020208020,20210403,1,59
9540,2,A,0,205050802020,20210403,1,60
9541,1,A,0,205050802020,20210403,1,61
9542,2,A,1,205050802020,20210403,1,62
9543,1,A,0,205050802020,20210403,1,63
9544,2,A,1,205050802020,20210403,1,64
9545,1,A,0,205050802020,20210403,1,65
9546,2,A,1,205050802020,20210403,1,66
9547,1,A,0,205050802020,20210403,1,67
9548,2,A,1,205050802020,20210403,1,68
9549,1,A,0,205050802020,20210403,1,69
9550,2,A,0,205050802020,20210403,1,70
9551,1,A,0,205050802020,20210403,1,71
9552,2,A,0,205050802020,20210403,1,72
9553,5,C,0,205050802020,20210403,1,73
9554,6,C,0,205050802020,20210403,1,74
9555,5,C,0,205050802020,20210403,1,75
9556,6,C,1,205050802020,20210403,1,76
9557,5,C,0,205050802020,20210403,1,77
9558,6,C,1,205050802020,20210403,1,78
9559,5,C,0,205050802020,20210403,1,79
9560,6,C,0,205050802020,20210403,1,80
9561,5,C,0,205050802020,20210403,1,81
9562,6,C,0,205050802020,20210403,1,82
9563,5,C,0,205050802020,20210403,1,83
9564,6,C,0,205050802020,20210403,1,84
9565,3,B,1,205050802020,20210403,1,85
9566,4,B,0,205050802020,20210403,1,86
9567,3,B,0,205050802020,20210403,1,87
9568,4,B,1,205050802020,20210403,1,88
9569,3,B,0,205050802020,20210403,1,89
9570,4,B,1,205050802020,20210403,1,90
9571,3,B,1,205050802020,20210403,1,91
9572,4,B,1,205050802020,20210403,1,92
9573,3,B,1,205050802020,20210403,1,93
9574,4,B,1,205050802020,20210403,1,94
9575,3,B,1,205050802020,20210403,1,95
9576,4,B,0,205050802020,20210403,1,96
9577,3,B,1,205050802020,20210403,1,97
9578,4,B,1,205050802020,20210403,1,98
9579,3,B,1,205050802020,20210403,1,99
9580,4,B,1,205050802020,20210403,1,100
9581,3,B,1,205050802020,20210403,1,101
9582,4,B,0,205050802020,20210403,1,102
9583,3,B,1,205050802020,20210403,1,103
9584,4,B,1,205050802020,20210403,1,104
9585,3,B,1,205050802020,20210403,1,105
9586,4,B,0,205050802020,20210403,1,106
9587,3,B,0,205050802020,20210403,1,107
9588,4,B,0,205050802020,20210403,1,108
9589,3,B,0,205050802020,20210403,1,109
9590,4,B,1,205050802020,20210403,1,110
9591,3,B,1,205050802020,20210403,1,111
9592,4,B,1,205050802020,20210403,1,112
9593,3,B,0,205050802020,20210403,1,113
9594,4,B,1,205050802020,20210403,1,114
9595,3,B,0,205050802020,20210403,1,115
9596,4,B,0,205050802020,20210403,1,116
9597,3,B,0,205050802020,20210403,1,117
9598,4,B,1,205050802020,20210403,1,118
9599,3,B,0,205050802020,20210403,1,119
9600,4,B,0,505050202050,20210403,1,120
9601,3,B,1,505050202050,20210403,1,121
9602,4,B,0,505050202050,20210403,1,122
9603,3,B,1,505050202050,20210403,1,123
9604,4,B,0,505050202050,20210403,1,124
9605,3,B,1,505050202050,20210403,1,125
9606,4,B,0,505050202050,20210403,1,126
9607,3,B,1,505050202050,20210403,1,127
9608,4,B,0,505050202050,20210403,1,128
9609,3,B,0,505050202050,20210403,1,129
9610,4,B,0,505050202050,20210403,1,130
9611,3,B,0,505050202050,20210403,1,131
9612,4,B,0,505050202050,20210403,1,132
9613,3,B,0,505050202050,20210403,1,133
9614,1,A,0,505050202050,20210403,1,134
9615,2,A,1,505050202050,20210403,1,135
9616,1,A,0,505050202050,20210403,1,136
9617,2,A,1,505050202050,20210403,1,137
9618,1,A,0,505050202050,20210403,1,138
9619,2,A,1,505050202050,20210403,1,139
9620,1,A,1,505050202050,20210403,1,140
9621,2,A,1,505050202050,20210403,1,141
9622,1,A,0,505050202050,20210403,1,142
9623,2,A,1,505050202050,20210403,1,143
9624,1,A,1,505050202050,20210403,1,144
9625,2,A,1,505050202050,20210403,1,145
9626,1,A,1,505050202050,20210403,1,146
9627,2,A,0,505050202050,20210403,1,147
9628,1,A,0,505050202050,20210403,1,148
9629,2,A,1,505050202050,20210403,1,149
9630,1,A,1,505050202050,20210403,1,150
9631,2,A,1,505050202050,20210403,1,151
9632,1,A,0,505050202050,20210403,1,152
9633,2,A,0,505050202050,20210403,1,153
9634,1,A,1,505050202050,20210403,1,154
9635,2,A,0,505050202050,20210403,1,155
9636,1,A,1,505050202050,20210403,1,156
9637,2,A,1,505050202050,20210403,1,157
9638,1,A,0,505050202050,20210403,1,158
9639,2,A,0,505050202050,20210403,1,159
9640,1,A,1,505050202050,20210403,1,160
9641,2,A,1,505050202050,20210403,1,161
9642,1,A,1,505050202050,20210403,1,162
9643,2,A,1,505050202050,20210403,1,163
9644,1,A,0,505050202050,20210403,1,164
9645,2,A,0,505050202050,20210403,1,165
9646,1,A,0,505050202050,20210403,1,166
9647,2,A,1,505050202050,20210403,1,167
9648,1,A,1,505050202050,20210403,1,168
9649,2,A,1,505050202050,20210403,1,169
9650,1,A,0,505050202050,20210403,1,170
9651,2,A,0,505050202050,20210403,1,171
9652,1,A,0,505050202050,20210403,1,172
9653,2,A,1,505050202050,20210403,1,173
9654,1,A,0,505050202050,20210403,1,174
9655,2,A,0,505050202050,20210403,1,175
9656,1,A,1,505050202050,20210403,1,176
9657,2,A,0,505050202050,20210403,1,177
9658,1,A,1,505050202050,20210403,1,178
9659,2,A,1,505050202050,20210403,1,179
9660,6,C,0,208080505020,20210403,2,0
9661,5,C,1,208080505020,20210403,2,1
9662,6,C,0,208080505020,20210403,2,2
9663,5,C,1,208080505020,20210403,2,3
9664,3,B,1,208080505020,20210403,2,4
9665,4,B,1,208080505020,20210403,2,5
9666,3,B,1,208080505020,20210403,2,6
9667,4,B,1,208080505020,20210403,2,7
9668,3,B,1,208080505020,20210403,2,8
9669,4,B,0,208080505020,20210403,2,9
9670,3,B,1,208080505020,20210403,2,10
9671,4,B,0,208080505020,20210403,2,11
9672,3,B,0,208080505020,20210403,2,12
9673,1,A,0,208080505020,20210403,2,13
9674,2,A,0,208080505020,20210403,2,14
9675,1,A,0,208080505020,20210403,2,15
9676,2,A,1,208080505020,20210403,2,16
9677,1,A,0,208080505020,20210403,2,17
9678,2,A,1,208080505020,20210403,2,18
9679,1,A,1,208080505020,20210403,2,19
9680,2,A,1,208080505020,20210403,2,20
9681,1,A,0,208080505020,20210403,2,21
9682,2,A,1,208080505020,20210403,2,22
9683,1,A,0,208080505020,20210403,2,23
9684,2,A,1,208080505020,20210403,2,24
9685,1,A,1,208080505020,20210403,2,25
9686,2,A,1,208080505020,20210403,2,26
9687,1,A,0,208080505020,20210403,2,27
9688,2,A,1,208080505020,20210403,2,28
9689,1,A,0,208080505020,20210403,2,29
9690,2,A,1,208080505020,20210403,2,30
9691,1,A,0,208080505020,20210403,2,31
9692,2,A,1,208080505020,20210403,2,32
9693,1,A,0,208080505020,20210403,2,33
9694,2,A,1,208080505020,20210403,2,34
9695,1,A,0,208080505020,20210403,2,35
9696,2,A,1,208080505020,20210403,2,36
9697,1,A,0,208080505020,20210403,2,37
9698,2,A,0,208080505020,20210403,2,38
9699,1,A,0,208080505020,20210403,2,39
9700,2,A,1,208080505020,20210403,2,40
9701,5,C,0,208080505020,20210403,2,41
9702,6,C,0,208080505020,20210403,2,42
9703,5,C,0,208080505020,20210403,2,43
9704,6,C,1,208080505020,20210403,2,44
9705,5,C,1,208080505020,20210403,2,45
9706,6,C,1,208080505020,20210403,2,46
9707,5,C,1,208080505020,20210403,2,47
9708,6,C,1,208080505020,20210403,2,48
9709,5,C,1,208080505020,20210403,2,49
9710,6,C,0,208080505020,20210403,2,50
9711,5,C,0,208080505020,20210403,2,51
9712,6,C,0,208080505020,20210403,2,52
9713,5,C,0,208080505020,20210403,2,53
9714,6,C,0,208080505020,20210403,2,54
9715,5,C,0,208080505020,20210403,2,55
9716,3,B,1,208080505020,20210403,2,56
9717,4,B,1,208080505020,20210403,2,57
9718,3,B,1,208080505020,20210403,2,58
9719,4,B,1,208080505020,20210403,2,59
9720,3,B,0,205020205080,20210403,2,60
9721,4,B,1,205020205080,20210403,2,61
9722,3,B,0,205020205080,20210403,2,62
9723,4,B,0,205020205080,20210403,2,63
9724,3,B,1,205020205080,20210403,2,64
9725,4,B,1,205020205080,20210403,2,65
9726,3,B,0,205020205080,20210403,2,66
9727,4,B,1,205020205080,20210403,2,67
9728,3,B,0,205020205080,20210403,2,68
9729,4,B,1,205020205080,20210403,2,69
9730,3,B,1,205020205080,20210403,2,70
9731,4,B,1,205020205080,20210403,2,71
9732,3,B,1,205020205080,20210403,2,72
9733,4,B,1,205020205080,20210403,2,73
9734,3,B,0,205020205080,20210403,2,74
9735,4,B,0,205020205080,20210403,2,75
9736,3,B,0,205020205080,20210403,2,76
9737,4,B,0,205020205080,20210403,2,77
9738,3,B,0,205020205080,20210403,2,78
9739,4,B,0,205020205080,20210403,2,79
9740,1,A,0,205020205080,20210403,2,80
9741,2,A,1,205020205080,20210403,2,81
9742,1,A,1,205020205080,20210403,2,82
9743,2,A,0,205020205080,20210403,2,83
9744,1,A,0,205020205080,20210403,2,84
9745,2,A,0,205020205080,20210403,2,85
9746,1,A,0,205020205080,20210403,2,86
9747,2,A,1,205020205080,20210403,2,87
9748,1,A,1,205020205080,20210403,2,88
9749,2,A,1,205020205080,20210403,2,89
9750,1,A,1,205020205080,20210403,2,90
9751,2,A,1,205020205080,20210403,2,91
9752,1,A,0,205020205080,20210403,2,92
9753,2,A,0,205020205080,20210403,2,93
9754,1,A,0,205020205080,20210403,2,94
9755,2,A,0,205020205080,20210403,2,95
9756,1,A,0,205020205080,20210403,2,96
9757,2,A,1,205020205080,20210403,2,97
9758,1,A,0,205020205080,20210403,2,98
9759,2,A,0,205020205080,20210403,2,99
9760,1,A,0,205020205080,20210403,2,100
9761,2,A,1,205020205080,20210403,2,101
9762,1,A,0,205020205080,20210403,2,102
9763,2,A,0,205020205080,20210403,2,103
9764,5,C,0,205020205080,20210403,2,104
9765,6,C,0,205020205080,20210403,2,105
9766,5,C,1,205020205080,20210403,2,106
9767,6,C,0,205020205080,20210403,2,107
9768,5,C,1,205020205080,20210403,2,108
9769,6,C,1,205020205080,20210403,2,109
9770,5,C,1,205020205080,20210403,2,110
9771,6,C,1,205020205080,20210403,2,111
9772,5,C,1,205020205080,20210403,2,112
9773,6,C,1,205020205080,20210403,2,113
9774,5,C,0,205020205080,20210403,2,114
9775,6,C,0,205020205080,20210403,2,115
9776,5,C,0,205020205080,20210403,2,116
9777,6,C,1,205020205080,20210403,2,117
9778,5,C,0,205020205080,20210403,2,118
9779,6,C,1,205020205080,20210403,2,119
9780,5,C,0,202080205020,20210403,2,120
9781,6,C,0,202080205020,20210403,2,121
9782,5,C,1,202080205020,20210403,2,122
9783,6,C,0,202080205020,20210403,2,123
9784,5,C,1,202080205020,20210403,2,124
9785,6,C,0,202080205020,20210403,2,125
9786,5,C,0,202080205020,20210403,2,126
9787,6,C,0,202080205020,20210403,2,127
9788,5,C,1,202080205020,20210403,2,128
9789,6,C,0,202080205020,20210403,2,129
9790,5,C,0,202080205020,20210403,2,130
9791,6,C,0,202080205020,20210403,2,131
9792,5,C,1,202080205020,20210403,2,132
9793,6,C,0,202080205020,20210403,2,133
9794,5,C,1,202080205020,20210403,2,134
9795,6,C,0,202080205020,20210403,2,135
9796,5,C,0,202080205020,20210403,2,136
9797,6,C,0,202080205020,20210403,2,137
9798,3,B,1,202080205020,20210403,2,138
9799,4,B,1,202080205020,20210403,2,139
9800,3,B,1,202080205020,20210403,2,140
9801,4,B,0,202080205020,20210403,2,141
9802,3,B,1,202080205020,20210403,2,142
9803,4,B,0,202080205020,20210403,2,143
9804,3,B,1,202080205020,20210403,2,144
9805,4,B,0,202080205020,20210403,2,145
9806,3,B,1,202080205020,20210403,2,146
9807,4,B,0,202080205020,20210403,2,147
9808,3,B,1,202080205020,20210403,2,148
9809,4,B,0,202080205020,20210403,2,149
9810,3,B,0,202080205020,20210403,2,150
9811,4,B,0,202080205020,20210403,2,151
9812,3,B,1,202080205020,20210403,2,152
9813,4,B,1,202080205020,20210403,2,153
9814,3,B,1,202080205020,20210403,2,154
9815,4,B,0,202080205020,20210403,2,155
9816,3,B,1,202080205020,20210403,2,156
9817,4,B,0,202080205020,20210403,2,157
9818,3,B,1,202080205020,20210403,2,158
9819,4,B,0,202080205020,20210403,2,159
9820,3,B,1,202080205020,20210403,2,160
9821,4,B,0,202080205020,20210403,2,161
9822,3,B,1,202080205020,20210403,2,162
9823,4,B,0,202080205020,20210403,2,163
9824,3,B,1,202080205020,20210403,2,164
9825,4,B,1,202080205020,20210403,2,165
9826,3,B,0,202080205020,20210403,2,166
9827,4,B,0,202080205020,20210403,2,167
9828,3,B,1,202080205020,20210403,2,168
9829,4,B,0,202080205020,20210403,2,169
9830,3,B,1,202080205020,20210403,2,170
9831,4,B,0,202080205020,20210403,2,171
9832,3,B,1,202080205020,20210403,2,172
9833,4,B,1,202080205020,20210403,2,173
9834,3,B,1,202080205020,20210403,2,174
9835,4,B,0,202080205020,20210403,2,175
9836,3,B,1,202080205020,20210403,2,176
9837,4,B,0,202080205020,20210403,2,177
9838,3,B,1,202080205020,20210403,2,178
9839,4,B,0,202080205020,20210403,2,179
9840,3,B,0,502020205050,20210403,3,0
9841,1,A,1,502020205050,20210403,3,1
9842,2,A,0,502020205050,20210403,3,2
9843,1,A,1,502020205050,20210403,3,3
9844,2,A,0,502020205050,20210403,3,4
9845,1,A,0,502020205050,20210403,3,5
9846,2,A,0,502020205050,20210403,3,6
9847,1,A,1,502020205050,20210403,3,7
9848,2,A,0,502020205050,20210403,3,8
9849,1,A,1,502020205050,20210403,3,9
9850,5,C,0,502020205050,20210403,3,10
9851,6,C,1,502020205050,20210403,3,11
9852,5,C,1,502020205050,20210403,3,12
9853,6,C,1,502020205050,20210403,3,13
9854,5,C,1,502020205050,20210403,3,14
9855,6,C,0,502020205050,20210403,3,15
9856,5,C,1,502020205050,20210403,3,16
9857,6,C,1,502020205050,20210403,3,17
9858,5,C,0,502020205050,20210403,3,18
9859,6,C,1,502020205050,20210403,3,19
9860,5,C,1,502020205050,20210403,3,20
9861,6,C,0,502020205050,20210403,3,21
9862,3,B,0,502020205050,20210403,3,22
9863,4,B,0,502020205050,20210403,3,23
9864,3,B,0,502020205050,20210403,3,24
9865,4,B,0,502020205050,20210403,3,25
9866,1,A,1,502020205050,20210403,3,26
9867,2,A,0,502020205050,20210403,3,27
9868,1,A,0,502020205050,20210403,3,28
9869,2,A,0,502020205050,20210403,3,29
9870,1,A,0,502020205050,20210403,3,30
9871,5,C,0,502020205050,20210403,3,31
9872,6,C,0,502020205050,20210403,3,32
9873,5,C,1,502020205050,20210403,3,33
9874,6,C,0,502020205050,20210403,3,34
9875,5,C,0,502020205050,20210403,3,35
9876,6,C,1,502020205050,20210403,3,36
9877,5,C,0,502020205050,20210403,3,37
9878,6,C,0,502020205050,20210403,3,38
9879,5,C,0,502020205050,20210403,3,39
9880,6,C,0,502020205050,20210403,3,40
9881,3,B,0,502020205050,20210403,3,41
9882,4,B,0,502020205050,20210403,3,42
9883,3,B,0,502020205050,20210403,3,43
9884,4,B,0,502020205050,20210403,3,44
9885,3,B,0,502020205050,20210403,3,45
9886,1,A,1,502020205050,20210403,3,46
9887,2,A,1,502020205050,20210403,3,47
9888,1,A,1,502020205050,20210403,3,48
9889,2,A,0,502020205050,20210403,3,49
9890,1,A,0,502020205050,20210403,3,50
9891,2,A,0,502020205050,20210403,3,51
9892,1,A,1,502020205050,20210403,3,52
9893,2,A,0,502020205050,20210403,3,53
9894,1,A,1,502020205050,20210403,3,54
9895,2,A,0,502020205050,20210403,3,55
9896,1,A,0,502020205050,20210403,3,56
9897,2,A,0,502020205050,20210403,3,57
9898,1,A,1,502020205050,20210403,3,58
9899,2,A,0,502020205050,20210403,3,59
9900,3,B,0,805020502020,20210403,3,60
9901,4,B,0,805020502020,20210403,3,61
9902,3,B,0,805020502020,20210403,3,62
9903,4,B,1,805020502020,20210403,3,63
9904,3,B,0,805020502020,20210403,3,64
9905,4,B,0,805020502020,20210403,3,65
9906,3,B,0,805020502020,20210403,3,66
9907,4,B,0,805020502020,20210403,3,67
9908,5,C,0,805020502020,20210403,3,68
9909,6,C,0,805020502020,20210403,3,69
9910,5,C,0,805020502020,20210403,3,70
9911,6,C,1,805020502020,20210403,3,71
9912,5,C,1,805020502020,20210403,3,72
9913,6,C,0,805020502020,20210403,3,73
9914,5,C,0,805020502020,20210403,3,74
9915,6,C,1,805020502020,20210403,3,75
9916,5,C,0,805020502020,20210403,3,76
9917,6,C,1,805020502020,20210403,3,77
9918,5,C,0,805020502020,20210403,3,78
9919,6,C,1,805020502020,20210403,3,79
9920,5,C,0,805020502020,20210403,3,80
9921,6,C,0,805020502020,20210403,3,81
9922,5,C,1,805020502020,20210403,3,82
9923,6,C,1,805020502020,20210403,3,83
9924,5,C,0,805020502020,20210403,3,84
9925,6,C,1,805020502020,20210403,3,85
9926,5,C,0,805020502020,20210403,3,86
9927,6,C,0,805020502020,20210403,3,87
9928,5,C,0,805020502020,20210403,3,88
9929,6,C,0,805020502020,20210403,3,89
9930,5,C,0,805020502020,20210403,3,90
9931,6,C,0,805020502020,20210403,3,91
9932,5,C,0,805020502020,20210403,3,92
9933,6,C,1,805020502020,20210403,3,93
9934,5,C,0,805020502020,20210403,3,94
9935,6,C,0,805020502020,20210403,3,95
9936,5,C,0,805020502020,20210403,3,96
9937,6,C,0,805020502020,20210403,3,97
9938,5,C,0,805020502020,20210403,3,98
9939,6,C,0,805020502020,20210403,3,99
9940,3,B,0,805020502020,20210403,3,100
9941,4,B,0,805020502020,20210403,3,101
9942,3,B,0,805020502020,20210403,3,102
9943,4,B,0,805020502020,20210403,3,103
9944,1,A,1,805020502020,20210403,3,104
9945,2,A,0,805020502020,20210403,3,105
9946,1,A,1,805020502020,20210403,3,106
9947,2,A,1,805020502020,20210403,3,107
9948,1,A,1,805020502020,20210403,3,108
9949,2,A,0,805020502020,20210403,3,109
9950,1,A,1,805020502020,20210403,3,110
9951,2,A,1,805020502020,20210403,3,111
9952,1,A,1,805020502020,20210403,3,112
9953,2,A,1,805020502020,20210403,3,113
9954,1,A,1,805020502020,20210403,3,114
9955,2,A,0,805020502020,20210403,3,115
9956,1,A,1,805020502020,20210403,3,116
9957,2,A,0,805020502020,20210403,3,117
9958,1,A,1,805020502020,20210403,3,118
9959,2,A,0,805020502020,20210403,3,119
9960,1,A,0,202020202050,20210403,3,120
9961,2,A,1,202020202050,20210403,3,121
9962,1,A,0,202020202050,20210403,3,122
9963,2,A,0,202020202050,20210403,3,123
9964,1,A,0,202020202050,20210403,3,124
9965,2,A,1,202020202050,20210403,3,125
9966,1,A,0,202020202050,20210403,3,126
9967,2,A,0,202020202050,20210403,3,127
9968,1,A,0,202020202050,20210403,3,128
9969,2,A,0,202020202050,20210403,3,129
9970,1,A,0,202020202050,20210403,3,130
9971,2,A,0,202020202050,20210403,3,131
9972,1,A,1,202020202050,20210403,3,132
9973,2,A,1,202020202050,20210403,3,133
9974,1,A,0,202020202050,20210403,3,134
9975,2,A,0,202020202050,20210403,3,135
9976,1,A,0,202020202050,20210403,3,136
9977,2,A,0,202020202050,20210403,3,137
9978,4,B,0,202020202050,20210403,3,138
9979,3,B,0,202020202050,20210403,3,139
9980,4,B,1,202020202050,20210403,3,140
9981,3,B,1,202020202050,20210403,3,141
9982,4,B,0,202020202050,20210403,3,142
9983,3,B,0,202020202050,20210403,3,143
9984,4,B,0,202020202050,20210403,3,144
9985,3,B,0,202020202050,20210403,3,145
9986,4,B,0,202020202050,20210403,3,146
9987,1,A,0,202020202050,20210403,3,147
9988,2,A,1,202020202050,20210403,3,148
9989,1,A,0,202020202050,20210403,3,149
9990,2,A,0,202020202050,20210403,3,150
9991,1,A,0,202020202050,20210403,3,151
9992,2,A,0,202020202050,20210403,3,152
9993,5,C,1,202020202050,20210403,3,153
9994,6,C,1,202020202050,20210403,3,154
9995,5,C,0,202020202050,20210403,3,155
9996,6,C,0,202020202050,20210403,3,156
9997,5,C,0,202020202050,20210403,3,157
9998,6,C,1,202020202050,20210403,3,158
9999,5,C,0,202020202050,20210403,3,159
10000,6,C,0,202020202050,20210403,3,160
10001,5,C,0,202020202050,20210403,3,161
10002,6,C,0,202020202050,20210403,3,162
10003,3,B,1,202020202050,20210403,3,163
10004,4,B,0,202020202050,20210403,3,164
10005,3,B,0,202020202050,20210403,3,165
10006,4,B,0,202020202050,20210403,3,166
10007,3,B,0,202020202050,20210403,3,167
10008,4,B,0,202020202050,20210403,3,168
10009,3,B,0,202020202050,20210403,3,169
10010,1,A,0,202020202050,20210403,3,170
10011,2,A,0,202020202050,20210403,3,171
10012,1,A,0,202020202050,20210403,3,172
10013,2,A,0,202020202050,20210403,3,173
10014,1,A,1,202020202050,20210403,3,174
10015,2,A,0,202020202050,20210403,3,175
10016,1,A,1,202020202050,20210403,3,176
10017,2,A,0,202020202050,20210403,3,177
10018,1,A,0,202020202050,20210403,3,178
10019,2,A,0,202020202050,20210403,3,179
10020,5,C,1,205080205020,20210403,4,0
10021,6,C,0,205080205020,20210403,4,1
10022,5,C,1,205080205020,20210403,4,2
10023,1,A,0,205080205020,20210403,4,3
10024,2,A,0,205080205020,20210403,4,4
10025,1,A,1,205080205020,20210403,4,5
10026,2,A,1,205080205020,20210403,4,6
10027,1,A,0,205080205020,20210403,4,7
10028,2,A,1,205080205020,20210403,4,8
10029,1,A,0,205080205020,20210403,4,9
10030,2,A,1,205080205020,20210403,4,10
10031,5,C,0,205080205020,20210403,4,11
10032,6,C,1,205080205020,20210403,4,12
10033,5,C,0,205080205020,20210403,4,13
10034,6,C,0,205080205020,20210403,4,14
10035,3,B,1,205080205020,20210403,4,15
10036,4,B,1,205080205020,20210403,4,16
10037,3,B,1,205080205020,20210403,4,17
10038,4,B,0,205080205020,20210403,4,18
10039,3,B,1,205080205020,20210403,4,19
10040,4,B,0,205080205020,20210403,4,20
10041,3,B,0,205080205020,20210403,4,21
10042,4,B,0,205080205020,20210403,4,22
10043,3,B,1,205080205020,20210403,4,23
10044,4,B,0,205080205020,20210403,4,24
10045,3,B,1,205080205020,20210403,4,25
10046,4,B,0,205080205020,20210403,4,26
10047,3,B,1,205080205020,20210403,4,27
10048,4,B,0,205080205020,20210403,4,28
10049,3,B,1,205080205020,20210403,4,29
10050,4,B,0,205080205020,20210403,4,30
10051,3,B,1,205080205020,20210403,4,31
10052,4,B,0,205080205020,20210403,4,32
10053,3,B,1,205080205020,20210403,4,33
10054,4,B,0,205080205020,20210403,4,34
10055,3,B,1,205080205020,20210403,4,35
10056,4,B,0,205080205020,20210403,4,36
10057,3,B,1,205080205020,20210403,4,37
10058,4,B,0,205080205020,20210403,4,38
10059,3,B,1,205080205020,20210403,4,39
10060,4,B,0,205080205020,20210403,4,40
10061,3,B,0,205080205020,20210403,4,41
10062,4,B,0,205080205020,20210403,4,42
10063,3,B,0,205080205020,20210403,4,43
10064,5,C,1,205080205020,20210403,4,44
10065,6,C,0,205080205020,20210403,4,45
10066,5,C,0,205080205020,20210403,4,46
10067,6,C,0,205080205020,20210403,4,47
10068,3,B,1,205080205020,20210403,4,48
10069,4,B,0,205080205020,20210403,4,49
10070,3,B,1,205080205020,20210403,4,50
10071,4,B,0,205080205020,20210403,4,51
10072,3,B,0,205080205020,20210403,4,52
10073,1,A,0,205080205020,20210403,4,53
10074,2,A,1,205080205020,20210403,4,54
10075,1,A,0,205080205020,20210403,4,55
10076,2,A,1,205080205020,20210403,4,56
10077,1,A,0,205080205020,20210403,4,57
10078,2,A,0,205080205020,20210403,4,58
10079,1,A,0,205080205020,20210403,4,59
10080,2,A,1,505020202020,20210403,4,60
10081,1,A,1,505020202020,20210403,4,61
10082,2,A,0,505020202020,20210403,4,62
10083,1,A,1,505020202020,20210403,4,63
10084,2,A,1,505020202020,20210403,4,64
10085,1,A,0,505020202020,20210403,4,65
10086,2,A,1,505020202020,20210403,4,66
10087,1,A,0,505020202020,20210403,4,67
10088,2,A,1,505020202020,20210403,4,68
10089,1,A,0,505020202020,20210403,4,69
10090,2,A,0,505020202020,20210403,4,70
10091,1,A,1,505020202020,20210403,4,71
10092,2,A,1,505020202020,20210403,4,72
10093,1,A,0,505020202020,20210403,4,73
10094,2,A,0,505020202020,20210403,4,74
10095,1,A,1,505020202020,20210403,4,75
10096,2,A,0,505020202020,20210403,4,76
10097,1,A,1,505020202020,20210403,4,77
10098,2,A,1,505020202020,20210403,4,78
10099,1,A,0,505020202020,20210403,4,79
10100,2,A,1,505020202020,20210403,4,80
10101,1,A,0,505020202020,20210403,4,81
10102,2,A,1,505020202020,20210403,4,82
10103,1,A,0,505020202020,20210403,4,83
10104,2,A,0,505020202020,20210403,4,84
10105,1,A,1,505020202020,20210403,4,85
10106,2,A,0,505020202020,20210403,4,86
10107,5,C,0,505020202020,20210403,4,87
10108,6,C,0,505020202020,20210403,4,88
10109,5,C,1,505020202020,20210403,4,89
10110,6,C,0,505020202020,20210403,4,90
10111,5,C,0,505020202020,20210403,4,91
10112,6,C,1,505020202020,20210403,4,92
10113,5,C,0,505020202020,20210403,4,93
10114,6,C,1,505020202020,20210403,4,94
10115,5,C,0,505020202020,20210403,4,95
10116,6,C,0,505020202020,20210403,4,96
10117,5,C,0,505020202020,20210403,4,97
10118,6,C,0,505020202020,20210403,4,98
10119,3,B,1,505020202020,20210403,4,99
10120,4,B,0,505020202020,20210403,4,100
10121,3,B,0,505020202020,20210403,4,101
10122,4,B,1,505020202020,20210403,4,102
10123,3,B,0,505020202020,20210403,4,103
10124,4,B,0,505020202020,20210403,4,104
10125,3,B,0,505020202020,20210403,4,105
10126,1,A,1,505020202020,20210403,4,106
10127,2,A,1,505020202020,20210403,4,107
10128,1,A,1,505020202020,20210403,4,108
10129,2,A,0,505020202020,20210403,4,109
10130,1,A,0,505020202020,20210403,4,110
10131,2,A,0,505020202020,20210403,4,111
10132,1,A,1,505020202020,20210403,4,112
10133,2,A,0,505020202020,20210403,4,113
10134,1,A,1,505020202020,20210403,4,114
10135,2,A,1,505020202020,20210403,4,115
10136,1,A,1,505020202020,20210403,4,116
10137,2,A,1,505020202020,20210403,4,117
10138,1,A,0,505020202020,20210403,4,118
10139,2,A,0,505020202020,20210403,4,119
10140,1,A,0,202020202080,20210403,4,120
10141,2,A,0,202020202080,20210403,4,121
10142,1,A,1,202020202080,20210403,4,122
10143,2,A,1,202020202080,20210403,4,123
10144,1,A,0,202020202080,20210403,4,124
10145,2,A,0,202020202080,20210403,4,125
10146,1,A,0,202020202080,20210403,4,126
10147,2,A,0,202020202080,20210403,4,127
10148,5,C,0,202020202080,20210403,4,128
10149,6,C,1,202020202080,20210403,4,129
10150,5,C,0,202020202080,20210403,4,130
10151,6,C,1,202020202080,20210403,4,131
10152,5,C,0,202020202080,20210403,4,132
10153,6,C,1,202020202080,20210403,4,133
10154,5,C,0,202020202080,20210403,4,134
10155,6,C,1,202020202080,20210403,4,135
10156,5,C,0,202020202080,20210403,4,136
10157,6,C,1,202020202080,20210403,4,137
10158,5,C,0,202020202080,20210403,4,138
10159,6,C,1,202020202080,20210403,4,139
10160,5,C,0,202020202080,20210403,4,140
10161,6,C,1,202020202080,20210403,4,141
10162,5,C,0,202020202080,20210403,4,142
10163,6,C,1,202020202080,20210403,4,143
10164,5,C,1,202020202080,20210403,4,144
10165,6,C,1,202020202080,20210403,4,145
10166,5,C,0,202020202080,20210403,4,146
10167,6,C,1,202020202080,20210403,4,147
10168,5,C,0,202020202080,20210403,4,148
10169,6,C,0,202020202080,20210403,4,149
10170,5,C,0,202020202080,20210403,4,150
10171,6,C,1,202020202080,20210403,4,151
10172,5,C,0,202020202080,20210403,4,152
10173,6,C,0,202020202080,20210403,4,153
10174,5,C,0,202020202080,20210403,4,154
10175,6,C,1,202020202080,20210403,4,155
10176,5,C,0,202020202080,20210403,4,156
10177,6,C,0,202020202080,20210403,4,157
10178,5,C,0,202020202080,20210403,4,158
10179,6,C,1,202020202080,20210403,4,159
10180,5,C,1,202020202080,20210403,4,160
10181,6,C,1,202020202080,20210403,4,161
10182,5,C,0,202020202080,20210403,4,162
10183,6,C,1,202020202080,20210403,4,163
10184,5,C,0,202020202080,20210403,4,164
10185,6,C,1,202020202080,20210403,4,165
10186,5,C,1,202020202080,20210403,4,166
10187,6,C,1,202020202080,20210403,4,167
10188,5,C,0,202020202080,20210403,4,168
10189,6,C,0,202020202080,20210403,4,169
10190,5,C,1,202020202080,20210403,4,170
10191,6,C,1,202020202080,20210403,4,171
10192,5,C,0,202020202080,20210403,4,172
10193,6,C,1,202020202080,20210403,4,173
10194,5,C,1,202020202080,20210403,4,174
10195,6,C,1,202020202080,20210403,4,175
10196,5,C,0,202020202080,20210403,4,176
10197,6,C,0,202020202080,20210403,4,177
10198,5,C,0,202020202080,20210403,4,178
10199,6,C,0,202020202080,20210403,4,179
10200,2,A,0,805020202080,20210403,5,0
10201,1,A,1,805020202080,20210403,5,1
10202,2,A,0,805020202080,20210403,5,2
10203,1,A,1,805020202080,20210403,5,3
10204,3,B,0,805020202080,20210403,5,4
10205,4,B,1,805020202080,20210403,5,5
10206,3,B,0,805020202080,20210403,5,6
10207,4,B,0,805020202080,20210403,5,7
10208,5,C,0,805020202080,20210403,5,8
10209,6,C,1,805020202080,20210403,5,9
10210,5,C,1,805020202080,20210403,5,10
10211,6,C,1,805020202080,20210403,5,11
10212,5,C,0,805020202080,20210403,5,12
10213,6,C,0,805020202080,20210403,5,13
10214,5,C,0,805020202080,20210403,5,14
10215,6,C,1,805020202080,20210403,5,15
10216,1,A,1,805020202080,20210403,5,16
10217,2,A,0,805020202080,20210403,5,17
10218,1,A,1,805020202080,20210403,5,18
10219,2,A,1,805020202080,20210403,5,19
10220,1,A,0,805020202080,20210403,5,20
10221,2,A,1,805020202080,20210403,5,21
10222,1,A,1,805020202080,20210403,5,22
10223,2,A,1,805020202080,20210403,5,23
10224,1,A,1,805020202080,20210403,5,24
10225,2,A,0,805020202080,20210403,5,25
10226,1,A,0,805020202080,20210403,5,26
10227,2,A,0,805020202080,20210403,5,27
10228,1,A,1,805020202080,20210403,5,28
10229,2,A,1,805020202080,20210403,5,29
10230,1,A,1,805020202080,20210403,5,30
10231,2,A,1,805020202080,20210403,5,31
10232,1,A,0,805020202080,20210403,5,32
10233,2,A,0,805020202080,20210403,5,33
10234,1,A,1,805020202080,20210403,5,34
10235,2,A,0,805020202080,20210403,5,35
10236,1,A,1,805020202080,20210403,5,36
10237,2,A,1,805020202080,20210403,5,37
10238,1,A,1,805020202080,20210403,5,38
10239,2,A,1,805020202080,20210403,5,39
10240,1,A,1,805020202080,20210403,5,40
10241,2,A,0,805020202080,20210403,5,41
10242,1,A,1,805020202080,20210403,5,42
10243,2,A,1,805020202080,20210403,5,43
10244,1,A,1,805020202080,20210403,5,44
10245,2,A,0,805020202080,20210403,5,45
10246,1,A,1,805020202080,20210403,5,46
10247,2,A,0,805020202080,20210403,5,47
10248,1,A,1,805020202080,20210403,5,48
10249,2,A,1,805020202080,20210403,5,49
10250,1,A,1,805020202080,20210403,5,50
10251,2,A,1,805020202080,20210403,5,51
10252,1,A,0,805020202080,20210403,5,52
10253,2,A,1,805020202080,20210403,5,53
10254,1,A,1,805020202080,20210403,5,54
10255,2,A,0,805020202080,20210403,5,55
10256,1,A,1,805020202080,20210403,5,56
10257,2,A,0,805020202080,20210403,5,57
10258,1,A,1,805020202080,20210403,5,58
10259,2,A,0,805020202080,20210403,5,59
10260,1,A,0,205050802020,20210403,5,60
10261,2,A,0,205050802020,20210403,5,61
10262,1,A,0,205050802020,20210403,5,62
10263,3,B,0,205050802020,20210403,5,63
10264,4,B,1,205050802020,20210403,5,64
10265,3,B,1,205050802020,20210403,5,65
10266,4,B,0,205050802020,20210403,5,66
10267,3,B,0,205050802020,20210403,5,67
10268,4,B,1,205050802020,20210403,5,68
10269,3,B,0,205050802020,20210403,5,69
10270,4,B,1,205050802020,20210403,5,70
10271,3,B,1,205050802020,20210403,5,71
10272,4,B,0,205050802020,20210403,5,72
10273,3,B,0,205050802020,20210403,5,73
10274,4,B,1,205050802020,20210403,5,74
10275,3,B,1,205050802020,20210403,5,75
10276,4,B,1,205050802020,20210403,5,76
10277,3,B,1,205050802020,20210403,5,77
10278,4,B,1,205050802020,20210403,5,78
10279,3,B,0,205050802020,20210403,5,79
10280,4,B,0,205050802020,20210403,5,80
10281,3,B,1,205050802020,20210403,5,81
10282,4,B,1,205050802020,20210403,5,82
10283,3,B,0,205050802020,20210403,5,83
10284,4,B,1,205050802020,20210403,5,84
10285,3,B,1,205050802020,20210403,5,85
10286,4,B,1,205050802020,20210403,5,86
10287,3,B,0,205050802020,20210403,5,87
10288,4,B,0,205050802020,20210403,5,88
10289,3,B,0,205050802020,20210403,5,89
10290,4,B,1,205050802020,20210403,5,90
10291,3,B,0,205050802020,20210403,5,91
10292,4,B,0,205050802020,20210403,5,92
10293,3,B,0,205050802020,20210403,5,93
10294,4,B,1,205050802020,20210403,5,94
10295,3,B,0,205050802020,20210403,5,95
10296,4,B,1,205050802020,20210403,5,96
10297,3,B,0,205050802020,20210403,5,97
10298,4,B,1,205050802020,20210403,5,98
10299,3,B,0,205050802020,20210403,5,99
10300,4,B,1,205050802020,20210403,5,100
10301,3,B,0,205050802020,20210403,5,101
10302,4,B,1,205050802020,20210403,5,102
10303,3,B,0,205050802020,20210403,5,103
10304,4,B,1,205050802020,20210403,5,104
10305,3,B,1,205050802020,20210403,5,105
10306,4,B,1,205050802020,20210403,5,106
10307,3,B,0,205050802020,20210403,5,107
10308,4,B,1,205050802020,20210403,5,108
10309,3,B,0,205050802020,20210403,5,109
10310,4,B,0,205050802020,20210403,5,110
10311,3,B,1,205050802020,20210403,5,111
10312,4,B,1,205050802020,20210403,5,112
10313,3,B,0,205050802020,20210403,5,113
10314,4,B,1,205050802020,20210403,5,114
10315,3,B,1,205050802020,20210403,5,115
10316,4,B,1,205050802020,20210403,5,116
10317,3,B,1,205050802020,20210403,5,117
10318,4,B,1,205050802020,20210403,5,118
10319,3,B,1,205050802020,20210403,5,119
10320,4,B,0,502020508050,20210403,5,120
10321,3,B,0,502020508050,20210403,5,121
10322,4,B,1,502020508050,20210403,5,122
10323,3,B,0,502020508050,20210403,5,123
10324,4,B,1,502020508050,20210403,5,124
10325,3,B,0,502020508050,20210403,5,125
10326,4,B,1,502020508050,20210403,5,126
10327,3,B,1,502020508050,20210403,5,127
10328,4,B,1,502020508050,20210403,5,128
10329,3,B,0,502020508050,20210403,5,129
10330,4,B,1,502020508050,20210403,5,130
10331,3,B,0,502020508050,20210403,5,131
10332,4,B,1,502020508050,20210403,5,132
10333,3,B,0,502020508050,20210403,5,133
10334,4,B,1,502020508050,20210403,5,134
10335,3,B,0,502020508050,20210403,5,135
10336,4,B,0,502020508050,20210403,5,136
10337,3,B,0,502020508050,20210403,5,137
10338,4,B,0,502020508050,20210403,5,138
10339,3,B,0,502020508050,20210403,5,139
10340,2,A,0,502020508050,20210403,5,140
10341,1,A,1,502020508050,20210403,5,141
10342,2,A,0,502020508050,20210403,5,142
10343,1,A,1,502020508050,20210403,5,143
10344,2,A,0,502020508050,20210403,5,144
10345,1,A,0,502020508050,20210403,5,145
10346,2,A,0,502020508050,20210403,5,146
10347,1,A,0,502020508050,20210403,5,147
10348,2,A,0,502020508050,20210403,5,148
10349,5,C,1,502020508050,20210403,5,149
10350,6,C,0,502020508050,20210403,5,150
10351,5,C,1,502020508050,20210403,5,151
10352,6,C,1,502020508050,20210403,5,152
10353,5,C,1,502020508050,20210403,5,153
10354,6,C,1,502020508050,20210403,5,154
10355,5,C,1,502020508050,20210403,5,155
10356,6,C,1,502020508050,20210403,5,156
10357,5,C,1,502020508050,20210403,5,157
10358,6,C,1,502020508050,20210403,5,158
10359,5,C,1,502020508050,20210403,5,159
10360,6,C,0,502020508050,20210403,5,160
10361,5,C,1,502020508050,20210403,5,161
10362,6,C,0,502020508050,20210403,5,162
10363,5,C,1,502020508050,20210403,5,163
10364,6,C,0,502020508050,20210403,5,164
10365,5,C,1,502020508050,20210403,5,165
10366,6,C,1,502020508050,20210403,5,166
10367,5,C,1,502020508050,20210403,5,167
10368,6,C,1,502020508050,20210403,5,168
10369,5,C,1,502020508050,20210403,5,169
10370,6,C,1,502020508050,20210403,5,170
10371,5,C,1,502020508050,20210403,5,171
10372,6,C,0,502020508050,20210403,5,172
10373,5,C,0,502020508050,20210403,5,173
10374,6,C,0,502020508050,20210403,5,174
10375,5,C,1,502020508050,20210403,5,175
10376,6,C,0,502020508050,20210403,5,176
10377,5,C,1,502020508050,20210403,5,177
10378,6,C,1,502020508050,20210403,5,178
10379,5,C,1,502020508050,20210403,5,179
